timestamp,open,high,low,close,volume
2006-09-18,11.3269,11.4938,11.3269,11.4155,812700.0
2006-09-19,11.4129,11.4129,11.2147,11.3425,644287.5
2006-09-20,11.4129,11.6059,11.4077,11.4416,703350.0
2006-09-21,11.4755,11.5512,11.1782,11.2095,1028025.0
2006-09-22,11.2017,11.2017,11.0504,11.1939,596025.0
2006-09-25,11.2147,11.2956,11.0974,11.2877,800212.5
2006-09-26,11.2408,11.4703,11.2069,11.4521,853537.5
2006-09-27,11.4129,11.4547,11.2434,11.319,1124887.5
2006-09-28,11.3269,11.3764,11.1626,11.3321,864337.5
2006-09-29,11.3816,11.4547,11.2199,11.3425,1125225.0
2006-10-02,11.3582,11.499,11.2564,11.319,736425.0
2006-10-03,11.2904,11.3138,11.0635,11.233,1334137.5
2006-10-04,11.2278,11.4755,11.2278,11.4573,702000.0
2006-10-05,11.4573,11.8224,11.4573,11.7963,964237.5
2006-10-06,11.7963,11.7963,11.6451,11.7416,523125.0
2006-10-09,11.6972,11.9189,11.6842,11.8902,676012.5
2006-10-10,11.8928,11.945,11.8302,11.9085,473175.0
2006-10-11,11.9085,12.0102,11.8641,11.9632,624712.5
2006-10-12,12.0284,12.2058,11.9893,12.1901,574425.0
2006-10-13,12.9074,13.0404,12.5866,12.7039,3486712.5
2006-10-16,12.7091,12.8448,12.6726,12.7013,1880212.5
2006-10-17,12.7118,12.7248,12.4927,12.5579,1252462.5
2006-10-18,12.6231,12.7404,12.4588,12.524,1048612.5
2006-10-19,12.2971,12.4327,12.1197,12.271,2172150.0
2006-10-20,12.2136,12.2162,11.9476,12.0884,2007787.5
2006-10-23,12.0493,12.1641,12.018,12.1641,1144125.0
2006-10-24,12.1667,12.3049,12.1249,12.2553,1344937.5
2006-10-25,12.258,12.271,12.1171,12.2032,617962.5
2006-10-26,12.5188,12.7639,12.3492,12.404,2189362.5
2006-10-27,12.4118,12.4144,12.2084,12.2475,1741500.0
2006-10-30,12.1823,12.224,12.091,12.1615,1494787.5
2006-10-31,12.211,12.2475,12.1041,12.1667,1370250.0
2006-11-01,12.258,12.2971,11.9737,11.9919,734400.0
2006-11-02,11.9241,11.9841,11.8198,11.8746,1525162.5
2006-11-03,11.9241,12.0545,11.8381,12.0128,1048612.5
2006-11-06,11.9971,12.2136,11.9502,12.151,961875.0
2006-11-07,12.1536,12.4301,12.1536,12.271,1074937.5
2006-11-08,12.2006,12.3232,12.1615,12.2527,1082362.5
2006-11-09,12.2632,12.2788,12.1484,12.2214,756675.0
2006-11-10,12.3857,12.4405,12.2162,12.3232,1120162.5
2006-11-13,12.3205,12.331,12.1406,12.258,637200.0
2006-11-14,12.2553,12.7796,12.2006,12.4014,492075.0
2006-11-15,12.391,12.5657,12.391,12.4979,450562.5
2006-11-16,12.5527,12.597,12.4144,12.4692,324000.0
2006-11-17,12.5448,12.6492,12.3466,12.4796,480262.5
2006-11-20,12.4666,12.5631,12.3936,12.524,557887.5
2006-11-21,12.5474,12.6179,12.4536,12.6179,488362.5
2006-11-22,12.6179,12.8004,12.5501,12.7404,1409737.5
2006-11-24,12.6831,13.0978,12.6387,13.0978,968962.5
2006-11-27,12.7457,12.7535,12.5005,12.524,1608187.5
2006-11-28,12.5109,12.5931,12.3232,12.4249,1035675.0
2006-11-29,12.464,12.6479,12.4523,12.6439,1249875.0
2006-11-30,12.6479,12.8396,12.5579,12.7457,1222200.0
2006-12-01,12.7574,12.7965,12.4249,12.5501,585900.0
2006-12-04,12.5579,12.8122,12.5579,12.7339,682425.0
2006-12-05,12.7537,12.8987,12.6282,12.6635,838800.0
2006-12-06,12.6675,12.7537,12.6165,12.6439,278550.0
2006-12-07,12.6479,12.7184,12.4009,12.5224,640800.0
2006-12-08,12.5224,12.6283,12.4401,12.5264,332550.0
2006-12-11,12.5224,12.6596,12.4401,12.4676,510300.0
2006-12-12,12.4715,12.4832,12.3186,12.3774,426375.0
2006-12-13,12.4323,12.5616,12.35,12.3892,490275.0
2006-12-14,12.4323,12.64,12.4009,12.5616,801900.0
2006-12-15,12.5773,12.6008,12.4088,12.4127,460575.0
2006-12-18,12.4441,12.6479,12.2638,12.3147,805050.0
2006-12-19,12.2912,12.448,12.201,12.3892,542025.0
2006-12-20,12.3617,12.5185,12.2755,12.3382,610650.0
2006-12-21,12.3265,12.397,12.1971,12.2206,708975.0
2006-12-22,12.2089,12.2834,12.0364,12.2246,925425.0
2006-12-26,12.2089,12.4401,12.2089,12.397,416700.0
2006-12-27,12.4558,12.5812,12.4362,12.5185,520425.0
2006-12-28,12.5028,12.542,12.4362,12.4793,411750.0
2006-12-29,12.4832,12.542,12.4284,12.4715,647775.0
2007-01-03,12.5773,12.6831,12.3657,12.448,1689975.0
2007-01-04,12.4205,12.4872,12.2167,12.3735,1194525.0
2007-01-05,12.0325,12.3461,12.0247,12.1462,567000.0
2007-01-08,12.1227,12.2442,12.0678,12.1658,705375.0
2007-01-09,12.1305,12.2481,12.0717,12.1697,711000.0
2007-01-10,12.107,12.1579,12.0208,12.1383,522675.0
2007-01-11,12.1893,12.3461,12.1893,12.2951,653850.0
2007-01-12,12.252,12.4166,12.252,12.3617,482400.0
2007-01-16,12.4245,12.6008,12.4245,12.5224,829575.0
2007-01-17,12.5028,12.6322,12.4872,12.542,449550.0
2007-01-18,12.5812,12.6439,12.4754,12.4989,1056150.0
2007-01-19,12.4989,12.5812,12.4636,12.5068,756450.0
2007-01-22,12.5342,12.6087,12.4088,12.4754,727425.0
2007-01-23,12.4558,12.6204,12.4088,12.5812,564750.0
2007-01-24,12.8948,13.4082,12.7262,13.3847,2610000.0
2007-01-25,13.3925,13.565,13.2867,13.4357,1412325.0
2007-01-26,13.4435,13.4827,13.2554,13.4004,683100.0
2007-01-29,13.4435,13.5219,13.2828,13.3769,689175.0
2007-01-30,13.3612,13.5023,13.3455,13.4435,654750.0
2007-01-31,13.4513,13.6003,13.3494,13.5846,775350.0
2007-02-01,13.663,13.7179,13.5454,13.6003,697725.0
2007-02-02,13.6708,13.7179,13.5611,13.6943,799875.0
2007-02-05,13.7022,13.7179,13.4905,13.5258,715050.0
2007-02-06,13.565,13.7296,13.5101,13.7218,714150.0
2007-02-07,13.7766,13.7962,13.6081,13.6473,915075.0
2007-02-09,13.5885,13.6199,13.4513,13.514,598500.0
2007-02-12,13.5689,13.6395,13.5219,13.5572,597150.0
2007-02-13,13.5846,13.7061,13.5689,13.6943,333900.0
2007-02-14,13.7061,13.9177,13.7061,13.8472,798075.0
2007-02-15,13.8746,14.0353,13.8158,13.9765,613575.0
2007-02-16,13.9804,13.9804,13.7374,13.757,858150.0
2007-02-20,13.6983,13.9256,13.5689,13.855,496575.0
2007-02-21,13.8589,13.953,13.7531,13.9256,544050.0
2007-02-22,13.9256,13.9609,13.7806,13.8158,536175.0
2007-02-23,13.8158,14.0353,13.8002,14.0314,787050.0
2007-02-26,14.0706,14.0745,13.7923,13.8864,786825.0
2007-02-27,13.6787,13.6787,13.2044,13.2946,1065375.0
2007-02-28,13.2867,13.5336,13.0202,13.3965,1080675.0
2007-03-01,13.2279,13.4513,13.1103,13.3455,610200.0
2007-03-02,13.2867,13.3377,13.0006,13.0163,642600.0
2007-03-05,12.738,13.0006,12.6792,12.7184,1059075.0
2007-03-06,12.7458,13.0555,12.738,13.0202,664650.0
2007-03-07,13.0124,13.0868,12.8752,13.0163,436725.0
2007-03-08,13.1221,13.2279,13.0712,13.126,576225.0
2007-03-09,13.2083,13.2671,13.0633,13.2358,540000.0
2007-03-12,13.2083,13.4553,13.2005,13.4396,466200.0
2007-03-13,13.3847,13.5065,13.318,13.3612,1610325.0
2007-03-14,13.4005,13.4476,13.1139,13.3848,1170675.0
2007-03-15,13.3887,13.53,13.3102,13.5261,852750.0
2007-03-16,13.5575,13.6046,13.4594,13.5222,792900.0
2007-03-19,13.6243,13.6989,13.5497,13.5732,420750.0
2007-03-20,13.5889,13.7342,13.585,13.6989,441225.0
2007-03-21,13.7224,13.8834,13.5929,13.8559,452025.0
2007-03-22,13.8952,13.9384,13.695,13.8127,590625.0
2007-03-23,13.7931,13.8363,13.7538,13.7735,295425.0
2007-03-26,13.7813,13.8167,13.6086,13.7421,381825.0
2007-03-27,13.6832,13.7264,13.5261,13.6086,717525.0
2007-03-28,13.5732,13.6046,13.4319,13.5615,329850.0
2007-03-29,13.6714,13.7224,13.4869,13.5418,716625.0
2007-03-30,13.5458,13.6557,13.3808,13.5732,680850.0
2007-04-02,13.6204,13.7224,13.5497,13.6557,319275.0
2007-04-03,13.7146,13.746,13.64,13.6557,573750.0
2007-04-04,13.6714,13.7224,13.5889,13.7107,478575.0
2007-04-05,13.7303,13.7538,13.585,13.5889,614475.0
2007-04-09,13.585,13.6675,13.5183,13.534,412650.0
2007-04-10,13.5458,13.5968,13.4123,13.4397,672300.0
2007-04-11,13.4044,13.4515,13.1767,13.2474,740025.0
2007-04-12,13.2434,13.428,13.157,13.4083,490275.0
2007-04-13,13.424,13.4358,13.3416,13.4358,422775.0
2007-04-16,13.53,13.8284,13.53,13.8284,690750.0
2007-04-17,13.852,13.9305,13.801,13.8834,717525.0
2007-04-18,13.8206,13.9188,13.7421,13.8402,603675.0
2007-04-19,13.8363,14.1111,13.6086,13.9855,1531800.0
2007-04-20,14.1033,14.2446,13.903,14.2211,821925.0
2007-04-23,14.2446,14.331,14.1857,14.2996,605700.0
2007-04-24,14.3271,14.3585,14.2407,14.3192,650925.0
2007-04-25,14.3703,14.3978,14.2721,14.3899,982800.0
2007-04-26,14.3506,14.4292,14.2878,14.4292,566550.0
2007-04-27,14.4056,14.4056,14.276,14.3506,524700.0
2007-04-30,14.4017,14.4017,14.2446,14.2446,599175.0
2007-05-01,14.2721,14.3389,14.0994,14.2878,764100.0
2007-05-02,14.3232,14.5273,14.3114,14.5077,534375.0
2007-05-03,14.547,14.547,14.4488,14.4959,376875.0
2007-05-04,14.5705,14.5862,14.5077,14.5705,847125.0
2007-05-07,14.547,14.5862,14.3978,14.437,627525.0
2007-05-08,14.3663,14.3663,14.2211,14.3506,715050.0
2007-05-09,14.2957,14.4684,14.2918,14.4606,492075.0
2007-05-10,14.3899,14.3899,14.1347,14.1857,527400.0
2007-05-11,14.2132,14.3075,14.2014,14.2878,326700.0
2007-05-14,14.2721,14.3506,14.119,14.2014,438525.0
2007-05-15,14.1779,14.28,14.0522,14.1504,606825.0
2007-05-16,14.1975,14.3389,14.0797,14.3153,498600.0
2007-05-17,14.2918,14.3467,14.1386,14.2996,480150.0
2007-05-18,14.3624,14.543,14.2643,14.4959,735975.0
2007-05-21,14.4802,14.6608,14.4409,14.598,834750.0
2007-05-22,14.6019,14.6019,14.4841,14.5273,349425.0
2007-05-23,14.5273,14.6216,14.4213,14.4213,588375.0
2007-05-24,14.4449,14.543,14.2093,14.2211,546975.0
2007-05-25,14.2525,14.3938,14.1936,14.3624,406800.0
2007-05-29,14.3663,14.5744,14.331,14.5705,576450.0
2007-05-30,14.5313,14.8611,14.4292,14.8611,637875.0
2007-05-31,14.916,14.9789,14.8022,14.8571,999225.0
2007-06-01,14.8807,14.9985,14.7825,14.9906,656325.0
2007-06-04,14.9946,15.0731,14.9121,15.0417,420975.0
2007-06-05,15.0456,15.0966,14.8846,14.9671,405450.0
2007-06-06,14.92,14.92,14.81,14.8689,532575.0
2007-06-07,14.8257,14.916,14.7158,14.7276,1032300.0
2007-06-08,14.7551,14.9985,14.7511,14.9906,877050.0
2007-06-11,14.9867,15.1123,14.8807,15.0103,619875.0
2007-06-12,14.9828,15.089,14.8727,14.9631,605700.0
2007-06-13,14.9907,15.2896,14.975,15.2778,866700.0
2007-06-14,15.2778,15.5727,15.2778,15.4665,1188450.0
2007-06-15,15.5531,15.5531,15.3092,15.3564,834750.0
2007-06-18,15.3604,15.3604,15.1952,15.2699,563175.0
2007-06-19,15.2424,15.2424,15.1244,15.1441,726975.0
2007-06-20,15.1441,15.1559,14.9081,14.9317,769050.0
2007-06-21,14.8727,14.9396,14.6486,14.9003,1345275.0
2007-06-22,14.8963,14.9121,14.6722,14.7351,639225.0
2007-06-25,14.7115,14.798,14.5739,14.5778,1208925.0
2007-06-26,14.6053,14.68,14.5149,14.5463,1225575.0
2007-06-27,14.4362,14.9121,14.3576,14.9042,1157625.0
2007-06-28,14.975,16.0997,14.975,15.6671,3861000.0
2007-06-29,15.6946,15.7851,15.5177,15.5963,1112625.0
2007-07-02,15.7497,16.1154,15.7457,15.8912,1138500.0
2007-07-03,15.9266,16.0053,15.8323,15.8834,435825.0
2007-07-05,15.966,15.966,15.8401,15.9188,1434375.0
2007-07-06,15.9424,16.0132,15.8637,15.9896,515250.0
2007-07-09,16.0446,16.198,15.9935,16.1351,951750.0
2007-07-10,16.1075,16.1626,15.8519,15.8716,1593900.0
2007-07-11,15.8598,15.9699,15.7693,15.9384,588825.0
2007-07-12,16.0643,16.3789,16.0053,16.3749,709875.0
2007-07-13,16.3396,16.4575,16.2058,16.4457,491175.0
2007-07-16,16.4339,16.4654,16.2216,16.3474,754875.0
2007-07-17,16.4379,16.5912,16.4103,16.548,851175.0
2007-07-18,16.3789,16.7053,16.3317,16.6699,1336950.0
2007-07-19,16.7131,17.0002,16.1075,16.3946,2141550.0
2007-07-20,16.3985,16.5362,16.1626,16.257,974475.0
2007-07-23,16.6266,16.6266,16.1351,16.1547,1452600.0
2007-07-24,16.025,16.0407,15.7811,15.8087,1305450.0
2007-07-25,15.9266,16.1036,15.498,15.6396,1613475.0
2007-07-26,15.4665,15.6317,15.0772,15.266,1617075.0
2007-07-27,15.1441,15.3289,14.9081,15.1323,1395000.0
2007-07-30,15.1401,15.5413,15.0576,15.4429,1122300.0
2007-07-31,15.5531,15.8441,15.325,15.325,1504350.0
2007-08-01,15.325,15.4823,15.1401,15.4115,1214775.0
2007-08-02,15.439,15.616,15.2856,15.616,1180125.0
2007-08-03,15.6356,15.7418,15.325,15.3486,1688400.0
2007-08-06,15.3761,15.3879,15.0536,15.3761,1359675.0
2007-08-07,15.3879,15.612,15.1873,15.498,1345275.0
2007-08-08,15.4744,15.9109,15.4311,15.8952,1605600.0
2007-08-09,15.6907,16.0407,15.4193,15.5177,1491300.0
2007-08-10,15.3958,15.7104,15.0851,15.3643,2025000.0
2007-08-13,15.5413,16.2452,15.4941,15.6474,1762875.0
2007-08-14,15.7104,15.7851,15.1991,15.2699,1291725.0
2007-08-15,15.2581,15.4115,14.7901,14.8373,672300.0
2007-08-16,14.6879,15.1244,14.3064,14.8885,1309950.0
2007-08-17,15.266,15.2974,14.7626,14.9828,1199700.0
2007-08-20,15.1165,15.5334,15.0812,15.3997,949500.0
2007-08-21,15.4154,15.5609,15.1519,15.3446,1158975.0
2007-08-22,15.4154,15.8362,15.3761,15.7575,823725.0
2007-08-23,15.7733,15.8323,15.2778,15.4036,857925.0
2007-08-24,15.3564,15.616,15.3564,15.5884,629775.0
2007-08-27,15.6042,15.7143,15.4311,15.5688,778275.0
2007-08-28,15.4941,15.5334,15.207,15.207,657000.0
2007-08-29,15.3368,15.612,15.2699,15.439,1593225.0
2007-08-30,15.3564,15.6317,15.325,15.5649,686250.0
2007-08-31,15.73,15.7969,15.6002,15.7064,881100.0
2007-09-04,15.7104,15.9266,15.7104,15.7969,804375.0
2007-09-05,15.73,15.7851,15.5727,15.7536,1131300.0
2007-09-06,15.7811,15.903,15.6435,15.8677,572625.0
2007-09-07,15.7497,15.7929,15.5963,15.6986,971550.0
2007-09-10,15.73,15.789,15.4429,15.5649,1015875.0
2007-09-11,15.6198,15.8364,15.5804,15.671,1226250.0
2007-09-12,15.6829,15.7616,15.5175,15.6711,947925.0
2007-09-13,15.7656,15.9507,15.6199,15.868,1044000.0
2007-09-14,15.7616,15.8877,15.7144,15.8365,691425.0
2007-09-17,15.8404,15.8404,15.6908,15.7144,533250.0
2007-09-18,15.8168,16.4627,15.7735,16.4587,955800.0
2007-09-19,16.5021,16.7226,16.3682,16.4627,762750.0
2007-09-20,16.4863,16.5099,16.2421,16.3445,401850.0
2007-09-21,16.3603,16.6793,16.3603,16.4784,1142100.0
2007-09-24,16.6005,16.6163,16.4666,16.5139,976950.0
2007-09-25,16.5139,16.6478,16.4115,16.6478,1051875.0
2007-09-26,16.6832,17.0298,16.6832,17.0062,892800.0
2007-09-27,17.0692,17.1362,16.9668,17.1362,499725.0
2007-09-28,17.1716,17.2464,16.9077,16.9944,531225.0
2007-10-01,17.0613,17.1677,17.0023,17.0928,1083375.0
2007-10-02,17.1047,17.3685,17.0889,17.3134,866475.0
2007-10-03,17.2937,17.4709,17.2307,17.3606,1159650.0
2007-10-04,17.4512,17.4906,17.1755,17.2149,1208250.0
2007-10-05,17.3291,17.6127,17.2543,17.5221,845100.0
2007-10-08,17.5458,17.7427,17.4867,17.723,609075.0
2007-10-09,17.7427,17.8648,17.6994,17.8333,848025.0
2007-10-10,17.6442,17.6442,17.1795,17.3764,1565100.0
2007-10-11,17.4473,17.6245,17.2031,17.3882,993825.0
2007-10-12,17.4355,17.723,17.3567,17.6206,842625.0
2007-10-15,17.6442,17.6994,17.274,17.5064,862650.0
2007-10-16,17.5064,17.5812,17.1716,17.2149,1080225.0
2007-10-17,17.4237,17.4749,16.7384,17.0416,1926225.0
2007-10-18,17.3291,17.8057,17.3291,17.7663,1278000.0
2007-10-19,17.7466,18.2192,17.7466,17.7584,1687275.0
2007-10-22,17.6403,18.1168,17.5103,17.9987,1260225.0
2007-10-23,18.1286,18.1956,17.9081,18.1011,819900.0
2007-10-24,17.9987,18.2074,17.7978,17.979,955350.0
2007-10-25,18.1168,18.1956,17.7742,17.8923,1008225.0
2007-10-26,18.1405,18.3453,17.9947,18.2783,662175.0
2007-10-29,18.3886,18.4595,18.0774,18.2232,584325.0
2007-10-30,18.2074,18.2862,17.9554,17.9672,842625.0
2007-10-31,18.0066,18.5067,17.912,18.4989,985950.0
2007-11-01,18.4122,18.5737,18.2586,18.3768,1453275.0
2007-11-02,18.684,18.684,18.2389,18.3886,1165275.0
2007-11-05,18.1641,18.8257,18.1641,18.7194,1865475.0
2007-11-06,18.6722,18.9045,18.6052,18.8494,1018575.0
2007-11-07,18.7076,18.7864,18.4162,18.4516,899775.0
2007-11-08,18.617,18.6643,17.719,18.5107,1999350.0
2007-11-09,18.4477,18.7352,18.3728,18.5382,2040300.0
2007-11-12,18.487,18.7037,17.9987,18.1602,2234250.0
2007-11-13,18.2626,18.6761,18.2507,18.5973,1138725.0
2007-11-14,18.7076,18.8257,18.428,18.4674,903600.0
2007-11-15,18.4752,18.5028,17.8175,17.9593,1432800.0
2007-11-16,18.0026,18.1247,17.4867,17.6639,1911600.0
2007-11-19,17.5773,17.5851,17.0613,17.1007,2096325.0
2007-11-20,17.1204,17.4394,16.5415,17.0574,1636200.0
2007-11-21,16.9471,17.0574,16.7699,16.7699,1449450.0
2007-11-23,16.8487,16.9826,16.7975,16.9077,231975.0
2007-11-26,16.955,17.3764,16.7581,16.7659,843300.0
2007-11-27,16.825,17.0653,16.7738,17.0613,1068525.0
2007-11-28,17.1322,17.5103,17.0928,17.4197,1570050.0
2007-11-29,17.3331,17.4946,17.1874,17.2661,1012500.0
2007-11-30,17.4237,17.6166,17.2346,17.3291,1467450.0
2007-12-03,17.3725,17.8333,17.1795,17.7072,1881900.0
2007-12-04,17.5729,17.9358,17.5651,17.8648,1645425.0
2007-12-05,18.0856,18.2986,17.9831,18.2868,1445850.0
2007-12-06,18.271,18.8271,18.271,18.764,1362375.0
2007-12-07,18.764,18.8665,18.6378,18.7482,771300.0
2007-12-10,18.8113,19.1071,18.7679,18.8941,924750.0
2007-12-11,18.9769,18.9769,18.129,18.2394,1374075.0
2007-12-12,18.6614,18.6614,18.0304,18.3104,1665225.0
2007-12-13,18.2394,18.4209,18.129,18.3578,1026900.0
2007-12-14,18.48,18.48,17.7465,18.3538,1544625.0
2007-12-17,18.3104,18.6141,18.2394,18.271,1598850.0
2007-12-18,18.3854,18.4287,18.1921,18.2947,1304550.0
2007-12-19,18.2868,18.5076,18.2316,18.2552,639900.0
2007-12-20,18.338,18.3696,18.0541,18.1645,1125225.0
2007-12-21,18.3854,18.6023,18.2276,18.5944,1430100.0
2007-12-24,18.6614,18.8389,18.5589,18.7482,275400.0
2007-12-26,18.8547,18.8547,18.6496,18.7521,417150.0
2007-12-27,18.7521,18.8231,18.338,18.3814,370575.0
2007-12-28,18.5076,18.6023,18.3144,18.4445,680850.0
2007-12-31,18.4761,18.5116,18.3775,18.4563,977850.0
2008-01-02,18.4563,18.5155,18.0344,18.1448,1173600.0
2008-01-03,18.2671,18.5076,18.1409,18.3302,1114425.0
2008-01-04,18.1211,18.133,17.7071,17.8175,1309500.0
2008-01-07,17.8609,18.0068,17.5375,17.7544,2054025.0
2008-01-08,17.7662,17.9279,16.9735,16.9775,1375200.0
2008-01-09,16.9302,17.1628,16.5673,16.9025,2018475.0
2008-01-10,16.7014,16.9775,16.4451,16.8197,2808450.0
2008-01-11,16.6502,16.8868,16.4214,16.5318,1912950.0
2008-01-14,16.6147,16.6462,16.4293,16.52,1579275.0
2008-01-15,16.3071,16.5279,16.2361,16.3189,1363500.0
2008-01-16,16.2203,16.4924,16.0744,16.1927,1391175.0
2008-01-17,16.2282,16.4569,15.5262,15.5578,1775925.0
2008-01-18,15.5854,15.8417,15.2147,15.3606,2229300.0
2008-01-22,14.6901,15.6642,14.6271,15.4197,2357775.0
2008-01-23,14.844,16.3425,14.844,16.2163,4651200.0
2008-01-24,16.3425,17.3797,16.3425,17.1116,3800025.0
2008-01-25,17.2654,17.6085,17.1392,17.2496,2901825.0
2008-01-28,17.218,17.4783,17.0563,17.4349,1980000.0
2008-01-29,17.5651,17.8372,17.222,17.3994,2210625.0
2008-01-30,17.3324,17.6282,17.2062,17.2338,1525950.0
2008-01-31,16.9499,17.431,16.8828,17.3679,2829150.0
2008-02-01,17.4389,17.5809,17.1707,17.5454,3146850.0
2008-02-04,17.8766,17.8766,17.3206,17.3403,1314225.0
2008-02-05,17.0642,17.2496,16.9538,17.0366,1631025.0
2008-02-06,17.0918,17.2456,16.7921,16.8355,1564425.0
2008-02-07,16.7685,16.7921,16.3938,16.5673,2097450.0
2008-02-08,16.5476,16.8947,16.4924,16.7882,1406250.0
2008-02-11,16.733,17.0642,16.6541,17.0051,1056375.0
2008-02-12,17.0603,17.1944,16.9183,17.0563,1735650.0
2008-02-13,17.1471,17.3166,17.084,17.3087,828675.0
2008-02-14,17.3679,17.3837,17.0761,17.1628,1244475.0
2008-02-15,17.0603,17.0958,16.7054,16.8394,795600.0
2008-02-19,16.9814,17.1431,16.5792,16.6028,1075500.0
2008-02-20,16.5555,16.7882,16.1059,16.7251,1915875.0
2008-02-21,16.8552,16.8947,16.7487,16.8631,1790100.0
2008-02-22,16.942,17.0642,16.7487,17.0642,1584225.0
2008-02-25,17.0209,17.3127,16.9341,17.2654,1058850.0
2008-02-26,17.2338,17.6873,17.1983,17.6361,1184850.0
2008-02-27,17.5256,18.0028,17.5256,17.644,1498050.0
2008-02-28,17.5217,17.5217,17.289,17.3955,941175.0
2008-02-29,17.2456,17.2456,16.7527,16.7961,1060425.0
2008-03-03,16.7961,17.1707,16.6896,17.1668,1477350.0
2008-03-04,17.08,17.1076,16.6068,16.8394,1800900.0
2008-03-05,16.8789,17.2417,16.8276,16.9104,1112400.0
2008-03-06,16.8552,17.0524,16.7211,16.7211,1109025.0
2008-03-07,16.5634,16.7211,16.382,16.453,1026675.0
2008-03-10,16.5121,16.52,16.169,16.2085,1346625.0
2008-03-11,16.5516,16.7527,16.2558,16.7211,1381050.0
2008-03-12,16.7922,17.0647,16.7093,16.729,1162125.0
2008-03-13,16.5158,16.9779,16.3855,16.8791,1052550.0
2008-03-14,17.0489,17.1279,16.4092,16.5592,1338750.0
2008-03-17,16.3934,16.4684,16.0577,16.3262,2176875.0
2008-03-18,16.6343,16.9739,16.4408,16.9147,1326150.0
2008-03-19,17.1082,17.1753,16.5592,16.5592,1434825.0
2008-03-20,16.5197,16.7251,16.3499,16.7212,1090125.0
2008-03-24,16.7567,17.3886,16.7251,17.1556,907425.0
2008-03-25,17.1951,17.4597,17.0608,17.3886,979875.0
2008-03-26,17.3412,17.3412,17.0766,17.2267,688950.0
2008-03-27,17.2662,17.2662,16.891,16.9739,1076175.0
2008-03-28,17.0095,17.2385,16.9581,17.0213,924525.0
2008-03-31,17.0845,17.357,16.8831,17.3412,1255950.0
2008-04-01,17.3412,17.902,17.3412,17.8822,918225.0
2008-04-02,17.9217,18.1784,17.7796,18.0047,1103175.0
2008-04-03,17.9178,18.0284,17.8072,18.0086,916200.0
2008-04-04,18.0047,18.0047,17.5544,17.8112,1065150.0
2008-04-07,17.8112,18.0481,17.7085,17.7243,707850.0
2008-04-08,17.5663,17.819,17.4636,17.7875,554625.0
2008-04-09,17.8427,17.8427,17.4123,17.5387,842400.0
2008-04-10,17.5742,17.7519,17.4004,17.669,1116000.0
2008-04-11,17.5189,17.5308,17.2977,17.3451,1116675.0
2008-04-14,17.3728,17.586,17.2977,17.4873,1145250.0
2008-04-15,17.6216,17.6216,17.3649,17.5505,979650.0
2008-04-16,17.7124,18.1666,17.6769,18.1231,764100.0
2008-04-17,18.0836,18.135,17.8072,17.902,594450.0
2008-04-18,18.21,18.6918,18.1626,18.5299,1404225.0
2008-04-21,19.0473,20.0543,19.0473,19.6278,3784725.0
2008-04-22,19.2171,19.691,19.1381,19.2645,1913175.0
2008-04-23,19.3158,19.4106,19.1381,19.1934,1372950.0
2008-04-24,19.1776,19.3356,18.9604,19.2092,1042650.0
2008-04-25,19.2684,19.4027,19.0749,19.3672,1100700.0
2008-04-28,19.4698,19.6476,19.4106,19.4501,1346850.0
2008-04-29,19.4501,19.4975,19.221,19.2566,616950.0
2008-04-30,19.3356,19.454,19.1026,19.1618,1476675.0
2008-05-01,19.1697,19.5804,19.1381,19.5686,1025325.0
2008-05-02,19.6949,19.7463,19.2289,19.3237,1080225.0
2008-05-05,19.2013,19.4698,19.2013,19.4145,795825.0
2008-05-06,19.4422,19.9674,19.2289,19.8292,1600650.0
2008-05-07,19.8924,19.9003,19.2724,19.3237,968850.0
2008-05-08,19.3711,19.5804,19.3079,19.5567,800100.0
2008-05-09,19.4619,19.537,19.225,19.4145,652500.0
2008-05-12,19.4738,19.8411,19.4145,19.8371,816075.0
2008-05-13,19.9043,19.9951,19.6476,19.9951,1124325.0
2008-05-14,20.0859,20.3387,20.0227,20.1373,1244025.0
2008-05-15,20.1926,20.8086,20.1926,20.8047,1863225.0
2008-05-16,20.8916,20.9785,20.6151,20.9232,1672875.0
2008-05-19,20.8916,20.8916,19.9872,20.1294,2350800.0
2008-05-20,20.0227,20.0701,19.4382,19.6673,2006550.0
2008-05-21,19.6634,19.845,19.3988,19.4817,1116675.0
2008-05-22,19.4817,19.6949,19.4185,19.6436,937575.0
2008-05-23,19.5409,19.5923,19.2882,19.4185,1139175.0
2008-05-27,19.4619,19.5093,19.1776,19.454,1480950.0
2008-05-28,19.4698,19.9832,19.4461,19.9753,1940850.0
2008-05-29,19.9793,20.0938,19.7344,19.9753,1557675.0
2008-05-30,19.9753,20.2755,19.8371,20.2597,1035225.0
2008-06-02,20.236,20.3189,19.928,20.1254,1029375.0
2008-06-03,20.2162,20.3347,19.9911,20.1807,957150.0
2008-06-04,20.1491,20.3308,20.0188,20.2439,1139625.0
2008-06-05,20.2913,20.9508,20.2913,20.9508,1105200.0
2008-06-06,20.8323,20.8323,20.2005,20.2281,1066275.0
2008-06-09,20.232,20.3229,19.8253,20.0385,1168875.0
2008-06-10,19.8845,20.3703,19.8213,20.2439,1625175.0
2008-06-11,20.2716,20.3388,20.0581,20.236,1572975.0
2008-06-12,20.323,20.584,19.8288,19.9118,1857375.0
2008-06-13,20.1332,20.41,20.0265,20.3902,1339875.0
2008-06-16,20.1767,20.5128,20.1649,20.3942,919800.0
2008-06-17,20.4219,20.5088,20.1411,20.2044,1040175.0
2008-06-18,20.066,20.2597,19.9553,20.1451,1077525.0
2008-06-19,20.1451,20.3507,20.0581,20.2835,740925.0
2008-06-20,20.3823,20.671,20.1411,20.2795,2044350.0
2008-06-23,20.4139,20.4139,20.07,20.1135,1293750.0
2008-06-24,20.0621,20.0621,19.6785,19.8683,2159100.0
2008-06-25,19.9751,20.1411,19.7418,19.8525,2508750.0
2008-06-26,19.7892,19.7892,18.7415,18.8284,1800000.0
2008-06-27,18.7731,19.0696,18.5596,18.6624,2145825.0
2008-06-30,18.6624,19.0024,18.4489,18.6703,1643400.0
2008-07-01,18.5279,18.8838,18.3065,18.8047,1638225.0
2008-07-02,18.8482,18.9708,18.2235,18.2828,1585575.0
2008-07-03,18.2788,18.4568,18.0772,18.2077,1009125.0
2008-07-07,18.3421,18.6426,18.0732,18.2709,1441800.0
2008-07-08,18.3461,18.7889,18.1998,18.7889,1302075.0
2008-07-09,18.864,19.1645,18.2907,18.4172,1548000.0
2008-07-10,18.4647,18.5793,18.2195,18.5042,1415250.0
2008-07-11,18.3737,18.8166,18.093,18.6466,2046375.0
2008-07-14,18.8166,18.8798,18.2472,18.607,1683675.0
2008-07-15,18.4607,18.8205,18.1998,18.5398,1514700.0
2008-07-16,18.5556,18.9115,18.2354,18.8877,1061100.0
2008-07-17,18.9589,19.7813,18.9589,19.7813,1812375.0
2008-07-18,19.8248,20.0146,19.2752,19.8881,2696400.0
2008-07-21,20.7224,20.7579,19.5718,19.722,3394800.0
2008-07-22,19.6429,20.1569,19.6113,19.9632,3520575.0
2008-07-23,19.9395,20.0225,19.5757,19.639,2660400.0
2008-07-24,19.7378,20.1569,19.1289,19.1685,2227050.0
2008-07-25,19.3187,19.4887,19.1882,19.3266,1703025.0
2008-07-28,19.3108,19.4334,18.9787,19.0973,1156050.0
2008-07-29,19.0973,19.3306,19.0617,19.2555,1341900.0
2008-07-30,19.3859,19.4176,18.8324,19.1566,2367675.0
2008-07-31,19.0222,19.1527,18.9194,18.9233,1820475.0
2008-08-01,18.8087,18.9747,18.437,18.7573,1429875.0
2008-08-04,18.7849,18.7849,18.2828,18.3342,1190700.0
2008-08-05,18.4765,18.8719,18.4686,18.8443,1311975.0
2008-08-06,18.8443,18.9905,18.7335,18.8798,2286675.0
2008-08-07,18.7177,18.7335,18.2749,18.3026,2043000.0
2008-08-08,18.3223,18.8284,18.267,18.8008,1402425.0
2008-08-11,18.8008,18.8008,18.3777,18.7335,1568700.0
2008-08-12,18.6031,18.781,18.3223,18.4212,1178775.0
2008-08-13,18.3421,18.5833,18.2749,18.5517,1672425.0
2008-08-14,18.4844,18.9352,18.4133,18.8957,977625.0
2008-08-15,19.0103,19.2752,18.9787,19.1052,2331900.0
2008-08-18,19.1645,19.3741,18.9629,19.1487,1359000.0
2008-08-19,19.1013,19.2357,18.8284,18.9036,1365075.0
2008-08-20,18.9787,19.295,18.8957,19.121,1082025.0
2008-08-21,19.0182,19.3741,19.0064,19.2357,1103850.0
2008-08-22,19.3741,19.4492,19.2396,19.4334,749025.0
2008-08-25,19.3543,19.3543,18.9273,18.9589,1190700.0
2008-08-26,19.0222,19.0617,18.8798,19.0538,1050300.0
2008-08-27,19.0617,19.291,18.9747,19.1329,747900.0
2008-08-28,19.2634,19.6034,19.125,19.5836,1186650.0
2008-08-29,19.5322,19.5441,19.1289,19.1922,683100.0
2008-09-02,19.4097,19.6785,18.8838,18.9471,1334700.0
2008-09-03,18.9194,19.1922,18.9115,19.0736,1556775.0
2008-09-04,18.9787,18.9985,17.9704,17.9784,2152800.0
2008-09-05,17.8755,17.9349,17.4881,17.8202,1597500.0
2008-09-08,18.1642,18.3816,17.7451,18.0218,1241550.0
2008-09-09,17.927,18.0535,17.3141,17.322,2025900.0
2008-09-10,17.4367,17.7727,17.3655,17.666,1455525.0
2008-09-11,17.4881,17.6147,17.0842,17.4999,1838475.0
2008-09-12,17.4485,17.7415,17.2941,17.7138,1419750.0
2008-09-15,17.3851,17.4366,16.8388,16.8863,2254950.0
2008-09-16,16.5537,17.0842,16.2845,17.0842,3262275.0
2008-09-17,16.7992,16.914,16.4349,16.4428,1836450.0
2008-09-18,16.6329,16.9892,15.4213,16.9179,2423025.0
2008-09-19,19.242,19.8359,17.0803,17.5,3978900.0
2008-09-22,17.3693,17.4683,16.7041,16.7556,1181025.0
2008-09-23,16.7556,16.9971,16.3161,16.4151,1379700.0
2008-09-24,16.4151,16.5497,16.0865,16.3201,1278900.0
2008-09-25,16.4112,16.6923,16.3478,16.3874,1284525.0
2008-09-26,16.1142,16.1578,15.8371,16.1301,1625175.0
2008-09-29,15.8806,15.8806,14.9819,15.2075,2485800.0
2008-09-30,15.3818,16.3557,14.9423,16.1419,2747700.0
2008-10-01,16.0073,16.328,15.944,16.0944,2038500.0
2008-10-02,15.9836,16.0073,14.9937,15.0413,1133550.0
2008-10-03,15.2828,15.4847,14.776,14.7799,2356200.0
2008-10-06,14.3682,14.3682,13.1171,13.7862,3447900.0
2008-10-07,14.0277,14.0831,12.9468,12.9745,2249100.0
2008-10-08,12.5786,14.0079,12.4559,13.3704,3714300.0
2008-10-09,13.6753,13.7387,12.5232,12.8676,2338200.0
2008-10-10,12.2104,13.6318,11.7669,13.1962,3521475.0
2008-10-13,13.7307,15.263,13.6357,15.263,3583125.0
2008-10-14,15.8925,15.9598,14.289,14.6216,3042900.0
2008-10-15,14.2652,14.7601,13.1883,13.1883,1577025.0
2008-10-16,13.1725,13.7307,12.5192,13.6832,3283875.0
2008-10-17,13.216,14.3405,13.0933,13.6318,2728125.0
2008-10-20,13.5565,14.0237,13.5367,13.6516,2873925.0
2008-10-21,13.8139,14.1425,13.6793,13.9604,4258125.0
2008-10-22,13.6318,13.798,13.0973,13.3704,2596500.0
2008-10-23,13.4615,13.604,12.5271,12.9745,1734750.0
2008-10-24,11.8342,12.4004,11.5215,12.0956,2757600.0
2008-10-27,11.8778,12.1787,11.2166,11.2285,3862575.0
2008-10-28,11.4938,11.858,10.8801,11.858,2603925.0
2008-10-29,11.9016,12.5311,11.6204,12.056,2020950.0
2008-10-30,12.3965,13.2042,12.3965,12.9389,2232225.0
2008-10-31,13.022,13.2715,12.6855,13.1646,2662650.0
2008-11-03,13.1566,13.2952,12.8716,13.0893,1696950.0
2008-11-04,13.3982,13.5724,13.1685,13.5486,1739700.0
2008-11-05,13.3427,13.4813,12.7132,12.7686,1196775.0
2008-11-06,12.6419,12.9785,11.9649,11.9926,1577250.0
2008-11-07,12.0837,12.349,11.8857,12.2183,1331100.0
2008-11-10,12.5271,12.7251,12.0362,12.1906,1111275.0
2008-11-11,12.0599,12.3252,11.6917,11.9768,1809000.0
2008-11-12,11.7155,11.8184,11.375,11.5769,2055375.0
2008-11-13,11.6402,12.5707,11.3433,12.4242,5094225.0
2008-11-14,12.2262,12.7568,11.7749,11.7986,3154950.0
2008-11-17,11.668,12.44,11.5848,12.0401,2562975.0
2008-11-18,12.1827,12.7647,12.056,12.5667,3559500.0
2008-11-19,12.5667,12.7449,11.5888,11.6284,2732175.0
2008-11-20,11.4977,11.8145,11.0978,11.2206,3568050.0
2008-11-21,11.4344,12.0599,11.078,11.8778,4678200.0
2008-11-24,12.056,12.7766,11.9966,12.5548,4764375.0
2008-11-25,12.5826,13.0854,12.3727,12.8003,4112550.0
2008-11-26,12.5548,13.6713,12.44,13.5169,2517750.0
2008-11-28,13.4417,13.8297,13.3823,13.8297,1121850.0
2008-12-01,13.1171,13.4694,12.1747,12.2658,2202525.0
2008-12-02,12.5426,13.0344,12.4117,12.7568,3580650.0
2008-12-03,12.3879,13.0265,12.2015,12.967,3543075.0
2008-12-04,12.7806,13.0979,11.7374,12.0309,3348225.0
2008-12-05,11.8841,12.4395,11.5628,12.4276,2982150.0
2008-12-08,12.6775,12.9591,12.4553,12.5902,3629475.0
2008-12-09,12.4752,12.7489,12.0626,12.1816,2063475.0
2008-12-10,12.1023,12.5347,11.9992,12.1221,3169800.0
2008-12-11,12.0547,12.3205,11.3288,11.5509,3316725.0
2008-12-12,11.2653,11.6858,10.8885,11.4121,2626200.0
2008-12-15,11.5549,11.5985,11.0075,11.1543,2566800.0
2008-12-16,11.2653,11.9357,11.1067,11.8564,2403900.0
2008-12-17,11.7294,12.4077,11.6422,12.2134,2079450.0
2008-12-18,12.2094,12.3363,11.7056,11.9436,2803050.0
2008-12-19,11.9555,12.0706,11.6779,11.8405,2460150.0
2008-12-22,11.8008,11.8008,10.8369,11.2574,3753000.0
2008-12-23,11.2891,11.5708,11.2693,11.4359,3796875.0
2008-12-24,11.4835,11.5232,11.2495,11.4478,689400.0
2008-12-26,11.4518,11.5628,11.2812,11.5271,1453275.0
2008-12-29,11.539,11.6303,11.309,11.428,1536525.0
2008-12-30,11.4676,11.7532,11.3883,11.7532,1319850.0
2008-12-31,11.8127,12.0785,11.8127,11.9833,1203750.0
2009-01-02,11.9992,12.618,11.896,12.5624,1424925.0
2009-01-05,12.5267,12.5426,12.0785,12.2213,1842975.0
2009-01-06,12.2768,12.4752,12.2213,12.3443,2211075.0
2009-01-07,12.1539,12.372,12.0547,12.1856,1970100.0
2009-01-08,12.1737,12.2927,11.9793,12.2768,1499175.0
2009-01-09,12.257,12.2768,11.7017,11.9873,1269450.0
2009-01-12,11.9079,11.9952,11.4319,11.5549,1094625.0
2009-01-13,11.4716,11.7334,11.4002,11.6937,2199825.0
2009-01-14,11.5906,11.9,11.4676,11.7889,4584150.0
2009-01-15,11.6223,12.7132,11.6223,12.5942,3730275.0
2009-01-16,12.9432,12.9908,12.495,12.8917,2615850.0
2009-01-20,12.7806,13.0186,12.4395,12.5347,3031875.0
2009-01-21,12.5664,13.0265,12.4672,12.9908,2411775.0
2009-01-22,12.7727,12.8956,12.3601,12.6259,1777275.0
2009-01-23,12.3482,12.8361,12.3324,12.5862,2505375.0
2009-01-26,12.6299,12.7766,12.3403,12.5109,3142800.0
2009-01-27,12.614,12.6656,12.372,12.4831,2569950.0
2009-01-28,12.5942,12.852,12.5347,12.8242,3299400.0
2009-01-29,12.6656,12.8401,12.4871,12.6219,1337400.0
2009-01-30,12.495,12.9988,12.4474,12.6775,2907000.0
2009-02-02,12.5228,12.9829,12.3363,12.8599,2985525.0
2009-02-03,12.8322,12.9591,12.5148,12.7766,2530575.0
2009-02-04,12.8441,13.1178,12.5307,12.5664,2077875.0
2009-02-05,12.499,12.9155,12.3363,12.7766,1564650.0
2009-02-06,12.8203,13.2328,12.7409,13.1257,1752525.0
2009-02-09,12.9472,13.1614,12.8044,12.9194,1788975.0
2009-02-10,12.7806,13.0662,12.4077,12.5188,2228625.0
2009-02-11,12.6259,12.7409,12.4553,12.5981,1208925.0
2009-02-12,12.3006,12.5624,12.142,12.5386,1746675.0
2009-02-13,12.6735,12.7885,12.5267,12.6021,2489625.0
2009-02-17,12.2689,12.729,12.015,12.0706,1873800.0
2009-02-18,12.1578,12.1896,11.8286,12.0587,1625850.0
2009-02-19,12.1301,12.1975,11.6739,11.7215,1762875.0
2009-02-20,11.4914,12.1896,11.063,11.2574,2230875.0
2009-02-23,11.3169,11.4597,10.6941,10.7219,1678725.0
2009-02-24,10.8409,11.0392,10.6465,10.9877,1542150.0
2009-02-25,10.9678,11.0472,10.6545,10.825,1365975.0
2009-02-26,10.9599,11.0353,10.5632,10.6029,886725.0
2009-02-27,10.4403,10.825,10.4284,10.4958,2456550.0
2009-03-02,10.2895,10.3213,9.7342,9.7818,2118375.0
2009-03-03,9.9127,10.1745,9.762,10.0238,2294775.0
2009-03-04,10.1428,11.0948,10.119,10.948,4257675.0
2009-03-05,10.6426,10.9123,10.472,10.8726,4406175.0
2009-03-06,10.9837,11.0392,10.5236,10.833,3259575.0
2009-03-09,10.7536,10.9758,10.5275,10.591,2881575.0
2009-03-10,10.8131,11.2653,10.7616,11.1622,2417175.0
2009-03-11,11.2693,11.4676,11.1225,11.3248,1253250.0
2009-03-12,11.3398,11.8128,11.1172,11.777,1320975.0
2009-03-13,11.8883,11.8883,11.463,11.5982,1380825.0
2009-03-16,11.7095,11.9162,11.5584,11.7174,1635075.0
2009-03-17,11.6896,11.9678,11.5863,11.9678,1215900.0
2009-03-18,11.8764,12.2103,11.5664,12.1467,1532475.0
2009-03-19,12.3256,12.3375,12.0036,12.1109,1043100.0
2009-03-20,12.2898,12.2898,11.9042,11.9519,2010600.0
2009-03-23,12.2103,12.8264,12.2063,12.7906,1721700.0
2009-03-24,12.5601,12.7469,12.4289,12.5203,1535625.0
2009-03-25,12.5919,12.8979,12.1109,12.4528,2011275.0
2009-03-26,12.6594,13.0649,12.5561,12.9933,2239425.0
2009-03-27,12.8303,12.9178,12.564,12.6873,1499625.0
2009-03-30,12.413,12.4369,12.0394,12.2977,1398825.0
2009-03-31,12.4528,12.6912,12.3613,12.4289,1719675.0
2009-04-01,12.2222,12.6992,12.0831,12.6356,2236275.0
2009-04-02,12.9218,13.3669,12.8383,13.1602,2049975.0
2009-04-03,13.2,13.3113,12.9615,13.3073,1965375.0
2009-04-06,13.1483,13.3113,12.9615,13.2596,1565550.0
2009-04-07,13.0211,13.1165,12.7389,12.7787,1769625.0
2009-04-08,12.8264,12.9615,12.5958,12.7827,1387575.0
2009-04-09,13.0251,13.4901,13.0052,13.4663,1206450.0
2009-04-13,13.3073,13.3987,13.0251,13.2874,1487475.0
2009-04-14,13.1006,13.3153,13.0092,13.196,1352700.0
2009-04-15,13.1444,13.514,13.1404,13.3351,1605600.0
2009-04-16,13.4743,14.142,13.4067,14.0943,1878075.0
2009-04-17,14.1062,14.2215,13.9234,14.1937,1401075.0
2009-04-20,13.9075,13.9075,13.4186,13.4305,1977975.0
2009-04-21,13.0291,13.0291,11.6936,12.5481,5888025.0
2009-04-22,12.3454,13.2874,12.2103,12.9933,3028050.0
2009-04-23,12.9933,13.1642,12.7032,13.0013,3715650.0
2009-04-24,13.1523,13.2159,12.9615,13.0688,2563875.0
2009-04-27,12.9615,13.2278,12.7827,12.9615,1938600.0
2009-04-28,12.9615,12.9615,12.5998,12.6475,2523375.0
2009-04-29,12.7151,12.89,12.6594,12.7151,2288475.0
2009-04-30,12.6912,12.9973,12.6912,12.8025,2871675.0
2009-05-01,12.6952,12.8939,12.5203,12.727,1489050.0
2009-05-04,12.8661,12.9178,12.6793,12.9019,1476000.0
2009-05-05,12.9098,12.9655,12.6038,12.7668,1428075.0
2009-05-06,12.9098,12.9456,12.6157,12.9019,1422675.0
2009-05-07,13.037,13.2119,12.7588,13.0092,1900125.0
2009-05-08,13.1165,13.2835,12.7191,13.1444,2229075.0
2009-05-11,12.9337,12.9695,12.5879,12.6078,2347200.0
2009-05-12,12.6634,12.7151,12.3216,12.4408,1728900.0
2009-05-13,12.2103,12.2977,11.9082,11.9639,1438875.0
2009-05-14,11.944,12.1546,11.8724,11.9718,1269000.0
2009-05-15,11.8605,12.1387,11.7771,11.9201,1310400.0
2009-05-18,11.9996,12.103,11.8208,11.9996,1954125.0
2009-05-19,11.8883,12.2143,11.789,12.1109,1848150.0
2009-05-20,12.1666,12.5124,12.1666,12.3097,2837475.0
2009-05-21,12.1189,12.1864,11.785,11.8923,1166850.0
2009-05-22,11.9201,12.1944,11.7731,12.0116,1614150.0
2009-05-26,11.8764,12.6753,11.8764,12.6276,1779975.0
2009-05-27,12.6157,12.7151,12.2381,12.254,1991700.0
2009-05-28,12.3136,12.4488,11.9599,12.3375,1951200.0
2009-05-29,12.417,12.5004,12.2461,12.5004,926325.0
2009-06-01,12.6356,13.2477,12.564,13.2159,1260900.0
2009-06-02,13.1722,13.3232,13.1126,13.2358,1334475.0
2009-06-03,13.1006,13.3312,13.0927,13.2278,1964250.0
2009-06-04,13.1523,13.514,13.1126,13.51,1494900.0
2009-06-05,13.5418,13.8518,13.4544,13.7445,1803375.0
2009-06-08,13.7247,13.7247,13.3471,13.5259,1530675.0
2009-06-09,13.5736,13.8995,13.5696,13.8677,1559700.0
2009-06-10,13.9274,14.0347,13.7207,14.0108,1665675.0
2009-06-11,13.9869,14.1382,13.8754,14.0466,1090125.0
2009-06-12,13.8356,14.0148,13.7122,14.0108,1198350.0
2009-06-15,13.8914,13.9152,13.4454,13.6445,1587600.0
2009-06-16,13.7003,13.979,13.4733,13.5171,1665900.0
2009-06-17,13.5689,13.8197,13.5171,13.6365,2274075.0
2009-06-18,13.6644,13.6644,13.4415,13.537,1290825.0
2009-06-19,13.6166,13.6724,13.4534,13.5529,1174050.0
2009-06-22,13.4494,13.4534,13.1548,13.1628,999000.0
2009-06-23,13.0393,13.2304,12.9398,13.0553,1522350.0
2009-06-24,13.1906,13.6206,13.1906,13.4016,1124550.0
2009-06-25,13.2981,13.8914,13.2663,13.7998,1246275.0
2009-06-26,13.7679,13.8715,13.6047,13.7003,822375.0
2009-06-29,13.7839,13.8953,13.6525,13.7918,1003275.0
2009-06-30,13.8635,13.9869,13.7162,13.7679,2081700.0
2009-07-01,13.9033,14.19,13.9033,14.1183,1631250.0
2009-07-02,13.959,13.959,13.5569,13.5569,1367325.0
2009-07-06,13.5211,13.6007,13.3738,13.5888,971325.0
2009-07-07,13.6206,13.6485,13.2105,13.2225,1320975.0
2009-07-08,13.2065,13.2663,12.896,13.1269,1306125.0
2009-07-09,13.2065,13.2464,13.0274,13.0393,1086975.0
2009-07-10,12.9398,13.1787,12.9398,13.0791,1085400.0
2009-07-13,13.099,13.4215,12.8761,13.4176,1026675.0
2009-07-14,13.4176,13.6166,13.3021,13.6166,1289925.0
2009-07-15,13.6843,13.963,13.6843,13.9431,850050.0
2009-07-16,13.8595,14.1422,13.7998,14.0745,889875.0
2009-07-17,14.0307,14.186,13.8993,14.1701,867600.0
2009-07-20,14.2975,14.5324,14.2298,14.4448,1187100.0
2009-07-21,14.6518,14.7354,14.5443,14.6797,1160550.0
2009-07-22,14.616,14.9146,14.5682,14.6797,977625.0
2009-07-23,14.6319,15.0181,14.5802,14.9902,1195200.0
2009-07-24,14.9106,15.3127,14.8748,15.2928,988200.0
2009-07-27,15.2212,15.3804,15.0659,15.1455,1230075.0
2009-07-28,13.7759,14.3174,12.9796,13.2782,6814575.0
2009-07-29,13.2583,13.3459,12.7089,12.8323,3181275.0
2009-07-30,12.9716,13.115,12.5257,12.892,5179725.0
2009-07-31,12.888,13.0752,12.8522,12.884,3951000.0
2009-08-03,13.0791,13.0791,12.6332,12.8681,2434950.0
2009-08-04,12.7765,12.9358,12.685,12.8124,1616175.0
2009-08-05,12.7566,12.7965,12.3545,12.4939,1521900.0
2009-08-06,12.5775,12.5815,12.3744,12.4341,1070775.0
2009-08-07,12.5576,12.6332,12.4182,12.5018,1352925.0
2009-08-10,12.3704,12.5058,12.3187,12.3943,990450.0
2009-08-11,12.2988,12.4142,12.1753,12.1992,1133775.0
2009-08-12,12.2828,12.3744,12.0957,12.1475,3483000.0
2009-08-13,12.1873,12.5138,12.1793,12.5138,2510550.0
2009-08-14,12.4341,12.5297,12.3306,12.4142,1972350.0
2009-08-17,12.2231,12.2351,12.044,12.1196,1297800.0
2009-08-18,12.1395,12.3386,12.1395,12.3147,1259325.0
2009-08-19,12.1833,12.4262,12.1833,12.3585,876150.0
2009-08-20,12.3147,12.4859,12.2868,12.466,768375.0
2009-08-21,12.454,12.7407,12.4421,12.689,711000.0
2009-08-24,12.681,12.7726,12.6133,12.681,953325.0
2009-08-25,12.7049,12.7965,12.6093,12.7009,1745550.0
2009-08-26,12.6213,12.6929,12.5098,12.5934,837225.0
2009-08-27,12.6173,12.6173,12.3386,12.5058,2090025.0
2009-08-28,12.6253,12.7049,12.3028,12.5138,892800.0
2009-08-31,12.458,12.5854,12.3187,12.5337,1825650.0
2009-09-01,12.474,12.5934,12.3227,12.3983,1632375.0
2009-09-02,12.3903,12.5257,12.3386,12.474,1008000.0
2009-09-03,12.5655,12.6133,12.466,12.5018,2162925.0
2009-09-04,12.4103,12.681,12.4103,12.6651,948825.0
2009-09-08,12.7208,12.9079,12.7049,12.9,1624725.0
2009-09-09,12.8681,13.3539,12.8681,13.3061,1890675.0
2009-09-10,13.3698,13.764,13.1946,13.7281,1810350.0
2009-09-11,13.7159,13.9951,13.7159,13.8874,2184300.0
2009-09-14,13.7598,13.8754,13.6042,13.8196,1731600.0
2009-09-15,13.8794,14.1307,13.8595,13.9353,1015425.0
2009-09-16,13.9632,14.043,13.7957,14.043,765000.0
2009-09-17,14.035,14.2424,13.9871,14.2224,1178100.0
2009-09-18,14.5973,14.5973,14.1068,14.1586,1001925.0
2009-09-21,14.043,14.1825,13.9113,14.1187,1313775.0
2009-09-22,14.2065,14.2942,14.0669,14.2583,899775.0
2009-09-23,14.2464,14.354,14.1865,14.1865,893925.0
2009-09-24,14.1985,14.2503,13.8116,13.9592,1506600.0
2009-09-25,13.8994,13.9472,13.7398,13.8236,1204200.0
2009-09-28,13.8475,14.0629,13.8076,13.9592,1163025.0
2009-09-29,14.019,14.1945,13.9472,14.1108,853875.0
2009-09-30,14.1427,14.2583,13.8675,13.9233,1227825.0
2009-10-01,13.9074,13.9074,13.5125,13.692,1001250.0
2009-10-02,13.6242,13.696,13.2772,13.2931,1312650.0
2009-10-05,13.3131,13.5883,13.2652,13.5085,919800.0
2009-10-06,13.6401,13.8395,13.5683,13.696,615375.0
2009-10-07,13.68,13.7717,13.5723,13.6521,879300.0
2009-10-08,13.7518,13.9632,13.692,13.8595,1701450.0
2009-10-09,13.7877,13.8675,13.7518,13.8395,781425.0
2009-10-12,13.8754,13.9991,13.8196,13.9831,677025.0
2009-10-13,13.9632,13.9632,13.7638,13.8555,774900.0
2009-10-14,14.035,14.2344,13.8834,14.2065,1122525.0
2009-10-15,14.0549,14.3182,14.0549,14.3142,813150.0
2009-10-16,14.2503,14.2623,14.0828,14.1825,818325.0
2009-10-19,14.2145,14.4258,14.1706,14.378,558900.0
2009-10-20,14.3501,14.5016,14.2344,14.4936,1240200.0
2009-10-21,14.4258,14.6931,14.4099,14.4298,1025550.0
2009-10-22,14.4697,14.6851,14.3022,14.6173,838350.0
2009-10-23,14.6133,14.705,14.4817,14.6651,1431675.0
2009-10-26,14.6013,14.8446,14.1985,14.2384,1534050.0
2009-10-27,14.8007,15.0321,14.015,14.1746,2426850.0
2009-10-28,14.3142,14.4019,14.039,14.0988,1901475.0
2009-10-29,14.1985,14.2464,14.0948,14.1746,1479600.0
2009-10-30,14.0788,14.2065,13.8435,13.9153,1894050.0
2009-11-02,13.9791,14.3261,13.8395,14.0908,1557000.0
2009-11-03,14.0549,14.2065,13.8834,13.9552,1829250.0
2009-11-04,13.9672,14.019,13.7957,13.8356,1987425.0
2009-11-05,13.9712,14.2743,13.9472,14.0749,1822500.0
2009-11-06,14.039,14.2862,13.9592,14.2424,771300.0
2009-11-09,14.386,14.4179,14.1945,14.362,826650.0
2009-11-10,14.2862,14.4737,14.2583,14.3142,1135125.0
2009-11-11,14.382,14.5654,14.362,14.4298,2173725.0
2009-11-12,14.4538,14.5056,14.2304,14.3062,1336500.0
2009-11-13,14.382,14.5056,14.2304,14.4617,751275.0
2009-11-16,14.5136,14.8526,14.5056,14.8486,1565775.0
2009-11-17,14.8326,15.04,14.725,15.0121,1823400.0
2009-11-18,14.9722,14.9802,14.7489,14.7648,2037150.0
2009-11-19,14.6611,14.713,14.5016,14.6332,1196100.0
2009-11-20,14.5495,14.6651,14.4976,14.6332,841275.0
2009-11-23,14.7449,14.9363,14.7449,14.8247,640575.0
2009-11-24,14.7928,14.8326,14.6731,14.8007,698175.0
2009-11-25,14.8207,14.8925,14.7569,14.8606,351225.0
2009-11-27,14.5176,14.7768,14.4418,14.6691,398025.0
2009-11-30,14.6093,14.713,14.3899,14.5814,1211850.0
2009-12-01,14.7089,14.9046,14.7089,14.7768,660375.0
2009-12-02,14.7369,14.8647,14.665,14.8128,891900.0
2009-12-03,14.8168,14.9286,14.685,14.689,385650.0
2009-12-04,14.8807,15.0804,14.7329,14.9446,739125.0
2009-12-07,14.8687,15.0325,14.8328,15.0085,644400.0
2009-12-08,14.8807,15.0485,14.8048,14.9926,1101375.0
2009-12-09,14.9446,15.0884,14.9366,15.0325,712350.0
2009-12-10,15.1404,15.2402,14.9726,15.0485,653625.0
2009-12-11,15.1524,15.1643,15.0365,15.1084,654300.0
2009-12-14,15.1843,15.3521,15.0765,15.2882,540900.0
2009-12-15,15.1883,15.3161,15.1284,15.2482,466650.0
2009-12-16,15.2642,15.3681,15.1923,15.2362,498150.0
2009-12-17,15.1324,15.3161,15.0605,15.3042,1009575.0
2009-12-18,15.3082,15.5998,15.2682,15.5998,2955150.0
2009-12-21,15.6637,15.8954,15.4759,15.5678,1162350.0
2009-12-22,15.5558,15.7835,15.5558,15.6757,603450.0
2009-12-23,15.6517,15.8395,15.5319,15.6397,1105200.0
2009-12-24,15.7076,15.7196,15.6118,15.7196,378900.0
2009-12-28,15.7715,15.7995,15.5598,15.5958,756450.0
2009-12-29,15.6557,15.6597,15.5199,15.5359,785700.0
2009-12-30,15.456,15.6357,15.436,15.4759,379350.0
2009-12-31,15.448,15.4679,15.2762,15.2762,534825.0
2010-01-04,15.3601,15.6597,15.3601,15.42,803925.0
2010-01-05,15.44,15.4759,15.3321,15.3521,683775.0
2010-01-06,15.3801,15.436,15.3201,15.3681,589275.0
2010-01-07,15.2602,15.448,15.2522,15.408,778050.0
2010-01-08,15.404,15.7196,15.2682,15.7076,955575.0
2010-01-11,15.7196,15.8155,15.5718,15.7995,427500.0
2010-01-12,15.6797,15.7116,15.456,15.4759,629325.0
2010-01-13,15.4679,15.5359,15.3521,15.5199,543150.0
2010-01-14,15.436,15.7036,15.42,15.5239,385875.0
2010-01-15,15.5319,15.6158,15.2962,15.3561,299025.0
2010-01-19,15.392,15.6877,15.3761,15.452,665550.0
2010-01-20,15.3401,15.404,15.2203,15.3082,611775.0
2010-01-21,15.2762,15.4999,15.1723,15.2602,784800.0
2010-01-22,15.3002,15.3241,14.9047,14.9286,643725.0
2010-01-25,15.0125,15.0205,14.7569,14.8328,1740600.0
2010-01-26,14.8567,14.8607,14.4213,14.645,2133900.0
2010-01-27,14.6051,14.677,14.3055,14.4612,1061100.0
2010-01-28,14.4652,14.6091,14.3414,14.5651,1140975.0
2010-01-29,14.653,14.9526,14.5571,14.5571,1479150.0
2010-02-01,14.633,14.7808,14.6131,14.685,789525.0
2010-02-02,14.661,14.9646,14.617,14.8967,959850.0
2010-02-03,14.8248,15.0165,14.7489,14.8607,688950.0
2010-02-04,14.7209,14.7409,14.4453,14.4453,1023075.0
2010-02-05,14.4373,14.5252,14.2375,14.4972,1151775.0
2010-02-08,14.4612,14.653,14.3853,14.4932,1041075.0
2010-02-09,14.617,14.7369,14.5531,14.689,960075.0
2010-02-10,14.6131,14.8368,14.6051,14.661,866250.0
2010-02-11,14.669,14.9127,14.633,14.8807,724275.0
2010-02-12,14.7768,15.0445,14.641,15.0405,861300.0
2010-02-16,15.1284,15.2123,15.0884,15.1923,780075.0
2010-02-17,15.2123,15.3161,15.0605,15.1643,644175.0
2010-02-18,15.2043,15.3401,15.1484,15.3281,390825.0
2010-02-19,15.2802,15.5279,15.2802,15.5079,710550.0
2010-02-22,15.5359,15.5798,15.4679,15.5279,616500.0
2010-02-23,15.456,15.5478,15.2083,15.2402,554175.0
2010-02-24,15.3121,15.3241,15.2003,15.2602,747000.0
2010-02-25,15.0005,15.5319,14.9646,15.4999,1312875.0
2010-02-26,15.5478,15.6317,15.44,15.5958,883800.0
2010-03-01,15.6078,15.9194,15.5918,15.7995,585900.0
2010-03-02,15.7835,15.9793,15.7596,15.8914,619650.0
2010-03-03,15.9633,16.1391,15.8794,16.0352,673200.0
2010-03-04,16.0352,16.0632,15.8554,15.9313,719775.0
2010-03-05,15.9553,15.9913,15.8754,15.9593,954225.0
2010-03-08,15.9114,15.9793,15.8035,15.8714,572850.0
2010-03-09,15.8674,15.9593,15.8435,15.8914,588150.0
2010-03-10,15.8355,16.0152,15.8035,15.9593,1149750.0
2010-03-11,15.8435,15.9993,15.7755,15.9953,1002375.0
2010-03-12,16.0232,16.0552,15.8672,16.0352,722250.0
2010-03-15,16.0472,16.1153,15.8432,15.9792,532350.0
2010-03-16,15.9872,16.0232,15.8312,15.9192,1417725.0
2010-03-17,15.9112,16.0592,15.8752,15.8872,984600.0
2010-03-18,15.8832,15.9232,15.7192,15.8552,936000.0
2010-03-19,15.8592,15.8672,15.6832,15.8112,1255950.0
2010-03-22,15.6992,16.0272,15.6992,15.9232,1599750.0
2010-03-23,15.9752,16.1113,15.8792,16.0752,1349325.0
2010-03-24,16.0392,16.1313,16.0032,16.0112,1796175.0
2010-03-25,16.0592,16.1273,15.8712,15.8712,1620225.0
2010-03-26,15.8712,16.0632,15.8632,15.9712,1413450.0
2010-03-29,15.9912,16.2633,15.9912,16.2633,824850.0
2010-03-30,16.2673,16.6394,16.2553,16.6034,1711575.0
2010-03-31,16.5994,16.7394,16.4793,16.5873,1445850.0
2010-04-01,16.6834,16.9234,16.6594,16.7514,986850.0
2010-04-05,16.7474,16.8954,16.7154,16.8074,556650.0
2010-04-06,16.7434,16.9314,16.7154,16.8994,555975.0
2010-04-07,16.9194,16.9794,16.7354,16.8434,691650.0
2010-04-08,16.8274,16.9474,16.6914,16.9474,618750.0
2010-04-09,16.9634,17.0034,16.8674,16.9794,584325.0
2010-04-12,17.0434,17.0434,16.9114,16.9954,398925.0
2010-04-13,16.9554,17.0394,16.8994,16.9834,571725.0
2010-04-14,17.0514,17.0714,16.9434,17.0274,819675.0
2010-04-15,17.0194,17.0194,16.8474,16.8594,1077750.0
2010-04-16,16.8194,16.9514,16.6874,16.7194,1110375.0
2010-04-19,16.7234,16.7754,16.5553,16.6314,884025.0
2010-04-20,16.7274,16.8394,16.6554,16.6754,1052775.0
2010-04-21,17.1275,17.1915,16.7114,17.1715,3745800.0
2010-04-22,17.0834,17.2955,17.0314,17.2555,1273950.0
2010-04-23,17.2115,17.4875,17.1435,17.4155,878625.0
2010-04-26,17.4235,17.4875,17.2795,17.3035,951300.0
2010-04-27,17.5836,17.6036,17.2155,17.2595,1683225.0
2010-04-28,17.7556,17.7556,17.3755,17.4355,1090125.0
2010-04-29,17.4915,17.6796,17.4915,17.6316,776700.0
2010-04-30,17.5956,17.6436,17.3035,17.3035,838125.0
2010-05-03,17.4395,17.6316,17.4275,17.6196,693450.0
2010-05-04,17.4595,17.4835,17.0674,17.2035,1034550.0
2010-05-05,17.0875,17.1595,16.7594,16.7954,1120725.0
2010-05-06,16.7234,16.8754,15.2031,16.2873,2035125.0
2010-05-07,16.2593,16.6114,16.0192,16.0912,2587725.0
2010-05-10,16.4553,17.0434,16.3313,17.0354,1554300.0
2010-05-11,16.8634,17.1635,16.8394,17.0634,1370700.0
2010-05-12,17.1115,17.4035,17.0234,17.3915,895500.0
2010-05-13,17.3475,17.4795,17.2875,17.3475,663075.0
2010-05-14,17.2475,17.2755,16.9434,17.2355,1740600.0
2010-05-17,17.3035,17.3795,17.0034,17.2515,2088675.0
2010-05-18,17.4155,17.4275,16.9714,17.0114,924525.0
2010-05-19,16.9034,16.9674,16.4193,16.5994,1265175.0
2010-05-20,16.1993,16.5393,16.1433,16.2993,2193300.0
2010-05-21,16.0392,16.3833,16.0392,16.2353,2032425.0
2010-05-24,16.2273,16.4233,16.1913,16.2073,991125.0
2010-05-25,15.8952,16.2073,15.5791,16.1753,1636650.0
2010-05-26,16.2153,16.4193,15.9792,16.0312,1227150.0
2010-05-27,16.3073,16.5713,16.1953,16.5713,984375.0
2010-05-28,16.5153,16.5313,16.1793,16.2433,873675.0
2010-06-01,16.1953,16.5033,16.0872,16.0872,762975.0
2010-06-02,16.1393,16.6234,16.1393,16.6154,885600.0
2010-06-03,16.5433,16.8154,16.5273,16.7714,998550.0
2010-06-04,16.4833,16.5473,16.0352,16.0712,1920600.0
2010-06-07,16.1233,16.1233,15.7872,15.8112,1257525.0
2010-06-08,15.8072,15.9672,15.6432,15.8992,1295775.0
2010-06-09,15.9552,16.3393,15.9032,15.9712,949275.0
2010-06-10,16.2553,16.4153,16.2113,16.3753,774900.0
2010-06-11,16.2027,16.6154,16.1707,16.5633,755100.0
2010-06-14,16.6716,16.8438,16.6515,16.7076,1270350.0
2010-06-15,16.8599,16.96,16.7877,16.952,1942875.0
2010-06-16,16.8118,17.1283,16.8118,16.9881,1371375.0
2010-06-17,17.1163,17.1443,16.8278,16.9761,669375.0
2010-06-18,16.9881,17.1043,16.932,17.0201,1143000.0
2010-06-21,17.1764,17.3046,16.912,16.9881,416025.0
2010-06-22,16.9881,17.1644,16.7477,16.7477,751725.0
2010-06-23,16.7357,16.8358,16.5233,16.7196,535050.0
2010-06-24,16.6034,16.6756,16.4312,16.4552,703575.0
2010-06-25,16.5313,16.6595,16.3711,16.5433,721800.0
2010-06-28,16.4953,16.7036,16.3951,16.6034,727650.0
2010-06-29,16.4271,16.4392,16.1066,16.2228,1387575.0
2010-06-30,16.2108,16.339,16.0385,16.0866,1345950.0
2010-07-01,16.0866,16.1627,15.9023,16.0666,2163150.0
2010-07-02,16.1707,16.323,16.1226,16.2348,1196550.0
2010-07-06,16.4312,16.5794,16.0545,16.1747,976725.0
2010-07-07,16.2469,16.5914,16.2148,16.5914,2012175.0
2010-07-08,16.7236,16.8639,16.6315,16.7637,1539675.0
2010-07-09,16.7958,17.0201,16.7797,17.0201,781875.0
2010-07-12,16.9881,17.0241,16.8038,16.96,786375.0
2010-07-13,17.1443,17.3567,16.9921,17.3326,1039275.0
2010-07-14,17.2766,17.4288,17.2245,17.3727,730575.0
2010-07-15,17.3367,17.3607,17.0281,17.2605,760050.0
2010-07-16,17.2044,17.2044,16.7317,16.7597,729225.0
2010-07-19,16.8318,16.9801,16.6635,16.94,351000.0
2010-07-20,16.7397,17.1724,16.6395,17.1243,593100.0
2010-07-21,17.7533,18.0619,17.557,17.6251,2204100.0
2010-07-22,17.8255,18.0899,17.7774,17.8535,1458900.0
2010-07-23,17.8575,18.174,17.6171,18.126,2541600.0
2010-07-26,18.142,18.5146,18.1099,18.4705,1349325.0
2010-07-27,18.6268,18.6268,17.8695,17.9376,1765350.0
2010-07-28,17.9336,18.0979,17.8014,17.8495,891000.0
2010-07-29,17.9577,17.9737,17.533,17.6892,1069875.0
2010-07-30,17.537,18.0258,17.3968,17.7373,674550.0
2010-08-02,18.0298,18.0298,17.8775,17.9697,1216125.0
2010-08-03,17.8936,18.0418,17.7734,17.9376,640800.0
2010-08-04,18.0739,18.2181,17.9577,18.1099,748575.0
2010-08-05,17.9417,18.2462,17.7974,18.1861,931050.0
2010-08-06,17.9857,18.2462,17.8094,18.2221,1002600.0
2010-08-09,18.2622,18.4665,18.2221,18.4385,842175.0
2010-08-10,18.178,18.2502,17.9777,18.182,623925.0
2010-08-11,17.7974,17.8415,17.4208,17.6331,1034100.0
2010-08-12,17.2926,17.525,17.2084,17.3968,878625.0
2010-08-13,17.4008,17.4809,17.3006,17.3326,876150.0
2010-08-16,17.2044,17.4368,17.0802,17.3767,603450.0
2010-08-17,17.537,17.8495,17.517,17.7293,711900.0
2010-08-18,17.6652,17.7453,17.4729,17.6772,436950.0
2010-08-19,17.5971,17.6211,17.2886,17.3567,527400.0
2010-08-20,17.2565,17.3367,17.0642,17.2766,671400.0
2010-08-23,17.3166,17.4649,17.1363,17.1483,367875.0
2010-08-24,16.912,17.1443,16.6756,16.9801,690075.0
2010-08-25,16.8478,17.0762,16.7196,17.0081,591075.0
2010-08-26,17.1003,17.3046,17.0602,17.1924,1135800.0
2010-08-27,17.3086,17.565,16.9801,17.521,906975.0
2010-08-30,17.4288,17.4929,17.1163,17.1323,457425.0
2010-08-31,17.0602,17.3046,16.956,17.2245,1195200.0
2010-09-01,17.517,17.8174,17.4328,17.7093,1170000.0
2010-09-02,17.7814,17.9096,17.7013,17.8976,961650.0
2010-09-03,18.0578,18.3463,18.0578,18.2462,936900.0
2010-09-07,18.2381,18.2381,17.9216,17.9457,584775.0
2010-09-08,17.9497,18.122,17.9417,18.0418,691200.0
2010-09-09,18.2982,18.3022,17.9336,17.9737,512100.0
2010-09-10,18.0298,18.17,17.9977,18.0578,934425.0
2010-09-13,18.1739,18.3504,18.1177,18.3022,1430550.0
2010-09-14,18.2461,18.4507,18.202,18.3263,1528875.0
2010-09-15,18.2983,18.4748,18.21,18.4547,684225.0
2010-09-16,18.3825,18.555,18.3625,18.4026,651600.0
2010-09-17,18.3946,18.551,18.3424,18.4587,721575.0
2010-09-20,18.4948,18.6954,18.4507,18.6834,746325.0
2010-09-21,18.6834,18.7636,18.539,18.6313,569700.0
2010-09-22,18.559,18.7316,18.2782,18.4507,656325.0
2010-09-23,18.2902,18.551,18.1859,18.194,712350.0
2010-09-24,18.4226,18.6995,18.4226,18.6754,719775.0
2010-09-27,18.6754,18.8559,18.4788,18.7035,753300.0
2010-09-28,18.7476,19.205,18.559,19.1287,1669500.0
2010-09-29,19.0044,19.1568,18.9241,19.0405,722700.0
2010-09-30,19.1327,19.5018,19.1327,19.1648,2144250.0
2010-10-01,19.225,19.3253,18.9843,19.2611,904950.0
2010-10-04,19.205,19.3133,19.0324,19.1809,1007775.0
2010-10-05,19.3574,19.8108,19.3333,19.7506,1251675.0
2010-10-06,19.7145,19.895,19.3414,19.4577,1358325.0
2010-10-07,19.5139,19.554,19.225,19.3694,648675.0
2010-10-08,19.3694,19.4216,19.225,19.3534,904275.0
2010-10-11,19.3935,19.566,19.3133,19.5058,601200.0
2010-10-12,19.4657,19.6382,19.229,19.566,1086750.0
2010-10-13,19.7265,20.0595,19.6663,19.9712,866700.0
2010-10-14,19.9752,20.0154,19.7024,19.7385,778500.0
2010-10-15,19.9231,19.9632,19.57,19.6463,1032075.0
2010-10-18,19.7385,19.9311,19.7225,19.907,809325.0
2010-10-19,19.6262,19.7305,19.4096,19.5821,1003050.0
2010-10-20,19.6543,19.9431,19.6142,19.907,717075.0
2010-10-21,19.9512,20.1999,19.891,20.1317,1023075.0
2010-10-22,20.0836,20.1518,19.879,20.0073,876825.0
2010-10-25,20.1116,20.3845,20.1116,20.1758,973350.0
2010-10-26,20.2601,21.7445,20.1638,21.5198,4069350.0
2010-10-27,21.4556,21.4556,20.9541,21.1828,1778625.0
2010-10-28,21.2871,21.3834,21.0946,21.3553,1303200.0
2010-10-29,21.3313,21.7244,21.2791,21.6843,1619325.0
2010-11-01,21.7244,22.266,21.6963,21.905,2473650.0
2010-11-02,22.0534,22.1938,21.8488,22.0374,986175.0
2010-11-03,22.0654,22.2018,21.8528,22.0855,1026000.0
2010-11-04,22.3302,22.6111,22.2861,22.583,1170000.0
2010-11-05,22.5148,22.8157,22.5148,22.6993,644625.0
2010-11-08,22.5549,22.6833,22.4466,22.5469,1005750.0
2010-11-09,22.599,22.7073,22.4345,22.5709,1225125.0
2010-11-10,22.6111,22.6793,22.4024,22.6672,743400.0
2010-11-11,22.3142,22.4305,21.9892,22.1296,1572300.0
2010-11-12,21.9651,22.2259,21.8929,22.0012,538200.0
2010-11-15,22.1015,22.2741,21.9371,22.1216,893700.0
2010-11-16,21.9972,22.0374,21.5319,21.7806,732825.0
2010-11-17,21.8087,22.0012,21.7164,21.9571,506925.0
2010-11-18,22.1898,22.5348,22.1898,22.3703,795375.0
2010-11-19,22.3382,22.4185,22.1818,22.3864,375750.0
2010-11-22,22.3583,22.8437,22.258,22.7956,962325.0
2010-11-23,22.7033,22.7434,22.5148,22.7114,993825.0
2010-11-24,22.7796,23.4776,22.7555,23.4656,2500425.0
2010-11-26,23.3091,23.5579,23.1446,23.3492,448425.0
2010-11-29,23.1928,23.3212,23.0203,23.3091,996975.0
2010-11-30,23.1366,23.947,23.0443,23.7384,2074500.0
2010-12-01,24.0914,24.8778,24.0834,24.7935,1969650.0
2010-12-02,24.7334,24.8216,24.3482,24.4284,2109375.0
2010-12-03,24.28,24.4244,24.1958,24.292,1808550.0
2010-12-06,24.2319,24.3683,24.0112,24.0353,1703250.0
2010-12-07,24.2884,24.3487,23.8947,24.0273,1506600.0
2010-12-08,24.0755,24.196,23.9268,23.967,835200.0
2010-12-09,24.1398,24.1679,23.8906,24.0192,1109700.0
2010-12-10,24.1277,24.188,23.9871,24.1398,1203075.0
2010-12-13,24.2081,24.3728,24.0232,24.1157,1612575.0
2010-12-14,24.1478,24.2,24.0232,24.1277,1494900.0
2010-12-15,24.0755,24.4933,23.9268,24.0031,1563750.0
2010-12-16,24.0715,24.3206,23.9268,24.2884,1521225.0
2010-12-17,24.1679,24.2683,23.7942,23.7942,1653525.0
2010-12-20,23.963,24.0433,23.3482,23.8023,2059875.0
2010-12-21,23.8424,24.0755,23.8183,24.0473,1643850.0
2010-12-22,24.3849,24.3849,23.6677,23.6857,1335300.0
2010-12-23,23.6616,23.8123,23.5652,23.752,953400.0
2010-12-27,23.6978,23.7882,23.5592,23.6978,388050.0
2010-12-28,23.7159,23.8786,23.6134,23.8485,737700.0
2010-12-29,23.8605,23.8846,23.6255,23.7882,636750.0
2010-12-30,23.7279,23.9328,23.6918,23.6978,411900.0
2010-12-31,23.6918,23.8183,23.6194,23.6556,369150.0
2011-01-03,23.752,24.1076,23.752,23.9027,558450.0
2011-01-04,23.9087,23.963,23.3121,23.5531,641400.0
2011-01-05,23.4205,23.8485,23.4205,23.6918,636900.0
2011-01-06,23.6375,23.8123,23.5351,23.7098,534750.0
2011-01-07,23.7701,23.8424,23.3844,23.6918,749850.0
2011-01-10,23.529,23.6857,23.1313,23.5833,957600.0
2011-01-11,23.6134,23.8906,23.5893,23.6677,567150.0
2011-01-12,23.8605,24.1016,23.7339,24.0895,564300.0
2011-01-13,24.1317,24.2764,23.9931,24.2764,916500.0
2011-01-14,24.1799,24.3909,24.1799,24.3065,602250.0
2011-01-18,24.2221,24.7043,24.1257,24.7043,830550.0
2011-01-19,24.6259,24.7645,24.0112,24.0715,756750.0
2011-01-20,23.9811,24.0534,23.6014,23.7279,786000.0
2011-01-21,23.746,24.8248,23.7038,24.3607,1472250.0
2011-01-24,24.2884,24.3547,23.975,24.3005,914550.0
2011-01-25,24.2703,24.4391,24.1378,24.4391,660750.0
2011-01-26,24.5717,24.7103,24.3607,24.5717,975900.0
2011-01-27,24.7645,25.6143,24.0172,24.1498,1347150.0
2011-01-28,24.2101,24.2884,23.3301,23.511,1353900.0
2011-01-31,23.5471,24.6983,23.517,24.5777,1462500.0
2011-02-01,24.7645,25.2829,24.638,25.2226,1312650.0
2011-02-02,25.1141,25.307,24.9273,24.9815,751800.0
2011-02-03,24.9695,24.9936,24.644,24.7645,966000.0
2011-02-04,24.861,25.1201,24.7766,25.1021,578400.0
2011-02-07,25.1804,25.4817,25.1744,25.2949,630300.0
2011-02-08,25.3371,25.976,25.3371,25.9398,1179900.0
2011-02-09,25.8193,26.0724,25.6143,25.7168,589650.0
2011-02-10,25.536,27.0186,25.4697,26.428,2168700.0
2011-02-11,26.3135,26.4762,26.1869,26.3436,704700.0
2011-02-14,26.2894,26.3798,25.7951,26.1869,970800.0
2011-02-15,26.0362,26.1025,25.7108,25.9157,644100.0
2011-02-16,25.9518,26.1688,25.6867,25.8675,845850.0
2011-02-17,25.8313,25.994,25.7831,25.8795,526800.0
2011-02-18,25.8675,26.0121,25.6987,25.988,689100.0
2011-02-22,25.6806,25.7951,25.09,25.1262,851550.0
2011-02-23,25.1141,25.2045,24.5295,24.9454,1344750.0
2011-02-24,24.9574,25.1503,24.6681,24.8248,976050.0
2011-02-25,24.9936,25.3974,24.9454,25.3974,803400.0
2011-02-28,25.4637,25.5541,25.1925,25.2829,616650.0
2011-03-01,25.4215,25.4215,24.7344,24.9514,705150.0
2011-03-02,24.861,25.6083,24.861,25.3733,839850.0
2011-03-03,25.5842,26.205,25.5842,25.9639,926250.0
2011-03-04,25.976,25.976,25.3009,25.5963,557850.0
2011-03-07,25.753,25.8735,25.0538,25.2949,484800.0
2011-03-08,25.3672,25.771,25.1563,25.5842,451800.0
2011-03-09,25.5842,25.8856,25.319,25.7951,912750.0
2011-03-10,25.4396,25.5661,24.8429,25.084,684150.0
2011-03-11,24.8911,25.4817,24.855,25.307,684600.0
2011-03-14,24.982,25.1449,24.481,24.6802,964200.0
2011-03-15,24.1309,24.7104,23.63,24.5353,1257000.0
2011-03-16,24.4629,24.5776,24.1611,24.2637,1092000.0
2011-03-17,24.6802,24.8492,24.5232,24.5957,537450.0
2011-03-18,24.9276,25.0725,24.6319,24.7405,740100.0
2011-03-21,25.0846,25.6519,25.0544,25.5372,552750.0
2011-03-22,25.495,25.5614,25.1751,25.1932,593700.0
2011-03-23,25.1147,25.3562,24.7949,25.2536,449700.0
2011-03-24,25.4045,25.5674,25.0484,25.5131,526650.0
2011-03-25,25.5614,25.9658,25.4045,25.7485,508650.0
2011-03-28,25.7183,25.7666,25.4467,25.5252,437850.0
2011-03-29,25.489,25.9416,25.2958,25.9054,389700.0
2011-03-30,26.0503,26.1529,25.8813,26.1348,426000.0
2011-03-31,26.1106,26.4788,25.9235,26.4788,673200.0
2011-04-01,26.5694,26.9496,26.503,26.9315,1004100.0
2011-04-04,26.9255,26.9556,26.6358,26.9315,556200.0
2011-04-05,26.8772,26.9556,26.684,26.7021,571200.0
2011-04-06,26.8591,27.0341,26.5694,26.9315,615600.0
2011-04-07,26.8893,26.9617,26.3641,26.6056,854250.0
2011-04-08,26.7444,26.7806,25.996,26.1831,663450.0
2011-04-11,26.1831,26.2917,25.7183,25.8571,665700.0
2011-04-12,25.7062,25.7062,25.3743,25.5493,579300.0
2011-04-13,25.6399,25.9296,25.6157,25.839,623400.0
2011-04-14,25.6157,25.67,25.3622,25.5554,880350.0
2011-04-15,26.9798,27.3178,26.4607,27.0341,4838100.0
2011-04-18,26.8168,27.191,26.3279,26.5935,1129500.0
2011-04-19,26.672,26.847,26.3581,26.8229,1245450.0
2011-04-20,27.2152,27.5592,27.1005,27.517,1014750.0
2011-04-21,27.6739,27.9697,27.5532,27.8972,620400.0
2011-04-25,27.6196,27.9576,27.4566,27.8731,1069500.0
2011-04-26,28.0662,28.362,27.9817,28.2292,948600.0
2011-04-27,28.2533,28.368,27.9093,28.2232,1613100.0
2011-04-28,27.9214,28.1387,27.3661,27.7282,911400.0
2011-04-29,27.8489,28.0059,27.7041,27.7886,1235850.0
2011-05-02,27.7946,27.8067,27.4264,27.4928,893700.0
2011-05-03,27.3902,27.4868,26.8772,27.0039,950850.0
2011-05-04,27.0281,27.0884,26.3641,26.7021,1045800.0
2011-05-05,26.4909,27.022,26.4004,26.5573,810600.0
2011-05-06,26.9074,27.0884,26.8229,26.9315,1138650.0
2011-05-09,26.7866,27.1609,26.7866,26.9979,795600.0
2011-05-10,27.0281,27.2393,26.9255,27.1246,2325450.0
2011-05-11,27.1609,27.3118,26.4426,26.5814,932100.0
2011-05-12,26.503,26.7565,26.1529,26.6116,948750.0
2011-05-13,26.5935,26.7685,26.2012,26.2978,747150.0
2011-05-16,26.0986,26.3823,25.8571,25.8813,1156500.0
2011-05-17,25.7002,25.7425,25.2234,25.4527,1203300.0
2011-05-18,25.3743,26.0382,25.2898,25.9839,651450.0
2011-05-19,26.0744,26.3521,25.8813,26.0201,580950.0
2011-05-20,25.9718,26.0201,25.5795,25.7183,479850.0
2011-05-23,25.3079,25.4226,24.9518,25.3381,663900.0
2011-05-24,25.3984,25.489,24.6922,24.7466,1180800.0
2011-05-25,24.5595,25.5735,24.3723,25.5493,1732500.0
2011-05-26,25.4165,25.658,25.2777,25.5976,941250.0
2011-05-27,25.5312,25.9839,25.3682,25.7425,577800.0
2011-05-31,26.0141,26.2555,25.7968,26.2495,779850.0
2011-06-01,26.1408,26.3038,25.3864,25.3984,1212150.0
2011-06-02,25.3864,25.7606,25.3743,25.6881,909750.0
2011-06-03,25.2355,25.8632,25.1932,25.5493,1498500.0
2011-06-06,25.4346,25.6097,25.2234,25.2837,1013850.0
2011-06-07,25.4648,25.8511,25.3139,25.6036,1254150.0
2011-06-08,25.4829,25.489,25.1751,25.2234,771000.0
2011-06-09,25.2717,25.4829,25.0725,25.3864,565200.0
2011-06-10,25.2596,25.2777,24.9397,25.0785,701550.0
2011-06-13,25.0607,25.2179,24.8069,24.8431,968250.0
2011-06-14,25.1333,25.4113,25.0668,25.2965,671100.0
2011-06-15,25.0366,25.2421,24.9519,25.091,1083150.0
2011-06-16,25.091,25.1695,24.5046,24.7706,1096500.0
2011-06-17,24.9943,25.1333,24.6618,24.7222,1364250.0
2011-06-20,24.6558,24.9761,24.5651,24.9459,816750.0
2011-06-21,25.1454,25.8465,25.0245,25.6833,870750.0
2011-06-22,25.5806,26.1125,25.5504,25.8405,922950.0
2011-06-23,25.4657,26.0702,25.0668,26.0037,1219800.0
2011-06-24,26.0581,26.1548,25.6471,25.7015,682350.0
2011-06-27,25.5504,25.774,25.2058,25.6048,833400.0
2011-06-28,25.6833,26.3724,25.5745,26.312,681300.0
2011-06-29,26.4449,26.9104,26.0883,26.8983,1203300.0
2011-06-30,26.9587,27.3093,26.7895,27.1401,1417050.0
2011-07-01,27.2851,27.6297,27.1884,27.5813,1300050.0
2011-07-05,27.4725,27.6539,27.4,27.5692,728250.0
2011-07-06,27.539,27.7989,27.3456,27.7989,817800.0
2011-07-07,27.9561,28.1616,27.8231,27.8956,832350.0
2011-07-08,27.5511,27.6659,27.2912,27.5874,725250.0
2011-07-11,27.2428,27.5209,26.8922,26.9406,1126050.0
2011-07-12,26.8802,27.1159,26.6142,26.9406,935100.0
2011-07-13,27.0434,27.3214,26.9043,27.2005,841800.0
2011-07-14,27.3154,27.3154,26.4993,26.6081,906000.0
2011-07-15,26.7169,26.7472,26.2273,26.5598,817200.0
2011-07-18,26.4087,26.4389,25.913,26.1064,623400.0
2011-07-19,26.2636,26.5719,26.1971,26.5054,489900.0
2011-07-20,26.6021,26.6867,26.3059,26.5779,506700.0
2011-07-21,26.6746,27.1159,26.5779,27.0071,705900.0
2011-07-22,26.989,27.1159,26.8318,26.9648,546300.0
2011-07-25,26.6323,27.3758,26.4389,27.267,1407900.0
2011-07-26,26.5961,27.9561,26.3905,27.2912,1693950.0
2011-07-27,27.5692,27.811,26.2878,26.3966,1149600.0
2011-07-28,26.4147,26.4812,25.8163,25.8344,895200.0
2011-07-29,25.508,25.9009,25.2663,25.6894,908250.0
2011-08-01,25.9916,26.0823,25.3871,25.6773,813000.0
2011-08-02,25.363,25.7136,24.547,24.5832,1942350.0
2011-08-03,24.5893,24.7404,24.009,24.7041,1269450.0
2011-08-04,24.2689,24.3838,23.0963,23.1144,1276200.0
2011-08-05,23.465,23.5012,21.9599,22.389,2665200.0
2011-08-08,21.6395,21.9417,20.3883,20.3943,2245350.0
2011-08-09,20.8356,22.3165,20.3158,22.2923,3043200.0
2011-08-10,21.6456,21.9901,21.3192,21.4098,2628900.0
2011-08-11,21.5307,23.2292,21.4401,22.9391,1186050.0
2011-08-12,23.0479,23.2534,22.6308,23.1325,1698300.0
2011-08-15,23.2957,23.5738,23.1386,23.4831,828450.0
2011-08-16,23.2111,23.3743,22.8605,23.0842,982950.0
2011-08-17,23.2413,23.3924,22.6731,22.9028,719100.0
2011-08-18,22.1775,22.2258,21.2043,21.4038,826200.0
2011-08-19,21.023,21.8511,20.9928,21.0774,922800.0
2011-08-22,21.6939,21.839,21.0713,21.2889,961050.0
2011-08-23,21.4401,22.2984,21.1922,22.2923,542550.0
2011-08-24,22.2319,22.6671,22.0929,22.3286,1289400.0
2011-08-25,22.5402,22.7155,21.706,21.845,931050.0
2011-08-26,21.6456,22.4858,21.3131,22.3044,1122000.0
2011-08-29,22.5522,23.1386,22.5522,23.0842,975450.0
2011-08-30,22.8968,23.7672,22.8484,23.5859,1152750.0
2011-08-31,23.737,24.2387,23.326,23.6221,891300.0
2011-09-01,23.6221,23.87,23.0781,23.1567,860700.0
2011-09-02,22.4374,22.7819,22.0203,22.1775,630750.0
2011-09-06,21.4098,22.5099,21.4038,22.2984,1221900.0
2011-09-07,22.7336,22.9995,22.6308,22.9331,511500.0
2011-09-08,22.7094,22.9995,22.6429,22.8968,1648350.0
2011-09-09,22.6006,22.7275,21.839,21.9901,1255800.0
2011-09-12,21.5307,21.8148,21.2224,21.7544,1413150.0
2011-09-13,21.9106,22.5644,21.7108,22.4978,1452900.0
2011-09-14,22.7582,23.3878,22.1104,23.1093,1009200.0
2011-09-15,23.3212,23.5634,23.0912,23.521,1057050.0
2011-09-16,23.3394,23.6603,23.1759,23.2728,1087200.0
2011-09-19,22.7219,23.2728,22.4736,23.1154,702750.0
2011-09-20,23.2304,23.3394,22.5221,22.5221,1127100.0
2011-09-21,22.4978,22.6855,21.6926,21.6987,958800.0
2011-09-22,20.954,21.0024,19.949,20.2941,1770450.0
2011-09-23,20.2396,20.4333,19.7795,19.9308,2349750.0
2011-09-26,20.0277,21.5473,19.8824,21.5049,1978500.0
2011-09-27,21.8621,21.9651,21.2325,21.4202,1536600.0
2011-09-28,21.5776,21.6684,20.7058,20.7239,1483050.0
2011-09-29,21.2628,21.4747,20.397,20.845,1711650.0
2011-09-30,20.4575,20.5907,19.955,19.9611,2806350.0
2011-10-03,19.7431,20.179,18.9803,19.0287,2284050.0
2011-10-04,18.7744,20.506,18.6897,20.4394,2166150.0
2011-10-05,20.5484,21.3717,20.2699,21.2507,1581300.0
2011-10-06,21.2385,21.9287,21.0145,21.9227,992550.0
2011-10-07,21.953,21.953,21.2749,21.4686,1266600.0
2011-10-10,21.9409,22.3404,21.7834,22.3404,747600.0
2011-10-11,22.1951,22.5523,22.0862,22.3404,717900.0
2011-10-12,22.6129,23.1093,22.5523,22.7945,1288650.0
2011-10-13,22.6068,22.8066,22.3465,22.7037,1109400.0
2011-10-14,23.1093,23.1517,22.5221,23.1033,1155000.0
2011-10-17,23.0064,23.0851,22.3465,22.4191,658200.0
2011-10-18,22.5281,23.412,22.183,23.291,748950.0
2011-10-19,23.1336,23.3394,22.7037,22.7763,650700.0
2011-10-20,22.7703,23.0246,22.3283,22.8066,532200.0
2011-10-21,23.1457,23.291,22.8611,23.2789,496500.0
2011-10-24,23.4363,24.2778,23.3515,24.1809,1250550.0
2011-10-25,23.7632,24.1386,22.9035,23.5089,1402950.0
2011-10-26,23.9448,23.9509,22.8793,23.521,770400.0
2011-10-27,24.5382,25.1799,24.3565,24.8651,975000.0
2011-10-28,24.8772,24.9983,24.6471,24.8167,699900.0
2011-10-31,24.4171,24.4716,23.9024,23.9267,666900.0
2011-11-01,22.7521,23.6784,22.6795,23.0125,1144500.0
2011-11-02,23.4302,23.9085,23.3031,23.745,828300.0
2011-11-03,24.1628,25.1254,23.8722,24.9741,1625250.0
2011-11-04,24.8045,24.8409,24.4231,24.6956,711150.0
2011-11-07,24.5866,24.6653,24.0175,24.6108,847350.0
2011-11-08,24.8227,25.077,24.5442,25.0407,1117200.0
2011-11-09,24.3626,24.4292,23.7148,23.8903,559500.0
2011-11-10,24.302,24.6108,23.9327,24.5018,1154550.0
2011-11-11,24.8651,25.4947,24.7985,25.3736,950400.0
2011-11-14,25.2223,25.2949,24.8348,24.9983,607500.0
2011-11-15,24.8954,25.7551,24.8288,25.5977,706950.0
2011-11-16,25.2283,25.5856,24.9559,24.9741,568950.0
2011-11-17,24.8651,25.0346,24.2597,24.4473,523650.0
2011-11-18,24.6713,24.6956,24.3989,24.4231,540300.0
2011-11-21,23.969,24.2899,23.7753,24.1446,755100.0
2011-11-22,24.0417,24.3081,23.7208,23.9085,415200.0
2011-11-23,23.5634,23.6603,23.1093,23.1638,654300.0
2011-11-25,23.1033,23.3152,22.9095,22.9338,386550.0
2011-11-28,23.8177,24.3807,23.624,24.2899,731850.0
2011-11-29,24.3505,24.8772,24.1749,24.5018,1223100.0
2011-11-30,25.4766,26.1123,25.3131,25.9367,1222050.0
2011-12-01,25.7975,26.0154,25.5916,25.6461,592200.0
2011-12-02,26.0517,26.3,25.7672,25.8035,823350.0
2011-12-05,26.1791,26.4761,25.8335,26.0517,708300.0
2011-12-06,26.0578,26.1791,25.7425,25.985,440250.0
2011-12-07,25.7304,25.9365,25.2514,25.8395,383250.0
2011-12-08,25.5364,25.7062,24.9726,25.0392,621000.0
2011-12-09,25.2272,26.0154,25.0635,25.9547,594600.0
2011-12-12,25.5788,25.6395,25.015,25.3606,606900.0
2011-12-13,25.6213,25.7304,24.6209,24.8695,597450.0
2011-12-14,24.8634,24.9786,24.1298,24.245,781800.0
2011-12-15,24.4936,24.5057,23.8994,24.3178,1117500.0
2011-12-16,24.536,25.0878,24.3966,24.5906,1248900.0
2011-12-19,24.7664,24.9907,23.9965,24.0995,625200.0
2011-12-20,24.633,24.918,24.4997,24.8695,1409250.0
2011-12-21,24.7361,24.9059,24.2996,24.8998,726750.0
2011-12-22,24.918,25.3303,24.7846,25.306,842850.0
2011-12-23,25.403,25.5606,25.2696,25.4879,308850.0
2011-12-27,25.4515,25.8577,25.397,25.7304,348300.0
2011-12-28,25.6577,25.688,24.9726,25.0271,427500.0
2011-12-29,25.1544,25.397,25.0392,25.3303,587400.0
2011-12-30,25.3788,25.6334,25.2878,25.5243,547800.0
2012-01-03,26.2579,26.3003,25.4091,25.6152,879600.0
2012-01-04,25.4333,26.0275,25.397,25.9669,578700.0
2012-01-05,25.7728,26.4822,25.4758,26.3973,838350.0
2012-01-06,26.3246,26.4094,26.0335,26.082,575100.0
2012-01-09,26.2336,26.2882,26.0214,26.0881,853200.0
2012-01-10,26.4276,26.755,26.3427,26.6944,794250.0
2012-01-11,26.6519,26.9551,26.6034,26.8702,749550.0
2012-01-12,27.2643,27.8099,27.0339,27.719,1080750.0
2012-01-13,27.4159,27.9373,27.2279,27.9009,1367700.0
2012-01-17,28.1009,28.3435,27.5796,27.5856,1345350.0
2012-01-18,27.6038,27.6341,27.2704,27.428,1977750.0
2012-01-19,27.4765,28.301,27.3916,27.9736,1333650.0
2012-01-20,27.8827,27.9736,27.6281,27.6887,785850.0
2012-01-23,27.7129,28.1131,27.6159,27.9494,828300.0
2012-01-24,27.7432,28.1616,27.5917,28.0828,950400.0
2012-01-25,28.0646,28.495,28.0039,28.392,1069650.0
2012-01-26,28.0888,28.9497,27.3067,28.5375,1407900.0
2012-01-27,28.3495,28.7012,28.1919,28.2222,873900.0
2012-01-30,28.0464,28.6466,27.9009,28.5496,1054650.0
2012-01-31,28.7072,28.7375,28.301,28.495,1153950.0
2012-02-01,28.9073,29.2408,28.689,29.2104,1321350.0
2012-02-02,29.2044,29.2408,28.6466,28.6769,894750.0
2012-02-03,29.1922,29.4105,29.0589,29.2226,1081950.0
2012-02-06,29.071,29.362,29.0043,29.2347,620550.0
2012-02-07,29.0952,29.4711,28.9437,29.2589,794850.0
2012-02-08,29.2893,29.4772,28.9922,29.2165,448650.0
2012-02-09,29.3984,29.4954,28.9982,29.4166,651000.0
2012-02-10,29.0407,29.1437,28.7982,28.9619,450750.0
2012-02-13,29.3984,29.459,28.8588,29.3438,554400.0
2012-02-14,29.1256,29.4711,29.071,29.4651,686400.0
2012-02-15,29.6166,29.6348,28.9437,29.071,808950.0
2012-02-16,29.1316,29.8895,29.1013,29.7561,760500.0
2012-02-17,29.8592,30.138,29.3378,29.5439,834150.0
2012-02-21,29.5257,29.6955,29.3923,29.4833,654300.0
2012-02-22,29.5257,29.5924,29.2044,29.3196,1007100.0
2012-02-23,29.3681,29.4166,28.9376,29.3499,530550.0
2012-02-24,29.3802,29.4711,29.1801,29.2529,642750.0
2012-02-27,28.9619,29.2165,28.592,28.9012,1419300.0
2012-02-28,28.9922,29.0528,28.7133,28.9134,1329000.0
2012-02-29,29.0043,29.2589,28.8588,28.8588,1005900.0
2012-03-01,28.9861,29.3256,28.974,29.1801,750150.0
2012-03-02,29.0771,29.2893,28.7315,28.7921,594300.0
2012-03-05,28.78,28.786,28.4526,28.7194,593550.0
2012-03-06,28.2828,28.3677,27.8827,28.1858,1120950.0
2012-03-07,28.2707,28.5253,28.2343,28.5011,698400.0
2012-03-08,28.689,28.8891,28.3677,28.8042,704250.0
2012-03-09,28.7921,29.3135,28.6951,29.1741,699300.0
2012-03-12,29.1377,29.265,28.9497,29.2165,624300.0
2012-03-13,29.4345,29.6651,29.2706,29.6651,1054050.0
2012-03-14,29.6651,29.6651,29.392,29.5498,763800.0
2012-03-15,29.6651,29.6894,29.4648,29.568,797100.0
2012-03-16,29.5984,29.7319,29.4952,29.5316,977550.0
2012-03-19,29.483,29.6894,29.2099,29.5012,616500.0
2012-03-20,29.2524,29.3677,29.0521,29.2159,589950.0
2012-03-21,29.3313,29.4041,29.0338,29.2645,488250.0
2012-03-22,28.9914,29.0703,28.5422,28.9428,623400.0
2012-03-23,28.9428,29.0885,28.6453,28.9914,347100.0
2012-03-26,29.2888,29.4891,29.1613,29.4527,509100.0
2012-03-27,29.4345,29.738,29.2038,29.4891,1114500.0
2012-03-28,29.5012,29.5012,28.7607,29.2645,816300.0
2012-03-29,29.0885,29.3616,28.6393,29.3434,1368450.0
2012-03-30,29.477,29.6591,29.3374,29.4466,1106100.0
2012-04-02,29.3677,29.9747,29.2706,29.7501,884850.0
2012-04-03,29.7683,29.8594,29.5316,29.8412,1050150.0
2012-04-04,29.5862,29.5862,29.0703,29.4041,543150.0
2012-04-05,29.2645,29.4102,29.2038,29.3495,507150.0
2012-04-09,28.9246,29.0824,28.6271,28.9428,647850.0
2012-04-10,28.9185,28.9185,28.3965,28.5361,1265700.0
2012-04-11,28.8153,28.8457,28.5846,28.785,498750.0
2012-04-12,28.7971,29.4527,28.7364,29.2888,529800.0
2012-04-13,29.1492,29.3191,28.8699,28.9246,609750.0
2012-04-16,29.0703,29.131,28.7789,28.9185,1078350.0
2012-04-17,29.2706,29.8958,29.1249,29.6469,952050.0
2012-04-18,29.5195,29.7744,29.3738,29.7623,858150.0
2012-04-19,29.6955,30.0233,29.3616,29.6287,1318650.0
2012-04-20,29.8473,30.0718,29.6834,29.738,607950.0
2012-04-23,29.2827,29.3677,28.8578,29.3556,825300.0
2012-04-24,29.3738,29.4527,29.1006,29.4466,753750.0
2012-04-25,29.8169,29.9929,29.5984,29.8776,1145700.0
2012-04-26,29.7319,30.7942,29.3495,30.4361,1578000.0
2012-04-27,30.4179,30.8853,30.084,30.7274,1061100.0
2012-04-30,30.6728,30.7517,30.3693,30.5514,1112700.0
2012-05-01,30.8063,31.5651,30.5575,31.0006,1836000.0
2012-05-02,30.6728,31.0674,30.5453,31.037,832200.0
2012-05-03,30.9945,31.037,30.5514,30.6728,865800.0
2012-05-04,30.5332,30.5332,30.0111,30.4361,1114650.0
2012-05-07,30.3207,30.4482,30.2175,30.3754,1241700.0
2012-05-08,30.1629,30.9156,29.9322,30.8853,1480800.0
2012-05-09,30.5332,30.6485,30.169,30.4482,738000.0
2012-05-10,30.6849,30.8306,30.3025,30.4603,767100.0
2012-05-11,30.175,30.7821,30.175,30.521,665550.0
2012-05-14,30.2297,30.521,29.9262,30.2054,576450.0
2012-05-15,30.2479,30.3936,29.908,30.0415,921300.0
2012-05-16,30.1933,30.3996,29.9626,30.0051,1067250.0
2012-05-17,29.9747,29.9747,29.1917,29.2463,1795350.0
2012-05-18,29.3313,29.7137,29.1492,29.3191,1861800.0
2012-05-21,29.4952,29.8594,29.2888,29.738,1579500.0
2012-05-22,29.738,30.084,29.5923,29.8533,1350300.0
2012-05-23,29.568,30.1326,29.2524,30.1083,956700.0
2012-05-24,30.1143,30.2297,29.7744,30.1447,799350.0
2012-05-25,30.1143,30.1326,29.7744,29.8776,471450.0
2012-05-29,30.1993,30.6425,30.1811,30.5635,989100.0
2012-05-30,30.0961,30.6849,29.9626,30.5878,1477650.0
2012-05-31,30.5332,30.9278,30.3329,30.7821,1890900.0
2012-06-01,30.084,30.4057,29.477,29.5741,1375500.0
2012-06-04,29.5741,29.9444,29.1006,29.5862,1316550.0
2012-06-05,29.4041,29.9262,29.3495,29.8594,828450.0
2012-06-06,30.1933,30.9581,30.1143,30.9581,1523850.0
2012-06-07,31.4194,31.5044,31.1402,31.1888,1551900.0
2012-06-08,31.1099,31.4862,30.7517,31.4862,1185600.0
2012-06-11,31.9111,32.0143,30.9945,31.0249,1242750.0
2012-06-12,31.2246,31.5773,30.9084,31.553,1143900.0
2012-06-13,31.4435,31.5165,30.5861,30.6713,1542750.0
2012-06-14,30.7868,31.1821,30.6226,30.8537,1272300.0
2012-06-15,30.9996,31.401,30.7625,31.2672,1140000.0
2012-06-18,31.0665,31.553,30.9267,31.5104,823800.0
2012-06-19,31.6989,32.1063,31.5469,31.9117,818100.0
2012-06-20,31.8692,31.9482,31.48,31.626,864600.0
2012-06-21,31.626,31.7476,30.5801,30.6652,998850.0
2012-06-22,30.5436,30.7868,30.3612,30.5922,1111650.0
2012-06-25,30.1727,30.2152,29.6254,29.8321,1696500.0
2012-06-26,29.8565,30.2031,29.5342,30.0814,1934250.0
2012-06-27,29.9477,30.2821,29.9477,30.0085,958650.0
2012-06-28,29.6801,29.7652,28.8106,29.2119,2064150.0
2012-06-29,29.8261,30.349,29.7835,30.349,1203900.0
2012-07-02,30.3916,30.7108,30.1088,30.5649,986500.0
2012-07-03,30.5831,31.1851,30.5649,31.1212,666500.0
2012-07-05,30.8932,31.4861,30.8203,31.3584,829900.0
2012-07-06,31.0209,31.1577,30.5831,30.9297,884100.0
2012-07-09,30.8203,30.9662,30.4007,30.7017,684300.0
2012-07-10,30.8659,31.0118,30.1818,30.4007,1056100.0
2012-07-11,30.4098,30.5375,29.9446,30.1635,974000.0
2012-07-12,30.0085,30.0906,29.4612,29.8534,1070900.0
2012-07-13,30.0358,30.5831,29.9446,30.3277,1280600.0
2012-07-16,30.1818,30.4189,29.9629,30.2912,623900.0
2012-07-17,30.4737,30.5922,30.0814,30.4007,678600.0
2012-07-18,30.273,31.2216,30.2639,31.1212,835600.0
2012-07-19,31.2946,31.477,31.1121,31.2307,572300.0
2012-07-20,30.9115,31.2033,30.8203,30.8203,521100.0
2012-07-23,30.2183,30.6926,30.0997,30.3916,928100.0
2012-07-24,29.3244,29.9811,27.2357,28.7224,5139400.0
2012-07-25,28.8683,29.2788,28.2755,28.3576,1927800.0
2012-07-26,28.7315,29.142,28.0292,28.0383,2638100.0
2012-07-27,28.2299,29.142,28.0748,28.9048,1311500.0
2012-07-30,28.9687,29.0052,28.2207,28.3028,1224000.0
2012-07-31,28.2207,28.4944,28.0292,28.2755,1144400.0
2012-08-01,28.5035,28.6221,27.8468,27.8741,1098700.0
2012-08-02,27.6826,28.0109,27.5549,27.7282,791000.0
2012-08-03,28.2481,28.6221,28.1022,28.4305,792300.0
2012-08-06,28.6038,28.841,28.5582,28.6585,825700.0
2012-08-07,28.9048,29.5615,28.7042,29.37,1476000.0
2012-08-08,29.1785,29.4886,28.9595,29.4156,1338900.0
2012-08-09,29.4703,29.6527,29.2514,29.3791,853600.0
2012-08-10,29.1876,29.7257,29.0599,29.6892,759600.0
2012-08-13,29.5707,29.7531,29.3426,29.7166,699000.0
2012-08-14,29.9355,30.1453,29.7257,29.8352,600200.0
2012-08-15,29.7531,30.2365,29.6984,30.2091,869000.0
2012-08-16,30.2821,30.7838,30.1088,30.729,865800.0
2012-08-17,30.7838,31.1577,30.7108,31.103,854100.0
2012-08-20,30.9662,31.1942,30.8294,31.1669,1317600.0
2012-08-21,31.1942,31.6412,31.1304,31.4405,1176400.0
2012-08-22,31.2854,31.4861,31.1851,31.331,833100.0
2012-08-23,31.2307,31.4679,31.1669,31.2489,755800.0
2012-08-24,31.1669,31.6229,31.0574,31.4314,870700.0
2012-08-27,31.4587,31.632,31.3584,31.5408,1005100.0
2012-08-28,31.3949,31.5955,31.1121,31.3858,1050100.0
2012-08-29,31.3858,31.5864,31.3219,31.4679,883500.0
2012-08-30,31.3037,31.3949,30.9571,31.1851,890800.0
2012-08-31,31.404,31.6959,30.9206,31.2946,986700.0
2012-09-04,31.3675,31.5955,30.8567,31.4679,1060500.0
2012-09-05,31.5226,31.5408,30.9844,31.1121,1148200.0
2012-09-06,31.4314,32.1337,31.3584,32.1337,1131000.0
2012-09-07,32.2796,32.5715,32.1063,32.3617,1313300.0
2012-09-10,32.2705,32.5259,32.1611,32.3617,635400.0
2012-09-11,32.3347,32.5449,32.0515,32.1246,841300.0
2012-09-12,32.2708,32.4718,32.1063,32.3895,698600.0
2012-09-13,32.3987,32.6454,31.9692,32.4626,465400.0
2012-09-14,32.6636,33.0657,32.5814,33.02,1245800.0
2012-09-17,33.02,33.02,32.6545,32.755,712700.0
2012-09-18,32.6545,32.8738,32.5723,32.7824,1157800.0
2012-09-19,32.7185,33.02,32.6636,32.9377,549000.0
2012-09-20,32.755,33.1022,32.6545,33.0931,637000.0
2012-09-21,33.2941,33.4037,32.9926,33.1113,1224200.0
2012-09-24,32.8372,32.8921,32.3621,32.4078,1088600.0
2012-09-25,32.5905,32.9286,32.2433,32.289,1528400.0
2012-09-26,32.3621,32.4444,32.0515,32.2342,1082200.0
2012-09-27,32.3713,32.691,32.152,32.691,787600.0
2012-09-28,32.49,32.618,32.353,32.3895,1648100.0
2012-10-01,32.4078,32.4261,31.421,31.7317,2317400.0
2012-10-02,31.7957,31.8505,31.1835,31.5855,1224000.0
2012-10-03,31.6495,31.7043,30.8363,31.0556,1707800.0
2012-10-04,31.0647,32.4718,30.8637,32.4535,2268000.0
2012-10-05,32.6088,32.7459,31.9784,32.0606,1684800.0
2012-10-08,31.951,32.2159,31.7957,32.152,959800.0
2012-10-09,32.1063,32.152,31.5581,31.8139,926600.0
2012-10-10,31.7591,31.7957,31.4576,31.6403,746500.0
2012-10-11,31.9692,32.0058,31.485,31.5946,702000.0
2012-10-12,31.4667,31.5124,31.0373,31.1652,844200.0
2012-10-15,31.2657,31.8505,31.1469,31.8139,615100.0
2012-10-16,31.9601,32.4169,31.9144,32.3804,648500.0
2012-10-17,32.3804,32.5905,32.289,32.4809,727500.0
2012-10-18,32.4078,32.4809,32.0972,32.3164,1252600.0
2012-10-19,32.1794,32.2068,31.0282,31.1013,1495900.0
2012-10-22,31.0464,31.3388,30.6901,31.019,1203900.0
2012-10-23,30.7358,31.7043,29.8495,31.6495,1451200.0
2012-10-24,31.8322,32.289,31.75,32.2433,1274600.0
2012-10-25,32.3256,32.5723,32.2251,32.4352,897500.0
2012-10-26,32.4809,32.8098,32.4352,32.7276,984900.0
2012-10-31,32.6636,32.8921,32.152,32.4809,1164100.0
2012-11-01,32.4809,34.1164,32.3804,33.9062,1550800.0
2012-11-02,34.089,34.089,33.3763,33.4403,982500.0
2012-11-05,33.4403,33.5682,33.1662,33.4951,1096500.0
2012-11-06,33.6321,33.6595,33.3398,33.422,999200.0
2012-11-07,32.8464,33.2941,32.5997,32.9834,997300.0
2012-11-08,32.9469,33.221,32.8921,32.9012,1290500.0
2012-11-09,32.7093,33.157,32.7093,32.9286,785100.0
2012-11-12,33.02,33.1387,32.9103,32.9469,325200.0
2012-11-13,32.7185,33.1662,32.6728,32.9012,524900.0
2012-11-14,32.9195,33.1753,32.3621,32.5174,1164300.0
2012-11-15,32.3895,32.6454,31.8413,31.9967,845900.0
2012-11-16,31.9967,32.2616,31.6677,32.2068,786500.0
2012-11-19,32.5174,33.1844,32.3621,33.1753,964300.0
2012-11-20,33.1479,33.623,32.8007,33.5773,1126900.0
2012-11-21,33.6139,33.7235,33.3946,33.559,500600.0
2012-11-23,33.7692,34.1621,33.6595,34.0433,339200.0
2012-11-26,33.7052,34.1712,33.4859,34.0341,711700.0
2012-11-27,33.9062,33.9793,33.4585,33.4859,858200.0
2012-11-28,33.2575,33.8514,33.221,33.8514,651800.0
2012-11-29,34.0341,34.0524,33.5499,33.9428,705400.0
2012-11-30,34.0159,34.1529,33.76,34.1072,651400.0
2012-12-03,34.2626,34.427,33.9428,34.1072,982800.0
2012-12-04,34.0524,34.2812,33.8053,34.0707,714300.0
2012-12-05,34.1897,34.6381,33.9609,34.51,840500.0
2012-12-06,34.5374,34.5557,34.2263,34.3544,966400.0
2012-12-07,34.4276,34.5283,33.9609,34.5283,613500.0
2012-12-10,34.6381,34.8577,34.4642,34.7936,926700.0
2012-12-11,34.9675,34.9675,34.3361,34.3361,1101500.0
2012-12-12,34.51,34.7753,34.4184,34.5466,790900.0
2012-12-13,34.5374,34.7113,34.2537,34.2903,886200.0
2012-12-14,34.208,34.3086,34.0249,34.153,826000.0
2012-12-17,34.0524,34.2812,33.8053,34.2629,789700.0
2012-12-18,34.3544,34.693,34.272,34.5283,994600.0
2012-12-19,34.6198,34.7753,34.2903,34.3544,1414200.0
2012-12-20,34.4276,34.5283,34.1347,34.455,781200.0
2012-12-21,33.7961,34.3178,33.787,34.1714,1181600.0
2012-12-24,34.0432,34.3178,33.9334,34.272,210000.0
2012-12-26,34.272,34.3818,33.8144,33.8327,531600.0
2012-12-27,33.8327,34.2903,33.668,34.1439,618400.0
2012-12-28,33.9151,34.272,33.8968,33.9334,555200.0
2012-12-31,33.8419,34.4276,33.7321,34.3818,762600.0
2013-01-02,35.1597,35.4983,34.7753,35.3702,1158100.0
2013-01-03,35.3244,35.5441,35.0773,35.2055,768100.0
2013-01-04,35.3427,35.663,35.1139,35.6173,887200.0
2013-01-07,35.5349,35.5349,35.1506,35.3153,803900.0
2013-01-08,35.1872,35.5349,34.9584,35.2695,763900.0
2013-01-09,35.3153,35.5807,35.1963,35.4617,468800.0
2013-01-10,35.4892,35.599,35.0316,35.4983,914100.0
2013-01-11,35.4983,35.663,35.3244,35.48,1127300.0
2013-01-14,35.4709,35.6722,35.2512,35.3244,573400.0
2013-01-15,35.0682,35.3427,34.995,35.2604,818100.0
2013-01-16,35.2512,35.4434,35.059,35.2329,984600.0
2013-01-17,35.4068,35.8644,35.2695,35.8278,806300.0
2013-01-18,35.782,36.0474,35.5624,36.0199,476000.0
2013-01-22,36.0199,36.5324,35.9925,36.4501,1133900.0
2013-01-23,36.3036,36.505,36.2487,36.3311,754700.0
2013-01-24,36.3036,37.7221,36.1298,37.6123,2378800.0
2013-01-25,37.9417,38.0241,37.2737,37.5848,1722400.0
2013-01-28,37.7404,37.8228,37.356,37.5116,819400.0
2013-01-29,37.4384,37.7862,37.3652,37.7862,852300.0
2013-01-30,37.7862,37.7953,37.3835,37.4476,713700.0
2013-01-31,37.356,37.5482,37.1822,37.5116,774200.0
2013-02-01,37.6763,38.079,37.5391,37.9509,683300.0
2013-02-04,37.658,37.7587,37.1913,37.3194,959500.0
2013-02-05,37.4659,37.4659,37.2737,37.4293,856600.0
2013-02-06,37.3377,37.9143,37.2371,37.8502,495100.0
2013-02-07,37.9326,37.9326,37.2279,37.6489,576100.0
2013-02-08,37.7221,38.0424,37.5299,37.9417,282600.0
2013-02-11,37.8594,37.9966,37.4567,37.9875,702000.0
2013-02-12,37.9875,38.4176,37.8045,38.2712,709900.0
2013-02-13,38.3169,38.4725,38.1522,38.4359,514300.0
2013-02-14,38.262,38.4451,38.2254,38.3535,299200.0
2013-02-15,38.2803,38.4908,38.2163,38.3535,470200.0
2013-02-19,38.4268,38.8477,38.3535,38.8294,586500.0
2013-02-20,38.7928,38.8294,38.1431,38.1614,558800.0
2013-02-21,38.1522,38.3901,37.9326,37.9692,972800.0
2013-02-22,38.0973,38.7104,38.0973,38.6555,907000.0
2013-02-25,38.7471,38.7928,37.5574,37.5574,792800.0
2013-02-26,37.5482,38.079,37.5482,37.9692,860100.0
2013-02-27,37.8594,38.6189,37.2371,38.4268,1193800.0
2013-02-28,38.4176,38.8477,38.262,38.2803,816100.0
2013-03-01,38.1339,38.2437,37.5299,37.9692,1335800.0
2013-03-04,37.9417,38.2254,37.7312,38.1614,592000.0
2013-03-05,38.3901,38.9209,38.3901,38.6372,593400.0
2013-03-06,38.4908,38.9941,38.4908,38.6281,657000.0
2013-03-07,38.7013,38.8203,38.3444,38.4817,811700.0
2013-03-08,38.6647,38.866,38.3352,38.8203,971800.0
2013-03-11,38.7561,38.8936,38.582,38.8386,651500.0
2013-03-12,38.8661,38.8936,38.5728,38.7927,564400.0
2013-03-13,38.8111,39.0035,38.582,39.0035,713500.0
2013-03-14,39.0585,39.2143,38.9302,39.2051,594500.0
2013-03-15,39.0402,39.306,39.0402,39.2326,835200.0
2013-03-18,38.7836,39.306,38.6828,39.0493,745900.0
2013-03-19,39.2143,39.4434,38.7836,39.1868,515200.0
2013-03-20,39.3793,39.5442,39.1135,39.2785,554100.0
2013-03-21,39.0402,39.141,38.6644,38.7653,492900.0
2013-03-22,38.9485,39.1868,38.6828,39.1776,561100.0
2013-03-25,39.2051,39.2143,38.6644,38.8477,503400.0
2013-03-26,38.9577,39.1318,38.6644,39.1227,563500.0
2013-03-27,38.8386,39.3151,38.5453,39.2235,376600.0
2013-03-28,39.1227,39.8283,39.0677,39.7367,588000.0
2013-04-01,39.7,39.7,38.9394,39.0035,599100.0
2013-04-02,39.2601,39.2785,38.5361,38.6736,799000.0
2013-04-03,38.7378,38.7836,37.7847,37.9405,1033800.0
2013-04-04,38.0138,38.252,37.8305,37.9771,685200.0
2013-04-05,37.5372,37.6014,37.0424,37.5647,839600.0
2013-04-08,37.5281,37.5739,37.024,37.4914,790600.0
2013-04-09,37.6289,37.6289,37.1432,37.3631,1056900.0
2013-04-10,37.5831,38.417,37.5097,38.252,868600.0
2013-04-11,38.1604,38.1971,37.6105,37.748,1267000.0
2013-04-12,37.6655,37.9588,37.4456,37.5281,691300.0
2013-04-15,37.299,37.3539,36.2817,36.4283,2522900.0
2013-04-16,36.7949,37.299,36.6391,37.2898,1877100.0
2013-04-17,36.9232,37.134,36.52,36.8957,1130500.0
2013-04-18,36.8774,36.9965,36.3275,36.5658,1013400.0
2013-04-19,36.6116,37.0332,36.2359,36.8407,841000.0
2013-04-22,36.8407,37.079,36.4742,36.9599,750300.0
2013-04-23,37.1157,37.4364,36.9232,37.4089,1427400.0
2013-04-24,37.5097,37.7572,37.2623,37.7114,646500.0
2013-04-25,37.7572,37.9038,37.2348,37.5189,1051300.0
2013-04-26,37.4822,37.4822,36.9782,37.1523,1112900.0
2013-04-29,37.3814,37.4273,37.0698,37.1615,1440900.0
2013-04-30,37.2348,37.3173,36.9874,37.3081,1315600.0
2013-05-01,37.024,37.3173,36.4925,36.4925,1030200.0
2013-05-02,36.6941,37.079,36.6116,36.7308,1194200.0
2013-05-03,37.1707,37.6839,37.0515,37.4547,1164800.0
2013-05-06,37.3631,37.5647,37.2256,37.4364,575000.0
2013-05-07,37.5372,37.8213,37.4456,37.748,587400.0
2013-05-08,38.1146,38.3804,38.0688,38.252,1111000.0
2013-05-09,38.252,38.4903,38.1512,38.2979,717700.0
2013-05-10,38.2979,38.4445,38.0046,38.3437,1032900.0
2013-05-13,38.1971,38.4812,37.9863,38.307,752500.0
2013-05-14,38.2979,39.1776,38.2979,39.1227,843200.0
2013-05-15,39.0493,39.4434,39.0035,39.3426,818000.0
2013-05-16,39.2968,39.5992,39.086,39.1502,772200.0
2013-05-17,39.251,39.865,39.251,39.7367,627700.0
2013-05-20,39.5534,40.1766,39.5534,39.865,580100.0
2013-05-21,39.8283,40.2682,39.6267,40.0391,1020800.0
2013-05-22,39.9933,40.2132,39.4343,39.645,1142200.0
2013-05-23,39.3151,39.5809,39.1135,39.5076,848200.0
2013-05-24,39.196,39.4251,38.9577,39.3426,537500.0
2013-05-28,39.8008,40.1307,39.5534,39.7642,640800.0
2013-05-29,39.4068,39.6817,39.1685,39.3518,684500.0
2013-05-30,39.4801,40.0574,39.4343,39.865,775300.0
2013-05-31,39.7092,40.3049,39.5259,39.5442,775800.0
2013-06-03,39.6542,39.8741,39.2143,39.7183,960400.0
2013-06-04,39.6817,39.9658,39.2601,39.3793,1115700.0
2013-06-05,39.2418,39.5442,38.8569,39.1043,1992800.0
2013-06-06,39.031,39.3884,38.7286,38.9852,1312600.0
2013-06-07,39.2235,39.645,39.0493,39.4984,600100.0
2013-06-10,39.59,39.7,39.0952,39.3426,612700.0
2013-06-11,38.6456,39.2789,38.4804,38.9852,1080600.0
2013-06-12,39.2513,39.3615,38.7191,38.7466,802100.0
2013-06-13,38.7741,39.3248,38.5172,39.2146,893000.0
2013-06-14,39.0953,39.2605,38.7649,39.2422,972500.0
2013-06-17,39.6551,39.6551,38.251,38.4529,1778000.0
2013-06-18,38.5355,38.9577,38.3979,38.8751,1240700.0
2013-06-19,38.7741,39.1504,38.3795,38.3887,909500.0
2013-06-20,38.0308,38.0308,37.2782,37.3149,679000.0
2013-06-21,37.3516,37.5077,36.7735,37.058,1049600.0
2013-06-24,36.5349,37.3792,36.2137,37.0947,1277000.0
2013-06-25,37.3883,37.7004,37.0671,37.5168,1032800.0
2013-06-26,37.7921,37.9573,37.5719,37.6912,1096800.0
2013-06-27,38.0308,38.5906,37.9298,38.5447,609500.0
2013-06-28,38.5447,38.9944,38.2694,38.82,1388500.0
2013-07-01,38.9485,39.8846,38.9485,39.6643,1250000.0
2013-07-02,39.6827,40.2976,39.6093,39.701,1679100.0
2013-07-03,39.5817,40.0773,39.4624,39.8754,631600.0
2013-07-05,40.0589,40.5362,40.0131,40.5178,819100.0
2013-07-08,40.6738,40.94,40.4719,40.5912,778100.0
2013-07-09,40.839,41.0042,40.6188,40.8757,756000.0
2013-07-10,40.8023,41.1143,40.6371,40.8757,824400.0
2013-07-11,41.1602,41.4355,41.0409,41.2153,1019000.0
2013-07-12,41.2428,41.6283,41.0684,41.6007,657000.0
2013-07-15,41.5732,41.8118,41.4722,41.6741,629600.0
2013-07-16,41.7476,41.8026,41.3162,41.4172,562400.0
2013-07-17,41.6099,41.8393,41.4722,41.5457,692700.0
2013-07-18,41.6191,42.0137,41.6007,41.9862,437900.0
2013-07-19,41.9678,42.1697,41.8577,42.0412,407500.0
2013-07-22,42.0321,42.5093,41.977,42.2615,512100.0
2013-07-23,42.3441,42.4634,42.133,42.1605,560600.0
2013-07-24,42.39,42.4726,41.8485,42.0137,417900.0
2013-07-25,41.9128,42.0504,41.7476,41.8852,759600.0
2013-07-26,41.6466,42.2156,41.6466,41.9954,1039300.0
2013-07-29,41.9219,42.1789,41.7935,41.9678,566200.0
2013-07-30,42.1789,42.3716,41.9862,42.2615,461800.0
2013-07-31,42.39,42.9223,42.39,42.4726,904400.0
2013-08-01,42.8947,43.9134,42.8672,43.7758,1603500.0
2013-08-02,43.4821,43.9042,43.3903,43.8492,775900.0
2013-08-05,43.684,44.0602,43.6289,43.8675,917000.0
2013-08-06,43.7299,44.0235,43.1333,43.271,1632600.0
2013-08-07,41.8852,42.5735,40.2608,41.8026,2710200.0
2013-08-08,41.7567,42.2248,41.6191,41.977,669100.0
2013-08-09,41.9954,42.133,41.6099,41.6833,905300.0
2013-08-12,41.4539,42.2523,41.4539,41.9954,516300.0
2013-08-13,42.1238,42.1238,41.6741,41.9678,478600.0
2013-08-14,41.9954,42.0596,41.2612,41.2795,908600.0
2013-08-15,40.9216,40.9308,40.0131,40.1048,1263300.0
2013-08-16,40.1048,40.5086,39.7469,39.857,1536600.0
2013-08-19,39.8846,40.4169,39.8662,40.1874,956700.0
2013-08-20,40.2884,40.6463,40.0498,40.4995,674900.0
2013-08-21,40.3159,40.6004,40.1415,40.1782,697100.0
2013-08-22,40.3343,40.683,40.1691,40.5912,412900.0
2013-08-23,40.7289,40.7931,40.4811,40.6096,835600.0
2013-08-26,40.7381,40.9859,40.582,40.7197,546000.0
2013-08-27,40.4995,40.5178,39.7102,39.7102,917100.0
2013-08-28,39.7194,40.0222,39.5542,39.8754,474000.0
2013-08-29,39.7561,40.0681,39.7561,39.9029,790500.0
2013-08-30,39.9121,39.9396,39.3156,39.389,1047400.0
2013-09-03,39.9305,40.0314,38.7558,39.0953,1580500.0
2013-09-04,39.1412,39.9029,38.9852,39.802,1288800.0
2013-09-05,39.8938,40.4077,39.7744,40.2517,606500.0
2013-09-06,40.27,40.6371,39.8203,40.3618,806200.0
2013-09-09,40.5453,40.6646,40.2608,40.2884,1528400.0
2013-09-10,40.5637,40.7748,40.4352,40.6646,1480300.0
2013-09-11,40.6736,40.8298,40.4622,40.8298,1050100.0
2013-09-12,41.9142,43.1916,41.5099,41.8775,3993700.0
2013-09-13,42.1715,42.2083,41.2434,41.4823,1871300.0
2013-09-16,41.9234,42.1715,41.4731,41.6477,1034400.0
2013-09-17,41.5926,41.7856,41.4547,41.7856,1589800.0
2013-09-18,41.6845,42.2267,41.5283,42.0704,1407900.0
2013-09-19,42.2175,42.7229,42.1164,42.291,1610600.0
2013-09-20,42.5207,42.7505,41.7764,42.2726,3013000.0
2013-09-23,42.1348,42.4472,42.098,42.3002,3040800.0
2013-09-24,42.2451,42.6494,42.1715,42.4748,2426100.0
2013-09-25,42.5024,42.8332,42.291,42.4288,2496800.0
2013-09-26,42.4656,42.5943,42.1072,42.4656,1569200.0
2013-09-27,42.1623,42.2634,41.8958,41.9418,1256300.0
2013-09-30,41.4915,42.3645,41.4915,42.291,1428400.0
2013-10-01,42.3921,42.6218,41.7488,41.9877,1667700.0
2013-10-02,41.8867,41.8867,41.3261,41.758,992700.0
2013-10-03,41.5374,41.7396,40.839,41.1974,1446600.0
2013-10-04,41.2066,41.565,41.0504,41.3353,1215500.0
2013-10-07,40.8758,41.3353,40.7931,41.1147,801900.0
2013-10-08,41.0688,41.2709,40.352,40.3704,1408100.0
2013-10-09,40.3887,40.5817,39.8833,40.1682,1730700.0
2013-10-10,40.6644,41.4915,40.5633,41.4364,990100.0
2013-10-11,41.4364,41.8683,41.3628,41.7488,728000.0
2013-10-14,41.4547,42.0061,41.3445,41.9142,641900.0
2013-10-15,41.7488,41.8958,41.1974,41.2893,641000.0
2013-10-16,41.5283,41.6753,41.2893,41.4823,780700.0
2013-10-17,41.418,42.0061,41.3536,41.9602,782500.0
2013-10-18,42.1991,42.6034,42.1991,42.3369,1413800.0
2013-10-21,42.4656,42.7597,42.4472,42.5575,1050900.0
2013-10-22,42.631,43.164,41.2985,43.0721,947400.0
2013-10-23,42.9894,43.1824,42.6402,42.9343,830600.0
2013-10-24,42.971,43.1916,42.8791,42.8975,693300.0
2013-10-25,42.9067,43.4213,42.9067,43.2743,1769000.0
2013-10-28,43.2008,43.3019,42.2542,42.3829,1800200.0
2013-10-29,43.9268,57.0221,43.2559,43.9451,2088800.0
2013-10-30,44.2852,44.4781,43.5776,43.7614,1181100.0
2013-10-31,43.7981,44.2116,43.4948,43.9543,741600.0
2013-11-01,43.9727,44.0554,43.5684,43.9268,828200.0
2013-11-04,44.0462,44.2944,43.8532,44.1381,834200.0
2013-11-05,43.89,44.1657,43.504,44.0279,713500.0
2013-11-06,44.1106,44.7079,44.0187,44.4598,957700.0
2013-11-07,44.6711,45.0571,44.037,44.0554,2016000.0
2013-11-08,44.1014,44.616,43.9543,44.5976,784300.0
2013-11-11,44.6711,44.7906,44.3495,44.7079,612500.0
2013-11-12,44.5884,44.7722,44.423,44.763,992900.0
2013-11-13,44.5057,45.103,44.469,45.0939,819500.0
2013-11-14,45.1398,45.3144,44.8733,45.1214,508400.0
2013-11-15,45.0939,45.3236,45.0112,45.2593,723800.0
2013-11-18,45.5442,45.5809,44.9193,45.0571,782200.0
2013-11-19,45.0663,45.1306,44.4965,44.6619,888500.0
2013-11-20,44.8549,44.8733,44.4138,44.5241,930100.0
2013-11-21,44.7171,45.3512,44.5241,45.3328,499000.0
2013-11-22,45.489,45.7371,45.2777,45.7188,807700.0
2013-11-25,45.7923,45.9117,45.3236,45.4339,829100.0
2013-11-26,45.535,45.8658,45.3695,45.3787,932400.0
2013-11-27,45.4247,45.5625,45.2777,45.4798,456800.0
2013-11-29,45.4982,45.6728,45.1306,45.2317,503000.0
2013-12-02,45.1766,45.4431,44.809,44.8825,643200.0
2013-12-03,44.6526,44.9378,44.579,44.7722,778600.0
2013-12-04,44.6066,45.3887,44.2846,45.2047,800400.0
2013-12-05,44.947,45.2507,44.8734,44.993,570200.0
2013-12-06,45.3703,45.5543,45.1863,45.5267,666700.0
2013-12-09,45.7107,45.8119,45.3427,45.4347,1002300.0
2013-12-10,45.2967,45.6003,45.1771,45.2323,861300.0
2013-12-11,45.2047,45.3151,44.6894,44.7262,1009700.0
2013-12-12,44.6618,45.0943,44.5238,45.0667,1023000.0
2013-12-13,45.0667,45.5543,45.0667,45.3427,1248800.0
2013-12-16,45.4623,45.9868,45.4623,45.8487,1350900.0
2013-12-17,45.8211,46.272,45.6003,46.1156,1646700.0
2013-12-18,46.1248,47.2013,45.8763,47.1461,1512100.0
2013-12-19,47.1185,47.3577,46.9437,47.2657,967400.0
2013-12-20,47.3853,48.1674,47.3301,47.873,1563100.0
2013-12-23,48.1122,48.2686,47.8178,47.9006,915100.0
2013-12-24,47.8914,48.4618,47.8914,48.3514,445700.0
2013-12-26,48.4066,48.4526,47.9282,48.3698,416600.0
2013-12-27,48.333,48.6643,48.149,48.2594,381300.0
2013-12-30,48.2594,48.425,48.0754,48.3238,522100.0
2013-12-31,48.4342,48.5998,48.2778,48.4618,430500.0
2014-01-02,48.241,48.3238,47.7534,47.9282,629100.0
2014-01-03,47.9374,48.3974,47.8546,48.0018,734000.0
2014-01-06,48.3974,48.517,47.5601,47.7349,473100.0
2014-01-07,47.8454,48.3054,47.6429,47.9374,889500.0
2014-01-08,47.9742,48.0754,47.5141,47.827,728300.0
2014-01-09,48.057,48.0662,47.6797,48.0202,769800.0
2014-01-10,48.0754,48.3514,47.7349,48.333,478000.0
2014-01-13,48.1122,48.3974,47.4221,47.5325,503300.0
2014-01-14,47.6061,48.0754,47.2933,48.0662,605900.0
2014-01-15,48.0478,48.6274,48.0478,48.5446,463500.0
2014-01-16,48.4802,48.9127,48.3238,48.3974,683200.0
2014-01-17,48.1674,48.3422,47.6797,47.8638,905300.0
2014-01-21,48.1766,48.2962,47.4497,47.9558,840700.0
2014-01-22,47.781,48.1398,47.6521,47.9282,432500.0
2014-01-23,47.6981,47.781,47.0265,47.2657,598100.0
2014-01-24,46.7596,47.0817,45.6555,45.6647,1108400.0
2014-01-27,45.9131,46.0972,45.4163,45.4439,1091200.0
2014-01-28,45.6095,46.1708,45.5451,45.9131,1371100.0
2014-01-29,46.4284,46.6124,44.7078,45.7659,1849600.0
2014-01-30,46.2076,46.3364,45.8303,46.0604,843700.0
2014-01-31,45.5727,45.8579,45.3335,45.4715,604500.0
2014-02-03,45.6371,45.7475,43.8245,43.8521,992900.0
2014-02-04,43.9625,44.4318,43.6037,44.2478,1217700.0
2014-02-05,44.0913,44.2754,43.7325,44.1097,1016000.0
2014-02-06,44.1742,44.993,44.1742,44.855,684600.0
2014-02-07,45.1771,45.7383,45.0574,45.6923,493400.0
2014-02-10,45.6647,45.7659,45.1955,45.4899,578700.0
2014-02-11,45.6647,46.1432,45.4991,46.0236,548200.0
2014-02-12,46.2076,46.778,46.1156,46.6676,643300.0
2014-02-13,46.3364,47.1553,46.1524,47.1277,639200.0
2014-02-14,47.0725,47.3025,46.8517,47.2749,493400.0
2014-02-18,47.4313,47.5877,47.0357,47.3393,972300.0
2014-02-19,47.2473,47.7994,47.2473,47.4865,1200700.0
2014-02-20,47.4957,48.1858,47.4957,48.0846,758300.0
2014-02-21,48.1122,48.5078,48.011,48.1674,813300.0
2014-02-24,48.3054,49.1059,48.2134,48.6367,550400.0
2014-02-25,48.5722,49.1979,48.5078,48.6643,604800.0
2014-02-26,48.7655,48.9219,48.3698,48.4802,682300.0
2014-02-27,48.4618,48.7931,48.3698,48.7655,537700.0
2014-02-28,48.8391,49.2899,48.6182,48.9863,386500.0
2014-03-03,48.5538,48.7287,48.011,48.4066,440200.0
2014-03-04,48.9403,49.5015,48.9403,49.4371,485100.0
2014-03-05,49.5107,49.6764,49.2899,49.3359,484300.0
2014-03-06,49.5015,49.612,49.2715,49.4555,373500.0
2014-03-07,49.6212,50.0536,49.4739,49.8236,563200.0
2014-03-10,49.6488,49.7592,49.1151,49.3359,545900.0
2014-03-11,49.3727,49.4647,48.5354,48.7379,436600.0
2014-03-12,48.3691,49.0047,47.9546,48.9771,651800.0
2014-03-13,49.2626,49.4469,48.3507,48.5718,739400.0
2014-03-14,48.4336,48.9679,48.3599,48.4705,405900.0
2014-03-17,48.8297,49.4745,48.7929,49.4192,395800.0
2014-03-18,49.4469,49.7048,49.4192,49.6495,325400.0
2014-03-19,49.6587,49.7048,48.452,48.8389,575100.0
2014-03-20,48.5994,48.9679,48.5626,48.8481,558400.0
2014-03-21,49.2903,49.539,48.7284,48.7468,1018300.0
2014-03-24,48.8573,49.0139,48.0467,48.3507,444800.0
2014-03-25,48.6547,48.9495,48.277,48.5257,804500.0
2014-03-26,48.6915,48.9771,47.6506,47.6506,624800.0
2014-03-27,47.5217,47.7335,47.144,47.273,612500.0
2014-03-28,47.2453,47.6046,47.144,47.2822,880300.0
2014-03-31,47.6783,47.798,47.1717,47.4296,1019700.0
2014-04-01,47.6414,48.3783,47.3743,48.3691,758500.0
2014-04-02,48.3691,48.9034,48.3507,48.6731,576100.0
2014-04-03,48.8205,48.8758,48.2125,48.5349,474800.0
2014-04-04,48.8205,48.8205,47.3375,47.3467,597900.0
2014-04-07,47.2453,47.2546,46.3795,46.5084,802700.0
2014-04-08,46.4716,46.9506,46.1123,46.6374,892200.0
2014-04-09,46.8861,47.0427,46.5269,46.7663,1092600.0
2014-04-10,46.8032,47.1256,45.7347,45.7807,806400.0
2014-04-11,45.6702,46.6098,45.5965,46.3518,1342000.0
2014-04-14,46.8769,47.1901,46.1308,46.5729,891100.0
2014-04-15,46.7479,46.969,45.8452,46.7571,715100.0
2014-04-16,47.1901,47.6046,47.0243,47.5217,693200.0
2014-04-17,47.6138,48.1389,47.4664,47.927,692300.0
2014-04-21,47.973,48.0375,47.6046,47.8625,351700.0
2014-04-22,47.8257,48.1849,47.7059,47.9178,479300.0
2014-04-23,47.9362,48.1573,47.5862,47.7059,452000.0
2014-04-24,47.8809,48.0559,47.273,47.8257,371400.0
2014-04-25,47.7796,47.7796,47.0151,47.4296,721900.0
2014-04-28,47.5309,47.8349,46.9414,47.6967,912400.0
2014-04-29,48.0559,48.3047,47.7335,48.1389,890400.0
2014-04-30,48.1296,48.6086,47.6414,48.5626,910300.0
2014-05-01,48.406,49.0692,48.3139,48.5902,1017800.0
2014-05-02,48.4889,49.1245,48.4152,48.5442,633100.0
2014-05-05,48.2954,48.8481,47.973,48.7744,813100.0
2014-05-06,48.8481,49.3087,48.1389,48.3691,958800.0
2014-05-07,48.4152,48.9034,48.1112,48.8389,950100.0
2014-05-08,48.7744,49.4745,48.7468,48.9402,791400.0
2014-05-09,48.9402,49.0047,48.5349,48.7929,605000.0
2014-05-12,48.9402,49.41,48.8942,49.3824,649000.0
2014-05-13,49.5021,49.6587,49.1245,49.1429,374200.0
2014-05-14,48.9402,49.2258,48.5073,48.6271,526400.0
2014-05-15,48.4428,48.5994,47.5954,48.1941,526700.0
2014-05-16,48.1757,48.6639,48.0007,48.5718,770100.0
2014-05-19,48.4244,48.6915,48.3047,48.4981,546800.0
2014-05-20,48.4797,48.581,47.3467,47.5585,632000.0
2014-05-21,47.752,48.102,47.6414,48.0375,300400.0
2014-05-22,48.0375,48.4889,48.0375,48.231,379000.0
2014-05-23,48.3691,48.5994,48.0836,48.3507,618100.0
2014-05-27,48.7468,48.756,48.4428,48.5994,379900.0
2014-05-28,48.7284,49.0231,48.6178,48.6731,636900.0
2014-05-29,48.6915,48.8942,48.406,48.8758,410700.0
2014-05-30,49.1245,49.1245,48.5902,48.8942,387300.0
2014-06-02,48.8758,48.9771,48.452,48.7652,642600.0
2014-06-03,48.7284,48.931,48.5902,48.7836,626100.0
2014-06-04,48.6178,48.8021,48.4705,48.6823,610900.0
2014-06-05,48.7468,49.2074,48.4705,49.0692,545900.0
2014-06-06,49.2074,49.5574,49.0968,49.5574,412700.0
2014-06-09,49.4469,50.2022,49.4192,49.9259,646800.0
2014-06-10,49.7693,49.9903,49.6127,49.8245,417200.0
2014-06-11,49.5297,49.7512,49.4651,49.5574,448800.0
2014-06-12,49.502,49.6958,48.9761,49.133,342400.0
2014-06-13,49.1514,49.3175,48.8746,49.1514,343300.0
2014-06-16,48.9946,49.2345,48.7454,48.93,461600.0
2014-06-17,48.727,49.1976,48.6901,49.1514,404400.0
2014-06-18,49.1699,49.3636,48.7547,49.3175,613000.0
2014-06-19,49.3821,49.4467,48.9115,49.3913,450200.0
2014-06-20,49.7881,49.9634,49.3636,49.8988,860600.0
2014-06-23,49.8896,50.0464,49.5482,49.5666,262500.0
2014-06-24,49.539,50.028,49.0868,49.1145,535400.0
2014-06-25,48.8746,49.3175,48.8654,49.1514,364300.0
2014-06-26,49.1237,49.216,48.4502,48.7362,636800.0
2014-06-27,48.6624,49.1053,48.5332,48.8285,560300.0
2014-06-30,48.6993,48.8746,48.2011,48.238,1482000.0
2014-07-01,48.4502,48.8193,48.1918,48.7085,2383700.0
2014-07-02,48.5517,48.6901,48.2287,48.4963,822300.0
2014-07-03,48.7362,49.1514,48.5425,49.0315,272900.0
2014-07-07,48.9392,48.9577,48.6163,48.6809,448800.0
2014-07-08,48.5886,48.6716,48.2564,48.5517,452900.0
2014-07-09,48.6347,48.8285,48.2933,48.4594,562800.0
2014-07-10,48.118,48.2841,47.9243,48.1365,488600.0
2014-07-11,48.1918,48.3764,47.8135,48.2011,659400.0
2014-07-14,48.5701,48.7178,48.3395,48.4871,536400.0
2014-07-15,48.5886,48.8838,48.4871,48.7731,937000.0
2014-07-16,48.9023,49.0407,48.5886,48.7639,487100.0
2014-07-17,48.4871,48.5794,47.6105,47.6751,711900.0
2014-07-18,47.7674,48.118,47.6844,48.0996,509200.0
2014-07-21,47.8689,48.1642,47.712,47.9427,392200.0
2014-07-22,48.2011,48.3487,48.0258,48.1272,556600.0
2014-07-23,48.2103,48.2103,47.8043,47.8689,320900.0
2014-07-24,47.9427,48.0996,47.6198,47.7766,406600.0
2014-07-25,47.6844,47.7582,47.2691,47.5644,394900.0
2014-07-28,47.5367,47.6382,46.9554,47.4629,488600.0
2014-07-29,47.3983,47.5552,46.7986,46.817,918600.0
2014-07-30,46.9278,47.0477,46.042,46.3003,1387200.0
2014-07-31,45.9682,46.1435,44.8425,44.9255,1583300.0
2014-08-01,44.8148,45.0086,44.2427,44.7871,1556400.0
2014-08-04,44.9717,45.4422,44.6672,45.3131,1147000.0
2014-08-05,46.8724,47.6105,46.2819,47.0293,3159000.0
2014-08-06,46.7432,47.0938,46.5125,46.9185,1201300.0
2014-08-07,47.2138,47.2968,46.5402,46.5864,912200.0
2014-08-08,46.8447,47.7305,46.6694,47.6936,967600.0
2014-08-11,47.7582,47.8966,47.3153,47.4537,773000.0
2014-08-12,47.2507,47.6567,47.0569,47.3153,615900.0
2014-08-13,47.5736,47.6382,47.3706,47.6013,887500.0
2014-08-14,47.6659,47.7582,47.4998,47.546,704900.0
2014-08-15,47.7766,47.8228,47.0385,47.4352,425400.0
2014-08-18,47.7951,48.3395,47.712,48.3395,542900.0
2014-08-19,48.3302,48.6347,48.1826,48.6163,492600.0
2014-08-20,48.6624,49.1145,48.5886,49.0407,644200.0
2014-08-21,49.0592,49.1053,48.7178,49.013,372800.0
2014-08-22,48.9577,49.0223,48.6347,48.8562,340100.0
2014-08-25,49.0684,49.1514,48.8562,49.0684,285400.0
2014-08-26,49.0038,49.0868,48.81,48.8285,272600.0
2014-08-27,48.8746,48.9761,48.5055,48.7454,351600.0
2014-08-28,48.4871,48.9023,48.2749,48.8746,425800.0
2014-08-29,49.0407,49.0868,48.7731,48.8469,396200.0
2014-09-02,49.0223,49.216,48.5978,48.7824,581200.0
2014-09-03,49.0315,49.2068,48.5701,48.6993,678900.0
2014-09-04,48.8746,49.3083,48.6255,48.81,480700.0
2014-09-05,48.6809,49.1514,48.3948,49.0407,1127700.0
2014-09-08,49.0776,49.3544,48.7824,48.9208,402800.0
2014-09-09,48.8285,48.9115,48.3395,48.3671,389900.0
2014-09-10,48.3856,48.8469,48.3579,48.6993,342300.0
2014-09-11,48.5146,48.718,48.3482,48.607,233300.0
2014-09-12,48.4961,48.5331,48.034,48.1542,365300.0
2014-09-15,48.0617,48.1357,47.7197,47.8491,393800.0
2014-09-16,47.8491,47.9508,47.6088,47.8029,498900.0
2014-09-17,47.9508,48.2096,47.6366,47.8584,800800.0
2014-09-18,48.034,48.1819,47.8491,48.0155,855500.0
2014-09-19,48.302,48.5146,48.0617,48.2096,797100.0
2014-09-22,48.0802,48.0895,47.3685,47.5534,627400.0
2014-09-23,47.5164,47.6366,46.8787,46.9156,810700.0
2014-09-24,46.9341,47.4794,46.7215,47.4425,818200.0
2014-09-25,47.2206,47.3131,46.5829,46.7493,552700.0
2014-09-26,46.8047,48.1079,46.7493,48.071,1331300.0
2014-09-29,47.4979,47.5257,46.9526,47.119,1447100.0
2014-09-30,47.0173,47.2022,46.3796,46.4073,961200.0
2014-10-01,46.1947,46.3334,45.5385,45.5939,2087200.0
2014-10-02,45.52,45.7511,44.9562,45.557,1209800.0
2014-10-03,45.9082,46.4165,45.7326,46.2964,882200.0
2014-10-06,46.3796,46.6384,46.2317,46.3796,729400.0
2014-10-07,45.8158,45.9082,44.8268,44.836,847200.0
2014-10-08,44.7806,45.7696,44.3832,45.7696,1052700.0
2014-10-09,45.6309,45.7049,44.7159,44.7344,942800.0
2014-10-10,44.8083,44.8083,43.8194,43.8194,1326600.0
2014-10-13,43.8841,43.9672,42.738,42.7934,1283800.0
2014-10-14,43.0984,43.4219,42.4237,42.6271,1830200.0
2014-10-15,42.091,43.311,41.7028,43.0984,1631900.0
2014-10-16,42.2851,43.9857,42.2851,43.8194,1185800.0
2014-10-17,44.3554,45.252,44.2815,45.1318,1652400.0
2014-10-20,45.0209,45.5662,44.6604,45.5385,1240300.0
2014-10-21,46.0376,46.6938,45.9082,46.6476,1116900.0
2014-10-22,46.74,46.777,45.862,45.8897,1367500.0
2014-10-23,46.5459,47.1744,46.3056,46.9803,716200.0
2014-10-24,46.9341,47.4979,46.6291,47.4425,797600.0
2014-10-27,47.1559,47.4425,46.7585,47.3963,1006500.0
2014-10-28,46.3703,47.7013,46.2779,47.6735,1202100.0
2014-10-29,47.6366,47.8029,46.5459,47.0173,753500.0
2014-10-30,46.7678,47.6181,46.7678,47.35,645300.0
2014-10-31,48.0525,48.2004,47.5164,48.2004,1211900.0
2014-11-03,48.1819,48.4314,47.5626,48.0525,928900.0
2014-11-04,48.0617,48.0617,47.3778,47.4332,638600.0
2014-11-05,47.7937,47.8584,47.3593,47.4979,905800.0
2014-11-06,47.729,48.2281,47.3593,48.2189,1117500.0
2014-11-07,48.0248,48.1449,47.766,48.071,1120400.0
2014-11-10,48.0617,48.3945,47.8954,48.2651,984600.0
2014-11-11,48.3852,48.4129,48.034,48.3482,853900.0
2014-11-12,48.0155,48.376,47.9138,48.2651,1654300.0
2014-11-13,44.8268,47.2946,43.3665,46.509,9244100.0
2014-11-14,46.2317,47.9323,46.204,47.7844,1984800.0
2014-11-17,47.424,47.6551,46.7585,47.1929,1548200.0
2014-11-18,47.1375,47.7013,46.7585,46.8694,1917900.0
2014-11-19,46.8509,47.2391,46.4905,47.1375,784300.0
2014-11-20,46.9156,47.3408,46.7955,47.0635,527800.0
2014-11-21,47.766,47.9416,47.4147,47.7197,607800.0
2014-11-24,47.766,48.0155,47.5534,47.766,814000.0
2014-11-25,48.0155,48.2558,47.8214,48.0063,784900.0
2014-11-26,48.0432,48.0617,47.5996,47.7844,1089300.0
2014-11-28,47.387,47.5349,46.9619,47.1005,586100.0
2014-12-01,46.8694,47.2206,46.5737,46.814,1113000.0
2014-12-02,46.8688,47.3318,46.7022,47.2114,576200.0
2014-12-03,47.4336,48.341,46.9799,48.054,720700.0
2014-12-04,47.8873,48.1095,47.6836,47.9058,514800.0
2014-12-05,47.9336,48.0077,47.5632,47.7021,716800.0
2014-12-08,47.6929,47.804,46.9799,47.2114,608100.0
2014-12-09,46.7022,47.3225,46.6559,47.2855,476800.0
2014-12-10,46.9522,47.0262,45.8133,46.0355,1016400.0
2014-12-11,46.2207,46.6559,45.8503,45.9614,592700.0
2014-12-12,45.8966,46.0726,44.9152,44.9893,1521500.0
2014-12-15,45.3411,45.4337,44.7763,45.0541,969700.0
2014-12-16,44.9059,45.9707,44.8967,45.1189,1102400.0
2014-12-17,45.1744,46.5262,44.9337,46.3966,1253700.0
2014-12-18,47.0447,48.4428,46.7392,48.4151,1977300.0
2014-12-19,48.4984,49.0539,48.3595,48.4799,2282100.0
2014-12-22,48.4891,49.3132,48.378,49.2021,933200.0
2014-12-23,49.341,49.8595,49.2113,49.8039,1080500.0
2014-12-24,49.7854,50.1465,49.5539,49.9798,487600.0
2014-12-26,50.1095,50.2298,49.9058,49.9798,346700.0
2014-12-29,49.7391,50.1372,49.5169,49.9243,756600.0
2014-12-30,49.7021,49.7391,49.3132,49.3317,411300.0
2014-12-31,49.5724,49.7854,48.6836,48.7299,562900.0
2015-01-02,48.8502,48.9521,48.0817,48.7206,458900.0
2015-01-05,48.1651,48.2947,47.091,47.2577,668300.0
2015-01-06,47.2577,47.3318,45.98,46.3503,1183400.0
2015-01-07,46.7485,46.8688,46.3318,46.4892,980300.0
2015-01-08,46.8873,47.6466,46.7948,47.6373,1293300.0
2015-01-09,47.7762,47.8873,47.1836,47.2114,932500.0
2015-01-12,47.1373,47.1559,45.9244,46.0355,1180800.0
2015-01-13,46.2855,46.7022,45.4615,46.0355,950800.0
2015-01-14,45.3596,45.767,44.9059,45.4615,831000.0
2015-01-15,45.7115,45.8133,44.7115,44.7485,941300.0
2015-01-16,44.5633,44.9985,44.3134,44.9615,1734500.0
2015-01-20,45.193,45.3411,44.517,44.8689,1138000.0
2015-01-21,44.7207,45.6003,44.693,45.5078,737900.0
2015-01-22,45.5818,45.9059,45.0356,45.6374,840500.0
2015-01-23,45.48,45.6652,45.0078,45.2115,822900.0
2015-01-26,45.2763,45.9429,44.9152,45.9059,1057100.0
2015-01-27,45.3874,45.6929,44.9059,45.3689,1190900.0
2015-01-28,45.804,46.4799,45.0356,45.1374,2102200.0
2015-01-29,45.1096,45.6559,44.4985,45.4985,1152100.0
2015-01-30,45.0818,45.4985,44.3041,44.3504,1282200.0
2015-02-02,44.6096,45.9059,44.4059,45.8503,1239700.0
2015-02-03,46.1466,47.017,46.1466,46.7114,1296600.0
2015-02-04,46.4799,46.5911,45.7115,45.8411,804800.0
2015-02-05,45.9707,46.4614,45.9337,46.0077,995100.0
2015-02-06,46.0448,46.4244,45.767,45.9337,927400.0
2015-02-09,45.73,46.3133,45.6652,46.1559,738800.0
2015-02-10,46.3966,46.4522,45.73,46.3225,660700.0
2015-02-11,46.2948,46.4429,46.0077,46.2022,890400.0
2015-02-12,46.4244,46.9799,46.2948,46.8596,830900.0
2015-02-13,47.304,47.6466,47.1281,47.6003,984200.0
2015-02-17,47.5077,47.7762,47.2947,47.6836,835300.0
2015-02-18,47.5632,47.8225,47.4521,47.5725,465700.0
2015-02-19,47.3873,47.8503,47.3873,47.4614,596300.0
2015-02-20,47.3873,47.804,46.9151,47.7947,814400.0
2015-02-23,47.7669,48.5354,47.6836,48.5262,1115900.0
2015-02-24,48.4243,48.8132,48.3503,48.7021,803800.0
2015-02-25,48.7669,49.0539,48.7206,49.0262,1117100.0
2015-02-26,48.9613,49.3595,48.7762,49.3224,1606200.0
2015-02-27,49.2947,49.5261,49.1373,49.2021,1719200.0
2015-03-02,49.2021,49.8224,48.9891,49.7669,844600.0
2015-03-03,49.4706,49.7576,49.3873,49.5724,1052400.0
2015-03-04,49.3317,49.341,48.8225,48.9428,642000.0
2015-03-05,49.0632,49.1743,48.6928,48.9984,939200.0
2015-03-06,48.554,48.8039,48.0447,48.1651,554000.0
2015-03-09,48.2114,48.4521,48.0355,48.341,600800.0
2015-03-10,47.7299,47.8688,47.4336,47.6281,902900.0
2015-03-11,47.6281,47.7484,47.3688,47.6466,609300.0
2015-03-12,47.8124,48.3133,47.7846,48.2947,441400.0
2015-03-13,48.1463,48.2205,47.766,48.1463,791000.0
2015-03-16,48.2298,49.1573,48.1834,49.1109,907800.0
2015-03-17,48.7955,49.0089,48.4246,48.9718,671100.0
2015-03-18,48.8512,50.0291,48.5359,49.8251,850500.0
2015-03-19,49.4726,49.5468,48.9068,49.25,588500.0
2015-03-20,49.3891,49.9456,49.352,49.8993,1017300.0
2015-03-23,50.0848,50.0848,49.5004,49.7694,638800.0
2015-03-24,49.6859,49.8993,49.352,49.352,544000.0
2015-03-25,49.5004,49.5839,48.2112,48.2298,1355800.0
2015-03-26,47.9979,48.2298,47.8124,48.0907,1644900.0
2015-03-27,47.9794,48.1927,47.7568,48.0536,1146700.0
2015-03-30,48.2669,49.1944,48.2391,49.1294,1187600.0
2015-03-31,48.9439,48.9625,48.6101,48.7306,786600.0
2015-04-01,48.406,48.7399,48.2669,48.4895,1388800.0
2015-04-02,48.6286,48.9996,48.3875,48.6008,534900.0
2015-04-06,48.4246,49.2686,48.2947,49.0831,479000.0
2015-04-07,49.0738,49.3428,48.9903,49.1944,903300.0
2015-04-08,49.1758,49.3613,48.9161,49.3428,683700.0
2015-04-09,49.2593,49.6396,49.1294,49.5283,507500.0
2015-04-10,49.723,49.723,49.352,49.6396,1013500.0
2015-04-13,49.5561,49.7416,48.9903,49.0552,530600.0
2015-04-14,48.981,49.2871,48.8234,49.148,790400.0
2015-04-15,49.3242,49.621,49.2222,49.4448,1071100.0
2015-04-16,49.2036,49.2222,48.7492,48.981,651400.0
2015-04-17,48.6286,48.6286,47.8124,47.9608,750400.0
2015-04-20,48.202,48.6008,48.1927,48.2854,665600.0
2015-04-21,48.4246,48.5451,47.9052,48.2947,802500.0
2015-04-22,48.3133,48.6286,47.8402,48.5544,696300.0
2015-04-23,48.4617,48.9439,48.3782,48.8697,541900.0
2015-04-24,48.8883,48.8976,48.1834,48.5359,356300.0
2015-04-27,48.6379,48.8419,48.3782,48.4617,666800.0
2015-04-28,48.3225,48.5266,48.1834,48.5173,987800.0
2015-04-29,48.0721,48.8605,47.5156,48.6008,1631000.0
2015-04-30,48.406,48.8512,48.3504,48.6193,1928600.0
2015-05-01,48.7863,49.0089,48.508,48.9068,929800.0
2015-05-04,48.981,49.6859,48.981,49.417,1135400.0
2015-05-05,49.2036,49.8065,48.9254,49.046,1221800.0
2015-05-06,49.1851,49.2778,48.202,48.4802,998800.0
2015-05-07,48.3875,48.7863,48.2298,48.4988,611600.0
2015-05-08,49.0552,49.2036,48.8048,49.0738,617500.0
2015-05-11,49.0089,49.1851,48.8512,49.0367,564300.0
2015-05-12,48.8883,49.5932,48.7584,49.4262,1065300.0
2015-05-13,49.723,50.836,49.7138,50.4001,1693900.0
2015-05-14,50.7062,51.3369,50.4836,51.2163,854800.0
2015-05-15,51.3554,51.4389,50.9752,51.3647,1193000.0
2015-05-18,51.105,51.5317,51.0679,51.3647,1316500.0
2015-05-19,51.3369,51.4575,50.7526,50.9752,524800.0
2015-05-20,50.9659,51.0586,50.7155,50.9566,619300.0
2015-05-21,50.9381,51.207,50.8268,50.9659,501100.0
2015-05-22,50.9195,51.0679,50.6876,50.7804,518000.0
2015-05-26,50.5485,50.5485,49.8158,49.992,560200.0
2015-05-27,49.9271,50.5114,49.9271,50.4279,600400.0
2015-05-28,50.3259,50.4001,50.0013,50.2424,490400.0
2015-05-29,50.1961,50.2795,49.5097,49.8622,1145800.0
2015-06-01,50.0755,50.0755,49.4819,49.8065,554167.0
2015-06-02,49.6117,50.4001,49.3613,50.1219,586219.0
2015-06-03,50.1126,50.4187,49.9827,50.1961,600931.0
2015-06-04,49.89,49.9085,49.148,49.4355,1041019.0
2015-06-05,49.5004,50.0291,49.3706,49.9735,951277.0
2015-06-08,49.9085,50.2053,49.7509,50.0755,1073161.0
2015-06-09,50.094,50.2795,49.8343,49.8436,474005.0
2015-06-10,50.0848,50.6505,49.9178,50.5671,421737.0
2015-06-11,50.6316,50.994,50.4273,50.8453,866812.0
2015-06-12,50.7153,51.3656,50.5573,50.8732,932055.0
2015-06-15,50.3158,50.3715,50.0556,50.2415,593629.0
2015-06-16,50.1578,50.4923,49.8977,50.4458,518867.0
2015-06-17,50.5387,50.7245,50.1578,50.548,507146.0
2015-06-18,50.7803,51.3563,50.6131,51.1891,752042.0
2015-06-19,51.0776,51.1333,50.6781,50.6967,814406.0
2015-06-22,51.0125,51.1147,50.706,50.8639,546390.0
2015-06-23,51.0032,51.0032,50.5666,50.8082,507337.0
2015-06-24,50.6781,50.7431,50.1021,50.2322,733018.0
2015-06-25,50.2415,50.3065,49.8513,49.9813,781734.0
2015-06-26,50.1857,51.2262,49.9813,51.1983,1473030.0
2015-06-29,50.4087,50.8174,50.1671,50.2043,1657359.0
2015-06-30,50.8825,51.059,50.4273,50.8918,1360047.0
2015-07-01,51.2169,51.6536,50.9754,51.5607,1747286.0
2015-07-02,51.8765,52.0252,51.282,51.6071,1341748.0
2015-07-06,51.0869,51.2912,50.418,50.6038,978740.0
2015-07-07,50.6038,51.0962,50.1485,50.9382,1695869.0
2015-07-08,50.5759,50.7431,49.6562,49.9627,1122056.0
2015-07-09,50.771,51.1705,50.2879,50.4551,1382269.0
2015-07-10,51.1519,51.3005,50.836,51.1891,1125164.0
2015-07-13,51.7279,52.0716,51.3191,51.9601,1282713.0
2015-07-14,51.9137,51.9508,51.5885,51.8208,685462.0
2015-07-15,51.7279,51.8579,51.0683,51.1333,739549.0
2015-07-16,51.4399,51.6814,51.0776,51.3656,517001.0
2015-07-17,51.3284,51.3749,50.836,50.9661,443291.0
2015-07-20,50.9475,51.3377,50.836,51.1891,435157.0
2015-07-21,51.124,51.2727,50.7431,50.8082,814261.0
2015-07-22,50.7896,51.2262,50.6316,51.1054,1027854.0
2015-07-23,51.2169,51.8394,51.1891,51.2355,1115433.0
2015-07-24,51.1333,51.2727,49.9906,50.1207,1009024.0
2015-07-27,49.5261,49.6097,48.2533,48.3184,2204451.0
2015-07-28,48.5413,48.913,48.1697,48.7271,1839281.0
2015-07-29,48.9594,49.6747,48.6435,49.554,1670836.0
2015-07-30,49.4146,49.6562,49.2381,49.5726,1023873.0
2015-07-31,49.7305,49.7305,49.1824,49.2846,1268507.0
2015-08-03,49.396,49.554,48.9222,49.5075,1555293.0
2015-08-04,49.3403,50.836,49.1917,49.8977,1861217.0
2015-08-05,50.0835,51.1147,50.0835,50.3808,899626.0
2015-08-06,50.2879,51.2912,50.2879,51.1333,1932117.0
2015-08-07,50.9382,51.2541,50.7989,51.0404,1127074.0
2015-08-10,51.4027,52.2388,51.3841,52.0995,1219026.0
2015-08-11,51.347,51.8579,51.3191,51.6814,1044093.0
2015-08-12,50.706,51.6814,50.6967,51.5514,1052101.0
2015-08-13,51.412,52.341,51.3377,52.0716,875394.0
2015-08-14,51.9973,52.7126,51.9044,52.6383,933612.0
2015-08-17,52.4525,53.4466,52.0623,53.4187,1186768.0
2015-08-18,53.3723,53.5766,53.2608,53.4187,1206510.0
2015-08-19,52.9914,53.0843,52.2481,52.5268,884341.0
2015-08-20,52.1645,52.2946,51.1519,51.1519,778070.0
2015-08-21,50.7617,51.0962,50.0092,50.0185,1438138.0
2015-08-24,47.2036,49.4332,46.962,48.8479,3280756.0
2015-08-25,50.1021,50.2229,47.826,47.8353,1436193.0
2015-08-26,48.9594,49.6097,48.1883,49.4332,2264340.0
2015-08-27,49.9813,50.8546,49.6562,50.8546,1343697.0
2015-08-28,50.5666,51.1891,50.3344,50.8825,1544813.0
2015-08-31,50.6038,50.6038,49.842,49.9999,1576624.0
2015-09-01,48.913,49.1359,47.8632,48.1604,1500379.0
2015-09-02,48.7271,49.0151,48.0954,48.9873,1758456.0
2015-09-03,49.043,49.5447,48.8479,49.0337,985012.0
2015-09-04,48.337,48.6528,48.1326,48.2441,876643.0
2015-09-08,49.1917,49.8513,48.9222,49.8141,1017465.0
2015-09-09,50.3158,50.483,49.1173,49.2288,598676.0
2015-09-10,49.2474,49.4797,48.8293,49.1731,552988.0
2015-09-11,49.033,49.4425,48.6794,49.4425,518223.0
2015-09-14,49.396,49.7403,48.7259,49.0237,612942.0
2015-09-15,49.2192,49.7961,49.0144,49.6844,582567.0
2015-09-16,49.6472,50.1311,49.5449,50.0381,747403.0
2015-09-17,50.1032,50.7267,49.7124,49.7868,766314.0
2015-09-18,49.033,49.2005,48.4188,48.5398,1031030.0
2015-09-21,48.6794,48.9121,48.3165,48.5491,765082.0
2015-09-22,47.8046,48.1117,47.3766,47.9535,1360691.0
2015-09-23,48.0559,48.2141,47.7581,47.9815,1071443.0
2015-09-24,47.5069,48.0187,47.1253,47.9442,1989734.0
2015-09-25,48.4561,48.6329,48.1117,48.4095,1093620.0
2015-09-28,47.9628,48.0745,47.1625,47.3021,1583099.0
2015-09-29,47.5069,47.9163,47.1905,47.5813,753102.0
2015-09-30,48.1304,48.7539,48.0466,48.6887,1581984.0
2015-10-01,48.7911,49.0144,47.5627,48.2606,1479098.0
2015-10-02,47.4324,49.5821,47.4324,49.5821,884833.0
2015-10-05,50.1684,50.978,49.3122,50.9314,973630.0
2015-10-06,50.8477,51.2851,50.4755,50.6802,799157.0
2015-10-07,51.0152,51.7876,50.7081,51.3223,830020.0
2015-10-08,51.1176,52.0761,50.9501,52.0295,963900.0
2015-10-09,52.0482,52.4669,51.9365,52.1319,862893.0
2015-10-12,52.0575,52.2343,51.7969,51.9086,883352.0
2015-10-13,51.434,51.6759,50.9221,51.1176,1532440.0
2015-10-14,50.9966,51.099,50.2521,50.3545,1268988.0
2015-10-15,50.5778,50.8105,49.8892,50.7453,774414.0
2015-10-16,50.7174,50.7174,49.824,50.3452,965945.0
2015-10-19,50.2149,50.5685,49.9729,50.5127,583959.0
2015-10-20,50.3452,51.2106,50.187,50.8105,1305956.0
2015-10-21,51.0152,51.6852,50.7546,50.8291,749143.0
2015-10-22,51.0617,52.2343,51.0245,51.769,1241805.0
2015-10-23,52.2064,52.2529,51.4898,51.983,1205857.0
2015-10-26,52.0668,52.6065,51.983,52.3925,2511810.0
2015-10-27,49.9915,50.6709,48.6794,50.0288,3830747.0
2015-10-28,49.9822,50.4941,49.6565,50.4568,1540241.0
2015-10-29,50.7639,51.5829,50.7639,50.8849,2040970.0
2015-10-30,51.071,51.527,50.857,51.0152,1815719.0
2015-11-02,51.0617,51.8341,50.9408,51.5922,866889.0
2015-11-03,51.4898,52.0854,51.3409,51.8527,1174922.0
2015-11-04,51.9551,52.5879,51.8527,52.2808,1267657.0
2015-11-05,52.2436,52.8764,52.225,52.56,788587.0
2015-11-06,52.3366,52.653,51.8993,52.3087,574911.0
2015-11-09,52.1412,52.2901,51.5829,52.1319,636692.0
2015-11-10,51.8713,52.1971,51.3595,52.0854,530966.0
2015-11-11,52.3739,52.5414,51.8527,51.8993,786955.0
2015-11-12,51.4526,51.6945,50.28,50.3359,1082422.0
2015-11-13,50.1311,50.6057,50.0009,50.0288,700827.0
2015-11-16,50.0195,51.099,49.8426,51.0896,787633.0
2015-11-17,51.1176,51.313,50.3359,50.4755,889471.0
2015-11-18,50.7453,52.104,50.5499,52.0482,894981.0
2015-11-19,52.0668,52.1784,51.7783,51.9179,928152.0
2015-11-20,52.1598,52.6251,52.0109,52.318,666915.0
2015-11-23,52.2529,52.5321,52.1319,52.4018,561414.0
2015-11-24,52.2157,52.6996,51.9086,52.5414,959629.0
2015-11-25,52.5786,52.7461,52.3832,52.5414,1125050.0
2015-11-27,52.5786,53.016,52.5228,52.9136,352793.0
2015-11-30,52.8392,53.0439,52.4762,52.5414,1178248.0
2015-12-01,52.6902,52.9791,52.4292,52.7368,999721.0
2015-12-02,52.6529,52.7275,51.9539,52.0098,1139436.0
2015-12-03,52.0284,52.1962,50.5744,50.9938,1098065.0
2015-12-04,51.0591,51.7488,50.8913,51.5531,1527451.0
2015-12-07,51.2362,51.4692,50.9659,51.3666,837631.0
2015-12-08,50.9099,51.0218,50.155,50.1736,1099468.0
2015-12-09,49.838,51.115,49.838,50.332,1635439.0
2015-12-10,50.2668,50.7328,50.1922,50.4066,2216079.0
2015-12-11,49.8753,49.9592,49.2602,49.3161,1458231.0
2015-12-14,49.3906,49.8194,49.3161,49.7914,1874418.0
2015-12-15,50.2295,50.2948,49.633,49.7076,1791518.0
2015-12-16,50.1736,50.8447,49.7635,50.6583,1649864.0
2015-12-17,50.6862,50.8726,49.7914,49.9126,1715968.0
2015-12-18,49.6703,49.9592,49.3254,49.3534,2234557.0
2015-12-21,49.7262,49.9219,49.2229,49.4745,1059587.0
2015-12-22,49.7262,49.9219,49.4373,49.7914,2050051.0
2015-12-23,50.127,50.8074,49.9499,50.4905,1300505.0
2015-12-24,50.2948,50.7701,50.2948,50.6023,296703.0
2015-12-28,50.4905,50.5744,50.0058,50.2761,585375.0
2015-12-29,50.7235,50.9845,50.332,50.8447,409339.0
2015-12-30,50.7701,50.9193,50.4625,50.4998,466368.0
2015-12-31,50.2482,50.5651,49.9406,49.9499,530206.0
2016-01-04,49.2695,49.3347,48.7289,49.0737,1582334.0
2016-01-05,49.0737,49.2788,48.5145,48.8221,1075802.0
2016-01-06,48.0764,48.384,47.5079,47.7129,1747807.0
2016-01-07,46.9952,47.0139,46.0259,46.5851,2199486.0
2016-01-08,46.874,47.163,45.653,45.7369,1384384.0
2016-01-11,45.8115,46.1563,44.5532,44.926,2207824.0
2016-01-12,45.4107,45.4573,44.6184,45.1777,1524844.0
2016-01-13,45.4573,45.6064,44.1244,44.171,1136998.0
2016-01-14,44.2549,45.1404,43.5931,44.7303,1267506.0
2016-01-15,43.7516,44.8887,43.7423,44.6371,1521185.0
2016-01-19,45.1684,45.1777,43.7796,44.199,958156.0
2016-01-20,43.2576,43.8168,42.0273,43.3974,1637528.0
2016-01-21,43.3601,43.7796,42.6984,43.183,1628314.0
2016-01-22,43.9753,44.3108,43.4067,43.7236,1178314.0
2016-01-25,43.6118,43.7423,42.7822,42.7822,1082570.0
2016-01-26,43.0991,43.5465,42.95,43.4533,1634002.0
2016-01-27,43.3694,43.938,42.9127,43.1644,1435018.0
2016-01-28,43.5931,43.6957,42.8009,43.0432,1397521.0
2016-01-29,43.3322,43.9287,43.0153,43.8541,2320321.0
2016-02-01,43.416,43.7236,42.8475,43.5093,2770007.0
2016-02-02,42.9593,43.0525,42.2789,42.428,2183514.0
2016-02-03,42.8568,43.0712,41.6544,42.7356,1982029.0
2016-02-04,42.7356,43.9567,41.8688,43.472,1553728.0
2016-02-05,40.9554,42.8288,39.9114,42.251,3019851.0
2016-02-08,41.3189,41.8781,41.0486,41.7104,2661194.0
2016-02-09,41.3562,42.9593,41.0486,42.6424,1584902.0
2016-02-10,42.5119,43.0339,42.1577,42.5213,1954233.0
2016-02-11,41.6078,42.3628,41.2723,41.9713,1617578.0
2016-02-12,42.6051,43.0432,42.3069,42.5306,1481912.0
2016-02-16,43.1737,43.183,42.1764,42.8568,2108146.0
2016-02-17,43.0246,43.1924,42.745,42.8848,1666547.0
2016-02-18,42.8941,42.9314,42.456,42.745,1057990.0
2016-02-19,42.6984,43.0339,42.2603,42.9966,1412005.0
2016-02-22,43.2576,43.733,42.922,42.9966,1098558.0
2016-02-23,42.9593,43.1085,42.1671,42.4467,2181339.0
2016-02-24,41.8874,42.4187,41.6078,42.2976,1787893.0
2016-02-25,42.4933,43.2576,42.1577,43.239,966163.0
2016-02-26,43.444,43.8075,43.0339,43.4999,866316.0
2016-02-29,43.677,43.8634,43.2483,43.2576,920831.0
2016-03-01,43.5186,44.8142,43.3881,44.6557,1461441.0
2016-03-02,44.5905,44.7116,44.2642,44.6091,977357.0
2016-03-03,44.721,44.9726,44.2736,44.9447,729354.0
2016-03-04,44.8794,45.2616,44.6464,44.8608,837187.0
2016-03-07,44.6837,45.0565,44.6464,44.8887,671399.0
2016-03-08,44.5625,44.8608,44.3668,44.4879,1382168.0
2016-03-09,44.5998,44.7303,44.3108,44.4134,805560.0
2016-03-10,44.4227,44.5439,43.6397,44.1804,1260384.0
2016-03-11,44.6371,44.8421,44.3108,44.8048,1168931.0
2016-03-14,44.748,45.383,43.6275,45.2243,1655296.0
2016-03-15,44.8788,45.3083,44.6266,45.2896,1329686.0
2016-03-16,45.0188,45.7379,44.8788,45.5511,1460262.0
2016-03-17,45.6071,46.7651,45.5885,46.6063,1818153.0
2016-03-18,46.5783,46.9518,46.4476,46.8398,1653843.0
2016-03-21,46.8304,46.9612,46.2888,46.597,615295.0
2016-03-22,46.625,46.7277,46.2701,46.4756,675115.0
2016-03-23,46.4756,46.569,45.9433,46.0834,564981.0
2016-03-24,45.8406,45.8686,45.4671,45.8219,671826.0
2016-03-28,45.7939,46.074,45.5791,45.9993,669287.0
2016-03-29,45.7939,46.4756,45.4764,46.4382,1033282.0
2016-03-30,46.8211,47.2973,46.7464,46.9892,1715655.0
2016-03-31,46.8398,46.9612,46.3168,46.6717,964557.0
2016-04-01,46.5223,46.8398,45.9433,46.7931,604903.0
2016-04-04,46.8491,46.8491,45.9246,46.0554,1113857.0
2016-04-05,45.7565,46.0554,45.4857,45.6071,620595.0
2016-04-06,45.6165,45.7379,45.1776,45.7099,604035.0
2016-04-07,45.3457,46.0273,45.299,45.7846,1379834.0
2016-04-08,46.1954,46.4382,46.0087,46.2515,980163.0
2016-04-11,46.3915,46.6437,45.934,46.2141,1057268.0
2016-04-12,46.2141,46.8584,46.0367,46.709,734995.0
2016-04-13,47.0545,47.5495,46.7744,47.5121,958025.0
2016-04-14,47.6242,47.6989,47.2506,47.3253,927874.0
2016-04-15,47.3347,47.4561,47.1106,47.1853,763075.0
2016-04-18,46.9238,47.232,46.8678,47.1386,652879.0
2016-04-19,47.3534,47.7269,47.1759,47.6148,1036879.0
2016-04-20,47.3627,47.8016,47.2693,47.5775,895200.0
2016-04-21,47.4841,47.6615,47.344,47.5868,844745.0
2016-04-22,47.4841,47.8389,47.3907,47.7549,722769.0
2016-04-25,47.6148,47.7736,47.3814,47.6615,795494.0
2016-04-26,47.7829,48.2311,47.5214,48.1844,1109954.0
2016-04-27,48.1844,49.1276,48.1471,48.8755,1441270.0
2016-04-28,45.4764,45.7379,44.085,44.9161,8030559.0
2016-04-29,44.6733,45.5418,44.5613,44.9068,2746632.0
2016-05-02,44.9255,45.4951,44.9255,45.2523,1288980.0
2016-05-03,45.0002,45.1776,44.4119,44.5706,1201987.0
2016-05-04,44.2531,44.3838,43.6928,43.8516,1743760.0
2016-05-05,43.8609,44.1971,43.5061,43.5528,1199810.0
2016-05-06,43.4874,43.7208,42.9551,43.6461,1040775.0
2016-05-09,43.6461,43.7022,43.0018,43.2446,1183847.0
2016-05-10,43.3847,44.0103,43.1886,43.9076,1520663.0
2016-05-11,43.8422,44.1224,43.6555,43.8049,2194609.0
2016-05-12,43.8983,44.1784,43.4687,43.8796,784247.0
2016-05-13,43.6928,43.9543,42.9831,43.2539,1318077.0
2016-05-16,43.1792,44.001,43.1325,43.8609,1603202.0
2016-05-17,43.7302,44.2998,43.5995,43.9636,1636451.0
2016-05-18,43.9263,44.5333,43.6461,44.3652,1677807.0
2016-05-19,44.029,44.1504,43.5341,43.9169,1464706.0
2016-05-20,44.2344,44.5519,44.001,44.3838,940861.0
2016-05-23,44.3838,44.636,44.057,44.3838,856296.0
2016-05-24,44.608,44.8227,44.4492,44.5706,2517404.0
2016-05-25,44.8134,44.9535,44.5613,44.7574,945505.0
2016-05-26,44.692,44.9535,44.5239,44.636,583275.0
2016-05-27,44.7387,44.7947,44.4492,44.664,518452.0
2016-05-31,44.7387,44.9908,44.4119,44.6547,847612.0
2016-06-01,44.5239,44.8881,44.1317,44.7294,1035906.0
2016-06-02,44.636,44.7387,44.4399,44.6733,813900.0
2016-06-03,44.4399,44.6733,44.0944,44.3372,896183.0
2016-06-06,44.4586,45.0842,44.3558,45.0375,781270.0
2016-06-07,45.1589,45.6912,45.1589,45.5231,851576.0
2016-06-08,45.6258,46.0927,45.6165,45.9713,785251.0
2016-06-09,45.6165,45.6165,45.2243,45.5604,676079.0
2016-06-10,45.1122,45.4017,44.9348,45.1216,911207.0
2016-06-13,44.9083,45.0767,44.0849,44.1317,1108833.0
2016-06-14,43.954,44.1504,43.5797,43.8043,786201.0
2016-06-15,43.9727,44.1411,43.5704,43.5984,759546.0
2016-06-16,43.299,43.7575,42.7845,43.6639,786276.0
2016-06-17,43.7107,43.8136,43.3739,43.5329,909469.0
2016-06-20,44.1411,44.4498,43.7762,43.823,1072069.0
2016-06-21,43.9446,44.0288,43.3739,43.4113,1087084.0
2016-06-22,43.5049,43.7013,43.2616,43.43,775599.0
2016-06-23,43.954,44.4124,43.8791,44.4124,846862.0
2016-06-24,42.6348,43.0558,41.8208,41.8208,1798744.0
2016-06-27,41.3717,41.3904,40.4923,41.0536,2012014.0
2016-06-28,41.5401,41.877,41.3998,41.8302,1347664.0
2016-06-29,42.3073,42.85,42.1576,42.5506,1947567.0
2016-06-30,42.6067,43.2523,42.6067,43.2523,2143862.0
2016-07-01,43.2803,43.6452,43.2336,43.4113,849087.0
2016-07-05,43.271,43.3739,42.1015,42.2605,1406039.0
2016-07-06,42.1576,42.1951,41.6243,42.0454,1932276.0
2016-07-07,42.2605,42.588,42.0734,42.4383,1450322.0
2016-07-08,42.9061,43.0371,42.7283,42.8874,1133722.0
2016-07-11,43.1494,43.3271,42.9342,43.2616,1032550.0
2016-07-12,43.6171,43.851,43.2429,43.692,951274.0
2016-07-13,43.7481,43.8978,43.4113,43.4581,749235.0
2016-07-14,43.8698,44.3375,43.6639,44.0756,1541433.0
2016-07-15,44.2533,44.5902,44.2533,44.5527,1225021.0
2016-07-18,44.506,44.6557,44.3469,44.4592,904885.0
2016-07-19,44.4124,44.9176,44.3001,44.9083,1655447.0
2016-07-20,45.0486,45.1234,44.7024,44.7118,1065090.0
2016-07-21,44.665,44.8708,44.1504,44.3095,1374124.0
2016-07-22,44.2627,44.3188,44.0194,44.2908,1022391.0
2016-07-25,44.1598,44.2721,43.7013,43.8417,1344937.0
2016-07-26,43.8604,44.375,43.8604,44.3563,614155.0
2016-07-27,44.375,44.506,44.0756,44.1691,509277.0
2016-07-28,44.1504,44.4124,43.8323,44.3375,753211.0
2016-07-29,44.3095,44.3095,43.8043,44.0007,929569.0
2016-08-01,43.9259,44.1224,43.6733,44.0475,551462.0
2016-08-02,44.0194,44.0756,43.3552,43.4581,692473.0
2016-08-03,43.3458,43.8417,43.1306,43.8323,1258571.0
2016-08-04,40.6981,43.7107,40.511,42.9529,4101179.0
2016-08-05,43.14,43.4581,42.9155,43.2148,3684509.0
2016-08-08,43.1774,44.2627,43.1774,44.0475,4366991.0
2016-08-09,44.0756,44.665,44.0007,44.3188,1929324.0
2016-08-10,44.375,44.5247,44.1411,44.244,1875427.0
2016-08-11,44.403,44.6931,44.3375,44.4311,1299211.0
2016-08-12,44.4592,44.5714,44.1598,44.534,1121547.0
2016-08-15,44.7305,45.2264,44.7024,45.1983,1226357.0
2016-08-16,45.1515,45.4509,45.0767,45.2638,1064160.0
2016-08-17,45.2919,45.3854,45.0299,45.2638,1195899.0
2016-08-18,45.1702,45.7784,45.1702,45.7784,1028661.0
2016-08-19,45.4883,46.2274,45.4509,46.1058,1597431.0
2016-08-22,45.9,46.2649,45.7316,46.0403,1010809.0
2016-08-23,46.2368,46.5268,46.0123,46.1058,1377569.0
2016-08-24,46.1339,46.5455,46.1339,46.4239,1197044.0
2016-08-25,46.3958,46.7701,46.2274,46.583,1143478.0
2016-08-26,46.6391,47.032,46.321,46.4613,879643.0
2016-08-29,46.4613,46.6952,46.3023,46.611,753720.0
2016-08-30,46.611,46.7701,46.1432,46.4146,727402.0
2016-08-31,46.2742,46.3023,45.5164,45.61,1165740.0
2016-09-01,45.6474,45.7596,45.1515,45.638,1327217.0
2016-09-02,45.8345,46.0497,45.7596,45.9842,522572.0
2016-09-06,46.0216,46.2274,45.6474,45.769,568313.0
2016-09-07,45.7596,45.8532,45.507,45.6006,510067.0
2016-09-08,45.5819,45.5819,45.217,45.348,773607.0
2016-09-09,44.9831,45.2638,44.6837,44.7024,1573991.0
2016-09-12,44.4124,45.4603,44.2253,45.3761,872211.0
2016-09-13,45.0584,45.2084,44.6647,44.8241,886032.0
2016-09-14,44.8334,44.8615,44.3929,44.5335,842759.0
2016-09-15,44.4304,44.7866,44.4304,44.6178,2079239.0
2016-09-16,44.3741,44.3741,43.8117,43.8398,1353385.0
2016-09-19,43.9804,44.2429,43.8398,44.1398,1219915.0
2016-09-20,44.4304,44.571,43.7086,43.8492,1792938.0
2016-09-21,44.0273,44.3929,43.9523,44.3648,1307122.0
2016-09-22,44.6835,45.1802,44.6835,45.0959,1637465.0
2016-09-23,44.8803,45.0209,44.3835,44.4022,837752.0
2016-09-26,44.271,44.271,43.9055,44.1023,1271784.0
2016-09-27,44.0835,44.5991,43.9992,44.5897,996484.0
2016-09-28,44.6366,45.0396,44.4585,44.974,1474592.0
2016-09-29,44.7866,45.049,44.2616,44.271,1293667.0
2016-09-30,44.496,44.9178,44.421,44.7866,1827741.0
2016-10-03,44.6085,45.0115,44.4397,44.4585,1082261.0
2016-10-04,44.5522,44.6928,44.1023,44.1773,2282722.0
2016-10-05,44.4116,45.199,44.2335,45.1053,1943267.0
2016-10-06,45.0584,45.274,44.7209,45.1709,1424958.0
2016-10-07,45.049,45.0771,44.6553,44.7491,1405476.0
2016-10-10,44.9459,45.1146,44.4585,44.5616,1028165.0
2016-10-11,44.3273,44.3273,43.3993,43.493,2219288.0
2016-10-12,43.418,43.6242,43.2774,43.343,1955211.0
2016-10-13,43.0056,43.0337,42.6963,42.8369,1185996.0
2016-10-14,43.2024,43.4274,42.94,42.9681,966177.0
2016-10-17,42.9681,43.0431,42.5932,42.6025,607330.0
2016-10-18,42.9681,42.9681,42.6025,42.79,861901.0
2016-10-19,42.8088,42.94,42.6775,42.8088,681293.0
2016-10-20,42.7244,42.8088,42.5088,42.6213,614883.0
2016-10-21,42.2745,42.4994,41.9839,42.4151,913997.0
2016-10-24,42.865,43.0618,42.087,42.2932,1605491.0
2016-10-25,42.2557,42.4151,41.9651,41.9933,777286.0
2016-10-26,41.8808,42.2276,41.7308,42.0214,1596763.0
2016-10-27,42.1151,42.1714,41.3934,41.4215,1896661.0
2016-10-28,41.4965,41.9933,41.234,41.3652,3215393.0
2016-10-31,41.5715,41.6839,41.2996,41.3371,2337135.0
2016-11-01,42.1807,43.1462,41.862,42.0776,11182977.0
2016-11-02,41.5902,42.1901,41.2246,41.3371,3259688.0
2016-11-03,41.9464,42.087,41.3559,41.4871,2559301.0
2016-11-04,41.4871,42.087,41.4121,41.6089,7074078.0
2016-11-07,42.1901,42.3307,41.937,42.0495,2326618.0
2016-11-08,42.0776,42.715,41.7964,42.565,2380425.0
2016-11-09,42.2276,44.121,41.9745,43.868,3583594.0
2016-11-10,44.3273,45.0678,44.2898,44.9178,2962976.0
2016-11-11,44.6741,44.8897,44.0086,44.3179,1586477.0
2016-11-14,44.5335,44.974,44.3273,44.8428,2099680.0
2016-11-15,44.8522,45.0771,44.646,45.0584,1856742.0
2016-11-16,44.899,45.1428,44.4679,44.4866,1813565.0
2016-11-17,44.7022,45.4052,44.5241,45.1802,1640773.0
2016-11-18,45.0771,45.1615,44.5991,44.6647,1067225.0
2016-11-21,44.8241,45.124,44.5429,44.6272,1902123.0
2016-11-22,44.7303,44.8709,44.3648,44.5803,1617579.0
2016-11-23,44.5897,44.6178,44.2242,44.496,1368920.0
2016-11-25,44.5054,44.7491,44.4116,44.496,408639.0
2016-11-28,44.346,44.3835,43.2306,43.3337,2903130.0
2016-11-29,43.2587,43.3149,42.9119,43.0993,2794333.0
2016-11-30,43.4649,44.9084,43.4087,44.3835,3744768.0
2016-12-01,44.7303,46.6144,44.5429,46.3051,4880361.0
2016-12-02,46.3075,46.392,44.9834,45.0022,2864348.0
2016-12-05,45.2369,45.8755,45.2275,45.622,2010094.0
2016-12-06,45.5281,46.5235,45.4341,46.5047,3391261.0
2016-12-07,46.7771,47.8946,46.4672,47.7537,3291379.0
2016-12-08,47.7537,48.1106,47.472,47.9416,2332763.0
2016-12-09,47.9603,48.0918,47.5565,47.7725,1320440.0
2016-12-12,47.7819,48.1388,47.3593,47.5565,1679896.0
2016-12-13,47.6223,47.7631,47.1433,47.2185,1588030.0
2016-12-14,46.9743,47.3593,46.7677,46.7865,2179199.0
2016-12-15,46.7207,47.0588,46.5517,46.8334,1662712.0
2016-12-16,46.8052,46.9367,46.1573,46.1854,1684440.0
2016-12-19,46.2042,46.392,45.9037,46.1479,1144562.0
2016-12-20,46.2793,46.5329,46.1197,46.4578,796532.0
2016-12-21,46.3545,46.6738,46.0258,46.2981,1098913.0
2016-12-22,47.1997,47.3124,46.3545,46.4108,935898.0
2016-12-23,46.4766,46.7113,46.3545,46.439,541888.0
2016-12-27,46.4296,46.824,46.3639,46.6832,468648.0
2016-12-28,46.8052,46.8898,45.7722,45.7816,770693.0
2016-12-29,45.7816,45.9694,45.4999,45.6971,699842.0
2016-12-30,45.744,45.8567,45.2651,45.6407,733589.0
2017-01-03,46.054,46.3639,45.5938,46.223,1642299.0
2017-01-04,46.6268,47.0212,46.2887,46.7771,2097063.0
2017-01-05,46.5517,46.7207,45.6971,46.1854,1126575.0
2017-01-06,46.4014,47.1339,46.1854,47.0212,1270137.0
2017-01-09,46.8522,47.0682,46.2887,46.608,1057273.0
2017-01-10,46.7113,47.0212,46.3451,46.8334,1129861.0
2017-01-11,46.7489,47.0306,46.5892,46.9367,708950.0
2017-01-12,46.8522,47.4344,46.5235,47.3687,1194594.0
2017-01-13,47.472,47.8946,47.472,47.5753,1247246.0
2017-01-17,47.4626,47.5753,46.8898,47.2185,1119676.0
2017-01-18,47.3218,47.6786,47.1245,47.6223,1725924.0
2017-01-19,47.8101,48.0637,47.3593,47.5941,1416013.0
2017-01-20,47.8477,48.0637,47.5471,47.7162,981020.0
2017-01-23,47.5471,47.8758,47.0118,47.3875,1136860.0
2017-01-24,47.6504,48.2233,47.4157,48.0637,827125.0
2017-01-25,48.4769,49.2375,48.3736,49.2094,1777233.0
2017-01-26,49.1906,49.6132,48.8243,49.0028,1596673.0
2017-01-27,49.0028,49.2375,48.4769,48.6553,1151418.0
2017-01-30,48.6647,48.8713,47.8007,48.2609,1213823.0
2017-01-31,48.2515,48.3266,47.7537,47.9885,1329914.0
2017-02-01,48.2233,48.4205,47.5753,47.9791,1454038.0
2017-02-02,47.688,47.9697,47.3687,47.9322,852869.0
2017-02-03,48.289,48.552,47.9697,48.3736,1806925.0
2017-02-06,48.2515,48.8243,48.073,48.5144,3588281.0
2017-02-07,48.8431,49.6507,48.167,48.5332,4467075.0
2017-02-08,48.5614,49.2845,48.1857,49.1624,2071661.0
2017-02-09,49.3596,50.186,49.2751,49.8949,1574876.0
2017-02-10,49.9982,50.3833,49.8292,50.2612,1454251.0
2017-02-13,50.4772,50.6086,50.2518,50.402,1505923.0
2017-02-14,50.2236,50.3645,49.9607,50.3175,1885319.0
2017-02-15,50.7119,51.0876,50.3551,50.9749,1783263.0
2017-02-16,50.9655,51.1158,50.6368,51.0594,1511287.0
2017-02-17,50.8059,51.1815,50.6274,51.1815,1431680.0
2017-02-21,51.1627,51.8201,51.05,51.7919,2354478.0
2017-02-22,51.5759,51.9516,51.4163,51.9422,2171364.0
2017-02-23,51.9516,52.1018,50.8622,51.1721,1494786.0
2017-02-24,50.8622,51.3318,50.7683,51.3036,775901.0
2017-02-27,51.3881,51.4726,51.0876,51.1815,1248858.0
2017-02-28,51.2003,51.3411,50.5523,50.6838,1023952.0
2017-03-01,51.4163,51.9985,51.4163,51.8952,1256272.0
2017-03-02,51.9422,51.9422,51.3318,51.3693,923069.0
2017-03-03,51.4257,51.6698,51.1158,51.5102,1050524.0
2017-03-06,51.05,51.4069,50.9749,51.2848,836749.0
2017-03-07,51.4069,51.5477,51.1251,51.1909,718596.0
2017-03-08,51.4163,51.6135,51.0782,51.2003,1241909.0
2017-03-09,51.2191,51.2942,50.4772,50.5147,1110970.0
2017-03-10,50.6368,50.9467,50.2893,50.3551,1930707.0
2017-03-13,50.4302,50.9937,50.3926,50.9655,1138828.0
2017-03-14,50.6375,50.6375,49.9414,50.2424,1261395.0
2017-03-15,50.4587,51.042,50.4211,50.8915,1510567.0
2017-03-16,51.1078,51.1266,50.6845,50.8915,1353237.0
2017-03-17,51.1078,51.1737,50.6657,51.089,1275468.0
2017-03-20,51.136,51.136,50.8162,50.9949,568052.0
2017-03-21,51.1455,51.2207,50.0542,50.1389,1607275.0
2017-03-22,50.1295,50.3553,49.772,50.1954,1318033.0
2017-03-23,50.1013,50.5622,49.979,50.2894,689912.0
2017-03-24,50.28,50.6939,50.0448,50.2518,1133747.0
2017-03-27,49.5369,50.487,49.3111,50.327,1025637.0
2017-03-28,50.0825,50.9761,50.0542,50.7315,1075055.0
2017-03-29,50.6657,51.2866,50.4964,50.9761,1182179.0
2017-03-30,50.8821,51.1831,50.7315,50.9103,947622.0
2017-03-31,50.7221,51.042,50.5904,50.8727,929409.0
2017-04-03,50.8821,51.2583,50.3459,50.487,1191345.0
2017-04-04,50.4117,50.7221,50.327,50.5716,702799.0
2017-04-05,50.8538,51.296,50.4117,50.5058,849638.0
2017-04-06,50.5434,51.2019,50.4776,50.9949,821743.0
2017-04-07,50.9103,51.0608,50.7221,50.9385,1033764.0
2017-04-10,50.9197,51.6064,50.9197,51.2771,636822.0
2017-04-11,51.1831,51.3148,50.741,51.2583,467501.0
2017-04-12,51.1266,51.2583,50.2894,50.3459,1712613.0
2017-04-13,50.1859,50.5998,50.0354,50.0448,1460021.0
2017-04-17,50.327,50.7786,50.1577,50.7692,1003073.0
2017-04-18,50.5904,50.9949,50.4682,50.7786,983481.0
2017-04-19,50.9385,51.1643,50.5246,50.6657,922154.0
2017-04-20,50.9761,51.6252,50.9009,51.5217,1444535.0
2017-04-21,51.5499,51.898,51.5123,51.5876,1872925.0
2017-04-24,52.2367,53.2996,52.0015,53.2244,2201757.0
2017-04-25,53.563,53.9299,53.3279,53.6477,1501196.0
2017-04-26,53.7324,54.0428,53.6383,53.7135,1723374.0
2017-04-27,53.7229,54.1463,53.5818,53.8641,1221801.0
2017-04-28,53.8358,54.1745,53.5724,53.8076,1366119.0
2017-05-01,53.9863,54.2215,53.2996,54.1745,2861751.0
2017-05-02,54.0992,55.9994,54.0334,55.5291,3787743.0
2017-05-03,55.4068,56.846,55.4068,56.3569,2691155.0
2017-05-04,56.4415,57.0906,56.3569,56.8084,2160455.0
2017-05-05,56.8366,57.0718,56.545,56.6203,2161656.0
2017-05-08,56.545,56.7426,56.2534,56.3757,1072975.0
2017-05-09,56.244,56.8366,56.2346,56.7238,849640.0
2017-05-10,56.4039,56.6297,56.1029,56.3945,755861.0
2017-05-11,56.0841,56.3287,55.6702,56.3004,1092884.0
2017-05-12,56.1123,56.2816,55.7737,55.943,986954.0
2017-05-15,56.1499,56.3757,55.943,56.1782,719818.0
2017-05-16,56.1782,56.3945,55.9054,56.2628,651525.0
2017-05-17,55.5573,56.244,55.5479,55.943,1370000.0
2017-05-18,55.5009,56.0465,55.2469,55.6326,1841461.0
2017-05-19,55.9712,56.7896,55.8395,56.498,1222539.0
2017-05-22,56.7049,57.2129,56.5732,56.9872,823295.0
2017-05-23,57.1659,57.26,56.846,56.9683,962933.0
2017-05-24,57.2223,57.6645,57.0342,57.3728,939591.0
2017-05-25,57.4763,57.7303,57.26,57.4669,705032.0
2017-05-26,57.3352,57.6362,57.1283,57.26,438377.0
2017-05-30,57.053,57.26,56.8366,57.1941,582806.0
2017-05-31,57.2788,57.4763,56.6767,57.4011,919200.0
2017-06-01,57.5516,58.0878,57.2223,57.862,1315213.0
2017-06-02,57.9373,58.5017,57.7209,58.1912,947613.0
2017-06-05,58.2006,58.4452,58.0125,58.1348,550916.0
2017-06-06,57.7397,58.0972,57.6174,57.8526,645270.0
2017-06-07,58.0031,58.163,57.5986,57.8808,848205.0
2017-06-08,57.8338,58.3417,57.6174,58.2853,846884.0
2017-06-09,58.3794,59.1319,58.2947,58.6804,1161125.0
2017-06-12,58.6428,58.9532,58.0125,58.0972,767271.0
2017-06-13,58.2098,58.5678,58.0591,58.37,438905.0
2017-06-14,58.4736,58.5207,57.8707,57.9743,648024.0
2017-06-15,57.6257,58.6243,57.5598,58.6055,611816.0
2017-06-16,58.6808,58.9917,58.3511,58.7185,810945.0
2017-06-19,58.8787,59.2461,58.7185,59.2178,499246.0
2017-06-20,59.0577,59.1142,58.2475,58.2852,730926.0
2017-06-21,58.2569,58.2852,56.9475,57.004,1739510.0
2017-06-22,57.0322,57.3054,56.7685,57.0699,758463.0
2017-06-23,57.0322,57.2112,56.8815,56.9286,847811.0
2017-06-26,57.1924,57.4562,56.7496,56.9192,930887.0
2017-06-27,56.825,56.9192,56.6083,56.6083,584441.0
2017-06-28,56.9475,57.2866,56.7402,57.0605,677703.0
2017-06-29,57.1547,57.2866,56.109,56.5235,853535.0
2017-06-30,56.8438,57.4091,56.8344,57.0605,1692023.0
2017-07-03,57.4656,58.1062,57.2207,57.6634,442179.0
2017-07-05,57.6823,58.0308,57.6069,57.6728,749949.0
2017-07-06,57.4185,57.7765,57.2018,57.6257,685036.0
2017-07-07,57.7953,58.4453,57.5315,57.9931,644905.0
2017-07-10,57.9743,58.5395,57.8142,58.125,563686.0
2017-07-11,58.0779,58.2381,57.2112,58.0497,762420.0
2017-07-12,58.4077,58.6997,58.2946,58.6149,480464.0
2017-07-13,58.6243,58.6337,58.125,58.1816,405103.0
2017-07-14,58.2192,58.4924,58.0026,58.3134,546675.0
2017-07-17,58.2852,58.3605,57.9084,58.2852,782372.0
2017-07-18,58.0874,58.1721,57.7576,57.8518,389519.0
2017-07-19,58.0497,58.0591,57.7294,58.0497,511097.0
2017-07-20,58.012,58.1439,57.5315,57.5975,427979.0
2017-07-21,57.3337,57.3902,56.9946,57.3808,926210.0
2017-07-24,57.5221,57.8142,57.4939,57.6634,463093.0
2017-07-25,58.0497,58.3323,57.7671,58.2004,723902.0
2017-07-26,58.2004,58.37,57.7953,57.946,469260.0
2017-07-27,58.0497,58.1345,57.6446,58.0308,971025.0
2017-07-28,58.0685,58.4077,57.7388,58.2663,711582.0
2017-07-31,58.4171,58.4171,57.9837,58.012,518689.0
2017-08-01,58.1627,58.483,57.5504,58.0497,931961.0
2017-08-02,57.7576,61.2056,57.4185,60.5084,2796375.0
2017-08-03,60.6121,61.1867,60.1128,60.6686,826731.0
2017-08-04,60.7722,60.9795,60.5084,60.7816,587331.0
2017-08-07,60.7063,60.8476,60.4142,60.4708,480120.0
2017-08-08,60.3671,60.6686,59.9432,60.1034,446390.0
2017-08-09,59.962,60.1316,59.5664,59.8773,687918.0
2017-08-10,59.5758,59.736,59.0671,59.1048,441292.0
2017-08-11,58.9823,59.3686,58.7939,58.954,537515.0
2017-08-14,59.3497,59.7925,59.2178,59.4628,519190.0
2017-08-15,59.5852,59.7454,59.4062,59.4533,345083.0
2017-08-16,59.7454,59.7642,59.4251,59.4533,328968.0
2017-08-17,59.378,59.6041,59.133,59.1519,1085196.0
2017-08-18,58.9823,59.5099,58.841,59.2932,674846.0
2017-08-21,59.2272,59.3497,58.6243,58.7656,429806.0
2017-08-22,58.9446,59.4251,58.7185,59.2932,552482.0
2017-08-23,58.9635,59.0671,58.5019,58.841,666687.0
2017-08-24,58.9258,59.378,58.841,58.8881,575138.0
2017-08-25,59.1613,59.3497,58.7751,58.8975,458188.0
2017-08-28,58.9635,59.1425,58.5207,58.7656,293867.0
2017-08-29,58.2569,59.02,58.191,58.9446,482626.0
2017-08-30,58.8881,59.1519,58.8504,59.0483,539753.0
2017-08-31,59.0859,59.6323,59.0294,59.5852,777414.0
2017-09-01,59.6323,59.8396,59.2743,59.5664,912077.0
2017-09-05,59.5475,59.7831,59.1896,59.3591,579504.0
2017-09-06,59.7265,59.8113,59.3874,59.7831,606358.0
2017-09-07,59.8302,59.9432,59.1801,59.9149,499822.0
2017-09-08,59.8396,60.5555,59.6135,60.3389,625795.0
2017-09-11,60.5932,60.7816,60.1599,60.678,779308.0
2017-09-12,60.8287,61.2244,60.7816,61.1585,477368.0
2017-09-13,60.979,61.3375,60.8186,61.328,362157.0
2017-09-14,61.3186,61.6016,61.0356,61.5639,553647.0
2017-09-15,61.5261,62.111,61.3752,61.6299,856494.0
2017-09-18,61.7808,62.6016,61.6582,62.5544,739980.0
2017-09-19,62.4506,62.7242,62.2997,62.611,454162.0
2017-09-20,62.7619,62.8657,62.3374,62.6393,841514.0
2017-09-21,62.6016,62.9223,62.2903,62.3657,634342.0
2017-09-22,62.328,62.4223,61.7337,61.8752,795420.0
2017-09-25,61.8563,62.0167,61.1394,61.3469,1026876.0
2017-09-26,61.4412,62.045,61.3186,61.7148,950042.0
2017-09-27,61.9412,62.6299,61.9412,62.5167,1223366.0
2017-09-28,62.4506,62.545,61.5639,61.8375,768251.0
2017-09-29,61.762,62.4318,61.7431,62.2997,492942.0
2017-10-02,62.262,63.0544,61.9318,63.045,657188.0
2017-10-03,63.0167,63.1016,62.328,62.5355,798351.0
2017-10-04,62.4695,63.2525,62.3374,63.1582,480424.0
2017-10-05,63.111,63.2714,62.7525,63.0733,538130.0
2017-10-06,62.9884,63.2148,62.7242,63.1959,407760.0
2017-10-09,63.2053,63.5449,62.9601,63.3091,372459.0
2017-10-10,63.4506,63.5638,63.1393,63.3563,441712.0
2017-10-11,63.3468,63.3846,62.9601,63.177,386771.0
2017-10-12,63.1016,63.7619,63.1016,63.3091,560303.0
2017-10-13,63.7242,63.8185,63.3468,63.394,688217.0
2017-10-16,63.677,63.9412,63.2053,63.9317,378530.0
2017-10-17,63.9128,64.3279,63.9128,64.0732,660215.0
2017-10-18,64.1864,64.2808,63.743,64.0732,741931.0
2017-10-19,63.8657,64.526,63.6487,64.526,436683.0
2017-10-20,64.8185,64.9317,64.4411,64.6958,600807.0
2017-10-23,64.7336,64.9411,64.4317,64.6109,901472.0
2017-10-24,64.6958,65.1581,64.6958,64.8373,644438.0
2017-10-25,64.809,65.1392,63.9883,64.6298,600449.0
2017-10-26,65.026,65.3845,64.6392,65.309,661372.0
2017-10-27,65.1864,65.4883,64.8562,65.2713,713294.0
2017-10-30,66.2807,66.2807,63.7808,63.7996,1162884.0
2017-10-31,63.9128,64.1298,63.4883,63.6676,1058229.0
2017-11-01,64.0921,64.1204,63.1299,63.4412,1452306.0
2017-11-02,63.9506,64.6298,63.1676,64.5072,3144105.0
2017-11-03,64.8845,65.1958,63.6676,63.8279,1938812.0
2017-11-06,63.9128,64.8656,63.7902,64.6675,1213539.0
2017-11-07,64.7053,64.9883,64.4128,64.677,857490.0
2017-11-08,64.3845,64.7147,63.7053,64.1959,879130.0
2017-11-09,63.8657,64.7147,63.7713,64.1581,986754.0
2017-11-10,64.0072,64.4694,63.8468,64.3657,820141.0
2017-11-13,64.2713,65.0826,64.177,64.9883,1710773.0
2017-11-14,64.743,65.5637,64.743,65.5543,1456615.0
2017-11-15,65.1015,65.5071,64.7524,64.9222,1369942.0
2017-11-16,65.309,66.4411,65.0921,66.1486,1594321.0
2017-11-17,65.9882,66.4411,65.743,66.2807,1327226.0
2017-11-20,66.3939,66.9316,66.2335,66.658,1354409.0
2017-11-21,66.7995,67.2052,66.2241,66.3656,1161435.0
2017-11-22,66.4411,66.5731,66.0826,66.2618,761852.0
2017-11-24,66.3373,66.5448,66.1298,66.2618,188413.0
2017-11-27,66.3373,66.7901,66.2524,66.6014,630994.0
2017-11-28,66.809,67.9504,66.7618,67.9221,1053833.0
2017-11-29,68.007,68.007,67.2335,67.6203,1067482.0
2017-11-30,67.7146,68.9221,67.7146,68.5731,716672.0
2017-12-01,68.4882,68.6674,66.5731,68.007,705426.0
2017-12-04,68.4986,68.8103,67.6768,67.724,741385.0
2017-12-05,67.724,67.9696,66.9306,67.1101,742385.0
2017-12-06,67.1384,67.5918,66.9495,67.1006,492948.0
2017-12-07,67.0629,67.4973,66.8173,67.4407,701811.0
2017-12-08,67.724,67.9224,67.3934,67.7618,549122.0
2017-12-11,67.9224,68.1019,67.639,67.9224,569875.0
2017-12-12,67.9318,68.2719,67.8185,68.1302,818409.0
2017-12-13,68.0546,68.2908,67.6957,67.7335,471676.0
2017-12-14,67.9602,68.1396,67.0062,67.0251,528972.0
2017-12-15,67.2234,67.4501,67.1006,67.2707,1013794.0
2017-12-18,67.4312,68.253,67.4312,67.5351,862084.0
2017-12-19,67.8279,68.3097,67.3746,68.0641,1166324.0
2017-12-20,68.1396,68.6402,68.0452,68.4608,1024651.0
2017-12-21,68.8008,68.8858,68.3097,68.593,430396.0
2017-12-22,68.848,68.8953,68.253,68.5741,348970.0
2017-12-26,68.678,68.678,68.338,68.5175,143710.0
2017-12-27,68.6686,68.8764,68.4324,68.6402,271654.0
2017-12-28,68.8669,68.8858,68.0546,68.8292,348339.0
2017-12-29,68.9519,69.0086,68.3569,68.4513,561246.0
2018-01-02,68.848,69.2259,68.1396,68.7158,504850.0
2018-01-03,68.4136,69.3203,68.4136,69.3203,799549.0
2018-01-04,69.5848,70.3688,69.5187,69.8776,736775.0
2018-01-05,70.0098,70.1799,69.4431,69.6981,1527218.0
2018-01-08,69.6415,70.2176,69.1409,70.161,1264795.0
2018-01-09,70.076,70.2365,69.6604,69.8965,890486.0
2018-01-10,69.6981,69.8304,69.3864,69.632,588110.0
2018-01-11,69.6698,70.4443,69.5376,70.4349,716821.0
2018-01-12,70.7371,71.2378,70.4632,71.03,553372.0
2018-01-16,71.2661,71.4267,70.4538,70.756,457703.0
2018-01-17,71.2,71.9178,70.8788,71.8139,896062.0
2018-01-18,72.1256,72.2012,71.5967,71.8517,891614.0
2018-01-19,72.1729,73.0324,72.1729,72.7112,1182796.0
2018-01-22,72.5412,72.6735,71.88,72.2579,557357.0
2018-01-23,72.239,73.0891,72.1162,72.7301,541777.0
2018-01-24,72.8529,73.0607,71.88,72.6357,575607.0
2018-01-25,73.0796,73.2496,72.1445,72.7112,445694.0
2018-01-26,73.0796,73.7597,72.5223,73.7502,514517.0
2018-01-29,73.4291,73.8258,73.1741,73.193,632255.0
2018-01-30,73.0418,73.5802,72.3051,72.3051,978761.0
2018-01-31,72.4846,72.9568,71.7195,72.069,1168241.0
2018-02-01,73.2307,74.1564,71.9273,73.5897,1261906.0
2018-02-02,73.5236,74.0242,72.8813,72.9663,1238941.0
2018-02-05,72.5223,73.1646,69.7831,69.802,1221404.0
2018-02-06,68.3947,71.1433,67.6107,70.5671,1630381.0
2018-02-07,70.1326,70.841,69.9909,70.0476,1092553.0
2018-02-08,70.0193,70.3593,68.0168,68.0546,1077325.0
2018-02-09,68.6969,68.8764,67.214,68.2908,1666213.0
2018-02-12,68.9992,70.2082,68.6119,69.8965,1301434.0
2018-02-13,69.7643,70.4254,69.4337,70.2932,728232.0
2018-02-14,69.9437,70.7183,69.7454,70.5671,719706.0
2018-02-15,71.1716,71.6628,70.416,71.6345,831427.0
2018-02-16,71.37,72.6735,71.2378,72.3051,1063252.0
2018-02-20,71.9178,72.7868,71.4456,71.5211,934307.0
2018-02-21,71.6156,72.834,71.6156,72.1162,930993.0
2018-02-22,72.2484,72.8624,72.0595,72.2295,544870.0
2018-02-23,72.6262,72.7774,71.6911,72.5034,687403.0
2018-02-26,72.9096,74.2603,72.6829,74.0525,621378.0
2018-02-27,74.0053,74.7137,73.363,73.3724,721273.0
2018-02-28,73.5613,73.6936,71.5117,71.54,1030832.0
2018-03-01,71.5495,71.6722,69.6415,70.0665,706706.0
2018-03-02,69.4809,70.5577,69.1314,70.3877,723532.0
2018-03-05,69.8682,71.3039,69.5187,71.03,561509.0
2018-03-06,71.3417,71.9084,70.6332,71.8895,730693.0
2018-03-07,71.1055,72.4279,70.1704,72.2768,1031989.0
2018-03-08,72.494,72.9946,72.1162,72.9663,601014.0
2018-03-09,73.4858,74.4398,73.2685,74.4209,556128.0
2018-03-12,74.4398,74.4964,73.7786,74.0053,583475.0
2018-03-13,74.1658,74.9215,73.7975,74.0336,585714.0
2018-03-14,74.5733,74.63,73.7406,73.8636,500967.0
2018-03-15,74.1475,74.3556,73.6365,73.769,397505.0
2018-03-16,73.7595,74.5922,73.5513,74.4503,649634.0
2018-03-19,74.1475,74.2989,73.0214,73.6838,472849.0
2018-03-20,73.9961,74.7152,73.8731,74.2137,545129.0
2018-03-21,74.3746,74.895,73.9298,73.9298,750675.0
2018-03-22,73.2391,73.6554,72.0279,72.0847,807369.0
2018-03-23,72.2928,72.6903,70.5234,70.5991,501720.0
2018-03-26,71.6399,72.7943,70.9492,72.6619,604071.0
2018-03-27,72.747,72.87,70.8829,71.0343,898486.0
2018-03-28,71.0059,71.5264,70.5139,70.9208,799195.0
2018-03-29,71.4318,72.4442,71.2614,71.8859,444765.0
2018-04-02,71.8859,71.8859,69.5677,70.6464,513679.0
2018-04-03,70.8451,71.6021,70.4004,71.5642,609900.0
2018-04-04,70.4382,71.8102,69.9178,71.6021,560959.0
2018-04-05,71.9522,72.6146,71.8197,72.3023,589969.0
2018-04-06,71.3561,71.7819,68.8107,69.5866,747556.0
2018-04-09,70.2395,70.8356,69.2932,69.4257,751150.0
2018-04-10,70.5801,70.9681,70.0881,70.5234,751593.0
2018-04-11,69.8988,70.5044,69.6623,70.0881,660708.0
2018-04-12,71.11,71.6683,70.7315,71.11,1009273.0
2018-04-13,71.498,71.7062,70.5991,70.9113,402380.0
2018-04-16,71.6115,72.0468,71.2236,71.5358,375937.0
2018-04-17,71.8292,72.501,71.6115,72.2739,686304.0
2018-04-18,72.6429,73.0498,72.3023,72.8417,494187.0
2018-04-19,72.7281,72.9836,72.0373,72.4158,446746.0
2018-04-20,71.9616,72.2171,71.2709,71.7346,988621.0
2018-04-23,71.7819,71.9522,70.5328,70.8072,893032.0
2018-04-24,70.9208,71.1952,67.0412,67.959,1307230.0
2018-04-25,67.467,68.1767,66.7762,68.0821,1955933.0
2018-04-26,68.1861,68.2902,67.2115,67.6563,1125614.0
2018-04-27,67.6846,67.6846,66.5208,67.1358,1257187.0
2018-04-30,67.2588,67.4481,66.0382,66.0476,1434808.0
2018-05-01,65.9909,66.0287,64.8838,65.5367,1876442.0
2018-05-02,66.341,68.47,66.2085,66.3788,2215527.0
2018-05-03,66.2464,67.2399,65.7638,66.2274,3933572.0
2018-05-04,65.9625,67.8076,65.8395,67.6563,3003273.0
2018-05-07,67.7887,68.9715,67.6563,68.8864,1355430.0
2018-05-08,68.9715,69.5866,68.735,69.5014,1294240.0
2018-05-09,69.8137,71.0154,69.4446,70.7788,1449489.0
2018-05-10,71.1668,71.1668,70.2679,70.6748,1478444.0
2018-05-11,70.7694,71.1195,70.2963,70.7883,925291.0
2018-05-14,70.9113,70.987,70.0692,70.2584,736110.0
2018-05-15,70.0219,70.5423,69.738,70.2584,1049705.0
2018-05-16,70.3814,71.1195,70.0976,70.8924,874411.0
2018-05-17,70.9302,71.6399,70.6653,71.2804,841580.0
2018-05-18,71.3371,72.009,71.1573,71.4791,738446.0
2018-05-21,71.9143,72.5672,71.9143,72.1414,720244.0
2018-05-22,72.255,72.4158,71.4412,71.5075,609682.0
2018-05-23,70.9965,71.1573,70.2206,70.8924,733829.0
2018-05-24,70.8735,72.0279,70.7505,71.9711,1072094.0
2018-05-25,71.6683,71.9806,70.864,71.0533,730687.0
2018-05-29,70.4004,70.5896,69.2649,69.6528,680498.0
2018-05-30,70.1165,71.0154,69.9272,70.6937,1078560.0
2018-05-31,70.7694,70.864,69.0283,69.104,1444100.0
2018-06-01,69.8042,70.6274,69.5677,70.2206,857413.0
2018-06-04,70.5707,70.8072,70.2206,70.7031,556774.0
2018-06-05,70.7031,71.6305,70.7031,71.5453,776060.0
2018-06-06,71.5832,71.8765,71.1006,71.8765,630065.0
2018-06-07,71.9143,72.1036,71.3182,71.7062,500384.0
2018-06-08,71.6967,71.8102,71.233,71.6778,352626.0
2018-06-11,71.6778,72.0279,71.3844,71.5548,585594.0
2018-06-12,71.6967,71.9238,71.4128,71.7724,441864.0
2018-06-13,71.9345,72.1146,71.2235,71.2804,700493.0
2018-06-14,71.3467,71.669,70.6452,70.9486,577131.0
2018-06-15,70.6642,71.2614,70.2944,71.1856,916650.0
2018-06-18,70.522,71.1192,70.1996,70.996,482263.0
2018-06-19,70.1428,70.3324,68.9103,69.5645,686276.0
2018-06-20,70.0385,70.0385,69.2895,69.4981,575169.0
2018-06-21,69.1284,69.1284,68.1235,68.7207,837291.0
2018-06-22,69.2895,69.536,68.9103,69.2042,839731.0
2018-06-25,68.9767,69.0999,67.9718,68.7302,999753.0
2018-06-26,68.8724,69.2706,68.4837,68.5311,662897.0
2018-06-27,68.9009,69.8583,67.7633,67.7917,908414.0
2018-06-28,67.8486,68.3036,67.3461,67.9813,615588.0
2018-06-29,68.4079,69.2042,68.2467,68.4079,731366.0
2018-07-02,67.7443,68.2088,67.1091,68.1709,795443.0
2018-07-03,68.6639,69.0051,67.7064,67.8486,378960.0
2018-07-05,68.3131,68.3795,67.5926,68.2373,555970.0
2018-07-06,68.0856,68.4743,67.877,68.1519,410453.0
2018-07-09,68.1993,69.299,68.1993,69.2327,454434.0
2018-07-10,69.6308,69.8868,69.3275,69.555,944892.0
2018-07-11,68.8535,69.1379,68.0666,68.3131,744263.0
2018-07-12,68.8914,69.4981,68.4079,69.4033,573400.0
2018-07-13,69.299,70.0669,69.299,69.8678,351354.0
2018-07-16,69.9152,70.0574,68.9862,69.1758,356987.0
2018-07-17,69.062,69.555,68.8724,69.3749,523965.0
2018-07-18,69.536,70.0195,69.2801,69.9247,475038.0
2018-07-19,69.6498,69.9437,69.4602,69.8109,428182.0
2018-07-20,69.5076,70.1807,69.3843,69.7446,527360.0
2018-07-23,69.6308,69.6308,68.8629,68.9293,470725.0
2018-07-24,69.4128,70.048,69.318,69.6213,649179.0
2018-07-25,69.555,71.5079,69.4697,71.4036,1285349.0
2018-07-26,71.2614,73.129,71.2614,73.091,1024759.0
2018-07-27,73.1858,73.4134,72.4274,72.854,697770.0
2018-07-30,72.9394,73.6978,71.925,72.1146,1515676.0
2018-07-31,72.4464,73.9537,71.3088,73.7546,1164769.0
2018-08-01,73.802,73.84,72.5128,72.8256,1012282.0
2018-08-02,72.4464,73.1574,72.1051,72.7687,818949.0
2018-08-03,72.854,73.11,71.9914,72.5886,657003.0
2018-08-06,72.7498,72.8066,72.1525,72.3516,488767.0
2018-08-07,72.5981,73.565,72.5886,73.4608,831891.0
2018-08-08,73.4892,73.5271,73.0152,73.1574,493641.0
2018-08-09,73.2332,73.5176,72.5033,72.6739,413875.0
2018-08-10,72.2473,72.3516,71.6406,71.9345,496173.0
2018-08-13,72.0482,72.4843,71.3562,71.7259,460954.0
2018-08-14,71.8492,72.181,71.6596,71.8776,496608.0
2018-08-15,71.5079,71.5648,70.6262,71.195,778513.0
2018-08-16,71.5648,72.2378,71.3657,71.7923,613581.0
2018-08-17,71.7923,72.4938,71.5837,72.3421,557533.0
2018-08-20,72.418,72.8351,72.3326,72.5981,492522.0
2018-08-21,72.7592,73.1384,72.6265,72.9962,768350.0
2018-08-22,72.7687,72.873,71.9819,72.162,345052.0
2018-08-23,72.162,72.3421,71.6975,71.8871,452837.0
2018-08-24,72.1525,72.2947,71.688,72.2473,398538.0
2018-08-27,72.5886,73.3565,72.5033,73.0531,368286.0
2018-08-28,73.366,73.7831,73.2143,73.3091,379553.0
2018-08-29,73.565,73.565,73.0247,73.2996,522535.0
2018-08-30,73.1953,73.347,72.3232,72.4748,467001.0
2018-08-31,72.2568,73.0247,72.162,72.9583,456299.0
2018-09-04,72.7498,72.9109,71.9819,72.7308,585560.0
2018-09-05,72.5886,74.077,72.4464,73.9442,1174414.0
2018-09-06,74.0675,74.788,74.0106,74.2192,868880.0
2018-09-07,74.0675,74.6268,73.5745,74.0296,819802.0
2018-09-10,74.4751,75.5938,74.3045,75.2525,1068530.0
2018-09-11,74.987,76.0393,74.7974,75.3568,1092949.0
2018-09-12,75.3089,75.7457,74.891,75.5938,801562.0
2018-09-13,75.8787,76.7999,75.8122,76.6289,633693.0
2018-09-14,76.6289,77.0942,76.344,76.7619,430407.0
2018-09-17,76.7999,77.0753,76.3915,76.7239,483202.0
2018-09-18,76.9233,77.4361,76.344,77.3981,519502.0
2018-09-19,77.5406,77.5406,76.8568,76.8853,603153.0
2018-09-20,77.2272,77.4076,76.4295,77.2842,545689.0
2018-09-21,77.4741,77.797,77.1702,77.4266,862277.0
2018-09-24,77.2652,77.2652,76.3915,76.4865,483527.0
2018-09-25,76.287,76.3535,75.7267,76.0116,906179.0
2018-09-26,75.9641,76.2206,75.2994,75.3943,597649.0
2018-09-27,75.4893,75.8027,74.9385,74.9575,367123.0
2018-09-28,74.853,75.6128,74.7581,75.1379,512084.0
2018-10-01,75.6602,75.9357,75.3184,75.6982,399502.0
2018-10-02,75.8027,76.1446,75.5558,75.6697,438544.0
2018-10-03,75.9167,76.0211,75.5178,75.8027,735842.0
2018-10-04,75.6413,76.2775,74.9575,75.2614,562774.0
2018-10-05,75.2709,75.4323,74.1598,74.6916,533894.0
2018-10-08,74.4542,74.5206,73.3051,73.9983,731468.0
2018-10-09,73.8844,73.9983,72.8967,72.9347,749123.0
2018-10-10,72.6498,72.8492,70.3991,70.4466,1007353.0
2018-10-11,70.2661,70.3801,68.0439,68.2338,1161016.0
2018-10-12,69.4589,69.6773,68.1294,69.136,637826.0
2018-10-15,69.0315,69.4589,68.4617,68.6232,770562.0
2018-10-16,69.117,69.9052,68.1294,69.7628,1300891.0
2018-10-17,69.6393,69.9717,69.0505,69.6203,622082.0
2018-10-18,69.288,69.4589,67.5406,67.683,882250.0
2018-10-19,67.7875,67.9014,66.5719,67.0562,869006.0
2018-10-22,67.3031,67.4076,66.7333,66.9518,796155.0
2018-10-23,65.7172,65.7172,63.9413,64.5871,1319542.0
2018-10-24,64.2452,64.758,61.9375,62.0895,1444435.0
2018-10-25,62.6498,63.6659,62.4503,63.0866,843216.0
2018-10-26,62.099,64.2737,62.004,63.3715,1062622.0
2018-10-29,64.2737,64.5586,61.6431,62.3933,785513.0
2018-10-30,62.2129,63.2575,61.8995,63.0391,1146990.0
2018-10-31,63.8179,64.6536,63.5804,63.7039,1302790.0
2018-11-01,69.4399,69.4399,66.306,68.0249,2095222.0
2018-11-02,68.8131,69.5254,68.0439,68.9746,2136047.0
2018-11-05,69.3164,70.1047,68.7277,69.8103,1814595.0
2018-11-06,69.5444,71.1493,69.3449,70.8834,1768101.0
2018-11-07,71.2633,71.7476,70.4086,71.4532,1528766.0
2018-11-08,71.3108,71.6336,70.9499,71.1968,1134371.0
2018-11-09,70.7504,71.1683,69.5444,70.703,1077054.0
2018-11-12,70.7884,70.8264,68.9746,69.079,1465965.0
2018-11-13,69.0885,70.0382,68.9081,69.1455,1104677.0
2018-11-14,70.0572,70.8739,69.1455,69.2975,1190043.0
2018-11-15,68.7561,70.9309,68.6137,70.6555,907402.0
2018-11-16,70.2186,71.1778,70.1427,70.6365,685226.0
2018-11-19,70.5035,70.6555,68.7182,68.9461,772739.0
2018-11-20,68.3573,68.7087,67.2367,67.6545,1242495.0
2018-11-21,68.2053,69.212,68.1578,68.6137,790542.0
2018-11-23,67.9584,68.6232,67.759,68.0534,205479.0
2018-11-26,68.6802,69.022,68.1009,68.5282,652607.0
2018-11-27,68.2148,68.6042,66.9423,67.7875,910935.0
2018-11-28,68.1389,70.2186,67.854,70.2091,878646.0
2018-11-29,69.7438,70.0192,69.1645,69.5349,769052.0
2018-11-30,69.3924,70.1332,69.136,69.7343,954593.0
2018-12-03,70.9024,72.4788,70.9024,72.2604,1475651.0
2018-12-04,72.068,72.1822,68.3761,68.4522,1623138.0
2018-12-06,67.2628,68.1858,65.4074,68.0241,1854308.0
2018-12-07,67.9289,69.242,67.2533,67.4151,1101424.0
2018-12-10,67.3865,67.6149,65.8831,67.2724,749296.0
2018-12-11,68.5284,68.9756,66.749,67.3009,1004903.0
2018-12-12,68.3666,70.2887,68.2429,69.0898,1482805.0
2018-12-13,69.0802,69.6226,67.986,68.2905,954893.0
2018-12-14,67.4151,68.3666,66.6824,66.9774,797834.0
2018-12-17,66.9393,67.3485,65.4359,65.8165,878392.0
2018-12-18,66.435,67.063,65.2837,65.5311,1200645.0
2018-12-19,65.7024,66.8442,63.9135,64.6081,1155054.0
2018-12-20,64.3322,64.551,62.0866,62.9049,1698214.0
2018-12-21,63.1713,64.2656,62.0485,62.0485,1454166.0
2018-12-24,61.6203,61.8487,60.2502,60.2787,511059.0
2018-12-26,60.6974,63.1333,60.0789,63.0381,783700.0
2018-12-27,61.9153,64.0562,61.5633,64.0467,661260.0
2018-12-28,64.4178,64.551,63.3331,63.4948,557615.0
2018-12-31,63.8088,64.4559,63.6566,64.4178,511120.0
2019-01-02,63.5044,64.2846,62.9715,64.218,697103.0
2019-01-03,63.571,63.9896,62.2483,62.3911,1086680.0
2019-01-04,63.4282,64.7984,63.0762,64.7508,820882.0
2019-01-07,64.7984,65.3693,64.2751,64.6462,966078.0
2019-01-08,65.6928,65.6928,64.256,65.5977,962121.0
2019-01-09,66.2352,66.5016,65.7785,66.0354,933406.0
2019-01-10,65.5787,67.1962,65.5025,67.1772,632195.0
2019-01-11,66.6253,67.2438,66.5968,67.1296,462556.0
2019-01-14,66.73,67.044,66.3875,66.8061,415142.0
2019-01-15,66.73,67.0155,66.1591,66.4921,647143.0
2019-01-16,66.3589,66.9869,66.1971,66.8727,891009.0
2019-01-17,66.7395,68.005,66.5492,67.7767,728258.0
2019-01-18,68.3,69.1373,68.1192,68.8519,704410.0
2019-01-22,68.2524,68.2524,66.4826,67.358,990215.0
2019-01-23,67.5198,67.9479,66.5778,67.2819,698552.0
2019-01-24,67.2819,67.7862,67.0345,67.7481,803534.0
2019-01-25,68.6711,69.0993,67.5483,67.8623,719392.0
2019-01-28,66.8632,67.2724,66.1401,66.749,1217249.0
2019-01-29,67.358,68.3095,67.2914,68.2905,1005101.0
2019-01-30,68.8329,69.3752,67.7957,69.0707,493415.0
2019-01-31,69.2325,69.4133,68.6045,69.3657,604409.0
2019-02-01,69.6416,70.203,69.1373,69.851,686666.0
2019-02-04,69.7749,70.1269,69.2325,70.1269,1220848.0
2019-02-05,71.4686,72.6294,70.4504,71.2687,2648810.0
2019-02-06,71.126,72.4581,70.9452,71.0023,1609422.0
2019-02-07,70.5551,71.4686,70.46,71.4686,1337416.0
2019-02-08,70.8025,72.1346,70.8025,72.087,1314983.0
2019-02-11,72.0585,72.4296,72.0395,72.363,821609.0
2019-02-12,72.8578,74.1138,72.7341,73.5904,1417385.0
2019-02-13,74.4183,75.5315,73.0481,74.9511,1658193.0
2019-02-14,74.7608,74.9701,74.1043,74.1328,769049.0
2019-02-15,74.8274,75.3793,74.6276,75.1795,978653.0
2019-02-19,74.7513,75.6077,74.6752,75.208,567011.0
2019-02-20,75.3698,76.0454,75.0082,75.9407,614741.0
2019-02-21,75.8551,76.0739,75.2556,75.4174,783373.0
2019-02-22,75.5315,75.8836,75.2461,75.5506,638543.0
2019-02-25,76.0739,76.5116,75.7218,75.9026,555388.0
2019-02-26,75.6077,75.9597,75.208,75.2937,491605.0
2019-02-27,75.1129,75.9122,74.8845,75.7789,686651.0
2019-02-28,75.6362,75.9502,75.1795,75.7218,648093.0
2019-03-01,76.0834,76.1786,75.208,75.7123,1409658.0
2019-03-04,76.1215,76.5972,75.1034,75.6457,1120899.0
2019-03-05,75.7028,75.8836,75.2746,75.3127,581932.0
2019-03-06,75.503,75.7504,75.3603,75.4174,624089.0
2019-03-07,75.3698,75.3793,74.266,75.1034,980031.0
2019-03-08,74.3707,74.9892,74.1328,74.8274,545295.0
2019-03-11,74.7703,76.2928,74.542,76.2071,1168801.0
2019-03-12,76.5592,76.7495,76.1881,76.2547,639219.0
2019-03-13,76.6916,77.4922,76.4247,77.1586,999121.0
2019-03-14,76.9204,77.254,76.4152,76.8727,749680.0
2019-03-15,76.9394,77.3016,76.7392,77.0252,803122.0
2019-03-18,77.0157,77.9307,77.0157,77.9307,449471.0
2019-03-19,78.312,78.4645,77.0443,77.2921,689242.0
2019-03-20,77.2063,77.6352,76.4247,77.0729,538211.0
2019-03-21,76.825,78.3215,76.7774,78.2929,456985.0
2019-03-22,78.3024,78.4549,75.6431,75.6908,1174753.0
2019-03-25,75.7956,76.0911,75.4144,75.8909,692388.0
2019-03-26,76.4914,76.9585,76.1578,76.8727,465896.0
2019-03-27,76.9585,77.1872,76.358,76.9013,528866.0
2019-03-28,77.254,78.4645,77.254,78.3787,622057.0
2019-03-29,78.8743,79.227,78.7314,79.084,828788.0
2019-04-01,79.7989,80.1325,79.5034,80.0658,813135.0
2019-04-02,80.0658,80.0753,79.5034,79.7989,974462.0
2019-04-03,80.2564,80.6663,79.9323,80.3803,1121459.0
2019-04-04,80.6282,80.7711,79.6941,80.0753,687219.0
2019-04-05,80.142,80.3708,79.9514,80.3422,399189.0
2019-04-08,80.123,80.6949,79.6845,80.6568,337378.0
2019-04-09,80.2278,80.2374,79.5034,79.6369,393902.0
2019-04-10,79.8656,80.1897,79.532,80.1039,350262.0
2019-04-11,80.1897,80.895,80.0277,80.8283,307408.0
2019-04-12,81.0571,81.8959,81.019,81.791,722872.0
2019-04-15,81.9054,82.1723,81.343,81.6099,402041.0
2019-04-16,81.9817,82.2104,81.4193,81.8863,478916.0
2019-04-17,82.6679,82.6679,81.6862,81.7338,336271.0
2019-04-18,82.1628,82.5059,81.7529,82.4392,663596.0
2019-04-22,81.9912,82.6679,81.6957,82.5631,203680.0
2019-04-23,82.4678,83.4877,82.3725,83.2017,417556.0
2019-04-24,83.2017,83.6592,83.0015,83.0206,391977.0
2019-04-25,82.4392,82.849,81.4669,81.8863,326231.0
2019-04-26,81.9626,83.2494,81.7052,83.2112,483949.0
2019-04-29,83.6783,83.8594,83.0111,83.3447,482205.0
2019-04-30,83.745,84.1072,83.297,84.0405,1086941.0
2019-05-01,84.355,84.6029,82.2771,82.3153,1289097.0
2019-05-02,82.401,83.2589,82.077,82.9443,688208.0
2019-05-03,83.3637,83.6116,83.0206,83.2589,628606.0
2019-05-06,81.7624,82.525,81.2572,82.4678,490613.0
2019-05-07,81.486,82.4773,80.8665,81.4574,943937.0
2019-05-08,81.4002,82.0865,80.9141,81.486,543613.0
2019-05-09,80.4852,81.5909,80.0277,81.4479,346141.0
2019-05-10,80.895,81.8291,79.5892,81.5718,489035.0
2019-05-13,79.8466,80.5328,79.2651,80.1706,786529.0
2019-05-14,80.4947,81.8387,80.4947,81.038,558128.0
2019-05-15,80.6091,82.1056,80.0658,81.7529,637392.0
2019-05-16,82.0865,82.6775,81.7338,82.5345,413622.0
2019-05-17,81.6671,82.5059,81.6099,81.8768,455589.0
2019-05-20,81.324,81.8863,80.876,81.1715,414594.0
2019-05-21,81.7434,82.544,81.629,82.4201,582610.0
2019-05-22,82.0865,82.3534,81.5813,81.6004,716032.0
2019-05-23,80.6758,80.9141,80.1611,80.895,723316.0
2019-05-24,81.3335,81.6576,80.4757,80.5328,602060.0
2019-05-28,80.8665,81.1619,79.8942,79.9991,550767.0
2019-05-29,79.513,79.98,79.0268,79.4844,1277693.0
2019-05-30,79.7322,80.3327,79.3986,79.8847,335897.0
2019-05-31,78.3882,78.9601,77.9974,78.0546,683960.0
2019-06-03,78.0451,79.0364,77.7973,78.331,824101.0
2019-06-04,79.0745,79.8752,78.3406,79.7512,949589.0
2019-06-05,80.2183,80.4757,78.922,80.4185,723077.0
2019-06-06,80.4852,80.4852,79.3509,80.0086,750879.0
2019-06-07,80.142,82.0388,80.0372,81.7529,654540.0
2019-06-10,82.2485,83.0301,82.1628,82.4296,513785.0
2019-06-11,83.1922,83.5544,81.9912,82.2581,550246.0
2019-06-12,82.0874,82.7939,81.3428,81.5146,617962.0
2019-06-13,81.9538,82.1161,81.1423,81.801,430341.0
2019-06-14,81.4764,81.4764,80.6744,81.1423,439281.0
2019-06-17,81.3332,81.5432,80.5694,80.6267,372799.0
2019-06-18,81.2282,82.7367,81.085,82.5934,889415.0
2019-06-19,82.9181,83.0231,81.8297,82.8703,520786.0
2019-06-20,83.2045,84.7225,82.8512,84.5697,719932.0
2019-06-21,84.4838,85.7536,83.7773,83.7869,752910.0
2019-06-24,83.7105,84.4361,83.4909,83.8728,369474.0
2019-06-25,84.121,84.1496,83.5195,83.5959,294108.0
2019-06-26,83.7105,84.1306,83.4527,83.8537,346729.0
2019-06-27,84.1401,85.1521,83.8441,84.2642,407072.0
2019-06-28,84.7702,86.7561,84.3979,86.7274,1594234.0
2019-07-01,87.6058,88.1213,86.6415,87.9399,1136381.0
2019-07-02,87.9113,87.959,86.6224,87.0902,917053.0
2019-07-03,87.1475,87.749,86.8802,87.749,248753.0
2019-07-05,86.9661,87.2525,85.5817,86.9661,387752.0
2019-07-08,86.6701,87.2525,86.3837,86.4983,647050.0
2019-07-09,85.8586,86.4887,85.7727,86.2787,1170955.0
2019-07-10,86.6606,86.8802,85.4863,85.5245,982971.0
2019-07-11,85.5913,85.935,84.8752,85.534,1222484.0
2019-07-12,86.0973,87.052,86.0973,86.8802,871224.0
2019-07-15,87.0616,87.1475,86.546,86.8611,620042.0
2019-07-16,86.9756,87.3002,86.546,87.1666,691716.0
2019-07-17,87.0998,87.1475,85.2094,85.238,612576.0
2019-07-18,85.2571,85.3812,84.4934,84.8752,1197523.0
2019-07-19,85.1808,85.6199,84.6461,84.6938,801124.0
2019-07-22,84.6843,85.1617,84.417,84.5984,552850.0
2019-07-23,85.0662,85.8873,84.7989,85.7345,1451797.0
2019-07-24,85.1712,86.0305,84.818,85.9063,495108.0
2019-07-25,85.7918,85.8013,84.8752,85.1903,676634.0
2019-07-26,85.0471,85.3812,84.5793,85.238,1121917.0
2019-07-29,85.1712,85.1712,84.2547,84.5411,837175.0
2019-07-30,85.1044,87.9686,84.2738,86.6415,1115089.0
2019-07-31,87.1761,87.3766,84.6461,85.5531,712793.0
2019-08-01,85.2571,86.5842,84.1496,84.3215,924268.0
2019-08-02,83.8441,84.0446,82.2688,82.5839,1188747.0
2019-08-05,81.1232,81.1232,79.6433,80.2735,858887.0
2019-08-06,80.6744,81.9347,80.3212,81.8583,625048.0
2019-08-07,80.7413,81.7437,80.0157,81.4,1040574.0
2019-08-08,81.7437,83.214,81.6387,82.9944,660004.0
2019-08-09,82.6316,82.7939,81.4,81.4669,861967.0
2019-08-12,81.0181,81.6578,80.6172,81.1804,421669.0
2019-08-13,81.0659,83.4241,80.7699,82.1925,476425.0
2019-08-14,80.8367,81.0372,79.3092,79.5574,558670.0
2019-08-15,79.6624,80.789,79.3665,80.5121,915466.0
2019-08-16,80.999,82.1256,80.8367,81.7724,527274.0
2019-08-19,82.7844,83.2713,82.4311,82.7748,579151.0
2019-08-20,82.8035,83.1663,82.1065,82.307,689843.0
2019-08-21,83.214,83.214,82.1065,82.4216,491405.0
2019-08-22,82.7462,82.9181,81.4191,81.8869,391769.0
2019-08-23,81.4287,81.801,79.4619,79.8343,646972.0
2019-08-26,80.3403,80.6744,78.9177,79.2042,515825.0
2019-08-27,79.8725,80.3116,79.271,79.9393,614304.0
2019-08-28,79.4524,80.4358,79.0991,80.3021,527654.0
2019-08-29,81.2186,82.4407,81.0468,82.2116,371138.0
2019-08-30,82.9467,83.2236,81.5814,82.0397,534038.0
2019-09-03,81.2186,81.6578,79.0132,79.6051,533855.0
2019-09-04,80.5599,81.3809,80.2066,81.3141,842001.0
2019-09-05,82.3643,84.3883,82.3643,84.331,1073854.0
2019-09-06,84.7225,85.5149,84.2738,85.2285,1212489.0
2019-09-09,85.7345,85.9254,85.2858,85.7059,512049.0
2019-09-10,85.9254,85.9254,83.7487,84.3979,864814.0
2019-09-11,84.2929,84.2929,83.0231,84.1115,805089.0
2019-09-12,84.5296,86.0405,83.7455,85.7536,1018336.0
2019-09-13,86.356,87.0827,85.9161,86.7289,497821.0
2019-09-16,86.3273,87.0349,86.2413,86.8819,884462.0
2019-09-17,86.6237,86.7672,86.0691,86.4325,564103.0
2019-09-18,85.9544,86.2795,84.9217,86.0787,411220.0
2019-09-19,86.0691,86.8246,85.8014,86.2604,756371.0
2019-09-20,86.7194,87.1592,85.2564,85.9448,1135389.0
2019-09-23,85.4572,86.1361,84.9121,85.5337,581772.0
2019-09-24,85.811,87.054,85.4572,85.9448,1243288.0
2019-09-25,85.5815,86.7098,84.7687,86.5473,462112.0
2019-09-26,86.4803,86.7289,85.9448,86.2221,470121.0
2019-09-27,87.0158,87.8477,86.4708,87.3696,1014031.0
2019-09-30,87.1975,87.9625,86.8437,87.7999,678228.0
2019-10-01,88.2015,88.7944,84.6826,84.9121,1357649.0
2019-10-02,83.5256,83.822,81.4506,82.5216,987283.0
2019-10-03,82.2347,83.5925,81.4602,83.5639,506502.0
2019-10-04,83.8125,85.0077,83.4874,84.9408,381882.0
2019-10-07,84.7974,85.132,83.7838,84.1471,393564.0
2019-10-08,83.3057,83.3057,82.1965,82.2156,699174.0
2019-10-09,82.9232,83.4969,82.4929,83.124,532489.0
2019-10-10,83.0666,84.4436,82.9327,84.0993,459088.0
2019-10-11,84.9695,86.1265,84.5488,84.6348,772087.0
2019-10-14,84.0993,84.8261,83.8412,84.4914,357591.0
2019-10-15,84.74,85.811,84.2523,85.1607,475685.0
2019-10-16,84.9408,85.4094,84.3288,84.6635,318448.0
2019-10-17,85.3329,86.4134,84.6061,84.6348,494563.0
2019-10-18,84.6061,84.9791,84.2045,84.4818,915186.0
2019-10-21,84.9312,85.4189,84.1663,84.3671,1467651.0
2019-10-22,84.4149,85.2946,84.0324,84.5105,1553998.0
2019-10-23,84.6061,85.1225,84.195,85.1034,661467.0
2019-10-24,85.4476,85.591,84.8069,85.2181,231062.0
2019-10-25,85.3424,86.7863,84.9504,86.0213,513494.0
2019-10-28,86.5186,87.207,86.4325,86.4421,844120.0
2019-10-29,86.0213,88.2589,86.0213,87.6182,783259.0
2019-10-30,87.6182,87.6182,86.4803,87.3122,656339.0
2019-10-31,89.6932,89.8845,86.9775,87.6373,1403683.0
2019-11-01,88.431,90.0757,87.8286,90.0757,643501.0
2019-11-04,90.5921,91.6248,90.3052,91.4335,1196123.0
2019-11-05,91.3379,92.6288,91.3283,92.0359,1002451.0
2019-11-06,92.2272,92.2559,91.2805,92.1507,779793.0
2019-11-07,92.887,93.04,91.8351,91.9881,700458.0
2019-11-08,91.6535,92.3419,91.3666,92.3132,380457.0
2019-11-11,91.51,92.2654,91.51,92.1411,268221.0
2019-11-12,92.3419,92.82,91.9499,92.0359,859709.0
2019-11-13,91.3953,92.3897,91.1562,91.8447,628993.0
2019-11-14,91.6152,93.2503,91.5961,92.7531,779519.0
2019-11-15,93.126,93.9484,93.0687,93.8719,918982.0
2019-11-18,93.5468,93.8432,92.7722,93.0973,504928.0
2019-11-19,93.7954,94.8855,93.3555,94.8377,1241998.0
2019-11-20,94.3691,94.7516,93.0591,94.1779,888277.0
2019-11-21,94.1779,94.4074,93.0113,93.585,877617.0
2019-11-22,93.9484,94.1205,93.0782,93.6137,352955.0
2019-11-25,93.7476,94.7038,93.3746,94.3882,754050.0
2019-11-26,94.436,94.9333,93.9388,94.9142,613684.0
2019-11-27,95.0767,95.3731,94.3595,95.1341,344932.0
2019-11-29,94.6369,95.0671,94.2448,94.6751,291327.0
2019-12-02,94.6655,94.8185,93.2312,93.2695,732122.0
2019-12-03,92.2941,93.0208,91.6535,92.6288,715582.0
2019-12-04,93.3951,94.2282,92.4375,92.4662,482086.0
2019-12-05,92.7344,93.5771,92.495,93.5388,476750.0
2019-12-06,94.4964,94.7741,94.2953,94.3719,725926.0
2019-12-09,94.1995,94.7932,93.9409,94.1612,329792.0
2019-12-10,94.1612,94.2187,93.5196,93.9218,351450.0
2019-12-11,94.3814,94.5251,93.5388,94.4868,470566.0
2019-12-12,94.6017,95.6072,94.075,95.0901,475834.0
2019-12-13,94.64,95.2433,93.5866,94.3814,482204.0
2019-12-16,95.1763,95.5689,94.8028,95.0518,469441.0
2019-12-17,95.3869,95.8179,94.8124,94.9943,721579.0
2019-12-18,95.339,95.454,94.5251,94.7645,450425.0
2019-12-19,94.3431,95.5306,94.1995,95.339,472289.0
2019-12-20,96.0764,96.3254,95.3007,95.5497,797986.0
2019-12-23,95.8562,96.086,95.1284,95.8945,212742.0
2019-12-24,95.8466,95.8945,95.2337,95.4827,89012.0
2019-12-26,95.8945,95.8945,95.023,95.8274,384892.0
2019-12-27,96.086,96.6031,95.3869,95.7125,159986.0
2019-12-30,95.8657,95.9615,95.3007,95.6934,232127.0
2019-12-31,95.6455,96.1722,95.339,95.5114,300357.0
2020-01-02,95.904,96.5265,95.2241,96.5265,617636.0
2020-01-03,95.0805,96.7467,94.9847,96.6605,379496.0
2020-01-06,96.0573,96.8042,95.6551,96.7659,576203.0
2020-01-07,96.2392,97.4649,96.0477,97.3213,602285.0
2020-01-08,97.2351,97.9725,96.718,97.5415,471234.0
2020-01-09,97.5032,97.6469,96.6893,97.0627,447283.0
2020-01-10,97.3021,97.3021,96.3254,96.4882,471682.0
2020-01-13,96.1243,96.718,95.7412,96.5552,807994.0
2020-01-14,96.4499,97.2926,96.1243,96.5648,607371.0
2020-01-15,96.5648,97.6756,96.1339,96.3924,396967.0
2020-01-16,95.9136,96.4978,95.6072,95.9423,1180679.0
2020-01-17,96.2105,97.7426,95.9423,97.4649,681648.0
2020-01-21,97.0627,97.666,96.5935,96.967,684524.0
2020-01-22,97.4649,97.9629,95.9806,96.0189,668785.0
2020-01-23,95.6168,96.651,95.0805,96.5073,489775.0
2020-01-24,96.8712,96.9382,94.9943,95.3486,509006.0
2020-01-27,93.5005,94.5634,93.0216,93.6345,637031.0
2020-01-28,93.9601,95.7317,93.6345,95.1188,609491.0
2020-01-29,95.77,96.0764,95.023,95.4061,434406.0
2020-01-30,94.4485,95.2433,93.826,95.1188,679265.0
2020-01-31,94.4676,94.4676,92.4471,93.0312,712356.0
2020-02-03,93.4909,94.64,93.1653,93.5771,593640.0
2020-02-04,95.0326,95.8274,94.7645,94.9081,975432.0
2020-02-05,93.8452,97.1681,92.6003,95.7891,1207466.0
2020-02-06,96.0956,96.0956,93.5005,94.4964,1160627.0
2020-02-07,94.1803,95.6742,93.9122,94.1325,1045463.0
2020-02-10,93.9122,94.4293,93.4717,94.4198,1022593.0
2020-02-11,94.8028,96.6031,94.6017,95.904,780689.0
2020-02-12,96.718,97.6756,96.3924,97.4554,666921.0
2020-02-13,96.8904,97.5128,96.6701,97.1393,571944.0
2020-02-14,97.3309,97.4649,96.2871,97.0436,399759.0
2020-02-18,96.718,97.3787,95.9232,96.2105,881033.0
2020-02-19,96.6605,96.6605,95.8849,95.9232,546847.0
2020-02-20,95.5401,96.8616,94.8698,96.2871,820836.0
2020-02-21,95.6646,95.8945,94.6304,95.1284,810656.0
2020-02-24,92.2173,92.3896,90.3404,91.3171,1487186.0
2020-02-25,91.748,92.0162,87.6878,87.8602,823220.0
2020-02-26,88.2815,89.5551,87.1898,87.2473,863428.0
2020-02-27,85.514,87.592,83.6371,83.6563,1084315.0
2020-02-28,80.9175,82.3539,79.711,82.3539,2005562.0
2020-03-02,82.8615,86.5961,82.421,86.2035,2301118.0
2020-03-03,86.1939,88.023,83.1009,83.618,1399717.0
2020-03-04,85.0448,87.4101,83.9148,87.1515,1055881.0
2020-03-05,84.8054,86.1077,84.0585,85.2938,1254230.0
2020-03-06,82.3635,85.131,82.2103,84.7671,1737304.0
2020-03-09,76.5987,81.1378,71.5617,73.0269,2828170.0
2020-03-10,75.4305,78.8204,74.109,78.7725,2389000.0
2020-03-11,76.0482,76.8064,73.207,73.9749,1452940.0
2020-03-12,67.9183,71.6905,64.0694,64.8084,2709566.0
2020-03-13,68.619,71.7001,64.7604,71.6041,1702803.0
2020-03-16,63.1959,64.5109,59.1166,60.0284,2184297.0
2020-03-17,61.4682,64.0885,57.8304,63.2535,2033866.0
2020-03-18,58.1183,64.6165,52.6185,63.0135,3068288.0
2020-03-19,62.2073,67.3904,59.3565,66.2386,2649008.0
2020-03-20,67.8703,67.8703,60.5659,60.8251,2466781.0
2020-03-23,59.99,60.374,54.4134,55.8723,1947690.0
2020-03-24,59.5197,66.6705,58.6942,65.2116,2368837.0
2020-03-25,65.4131,71.4985,62.9655,68.1487,2030525.0
2020-03-26,69.4637,71.4505,66.9201,69.502,1697197.0
2020-03-27,65.989,70.6827,65.154,68.1583,1624352.0
2020-03-30,68.1199,71.1242,67.0065,70.7594,952912.0
2020-03-31,70.0876,70.7498,67.7359,69.1277,1281861.0
2020-04-01,65.7011,67.592,65.2883,67.0065,1441769.0
2020-04-02,66.5265,68.8014,65.8547,68.2351,1235578.0
2020-04-03,67.9567,69.4541,66.9105,68.427,1031855.0
2020-04-06,72.4104,73.2166,71.4217,72.4008,1129737.0
2020-04-07,76.8928,78.227,72.5639,72.7463,1034559.0
2020-04-08,72.2088,74.522,72.2088,74.1285,772829.0
2020-04-09,74.6852,77.4015,74.2245,75.0883,1052743.0
2020-04-13,73.8981,74.3204,72.2472,73.8789,651159.0
2020-04-14,75.7218,77.7567,74.33,74.9443,842722.0
2020-04-15,72.42,73.447,71.5177,72.9959,844425.0
2020-04-16,72.9671,74.3013,70.1739,72.9479,1177727.0
2020-04-17,75.2611,77.3152,75.2419,77.0848,963965.0
2020-04-20,75.5107,76.7392,74.0613,74.6276,1383584.0
2020-04-21,72.8135,73.5046,70.865,70.9418,1818594.0
2020-04-22,72.7367,73.5142,71.0378,72.8423,791397.0
2020-04-23,73.591,73.9365,72.0456,72.6407,919045.0
2020-04-24,73.5238,74.1957,72.2376,73.9653,556978.0
2020-04-27,74.4164,76.6241,74.1573,76.0962,678568.0
2020-04-28,77.9582,79.0813,76.9216,77.5167,871840.0
2020-04-29,79.0045,81.548,78.7069,81.1065,992147.0
2020-04-30,79.9643,81.2313,79.158,80.5018,901103.0
2020-05-01,78.6781,79.0333,76.72,77.2576,816878.0
2020-05-04,76.4801,76.7296,75.1267,76.4705,1195851.0
2020-05-05,78.2846,80.2619,77.3247,77.9294,1254376.0
2020-05-06,78.1118,79.158,77.5839,78.4382,836233.0
2020-05-07,79.6284,80.7514,79.2348,79.9643,900336.0
2020-05-08,81.3273,81.6728,80.2811,80.9337,705264.0
2020-05-11,80.2523,80.5786,79.2348,79.8971,610619.0
2020-05-12,80.1563,80.3962,77.3823,77.5743,957923.0
2020-05-13,77.3343,77.4879,74.4068,74.8388,1136584.0
2020-05-14,73.3798,75.9234,72.1992,75.5874,1379354.0
2020-05-15,74.858,76.912,74.2629,76.3937,1178225.0
2020-05-18,79.6668,80.5882,79.1964,79.9355,896378.0
2020-05-19,79.4652,81.4041,79.3212,80.6362,1065596.0
2020-05-20,81.7208,82.4023,81.3273,81.4233,752561.0
2020-05-21,81.4425,81.9608,80.8858,81.4521,721258.0
2020-05-22,81.4905,82.5463,81.0681,82.4503,920059.0
2020-05-26,85.4354,86.7024,84.6867,84.8595,1427179.0
2020-05-27,86.3856,88.1422,85.9057,88.0078,735699.0
2020-05-28,88.7852,89.4571,87.5375,88.1901,1242450.0
2020-05-29,87.8254,88.4397,86.2993,88.027,893988.0
2020-06-01,87.643,89.1404,86.8464,88.3245,640500.0
2020-06-02,88.6413,90.0714,87.8254,89.2076,622071.0
2020-06-03,90.5801,91.7128,90.2058,91.1944,800444.0
2020-06-04,90.3882,90.8873,89.7355,90.4266,454823.0
2020-06-05,93.69,93.8148,91.8855,93.0949,745089.0
2020-06-08,93.2005,94.0644,91.7607,92.0967,843846.0
2020-06-09,90.6281,92.0199,90.033,90.9833,749433.0
2020-06-10,91.0152,91.0633,88.9091,89.4091,576472.0
2020-06-11,86.8126,86.9664,84.4564,84.7161,1008087.0
2020-06-12,86.6106,86.726,81.9944,84.3025,1179629.0
2020-06-15,82.0618,85.8124,81.3982,84.8988,663203.0
2020-06-16,88.1108,88.4378,85.8124,87.2646,655012.0
2020-06-17,87.8993,88.0724,86.2932,86.5337,336974.0
2020-06-18,86.0047,86.8991,85.4854,85.7835,471212.0
2020-06-19,87.5627,87.6108,84.6872,85.1392,786574.0
2020-06-22,84.918,86.1297,83.9852,85.9086,391463.0
2020-06-23,87.1011,87.1011,85.5239,85.6681,457301.0
2020-06-24,84.793,84.8795,82.408,82.5522,1203831.0
2020-06-25,82.2733,83.9082,81.2924,83.8024,901334.0
2020-06-26,83.5235,83.5428,81.8021,82.5041,1064468.0
2020-06-29,83.9082,84.7641,82.86,84.7353,770519.0
2020-06-30,84.6583,86.2644,84.3506,85.947,570552.0
2020-07-01,86.3029,86.5337,84.014,84.2352,722465.0
2020-07-02,85.5143,86.6394,85.1488,85.5527,528821.0
2020-07-06,87.0626,87.7839,85.7643,86.3221,475936.0
2020-07-07,85.7355,86.5048,84.7834,84.9949,432258.0
2020-07-08,85.2161,85.8028,83.7544,84.6199,553740.0
2020-07-09,84.4756,84.6295,82.4753,82.9561,851196.0
2020-07-10,82.8888,83.6389,82.4561,83.5716,530098.0
2020-07-13,84.2256,86.1586,83.8794,85.0815,1210058.0
2020-07-14,85.3219,88.3609,85.1969,88.2743,1062634.0
2020-07-15,89.6399,90.3035,89.1302,89.6496,766352.0
2020-07-16,89.3034,90.6016,88.8033,89.1783,717321.0
2020-07-17,89.6977,90.1208,89.2168,89.3899,965298.0
2020-07-20,88.8129,89.236,87.6204,87.9281,720582.0
2020-07-21,88.0051,89.3995,88.0051,88.534,731851.0
2020-07-22,88.4859,90.1208,88.4763,90.0342,650191.0
2020-07-23,90.0054,90.5632,89.3322,89.7457,568820.0
2020-07-24,89.7842,90.1785,88.8514,89.3418,657545.0
2020-07-27,89.0822,90.2651,88.6398,89.4861,628986.0
2020-07-28,89.0725,89.4476,88.4955,88.5532,409621.0
2020-07-29,88.8898,91.0344,88.8898,90.7363,919169.0
2020-07-30,89.6399,90.5055,88.7552,90.3035,527275.0
2020-07-31,89.7457,89.9477,87.9762,89.6784,629660.0
2020-08-03,90.2362,92.1788,89.6977,91.3133,921577.0
2020-08-04,89.563,92.3135,89.563,90.8709,835324.0
2020-08-05,92.1404,93.3329,91.3229,92.727,638619.0
2020-08-06,92.8136,93.8041,92.4577,93.7849,514816.0
2020-08-07,93.8137,95.0639,92.9001,94.0445,1022101.0
2020-08-10,94.2273,95.4678,94.0926,95.2467,926723.0
2020-08-11,96.1699,97.7855,95.4294,95.4486,624818.0
2020-08-12,96.3911,97.6605,96.1506,97.3528,461714.0
2020-08-13,96.8815,97.4586,96.6603,97.0931,477977.0
2020-08-14,96.5161,98.1221,96.5161,97.4009,685815.0
2020-08-17,97.4009,98.0356,97.2951,97.5163,594644.0
2020-08-18,97.4682,97.9009,97.4297,97.6894,632516.0
2020-08-19,97.5932,97.6413,96.9585,97.1412,396988.0
2020-08-20,96.3238,96.7469,95.7948,96.3238,378532.0
2020-08-21,96.1506,96.8431,96.0064,96.4007,372155.0
2020-08-24,96.9873,97.1027,95.9487,96.9392,433127.0
2020-08-25,97.5355,97.7086,96.4295,97.0546,308505.0
2020-08-26,96.6315,97.3239,96.141,97.1412,245520.0
2020-08-27,97.6124,97.6798,96.6315,97.045,306947.0
2020-08-28,97.2951,98.074,96.8142,98.026,394156.0
2020-08-31,97.8817,97.8817,96.5257,96.8431,296170.0
2020-09-01,96.593,98.2952,96.3526,98.1125,292254.0
2020-09-02,98.074,99.9686,97.7182,99.1319,980444.0
2020-09-03,99.4397,99.6128,95.2467,96.0641,524628.0
2020-09-04,96.9969,97.3528,94.6504,95.6602,399446.0
2020-09-08,94.8908,94.9678,93.1982,93.2752,432518.0
2020-09-09,94.3523,96.1891,94.083,95.5448,349454.0
2020-09-10,95.7878,96.5201,94.1885,94.3523,797127.0
2020-09-11,95.123,97.156,94.8822,96.2599,552367.0
2020-09-14,96.9633,98.0713,96.8284,97.6859,380215.0
2020-09-15,97.9364,99.1889,97.8786,98.5819,367287.0
2020-09-16,99.0347,99.6995,98.2736,98.6012,522429.0
2020-09-17,97.4643,99.2756,96.6261,98.5915,309211.0
2020-09-18,98.3025,99.4297,96.944,97.0307,496614.0
2020-09-21,95.1423,95.7782,91.5679,92.724,457907.0
2020-09-22,92.6758,93.9862,92.4831,93.6875,502770.0
2020-09-23,93.9958,94.8244,91.6449,91.8376,397795.0
2020-09-24,91.8376,93.5333,91.433,92.7144,497234.0
2020-09-25,92.0303,94.3523,91.6738,93.9283,290455.0
2020-09-28,95.3157,96.7706,95.2098,95.8553,394632.0
2020-09-29,96.2985,97.2234,95.6722,96.2407,601122.0
2020-09-30,96.3466,97.4161,95.123,95.7686,549955.0
2020-10-01,97.0211,97.6762,95.3928,96.2021,660444.0
2020-10-02,94.5642,97.9653,94.4583,97.0982,407418.0
2020-10-05,98.2158,100.1716,98.0423,99.7188,504656.0
2020-10-06,99.7188,102.0022,99.449,100.5185,789731.0
2020-10-07,101.771,103.3607,101.4723,102.6477,810472.0
2020-10-08,103.1005,103.1005,101.8673,102.6092,946002.0
2020-10-09,103.5726,104.6614,102.879,103.0331,457124.0
2020-10-12,103.6594,103.9773,102.8982,103.6979,490447.0
2020-10-13,103.4859,104.0062,101.6264,102.2816,225674.0
2020-10-14,102.9657,104.4109,101.9444,103.958,457506.0
2020-10-15,102.5128,105.0853,102.5128,105.0275,398327.0
2020-10-16,105.461,106.7714,104.8348,105.8368,621302.0
2020-10-19,105.9331,106.4438,103.4185,103.6208,365230.0
2020-10-20,104.276,105.7983,104.0255,104.7288,256624.0
2020-10-21,104.671,105.4225,103.2162,103.2354,589686.0
2020-10-22,103.6497,104.2856,102.9464,103.1005,770899.0
2020-10-23,104.0255,104.1315,102.9753,103.8231,525350.0
2020-10-26,102.455,102.5995,100.3161,101.2603,585789.0
2020-10-27,101.2122,101.2122,98.6782,98.842,469746.0
2020-10-28,96.9729,97.6762,94.4775,94.6028,831714.0
2020-10-29,94.6606,97.1945,93.938,95.2965,794074.0
2020-10-30,94.9207,95.624,93.3214,94.6124,526357.0
2020-11-02,96.1251,98.5626,96.0672,98.5337,692677.0
2020-11-03,99.844,101.9348,99.4008,101.4434,755382.0
2020-11-04,100.7112,102.5032,99.3045,101.5397,682848.0
2020-11-05,102.956,105.4996,102.5514,105.066,495308.0
2020-11-06,105.1913,106.6557,104.883,106.2896,583017.0
2020-11-09,112.793,114.6043,109.7677,109.9026,1086882.0
2020-11-10,110.1628,113.1399,109.6232,112.1957,1167453.0
2020-11-11,112.7256,113.2555,111.8199,112.4943,705832.0
2020-11-12,112.0319,112.6774,110.5867,111.2322,569417.0
2020-11-13,112.398,113.2169,111.5212,112.9857,507435.0
2020-11-16,114.5176,115.9436,114.0744,115.6931,734364.0
2020-11-17,115.0186,115.5196,114.1033,114.4213,723906.0
2020-11-18,114.8548,115.9532,113.9299,114.8837,729355.0
2020-11-19,114.6236,114.9319,112.8412,113.8625,641363.0
2020-11-20,113.9781,114.0359,112.2535,113.1302,501687.0
2020-11-23,114.1515,114.5562,113.0628,113.4867,511170.0
2020-11-24,114.5562,117.2442,113.2651,116.8203,1090744.0
2020-11-25,116.1844,116.2615,114.6043,115.4426,444719.0
2020-11-27,115.7123,115.9628,114.8163,115.3944,245129.0
2020-11-30,115.3462,115.4329,113.2459,114.1997,432455.0
2020-12-01,115.1728,115.6931,112.8701,112.9568,745004.0
2020-12-02,112.3498,112.9279,110.3265,110.8179,908189.0
2020-12-03,110.6258,111.7838,110.0661,110.2495,456352.0
2020-12-04,110.4714,113.2988,110.4714,112.7488,388562.0
2020-12-07,113.1251,113.7427,112.6137,113.4918,385402.0
2020-12-08,112.8163,115.0551,112.8163,114.4182,341879.0
2020-12-09,114.6787,115.1226,114.0515,114.6015,382764.0
2020-12-10,113.9743,114.9007,113.1348,114.2059,410105.0
2020-12-11,113.1637,114.3893,112.7102,114.2349,278605.0
2020-12-14,115.2963,115.499,112.1698,112.2277,323683.0
2020-12-15,113.4146,114.4375,112.1505,113.6655,389897.0
2020-12-16,113.7717,113.9936,112.1987,112.6909,230868.0
2020-12-17,113.1637,113.6559,112.7488,113.5111,359113.0
2020-12-18,113.4918,114.3796,112.8742,113.9647,623268.0
2020-12-21,112.1215,114.4375,110.6162,113.9743,285833.0
2020-12-22,114.177,114.4182,113.1348,113.5401,266638.0
2020-12-23,114.1094,115.2577,113.4146,114.4665,240645.0
2020-12-24,114.4858,115.1419,113.8682,114.8717,101049.0
2020-12-28,115.9332,116.6666,115.4314,115.5665,200588.0
2020-12-29,116.1262,116.1262,113.5401,114.5051,205027.0
2020-12-30,114.9103,116.1359,114.891,115.6341,241777.0
2020-12-31,115.8946,116.8307,114.6594,116.7052,273987.0
2021-01-04,116.8596,118.0465,113.5883,114.2349,477855.0
2021-01-05,113.791,115.7113,113.791,115.0261,284618.0
2021-01-06,116.0587,120.8739,116.0587,119.8993,441037.0
2021-01-07,120.5845,121.4047,119.108,120.0441,403209.0
2021-01-08,120.652,120.9318,117.7667,119.2142,362439.0
2021-01-11,117.7377,120.5555,117.6413,119.8028,316436.0
2021-01-12,119.7256,120.459,118.9729,119.7739,404008.0
2021-01-13,119.5519,119.6388,117.0912,117.1877,365765.0
2021-01-14,117.3518,117.5737,115.8174,116.4929,414403.0
2021-01-15,115.5279,115.5279,112.8067,114.8331,588735.0
2021-01-19,115.9815,116.8307,114.3121,114.7849,476330.0
2021-01-20,115.1902,116.4447,114.4954,115.9043,433564.0
2021-01-21,116.0587,117.2649,115.1033,115.2963,478322.0
2021-01-22,114.8331,115.4604,112.8163,113.2409,546346.0
2021-01-25,112.5172,112.9032,110.4232,112.2759,718094.0
2021-01-26,113.0576,113.3085,109.2748,109.3327,516963.0
2021-01-27,107.7888,108.0879,103.2147,107.1712,1444519.0
2021-01-28,108.5511,111.9382,107.837,110.7609,843086.0
2021-01-29,109.7863,111.3496,108.5897,109.2941,1016367.0
2021-02-01,110.0082,111.0794,108.7441,110.8574,758779.0
2021-02-02,112.3628,113.0576,111.5811,112.411,529008.0
2021-02-03,112.0829,112.6909,111.3785,112.4496,587821.0
2021-02-04,113.405,115.3832,111.6101,113.0479,1630378.0
2021-02-05,113.2988,114.6401,112.7584,112.9032,1448839.0
2021-02-08,113.7138,115.9139,113.5594,115.692,881735.0
2021-02-09,115.7981,117.8342,115.2963,116.6763,937507.0
2021-02-10,117.1009,117.1009,115.4893,116.2613,628928.0
2021-02-11,117.2746,117.7281,115.7981,117.3904,437315.0
2021-02-12,116.8307,117.7474,116.1745,117.4869,375807.0
2021-02-16,118.1913,118.3071,116.3868,116.9851,335828.0
2021-02-17,116.4061,117.014,115.4411,116.0008,563826.0
2021-02-18,115.5376,115.7306,113.8296,114.7849,566380.0
2021-02-19,115.5858,118.0176,115.2095,116.628,576386.0
2021-02-22,116.0394,116.6473,114.8331,115.9332,468998.0
2021-02-23,115.4218,116.3289,113.9357,115.7402,573139.0
2021-02-24,116.2999,119.3686,115.7209,118.7027,390319.0
2021-02-25,118.8185,119.5133,115.4893,116.0876,498801.0
2021-02-26,116.6859,116.6859,113.8392,113.8392,637760.0
2021-03-01,115.3446,118.751,115.3446,117.9983,357248.0
2021-03-02,118.2395,118.6448,117.5448,118.1044,411309.0
2021-03-03,117.7474,119.6581,117.5448,118.1913,485710.0
2021-03-04,117.9886,118.7992,114.2638,116.1745,526474.0
2021-03-05,117.2263,118.4615,114.698,117.9693,611313.0
2021-03-08,118.9922,121.3757,117.7763,119.1563,895772.0
2021-03-09,119.8897,120.102,116.3964,116.4061,942706.0
2021-03-10,116.8886,119.6774,116.0297,119.3879,1117965.0
2021-03-11,119.3617,120.3283,117.4286,117.6413,823955.0
2021-03-12,117.9602,118.0182,116.3847,117.5059,707618.0
2021-03-15,117.2353,118.7431,115.7468,118.6755,716132.0
2021-03-16,119.4197,119.961,116.7037,116.8003,315253.0
2021-03-17,116.723,119.0524,116.1817,117.6413,324560.0
2021-03-18,117.3803,119.8547,117.1966,117.6026,463477.0
2021-03-19,117.0806,118.3178,116.0947,116.723,546099.0
2021-03-22,116.8777,119.1491,116.2204,118.7818,974510.0
2021-03-23,118.2502,120.5506,117.0806,117.6026,689976.0
2021-03-24,118.1245,120.3573,117.9409,118.7045,539847.0
2021-03-25,118.9944,119.1201,116.607,118.9365,835428.0
2021-03-26,119.8547,123.257,118.7335,123.0637,674485.0
2021-03-29,122.2808,124.5329,121.8458,123.924,906019.0
2021-03-30,123.6823,124.8132,122.8897,123.1797,644850.0
2021-03-31,123.518,124.6392,122.0585,123.46,634696.0
2021-04-01,124.0399,124.6779,122.7544,124.3589,433063.0
2021-04-05,125.4415,126.4177,124.5232,126.3404,360689.0
2021-04-06,126.2437,127.3843,125.0452,125.4511,480930.0
2021-04-07,125.3255,125.7604,124.3492,125.2192,290926.0
2021-04-08,124.7165,126.7077,124.1366,125.9634,754503.0
2021-04-09,126.5434,127.0846,125.7411,126.901,488510.0
2021-04-12,126.9397,128.6505,126.9397,128.5442,421792.0
2021-04-13,127.9546,128.1575,126.6014,127.4519,385107.0
2021-04-14,127.9642,128.1672,126.6304,126.727,364414.0
2021-04-15,127.0846,129.4721,127.0846,128.6988,627862.0
2021-04-16,129.8394,130.2937,127.8676,128.4088,434057.0
2021-04-19,128.5538,128.8245,126.5337,127.7032,364823.0
2021-04-20,127.104,127.7999,125.7798,126.5144,396700.0
2021-04-21,126.669,128.7181,126.3017,128.6408,264669.0
2021-04-22,129.1724,129.7524,128.4862,129.0661,628698.0
2021-04-23,129.3174,131.0766,129.0468,130.4966,283309.0
2021-04-26,130.7576,131.4922,129.9457,130.1873,363086.0
2021-04-27,130.4096,130.8253,129.1724,130.5836,280133.0
2021-04-28,130.458,131.5019,129.965,130.5546,324229.0
2021-04-29,131.5309,133.232,130.6803,132.5071,632694.0
2021-04-30,131.3182,131.7242,130.0617,130.4193,444589.0
2021-05-03,131.5502,131.5502,129.3851,129.82,560911.0
2021-05-04,129.3464,132.3138,128.6795,131.4825,768355.0
2021-05-05,132.3621,132.8067,130.4386,132.3041,538545.0
2021-05-06,131.6565,132.7004,130.1873,131.2989,963889.0
2021-05-07,130.8639,133.4447,130.2743,132.7391,887682.0
2021-05-10,133.1934,134.4209,132.3428,132.5071,418251.0
2021-05-11,131.1346,131.8595,129.6654,131.5889,618685.0
2021-05-12,131.2409,131.3182,126.1084,126.466,874669.0
2021-05-13,127.133,129.5107,126.7753,128.9598,446400.0
2021-05-14,129.7427,130.3613,129.2691,129.849,428781.0
2021-05-17,129.2594,129.9264,127.7419,129.4624,398061.0
2021-05-18,129.3657,129.82,127.6066,127.6646,323391.0
2021-05-19,126.0407,127.2586,125.3351,127.133,377438.0
2021-05-20,127.9739,128.1382,126.93,127.9546,368805.0
2021-05-21,128.5732,129.3851,127.5679,128.4088,426919.0
2021-05-24,129.1241,129.7234,128.1865,129.2208,643001.0
2021-05-25,129.4044,130.0327,128.5248,128.6698,468108.0
2021-05-26,128.6795,129.1628,127.6549,129.0274,295136.0
2021-05-27,130.11,130.4483,129.675,129.8877,442741.0
2021-05-28,130.603,131.0379,129.5397,130.5836,388538.0
2021-06-01,131.7725,132.3718,130.6609,131.2312,340481.0
2021-06-02,131.0669,132.2848,130.545,131.3279,523965.0
2021-06-03,130.6899,132.9711,130.1777,132.2558,581437.0
2021-06-04,132.7487,133.3287,132.3235,133.0967,472182.0
2021-06-07,133.4447,133.4833,131.2699,132.1108,309068.0
2021-06-08,132.4104,132.8067,131.2022,132.1398,254922.0
2021-06-09,131.8692,131.8885,130.8833,131.1732,310409.0
2021-06-10,131.7144,132.421,130.969,131.7918,435208.0
2021-06-11,132.6146,133.0115,131.2207,131.5111,397857.0
2021-06-14,131.1239,131.8983,130.5238,131.8209,280925.0
2021-06-15,131.8499,133.1373,131.2304,132.7695,240523.0
2021-06-16,132.7695,133.2148,131.0078,131.0658,356593.0
2021-06-17,131.4724,131.7628,128.7136,129.701,467019.0
2021-06-18,127.8812,128.7427,126.3905,126.4679,719125.0
2021-06-21,127.8424,129.6235,127.3488,129.4396,366689.0
2021-06-22,129.5751,129.943,128.8491,129.3428,319076.0
2021-06-23,129.6816,129.8946,128.6071,129.0137,310832.0
2021-06-24,129.7494,129.9623,128.5878,129.3525,371467.0
2021-06-25,129.4396,130.2043,129.3331,129.3719,363176.0
2021-06-28,129.5267,129.6235,127.978,128.9653,775974.0
2021-06-29,129.488,130.2334,128.5975,128.7233,367459.0
2021-06-30,128.5297,129.4203,128.3652,129.2267,309565.0
2021-07-01,130.0785,130.3786,129.1976,129.6526,340424.0
2021-07-02,129.6719,130.8432,129.2557,130.6206,320782.0
2021-07-06,130.2334,130.4076,127.3584,128.7427,727866.0
2021-07-07,128.6168,131.2304,128.3555,130.9497,421551.0
2021-07-08,128.8395,130.0011,127.4552,128.7717,378970.0
2021-07-09,130.456,131.6079,130.1463,131.1336,456205.0
2021-07-12,130.2721,132.3146,129.8268,131.937,557752.0
2021-07-13,131.4821,131.908,130.4076,130.6883,384760.0
2021-07-14,131.1239,131.3659,129.7494,130.5044,606165.0
2021-07-15,129.7107,131.7434,129.7107,131.3853,485810.0
2021-07-16,131.6854,132.8082,131.0658,131.8693,935677.0
2021-07-19,130.1753,130.1753,127.4068,128.8007,547333.0
2021-07-20,129.3525,132.905,128.9266,132.3533,473170.0
2021-07-21,133.0986,133.4761,132.2274,132.634,408110.0
2021-07-22,132.8566,133.1857,131.5789,132.7792,334399.0
2021-07-23,133.5729,133.7085,132.3146,133.4181,413390.0
2021-07-26,133.1664,133.9505,132.3726,132.8566,353119.0
2021-07-27,132.2081,133.4277,131.2982,132.6437,338472.0
2021-07-28,132.905,133.3697,131.5789,132.4888,239665.0
2021-07-29,133.6988,134.3957,133.0212,134.1634,262134.0
2021-07-30,134.1247,135.2185,133.9601,134.599,471468.0
2021-08-02,134.9378,135.6154,133.5149,133.8053,565412.0
2021-08-03,133.4665,135.325,132.6243,134.328,556401.0
2021-08-04,134.6861,135.2476,132.0629,132.3436,542280.0
2021-08-05,133.0696,133.3987,131.7338,132.5178,431091.0
2021-08-06,133.4761,133.6213,131.7822,132.4404,565351.0
2021-08-09,132.5372,132.5372,131.453,131.695,283154.0
2021-08-10,131.7434,132.7695,131.6466,132.421,603202.0
2021-08-11,132.9147,133.1954,132.2468,133.0502,660957.0
2021-08-12,133.1567,133.3987,132.5081,132.8566,261197.0
2021-08-13,132.8082,132.9147,131.879,132.8469,210415.0
2021-08-16,132.7598,133.2632,131.7434,133.2051,377666.0
2021-08-17,132.5178,132.8857,130.8626,131.908,328899.0
2021-08-18,131.2982,132.1016,130.6012,130.6786,366582.0
2021-08-19,129.5751,131.1142,129.3138,130.0688,390122.0
2021-08-20,129.9817,131.4337,129.5848,130.456,287219.0
2021-08-23,131.2691,131.695,130.6109,130.9594,268527.0
2021-08-24,131.1917,132.2274,131.153,131.7241,173319.0
2021-08-25,131.879,132.4017,131.0465,132.2662,434846.0
2021-08-26,132.2371,132.2371,131.4724,131.6273,145956.0
2021-08-27,132.179,132.9825,132.0435,132.4597,262583.0
2021-08-30,133.118,133.5342,132.3533,132.7308,287909.0
2021-08-31,132.663,132.8276,131.3369,131.6176,447676.0
2021-09-01,131.9951,131.9951,129.6139,129.8849,601074.0
2021-09-02,130.456,131.5595,130.1075,131.4627,447575.0
2021-09-03,131.2304,131.5402,130.5141,131.0658,399981.0
2021-09-07,130.2721,130.5141,128.8491,128.8685,781085.0
2021-09-08,128.5007,128.9072,127.1745,128.6265,834222.0
2021-09-09,128.4813,129.1492,127.2907,127.5424,502926.0
2021-09-10,128.2811,128.5332,126.1774,126.2549,819089.0
2021-09-13,127.3892,127.4765,125.1206,126.5652,1072174.0
2021-09-14,127.3311,127.9515,126.1677,127.2341,969423.0
2021-09-15,127.302,128.6302,126.73,127.4183,984078.0
2021-09-16,127.6704,128.6592,126.3519,128.3393,710792.0
2021-09-17,127.6316,127.9224,126.1677,126.1677,801558.0
2021-09-20,123.87,124.1512,122.4837,123.8603,1077432.0
2021-09-21,124.6456,124.6553,122.4352,123.5501,433565.0
2021-09-22,124.0445,124.7329,123.6664,123.9379,721329.0
2021-09-23,124.6747,126.0804,124.316,125.2952,478158.0
2021-09-24,124.7716,126.1774,124.6165,125.6539,446105.0
2021-09-27,125.7023,127.3214,125.5472,125.586,529496.0
2021-09-28,125.1497,125.5569,123.1914,123.3756,466949.0
2021-09-29,123.8022,123.9961,122.7163,122.9587,490727.0
2021-09-30,123.3271,123.7537,120.1957,120.2248,516247.0
2021-10-01,120.6417,121.8729,118.7609,121.1458,1128476.0
2021-10-04,120.758,121.456,118.6348,119.3523,668358.0
2021-10-05,119.7691,122.251,119.2456,121.5821,669473.0
2021-10-06,120.2151,121.6693,118.8384,121.6208,587059.0
2021-10-07,122.697,123.2205,121.4463,121.6887,557532.0
2021-10-08,121.7663,122.6485,121.1167,122.3382,594007.0
2021-10-11,122.3576,123.1235,120.6417,120.6611,467981.0
2021-10-12,120.7386,121.1943,119.3038,119.6334,627110.0
2021-10-13,119.963,120.9034,119.1487,120.4769,415480.0
2021-10-14,121.7566,124.5971,121.1458,124.4614,521986.0
2021-10-15,125.3727,126.2937,124.2481,124.4129,527189.0
2021-10-18,123.3853,125.237,123.1526,125.0334,343293.0
2021-10-19,125.6926,126.507,125.1497,126.1677,363944.0
2021-10-20,126.4973,127.0014,125.6054,126.3131,413384.0
2021-10-21,125.6636,126.5555,124.4614,126.5361,317317.0
2021-10-22,127.079,127.7576,126.6039,127.1372,534533.0
2021-10-25,127.2147,127.6704,125.5181,126.507,424012.0
2021-10-26,126.7106,127.554,126.2258,126.6524,359178.0
2021-10-27,126.9142,127.2244,125.8478,125.9156,364487.0
2021-10-28,126.1289,128.0969,126.1289,127.9612,356364.0
2021-10-29,127.651,129.4445,127.205,128.3587,633429.0
2021-11-01,128.4847,130.4528,128.4847,129.9583,1307998.0
2021-11-02,130.8793,135.9594,130.1619,135.5813,1581947.0
2021-11-03,135.8721,136.8901,134.7185,136.7156,1023105.0
2021-11-04,137.433,137.5493,135.3971,136.1145,600261.0
2021-11-05,137.3845,138.8484,136.2696,136.638,679164.0
2021-11-08,137.7529,138.1504,134.8542,135.1159,404842.0
2021-11-09,135.0481,135.6104,134.224,135.1063,382776.0
2021-11-10,134.9221,135.7461,134.2725,135.1644,444307.0
2021-11-11,135.4165,135.814,134.321,134.4858,250913.0
2021-11-12,134.6894,136.037,134.0689,135.9788,352883.0
2021-11-15,136.4441,136.4441,135.1159,135.814,275657.0
2021-11-16,135.9982,138.1019,135.814,137.0937,404509.0
2021-11-17,136.8901,137.0646,135.9109,137.0161,379282.0
2021-11-18,137.4427,137.5299,136.2696,136.7738,287106.0
2021-11-19,137.1131,138.7903,136.3957,138.131,612286.0
2021-11-22,138.1795,139.0908,137.6075,137.6463,383488.0
2021-11-23,138.2667,138.7709,136.8125,138.7418,640711.0
2021-11-24,138.3734,139.1684,137.4718,138.7418,636145.0
2021-11-26,135.8915,136.8319,134.3598,134.8445,909044.0
2021-11-29,135.9012,136.9095,135.2614,135.7364,446583.0
2021-11-30,134.8736,135.368,132.0815,132.3336,650249.0
2021-12-01,134.5827,135.7655,131.5677,131.6549,447935.0
2021-12-02,132.2172,135.5522,131.8585,134.6312,413969.0
2021-12-03,135.0384,135.8237,132.8086,134.893,432159.0
2021-12-06,136.1345,136.5811,134.319,135.7364,329689.0
2021-12-07,136.8917,137.9694,135.7655,136.3092,357840.0
2021-12-08,136.4743,137.1247,135.1539,136.95,288329.0
2021-12-09,136.7461,137.717,136.2121,136.9791,375778.0
2021-12-10,137.6587,138.6781,136.95,138.5908,358647.0
2021-12-13,138.649,139.3092,137.9888,138.348,410107.0
2021-12-14,139.0471,139.5131,136.3772,137.0277,428188.0
2021-12-15,137.4743,140.2801,136.6199,140.0762,458900.0
2021-12-16,140.7072,140.8334,137.9985,139.6587,577025.0
2021-12-17,138.9791,139.5422,135.1248,135.7558,710379.0
2021-12-20,134.5228,135.717,132.95,134.9403,381606.0
2021-12-21,136.0374,137.0762,134.9694,136.5034,280781.0
2021-12-22,136.4646,137.5616,136.0956,136.9403,259228.0
2021-12-23,137.3092,139.1053,137.3092,138.416,202710.0
2021-12-27,139.1539,141.3771,138.8141,141.0956,193559.0
2021-12-28,141.28,142.3674,141.2606,142.0956,291448.0
2021-12-29,142.2412,143.7557,141.9111,143.115,220379.0
2021-12-30,143.4257,143.6004,142.1053,142.2024,170807.0
2021-12-31,142.0859,143.4742,141.9111,142.7558,138558.0
2022-01-03,142.9596,143.1053,138.6005,139.4839,446477.0
2022-01-04,140.2898,142.2509,139.7364,141.8334,371995.0
2022-01-05,142.3092,143.2218,139.115,139.2509,409169.0
2022-01-06,139.5713,141.7655,139.0374,140.9208,310915.0
2022-01-07,140.8723,141.5713,138.1733,138.2315,495597.0
2022-01-10,136.9306,137.251,134.4257,136.1442,487424.0
2022-01-11,136.484,138.5131,134.5617,138.4257,345836.0
2022-01-12,139.6296,141.047,138.8626,139.4257,506523.0
2022-01-13,139.7752,140.5616,138.4645,139.8626,476668.0
2022-01-14,138.5908,139.1247,135.552,137.416,469596.0
2022-01-18,135.9791,136.0471,133.3481,135.4937,429821.0
2022-01-19,135.8529,136.717,134.5325,134.7947,363901.0
2022-01-20,135.2121,136.5228,132.3287,132.6394,333853.0
2022-01-21,132.5423,133.4646,131.2413,132.4452,806437.0
2022-01-24,130.7171,132.5908,127.8724,132.3578,582111.0
2022-01-25,129.9015,131.0666,126.154,129.9889,784584.0
2022-01-26,131.3093,133.086,127.8724,129.5035,753140.0
2022-01-27,130.6491,131.7462,127.9501,128.6006,502695.0
2022-01-28,128.3287,131.2025,126.62,131.0569,457125.0
2022-01-31,130.7171,132.9306,129.785,132.785,434051.0
2022-02-01,132.6976,133.3578,131.0763,133.0957,430712.0
2022-02-02,133.1248,135.7364,133.1248,135.717,738033.0
2022-02-03,130.7268,139.2995,130.7268,134.2316,713593.0
2022-02-04,134.2122,134.2122,130.1151,130.5714,536131.0
2022-02-07,130.8141,132.3093,130.2899,131.319,463836.0
2022-02-08,131.4937,132.4452,130.6103,131.5132,458521.0
2022-02-09,133.1151,133.319,131.785,132.5423,621479.0
2022-02-10,130.7462,133.6976,130.6103,131.5423,876214.0
2022-02-11,131.3384,131.3384,126.2996,126.9986,712609.0
2022-02-14,126.9986,127.4647,125.5229,126.3676,443609.0
2022-02-15,127.552,128.6394,126.853,127.5812,420865.0
2022-02-16,126.6783,128.3579,126.154,127.9598,313782.0
2022-02-17,126.8045,127.1637,124.1152,124.5812,627176.0
2022-02-18,124.3967,125.5521,123.7851,124.4841,395014.0
2022-02-22,124.2802,125.3773,122.6103,123.7268,317404.0
2022-02-23,124.3482,124.6394,121.0181,121.1346,385496.0
2022-02-24,119.0084,124.2996,118.2512,123.8919,636312.0
2022-02-25,123.7074,126.4258,123.4356,126.086,366109.0
2022-02-28,124.8142,126.2511,124.4259,126.0084,393448.0
2022-03-01,125.8045,126.1346,122.7268,123.6783,726679.0
2022-03-02,124.8627,127.9598,124.7171,127.1734,452583.0
2022-03-03,127.7656,128.0083,125.6297,127.2317,319043.0
2022-03-04,125.2899,127.4744,124.9501,127.1734,522722.0
2022-03-07,127.3579,127.6588,124.455,125.7268,691935.0
2022-03-08,126.6129,128.2662,125.0569,125.0763,817044.0
2022-03-09,127.4104,128.1106,126.4379,126.9241,327726.0
2022-03-10,125.3,125.6404,124.3664,124.6581,519609.0
2022-03-11,125.514,125.6501,122.752,122.8687,640587.0
2022-03-14,124.0455,124.629,122.4019,123.5981,484158.0
2022-03-15,123.851,126.2045,123.3355,125.8252,469910.0
2022-03-16,126.6713,128.1106,125.5626,127.7702,337801.0
2022-03-17,127.1284,129.5499,126.4087,129.1026,280125.0
2022-03-18,128.3926,131.6409,127.2645,131.0574,553567.0
2022-03-21,130.9601,132.0493,130.2891,130.9893,396836.0
2022-03-22,131.3783,132.0882,130.892,130.9212,529709.0
2022-03-23,130.2502,130.8434,128.7719,128.9081,336344.0
2022-03-24,129.511,129.9681,128.558,128.8595,459068.0
2022-03-25,129.2193,129.939,128.6455,129.8903,508578.0
2022-03-28,129.7834,130.3669,128.7622,129.9973,314182.0
2022-03-29,131.0087,132.9538,130.3863,132.2341,446034.0
2022-03-30,131.8159,132.4967,131.3491,131.7089,354858.0
2022-03-31,131.4172,132.7496,129.4819,129.5208,435713.0
2022-04-01,130.5225,131.0671,128.9762,130.6878,407513.0
2022-04-04,130.9698,131.1449,129.3943,130.3182,327254.0
2022-04-05,130.3182,130.8629,127.8967,128.169,599553.0
2022-04-06,126.8269,128.7428,126.7977,128.3051,477418.0
2022-04-07,127.9453,129.1512,127.2159,128.6649,549369.0
2022-04-08,128.8497,129.9876,128.0231,128.1981,460813.0
2022-04-11,127.7411,128.7622,126.2628,126.3114,515045.0
2022-04-12,126.7685,128.558,124.6679,125.1541,472325.0
2022-04-13,124.5998,126.3698,124.5998,125.9808,412155.0
2022-04-14,126.4281,126.8269,123.5592,123.5592,1222905.0
2022-04-18,123.5689,124.804,122.8784,123.7829,308499.0
2022-04-19,124.2205,126.6713,124.0746,126.5546,376190.0
2022-04-20,127.8286,130.007,127.8286,128.4802,433110.0
2022-04-21,129.8223,130.2307,128.0523,128.6163,462886.0
2022-04-22,127.7994,127.7994,123.53,123.6759,615238.0
2022-04-25,123.4814,124.3469,120.7778,124.1427,592942.0
2022-04-26,123.5203,124.6192,121.8378,121.8865,318785.0
2022-04-27,121.867,124.1135,121.867,122.9076,527855.0
2022-04-28,123.8996,125.1347,122.149,124.6095,870675.0
2022-04-29,123.8899,125.6501,122.5283,122.7909,803317.0
2022-05-02,122.6061,123.5106,119.9706,122.8493,949857.0
2022-05-03,121.4294,123.5106,119.8442,120.8945,1687062.0
2022-05-04,121.4877,123.8801,120.0678,123.637,612453.0
2022-05-05,122.4602,123.0049,117.9964,118.8133,653279.0
2022-05-06,117.9088,120.5638,115.672,119.7469,1088685.0
2022-05-09,118.4632,119.7664,117.549,118.4923,1006718.0
2022-05-10,119.6107,120.1456,117.0141,117.5684,903267.0
2022-05-11,117.5101,119.1731,116.2361,117.1308,711722.0
2022-05-12,116.7224,118.0936,115.0302,117.1016,727310.0
2022-05-13,117.7435,119.1245,116.7029,117.7143,843723.0
2022-05-16,117.1405,117.7435,115.1663,116.9655,515781.0
2022-05-17,118.7258,118.9786,117.4906,118.1131,856533.0
2022-05-18,117.2572,117.442,112.8225,113.1726,779702.0
2022-05-19,111.9667,114.9037,111.2276,113.5033,521753.0
2022-05-20,114.0674,114.3397,112.1126,114.1354,480882.0
2022-05-23,115.497,116.1097,114.0285,115.8665,453471.0
2022-05-24,115.2052,115.6234,113.231,115.2344,416131.0
2022-05-25,114.787,115.2247,113.2407,114.8065,436546.0
2022-05-26,116.0416,117.7532,115.8471,117.1308,334184.0
2022-05-27,118.4437,119.0953,117.8894,119.0953,344800.0
2022-05-31,117.9477,119.0272,116.3139,118.1325,614380.0
2022-06-01,118.7063,119.0564,116.1972,117.1211,382222.0
2022-06-02,117.9964,119.8247,116.9558,119.8247,460671.0
2022-06-03,118.8327,119.4551,118.4437,119.0467,499477.0
2022-06-06,119.9414,120.1748,118.6966,119.0661,400675.0
2022-06-07,118.2492,120.2721,117.8797,120.2721,444234.0
2022-06-08,119.7883,120.0806,118.2392,118.4048,364677.0
2022-06-09,117.5085,118.512,115.7158,115.7645,640662.0
2022-06-10,114.1375,114.6149,112.4422,112.4909,296679.0
2022-06-13,110.0552,111.2438,108.4184,108.8373,760059.0
2022-06-14,109.0517,109.7824,107.3175,108.4769,492294.0
2022-06-15,109.4706,110.7567,107.902,109.3927,365882.0
2022-06-16,107.259,107.4051,105.0474,105.4468,448407.0
2022-06-17,105.0669,105.7489,103.4398,104.3849,852049.0
2022-06-21,105.5443,106.0801,104.6869,105.5053,443767.0
2022-06-22,104.0146,106.8693,104.0146,105.7196,424271.0
2022-06-23,105.8171,106.4309,104.2192,106.1581,521698.0
2022-06-24,107.1713,110.6593,107.0154,110.5813,456100.0
2022-06-27,110.9613,110.9613,109.344,109.8116,392635.0
2022-06-28,110.2111,110.7859,107.0836,107.2882,444281.0
2022-06-29,107.5903,107.902,105.8073,107.6974,501066.0
2022-06-30,106.3821,107.9897,105.6612,107.0641,420750.0
2022-07-01,106.9765,108.8861,106.7134,108.5938,421695.0
2022-07-05,107.3564,108.6425,106.0022,108.5353,569648.0
2022-07-06,109.0614,110.4157,107.8338,109.4511,541180.0
2022-07-07,109.8701,110.7275,109.3732,110.4936,620934.0
2022-07-08,110.5618,110.5618,108.6717,109.4609,386795.0
2022-07-11,107.4441,109.7434,107.0252,109.0517,400889.0
2022-07-12,108.8373,109.987,107.0934,107.4246,531012.0
2022-07-13,105.7878,107.6195,105.4761,106.7621,289852.0
2022-07-14,105.0571,107.1421,104.229,106.9083,559565.0
2022-07-15,108.321,108.8763,107.1713,108.8276,334968.0
2022-07-18,109.0614,109.5096,106.0314,106.2945,534147.0
2022-07-19,107.4831,110.2208,107.1421,109.9967,811090.0
2022-07-20,110.2403,111.1659,109.607,110.8931,418445.0
2022-07-21,110.9418,112.7053,110.4449,112.6565,316787.0
2022-07-22,113.1534,113.4749,111.6725,112.3643,444487.0
2022-07-25,112.4909,113.1729,111.5751,112.5299,388690.0
2022-07-26,112.5299,113.3288,111.8869,113.1437,383243.0
2022-07-27,113.8159,116.0763,113.2411,115.5502,407447.0
2022-07-28,116.4075,117.8202,115.0923,117.5474,416268.0
2022-07-29,117.752,120.5775,116.807,120.3242,539570.0
2022-08-01,119.3791,120.0903,118.6094,119.233,831495.0
2022-08-02,128.5374,128.5374,121.1523,121.6005,1120325.0
2022-08-03,122.5066,123.588,122.1168,122.9937,754722.0
2022-08-04,123.1204,123.325,122.0974,122.1558,356699.0
2022-08-05,121.3569,123.0911,120.9964,123.0034,419649.0
2022-08-08,123.929,124.0654,122.2435,122.4286,561263.0
2022-08-09,121.8148,122.1656,120.8892,121.6297,362293.0
2022-08-10,123.9582,124.2018,122.984,123.7926,456634.0
2022-08-11,124.8546,125.5756,123.6465,123.9095,531626.0
2022-08-12,124.4356,126.0335,123.9193,125.9848,666041.0
2022-08-15,125.4197,126.3745,124.7669,126.2186,540115.0
2022-08-16,125.5658,127.4852,125.4197,126.959,377620.0
2022-08-17,125.4976,126.7155,125.0787,126.3063,335483.0
2022-08-18,126.6278,127.2513,126.0042,126.7837,401589.0
2022-08-19,126.4134,126.4134,125.1176,125.5853,426355.0
2022-08-22,123.89,124.3285,122.4286,122.906,364584.0
2022-08-23,122.643,123.5101,122.1558,123.1301,410821.0
2022-08-24,123.3347,123.8803,122.3799,123.3152,591180.0
2022-08-25,123.8316,124.0849,122.7696,124.0362,437470.0
2022-08-26,124.3967,124.3967,119.1258,119.5058,269841.0
2022-08-29,118.853,119.5058,118.171,118.814,201933.0
2022-08-30,119.3791,119.6324,116.8362,117.2552,307348.0
2022-08-31,117.7326,118.4925,116.8167,117.07,438110.0
2022-09-01,116.4562,117.4013,115.7645,117.3331,524728.0
2022-09-02,118.3464,118.9017,114.3226,114.8,781251.0
2022-09-06,115.0046,116.5244,113.9621,116.4368,446620.0
2022-09-07,116.6121,119.7201,116.6121,119.4765,433901.0
2022-09-08,118.6776,120.9867,118.2587,120.8016,473868.0
2022-09-09,121.503,122.9352,121.1913,122.5455,413476.0
2022-09-12,122.7292,124.0956,122.7292,123.5685,342523.0
2022-09-13,120.9334,121.9289,119.7525,120.2892,394217.0
2022-09-14,120.4942,121.1481,119.1083,120.1038,478752.0
2022-09-15,119.8793,120.5918,118.064,118.5227,278692.0
2022-09-16,117.4394,117.4394,115.0385,116.0925,653023.0
2022-09-19,115.1849,117.7517,115.1849,117.6346,248923.0
2022-09-20,116.8148,116.8148,115.2532,116.0047,221242.0
2022-09-21,117.1368,117.9957,114.6774,114.7359,243565.0
2022-09-22,114.4724,114.9702,112.6376,112.7352,271349.0
2022-09-23,112.1496,112.4229,110.0903,111.6811,366908.0
2022-09-26,111.525,112.8523,110.3928,110.9394,269388.0
2022-09-27,112.091,112.091,108.2066,109.1241,428286.0
2022-09-28,110.1879,112.1203,109.4754,111.6128,243263.0
2022-09-29,110.6661,110.8418,109.5437,110.5587,271417.0
2022-09-30,110.6075,112.1789,109.8756,110.6856,973469.0
2022-10-03,112.3545,115.6338,111.8568,114.7262,493147.0
2022-10-04,116.7855,118.7765,116.6,118.2104,738630.0
2022-10-05,117.1076,119.3035,117.0588,118.1714,577499.0
2022-10-06,117.7712,118.5325,116.3853,116.8343,417549.0
2022-10-07,115.7217,115.9657,112.8816,113.4964,477196.0
2022-10-10,114.3553,114.4627,111.9251,112.7547,212089.0
2022-10-11,112.4131,113.9356,111.6128,112.296,418989.0
2022-10-12,112.6278,113.3403,111.2419,111.2517,760259.0
2022-10-13,109.0362,113.2524,108.2945,113.0182,1010165.0
2022-10-14,113.9551,114.2089,110.4123,110.5392,607227.0
2022-10-17,112.3448,114.3455,112.1886,114.1503,567833.0
2022-10-18,116.5415,117.3516,114.7847,116.2585,708139.0
2022-10-19,114.9018,116.0535,113.9844,115.1556,752018.0
2022-10-20,114.8726,114.9799,111.5054,112.335,689195.0
2022-10-21,112.335,116.5415,111.603,116.317,689805.0
2022-10-24,116.9124,118.2592,116.5024,117.5565,442566.0
2022-10-25,117.3125,120.4942,117.1661,120.0843,516096.0
2022-10-26,120.9919,121.6947,119.528,120.7675,519667.0
2022-10-27,121.6166,122.7975,121.1286,121.6263,540795.0
2022-10-28,122.1826,126.3793,121.9874,126.1744,1038238.0
2022-10-31,126.2817,127.6286,125.3936,126.5453,1214536.0
2022-11-01,129.2682,134.6752,125.989,128.8583,1102302.0
2022-11-02,128.995,131.3275,126.6136,126.9649,638578.0
2022-11-03,125.8718,130.4199,125.4814,128.5558,631342.0
2022-11-04,130.9567,132.323,128.9657,132.001,702822.0
2022-11-07,132.1767,133.1721,131.2007,133.1233,832569.0
2022-11-08,133.504,135.007,132.5378,133.9237,440070.0
2022-11-09,133.26,134.314,132.2254,132.4304,476516.0
2022-11-10,136.0318,137.6812,135.4462,137.3005,666434.0
2022-11-11,137.8373,138.6181,134.9191,135.5145,740435.0
2022-11-14,134.8606,136.5783,134.3531,134.4702,615553.0
2022-11-15,136.1098,136.4319,133.7382,135.251,643165.0
2022-11-16,135.251,136.3246,134.0896,135.2412,279278.0
2022-11-17,133.6016,134.7435,132.5963,134.7142,323792.0
2022-11-18,136.061,136.4807,134.4214,135.9732,294339.0
2022-11-21,136.0708,137.6324,135.4462,137.1053,341535.0
2022-11-22,138.0032,138.3936,136.9394,138.2375,330190.0
2022-11-23,138.5888,139.3598,137.1932,138.6669,211321.0
2022-11-25,139.1647,139.6331,138.54,139.1451,198576.0
2022-11-28,138.2472,138.5888,135.5438,136.0122,344355.0
2022-11-29,135.778,136.5393,134.8899,135.6707,420961.0
2022-11-30,135.4755,139.1451,134.4897,138.9987,509219.0
2022-12-01,139.555,140.0723,138.218,139.8478,384780.0
2022-12-02,138.4131,141.546,138.1692,140.9214,443111.0
2022-12-05,139.2729,140.2016,138.5887,138.6669,618679.0
2022-12-06,138.7256,138.794,135.6953,136.6728,367492.0
2022-12-07,136.7021,137.7578,136.5457,137.318,234264.0
2022-12-08,137.709,138.8624,137.0345,137.5917,306337.0
2022-12-09,137.836,138.3737,135.8713,135.9788,371899.0
2022-12-12,136.4089,138.9797,135.9397,138.8722,545393.0
2022-12-13,142.0295,142.5084,139.576,140.2113,401139.0
2022-12-14,140.2602,141.2377,138.1977,138.5594,334893.0
2022-12-15,136.8488,137.2886,134.8351,135.1382,470908.0
2022-12-16,133.6426,134.4246,132.4892,133.6915,677559.0
2022-12-19,133.7403,134.9524,133.3396,133.8967,414434.0
2022-12-20,133.8576,135.6269,132.9877,134.6494,361987.0
2022-12-21,135.6171,137.3277,135.3728,137.2007,259593.0
2022-12-22,136.0668,136.0668,133.3005,135.2066,329409.0
2022-12-23,134.9231,136.2818,134.669,136.2427,194455.0
2022-12-27,136.7412,137.5037,136.0863,136.9758,180542.0
2022-12-28,137.4548,138.2955,135.2066,135.2457,193443.0
2022-12-29,136.0277,137.7774,135.8908,137.2104,155925.0
2022-12-30,136.8488,137.0345,135.2359,136.5751,196853.0
2023-01-03,137.0247,137.7285,135.5292,137.3571,404010.0
2023-01-04,138.1293,138.6278,136.3014,137.6796,243540.0
2023-01-05,136.8292,137.2104,134.3757,134.8742,402971.0
2023-01-06,136.7608,141.2377,136.4284,140.6023,450477.0
2023-01-09,140.485,143.1243,138.6278,139.2925,473164.0
2023-01-10,138.9113,140.0158,138.6278,139.5955,176164.0
2023-01-11,140.4557,142.225,139.6835,142.2054,300030.0
2023-01-12,143.0949,143.0949,141.4723,142.2738,279501.0
2023-01-13,141.4039,143.525,141.4039,142.8408,341279.0
2023-01-17,143.31,143.701,141.2182,141.3746,574406.0
2023-01-18,141.3648,141.658,137.6503,138.2368,422168.0
2023-01-19,137.8263,138.5594,135.3239,135.9006,715718.0
2023-01-20,136.7706,139.4391,135.5487,139.2925,631615.0
2023-01-23,139.5564,140.2407,138.4519,139.8301,499037.0
2023-01-24,140.1527,141.2182,137.6112,140.8369,476991.0
2023-01-25,139.4391,140.0354,138.2759,139.5857,803475.0
2023-01-26,140.6317,141.052,138.5398,140.3189,561854.0
2023-01-27,139.4587,141.1693,139.0579,140.661,608532.0
2023-01-30,139.9474,140.5339,138.794,139.1068,349716.0
2023-01-31,139.7128,141.7558,138.8722,141.658,500430.0
2023-02-01,141.3746,142.7626,139.1654,141.8828,1085694.0
2023-02-02,142.225,142.8506,139.8106,141.267,1174841.0
2023-02-03,140.7587,143.3491,140.4948,143.0852,784329.0
2023-02-06,142.44,144.7273,142.44,143.7792,1212096.0
2023-02-07,142.5182,143.7499,140.7783,143.4371,628750.0
2023-02-08,143.2513,143.4371,141.443,141.7069,392560.0
2023-02-09,142.8799,143.525,140.6708,141.1106,344674.0
2023-02-10,141.0813,142.0099,140.7587,141.4332,373560.0
2023-02-13,141.6873,143.3198,141.3746,142.5475,642954.0
2023-02-14,141.8633,142.7137,140.3286,141.1204,451628.0
2023-02-15,140.7294,142.9581,140.5926,142.9092,327311.0
2023-02-16,141.1497,142.225,141.0911,141.2964,287091.0
2023-02-17,141.0715,143.5641,140.6903,143.1927,403643.0
2023-02-21,141.746,142.4205,139.312,139.7812,384680.0
2023-02-22,140.5144,140.9347,138.706,139.1361,476341.0
2023-02-23,138.7451,140.0647,137.3473,139.5564,569649.0
2023-02-24,138.0706,138.4812,136.9074,137.7676,589566.0
2023-02-27,139.0286,139.3511,137.6503,138.1684,541429.0
2023-02-28,138.1586,139.4587,137.836,138.3737,416345.0
2023-03-01,137.7578,139.1165,137.7578,138.4616,316891.0
2023-03-02,137.7872,139.4391,137.2984,139.1361,361718.0
2023-03-03,140.3873,140.8858,138.9504,140.6903,234665.0
2023-03-06,140.5046,141.4723,139.8008,140.1722,285014.0
2023-03-07,140.3286,140.3286,136.8879,136.927,388220.0
2023-03-08,136.9943,137.9735,136.3284,137.6014,618240.0
2023-03-09,138.4044,138.7178,135.2219,136.0543,604915.0
2023-03-10,136.2207,136.5928,132.2744,132.9011,390695.0
2023-03-13,131.6183,133.9685,130.5314,132.5388,608450.0
2023-03-14,134.7813,135.9172,133.3907,135.6332,408521.0
2023-03-15,132.9403,132.9893,128.7884,131.2169,777422.0
2023-03-16,130.5216,133.6453,130.1593,133.0186,656494.0
2023-03-17,133.2439,133.2439,130.3943,132.1863,830226.0
2023-03-20,133.4103,135.7017,132.1863,135.6626,663819.0
2023-03-21,137.435,137.9246,135.8388,137.1608,414235.0
2023-03-22,137.0727,138.659,135.359,135.5842,617711.0
2023-03-23,135.3688,136.9454,133.9489,135.4765,695187.0
2023-03-24,133.9293,136.4753,133.0284,136.4264,483359.0
2023-03-27,137.3664,137.9833,136.397,136.8866,362184.0
2023-03-28,137.0433,138.2869,136.4753,138.2086,307849.0
2023-03-29,139.0507,139.5011,138.2281,139.2857,356868.0
2023-03-30,140.5391,140.9798,139.1878,139.8635,284440.0
2023-03-31,140.5293,142.4878,140.0985,142.3115,487467.0
2023-04-03,141.44,142.4095,140.3824,141.254,615920.0
2023-04-04,141.0679,141.1365,136.0347,136.1718,416818.0
2023-04-05,135.1925,135.6332,131.6085,132.8522,919086.0
2023-04-06,132.4311,133.616,131.7065,132.4409,576588.0
2023-04-10,131.5204,133.9685,131.0993,133.9391,461665.0
2023-04-11,134.2035,134.84,133.8314,134.1741,545931.0
2023-04-12,135.1338,136.1326,134.8498,135.6528,734360.0
2023-04-13,135.6724,135.7017,133.1361,135.5744,518786.0
2023-04-14,135.5255,137.1412,134.8204,135.4765,467555.0
2023-04-17,135.7899,136.6026,135.1534,136.3284,610674.0
2023-04-18,136.9845,137.4252,135.829,136.3578,397673.0
2023-04-19,136.348,136.3774,134.4483,134.7127,483462.0
2023-04-20,133.9881,135.1142,133.4691,135.1044,483100.0
2023-04-21,135.4471,135.4471,133.8118,134.7225,437975.0
2023-04-24,134.6637,135.3982,134.3602,134.8596,320587.0
2023-04-25,134.5952,134.9967,133.0186,133.097,293165.0
2023-04-26,131.7652,133.1655,130.3551,130.9623,609302.0
2023-04-27,131.6281,134.5658,130.9916,134.5169,822290.0
2023-04-28,134.0468,135.4275,133.802,135.0652,570966.0
2023-05-01,135.0554,137.1216,134.8694,136.4459,947265.0
2023-05-02,138.2967,143.3299,137.8854,142.5759,1208837.0
2023-05-03,143.1243,144.8086,141.4302,141.5771,524476.0
2023-05-04,141.4988,141.7925,139.4424,139.9516,701184.0
2023-05-05,141.1169,142.2136,140.5097,142.008,333011.0
2023-05-08,142.4486,142.5857,140.9602,142.008,308835.0
2023-05-09,141.6163,142.2822,141.0189,141.4106,275193.0
2023-05-10,142.6445,143.2614,139.7557,141.675,375329.0
2023-05-11,141.1462,141.1462,139.697,140.7741,335409.0
2023-05-12,142.0178,142.4878,140.9896,142.3997,484870.0
2023-05-15,142.7914,143.4866,142.1842,143.3006,520011.0
2023-05-16,142.6738,142.9676,140.8623,141.5575,623225.0
2023-05-17,142.429,143.6922,141.724,142.8991,413885.0
2023-05-18,143.232,145.2003,142.4192,144.7204,371551.0
2023-05-19,146.013,146.3655,143.9273,144.505,414898.0
2023-05-22,144.7792,145.8759,144.1427,144.8575,317740.0
2023-05-23,143.8293,144.6029,142.9284,142.9382,486164.0
2023-05-24,142.4192,142.6151,140.7448,141.2638,348825.0
2023-05-25,141.8121,143.1928,141.3225,142.7032,281614.0
2023-05-26,143.0264,145.259,142.9578,145.1415,275755.0
2023-05-30,144.9946,145.8074,144.319,144.4658,286088.0
2023-05-31,143.8293,144.0644,141.6065,142.0569,496460.0
2023-06-01,142.6053,143.8979,141.6652,143.8979,302070.0
2023-06-02,145.3178,148.0596,144.789,147.5504,370050.0
2023-06-05,147.3839,147.5798,145.1905,145.6997,310649.0
2023-06-06,145.5626,147.1391,145.1513,146.1893,275044.0
2023-06-07,146.532,148.373,145.7584,147.9911,420987.0
2023-06-08,147.6784,148.365,147.237,147.286,659355.0
2023-06-09,147.08,148.0315,146.3934,147.4135,384506.0
2023-06-12,147.6588,148.6396,146.825,148.2865,261496.0
2023-06-13,148.2865,150.7681,148.2375,150.5327,629567.0
2023-06-14,150.9152,151.5233,149.5616,150.6602,336276.0
2023-06-15,150.4738,153.9068,150.3463,153.7009,423654.0
2023-06-16,155.5743,155.5743,152.6906,152.926,756918.0
2023-06-20,151.8176,152.8671,151.4449,152.3669,276211.0
2023-06-21,151.9059,153.9657,150.9643,153.5733,334279.0
2023-06-22,153.5537,154.0343,152.3865,153.0437,341723.0
2023-06-23,151.7882,154.103,151.3958,153.0731,390821.0
2023-06-26,153.3576,155.1329,153.23,154.3678,416548.0
2023-06-27,154.6523,156.8004,154.2109,156.5257,204758.0
2023-06-28,156.359,156.5355,155.2997,155.741,277834.0
2023-06-29,155.5351,157.4674,155.0054,157.075,342195.0
2023-06-30,158.1049,159.5762,157.281,158.7817,452814.0
2023-07-03,157.6047,158.2619,156.0745,157.7322,170975.0
2023-07-05,154.9073,156.5453,154.5836,155.4174,384450.0
2023-07-06,154.4267,154.5934,153.181,153.7597,517233.0
2023-07-07,153.2889,154.7896,152.8279,154.0736,523554.0
2023-07-10,154.2599,155.8686,153.897,154.5052,1063495.0
2023-07-11,154.8779,155.2212,153.2987,154.5444,529088.0
2023-07-12,155.5743,155.6528,154.1324,154.4953,678126.0
2023-07-13,154.7602,155.4075,153.7009,155.2408,452955.0
2023-07-14,155.0642,155.9568,153.7891,154.5248,317813.0
2023-07-17,154.4757,155.4762,153.8872,154.8779,322560.0
2023-07-18,154.7209,156.2511,154.7209,155.8293,320585.0
2023-07-19,154.8975,155.5351,153.2202,154.4659,377333.0
2023-07-20,155.0839,155.3879,153.8186,155.0642,317060.0
2023-07-21,155.1427,155.6037,154.4463,154.515,304244.0
2023-07-24,155.025,155.7607,154.4953,155.2016,252889.0
2023-07-25,154.2403,155.8391,154.2403,155.6822,258969.0
2023-07-26,154.8485,156.3884,154.2796,155.7214,270768.0
2023-07-27,156.2217,156.9377,154.7209,154.8386,464013.0
2023-07-28,155.7803,156.3197,154.7209,155.2212,359071.0
2023-07-31,155.8097,156.2315,154.9073,155.5645,514594.0
2023-08-01,154.564,161.5968,153.0241,156.3982,767320.0
2023-08-02,157.693,158.3403,155.3585,155.6528,479937.0
2023-08-03,155.3781,155.8784,154.309,154.8288,392870.0
2023-08-04,155.3585,155.692,153.1712,153.5733,273511.0
2023-08-07,154.564,157.6635,154.564,157.5262,326780.0
2023-08-08,156.9475,157.6831,155.1231,157.4281,296477.0
2023-08-09,157.6145,157.6145,156.1628,156.6631,370926.0
2023-08-10,156.5748,157.9284,155.4468,155.8784,326654.0
2023-08-11,155.8391,156.202,154.9269,155.1918,211004.0
2023-08-14,155.2212,155.6528,154.5836,155.0937,169891.0
2023-08-15,154.6817,154.7111,153.4066,153.6616,166986.0
2023-08-16,153.5243,154.7994,152.9162,153.0535,299209.0
2023-08-17,153.7303,153.7303,149.6303,150.0521,821907.0
2023-08-18,149.6401,151.9157,149.6009,151.4939,455773.0
2023-08-21,151.7293,152.0432,150.1011,151.6607,279289.0
2023-08-22,152.4453,152.8573,151.0525,151.7293,197498.0
2023-08-23,152.6317,153.6126,151.9255,153.2987,214203.0
2023-08-24,153.3674,154.5052,151.8372,151.9059,215156.0
2023-08-25,152.6611,155.1035,152.3473,154.5738,217977.0
2023-08-28,154.7994,156.3492,154.7994,155.4762,186561.0
2023-08-29,155.231,157.4477,154.9858,156.5061,297237.0
2023-08-30,156.9083,157.5066,156.2707,157.2221,241170.0
2023-08-31,157.1829,157.9774,156.4571,156.4571,209242.0
2023-09-01,157.1927,157.8499,156.6729,157.5753,176221.0
2023-09-05,157.693,157.693,154.0638,154.1128,255144.0
2023-09-06,154.2501,155.4075,153.4851,154.0932,481746.0
2023-09-07,153.9657,154.8877,152.3669,153.642,299585.0
2023-09-08,153.1418,153.6224,150.6209,150.9544,447019.0
2023-09-11,151.5233,151.9745,149.2477,150.5131,340443.0
2023-09-12,149.8675,151.0661,148.4626,148.7573,505642.0
2023-09-13,148.325,149.8675,148.2071,149.8184,406297.0
2023-09-14,150.7517,151.1644,148.7868,150.1819,622876.0
2023-09-15,149.111,150.0247,147.932,148.9735,517834.0
2023-09-18,149.1208,151.41,148.944,149.7987,223474.0
2023-09-19,149.3861,150.4767,148.8064,149.9854,368185.0
2023-09-20,150.6437,152.0093,148.6001,148.7573,386320.0
2023-09-21,148.3643,148.9145,147.0085,148.384,776766.0
2023-09-22,147.9713,149.897,147.8829,149.0029,792765.0
2023-09-25,148.4134,150.7124,148.4134,149.838,443652.0
2023-09-26,149.0619,150.3489,145.9376,146.6548,753754.0
2023-09-27,147.4604,147.6275,145.4071,146.252,515335.0
2023-09-28,145.4955,147.7257,145.1418,146.2127,505063.0
2023-09-29,147.205,147.2934,144.9846,145.1713,320467.0
2023-10-02,145.132,145.6134,143.6288,144.8372,371262.0
2023-10-03,144.0316,145.9572,144.0316,145.3678,452950.0
2023-10-04,145.633,147.9026,145.0534,147.4899,520080.0
2023-10-05,147.4408,147.8141,145.1123,145.8099,397093.0
2023-10-06,145.4562,148.4134,144.8569,147.5882,408069.0
2023-10-09,147.0576,148.8163,146.6548,148.6689,184040.0
2023-10-10,149.0717,150.0247,148.4527,148.6296,226667.0
2023-10-11,148.6198,149.9068,148.6198,149.5826,355113.0
2023-10-12,149.5826,149.9658,147.6373,148.4724,362399.0
2023-10-13,148.3938,148.7573,145.132,146.0358,453908.0
2023-10-16,147.2246,148.4724,146.9299,147.8338,266569.0
2023-10-17,147.2345,148.5313,146.5762,147.1264,478707.0
2023-10-18,145.8099,145.8099,141.4084,141.4378,396258.0
2023-10-19,142.1747,143.9039,140.7206,141.1333,1108709.0
2023-10-20,141.3887,142.0961,138.9522,139.0897,488960.0
2023-10-23,139.0602,140.0722,138.1957,138.3921,449778.0
2023-10-24,139.7774,139.7774,137.8616,138.5002,364381.0
2023-10-25,138.0876,138.6279,136.6139,137.2132,383250.0
2023-10-26,138.9227,139.4238,137.2426,137.39,375090.0
2023-10-27,137.0953,138.1957,136.4272,136.7809,369864.0
2023-10-30,137.7928,138.1662,136.1717,137.6651,773647.0
2023-10-31,134.4917,140.8975,134.4917,138.3037,690211.0
2023-11-01,139.355,140.4554,138.3921,139.9052,630604.0
2023-11-02,140.8975,141.4477,138.7851,141.1824,638492.0
2023-11-03,142.7838,143.3635,141.0448,141.1824,498957.0
2023-11-06,141.1627,141.3985,139.9445,140.9466,360810.0
2023-11-07,139.9936,144.0807,139.1683,143.9333,1059279.0
2023-11-08,144.5719,146.0653,143.953,145.3088,915361.0
2023-11-09,146.2618,146.8415,144.5425,144.8765,871954.0
2023-11-10,146.193,148.6001,145.7509,148.158,669783.0
2023-11-13,147.6373,149.1012,147.4113,148.7278,676611.0
2023-11-14,150.6339,152.4809,149.73,152.0191,663507.0
2023-11-15,151.97,152.4711,150.0542,150.4177,660390.0
2023-11-16,150.8893,152.0977,150.4177,151.2725,565031.0
2023-11-17,151.862,153.0901,151.5083,152.9329,519565.0
2023-11-20,153.1195,153.1195,151.4886,152.0977,232888.0
2023-11-21,151.8325,153.0115,151.5672,152.6774,301013.0
2023-11-22,152.8837,153.3258,152.2451,152.923,174373.0
2023-11-24,153.3357,153.6599,152.7757,153.4437,108196.0
2023-11-27,152.1862,152.1862,150.8893,151.3609,362352.0
2023-11-28,150.8303,151.6949,149.7791,149.8577,213268.0
2023-11-29,150.9875,151.3805,149.7594,150.2016,223541.0
2023-11-30,150.9286,152.6676,149.838,152.5104,333617.0
2023-12-01,152.8248,154.6129,152.0977,154.2985,293308.0
2023-12-04,153.4339,154.5638,152.8444,154.5343,350256.0
2023-12-05,154.2101,154.2101,152.589,152.7757,260669.0
2023-12-06,153.7582,154.7914,153.0398,153.7385,423540.0
2023-12-07,153.7188,153.8074,152.223,153.4236,319924.0
2023-12-08,153.9451,155.1752,153.8467,154.6537,325315.0
2023-12-11,155.4507,156.8481,155.1162,155.2146,348547.0
2023-12-12,155.618,159.4066,155.1654,158.767,541316.0
2023-12-13,159.2197,159.4952,157.0646,158.9146,647464.0
2023-12-14,160.125,161.9258,159.4362,161.4535,742799.0
2023-12-15,160.5678,161.9258,159.8003,160.5284,585264.0
2023-12-18,160.7941,160.9811,159.505,160.6465,225890.0
2023-12-19,161.3649,161.542,160.184,160.7843,291374.0
2023-12-20,160.1053,161.8471,159.1409,159.2393,265365.0
2023-12-21,160.0463,161.1779,159.4854,161.0795,216434.0
2023-12-22,161.7684,162.408,160.9614,161.5814,185008.0
2023-12-26,161.8668,162.6245,161.6995,162.2702,230577.0
2023-12-27,162.0734,162.4769,161.483,161.916,279023.0
2023-12-28,161.9553,162.7819,161.6404,162.4867,206746.0
2023-12-29,162.2899,162.8803,161.5912,162.2604,172720.0
2024-01-02,161.1484,161.9553,159.3673,160.2726,301154.0
2024-01-03,159.9872,159.9872,157.4779,158.0388,382063.0
2024-01-04,158.5702,159.2295,157.7928,157.9207,236631.0
2024-01-05,157.4287,158.3734,156.7398,158.1766,195813.0
2024-01-08,158.2848,159.4755,157.3795,159.2984,203449.0
2024-01-09,158.826,160.5973,157.5566,160.4005,422350.0
2024-01-10,160.5973,161.2271,159.5247,161.0697,266054.0
2024-01-11,162.3686,162.8508,160.2529,161.3157,330389.0
2024-01-12,162.2899,162.3686,160.184,160.8335,388862.0
2024-01-16,160.6072,161.1582,158.8654,161.0008,507679.0
2024-01-17,160.0561,160.8532,157.4385,157.5172,527911.0
2024-01-18,157.7436,159.8691,157.4484,159.7215,562721.0
2024-01-19,159.9971,160.3218,158.8949,159.446,746940.0
2024-01-22,160.184,161.3354,159.7018,160.558,617006.0
2024-01-23,161.0303,162.6245,159.8396,162.4867,486487.0
2024-01-24,163.7069,163.9923,159.9085,160.1447,365266.0
2024-01-25,161.4436,161.8963,160.5481,161.5027,281018.0
2024-01-26,162.034,162.3391,160.7154,160.9122,176070.0
2024-01-29,160.1742,162.7327,160.1151,162.6934,363573.0
2024-01-30,162.5064,163.9825,161.8864,163.2248,390601.0
2024-01-31,163.1165,163.1165,159.3476,159.4657,427179.0
2024-02-01,160.9024,163.2543,159.7707,163.2248,645624.0
2024-02-02,162.713,165.8522,162.034,164.7697,749987.0
2024-02-05,163.4412,164.9075,162.1521,164.3269,755934.0
2024-02-06,165.2814,165.2814,161.1779,163.4314,903911.0
2024-02-07,164.012,165.9506,163.4708,164.071,510479.0
2024-02-08,164.9272,165.1535,162.9099,163.6479,386787.0
2024-02-09,163.7561,165.9211,163.7561,165.8128,469142.0
2024-02-12,166.108,166.6001,164.9567,165.7341,482365.0
2024-02-13,163.7857,165.4487,161.9947,165.3601,1257396.0
2024-02-14,166.0982,171.0184,165.8128,170.6445,1318626.0
2024-02-15,171.4317,172.1599,168.6174,170.9692,896484.0
2024-02-16,170.8807,172.2091,170.5559,171.1169,482025.0
2024-02-20,171.1169,172.5732,169.7589,172.0222,686440.0
2024-02-21,171.9631,172.8586,170.4772,172.0123,405945.0
2024-02-22,173.5868,175.8206,173.4589,175.368,446657.0
2024-02-23,175.9387,176.3717,174.2068,175.3581,414129.0
2024-02-26,175.4368,177.2475,174.935,176.0371,646903.0
2024-02-27,176.4209,176.6767,173.8722,174.935,333890.0
2024-02-28,175.1613,176.8047,174.4823,175.8698,248025.0
2024-02-29,175.9584,177.8576,175.3975,177.3065,408099.0
2024-03-01,177.2377,178.5169,176.6767,177.7986,478324.0
2024-03-04,178.2315,179.2648,177.7986,178.2119,456241.0
2024-03-05,177.7887,177.9659,175.5648,176.5882,272718.0
2024-03-06,177.2964,178.3904,176.7149,177.4837,443613.0
2024-03-07,178.7551,179.583,178.1144,178.962,228857.0
2024-03-08,179.169,180.0856,178.4791,178.8241,302817.0
2024-03-11,178.1933,178.6959,176.3404,178.2524,289236.0
2024-03-12,178.3017,179.7209,177.7301,179.2084,287186.0
2024-03-13,179.1986,179.5928,178.0553,178.9128,235393.0
2024-03-14,179.445,179.7505,178.2031,179.0015,206908.0
2024-03-15,177.7399,180.332,177.7399,178.9029,465444.0
2024-03-18,179.7012,181.0613,179.376,179.4548,215894.0
2024-03-19,179.1789,180.1842,178.8142,179.307,365005.0
2024-03-20,179.6421,181.5541,178.7846,181.5443,570370.0
2024-03-21,181.8991,183.6436,180.0955,182.244,523144.0
2024-03-22,182.3623,183.1508,180.125,180.5094,327592.0
2024-03-25,180.5094,180.7361,179.7702,180.125,263832.0
2024-03-26,179.376,180.608,178.9128,179.0507,273247.0
2024-03-27,179.5435,181.564,179.1592,181.0712,299843.0
2024-03-28,180.8642,181.2387,179.9279,180.263,477264.0
2024-04-01,180.3517,180.3616,177.7104,177.8582,319648.0
2024-04-02,178.1243,178.9029,177.1979,177.7695,426200.0
2024-04-03,177.7793,179.8688,177.7793,178.4988,299616.0
2024-04-04,179.7308,180.2137,176.4192,176.7543,398755.0
2024-04-05,178.0356,180.0265,177.1979,179.5928,316470.0
2024-04-08,179.7308,180.3517,178.144,178.3116,266263.0
2024-04-09,178.5875,178.9423,176.232,178.5678,429243.0
2024-04-10,176.3798,179.0705,175.4731,177.1584,659026.0
2024-04-11,177.3753,178.7354,176.0053,177.8976,401395.0
2024-04-12,176.0546,177.5132,175.5519,177.119,381476.0
2024-04-15,179.7111,180.1743,175.9757,176.4587,437825.0
2024-04-16,176.2517,177.937,175.4337,176.5079,429225.0
2024-04-17,176.8628,177.4344,174.6846,175.4829,429388.0
2024-04-18,176.6262,177.0106,174.1623,174.7142,265285.0
2024-04-19,175.5716,176.1531,174.2214,175.138,375222.0
2024-04-22,175.9462,176.7445,174.6649,175.2957,260260.0
2024-04-23,176.5178,177.8089,176.0053,177.257,264539.0
2024-04-24,178.075,178.5284,174.4875,175.6505,364241.0
2024-04-25,174.5762,176.2024,173.8272,175.3647,520173.0
2024-04-26,175.5914,176.4291,174.8916,174.9507,273255.0
2024-04-29,175.2464,175.887,174.32,175.1281,347904.0
2024-04-30,175.1281,175.5125,171.8659,172.1418,413916.0
2024-05-01,171.7082,173.6793,171.0577,171.4716,622348.0
2024-05-02,167.549,168.6627,159.6249,160.985,1451105.0
2024-05-03,161.3398,164.474,160.4331,164.1586,1048012.0
2024-05-06,164.5923,166.7901,164.5134,165.6271,730763.0
2024-05-07,165.7848,167.4603,165.7848,167.1351,445450.0
2024-05-08,166.7507,167.3913,165.8735,166.7014,446208.0
2024-05-09,166.8394,168.8007,166.4254,167.4504,727452.0
2024-05-10,168.5444,169.0964,167.9334,168.3375,688262.0
2024-05-13,168.7908,169.0865,167.3519,167.6476,459648.0
2024-05-14,167.549,168.4853,165.8735,166.1002,903455.0
2024-05-15,167.0858,168.5149,166.7704,167.1843,638348.0
2024-05-16,166.7605,167.6278,165.4004,165.4891,480759.0
2024-05-17,165.9031,165.9031,163.8728,164.3951,1027566.0
2024-05-20,164.6711,167.1055,164.2572,166.1692,416898.0
2024-05-21,165.7158,166.9478,164.9471,166.6915,669925.0
2024-05-22,168.8303,171.9546,168.0911,171.6195,923502.0
2024-05-23,172.8514,173.5216,170.1312,170.2298,877885.0
2024-05-24,170.7817,171.3632,170.1706,171.1562,573605.0
2024-05-28,171.1957,171.9053,165.7848,165.8834,606754.0
2024-05-29,164.7401,166.1593,163.7939,164.3064,719598.0
2024-05-30,164.2374,165.8144,163.8432,165.2723,551683.0
2024-05-31,165.5187,167.5194,163.6855,167.1351,543385.0
2024-06-03,167.549,167.8053,162.4535,163.8136,734620.0
2024-06-04,163.4194,164.5331,162.1382,164.4641,465077.0
2024-06-05,165.1737,166.2776,164.5824,166.2185,345518.0
2024-06-06,166.2875,166.7408,165.0653,166.2579,653558.0
2024-06-07,166.3564,168.0418,165.7947,167.549,552504.0
2024-06-10,167.3322,170.9197,167.3322,170.5057,898368.0
2024-06-11,169.7666,170.1411,168.85,170.0425,719676.0
2024-06-12,171.6983,173.5216,170.6832,171.2055,613873.0
2024-06-13,171.758,172.3404,170.0403,171.4125,375256.0
2024-06-14,169.6158,169.8429,162.4292,164.8774,1215190.0
2024-06-17,164.1074,166.8616,163.6632,166.3582,997205.0
2024-06-18,166.1903,168.8952,165.4302,168.7076,962290.0
2024-06-20,168.2535,168.5596,166.141,166.3582,580122.0
2024-06-21,166.911,167.5724,164.216,166.5062,622322.0
2024-06-24,167.3947,169.7935,166.6247,169.2604,569250.0
2024-06-25,168.7669,169.0334,165.5388,166.5556,286891.0
2024-06-26,165.8448,165.8448,164.2752,164.4431,288754.0
2024-06-27,164.4332,165.7955,163.7718,164.3345,575087.0
2024-06-28,164.6701,165.7264,163.5546,164.5714,605298.0
2024-07-01,165.9041,165.9337,163.0808,163.446,448146.0
2024-07-02,163.2387,164.3739,162.6069,163.9692,363065.0
2024-07-03,164.4825,165.3512,163.9791,164.1666,253598.0
2024-07-05,164.2654,164.6898,162.291,163.525,361381.0
2024-07-08,164.4134,165.3414,162.2811,162.3897,1196708.0
2024-07-09,162.8932,163.4855,161.7876,162.0245,881963.0
2024-07-10,162.0344,164.0482,161.827,163.7422,399311.0
2024-07-11,164.3345,168.5793,163.9396,167.1479,595927.0
2024-07-12,168.4411,169.9219,166.8912,167.3453,426227.0
2024-07-15,167.4243,170.7511,166.9505,169.9021,776874.0
2024-07-16,170.8103,174.7689,170.297,173.7521,944483.0
2024-07-17,173.5448,175.0946,172.6464,172.7847,554681.0
2024-07-18,171.9159,173.2684,169.369,169.527,522616.0
2024-07-19,170.8004,170.8004,166.9505,166.99,356340.0
2024-07-22,168.6385,170.8893,167.3355,170.7511,401765.0
2024-07-23,169.9515,171.2052,169.5072,169.6652,328922.0
2024-07-24,168.9446,169.0334,164.7392,164.8083,454263.0
2024-07-25,165.1439,169.4085,164.4233,166.3582,356378.0
2024-07-26,168.4312,171.7975,167.7402,170.0601,393937.0
2024-07-29,169.9613,170.9979,169.3592,169.6948,467304.0
2024-07-30,170.5142,172.3306,168.7669,170.139,409735.0
2024-07-31,172.3108,173.7126,170.8992,171.2545,461255.0
2024-08-01,162.8833,164.8577,154.5318,157.0886,3329526.0
2024-08-02,155.6276,155.6276,148.5298,150.7806,2785675.0
2024-08-05,148.5693,154.6404,147.1182,152.7056,1949739.0
2024-08-06,153.2189,157.5625,153.1301,154.9662,946405.0
2024-08-07,156.2693,158.1943,154.2357,154.8181,1375404.0
2024-08-08,155.677,157.2762,154.0876,156.8122,905743.0
2024-08-09,156.7826,158.826,154.9662,157.4736,631313.0
2024-08-12,158.7175,160.4845,157.8882,158.6977,1436279.0
2024-08-13,158.5694,160.0995,156.832,159.2407,724160.0
2024-08-14,159.0926,160.8695,158.7076,159.4085,467489.0
2024-08-15,161.7283,164.1864,160.3759,161.0571,378633.0
2024-08-16,160.4154,161.442,159.6651,160.603,585865.0
2024-08-19,160.8596,162.6958,160.6326,162.5576,496602.0
2024-08-20,162.7254,163.7323,162.2811,162.7451,592603.0
2024-08-21,162.7747,164.68,162.5378,163.7619,360167.0
2024-08-22,163.8211,165.2229,162.8438,163.1005,553076.0
2024-08-23,163.7915,165.756,163.3868,165.2427,469587.0
2024-08-26,166.0225,167.4046,164.7096,166.1607,342725.0
2024-08-27,165.9139,166.3088,165.0452,165.8251,342188.0
2024-08-28,166.832,168.6681,165.3512,166.4273,459720.0
2024-08-29,167.5921,168.678,166.5655,167.2071,509406.0
2024-08-30,167.7896,169.1716,166.7333,168.8557,460152.0
2024-09-03,168.0758,168.9149,163.8409,164.5418,468421.0
2024-09-04,164.0778,166.0423,163.14,165.3414,584245.0
2024-09-05,164.7392,165.5684,162.3502,163.0314,439448.0
2024-09-06,163.3078,164.8478,161.1262,161.5408,359164.0
2024-09-09,163.0709,163.3769,161.4026,162.1923,780702.0
2024-09-10,163.1301,163.1301,161.2347,162.8241,400782.0
2024-09-11,162.7155,163.3966,160.1686,163.14,515655.0
2024-09-12,163.0709,165.6869,161.7876,164.7491,591487.0
2024-09-13,165.4897,166.9136,164.9557,165.3611,478985.0
2024-09-16,166.7554,167.6453,165.5391,166.4686,338903.0
2024-09-17,167.0223,168.9703,166.3895,166.6861,473811.0
2024-09-18,167.6058,169.6328,166.2115,167.5365,316331.0
2024-09-19,170.77,170.77,168.0309,170.325,352565.0
2024-09-20,169.356,169.4746,168.1199,169.1879,477567.0
2024-09-23,169.5933,170.8194,168.5649,169.178,225077.0
2024-09-24,169.7713,169.7713,167.9222,168.6341,945763.0
2024-09-25,169.8108,170.8293,169.0099,169.3362,1090334.0
2024-09-26,171.0666,171.5611,168.8714,170.0481,923119.0
2024-09-27,170.6316,171.9269,169.3955,170.147,508032.0
2024-09-30,169.7812,170.3745,167.6058,169.7911,312563.0
2024-10-01,170.0086,170.3448,167.0916,167.2102,1061259.0
2024-10-02,166.5774,167.4871,165.4106,166.3203,1982262.0
2024-10-03,165.7171,167.3487,164.313,167.2102,1454044.0
2024-10-04,168.9011,169.0198,166.8839,168.2089,385474.0
2024-10-07,164.3822,165.8358,163.5417,164.6788,1041941.0
2024-10-08,165.2721,165.8951,164.402,165.0546,628680.0
2024-10-09,165.816,167.1904,165.4303,166.9334,431555.0
2024-10-10,165.7567,167.2597,165.0842,167.0125,389860.0
2024-10-11,167.1509,169.6625,167.1509,168.4858,536161.0
2024-10-14,168.8418,169.7911,168.3078,169.6526,1306414.0
2024-10-15,170.0383,171.1853,167.1509,167.4871,610289.0
2024-10-16,167.4871,168.4759,166.9136,167.8134,1055520.0
2024-10-17,168.733,169.0099,166.7455,167.7837,626519.0
2024-10-18,168.3078,168.822,166.9136,167.5069,356168.0
2024-10-21,168.0408,168.733,166.8641,167.4673,444815.0
2024-10-22,166.5378,166.9828,165.2227,166.4983,343828.0
2024-10-23,165.6973,166.7554,164.0361,164.8074,300561.0
2024-10-24,164.9458,165.7171,163.5615,164.7184,570256.0
2024-10-25,165.9544,166.3104,164.6393,165.0941,283158.0
2024-10-28,166.5774,167.141,165.8951,166.172,367862.0
2024-10-29,165.5094,166.4389,163.8878,165.6182,418206.0
2024-10-30,165.2425,167.0718,164.7876,167.0223,832309.0
2024-10-31,177.6127,182.1217,176.7029,181.2911,1375927.0
2024-11-01,180.5692,181.4295,175.9712,176.436,1129090.0
2024-11-04,177.672,178.9871,176.6139,177.9093,508156.0
2024-11-05,177.761,180.2429,177.5731,179.9858,739798.0
2024-11-06,186.5813,190.0521,185.365,188.1931,1130456.0
2024-11-07,188.3612,189.0435,186.6406,186.8384,386227.0
2024-11-08,187.0164,189.3104,186.6505,188.7864,372771.0
2024-11-11,189.8642,190.8827,188.2326,189.4291,549092.0
2024-11-12,189.8939,192.0989,188.5491,191.832,713665.0
2024-11-13,191.3969,194.5018,190.2597,193.2361,623201.0
2024-11-14,191.9308,193.246,189.8642,191.5847,529496.0
2024-11-15,191.1398,192.4648,190.3092,190.942,799973.0
2024-11-18,191.12,191.1596,189.973,191.0804,371825.0
2024-11-19,188.9644,191.3375,188.8655,191.298,668418.0
2024-11-20,191.8913,191.8913,189.1621,191.1694,370184.0
2024-11-21,192.267,193.7799,190.853,193.5723,661285.0
2024-11-22,193.7602,195.6192,192.4055,195.1742,616264.0
2024-11-25,195.7873,196.1136,194.0568,194.9171,519733.0
2024-11-26,194.9072,194.9467,193.0087,194.8182,782138.0
2024-11-27,195.0753,195.1742,192.8801,192.9197,295930.0
2024-11-29,193.2657,193.8294,192.2077,192.2077,400223.0
2024-12-02,193.2657,194.2051,192.1978,193.3745,450395.0
2024-12-03,193.2657,193.7107,191.1596,192.1583,400411.0
2024-12-04,191.7924,193.3251,191.2782,192.8208,433773.0
2024-12-05,192.8223,193.9611,191.5646,191.7924,445607.0
2024-12-06,191.832,193.4758,189.2772,189.6733,350439.0
2024-12-09,189.5346,190.7328,187.663,188.0393,393806.0
2024-12-10,188.1582,188.9702,185.8014,186.7619,409150.0
2024-12-11,188.5642,189.1088,186.4054,186.8213,298699.0
2024-12-12,187.1778,188.069,186.4153,186.6134,317371.0
2024-12-13,186.96,187.7522,185.3756,185.5538,347343.0
2024-12-16,188.6038,189.1979,187.2273,187.5343,446176.0
2024-12-17,187.9304,188.584,184.5041,184.8903,365558.0
2024-12-18,185.4548,185.9301,178.8696,178.9983,381454.0
2024-12-19,180.5827,181.266,179.2756,180.3352,604151.0
2024-12-20,180.3451,182.6524,179.6222,181.573,856733.0
2024-12-23,180.8006,181.3452,179.9985,180.2956,300895.0
2024-12-24,179.9985,182.2563,179.3845,182.2563,167278.0
2024-12-26,181.7215,182.5335,181.0184,181.9295,251202.0
2024-12-27,180.7016,182.0483,179.6717,180.6718,195320.0
2024-12-30,179.0379,179.741,177.5129,178.9785,275559.0
2024-12-31,179.0577,179.9292,178.0972,178.5032,228655.0
2025-01-02,180.1866,180.1866,176.1761,176.592,261041.0
2025-01-03,176.7801,178.4141,175.8394,177.8199,176382.0
2025-01-06,178.7409,179.8994,177.0772,177.6813,203516.0
2025-01-07,178.0081,178.8597,176.2256,176.9485,157916.0
2025-01-08,175.6315,176.8297,174.5422,176.7108,226807.0
2025-01-10,174.5224,175.978,173.6509,174.4332,815810.0
2025-01-13,172.7894,174.9878,172.4131,174.7798,544101.0
2025-01-14,176.1662,178.7111,175.2948,177.404,326116.0
2025-01-15,179.4439,180.0678,177.4238,178.3051,247174.0
2025-01-16,180.2262,181.1472,178.4537,179.0973,1114472.0
2025-01-17,182.7019,182.7019,178.315,178.9686,1828625.0
2025-01-21,180.4342,183.2861,179.0775,182.8999,1851865.0
2025-01-22,184.3754,187.158,183.197,186.8609,1028493.0
2025-01-23,187.2372,189.3168,185.9697,188.5741,757785.0
2025-01-24,188.3463,188.8513,185.6627,186.148,792229.0
2025-01-27,184.3061,186.148,182.1275,183.1475,643532.0
2025-01-28,182.1374,182.692,179.9193,181.1076,357435.0
2025-01-29,181.5829,182.6127,180.3253,180.7412,342713.0
2025-01-30,181.672,185.1181,181.1571,184.1872,660047.0
2025-01-31,184.2566,185.0785,182.7613,182.7613,599083.0
2025-02-03,178.8498,183.1673,178.315,182.3355,935914.0
2025-02-04,174.2847,181.8899,173.9183,178.7409,1687755.0
2025-02-05,180.5233,180.6718,176.9485,178.4735,843634.0
2025-02-06,179.0478,181.1769,178.4735,181.1175,635835.0
2025-02-07,183.1376,184.5834,181.1175,182.7118,882910.0
2025-02-10,183.801,184.7121,181.1769,184.1575,669995.0
2025-02-11,183.4446,184.316,181.1373,183.5139,652040.0
2025-02-12,181.1472,184.3358,180.2064,183.6921,811643.0
2025-02-13,183.7713,184.4051,181.9493,182.6325,420452.0
2025-02-14,182.3157,183.197,180.9095,181.7512,506590.0
2025-02-18,182.6623,183.5535,181.1868,182.5632,640310.0
2025-02-19,182.0087,187.059,181.3749,187.0194,547937.0
2025-02-20,187.0194,187.4452,185.6825,186.9402,484733.0
2025-02-21,186.5639,187.3462,182.6524,184.3754,624939.0
2025-02-24,184.2962,185.9895,182.7118,183.9694,611980.0
2025-02-25,183.5733,186.0588,182.9692,185.128,824976.0
2025-02-26,186.0192,188.3166,185.3954,186.346,667623.0
2025-02-27,186.8609,188.3958,185.1181,185.5043,387094.0
2025-02-28,186.1975,188.178,184.0981,187.4551,590895.0
2025-03-03,188.3166,189.9604,183.7911,184.7319,498789.0
2025-03-04,182.3157,183.1277,179.9787,181.5433,778327.0
2025-03-05,182.0186,183.9397,181.2363,183.2366,618874.0
2025-03-06,181.9691,183.0386,179.4142,182.3454,715379.0
2025-03-07,181.2066,182.7019,179.2063,182.1968,761011.0
2025-03-10,179.3944,181.6027,176.8396,177.6219,749609.0
2025-03-11,177.9387,178.1368,174.9581,177.1168,531737.0
2025-03-12,179.1469,179.8796,174.8987,175.4829,406792.0
2025-03-13,174.8854,175.2426,170.7387,171.2248,970013.0
2025-03-14,174.0124,175.0342,171.8002,174.7366,648899.0
2025-03-17,173.9628,178.4567,173.9628,177.2068,271667.0
2025-03-18,176.3735,177.1869,174.2208,174.6771,384910.0
2025-03-19,174.9549,176.562,173.9529,175.6592,430248.0
2025-03-20,174.2803,175.9866,173.6057,174.5283,294883.0
2025-03-21,173.0502,174.2505,171.2943,173.1295,504308.0
2025-03-24,175.1632,177.7722,175.0739,177.3953,861665.0
2025-03-25,178.0599,178.6055,176.5223,178.2683,597968.0
2025-03-26,177.425,178.9032,174.568,175.4906,435284.0
2025-03-27,175.3914,176.0858,173.2783,174.1612,838619.0
2025-03-28,173.4966,174.3696,168.6654,169.0324,540597.0
2025-03-31,167.6535,170.9669,165.6198,170.7685,558606.0
2025-04-01,170.3717,171.701,168.8142,170.5205,378678.0
2025-04-02,167.5245,171.6415,167.4154,171.3439,1521145.0
2025-04-03,165.5802,166.1853,159.7371,160.2033,916289.0
2025-04-04,155.4614,155.7392,149.9358,151.4437,1557278.0
2025-04-07,148.2593,155.3821,143.8646,152.1084,1281842.0
2025-04-08,156.007,156.3344,147.5351,150.2037,1176411.0
2025-04-09,148.4676,161.0763,147.1184,159.7172,1479553.0
2025-04-10,156.5328,158.1994,152.2472,156.1658,798413.0
2025-04-11,155.1837,158.1399,152.3068,157.6836,1046602.0
2025-04-14,159.6776,161.4335,158.3185,160.0744,526372.0
2025-04-15,160.2331,161.4731,158.5764,158.9335,298950.0
2025-04-16,157.0487,159.7073,156.1658,157.257,444381.0
2025-04-17,158.3284,159.251,156.1558,156.5527,989795.0
2025-04-21,154.7571,155.0845,152.5052,154.0131,412740.0
2025-04-22,154.3107,158.5665,154.3107,158.378,847770.0
2025-04-23,162.7529,163.9334,160.2133,160.8978,847049.0
2025-04-24,160.9077,166.3639,160.8978,165.9075,609833.0
2025-04-25,165.5603,166.6615,164.3897,165.3619,261801.0
2025-04-28,165.6595,167.1079,163.7548,164.9651,466532.0
2025-04-29,164.856,167.5444,164.4195,166.4631,341050.0
2025-04-30,165.4016,168.4273,163.5366,168.2289,610743.0
2025-05-01,166.5821,168.3082,161.8997,165.9274,906209.0
2025-05-02,168.4868,169.3796,167.9114,168.715,478496.0
2025-05-05,167.7725,169.7368,167.6436,168.9134,612860.0
2025-05-06,167.6039,168.7646,166.4135,166.5127,300221.0
2025-05-07,167.842,169.092,167.1376,168.3578,310045.0
2025-05-08,169.3003,172.3359,169.1019,170.203,435890.0
2025-05-09,170.828,171.8399,169.578,170.3816,291823.0
2025-05-12,176.1651,179.0718,175.1037,177.9508,1000708.0
2025-05-13,178.546,180.8773,178.546,179.0619,797845.0
2025-05-14,178.7345,178.9627,177.2861,177.931,564857.0
2025-05-15,177.7921,179.3099,177.3655,178.7742,428260.0
2025-05-16,179.419,181.4229,178.7047,181.294,474225.0
2025-05-19,179.4885,180.9864,179.4885,180.4309,347517.0
2025-05-20,179.0222,179.9448,178.8734,179.3595,385134.0
2025-05-21,178.0004,178.5659,175.8378,176.2643,662668.0
2025-05-22,175.5898,178.3377,174.4489,177.1175,343380.0
2025-05-23,174.7267,177.0877,173.9827,176.2247,267438.0
2025-05-27,178.2782,179.5281,176.5818,179.3694,411869.0
2025-05-28,179.8753,180.2126,177.1076,177.5441,510247.0
2025-05-29,178.3179,179.1214,177.177,178.6055,810558.0
2025-05-30,178.6055,179.0024,176.4528,177.3159,494137.0
2025-06-02,176.4231,176.4231,173.4867,174.9152,550960.0
2025-06-03,174.816,176.4727,174.2108,176.2941,770046.0
2025-06-04,177.177,177.177,175.431,175.7981,494851.0
2025-06-05,176.681,177.1671,174.5779,175.5203,517897.0
2025-06-06,177.177,177.921,176.4727,176.929,231768.0
2025-06-09,177.3258,178.1194,176.6413,177.2167,387404.0
2025-06-10,177.3853,178.6055,176.6512,178.4369,547341.0
2025-06-11,178.2484,180.2821,177.2663,179.4587,606294.0
2025-06-12,177.4827,178.9634,177.0057,178.5361,466197.0
2025-06-13,176.5884,177.9001,175.2667,175.853,704366.0
2025-06-16,177.592,178.0591,176.4095,177.5125,692620.0
2025-06-17,176.7176,177.0256,173.9748,174.4518,426935.0
2025-06-18,174.4121,177.7809,174.263,176.648,610863.0
2025-06-20,178.4665,178.6951,175.1276,175.5847,688879.0
2025-06-23,175.0779,176.3697,173.3786,176.171,471187.0
2025-06-24,176.171,178.2777,175.5549,178.1187,434296.0
2025-06-25,177.9299,177.9995,175.7834,176.8865,505766.0
2025-06-26,177.5722,179.6988,177.1449,178.6951,432536.0
2025-06-27,179.3112,180.3447,178.546,179.4007,620567.0
2025-06-30,179.3808,180.3248,178.4467,179.828,534689.0
2025-07-01,179.0529,182.8191,178.387,181.9148,484254.0
2025-07-02,181.259,181.9844,180.4739,180.8515,417844.0
2025-07-03,181.8552,183.2166,180.9608,183.0378,298797.0
2025-07-07,182.68,182.8887,180.0466,181.2292,934526.0
2025-07-08,181.0304,182.054,179.6988,180.1957,803126.0
2025-07-09,181.6863,181.9347,178.9634,181.1397,593540.0
2025-07-10,181.0702,182.531,180.0665,180.305,536202.0
2025-07-11,179.1622,180.3447,178.6554,179.8379,428053.0
2025-07-14,178.1883,178.864,176.4691,177.2442,706699.0
2025-07-15,178.228,178.228,175.2269,175.3362,786831.0
2025-07-16,175.7139,176.1809,173.3388,175.9424,934609.0
2025-07-17,176.1114,178.715,175.5847,178.5759,481085.0
2025-07-18,179.182,179.182,176.9859,177.3933,466874.0
2025-07-21,177.6616,178.6653,176.807,176.9759,1024084.0
2025-07-22,176.5586,178.1982,176.1511,178.079,461734.0
2025-07-23,180.0466,180.5335,179.2019,180.146,321061.0
2025-07-24,180.2155,180.5534,178.4864,178.5957,643648.0
2025-07-25,178.8342,179.6491,177.9001,178.9634,796956.0
2025-07-28,179.51,179.7584,177.4827,177.7212,629741.0
2025-07-29,178.228,178.874,176.9859,177.8405,664028.0
2025-07-30,178.387,178.9535,174.5114,175.6542,1247208.0
2025-07-31,179.8478,188.0164,179.7683,183.6936,1599609.0
2025-08-01,181.8751,182.9781,178.7746,181.2192,846456.0
2025-08-04,182.3024,183.8824,181.8751,183.3359,1188053.0
2025-08-05,186.6351,188.8114,183.1073,183.793,882704.0
2025-08-06,183.5644,185.1445,182.9185,184.3098,527286.0
2025-08-07,186.4662,186.9332,180.6925,181.1,471050.0
2025-08-08,182.4216,182.5508,180.3745,180.941,389227.0
2025-08-11,181.2093,181.9546,180.4838,181.3782,352815.0
2025-08-12,181.8552,183.8626,180.9608,183.7831,616822.0
2025-08-13,184.1706,185.9196,182.6204,185.7407,521899.0
2025-08-14,184.7868,185.6116,182.8092,183.6241,432018.0
2025-08-15,184.4489,184.4489,180.0367,180.2255,724789.0
2025-08-18,180.6925,181.9248,179.9969,181.4776,648008.0
2025-08-19,182.203,184.2203,181.8254,184.0414,490637.0
2025-08-20,183.6439,184.3992,181.9248,182.1931,375633.0
2025-08-21,181.418,183.1073,180.5832,182.2925,534425.0
2025-08-22,183.1868,186.8239,182.7098,185.7805,439019.0
2025-08-25,186.1283,186.6351,183.6439,184.4091,340055.0
2025-08-26,183.952,185.6513,183.316,185.6116,383987.0
2025-08-27,185.2041,186.4264,184.5383,185.383,517215.0
2025-08-28,186.7146,186.7146,185.0849,185.5619,271498.0
2025-08-29,185.2538,186.3668,183.326,183.6439,271527.0
2025-09-02,182.7993,183.6638,181.3583,183.6539,356261.0
2025-09-03,182.8092,183.5843,181.1198,183.1968,331374.0
2025-09-04,183.1769,186.7047,182.4614,186.6947,390476.0
2025-09-05,187.7879,188.1158,184.5681,186.2774,383226.0
2025-09-08,186.4562,187.5792,184.8364,187.4897,481570.0
2025-09-09,186.973,187.4897,184.6476,186.3072,337271.0
2025-09-10,185.4228,187.9767,185.0253,186.2376,358731.0
2025-09-11,186.6451,191.1268,186.4165,190.8287,463404.0
2025-09-12,189.8169,190.7027,188.5726,188.7419,315876.0
2025-09-15,189.0405,189.6974,186.771,188.6821,455457.0
2025-09-16,188.5527,189.0703,185.5169,186.4027,448077.0
2025-09-17,187.2986,188.065,184.7007,185.3875,654714.0
2025-09-18,186.4426,188.8613,185.6761,187.8261,481819.0
2025-09-19,188.5129,188.5726,186.4326,187.0,472068.0
2025-09-22,186.781,188.2342,186.0245,187.5773,258404.0
2025-09-23,187.7963,189.1201,185.2879,185.8155,563236.0
2025-09-24,186.1439,186.7412,184.7803,185.3078,445750.0
2025-09-25,184.3125,185.0092,182.8294,183.5361,463628.0
2025-09-26,184.1034,185.8851,183.3071,185.5169,281041.0
2025-09-29,186.8606,188.3039,185.2282,186.0046,545264.0
2025-09-30,185.915,188.1347,185.7458,187.1294,1115515.0
2025-10-01,186.0145,188.1944,185.8752,186.572,354133.0
2025-10-02,186.6715,187.9157,184.6011,185.268,469619.0
2025-10-03,185.497,185.9548,182.7,182.899,1040883.0
2025-10-06,186.134,186.2236,181.5752,182.1426,698555.0
2025-10-07,183.128,183.128,180.4106,180.5798,588722.0
2025-10-08,181.7544,182.481,179.6641,182.3416,688557.0
2025-10-09,183.0483,184.0039,180.9382,182.4611,445008.0
2025-10-10,183.1877,184.8699,178.4,178.4497,399963.0
2025-10-13,179.3058,182.2122,178.9474,181.396,406435.0
2025-10-14,179.8532,185.8652,179.3257,184.9196,716022.0
2025-10-15,186.6416,187.2986,182.7199,184.9196,546592.0
2025-10-16,185.5766,185.9548,182.7995,183.6356,315319.0
2025-10-17,183.2972,185.2282,182.2222,184.6111,555893.0
2025-10-20,186.1041,187.1294,185.1386,186.5222,294292.0
2025-10-21,186.134,188.4632,185.7956,187.428,270820.0
2025-10-22,187.9655,188.3835,184.0338,184.0835,271593.0
2025-10-23,184.7405,188.8912,184.4518,188.3238,541194.0
2025-10-24,189.0703,189.0703,185.5069,186.2733,570161.0
2025-10-27,186.5122,187.5872,184.9495,185.8851,449691.0
2025-10-28,185.8652,186.134,183.2076,184.2428,867175.0
2025-10-29,184.203,186.2733,182.0231,183.337,1029764.0
2025-10-30,195.2615,199.4918,191.3796,197.4016,1993974.0
2025-10-31,197.8495,203.2046,196.8541,201.174,1323573.0
2025-11-03,200.7261,201.4925,196.1474,197.7898,620337.0
2025-11-04,196.0777,197.5509,195.4905,197.1428,366887.0
2025-11-05,197.103,198.8847,196.0976,197.1428,415253.0
2025-11-06,196.7546,197.8097,194.9032,196.3365,457478.0
2025-11-07,195.7692,196.0976,193.0717,195.381,576694.0
2025-11-10,195.7891,197.6803,194.0969,197.093,701102.0
2025-11-11,196.7446,197.2324,193.5495,196.7247,513837.0
2025-11-12,197.4812,199.7805,195.7194,195.8787,654742.0
2025-11-13,195.5104,196.3664,192.574,193.2509,667700.0
2025-11-14,192.1062,193.8581,191.2601,192.4645,875269.0
2025-11-17,192.9921,194.7439,189.7969,190.3046,738646.0
2025-11-18,190.1254,190.5932,187.9456,189.0206,713290.0
2025-11-19,188.7419,191.5488,187.5972,190.6828,487165.0
2025-11-20,192.9921,194.0074,188.1845,189.14,767031.0
2025-11-21,189.5282,195.0923,189.3689,194.1168,707786.0
2025-11-24,193.8381,195.0824,193.1115,194.3159,644263.0
2025-11-25,195.6497,197.1925,193.5993,196.3067,569151.0
2025-11-26,196.0379,196.9835,195.3412,195.371,805781.0
2025-11-28,195.5104,197.6106,195.1918,196.9736,325823.0
2025-12-01,195.5502,197.3518,194.6643,194.7041,452323.0
2025-12-02,195.2715,197.3518,194.3856,196.3763,358679.0
2025-12-03,195.9483,198.4368,194.7738,198.2974,381986.0
2025-12-04,198.2077,199.9523,197.4201,198.2974,456469.0
2025-12-05,198.427,200.7698,197.7092,199.1847,858547.0
2025-12-08,198.6762,200.4707,198.0282,198.6463,493841.0
2025-12-09,198.8158,198.8158,195.2169,195.3665,368597.0
2025-12-10,195.9048,201.1785,195.4761,200.042,834194.0
2025-12-11,200.0021,203.611,199.2445,203.2122,985088.0
2025-12-12,203.591,203.8004,200.0021,201.1187,688043.0
2025-12-15,201.0888,202.7636,200.68,202.5642,514887.0
2025-12-16,202.1754,203.1524,200.2115,201.1586,550604.0
2025-12-17,199.8626,201.5773,198.4469,199.2844,722548.0
2025-12-18,200.7299,202.1954,199.3741,201.338,823823.0
2025-12-19,202.5443,202.943,201.1287,202.6639,997844.0
2025-12-22,202.9829,205.7344,202.3947,205.5949,396823.0
2025-12-23,207.3594,209.4928,206.3625,207.9177,642610.0
2025-12-24,208.3862,208.6853,207.3395,207.6385,161918.0
2025-12-26,207.2797,207.8479,206.7214,207.808,181533.0
2025-12-29,207.6684,208.3364,206.7712,208.0473,472010.0
2025-12-30,207.3594,208.2566,206.2728,206.3924,224823.0
2025-12-31,206.1731,207.2298,204.4683,204.6777,212808.0
2026-01-02,205.3656,208.6355,204.4683,208.4959,361099.0
2026-01-05,207.5289,211.9851,207.489,210.6592,422268.0
2026-01-06,209.7919,213.9391,208.3065,213.5004,529479.0
2026-01-07,213.2412,213.7995,210.0112,210.5296,563629.0
2026-01-08,210.5196,212.8425,209.0841,209.3931,396232.0
2026-01-09,209.3931,211.1975,208.6355,209.9913,355623.0
2026-01-12,209.2735,211.0979,208.2566,209.114,442819.0
2026-01-13,209.6723,211.1477,208.4261,211.0779,452846.0
2026-01-14,210.7788,211.4966,208.6255,210.4698,340974.0
2026-01-15,212.7527,214.6967,210.9882,214.3578,418685.0
2026-01-16,214.278,215.1852,212.4038,214.9858,408609.0
2026-01-20,212.4636,214.7366,210.1308,212.4836,555681.0
2026-01-21,215.6937,220.6683,214.7466,219.7412,961522.0
2026-01-22,221.4559,223.1008,220.0502,221.2365,1099012.0
2026-01-23,223.2204,223.679,218.9536,220.0602,1208964.0
2026-01-26,219.9206,220.5487,217.5878,219.1231,445783.0
2026-01-27,217.4881,220.0602,216.7803,219.8807,302294.0
2026-01-28,218.814,223.679,218.4053,221.8048,559180.0
2026-01-29,223.2603,225.9819,222.7319,225.9221,518838.0
2026-01-30,225.1744,227.0885,221.8746,223.2902,459477.0
2026-02-02,222.373,228.3246,221.7848,227.0187,1123758.0
2026-02-03,224.0977,232.4519,222.692,228.215,1734687.0
2026-02-04,230.807,233.8376,224.985,227.1283,1387220.0
2026-02-05,225.8922,230.0493,225.5034,229.0823,801294.0
2026-02-06,231.4051,232.8407,229.2916,231.1958,472958.0
2026-02-09,230.458,233.7379,230.139,232.6911,286834.0
2026-02-10,233.389,235.004,232.0332,232.3921,386614.0
2026-02-11,232.2824,236.4495,232.2824,234.5654,531999.0
2026-02-12,237.4564,239.201,227.8661,227.9857,875469.0
2026-02-13,226.9788,230.2487,225.2641,229.0524,517148.0
2026-02-17,228.0056,233.4687,227.886,232.6114,429984.0
2026-02-18,232.6911,234.7847,231.9933,233.5884,371287.0
2026-02-19,232.5117,234.8844,231.2556,232.0332,573929.0
2026-02-20,231.1758,233.5585,229.6107,232.7908,431870.0
2026-02-23,232.3821,233.0102,228.1053,230.7372,372089.0
2026-02-24,231.2157,236.1505,231.1958,236.1106,410236.0
2026-02-25,235.4526,236.6788,231.4151,232.3023,445375.0
2026-02-26,234.0071,236.3,231.3553,236.2302,483530.0
2026-02-27,234.5953,238.5032,233.1597,238.4833,589761.0
2026-03-02,235.6121,241.3045,234.2364,240.7164,573211.0
2026-03-03,236.2103,237.606,231.136,234.5255,685013.0
2026-03-04,235.7118,236.3598,232.3622,234.027,989398.0
2026-03-05,230.6873,232.1229,223.9681,226.1414,2041304.0
2026-03-06,222.6422,224.317,220.0004,221.2963,632810.0
2026-03-09,219.2327,224.985,216.8501,224.3768,528389.0
2026-03-10,224.3469,228.3047,223.8385,225.603,320233.0
2026-03-11,224.3768,226.1513,221.9244,223.6092,621389.0
2026-03-12,223.041,223.6092,214.5671,214.9061,688159.0
2026-03-13,216.6252,217.4939,212.8409,213.8294,517993.0
2026-03-16,216.2857,216.6951,213.1704,214.1889,1017299.0
2026-03-17,215.3172,216.3656,211.0935,215.2373,563636.0
2026-03-18,214.6682,215.2373,211.6826,212.4515,527397.0
2026-03-19,210.3047,212.5913,209.0066,211.1834,843068.0
2026-03-20,211.9323,213.4899,207.9482,209.0566,851180.0
2026-03-23,214.3786,216.6452,212.2418,212.4914,527677.0
2026-03-24,209.8654,217.3541,209.2762,216.6552,261649.0
2026-03-25,219.0316,220.3796,214.778,215.0076,710636.0
2026-03-26,212.3416,215.447,210.5044,211.1534,531043.0
2026-03-27,211.6826,211.9422,208.4375,208.9268,250845.0
2026-03-30,211.2732,211.5928,207.0096,208.0581,308894.0
2026-03-31,211.2633,215.5768,209.2762,214.0391,393664.0
2026-04-01,216.5653,220.749,215.6766,218.3027,548353.0
2026-04-02,212.9907,219.1614,212.1519,217.9632,315408.0
2026-04-06,218.0531,218.1629,215.8564,218.093,237880.0
2026-04-07,216.9148,218.9318,214.9477,217.424,550108.0
2026-04-08,224.763,231.5528,223.8744,230.145,775058.0
2026-04-09,228.767,233.9792,228.3277,233.1405,537194.0
2026-04-10,233.3102,235.8264,231.9023,234.5583,428223.0
2026-04-13,234.1589,234.6482,231.0835,234.119,351604.0
2026-04-14,233.9792,235.6467,231.5129,234.0092,318672.0
2026-04-15,232.9008,234.0491,227.6787,229.7555,385949.0
2026-04-16,229.0166,231.8524,227.6088,229.8953,238901.0
2026-04-17,232.3616,238.0431,230.8539,235.9063,502799.0
2026-04-20,235.5568,237.2543,235.0476,236.4655,217844.0
2026-04-21,235.9762,237.2144,232.6212,233.1904,256612.0
2026-04-22,235.3172,235.6068,229.7555,230.115,361192.0
2026-04-23,231.6327,235.9862,231.5928,234.6482,385043.0
2026-04-24,233.9193,233.9892,231.5528,232.6013,423091.0
2026-04-27,232.8908,234.149,230.5543,232.6212,352569.0
2026-04-28,232.4715,234.8978,223.6747,228.6073,777350.0
2026-04-29,229.3362,230.7041,226.0511,227.5289,936310.0
2026-04-30,241.6377,241.6377,231.6527,235.1475,1985715.0
2026-05-01,235.447,235.447,228.7171,230.135,1137322.0
2026-05-04,229.5059,231.8724,228.3177,230.085,383993.0
2026-05-05,232.7311,236.6452,231.6128,234.1889,624418.0
2026-05-06,238.6422,242.816,236.0162,241.0187,856442.0
2026-05-07,239.5109,240.0301,233.5099,234.3786,452329.0
2026-05-08,235.9962,238.133,231.3631,232.0521,337573.0
2026-05-11,232.6212,233.6597,230.774,231.8125,288044.0
2026-05-12,231.6826,232.8409,229.1165,230.8539,587786.0
2026-05-13,232.3317,233.8893,229.6157,231.0736,547090.0
2026-05-14,232.8809,232.8809,230.085,231.7925,462448.0
2026-05-15,229.1564,230.095,226.5503,227.5588,404290.0
2026-05-18,226.9398,227.5988,224.8129,225.3222,416969.0
2026-05-19,221.6776,223.1954,219.6707,220.9487,357478.0
2026-05-20,222.087,224.4834,220.1799,224.3736,373828.0
2026-05-21,223.0656,224.3736,220.6791,222.8359,354029.0
2026-05-22,224.1839,225.2423,221.3382,224.1839,344333.0
2026-05-26,225.6118,230.0251,223.9143,229.0965,456787.0
2026-05-27,228.4675,228.6472,225.9013,226.0411,418819.0
2026-05-28,224.104,225.8214,221.0885,225.1125,518247.0
2026-05-29,224.6732,226.9597,222.796,225.5119,442193.0
2026-06-01,222.2568,224.3836,219.7605,223.0256,581396.0
2026-06-02,224.8529,228.0481,224.1939,227.3891,280098.0
2026-06-03,227.7685,230.0751,225.8314,227.8883,327010.0
2026-06-04,228.3676,230.0351,227.6587,228.4175,375202.0
2026-06-05,227.6587,228.5374,225.2523,226.2109,350773.0
2026-06-08,227.9283,228.2278,225.1524,225.6118,487755.0
2026-06-09,227.6787,231.5828,225.1924,229.456,521152.0
2026-06-10,228.1879,228.777,220.6592,221.448,364014.0
2026-06-11,223.7745,226.8499,222.0571,225.8714,387595.0
2026-06-12,228.0,228.81,225.05,226.78,241429.0
2026-06-15,229.21,232.97,229.15,230.45,685372.0
2026-06-16,232.09,234.08,231.45,231.9,235054.0
2026-06-17,232.53,235.53,230.53,231.27,326107.0
2026-06-18,234.0,238.67,234.0,237.42,599205.0
2026-06-22,238.68,241.62,237.68,241.55,826705.0
2026-06-23,237.63,237.63,233.4,234.08,442861.0
2026-06-24,233.87,239.81,233.75,235.38,489025.0
2026-06-25,236.71,244.71,236.1,240.95,379005.0
2026-06-26,239.73,239.73,235.77,237.52,361105.0
2026-06-29,236.32,239.08,235.46,237.72,283715.0
2026-06-30,239.5,243.21,238.29,241.94,336236.0
2026-07-01,241.32,243.63,237.01,237.13,372058.0
2026-07-02,238.32,239.91,231.26,234.62,434818.0
2026-07-06,234.97,238.57,234.96,237.14,295073.0
2026-07-07,235.28,237.26,230.09,231.7,506039.0
2026-07-08,228.46,231.71,226.51,231.34,491416.0
2026-07-09,234.17,235.81,232.37,232.99,186878.0
2026-07-10,234.14,235.98,232.72,233.98,219396.0
2026-07-13,233.01,234.38,230.17,232.1,344831.0
2026-07-14,235.44,236.12,231.96,233.96,237004.0
2026-07-15,235.0,235.28,231.02,233.52,250177.0
2026-07-16,231.07,237.66,230.35,237.3,481603.0
2026-07-17,230.8,237.99,229.89,237.0,572778.0
2026-07-20,237.95,238.96,233.45,235.21,540481.0
2026-07-21,237.08,239.42,233.97,237.76,483057.0
2026-07-22,236.72,239.76,236.72,237.09,289630.0
2026-07-23,236.0,241.76,236.0,241.14,415634.0
2026-07-24,242.03,243.65,240.53,241.97,479815.0
2026-07-27,242.93,243.97,238.1,243.12,441854.0
2026-07-28,242.39,244.16,239.93,241.43,629366.0
2026-07-29,238.37,240.8,233.98,235.25,618488.0
2026-07-30,240.44,240.44,235.95,240.01,356003.0
2026-07-31,243.53,244.97,240.6,241.71,381094.0
2026-08-03,241.6,244.71,240.21,243.77,709388.0
2026-08-04,256.0,257.4,244.02,254.05,1292090.0
2026-08-05,254.42,257.95,252.8,254.76,570017.0
2026-08-06,255.74,257.38,250.0,251.38,385140.0
2026-08-07,252.96,254.81,251.48,253.66,409180.0
2026-08-10,255.26,256.89,252.34,252.88,396695.0
2026-08-11,253.05,257.87,252.69,256.3,346313.0
2026-08-12,258.95,259.99,256.58,258.52,485571.0
2026-08-13,260.31,261.16,255.71,256.22,244129.0
2026-08-14,255.4,257.72,254.27,254.79,511819.0
2026-08-17,253.74,257.08,252.87,254.17,624757.0
2026-08-18,252.54,253.53,248.93,249.99,376781.0
2026-08-19,252.37,252.87,243.1,243.22,723526.0
2026-08-20,241.33,242.68,238.17,239.08,734568.0
2026-08-21,239.97,240.74,237.4,239.55,682140.0
2026-08-24,238.64,242.5,237.79,242.33,1120826.0
2026-08-25,246.6,247.4,241.36,241.77,342480.0
2026-08-26,243.01,246.35,243.01,245.2,312007.0
2026-08-27,245.7,246.22,242.85,243.67,314712.0
2026-08-28,244.36,244.45,236.03,236.25,858957.0
2026-08-31,236.03,236.98,234.39,235.17,710537.0
2026-09-01,234.11,235.78,229.59,231.32,702358.0
2026-09-02,233.03,234.16,229.98,233.19,600350.0
2026-09-03,234.18,234.88,230.61,234.2,636914.0
2026-09-04,234.2,238.89,234.2,237.72,427120.0
2026-09-08,237.67,240.78,237.54,237.76,506041.0
2026-09-09,236.18,237.71,235.03,236.27,529982.0
2026-09-10,233.97,235.92,232.5,234.24,388060.0
2026-09-11,237.91,241.65,237.77,241.14,243035.0
