timestamp,open,high,low,close,volume
2006-09-18,31.5527,31.7403,31.3249,31.4589,1077600.0
2006-09-19,31.3986,31.6398,31.3048,31.5393,701900.0
2006-09-20,31.5929,31.7938,31.1842,31.3182,732100.0
2006-09-21,31.3249,31.6532,30.9967,31.2311,470300.0
2006-09-22,31.3316,31.3584,30.8024,30.9498,373200.0
2006-09-25,31.1239,31.2847,30.8024,31.1306,619300.0
2006-09-26,31.1239,31.4321,30.9163,31.412,806000.0
2006-09-27,31.2579,31.4589,31.0502,31.2713,798600.0
2006-09-28,31.2043,31.479,30.9766,31.2378,507100.0
2006-09-29,31.2445,31.4522,31.0569,31.4388,485300.0
2006-10-02,31.4522,31.8407,31.3852,31.7537,889400.0
2006-10-03,31.7804,32.0685,31.5594,32.0082,968500.0
2006-10-04,32.0149,32.7585,31.8943,32.6915,1534300.0
2006-10-05,32.5508,32.7987,32.5173,32.6915,632600.0
2006-10-06,32.4906,32.7585,32.4504,32.7451,525400.0
2006-10-09,32.5843,32.7585,32.3432,32.5508,556700.0
2006-10-10,32.4772,32.5843,32.2226,32.4772,532400.0
2006-10-11,32.3968,32.4303,31.9814,32.2762,1032300.0
2006-10-12,32.2963,32.7652,32.236,32.6178,828000.0
2006-10-13,32.6714,32.8188,32.4504,32.6245,739000.0
2006-10-16,32.6848,33.0734,32.6848,32.9796,1100400.0
2006-10-17,33.0935,33.2007,32.9193,33.1136,930400.0
2006-10-18,32.8791,33.3413,32.6915,33.2208,1065400.0
2006-10-19,33.2275,33.3882,32.9662,33.0265,861500.0
2006-10-20,33.1605,33.482,33.127,33.482,948700.0
2006-10-23,33.2275,33.4351,33.0265,33.1672,642500.0
2006-10-24,33.1605,33.2542,32.6714,33.2341,795700.0
2006-10-25,33.4887,34.2256,33.4485,34.0983,2584900.0
2006-10-26,34.1988,34.3596,34.0916,34.1519,1430600.0
2006-10-27,34.0313,34.2658,34.0179,34.1519,943100.0
2006-10-30,34.3663,35.1032,34.1653,34.8017,1861300.0
2006-10-31,34.8352,35.264,34.4534,34.5003,1219500.0
2006-11-01,34.6678,34.6678,33.7768,33.8304,1315500.0
2006-11-02,33.7637,33.8174,33.5153,33.6294,1488300.0
2006-11-03,33.6898,33.9047,33.6563,33.7234,1206400.0
2006-11-06,33.9718,35.0661,33.9718,34.9856,2089600.0
2006-11-07,34.8849,35.2944,34.8245,35.1736,1657200.0
2006-11-08,35.1266,35.3817,35.0057,35.093,1411500.0
2006-11-09,34.9319,34.9722,34.2941,34.3746,1283400.0
2006-11-10,34.4753,34.4753,34.1934,34.3679,916300.0
2006-11-13,34.4283,34.8043,34.3411,34.7103,1009000.0
2006-11-14,34.8446,35.7241,34.6835,35.516,1174800.0
2006-11-15,35.6704,35.8114,35.4018,35.5495,1142400.0
2006-11-16,35.7107,36.3753,35.5831,35.9994,1576600.0
2006-11-17,35.7845,36.3149,35.7442,35.8987,1304300.0
2006-11-20,36.4492,36.4492,35.7577,36.3821,1452200.0
2006-11-21,36.4022,36.6305,36.0732,36.2075,990200.0
2006-11-22,36.2545,36.4223,36.0598,36.2142,543300.0
2006-11-24,36.2209,36.3418,35.7912,35.8315,336600.0
2006-11-27,35.6637,35.7174,34.9117,34.9856,1066200.0
2006-11-28,34.8647,35.5898,34.7573,35.3616,811500.0
2006-11-29,35.4824,35.8047,35.3011,35.5831,532700.0
2006-11-30,35.7442,36.4022,35.5428,36.2813,1322700.0
2006-12-01,36.3888,36.4089,35.7174,36.0061,742400.0
2006-12-04,36.2881,36.758,36.1135,36.6372,944200.0
2006-12-05,36.6237,37.3153,36.6237,36.9192,1366200.0
2006-12-06,36.9259,36.993,36.6036,36.6842,780300.0
2006-12-07,36.7916,36.9863,36.6909,36.805,639500.0
2006-12-08,36.8722,37.2817,36.7916,37.1407,763500.0
2006-12-11,37.3958,37.4563,36.7916,36.8856,759300.0
2006-12-12,36.8856,36.9259,36.4626,36.8923,671800.0
2006-12-13,37.0601,37.1273,36.6439,36.7916,565700.0
2006-12-14,36.7245,36.9259,36.5566,36.7916,1118000.0
2006-12-15,36.8856,37.087,36.758,36.805,1592800.0
2006-12-18,36.7916,37.134,36.7916,36.9393,845100.0
2006-12-19,36.7245,37.0937,36.5902,36.9326,896400.0
2006-12-20,36.9326,37.1541,36.6842,36.9124,474600.0
2006-12-21,36.9259,37.0669,36.6573,36.7647,830500.0
2006-12-22,36.7043,36.8453,36.4559,36.7446,454400.0
2006-12-26,36.7177,36.8789,36.6506,36.8117,589000.0
2006-12-27,36.8117,37.1071,36.664,36.8184,511800.0
2006-12-28,36.9594,36.9594,36.5902,36.7513,688000.0
2006-12-29,36.6573,36.852,36.4626,36.5163,671300.0
2007-01-03,36.711,37.3086,36.711,37.0803,1699100.0
2007-01-04,37.1541,37.4294,36.9729,37.2951,1221700.0
2007-01-05,37.228,37.369,36.9393,37.2616,914700.0
2007-01-08,37.2683,37.7987,37.1071,37.7181,1198900.0
2007-01-09,37.8389,38.0739,37.6577,37.9598,1143000.0
2007-01-10,37.9598,38.1813,37.6845,38.1209,859600.0
2007-01-11,38.0806,38.893,37.9329,38.8326,1035700.0
2007-01-12,38.6446,39.0609,38.6312,38.9669,1187600.0
2007-01-16,39.0743,39.2757,38.6043,38.9736,1130600.0
2007-01-17,38.9803,39.1347,38.799,38.9736,1017900.0
2007-01-18,39.1011,39.2086,38.6312,38.705,978000.0
2007-01-19,38.9199,38.9199,38.423,38.6849,1092600.0
2007-01-22,38.5842,38.8527,38.1344,38.2283,1243300.0
2007-01-23,38.2216,38.7722,37.8658,38.6782,1136000.0
2007-01-24,38.6715,39.5711,38.2955,39.5174,1095800.0
2007-01-25,39.5241,39.5241,38.5506,38.5976,972100.0
2007-01-26,39.2421,39.8464,38.2351,39.3093,2593700.0
2007-01-29,39.3898,39.41,38.6043,38.6245,1206800.0
2007-01-30,38.5372,39.4503,38.4835,39.4368,944400.0
2007-01-31,39.1203,39.7728,38.9387,39.6248,891000.0
2007-02-01,39.6584,39.8804,39.3692,39.6921,945600.0
2007-02-02,39.8602,40.2571,39.8132,40.1898,1112800.0
2007-02-05,40.1966,40.4252,40.0284,40.3445,1061300.0
2007-02-06,40.5194,41.2324,40.4522,41.192,1347700.0
2007-02-07,41.34,41.5687,40.997,41.2593,885200.0
2007-02-09,41.1113,41.5216,40.0015,40.4454,1231800.0
2007-02-12,40.432,40.6405,40.1831,40.5329,820800.0
2007-02-13,40.5934,41.3871,40.5463,41.1046,1275800.0
2007-02-14,41.1517,42.423,41.1382,42.1337,1344800.0
2007-02-15,41.9454,42.1405,41.6965,41.8849,888700.0
2007-02-16,41.6696,42.0867,41.6024,41.979,834400.0
2007-02-20,41.9454,42.3557,41.3333,42.3355,907900.0
2007-02-21,42.2077,42.4297,41.8916,42.1943,1127900.0
2007-02-22,42.201,42.3961,42.1068,42.3288,752400.0
2007-02-23,42.3423,42.3423,41.7369,42.1405,668700.0
2007-02-26,42.2077,42.2346,41.0912,41.3131,1038700.0
2007-02-27,41.2593,41.2593,38.1652,39.1002,3090600.0
2007-02-28,39.0934,39.7123,39.006,39.3019,1641500.0
2007-03-01,39.0127,39.4701,38.1719,39.0867,1411900.0
2007-03-02,39.08,39.2549,38.4679,38.4679,1159000.0
2007-03-05,38.2526,38.3603,37.6002,37.6607,1440200.0
2007-03-06,38.0509,39.006,37.7482,38.9118,1223300.0
2007-03-07,38.7437,39.2481,38.636,38.636,1034400.0
2007-03-08,39.0127,39.5643,38.9387,39.1674,683100.0
2007-03-09,39.4836,39.6786,38.8849,39.275,788600.0
2007-03-12,39.275,39.4365,38.9925,39.1943,832000.0
2007-03-13,38.9993,38.9993,36.645,36.6921,2497000.0
2007-03-14,36.6787,37.1226,35.6563,37.0688,3423300.0
2007-03-15,37.5733,37.8961,37.1226,37.3446,1156500.0
2007-03-16,37.5262,38.145,36.9746,37.1159,2026200.0
2007-03-19,37.6675,38.7504,37.6675,38.7302,2020200.0
2007-03-20,38.6024,38.8916,38.4679,38.7975,855600.0
2007-03-21,38.784,39.9544,38.5822,39.8602,869400.0
2007-03-22,39.8333,39.9611,39.228,39.3087,472800.0
2007-03-23,39.3759,39.4701,39.0329,39.3423,581500.0
2007-03-26,39.1809,39.2212,38.3199,38.6966,1006000.0
2007-03-27,38.4073,38.7907,38.367,38.6899,912200.0
2007-03-28,38.2325,38.8109,37.6944,38.0576,1298500.0
2007-03-29,38.6024,38.7437,38.0105,38.5419,660500.0
2007-03-30,38.6226,38.9455,37.8894,38.4073,673000.0
2007-04-02,38.5015,39.1876,38.3132,39.0665,1162700.0
2007-04-03,39.1876,39.5239,38.9387,39.0127,1285700.0
2007-04-04,39.1472,39.941,38.8782,39.9342,1120400.0
2007-04-05,39.8804,40.358,39.6315,40.0149,923500.0
2007-04-09,39.4768,40.358,39.4634,40.3042,967000.0
2007-04-10,40.2705,40.3916,40.0486,40.2571,1134800.0
2007-04-11,40.1562,40.4589,39.9006,40.0755,952500.0
2007-04-12,40.1562,40.1898,39.6921,39.8871,601300.0
2007-04-13,39.8737,40.284,39.719,40.2033,592400.0
2007-04-16,39.7593,40.6876,39.3356,40.6539,1202900.0
2007-04-17,40.7279,40.8692,39.9611,40.0755,1438300.0
2007-04-18,40.1158,41.1786,40.1158,40.6741,1462900.0
2007-04-19,40.0957,41.6898,40.0889,40.2436,1007700.0
2007-04-20,40.1966,41.1988,40.1293,40.9095,1082500.0
2007-04-23,40.8557,41.0642,40.4925,40.7683,643400.0
2007-04-24,40.7145,40.9297,40.1696,40.2436,1140600.0
2007-04-25,41.1988,41.488,40.701,41.0979,1416800.0
2007-04-26,41.1517,41.3669,40.7414,41.219,909800.0
2007-04-27,40.9634,41.0239,40.627,40.7414,888200.0
2007-04-30,40.7145,40.7145,40.0217,40.0418,1101200.0
2007-05-01,40.3385,40.4262,39.5765,40.062,1024000.0
2007-05-02,40.089,40.8442,40.089,40.6689,691200.0
2007-05-03,40.6622,41.0668,40.5543,40.8105,655500.0
2007-05-04,40.9993,41.4377,40.8645,41.3433,643900.0
2007-05-07,41.5793,41.6602,41.1882,41.2758,449600.0
2007-05-08,41.2758,41.2758,40.7094,40.9993,587700.0
2007-05-09,42.2603,42.2603,40.5475,41.087,524800.0
2007-05-10,40.9791,41.2219,40.298,40.3048,746500.0
2007-05-11,40.4599,41.1544,40.4599,41.141,597700.0
2007-05-14,41.1342,41.4377,40.4599,40.6554,524200.0
2007-05-15,40.7229,41.6332,40.6892,41.2354,1411300.0
2007-05-16,41.2826,41.5321,41.1679,41.4916,1042100.0
2007-05-17,41.1477,41.559,41.1477,41.377,644100.0
2007-05-18,41.4714,41.6804,41.323,41.3837,684500.0
2007-05-21,41.6062,42.112,41.5118,41.9232,811400.0
2007-05-22,41.9299,42.085,41.4984,41.613,611100.0
2007-05-23,41.8085,42.1929,41.4242,41.4309,682900.0
2007-05-24,41.2961,41.9029,40.9589,41.1679,1091900.0
2007-05-25,41.4039,41.6737,41.3163,41.4646,603500.0
2007-05-29,41.4444,41.8288,41.3433,41.6332,845000.0
2007-05-30,41.586,41.7209,41.2826,41.7007,804100.0
2007-05-31,41.8085,42.4829,41.6265,42.3345,2275000.0
2007-06-01,42.3817,42.7324,42.2131,42.6852,1201600.0
2007-06-04,42.7863,43.7708,42.5773,43.7034,1634800.0
2007-06-05,43.2246,43.4741,43.0898,43.2314,944000.0
2007-06-06,42.82,43.0965,42.611,43.0021,1055400.0
2007-06-07,42.9684,43.346,42.5908,42.7863,1325700.0
2007-06-08,42.6784,42.9617,42.2131,42.7526,1457800.0
2007-06-11,42.8335,43.3528,42.5503,43.0561,664000.0
2007-06-12,42.9347,43.3393,42.2806,42.3278,907400.0
2007-06-13,42.6043,43.5618,42.5166,43.5348,735800.0
2007-06-14,43.6292,43.9125,43.5888,43.7911,893400.0
2007-06-15,44.4317,44.6475,44.1889,44.5666,1376000.0
2007-06-18,44.5531,44.9644,44.1754,44.6475,744000.0
2007-06-19,44.7756,45.2813,44.7082,45.2072,1205100.0
2007-06-20,45.4499,45.4836,44.0608,44.0945,839700.0
2007-06-21,44.0878,44.9846,43.319,44.9172,1162000.0
2007-06-22,44.5733,44.7284,43.3662,43.5011,1092300.0
2007-06-25,43.5483,44.2294,42.9482,43.11,992000.0
2007-06-26,43.2921,43.4337,42.7661,42.7998,1369600.0
2007-06-27,42.348,43.3056,41.9636,43.2921,1297100.0
2007-06-28,43.1033,44.0608,42.8403,43.4876,1127600.0
2007-06-29,43.663,44.135,42.3817,42.7796,954000.0
2007-07-02,43.4269,44.6138,43.1909,43.9125,1038000.0
2007-07-03,44.3305,44.8768,44.162,44.4249,593500.0
2007-07-05,44.3912,44.6138,43.7236,44.0271,586800.0
2007-07-06,44.0608,44.3036,43.7371,44.2564,517700.0
2007-07-09,44.3508,44.5531,44.0271,44.0473,717500.0
2007-07-10,43.8922,43.8922,42.3548,42.5975,1186400.0
2007-07-11,42.6919,43.4607,42.4694,43.2449,840000.0
2007-07-12,43.663,44.4384,43.2921,44.4047,742700.0
2007-07-13,44.3373,44.6745,44.0001,44.5598,646700.0
2007-07-16,44.2092,44.607,43.8046,44.2294,829400.0
2007-07-17,44.5059,45.1263,44.1822,44.7958,1033600.0
2007-07-18,44.3036,44.7419,43.3528,44.162,1212700.0
2007-07-19,44.4452,44.843,44.2294,44.7149,795600.0
2007-07-20,44.7351,44.7351,42.4424,42.5773,2477800.0
2007-07-23,42.7796,44.135,42.7796,43.0763,1322900.0
2007-07-24,42.7594,43.0628,41.3163,41.6872,1503000.0
2007-07-25,42.2603,42.4626,40.3318,41.4579,2383700.0
2007-07-26,42.1457,42.1457,40.0148,40.7498,2664800.0
2007-07-27,40.7161,40.7903,38.8347,38.9089,2932300.0
2007-07-30,38.9561,41.2354,38.6055,40.9319,2223900.0
2007-07-31,41.3905,42.112,40.4869,40.4869,2945600.0
2007-08-01,40.4481,40.8402,38.4875,39.7788,2501100.0
2007-08-02,39.887,41.4013,39.3056,39.434,1805700.0
2007-08-03,39.6233,39.8464,36.9259,37.2369,3277600.0
2007-08-06,36.6555,38.8999,36.1957,38.8594,2608800.0
2007-08-07,38.3321,40.2453,37.6898,39.5016,2932900.0
2007-08-08,39.6098,42.6453,39.3664,41.3472,3468300.0
2007-08-09,40.874,41.4487,38.8729,38.9135,3904000.0
2007-08-10,38.8999,40.6306,36.5743,39.7518,4057300.0
2007-08-13,40.6374,41.6041,38.8391,38.8729,1811900.0
2007-08-14,39.096,39.576,37.5749,37.7236,1627600.0
2007-08-15,36.8042,38.305,36.0267,37.1895,2097100.0
2007-08-16,36.8921,38.0008,34.6881,37.7507,3579700.0
2007-08-17,42.4154,45.9714,37.5073,39.4408,2753500.0
2007-08-20,39.7044,39.7788,38.4132,39.3597,1348800.0
2007-08-21,39.0419,40.3332,38.7174,39.7518,1442200.0
2007-08-22,40.1912,41.8746,40.0763,41.5636,1650900.0
2007-08-23,41.7123,41.9151,40.5292,41.2594,1168600.0
2007-08-24,41.0971,41.9151,40.6577,41.8272,1282300.0
2007-08-27,41.7123,41.7934,41.2256,41.5298,834700.0
2007-08-28,41.1106,41.4013,39.7382,39.8329,1187900.0
2007-08-29,40.056,41.2526,39.5151,41.2526,1312400.0
2007-08-30,40.5698,41.3878,39.2515,40.6847,1019400.0
2007-08-31,41.2323,43.0171,40.4887,41.1174,1392600.0
2007-09-04,41.0768,42.172,40.732,41.7123,1347700.0
2007-09-05,41.1377,41.6853,40.0492,40.6847,1157300.0
2007-09-06,40.6712,41.327,40.0965,41.1579,1367500.0
2007-09-07,40.563,40.5901,39.6233,39.8058,1460300.0
2007-09-10,40.0695,40.252,38.8053,39.0554,1854800.0
2007-09-11,39.3394,40.2588,39.2853,39.8532,1131300.0
2007-09-12,39.718,40.3737,39.2515,40.0289,921600.0
2007-09-13,40.3873,40.732,39.9951,40.252,1028100.0
2007-09-14,39.8397,40.0222,39.5354,39.8397,1100800.0
2007-09-17,39.5557,40.1574,39.238,39.9073,910400.0
2007-09-18,40.0019,41.7934,39.9208,41.3472,1947800.0
2007-09-19,41.9557,42.0774,41.1377,41.7867,2093100.0
2007-09-20,41.6785,41.9084,41.3946,41.4825,1309700.0
2007-09-21,41.6853,41.9151,41.327,41.4757,1330400.0
2007-09-24,41.1647,42.0639,41.1512,41.665,1457300.0
2007-09-25,41.354,41.523,40.9281,41.1309,1146700.0
2007-09-26,41.2999,41.9016,41.2053,41.6177,1076300.0
2007-09-27,41.6312,42.6588,41.5636,42.5777,1509400.0
2007-09-28,42.6115,42.7129,42.1855,42.625,1070100.0
2007-10-01,42.7602,43.3078,42.5912,43.2537,1272800.0
2007-10-02,43.4768,43.6458,43.0374,43.5444,1402900.0
2007-10-03,43.1861,43.4565,43.0441,43.2875,1113700.0
2007-10-04,43.3348,43.9906,43.3348,43.9365,1111800.0
2007-10-05,44.4165,44.6396,44.261,44.5247,916000.0
2007-10-08,44.3827,44.6126,44.2407,44.3286,566000.0
2007-10-09,44.3827,45.2954,44.2745,45.2616,932200.0
2007-10-10,45.1264,45.221,44.545,44.7275,898600.0
2007-10-11,45.2278,45.2683,43.5038,43.8351,1499800.0
2007-10-12,43.9365,44.9303,43.9365,44.7478,1072800.0
2007-10-15,44.9235,44.9235,43.4633,43.9433,1284100.0
2007-10-16,43.8216,44.3421,43.3484,44.1055,1625800.0
2007-10-17,43.5512,44.6193,41.807,43.0036,1645500.0
2007-10-18,42.5844,44.0109,42.4762,43.5647,1205700.0
2007-10-19,43.1591,43.4633,40.9889,41.0025,1886600.0
2007-10-22,40.8199,42.7534,39.9613,42.6655,1690600.0
2007-10-23,42.7129,44.3759,42.5506,44.2813,1713800.0
2007-10-24,43.7337,44.3759,41.7867,44.2813,2476700.0
2007-10-25,43.3686,45.2954,41.861,42.6453,2462100.0
2007-10-26,44.0244,46.8165,42.4492,43.132,1707300.0
2007-10-29,42.936,43.1658,42.1044,42.3072,1831200.0
2007-10-30,42.4086,42.5777,41.6379,41.8881,1341300.0
2007-10-31,42.1173,42.6188,41.3989,42.3951,1143000.0
2007-11-01,41.6158,41.8123,40.2876,41.1008,1903300.0
2007-11-02,41.1279,41.2024,39.8742,41.0127,2235900.0
2007-11-05,39.9826,40.2672,38.6069,39.2236,2503600.0
2007-11-06,39.2372,40.5925,39.1287,40.5247,1697900.0
2007-11-07,40.1927,40.213,38.1936,38.2274,1914000.0
2007-11-08,38.3223,39.5625,38.0309,39.3727,2648200.0
2007-11-09,38.8238,39.7725,37.8547,38.878,1988000.0
2007-11-12,38.9051,40.6603,38.7831,39.6438,2415200.0
2007-11-13,39.8267,41.8394,39.6912,41.6565,1416400.0
2007-11-14,41.975,42.7949,41.548,42.246,1820300.0
2007-11-15,41.9208,42.3748,39.8945,40.4434,1537700.0
2007-11-16,40.6738,40.9178,39.0745,39.698,2739200.0
2007-11-19,39.3117,39.3388,37.3804,37.7395,2535700.0
2007-11-20,37.7056,39.0,37.4413,38.0648,3252000.0
2007-11-21,37.7802,38.5459,37.1025,37.8073,2201800.0
2007-11-23,37.9428,39.5082,37.9428,39.2711,646700.0
2007-11-26,39.3727,39.5286,36.6349,36.6959,1980600.0
2007-11-27,36.8518,38.0106,36.8247,37.9564,2126100.0
2007-11-28,38.3359,40.1724,38.3359,39.9284,2180000.0
2007-11-29,39.9962,39.9962,38.0784,39.0542,2562500.0
2007-11-30,39.9081,40.8839,39.4947,39.942,2811400.0
2007-12-03,40.1588,40.1588,39.0678,39.3117,1355700.0
2007-12-04,39.0203,39.2914,37.9699,38.0784,1763400.0
2007-12-05,38.8848,40.0233,38.3969,39.9081,2319300.0
2007-12-06,39.6777,41.2499,39.2304,41.1211,1320900.0
2007-12-07,40.7958,41.731,39.9691,40.152,1879600.0
2007-12-10,40.2469,41.2295,40.0775,40.9381,2339800.0
2007-12-11,40.9042,40.9042,38.1393,38.2613,2092100.0
2007-12-12,39.2711,40.2198,37.9022,38.6544,2307200.0
2007-12-13,38.4104,38.6137,37.0754,38.2613,1388200.0
2007-12-14,37.9496,37.9496,36.8043,36.8924,1804400.0
2007-12-17,36.6552,37.5972,36.5943,37.0754,1892600.0
2007-12-18,37.1771,37.6989,36.1809,36.662,2009400.0
2007-12-19,37.089,37.3058,36.0724,36.6756,2619200.0
2007-12-20,36.7501,37.5701,36.2486,37.0754,1344700.0
2007-12-21,36.9399,38.2478,36.9399,38.0377,1992500.0
2007-12-24,38.4646,39.1016,37.8005,38.9254,629900.0
2007-12-26,38.4511,38.5459,37.9699,38.2071,643300.0
2007-12-27,37.7124,38.5121,37.5904,37.6989,1069000.0
2007-12-28,37.6379,38.1055,36.9466,37.0483,856100.0
2007-12-31,36.8857,37.9225,36.4587,37.3668,942700.0
2008-01-02,37.3939,38.2545,37.1567,37.5633,1839700.0
2008-01-03,37.6582,38.1665,37.0618,37.2177,1248200.0
2008-01-04,36.4655,37.1025,36.1673,36.3571,2554300.0
2008-01-07,36.6485,36.6552,35.8963,36.2825,2437600.0
2008-01-08,36.5333,36.7704,34.9069,34.934,2493500.0
2008-01-09,34.9069,35.1237,33.5244,34.7984,3231300.0
2008-01-10,34.4731,37.3194,34.3241,36.5875,3139200.0
2008-01-11,36.1877,37.3261,35.3609,36.3096,1898500.0
2008-01-14,36.6756,38.2139,36.4384,38.0038,2470800.0
2008-01-15,37.7666,37.9496,36.1673,36.2012,1845200.0
2008-01-16,35.964,36.7976,35.3677,35.5303,2400500.0
2008-01-17,35.5981,35.6658,33.2262,33.4431,3758000.0
2008-01-18,33.6261,34.3986,32.5621,33.5041,3155100.0
2008-01-22,31.8234,34.5341,31.1729,33.0365,3540500.0
2008-01-23,31.3423,34.2834,30.9357,33.8836,7366400.0
2008-01-24,33.5786,34.6697,33.538,34.0394,4604800.0
2008-01-25,35.0695,37.0009,32.3385,33.6193,3740300.0
2008-01-28,33.5989,35.0695,32.8264,34.873,2116100.0
2008-01-29,35.0288,35.9911,34.2902,35.8217,1793000.0
2008-01-30,35.6033,37.5537,35.4266,36.1673,2736500.0
2008-01-31,35.6305,37.9682,34.6451,37.5876,2920500.0
2008-02-01,37.4585,39.1099,37.4178,38.8177,2700000.0
2008-02-04,38.2468,38.6954,37.1119,37.5537,3381500.0
2008-02-05,36.6838,36.8673,35.4062,35.4741,3730500.0
2008-02-06,35.644,35.9702,34.8897,34.9916,1723700.0
2008-02-07,34.8082,36.0926,34.6587,35.5761,2743700.0
2008-02-08,35.1683,35.7868,34.8285,35.1276,1255200.0
2008-02-11,35.012,35.2023,34.3189,34.4684,1524000.0
2008-02-12,34.6111,36.8129,34.6111,35.8615,2049900.0
2008-02-13,36.0722,36.5343,35.3518,35.8139,2725200.0
2008-02-14,35.7528,35.7528,34.9373,35.0528,1740200.0
2008-02-15,35.1887,35.7528,34.5703,35.5217,1847700.0
2008-02-19,35.8615,36.4935,35.1479,35.4674,1867400.0
2008-02-20,34.9984,36.2693,34.4956,36.0586,1648200.0
2008-02-21,36.1198,36.6294,35.5217,35.5353,1487400.0
2008-02-22,35.7256,35.7256,34.3596,35.644,1782400.0
2008-02-25,35.5965,36.2693,34.8082,36.1537,1450500.0
2008-02-26,35.9159,37.0304,35.7324,36.8129,1615600.0
2008-02-27,36.5003,37.5876,36.3644,37.1459,1447700.0
2008-02-28,36.8061,36.9964,36.378,36.7382,1602800.0
2008-02-29,36.1877,36.1877,34.2781,34.414,1859500.0
2008-03-03,34.2849,34.6587,33.8907,34.3189,1591400.0
2008-03-04,33.6733,34.4888,33.3878,34.3392,1908100.0
2008-03-05,34.1829,34.9373,33.8635,34.1965,1430400.0
2008-03-06,33.9451,34.047,32.7762,32.7762,1738800.0
2008-03-07,32.5723,33.8839,32.2393,33.15,1507300.0
2008-03-10,33.1228,33.3131,31.9607,31.9947,1878400.0
2008-03-11,32.7218,34.9169,32.715,34.7402,1987500.0
2008-03-12,34.747,35.2703,33.6597,33.7888,1669500.0
2008-03-13,33.2315,34.6247,32.2393,34.2917,2158800.0
2008-03-14,34.6111,34.8421,32.7015,33.15,2260800.0
2008-03-17,32.3005,33.782,31.6005,33.2995,2571400.0
2008-03-18,34.2781,34.9645,33.6868,34.9577,2534700.0
2008-03-19,35.0664,35.4402,33.9927,34.1286,2116600.0
2008-03-20,34.3121,36.9081,34.3121,36.8333,2225100.0
2008-03-24,37.0576,38.0905,36.6158,37.0576,2429800.0
2008-03-25,36.9964,37.5944,36.344,37.1595,1724300.0
2008-03-26,36.9013,37.1051,35.7936,35.9023,1696700.0
2008-03-27,36.344,36.344,35.046,35.0732,1402100.0
2008-03-28,35.1751,35.5353,34.2509,34.3664,1094500.0
2008-03-31,34.2849,35.6237,34.2849,35.2363,1941300.0
2008-04-01,35.8751,37.2071,35.4741,37.2003,1597800.0
2008-04-02,37.1663,37.9614,36.7654,37.1323,1678200.0
2008-04-03,36.9217,38.1721,36.6906,37.8187,1160100.0
2008-04-04,37.9478,38.0362,36.942,37.0848,997100.0
2008-04-07,37.3022,37.8255,36.9488,37.2275,1326400.0
2008-04-08,37.0372,37.2818,36.2013,36.4188,1481600.0
2008-04-09,36.4188,36.7042,35.5761,35.9159,1246700.0
2008-04-10,35.8411,36.6158,35.7256,36.0654,1503300.0
2008-04-11,35.3518,35.8887,34.713,34.7402,1262200.0
2008-04-14,34.6587,34.8082,33.7888,33.8499,1355700.0
2008-04-15,34.0063,34.5907,33.8432,34.5363,1117600.0
2008-04-16,34.7674,35.3382,34.6926,34.9984,2099000.0
2008-04-17,34.9577,35.1819,34.6587,34.9916,1810700.0
2008-04-18,35.5149,36.4663,34.9984,35.447,2442800.0
2008-04-21,35.1887,35.3314,34.6654,34.9305,1101400.0
2008-04-22,35.0256,35.0324,34.0674,34.1761,1568200.0
2008-04-23,31.7297,33.3131,31.5462,31.9743,5984600.0
2008-04-24,31.9743,32.6675,31.7229,32.518,4753100.0
2008-04-25,32.7422,33.116,32.3685,32.5519,3822300.0
2008-04-28,32.7558,32.7558,31.9811,32.2529,3479100.0
2008-04-29,32.1445,32.2399,31.7627,32.0559,2313300.0
2008-04-30,32.1581,32.8603,32.0149,32.3763,3056300.0
2008-05-01,32.1377,34.442,32.1377,34.1761,3317900.0
2008-05-02,34.442,35.1442,33.8829,34.4011,2175400.0
2008-05-05,34.1284,34.3533,33.2148,33.6239,1827100.0
2008-05-06,33.3648,34.2715,32.7581,34.0193,1942700.0
2008-05-07,34.1011,34.4556,32.9217,33.0512,1800000.0
2008-05-08,33.2421,33.5557,32.424,32.6762,1770300.0
2008-05-09,32.3899,33.6989,32.0422,33.1194,2039400.0
2008-05-12,32.9762,34.142,32.9762,34.142,1730900.0
2008-05-13,34.2988,34.4147,33.8693,34.1693,1974600.0
2008-05-14,34.2647,34.7692,34.1693,34.442,1199800.0
2008-05-15,34.3943,34.7488,34.1352,34.5306,2201400.0
2008-05-16,34.1216,34.5783,33.8216,33.9716,1844200.0
2008-05-19,33.9307,34.592,33.6852,33.9238,1734700.0
2008-05-20,33.4603,33.5489,32.5672,32.8262,2838600.0
2008-05-21,32.8194,33.283,31.4355,31.7286,7125000.0
2008-05-22,31.7082,32.0559,30.8014,31.9672,8839600.0
2008-05-23,31.8104,31.8377,31.2582,31.4832,2971300.0
2008-05-27,31.5036,31.8445,31.1559,31.3809,2389600.0
2008-05-28,31.4627,31.7968,31.1219,31.4832,2755300.0
2008-05-29,31.49,32.3013,31.1832,32.0559,1792100.0
2008-05-30,32.2127,32.5876,32.0149,32.2195,2579100.0
2008-06-02,32.049,32.049,31.2037,31.5514,2380500.0
2008-06-03,31.6127,32.2536,30.8832,31.6741,1939300.0
2008-06-04,31.5241,32.4376,31.3264,31.7968,2009500.0
2008-06-05,31.8991,32.7103,31.8036,32.6149,1909700.0
2008-06-06,31.974,32.4513,31.0605,31.2037,2569100.0
2008-06-09,31.3196,31.7082,30.4401,30.9241,2042300.0
2008-06-10,30.7878,31.7354,30.5492,31.1559,2004200.0
2008-06-11,31.0673,31.4423,30.0651,30.0651,2698800.0
2008-06-12,30.1606,31.5991,30.1606,30.8083,2295600.0
2008-06-13,30.9855,31.8104,30.8287,31.7218,2281400.0
2008-06-16,31.4491,32.1377,31.2173,31.9331,1698800.0
2008-06-17,32.0627,32.1104,31.1219,31.1559,1220600.0
2008-06-18,30.9378,31.2173,30.5492,31.1559,2347300.0
2008-06-19,31.2991,31.4559,30.3447,31.4559,2318100.0
2008-06-20,31.1559,31.3196,30.2765,30.3924,2701600.0
2008-06-23,30.4674,30.7469,29.7788,30.0311,1731800.0
2008-06-24,30.0856,30.4537,29.5743,30.1129,1785000.0
2008-06-25,30.1742,31.081,29.9833,30.2629,2230400.0
2008-06-26,29.8606,30.2901,29.3016,29.3561,1953600.0
2008-06-27,29.3357,29.9492,28.1426,28.5108,3718600.0
2008-06-30,28.5039,28.5312,27.679,27.7267,3014100.0
2008-07-01,27.3927,28.5108,27.3313,28.2381,3567600.0
2008-07-02,28.1835,28.5653,27.2768,27.3313,3243100.0
2008-07-03,27.5154,27.829,27.045,27.1882,1702200.0
2008-07-07,27.2768,27.7336,26.0156,26.8609,4584300.0
2008-07-08,26.8814,28.4903,26.8473,28.463,4024600.0
2008-07-09,28.5517,28.6267,26.8882,27.0382,2332400.0
2008-07-10,27.0382,27.2359,25.9951,26.7927,3293300.0
2008-07-11,26.4246,27.4131,26.0565,26.6632,3260000.0
2008-07-14,27.2972,27.6108,25.2997,25.3611,3595500.0
2008-07-15,25.1088,25.9337,24.1885,24.952,4439700.0
2008-07-16,25.0884,27.3313,24.6043,27.27,4446900.0
2008-07-17,28.2449,28.7426,26.6632,27.979,3243600.0
2008-07-18,28.5585,28.5653,26.7655,27.1268,4019100.0
2008-07-21,27.2291,27.5018,26.3496,26.5064,3480400.0
2008-07-22,26.1655,27.754,25.2588,27.7199,3939900.0
2008-07-23,28.1699,28.1972,26.7791,27.6177,4244100.0
2008-07-24,28.6403,29.5607,27.8222,28.3744,4987800.0
2008-07-25,28.3608,28.8925,27.679,28.0813,2551900.0
2008-07-28,27.8904,28.8244,27.3041,27.3791,2972900.0
2008-07-29,27.5836,29.1516,27.4813,29.0698,2249800.0
2008-07-30,29.288,29.8743,28.4562,29.4448,2109800.0
2008-07-31,29.0289,29.6425,28.8925,28.9743,2152800.0
2008-08-01,29.1584,29.3629,28.3403,29.1789,1696800.0
2008-08-04,29.0698,29.0698,28.0472,28.313,1812100.0
2008-08-05,29.1353,29.9976,28.6356,29.8334,2213100.0
2008-08-06,29.8265,29.8607,29.279,29.5459,1361700.0
2008-08-07,29.19,29.409,28.2797,28.5193,1772200.0
2008-08-08,28.4714,29.9908,28.4714,29.6896,1927300.0
2008-08-11,29.5664,31.1064,29.3474,30.3124,2083000.0
2008-08-12,29.8949,29.936,28.5398,28.841,1631900.0
2008-08-13,28.6219,29.4911,28.095,28.971,2349900.0
2008-08-14,27.6022,30.0592,27.6022,29.847,2454000.0
2008-08-15,30.1824,30.9558,30.0181,30.5725,2136700.0
2008-08-18,30.6752,30.6752,29.7102,29.9086,2238700.0
2008-08-19,29.4911,29.9634,28.9231,29.1832,1923400.0
2008-08-20,29.2858,29.6965,28.9847,29.5801,1602400.0
2008-08-21,29.1353,29.587,28.9642,29.3885,1702100.0
2008-08-22,29.717,30.4083,29.6965,30.3877,1321700.0
2008-08-25,30.1619,30.593,29.4364,29.4911,1089700.0
2008-08-26,29.4296,29.5938,28.9984,29.5938,1358200.0
2008-08-27,29.5185,30.1824,29.3269,30.1482,1398500.0
2008-08-28,30.6957,31.209,30.2372,31.209,1557800.0
2008-08-29,30.8121,31.1953,30.7025,30.7641,1317100.0
2008-09-02,31.4417,31.955,30.1276,30.8394,2394300.0
2008-09-03,30.7025,31.4143,30.3946,31.3322,2130000.0
2008-09-04,31.3322,31.6881,30.0797,30.2303,2361500.0
2008-09-05,29.806,30.4288,28.9026,30.3672,2637200.0
2008-09-08,32.2356,33.0638,30.6957,31.9824,4385000.0
2008-09-09,31.6265,31.9208,29.2721,29.2721,3901800.0
2008-09-10,29.6691,29.8402,28.6904,29.0463,3370100.0
2008-09-11,28.4851,30.0592,28.1018,29.9292,3725500.0
2008-09-12,29.3269,30.7915,28.4988,30.593,2641400.0
2008-09-15,28.0676,30.7847,28.0676,28.6219,4787000.0
2008-09-16,27.568,28.9436,26.5893,28.7862,5876400.0
2008-09-17,27.9444,28.5604,25.6927,25.8912,6311200.0
2008-09-18,26.425,27.8143,21.9216,27.0683,9242800.0
2008-09-19,32.1056,34.0561,27.8896,29.7718,7460600.0
2008-09-22,29.4296,30.7847,28.006,28.2318,3588000.0
2008-09-23,28.6083,28.9915,27.041,27.5474,2847200.0
2008-09-24,27.7254,28.2113,26.3223,27.8896,2166300.0
2008-09-25,27.9102,28.841,27.5064,28.2524,2813000.0
2008-09-26,27.0067,28.3824,26.8767,27.6501,2020300.0
2008-09-29,26.3566,27.7459,24.5703,24.5703,2516300.0
2008-09-30,25.3299,29.0873,23.8516,26.1444,2178500.0
2008-10-01,25.3436,26.9999,25.0972,26.5756,2273900.0
2008-10-02,26.4387,27.0204,21.5109,22.9482,3175200.0
2008-10-03,23.1809,24.276,21.9216,22.5512,2748100.0
2008-10-06,21.6341,23.1877,20.1832,21.7573,2569000.0
2008-10-07,21.1482,21.9763,19.3551,19.3961,1864900.0
2008-10-08,18.7049,19.1634,16.1383,17.6646,5270700.0
2008-10-09,17.8425,18.4174,14.0988,14.0988,5685900.0
2008-10-10,13.6129,15.5155,11.2996,14.7969,6271700.0
2008-10-13,15.6524,17.6509,15.187,17.4661,3773400.0
2008-10-14,17.8083,21.1345,17.8083,20.7376,6428900.0
2008-10-15,20.1216,20.1216,17.5003,17.6509,3319000.0
2008-10-16,17.4935,18.1368,14.8996,16.3231,5059000.0
2008-10-17,15.9809,17.5688,15.8304,16.9665,3046700.0
2008-10-20,17.117,18.3558,16.8364,18.2258,2797400.0
2008-10-21,17.8699,18.5475,17.206,17.6235,2385300.0
2008-10-22,17.0212,17.0212,14.3726,14.9338,3370000.0
2008-10-23,15.057,15.4608,13.6676,14.9133,3508800.0
2008-10-24,13.3665,14.9406,13.0585,14.6669,3575900.0
2008-10-27,13.9893,15.0433,13.7634,13.7908,3234400.0
2008-10-28,14.3247,16.4532,13.7703,16.3094,3611800.0
2008-10-29,16.3094,16.4258,14.7627,14.9133,3143700.0
2008-10-30,15.7345,16.0836,12.73,13.0038,6041200.0
2008-10-31,12.9148,14.8106,11.6623,14.7832,6776800.0
2008-11-03,14.7079,14.9817,14.3726,14.8653,4050300.0
2008-11-04,15.1876,16.132,15.1186,16.0562,3477300.0
2008-11-05,15.3944,16.7249,14.8842,14.9945,2418000.0
2008-11-06,14.8291,15.4082,13.3744,13.5468,2847900.0
2008-11-07,13.8501,14.6223,13.5881,14.4982,2002600.0
2008-11-10,14.7395,14.7395,13.0228,13.402,2393700.0
2008-11-11,13.1883,13.2159,11.9749,12.3472,2800100.0
2008-11-12,12.4093,13.3262,11.8509,11.9887,5048200.0
2008-11-13,12.3886,13.6571,11.3269,13.6088,6003700.0
2008-11-14,13.2434,13.857,12.2024,12.4093,5120200.0
2008-11-17,12.2438,12.4024,11.1614,11.2442,3822900.0
2008-11-18,11.2855,11.4165,10.4789,11.0305,4834200.0
2008-11-19,10.8099,11.0374,9.4724,9.6241,4044300.0
2008-11-20,9.3759,10.1067,8.6658,8.9071,4643800.0
2008-11-21,9.3001,9.4586,8.0936,8.5279,6403700.0
2008-11-24,9.307,11.058,9.0794,10.8995,4792900.0
2008-11-25,11.189,12.0163,10.4445,11.7061,4999900.0
2008-11-26,11.4165,12.3403,10.7892,12.2783,3326000.0
2008-11-28,12.0646,12.754,12.0646,12.7264,1092400.0
2008-12-01,12.2162,12.2162,10.2376,10.6444,4202300.0
2008-12-02,10.9822,11.8922,10.4789,11.7268,4097000.0
2008-12-03,11.2304,12.1473,10.9064,11.9887,3566700.0
2008-12-04,11.6371,12.299,11.2373,11.582,3130300.0
2008-12-05,11.3752,15.0083,11.2235,14.6912,6512100.0
2008-12-08,15.1945,15.7115,13.5468,14.181,4893700.0
2008-12-09,13.8777,14.6567,13.6571,14.0225,3421700.0
2008-12-10,14.1328,14.767,14.0156,14.6223,2684000.0
2008-12-11,14.443,15.0773,13.7812,13.9466,3544900.0
2008-12-12,13.3124,14.381,13.1676,14.1121,2325800.0
2008-12-15,14.0845,14.3534,12.7333,12.947,2220700.0
2008-12-16,13.3055,15.1945,13.14,15.029,4220400.0
2008-12-17,14.6223,15.3944,14.1259,15.1255,3165600.0
2008-12-18,15.2565,15.484,14.443,14.5051,3153900.0
2008-12-19,14.8084,15.8149,14.5188,15.7529,2873000.0
2008-12-22,15.7322,15.7322,13.8432,14.1741,3347200.0
2008-12-23,14.4568,14.5671,13.7398,13.7812,1666000.0
2008-12-24,13.9191,14.181,13.6088,14.1741,591300.0
2008-12-26,14.2707,14.3879,13.5813,13.8225,1027100.0
2008-12-29,13.7881,13.8157,13.1056,13.6157,1456100.0
2008-12-30,13.6571,15.1876,13.6571,15.1048,2182800.0
2008-12-31,15.0979,16.2079,15.0979,16.1045,2565700.0
2009-01-02,16.132,16.6905,15.4633,16.5457,2433000.0
2009-01-05,16.4216,16.849,15.9183,16.6422,2919100.0
2009-01-06,16.7939,17.6556,16.6008,17.304,3797300.0
2009-01-07,16.7801,16.9455,15.7184,15.8563,3413200.0
2009-01-08,15.6908,16.4216,15.4978,16.4078,2819800.0
2009-01-09,16.4561,16.6284,15.6288,15.7184,2978900.0
2009-01-12,16.008,16.008,14.2293,14.4361,2725700.0
2009-01-13,14.1948,15.2014,14.05,14.8911,2418900.0
2009-01-14,14.3396,14.4361,13.402,13.8432,3595600.0
2009-01-15,13.857,14.5051,13.0159,13.7674,3815700.0
2009-01-16,14.3051,14.8773,13.7398,14.6912,5651800.0
2009-01-20,13.8846,14.6774,12.1197,12.1197,5147100.0
2009-01-21,13.0228,14.3534,12.1473,14.1397,6353000.0
2009-01-22,13.6157,14.3741,12.9746,13.2228,4444800.0
2009-01-23,12.4713,13.8363,12.4713,13.4158,4954600.0
2009-01-26,13.7191,14.5464,13.2848,13.7329,3797100.0
2009-01-27,14.0294,14.2707,13.4434,14.119,2751000.0
2009-01-28,14.8842,15.7184,14.636,15.2496,5775700.0
2009-01-29,14.6705,15.2565,13.7881,14.6429,3853500.0
2009-01-30,14.8911,15.0566,13.7191,13.8915,3126800.0
2009-02-02,13.4365,14.8498,13.2503,14.7119,3636100.0
2009-02-03,14.9233,14.9789,13.6444,14.3603,3651400.0
2009-02-04,14.5897,14.9859,14.2213,14.4437,3641400.0
2009-02-05,14.3047,15.5906,14.0892,15.2013,3518000.0
2009-02-06,15.4794,15.7504,14.8399,15.0693,6353400.0
2009-02-09,15.0554,15.7157,14.687,15.1735,3867300.0
2009-02-10,14.9789,15.3334,13.6583,13.8112,4707300.0
2009-02-11,14.1309,14.4923,13.6444,14.4645,2703400.0
2009-02-12,13.7347,14.68,13.5818,14.5549,3048600.0
2009-02-13,14.4228,14.687,14.124,14.2213,2689900.0
2009-02-17,13.5818,13.6513,12.4975,12.5392,4563500.0
2009-02-18,12.7408,13.1439,12.1569,12.9354,5592900.0
2009-02-19,13.2134,13.2134,11.7954,11.8789,4396000.0
2009-02-20,11.5869,12.3168,11.0587,11.9206,5795100.0
2009-02-23,12.143,12.2959,11.0378,11.1143,4530500.0
2009-02-24,11.1977,12.3654,11.0726,12.3376,4037500.0
2009-02-25,11.8441,12.2612,11.3436,11.7329,4915100.0
2009-02-26,12.2194,12.2959,11.3645,11.6078,3562100.0
2009-02-27,11.149,11.5313,10.8084,11.0795,3421000.0
2009-03-02,10.593,11.0587,10.3288,10.4192,4268000.0
2009-03-03,10.5721,10.5791,9.9465,10.1273,3887500.0
2009-03-04,10.5652,11.0378,9.9535,10.7528,4020500.0
2009-03-05,10.44,10.7042,9.6199,9.877,4508200.0
2009-03-06,10.0439,10.2315,9.3835,9.8701,4627000.0
2009-03-09,9.8979,10.2315,9.4044,9.5921,3665600.0
2009-03-10,9.9118,10.9197,9.738,10.9058,4627400.0
2009-03-11,10.9753,11.7954,10.5999,11.5869,4255000.0
2009-03-12,11.3506,12.421,11.1351,12.3307,3769500.0
2009-03-13,12.4697,12.8172,11.9345,12.4488,3026100.0
2009-03-16,12.7547,13.0327,11.6495,11.7259,4158700.0
2009-03-17,11.8302,12.7269,11.7051,12.706,4523000.0
2009-03-18,12.3029,14.1101,12.2333,14.0197,6383900.0
2009-03-19,14.2838,14.2838,13.3594,13.4775,4212500.0
2009-03-20,13.3524,13.6861,12.9076,13.0188,3720600.0
2009-03-23,13.6165,15.2152,13.5053,15.1944,4067400.0
2009-03-24,14.3881,15.1666,13.9988,14.0127,3862600.0
2009-03-25,14.3325,14.958,13.839,14.8051,3275700.0
2009-03-26,15.0832,15.1318,14.4715,14.9441,3762400.0
2009-03-27,14.4437,14.8468,14.3186,14.395,2780900.0
2009-03-30,13.3524,14.1448,13.0396,13.13,3171500.0
2009-03-31,13.4636,14.4089,13.3524,14.2421,3565500.0
2009-04-01,13.7347,14.7009,13.7347,14.5966,2417500.0
2009-04-02,15.1388,15.4724,14.8468,15.1318,3877100.0
2009-04-03,15.2361,15.9103,14.958,15.8755,2494200.0
2009-04-06,15.5419,15.7226,15.0206,15.3681,2856600.0
2009-04-07,14.8677,14.8677,14.3394,14.3394,2472900.0
2009-04-08,14.819,15.3473,14.819,15.2986,2946300.0
2009-04-09,16.23,16.8626,15.6392,16.807,3368500.0
2009-04-13,15.952,17.1545,15.9451,16.8973,2757100.0
2009-04-14,16.4108,16.654,15.2847,15.3959,3767000.0
2009-04-15,14.9233,16.3969,14.8816,16.3412,3122500.0
2009-04-16,16.4664,17.2657,16.0632,17.1128,4357500.0
2009-04-17,17.224,17.5576,16.6471,17.2796,3500200.0
2009-04-20,17.7314,17.7662,16.4872,16.522,5393600.0
2009-04-21,16.0076,16.8417,15.4377,16.8209,6292900.0
2009-04-22,16.939,18.3848,16.5567,17.6202,7914300.0
2009-04-23,17.5854,18.3222,17.1406,18.1902,3682600.0
2009-04-24,18.1971,18.6837,17.6341,18.3778,3454700.0
2009-04-27,17.8357,18.4543,17.8287,17.9886,2619600.0
2009-04-28,17.4603,18.2319,17.1823,17.2796,3968100.0
2009-04-29,17.4409,18.3784,17.343,18.2944,3952600.0
2009-04-30,18.4973,18.8121,18.1755,18.4343,2547500.0
2009-05-01,18.4273,18.5113,18.0705,18.5043,3065800.0
2009-05-04,18.1405,18.8191,17.6718,18.7911,4271700.0
2009-05-05,18.4343,18.6722,18.1895,18.3504,2677800.0
2009-05-06,18.8401,19.5257,18.2664,19.3088,3440600.0
2009-05-07,19.8895,20.673,18.7072,18.8191,3715900.0
2009-05-08,19.1619,20.3232,19.085,20.3023,4290100.0
2009-05-11,19.4977,19.6936,18.1685,18.2664,3840600.0
2009-05-12,18.3924,18.6232,17.4269,17.9516,3833700.0
2009-05-13,17.6928,17.8677,16.9932,17.1121,3191200.0
2009-05-14,17.0631,17.8257,16.8882,17.5319,2319300.0
2009-05-15,17.5668,18.2454,17.1821,17.7697,2758600.0
2009-05-18,18.1475,19.3158,17.8117,19.1969,3687400.0
2009-05-19,19.0989,20.6241,18.8121,20.2463,6383800.0
2009-05-20,20.5821,20.8759,19.2948,19.6306,4277300.0
2009-05-21,19.3088,19.8895,19.071,19.8475,2714600.0
2009-05-22,19.9245,20.3442,19.7076,20.0994,2720600.0
2009-05-26,19.9105,20.8409,19.6306,20.792,3256900.0
2009-05-27,20.8479,21.0438,19.9385,20.0434,3216900.0
2009-05-28,20.3162,20.6381,19.8825,20.6241,2304600.0
2009-05-29,20.5331,21.1348,20.0014,21.1278,2671600.0
2009-06-01,21.3726,21.7994,20.9879,21.6385,3866700.0
2009-06-02,21.5265,21.7784,20.9039,20.9669,4574100.0
2009-06-03,20.5821,20.9039,20.2603,20.5611,3648400.0
2009-06-04,20.757,21.4426,20.5191,21.3726,3215700.0
2009-06-05,21.6595,21.6665,20.4981,20.743,3848800.0
2009-06-08,20.5261,20.6521,19.7776,19.9664,4563900.0
2009-06-09,20.0714,20.3652,19.8125,19.8615,3820700.0
2009-06-10,18.9031,19.2669,17.9446,18.4203,7514000.0
2009-06-11,18.3224,18.5603,17.9236,17.9726,5497700.0
2009-06-12,17.4829,17.4969,16.9652,17.0142,27700900.0
2009-06-15,16.9162,17.35,16.8463,17.336,8716600.0
2009-06-16,17.343,17.3849,16.9232,17.0771,4862500.0
2009-06-17,17.0002,17.0701,16.6224,16.6853,5404700.0
2009-06-18,16.7413,16.9232,16.6154,16.6784,4044900.0
2009-06-19,16.8253,16.8463,16.3985,16.7903,6145900.0
2009-06-22,16.5314,16.6923,15.9158,15.9438,5675500.0
2009-06-23,16.0697,16.2376,15.7759,16.0977,4239400.0
2009-06-24,16.2446,16.8952,16.1537,16.7553,4490100.0
2009-06-25,16.5874,16.9092,16.4615,16.8113,2813900.0
2009-06-26,16.7553,16.8602,16.5524,16.7133,1983800.0
2009-06-29,16.5314,17.0002,16.4825,16.8952,3242000.0
2009-06-30,16.9162,17.0771,16.6364,16.9792,5111100.0
2009-07-01,17.0701,17.3989,16.7903,17.217,2771800.0
2009-07-02,16.9792,17.1331,16.3286,16.3286,2719400.0
2009-07-06,16.2236,16.6014,16.0557,16.6014,2922900.0
2009-07-07,16.4335,16.5804,15.7619,15.7899,2475900.0
2009-07-08,15.9298,15.9788,15.1113,15.3981,3443100.0
2009-07-09,15.636,15.9718,15.552,15.7619,1921500.0
2009-07-10,15.594,15.7059,15.3631,15.489,1815100.0
2009-07-13,15.7619,16.3915,15.4051,16.3915,2513600.0
2009-07-14,16.3495,16.4615,15.9927,16.4475,1715800.0
2009-07-15,16.6644,17.252,16.6364,17.0701,2480700.0
2009-07-16,16.8532,17.4269,16.6853,17.273,2069400.0
2009-07-17,17.273,17.3779,16.9652,17.231,1809800.0
2009-07-20,17.301,17.5249,17.1961,17.4549,2181900.0
2009-07-21,17.4689,17.5948,17.231,17.5598,3112900.0
2009-07-22,17.308,17.5948,17.245,17.4829,2360900.0
2009-07-23,17.5458,18.5253,17.3919,18.3084,4354900.0
2009-07-24,17.252,18.3924,16.8532,18.0286,6583700.0
2009-07-27,18.0566,19.092,18.0356,19.043,4060600.0
2009-07-28,18.8261,19.043,18.3784,18.6722,3765500.0
2009-07-29,18.6304,18.7079,18.1798,18.5952,2413800.0
2009-07-30,18.8135,19.9189,18.722,19.7429,3784100.0
2009-07-31,19.6936,19.8908,19.5247,19.5739,2729500.0
2009-08-03,20.0738,20.0738,19.3768,19.5176,3235900.0
2009-08-04,19.4331,19.9542,19.2571,19.933,2178400.0
2009-08-05,19.8485,20.4048,19.4261,20.271,2385200.0
2009-08-06,20.5315,20.7075,19.5739,19.7148,3760400.0
2009-08-07,20.0175,21.0666,19.8485,20.8413,3663700.0
2009-08-10,20.8061,20.9399,20.2287,20.5033,1562300.0
2009-08-11,20.4118,20.5104,19.5106,19.588,2126200.0
2009-08-12,19.6443,20.5949,19.4331,20.2217,1951300.0
2009-08-13,20.3696,20.6582,20.1443,20.5386,1674700.0
2009-08-14,20.4189,20.5315,20.1302,20.3203,1998500.0
2009-08-17,19.8837,20.0668,19.243,19.2641,1621700.0
2009-08-18,19.3838,19.7852,19.3768,19.7429,1801800.0
2009-08-19,19.4331,19.7922,19.2923,19.7359,1269800.0
2009-08-20,19.7781,20.5456,19.75,20.5245,2251500.0
2009-08-21,20.5949,21.0314,20.4189,20.9962,1908800.0
2009-08-24,21.1089,21.4398,20.7427,20.8836,2124700.0
2009-08-25,21.1159,21.5595,20.9751,21.3764,2503200.0
2009-08-26,21.2567,21.3483,20.8976,20.9962,2243100.0
2009-08-27,21.1159,21.1793,20.5526,21.1652,1666800.0
2009-08-28,21.3764,21.3976,20.8765,21.2638,1238800.0
2009-08-31,20.9188,21.2497,20.792,21.1441,1927700.0
2009-09-01,21.123,21.1511,19.764,19.8908,3338800.0
2009-09-02,20.0175,20.0175,19.5317,19.7218,2032900.0
2009-09-03,20.0034,20.3696,19.7359,20.3555,1803200.0
2009-09-04,20.3555,20.5033,20.1302,20.4189,1588200.0
2009-09-08,20.6935,20.8413,20.3344,20.8202,1782000.0
2009-09-09,20.8061,21.2074,20.5526,21.1934,1751000.0
2009-09-10,21.1441,21.8482,20.6935,21.8271,2337400.0
2009-09-11,21.8834,21.9256,21.2849,21.299,2231800.0
2009-09-14,21.0244,22.2918,21.0033,22.2706,2689400.0
2009-09-15,22.3551,22.5171,22.1017,22.334,2338900.0
2009-09-16,22.4255,23.4535,22.3129,23.2775,3251100.0
2009-09-17,23.2352,23.7,22.9466,22.9747,2001600.0
2009-09-18,23.1226,23.2493,22.7001,23.0663,2240200.0
2009-09-21,22.8621,23.024,22.6508,22.7213,1731300.0
2009-09-22,23.024,23.3479,22.8762,23.1508,2836400.0
2009-09-23,23.0592,23.3268,22.5452,22.5945,1892000.0
2009-09-24,22.7142,22.7142,21.7707,22.0172,2117000.0
2009-09-25,21.7918,22.1017,21.4116,21.7848,2357500.0
2009-09-28,21.9115,23.0522,21.8693,23.0451,1529700.0
2009-09-29,23.2141,23.5098,22.7283,22.7705,1620500.0
2009-09-30,25.4532,26.3051,24.2139,25.5799,10802900.0
2009-10-01,25.1997,26.5586,25.1997,26.0305,8423000.0
2009-10-02,25.5095,26.6149,25.432,25.6503,5252500.0
2009-10-05,25.9249,25.9249,25.1011,25.4884,5079700.0
2009-10-06,25.8334,26.0024,25.2208,25.6855,2951000.0
2009-10-07,25.5517,25.8756,25.3405,25.8756,2225000.0
2009-10-08,26.0516,26.1573,25.777,25.9953,2801100.0
2009-10-09,26.0094,26.0939,25.7066,25.8193,2639700.0
2009-10-12,26.1291,26.3826,25.8615,25.9883,1986900.0
2009-10-13,25.2278,25.5306,25.0307,25.2278,3343000.0
2009-10-14,25.6081,26.5516,25.5588,26.4952,3311000.0
2009-10-15,26.2206,26.4671,25.6503,26.2347,1884300.0
2009-10-16,25.6926,25.8545,25.0941,25.418,2446000.0
2009-10-19,25.6081,25.8263,25.418,25.6996,1569400.0
2009-10-20,25.594,25.8545,25.0307,25.1222,2124100.0
2009-10-21,25.0307,25.77,24.9462,24.9885,3232300.0
2009-10-22,26.3051,27.0022,25.6433,26.9247,5481000.0
2009-10-23,27.0022,27.0022,25.8334,26.1009,4439500.0
2009-10-26,26.0728,26.622,25.5377,25.7911,2980000.0
2009-10-27,25.8897,25.939,25.2983,25.3898,2914600.0
2009-10-28,25.2723,25.5766,24.7983,24.8054,6157800.0
2009-10-29,25.2723,25.2723,24.6993,25.1096,6571600.0
2009-10-30,24.8408,25.0955,24.4021,24.5295,5595500.0
2009-11-02,24.7417,25.3502,24.1545,24.9044,3038700.0
2009-11-03,24.6144,25.3997,24.5295,24.9327,3218300.0
2009-11-04,25.3431,26.8855,25.2865,26.1709,5512800.0
2009-11-05,26.0577,26.6732,25.8667,26.3407,3180300.0
2009-11-06,25.9516,26.8289,25.6473,26.7652,1786000.0
2009-11-09,27.0624,27.7416,26.8713,27.7133,1927800.0
2009-11-10,27.6071,27.6071,27.2534,27.3666,2175000.0
2009-11-11,27.6779,28.159,27.5435,27.692,1708400.0
2009-11-12,27.3949,27.8265,27.119,27.1897,1344600.0
2009-11-13,27.2322,28.0599,27.218,27.6567,2399600.0
2009-11-16,28.0387,28.3005,27.3454,27.4515,3499700.0
2009-11-17,27.3029,27.6567,27.0128,27.1119,2811100.0
2009-11-18,27.0624,27.31,26.9704,27.2109,2887500.0
2009-11-19,26.8855,27.0977,26.4397,26.744,2855000.0
2009-11-20,26.5388,26.8218,26.4327,26.5812,2087800.0
2009-11-23,26.8855,27.2746,26.8501,27.1048,1573500.0
2009-11-24,27.0694,27.1048,26.7086,26.9845,1708700.0
2009-11-25,27.0694,27.1897,26.9209,26.9845,1060300.0
2009-11-27,26.0152,26.6095,25.5907,26.2133,1040800.0
2009-11-30,26.277,27.0341,26.2133,26.9704,2099800.0
2009-12-01,27.2322,27.6567,26.9138,27.5364,2822900.0
2009-12-02,27.6001,27.6708,27.2392,27.501,2184400.0
2009-12-03,27.7911,27.9892,26.9775,27.0411,2379600.0
2009-12-04,27.3595,27.5222,26.6944,27.1614,1643700.0
2009-12-07,27.0199,27.4303,26.7864,26.8643,1353100.0
2009-12-08,26.6661,26.8784,26.3902,26.4751,1571400.0
2009-12-09,26.468,26.4822,26.1426,26.3761,2074500.0
2009-12-10,26.5317,26.8713,26.4256,26.6661,2841500.0
2009-12-11,26.6732,27.2958,26.6732,27.1968,2401400.0
2009-12-14,27.3737,27.6708,27.1756,27.6213,1341400.0
2009-12-15,27.5505,27.9043,27.1119,27.1685,2971000.0
2009-12-16,27.2322,27.6284,26.8643,26.8855,2838400.0
2009-12-17,26.6944,27.126,26.6732,26.751,1657800.0
2009-12-18,26.9845,27.1543,26.7157,26.8784,2440100.0
2009-12-21,26.9633,27.409,26.9138,27.1826,2154100.0
2009-12-22,27.1826,27.5576,27.1614,27.4939,999900.0
2009-12-23,27.5081,27.8406,27.3737,27.7486,1168100.0
2009-12-24,27.8335,27.9963,27.7274,27.9609,370800.0
2009-12-28,27.968,28.0529,27.7345,27.9326,765100.0
2009-12-29,28.0812,28.0812,27.6708,27.692,884200.0
2009-12-30,27.501,27.6567,27.4869,27.6354,924100.0
2009-12-31,27.6637,27.7628,27.4515,27.4656,850100.0
2010-01-04,27.6637,28.2793,27.5364,28.2156,2006300.0
2010-01-05,28.1378,28.8736,28.1095,28.8736,2468700.0
2010-01-06,29.2698,29.3971,28.909,29.2769,3404600.0
2010-01-07,29.2203,29.6802,29.0788,29.4962,2767400.0
2010-01-08,29.2769,29.6448,29.2486,29.6023,1402500.0
2010-01-11,29.7014,30.4089,29.6519,29.9844,3456600.0
2010-01-12,29.758,30.0198,29.2344,29.5033,2507500.0
2010-01-13,29.6519,29.9136,29.3052,29.8641,2809000.0
2010-01-14,29.7085,29.85,29.4254,29.7297,1524200.0
2010-01-15,29.574,29.6094,29.3264,29.4467,1804200.0
2010-01-19,29.3547,29.857,29.2132,29.758,1892600.0
2010-01-20,29.5386,29.6802,29.2344,29.6448,1521000.0
2010-01-21,29.6306,29.8217,28.5411,28.8311,2478700.0
2010-01-22,28.7816,28.9514,28.067,28.1307,2787300.0
2010-01-25,28.4986,28.9797,28.35,28.6047,1344800.0
2010-01-26,28.4279,28.9231,28.2227,28.3713,1564600.0
2010-01-27,28.3996,28.9585,28.2156,28.9443,1810300.0
2010-01-28,29.1354,29.2061,27.7486,28.2793,1857800.0
2010-01-29,28.3713,28.4066,26.8926,27.0553,3629200.0
2010-02-01,27.2392,28.1802,27.1756,28.1307,2030500.0
2010-02-02,28.2793,28.6684,27.9963,28.2864,1900300.0
2010-02-03,28.1236,28.3005,27.6142,27.7274,2230500.0
2010-02-04,27.8477,27.9821,26.6166,26.6166,3867000.0
2010-02-05,26.5459,26.9562,25.5695,26.836,3055400.0
2010-02-08,26.6166,26.8996,26.3407,26.3407,2178700.0
2010-02-09,26.637,26.9354,26.1679,26.836,3329600.0
2010-02-10,26.8644,27.5466,26.6867,27.3903,2884600.0
2010-02-11,27.2979,27.3619,26.9426,27.0492,2427500.0
2010-02-12,26.7933,27.2339,26.3953,27.1913,2204500.0
2010-02-16,27.44,27.9091,27.2339,27.902,1663700.0
2010-02-17,28.037,28.4066,27.8665,28.3,2058900.0
2010-02-18,28.2573,28.3497,28.0939,28.2716,1499200.0
2010-02-19,28.1507,28.698,28.1152,28.5274,2059500.0
2010-02-22,28.5629,28.9752,28.5061,28.769,1425100.0
2010-02-23,28.6482,28.7762,28.1365,28.2645,1623000.0
2010-02-24,28.3711,28.9183,28.2502,28.8899,2267600.0
2010-02-25,28.3568,28.6127,28.1294,28.5487,3607000.0
2010-02-26,28.6838,28.6838,28.3142,28.4492,1953300.0
2010-03-01,28.5558,28.7833,28.3,28.634,1645500.0
2010-03-02,28.7264,28.8757,28.6269,28.7833,2002700.0
2010-03-03,28.9538,29.1315,28.7619,28.897,1392200.0
2010-03-04,28.9467,29.3518,28.8899,29.3234,2166100.0
2010-03-05,29.5579,30.56,29.5508,30.4889,3325100.0
2010-03-08,30.5671,30.6524,30.162,30.5884,2206900.0
2010-03-09,30.4179,30.5813,30.1194,30.4179,2432700.0
2010-03-10,30.5032,30.7235,30.2686,30.4534,2876700.0
2010-03-11,30.3539,30.4534,30.0199,30.4534,1676500.0
2010-03-12,30.5813,30.9722,30.56,30.7945,1699300.0
2010-03-15,30.6808,30.9438,30.425,30.8798,1753500.0
2010-03-16,30.958,31.2991,30.8159,31.2494,1333500.0
2010-03-17,31.4697,32.0169,31.3062,31.8961,1640500.0
2010-03-18,31.7753,32.0525,31.6545,31.8535,1303200.0
2010-03-19,32.024,32.1378,31.3133,31.3986,2216900.0
2010-03-22,31.093,31.5905,30.6737,31.5479,1520300.0
2010-03-23,31.4697,31.8677,31.3062,31.7611,1478300.0
2010-03-24,31.5834,31.9174,31.4484,31.754,1588400.0
2010-03-25,31.9814,32.6068,31.754,31.7682,2147900.0
2010-03-26,31.6687,31.8108,31.0717,31.2423,2427600.0
2010-03-29,31.3986,31.6616,31.2352,31.6261,1633700.0
2010-03-30,31.6261,32.3012,31.5123,32.1733,2255100.0
2010-03-31,32.0098,32.4291,31.9103,32.2373,1817200.0
2010-04-01,32.6281,32.8129,32.3723,32.8129,2085700.0
2010-04-05,32.82,33.1185,32.5642,32.8627,2744300.0
2010-04-06,32.7063,32.7561,32.3723,32.685,2712500.0
2010-04-07,32.5002,32.6708,32.0169,32.1875,3163800.0
2010-04-08,32.1093,32.7418,32.0027,32.6992,1565900.0
2010-04-09,32.9195,32.9195,32.5855,32.8058,1404400.0
2010-04-12,32.7774,33.2536,32.7774,33.2038,2015800.0
2010-04-13,33.0688,33.879,32.9906,33.8221,2530200.0
2010-04-14,34.0353,34.3978,33.8292,34.348,2058500.0
2010-04-15,34.2556,34.3622,34.0637,34.2698,2491700.0
2010-04-16,34.0637,34.2983,33.0546,33.4881,2164300.0
2010-04-19,33.2678,34.0495,33.0759,33.879,2020400.0
2010-04-20,34.1348,34.4404,33.815,34.4333,1261900.0
2010-04-21,34.3907,34.5186,33.9571,34.3765,1499900.0
2010-04-22,34.0709,34.6181,33.7155,34.5257,1554700.0
2010-04-23,34.3978,35.0445,34.2698,34.8597,2644100.0
2010-04-26,34.8242,35.208,34.4333,34.476,2694200.0
2010-04-27,33.3246,33.5876,31.754,31.9317,5147000.0
2010-04-28,32.2941,33.3317,32.2941,33.0261,3929300.0
2010-04-29,33.3602,34.2912,33.2607,34.1846,1959200.0
2010-04-30,34.0566,34.2059,32.9408,32.948,2295500.0
2010-05-03,33.1683,33.8434,33.1327,33.7581,1556400.0
2010-05-04,33.1204,33.4629,32.4069,32.6352,1747600.0
2010-05-05,32.093,33.1062,32.0074,32.4711,2083700.0
2010-05-06,32.307,32.835,28.9393,31.1654,4007900.0
2010-05-07,31.1583,31.4722,30.0167,30.3521,2521400.0
2010-05-10,31.7006,32.5924,31.5222,32.571,2620500.0
2010-05-11,32.1572,33.6555,32.1572,32.9492,4396200.0
2010-05-12,33.0633,33.149,32.6352,33.0491,2244600.0
2010-05-13,32.885,32.9206,32.2856,32.2856,1401600.0
2010-05-14,31.9289,31.9289,30.5661,30.9585,3160600.0
2010-05-17,31.087,31.408,30.138,30.8087,2797300.0
2010-05-18,31.1512,31.351,29.3389,29.5458,4479700.0
2010-05-19,29.2604,29.8241,28.9322,29.4245,4102900.0
2010-05-20,28.5826,28.8323,27.2127,27.4767,7391300.0
2010-05-21,26.9915,28.8751,26.6776,28.8323,4924200.0
2010-05-24,28.868,28.868,27.7692,27.8334,3152900.0
2010-05-25,26.9915,27.4909,26.2709,27.4339,8513700.0
2010-05-26,27.8834,28.4185,27.5837,27.6265,4120800.0
2010-05-27,28.1759,29.2461,27.919,29.2105,3178400.0
2010-05-28,29.1034,29.1534,28.2116,28.39,1853000.0
2010-06-01,28.0974,28.3115,27.6265,27.6765,2103000.0
2010-06-02,27.9048,28.7824,27.441,28.7538,2522200.0
2010-06-03,28.761,28.9465,28.2615,28.711,2072000.0
2010-06-04,28.1046,28.1902,27.2983,27.4053,2705100.0
2010-06-07,27.5338,27.812,26.756,26.7775,2520700.0
2010-06-08,26.8916,27.2769,26.2067,27.1984,3523000.0
2010-06-09,27.4125,28.0546,26.9344,27.0343,2372300.0
2010-06-10,27.3982,27.9333,27.2056,27.8762,2043200.0
2010-06-11,27.5694,28.2044,27.5552,28.1616,1483400.0
2010-06-14,28.3828,28.8609,28.1402,28.1688,2078100.0
2010-06-15,28.4684,28.9893,28.2901,28.9322,1652600.0
2010-06-16,28.711,29.2961,28.5612,29.0678,2073000.0
2010-06-17,29.2247,29.2247,28.1188,28.4898,1798500.0
2010-06-18,28.604,28.604,28.2187,28.3685,1707700.0
2010-06-21,28.7966,29.0535,28.2401,28.3614,1512300.0
2010-06-22,28.39,28.7396,27.862,27.9048,1650200.0
2010-06-23,27.9975,28.076,27.4339,27.5766,1449700.0
2010-06-24,27.4053,27.5124,26.8631,26.9416,1560100.0
2010-06-25,27.227,27.6265,26.7489,27.4624,2107200.0
2010-06-28,27.5266,27.5694,27.07,27.1485,1075000.0
2010-06-29,27.1271,27.1271,25.5788,25.6787,5021500.0
2010-06-30,25.7572,26.3065,25.7072,25.7786,3348700.0
2010-07-01,25.7215,25.9569,24.744,25.5645,3054200.0
2010-07-02,25.8071,26.064,25.4718,25.8142,3562900.0
2010-07-06,26.3208,26.699,25.7215,26.0211,2690100.0
2010-07-07,26.1567,27.227,26.1282,27.2127,2864000.0
2010-07-08,27.6051,28.0617,26.913,27.2698,2636800.0
2010-07-09,27.2769,27.8905,27.07,27.8263,1328200.0
2010-07-12,27.7193,27.7193,27.2127,27.548,1406500.0
2010-07-13,27.8691,28.3543,27.8406,28.2401,1885500.0
2010-07-14,28.0475,28.2687,27.7407,28.126,1937000.0
2010-07-15,28.1545,28.2901,27.4553,27.969,2185000.0
2010-07-16,27.5908,27.7692,26.6918,26.7917,3089600.0
2010-07-19,26.8702,26.9772,26.3708,26.8987,1647100.0
2010-07-20,26.328,27.4053,26.2637,27.3839,1905000.0
2010-07-21,27.8334,27.8334,26.5206,26.6205,2247300.0
2010-07-22,26.9915,27.8263,26.9416,27.705,2024100.0
2010-07-23,27.5766,27.8976,27.2912,27.5766,2347900.0
2010-07-26,27.6051,27.6551,27.2198,27.4695,4264400.0
2010-07-27,27.7264,27.8976,27.3697,27.6408,2712900.0
2010-07-28,27.4553,27.6907,27.2341,27.3126,2389500.0
2010-07-29,30.4377,31.2653,29.3389,30.666,8523900.0
2010-07-30,30.1666,30.5376,30.0024,30.245,4184600.0
2010-08-02,30.8016,31.1369,30.4091,31.1155,3024300.0
2010-08-03,31.0462,31.0606,30.3655,30.5518,2785900.0
2010-08-04,30.6665,31.0104,30.43,30.9746,1635800.0
2010-08-05,30.731,31.1322,30.5017,31.0964,1659800.0
2010-08-06,30.6593,30.9674,30.2796,30.774,2273100.0
2010-08-09,31.0606,31.6051,30.8743,31.469,1758700.0
2010-08-10,31.1752,31.863,30.7381,31.6839,2799900.0
2010-08-11,31.0677,31.3185,30.8098,30.8456,5145700.0
2010-08-12,30.2867,30.8599,30.2222,30.645,3305300.0
2010-08-13,30.5877,30.9889,30.2151,30.2366,2206800.0
2010-08-16,30.036,30.7095,29.907,30.4802,1869500.0
2010-08-17,30.8671,31.9634,30.7238,31.8989,3083500.0
2010-08-18,31.8487,32.2858,31.5621,32.0422,2891400.0
2010-08-19,31.8416,32.078,31.1107,31.1322,2470500.0
2010-08-20,30.8384,31.0749,30.2939,30.9029,2600400.0
2010-08-23,30.9173,31.254,30.8313,30.9602,1833200.0
2010-08-24,30.473,30.9817,30.2222,30.2294,3656900.0
2010-08-25,30.0718,30.645,29.2263,30.4945,3237400.0
2010-08-26,30.7095,30.8743,30.0933,30.2294,2351500.0
2010-08-27,30.4874,31.3257,29.9786,31.3185,2683700.0
2010-08-30,31.1465,31.3902,30.9316,30.9746,2990700.0
2010-08-31,30.5662,31.3185,30.559,31.2254,3098800.0
2010-09-01,31.6768,32.8232,31.6768,32.7802,3770400.0
2010-09-02,32.7014,33.1169,32.6942,33.0811,2550200.0
2010-09-03,33.4179,33.8693,33.2602,33.8334,2780100.0
2010-09-07,33.4609,33.6257,32.9951,33.2746,2104200.0
2010-09-08,33.3391,34.12,33.3032,33.6686,1642200.0
2010-09-09,34.2347,34.3135,33.6042,33.8406,1840700.0
2010-09-10,33.9338,33.9338,33.4895,33.8263,1701500.0
2010-09-13,34.378,34.5428,34.249,34.5356,2110600.0
2010-09-14,34.3493,34.5929,34.0914,34.2418,2021700.0
2010-09-15,33.8836,34.1057,33.7833,33.9696,2873900.0
2010-09-16,33.8693,34.1487,33.6615,33.9338,1841400.0
2010-09-17,34.206,34.4281,33.9839,34.12,1904000.0
2010-09-20,34.292,34.7577,34.1917,34.6646,1459600.0
2010-09-21,34.5356,34.7864,34.2275,34.3422,2070500.0
2010-09-22,34.1415,34.5571,33.3176,33.3319,2805600.0
2010-09-23,32.9808,33.3104,32.7873,32.8518,2451200.0
2010-09-24,33.2531,33.9767,33.2459,33.8478,1682700.0
2010-09-27,33.8406,33.9767,33.5038,33.726,1471600.0
2010-09-28,33.9624,34.2275,33.2961,34.1702,1770500.0
2010-09-29,33.9624,34.4711,33.7976,34.335,1945700.0
2010-09-30,34.5786,34.9655,33.9123,33.9123,2497800.0
2010-10-01,34.2633,34.4496,33.769,34.2204,1736800.0
2010-10-04,34.0985,34.4353,33.6973,34.2992,2164200.0
2010-10-05,34.6216,35.6247,34.0699,35.4527,2615400.0
2010-10-06,35.4241,35.9471,35.2378,35.94,2394300.0
2010-10-07,35.9543,36.2839,35.6175,35.8253,2133400.0
2010-10-08,35.6462,35.9471,35.2306,35.7752,2810500.0
2010-10-11,35.7393,35.8325,35.4384,35.6104,1670100.0
2010-10-12,35.5244,35.8397,35.245,35.7967,1910300.0
2010-10-13,35.8038,36.3914,35.7967,35.9185,2267000.0
2010-10-14,35.768,36.2839,35.5602,35.9973,2093400.0
2010-10-15,36.2911,36.3484,35.5602,35.7752,2636500.0
2010-10-18,35.8325,36.8643,35.6605,36.8284,1425600.0
2010-10-19,36.3412,37.0362,36.0833,36.2911,2344200.0
2010-10-20,36.3197,37.0219,36.2552,36.721,1628400.0
2010-10-21,36.9861,37.33,36.506,36.7854,1650200.0
2010-10-22,36.9001,37.1795,36.4773,36.5562,1750500.0
2010-10-25,36.9502,37.1939,36.6063,36.678,1530900.0
2010-10-26,36.5562,36.7066,36.2051,36.2337,1784600.0
2010-10-27,35.9113,36.635,35.8612,36.4344,1901900.0
2010-10-28,37.6381,38.591,37.5593,38.2829,3365200.0
2010-10-29,38.24,38.2901,37.0219,37.0362,2559800.0
2010-11-01,37.0506,37.2512,36.592,36.8141,2184000.0
2010-11-02,37.1939,37.5593,37.158,37.4661,1449300.0
2010-11-03,37.4879,37.5311,36.8337,37.3945,1746600.0
2010-11-04,37.9625,38.6743,37.7899,38.6311,1779000.0
2010-11-05,38.6958,39.5874,38.552,39.5586,1972800.0
2010-11-08,39.4939,39.5371,38.8756,39.1488,1808100.0
2010-11-09,39.1919,39.3357,38.2788,38.4514,1695800.0
2010-11-10,38.3292,38.9331,38.1063,38.89,1219100.0
2010-11-11,38.4082,38.8684,38.2357,38.6168,1040200.0
2010-11-12,38.4082,38.4226,37.6246,38.0559,1119500.0
2010-11-15,38.2285,38.4945,37.7755,37.8187,1102300.0
2010-11-16,37.5023,37.6677,36.7905,37.186,1974400.0
2010-11-17,37.2794,37.3729,36.8768,37.0134,1247300.0
2010-11-18,37.5455,38.1494,37.4376,37.8115,1083700.0
2010-11-19,37.7108,37.8546,37.3729,37.6821,1082800.0
2010-11-22,37.5311,37.6461,37.1285,37.3729,1347200.0
2010-11-23,36.8696,37.0494,36.6108,36.8768,1802500.0
2010-11-24,36.8984,37.567,36.8984,37.5311,1098400.0
2010-11-26,37.0637,37.5239,36.9128,37.2507,485600.0
2010-11-29,36.9631,37.9193,36.3951,37.7684,2006000.0
2010-11-30,37.2147,37.6102,37.1788,37.2723,1995900.0
2010-12-01,37.754,38.1926,37.754,38.0919,1072800.0
2010-12-02,37.8906,38.7246,37.8906,38.6168,1790700.0
2010-12-03,38.4226,38.9978,38.2069,38.9259,1994200.0
2010-12-06,38.7893,38.9043,38.5736,38.8109,1125800.0
2010-12-07,39.1991,39.5442,39.0697,39.3142,2009500.0
2010-12-08,39.422,39.8175,39.1272,39.7959,1877300.0
2010-12-09,40.2848,40.9822,39.7456,40.177,1600100.0
2010-12-10,40.3064,40.3064,39.8606,40.026,1933900.0
2010-12-13,40.3351,40.5293,39.8031,40.1698,1550100.0
2010-12-14,40.2057,40.2417,39.422,39.6305,1303400.0
2010-12-15,39.5658,40.0619,39.5658,39.609,1279600.0
2010-12-16,39.5802,40.1554,39.458,40.0763,2152600.0
2010-12-17,39.8822,40.0332,39.6593,39.688,1727900.0
2010-12-20,39.8822,39.8822,39.3214,39.4723,1487300.0
2010-12-21,39.7456,41.4639,39.6018,41.4208,3589500.0
2010-12-22,41.3705,41.694,41.2195,41.6724,1676200.0
2010-12-23,41.4999,41.6581,41.2842,41.5071,1383800.0
2010-12-27,41.277,41.6077,41.2123,41.5143,808600.0
2010-12-28,41.5071,41.7947,41.3777,41.5286,791200.0
2010-12-29,41.6005,41.8234,41.5071,41.6796,954200.0
2010-12-30,41.6509,41.8234,41.3777,41.4639,1570900.0
2010-12-31,41.3489,41.4424,41.0973,41.3777,1234400.0
2011-01-03,41.8594,42.8228,41.8522,42.6646,2120400.0
2011-01-04,42.715,42.8228,42.0823,42.3771,2212200.0
2011-01-05,42.2333,43.1104,42.1182,43.0601,1692100.0
2011-01-06,43.0098,43.3693,42.866,43.1967,1386000.0
2011-01-07,43.3549,43.5993,42.715,43.3261,1612700.0
2011-01-10,43.0313,43.3045,42.528,43.1464,1352000.0
2011-01-11,43.2974,43.8006,43.1464,43.7575,2029900.0
2011-01-12,44.1386,44.4477,43.7503,43.9301,1704100.0
2011-01-13,44.0163,44.2824,43.2542,43.5202,1918800.0
2011-01-14,43.5059,43.815,43.1176,43.7719,2004000.0
2011-01-18,43.8366,43.9444,43.6065,43.8582,1553000.0
2011-01-19,43.6568,43.7719,42.9666,43.0745,1195800.0
2011-01-20,43.0889,43.3908,42.5137,42.866,1057300.0
2011-01-21,43.1176,43.7144,43.1176,43.398,1080500.0
2011-01-24,43.2902,44.0451,43.132,43.8582,1087300.0
2011-01-25,43.664,43.9516,43.2255,43.9373,1412500.0
2011-01-26,44.0379,44.4334,43.7935,43.9085,1220200.0
2011-01-27,44.1026,44.9798,44.0451,44.9295,1276400.0
2011-01-28,44.8072,45.1092,43.3405,43.3621,1452000.0
2011-01-31,43.6353,44.6419,43.4699,44.3255,1510300.0
2011-02-01,44.7066,45.3033,44.685,45.2386,1474400.0
2011-02-02,44.4981,45.1164,44.3758,44.9151,1904500.0
2011-02-03,42.2764,42.6143,41.1907,41.8306,7879300.0
2011-02-04,41.6724,41.9097,41.5358,41.7587,3284700.0
2011-02-07,41.7947,42.3555,41.7587,42.2045,2896300.0
2011-02-08,42.0572,43.3408,42.0572,43.2398,3555000.0
2011-02-09,43.1389,44.6389,43.0884,44.1413,3569800.0
2011-02-10,43.6437,44.6533,43.1605,44.6316,1948000.0
2011-02-11,45.0571,46.1605,44.9417,46.0595,3008500.0
2011-02-14,46.0379,46.7302,45.8936,46.3624,3801600.0
2011-02-15,46.0162,46.485,45.6124,45.7206,2148600.0
2011-02-16,46.0162,46.521,45.9874,46.4129,1686300.0
2011-02-17,46.348,46.4994,45.872,46.3624,1495500.0
2011-02-18,46.4201,46.9609,46.1605,46.6797,1379900.0
2011-02-22,45.9441,46.3047,45.1869,45.5259,1625400.0
2011-02-23,45.5475,45.973,44.9057,45.6557,2046300.0
2011-02-24,45.5331,46.0451,44.7831,45.6485,1810300.0
2011-02-25,45.9802,46.1533,45.4105,45.8071,1197000.0
2011-02-28,46.0379,46.1533,45.3239,45.6629,1147800.0
2011-03-01,45.8936,46.1533,44.7903,45.2446,1488300.0
2011-03-02,45.2014,45.3672,44.3865,44.5667,1562600.0
2011-03-03,45.0211,46.2975,44.9634,46.1533,1682400.0
2011-03-04,45.9081,46.0235,45.0283,45.6268,1779500.0
2011-03-07,45.8215,46.2542,45.0499,45.2086,1495200.0
2011-03-08,45.2374,46.0451,45.0066,45.7855,1681900.0
2011-03-09,45.6773,45.9297,44.7615,44.8624,2092000.0
2011-03-10,44.2711,45.0139,43.6942,44.4946,2148400.0
2011-03-11,44.3576,44.9706,44.0403,44.8408,1291300.0
2011-03-14,44.4802,44.5595,43.4922,44.3937,1714500.0
2011-03-15,42.7134,43.4706,42.3673,43.2326,2896400.0
2011-03-16,43.1389,43.3192,41.8048,42.2807,2456900.0
2011-03-17,43.1245,43.5427,42.8144,43.1461,1826400.0
2011-03-18,43.8817,44.4153,43.5644,44.1485,2171200.0
2011-03-21,44.8408,44.848,44.0475,44.1196,2110400.0
2011-03-22,44.0259,44.0764,42.8937,42.9081,3056300.0
2011-03-23,42.6197,43.348,42.2879,43.0812,2705500.0
2011-03-24,43.2903,43.485,42.699,43.4562,1845000.0
2011-03-25,43.4562,44.0764,43.2759,43.8889,1756900.0
2011-03-28,43.8456,44.2783,43.7302,43.9466,1375000.0
2011-03-29,43.8312,44.1629,43.7374,44.1341,1660500.0
2011-03-30,44.4297,44.6028,44.1917,44.2783,1480700.0
2011-03-31,44.2278,44.3288,43.961,44.0475,1225100.0
2011-04-01,44.4441,45.0932,44.336,45.0571,1555200.0
2011-04-04,45.0139,45.3961,44.9706,45.1581,1107800.0
2011-04-05,44.9778,45.0643,44.4802,44.7254,990900.0
2011-04-06,44.9778,45.1004,44.2639,44.3648,1399800.0
2011-04-07,44.4009,45.9081,44.372,45.4826,2758500.0
2011-04-08,45.7927,45.9946,45.2158,45.3816,1095500.0
2011-04-11,45.3167,45.7566,44.7975,45.0066,1067700.0
2011-04-12,44.7831,45.259,44.5379,44.747,1295800.0
2011-04-13,45.0499,45.3744,44.336,44.5956,964000.0
2011-04-14,44.372,44.5163,44.1268,44.2927,993600.0
2011-04-15,44.5307,44.6677,44.0692,44.4297,1179600.0
2011-04-18,43.8312,44.4514,43.6076,44.235,1848300.0
2011-04-19,44.2783,44.574,43.9249,44.1413,1039200.0
2011-04-20,44.8191,45.086,44.5451,44.9273,1111700.0
2011-04-21,45.0211,45.872,44.8191,45.8071,1243500.0
2011-04-25,45.7206,45.8215,44.8408,45.1581,1218700.0
2011-04-26,43.7879,44.7831,43.5571,43.9033,3672400.0
2011-04-27,44.0836,44.1557,43.1461,44.0187,2409700.0
2011-04-28,44.0619,44.9994,43.9898,44.8336,1819800.0
2011-04-29,44.8552,44.9922,44.4946,44.7542,1399200.0
2011-05-02,44.9778,45.086,44.4297,44.5163,1183100.0
2011-05-03,44.1906,44.538,43.8793,44.5018,1270600.0
2011-05-04,44.2919,44.4729,43.2858,43.7852,2061500.0
2011-05-05,43.4233,43.8793,43.2424,43.474,1784600.0
2011-05-06,43.8504,44.6611,43.8359,44.2992,2590500.0
2011-05-09,44.567,44.8855,44.2992,44.8203,1559500.0
2011-05-10,44.9144,45.8409,44.8638,45.6238,2062600.0
2011-05-11,45.4211,46.0943,45.0375,45.2474,1654200.0
2011-05-12,45.1895,45.8916,44.8855,45.8627,1793200.0
2011-05-13,45.812,45.935,44.8203,45.1678,1714500.0
2011-05-16,45.0085,45.479,44.7914,44.8565,981200.0
2011-05-17,44.7697,44.7914,43.9083,44.5163,1727900.0
2011-05-18,44.5742,45.5948,44.2847,45.5225,1580700.0
2011-05-19,45.5948,46.0871,45.1823,45.9133,2437800.0
2011-05-20,45.7686,45.964,44.9217,45.0013,1210400.0
2011-05-23,44.4512,44.5887,44.1037,44.1616,1296100.0
2011-05-24,44.2413,44.3933,43.6477,43.778,1402200.0
2011-05-25,43.5102,44.2195,43.1627,43.8866,1637900.0
2011-05-26,43.7056,43.959,43.3944,43.6984,2316700.0
2011-05-27,43.9155,43.9372,43.597,43.6984,1503200.0
2011-05-31,44.234,44.3715,43.9662,44.3209,1190000.0
2011-06-01,44.0603,44.0603,42.5113,42.5764,2171900.0
2011-06-02,42.5547,42.9311,41.9901,42.6995,1982900.0
2011-06-03,42.1204,42.8804,41.7947,42.1494,1481500.0
2011-06-06,41.9612,42.1928,41.1722,41.2011,1420600.0
2011-06-07,41.4545,41.6571,40.8175,40.8537,2223100.0
2011-06-08,40.8247,40.9767,40.3036,40.347,1586000.0
2011-06-09,40.4194,41.7223,40.3542,41.4689,1973700.0
2011-06-10,41.1577,41.1939,40.318,40.5641,1643800.0
2011-06-13,40.6003,40.7017,40.043,40.5424,1964800.0
2011-06-14,41.0853,41.592,41.0346,41.2445,1317900.0
2011-06-15,41.0057,41.2228,40.2674,40.3615,1701600.0
2011-06-16,40.3615,40.832,40.1081,40.5207,1473100.0
2011-06-17,40.9478,41.259,40.7523,41.0129,1679900.0
2011-06-20,40.7596,41.2663,40.6365,40.9333,1235700.0
2011-06-21,41.0781,41.715,41.0781,41.5051,1232400.0
2011-06-22,41.2807,41.4545,40.5569,40.6148,1610400.0
2011-06-23,40.043,40.6944,39.7172,40.6293,1783700.0
2011-06-24,40.622,40.8609,39.6087,40.1009,2018800.0
2011-06-27,39.9633,40.5931,39.9054,40.3977,1302700.0
2011-06-28,40.5279,40.7668,40.4049,40.622,1052100.0
2011-06-29,40.955,41.4979,40.955,41.3966,2067300.0
2011-06-30,41.5558,41.9829,41.2807,41.7512,1887400.0
2011-07-01,41.7078,42.4099,41.6861,42.2652,1381200.0
2011-07-05,42.0914,42.1349,41.5486,41.5992,1473600.0
2011-07-06,41.44,42.352,41.2084,42.352,2649700.0
2011-07-07,42.8153,43.0614,42.7429,42.866,1949600.0
2011-07-08,42.1711,42.2435,41.5703,42.0842,2067900.0
2011-07-11,41.2663,41.3893,39.6521,39.7824,2450900.0
2011-07-12,39.5218,41.0781,39.5073,40.2891,2884300.0
2011-07-13,40.5859,41.0998,40.318,40.4411,1860400.0
2011-07-14,40.6293,40.7885,39.558,39.6304,1920900.0
2011-07-15,39.8113,39.862,38.769,39.1237,2207300.0
2011-07-18,38.8414,38.9427,37.7629,38.4722,2267500.0
2011-07-19,38.8631,38.9789,38.4216,38.6604,1856800.0
2011-07-20,38.8993,39.1744,38.2551,39.1237,3287800.0
2011-07-21,39.3119,40.2674,39.3119,40.0357,2364600.0
2011-07-22,40.0864,40.2674,39.71,40.0864,1262400.0
2011-07-25,39.5218,39.5435,39.0875,39.1599,1955300.0
2011-07-26,39.1671,39.6521,38.8486,39.1888,1652500.0
2011-07-27,38.9065,38.9065,37.1548,37.3286,3171300.0
2011-07-28,39.0658,39.9272,38.2913,38.9283,3904800.0
2011-07-29,38.5012,39.4639,37.7918,39.1599,2927000.0
2011-08-01,39.7607,39.8692,37.7484,38.1393,3121100.0
2011-08-02,37.7958,38.3484,36.9232,36.9232,3436200.0
2011-08-03,36.9014,37.3231,36.4797,36.7778,4201700.0
2011-08-04,36.1306,36.4506,34.7491,34.8436,4546400.0
2011-08-05,35.7307,35.7307,33.5712,34.3056,4898200.0
2011-08-08,33.1713,33.8693,30.0592,30.0592,6777200.0
2011-08-09,30.5682,32.4151,29.1576,32.3787,7258400.0
2011-08-10,31.6443,31.6516,29.8992,29.9501,5324700.0
2011-08-11,29.9865,32.7059,29.3103,32.1751,5004900.0
2011-08-12,32.7132,33.2876,31.9642,32.146,4839500.0
2011-08-15,32.4441,33.1422,32.3714,32.9386,3172200.0
2011-08-16,32.4587,33.0258,32.226,32.8077,3937100.0
2011-08-17,32.9531,33.0913,31.7316,32.037,3782600.0
2011-08-18,30.8081,30.8445,29.5429,29.7902,4511600.0
2011-08-19,28.9976,30.3791,28.3068,28.3868,5561000.0
2011-08-22,29.1576,29.3684,28.5977,28.7795,3868800.0
2011-08-23,28.9176,30.9826,28.4741,30.9172,4635500.0
2011-08-24,30.5682,31.7461,30.4082,31.3825,3560300.0
2011-08-25,31.8115,32.3205,30.3137,30.6772,2713800.0
2011-08-26,30.2628,31.8843,29.8047,31.5934,2814300.0
2011-08-29,32.2333,33.1567,32.0951,33.1131,2324900.0
2011-08-30,32.8731,33.2003,32.306,32.6914,2160300.0
2011-08-31,33.0404,33.6294,32.8077,33.2294,2394300.0
2011-09-01,33.2076,33.3021,31.9279,31.9715,2488500.0
2011-09-02,31.0481,31.4189,30.8008,30.8081,2333000.0
2011-09-06,29.6084,30.4227,29.4048,30.1537,2257900.0
2011-09-07,30.8517,32.0297,30.7427,31.877,1871600.0
2011-09-08,31.3171,31.877,31.0335,31.1717,1724000.0
2011-09-09,30.7136,31.0335,29.9647,30.3428,2055700.0
2011-09-12,29.7611,30.59,29.3321,30.5536,2629400.0
2011-09-13,30.6627,31.3462,30.2482,31.208,2975700.0
2011-09-14,31.9497,32.4078,30.9099,31.8479,2360800.0
2011-09-15,32.4514,32.7786,31.8915,32.6986,1978400.0
2011-09-16,32.8731,33.0767,31.9352,32.7713,2509600.0
2011-09-19,31.9206,32.1606,31.1208,31.8479,2464400.0
2011-09-20,31.9933,32.5314,31.637,31.6516,2245100.0
2011-09-21,31.6443,31.9497,30.2846,30.2991,2343600.0
2011-09-22,29.2448,29.5429,28.3359,28.9685,5285300.0
2011-09-23,28.7358,29.383,28.6268,28.9176,2117100.0
2011-09-26,29.2521,29.921,28.4013,29.8847,1987600.0
2011-09-27,30.6118,31.0335,29.7974,30.0592,2759600.0
2011-09-28,30.2482,30.5391,29.0267,29.0776,3887600.0
2011-09-29,29.9428,30.5391,29.0049,29.8919,3346700.0
2011-09-30,29.2375,29.4266,28.6195,28.6195,2376100.0
2011-10-03,28.3214,28.5395,27.1362,27.1507,4262200.0
2011-10-04,26.6054,27.9214,26.1764,27.7615,4279700.0
2011-10-05,27.8342,28.6049,27.4561,28.3941,2926800.0
2011-10-06,28.2341,29.652,27.5143,29.6011,2768100.0
2011-10-07,29.8192,30.001,28.3868,28.4013,1991300.0
2011-10-10,29.1212,29.8774,29.0339,29.8701,1560200.0
2011-10-11,29.6084,30.3355,29.2884,30.1319,1768700.0
2011-10-12,30.4155,31.7606,30.3718,31.208,2513200.0
2011-10-13,30.8008,30.9535,29.4557,30.2192,2135500.0
2011-10-14,31.5498,31.6879,30.59,31.179,1584900.0
2011-10-17,30.9172,31.099,29.6593,29.7611,1981000.0
2011-10-18,29.8629,31.3171,29.572,31.0408,2199400.0
2011-10-19,30.9026,31.208,29.5938,29.7393,2890800.0
2011-10-20,29.6447,30.4373,29.3757,30.3209,2544700.0
2011-10-21,30.7136,31.608,30.6118,31.5934,2735200.0
2011-10-24,31.8043,32.7568,31.6952,32.5023,2518900.0
2011-10-25,32.0879,32.0879,30.4664,30.5754,2780400.0
2011-10-26,31.2953,31.4189,29.9574,31.1644,3772800.0
2011-10-27,35.6217,36.2906,34.5455,35.2872,5724900.0
2011-10-28,35.1127,35.6507,34.6837,35.4399,3049600.0
2011-10-31,34.3565,34.6473,33.9275,33.942,2589900.0
2011-11-01,33.0017,33.0821,31.876,32.0588,3113700.0
2011-11-02,32.9578,33.2575,32.2634,33.009,2352500.0
2011-11-03,33.411,34.5439,32.6216,34.2223,2709200.0
2011-11-04,33.6595,33.9665,32.8189,33.813,1907700.0
2011-11-07,33.6814,34.332,33.2867,34.3027,1939100.0
2011-11-08,34.6755,35.538,34.6097,35.348,3628500.0
2011-11-09,34.1419,34.2589,33.0675,33.1479,2803000.0
2011-11-10,33.8642,34.0469,33.0163,33.3306,2315300.0
2011-11-11,33.9592,34.5878,33.9373,34.5147,1641100.0
2011-11-14,34.1785,34.3539,33.6814,34.1931,1893700.0
2011-11-15,33.8642,34.6097,33.623,34.2662,1991100.0
2011-11-16,33.8276,34.025,33.104,33.1479,2411400.0
2011-11-17,33.0528,33.0821,32.088,32.2854,2844600.0
2011-11-18,32.5631,32.702,32.1099,32.3146,1663700.0
2011-11-21,32.205,32.2854,31.1305,31.4886,1743500.0
2011-11-22,31.3717,31.6568,30.8893,31.2328,1913600.0
2011-11-23,30.8089,30.9258,30.1803,30.1949,1893800.0
2011-11-25,30.0779,30.7869,30.0414,30.3411,687200.0
2011-11-28,32.7239,32.7239,31.0574,31.4521,2281500.0
2011-11-29,31.5252,31.6641,31.1012,31.3425,2015500.0
2011-11-30,32.4096,33.6083,32.3585,33.5572,2372900.0
2011-12-01,33.3087,33.4914,32.8701,33.2429,1087000.0
2011-12-02,33.5937,34.5951,33.506,33.6083,1419800.0
2011-12-05,34.332,34.6755,33.9811,34.332,1394100.0
2011-12-06,34.2808,34.617,33.93,34.31,1463100.0
2011-12-07,34.1273,35.3845,33.8422,35.2383,1894000.0
2011-12-08,34.8509,34.8656,33.2063,33.316,2462800.0
2011-12-09,33.623,34.5951,33.5279,34.427,2500600.0
2011-12-12,33.8715,33.8715,33.0163,33.3818,2216500.0
2011-12-13,33.5572,33.9592,32.5558,32.9432,2672900.0
2011-12-14,32.6581,33.1844,32.4242,32.8555,2617600.0
2011-12-15,33.3891,33.5572,32.9505,33.0163,2506500.0
2011-12-16,33.7326,34.1273,33.3891,34.025,3879100.0
2011-12-19,34.1639,34.5001,33.7618,33.9007,2839700.0
2011-12-20,34.5366,35.8596,34.4709,35.8158,2902800.0
2011-12-21,35.8085,36.1959,35.5453,36.1008,3783800.0
2011-12-22,36.1593,36.8391,35.9546,36.5833,2096300.0
2011-12-23,36.8245,36.9926,36.4663,36.9926,1042400.0
2011-12-27,36.7879,37.1168,36.5686,36.5686,1041500.0
2011-12-28,36.5686,36.6856,36.0351,36.1593,1074700.0
2011-12-29,36.3567,37.168,36.342,36.9414,1165000.0
2011-12-30,36.6929,36.8171,36.2324,36.2836,1342900.0
2012-01-03,37.3946,38.2644,37.2996,37.6066,2002700.0
2012-01-04,37.3215,37.4896,36.8976,37.1388,1774700.0
2012-01-05,36.8098,37.5188,36.2982,37.4531,1572400.0
2012-01-06,37.4165,37.7674,37.1388,37.3434,1590100.0
2012-01-09,37.4384,37.7601,37.1899,37.3507,1604000.0
2012-01-10,37.877,38.0744,37.7162,37.9355,2460600.0
2012-01-11,37.665,37.9574,37.38,37.8258,1887800.0
2012-01-12,38.067,38.2936,37.5627,37.9428,1739700.0
2012-01-13,37.263,38.1036,36.9633,37.57,1745700.0
2012-01-17,38.2132,38.4033,37.6285,37.7089,1291600.0
2012-01-18,37.7162,38.4252,37.4238,38.374,1277500.0
2012-01-19,38.396,39.3316,38.2425,39.2146,1982300.0
2012-01-20,39.3827,40.1941,39.2365,39.9675,2276600.0
2012-01-23,40.1429,40.6472,39.7921,40.0186,1791800.0
2012-01-24,39.507,39.814,39.3243,39.6386,1635300.0
2012-01-25,39.4485,39.8651,39.3827,39.6751,1846500.0
2012-01-26,39.9163,40.2964,39.5728,39.9675,2844500.0
2012-01-27,39.719,39.8725,38.9222,39.2292,2971700.0
2012-01-30,38.7103,39.2804,38.2205,38.9442,1414200.0
2012-01-31,39.0757,39.2146,38.6079,39.1415,2639600.0
2012-02-01,40.1575,40.4937,39.4339,40.0406,3251800.0
2012-02-02,37.4019,37.7527,35.9181,36.8245,8593900.0
2012-02-03,37.2557,39.2219,37.1388,39.2146,3353500.0
2012-02-06,38.8345,39.7482,38.5568,39.7116,2837900.0
2012-02-07,39.4009,40.1502,39.2319,40.1429,2709600.0
2012-02-08,40.2384,40.4515,39.8784,40.1282,2545400.0
2012-02-09,40.3853,40.6866,39.6507,39.7462,2643300.0
2012-02-10,39.1584,39.8343,38.9307,39.8123,2200600.0
2012-02-13,40.2237,40.5176,39.7168,40.4368,2024800.0
2012-02-14,40.3192,40.7013,39.9445,40.6425,2523600.0
2012-02-15,40.7233,40.7747,40.0621,40.3045,2697300.0
2012-02-16,40.356,41.2302,40.1282,40.929,1418700.0
2012-02-17,41.1788,41.6123,41.0466,41.5388,1422300.0
2012-02-21,41.6343,41.7151,41.1274,41.2817,1533900.0
2012-02-22,41.4947,41.4947,40.8776,41.0245,1825600.0
2012-02-23,40.9584,41.5608,40.8482,41.5094,1623600.0
2012-02-24,41.6784,41.8474,41.2523,41.4433,1094200.0
2012-02-27,40.8702,41.5461,40.7674,41.289,1133300.0
2012-02-28,41.3331,41.4359,41.0833,41.2743,2140800.0
2012-02-29,41.2523,41.4139,40.8849,40.9657,1979800.0
2012-03-01,41.1788,41.6343,41.0612,41.267,1277900.0
2012-03-02,41.3551,41.5755,40.9878,41.0245,991800.0
2012-03-05,40.8629,40.9804,40.5911,40.8041,1654000.0
2012-03-06,40.2384,40.3707,39.7241,39.7976,1488400.0
2012-03-07,39.9886,40.2604,39.8637,40.0768,1140200.0
2012-03-08,40.4662,40.7233,40.2825,40.6425,1309100.0
2012-03-09,40.7306,41.5682,40.569,41.2008,1272500.0
2012-03-12,41.1935,41.4286,40.5249,41.0319,1079100.0
2012-03-13,41.2817,42.3543,41.1494,42.3176,2114600.0
2012-03-14,42.3029,42.4792,41.6784,41.6931,1625000.0
2012-03-15,41.7298,42.6922,41.4433,42.6261,1644500.0
2012-03-16,43.0743,43.111,42.3469,42.4057,1687900.0
2012-03-19,42.1265,42.9567,42.0163,42.6775,1272600.0
2012-03-20,42.0384,42.6775,41.9649,42.0751,1710400.0
2012-03-21,42.1486,42.5453,41.9649,42.1633,1541800.0
2012-03-22,41.6784,41.8253,41.3772,41.5021,1609200.0
2012-03-23,41.0172,42.0898,41.0172,41.9502,1735200.0
2012-03-26,42.3176,42.7951,42.2441,42.7951,1199300.0
2012-03-27,42.8098,42.8833,42.3837,42.391,1167900.0
2012-03-28,42.2808,42.5159,41.6637,42.4792,1501200.0
2012-03-29,41.84,41.8767,41.0759,41.458,2285300.0
2012-03-30,41.4506,42.2588,41.4506,41.9723,1276400.0
2012-04-02,42.009,42.5673,41.9355,42.4351,1419900.0
2012-04-03,42.222,42.3029,41.6196,41.8474,1184800.0
2012-04-04,41.3625,41.6637,41.0833,41.1935,1137100.0
2012-04-05,40.8335,41.1053,40.4074,40.7968,1638400.0
2012-04-09,39.8711,40.2458,39.8417,40.0107,1379200.0
2012-04-10,40.0033,40.2164,39.0629,39.0997,1654500.0
2012-04-11,39.8049,40.2678,39.4817,39.5625,1328100.0
2012-04-12,39.7315,40.3266,39.6947,40.209,1599500.0
2012-04-13,39.9813,40.0033,39.0335,39.0335,1472500.0
2012-04-16,39.3054,39.6066,39.0776,39.4082,1410800.0
2012-04-17,39.8343,40.7674,39.7829,40.5323,1397400.0
2012-04-18,40.1576,40.2972,39.5992,39.6433,1389500.0
2012-04-19,39.5845,39.849,38.9748,39.3494,1827100.0
2012-04-20,39.5405,39.7535,39.1511,39.2686,1515100.0
2012-04-23,38.5707,39.0335,38.1666,38.8205,1961100.0
2012-04-24,38.2621,38.8572,37.8066,38.534,3172900.0
2012-04-25,38.9454,39.4523,38.8278,39.3788,1783800.0
2012-04-26,39.2833,40.0327,39.129,39.8564,1617400.0
2012-04-27,39.8858,40.0768,39.4743,39.7315,1244300.0
2012-04-30,39.7462,40.0254,39.5845,39.827,859300.0
2012-05-01,39.6419,40.4109,39.6419,39.8637,1263900.0
2012-05-02,39.6936,39.7824,39.2426,39.494,1534500.0
2012-05-03,39.5162,39.5975,38.8507,39.0429,1670700.0
2012-05-04,38.7398,38.9024,37.8598,38.4514,1776100.0
2012-05-07,38.2295,38.6214,38.0299,38.5031,1405500.0
2012-05-08,38.1556,38.3996,37.638,38.089,1651500.0
2012-05-09,37.4383,37.8154,37.2091,37.4161,1784200.0
2012-05-10,37.7045,38.0964,37.4309,37.5492,895300.0
2012-05-11,37.0982,37.7341,36.758,37.32,906100.0
2012-05-14,36.6027,37.1795,36.4918,36.7211,1631100.0
2012-05-15,36.6693,36.9799,36.3144,36.3661,1027100.0
2012-05-16,36.5732,36.7063,35.3605,35.3827,1844800.0
2012-05-17,35.3531,35.5232,34.8946,34.902,1814500.0
2012-05-18,35.1386,35.3087,34.2513,34.3179,1535800.0
2012-05-21,34.3622,35.1312,34.1256,35.1239,1277600.0
2012-05-22,35.3457,35.782,34.7541,34.9834,1365600.0
2012-05-23,34.6136,35.1091,34.3252,34.9907,1765300.0
2012-05-24,35.22,35.4418,34.8576,35.4196,1649100.0
2012-05-25,35.3087,35.7376,35.257,35.3309,1380100.0
2012-05-29,35.5823,35.8855,35.4936,35.7894,952400.0
2012-05-30,35.3753,35.6045,35.2865,35.4344,1675900.0
2012-05-31,35.3679,35.7672,34.8724,35.4344,1711100.0
2012-06-01,34.5323,34.5693,33.852,33.8742,2167000.0
2012-06-04,34.096,34.3031,33.4675,33.6154,1331900.0
2012-06-05,33.4749,34.5841,33.4009,34.4362,1532000.0
2012-06-06,34.658,35.7672,34.5841,35.7672,1492000.0
2012-06-07,36.5066,36.7432,35.6267,35.6858,1793900.0
2012-06-08,35.4936,36.0186,35.0277,35.8855,1412100.0
2012-06-11,36.4401,36.4401,35.1312,35.1756,1371500.0
2012-06-12,35.4714,35.7598,35.0795,35.7376,1395800.0
2012-06-13,35.5158,35.5527,34.7985,34.9316,1487500.0
2012-06-14,35.0869,35.5305,34.9834,35.4344,1494700.0
2012-06-15,35.5527,36.8098,35.5527,36.7876,2084800.0
2012-06-18,36.4918,36.7654,36.2774,36.7137,1121200.0
2012-06-19,36.8911,37.7045,36.6915,37.4901,1773000.0
2012-06-20,37.5788,38.37,37.4827,37.8154,2186400.0
2012-06-21,37.9485,38.0225,36.6619,36.6989,1698700.0
2012-06-22,36.9133,37.9042,36.9133,37.5788,2025000.0
2012-06-25,36.9799,36.9799,36.0703,36.5584,1560700.0
2012-06-26,36.588,37.1573,36.4031,36.8172,1316400.0
2012-06-27,36.9503,37.6454,36.8468,37.4901,1391100.0
2012-06-28,37.2609,37.5936,36.8985,37.564,947300.0
2012-06-29,38.651,38.7176,38.3626,38.6436,1417000.0
2012-07-02,38.7176,38.895,38.2517,38.444,1336900.0
2012-07-03,38.3331,38.8063,38.2665,38.7028,744900.0
2012-07-05,38.4292,38.5475,37.9929,38.0299,1203800.0
2012-07-06,37.5049,37.919,37.4457,37.6823,1077200.0
2012-07-09,37.6454,37.675,37.0612,37.2609,1084500.0
2012-07-10,37.6158,38.0225,37.0316,37.1425,1468800.0
2012-07-11,37.1499,37.4531,36.8616,37.3052,1046600.0
2012-07-12,36.8763,36.9503,36.3809,36.6841,1027100.0
2012-07-13,36.8246,37.9116,36.758,37.7933,777600.0
2012-07-16,37.5345,37.675,37.2683,37.4014,634600.0
2012-07-17,37.7119,37.9264,37.0021,37.9042,908100.0
2012-07-18,37.882,38.9024,37.6676,38.5623,1337200.0
2012-07-19,38.6214,38.932,38.1334,38.3848,1238700.0
2012-07-20,37.9485,38.0669,37.1647,37.1943,1178100.0
2012-07-23,36.3365,36.5954,35.8041,36.3513,1608100.0
2012-07-24,36.307,36.307,35.464,35.8411,1384300.0
2012-07-25,35.9372,36.1073,35.3753,35.4788,1630700.0
2012-07-26,36.477,37.6897,36.4623,37.5345,1999400.0
2012-07-27,37.9929,39.1908,37.7119,38.8433,2143200.0
2012-07-30,38.7619,39.1243,38.5327,38.6214,1071700.0
2012-07-31,38.4007,38.4826,38.1103,38.2443,1433400.0
2012-08-01,38.6761,38.7804,38.1624,38.2071,1369000.0
2012-08-02,37.7604,38.1029,37.2244,37.8274,1072700.0
2012-08-03,38.6315,39.3089,38.5496,39.1824,916000.0
2012-08-06,39.2271,39.577,39.026,39.3685,1073500.0
2012-08-07,39.5993,40.7756,39.5248,40.3885,1746000.0
2012-08-08,40.1353,40.6192,40.1055,40.5746,1040300.0
2012-08-09,40.4257,40.7384,40.1874,40.4778,986400.0
2012-08-10,40.3214,40.6565,40.1874,40.5746,720900.0
2012-08-13,40.3885,40.5895,40.18,40.4406,591400.0
2012-08-14,40.7681,40.8351,40.3512,40.4555,892100.0
2012-08-15,40.3959,40.582,40.2396,40.4927,762000.0
2012-08-16,40.5299,41.0659,40.3512,40.9021,1194900.0
2012-08-17,41.0213,41.2223,40.9245,41.1702,900600.0
2012-08-20,40.9989,41.1478,40.7458,40.9468,522100.0
2012-08-21,40.9468,41.535,40.6862,40.85,650700.0
2012-08-22,40.7086,41.0138,40.5001,40.8128,527300.0
2012-08-23,40.7681,40.9096,40.448,40.5001,513500.0
2012-08-24,40.381,41.1702,40.2842,41.0808,817900.0
2012-08-27,41.1329,41.1851,40.247,40.314,1096100.0
2012-08-28,40.247,40.8277,40.1502,40.5522,900800.0
2012-08-29,40.6565,40.9096,40.4629,40.5373,580800.0
2012-08-30,40.247,40.8351,40.0013,40.6118,794800.0
2012-08-31,40.9468,41.2818,40.5671,40.8798,697600.0
2012-09-04,40.85,41.1702,40.4927,40.6565,831500.0
2012-09-05,40.5597,40.7979,40.3661,40.4852,902500.0
2012-09-06,40.9096,41.803,40.8873,41.6987,919900.0
2012-09-07,41.7136,42.1901,41.6913,42.0412,682800.0
2012-09-10,42.1752,42.1752,41.5871,41.602,947800.0
2012-09-11,41.602,42.0114,41.5871,41.803,850600.0
2012-09-12,42.071,42.3539,41.9519,42.1827,846700.0
2012-09-13,41.6987,43.2994,41.5126,43.2696,1951600.0
2012-09-14,43.3143,45.0192,43.2696,44.0737,2585400.0
2012-09-17,44.0216,44.0216,43.3441,43.4334,973300.0
2012-09-18,43.3664,43.6121,43.1207,43.3217,882200.0
2012-09-19,43.2473,43.426,42.942,43.0388,1001200.0
2012-09-20,42.674,42.8453,42.3837,42.7708,1135800.0
2012-09-21,43.0239,43.3738,42.7634,42.8825,1443400.0
2012-09-24,42.5624,43.0463,42.3986,42.741,745700.0
2012-09-25,43.0165,43.0984,41.6094,41.6243,1192700.0
2012-09-26,41.6541,42.004,41.2074,41.7509,1763000.0
2012-09-27,42.1082,42.5921,41.9295,42.3911,883500.0
2012-09-28,42.3911,42.4283,41.8402,42.205,781100.0
2012-10-01,42.5698,42.9718,42.0412,42.1976,857000.0
2012-10-02,42.4507,42.4805,41.8774,42.0114,880400.0
2012-10-03,42.2348,42.3316,41.8104,42.0487,991100.0
2012-10-04,42.3762,43.2771,42.3762,43.009,1512600.0
2012-10-05,43.3143,43.5749,42.9346,43.0537,1415200.0
2012-10-08,42.8155,43.1058,42.7038,42.9495,511200.0
2012-10-09,42.7634,43.1133,42.5847,42.6591,855900.0
2012-10-10,42.7113,42.8453,42.2124,42.272,1028200.0
2012-10-11,42.7708,42.8602,42.2869,42.3092,1359100.0
2012-10-12,42.3018,42.4283,41.4382,41.6615,920700.0
2012-10-15,41.8402,42.0114,41.5499,41.8328,1030100.0
2012-10-16,42.2348,43.3143,42.2348,43.0984,1153200.0
2012-10-17,43.2249,44.029,43.1505,43.9173,990500.0
2012-10-18,43.8056,44.1258,43.5972,43.8652,942100.0
2012-10-19,43.6791,43.8503,42.8378,43.0314,872200.0
2012-10-22,43.7163,43.7163,42.7931,43.3813,1238800.0
2012-10-23,42.4507,42.741,42.2348,42.5251,1708500.0
2012-10-24,42.8155,43.1654,42.3688,42.4879,1590100.0
2012-10-25,43.6195,45.1755,43.493,43.9248,2488700.0
2012-10-26,43.9024,44.297,43.2771,44.1481,1763300.0
2012-10-31,43.8534,44.2135,41.7751,43.4557,2876400.0
2012-11-01,43.7183,44.7987,43.3882,44.7762,1412200.0
2012-11-02,45.0163,45.549,44.8287,45.1063,3249800.0
2012-11-05,44.7687,45.2414,44.5211,45.1063,1670500.0
2012-11-06,45.2189,45.7966,45.0913,45.3539,1247100.0
2012-11-07,44.7537,44.7612,43.5683,43.9659,1545200.0
2012-11-08,44.0334,44.5736,43.5083,43.5233,1333300.0
2012-11-09,43.3057,44.0034,43.0956,43.5533,664000.0
2012-11-12,43.5533,44.8512,43.3657,43.8084,1042500.0
2012-11-13,43.3282,44.7012,43.2607,43.9284,1613400.0
2012-11-14,44.0635,44.206,43.0731,43.2006,1541500.0
2012-11-15,43.0656,43.7934,42.9155,43.5608,1582700.0
2012-11-16,43.0806,43.8909,43.0806,43.8009,1957700.0
2012-11-19,44.4761,44.9188,44.3936,44.8212,1339600.0
2012-11-20,44.7312,44.8437,44.4011,44.8437,1352200.0
2012-11-21,44.9113,45.2489,44.6337,45.1439,1021900.0
2012-11-23,45.489,45.8266,45.3839,45.7666,864200.0
2012-11-26,45.4665,45.6165,45.3239,45.3914,1570700.0
2012-11-27,45.3014,45.7516,45.1138,45.1288,1172800.0
2012-11-28,44.7537,45.5715,44.6037,45.534,1237500.0
2012-11-29,45.7291,46.3143,45.579,46.1117,1289800.0
2012-11-30,46.0517,46.3218,45.519,45.519,1310200.0
2012-12-03,45.7066,46.1342,45.624,45.8416,1355700.0
2012-12-04,45.7216,45.8566,45.429,45.474,912600.0
2012-12-05,45.474,46.0367,45.3764,45.8566,776100.0
2012-12-06,45.7741,46.3818,45.5715,46.3518,1093800.0
2012-12-07,46.4418,47.042,46.3893,46.7794,1647100.0
2012-12-10,46.4643,46.5168,45.9842,45.9842,1557500.0
2012-12-11,46.2768,46.4643,46.0592,46.1492,1386300.0
2012-12-12,46.3293,47.0871,46.2618,46.4418,1533300.0
2012-12-13,46.3518,46.4343,45.8566,46.0517,1066000.0
2012-12-14,45.9241,46.2092,45.8341,45.9316,750800.0
2012-12-17,46.2392,46.892,46.1792,46.8845,974500.0
2012-12-18,46.862,47.7098,46.7269,47.6573,1607700.0
2012-12-19,47.6348,47.8298,47.1996,47.1996,1085900.0
2012-12-20,47.1996,47.6573,47.1396,47.6498,908200.0
2012-12-21,47.0195,47.3196,46.6969,47.0195,1596800.0
2012-12-24,46.922,47.2746,46.817,47.1846,470800.0
2012-12-26,47.2371,47.3572,46.8245,46.8695,636200.0
2012-12-27,46.922,47.1171,46.2392,46.9445,879500.0
2012-12-28,46.5844,47.0946,46.5093,46.6594,824400.0
2012-12-31,46.5168,46.997,46.3593,46.9895,1002800.0
2013-01-02,48.205,49.0002,48.1374,48.9777,1742100.0
2013-01-03,48.9252,49.5254,48.8127,48.8952,1461500.0
2013-01-04,48.9477,49.5404,48.8427,49.4804,761700.0
2013-01-07,49.2553,49.3304,48.7527,48.9552,1069900.0
2013-01-08,47.9424,48.5276,47.7098,48.0024,1334300.0
2013-01-09,48.205,48.4751,48.1149,48.22,899300.0
2013-01-10,48.6176,48.7677,48.385,48.7677,845300.0
2013-01-11,48.5951,49.0378,48.4826,48.8202,970000.0
2013-01-14,48.8277,49.0528,48.7377,48.9927,1291600.0
2013-01-15,48.7151,48.8577,48.31,48.6776,1170000.0
2013-01-16,48.4901,48.5426,48.0924,48.205,1104800.0
2013-01-17,48.415,49.2178,48.3325,49.0678,1152000.0
2013-01-18,48.9627,49.4579,48.6101,49.4429,1187000.0
2013-01-22,49.2854,49.9156,49.2328,49.9156,767300.0
2013-01-23,49.788,49.8781,49.4804,49.8406,598900.0
2013-01-24,49.9156,50.5008,49.8105,50.1782,1138900.0
2013-01-25,50.3432,50.5533,49.9456,50.5533,818700.0
2013-01-28,50.5683,50.5683,49.7655,50.1107,768500.0
2013-01-29,49.8931,50.5758,49.7055,50.5608,1295900.0
2013-01-30,50.4108,50.5083,49.7505,50.1632,1564600.0
2013-01-31,50.1632,50.5983,49.3079,49.758,2093300.0
2013-02-01,50.3807,50.5233,49.8856,50.3807,1425900.0
2013-02-04,50.0356,50.0881,48.8727,49.0002,3054400.0
2013-02-05,49.4729,49.9156,49.3304,49.728,1391300.0
2013-02-06,49.3637,49.9756,49.3109,49.9756,1196000.0
2013-02-07,50.2173,50.3986,49.4544,49.9529,1196800.0
2013-02-08,50.0134,50.3231,49.9152,50.2249,767000.0
2013-02-11,50.1569,50.376,49.9832,50.2249,598800.0
2013-02-12,50.3911,51.018,50.308,50.9803,1349000.0
2013-02-13,50.9878,51.5317,50.8518,51.2824,1081800.0
2013-02-14,51.0482,52.2115,51.0482,52.1511,1317000.0
2013-02-15,52.2493,52.3777,51.9018,51.9471,1571600.0
2013-02-19,51.9925,52.2342,51.9925,52.1435,1243800.0
2013-02-20,52.0755,52.1737,51.2824,51.3277,1400600.0
2013-02-21,51.1389,51.2295,50.6554,50.799,1053700.0
2013-02-22,50.9878,51.3126,50.9727,51.3126,927600.0
2013-02-25,51.5997,51.9169,50.0436,50.0436,1457600.0
2013-02-26,50.3533,50.527,49.817,50.3231,1596000.0
2013-02-27,50.0889,51.577,50.0889,51.4486,1115800.0
2013-02-28,51.4486,52.2342,51.3504,51.8414,1509800.0
2013-03-01,51.3957,51.6525,50.5648,51.4259,1850600.0
2013-03-04,51.3655,52.0529,51.2069,52.0227,1213300.0
2013-03-05,52.4004,53.3068,52.2568,53.0802,1701300.0
2013-03-06,53.2615,53.337,52.9895,53.2615,1940400.0
2013-03-07,53.3974,53.6845,53.1935,53.4352,883800.0
2013-03-08,53.7751,54.4701,53.7525,54.455,1483200.0
2013-03-11,54.4248,54.7496,54.3115,54.5456,1498200.0
2013-03-12,54.455,54.6514,54.2586,54.3266,987500.0
2013-03-13,54.5381,55.4445,54.1377,55.4067,1164700.0
2013-03-14,55.7844,56.2905,55.5729,56.2452,1636400.0
2013-03-15,55.792,56.3812,55.5805,56.147,2201100.0
2013-03-18,55.4143,56.4341,55.3463,56.0262,1786800.0
2013-03-19,56.2301,56.4643,55.6485,55.8751,2031200.0
2013-03-20,56.1697,56.7589,56.1621,56.5625,973700.0
2013-03-21,56.2754,56.6531,55.5956,55.6258,1438500.0
2013-03-22,55.7995,55.9733,55.5201,55.6334,1027800.0
2013-03-25,55.9582,56.1848,55.1273,55.4974,1031500.0
2013-03-26,55.6787,56.0715,55.3992,55.6636,1732600.0
2013-03-27,54.9535,55.2859,54.8704,55.1801,2034400.0
2013-03-28,55.1197,55.7618,55.0291,55.6334,1346600.0
2013-04-01,55.5352,55.8977,54.9158,55.0442,1095900.0
2013-04-02,55.233,55.5427,55.0291,55.4672,1672900.0
2013-04-03,55.6258,55.6334,54.0471,54.2435,1216400.0
2013-04-04,54.3568,54.742,54.1604,54.387,985000.0
2013-04-05,53.3823,54.0622,53.0802,53.9942,979200.0
2013-04-08,53.8507,54.6514,53.7525,54.6363,811700.0
2013-04-09,54.7118,55.2934,54.4701,54.9988,696500.0
2013-04-10,54.9837,56.3283,54.9837,56.2528,891400.0
2013-04-11,56.351,57.0308,56.2679,56.8646,1046500.0
2013-04-12,56.4869,56.7211,56.0715,56.4492,647400.0
2013-04-15,56.2528,56.2981,54.2963,54.3341,1269800.0
2013-04-16,55.0593,55.301,54.4625,55.2481,1178200.0
2013-04-17,54.6891,54.7345,53.5032,53.8582,1515500.0
2013-04-18,53.9866,53.9942,52.3777,52.5741,2061900.0
2013-04-19,52.9518,54.5456,52.7554,54.523,1887200.0
2013-04-22,54.3719,54.81,53.5183,54.674,1189100.0
2013-04-23,55.1424,56.3283,55.014,55.6258,1648200.0
2013-04-24,55.7391,55.8826,54.8176,54.878,1605500.0
2013-04-25,55.2708,56.1017,55.014,55.8826,1028500.0
2013-04-26,55.7013,56.011,55.3463,55.5049,863200.0
2013-04-29,55.6409,56.1772,55.3765,56.0337,927400.0
2013-04-30,56.0639,56.5776,55.6258,56.2981,1098300.0
2013-05-01,56.1697,56.1697,55.0741,55.1122,1540900.0
2013-05-02,55.4545,56.086,55.0056,55.9642,1560900.0
2013-05-03,56.7326,57.7902,56.5501,57.6684,1688800.0
2013-05-06,57.6228,58.4064,57.5619,58.3075,1076100.0
2013-05-07,58.627,59.0303,58.2086,58.8477,959700.0
2013-05-08,58.7335,58.764,58.2771,58.5738,1350500.0
2013-05-09,58.5814,58.8248,58.1173,58.2314,1086900.0
2013-05-10,58.2923,59.5324,58.201,59.4943,1052700.0
2013-05-13,59.4183,60.2932,59.0759,60.141,1316300.0
2013-05-14,60.141,61.5865,60.0345,61.5181,1444500.0
2013-05-15,61.1909,62.043,60.9779,62.0354,1077400.0
2013-05-16,61.7463,62.218,61.1301,61.2137,1075800.0
2013-05-17,61.6474,62.3321,61.5485,62.1495,1055500.0
2013-05-20,61.9974,62.4082,61.9517,62.1647,994000.0
2013-05-21,62.2104,62.4082,61.7539,62.0278,1382400.0
2013-05-22,62.2104,63.1233,61.1985,61.48,1405600.0
2013-05-23,60.5214,61.693,60.2095,61.1605,1081400.0
2013-05-24,60.6279,61.092,60.3617,61.0159,721300.0
2013-05-28,62.1267,63.0929,62.0354,62.781,994000.0
2013-05-29,62.1952,62.9027,62.0126,62.4767,985200.0
2013-05-30,62.4995,64.1276,62.3093,63.8613,1204000.0
2013-05-31,63.3059,63.7092,62.0202,62.0202,1207700.0
2013-06-03,62.3169,62.5756,61.0844,61.6474,2277000.0
2013-06-04,61.7767,63.0016,61.7083,62.5223,1683800.0
2013-06-05,62.2408,62.3245,60.5899,60.6584,1547200.0
2013-06-06,60.6584,61.6398,60.354,61.6398,1039600.0
2013-06-07,62.1876,63.2831,61.7387,63.1994,1305800.0
2013-06-10,63.5114,63.6559,62.7506,63.2527,1056600.0
2013-06-11,62.4462,63.6787,62.0963,62.781,1169500.0
2013-06-12,63.3364,63.5494,61.6474,61.7083,872000.0
2013-06-13,61.693,63.3059,61.5105,63.1386,676700.0
2013-06-14,63.0244,63.2299,62.005,62.2789,1395400.0
2013-06-17,62.8723,63.5037,62.5984,62.8723,1194600.0
2013-06-18,63.1157,63.7548,63.032,63.4429,746200.0
2013-06-19,63.3288,63.7168,62.0202,62.0278,1589900.0
2013-06-20,61.3355,61.8224,59.8976,60.1486,2072200.0
2013-06-21,60.9246,61.0996,59.54,60.2247,2169600.0
2013-06-24,59.5324,59.6465,58.4064,58.9237,1527100.0
2013-06-25,59.6237,60.6584,59.2661,60.3008,1003100.0
2013-06-26,60.9246,61.5409,60.8029,61.1148,1233000.0
2013-06-27,61.617,62.1952,61.3811,62.1495,967800.0
2013-06-28,61.9289,61.9441,61.1909,61.5333,945200.0
2013-07-01,62.0811,62.7049,61.9061,61.9593,956400.0
2013-07-02,61.9061,62.6973,61.7311,62.2484,943900.0
2013-07-03,61.6246,61.8756,61.2366,61.7159,573900.0
2013-07-05,62.4082,63.2375,62.0582,63.2222,466100.0
2013-07-08,63.7168,64.1961,63.4505,63.5874,624600.0
2013-07-09,64.2493,64.6678,63.557,64.6069,777600.0
2013-07-10,64.4091,64.7971,63.8689,64.333,1006600.0
2013-07-11,65.5579,65.8698,65.1471,65.7785,1042100.0
2013-07-12,65.8318,66.022,65.4362,65.885,1048600.0
2013-07-15,66.1285,66.1894,65.6644,65.6796,873100.0
2013-07-16,65.6796,65.9611,64.8504,64.9721,910700.0
2013-07-17,65.109,65.9611,64.8656,65.2688,932500.0
2013-07-18,65.6035,66.235,65.246,66.0676,1214200.0
2013-07-19,65.7481,66.0448,65.2992,65.6644,901500.0
2013-07-22,65.6796,66.5469,65.6112,66.4632,615500.0
2013-07-23,66.6458,66.7295,65.9003,65.9383,1028800.0
2013-07-24,66.2578,66.4176,65.3677,65.6112,1501800.0
2013-07-25,66.1209,67.148,65.7481,66.6458,2059800.0
2013-07-26,66.0296,67.0947,66.0296,67.0871,1245500.0
2013-07-29,66.7676,66.973,66.3339,66.6534,1022200.0
2013-07-30,67.1023,67.7946,66.7676,67.6881,1375500.0
2013-07-31,67.6268,68.3155,67.4508,67.711,1446400.0
2013-08-01,68.8359,69.7466,68.5987,69.6241,1199400.0
2013-08-02,69.3869,69.8078,69.1956,69.8001,741800.0
2013-08-05,69.4022,69.7925,69.0502,69.7542,723700.0
2013-08-06,69.4634,69.67,68.6293,68.767,964600.0
2013-08-07,68.5681,68.7517,67.7951,68.5221,907900.0
2013-08-08,69.2415,69.4634,68.1319,68.8129,743800.0
2013-08-09,68.6905,69.2721,68.4915,68.9354,669500.0
2013-08-12,68.6369,68.9507,68.0783,68.3461,1050600.0
2013-08-13,68.6675,69.4558,68.2619,69.0808,556400.0
2013-08-14,68.9966,69.3945,68.6216,68.6446,666800.0
2013-08-15,67.9864,68.1165,66.961,67.1906,756300.0
2013-08-16,67.114,67.9023,66.9686,67.5196,965900.0
2013-08-19,67.5196,67.8028,66.7161,66.7314,795000.0
2013-08-20,66.8385,67.6268,66.5707,67.3666,660000.0
2013-08-21,67.1523,67.7416,66.5631,66.9227,706700.0
2013-08-22,67.2518,68.3002,66.9839,68.1319,589400.0
2013-08-23,68.1472,68.3079,67.3742,68.1319,470100.0
2013-08-26,68.1242,68.4915,67.5732,67.5732,607700.0
2013-08-27,66.5401,66.8615,65.3769,65.3769,860400.0
2013-08-28,65.3845,66.4176,65.2315,65.9202,723000.0
2013-08-29,65.5452,67.2824,65.5452,66.6625,704900.0
2013-08-30,66.6855,66.7773,65.5146,65.9279,738300.0
2013-09-03,67.0299,67.5885,65.8743,66.6396,894900.0
2013-09-04,66.1039,67.3054,65.7595,66.9533,1058500.0
2013-09-05,66.9151,67.841,66.7773,67.1829,1031900.0
2013-09-06,67.2288,67.5273,65.9279,67.0299,668000.0
2013-09-09,67.2288,68.1165,67.2212,68.0324,694300.0
2013-09-10,68.6981,69.7313,68.6675,69.4252,857900.0
2013-09-11,69.3257,69.6394,68.9124,69.6088,680100.0
2013-09-12,69.5476,69.7313,68.9736,69.1726,549000.0
2013-09-13,69.4634,69.5246,68.8206,69.4864,632300.0
2013-09-16,70.4736,70.8945,70.1675,70.8332,1079600.0
2013-09-17,70.8332,71.7439,70.7797,71.4225,1519900.0
2013-09-18,71.3919,72.1725,70.971,71.9046,1247100.0
2013-09-19,72.1725,72.2796,71.346,71.4914,1022400.0
2013-09-20,71.6138,71.9658,70.3511,70.5731,1545000.0
2013-09-23,69.9455,70.4506,69.4328,69.9073,902700.0
2013-09-24,69.9532,70.3205,69.5629,69.6394,1010900.0
2013-09-25,69.7772,70.3588,69.517,69.7619,689500.0
2013-09-26,69.8078,70.5348,69.6394,70.0909,532800.0
2013-09-27,69.4405,70.0833,69.2262,69.9685,494800.0
2013-09-30,69.1497,70.0297,68.966,69.7007,721800.0
2013-10-01,69.7925,70.5578,69.6547,70.5424,677200.0
2013-10-02,69.4711,70.5271,69.4252,70.5271,676400.0
2013-10-03,70.1445,70.4965,68.9124,70.068,906300.0
2013-10-04,69.9761,71.1087,69.2951,71.0858,664300.0
2013-10-07,70.2363,70.9327,69.9991,70.3205,852100.0
2013-10-08,70.42,70.6725,68.7364,68.7594,1141800.0
2013-10-09,69.0578,69.6241,68.392,69.2338,686800.0
2013-10-10,70.6878,71.4761,70.5042,71.4378,882700.0
2013-10-11,71.2771,72.4939,71.2771,72.1648,1069200.0
2013-10-14,71.5449,72.4556,71.0858,72.3485,832900.0
2013-10-15,72.1572,72.5551,71.5296,71.6827,956500.0
2013-10-16,72.3638,73.902,72.249,73.8254,994800.0
2013-10-17,73.7183,75.1647,73.2591,75.0958,1495300.0
2013-10-18,75.4784,76.4044,75.0652,76.3355,963800.0
2013-10-21,76.3814,76.4656,75.6085,75.8228,1062100.0
2013-10-22,75.7998,76.6722,75.7616,76.3432,878100.0
2013-10-23,76.0065,76.1442,75.1494,75.5626,935000.0
2013-10-24,75.8993,76.3508,75.4631,76.1672,792800.0
2013-10-25,76.4274,76.6569,75.9759,76.1901,860900.0
2013-10-28,76.259,76.3432,75.5396,75.6927,901400.0
2013-10-29,75.6927,76.3279,75.6927,76.06,1113900.0
2013-10-30,75.6621,78.2564,75.6621,77.1314,1387200.0
2013-10-31,77.0625,77.9656,76.7641,76.9401,989600.0
2013-11-01,77.0396,77.514,76.7335,77.338,925600.0
2013-11-04,77.2921,77.7513,77.1008,77.4758,988600.0
2013-11-05,77.3151,77.8814,76.963,77.4987,689900.0
2013-11-06,77.9181,78.6181,77.8796,78.2181,1323000.0
2013-11-07,78.6258,79.118,77.0874,77.2489,1299700.0
2013-11-08,77.2335,79.3949,77.1182,79.318,1584300.0
2013-11-11,79.4642,80.1564,79.1103,79.8718,824100.0
2013-11-12,79.3719,79.8641,78.7334,79.1257,1052000.0
2013-11-13,78.5796,80.1564,78.5258,80.118,1095100.0
2013-11-14,80.1564,81.0025,79.9641,80.9333,671700.0
2013-11-15,80.9948,81.3717,80.7102,81.1256,973600.0
2013-11-18,81.4717,81.6717,80.7102,80.9564,748400.0
2013-11-19,80.9564,81.564,80.8179,80.9179,983800.0
2013-11-20,80.9564,81.7563,80.6179,81.1256,780800.0
2013-11-21,81.2717,82.3101,81.2717,82.1409,1153000.0
2013-11-22,82.1409,82.8332,81.9179,82.7486,1111400.0
2013-11-25,83.0409,83.1639,82.564,82.687,699300.0
2013-11-26,82.764,83.887,82.7101,83.3024,1083600.0
2013-11-27,83.4562,83.8177,83.1178,83.4793,598700.0
2013-11-29,83.687,83.9331,83.2485,83.2639,229400.0
2013-12-02,83.3101,84.2715,83.1409,83.2485,797400.0
2013-12-03,82.6563,83.0485,81.9332,82.2255,941800.0
2013-12-04,81.9255,82.9255,81.3256,82.3101,792200.0
2013-12-05,81.8717,82.0871,81.2871,81.7102,684300.0
2013-12-06,82.8639,84.01,82.8332,83.8331,774100.0
2013-12-09,83.8639,84.5254,83.5639,83.8331,1384500.0
2013-12-10,83.6101,83.6101,82.6178,83.2101,1567100.0
2013-12-11,83.2562,83.5485,81.6794,81.8409,1383800.0
2013-12-12,81.7256,82.5255,81.5486,81.9332,996000.0
2013-12-13,82.1948,82.7101,81.6025,82.0563,1092700.0
2013-12-16,82.6947,83.9946,82.587,83.8408,1318500.0
2013-12-17,83.7254,84.0254,83.4562,83.5178,1324600.0
2013-12-18,83.9331,86.033,82.9255,86.0099,1381300.0
2013-12-19,85.7099,85.8099,85.11,85.2561,1257600.0
2013-12-20,85.5715,86.6637,85.333,86.0022,1415100.0
2013-12-23,86.8714,87.2483,86.0022,86.9714,896400.0
2013-12-24,86.4791,86.9868,86.3022,86.8252,419800.0
2013-12-26,87.0329,87.8098,86.6945,87.5406,512100.0
2013-12-27,87.6175,87.8944,87.1867,87.6406,538000.0
2013-12-30,87.579,87.9405,87.1791,87.3714,609600.0
2013-12-31,87.4867,88.7328,87.4867,88.4944,673100.0
2014-01-02,88.1328,88.3098,87.2406,87.5944,882700.0
2014-01-03,87.579,88.3328,87.2252,87.6098,1076100.0
2014-01-06,88.1098,89.0097,86.7406,87.379,1694400.0
2014-01-07,87.5483,88.5405,87.4021,88.1251,1324500.0
2014-01-08,88.4867,89.7866,88.2636,89.0712,1486300.0
2014-01-09,89.4097,89.8558,88.5713,88.8482,1668100.0
2014-01-10,89.002,89.102,87.9713,88.502,983700.0
2014-01-13,88.4021,88.7097,86.8329,87.056,1006200.0
2014-01-14,87.3944,87.9098,87.0098,87.8482,1173900.0
2014-01-15,87.9867,88.1944,87.456,87.9636,1025300.0
2014-01-16,87.9098,87.9636,87.356,87.4252,809300.0
2014-01-17,87.2867,87.8867,86.9175,87.2021,967400.0
2014-01-21,87.6252,88.1636,87.0637,87.7944,907800.0
2014-01-22,88.079,88.4174,87.4944,88.279,815000.0
2014-01-23,87.7713,87.779,85.4022,85.5638,1233600.0
2014-01-24,84.7484,85.3023,82.0717,82.1409,1216900.0
2014-01-27,82.2178,82.5947,80.141,80.7025,1641500.0
2014-01-28,81.1794,82.0871,80.9718,81.9486,1418500.0
2014-01-29,80.7487,81.6333,80.6333,80.7795,803400.0
2014-01-30,81.4794,82.3178,81.3871,81.864,643500.0
2014-01-31,80.341,82.1178,80.0026,81.2564,1178300.0
2014-02-03,81.264,81.5102,77.9104,78.0489,1539100.0
2014-02-04,80.3872,80.3872,78.1796,79.6411,1100700.0
2014-02-05,81.7794,83.687,79.2796,79.5565,2021700.0
2014-02-06,79.7795,81.3256,79.5949,81.2564,1101500.0
2014-02-07,81.6333,82.8486,81.0718,82.7716,1601200.0
2014-02-10,82.5793,82.7486,81.041,81.4563,1297300.0
2014-02-11,81.2118,82.5181,81.034,82.464,1099600.0
2014-02-12,82.6959,83.1905,82.3635,82.6881,797300.0
2014-02-13,82.0466,83.1132,81.7529,82.9586,734900.0
2014-02-14,82.8736,83.2833,82.3789,82.7731,547800.0
2014-02-18,83.4301,84.0717,83.09,83.4688,770400.0
2014-02-19,83.3374,84.4813,82.3094,82.4408,875800.0
2014-02-20,82.4872,82.7577,81.5365,82.0852,984300.0
2014-02-21,82.5567,83.2446,82.263,82.5567,645500.0
2014-02-24,82.3171,84.4272,82.2089,83.6929,844100.0
2014-02-25,83.3374,83.6311,82.6881,82.9896,698100.0
2014-02-26,83.1983,83.4611,82.2707,82.4099,870100.0
2014-02-27,82.3712,84.0562,82.1239,83.9635,812100.0
2014-02-28,83.7857,85.0919,83.5538,84.2417,852400.0
2014-03-03,82.8736,83.6543,82.5876,83.2833,773900.0
2014-03-04,84.5663,85.5093,84.3654,85.2388,957300.0
2014-03-05,85.1692,85.5325,84.6746,84.9064,817600.0
2014-03-06,85.3084,86.1895,85.1538,85.6716,648300.0
2014-03-07,86.0349,87.5653,86.0349,87.0706,1126700.0
2014-03-10,86.8542,87.1325,86.1663,86.6069,627500.0
2014-03-11,86.6996,87.032,85.517,85.7335,734900.0
2014-03-12,84.9219,85.7335,84.6359,85.718,873400.0
2014-03-13,86.2822,86.5296,84.2031,84.3731,976300.0
2014-03-14,84.2263,84.7905,83.5383,83.6697,839600.0
2014-03-17,84.4659,84.8601,84.0794,84.2185,1034400.0
2014-03-18,84.2649,84.9373,84.2031,84.4813,606900.0
2014-03-19,84.5045,85.0842,83.6311,84.033,904000.0
2014-03-20,83.8784,86.4446,83.7702,86.3518,1238300.0
2014-03-21,87.4726,87.8668,86.2745,86.3982,1142700.0
2014-03-24,86.4368,87.0629,85.3084,85.5789,726500.0
2014-03-25,85.718,86.2745,84.3345,84.8987,985800.0
2014-03-26,85.432,85.7489,84.1026,84.1103,793400.0
2014-03-27,83.7316,84.2494,82.5876,82.719,878600.0
2014-03-28,83.3683,85.1924,83.2137,84.1026,785000.0
2014-03-31,84.9528,85.4475,84.8446,85.0765,817400.0
2014-04-01,85.4629,86.6146,85.3702,86.46,699500.0
2014-04-02,87.604,87.9054,86.9933,87.7044,1409700.0
2014-04-03,87.7276,88.4928,86.6842,87.5499,966300.0
2014-04-04,88.4696,89.2039,86.0967,86.1199,1338800.0
2014-04-07,85.9267,86.1199,82.9896,83.1596,952500.0
2014-04-08,83.1751,83.5461,82.4717,83.0746,1270000.0
2014-04-09,83.6002,84.4813,82.9586,84.4427,1058100.0
2014-04-10,84.2958,84.5586,81.1886,81.1886,1381500.0
2014-04-11,80.2302,80.3693,78.607,78.638,1816500.0
2014-04-14,79.55,79.5578,78.0196,78.7694,1059100.0
2014-04-15,78.9781,79.9906,78.1897,79.8901,1842700.0
2014-04-16,80.6862,81.0727,80.0138,81.0263,789300.0
2014-04-17,81.2737,82.3789,81.2273,81.9538,827200.0
2014-04-21,81.9461,82.3017,81.5596,82.0157,454300.0
2014-04-22,81.9306,82.9277,81.807,82.5413,622500.0
2014-04-23,82.4253,82.8736,82.0157,82.2707,465000.0
2014-04-24,82.7809,82.8968,81.6215,81.8147,673400.0
2014-04-25,81.6292,81.9075,79.8128,80.0215,1144900.0
2014-04-28,80.3848,80.8795,78.5839,80.0061,1202400.0
2014-04-29,83.2987,84.9528,82.6881,84.6746,1687000.0
2014-04-30,84.4349,86.5219,83.8398,86.2822,1516000.0
2014-05-01,86.4059,86.4755,85.4243,86.2591,997000.0
2014-05-02,86.2822,87.4494,86.2822,86.831,725500.0
2014-05-05,85.9808,86.9315,85.1615,86.6919,645500.0
2014-05-06,85.9057,86.4573,85.2608,85.4939,779500.0
2014-05-07,85.758,86.7837,84.9266,86.6982,716300.0
2014-05-08,86.3563,87.5762,86.2553,86.5117,611400.0
2014-05-09,86.4263,86.7215,85.7347,86.4263,669600.0
2014-05-12,87.009,87.6695,86.7138,87.584,661700.0
2014-05-13,87.584,88.0347,86.8458,86.9469,798300.0
2014-05-14,87.1333,87.1333,85.7114,85.8357,515400.0
2014-05-15,85.4628,85.6182,83.3027,84.0953,785900.0
2014-05-16,84.2817,84.8878,83.225,84.5925,689800.0
2014-05-19,84.1341,85.3928,84.103,85.2297,411800.0
2014-05-20,85.1753,85.2685,83.7145,84.2273,668400.0
2014-05-21,84.95,85.7891,84.678,85.5793,710900.0
2014-05-22,85.5793,86.2942,85.2608,85.9057,450800.0
2014-05-23,85.8746,86.5506,85.6648,86.1932,442000.0
2014-05-27,86.403,87.2499,86.232,86.5739,739000.0
2014-05-28,86.333,87.0168,85.9678,86.3874,718700.0
2014-05-29,87.1644,87.7394,86.6982,87.6617,974700.0
2014-05-30,87.281,87.887,86.9469,87.4985,558300.0
2014-06-02,87.7938,88.563,87.0945,88.5319,728500.0
2014-06-03,88.1668,89.2079,87.9337,89.138,780700.0
2014-06-04,89.1691,89.4644,88.4232,89.441,935900.0
2014-06-05,89.3556,90.0937,88.9205,89.9694,615800.0
2014-06-06,90.1248,91.8498,89.9772,91.7177,785000.0
2014-06-09,91.4457,92.1916,91.1194,91.5079,436500.0
2014-06-10,91.0261,91.5623,90.5522,91.4146,535800.0
2014-06-11,90.5599,90.9562,90.4123,90.7386,347300.0
2014-06-12,90.7542,90.8397,89.6975,89.9927,402100.0
2014-06-13,90.1637,90.6221,89.8451,90.1714,469300.0
2014-06-16,89.9461,90.3113,89.4954,89.9306,325500.0
2014-06-17,89.5421,91.3136,89.1691,90.8474,719900.0
2014-06-18,90.8397,91.9974,90.2802,91.842,932400.0
2014-06-19,91.9819,92.1839,91.1194,91.5312,651500.0
2014-06-20,91.7488,92.7511,91.6167,92.5724,989200.0
2014-06-23,92.4947,92.9065,92.1606,92.7589,431500.0
2014-06-24,92.1606,93.0308,91.9741,92.0751,648100.0
2014-06-25,91.5312,92.9531,91.5156,92.6501,530200.0
2014-06-26,92.4636,92.6501,91.57,92.5801,478500.0
2014-06-27,92.417,93.1862,92.2771,93.093,515200.0
2014-06-30,93.0463,93.4892,92.7822,93.2406,610800.0
2014-07-01,93.396,94.7946,93.3572,94.4294,952200.0
2014-07-02,92.1839,94.748,92.1839,94.1031,509400.0
2014-07-03,94.748,95.3385,94.748,95.121,286100.0
2014-07-07,94.5227,94.8723,94.3517,94.7946,309500.0
2014-07-08,94.6081,94.7558,93.9166,94.0953,591500.0
2014-07-09,94.1497,94.7247,93.7301,94.1419,681800.0
2014-07-10,92.4481,93.7379,92.3626,93.4504,546900.0
2014-07-11,93.2484,94.173,92.7822,94.0642,403400.0
2014-07-14,95.0976,95.0976,94.4216,94.6159,668200.0
2014-07-15,94.7169,95.2919,94.2973,95.0277,529600.0
2014-07-16,95.6338,95.8047,94.5227,94.9578,503800.0
2014-07-17,94.3595,95.5483,93.598,93.7923,459200.0
2014-07-18,94.1808,95.1753,93.971,94.9345,415000.0
2014-07-21,94.5149,94.9656,94.173,94.5304,394200.0
2014-07-22,94.8179,95.5638,94.8179,95.3618,387700.0
2014-07-23,95.3307,95.5095,94.8723,95.2841,254200.0
2014-07-24,95.4007,95.6649,95.0044,95.2064,367800.0
2014-07-25,94.7169,95.1598,94.2662,95.0044,321200.0
2014-07-28,94.6858,94.9112,93.7068,94.4061,623200.0
2014-07-29,94.4527,95.1753,93.8933,93.8933,520700.0
2014-07-30,96.2709,98.6796,94.7402,95.9213,1039600.0
2014-07-31,94.9267,95.2453,92.8754,92.9298,870900.0
2014-08-01,92.9298,93.2406,91.0728,91.8653,1004500.0
2014-08-04,91.842,92.8599,91.3991,92.518,604900.0
2014-08-05,91.9119,92.3004,90.8397,91.2126,592500.0
2014-08-06,90.7126,92.3056,90.697,91.267,599600.0
2014-08-07,91.8448,92.2431,90.5955,90.9703,771200.0
2014-08-08,91.4466,92.6647,91.0093,92.5789,774500.0
2014-08-11,92.3446,93.797,92.1025,92.8209,720600.0
2014-08-12,92.6726,93.3207,92.329,92.9302,768500.0
2014-08-13,93.4847,93.8517,93.2972,93.6642,572800.0
2014-08-14,93.7345,94.3124,93.6486,94.0,535100.0
2014-08-15,94.164,94.4607,93.0318,93.8751,739800.0
2014-08-18,94.4373,95.062,94.3592,94.9136,705300.0
2014-08-19,95.0542,95.4993,94.9761,95.1947,714200.0
2014-08-20,95.1713,96.124,94.8746,95.9912,718800.0
2014-08-21,95.8741,96.6081,95.7023,96.4207,532400.0
2014-08-22,96.1318,96.858,96.0849,96.1942,535100.0
2014-08-25,96.9439,97.7013,96.5612,97.6857,453600.0
2014-08-26,97.6076,98.6696,97.1937,98.4509,547100.0
2014-08-27,98.7789,98.9116,98.0058,98.3806,536000.0
2014-08-28,97.5764,97.9746,97.3499,97.7716,373200.0
2014-08-29,98.2089,98.5446,97.6935,98.2011,360200.0
2014-09-02,98.7398,100.0907,98.7398,99.755,839300.0
2014-09-03,100.122,100.3484,98.3026,98.3963,807100.0
2014-09-04,98.5993,99.2474,97.7872,98.0839,540500.0
2014-09-05,97.8653,98.7555,97.1469,98.7086,529200.0
2014-09-08,98.3416,99.0288,98.2479,98.6305,598300.0
2014-09-09,98.2401,98.4587,97.225,97.389,664500.0
2014-09-10,97.9277,98.4509,97.5217,98.0761,518600.0
2014-09-11,97.389,97.8184,97.2718,97.5217,646300.0
2014-09-12,97.5842,98.0683,97.0766,97.4827,453300.0
2014-09-15,97.3421,97.3421,96.4285,96.6315,554700.0
2014-09-16,96.9361,97.7716,96.4441,97.4202,492600.0
2014-09-17,97.8106,99.6222,97.6935,98.8179,747100.0
2014-09-18,99.4504,100.1064,99.3177,99.6144,495100.0
2014-09-19,100.0595,100.2391,98.2479,98.896,799100.0
2014-09-22,98.5602,98.7242,97.3031,97.4202,690300.0
2014-09-23,97.3031,97.8262,96.6393,96.7252,663600.0
2014-09-24,96.7486,97.8106,96.3348,97.7794,407100.0
2014-09-25,97.1157,97.3577,95.8194,95.999,641200.0
2014-09-26,96.491,97.225,96.0771,96.9361,721800.0
2014-09-29,95.6164,96.8345,95.4134,96.4988,495700.0
2014-09-30,96.4363,97.3031,95.96,96.3426,513600.0
2014-10-01,95.835,96.0068,93.1723,93.43,1020200.0
2014-10-02,93.3831,94.0313,92.3446,93.6408,661000.0
2014-10-03,94.734,95.4758,94.164,95.1401,461200.0
2014-10-06,95.4915,96.0615,94.6013,95.1791,500000.0
2014-10-07,94.3358,94.5622,92.9537,92.9771,525500.0
2014-10-08,92.735,94.2577,91.8058,94.1874,707900.0
2014-10-09,93.8907,93.8985,91.3919,91.3998,831900.0
2014-10-10,91.3607,92.0557,89.3851,89.4476,998100.0
2014-10-13,89.5335,90.0957,87.1987,87.2846,849400.0
2014-10-14,87.7141,88.3856,86.9098,87.3002,666200.0
2014-10-15,85.676,85.8478,82.3105,85.3871,1553100.0
2014-10-16,83.6068,86.5897,83.1148,85.7932,1244000.0
2014-10-17,86.4491,88.0108,86.4491,87.6907,1121900.0
2014-10-20,87.3002,88.698,86.941,88.6043,621300.0
2014-10-21,89.2133,91.0874,88.9322,91.0249,823100.0
2014-10-22,91.0249,91.1108,89.5023,89.6038,623700.0
2014-10-23,90.9703,91.6652,90.5252,90.9781,908300.0
2014-10-24,91.2202,92.0713,90.8219,91.8683,596100.0
2014-10-27,91.8839,93.3831,91.1811,92.532,1130700.0
2014-10-28,92.8131,94.0703,92.7819,93.9376,854500.0
2014-10-29,95.062,98.4822,94.9292,96.6393,1040300.0
2014-10-30,96.4207,97.5139,96.1708,96.9126,626900.0
2014-10-31,97.959,99.2006,97.8809,98.5212,625200.0
2014-11-03,98.8179,99.4739,98.4119,98.732,480500.0
2014-11-04,98.7555,99.9502,98.5056,99.9346,879600.0
2014-11-05,100.3953,101.0306,99.8305,100.3953,637700.0
2014-11-06,100.7169,101.1875,99.9874,101.1012,521700.0
2014-11-07,100.7404,101.5326,100.1443,101.2267,499700.0
2014-11-10,100.8738,102.1445,100.7718,102.0974,619600.0
2014-11-11,102.168,102.6073,102.0347,102.2543,595500.0
2014-11-12,101.8935,102.419,101.6738,102.1915,420300.0
2014-11-13,102.1759,102.6622,101.4621,101.9954,349100.0
2014-11-14,101.9954,102.2072,101.266,101.4856,329600.0
2014-11-17,101.0699,101.313,100.6933,101.164,352900.0
2014-11-18,101.2581,102.9446,101.062,102.2151,550000.0
2014-11-19,101.8307,102.3092,101.2738,101.9798,342500.0
2014-11-20,101.1875,102.8897,101.1169,102.3327,552700.0
2014-11-21,103.8074,103.9172,102.772,103.0465,406700.0
2014-11-24,103.5407,104.1212,102.8504,103.6741,294200.0
2014-11-25,103.7054,104.0114,102.7798,103.6741,460600.0
2014-11-26,104.0584,104.0819,103.1328,103.6897,264800.0
2014-11-28,103.878,104.129,103.2348,103.3603,180100.0
2014-12-01,102.9681,102.9681,101.8229,102.5053,372100.0
2014-12-02,102.772,104.2467,102.623,104.0349,510800.0
2014-12-03,104.1525,104.8507,103.6662,104.6702,563200.0
2014-12-04,104.0898,104.8742,103.8153,104.7957,415200.0
2014-12-05,105.1879,106.2704,104.9605,106.0116,568500.0
2014-12-08,106.0586,107.5804,105.3997,106.5763,592000.0
2014-12-09,104.8114,106.3567,104.0427,106.2547,595000.0
2014-12-10,106.0979,106.5763,104.7095,104.8193,870000.0
2014-12-11,105.4703,106.4508,104.8036,105.0232,572500.0
2014-12-12,103.6505,104.1133,100.1521,100.1835,1090100.0
2014-12-15,100.8424,101.1169,97.8617,99.1873,1039000.0
2014-12-16,98.4107,100.058,97.2734,97.9244,1103900.0
2014-12-17,98.4421,101.5797,98.3009,101.3993,774200.0
2014-12-18,102.7171,105.4468,101.8229,105.3605,827000.0
2014-12-19,105.9488,106.4901,104.6546,105.3684,778500.0
2014-12-22,105.3684,105.8076,105.1487,105.737,341700.0
2014-12-23,106.1292,107.7216,106.1292,107.2745,473500.0
2014-12-24,107.1646,107.7059,106.443,106.4665,191700.0
2014-12-26,106.843,107.1019,106.0508,106.1057,215200.0
2014-12-29,105.8939,106.9842,105.6743,106.1371,263800.0
2014-12-30,105.7841,105.7841,105.1879,105.2664,332800.0
2014-12-31,105.7919,105.7919,103.6584,103.7368,297700.0
2015-01-02,104.3094,104.7095,102.5288,103.6113,393000.0
2015-01-05,102.5837,102.9916,99.7834,100.2855,723100.0
2015-01-06,100.2698,100.5757,96.8576,97.5871,857000.0
2015-01-07,98.6382,99.6501,97.9009,99.3206,932800.0
2015-01-08,100.8188,101.4777,100.207,101.0855,1214200.0
2015-01-09,101.4464,101.6738,99.8227,100.1521,565500.0
2015-01-12,100.0266,100.1599,98.3794,99.1324,646900.0
2015-01-13,100.5051,101.917,99.0853,99.854,806300.0
2015-01-14,97.9715,98.5676,96.5752,98.0264,792700.0
2015-01-15,98.1519,98.5598,96.2693,96.3713,613400.0
2015-01-16,96.4497,97.846,95.2967,97.7832,613400.0
2015-01-20,98.0499,98.7323,97.1322,98.1754,726800.0
2015-01-21,98.1754,99.4854,97.14,99.101,892500.0
2015-01-22,99.7677,102.3876,98.7794,102.1523,877300.0
2015-01-23,102.1523,102.3641,101.1561,101.564,918900.0
2015-01-26,101.4777,102.8112,100.9522,102.5837,824900.0
2015-01-27,101.2267,102.066,100.3874,101.1954,506400.0
2015-01-28,101.9641,101.9641,99.0539,99.1402,1119000.0
2015-01-29,101.2346,102.0817,99.1089,100.6071,1155000.0
2015-01-30,99.7207,100.2541,97.8695,98.0029,730700.0
2015-02-02,98.7402,101.1326,97.7597,100.9993,818000.0
2015-02-03,101.8229,104.0584,101.5013,103.9486,1002300.0
2015-02-04,103.8169,104.5181,103.0133,103.4466,995700.0
2015-02-05,103.5254,104.849,103.0133,104.3763,716900.0
2015-02-06,105.2193,107.5041,105.2193,106.1962,1057400.0
2015-02-09,105.9993,106.2671,105.1878,106.1174,642900.0
2015-02-10,107.3859,107.512,106.535,107.2835,687100.0
2015-02-11,107.1023,107.6695,106.5114,107.3386,645300.0
2015-02-12,107.3386,108.481,107.2756,108.3865,535600.0
2015-02-13,108.4495,108.875,107.8271,108.5756,509800.0
2015-02-17,108.3786,108.9301,107.9926,108.355,667500.0
2015-02-18,108.1029,108.158,106.6453,107.0392,702600.0
2015-02-19,106.7556,107.512,106.6532,107.0314,662200.0
2015-02-20,106.6689,107.3701,105.8102,107.3071,1051700.0
2015-02-23,107.4411,107.4411,105.5738,106.1726,687400.0
2015-02-24,106.078,107.7404,106.078,106.7399,798800.0
2015-02-25,106.409,107.0314,106.1805,106.6138,396600.0
2015-02-26,106.6926,107.1889,106.1962,106.6296,365300.0
2015-02-27,106.6217,107.1653,105.2429,105.2823,574000.0
2015-03-02,105.0459,107.1102,105.0459,106.2829,675100.0
2015-03-03,105.9756,106.4877,105.2744,105.9441,611500.0
2015-03-04,105.3926,105.755,104.9041,105.2744,648900.0
2015-03-05,105.5817,106.0623,105.2508,105.8968,473900.0
2015-03-06,105.6684,107.9926,104.5654,104.7702,828400.0
2015-03-09,104.7702,106.015,104.7702,105.6841,604200.0
2015-03-10,104.2266,104.2266,102.6114,102.6114,519800.0
2015-03-11,102.446,103.5805,102.4381,102.9187,525100.0
2015-03-12,103.7854,105.9914,103.7381,105.9205,632300.0
2015-03-13,105.9126,105.952,104.266,105.0696,538000.0
2015-03-16,105.9441,107.0786,105.7078,106.9368,416600.0
2015-03-17,106.1726,106.5114,105.4793,106.2671,483900.0
2015-03-18,106.0308,107.5356,105.3769,106.6532,846300.0
2015-03-19,106.4405,106.6296,104.5654,105.0538,751600.0
2015-03-20,105.755,107.6932,105.3769,107.2835,904900.0
2015-03-23,107.5592,107.9295,106.3538,106.3538,549700.0
2015-03-24,106.0229,106.5508,104.8569,104.8569,605200.0
2015-03-25,104.7623,104.9829,102.8242,102.8242,655300.0
2015-03-26,102.2412,103.5254,101.7763,102.6193,612600.0
2015-03-27,102.2333,102.8242,101.2327,101.6739,709000.0
2015-03-30,102.4696,103.612,102.4696,103.226,768600.0
2015-03-31,102.6351,103.8248,102.3672,103.0842,617700.0
2015-04-01,103.0211,103.4308,102.0915,102.7848,547300.0
2015-04-02,102.5327,103.3442,102.1624,102.5721,881000.0
2015-04-06,101.3036,102.5721,100.8939,101.9733,646800.0
2015-04-07,102.1151,102.5642,100.9727,100.9727,651900.0
2015-04-08,101.406,101.7684,100.6497,101.4139,975500.0
2015-04-09,101.3981,101.989,97.6006,98.7036,2289700.0
2015-04-10,98.877,99.0582,95.1976,98.1127,3520700.0
2015-04-13,97.9473,100.7127,97.774,99.7673,2047100.0
2015-04-14,99.6648,103.0999,98.7903,101.0594,3289300.0
2015-04-15,102.383,103.5648,100.9727,101.5715,2923200.0
2015-04-16,102.4224,103.5884,101.926,103.029,2009100.0
2015-04-17,102.3672,102.6902,101.2721,101.7842,1200400.0
2015-04-20,102.3987,103.1551,102.0836,102.8557,892500.0
2015-04-21,103.0448,103.2023,102.2648,102.6824,1237500.0
2015-04-22,102.7927,103.809,101.4375,103.6987,1259900.0
2015-04-23,100.2636,100.8703,98.7115,100.1927,3744300.0
2015-04-24,99.8066,100.9333,99.5939,100.6497,1229900.0
2015-04-27,100.9491,101.406,99.6176,99.8145,1238400.0
2015-04-28,99.2709,100.2794,98.9951,100.1691,1028300.0
2015-04-29,99.7162,101.1735,99.6845,100.4448,1105200.0
2015-04-30,100.2943,100.9755,99.0509,99.2251,885700.0
2015-05-01,99.8746,100.3419,98.4806,99.3281,910000.0
2015-05-04,99.5419,100.0726,99.0113,99.7874,786100.0
2015-05-05,99.5657,100.1914,98.536,98.7024,827400.0
2015-05-06,99.2172,99.3518,96.9045,97.8074,1293000.0
2015-05-07,97.5143,99.0033,97.4272,98.6548,1169300.0
2015-05-08,99.8666,100.5557,99.0905,100.0726,1221900.0
2015-05-11,99.93,100.5953,99.2805,99.336,827600.0
2015-05-12,98.6232,99.2013,97.744,98.7895,713000.0
2015-05-13,98.7261,100.5003,98.6548,100.1914,1478400.0
2015-05-14,100.9676,101.6329,100.3735,101.617,723700.0
2015-05-15,101.6804,101.7279,100.6666,101.3794,857200.0
2015-05-18,101.0468,102.1794,100.8963,102.1477,865700.0
2015-05-19,102.417,102.8051,101.7675,102.1477,647500.0
2015-05-20,102.0289,102.2744,101.3794,101.7437,796400.0
2015-05-21,101.3636,101.8863,101.3398,101.6091,561300.0
2015-05-22,101.5378,102.2031,101.1972,101.5933,543300.0
2015-05-26,101.2685,101.6883,100.3419,100.4369,1154600.0
2015-05-27,100.5874,100.9438,100.2706,100.4923,1092700.0
2015-05-28,100.326,100.6983,99.7558,100.5953,853100.0
2015-05-29,100.3339,100.7062,98.6628,98.6786,1158600.0
2015-06-01,98.7261,99.2726,98.0687,98.6786,1006710.0
2015-06-02,98.6786,100.6745,98.5281,99.8587,1187269.0
2015-06-03,100.4052,101.6408,99.8587,100.8725,1089510.0
2015-06-04,98.6232,100.4527,98.6232,99.2647,875370.0
2015-06-05,100.2547,100.8567,99.5261,100.2785,876716.0
2015-06-08,100.5557,100.9676,99.8587,99.8983,897505.0
2015-06-09,99.7478,100.3419,99.3677,100.0567,790868.0
2015-06-10,100.8092,103.0585,100.8092,102.8526,1363677.0
2015-06-11,102.9951,103.51,102.3932,102.6704,907070.0
2015-06-12,102.2744,102.3774,101.3873,101.6408,516954.0
2015-06-15,100.5003,101.6883,100.1755,101.2923,686535.0
2015-06-16,100.722,101.8784,100.722,101.7517,451722.0
2015-06-17,102.0922,102.4249,101.3557,101.6566,753698.0
2015-06-18,102.1002,102.7892,101.5933,102.5516,549935.0
2015-06-19,102.0843,102.7971,101.126,101.2527,986268.0
2015-06-22,102.4407,102.7655,101.7517,102.4486,804954.0
2015-06-23,102.3536,102.9555,102.013,102.7734,1054536.0
2015-06-24,102.0606,102.6704,101.5378,101.6804,1013125.0
2015-06-25,102.3457,102.3457,101.1972,101.2685,881881.0
2015-06-26,102.0922,102.116,101.1814,101.7121,911633.0
2015-06-29,100.4052,100.5557,97.9499,98.045,1214079.0
2015-06-30,99.0667,99.5894,98.2826,98.9479,1061986.0
2015-07-01,100.5795,101.0864,99.3518,99.9142,814953.0
2015-07-02,99.7795,100.2468,98.6944,99.1855,990035.0
2015-07-06,97.7757,98.8212,97.2846,97.9579,1118993.0
2015-07-07,97.9183,98.1875,95.9619,98.0767,1003762.0
2015-07-08,97.2292,97.7995,96.2708,96.6035,1282332.0
2015-07-09,98.1083,98.9241,96.9837,97.4906,770305.0
2015-07-10,96.6273,98.1717,96.4134,97.9579,1342352.0
2015-07-13,99.0429,99.4706,98.6152,99.3597,548180.0
2015-07-14,99.0192,99.7637,98.4885,99.534,699108.0
2015-07-15,99.835,100.4369,99.1617,99.7399,802347.0
2015-07-16,101.2289,101.6566,100.7775,101.2923,993126.0
2015-07-17,100.9913,101.3081,100.4844,101.0864,719658.0
2015-07-20,101.5299,102.0526,100.8963,101.6091,677486.0
2015-07-21,101.8546,102.3219,100.8567,101.0943,1093735.0
2015-07-22,100.9834,101.3002,100.326,100.4369,1460477.0
2015-07-23,101.918,102.3457,99.7637,99.9617,1583280.0
2015-07-24,99.9379,100.3181,97.7598,98.243,1098234.0
2015-07-27,97.9341,97.9499,96.6985,97.3876,778954.0
2015-07-28,98.4331,99.2805,97.6014,99.2093,1131976.0
2015-07-29,99.3544,100.3975,98.7891,100.3656,1077362.0
2015-07-30,100.2541,100.923,99.872,100.7876,764752.0
2015-07-31,100.8513,100.8593,99.9436,100.063,541901.0
2015-08-03,99.9834,100.1984,99.1633,99.9993,880124.0
2015-08-04,100.0949,100.6125,99.2907,99.641,522666.0
2015-08-05,100.4691,101.3768,99.3703,99.6649,537974.0
2015-08-06,99.7127,99.9516,98.0167,98.4945,598030.0
2015-08-07,98.4865,98.9722,97.2842,97.9769,416123.0
2015-08-10,98.9722,99.8958,98.8767,99.641,612881.0
2015-08-11,98.6457,98.8209,97.8415,98.2715,694038.0
2015-08-12,97.316,97.4355,95.1901,97.0214,1226975.0
2015-08-13,96.9896,97.6903,96.4879,96.8383,1134698.0
2015-08-14,96.9498,97.9849,96.5755,97.9052,1146448.0
2015-08-17,97.6186,98.9165,96.8622,98.8448,700771.0
2015-08-18,98.6139,99.0041,97.2444,97.5151,817725.0
2015-08-19,96.894,97.2364,96.0739,96.3207,649454.0
2015-08-20,95.6917,95.6917,94.4337,94.6566,1118849.0
2015-08-21,93.3906,94.1152,91.3363,91.4398,1964588.0
2015-08-24,91.4159,91.4717,76.0565,86.8933,2114134.0
2015-08-25,90.333,90.6754,85.4203,85.4203,1895635.0
2015-08-26,86.9968,89.5288,86.1846,89.2183,1861294.0
2015-08-27,90.556,91.8698,89.497,91.5354,1045916.0
2015-08-28,90.9302,91.4318,90.1499,90.8824,877738.0
2015-08-31,90.5958,91.5433,89.5686,89.712,688712.0
2015-09-01,87.586,88.0319,86.1528,86.8694,1526718.0
2015-09-02,87.809,88.7645,86.2165,87.2357,1011522.0
2015-09-03,87.2755,88.2628,86.957,87.2835,1223082.0
2015-09-04,86.8455,87.9682,85.7786,86.4076,907648.0
2015-09-08,88.3743,88.5256,87.0525,88.438,640338.0
2015-09-09,89.3616,89.9827,86.4554,86.7022,704810.0
2015-09-10,86.4633,88.0797,86.2165,87.2357,984046.0
2015-09-11,86.7739,87.4268,86.2563,87.3631,835761.0
2015-09-14,87.5144,87.5382,86.4315,86.7261,465334.0
2015-09-15,86.7739,87.8727,86.3598,87.4586,828951.0
2015-09-16,87.3551,88.231,86.7898,88.0876,707354.0
2015-09-17,87.809,89.4492,86.9729,87.2038,1127752.0
2015-09-18,86.0493,86.9411,85.1575,85.5238,1128382.0
2015-09-21,86.328,87.2835,86.0971,86.6226,592853.0
2015-09-22,85.1495,85.8104,84.2737,85.5954,878230.0
2015-09-23,85.6751,86.0015,84.632,85.1336,727455.0
2015-09-24,84.1622,85.3486,83.8994,85.1097,959523.0
2015-09-25,86.0732,86.5509,85.4601,86.0413,614268.0
2015-09-28,85.2053,86.3917,82.3627,82.6414,1642482.0
2015-09-29,83.1112,84.9823,82.3547,84.7594,1340525.0
2015-09-30,85.7149,87.0287,85.2769,86.8933,1132458.0
2015-10-01,86.8376,87.3631,85.6591,87.2755,975652.0
2015-10-02,84.2578,86.5748,83.2784,86.4633,1240201.0
2015-10-05,87.4905,89.3139,85.6512,89.0829,712015.0
2015-10-06,88.6609,88.9396,87.6656,88.3982,711187.0
2015-10-07,89.2183,90.0225,87.8408,89.067,842752.0
2015-10-08,88.7246,89.4333,88.2947,89.2183,1344786.0
2015-10-09,89.2342,89.7279,87.7453,88.4619,977886.0
2015-10-12,88.3026,88.5097,87.0924,87.4507,795395.0
2015-10-13,86.742,87.2596,85.8502,85.9856,908976.0
2015-10-14,86.0732,86.5031,85.3406,85.6512,986044.0
2015-10-15,86.5509,88.1434,86.0732,88.0797,670300.0
2015-10-16,88.2549,89.0352,87.6099,88.8361,688136.0
2015-10-19,88.2708,88.7485,88.0319,88.5813,994046.0
2015-10-20,88.6052,89.7438,88.4141,89.4174,653107.0
2015-10-21,89.7996,90.4684,88.6609,88.8281,974976.0
2015-10-22,87.7453,92.0449,86.0015,90.8426,1133869.0
2015-10-23,91.8777,92.5705,91.2248,92.4271,765969.0
2015-10-26,92.2599,92.9049,91.5513,91.9653,620294.0
2015-10-27,91.3124,91.4955,89.9508,89.9747,1211988.0
2015-10-28,90.3534,92.6438,89.985,92.3475,1330949.0
2015-10-29,92.3475,92.9241,91.7709,92.4276,543547.0
2015-10-30,92.3715,92.9001,91.827,92.3876,694171.0
2015-11-02,92.7159,94.2215,92.3475,93.8692,467309.0
2015-11-03,93.3086,94.7741,93.2365,94.3417,792378.0
2015-11-04,94.4538,94.7101,92.6999,92.812,732046.0
2015-11-05,92.8441,93.8852,92.772,93.741,460114.0
2015-11-06,95.2066,96.3358,93.8852,95.5269,1083228.0
2015-11-09,95.599,95.9514,93.5408,94.0133,477081.0
2015-11-10,93.5889,94.3016,92.6759,93.3406,509055.0
2015-11-11,94.0053,94.0053,92.7319,92.9402,499937.0
2015-11-12,92.1793,92.2995,91.0982,91.0982,488818.0
2015-11-13,90.946,91.5547,89.8088,90.0891,818098.0
2015-11-16,89.8008,90.914,89.3603,90.8739,687067.0
2015-11-17,90.946,91.4105,90.2412,90.4735,656970.0
2015-11-18,91.0581,92.5958,90.6016,92.4757,837222.0
2015-11-19,92.5477,92.7479,91.7869,92.0752,545422.0
2015-11-20,92.0592,92.5958,91.5146,91.6908,629968.0
2015-11-23,91.8189,92.2114,90.938,90.9941,676513.0
2015-11-24,90.4815,90.6497,89.1681,90.1772,878346.0
2015-11-25,90.4815,90.7778,90.2172,90.5135,455601.0
2015-11-27,90.4174,91.1382,90.1692,90.906,263923.0
2015-11-30,90.986,91.4666,90.3373,90.4575,783031.0
2015-12-01,91.0101,91.9231,90.6977,91.7869,638194.0
2015-12-02,91.7148,92.3315,90.3053,90.4975,671188.0
2015-12-03,90.8179,91.0822,88.7757,89.1361,706555.0
2015-12-04,89.3443,92.2434,89.1441,92.0512,764519.0
2015-12-07,91.6908,92.3315,90.2493,90.7458,542664.0
2015-12-08,90.1131,90.7778,88.9038,89.3523,934035.0
2015-12-09,88.5594,89.5765,86.7094,87.1579,505962.0
2015-12-10,87.1259,88.2551,86.8216,87.1259,952053.0
2015-12-11,85.6923,85.9726,83.6421,84.2107,1579709.0
2015-12-14,84.2828,85.404,82.553,84.0586,1425045.0
2015-12-15,85.0276,85.8525,84.6913,84.7954,932872.0
2015-12-16,85.6763,86.4692,83.7863,86.1408,1017126.0
2015-12-17,86.4051,86.4852,83.9385,84.1707,698657.0
2015-12-18,83.474,83.5941,82.2086,82.553,1366637.0
2015-12-21,83.2577,84.467,82.9214,84.435,752380.0
2015-12-22,84.9796,86.285,80.1504,85.8285,865681.0
2015-12-23,86.0607,87.1019,85.5322,87.0378,631871.0
2015-12-24,86.7255,87.1579,86.1809,86.4452,256147.0
2015-12-28,86.333,86.4291,85.7004,86.333,398965.0
2015-12-29,86.9417,87.9107,86.6854,86.9577,503036.0
2015-12-30,86.5973,87.1579,85.6923,85.9246,419458.0
2015-12-31,85.2919,86.269,84.9956,85.2278,457292.0
2016-01-04,83.2337,83.554,82.2006,83.49,559830.0
2016-01-05,83.6902,84.467,82.601,83.1616,605381.0
2016-01-06,81.8642,81.8642,80.0222,80.3346,1373182.0
2016-01-07,78.4846,79.6218,77.5155,77.7878,1266808.0
2016-01-08,78.4045,79.5737,75.8818,76.0339,1221595.0
2016-01-11,76.9149,77.027,75.3612,76.6106,1523938.0
2016-01-12,77.5315,77.6677,75.8497,77.003,697876.0
2016-01-13,77.1551,77.2512,73.8796,74.0078,1548153.0
2016-01-14,74.4402,77.043,73.1749,76.1541,1136902.0
2016-01-15,75.0889,75.2251,72.8865,74.3441,1112010.0
2016-01-19,75.7697,75.7697,73.4311,74.1119,785279.0
2016-01-20,72.7264,74.1679,71.2768,73.3671,1034044.0
2016-01-21,73.7515,74.6404,72.422,72.5342,1162859.0
2016-01-22,73.7995,74.9688,73.7435,74.6805,1078347.0
2016-01-25,73.9837,74.6004,72.0937,72.3339,1172033.0
2016-01-26,72.8785,74.4402,72.4381,73.9677,1671796.0
2016-01-27,73.5513,75.8577,72.6623,72.9666,1907372.0
2016-01-28,72.7184,74.4242,65.1903,69.611,4473723.0
2016-01-29,70.0195,72.6223,69.8272,72.5982,1602233.0
2016-02-01,71.6292,72.3099,70.0755,70.3078,1440483.0
2016-02-02,69.0344,69.1705,66.4076,67.2244,1961211.0
2016-02-03,67.9853,68.4818,65.0221,67.9292,2301948.0
2016-02-04,67.9212,69.0424,67.4647,68.4498,1672638.0
2016-02-05,68.3056,68.8582,66.0632,66.3034,1486297.0
2016-02-08,65.1342,65.7589,63.5164,64.6857,1850653.0
2016-02-09,63.477,64.4705,63.1055,63.4043,1453569.0
2016-02-10,64.5997,65.8032,63.9778,64.8663,1696460.0
2016-02-11,62.2412,63.1055,61.377,61.6032,2058148.0
2016-02-12,63.7193,64.9309,61.5143,64.737,1880533.0
2016-02-16,65.9243,67.257,65.1166,66.9744,1590288.0
2016-02-17,67.8709,68.9936,67.3944,68.6301,1556264.0
2016-02-18,68.6544,69.0421,67.5397,68.0728,2015747.0
2016-02-19,67.4751,67.5963,66.3282,66.7886,1554831.0
2016-02-22,68.089,68.8078,67.8224,68.2828,1751093.0
2016-02-23,68.0244,68.0971,67.0632,67.3863,1424152.0
2016-02-24,66.3524,67.6771,64.9309,67.3863,1067871.0
2016-02-25,67.6367,68.4928,67.0147,68.1455,1104292.0
2016-02-26,68.9936,70.5444,68.6544,69.8578,1256826.0
2016-02-29,69.5267,69.8013,67.7901,67.8063,1231200.0
2016-03-01,68.6624,71.2067,68.6624,71.0855,1403919.0
2016-03-02,71.1098,71.2067,70.1648,70.9886,925007.0
2016-03-03,71.1744,72.6282,70.6736,72.3213,1652543.0
2016-03-04,72.4505,73.2582,71.9255,73.0644,1288711.0
2016-03-07,72.079,72.6202,71.6832,72.499,1055643.0
2016-03-08,71.449,72.4344,70.8755,71.7398,1565208.0
2016-03-09,72.3698,72.3698,70.8917,71.6105,1130832.0
2016-03-10,72.3859,72.5959,70.1163,71.449,922541.0
2016-03-11,72.7252,74.8575,72.6605,74.7929,1047258.0
2016-03-14,74.2598,74.6636,72.8706,74.1709,1066550.0
2016-03-15,73.2421,73.2986,71.7398,72.7736,1323824.0
2016-03-16,72.0144,74.074,72.0144,73.8559,915718.0
2016-03-17,73.5329,76.0206,73.5329,75.4229,929180.0
2016-03-18,75.851,76.9252,75.3098,76.2144,1442189.0
2016-03-21,75.8106,76.3517,75.1079,76.0367,782208.0
2016-03-22,75.1079,75.8267,74.7283,75.3986,851197.0
2016-03-23,75.5036,75.956,74.6233,74.9221,1195172.0
2016-03-24,73.8236,74.3163,73.2179,74.2921,1341153.0
2016-03-28,74.3083,75.5683,73.8559,75.431,1052639.0
2016-03-29,74.8252,76.1256,73.6217,76.061,1060936.0
2016-03-30,76.7313,77.9752,76.6344,77.1917,1632339.0
2016-03-31,76.8202,77.111,75.5279,75.9317,1279395.0
2016-04-01,75.6813,76.691,74.704,76.4648,1214396.0
2016-04-04,76.2225,76.2225,75.0271,75.2613,1230581.0
2016-04-05,74.0094,74.6959,73.4036,74.2356,1374078.0
2016-04-06,74.6879,76.8848,74.6636,75.3098,2379443.0
2016-04-07,74.3648,74.9383,72.7817,73.5329,1117586.0
2016-04-08,74.1871,75.011,73.5409,73.7429,637171.0
2016-04-11,74.5425,75.5763,74.3163,74.7525,840737.0
2016-04-12,74.8171,76.1417,74.4617,76.061,923330.0
2016-04-13,77.0787,78.8637,76.9898,78.8556,1018649.0
2016-04-14,78.581,79.2594,77.8379,78.4598,954951.0
2016-04-15,78.3871,78.7102,77.4502,77.8783,744086.0
2016-04-18,77.539,78.3306,77.1594,78.0075,722120.0
2016-04-19,78.3144,78.4033,77.531,78.2175,742576.0
2016-04-20,78.5164,80.0348,78.1125,79.7683,864440.0
2016-04-21,80.0429,80.681,79.3806,79.8248,621287.0
2016-04-22,80.1318,81.0848,79.9541,80.7052,726734.0
2016-04-25,80.2125,80.6002,79.1706,79.8491,515525.0
2016-04-26,80.3014,81.0122,80.0106,80.9637,613152.0
2016-04-27,80.6002,81.9249,79.5825,81.6341,819162.0
2016-04-28,81.0202,81.5775,78.9606,79.2594,902729.0
2016-04-29,78.7344,79.0252,77.0867,77.4583,1151915.0
2016-05-02,77.6117,79.106,76.8202,79.0091,1043521.0
2016-05-03,77.4098,77.644,75.9237,77.1917,971617.0
2016-05-04,76.4071,77.3597,75.6825,76.5537,667461.0
2016-05-05,76.8305,77.3841,75.7477,75.8535,1254657.0
2016-05-06,75.1696,76.0245,74.8195,75.9186,1330000.0
2016-05-09,75.7477,76.0407,75.3487,75.6581,854934.0
2016-05-10,76.2687,77.7423,76.1629,77.5225,1060545.0
2016-05-11,77.2375,78.2226,77.1561,77.4818,948572.0
2016-05-12,78.0517,78.7356,76.7816,77.6202,813358.0
2016-05-13,77.5306,78.5239,76.1059,76.3908,1045261.0
2016-05-16,76.3583,77.4818,76.0977,76.9852,766958.0
2016-05-17,76.7002,78.3448,76.5455,77.4166,752814.0
2016-05-18,77.0666,79.4764,76.7328,79.4031,1180398.0
2016-05-19,78.76,79.7695,77.7667,78.6541,956604.0
2016-05-20,79.1833,79.9812,79.0612,79.5171,629046.0
2016-05-23,79.281,79.7288,78.9065,79.4194,427846.0
2016-05-24,80.1522,81.3571,79.8428,81.2268,708512.0
2016-05-25,81.5525,83.0831,81.4222,82.5213,702283.0
2016-05-26,82.4318,82.448,81.5118,81.5525,590391.0
2016-05-27,81.7723,82.6679,81.2431,82.6516,424494.0
2016-05-31,82.8877,83.2947,82.2282,82.7737,632574.0
2016-06-01,81.9351,83.6448,81.3978,83.3273,786431.0
2016-06-02,82.5783,83.1482,82.0084,83.0586,482658.0
2016-06-03,81.4955,81.9677,80.6162,81.8211,678047.0
2016-06-06,81.927,83.4413,81.813,83.0586,504949.0
2016-06-07,83.1645,83.3924,82.619,82.8388,417011.0
2016-06-08,82.6597,83.4576,82.041,82.5864,487844.0
2016-06-09,82.0817,82.2201,81.3734,81.9596,586556.0
2016-06-10,80.8686,81.1454,80.4045,81.0477,857451.0
2016-06-13,80.4778,81.5281,80.3964,80.4778,1007150.0
2016-06-14,80.1115,80.7383,77.8807,78.3122,1790102.0
2016-06-15,78.7681,79.8591,78.2796,78.7763,762286.0
2016-06-16,77.8807,78.4343,77.034,78.3692,959394.0
2016-06-17,78.4262,79.2973,78.1982,78.7274,841457.0
2016-06-20,80.1277,81.1047,79.2647,80.0219,819379.0
2016-06-21,80.5511,80.6488,79.8672,80.3476,474135.0
2016-06-22,80.2906,81.1291,80.1847,80.7383,648416.0
2016-06-23,81.9026,82.8144,81.8049,82.8063,606532.0
2016-06-24,77.0421,78.6053,74.3311,74.3473,1648910.0
2016-06-27,72.1817,72.1817,69.3648,69.6253,1644118.0
2016-06-28,70.8872,71.1722,69.1368,69.7719,2618809.0
2016-06-29,70.7081,72.483,70.1871,72.4341,1397414.0
2016-06-30,72.4911,73.1505,71.335,73.1505,1621289.0
2016-07-01,72.9714,74.5916,72.7679,73.0854,970878.0
2016-07-05,72.312,72.5237,70.2034,70.7081,1172161.0
2016-07-06,70.1382,71.1885,69.145,71.0989,653915.0
2016-07-07,71.2373,72.3364,71.0338,71.7095,792428.0
2016-07-08,73.1424,74.2985,73.0936,73.9565,691841.0
2016-07-11,74.6811,75.2836,74.038,74.6241,674377.0
2016-07-12,75.7558,77.1154,75.6093,77.034,796963.0
2016-07-13,76.9526,77.1317,75.8616,76.4071,856793.0
2016-07-14,78.3285,78.4669,77.1887,77.9621,815549.0
2016-07-15,78.6948,78.9554,77.9051,78.3529,710256.0
2016-07-18,78.1575,78.9879,78.1494,78.817,725871.0
2016-07-19,78.2389,78.8495,78.0598,78.4669,654309.0
2016-07-20,78.8251,78.8251,77.7179,78.5646,567186.0
2016-07-21,78.5646,79.0286,78.2552,78.361,397533.0
2016-07-22,78.5564,79.1019,78.1901,79.0368,466761.0
2016-07-25,78.5239,78.9554,78.1249,78.4018,899579.0
2016-07-26,78.1331,78.8332,78.0761,78.646,1198159.0
2016-07-27,78.0354,79.2322,77.1805,77.8074,1082115.0
2016-07-28,77.4818,78.0924,76.6351,77.7911,700660.0
2016-07-29,77.3678,78.2471,77.2375,78.0273,616871.0
2016-08-01,78.1982,78.3936,76.92,77.205,645612.0
2016-08-02,77.1398,77.7097,75.365,75.7151,860429.0
2016-08-03,75.8757,77.3774,75.8757,77.1887,640274.0
2016-08-04,77.2215,77.4349,76.5568,77.0902,578583.0
2016-08-05,78.0421,79.3552,77.7877,79.2074,1075719.0
2016-08-08,79.1336,80.0035,78.9284,79.4454,375438.0
2016-08-09,79.4454,79.6998,78.9695,78.9941,349895.0
2016-08-10,78.9695,79.4782,78.3786,78.5509,548234.0
2016-08-11,78.6576,79.2731,78.2637,78.8874,310128.0
2016-08-12,78.2637,78.7151,77.4759,78.4525,306152.0
2016-08-15,78.7151,79.6998,78.5263,79.4782,289236.0
2016-08-16,79.2895,79.6096,78.8053,79.2239,373550.0
2016-08-17,79.2731,80.1265,79.1992,79.7819,571321.0
2016-08-18,79.7162,80.2168,79.4782,79.7409,587679.0
2016-08-19,79.3634,79.8065,78.8874,79.6096,391918.0
2016-08-22,79.4782,79.626,78.9859,79.4454,321265.0
2016-08-23,79.8475,80.3892,79.8147,80.143,459712.0
2016-08-24,80.2086,80.3809,79.8886,80.0363,474228.0
2016-08-25,79.8557,80.0609,79.429,79.946,482861.0
2016-08-26,80.3153,81.3001,80.2086,80.701,584811.0
2016-08-29,80.701,81.6283,80.3399,81.2672,412235.0
2016-08-30,81.2426,82.6787,81.2426,82.6049,568699.0
2016-08-31,82.6131,83.0808,81.8417,82.9495,878098.0
2016-09-01,83.245,83.4665,81.5216,81.973,793598.0
2016-09-02,82.3587,83.2532,81.9566,82.9741,402869.0
2016-09-06,82.7608,82.8921,81.8335,82.6049,510009.0
2016-09-07,82.1945,82.7936,81.973,82.6869,403374.0
2016-09-08,82.5474,82.9906,82.5228,82.6787,386221.0
2016-09-09,82.2602,82.728,81.5709,81.5791,450824.0
2016-09-12,80.8979,83.5486,80.6682,83.3106,717631.0
2016-09-13,82.0304,82.4325,81.0621,81.4396,494692.0
2016-09-14,81.3903,82.0632,80.8815,81.4149,614310.0
2016-09-15,81.0949,83.2614,81.0949,82.8182,605598.0
2016-09-16,82.014,82.0632,80.7338,81.497,1140394.0
2016-09-19,81.9237,83.1219,81.7596,82.0304,517207.0
2016-09-20,82.3094,82.6869,81.5298,81.5462,508078.0
2016-09-21,82.1535,82.9659,81.8745,82.769,429888.0
2016-09-22,83.2942,83.3845,82.5638,82.7936,520549.0
2016-09-23,82.3012,83.0644,81.6775,81.7678,666197.0
2016-09-26,81.0867,81.2508,79.9214,80.3071,779436.0
2016-09-27,79.946,80.8241,79.3962,80.7256,696520.0
2016-09-28,81.1605,81.694,80.6682,81.3657,703128.0
2016-09-29,81.1523,81.5873,79.3634,79.946,539467.0
2016-09-30,80.9964,82.3423,80.6353,81.8745,595979.0
2016-10-03,81.3575,83.368,81.3575,82.7444,693007.0
2016-10-04,83.0562,83.6717,82.7197,82.9085,667327.0
2016-10-05,83.4993,85.0503,83.048,84.6811,686494.0
2016-10-06,84.599,84.9026,83.8686,84.3692,391338.0
2016-10-07,84.2954,84.2954,82.572,83.0152,665172.0
2016-10-10,83.844,84.082,83.2614,83.3927,420954.0
2016-10-11,83.1793,83.565,81.3493,81.8088,470163.0
2016-10-12,81.9976,82.8182,81.7514,82.1371,334611.0
2016-10-13,80.9964,81.1688,79.4947,80.9964,453040.0
2016-10-14,81.2508,82.0386,79.667,79.667,933434.0
2016-10-17,79.667,80.0527,78.9941,79.109,696348.0
2016-10-18,80.1019,80.3317,79.5357,79.708,600670.0
2016-10-19,80.225,80.8487,79.9542,80.4958,508687.0
2016-10-20,80.3974,81.1605,80.1348,80.2989,539545.0
2016-10-21,79.3798,80.2907,79.3798,80.0691,528637.0
2016-10-24,80.66,81.6119,80.3153,80.4056,578067.0
2016-10-25,80.4384,80.701,79.5931,79.7901,695424.0
2016-10-26,79.1172,79.1172,73.9472,73.9636,2319128.0
2016-10-27,74.218,74.8499,73.4384,74.5873,2024856.0
2016-10-28,74.6447,74.694,73.0445,73.225,1068976.0
2016-10-31,73.3481,73.6189,71.9695,72.5357,1271654.0
2016-11-01,73.0117,73.3235,71.3622,71.9695,1009820.0
2016-11-02,71.6368,71.9182,70.7759,71.1981,755559.0
2016-11-03,71.6947,73.4248,71.6534,72.4729,1579484.0
2016-11-04,72.597,73.7642,72.1997,72.655,962120.0
2016-11-07,74.4264,75.5605,74.1284,75.4943,902183.0
2016-11-08,75.188,75.6102,74.1781,75.1052,501793.0
2016-11-09,75.9247,84.5337,75.7095,84.4344,2918887.0
2016-11-10,86.5039,92.613,86.0403,90.9657,3494835.0
2016-11-11,90.4855,91.9259,90.0716,91.7603,1473674.0
2016-11-14,93.2007,95.4357,92.9855,94.5831,1540340.0
2016-11-15,93.6477,94.6162,92.257,94.55,1403931.0
2016-11-16,93.7222,94.5748,93.5318,94.3679,751816.0
2016-11-17,94.6824,95.6095,93.6146,94.0285,963297.0
2016-11-18,93.9954,94.9887,93.5732,93.656,739430.0
2016-11-21,94.4424,94.8314,93.7387,94.5665,605198.0
2016-11-22,94.7155,95.3943,93.4242,94.194,669196.0
2016-11-23,94.3761,94.8976,93.3911,94.1112,579142.0
2016-11-25,94.5665,94.8066,93.9457,94.7486,210975.0
2016-11-28,93.5235,94.4175,92.7123,93.1262,721501.0
2016-11-29,93.4325,94.2354,92.6792,92.762,754462.0
2016-11-30,93.7801,94.9225,93.598,94.5417,838217.0
2016-12-01,95.5516,96.6194,94.8728,95.2288,879924.0
2016-12-02,95.1046,95.1543,93.4987,93.9291,567235.0
2016-12-05,94.3596,95.3447,93.8298,94.8894,759967.0
2016-12-06,95.7999,95.7999,94.401,95.3612,1266804.0
2016-12-07,95.0466,96.9009,94.9721,96.6526,870341.0
2016-12-08,97.2155,98.7717,96.6774,98.424,821285.0
2016-12-09,98.4571,98.4571,96.785,98.1509,787824.0
2016-12-12,97.8363,97.9522,95.3447,95.4937,666150.0
2016-12-13,95.9738,96.7271,94.2023,95.0963,712678.0
2016-12-14,94.4672,95.7834,93.0931,93.4821,1546650.0
2016-12-15,93.7801,95.6427,93.1345,94.699,999269.0
2016-12-16,94.939,95.0963,92.2984,92.4888,1096026.0
2016-12-19,92.4226,92.6378,91.0981,92.2239,1236655.0
2016-12-20,93.2421,94.1444,93.2421,93.9374,603291.0
2016-12-21,93.8298,93.9374,92.8116,93.4656,432240.0
2016-12-22,93.3414,93.3662,92.1991,92.5136,489663.0
2016-12-23,92.762,92.8944,91.7603,92.6543,334083.0
2016-12-27,92.9523,93.3745,92.5881,92.9855,229934.0
2016-12-28,93.2172,93.8215,91.7107,91.7355,409873.0
2016-12-29,91.7934,92.4557,90.3862,90.9905,498331.0
2016-12-30,91.5699,92.3812,91.2388,91.8348,444723.0
2017-01-03,93.6394,93.7056,91.5203,92.5881,817234.0
2017-01-04,93.2586,95.8496,92.6957,95.3612,1217851.0
2017-01-05,94.5831,95.6013,93.1593,94.1526,1039013.0
2017-01-06,94.8894,96.2801,94.3844,95.742,937597.0
2017-01-09,96.1311,96.7602,95.3115,95.3612,688230.0
2017-01-10,95.4937,96.1559,94.7155,94.9721,563225.0
2017-01-11,94.7486,95.2702,93.7222,95.2453,804185.0
2017-01-12,94.7073,95.5599,93.4573,95.2702,715235.0
2017-01-13,95.8165,96.9837,95.1874,95.4192,344627.0
2017-01-17,94.3513,94.6245,92.1411,92.3398,528285.0
2017-01-18,92.9441,93.9705,91.6776,93.8795,706842.0
2017-01-19,93.9622,94.4589,92.5881,93.5235,687418.0
2017-01-20,94.0864,94.3265,93.002,93.5815,902112.0
2017-01-23,93.2338,94.3348,92.7785,93.4242,523018.0
2017-01-24,93.8381,95.4688,93.0682,94.6245,508998.0
2017-01-25,95.9324,97.0333,95.0135,96.8098,911900.0
2017-01-26,97.2486,97.3231,94.7983,95.0963,1017360.0
2017-01-27,95.6095,95.7172,93.6891,93.8712,822187.0
2017-01-30,93.2338,93.7056,92.0997,93.5897,610790.0
2017-01-31,92.7288,93.6891,91.8597,92.9358,826829.0
2017-02-01,94.0533,95.3778,93.0434,93.6063,811274.0
2017-02-02,96.1724,102.058,96.1724,97.5962,3144330.0
2017-02-03,98.9207,100.8743,98.9207,100.3776,1611929.0
2017-02-06,100.1624,102.414,100.121,102.1242,1711563.0
2017-02-07,102.4967,102.6457,101.5862,101.967,973480.0
2017-02-08,101.0673,101.0673,100.0511,100.6425,834570.0
2017-02-09,101.0756,103.2995,100.6508,103.058,906929.0
2017-02-10,103.3245,103.9909,102.2084,103.5411,871893.0
2017-02-13,104.1158,105.6817,104.0825,105.0737,807858.0
2017-02-14,104.5989,106.9311,104.5906,106.4563,1030908.0
2017-02-15,106.6562,107.6058,106.1315,107.3392,574682.0
2017-02-16,107.106,107.6724,106.5313,107.5808,831237.0
2017-02-17,106.5063,107.4975,106.0648,107.4392,796362.0
2017-02-21,107.9473,109.2966,107.6224,108.9218,965691.0
2017-02-22,107.8806,109.3799,107.8307,108.8468,780898.0
2017-02-23,109.205,109.4215,107.6224,108.6802,491628.0
2017-02-24,107.2726,108.3637,106.6479,108.1388,743865.0
2017-02-27,108.0722,109.4132,107.9806,109.205,438703.0
2017-02-28,108.4304,109.5715,108.2638,109.5298,808506.0
2017-03-01,112.0786,112.6116,111.5288,111.8454,1284693.0
2017-03-02,112.4451,112.545,109.5382,109.6131,1047525.0
2017-03-03,109.7131,111.179,109.2383,110.8292,905744.0
2017-03-06,110.3128,110.8292,109.5132,110.3044,626399.0
2017-03-07,110.2711,110.6293,109.6797,110.0962,499570.0
2017-03-08,111.3289,111.5705,110.3128,110.4127,460246.0
2017-03-09,110.8458,111.5039,110.3794,110.546,579820.0
2017-03-10,111.2457,111.2457,109.18,110.0296,1006792.0
2017-03-13,110.2378,110.7042,109.7214,110.4377,541624.0
2017-03-14,109.838,110.3794,108.4637,110.2878,613340.0
2017-03-15,110.9625,112.3368,110.5043,111.3373,623581.0
2017-03-16,111.7121,112.4117,111.3789,112.1119,753786.0
2017-03-17,112.1869,112.2118,109.3466,109.7047,994315.0
2017-03-20,109.1467,109.5382,107.9806,108.6886,744292.0
2017-03-21,109.3466,109.3466,104.6405,104.8404,1158914.0
2017-03-22,104.1158,104.982,101.8836,104.2907,1175388.0
2017-03-23,103.8576,105.9316,103.6077,104.6655,621936.0
2017-03-24,105.0154,105.6234,103.8159,104.3324,688792.0
2017-03-27,101.8253,104.4157,101.0256,104.349,962676.0
2017-03-28,103.8826,107.814,103.8826,106.9144,933024.0
2017-03-29,106.2648,106.9228,105.6401,106.1148,546889.0
2017-03-30,105.9899,108.1722,105.7067,107.9972,484523.0
2017-03-31,107.4142,108.9718,107.3226,108.0139,793117.0
2017-04-03,108.2305,108.5137,106.3564,107.9223,687604.0
2017-04-04,107.2893,108.1305,107.1976,107.3642,540159.0
2017-04-05,108.2804,109.6381,106.4647,106.6312,736371.0
2017-04-06,106.398,108.2721,105.7233,108.0389,399891.0
2017-04-07,107.056,108.6469,106.6729,107.6974,526168.0
2017-04-10,107.6307,108.6552,107.1227,107.7557,377826.0
2017-04-11,107.031,107.839,106.1648,107.6974,764111.0
2017-04-12,107.4475,107.4975,105.7733,106.2314,686978.0
2017-04-13,105.5484,107.2559,105.107,105.1403,596128.0
2017-04-17,105.3319,106.4896,104.982,106.4063,891006.0
2017-04-18,105.3818,105.9732,104.7988,105.4568,981700.0
2017-04-19,106.6146,107.0144,105.2902,105.6984,984563.0
2017-04-20,106.5063,108.0639,105.665,107.9223,1094359.0
2017-04-21,108.0972,108.6386,106.6479,106.9811,697595.0
2017-04-24,110.1129,110.6793,109.2133,109.8297,1103158.0
2017-04-25,109.1633,110.1129,106.7562,109.0134,1630147.0
2017-04-26,108.7968,109.3299,107.4142,107.4475,1012361.0
2017-04-27,107.106,107.8973,105.9816,106.9977,1073455.0
2017-04-28,106.9561,107.764,106.423,106.4896,866464.0
2017-05-01,107.3809,107.8307,106.373,107.2893,886692.0
2017-05-02,107.9556,108.0139,106.9811,107.5391,580189.0
2017-05-03,106.8606,107.724,106.7767,107.4642,434019.0
2017-05-04,108.1935,108.4618,106.936,107.3887,569954.0
2017-05-05,107.6067,108.051,106.8019,107.9923,511772.0
2017-05-08,107.9755,108.2103,107.263,107.6234,449783.0
2017-05-09,107.6989,108.8809,107.5061,108.0678,483359.0
2017-05-10,107.8079,108.2773,107.1037,108.2187,341241.0
2017-05-11,107.5899,108.1013,106.0558,106.9612,572277.0
2017-05-12,106.4666,106.869,105.2594,105.7372,542117.0
2017-05-15,106.2486,107.9588,106.0809,107.9504,587836.0
2017-05-16,107.9169,109.0905,107.766,108.9145,735997.0
2017-05-17,106.827,107.4642,102.9456,103.3983,1502676.0
2017-05-18,103.3229,105.3265,103.1217,104.3037,806791.0
2017-05-19,104.7061,106.2821,104.4797,105.4857,797268.0
2017-05-22,106.0893,106.3995,104.6726,104.8821,560218.0
2017-05-23,103.7672,104.4714,101.9061,103.0965,1561225.0
2017-05-24,103.1133,103.6498,101.4869,102.1157,1035069.0
2017-05-25,102.5851,103.1384,102.1576,102.7863,778378.0
2017-05-26,102.5181,103.1133,102.2834,102.5265,438393.0
2017-05-30,102.1911,102.6774,101.5205,101.5205,742195.0
2017-05-31,101.5037,101.7133,99.6259,101.2606,1432180.0
2017-06-01,101.9899,103.2977,101.5121,103.2223,1420097.0
2017-06-02,102.3672,103.3396,101.269,102.8366,1308175.0
2017-06-05,102.7696,103.8594,102.3588,102.451,490704.0
2017-06-06,101.4869,102.1828,100.6905,101.3696,475422.0
2017-06-07,101.9396,102.7863,101.6127,102.2331,524478.0
2017-06-08,102.1408,104.639,102.0989,103.3312,526141.0
2017-06-09,104.069,106.1061,103.7839,106.039,482641.0
2017-06-12,105.8881,107.4642,105.8881,106.827,777295.0
2017-06-13,107.3384,107.6067,106.2989,106.6761,653945.0
2017-06-14,105.6031,107.2043,104.9827,107.1624,731039.0
2017-06-15,106.4666,108.7887,106.4414,108.6546,806248.0
2017-06-16,108.9228,109.3169,108.2857,109.2749,713541.0
2017-06-19,109.8198,111.5132,109.3839,110.7588,668151.0
2017-06-20,110.2055,110.742,109.5432,109.5516,324544.0
2017-06-21,109.5851,109.6689,107.3217,107.5061,651734.0
2017-06-22,107.3468,107.3552,105.8378,105.9217,888744.0
2017-06-23,106.5672,106.6007,105.0247,105.251,625102.0
2017-06-26,105.5947,106.6761,104.8486,105.7875,665774.0
2017-06-27,106.2989,106.8522,105.3935,105.4522,721987.0
2017-06-28,106.4749,108.3863,106.4498,107.6486,684257.0
2017-06-29,109.3755,110.0462,106.651,107.3217,672622.0
2017-06-30,107.8498,108.1935,106.5839,106.7097,544908.0
2017-07-03,107.7576,110.2306,107.3468,109.0989,369316.0
2017-07-05,109.3085,110.3815,108.3528,109.9288,602565.0
2017-07-06,109.7779,110.1971,108.0426,108.269,448441.0
2017-07-07,108.3695,110.4067,108.1181,110.0797,413410.0
2017-07-10,109.9372,111.9156,109.4258,111.3707,446312.0
2017-07-11,111.6138,111.6809,109.451,110.1887,533986.0
2017-07-12,110.348,112.0246,110.3061,111.7564,762467.0
2017-07-13,112.0917,112.7372,111.5384,112.4941,419895.0
2017-07-14,111.0438,113.5671,111.0019,112.9552,624368.0
2017-07-17,112.7959,113.7013,112.5863,112.9384,495320.0
2017-07-18,112.2007,112.8546,111.5132,112.8126,794159.0
2017-07-19,113.0977,114.5396,112.9132,114.045,902492.0
2017-07-20,114.2713,115.1599,113.8354,114.6737,528965.0
2017-07-21,114.5647,115.1767,114.0785,114.2965,621626.0
2017-07-24,114.2126,115.4366,114.1204,115.3192,442401.0
2017-07-25,116.8953,117.2893,115.8138,116.3923,781593.0
2017-07-26,119.4689,122.294,117.3647,121.2629,2256328.0
2017-07-27,121.7407,121.7407,119.1839,119.4605,938393.0
2017-07-28,119.427,121.5228,118.4042,121.0952,985276.0
2017-07-31,121.3384,121.8665,120.3659,121.4557,1078919.0
2017-08-01,122.0342,122.5874,121.2797,122.3276,940959.0
2017-08-02,122.203,123.4003,121.6381,121.9922,1219206.0
2017-08-03,122.0175,123.9652,122.0175,123.3075,670718.0
2017-08-04,124.8252,125.4153,124.2434,124.6481,718354.0
2017-08-07,124.5469,125.213,124.1591,124.1844,873982.0
2017-08-08,123.9399,126.4608,123.6869,125.4575,722516.0
2017-08-09,124.4373,124.8926,123.4593,124.7408,767556.0
2017-08-10,123.8556,124.3024,120.9889,121.2334,1127435.0
2017-08-11,121.7562,122.3379,120.6011,120.8709,770614.0
2017-08-14,122.5403,123.375,122.1187,122.3716,507126.0
2017-08-15,123.2316,123.9567,121.773,122.1693,458309.0
2017-08-16,122.692,123.375,120.6517,120.8709,589405.0
2017-08-17,120.4662,120.8709,116.807,116.9756,1219157.0
2017-08-18,116.8829,117.7766,116.1831,117.0262,925908.0
2017-08-21,116.9841,116.9841,115.4833,115.8964,577267.0
2017-08-22,116.4613,117.3972,116.3348,117.0178,568576.0
2017-08-23,116.065,117.9874,115.2809,116.7817,502497.0
2017-08-24,117.2792,117.9031,116.6131,116.689,460289.0
2017-08-25,117.3972,117.6923,116.436,116.866,892363.0
2017-08-28,117.2539,117.5574,115.4496,116.1409,734180.0
2017-08-29,114.7582,116.4107,113.6959,115.829,1179758.0
2017-08-30,115.8711,116.3939,115.5507,115.6772,531648.0
2017-08-31,116.3011,117.0009,115.8711,116.7817,494402.0
2017-09-01,116.9588,118.2403,116.9503,117.8862,486294.0
2017-09-05,116.866,117.6333,114.0837,114.3872,688245.0
2017-09-06,115.0364,115.0449,113.2912,113.9066,661465.0
2017-09-07,113.991,114.0668,110.6184,111.4278,687440.0
2017-09-08,111.4278,112.5745,110.9557,111.9422,625378.0
2017-09-11,113.7633,115.2809,113.1731,115.1207,822982.0
2017-09-12,115.9807,116.4445,114.8678,116.0482,582116.0
2017-09-13,115.5676,116.4192,115.2894,116.065,508842.0
2017-09-14,116.0145,117.4309,116.0145,117.2033,981269.0
2017-09-15,117.1695,118.3499,117.1021,117.9199,836781.0
2017-09-18,118.2572,118.898,117.296,118.7631,566459.0
2017-09-19,118.9233,119.564,118.3921,119.075,795175.0
2017-09-20,119.4207,120.1964,117.4899,119.2942,479781.0
2017-09-21,119.4207,120.2385,118.8558,119.8254,489992.0
2017-09-22,119.3532,121.1154,119.3532,120.4999,375822.0
2017-09-25,120.0025,120.9299,119.8001,120.6938,487047.0
2017-09-26,121.0142,122.0175,120.7444,121.7056,583233.0
2017-09-27,123.2991,125.2046,123.1052,124.7071,627801.0
2017-09-28,124.5891,125.1708,123.7038,124.5722,503381.0
2017-09-29,124.5722,125.7863,124.5722,125.213,410554.0
2017-10-02,125.0191,125.9718,124.6059,125.3479,557246.0
2017-10-03,125.8116,126.68,125.154,126.0055,340450.0
2017-10-04,126.2585,127.3377,125.7189,126.3596,522292.0
2017-10-05,126.5451,127.7424,126.1995,126.933,741910.0
2017-10-06,127.051,128.1386,126.0561,127.3039,357106.0
2017-10-09,127.4136,127.6496,126.562,127.0004,238546.0
2017-10-10,127.2281,127.852,126.9751,127.5232,337628.0
2017-10-11,127.6412,128.1302,126.8571,128.0122,335265.0
2017-10-12,128.1555,129.2347,127.9616,128.6445,451136.0
2017-10-13,128.6192,129.631,128.2145,128.9228,483751.0
2017-10-16,129.4624,129.8333,128.9986,129.3275,414015.0
2017-10-17,129.4539,129.4539,128.2988,128.4506,328815.0
2017-10-18,128.6277,129.3865,128.4928,128.7794,307254.0
2017-10-19,127.6665,128.7541,126.8571,128.5349,417747.0
2017-10-20,129.5888,130.1031,129.0071,129.9429,541458.0
2017-10-23,130.0863,130.4741,129.7575,129.9935,515893.0
2017-10-24,130.668,130.9041,129.4202,129.8165,894057.0
2017-10-25,131.7725,134.538,130.0441,132.4217,1024523.0
2017-10-26,133.2733,137.4636,132.8264,137.2613,1124041.0
2017-10-27,136.924,137.0674,135.0523,135.4233,498584.0
2017-10-30,135.2125,135.5497,133.1721,133.4672,639808.0
2017-10-31,133.5178,133.9478,131.9833,131.9833,415023.0
2017-11-01,132.9782,133.737,132.1435,132.6915,409180.0
2017-11-02,132.9149,135.3896,132.9149,135.3727,941307.0
2017-11-03,135.2201,136.1863,134.8472,135.254,574437.0
2017-11-06,134.9913,136.6779,134.9913,136.1524,392130.0
2017-11-07,136.2371,137.2796,134.576,134.9489,467033.0
2017-11-08,134.6862,135.6863,134.2285,135.593,326992.0
2017-11-09,134.6777,135.8134,133.5421,134.7964,467445.0
2017-11-10,134.6947,135.3049,133.1353,133.2454,390314.0
2017-11-13,132.2539,133.7116,131.8047,133.3302,373934.0
2017-11-14,132.364,133.3387,131.4233,133.1522,486490.0
2017-11-15,132.1098,134.5421,131.5928,133.3895,511727.0
2017-11-16,134.3387,134.6862,132.8132,133.1268,586009.0
2017-11-17,132.6861,134.6184,132.6861,134.1438,389267.0
2017-11-20,134.2116,136.1863,133.737,136.1524,585860.0
2017-11-21,136.6355,136.8304,134.7201,135.3981,361162.0
2017-11-22,135.5591,136.3558,134.7201,135.2456,309897.0
2017-11-24,135.9405,135.9405,134.7964,135.2286,120360.0
2017-11-27,135.5761,136.6694,134.7794,134.9659,478915.0
2017-11-28,135.5422,137.6101,135.0252,137.0847,676781.0
2017-11-29,138.1356,140.7205,138.0593,138.6186,690642.0
2017-11-30,139.2543,140.8052,138.1271,138.339,946880.0
2017-12-01,138.4152,139.1017,133.6777,137.6949,753353.0
2017-12-04,139.8899,141.5256,139.7797,140.3052,754447.0
2017-12-05,140.2543,140.9493,138.9068,139.2967,634412.0
2017-12-06,138.9322,141.0764,138.9238,139.6441,420792.0
2017-12-07,139.1356,142.6274,138.9916,142.0426,588697.0
2017-12-08,142.5426,144.0258,141.8646,143.958,608274.0
2017-12-11,143.6105,144.3732,142.0934,142.1951,447438.0
2017-12-12,142.5765,143.7461,142.3223,142.8901,565469.0
2017-12-13,142.4324,142.6952,141.0425,141.0425,530239.0
2017-12-14,141.4663,142.0595,139.8984,140.2204,380302.0
2017-12-15,141.3053,143.2545,140.3899,142.3223,599007.0
2017-12-18,143.6444,145.0004,143.3139,144.0936,520128.0
2017-12-19,144.9241,145.7293,144.2292,145.2038,642981.0
2017-12-20,146.6361,147.1446,144.6105,145.0089,451708.0
2017-12-21,145.475,146.8056,145.2123,145.5174,495376.0
2017-12-22,146.3056,146.3056,144.4241,145.3563,239741.0
2017-12-26,145.6021,146.2039,144.8563,145.0089,278715.0
2017-12-27,145.2885,145.3224,144.6105,144.8733,230138.0
2017-12-28,145.0597,145.653,144.7122,145.4411,247933.0
2017-12-29,145.5682,146.1276,143.5681,143.6274,307020.0
2018-01-02,144.619,144.6868,143.102,144.0003,511835.0
2018-01-03,144.0342,144.2376,142.9494,143.2884,527038.0
2018-01-04,143.8563,145.2716,143.7376,143.8139,624326.0
2018-01-05,144.3478,144.4834,143.78,144.3054,522745.0
2018-01-08,144.3987,146.0005,143.424,145.7716,768072.0
2018-01-09,146.5937,149.3057,146.5259,147.5344,1138276.0
2018-01-10,147.3988,149.2295,146.992,149.0176,629345.0
2018-01-11,149.6871,152.0517,149.4413,151.6872,539675.0
2018-01-12,152.2466,154.5603,151.4923,154.2806,816159.0
2018-01-16,155.5943,155.857,149.9159,150.2719,739628.0
2018-01-17,150.4075,151.933,148.8735,151.255,917994.0
2018-01-18,151.2804,153.3145,150.2041,150.4923,517526.0
2018-01-19,150.8652,152.9077,150.0431,151.5432,717019.0
2018-01-22,151.6194,151.95,149.8481,150.8058,885288.0
2018-01-23,150.238,151.5008,149.3905,151.1194,636161.0
2018-01-24,151.95,152.9924,150.1872,152.8144,966522.0
2018-01-25,152.0432,152.7297,146.1191,146.7293,1495772.0
2018-01-26,147.2717,152.4924,146.3649,152.4161,1118816.0
2018-01-29,152.1618,153.3907,150.077,150.3906,632378.0
2018-01-30,149.1532,149.899,145.636,145.7801,846699.0
2018-01-31,146.3395,147.2887,141.907,142.9748,935871.0
2018-02-01,142.8986,145.0682,142.568,144.9919,848321.0
2018-02-02,144.0681,144.9665,141.3646,141.9578,716527.0
2018-02-05,140.4916,142.0595,135.4574,135.932,1149885.0
2018-02-06,130.9572,137.1609,130.5419,136.0761,1307550.0
2018-02-07,135.0337,139.2797,134.754,135.6947,907010.0
2018-02-08,135.6863,136.3643,129.1943,129.2452,966341.0
2018-02-09,131.1775,131.9064,125.9569,130.4148,1071273.0
2018-02-12,131.9064,133.9912,131.1521,132.1352,765215.0
2018-02-13,131.1775,133.4658,130.1944,132.7369,863032.0
2018-02-14,131.757,136.3147,130.9306,136.0676,751327.0
2018-02-15,137.6607,137.797,134.0997,135.4543,641436.0
2018-02-16,134.7301,137.0559,134.6705,136.1443,519142.0
2018-02-20,135.0879,137.1155,134.3042,135.2498,456697.0
2018-02-21,135.4969,139.6116,135.0198,135.778,686290.0
2018-02-22,136.8429,137.3114,134.3723,134.6109,489643.0
2018-02-23,135.3606,136.6555,135.0283,136.5447,494072.0
2018-02-26,137.3966,138.5808,136.6895,138.2826,391492.0
2018-02-27,138.2145,139.586,136.0591,136.1102,556643.0
2018-02-28,136.4084,137.4818,133.2052,133.2734,664617.0
2018-03-01,133.1797,133.9123,129.7805,130.905,829330.0
2018-03-02,128.9371,129.5761,125.998,128.5623,1153924.0
2018-03-05,127.4122,132.9496,126.0832,132.5748,894583.0
2018-03-06,133.1711,133.3415,131.2117,132.5322,392431.0
2018-03-07,131.1351,132.9752,130.905,132.677,425264.0
2018-03-08,133.2478,133.4949,131.4588,133.2478,353994.0
2018-03-09,134.6109,137.6522,133.8527,137.2518,580152.0
2018-03-12,137.0729,137.2944,135.7865,136.204,457539.0
2018-03-13,137.0218,137.6011,134.892,135.3776,551978.0
2018-03-14,136.2977,136.2977,133.3926,133.759,358830.0
2018-03-15,134.0231,134.2531,132.0807,132.3789,486505.0
2018-03-16,132.5152,135.122,132.2085,133.8356,704025.0
2018-03-19,133.5715,134.3383,131.9018,132.9326,334230.0
2018-03-20,133.6738,134.6024,133.3415,133.8697,569807.0
2018-03-21,133.9975,136.2636,131.9699,134.4831,439774.0
2018-03-22,132.7367,133.3074,128.5538,128.6901,579395.0
2018-03-23,128.7923,129.8061,123.1441,123.4338,584153.0
2018-03-26,125.8873,127.7444,124.8053,127.4037,850053.0
2018-03-27,127.7956,129.099,124.5072,125.4954,659173.0
2018-03-28,125.9043,126.3218,123.5275,125.1972,784188.0
2018-03-29,125.7254,127.5315,125.325,126.0321,532562.0
2018-04-02,125.7339,126.3643,119.3531,121.5425,827275.0
2018-04-03,122.4711,123.5786,121.0654,123.2719,771745.0
2018-04-04,120.6736,124.439,120.6736,124.1238,527618.0
2018-04-05,124.9246,125.1887,123.6808,124.3538,452842.0
2018-04-06,122.437,123.2889,119.4298,120.3839,482619.0
2018-04-09,121.2443,123.2975,120.3328,120.4435,412888.0
2018-04-10,122.1389,123.6638,121.977,122.9226,458034.0
2018-04-11,121.6362,121.6362,119.8983,120.435,443084.0
2018-04-12,121.1421,123.0845,120.9036,122.2752,596932.0
2018-04-13,123.4082,123.553,120.1369,120.6565,503936.0
2018-04-16,121.8662,123.7064,121.0314,122.3263,670188.0
2018-04-17,123.6297,124.7116,122.437,122.7352,772202.0
2018-04-18,123.0163,124.652,122.9993,123.2037,429438.0
2018-04-19,123.2804,125.078,123.2804,124.0216,967159.0
2018-04-20,124.3794,124.4816,122.0963,122.4115,838790.0
2018-04-23,122.7608,125.6317,122.42,123.9449,1012647.0
2018-04-24,126.9351,129.9765,120.4265,121.534,1231051.0
2018-04-25,120.7247,121.8236,119.3616,120.4947,844188.0
2018-04-26,120.6821,122.2922,119.4213,121.1251,959921.0
2018-04-27,121.0228,122.1474,120.5373,120.7502,537121.0
2018-04-30,121.0569,122.2496,119.4298,119.4468,492045.0
2018-05-01,119.3105,120.0517,117.6919,118.4586,689791.0
2018-05-02,117.1978,117.9986,112.9552,113.296,1711940.0
2018-05-03,112.7816,113.8624,110.6285,112.0181,1136902.0
2018-05-04,112.001,116.2727,112.001,115.4321,865740.0
2018-05-07,115.6551,116.2556,114.1797,115.0289,895839.0
2018-05-08,114.7459,115.9468,114.1197,115.2091,862268.0
2018-05-09,115.9296,116.024,114.6515,115.149,943671.0
2018-05-10,115.1233,117.2077,114.7201,116.2384,817050.0
2018-05-11,116.8732,119.1292,116.8732,117.5766,662053.0
2018-05-14,118.0398,119.8497,118.0312,119.1978,881968.0
2018-05-15,118.6059,119.5066,118.1341,118.5116,894437.0
2018-05-16,118.4258,120.8447,118.4258,120.0127,707055.0
2018-05-17,119.8068,121.9684,119.3608,121.3337,605500.0
2018-05-18,121.2479,121.5481,120.3472,120.9562,615419.0
2018-05-21,121.9341,123.2551,121.8826,122.2258,572927.0
2018-05-22,122.4488,124.5589,122.3287,123.7269,787457.0
2018-05-23,122.6547,123.0407,120.27,121.9513,732985.0
2018-05-24,121.3851,122.6718,120.5702,122.3373,517544.0
2018-05-25,121.651,122.8091,121.3422,122.0027,502238.0
2018-05-29,120.1757,120.3301,116.1612,116.8903,691309.0
2018-05-30,118.3743,120.27,117.9969,119.6696,575823.0
2018-05-31,120.27,120.27,118.4172,118.9147,727234.0
2018-06-01,120.9219,121.3937,119.8068,120.3043,564488.0
2018-06-04,120.8705,121.2136,119.7382,120.3472,581727.0
2018-06-05,119.9784,120.5102,118.2371,119.7982,586813.0
2018-06-06,120.3558,122.1314,120.1156,121.8054,568673.0
2018-06-07,121.814,123.298,121.0334,121.8655,493267.0
2018-06-08,121.7883,122.5431,121.2393,122.3459,351111.0
2018-06-11,124.8677,129.5169,124.6361,126.489,1399158.0
2018-06-12,126.489,126.6176,125.4425,125.9829,812171.0
2018-06-13,126.0343,126.4975,125.2623,125.3738,429348.0
2018-06-14,126.1287,127.2095,125.0908,126.6519,541906.0
2018-06-15,126.1973,126.9178,124.2072,126.3774,654803.0
2018-06-18,125.7684,127.9472,124.293,127.5955,934447.0
2018-06-19,125.7513,127.7413,124.9278,127.2095,763807.0
2018-06-20,127.3725,127.8099,125.8113,126.0515,697429.0
2018-06-21,125.8713,126.7377,125.228,125.6226,506125.0
2018-06-22,126.9522,127.6555,125.5454,125.5454,1314213.0
2018-06-25,124.9878,125.065,122.7919,124.1815,728354.0
2018-06-26,123.8212,124.3788,121.3251,121.5738,761435.0
2018-06-27,121.5996,122.2,118.6145,118.6831,611419.0
2018-06-28,118.6316,119.438,117.345,118.7946,704760.0
2018-06-29,119.6781,122.6718,119.5581,119.9869,646580.0
2018-07-02,118.9061,121.1021,118.5373,120.8362,456666.0
2018-07-03,121.3337,121.7883,119.2149,119.438,195170.0
2018-07-05,120.6389,121.4109,120.0298,120.9219,511823.0
2018-07-06,120.4673,122.1571,119.9784,121.531,568164.0
2018-07-09,122.2601,125.3309,121.5824,125.0307,720052.0
2018-07-10,125.2366,125.554,123.5553,124.233,527318.0
2018-07-11,118.5459,123.5639,118.5459,122.5689,505998.0
2018-07-12,123.6325,123.7183,121.0334,122.037,463564.0
2018-07-13,121.9341,123.2465,121.5996,121.814,536124.0
2018-07-16,122.0971,122.4831,121.3251,122.0113,631451.0
2018-07-17,121.977,123.358,121.2565,122.6289,564658.0
2018-07-18,122.5003,124.8849,122.4402,124.5589,783517.0
2018-07-19,123.9328,124.3616,121.0592,121.1793,590292.0
2018-07-20,120.759,120.9906,119.5237,119.6867,1199687.0
2018-07-23,119.5237,122.8091,119.5237,122.6804,666776.0
2018-07-24,123.7698,123.7698,121.8312,122.2,845876.0
2018-07-25,125.8199,128.0244,122.2515,124.5932,1373024.0
2018-07-26,125.451,127.9386,125.451,127.321,951974.0
2018-07-27,127.3296,129.2424,127.0808,127.5955,519995.0
2018-07-30,127.7842,128.6677,125.8713,126.0686,406930.0
2018-07-31,126.7892,126.8321,124.4732,124.9535,589948.0
2018-08-01,125.4425,126.1115,122.2772,122.5603,918236.0
2018-08-02,121.3404,121.8584,119.1562,120.2872,771811.0
2018-08-03,120.5634,122.057,120.408,121.6081,512167.0
2018-08-06,121.5131,122.1002,120.3908,121.2541,401386.0
2018-08-07,121.5217,123.7059,120.9433,121.5304,552053.0
2018-08-08,121.4354,122.4541,121.0901,122.1261,688431.0
2018-08-09,122.0484,122.3678,120.4598,120.5721,429842.0
2018-08-10,118.9404,119.0871,115.8324,118.3792,827958.0
2018-08-13,118.4828,118.9835,117.5591,117.6454,412915.0
2018-08-14,117.8785,119.9764,117.8785,119.7087,437304.0
2018-08-15,118.5087,119.1994,117.8353,118.5001,500776.0
2018-08-16,119.4411,120.4771,119.2425,119.7519,343903.0
2018-08-17,119.5188,120.667,118.9663,120.408,322219.0
2018-08-20,120.2958,122.2124,120.2872,121.8843,461787.0
2018-08-21,121.2886,123.2829,120.9606,122.4886,435903.0
2018-08-22,122.4714,122.9203,121.6599,121.6944,367981.0
2018-08-23,121.7548,121.9793,119.7519,119.9936,194536.0
2018-08-24,120.5116,122.2383,120.4253,121.9448,443996.0
2018-08-27,122.903,125.0182,122.8771,124.4916,480218.0
2018-08-28,124.7506,125.5189,123.8959,124.3275,381711.0
2018-08-29,124.5002,124.8369,123.162,124.1549,320375.0
2018-08-30,123.6541,123.9822,122.5145,122.6181,366272.0
2018-08-31,122.152,122.998,121.703,122.5577,340952.0
2018-09-04,122.316,123.6023,121.703,123.5592,567761.0
2018-09-05,123.4383,125.5103,123.4383,124.2498,320946.0
2018-09-06,124.2585,124.7333,122.8426,123.6196,403509.0
2018-09-07,123.5592,124.4829,122.2469,123.0066,436530.0
2018-09-10,123.8354,124.3103,122.8426,123.6023,390306.0
2018-09-11,122.7994,123.68,121.7721,123.2225,421725.0
2018-09-12,123.0325,123.0843,121.6685,122.0829,376428.0
2018-09-13,122.7735,124.293,122.6872,123.775,309228.0
2018-09-14,123.9304,127.3578,123.9304,127.3146,542564.0
2018-09-17,127.2369,127.2369,124.1808,124.388,591784.0
2018-09-18,124.647,126.3304,124.0858,126.0542,520946.0
2018-09-19,126.2614,128.8427,126.1405,128.1434,539943.0
2018-09-20,129.4298,130.3708,128.4197,128.9981,451737.0
2018-09-21,129.024,129.6284,128.7132,129.4902,534543.0
2018-09-24,129.1276,129.4384,127.919,128.3938,439163.0
2018-09-25,128.5319,129.1881,127.4441,127.8067,342139.0
2018-09-26,127.9708,128.7909,126.365,126.6067,392033.0
2018-09-27,127.1506,129.4643,126.2614,128.6269,501310.0
2018-09-28,127.5477,129.0758,126.5117,127.4787,885781.0
2018-10-01,128.8341,129.9478,127.988,128.4888,535524.0
2018-10-02,128.5751,129.3607,126.9261,128.4197,484489.0
2018-10-03,129.1622,131.3032,128.7737,129.9219,656840.0
2018-10-04,129.801,131.3895,129.7579,131.1996,635573.0
2018-10-05,131.3982,132.2183,128.8427,129.283,463050.0
2018-10-08,128.6355,130.6557,127.565,130.3794,265326.0
2018-10-09,129.7665,129.8701,127.4355,128.6528,504256.0
2018-10-10,128.6355,128.7996,123.8354,123.9218,582072.0
2018-10-11,122.9807,124.1031,116.6612,116.877,1028389.0
2018-10-12,118.5605,119.3893,114.3302,117.2224,818078.0
2018-10-15,116.8166,118.6814,116.2468,117.1878,416172.0
2018-10-16,117.9389,118.9231,116.549,118.2843,696165.0
2018-10-17,118.3533,120.2354,117.3432,119.4584,556624.0
2018-10-18,119.1303,119.2253,115.0468,115.6856,736245.0
2018-10-19,115.9101,117.9821,114.995,117.2914,668693.0
2018-10-22,117.4814,118.008,114.7446,114.9691,675588.0
2018-10-23,112.6467,115.1417,111.7661,114.2266,1008833.0
2018-10-24,112.3705,113.3719,105.2998,105.8351,1938022.0
2018-10-25,107.1733,109.6683,106.1114,108.9431,966134.0
2018-10-26,106.6207,107.4754,104.2811,105.3257,1355721.0
2018-10-29,107.0351,109.3143,104.7473,106.2668,861154.0
2018-10-30,107.0783,109.4524,106.4135,109.297,578721.0
2018-10-31,110.9719,112.664,109.7546,109.8496,856378.0
2018-11-01,110.6338,112.0856,109.4776,112.0769,666276.0
2018-11-02,113.4331,114.0938,109.3646,109.9296,667222.0
2018-11-05,110.1991,111.6683,109.4602,110.2426,774939.0
2018-11-06,109.8514,111.3641,109.4602,110.8859,524844.0
2018-11-07,112.0074,112.729,110.034,112.642,844282.0
2018-11-08,111.9205,114.1982,111.9205,112.842,522810.0
2018-11-09,111.9118,112.7116,110.2426,110.9816,464847.0
2018-11-12,110.5556,111.0163,108.4691,108.7212,383472.0
2018-11-13,109.0168,111.5553,108.7647,109.9557,631718.0
2018-11-14,110.7642,111.4336,107.2868,108.5561,802630.0
2018-11-15,107.2433,110.1209,106.6174,110.1122,567131.0
2018-11-16,109.4602,110.2513,108.5908,109.9992,597033.0
2018-11-19,109.5471,110.3817,108.5821,109.5037,431982.0
2018-11-20,108.4778,108.4778,105.5655,106.2436,512417.0
2018-11-21,106.5392,109.2602,105.9741,107.4868,448881.0
2018-11-23,106.2349,108.8256,106.2175,107.4607,197626.0
2018-11-26,108.0518,111.4771,108.0518,111.2511,619102.0
2018-11-27,110.373,111.5727,108.982,109.6949,681456.0
2018-11-28,109.9209,115.1718,109.3993,115.0501,894643.0
2018-11-29,113.8156,115.0154,110.7642,110.912,851317.0
2018-11-30,110.8251,113.3723,110.686,112.7985,692422.0
2018-12-03,114.998,115.8586,112.9202,113.8504,625471.0
2018-12-04,113.2245,113.2245,105.2351,105.5655,1000065.0
2018-12-06,102.8444,103.7833,98.4194,103.7398,1481650.0
2018-12-07,103.7572,106.0958,100.3494,100.6884,782255.0
2018-12-10,100.4798,100.8014,95.9591,97.7674,978900.0
2018-12-11,99.6539,100.3233,96.4112,97.0371,897864.0
2018-12-12,99.0714,100.7145,97.7065,97.9847,888185.0
2018-12-13,98.3499,98.7411,96.4547,97.5153,729319.0
2018-12-14,96.5329,98.0543,95.5158,95.794,817978.0
2018-12-17,95.2984,97.1762,93.7771,94.4639,620972.0
2018-12-18,95.0289,96.4808,93.551,94.2378,792524.0
2018-12-19,94.2031,95.481,91.0473,91.6906,768049.0
2018-12-20,91.1342,92.9512,89.9345,90.743,1025301.0
2018-12-21,90.4474,91.9427,87.0396,87.2048,1586025.0
2018-12-24,86.8744,87.4047,84.7793,84.8314,847358.0
2018-12-26,85.3617,89.3434,83.1884,89.2825,799692.0
2018-12-27,87.3352,90.4909,86.6484,90.4822,662795.0
2018-12-28,90.743,91.1864,89.0304,89.6737,626721.0
2018-12-31,90.0823,91.1516,89.2477,90.7343,532558.0
2019-01-02,89.9258,94.5682,89.3608,93.8553,1150251.0
2019-01-03,92.8034,93.4989,91.169,91.369,718531.0
2019-01-04,93.7597,96.672,93.5771,96.2634,650866.0
2019-01-07,95.6288,97.6718,94.5595,96.7068,630552.0
2019-01-08,98.0891,98.0978,95.2289,97.3153,470156.0
2019-01-09,97.7935,98.8715,96.6285,98.3238,499278.0
2019-01-10,97.4457,99.141,97.1849,98.6194,466961.0
2019-01-11,97.5848,99.1062,96.1504,98.6194,473627.0
2019-01-14,97.2197,99.9669,96.9415,99.141,666859.0
2019-01-15,98.8019,100.1929,97.8283,100.132,471564.0
2019-01-16,101.1926,103.679,100.5319,102.8096,580906.0
2019-01-17,101.7751,103.9311,100.4624,103.0965,474272.0
2019-01-18,104.5397,106.0436,103.2269,105.2873,648403.0
2019-01-22,104.2267,104.4962,102.914,103.6964,659029.0
2019-01-23,104.3745,104.6527,101.862,103.2878,370740.0
2019-01-24,102.8966,105.1221,102.8444,104.1311,369541.0
2019-01-25,105.5481,106.2784,105.0004,105.296,513994.0
2019-01-28,104.6701,105.948,104.1311,105.8785,612425.0
2019-01-29,105.7133,106.487,105.0439,105.522,526162.0
2019-01-30,105.8263,105.8263,101.7925,104.4788,1183801.0
2019-01-31,105.6698,110.5556,105.6698,110.06,1168453.0
2019-02-01,110.6164,111.2858,109.6167,110.3122,841475.0
2019-02-04,110.4599,110.9207,110.06,110.486,575013.0
2019-02-05,110.5469,110.7468,108.4083,109.2515,650604.0
2019-02-06,108.3909,110.912,108.3909,110.1383,541091.0
2019-02-07,109.4689,110.4773,106.7913,108.8603,596694.0
2019-02-08,107.904,109.1994,106.0784,109.1646,649731.0
2019-02-11,109.6341,110.3035,108.5995,109.495,708743.0
2019-02-12,110.6164,112.8854,110.6164,111.9987,787943.0
2019-02-13,112.7457,114.0588,111.949,112.842,522771.0
2019-02-14,111.9665,112.3868,110.1457,111.3187,542720.0
2019-02-15,112.4393,114.409,112.0979,114.4002,444101.0
2019-02-19,113.4198,115.9847,112.2204,115.5208,506602.0
2019-02-20,115.2581,116.4575,114.8029,116.3349,624848.0
2019-02-21,116.6413,116.6413,114.6191,115.2844,501761.0
2019-02-22,115.8622,118.2258,115.3107,118.0858,720160.0
2019-02-25,118.6985,119.0662,115.3982,115.5033,900929.0
2019-02-26,114.4965,116.4137,113.8925,114.6804,548045.0
2019-02-27,114.479,115.9235,114.0851,115.442,608354.0
2019-02-28,115.477,115.8622,114.6278,115.2319,647077.0
2019-03-01,116.5363,117.6305,114.5841,115.7134,533323.0
2019-03-04,116.2561,117.2716,113.2972,114.3214,454217.0
2019-03-05,114.3827,114.4265,112.6581,113.9187,575546.0
2019-03-06,114.2777,114.4703,111.7477,111.9315,398791.0
2019-03-07,111.31,111.31,108.316,109.349,539340.0
2019-03-08,108.1059,108.9376,107.3793,108.8588,619575.0
2019-03-11,109.2177,109.7692,108.5612,108.8676,907303.0
2019-03-12,108.9814,109.9881,108.4386,109.0864,790200.0
2019-03-13,109.9618,110.0844,108.7888,109.3053,726852.0
2019-03-14,109.3578,109.9006,109.0777,109.4891,780907.0
2019-03-15,109.7692,112.9908,109.3928,112.9733,997540.0
2019-03-18,113.5686,115.0743,113.2884,114.1201,712370.0
2019-03-19,114.9167,115.442,112.5093,112.8157,480611.0
2019-03-20,112.5093,115.2406,111.9841,113.0433,862365.0
2019-03-21,112.2817,113.9625,111.2837,113.411,779865.0
2019-03-22,112.2642,112.4305,107.7383,108.6662,824194.0
2019-03-25,108.5524,109.9181,107.4669,108.3773,466167.0
2019-03-26,109.8918,110.5834,108.9113,110.1894,424322.0
2019-03-27,110.1894,111.0298,109.244,109.9443,548228.0
2019-03-28,110.2945,111.4676,109.7867,111.1699,660486.0
2019-03-29,112.448,113.3235,111.8002,112.1416,489585.0
2019-04-01,113.446,116.3349,113.4373,116.1511,595155.0
2019-04-02,119.4952,120.8784,118.3484,119.1625,1087801.0
2019-04-03,120.4844,121.246,118.9524,119.5477,572311.0
2019-04-04,119.5652,121.0447,119.5652,120.178,270798.0
2019-04-05,120.7908,121.3949,120.0204,120.7558,388691.0
2019-04-08,120.5019,121.3248,119.7928,121.281,281869.0
2019-04-09,120.7383,120.8521,118.8999,119.4689,390295.0
2019-04-10,119.8891,121.6137,119.3026,121.281,353430.0
2019-04-11,121.8238,123.1807,121.6312,122.2528,327543.0
2019-04-12,124.2312,126.1396,123.4784,124.7827,470764.0
2019-04-15,124.5901,125.2642,123.1544,123.6709,418349.0
2019-04-16,124.1087,126.1309,123.9773,126.1221,459959.0
2019-04-17,126.4548,126.7262,124.7039,125.4043,407089.0
2019-04-18,125.1417,125.9821,124.1349,125.4218,619181.0
2019-04-22,125.5531,125.7282,124.6427,125.2817,307573.0
2019-04-23,125.4568,127.6104,124.5814,126.805,443718.0
2019-04-24,126.1747,127.0676,125.9996,126.0609,551225.0
2019-04-25,125.6144,128.4858,125.6144,126.9888,757540.0
2019-04-26,127.2952,128.4945,126.3935,128.3632,505669.0
2019-04-29,128.9673,130.2891,128.2056,129.3174,401153.0
2019-04-30,129.6588,129.7639,126.9013,128.4858,897972.0
2019-05-01,128.5908,129.7726,127.9343,128.337,754112.0
2019-05-02,127.9359,129.6984,127.0988,129.011,540811.0
2019-05-03,129.4957,131.5137,129.4957,130.2888,431805.0
2019-05-06,128.2003,130.3329,127.1957,129.7865,345677.0
2019-05-07,128.4294,128.4382,125.8827,127.134,485130.0
2019-05-08,126.5436,127.6716,125.6095,126.0413,436128.0
2019-05-09,124.0321,126.0061,123.5827,125.8651,487288.0
2019-05-10,125.072,127.7949,123.803,127.3896,531923.0
2019-05-13,126.8873,127.1693,122.7015,122.8248,902152.0
2019-05-14,123.3712,127.0195,123.2831,125.5919,583513.0
2019-05-15,124.7371,125.8827,123.38,125.354,454603.0
2019-05-16,125.7946,128.7026,125.7681,127.7509,363958.0
2019-05-17,126.3233,128.0857,125.6536,126.711,372760.0
2019-05-20,125.9179,128.8083,125.398,128.5528,708531.0
2019-05-21,129.3547,131.2053,129.3547,130.7735,716601.0
2019-05-22,130.2976,131.6811,128.9582,128.9758,509627.0
2019-05-23,127.6804,127.9271,126.4379,127.2133,452459.0
2019-05-24,128.1474,129.2666,127.7509,129.0022,231006.0
2019-05-28,128.6938,129.4957,127.1164,127.1164,412258.0
2019-05-29,126.0942,126.9842,124.508,126.9225,535909.0
2019-05-30,127.3543,128.2444,126.1823,126.3233,278638.0
2019-05-31,124.1996,124.7107,121.3003,121.8114,569648.0
2019-06-03,121.5735,124.4551,120.939,124.0586,461721.0
2019-06-04,125.6536,129.7601,125.6536,129.4693,643049.0
2019-06-05,129.4516,129.9804,127.2926,129.9804,585212.0
2019-06-06,130.1654,132.2011,129.7689,131.9631,367055.0
2019-06-07,132.0512,133.0558,131.6723,132.0689,423379.0
2019-06-10,133.8401,134.2279,132.8355,133.285,553404.0
2019-06-11,134.2896,134.8271,133.1263,133.8754,404136.0
2019-06-12,133.4612,133.5758,131.2934,132.5271,422472.0
2019-06-13,132.2627,133.9018,132.0248,133.5405,232919.0
2019-06-14,133.9723,135.629,132.6505,135.2941,380963.0
2019-06-17,134.8095,135.1532,130.0068,130.2359,917713.0
2019-06-18,130.5972,134.4658,129.9716,132.2187,580586.0
2019-06-19,132.5271,133.0647,130.28,130.5003,477888.0
2019-06-20,131.8133,132.157,128.4999,131.5578,681884.0
2019-06-21,131.6988,132.2011,129.2313,129.3371,579395.0
2019-06-24,129.2754,131.3727,128.7114,130.1742,352836.0
2019-06-25,130.0685,130.1654,126.2264,126.6317,703942.0
2019-06-26,127.2133,129.3988,126.2704,128.7643,650042.0
2019-06-27,128.0681,128.5264,126.7551,126.9225,676152.0
2019-06-28,128.4999,129.4781,127.5129,127.9183,572444.0
2019-07-01,130.0332,130.8528,127.1516,128.4382,1055591.0
2019-07-02,128.2267,129.2842,127.7861,128.6762,607729.0
2019-07-03,129.6719,130.6413,129.0287,130.2624,331175.0
2019-07-05,130.6942,132.298,130.0068,132.2892,422310.0
2019-07-08,131.1788,132.1922,130.5003,131.2493,422190.0
2019-07-09,130.0685,132.624,129.8218,132.3597,459489.0
2019-07-10,132.6152,133.6374,130.4122,130.703,299528.0
2019-07-11,131.4256,132.721,130.0509,132.5535,335802.0
2019-07-12,132.5976,133.3555,131.9807,133.188,239410.0
2019-07-15,133.893,133.893,131.8926,132.439,301319.0
2019-07-16,132.7827,133.6286,132.157,132.9677,355493.0
2019-07-17,132.5183,132.8532,130.4827,130.8352,357274.0
2019-07-18,130.2624,132.7474,129.8746,132.2539,344294.0
2019-07-19,132.8532,133.2673,130.9762,131.0026,434475.0
2019-07-22,131.126,131.3286,128.8877,130.2712,415491.0
2019-07-23,131.0467,131.8486,130.7999,131.3815,339938.0
2019-07-24,130.562,133.8842,130.562,133.4788,461072.0
2019-07-25,133.2673,133.5141,127.6804,129.5133,1100268.0
2019-07-26,130.139,132.4742,128.8524,132.1217,627274.0
2019-07-29,131.9896,133.3114,131.2846,131.9543,519407.0
2019-07-30,130.6501,131.0378,129.434,130.888,331035.0
2019-07-31,130.7558,131.0907,126.9578,128.2267,432283.0
2019-08-01,127.6891,128.3369,123.1814,123.8647,657950.0
2019-08-02,123.6872,123.8114,119.9071,120.058,1415138.0
2019-08-05,117.9372,118.514,114.8492,115.7543,920337.0
2019-08-06,117.6266,118.5938,115.5502,118.2567,698467.0
2019-08-07,115.9939,116.482,113.2343,116.2867,879288.0
2019-08-08,116.9523,119.7918,116.8458,119.7385,633211.0
2019-08-09,118.9222,119.7829,116.8635,116.97,617677.0
2019-08-12,114.7339,114.867,111.078,111.3442,967721.0
2019-08-13,111.078,115.0977,111.0514,114.2192,1509969.0
2019-08-14,111.1224,111.7613,108.4426,108.6112,970817.0
2019-08-15,109.605,110.5634,107.8747,108.9218,901944.0
2019-08-16,110.0132,112.693,110.0132,112.1073,573102.0
2019-08-19,114.308,114.6097,113.3585,113.607,586819.0
2019-08-20,112.6131,113.5537,110.7408,112.1162,402461.0
2019-08-21,113.6158,114.1837,112.8882,113.536,472337.0
2019-08-22,114.4588,114.938,113.2254,114.095,427736.0
2019-08-23,113.0657,114.6185,109.8712,110.4658,532897.0
2019-08-26,112.063,112.3913,110.732,111.9387,545144.0
2019-08-27,112.8793,113.2077,110.1197,111.1313,740470.0
2019-08-28,110.0132,112.0807,109.9866,111.6725,437944.0
2019-08-29,113.1455,114.6718,113.1455,113.9619,421742.0
2019-08-30,115.1864,115.3817,113.3851,114.4499,353107.0
2019-09-03,112.9681,114.237,111.6814,112.8705,483334.0
2019-09-04,114.3612,115.0178,113.7489,114.7073,426911.0
2019-09-05,116.2246,119.6764,116.1004,118.3809,580284.0
2019-09-06,118.2567,120.058,117.4403,119.5699,685910.0
2019-09-09,121.0341,123.2258,120.3597,122.3384,937030.0
2019-09-10,123.4743,128.3369,123.3678,128.3369,1212221.0
2019-09-11,128.3635,129.3219,126.1097,129.171,805087.0
2019-09-12,128.2304,130.5642,127.698,129.8898,514870.0
2019-09-13,131.5402,132.4986,130.5375,130.8215,719686.0
2019-09-16,129.6413,131.4959,128.5854,130.8215,677437.0
2019-09-17,129.8898,130.6618,128.3635,129.6324,466771.0
2019-09-18,128.7451,131.2297,127.8311,130.9191,477675.0
2019-09-19,130.7416,132.676,130.2802,130.6973,553005.0
2019-09-20,130.9368,131.8597,128.9403,129.3574,531267.0
2019-09-23,127.6359,131.0966,127.1301,130.6973,365460.0
2019-09-24,131.1853,131.6378,127.2721,128.5765,568627.0
2019-09-25,128.1772,129.455,126.9527,129.0823,461575.0
2019-09-26,128.8161,130.3689,128.328,129.6591,321116.0
2019-09-27,131.0611,131.6911,130.2625,130.9191,497178.0
2019-09-30,131.8419,131.8419,129.7833,130.5287,524297.0
2019-10-01,131.1853,131.1853,124.1486,124.8851,886355.0
2019-10-02,123.1814,123.1814,119.916,120.0935,598712.0
2019-10-03,119.2594,120.1733,116.4997,119.9426,608838.0
2019-10-04,120.1822,121.2293,119.6498,120.8477,475944.0
2019-10-07,119.9426,121.1405,119.5167,119.5522,396532.0
2019-10-08,117.183,117.4669,114.4766,114.654,1065516.0
2019-10-09,116.2335,117.9461,115.3817,117.2983,377400.0
2019-10-10,118.3099,120.4661,118.0881,118.9133,401623.0
2019-10-11,122.161,124.0422,121.6818,122.6934,514084.0
2019-10-14,121.7351,123.3323,121.4067,123.1814,282700.0
2019-10-15,123.7937,125.8523,122.8975,124.4237,477465.0
2019-10-16,124.0067,125.3466,123.9002,124.0244,267152.0
2019-10-17,125.0892,126.1629,124.6012,124.6633,302136.0
2019-10-18,124.1131,126.5711,124.1131,126.0032,393329.0
2019-10-21,127.5738,128.9314,127.3875,128.0441,290295.0
2019-10-22,127.8755,128.6564,126.2605,126.4025,573257.0
2019-10-23,125.9943,128.2393,125.9943,127.3076,471400.0
2019-10-24,133.5279,135.3203,130.644,132.7736,834143.0
2019-10-25,132.7559,133.1375,130.4488,132.6139,352712.0
2019-10-28,133.8828,136.0213,133.7231,135.5954,449357.0
2019-10-29,134.5217,137.1039,133.102,136.3851,373472.0
2019-10-30,135.4712,135.5422,133.2084,134.8767,570838.0
2019-10-31,134.3561,134.5437,131.1053,133.8917,360420.0
2019-11-01,134.5437,136.8121,134.374,136.5442,426852.0
2019-11-04,137.9195,138.8483,136.9014,138.7322,391614.0
2019-11-05,139.4824,141.8759,139.4824,141.3668,376175.0
2019-11-06,140.965,141.8938,140.0629,140.9917,401701.0
2019-11-07,142.1796,143.4567,140.8489,140.8756,544008.0
2019-11-08,140.9203,141.8312,139.8218,141.5901,536826.0
2019-11-11,139.929,142.3492,139.929,141.4472,339501.0
2019-11-12,141.3847,142.8136,141.1793,141.9116,730161.0
2019-11-13,139.9558,142.117,139.1698,141.4562,465781.0
2019-11-14,140.956,142.7511,140.7506,142.2867,418554.0
2019-11-15,143.3852,143.7514,142.4296,143.0458,423382.0
2019-11-18,142.2242,142.51,140.7953,141.3401,374685.0
2019-11-19,141.9384,142.7779,140.706,142.0099,408687.0
2019-11-20,141.6526,142.2778,139.5807,141.4472,389118.0
2019-11-21,141.8045,141.8045,139.5449,141.1525,376467.0
2019-11-22,141.8759,143.2691,141.2865,142.6886,417760.0
2019-11-25,143.028,144.8945,142.0992,144.4837,405105.0
2019-11-26,144.1443,144.2962,142.8315,143.805,342562.0
2019-11-27,144.7695,146.1449,144.2337,145.9216,347777.0
2019-11-29,146.0198,147.3416,145.6001,146.3503,231110.0
2019-12-02,147.0915,148.0561,145.091,145.1803,762373.0
2019-12-03,142.9208,143.3674,141.2775,142.8762,507918.0
2019-12-04,143.4924,145.3054,143.4924,144.7159,409696.0
2019-12-05,145.484,145.743,144.5462,145.3768,486409.0
2019-12-06,147.3863,148.1543,146.8951,147.2702,469334.0
2019-12-09,147.0379,147.6988,146.52,147.1987,311089.0
2019-12-10,146.3503,147.7346,146.2163,147.547,368045.0
2019-12-11,147.3595,147.9936,146.1181,146.9218,331754.0
2019-12-12,146.8415,151.0122,146.6807,150.4228,393814.0
2019-12-13,150.3781,151.1194,148.5026,149.5386,346256.0
2019-12-16,151.2623,151.5927,149.485,149.5386,301444.0
2019-12-17,149.351,149.7708,148.2615,149.4493,346206.0
2019-12-18,149.5922,150.2799,149.0117,149.3778,345231.0
2019-12-19,149.6636,150.0655,148.3865,149.3957,282092.0
2019-12-20,150.6728,150.6907,149.6994,150.1191,548636.0
2019-12-23,150.2709,150.4495,149.1546,149.3957,259312.0
2019-12-24,149.4136,149.8958,149.0742,149.7887,134404.0
2019-12-26,149.5743,150.4406,149.4493,149.7529,182661.0
2019-12-27,149.9137,149.9137,148.7705,148.8866,322804.0
2019-12-30,149.6547,149.878,148.1811,148.3151,194105.0
2019-12-31,148.1632,149.6368,148.0471,148.7705,197374.0
2020-01-02,149.6279,151.1462,148.8688,151.1372,459086.0
2020-01-03,150.0209,150.2263,148.065,149.2528,296871.0
2020-01-06,147.7346,149.8601,147.547,149.744,278508.0
2020-01-07,148.6902,149.4225,147.8685,147.94,601995.0
2020-01-08,148.1722,150.6639,148.1722,149.2707,330059.0
2020-01-09,151.0211,151.5123,149.8869,150.8157,326087.0
2020-01-10,150.8604,151.7713,149.5922,151.0747,356417.0
2020-01-13,151.6641,152.5394,150.8425,151.5838,308179.0
2020-01-14,151.5838,152.1018,149.9583,150.4138,283669.0
2020-01-15,149.5565,151.3605,149.1635,150.2977,332721.0
2020-01-16,151.2355,153.5664,151.2355,153.5664,338280.0
2020-01-17,154.0487,155.174,153.2896,153.9951,381523.0
2020-01-21,152.9413,153.6915,151.9678,152.0482,210276.0
2020-01-22,153.1288,153.9058,152.718,152.843,208342.0
2020-01-23,151.7981,153.1377,150.0566,153.0574,359955.0
2020-01-24,153.0752,153.1467,148.6991,149.6547,255355.0
2020-01-27,146.0734,147.163,144.7159,145.0374,368331.0
2020-01-28,146.4932,148.0382,145.993,147.4666,297600.0
2020-01-29,148.4222,149.9226,147.6899,148.2883,369649.0
2020-01-30,149.36,152.5126,147.94,152.2804,484671.0
2020-01-31,150.8961,150.8961,147.1094,147.7256,439410.0
2020-02-03,149.1278,151.5748,148.6544,149.5565,415522.0
2020-02-04,153.0752,155.7991,153.0752,154.7542,357729.0
2020-02-05,156.2903,157.7103,155.1115,157.237,373167.0
2020-02-06,158.532,158.532,156.4422,157.103,298057.0
2020-02-07,155.8617,157.4603,155.5312,156.5761,228940.0
2020-02-10,155.8081,157.0763,155.3615,156.978,230025.0
2020-02-11,157.7639,160.1753,157.3888,158.6392,239265.0
2020-02-12,159.4963,160.3763,158.9934,159.5412,211946.0
2020-02-13,158.5175,160.3942,157.9159,160.1967,291058.0
2020-02-14,159.9453,160.7534,159.4334,160.5738,312191.0
2020-02-18,159.7477,161.1665,157.8171,159.2,514057.0
2020-02-19,160.3314,161.1126,159.6759,160.7714,294364.0
2020-02-20,160.071,162.4057,159.8195,161.382,337892.0
2020-02-21,160.4122,160.6906,156.8473,157.5297,266721.0
2020-02-24,151.3248,152.0971,146.6285,147.6881,483255.0
2020-02-25,148.0652,148.4693,139.2023,140.2888,565376.0
2020-02-26,140.4325,143.9974,140.0823,140.0823,564765.0
2020-02-27,136.1133,138.2235,131.2014,131.2643,783023.0
2020-02-28,125.0953,128.2651,122.563,126.8822,987823.0
2020-03-02,127.6276,135.4937,125.2569,135.4668,766505.0
2020-03-03,134.2186,135.0088,125.212,126.2178,810855.0
2020-03-04,128.7769,130.528,125.0145,129.7198,701588.0
2020-03-05,124.2422,125.1851,119.0969,120.7851,809597.0
2020-03-06,115.1728,117.9295,111.132,113.6822,923597.0
2020-03-09,102.5115,106.3189,96.6478,97.9948,854781.0
2020-03-10,103.1311,107.3426,99.225,107.1091,1153352.0
2020-03-11,103.0683,104.2176,97.3572,99.4764,972148.0
2020-03-12,90.8559,93.9988,82.6306,82.9898,1347024.0
2020-03-13,89.06,101.9548,88.1621,101.7752,1147121.0
2020-03-16,81.5171,89.7604,77.18,77.5302,1292944.0
2020-03-17,80.3498,87.9735,73.7318,87.9465,1279004.0
2020-03-18,80.3947,84.4445,71.8461,84.3278,1262403.0
2020-03-19,82.451,89.0421,77.7457,85.6927,1085358.0
2020-03-20,87.3539,88.0004,77.6738,80.6641,1070537.0
2020-03-23,78.9849,80.1073,73.6599,74.4232,963149.0
2020-03-24,80.4216,90.4788,78.1138,89.8502,981026.0
2020-03-25,92.3915,100.0421,87.5694,93.029,776601.0
2020-03-26,94.7621,100.4642,90.3531,99.5572,758485.0
2020-03-27,94.2862,97.5009,92.3825,92.7866,647918.0
2020-03-30,92.3196,98.6413,89.8143,98.0127,540972.0
2020-03-31,97.3931,97.9678,90.9817,92.0233,726477.0
2020-04-01,86.1057,89.3294,83.6543,84.6869,737583.0
2020-04-02,84.0045,90.1825,82.6037,84.4535,599833.0
2020-04-03,84.0045,84.8216,79.5147,81.1041,537229.0
2020-04-06,86.4559,93.2625,84.2649,92.1131,622532.0
2020-04-07,98.0307,100.7784,91.9604,92.9213,875901.0
2020-04-08,93.8192,100.9491,91.8437,100.2935,633734.0
2020-04-09,102.0446,111.8952,102.0446,108.1777,1007358.0
2020-04-13,104.954,105.816,101.5687,103.194,485085.0
2020-04-14,106.2919,106.3817,100.3205,102.6372,670034.0
2020-04-15,97.6446,98.4886,93.1188,93.5229,364688.0
2020-04-16,93.029,93.7025,89.8951,91.3139,472432.0
2020-04-17,96.118,100.2307,95.9205,99.6291,647568.0
2020-04-20,96.3245,99.1262,94.8339,98.8748,682777.0
2020-04-21,95.1841,96.6119,91.5923,92.8943,764995.0
2020-04-22,95.687,96.576,93.5678,94.2054,349135.0
2020-04-23,94.816,96.7735,93.1098,93.7025,293715.0
2020-04-24,94.9776,97.3392,93.1547,96.5131,342680.0
2020-04-27,97.7613,101.4789,97.2315,100.976,426339.0
2020-04-28,105.0168,106.2111,100.8503,101.9009,613356.0
2020-04-29,106.9744,107.2438,104.1997,105.9777,474726.0
2020-04-30,103.2029,104.6846,101.4878,103.2119,397013.0
2020-05-01,99.8895,100.7874,97.887,99.9074,363985.0
2020-05-04,98.345,101.5866,97.007,101.5238,500043.0
2020-05-05,101.8201,103.2748,99.0454,99.4315,475775.0
2020-05-06,102.0895,102.0895,95.8845,96.3335,623680.0
2020-05-07,105.8519,117.301,103.6429,109.3091,1500856.0
2020-05-08,111.7605,114.2659,109.9916,112.7932,514029.0
2020-05-11,110.7458,112.434,108.9948,111.2307,433985.0
2020-05-12,112.1377,113.4218,108.7793,108.7883,548527.0
2020-05-13,108.2764,109.4169,103.3107,105.394,740515.0
2020-05-14,103.2074,110.1266,100.7803,110.0903,902778.0
2020-05-15,109.7009,113.5408,108.1341,110.4707,1095735.0
2020-05-18,114.1567,120.4056,114.1567,119.4819,711366.0
2020-05-19,116.8917,119.8441,115.66,116.4117,572679.0
2020-05-20,119.8622,121.3566,118.1143,119.2102,589728.0
2020-05-21,119.0653,121.7007,118.8208,119.6539,436201.0
2020-05-22,119.5362,120.5596,117.1996,119.9619,416136.0
2020-05-26,125.5497,129.3534,125.0154,126.8267,606767.0
2020-05-27,133.293,134.5518,130.1232,132.4236,571921.0
2020-05-28,133.7005,134.2711,129.5708,130.087,515749.0
2020-05-29,127.4606,129.453,124.9067,126.8538,675197.0
2020-06-01,127.7051,131.21,126.8991,130.3587,391134.0
2020-06-02,132.17,133.936,130.8025,132.5866,461401.0
2020-06-03,136.7525,140.2393,135.8469,137.1873,494735.0
2020-06-04,135.8469,140.2393,134.9594,138.6725,589219.0
2020-06-05,148.3448,149.169,140.0853,140.8913,818366.0
2020-06-08,143.3728,147.3939,142.7389,147.3486,657347.0
2020-06-09,142.44,146.4067,141.0815,144.532,774948.0
2020-06-10,143.3547,144.8309,139.1434,139.5148,690260.0
2020-06-11,131.3096,135.0499,125.6131,125.9663,621689.0
2020-06-12,132.976,134.5428,128.3753,132.8039,712071.0
2020-06-15,128.5293,138.4733,128.158,136.0099,961579.0
2020-06-16,143.1283,143.1283,136.0099,139.0257,669599.0
2020-06-17,139.4514,139.4785,134.9956,135.5661,662278.0
2020-06-18,134.6605,139.2068,133.9541,136.3269,662868.0
2020-06-19,139.3517,139.4423,132.9126,134.3526,816558.0
2020-06-22,134.7148,137.0061,133.2749,134.2892,578349.0
2020-06-23,137.2778,138.0114,134.1805,134.5881,512889.0
2020-06-24,132.7858,132.8311,127.4968,129.4712,738788.0
2020-06-25,131.9436,138.3103,131.2824,137.2506,849317.0
2020-06-26,134.8688,135.4846,130.3406,133.1571,1039359.0
2020-06-29,135.3216,135.5752,133.0303,134.3616,629036.0
2020-06-30,133.3292,137.0242,133.3292,135.8831,656283.0
2020-07-01,136.2454,137.4046,131.8439,132.0704,446922.0
2020-07-02,135.9284,136.8522,131.4636,131.7262,383272.0
2020-07-06,136.0099,137.6401,135.1224,136.028,332881.0
2020-07-07,134.6152,135.1043,132.1156,132.342,386998.0
2020-07-08,131.9255,134.9322,131.9255,134.4069,374096.0
2020-07-09,134.3888,134.6243,128.9368,129.77,329214.0
2020-07-10,130.1413,134.8597,130.0145,134.5609,434261.0
2020-07-13,136.0461,137.2869,133.8183,134.0265,366559.0
2020-07-14,133.619,136.0371,132.5685,135.6658,256403.0
2020-07-15,139.1525,140.0219,136.3269,139.56,317321.0
2020-07-16,138.2287,140.4747,136.9608,138.4642,303128.0
2020-07-17,139.2884,139.56,137.6582,138.8989,359390.0
2020-07-20,137.6944,140.1578,136.8612,139.8136,445040.0
2020-07-21,140.2393,143.7351,140.2212,142.4853,357446.0
2020-07-22,141.8151,145.0301,141.8151,143.0558,355958.0
2020-07-23,142.3947,144.5864,141.6793,142.0143,316111.0
2020-07-24,141.2808,142.8294,140.4747,140.6106,355156.0
2020-07-27,139.9766,142.0687,137.8393,141.5887,256512.0
2020-07-28,140.1034,141.4981,139.4967,139.5148,403853.0
2020-07-29,139.4785,142.2317,137.6854,142.1049,495331.0
2020-07-30,138.8536,138.8536,134.742,137.6944,560896.0
2020-07-31,138.0386,139.8499,136.8159,139.1344,321209.0
2020-08-03,139.8499,141.6793,138.1382,141.0,344319.0
2020-08-04,139.5148,140.2393,137.3593,138.9442,432516.0
2020-08-05,140.683,142.4038,140.5472,141.4347,365102.0
2020-08-06,140.4247,142.002,139.7409,141.1449,277767.0
2020-08-07,140.3061,145.813,140.1056,145.7309,359085.0
2020-08-10,145.8768,147.8826,145.8768,146.6335,239051.0
2020-08-11,149.5237,151.101,147.992,148.2017,351885.0
2020-08-12,150.7819,150.864,145.1292,146.8615,228627.0
2020-08-13,145.5759,147.0165,144.7645,144.9651,275676.0
2020-08-14,144.3998,146.7703,143.8892,145.5668,244980.0
2020-08-17,145.5942,145.7127,143.8345,143.8984,219733.0
2020-08-18,144.0989,144.3725,142.5399,142.6858,279705.0
2020-08-19,142.8225,145.9315,142.7496,143.0049,323927.0
2020-08-20,141.537,143.4972,140.6526,141.4458,266850.0
2020-08-21,141.537,142.9502,140.3335,140.8714,310251.0
2020-08-24,141.6646,143.8254,141.619,143.7981,453946.0
2020-08-25,145.4027,145.7674,143.014,143.1325,276134.0
2020-08-26,142.9319,143.0687,141.3455,141.9928,285562.0
2020-08-27,142.0293,146.3236,141.774,145.0562,334938.0
2020-08-28,145.895,145.895,143.1051,144.8648,261899.0
2020-08-31,144.8648,144.8648,142.9502,142.9593,376788.0
2020-09-01,141.8561,143.5337,140.4976,143.2875,344049.0
2020-09-02,143.169,146.5059,142.5672,145.6306,305674.0
2020-09-03,146.4603,149.077,141.2817,142.5399,297047.0
2020-09-04,145.3662,146.1321,139.9506,142.7222,291386.0
2020-09-08,140.7346,140.8623,135.7384,136.3128,367592.0
2020-09-09,137.6439,138.1636,135.2916,136.8507,329267.0
2020-09-10,137.1698,138.9112,136.1942,136.8233,435515.0
2020-09-11,137.3795,139.6406,136.6775,138.6741,313652.0
2020-09-14,139.9506,143.0413,139.8685,142.2572,374132.0
2020-09-15,142.2755,142.3575,139.8412,140.2697,408239.0
2020-09-16,140.6617,145.6489,140.2788,143.5337,255252.0
2020-09-17,141.227,143.5975,139.6862,143.1416,259538.0
2020-09-18,142.8681,145.4939,141.8743,143.7889,427001.0
2020-09-21,140.06,141.4458,134.6443,137.1151,395695.0
2020-09-22,137.1333,138.9203,134.1702,135.5651,269838.0
2020-09-23,136.1578,137.8901,132.365,132.52,229302.0
2020-09-24,132.6203,134.079,129.3016,131.8453,262470.0
2020-09-25,130.1677,134.9907,130.0492,133.7873,236142.0
2020-09-28,136.5042,139.3124,134.8449,138.1089,338106.0
2020-09-29,136.9874,138.1636,134.0243,137.106,277874.0
2020-09-30,138.2456,142.5763,137.5254,140.5067,477272.0
2020-10-01,141.4914,143.0596,139.6497,141.6008,269613.0
2020-10-02,138.7197,146.5059,138.6012,144.8283,319439.0
2020-10-05,146.825,148.9949,146.67,148.302,277147.0
2020-10-06,149.9978,150.946,145.3571,145.6945,270815.0
2020-10-07,148.2655,151.0463,147.527,150.3352,254791.0
2020-10-08,151.876,154.5382,150.8001,154.365,241040.0
2020-10-09,154.9941,156.5167,154.2009,155.3041,263758.0
2020-10-12,154.7662,157.6655,154.7662,156.854,266862.0
2020-10-13,155.6779,156.772,151.3016,152.0127,420363.0
2020-10-14,152.7695,154.2191,151.9125,152.3227,226005.0
2020-10-15,150.0252,156.5258,149.624,155.8876,238978.0
2020-10-16,156.3435,156.617,153.6812,154.9485,359242.0
2020-10-19,156.2705,157.8296,153.7724,154.1188,287862.0
2020-10-20,154.3468,155.997,152.7421,153.1615,380179.0
2020-10-21,153.3165,155.2129,151.9763,152.031,173216.0
2020-10-22,152.4048,155.7144,151.5386,155.2859,181826.0
2020-10-23,156.5714,157.1823,154.8209,155.3497,230849.0
2020-10-26,152.9518,153.3895,149.0132,150.9916,190289.0
2020-10-27,151.1101,151.1101,147.7185,148.0558,250949.0
2020-10-28,144.9742,146.9253,142.7131,144.2813,387801.0
2020-10-29,144.9468,148.3932,141.619,146.8888,397078.0
2020-10-30,145.8039,147.2353,143.8984,146.6335,312591.0
2020-11-02,149.3961,150.9187,148.0467,149.934,256920.0
2020-11-03,152.2589,155.0853,151.7028,152.6692,308677.0
2020-11-04,149.9705,157.6746,147.6456,153.5353,464195.0
2020-11-05,156.1717,159.2261,155.4654,157.4467,341916.0
2020-11-06,158.6391,158.6391,154.7408,155.7314,168983.0
2020-11-09,165.9771,171.9668,165.6469,167.8025,773870.0
2020-11-10,167.619,169.2609,163.8583,168.0134,547419.0
2020-11-11,169.8388,169.8571,165.1332,166.2982,239909.0
2020-11-12,165.4543,165.9129,161.134,162.6291,278471.0
2020-11-13,164.7205,170.2607,164.1793,169.5819,378148.0
2020-11-16,172.8657,172.9666,169.0683,170.5817,317661.0
2020-11-17,168.417,169.7654,166.4908,168.9857,299145.0
2020-11-18,169.2334,172.8565,168.1143,168.1602,216496.0
2020-11-19,166.7751,168.8665,165.3442,168.4354,215375.0
2020-11-20,167.6832,167.8483,164.8948,164.9223,252677.0
2020-11-23,166.6926,169.0041,166.0964,168.5546,242965.0
2020-11-24,171.3522,177.2043,170.3524,176.7273,366540.0
2020-11-25,175.9202,176.0577,172.884,174.4526,371590.0
2020-11-27,174.3517,175.6542,173.5903,174.9662,127047.0
2020-11-30,172.7648,174.3883,169.4443,169.9121,429316.0
2020-12-01,173.8288,175.0029,172.3796,174.5076,443337.0
2020-12-02,174.4067,177.8189,173.6454,177.4336,507019.0
2020-12-03,177.3052,180.4147,176.8924,178.5985,354161.0
2020-12-04,179.8277,181.7631,179.259,180.0386,240289.0
2020-12-07,178.993,179.0755,176.6264,178.3509,487165.0
2020-12-08,176.4705,177.6721,175.7092,176.5806,270482.0
2020-12-09,177.9656,180.167,175.9385,177.2502,258523.0
2020-12-10,175.5441,177.1401,174.5259,176.8924,311453.0
2020-12-11,174.6268,176.4155,173.8013,175.8743,278108.0
2020-12-14,178.5068,178.5068,175.0946,175.1864,373792.0
2020-12-15,177.1126,177.1676,173.9481,174.9846,354860.0
2020-12-16,176.3421,176.7365,173.2326,174.0398,381224.0
2020-12-17,174.4617,175.0029,172.5905,174.3241,318926.0
2020-12-18,172.4896,174.5718,170.2699,171.4715,628567.0
2020-12-21,171.1137,172.2328,167.7016,171.3064,315893.0
2020-12-22,171.7467,172.1869,169.1783,169.747,267010.0
2020-12-23,170.2699,173.9939,170.2699,172.9391,225172.0
2020-12-24,173.3427,174.1682,171.4806,174.0031,116834.0
2020-12-28,175.3423,177.0942,174.2141,174.2599,198022.0
2020-12-29,175.168,175.5257,173.2143,173.4252,231352.0
2020-12-30,173.2051,176.5714,173.2051,175.5166,184489.0
2020-12-31,175.3882,178.5527,175.3148,178.25,184271.0
2021-01-04,179.1397,179.6901,170.4258,172.5447,271558.0
2021-01-05,172.5447,174.1407,170.3433,171.5357,293203.0
2021-01-06,175.434,183.3958,175.0396,181.3778,374713.0
2021-01-07,183.4508,185.4504,182.9005,183.5701,227637.0
2021-01-08,184.1388,184.9551,182.0933,184.8726,266933.0
2021-01-11,182.7354,185.2486,182.6345,184.9001,318112.0
2021-01-12,185.3679,189.0919,184.6708,187.6243,443807.0
2021-01-13,187.6335,187.9087,184.8267,186.2668,221447.0
2021-01-14,187.0923,190.1284,185.7623,189.8257,355643.0
2021-01-15,187.6977,191.275,186.597,191.0457,361834.0
2021-01-19,192.2565,196.0447,191.9538,195.3659,374954.0
2021-01-20,196.0539,196.7418,193.8983,195.5219,257650.0
2021-01-21,195.742,196.751,194.4028,194.4028,304670.0
2021-01-22,192.9903,194.8706,192.6234,194.2652,217812.0
2021-01-25,192.926,195.8062,192.018,194.1001,326941.0
2021-01-26,195.5861,195.7512,192.9352,193.7883,317697.0
2021-01-27,190.1284,192.5867,184.4231,184.79,488247.0
2021-01-28,187.5509,192.0822,182.8087,189.5597,412442.0
2021-01-29,188.0096,188.0096,181.442,181.4971,431101.0
2021-02-01,183.2857,184.4231,180.4881,184.2213,296551.0
2021-02-02,186.7804,189.1378,185.9641,188.1196,239532.0
2021-02-03,187.4409,188.3123,184.4048,185.1569,423166.0
2021-02-04,185.7164,192.1005,185.5238,191.9904,220313.0
2021-02-05,193.2563,195.6411,192.5225,193.5956,234659.0
2021-02-08,193.825,195.8429,193.4856,195.6595,202810.0
2021-02-09,195.2192,197.6224,193.9625,196.8978,302922.0
2021-02-10,197.4214,199.7349,196.048,197.2555,423817.0
2021-02-11,198.168,199.0067,196.2877,197.8915,267475.0
2021-02-12,197.2463,201.2373,197.0527,201.0069,199375.0
2021-02-16,202.5461,204.0393,201.5322,202.9517,239411.0
2021-02-17,202.0023,202.5922,199.3662,201.2926,210834.0
2021-02-18,198.8593,200.2879,196.131,197.4306,277108.0
2021-02-19,198.8593,207.1086,197.532,206.915,599640.0
2021-02-22,205.9657,210.0857,204.749,208.1962,386142.0
2021-02-23,210.1134,210.1134,205.3665,208.7677,387255.0
2021-02-24,208.5372,214.5837,207.5787,213.9292,387240.0
2021-02-25,215.2104,215.5975,205.6431,206.4081,303047.0
2021-02-26,206.5556,208.5741,203.1268,203.9195,388754.0
2021-03-01,207.3667,212.6665,207.3667,211.1457,314921.0
2021-03-02,210.3991,211.1365,208.1132,208.1132,381197.0
2021-03-03,208.9981,210.3899,205.8919,206.1777,435499.0
2021-03-04,204.537,206.7122,196.6748,200.2326,554299.0
2021-03-05,203.9379,205.8182,197.1541,204.8965,596525.0
2021-03-08,207.3851,211.9937,205.9749,206.5279,543297.0
2021-03-09,206.15,209.2654,203.9748,206.0025,528684.0
2021-03-10,208.0764,210.6019,206.8966,207.9842,787165.0
2021-03-11,207.3298,211.3853,204.8504,208.8045,616317.0
2021-03-12,211.2379,211.4591,206.9611,207.8367,455339.0
2021-03-15,208.4266,210.3161,204.4633,210.2701,504735.0
2021-03-16,208.5649,209.8,203.1452,203.8089,547849.0
2021-03-17,204.3988,207.8828,203.0531,207.8367,552062.0
2021-03-18,209.2377,217.9295,208.0026,209.1363,1108289.0
2021-03-19,207.551,212.307,204.5278,210.5466,696310.0
2021-03-22,210.5374,212.0674,208.1409,211.2379,412336.0
2021-03-23,209.9567,211.2194,203.5323,204.2236,433102.0
2021-03-24,206.0947,210.5005,205.0532,205.0532,324379.0
2021-03-25,205.1085,210.5189,202.0207,209.8645,346151.0
2021-03-26,211.542,214.4454,208.8045,214.3717,320741.0
2021-03-29,211.8554,213.5421,208.4082,211.33,306839.0
2021-03-30,212.3992,215.5515,212.3531,214.5744,188478.0
2021-03-31,214.3256,216.7497,213.5513,214.2518,278356.0
2021-04-01,215.7266,217.1092,214.4731,216.9801,233923.0
2021-04-05,219.7821,221.6901,217.4871,219.6254,242864.0
2021-04-06,219.6346,220.8882,217.2751,217.9203,174180.0
2021-04-07,218.547,220.2061,216.7405,219.4503,201000.0
2021-04-08,219.0632,219.5517,216.3349,218.5009,174015.0
2021-04-09,220.584,222.2984,219.2752,221.9389,229294.0
2021-04-12,222.8238,227.1005,222.0034,226.4369,314458.0
2021-04-13,225.3032,225.8654,222.1233,224.2432,310449.0
2021-04-14,223.9022,229.1651,222.8791,227.5982,303420.0
2021-04-15,228.6213,229.755,225.6073,228.142,281394.0
2021-04-16,229.4877,229.709,226.9807,229.2942,291314.0
2021-04-19,229.2297,230.1237,226.7687,227.3955,186192.0
2021-04-20,225.8378,226.4184,221.5426,223.4044,255982.0
2021-04-21,222.0864,228.2158,221.6071,227.9669,228446.0
2021-04-22,228.1605,228.1605,223.2201,223.8837,229167.0
2021-04-23,224.7594,230.4279,223.6533,229.6352,196931.0
2021-04-26,230.0869,231.5892,227.8194,228.1236,242768.0
2021-04-27,231.3404,239.3132,231.3404,236.4467,438297.0
2021-04-28,236.3361,237.5435,234.8152,236.5296,288338.0
2021-04-29,239.645,241.341,237.3684,240.4192,327307.0
2021-04-30,239.3685,240.3732,236.207,238.1703,365917.0
2021-05-03,240.7787,241.2488,236.8153,237.6633,259460.0
2021-05-04,235.9858,238.1518,232.345,237.3684,405859.0
2021-05-05,239.6081,242.318,237.0458,240.7971,256506.0
2021-05-06,240.8341,243.0928,238.2237,242.9632,240666.0
2021-05-07,240.4268,246.6103,239.6215,245.9068,224244.0
2021-05-10,246.6751,249.2763,244.435,244.472,181021.0
2021-05-11,240.76,242.2504,236.0668,238.9642,299712.0
2021-05-12,239.7418,242.019,231.0497,232.1975,411827.0
2021-05-13,231.0497,237.0296,231.0497,235.0486,380515.0
2021-05-14,236.0113,240.8804,234.1877,239.1401,293509.0
2021-05-17,237.6775,239.4086,235.1875,238.0385,252749.0
2021-05-18,238.2885,239.7973,233.7249,233.9933,321983.0
2021-05-19,229.7907,233.6508,228.9299,233.512,329906.0
2021-05-20,233.8545,236.2705,232.0864,233.9563,198083.0
2021-05-21,234.5487,237.7979,234.5487,235.3726,366759.0
2021-05-24,236.7981,237.4183,234.6691,235.7799,246897.0
2021-05-25,237.1499,239.7325,234.6506,234.6598,386847.0
2021-05-26,236.0298,238.2607,233.5397,236.7241,288639.0
2021-05-27,239.4178,241.5654,237.7516,240.9544,451004.0
2021-05-28,241.8894,242.0653,237.7979,240.5286,273674.0
2021-06-01,243.6019,244.1851,241.0563,242.7873,273702.0
2021-06-02,242.7873,243.5093,239.8714,243.1668,251954.0
2021-06-03,242.3707,246.6474,241.5746,244.2128,240262.0
2021-06-04,244.0555,245.8328,241.9449,245.6847,183422.0
2021-06-07,246.9899,246.9899,244.7127,245.1755,219597.0
2021-06-08,243.9444,245.3792,240.9637,244.2961,237450.0
2021-06-09,242.7688,243.6297,240.9637,241.3432,253898.0
2021-06-10,243.7407,244.7405,237.7608,238.1959,233706.0
2021-06-11,238.9365,239.8159,238.1496,239.3438,314581.0
2021-06-14,239.0661,239.2882,234.4469,235.6966,436434.0
2021-06-15,235.1319,237.7979,233.4009,235.9743,409617.0
2021-06-16,235.2615,236.2612,230.7257,234.7616,548098.0
2021-06-17,235.7243,235.7243,225.3567,226.7545,449824.0
2021-06-18,222.4223,222.8204,218.7844,219.0714,530012.0
2021-06-21,221.4874,224.2737,220.9875,223.4128,311603.0
2021-06-22,223.4869,226.5509,221.3485,224.9124,512353.0
2021-06-23,224.9309,226.3194,223.3943,225.005,272227.0
2021-06-24,227.1248,227.7172,224.394,227.1988,265512.0
2021-06-25,228.4207,231.3181,227.7913,230.161,384330.0
2021-06-28,229.3649,229.8741,227.1988,228.2449,264196.0
2021-06-29,230.2628,231.6884,228.9299,229.7445,258378.0
2021-06-30,228.8836,231.2163,228.6984,230.3832,228629.0
2021-07-01,231.7624,233.4564,230.5405,232.3364,234507.0
2021-07-02,231.9198,232.9473,231.4847,232.2716,152558.0
2021-07-06,231.4384,232.0309,227.7172,228.8188,174966.0
2021-07-07,226.8378,230.6146,226.8378,230.4295,277868.0
2021-07-08,226.8563,228.4763,222.5519,223.3943,336251.0
2021-07-09,227.2821,230.5498,226.051,230.448,243466.0
2021-07-12,228.393,233.4287,228.3097,232.9473,238265.0
2021-07-13,232.8733,233.2528,230.161,231.0497,200191.0
2021-07-14,230.7349,232.6418,226.8286,228.504,195691.0
2021-07-15,226.6342,232.1883,226.4953,230.3647,208085.0
2021-07-16,231.0774,231.531,228.3282,228.4392,261864.0
2021-07-19,223.9682,224.2274,218.9603,220.4136,215251.0
2021-07-20,220.21,228.9854,220.21,227.5506,193568.0
2021-07-21,229.9944,233.9933,229.2909,232.4567,230274.0
2021-07-22,231.5495,231.9013,228.3652,228.5318,249754.0
2021-07-23,229.7537,232.0587,229.4205,230.3924,160521.0
2021-07-26,230.9478,233.6786,230.0499,232.4845,176661.0
2021-07-27,223.7738,233.5583,223.7738,231.0034,326434.0
2021-07-28,232.8547,235.3726,230.3832,233.3268,276413.0
2021-07-29,235.8817,240.723,234.4654,239.9454,302424.0
2021-07-30,239.2975,242.454,238.2237,238.4181,205948.0
2021-08-02,240.325,243.5926,238.7143,239.2142,216175.0
2021-08-03,239.7973,241.1766,235.6873,240.5564,203317.0
2021-08-04,238.2052,240.7045,236.3168,236.5667,146644.0
2021-08-05,238.5038,242.2504,237.4346,242.2411,192742.0
2021-08-06,244.8629,247.6984,243.9983,246.9175,198069.0
2021-08-09,246.3039,248.2656,244.0726,246.9361,161259.0
2021-08-10,247.4102,251.38,245.839,249.5578,187474.0
2021-08-11,249.5764,253.7507,248.8977,252.2446,251457.0
2021-08-12,250.8315,253.9739,250.6549,253.6206,177711.0
2021-08-13,253.6299,254.355,251.4358,253.0349,136357.0
2021-08-16,251.7984,253.258,249.5764,252.1889,156354.0
2021-08-17,250.0599,251.817,247.0105,249.8367,192812.0
2021-08-18,248.6374,250.3202,245.1232,245.4579,233360.0
2021-08-19,241.7856,245.8298,240.484,242.0552,234350.0
2021-08-20,242.2876,245.1325,241.4602,243.208,229797.0
2021-08-23,244.584,247.6055,243.5799,246.3876,252232.0
2021-08-24,246.8989,249.8367,246.6386,249.2882,134671.0
2021-08-25,250.2923,254.9408,249.6043,253.509,139415.0
2021-08-26,254.1226,254.1226,251.0081,251.036,186586.0
2021-08-27,251.8263,257.1441,251.5102,256.9861,377198.0
2021-08-30,258.111,258.4085,253.5369,253.602,158873.0
2021-08-31,253.7786,255.2011,252.3469,253.7229,216262.0
2021-09-01,253.2952,253.9646,249.6973,253.1371,222821.0
2021-09-02,254.355,255.3312,253.1464,254.6804,144639.0
2021-09-03,253.7879,255.6659,252.3562,253.2022,216250.0
2021-09-07,252.8489,254.8385,250.8408,250.8687,179439.0
2021-09-08,250.6921,251.9471,248.5352,250.1807,164973.0
2021-09-09,250.097,254.0204,249.6136,250.5991,193423.0
2021-09-10,253.0814,253.0814,247.903,247.9773,193508.0
2021-09-13,251.0267,251.5009,248.2005,250.6363,177494.0
2021-09-14,250.9617,252.2539,247.1499,247.8379,226779.0
2021-09-15,248.2656,253.8716,247.2987,252.1982,231132.0
2021-09-16,253.1371,254.4201,249.8274,252.1796,148755.0
2021-09-17,251.4637,254.4666,248.8791,250.5991,304007.0
2021-09-20,244.0726,244.0726,233.8088,238.2899,456579.0
2021-09-21,240.5026,240.5491,234.4689,235.6775,205133.0
2021-09-22,239.1174,242.4178,237.8809,240.9117,230539.0
2021-09-23,243.5334,251.2313,243.4962,248.9256,197541.0
2021-09-24,248.5073,253.0442,248.4608,252.319,180157.0
2021-09-27,253.0442,258.8827,253.0442,258.0831,246233.0
2021-09-28,257.4695,259.3847,251.7519,252.0866,254467.0
2021-09-29,253.007,253.9646,250.6084,251.6775,149998.0
2021-09-30,253.3789,254.0482,245.4207,245.5508,301074.0
2021-10-01,246.8524,251.4172,244.4073,249.6508,240840.0
2021-10-04,248.061,252.6909,244.9279,246.2667,208098.0
2021-10-05,248.1075,254.7548,247.3359,253.7415,217495.0
2021-10-06,249.9669,254.5875,248.2563,253.9832,237107.0
2021-10-07,256.3446,261.1418,256.3446,256.921,252560.0
2021-10-08,257.1534,261.867,256.1772,259.4777,156386.0
2021-10-11,259.2266,264.1168,257.6927,257.7391,180632.0
2021-10-12,258.4364,261.0488,255.2754,259.8402,190865.0
2021-10-13,259.7101,260.0727,253.7786,258.7804,173779.0
2021-10-14,262.3132,265.8368,260.4445,265.7345,172222.0
2021-10-15,269.0814,271.7496,267.2685,269.4905,196740.0
2021-10-18,268.9048,270.1691,266.7293,268.6909,155298.0
2021-10-19,270.4016,273.0977,269.1372,272.5678,129046.0
2021-10-20,271.573,276.4725,270.9222,275.8682,136297.0
2021-10-21,275.3754,277.0489,274.046,275.2918,176958.0
2021-10-22,275.7659,277.9228,274.5573,277.2348,227562.0
2021-10-25,278.2575,279.4475,276.2215,277.0489,240142.0
2021-10-26,278.6851,279.838,276.4074,276.4074,196735.0
2021-10-27,283.5567,285.9275,274.7246,275.487,312660.0
2021-10-28,276.9373,282.2645,276.9373,282.1901,308309.0
2021-10-29,281.3627,284.7282,279.5219,280.8885,251663.0
2021-11-01,282.1436,284.4585,280.3865,284.2726,183481.0
2021-11-02,284.4864,288.1959,284.3284,286.225,212124.0
2021-11-03,284.3377,289.3023,284.3377,288.4283,186378.0
2021-11-04,287.9367,288.1979,282.3472,285.1279,238757.0
2021-11-05,287.6847,289.5136,284.4934,284.8293,202036.0
2021-11-08,286.6116,288.4312,285.2866,286.4063,149767.0
2021-11-09,284.7173,286.369,282.3192,284.792,243998.0
2021-11-10,283.1963,287.6381,281.9833,284.4467,200803.0
2021-11-11,283.9988,287.5167,283.243,285.6412,137027.0
2021-11-12,285.5198,288.3939,283.8589,287.8993,152041.0
2021-11-15,288.1979,289.7843,286.313,287.1062,144195.0
2021-11-16,287.4794,291.2773,285.1559,288.0393,221000.0
2021-11-17,287.4048,287.918,281.4141,282.1886,244478.0
2021-11-18,283.7656,285.0346,280.145,282.8977,197739.0
2021-11-19,279.9864,281.7407,275.358,279.5198,302753.0
2021-11-22,282.9444,285.9211,279.0719,281.1621,263093.0
2021-11-23,281.1994,284.2601,279.6784,283.6442,251863.0
2021-11-24,281.3674,283.4576,279.1745,282.2352,178987.0
2021-11-26,272.2414,275.2461,266.4186,272.232,249345.0
2021-11-29,277.7469,277.7469,269.1247,274.0703,262914.0
2021-11-30,269.6939,272.1574,266.2227,270.2351,596561.0
2021-12-01,276.6271,279.3425,265.6814,265.8867,329985.0
2021-12-02,268.4622,277.4016,267.0625,276.0019,244597.0
2021-12-03,277.3269,277.6722,267.2304,270.795,295404.0
2021-12-06,274.1916,276.4871,271.4669,274.005,266195.0
2021-12-07,278.596,282.8977,278.0175,281.4141,232324.0
2021-12-08,280.9195,284.0268,278.7826,280.4809,253378.0
2021-12-09,278.8386,280.1543,276.6644,277.4669,191647.0
2021-12-10,279.4638,279.8837,273.753,277.8962,374945.0
2021-12-13,277.4856,277.4856,271.8028,273.2585,286227.0
2021-12-14,272.484,276.3285,271.7281,272.6986,410287.0
2021-12-15,273.8557,278.3534,270.739,278.2974,229750.0
2021-12-16,282.1046,285.0719,278.764,280.1543,274370.0
2021-12-17,278.8853,279.6691,272.6613,274.9288,431728.0
2021-12-20,271.0283,271.0283,260.0453,264.8416,245808.0
2021-12-21,268.5648,275.8619,268.4715,274.8075,252829.0
2021-12-22,275.0874,279.6224,274.3316,278.7173,158812.0
2021-12-23,279.7904,283.7935,279.7904,282.0673,133271.0
2021-12-27,284.0922,287.1622,282.4965,286.8356,158247.0
2021-12-28,284.9693,289.271,284.96,285.2306,156462.0
2021-12-29,285.2492,287.9087,283.9802,284.988,162959.0
2021-12-30,285.8184,287.0408,281.4514,281.778,125703.0
2021-12-31,280.9475,283.4949,280.9475,281.4887,83153.0
2022-01-03,283.3736,285.8558,282.1886,283.9149,183019.0
2022-01-04,287.9087,298.1078,285.7531,296.8107,415681.0
2022-01-05,301.5884,301.7284,293.4795,293.8807,338464.0
2022-01-06,296.4562,298.677,293.0596,297.8559,198382.0
2022-01-07,298.1078,298.789,295.1218,297.9772,322629.0
2022-01-10,299.5355,299.5355,291.2586,297.3426,382366.0
2022-01-11,298.4997,304.6304,295.5137,304.2291,251914.0
2022-01-12,304.9943,308.3256,303.0067,306.254,205196.0
2022-01-13,306.8979,310.1452,304.4624,305.4329,295646.0
2022-01-14,299.1342,306.7393,298.5464,306.6086,312020.0
2022-01-18,302.6522,302.8574,294.5992,297.8559,218816.0
2022-01-19,300.0114,300.0114,290.0175,290.9787,269269.0
2022-01-20,292.4623,297.2586,288.3006,288.7112,157928.0
2022-01-21,287.3115,287.3115,278.596,279.3612,458272.0
2022-01-24,271.4295,281.4421,264.8323,280.8355,383810.0
2022-01-25,275.0034,281.806,269.8059,278.568,246850.0
2022-01-26,284.2041,287.2181,274.7142,278.8106,431270.0
2022-01-27,279.949,296.2042,278.8759,283.4016,480981.0
2022-01-28,280.6769,280.8635,268.1263,278.1574,454848.0
2022-01-31,276.7951,284.8946,275.5633,283.9615,401347.0
2022-02-01,285.6785,288.2353,280.4716,287.4981,621135.0
2022-02-02,288.2259,292.7889,286.6303,292.2664,336549.0
2022-02-03,288.5059,290.6521,283.4763,283.9055,281322.0
2022-02-04,284.0548,290.1015,282.9071,287.4981,419508.0
2022-02-07,287.3581,293.4515,286.4063,291.0533,320949.0
2022-02-08,292.9569,294.7952,291.8278,294.2353,309337.0
2022-02-09,297.8466,301.1148,296.3389,297.8185,328059.0
2022-02-10,294.7657,303.381,293.6607,295.8239,371137.0
2022-02-11,295.1684,297.9403,283.0507,284.6802,324252.0
2022-02-14,284.9705,287.7423,277.2822,281.824,395915.0
2022-02-15,285.2514,290.739,283.6126,288.8848,355247.0
2022-02-16,286.4313,293.8105,286.4313,292.2748,214887.0
2022-02-17,287.6487,289.6059,279.7544,280.3725,230806.0
2022-02-18,279.3892,285.1952,279.3892,281.4588,328368.0
2022-02-22,280.4381,282.8354,275.4936,278.4996,242109.0
2022-02-23,281.3745,282.9384,272.7685,273.0308,252971.0
2022-02-24,264.2375,271.7197,261.1847,270.9706,410433.0
2022-02-25,272.6,284.1838,272.4595,283.5283,286570.0
2022-02-28,274.8006,283.8842,273.7425,280.7377,291143.0
2022-03-01,275.7371,277.3759,259.7987,261.3345,500277.0
2022-03-02,263.9285,274.7819,263.9285,271.4762,329073.0
2022-03-03,271.6167,273.8829,267.7773,271.9445,253867.0
2022-03-04,264.8837,266.8783,259.0121,263.6007,329783.0
2022-03-07,260.7352,261.4188,247.8684,248.0838,420310.0
2022-03-08,250.0597,253.9179,241.7628,244.7781,614892.0
2022-03-09,255.9499,261.475,255.2008,257.0737,309060.0
2022-03-10,251.6516,256.465,250.8931,255.2195,218900.0
2022-03-11,259.1245,260.2482,254.4048,254.5921,172627.0
2022-03-14,259.1339,261.7185,254.8168,256.2121,166186.0
2022-03-15,258.9185,262.0649,256.8489,261.8215,264466.0
2022-03-16,266.0449,277.4789,266.0449,275.7558,431657.0
2022-03-17,272.113,280.8407,271.3171,280.8407,278672.0
2022-03-18,280.719,282.3578,274.7538,281.7023,346028.0
2022-03-21,283.135,284.9517,277.4695,279.8575,214965.0
2022-03-22,283.5377,288.6226,282.3203,287.939,272664.0
2022-03-23,285.7103,289.5403,283.1444,283.8935,223693.0
2022-03-24,285.1858,291.9657,282.9103,291.9095,307583.0
2022-03-25,292.5089,296.0861,291.0948,294.6346,354289.0
2022-03-28,294.7751,294.953,288.3791,291.3289,295508.0
2022-03-29,297.1162,298.2493,290.6641,292.3778,221042.0
2022-03-30,292.3778,292.5651,289.4373,290.8607,192673.0
2022-03-31,289.5965,291.7316,281.2715,281.2715,270294.0
2022-04-01,284.2213,285.9725,276.6454,278.509,275835.0
2022-04-04,279.6233,284.24,275.8026,278.6213,268509.0
2022-04-05,277.4976,281.6835,276.8421,279.5672,248910.0
2022-04-06,273.4615,276.608,272.4221,273.6863,359653.0
2022-04-07,272.5906,274.9224,266.8689,270.9144,287300.0
2022-04-08,270.9331,276.4113,269.1539,274.4167,185288.0
2022-04-11,275.0909,278.9678,272.0475,272.2816,191234.0
2022-04-12,271.8134,276.4207,268.6669,269.6408,243811.0
2022-04-13,267.5806,274.4635,267.5806,274.1358,181064.0
2022-04-14,274.323,277.2541,272.0756,272.2535,178488.0
2022-04-18,270.3525,272.8996,268.1331,271.9445,228700.0
2022-04-19,274.0702,279.6327,273.0963,278.715,207418.0
2022-04-20,281.1778,284.6521,280.5598,281.721,233270.0
2022-04-21,285.6166,286.1972,272.1505,273.1712,312526.0
2022-04-22,271.4482,272.6843,262.0556,262.2803,378365.0
2022-04-25,259.0309,264.275,254.7419,263.1044,322162.0
2022-04-26,252.8409,262.093,246.8102,247.7373,668761.0
2022-04-27,247.2316,252.6911,246.5386,249.2918,344130.0
2022-04-28,251.5861,257.055,248.3834,255.566,271798.0
2022-04-29,253.9928,257.6543,247.756,248.6176,327245.0
2022-05-02,250.3219,252.3259,246.4544,251.7266,314160.0
2022-05-03,253.356,257.4389,251.7078,254.7981,211777.0
2022-05-04,254.5265,266.204,252.5506,265.5017,361135.0
2022-05-05,261.5214,263.0643,250.787,253.4964,272972.0
2022-05-06,252.4804,254.6066,246.6475,250.8152,329224.0
2022-05-09,246.5346,249.404,242.1505,244.2673,365109.0
2022-05-10,247.56,250.4201,238.8577,244.0321,451880.0
2022-05-11,243.6275,250.5988,240.5229,241.2285,349165.0
2022-05-12,238.1898,242.0376,231.4631,236.1106,473499.0
2022-05-13,239.902,247.1367,239.855,246.1206,349326.0
2022-05-16,244.8976,248.1716,241.5766,245.1328,252656.0
2022-05-17,251.2291,253.6564,248.7643,253.1201,249523.0
2022-05-18,249.3099,250.8905,243.7498,244.5307,291051.0
2022-05-19,239.9302,245.5562,238.2086,238.8859,372419.0
2022-05-20,242.0,243.8627,234.0503,240.8522,339719.0
2022-05-23,246.7698,249.4322,244.1356,247.466,243444.0
2022-05-24,245.3021,246.1771,238.1804,245.1987,259671.0
2022-05-25,243.8533,251.0033,243.8533,249.5451,271732.0
2022-05-26,252.5745,259.0377,252.5745,258.0875,211588.0
2022-05-27,258.9342,263.5535,258.6144,262.0012,288579.0
2022-05-31,259.2259,262.6127,256.8174,259.9127,341048.0
2022-06-01,259.6963,261.0228,251.4173,254.4278,196058.0
2022-06-02,254.9829,259.4423,252.2922,259.2917,205742.0
2022-06-03,255.9519,258.3227,254.9829,255.284,184285.0
2022-06-06,257.7865,260.8817,256.0648,258.0405,165387.0
2022-06-07,255.4815,260.8534,253.8445,260.6559,194841.0
2022-06-08,257.8429,260.0632,255.5568,256.046,153387.0
2022-06-09,255.8861,256.347,249.8368,249.9685,214701.0
2022-06-10,243.9286,244.5966,236.6563,236.6845,171805.0
2022-06-13,228.6407,230.7857,224.4824,226.1664,271114.0
2022-06-14,227.6905,230.7011,226.4863,228.6784,260276.0
2022-06-15,231.6042,235.7061,227.3142,231.8865,203863.0
2022-06-16,223.6075,224.6329,219.7502,221.6506,279450.0
2022-06-17,223.6075,225.1033,219.3551,221.1802,384292.0
2022-06-21,228.0762,228.9135,225.0657,228.2362,241155.0
2022-06-22,224.3789,228.2644,223.7674,226.8344,202652.0
2022-06-23,227.3989,228.1703,221.152,225.3762,244874.0
2022-06-24,223.7016,234.5959,223.7016,234.5301,350858.0
2022-06-27,236.1388,236.7503,231.4443,232.592,289412.0
2022-06-28,235.819,237.8134,229.2146,229.3275,292962.0
2022-06-29,229.6756,229.7603,225.188,225.7901,533387.0
2022-06-30,221.0862,226.9379,217.831,223.6075,421270.0
2022-07-01,222.375,226.872,220.136,223.8803,278109.0
2022-07-05,217.9157,221.4719,215.2721,221.3778,394324.0
2022-07-06,220.3335,223.1747,216.5421,219.7408,421779.0
2022-07-07,222.8643,224.7176,219.976,224.1625,203285.0
2022-07-08,224.8305,225.0375,220.1266,222.5256,223417.0
2022-07-11,220.4464,221.2837,217.2665,217.6993,287553.0
2022-07-12,215.5543,221.2649,215.5543,217.9345,279339.0
2022-07-13,214.8205,216.2223,210.2576,214.5288,267136.0
2022-07-14,209.2886,210.7186,206.9649,209.9095,416641.0
2022-07-15,214.1243,217.7463,209.2604,216.6927,271572.0
2022-07-18,220.5029,222.1493,215.3285,216.5515,191490.0
2022-07-19,219.9854,224.8305,219.9854,223.9838,339332.0
2022-07-20,223.2688,227.9163,221.7823,227.6999,231003.0
2022-07-21,227.079,231.0115,224.6424,230.8139,284497.0
2022-07-22,232.2345,233.9562,228.1985,230.5505,277726.0
2022-07-25,232.4792,233.3541,230.2871,231.4725,261109.0
2022-07-26,229.5815,230.5411,225.1786,227.2766,366322.0
2022-07-27,232.1311,242.3763,231.2279,241.332,544064.0
2022-07-28,242.2728,248.3315,237.9922,247.0426,514395.0
2022-07-29,247.212,255.6226,247.212,253.9386,385604.0
2022-08-01,250.9469,254.202,249.5169,250.7776,238727.0
2022-08-02,248.482,253.8163,248.2656,248.4726,317661.0
2022-08-03,251.1257,255.8861,249.7333,254.0703,259834.0
2022-08-04,253.3502,256.3747,253.0666,254.4655,228543.0
2022-08-05,252.594,258.9833,252.594,254.3048,278738.0
2022-08-08,256.4408,258.1705,254.938,255.3539,187620.0
2022-08-09,254.9097,257.7924,254.3142,256.4881,182539.0
2022-08-10,262.4804,265.6751,261.6959,265.4955,301339.0
2022-08-11,269.3706,270.7411,266.7998,267.7828,301071.0
2022-08-12,268.9264,273.3781,267.0077,273.312,317920.0
2022-08-15,270.5237,272.3195,269.2194,270.6372,168956.0
2022-08-16,270.3725,274.3233,269.6447,273.208,182045.0
2022-08-17,269.0776,273.6144,269.0776,272.3479,204683.0
2022-08-18,272.8016,276.9225,271.8375,275.8261,198800.0
2022-08-19,272.4613,274.1721,268.1703,269.1249,206585.0
2022-08-22,263.8131,264.8055,261.2517,261.7999,160725.0
2022-08-23,261.6203,265.5427,261.6203,262.1307,245123.0
2022-08-24,261.7999,263.4445,260.505,262.5088,160521.0
2022-08-25,263.7753,268.2364,263.5768,268.0947,145636.0
2022-08-26,268.5389,270.0323,259.5977,259.7678,248474.0
2022-08-29,257.7074,258.9455,255.2783,256.2707,213933.0
2022-08-30,258.0193,258.369,252.5562,253.6999,185218.0
2022-08-31,254.7774,256.5448,253.0477,253.3124,261512.0
2022-09-01,252.0364,254.7301,247.7832,254.4182,215692.0
2022-09-02,257.9342,260.8737,251.9608,253.6999,186117.0
2022-09-06,256.1384,256.1573,250.165,253.766,191655.0
2022-09-07,255.1932,261.9984,253.5014,261.677,225129.0
2022-09-08,259.6638,267.452,259.144,266.8565,171225.0
2022-09-09,268.1986,271.7241,268.1986,270.8923,244806.0
2022-09-12,272.0171,275.1739,271.7619,273.3781,167938.0
2022-09-13,266.8376,269.5786,261.7999,262.4899,205253.0
2022-09-14,263.2838,264.6448,259.1157,262.7167,181563.0
2022-09-15,263.0286,265.9114,260.4105,262.1402,182038.0
2022-09-16,258.6431,258.9644,254.1914,257.3293,281388.0
2022-09-19,254.5316,263.2649,254.456,262.8868,160266.0
2022-09-20,260.0703,261.4029,257.3009,260.0514,152770.0
2022-09-21,262.8679,263.7469,255.0231,255.0704,160995.0
2022-09-22,255.6847,255.8832,249.4561,249.976,206169.0
2022-09-23,246.6584,247.4524,239.2389,243.2464,184557.0
2022-09-26,242.0272,244.4373,238.8231,239.2767,298624.0
2022-09-27,243.0101,243.6434,235.6757,238.6718,268171.0
2022-09-28,239.7588,246.7152,237.1407,245.2029,201864.0
2022-09-29,241.8192,242.5092,236.0632,240.0045,280357.0
2022-09-30,239.2578,244.305,237.1218,238.1331,303027.0
2022-10-03,241.7436,248.218,237.8023,248.0195,289753.0
2022-10-04,254.4466,262.9246,253.4447,262.4615,207433.0
2022-10-05,257.9248,262.8301,257.2631,261.1288,172886.0
2022-10-06,260.6185,263.7753,258.8132,259.9474,163735.0
2022-10-07,257.6034,257.6034,252.3861,256.9512,310263.0
2022-10-10,259.4937,260.0419,254.645,257.9342,209730.0
2022-10-11,256.2235,258.6998,250.9306,251.6867,180228.0
2022-10-12,251.526,253.6526,248.5393,248.9552,292929.0
2022-10-13,241.9326,260.1648,239.7871,259.6355,318632.0
2022-10-14,262.0646,264.9567,243.3598,243.7284,460125.0
2022-10-17,250.2501,255.4768,250.0421,252.405,331736.0
2022-10-18,259.2196,261.1761,252.4145,253.7849,254543.0
2022-10-19,251.2425,254.9948,248.303,249.8058,198303.0
2022-10-20,248.8607,252.6035,243.2464,243.7001,252291.0
2022-10-21,244.1443,252.8587,243.0007,252.3672,280820.0
2022-10-24,254.749,258.2367,253.6243,256.7528,178226.0
2022-10-25,255.1365,263.7469,254.456,263.0003,411069.0
2022-10-26,271.554,282.1019,270.9302,276.4593,424604.0
2022-10-27,279.1436,285.0225,278.8033,283.5764,276384.0
2022-10-28,285.7125,295.183,284.0301,295.0506,301069.0
2022-10-31,292.7634,296.0525,290.977,292.1679,333724.0
2022-11-01,294.5308,297.8956,294.3134,296.8937,242176.0
2022-11-02,295.2491,301.629,291.4685,291.8371,252368.0
2022-11-03,287.8355,295.7029,284.6279,291.0337,322743.0
2022-11-04,295.6459,303.0862,293.3208,297.8666,302556.0
2022-11-07,299.85,302.7066,297.2118,301.7481,138950.0
2022-11-08,302.811,306.5406,300.2296,303.9213,263652.0
2022-11-09,300.1632,304.8703,297.99,298.9485,202958.0
2022-11-10,312.7661,316.733,308.1539,314.6546,466009.0
2022-11-11,317.2359,322.1044,313.7151,314.275,488355.0
2022-11-14,311.9405,312.8515,304.1111,304.206,461068.0
2022-11-15,308.8467,312.0638,304.0731,306.9297,358569.0
2022-11-16,305.1171,306.7683,301.4064,304.3673,296819.0
2022-11-17,300.4859,305.3923,299.1667,305.174,229086.0
2022-11-18,310.7922,312.0164,305.8193,311.9405,292492.0
2022-11-21,311.1528,311.447,307.3188,309.0744,231272.0
2022-11-22,311.2667,315.243,310.925,313.5728,167810.0
2022-11-23,312.6902,316.8374,312.6902,315.6416,182050.0
2022-11-25,314.3984,316.9702,313.6202,315.4613,66363.0
2022-11-28,311.9215,314.6262,308.3912,309.1409,230570.0
2022-11-29,307.0436,310.906,306.18,307.9356,202772.0
2022-11-30,308.562,316.268,305.1265,315.0248,278338.0
2022-12-01,314.9488,315.8219,311.0769,314.0568,180978.0
2022-12-02,309.7767,314.3604,309.7767,313.345,179532.0
2022-12-05,310.2512,310.498,303.2855,304.7944,160171.0
2022-12-06,304.5951,307.2903,302.0138,305.3923,188388.0
2022-12-07,304.4812,309.2642,303.0862,305.5821,149967.0
2022-12-08,308.4671,309.9191,305.4872,306.6165,210832.0
2022-12-09,305.3258,307.7648,302.7161,304.671,180493.0
2022-12-12,304.9462,310.3651,303.6651,309.3497,181596.0
2022-12-13,316.4957,316.4957,303.4658,308.2298,210007.0
2022-12-14,307.4137,311.9405,303.6935,305.5156,191527.0
2022-12-15,300.8845,301.5962,296.5095,298.474,208252.0
2022-12-16,293.7953,296.9081,292.1535,296.2628,302393.0
2022-12-19,295.3992,296.073,289.6197,290.9388,264707.0
2022-12-20,292.2959,293.7384,289.781,292.3339,202988.0
2022-12-21,295.8262,298.7017,294.0706,297.0694,248872.0
2022-12-22,293.8238,294.4691,289.0313,292.22,229400.0
2022-12-23,292.0586,295.0765,290.7395,292.5521,215944.0
2022-12-27,293.0646,294.9152,290.9483,292.6755,115839.0
2022-12-28,292.6091,293.9567,288.8605,289.0218,112775.0
2022-12-29,291.1286,296.8227,291.1001,296.3861,126952.0
2022-12-30,293.1785,296.5095,292.666,295.4941,142808.0
2023-01-03,297.5155,299.9829,292.5237,294.8203,159698.0
2023-01-04,296.8227,300.1063,294.7159,296.9271,212222.0
2023-01-05,295.9876,297.6578,291.0242,293.0077,227402.0
2023-01-06,296.6614,306.6545,296.6614,304.8988,269875.0
2023-01-09,307.7838,309.4825,304.2155,304.8418,158099.0
2023-01-10,304.6331,304.6331,301.6911,303.4658,166082.0
2023-01-11,306.2179,313.1647,304.0162,313.1647,283698.0
2023-01-12,314.2371,316.7235,311.7601,314.2845,356725.0
2023-01-13,311.8835,316.8563,310.6213,316.192,169310.0
2023-01-17,316.4293,319.6275,315.9073,319.134,175093.0
2023-01-18,319.153,320.3582,311.0199,311.466,229360.0
2023-01-19,307.0815,308.1729,303.722,306.6924,281286.0
2023-01-20,308.5999,316.8943,307.5465,316.2585,325873.0
2023-01-23,317.1126,322.3986,315.9453,321.2693,271335.0
2023-01-24,317.5966,326.1946,317.5966,323.6133,276059.0
2023-01-25,319.8647,326.2611,319.0581,325.5208,338469.0
2023-01-26,331.4332,334.3561,325.5113,329.649,380473.0
2023-01-27,329.9527,331.6325,326.7071,326.8874,243196.0
2023-01-30,324.5908,328.1306,324.3346,325.9479,231811.0
2023-01-31,326.6786,332.4107,323.1293,332.2683,195282.0
2023-02-01,331.8033,338.5792,330.1425,336.4535,257682.0
2023-02-02,336.8995,337.5733,329.5162,329.9812,274278.0
2023-02-03,326.9633,336.2257,326.9633,336.0454,241155.0
2023-02-06,333.2932,335.6278,331.1105,333.1319,157462.0
2023-02-07,330.5506,336.2542,328.7854,335.3146,262818.0
2023-02-08,332.6406,337.3549,331.3548,334.7168,188791.0
2023-02-09,337.0882,339.8882,331.1548,331.6691,146936.0
2023-02-10,329.6501,333.7168,328.9834,333.0787,118894.0
2023-02-13,333.0691,339.0787,332.4025,338.412,164600.0
2023-02-14,333.6691,340.4406,332.8501,335.9453,146918.0
2023-02-15,333.3929,336.5549,332.7644,333.6215,169420.0
2023-02-16,329.9358,335.8311,327.8596,332.831,135739.0
2023-02-17,330.8405,335.9453,329.5548,334.7453,247195.0
2023-02-21,330.8024,332.7263,322.0405,324.2691,171663.0
2023-02-22,324.4214,326.1834,321.0024,323.1833,186000.0
2023-02-23,326.1167,328.412,319.8309,322.9452,177188.0
2023-02-24,320.2309,325.5738,317.8595,323.6119,156586.0
2023-02-27,326.9738,328.0881,323.3548,323.6595,164102.0
2023-02-28,324.7357,329.9453,324.1834,326.5453,203288.0
2023-03-01,325.6691,329.5548,325.4691,326.9453,132699.0
2023-03-02,324.5834,326.7643,320.6024,324.6691,220744.0
2023-03-03,326.1357,329.0691,323.9548,328.5072,152365.0
2023-03-06,328.25,329.8786,326.4024,327.3643,155760.0
2023-03-07,326.8691,329.3072,319.9928,321.1738,238007.0
2023-03-08,321.8976,325.7929,319.6119,320.9262,364507.0
2023-03-09,319.4309,321.5738,299.3165,300.5546,442283.0
2023-03-10,296.326,297.6498,286.5355,287.4212,539934.0
2023-03-13,279.0497,279.4211,261.9924,273.1639,742925.0
2023-03-14,281.0878,284.1926,276.783,283.5354,572324.0
2023-03-15,271.8877,273.3354,264.8972,270.0401,462374.0
2023-03-16,267.1448,277.3735,262.1257,274.3639,458506.0
2023-03-17,273.7258,273.7258,264.7543,268.0306,803492.0
2023-03-20,270.4496,274.7639,269.2591,274.1068,305955.0
2023-03-21,282.7926,287.8783,281.564,287.5926,409767.0
2023-03-22,286.7259,291.4783,281.9449,282.1354,644498.0
2023-03-23,282.1164,289.9069,281.9259,283.0116,594027.0
2023-03-24,277.5544,278.0211,270.183,277.564,514217.0
2023-03-27,284.4021,288.1831,281.6497,284.0307,346461.0
2023-03-28,283.4973,286.0593,282.583,285.0973,294900.0
2023-03-29,287.3545,287.3545,283.4021,287.2783,229365.0
2023-03-30,290.145,290.7164,285.0878,286.3164,208203.0
2023-03-31,289.7545,292.126,287.6783,291.9069,195833.0
2023-04-03,292.326,294.0593,289.5069,291.6879,134671.0
2023-04-04,293.9165,294.6498,282.5735,285.9354,271194.0
2023-04-05,282.2116,284.345,280.8497,284.2783,318683.0
2023-04-06,284.6116,286.564,282.2783,283.164,193919.0
2023-04-10,282.0878,287.8212,280.9926,287.6783,133609.0
2023-04-11,289.9926,293.4879,288.7164,291.3069,146326.0
2023-04-12,293.4307,294.7165,288.4688,290.4402,164596.0
2023-04-13,290.5355,294.6403,288.8021,293.6784,109622.0
2023-04-14,297.4403,298.7832,293.2688,294.6974,157827.0
2023-04-17,292.8974,296.7927,289.9926,296.7736,201171.0
2023-04-18,297.3736,300.6689,295.7641,300.6022,178789.0
2023-04-19,297.7355,302.8213,297.7355,300.926,148017.0
2023-04-20,298.0498,301.4308,298.0498,300.726,277331.0
2023-04-21,299.9546,301.3165,295.0498,299.1451,254007.0
2023-04-24,298.726,299.5641,294.2688,298.0117,289288.0
2023-04-25,285.5259,285.6593,275.7449,276.202,717230.0
2023-04-26,274.8973,280.6497,274.8592,278.583,384479.0
2023-04-27,280.6402,288.5831,279.9164,288.0117,305208.0
2023-04-28,286.345,291.3641,286.345,290.5926,239127.0
2023-05-01,292.0307,292.8498,287.8974,288.1736,211307.0
2023-05-02,287.4593,287.4593,277.1259,280.1925,214543.0
2023-05-03,281.2783,284.7545,274.602,275.0782,224081.0
2023-05-04,271.9419,273.0041,266.5158,268.5925,589058.0
2023-05-05,271.9897,281.0809,271.9897,278.6502,335195.0
2023-05-08,282.8704,282.88,276.8415,281.0522,331679.0
2023-05-09,278.2483,282.1336,277.0712,280.8608,183969.0
2023-05-10,284.4016,285.1002,275.4922,278.344,176198.0
2023-05-11,275.2434,278.21,274.2482,278.076,132128.0
2023-05-12,280.478,281.0044,277.6932,280.7077,280949.0
2023-05-15,282.4398,286.2868,282.0953,286.0093,257466.0
2023-05-16,283.7604,286.3442,280.9469,281.7508,255655.0
2023-05-17,284.7939,289.4927,283.2628,288.1816,173868.0
2023-05-18,288.4017,291.4736,286.5356,290.6315,154149.0
2023-05-19,292.3827,293.7033,287.9807,290.7941,178580.0
2023-05-22,291.0142,293.5598,289.196,290.9281,215104.0
2023-05-23,289.6936,291.7607,287.2629,287.4735,204062.0
2023-05-24,285.8945,285.8945,279.3105,280.4206,188609.0
2023-05-25,280.057,292.9569,280.057,292.5358,374101.0
2023-05-26,293.9617,296.7082,292.9473,295.8278,261064.0
2023-05-30,297.4355,298.3542,292.6602,296.134,291568.0
2023-05-31,293.2536,293.7799,282.9279,285.6265,369481.0
2023-06-01,287.3108,292.0095,286.6505,290.6602,216068.0
2023-06-02,294.3254,301.5122,292.0095,299.7227,226201.0
2023-06-05,297.8183,300.2777,296.6699,298.3159,213277.0
2023-06-06,297.2633,301.895,296.3446,299.5026,175286.0
2023-06-07,300.0289,305.2348,298.6317,303.4931,217556.0
2023-06-08,302.1342,302.8137,296.4785,300.9763,199011.0
2023-06-09,301.4452,302.2873,297.6173,300.8232,152414.0
2023-06-12,300.737,301.8184,297.7417,299.1868,160071.0
2023-06-13,298.8423,305.675,297.7609,303.9429,184798.0
2023-06-14,305.5985,308.144,302.5362,305.2061,192748.0
2023-06-15,303.9812,313.0054,303.9812,311.5795,240517.0
2023-06-16,315.7997,315.7997,310.0962,311.0149,356711.0
2023-06-20,308.1536,309.3593,303.2922,308.2684,165247.0
2023-06-21,307.7229,312.7949,307.0339,307.4741,157743.0
2023-06-22,306.3545,309.522,303.0625,306.8329,200831.0
2023-06-23,302.9859,305.8377,302.0098,303.3783,241596.0
2023-06-26,303.5123,308.7277,303.0816,306.1535,170078.0
2023-06-27,306.3449,313.0437,306.3449,312.0771,131210.0
2023-06-28,311.4264,312.4791,308.4502,311.3881,175486.0
2023-06-29,313.0341,317.7902,312.68,317.3213,174350.0
2023-06-30,320.2592,320.2592,316.1538,317.8668,150604.0
2023-07-03,316.7663,322.1444,316.7567,320.6611,96707.0
2023-07-05,317.9051,319.2448,315.8667,317.7137,261541.0
2023-07-06,314.1155,315.216,311.7996,314.4983,227994.0
2023-07-07,313.1968,319.6372,313.1968,318.307,196211.0
2023-07-10,318.1443,323.599,316.594,319.9338,118094.0
2023-07-11,321.331,323.2545,321.0248,322.7665,173730.0
2023-07-12,326.4317,327.781,323.1493,323.5225,204981.0
2023-07-13,324.2785,327.6949,323.6086,327.1877,127851.0
2023-07-14,329.1973,329.1973,324.0297,324.7091,132101.0
2023-07-17,323.6277,330.2213,323.6277,328.2403,191790.0
2023-07-18,329.1686,338.3938,329.0442,337.2933,270876.0
2023-07-19,337.7717,339.6761,336.1066,337.3028,163733.0
2023-07-20,337.6091,341.6475,336.633,341.5422,191994.0
2023-07-21,342.3939,342.3939,337.7048,338.6426,142102.0
2023-07-24,338.9105,342.2217,338.7,339.7048,127596.0
2023-07-25,339.7335,341.5039,337.2933,339.4177,124211.0
2023-07-26,338.6426,342.614,336.6808,339.2263,313895.0
2023-07-27,341.0637,341.0637,331.695,333.5037,318669.0
2023-07-28,337.6091,337.9727,329.8863,330.3552,270579.0
2023-07-31,331.7907,335.6186,330.6997,333.4558,198993.0
2023-08-01,331.6567,334.7094,331.6567,333.9917,127844.0
2023-08-02,331.2452,334.3458,330.1638,332.7955,172714.0
2023-08-03,330.8184,339.3105,329.8193,337.322,170715.0
2023-08-04,335.9386,339.6563,330.9721,331.2891,227926.0
2023-08-07,334.4496,337.9848,334.123,335.7753,105172.0
2023-08-08,330.7127,334.4785,328.0229,333.4025,136926.0
2023-08-09,331.9231,333.8925,329.6752,329.7425,169336.0
2023-08-10,331.4428,334.6706,328.3591,329.3006,179921.0
2023-08-11,328.0805,332.3266,326.5531,330.876,126206.0
2023-08-14,330.559,332.586,327.9557,330.5302,112894.0
2023-08-15,327.7635,327.9172,321.894,323.383,158345.0
2023-08-16,322.4319,325.237,320.6259,320.6259,130007.0
2023-08-17,322.2302,323.6904,317.4077,317.5038,106232.0
2023-08-18,314.1127,319.9631,314.1127,319.2906,158163.0
2023-08-21,321.0102,321.8363,317.84,319.9438,73237.0
2023-08-22,320.8084,321.5769,314.7371,315.717,108489.0
2023-08-23,316.7641,321.2311,316.5335,320.3089,101633.0
2023-08-24,320.0687,324.2187,318.7046,319.8766,91595.0
2023-08-25,321.5769,322.4896,318.1282,320.9813,114038.0
2023-08-28,321.99,325.3331,321.3656,323.0467,93189.0
2023-08-29,322.9795,327.0815,320.5298,327.0334,123937.0
2023-08-30,327.0334,328.3303,326.14,326.7548,94027.0
2023-08-31,327.6771,328.3879,323.2293,324.2956,114625.0
2023-09-01,325.9479,331.0874,325.3331,328.8394,102737.0
2023-09-05,328.3015,331.2795,326.4955,326.9374,117895.0
2023-09-06,325.3331,327.9364,324.5357,326.3418,100238.0
2023-09-07,325.2466,328.4744,324.0458,327.0622,123203.0
2023-09-08,327.216,331.9808,326.1208,331.4716,162185.0
2023-09-11,334.5841,336.2268,329.2525,330.0018,161541.0
2023-09-12,329.2333,335.2566,328.1574,333.537,140787.0
2023-09-13,334.8915,335.5256,330.2996,331.5389,144076.0
2023-09-14,334.7474,336.5342,331.6926,336.0347,175745.0
2023-09-15,334.1807,337.1298,333.0279,333.4602,286524.0
2023-09-18,332.4515,333.5562,329.608,333.4217,151392.0
2023-09-19,333.7964,336.2172,332.3746,333.5178,183644.0
2023-09-20,334.7474,336.3133,331.1258,331.414,139546.0
2023-09-21,329.3774,329.3774,323.9017,323.9594,141283.0
2023-09-22,324.2476,324.5742,319.9342,320.3665,156622.0
2023-09-25,319.012,323.1236,318.9256,322.4607,120990.0
2023-09-26,319.3482,320.818,314.593,315.0253,170392.0
2023-09-27,315.8323,316.4375,312.2683,314.0839,195932.0
2023-09-28,313.7765,319.7037,313.4979,317.3501,171061.0
2023-09-29,319.1465,321.0678,315.5633,316.7065,117919.0
2023-10-02,314.3625,315.5921,308.4833,313.0368,182512.0
2023-10-03,309.7514,309.8474,302.2199,304.5831,223118.0
2023-10-04,304.3717,305.9664,301.9317,305.5918,260519.0
2023-10-05,304.8329,310.3566,304.0643,309.6265,130143.0
2023-10-06,307.5419,315.2559,305.9568,313.594,111273.0
2023-10-09,309.7898,314.0551,309.7802,313.4114,94599.0
2023-10-10,315.2943,318.2339,314.0166,315.9668,96724.0
2023-10-11,316.0244,318.0898,313.4018,316.3798,87330.0
2023-10-12,317.3117,317.3117,309.5304,312.5661,164133.0
2023-10-13,314.8908,316.6296,309.7322,312.1242,203456.0
2023-10-16,316.1589,321.942,314.0166,317.6863,232973.0
2023-10-17,317.9361,324.7855,317.9361,321.8747,191279.0
2023-10-18,319.8094,320.9141,310.6928,310.8273,244666.0
2023-10-19,310.2893,312.2298,303.4303,304.1316,247583.0
2023-10-20,304.0547,304.0547,296.4464,299.9047,312006.0
2023-10-23,298.2044,303.2958,296.5713,299.0978,214739.0
2023-10-24,301.5474,303.1998,299.3572,301.1536,236063.0
2023-10-25,299.1842,300.2025,294.5539,295.0535,263531.0
2023-10-26,295.4665,313.421,295.4665,303.8914,372451.0
2023-10-27,303.4207,304.122,297.3014,298.3389,222737.0
2023-10-30,300.9903,305.4477,299.1362,303.4111,191729.0
2023-10-31,303.4783,304.5254,298.8672,302.1911,307435.0
2023-11-01,303.3342,307.3209,301.3649,305.0346,188753.0
2023-11-02,308.5974,318.4746,308.5974,318.33,247374.0
2023-11-03,322.4487,328.2072,322.4101,323.8473,314022.0
2023-11-06,324.3103,325.41,317.5004,321.3684,218717.0
2023-11-07,321.1562,323.1625,319.9408,321.1562,200349.0
2023-11-08,321.079,321.9857,319.3813,320.5678,134656.0
2023-11-09,322.8056,323.2011,318.8026,320.0855,99028.0
2023-11-10,321.6963,325.2074,319.4489,324.4454,145640.0
2023-11-13,322.603,324.8409,322.1304,323.259,165287.0
2023-11-14,328.4773,333.8114,326.0273,330.31,194318.0
2023-11-15,331.8051,332.9337,330.0785,331.3035,189194.0
2023-11-16,331.4289,334.2744,330.8116,332.0077,131731.0
2023-11-17,334.3227,336.2711,334.3227,335.5091,148068.0
2023-11-20,333.7246,339.078,331.7955,337.1006,138579.0
2023-11-21,335.9335,337.7662,335.1329,335.6345,108933.0
2023-11-22,337.6215,338.5572,336.1168,338.1038,104348.0
2023-11-24,338.6536,340.959,336.2711,338.9719,86872.0
2023-11-27,337.4768,337.4768,335.1136,337.091,116556.0
2023-11-28,336.6762,337.2357,333.1941,333.3002,131408.0
2023-11-29,335.0654,338.4414,333.6957,336.0107,157805.0
2023-11-30,337.2453,341.1615,335.4223,340.9879,328387.0
2023-12-01,340.6696,345.4539,339.7339,343.6694,284932.0
2023-12-04,341.2773,345.0777,340.1487,341.2097,234816.0
2023-12-05,339.9172,340.8046,337.5347,340.0715,125294.0
2023-12-06,342.7434,344.47,337.5058,337.7373,152574.0
2023-12-07,338.8369,340.5056,337.9591,340.2355,88708.0
2023-12-08,339.84,345.5696,339.84,344.9137,126743.0
2023-12-11,346.3799,353.7782,346.1773,352.4857,244010.0
2023-12-12,353.1512,357.2603,352.4953,357.1156,193361.0
2023-12-13,357.8584,360.4241,355.6012,358.6107,326709.0
2023-12-14,360.5399,366.8193,358.4371,366.5203,274311.0
2023-12-15,363.4915,366.173,362.4787,364.4657,231028.0
2023-12-18,364.2632,364.5139,360.9354,362.797,120967.0
2023-12-19,363.395,368.6809,362.961,368.1022,158042.0
2023-12-20,364.7261,367.9189,359.4596,359.5753,144380.0
2023-12-21,360.9643,363.7037,358.9773,362.7102,179933.0
2023-12-22,364.5718,366.1055,361.9675,362.7295,96185.0
2023-12-26,362.8163,365.7872,362.7391,364.8515,68191.0
2023-12-27,364.9384,366.7421,363.5108,366.5685,73829.0
2023-12-28,370.0024,370.1857,367.099,367.6488,119036.0
2023-12-29,368.2469,369.1825,366.0766,366.3756,77535.0
2024-01-02,365.4689,366.1827,363.1925,365.6039,158018.0
2024-01-03,367.6006,372.6453,366.8964,367.0604,249760.0
2024-01-04,365.8547,371.9605,365.4303,365.6136,115459.0
2024-01-05,364.6008,370.5233,363.4915,368.5652,134875.0
2024-01-08,368.7774,370.8705,365.0927,370.8223,176031.0
2024-01-09,368.6906,369.7709,360.7617,362.5944,191832.0
2024-01-10,363.0285,364.8033,361.2151,364.6008,101480.0
2024-01-11,365.0927,365.4592,360.9739,364.8708,129581.0
2024-01-12,366.9833,368.3144,361.6974,363.0671,138608.0
2024-01-16,360.1251,360.6749,356.1028,360.2409,227970.0
2024-01-17,356.0642,363.0864,355.3601,358.8808,143564.0
2024-01-18,359.0255,361.7167,356.2089,361.6009,200133.0
2024-01-19,364.2535,368.7195,360.81,368.1504,198382.0
2024-01-22,369.1053,374.9217,369.1053,373.3977,140769.0
2024-01-23,373.7932,374.2272,371.2178,374.0633,155153.0
2024-01-24,377.1403,379.6578,375.2111,375.6645,233141.0
2024-01-25,357.0095,388.3872,357.0095,377.5165,585435.0
2024-01-26,379.4938,381.4423,375.8767,377.5357,218987.0
2024-01-29,376.3107,379.3781,374.7385,379.1852,262197.0
2024-01-30,377.6418,380.5356,377.5647,379.6096,126146.0
2024-01-31,378.5485,382.3104,373.0312,373.1276,196992.0
2024-02-01,373.6292,375.896,364.6586,372.3463,137260.0
2024-02-02,372.1052,378.7511,368.4591,376.8509,118064.0
2024-02-05,374.0729,377.0149,371.9026,376.2529,111742.0
2024-02-06,376.2529,378.5582,372.4235,374.3044,136911.0
2024-02-07,375.3,379.2491,372.9867,377.4972,130848.0
2024-02-08,377.4294,382.3464,375.6388,382.1625,93926.0
2024-02-09,381.9786,385.4244,380.3428,384.2048,127780.0
2024-02-12,384.4081,389.4219,381.3108,384.621,124781.0
2024-02-13,379.9847,383.7112,373.3835,377.381,143701.0
2024-02-14,379.8395,380.9526,376.9938,378.8038,109585.0
2024-02-15,381.1172,386.915,378.7555,385.0663,103491.0
2024-02-16,384.2629,387.9023,383.2079,385.0372,92363.0
2024-02-20,381.5527,385.3179,377.7779,384.05,127285.0
2024-02-21,383.9725,384.4371,380.1009,382.6755,213014.0
2024-02-22,385.4147,390.7963,384.2242,390.3898,123151.0
2024-02-23,392.0062,395.2004,391.048,394.0582,117262.0
2024-02-26,392.7709,397.533,390.7286,394.8422,188692.0
2024-02-27,395.0842,397.4266,391.9578,395.5972,153133.0
2024-02-28,394.8616,400.0787,394.2228,397.4653,114174.0
2024-02-29,398.9752,399.3043,392.1514,394.2905,207369.0
2024-03-01,394.5906,397.7266,391.077,397.4169,175219.0
2024-03-04,396.3231,401.3466,393.9421,399.1495,165896.0
2024-03-05,396.4199,404.0374,396.4199,399.3527,170901.0
2024-03-06,401.2692,402.3533,397.9783,402.1403,142648.0
2024-03-07,403.6309,405.7894,398.772,399.5366,326795.0
2024-03-08,399.7496,403.3115,397.4459,398.7913,145571.0
2024-03-11,397.1652,399.8173,394.4163,398.4816,146602.0
2024-03-12,399.9915,401.1918,396.9329,399.7399,86720.0
2024-03-13,400.4077,403.8826,400.0399,403.3792,105965.0
2024-03-14,405.3732,405.3732,397.1168,400.6691,166169.0
2024-03-15,397.2233,408.3156,397.2233,406.0313,386431.0
2024-03-18,407.0186,414.0167,405.0441,410.7451,284562.0
2024-03-19,411.3839,415.4588,411.3839,415.2265,218360.0
2024-03-20,414.549,419.8822,411.7227,417.2979,215468.0
2024-03-21,417.1721,423.2022,415.9234,421.7503,225965.0
2024-03-22,422.4762,422.4762,416.0009,416.359,172754.0
2024-03-25,415.2846,419.224,415.2846,417.6657,171523.0
2024-03-26,417.8206,420.2791,417.0366,417.385,114266.0
2024-03-27,421.547,423.9475,417.0366,421.9923,187976.0
2024-03-28,424.1023,426.5028,421.3147,424.3734,120244.0
2024-04-01,423.7442,424.1895,419.7661,420.8792,166068.0
2024-04-02,420.7243,422.0891,417.3366,419.3015,199428.0
2024-04-03,419.4467,424.1895,417.8206,422.2246,147242.0
2024-04-04,426.2608,426.5318,414.9749,415.1298,127478.0
2024-04-05,416.1751,421.6535,416.1751,420.8598,93335.0
2024-04-08,421.4503,423.8023,420.0565,421.789,94977.0
2024-04-09,423.328,424.7799,413.4359,415.8073,113802.0
2024-04-10,412.2647,417.1624,410.2611,412.3131,174353.0
2024-04-11,411.4904,413.9295,407.4445,408.9254,135813.0
2024-04-12,406.312,407.9962,399.3043,400.4271,237743.0
2024-04-15,406.8541,409.9611,396.0618,397.988,203760.0
2024-04-16,398.2203,400.6884,395.6456,397.6685,198044.0
2024-04-17,400.7852,402.9146,398.017,398.559,153859.0
2024-04-18,400.3981,403.0598,397.3588,399.3914,96989.0
2024-04-19,401.0272,404.5117,398.4042,403.6309,211556.0
2024-04-22,406.5056,411.5775,401.1821,407.8607,190127.0
2024-04-23,406.6314,409.9901,389.78,394.6099,402389.0
2024-04-24,393.0129,401.9274,393.0129,399.6141,239310.0
2024-04-25,396.7781,399.2172,388.8024,397.7266,253617.0
2024-04-26,395.4617,399.2366,395.4617,396.8555,136888.0
2024-04-29,398.1525,406.5056,398.1525,402.9921,155162.0
2024-04-30,401.5789,402.6727,398.0073,398.5784,164937.0
2024-05-01,398.5784,407.1444,396.0812,400.1754,150650.0
2024-05-02,402.2631,404.7401,398.805,403.1179,91712.0
2024-05-03,405.6435,408.373,402.4962,406.9548,78877.0
2024-05-06,410.0146,413.1327,409.4124,412.7927,125196.0
2024-05-07,413.8224,414.7355,411.8699,412.7053,107072.0
2024-05-08,412.0739,415.056,411.3454,413.7447,77494.0
2024-05-09,412.8996,417.9798,412.8996,417.7176,100849.0
2024-05-10,419.9517,422.3024,417.8341,421.1368,88285.0
2024-05-13,422.1082,423.8955,419.0775,419.5729,64554.0
2024-05-14,420.5443,423.8469,419.6312,422.8658,74261.0
2024-05-15,424.488,427.3924,424.0509,426.8096,113636.0
2024-05-16,427.4021,429.4323,423.4389,423.4972,106926.0
2024-05-17,425.8674,427.0136,421.3602,421.6905,252306.0
2024-05-20,420.8357,423.4778,419.4466,420.6997,114209.0
2024-05-21,420.9814,424.828,420.0294,421.6516,103961.0
2024-05-22,421.0008,425.5857,419.9614,425.4497,121177.0
2024-05-23,426.421,426.421,419.5923,421.7196,95891.0
2024-05-24,423.2252,428.3541,422.7201,428.3444,87037.0
2024-05-28,427.9461,430.1122,422.0693,422.5161,109680.0
2024-05-29,419.3495,419.6506,414.1235,415.7263,97612.0
2024-05-30,416.3674,419.7672,414.3469,418.1838,97777.0
2024-05-31,417.6593,424.2257,413.4533,424.1092,211846.0
2024-06-03,422.8658,422.8658,414.5898,418.6987,123572.0
2024-06-04,416.076,418.6404,411.1706,412.3945,133087.0
2024-06-05,413.6864,415.736,410.7723,415.4057,195463.0
2024-06-06,415.7263,418.9415,412.9287,413.327,95324.0
2024-06-07,413.123,418.4073,413.123,414.4149,90313.0
2024-06-10,412.6568,417.6593,409.8398,416.2022,113529.0
2024-06-11,413.7058,413.7058,408.8101,409.9369,83994.0
2024-06-12,414.5898,418.4655,412.3945,416.0468,160912.0
2024-06-13,414.3566,415.1046,411.054,414.6869,86187.0
2024-06-14,411.122,412.9773,408.9461,411.7242,74242.0
2024-06-17,412.0545,420.4471,407.9748,420.1654,128204.0
2024-06-18,420.3791,424.8863,419.0289,424.556,96516.0
2024-06-20,424.6629,429.9762,423.2738,429.5586,157143.0
2024-06-21,430.4814,432.2493,425.7411,428.2569,205165.0
2024-06-24,429.3254,433.5412,427.4604,427.7421,153955.0
2024-06-25,427.2176,428.5775,423.4001,425.5857,114403.0
2024-06-26,423.2738,425.3137,419.5243,421.4573,100935.0
2024-06-27,420.01,420.6511,417.3582,418.0187,115371.0
2024-06-28,416.4451,421.6225,414.3955,414.9589,255182.0
2024-07-01,417.7273,420.4277,412.6179,413.8904,185824.0
2024-07-02,413.8612,422.1762,413.8612,421.4476,122033.0
2024-07-03,422.6716,425.7897,419.4952,421.5739,53792.0
2024-07-05,420.3888,421.7876,416.5325,419.7769,55414.0
2024-07-08,420.4957,423.8469,414.4635,414.8326,145138.0
2024-07-09,413.7155,424.0703,413.7155,420.8842,127943.0
2024-07-10,423.1281,428.1889,420.3986,427.9849,87047.0
2024-07-11,428.0141,429.5877,425.6439,427.2273,134304.0
2024-07-12,429.1992,436.6398,428.0044,433.4926,106086.0
2024-07-15,434.396,437.0575,432.8126,433.0361,115287.0
2024-07-16,425.6439,427.441,415.9594,416.7656,413194.0
2024-07-17,415.1823,417.601,407.8582,409.4901,459908.0
2024-07-18,409.5678,412.2099,405.5366,406.0223,248139.0
2024-07-19,407.2365,407.2365,399.0673,399.1256,215756.0
2024-07-22,400.9712,408.1399,399.2227,407.9845,185151.0
2024-07-23,407.1879,410.6849,405.0024,409.325,197178.0
2024-07-24,410.2866,420.2431,407.9553,412.1031,431691.0
2024-07-25,409.9175,432.7544,409.9175,429.0243,308388.0
2024-07-26,429.4129,431.9578,424.4589,426.9553,186304.0
2024-07-29,426.2171,427.9558,418.0867,419.6797,97732.0
2024-07-30,422.3122,425.1194,418.1644,419.5049,196242.0
2024-07-31,421.5351,422.0305,417.0085,417.7564,97996.0
2024-08-01,419.0386,420.2723,402.5934,406.3817,225034.0
2024-08-02,397.7708,399.828,388.9768,391.0827,244938.0
2024-08-05,383.7218,385.7399,376.0781,381.7231,332486.0
2024-08-06,382.1033,390.3709,381.5574,385.6619,136119.0
2024-08-07,390.2052,391.1997,382.2788,382.8931,142868.0
2024-08-08,385.2427,391.2581,382.8541,390.4977,149056.0
2024-08-09,389.7372,396.7569,389.006,394.846,88658.0
2024-08-12,395.8209,396.7081,391.0924,394.4072,114842.0
2024-08-13,396.8739,398.463,393.7735,398.0341,89955.0
2024-08-14,399.9157,410.3867,399.9157,409.3533,217251.0
2024-08-15,415.242,417.7671,411.8394,413.4481,161259.0
2024-08-16,414.0818,422.3494,414.0818,420.5847,156583.0
2024-08-19,420.4385,424.5528,420.4287,424.4358,128650.0
2024-08-20,423.9483,423.9483,420.0192,423.1586,166803.0
2024-08-21,424.1043,424.1043,417.8841,422.7491,105605.0
2024-08-22,422.3884,424.9525,420.3605,422.8369,70388.0
2024-08-23,425.9762,431.6309,423.3828,428.6671,87848.0
2024-08-26,430.3342,433.6978,428.5988,430.3342,105047.0
2024-08-27,430.383,431.9917,427.0097,428.3258,87949.0
2024-08-28,428.8426,431.8357,426.4442,428.4721,118308.0
2024-08-29,430.0515,432.9374,427.2046,431.8747,138474.0
2024-08-30,432.6351,439.0698,430.9972,438.1826,124964.0
2024-09-03,436.4667,437.4319,428.9011,430.89,120745.0
2024-09-04,431.8747,435.2188,428.7646,431.8162,120621.0
2024-09-05,433.3273,435.3942,424.8745,428.5403,96143.0
2024-09-06,427.8676,431.085,416.2072,419.3953,174788.0
2024-09-09,423.4803,427.7799,419.678,425.4205,142375.0
2024-09-10,426.8342,427.3704,418.0986,423.1878,125079.0
2024-09-11,421.9789,425.3327,411.9759,424.855,75835.0
2024-09-12,425.1767,425.479,420.77,424.4748,69275.0
2024-09-13,426.9024,430.9095,426.8244,429.3593,87255.0
2024-09-16,432.0307,435.0335,429.9638,433.9903,77977.0
2024-09-17,434.9555,442.6284,434.9555,440.9027,100171.0
2024-09-18,441.0392,446.7524,437.9486,440.0253,119686.0
2024-09-19,444.822,452.8361,440.6785,452.1244,135070.0
2024-09-20,452.4462,454.1523,447.1229,449.0728,275176.0
2024-09-23,451.4127,453.4699,448.4391,450.4963,195302.0
2024-09-24,451.364,452.9239,448.9851,451.7734,67438.0
2024-09-25,453.1384,455.3028,449.9405,451.4907,88963.0
2024-09-26,451.325,457.6329,449.9893,455.8,236042.0
2024-09-27,455.8682,459.7583,455.0883,456.8822,192784.0
2024-09-30,456.4727,458.5201,451.4907,458.0424,170489.0
2024-10-01,457.4574,464.2528,454.3278,461.289,230585.0
2024-10-02,463.0731,470.1513,462.6052,468.3086,176621.0
2024-10-03,468.2306,469.5273,462.7709,467.5287,123668.0
2024-10-04,472.9982,477.9607,471.1945,474.7433,122857.0
2024-10-07,473.8951,477.093,467.8114,468.5134,115519.0
2024-10-08,469.1763,472.7057,468.3476,471.6235,105805.0
2024-10-09,471.6137,481.8605,471.6137,480.8855,92295.0
2024-10-10,481.4315,482.8452,477.5804,479.0624,88041.0
2024-10-11,480.827,490.3718,480.827,489.9136,101973.0
2024-10-14,490.9275,492.1755,486.3648,491.7172,80448.0
2024-10-15,496.6505,504.8499,496.6505,498.4249,155729.0
2024-10-16,497.9082,505.0741,497.9082,504.6061,147253.0
2024-10-17,507.3165,510.4851,505.0351,508.3499,124043.0
2024-10-18,510.0171,511.7428,506.3513,510.0561,127864.0
2024-10-21,509.6661,510.7581,506.595,509.5491,88709.0
2024-10-22,506.9752,508.6619,504.0016,506.5463,84848.0
2024-10-23,505.4153,510.3096,504.6256,507.4335,131403.0
2024-10-24,488.0027,494.0376,474.9286,491.5807,295463.0
2024-10-25,494.2521,494.3886,488.0514,491.844,172366.0
2024-10-28,496.9527,502.2467,495.6171,500.5406,141272.0
2024-10-29,500.95,505.1813,500.0433,503.3777,113020.0
2024-10-30,503.1632,507.9989,500.9013,501.1645,118639.0
2024-10-31,503.2314,505.8346,497.411,497.5182,121580.0
2024-11-01,498.2116,502.5628,493.1368,494.4764,199427.0
2024-11-04,494.0363,497.6347,490.0762,495.3466,140501.0
2024-11-05,493.039,502.9637,493.039,502.5433,128079.0
2024-11-06,541.499,556.831,533.0997,554.8363,312859.0
2024-11-07,550.3775,553.8194,534.9575,535.4562,163035.0
2024-11-08,536.4536,542.0075,535.4562,539.739,157371.0
2024-11-11,548.5197,554.1421,545.9089,551.4824,115846.0
2024-11-12,549.517,549.9571,544.2173,548.8521,158297.0
2024-11-13,550.182,552.7242,547.2681,547.4637,163165.0
2024-11-14,549.0379,552.382,547.6005,549.077,192704.0
2024-11-15,549.7322,554.8852,546.8476,549.9571,288167.0
2024-11-18,549.253,555.5305,548.4121,552.4994,178619.0
2024-11-19,546.5934,551.7856,544.4911,550.0744,115351.0
2024-11-20,550.8077,553.6043,544.9214,548.9401,82031.0
2024-11-21,553.9172,560.7129,550.622,557.5546,87975.0
2024-11-22,559.6276,562.6001,558.376,559.3733,246004.0
2024-11-25,561.2605,564.1939,555.5305,557.5546,207810.0
2024-11-26,557.6231,561.7983,552.9883,561.2703,86819.0
2024-11-27,562.2187,563.6757,558.4249,559.2169,72656.0
2024-11-29,562.0525,564.0277,560.7325,561.2312,64090.0
2024-12-02,562.5023,562.5023,551.3651,552.822,146637.0
2024-12-03,555.4425,555.9901,551.6976,553.1643,182981.0
2024-12-04,552.4309,554.3278,546.4761,548.9597,202934.0
2024-12-05,551.5509,556.4595,548.5783,552.6656,179409.0
2024-12-06,551.4727,556.8995,547.6201,549.0868,107060.0
2024-12-09,550.9349,550.9349,537.9887,541.5381,174801.0
2024-12-10,541.5186,542.516,533.0997,534.2144,142684.0
2024-12-11,537.8029,539.6119,533.1095,538.5754,120654.0
2024-12-12,540.6386,543.7578,535.2117,535.6713,152596.0
2024-12-13,540.443,540.443,534.7228,537.5585,130897.0
2024-12-16,537.842,540.3354,535.202,538.0278,133350.0
2024-12-17,533.5397,534.3513,526.5875,529.8338,140010.0
2024-12-18,530.5574,534.5859,510.1897,512.3018,169484.0
2024-12-19,517.5624,522.2852,512.2138,514.0911,113749.0
2024-12-20,509.6812,523.6736,509.4857,520.31,225819.0
2024-12-23,518.0317,522.5492,516.7312,522.3732,90500.0
2024-12-24,524.9643,527.9075,521.1118,526.8222,49684.0
2024-12-26,524.8274,530.9681,524.8274,530.3521,78002.0
2024-12-27,528.4453,531.7601,522.3438,524.055,104344.0
2024-12-30,517.0539,521.5714,513.2307,518.7651,90630.0
2024-12-31,520.5055,522.5198,518.5695,520.6131,62747.0
2025-01-02,523.615,524.6319,514.4823,518.1979,100127.0
2025-01-03,520.9162,524.2505,515.0885,523.9474,78107.0
2025-01-06,523.8399,527.6435,518.3739,519.0291,104040.0
2025-01-07,521.3367,522.999,510.2875,517.093,119961.0
2025-01-08,517.7286,523.1261,516.0174,523.0576,152540.0
2025-01-10,516.5943,516.7606,502.9833,504.0393,104089.0
2025-01-13,500.6463,507.0803,496.6862,506.1025,117038.0
2025-01-14,507.1976,515.2352,507.0314,514.9809,89641.0
2025-01-15,526.0301,529.9023,523.6541,525.3261,200745.0
2025-01-16,526.0595,535.2215,522.999,534.3024,188951.0
2025-01-17,537.3531,540.0812,532.0925,539.9345,194523.0
2025-01-21,542.3106,548.0699,542.3106,546.3392,126624.0
2025-01-22,546.3392,550.5926,543.8653,549.0673,166489.0
2025-01-23,547.8352,554.3376,547.8352,550.9055,75220.0
2025-01-24,547.8646,555.4034,546.9356,551.0718,112376.0
2025-01-27,546.5445,551.2282,540.9221,548.9206,130516.0
2025-01-28,550.0451,562.8445,547.8059,559.1484,153909.0
2025-01-29,556.8017,565.0642,553.5945,562.3654,300287.0
2025-01-30,568.506,569.1318,521.0042,535.6811,489598.0
2025-01-31,533.0704,534.9966,525.7857,531.3005,281503.0
2025-02-03,521.6594,526.5386,512.3213,525.199,168874.0
2025-02-04,525.1208,526.5484,519.2148,523.5172,234866.0
2025-02-05,525.3946,527.1057,520.2024,526.343,102426.0
2025-02-06,530.4987,531.8774,526.2257,529.6285,155954.0
2025-02-07,530.4407,535.9413,525.7441,526.6462,131467.0
2025-02-10,528.4013,529.3033,512.2328,518.861,207698.0
2025-02-11,517.2236,520.6259,511.321,518.4884,139020.0
2025-02-12,515.3214,517.9099,511.017,516.5862,210814.0
2025-02-13,519.214,531.6761,516.5372,529.2151,495165.0
2025-02-14,528.6562,537.2944,528.0091,535.2844,540842.0
2025-02-18,535.8727,541.6576,531.9016,536.3923,237510.0
2025-02-19,533.0292,539.3044,528.2738,538.7259,151998.0
2025-02-20,537.0297,538.2161,525.2048,530.4603,121154.0
2025-02-21,531.6859,532.9606,516.9686,520.1356,161805.0
2025-02-24,523.9792,526.8815,517.5962,520.6749,102685.0
2025-02-25,522.1653,524.5871,506.3204,511.821,181654.0
2025-02-26,515.9783,519.7827,514.3311,515.0272,130020.0
2025-02-27,519.4983,525.9794,515.0076,515.8116,102527.0
2025-02-28,516.9588,527.46,516.9588,526.8227,116687.0
2025-03-03,530.4603,535.7256,516.949,521.5476,151825.0
2025-03-04,516.3313,516.3313,484.1611,488.4557,363400.0
2025-03-05,489.4754,500.2413,485.073,499.1628,304102.0
2025-03-06,490.3579,499.0647,485.3573,493.1425,222585.0
2025-03-07,488.4165,490.8775,477.5035,489.6029,148415.0
2025-03-10,477.6212,481.7687,466.0219,471.0028,181267.0
2025-03-11,471.3362,475.1307,466.1983,468.728,218071.0
2025-03-12,475.5229,478.1114,465.3943,471.091,187288.0
2025-03-13,473.052,474.9542,461.59,463.0804,127482.0
2025-03-14,468.6594,478.8272,466.6984,476.3563,195656.0
2025-03-17,476.7681,485.5044,476.7681,483.1022,189477.0
2025-03-18,483.1904,483.2983,476.7975,479.3959,119865.0
2025-03-19,479.3959,492.4561,475.5621,489.2989,97204.0
2025-03-20,482.8472,487.5046,480.0822,483.4649,157691.0
2025-03-21,479.6018,485.1416,473.7286,483.0335,298664.0
2025-03-24,490.8285,499.7118,486.1319,498.2411,142825.0
2025-03-25,499.1529,502.9769,497.9469,500.6139,125160.0
2025-03-26,502.7122,507.6245,494.9074,495.2604,102882.0
2025-03-27,492.2698,492.2698,484.1513,489.1126,90898.0
2025-03-28,486.2398,488.3674,468.3358,472.8167,153953.0
2025-03-31,465.8258,478.1114,459.629,474.6699,179071.0
2025-04-01,474.1894,480.6215,470.0909,479.1507,194493.0
2025-04-02,473.6796,486.6516,473.6796,484.72,169709.0
2025-04-03,460.6193,462.8646,446.2942,446.9217,181033.0
2025-04-04,431.0474,431.0474,407.486,413.9573,308150.0
2025-04-07,402.9659,432.5868,388.4153,419.605,498950.0
2025-04-08,431.724,441.7153,411.4668,417.7126,259709.0
2025-04-09,412.8886,467.0906,410.3785,463.7765,378660.0
2025-04-10,450.3829,453.442,430.4101,447.6179,435086.0
2025-04-11,442.9213,463.5314,437.3814,459.629,219057.0
2025-04-14,464.5119,472.7383,461.8547,465.1982,130610.0
2025-04-15,467.473,472.9246,465.7375,467.1494,114830.0
2025-04-16,463.0705,466.4239,449.6573,454.1872,244069.0
2025-04-17,455.0403,462.5411,454.0303,455.5011,222165.0
2025-04-21,451.736,452.7067,437.254,442.3526,122755.0
2025-04-22,450.3339,460.3153,450.3339,458.5308,117953.0
2025-04-23,471.5028,483.259,458.8838,462.6489,386246.0
2025-04-24,477.5133,482.9355,452.5106,464.8354,300303.0
2025-04-25,458.5602,465.7081,455.1579,456.8542,169957.0
2025-04-28,457.315,463.9824,454.3637,459.2466,169730.0
2025-04-29,455.2462,462.9431,451.5497,462.4528,186597.0
2025-04-30,452.991,462.3156,447.9512,461.8351,115387.0
2025-05-01,461.5508,468.4633,455.7952,461.3547,98437.0
2025-05-02,470.6255,476.282,467.2315,475.0326,116479.0
2025-05-05,473.3898,478.0134,470.6845,472.9963,107360.0
2025-05-06,464.0934,473.2717,464.0934,467.93,93528.0
2025-05-07,471.3731,475.8492,468.8055,472.9864,126427.0
2025-05-08,476.4099,486.0014,474.1669,481.0532,123646.0
2025-05-09,483.6798,486.4835,481.1221,484.1815,137452.0
2025-05-12,503.3941,508.7457,501.7119,507.339,189710.0
2025-05-13,507.821,515.268,505.6764,511.2444,88832.0
2025-05-14,511.7462,517.019,510.605,513.1923,149727.0
2025-05-15,509.818,512.3069,507.2799,511.1067,83632.0
2025-05-16,511.5494,516.232,508.608,515.5926,91685.0
2025-05-19,510.3296,516.0746,509.4147,513.753,99781.0
2025-05-20,509.454,513.8809,508.0669,510.4574,158688.0
2025-05-21,505.519,509.9754,501.7513,502.8137,371263.0
2025-05-22,502.4891,504.9878,498.6131,499.951,176460.0
2025-05-23,491.5203,499.528,491.5203,496.2619,119601.0
2025-05-27,504.5451,509.5426,500.1674,509.0802,143447.0
2025-05-28,509.454,509.7491,501.2889,501.8103,85067.0
2025-05-29,504.3484,505.4108,499.5772,501.6332,149474.0
2025-05-30,499.9904,502.2727,496.8227,500.9643,221528.0
2025-06-02,496.8128,502.5973,492.5827,501.8398,205425.0
2025-06-03,500.6987,506.0798,495.6323,504.8993,137639.0
2025-06-04,505.6174,506.0601,497.7572,499.2722,256697.0
2025-06-05,500.8069,503.2072,495.1897,500.1281,231336.0
2025-06-06,507.6931,511.1067,504.8304,510.2017,100567.0
2025-06-09,512.7988,513.0545,504.673,509.6704,93594.0
2025-06-10,508.7851,511.0379,504.9091,508.2735,105393.0
2025-06-11,506.9258,510.8116,505.155,507.2701,94380.0
2025-06-12,501.4365,508.4703,498.8099,507.1717,87187.0
2025-06-13,500.0691,502.5776,491.9433,493.5271,144255.0
2025-06-16,499.3116,508.726,498.1507,504.5746,99905.0
2025-06-17,500.3543,503.9254,496.0062,498.5049,77425.0
2025-06-18,498.4557,505.6863,497.0588,498.1999,193864.0
2025-06-20,501.1905,502.6957,495.5438,502.0562,215842.0
2025-06-23,503.3154,511.5101,498.5147,510.5263,152038.0
2025-06-24,515.7402,519.0849,511.815,512.8676,209060.0
2025-06-25,514.6089,515.8976,509.2671,515.5041,84632.0
2025-06-26,515.5139,518.4356,508.7064,516.9403,201410.0
2025-06-27,518.8685,524.889,514.6679,519.4883,129743.0
2025-06-30,521.2295,525.6564,519.2423,525.0563,130952.0
2025-07-01,522.2624,532.2081,517.7175,529.8471,157939.0
2025-07-02,530.5948,534.1363,526.6991,533.6247,175157.0
2025-07-03,533.0443,536.3891,529.9062,534.4708,74901.0
2025-07-07,535.1594,539.5567,524.6726,527.7026,160805.0
2025-07-08,529.7192,531.1358,526.4237,527.3582,110547.0
2025-07-09,531.6966,533.0935,526.1581,530.703,82938.0
2025-07-10,533.0935,538.8386,531.9622,533.6936,122232.0
2025-07-11,529.7684,530.7423,525.981,527.5943,114651.0
2025-07-14,527.1123,532.0901,526.6008,530.221,100356.0
2025-07-15,528.3518,528.3518,513.9104,514.176,207259.0
2025-07-16,516.0156,519.0062,507.8899,516.3107,150938.0
2025-07-17,514.8155,531.6277,514.8155,531.0473,180364.0
2025-07-18,533.1919,535.8578,530.6046,535.7004,146657.0
2025-07-21,535.8677,536.1431,525.2235,525.8236,93001.0
2025-07-22,526.9549,529.1585,522.2231,527.86,108672.0
2025-07-23,530.0931,530.7719,524.9677,528.2338,139517.0
2025-07-24,510.7329,510.9985,492.7598,508.6965,296472.0
2025-07-25,508.303,518.839,507.6439,512.5922,155004.0
2025-07-28,512.7004,521.5246,508.8933,510.0246,150231.0
2025-07-29,514.1859,516.3894,508.8834,512.5233,161034.0
2025-07-30,515.7107,517.7962,507.5751,511.3035,151062.0
2025-07-31,509.759,516.8518,506.3749,509.7688,178316.0
2025-08-01,500.0609,500.7912,488.5635,493.3697,157020.0
2025-08-04,496.6857,502.6564,496.6857,499.6464,109610.0
2025-08-05,502.617,505.3901,496.4785,498.4128,76032.0
2025-08-06,500.0017,502.4788,497.3864,501.7682,117776.0
2025-08-07,503.2683,504.6697,491.0308,491.919,153133.0
2025-08-08,495.2646,498.62,492.9454,498.3437,84470.0
2025-08-11,499.676,502.6959,497.4456,500.0115,103486.0
2025-08-12,503.3177,510.3838,498.8075,510.2259,142296.0
2025-08-13,512.3182,514.2426,491.4749,502.5873,254061.0
2025-08-14,501.5511,509.2686,497.1989,506.9593,180620.0
2025-08-15,508.2521,508.8936,496.1528,496.4883,145249.0
2025-08-18,494.8599,499.7747,494.6033,499.0049,150115.0
2025-08-19,497.8996,501.9952,497.5542,499.6267,94645.0
2025-08-20,498.2253,500.426,494.8797,498.7779,135435.0
2025-08-21,497.0311,498.8569,492.669,498.6102,114200.0
2025-08-22,501.9952,513.9564,499.4984,510.147,171677.0
2025-08-25,509.7226,511.4299,502.1531,504.7881,137317.0
2025-08-26,502.3801,510.2259,501.9459,510.1174,81346.0
2025-08-27,509.7029,514.4795,509.1403,511.4694,79635.0
2025-08-28,512.3576,513.1866,508.7653,509.8608,96277.0
2025-08-29,510.4036,514.9926,506.7915,508.0646,110947.0
2025-09-02,503.0315,506.1303,496.9916,506.1007,124613.0
2025-09-03,503.6729,507.1666,495.2054,500.5543,118077.0
2025-09-04,503.3078,506.3178,499.3405,505.1928,144028.0
2025-09-05,504.798,505.173,481.2506,482.8691,252700.0
2025-09-08,484.9021,487.1819,478.9413,485.9877,243082.0
2025-09-09,484.2607,491.9979,481.6947,486.8759,150432.0
2025-09-10,486.3628,490.6262,482.8494,485.5535,127563.0
2025-09-11,485.8693,494.5639,484.0534,494.406,175422.0
2025-09-12,494.6922,494.9882,489.3827,490.5669,94150.0
2025-09-15,492.0572,492.0572,480.0466,481.2605,298880.0
2025-09-16,481.7243,482.7014,477.2932,479.7604,190925.0
2025-09-17,480.5302,486.9746,476.0892,479.7999,327050.0
2025-09-18,482.277,488.9682,481.3296,484.9515,176784.0
2025-09-19,484.5666,484.6456,479.9677,483.106,464958.0
2025-09-22,481.2605,489.5307,478.0333,487.8826,132068.0
2025-09-23,487.0635,494.1592,483.8856,487.6556,86349.0
2025-09-24,488.0503,490.2314,483.1948,485.4449,106368.0
2025-09-25,484.5666,489.7478,481.8625,485.5042,102812.0
2025-09-26,493.4487,498.9358,490.5077,492.748,203113.0
2025-09-29,493.271,494.4454,490.1623,493.044,110628.0
2025-09-30,492.6789,495.156,482.1684,484.8133,288357.0
2025-10-01,483.2836,483.3626,474.8654,480.2243,154334.0
2025-10-02,480.8164,487.9714,480.8164,484.2311,166008.0
2025-10-03,484.2705,487.3398,480.1058,485.5535,141856.0
2025-10-06,485.4351,489.6294,482.3856,487.3398,97477.0
2025-10-07,490.5571,493.9224,487.6655,491.2676,90712.0
2025-10-08,491.8795,491.8795,483.4021,483.7475,158517.0
2025-10-09,487.172,489.1261,481.4875,484.9416,109175.0
2025-10-10,486.7674,489.659,472.2896,473.1482,165341.0
2025-10-13,479.7604,480.9546,474.0068,475.497,128384.0
2025-10-14,471.5396,486.0371,471.5396,480.1453,127827.0
2025-10-15,483.7968,487.2214,472.2501,474.9641,140956.0
2025-10-16,475.872,478.0136,457.9006,461.6015,235538.0
2025-10-17,461.9173,464.5425,456.9335,464.0885,223389.0
2025-10-20,465.8452,470.4737,465.8452,466.4866,250619.0
2025-10-21,465.4405,475.4082,465.4405,473.0791,220370.0
2025-10-22,473.1186,475.5266,465.9438,466.5557,236785.0
2025-10-23,470.3553,473.3949,466.2498,471.885,87063.0
2025-10-24,474.1548,476.5135,471.5198,472.9015,70078.0
2025-10-27,477.1254,480.2045,474.3818,478.2801,187613.0
2025-10-28,477.076,481.2704,473.8982,478.1912,155589.0
2025-10-29,471.6876,476.9872,469.6348,472.2699,253245.0
2025-10-30,456.7065,460.0915,445.1104,448.16,625810.0
2025-10-31,452.6405,452.6405,436.406,446.8375,346466.0
2025-11-03,445.3177,449.6896,441.9721,446.4526,484336.0
2025-11-04,444.8242,452.0483,442.5741,446.0776,269328.0
2025-11-05,445.7026,456.4499,443.4623,453.055,296192.0
2025-11-06,451.8806,456.746,446.6204,451.5253,224268.0
2025-11-07,447.709,456.5328,444.7281,455.384,264945.0
2025-11-10,456.0278,457.2558,449.0162,454.8592,209314.0
2025-11-11,455.3147,461.4944,453.5717,460.4446,279565.0
2025-11-12,463.2374,470.0806,461.6132,465.9905,182800.0
2025-11-13,463.3958,466.1688,453.6906,454.978,312286.0
2025-11-14,454.8691,460.1475,450.4324,453.5717,369141.0
2025-11-17,452.1952,453.5816,433.1511,436.538,534689.0
2025-11-18,431.8142,441.5788,426.9615,438.5286,416257.0
2025-11-19,439.8358,446.1443,438.1622,445.451,224528.0
2025-11-20,451.7099,455.5524,436.9837,437.36,274028.0
2025-11-21,439.2714,448.7389,438.4296,443.2327,238869.0
2025-11-24,443.4704,445.56,439.4694,441.7373,309524.0
2025-11-25,441.8264,450.9474,441.8264,448.4418,213964.0
2025-11-26,447.5901,452.9874,446.4215,449.0855,179388.0
2025-11-28,451.7297,455.0473,448.3527,451.3336,134727.0
2025-12-01,447.501,456.0872,443.5892,450.5116,278233.0
2025-12-02,453.0469,455.7901,447.9368,452.3734,229086.0
2025-12-03,453.3539,466.2777,452.8587,465.5647,312577.0
2025-12-04,467.7731,473.6656,466.1985,469.526,262783.0
2025-12-05,467.1393,476.0126,467.1393,472.4475,220450.0
2025-12-08,470.031,473.0615,468.1494,472.1206,242178.0
2025-12-09,472.8634,479.8749,469.318,473.5863,173001.0
2025-12-10,478.0923,495.3835,475.0916,492.4521,490681.0
2025-12-11,491.8183,496.671,488.1442,493.7891,480990.0
2025-12-12,494.8884,495.3538,487.8768,488.8572,259397.0
2025-12-15,492.6601,494.1753,479.0827,486.7379,220171.0
2025-12-16,488.1145,489.7981,480.5979,481.8952,279286.0
2025-12-17,483.044,488.2432,481.717,482.7865,321195.0
2025-12-18,484.0244,488.4512,482.0141,482.9747,364921.0
2025-12-19,484.2126,488.0848,481.9249,484.4404,304104.0
2025-12-22,486.0744,491.4618,485.8962,491.1251,233136.0
2025-12-23,492.8681,494.7299,490.2932,493.5613,236238.0
2025-12-24,493.0166,500.7412,493.0166,496.1263,114893.0
2025-12-26,496.156,497.6118,494.0763,496.978,147827.0
2025-12-29,502.098,502.098,492.3234,492.9671,136076.0
2025-12-30,492.9968,493.5514,489.4911,489.6891,126445.0
2025-12-31,489.194,490.6596,485.5594,485.5991,150820.0
2026-01-02,485.2623,489.9664,482.2913,488.9959,248991.0
2026-01-05,487.8669,509.0204,487.7085,502.9794,232053.0
2026-01-06,501.7316,508.4262,498.4337,505.3066,207805.0
2026-01-07,503.6627,505.3562,491.6401,493.2246,344558.0
2026-01-08,491.8084,503.5835,491.4519,498.6021,277931.0
2026-01-09,499.4439,505.3859,496.2451,502.8506,198291.0
2026-01-12,495.1657,507.2972,495.1657,505.2274,215488.0
2026-01-13,504.247,506.3465,489.3029,490.5804,271703.0
2026-01-14,489.4613,502.8506,485.9358,502.5535,228414.0
2026-01-15,499.3449,512.7341,499.3449,503.1873,205039.0
2026-01-16,502.2465,507.6636,499.8301,504.3955,207420.0
2026-01-20,495.4529,501.4939,486.4507,487.8174,170152.0
2026-01-21,490.8874,504.0786,489.5109,498.8794,270241.0
2026-01-22,502.3951,506.8417,499.8796,503.1576,221276.0
2026-01-23,499.5825,501.6424,486.2923,491.7985,367528.0
2026-01-26,493.9376,497.7702,491.9174,495.6905,228917.0
2026-01-27,493.6504,496.7997,491.3232,493.5118,183781.0
2026-01-28,495.4925,498.7408,491.7292,494.8388,287985.0
2026-01-29,532.5903,537.7499,510.9119,516.3191,587739.0
2026-01-30,522.1522,527.9258,512.4172,522.0928,299301.0
2026-02-02,521.3104,529.9857,516.7549,527.0345,312674.0
2026-02-03,524.3705,529.8273,514.8138,524.9251,368271.0
2026-02-04,526.4502,544.8605,526.4502,540.2257,563773.0
2026-02-05,539.7306,542.8798,526.9553,529.8471,323133.0
2026-02-06,534.6212,541.723,528.8007,537.74,277983.0
2026-02-09,536.3097,541.6733,533.9755,535.4754,385939.0
2026-02-10,528.7411,533.4293,493.1328,502.231,778301.0
2026-02-11,506.3729,506.3729,481.1044,482.6837,835288.0
2026-02-12,487.3917,488.8717,448.9129,464.1495,1043940.0
2026-02-13,465.401,474.7972,461.1896,470.4766,335741.0
2026-02-17,478.4326,478.7504,465.5699,465.6195,461322.0
2026-02-18,468.49,480.1906,467.8941,474.5688,282613.0
2026-02-19,470.119,472.6021,464.4078,469.2449,414722.0
2026-02-20,467.1591,468.6688,458.5575,468.5099,308649.0
2026-02-23,463.9608,467.3279,445.5656,450.7207,416817.0
2026-02-24,447.2939,463.3748,446.8271,463.0967,386170.0
2026-02-25,467.2087,475.86,463.345,475.0257,324484.0
2026-02-26,476.4162,484.5808,471.7976,483.6968,271018.0
2026-02-27,472.6319,476.2971,461.9147,466.9505,227263.0
2026-03-02,457.8225,474.5886,457.8225,472.1254,236518.0
2026-03-03,460.9413,466.9306,455.7763,462.5404,430397.0
2026-03-04,465.8281,471.6287,465.1328,465.7487,306510.0
2026-03-05,462.5901,470.1885,461.9743,469.7018,243891.0
2026-03-06,458.8058,462.2325,449.5983,461.7558,266338.0
2026-03-09,452.8264,459.6997,441.9999,458.3687,378072.0
2026-03-10,460.683,460.683,446.549,453.0846,227353.0
2026-03-11,450.9392,456.6504,438.3149,447.6515,285920.0
2026-03-12,438.5234,445.6153,436.4277,437.3216,284688.0
2026-03-13,443.8572,445.7444,438.4241,439.0995,264509.0
2026-03-16,443.4699,446.8072,435.2755,436.0602,316490.0
2026-03-17,441.7913,447.8799,434.8683,434.9874,498722.0
2026-03-18,432.9413,437.123,428.9782,429.6239,377028.0
2026-03-19,427.9055,435.047,427.101,431.1336,477198.0
2026-03-20,427.7565,437.0336,427.7565,435.9807,682692.0
2026-03-23,448.6348,449.1016,438.6128,439.9239,443723.0
2026-03-24,436.2985,447.5522,433.0903,445.1485,276976.0
2026-03-25,449.3996,454.505,442.0892,448.8434,330411.0
2026-03-26,445.8537,451.257,442.9832,445.1286,161103.0
2026-03-27,442.9236,442.9236,432.0772,433.8651,269770.0
2026-03-30,437.4011,443.5791,433.8055,435.4741,286761.0
2026-03-31,440.4901,444.8207,433.2592,441.4039,242026.0
2026-04-01,445.4663,446.5589,424.2702,433.726,337517.0
2026-04-02,427.2897,437.123,419.5224,431.0144,278526.0
2026-04-06,433.2393,435.792,427.0215,427.4983,246701.0
2026-04-07,423.9126,429.6735,419.9595,429.1471,454684.0
2026-04-08,440.7384,451.3663,440.7285,450.0452,480451.0
2026-04-09,447.0456,451.6444,443.6785,449.8466,424253.0
2026-04-10,446.102,446.7973,438.2851,443.3308,352192.0
2026-04-13,440.1822,452.0516,439.0201,451.992,296984.0
2026-04-14,454.9718,460.7724,451.5252,458.8753,277658.0
2026-04-15,462.5504,468.2219,459.7593,464.9938,253222.0
2026-04-16,464.4971,468.7086,455.4188,455.8856,221208.0
2026-04-17,459.1832,463.186,451.8033,453.1243,544881.0
2026-04-20,451.9424,458.5773,450.8597,453.5117,279354.0
2026-04-21,458.3787,464.1694,455.6969,457.9714,251788.0
2026-04-22,460.3354,465.3613,456.8987,465.3513,245275.0
2026-04-23,461.6167,463.6529,451.2272,456.5312,383309.0
2026-04-24,456.114,464.8448,448.9328,460.9909,738583.0
2026-04-27,460.1467,477.5585,459.8586,474.6383,636005.0
2026-04-28,480.6177,483.7763,471.301,472.1452,265231.0
2026-04-29,471.6387,475.5322,465.9274,472.175,250291.0
2026-04-30,467.765,477.5486,460.8618,471.589,274307.0
2026-05-01,472.4241,473.8895,463.6016,464.0402,212824.0
2026-05-04,459.3549,472.6633,459.2153,467.1306,194500.0
2026-05-05,466.7617,476.9399,465.6153,473.1717,181803.0
2026-05-06,475.5742,478.5549,471.9555,473.8097,233447.0
2026-05-07,470.6197,476.1325,455.9754,457.411,280262.0
2026-05-08,459.4944,466.3331,457.4309,464.11,275194.0
2026-05-11,464.5487,466.0141,459.1555,462.2558,272429.0
2026-05-12,462.515,470.9686,458.5773,468.6558,306785.0
2026-05-13,466.3929,470.4702,464.1798,467.7188,180163.0
2026-05-14,470.201,474.2982,465.0272,470.5698,194892.0
2026-05-15,470.1113,474.3281,467.0209,468.915,229959.0
2026-05-18,468.9649,476.292,462.6645,469.7125,145768.0
2026-05-19,469.2938,470.849,461.9069,462.3156,198744.0
2026-05-20,461.9867,464.2994,455.4371,455.8458,323309.0
2026-05-21,453.4134,457.5705,437.4732,449.1667,442786.0
2026-05-22,451.0508,455.6963,448.7081,450.9013,355979.0
2026-05-26,449.6053,454.7592,448.6782,454.0814,219624.0
2026-05-27,453.0147,453.0147,435.9081,441.7898,291723.0
2026-05-28,437.8321,443.4845,435.8683,438.4801,361851.0
2026-05-29,438.3704,447.9306,437.1343,444.3219,728061.0
2026-06-01,442.3879,452.2471,440.6234,445.7574,363392.0
2026-06-02,443.9829,449.8745,437.2938,444.0128,301256.0
2026-06-03,440.4838,443.2352,431.8907,439.5567,253837.0
2026-06-04,443.1655,457.092,443.1655,453.6726,291449.0
2026-06-05,454.7094,455.6564,451.4197,453.244,280442.0
2026-06-08,452.5163,454.4303,446.3057,447.9804,283024.0
2026-06-09,450.1237,453.7325,441.1717,447.791,233151.0
2026-06-10,446.7044,452.7356,444.262,449.2166,256652.0
2026-06-11,449.9044,450.8415,445.1692,448.9773,175899.0
2026-06-12,451.4695,462.4652,449.9343,457.7001,271797.0
2026-06-15,461.867,465.6353,457.7399,458.4477,273158.0
2026-06-16,462.5449,471.8259,458.8265,469.8621,344417.0
2026-06-17,469.4733,475.2552,468.3568,470.5001,198486.0
2026-06-18,474.8864,476.0029,463.6714,465.9742,409251.0
2026-06-22,467.948,473.1917,465.6751,469.9418,304222.0
2026-06-23,465.077,472.0851,463.3125,464.6583,444640.0
2026-06-24,462.1661,464.0402,453.3138,459.5144,358714.0
2026-06-25,462.4552,468.1674,450.7019,451.8782,337971.0
2026-06-26,451.5592,453.5829,442.6172,451.3997,416274.0
2026-06-29,453.0845,457.2814,444.6508,445.3985,474326.0
2026-06-30,448.4191,458.9063,447.6814,457.3312,288127.0
2026-07-01,458.5673,479.3125,455.9655,478.1861,324483.0
2026-07-02,483.1904,490.9362,480.0004,487.6365,260875.0
2026-07-06,488.8428,506.1587,485.6527,505.9194,403964.0
2026-07-07,504.1948,511.1032,503.9755,506.2583,275461.0
2026-07-08,508.292,508.7904,487.2577,489.0521,466533.0
2026-07-09,493.558,504.4939,487.7462,498.6023,257206.0
2026-07-10,507.2154,511.4023,499.1306,505.1817,241608.0
2026-07-13,501.9618,517.6926,501.9618,516.616,269897.0
2026-07-14,509.6278,519.7562,503.806,516.9848,251564.0
2026-07-15,517.264,531.3799,514.8116,525.6378,324565.0
2026-07-16,518.4303,531.5792,518.4303,531.5493,297479.0
2026-07-17,522.1686,537.2515,522.049,526.226,278674.0
2026-07-20,527.1132,529.1668,521.5406,524.5811,217733.0
2026-07-21,526.2559,527.7014,521.3213,526.7244,252488.0
2026-07-22,528.0303,529.8048,523.5643,525.1792,320184.0
2026-07-23,529.7151,534.9088,513.4858,518.4901,433844.0
2026-07-24,517.7923,528.5587,509.1493,527.2528,208953.0
2026-07-27,532.7655,541.5581,529.2565,536.3344,288150.0
2026-07-28,536.5537,551.7363,534.6098,544.9176,266890.0
2026-07-29,539.9531,546.2135,537.3213,538.6073,225332.0
2026-07-30,539.7238,544.6085,531.2602,542.7643,170777.0
2026-07-31,543.82,547.69,541.73,544.14,194528.0
2026-08-03,546.49,553.82,543.97,552.07,125772.0
2026-08-04,552.07,557.11,550.64,553.58,230078.0
2026-08-05,560.0,564.3,554.86,561.03,150084.0
2026-08-06,565.0,565.05,554.13,559.82,139250.0
2026-08-07,555.22,558.59,549.8,551.98,167583.0
2026-08-10,555.74,562.42,550.25,557.53,128807.0
2026-08-11,555.67,565.44,555.6,562.98,166838.0
2026-08-12,560.21,565.32,557.64,565.07,205139.0
2026-08-13,565.94,571.17,560.98,570.68,137403.0
2026-08-14,571.0,572.56,567.92,569.54,114663.0
2026-08-17,567.95,571.18,561.19,561.63,169858.0
2026-08-18,566.25,568.7,560.01,562.12,138482.0
2026-08-19,565.3,571.1,558.88,559.78,156976.0
2026-08-20,561.24,564.48,546.66,547.09,177436.0
2026-08-21,551.46,562.61,551.46,555.59,261015.0
2026-08-24,555.2,563.34,553.44,561.13,113917.0
2026-08-25,560.62,561.58,555.36,560.26,140068.0
2026-08-26,559.32,563.51,550.0,560.28,147093.0
2026-08-27,555.9,561.46,550.01,555.77,108967.0
2026-08-28,557.15,561.21,554.95,559.32,102494.0
2026-08-31,557.99,559.15,553.0,553.11,142532.0
2026-09-01,549.85,558.56,541.27,542.64,186709.0
2026-09-02,544.21,561.82,544.21,551.85,187812.0
2026-09-03,557.05,567.33,554.19,565.08,171845.0
2026-09-04,553.25,565.58,553.25,560.56,174134.0
2026-09-08,557.89,561.24,554.1,556.67,185949.0
2026-09-09,554.94,557.23,546.84,551.88,227266.0
2026-09-10,554.91,563.65,552.5,553.53,184646.0
2026-09-11,560.0,561.27,550.85,553.05,38053.0
