timestamp,open,high,low,close,volume
2006-09-18,34.0111,34.3685,33.9846,34.2891,9759700.0
2006-09-19,34.3354,34.4744,34.0905,34.4413,11047300.0
2006-09-20,34.5339,34.845,34.5075,34.7457,10747600.0
2006-09-21,34.8318,34.8715,34.4876,34.5737,8854500.0
2006-09-22,34.6067,34.8913,34.5339,34.6928,10035200.0
2006-09-25,34.8913,35.1958,34.7656,35.07,11588800.0
2006-09-26,35.0568,35.4076,34.9046,35.3877,10373600.0
2006-09-27,35.2752,35.5465,35.1627,35.2289,10658600.0
2006-09-28,35.295,35.6326,35.0899,35.4208,11705800.0
2006-09-29,35.4605,35.7385,35.3612,35.4804,9456600.0
2006-10-02,35.4274,35.5267,35.2752,35.4936,6674700.0
2006-10-03,35.4936,36.1157,35.4539,36.0297,12533100.0
2006-10-04,35.9304,36.301,35.8377,36.2944,11359400.0
2006-10-05,36.1091,36.3142,35.9172,36.0694,8221300.0
2006-10-06,35.9701,36.0495,35.8113,35.9039,7767200.0
2006-10-09,35.7914,36.0958,35.7716,36.0826,5402900.0
2006-10-10,36.1025,36.1686,35.9238,36.1422,9845800.0
2006-10-11,35.8841,35.8841,33.6008,35.7517,11942800.0
2006-10-12,35.9701,36.1157,35.8377,35.9304,9042800.0
2006-10-13,35.8708,36.0628,35.659,35.9966,7202400.0
2006-10-16,35.937,35.9701,35.5465,35.5532,7947300.0
2006-10-17,35.2884,35.6193,34.6332,35.5134,9189700.0
2006-10-18,35.6855,35.6988,35.3017,35.6127,11049800.0
2006-10-19,35.5532,35.5532,34.9641,35.2421,14708300.0
2006-10-20,35.295,35.5267,34.9112,35.4605,13625400.0
2006-10-23,35.262,35.7186,35.2289,35.4936,12427500.0
2006-10-24,35.3811,35.4737,35.1561,35.3546,11348600.0
2006-10-25,35.434,35.798,35.434,35.7252,10840100.0
2006-10-26,35.7318,35.8576,35.5333,35.8444,9537400.0
2006-10-27,35.7583,35.7716,35.4804,35.5796,8343500.0
2006-10-30,35.4737,35.7848,35.4671,35.6855,6971500.0
2006-10-31,35.8245,35.9304,35.626,35.6326,9072100.0
2006-11-01,35.8377,35.8377,35.4076,35.4737,11212700.0
2006-11-02,35.3149,35.5333,35.2222,35.4208,7544600.0
2006-11-03,35.4406,35.5333,35.3414,35.3811,6790900.0
2006-11-06,35.5267,35.9039,35.5201,35.8708,10252200.0
2006-11-07,35.8841,36.1488,35.8444,36.0098,8217800.0
2006-11-08,36.0032,36.2348,35.8708,36.1554,9241800.0
2006-11-09,36.0826,36.215,35.99,36.0826,8336500.0
2006-11-10,36.076,36.2481,35.9039,36.2414,9151500.0
2006-11-13,36.1157,36.354,36.0429,36.0561,8139800.0
2006-11-14,36.1025,36.387,35.7848,36.3076,12126800.0
2006-11-15,36.2481,36.2679,35.9569,36.0694,8236900.0
2006-11-16,36.2216,36.3937,36.1289,36.3407,7849100.0
2006-11-17,36.301,36.4334,36.2812,36.2944,12018400.0
2006-11-20,36.301,36.4532,36.215,36.3672,8298500.0
2006-11-21,36.4268,36.4334,35.7914,36.215,7606800.0
2006-11-22,36.1885,36.3473,36.0164,36.1753,7490500.0
2006-11-24,35.9833,36.7246,35.9172,35.9436,4795400.0
2006-11-27,36.1091,36.1951,35.5598,35.6921,12846000.0
2006-11-28,35.6834,36.0646,35.5898,35.8841,10421700.0
2006-11-29,36.1516,36.2051,35.9175,36.1047,8490300.0
2006-11-30,36.1248,36.2117,35.8841,36.0178,8702500.0
2006-12-01,35.9977,36.1114,35.4494,35.7704,12748400.0
2006-12-04,35.1083,35.4561,34.9077,35.202,25446200.0
2006-12-05,35.2153,35.329,34.9746,35.309,16085600.0
2006-12-06,35.2755,35.4628,35.1819,35.2086,10988600.0
2006-12-07,35.1886,35.3424,35.0415,35.1016,11045000.0
2006-12-08,34.9746,35.0281,34.3192,34.5399,29418200.0
2006-12-11,36.7802,36.7802,34.6603,35.1418,15834400.0
2006-12-12,35.0749,35.4093,35.008,35.2956,12943400.0
2006-12-13,35.5764,35.7035,35.4093,35.5163,12824600.0
2006-12-14,35.5096,35.7637,35.2555,35.5363,12530000.0
2006-12-15,35.5898,35.757,35.3491,35.6634,19275900.0
2006-12-18,35.757,35.9576,35.6834,35.8908,11769700.0
2006-12-19,35.7236,36.0379,35.7102,35.8506,8838300.0
2006-12-20,35.9108,35.971,35.7236,35.8974,7619600.0
2006-12-21,36.0379,36.1181,35.7303,35.7904,9534200.0
2006-12-22,35.8707,35.8841,35.4695,35.6834,7823600.0
2006-12-26,35.7102,36.1181,35.6968,35.9442,6732800.0
2006-12-27,36.0312,36.1449,35.7771,35.9844,8177400.0
2006-12-28,35.9777,36.0847,35.7838,35.8707,6334700.0
2006-12-29,35.8774,35.9643,35.6099,35.6433,6106800.0
2007-01-03,35.7102,36.2318,35.436,35.6634,14801000.0
2007-01-04,35.6634,36.0379,35.4761,35.8841,12694400.0
2007-01-05,35.8373,35.8373,35.4628,35.5764,9825800.0
2007-01-08,35.7503,35.8707,35.309,35.7169,9358500.0
2007-01-09,35.8439,35.9175,35.4226,35.7637,10947500.0
2007-01-10,35.6166,35.9108,35.5497,35.8373,9654200.0
2007-01-11,35.7771,35.8774,35.5631,35.6166,12026700.0
2007-01-12,35.6032,35.8439,35.6032,35.7102,10530200.0
2007-01-16,35.7503,35.7971,35.65,35.7236,11165000.0
2007-01-17,35.7771,35.9175,35.543,35.6567,11846300.0
2007-01-18,35.7436,35.8105,35.5831,35.6166,9269700.0
2007-01-19,35.7503,35.8707,35.6099,35.8439,11974400.0
2007-01-22,35.8707,36.1449,35.8038,35.8707,12617600.0
2007-01-23,35.6099,35.7904,35.3758,35.65,16445600.0
2007-01-24,35.757,35.7637,35.1485,35.5764,23783600.0
2007-01-25,35.5764,35.5898,35.0013,35.0348,18628100.0
2007-01-26,35.1217,35.309,34.5867,34.8074,21497000.0
2007-01-29,34.7673,34.9412,34.3393,34.4129,20447900.0
2007-01-30,34.453,34.8609,34.346,34.8542,16769400.0
2007-01-31,34.774,35.309,34.6737,35.1418,17159400.0
2007-02-01,35.2822,35.4226,35.2086,35.3625,11848700.0
2007-02-02,35.329,35.5497,35.2621,35.2755,11724900.0
2007-02-05,35.2688,35.5229,35.0214,35.3625,10445900.0
2007-02-06,35.2889,35.6634,35.2755,35.5831,13000600.0
2007-02-07,35.6768,35.7704,35.6099,35.6634,8403500.0
2007-02-09,35.6567,35.7771,35.2153,35.436,10791900.0
2007-02-12,35.5764,35.65,35.4293,35.4761,8970500.0
2007-02-13,35.5029,35.971,35.5029,35.9509,9427700.0
2007-02-14,35.9509,36.2251,35.8239,36.1449,11382600.0
2007-02-15,36.1649,36.2519,35.9108,35.9977,9452600.0
2007-02-16,35.8707,36.1582,35.8439,36.1315,8971500.0
2007-02-20,36.0245,36.2251,35.9175,36.1248,8818300.0
2007-02-21,35.9442,36.0914,35.9175,36.0579,8606100.0
2007-02-22,36.0111,36.1783,35.7704,35.8908,9632800.0
2007-02-23,35.6299,35.9376,35.2956,35.3491,15462900.0
2007-02-26,35.5029,35.543,35.1752,35.2889,11072800.0
2007-02-27,34.9185,35.1957,32.7547,33.9447,24635400.0
2007-02-28,34.3978,34.8238,34.0529,34.4316,23096800.0
2007-03-01,33.9786,34.4181,33.6743,34.0665,23153000.0
2007-03-02,33.8771,34.0394,33.6878,33.796,16163800.0
2007-03-05,33.539,33.9988,33.512,33.5458,16429500.0
2007-03-06,33.8771,34.9252,33.8771,34.4587,15561900.0
2007-03-07,34.506,34.5533,34.0867,34.2152,14071500.0
2007-03-08,34.4046,34.7088,34.2085,34.3099,12621400.0
2007-03-09,34.5871,34.6277,34.2626,34.4451,10060500.0
2007-03-12,34.4519,34.6074,34.2828,34.5466,10096800.0
2007-03-13,34.5398,34.5398,33.3091,33.4308,22780100.0
2007-03-14,33.4849,33.7554,32.7006,33.6472,23308400.0
2007-03-15,33.5593,34.364,33.4985,33.8704,17122600.0
2007-03-16,33.9921,34.1273,33.4714,33.5593,19431000.0
2007-03-19,33.6743,34.0732,33.37,34.0597,11762400.0
2007-03-20,34.0597,34.3707,34.0191,34.3369,9379600.0
2007-03-21,34.3369,35.1619,34.2017,35.0469,18153100.0
2007-03-22,35.1484,35.2633,34.7629,34.9387,14054400.0
2007-03-23,34.959,35.1619,34.7629,34.9658,12028800.0
2007-03-26,34.959,34.9658,34.4316,34.8508,12774100.0
2007-03-27,34.8644,35.1619,34.7224,35.0537,16648800.0
2007-03-28,34.7832,34.8103,34.1476,34.2964,17713000.0
2007-03-29,34.4992,34.6547,34.2693,34.5871,12833700.0
2007-03-30,34.6007,34.7629,33.9988,34.4925,13440600.0
2007-04-02,34.6209,34.6547,33.8907,34.1003,13303000.0
2007-04-03,34.2152,34.4113,34.1206,34.3843,12395500.0
2007-04-04,34.4451,34.506,34.2085,34.3843,10511700.0
2007-04-05,34.3031,34.4316,34.0665,34.391,10206900.0
2007-04-09,34.4181,34.4587,34.1611,34.3978,9020500.0
2007-04-10,34.4451,34.6007,34.3572,34.5533,9946300.0
2007-04-11,34.533,34.533,34.0191,34.1341,14714700.0
2007-04-12,34.1611,34.1611,33.8501,33.9921,12586900.0
2007-04-13,34.107,34.2017,33.9109,34.107,12085600.0
2007-04-16,34.3505,34.9455,34.3167,34.648,17920000.0
2007-04-17,34.6886,34.8238,34.5466,34.7021,12082600.0
2007-04-18,34.7765,35.2971,34.6547,35.0605,18378200.0
2007-04-19,34.7156,34.7494,34.3031,34.4046,24299600.0
2007-04-20,34.6886,34.6886,34.0327,34.533,25229800.0
2007-04-23,34.5127,34.5195,34.0259,34.1747,17003200.0
2007-04-24,34.249,34.4181,33.9786,34.249,14301700.0
2007-04-25,34.3775,34.648,34.1476,34.6209,14488400.0
2007-04-26,34.4857,34.6007,34.249,34.2896,14178200.0
2007-04-27,34.2964,34.3843,34.08,34.3234,12417500.0
2007-04-30,34.4384,34.6345,34.3302,34.3843,14560100.0
2007-05-01,34.4857,34.6547,34.2626,34.4316,14173900.0
2007-05-02,34.4992,34.6142,34.4316,34.4992,10546800.0
2007-05-03,34.6345,34.8779,34.5533,34.6547,12179700.0
2007-05-04,34.8238,34.8644,34.5466,34.6615,12939800.0
2007-05-07,34.8103,34.8644,34.675,34.7427,10772800.0
2007-05-08,34.675,34.817,34.5466,34.7832,9964600.0
2007-05-09,34.7021,34.9117,34.6142,34.7765,15410300.0
2007-05-10,34.79,34.8035,34.1747,34.2017,17020100.0
2007-05-11,34.364,34.5466,34.2287,34.4519,10767600.0
2007-05-14,34.506,34.5871,34.1882,34.3369,10366000.0
2007-05-15,34.4789,34.7494,34.4316,34.4722,14076800.0
2007-05-16,34.6547,34.7697,34.391,34.5736,16327600.0
2007-05-17,34.5871,34.6547,34.3978,34.5668,10628500.0
2007-05-18,34.7021,34.7359,34.5601,34.6615,12201500.0
2007-05-21,34.6886,34.7224,34.533,34.6345,10880000.0
2007-05-22,34.6277,34.9049,34.6007,34.817,14242100.0
2007-05-23,34.959,35.0943,34.7088,34.7224,12748600.0
2007-05-24,34.959,34.9861,34.4587,34.5466,14913500.0
2007-05-25,34.6209,34.6547,34.3437,34.6277,11015300.0
2007-05-29,34.6414,34.826,34.5936,34.6209,12435400.0
2007-05-30,34.6278,34.9286,34.5184,34.744,12862400.0
2007-05-31,34.8397,34.8944,34.5047,34.662,13039800.0
2007-06-01,34.6961,34.8602,34.5115,34.6825,13246600.0
2007-06-04,34.7167,34.8124,34.6073,34.7782,12327700.0
2007-06-05,34.7167,34.7303,34.5594,34.6483,11099000.0
2007-06-06,34.5252,34.6278,34.3611,34.3885,13108300.0
2007-06-07,34.3885,34.5252,34.0056,34.0125,20134500.0
2007-06-08,34.1287,34.3748,33.8826,34.3475,17345100.0
2007-06-11,34.2518,34.3817,34.0535,34.2176,11932700.0
2007-06-12,34.0808,34.2518,33.9441,33.9578,14904800.0
2007-06-13,34.1834,34.4432,34.0125,34.409,16199800.0
2007-06-14,34.4295,34.491,34.1834,34.2244,14191200.0
2007-06-15,34.2996,34.4432,34.1766,34.2654,19729900.0
2007-06-18,34.1902,34.2791,34.0672,34.1219,12234400.0
2007-06-19,34.2996,34.7508,34.2859,34.5594,17056200.0
2007-06-20,34.662,34.7303,34.1424,34.1492,18151200.0
2007-06-21,34.1971,34.2723,33.9851,34.1219,18588500.0
2007-06-22,34.074,34.1082,33.4655,33.486,27564500.0
2007-06-25,33.6228,33.8279,33.2673,33.404,20362600.0
2007-06-26,33.6023,33.7732,33.363,33.363,16558800.0
2007-06-27,33.3562,33.6365,33.1921,33.6365,15280200.0
2007-06-28,33.657,33.8142,33.3356,33.5681,13696600.0
2007-06-29,33.657,33.739,33.2194,33.404,16735400.0
2007-07-02,33.6023,33.739,33.486,33.7185,10027400.0
2007-07-03,33.8347,33.9783,33.6638,33.8962,7501500.0
2007-07-05,33.5271,33.9441,33.5202,33.7527,11611400.0
2007-07-06,33.7117,33.7527,33.3972,33.5886,14267100.0
2007-07-09,33.4997,33.6159,33.3493,33.3698,14024600.0
2007-07-10,33.2263,33.3151,33.0006,33.0622,20245100.0
2007-07-11,33.069,33.5407,32.8981,33.2126,16984300.0
2007-07-12,33.2263,33.8757,33.1647,33.8689,17587300.0
2007-07-13,33.8757,34.0603,33.739,33.8416,13320800.0
2007-07-16,33.7322,34.1697,33.7322,33.9236,12883100.0
2007-07-17,33.9988,34.2859,33.9783,34.0603,18555500.0
2007-07-18,33.7458,34.033,33.1852,33.7185,27047000.0
2007-07-19,33.8894,34.0808,33.4314,33.6706,19339200.0
2007-07-20,33.6775,33.6843,32.8844,33.0075,31014500.0
2007-07-23,33.1305,33.2263,30.8813,32.8981,21353200.0
2007-07-24,32.7682,32.9118,32.1324,32.2349,29663000.0
2007-07-25,32.3512,32.9801,32.064,32.7682,32592400.0
2007-07-26,32.3648,32.6246,32.064,32.4332,48754700.0
2007-07-27,32.5016,32.9596,32.3717,32.4059,36007900.0
2007-07-30,32.7477,32.9118,32.44,32.6451,31301600.0
2007-07-31,32.8229,33.0964,32.4059,32.4059,30672500.0
2007-08-01,32.3375,32.7203,32.0572,32.5699,46002200.0
2007-08-02,32.6588,32.8502,32.5152,32.6793,31964100.0
2007-08-03,32.5768,32.8844,32.1119,32.1255,37236300.0
2007-08-06,32.3306,33.0075,31.8042,32.9254,41393800.0
2007-08-07,32.8434,33.7322,32.5426,33.3083,37785900.0
2007-08-08,33.2741,34.1629,33.1989,33.9304,34146600.0
2007-08-09,33.0212,33.6365,32.7614,33.1169,36144500.0
2007-08-10,32.6451,33.7732,32.6451,33.2331,30301700.0
2007-08-13,33.698,33.7048,33.0895,33.1374,22507400.0
2007-08-14,33.2263,33.2946,32.6793,32.6793,23916900.0
2007-08-15,32.7477,33.6843,32.5836,32.9801,34530600.0
2007-08-16,32.8571,34.409,32.6588,34.3543,62146700.0
2007-08-17,35.4277,36.084,34.5389,35.373,59395800.0
2007-08-20,35.455,35.6669,34.5047,35.0722,32273700.0
2007-08-21,34.8671,35.5234,34.662,35.0858,24521500.0
2007-08-22,35.4003,35.4618,34.8192,35.3114,25583300.0
2007-08-23,35.5712,35.6054,35.0311,35.4277,33659800.0
2007-08-24,35.4687,35.5439,35.12,35.4618,17616000.0
2007-08-27,35.3935,35.3935,34.703,34.744,23039400.0
2007-08-28,34.703,34.703,33.9441,34.0056,25429300.0
2007-08-29,34.1902,34.5936,33.9099,34.5526,22211100.0
2007-08-30,34.2791,34.5868,34.1834,34.3064,17864700.0
2007-08-31,35.0858,35.0995,34.5457,34.6414,19714900.0
2007-09-04,34.6033,35.0394,34.5271,34.9218,22318600.0
2007-09-05,34.7971,34.7971,34.3402,34.5617,24677500.0
2007-09-06,34.6517,34.6656,34.264,34.4648,19403500.0
2007-09-07,34.0425,34.4233,33.7517,33.9248,30628300.0
2007-09-10,34.0702,34.2709,33.6478,33.8763,19427400.0
2007-09-11,34.084,34.4717,33.9594,34.2709,20027800.0
2007-09-12,34.1809,34.264,34.0079,34.1809,15107100.0
2007-09-13,34.3125,34.7833,34.3125,34.5202,18449800.0
2007-09-14,34.3817,34.6864,34.3402,34.6033,16526000.0
2007-09-17,34.5063,34.7971,34.1809,34.2571,16176800.0
2007-09-18,34.4094,35.5172,34.2156,35.4618,30323200.0
2007-09-19,35.621,35.9533,35.0879,35.3856,27056200.0
2007-09-20,35.3718,35.5864,34.9771,35.1225,17723000.0
2007-09-21,35.5033,35.6279,35.0671,35.4756,23536900.0
2007-09-24,35.4756,35.4825,34.9633,35.0256,18622800.0
2007-09-25,34.6864,35.0187,34.5617,34.7971,18827900.0
2007-09-26,34.8317,35.0948,34.5756,34.8871,18220300.0
2007-09-27,34.9702,35.0671,34.6864,35.0325,12276700.0
2007-09-28,35.0741,35.0741,34.6933,34.811,12388900.0
2007-10-01,34.6448,35.081,34.451,35.0671,20609600.0
2007-10-02,35.3095,35.9118,35.2748,35.7872,23893500.0
2007-10-03,35.621,36.0226,35.5933,35.9603,15849000.0
2007-10-04,36.0295,36.3411,36.0018,36.3064,15688700.0
2007-10-05,36.4172,36.6526,36.3549,36.4657,15226800.0
2007-10-08,36.4518,36.4518,36.1749,36.2926,10217200.0
2007-10-09,36.4449,36.4518,36.0503,36.438,13077000.0
2007-10-10,36.1749,36.3341,35.4272,36.1887,13421000.0
2007-10-11,36.348,36.6665,36.0849,36.2857,17886500.0
2007-10-12,36.3341,36.3964,35.9949,36.071,13836000.0
2007-10-15,36.0018,36.0503,35.2956,35.6141,19148500.0
2007-10-16,35.3095,35.4133,34.5963,34.7417,25252500.0
2007-10-17,35.1156,35.1502,34.2502,34.6379,26225300.0
2007-10-18,33.5371,33.9109,33.0663,33.7378,46280400.0
2007-10-19,33.6686,33.7863,32.914,32.9278,32955000.0
2007-10-22,32.8516,33.3363,32.5401,33.1009,24482800.0
2007-10-23,33.4401,33.4401,32.7063,33.0801,19014700.0
2007-10-24,32.9901,33.0732,32.1593,32.8793,26050900.0
2007-10-25,32.7478,33.1217,32.1593,32.5262,33372900.0
2007-10-26,33.1978,33.544,32.4085,33.2601,25618300.0
2007-10-29,33.454,33.5371,33.004,33.2047,16558300.0
2007-10-30,33.184,33.3571,32.8655,33.1978,18780800.0
2007-10-31,33.4401,33.634,32.7686,33.4124,25114000.0
2007-11-01,32.367,32.5401,31.4877,31.64,44414100.0
2007-11-02,31.8616,31.9378,30.6154,31.2454,48863600.0
2007-11-05,30.3938,31.2246,29.9577,30.7331,35386700.0
2007-11-06,30.8023,31.6124,30.8023,31.5847,28774300.0
2007-11-07,31.1554,31.2246,29.9438,29.9577,40769200.0
2007-11-08,30.013,30.7469,29.0922,30.11,46397700.0
2007-11-09,30.013,31.2177,29.4869,30.38,43020500.0
2007-11-12,30.1515,31.4185,30.1515,30.4631,30970200.0
2007-11-13,30.8092,32.1108,30.5877,32.0278,38483100.0
2007-11-14,32.4293,32.5332,31.377,31.64,30556200.0
2007-11-15,31.5985,31.7093,30.3246,30.5669,30534800.0
2007-11-16,30.6638,30.8092,30.103,30.6777,31613000.0
2007-11-19,30.5185,30.5185,29.6184,29.653,28480400.0
2007-11-20,29.6323,30.2138,28.8914,29.6115,40850400.0
2007-11-21,29.3484,29.9992,29.023,29.1061,27947800.0
2007-11-23,29.473,30.0061,29.3622,29.8815,12777100.0
2007-11-26,29.9369,29.9507,28.9607,28.9815,27875600.0
2007-11-27,29.3969,29.9923,29.0853,29.7569,30923000.0
2007-11-28,30.2554,31.1554,29.7707,31.0793,33226900.0
2007-11-29,31.0169,31.0723,30.4769,30.9062,21631300.0
2007-11-30,31.9516,32.3324,31.5708,31.9516,39026400.0
2007-12-03,32.0208,32.1039,31.37,31.4739,23725100.0
2007-12-04,31.1584,31.1725,30.7862,30.9477,23238600.0
2007-12-05,31.2638,31.8046,31.1514,31.7906,25730500.0
2007-12-06,31.7414,32.2963,31.5518,32.2823,19459500.0
2007-12-07,32.3104,32.5983,31.8398,31.8749,20761100.0
2007-12-10,31.9592,32.8582,31.8959,32.788,27559200.0
2007-12-11,32.6756,33.0128,31.2568,31.32,30042500.0
2007-12-12,31.5658,32.0575,29.859,30.5333,58417900.0
2007-12-13,30.1259,30.3015,29.5078,30.2523,35863800.0
2007-12-14,29.7958,30.3788,29.578,29.5991,28780400.0
2007-12-17,29.5078,29.6412,28.981,29.276,28265500.0
2007-12-18,29.5991,29.6412,28.6438,29.1425,28368800.0
2007-12-19,29.3041,29.9222,29.1355,29.2058,23530300.0
2007-12-20,29.4024,29.5008,28.679,29.0793,26177100.0
2007-12-21,29.3673,29.5499,28.8475,29.5008,33102000.0
2007-12-24,29.3111,29.9714,29.3111,29.6974,12103100.0
2007-12-26,29.557,29.7255,29.3252,29.6834,13734000.0
2007-12-27,29.5008,29.5218,29.0231,29.1074,18236600.0
2007-12-28,29.29,29.4235,28.686,28.8546,20377300.0
2007-12-31,28.7351,29.2198,28.5244,28.9037,21778500.0
2008-01-02,29.1706,29.1847,28.3418,28.4963,29025700.0
2008-01-03,28.5525,28.6649,28.2716,28.3067,19669500.0
2008-01-04,28.096,28.2997,27.9274,27.9906,33484800.0
2008-01-07,28.1311,28.2645,27.5762,28.0257,30218300.0
2008-01-08,28.2224,28.2435,26.8878,26.9792,39930600.0
2008-01-09,26.9581,27.2461,26.2838,27.2109,40785300.0
2008-01-10,26.9721,27.9625,26.6209,27.6043,58305900.0
2008-01-11,27.6815,27.9414,26.1012,27.0424,67194000.0
2008-01-14,27.225,27.6043,26.9792,27.5481,34206300.0
2008-01-15,27.1407,27.2531,26.5577,26.6069,40309800.0
2008-01-16,26.4664,27.6815,26.4664,27.1758,44969900.0
2008-01-17,27.3865,27.513,25.8342,25.9256,42850700.0
2008-01-18,26.1644,26.3259,24.6753,25.2653,57919600.0
2008-01-22,23.2635,27.3795,23.2635,26.2627,82338800.0
2008-01-23,25.8694,28.7984,25.7078,28.5666,84997900.0
2008-01-24,28.4191,28.6509,27.2882,28.0257,103757200.0
2008-01-25,28.1803,28.4823,27.52,27.7307,69338600.0
2008-01-28,27.8782,28.995,27.5059,28.9388,43543900.0
2008-01-29,29.2619,29.5851,28.7984,29.4586,47231800.0
2008-01-30,29.3884,30.6878,28.9599,29.6483,67299000.0
2008-01-31,29.2549,31.2568,29.0583,31.1514,71269700.0
2008-02-01,30.9898,31.6642,30.9547,31.629,55474600.0
2008-02-04,31.3972,31.4956,30.8353,30.9266,33197700.0
2008-02-05,30.2172,30.4771,29.7115,29.7607,46175100.0
2008-02-06,29.9995,30.435,29.6483,29.7326,33922400.0
2008-02-07,29.6202,30.7721,29.4165,30.463,43908400.0
2008-02-08,30.3647,30.442,29.1847,29.6131,40182300.0
2008-02-11,30.0276,30.0557,29.269,29.5991,33856000.0
2008-02-12,29.7747,30.435,29.6202,30.0767,35464400.0
2008-02-13,30.2664,30.5473,29.859,30.435,28781700.0
2008-02-14,30.4841,30.6246,29.5921,29.6693,31111100.0
2008-02-15,29.5008,29.9924,29.276,29.9924,34728600.0
2008-02-19,30.3296,30.4139,29.7466,29.9714,30144500.0
2008-02-20,29.6412,30.3507,29.4235,30.1821,30910200.0
2008-02-21,30.2242,30.5544,29.5008,29.6483,32899500.0
2008-02-22,29.7115,29.9573,28.8194,29.9222,30422400.0
2008-02-25,29.6904,30.2242,29.3041,30.161,27157400.0
2008-02-26,29.9995,30.3577,29.7326,30.0065,28283800.0
2008-02-27,29.7466,30.3788,29.6342,30.1189,26693900.0
2008-02-28,29.9152,30.0205,29.0442,29.0934,31207100.0
2008-02-29,28.8405,28.8475,27.7729,27.9133,36430500.0
2008-03-03,27.9133,28.0679,27.0915,27.52,33747300.0
2008-03-04,27.2248,27.4604,26.5249,27.239,44103200.0
2008-03-05,27.6033,27.6604,26.5748,26.8177,46262500.0
2008-03-06,26.3892,26.5891,25.9107,26.0821,44137800.0
2008-03-07,25.7392,26.832,25.6393,26.2392,40815900.0
2008-03-10,26.5177,26.5677,25.1036,25.2179,47386200.0
2008-03-11,26.3892,26.9605,25.4107,26.9391,63634300.0
2008-03-12,26.6677,27.7818,26.4106,26.4463,39569700.0
2008-03-13,25.9678,26.8177,25.3179,26.5249,51556400.0
2008-03-14,26.7605,26.7748,25.1393,25.4893,53066800.0
2008-03-17,24.5394,25.9964,24.4609,25.6821,63112800.0
2008-03-18,26.4749,27.8032,26.0678,27.8032,63366700.0
2008-03-19,27.9889,28.8959,27.4176,27.539,55654800.0
2008-03-20,27.7461,29.9887,27.539,29.8958,59988200.0
2008-03-24,29.8172,31.0385,29.603,30.3172,54695500.0
2008-03-25,29.7387,30.1743,29.0674,29.2602,47771100.0
2008-03-26,28.7317,28.8317,28.2103,28.4532,35987000.0
2008-03-27,28.5746,28.8388,27.5747,27.5961,40723700.0
2008-03-28,27.6961,27.9604,27.1248,27.189,36936500.0
2008-03-31,27.1962,28.5674,26.9819,27.0748,30700300.0
2008-04-01,27.2819,29.1959,27.0748,29.1816,47283300.0
2008-04-02,29.203,29.8958,28.5817,28.7817,37682100.0
2008-04-03,28.3532,29.0459,28.0246,28.8317,28148800.0
2008-04-04,28.7103,28.7674,28.0746,28.1461,29730300.0
2008-04-07,28.4603,28.8531,28.1103,28.2103,30044600.0
2008-04-08,28.0104,28.0675,27.3176,27.4104,37324500.0
2008-04-09,27.589,27.7104,27.0391,27.0891,29181600.0
2008-04-10,27.0748,27.3533,26.682,26.9177,35583500.0
2008-04-11,26.5106,27.0533,26.282,26.382,33602400.0
2008-04-14,25.9821,26.0963,25.3107,25.4107,41078800.0
2008-04-15,25.7821,26.0392,25.1893,25.4107,41779400.0
2008-04-16,26.0035,26.4106,25.8035,26.4106,34642300.0
2008-04-17,26.2106,26.9534,25.8892,26.7605,28181100.0
2008-04-18,27.4961,28.296,27.2248,27.539,44882200.0
2008-04-21,26.9891,27.3176,26.682,26.8605,35876300.0
2008-04-22,26.8677,26.9391,26.2106,26.4249,35042900.0
2008-04-23,26.5677,26.6605,26.0678,26.3249,28403500.0
2008-04-24,26.4249,27.2747,26.3463,27.0462,37287000.0
2008-04-25,27.3319,27.6247,26.8105,27.3533,32591800.0
2008-04-28,27.4104,27.5461,27.0391,27.2676,22775000.0
2008-04-29,27.189,27.4462,26.9177,27.0391,20989000.0
2008-04-30,27.1462,27.4533,26.7248,26.8105,29924800.0
2008-05-01,26.8962,28.2032,26.8248,28.1318,37261400.0
2008-05-02,28.6388,29.0316,28.1318,28.4174,42136500.0
2008-05-05,28.1389,28.2318,27.7104,27.8318,29486100.0
2008-05-06,27.6104,28.1675,27.2176,28.0246,32991900.0
2008-05-07,28.0532,28.1532,27.0319,27.1391,33425700.0
2008-05-08,27.289,27.3604,26.582,26.6605,33866700.0
2008-05-09,26.5677,26.7605,26.0892,26.1749,41491500.0
2008-05-12,26.2963,26.8391,26.2535,26.7391,24004700.0
2008-05-13,26.7534,26.8534,26.0678,26.1463,29406100.0
2008-05-14,26.2392,26.4249,26.0678,26.282,26746700.0
2008-05-15,26.3392,26.3463,25.7892,26.2178,39984600.0
2008-05-16,26.2892,26.2963,25.7392,25.8321,30351700.0
2008-05-19,25.8749,26.2249,25.4607,25.7821,34801400.0
2008-05-20,25.625,25.675,25.1893,25.275,31336000.0
2008-05-21,25.275,25.3893,24.6394,24.7322,39278600.0
2008-05-22,24.8179,25.2322,24.6323,24.8037,35787000.0
2008-05-23,24.6965,24.7251,24.2109,24.2323,38666100.0
2008-05-27,24.2252,24.5323,24.0752,24.4037,28818900.0
2008-05-28,24.5966,24.6251,23.7467,24.1895,42947300.0
2008-05-29,24.1252,24.8322,24.0466,24.7108,34323600.0
2008-05-30,24.8608,24.9108,24.268,24.2895,28169800.0
2008-06-02,24.168,24.2395,23.711,23.9824,36972300.0
2008-06-03,24.19,24.241,23.491,23.7895,45604900.0
2008-06-04,23.5201,23.7385,23.1633,23.2944,58216200.0
2008-06-05,23.4254,23.5784,22.9812,23.2944,48628400.0
2008-06-06,23.0177,23.0759,22.1293,22.2094,64660300.0
2008-06-09,22.4133,22.4642,21.3647,21.5613,63930200.0
2008-06-10,21.4812,22.2312,21.3501,21.5686,56352400.0
2008-06-11,21.8671,21.9764,20.9933,21.0079,61809200.0
2008-06-12,21.1535,21.8744,21.1171,21.4375,56526700.0
2008-06-13,21.6778,21.7725,21.0807,21.6851,49211600.0
2008-06-16,21.6196,22.3987,21.4448,22.0783,41485100.0
2008-06-17,22.3696,22.4934,21.2409,21.2919,41069900.0
2008-06-18,20.9715,21.0807,20.3889,20.6584,67489600.0
2008-06-19,20.6729,20.7312,19.6462,20.4909,94126000.0
2008-06-20,19.8719,20.4618,19.6244,19.7336,80415800.0
2008-06-23,19.7846,19.8501,18.8088,18.8452,64675400.0
2008-06-24,18.9107,19.5443,18.6049,19.3841,71546400.0
2008-06-25,19.5515,20.3452,19.1874,19.3768,69286600.0
2008-06-26,18.8452,18.8452,18.0078,18.0661,89169200.0
2008-06-27,18.2117,18.4593,17.6583,17.9059,76770400.0
2008-06-30,18.1316,18.2335,16.3403,17.3816,67779800.0
2008-07-01,16.9447,17.6437,16.5078,17.3379,101137600.0
2008-07-02,17.5126,17.6874,16.4131,16.4131,72111100.0
2008-07-03,16.384,16.7044,15.816,16.3112,45355800.0
2008-07-07,16.4641,16.7116,15.3645,15.6776,91702000.0
2008-07-08,15.6995,17.2359,15.3791,17.1413,97522500.0
2008-07-09,17.1777,17.4762,15.9252,16.0636,85659800.0
2008-07-10,15.7068,16.8937,15.4956,16.282,105445900.0
2008-07-11,15.5102,16.3621,15.1752,15.7796,122428900.0
2008-07-14,16.6534,16.7044,14.5999,14.6728,95169700.0
2008-07-15,14.214,14.7601,13.4276,13.4858,180208000.0
2008-07-16,14.163,16.6898,13.8645,16.5078,177382400.0
2008-07-17,17.4398,19.2967,17.3306,19.2967,177281600.0
2008-07-18,19.9957,20.3817,18.6413,20.0176,143794400.0
2008-07-21,22.071,22.5006,20.5346,20.7967,147631400.0
2008-07-22,20.2797,24.3502,19.8064,23.5565,133626200.0
2008-07-23,23.3599,24.9473,23.1196,24.3502,150266300.0
2008-07-24,24.4886,24.758,22.1948,22.3113,112882400.0
2008-07-25,22.3259,22.639,21.1244,21.5395,81811200.0
2008-07-28,21.3647,22.2749,20.3452,20.4326,68997900.0
2008-07-29,20.5054,23.4618,20.2433,23.4618,98457900.0
2008-07-30,24.3211,25.1221,23.2944,24.474,111281000.0
2008-07-31,23.775,24.6415,23.389,23.957,62335400.0
2008-08-01,24.1463,24.3939,23.2507,24.2701,54036900.0
2008-08-04,23.7385,24.4667,23.0832,23.7531,57424600.0
2008-08-05,24.2337,24.9036,24.0662,24.4522,69260000.0
2008-08-06,24.0007,24.7434,23.4618,24.3575,53766400.0
2008-08-07,23.8551,24.423,22.6827,22.9521,70960300.0
2008-08-08,22.5516,23.8478,22.406,23.4837,56452100.0
2008-08-11,23.4327,24.7434,23.3162,24.3065,59644600.0
2008-08-12,24.0007,24.0298,22.457,22.6681,54187900.0
2008-08-13,22.1293,22.3186,20.753,21.0152,90524600.0
2008-08-14,21.0734,22.2021,20.8477,21.9764,62014500.0
2008-08-15,22.2094,22.9376,22.0346,22.355,52940800.0
2008-08-18,22.3623,22.4351,21.3356,21.3356,54855900.0
2008-08-19,21.088,21.1171,20.2069,20.4472,62138600.0
2008-08-20,20.6074,21.4084,20.185,21.3283,60528500.0
2008-08-21,20.8623,21.372,20.3744,21.1462,47345900.0
2008-08-22,21.8089,22.1584,21.321,21.9982,50611700.0
2008-08-25,21.7943,21.8817,21.0079,21.088,37723500.0
2008-08-26,21.1535,21.4739,20.7166,21.1317,39357200.0
2008-08-27,21.2336,21.7288,20.9642,21.5904,37162800.0
2008-08-28,21.9836,22.8866,21.6997,22.8866,55477800.0
2008-08-29,22.5662,22.923,22.3696,22.6754,35093700.0
2008-09-02,23.8347,24.1392,23.337,23.7604,65711000.0
2008-09-03,23.9238,24.5031,23.4336,24.4809,68176500.0
2008-09-04,24.1986,24.362,22.6537,22.728,64994400.0
2008-09-05,22.3566,23.9832,22.1486,23.9387,78692100.0
2008-09-08,26.1817,26.516,24.8448,25.7955,151360900.0
2008-09-09,25.4761,26.0703,23.9906,24.154,96785100.0
2008-09-10,24.4957,24.778,23.1736,24.0649,82491300.0
2008-09-11,22.9879,24.6814,22.5571,24.5551,84423700.0
2008-09-12,23.9758,25.5504,23.8421,25.0602,75090700.0
2008-09-15,20.9528,22.364,19.7199,19.7199,248795600.0
2008-09-16,18.628,22.0595,18.5686,21.9481,164192500.0
2008-09-17,21.2573,21.8367,19.6976,20.2026,156991700.0
2008-09-18,20.886,23.8421,19.9501,22.7131,203996100.0
2008-09-19,28.566,29.3384,25.5578,27.8381,140750800.0
2008-09-22,26.7165,26.7314,25.3647,25.3647,59023800.0
2008-09-23,25.5504,26.3303,23.7678,24.7334,52432400.0
2008-09-24,24.8597,25.6841,24.5106,24.5626,42090200.0
2008-09-25,25.2533,26.3674,24.8968,25.5281,56740900.0
2008-09-26,25.0751,27.8529,24.726,27.2587,64944800.0
2008-09-29,26.7388,27.2587,22.468,22.468,87173800.0
2008-09-30,23.9089,26.3154,23.6564,25.9961,68193800.0
2008-10-01,25.6915,28.5957,25.4167,28.3208,73169400.0
2008-10-02,28.1054,28.5511,26.9691,27.0136,56376400.0
2008-10-03,28.0757,28.5957,25.2682,25.6098,65018100.0
2008-10-06,23.5821,24.8745,22.8617,23.9312,73738300.0
2008-10-07,22.0224,22.468,17.655,17.655,128941800.0
2008-10-08,15.1,17.603,14.8623,16.4147,265013200.0
2008-10-09,17.3431,17.8259,14.4909,14.5801,182640700.0
2008-10-10,14.4092,16.4518,14.1047,15.5011,194663100.0
2008-10-13,17.6773,18.0561,16.0804,16.9271,155077400.0
2008-10-14,19.6307,20.2101,18.8211,19.705,197875300.0
2008-10-15,18.8657,19.3708,17.5288,17.6922,105964100.0
2008-10-16,18.1304,18.5835,16.4221,18.0116,121260000.0
2008-10-17,17.4842,18.4052,17.202,17.2614,103672900.0
2008-10-20,17.759,18.1601,17.0905,18.123,75726100.0
2008-10-21,17.7887,18.5092,17.6699,17.8036,71905700.0
2008-10-22,17.4099,18.1155,16.0878,16.8306,90963200.0
2008-10-23,16.8306,17.2317,16.0136,17.0831,92595100.0
2008-10-24,15.2263,16.5409,15.2188,15.6496,101225700.0
2008-10-27,15.5011,16.1918,15.2188,15.2485,67291500.0
2008-10-28,15.8576,17.2391,14.8697,17.098,96221000.0
2008-10-29,17.0831,17.6847,16.4147,16.5781,103866200.0
2008-10-30,17.3059,17.4396,16.4666,16.9197,73822400.0
2008-10-31,16.6672,17.9521,16.6003,17.9521,103738100.0
2008-11-03,17.8036,17.8704,17.1574,17.5362,54792000.0
2008-11-04,17.8481,18.2864,17.4322,18.2195,83901100.0
2008-11-05,17.915,18.0858,16.0136,16.1547,80552900.0
2008-11-06,16.0581,16.5706,14.8252,14.944,107141300.0
2008-11-07,15.1891,15.4045,14.8178,15.2188,75934600.0
2008-11-10,15.6348,15.7016,14.1493,14.4687,74697100.0
2008-11-11,14.2236,14.3572,13.5551,13.8819,99779700.0
2008-11-12,13.6591,13.9933,12.6267,12.6267,94187400.0
2008-11-13,12.7529,12.9238,11.052,12.7009,184990600.0
2008-11-14,12.545,13.3991,12.0325,12.1959,119448000.0
2008-11-17,12.0325,12.0919,11.1263,11.1634,122378000.0
2008-11-18,11.2897,11.6759,10.7995,11.2823,140365900.0
2008-11-19,11.0,11.1263,9.6037,9.7002,162703100.0
2008-11-20,9.5517,9.8339,8.1702,8.3559,183629300.0
2008-11-21,8.9724,9.0318,7.4349,8.5193,216483300.0
2008-11-24,9.3512,11.0298,9.2323,10.8366,182374400.0
2008-11-25,11.3194,11.5125,10.3316,10.9926,133232200.0
2008-11-26,10.6287,11.4828,10.2127,11.4605,111482600.0
2008-11-28,11.4977,12.1736,11.4457,12.0696,51232000.0
2008-12-01,11.5794,11.5868,9.4848,9.5443,111882800.0
2008-12-02,9.9288,10.9163,9.5641,10.6732,115261200.0
2008-12-03,10.3998,11.5317,10.1719,11.4329,121714000.0
2008-12-04,11.1974,11.6684,10.5821,10.8935,100312500.0
2008-12-05,10.5821,11.7444,10.4453,11.5772,129158200.0
2008-12-08,12.2989,13.6739,12.1926,13.5524,152714800.0
2008-12-09,13.2181,13.6283,12.8383,12.8763,106706600.0
2008-12-10,13.1193,13.1877,12.1926,12.6787,84935000.0
2008-12-11,12.4205,12.4357,11.2658,11.3265,99281800.0
2008-12-12,10.7188,11.4633,10.5593,11.3417,111891600.0
2008-12-15,11.4405,11.4709,10.5593,10.7188,76957300.0
2008-12-16,10.7644,11.5468,10.263,11.4709,169035200.0
2008-12-17,11.2658,11.6912,11.0151,11.1062,88264600.0
2008-12-18,11.281,11.4785,10.5669,10.6049,92051300.0
2008-12-19,10.6884,10.9163,10.3314,10.4833,96110300.0
2008-12-22,10.5593,10.6429,10.0351,10.2782,66299400.0
2008-12-23,10.2022,10.3162,9.6629,9.6857,64421700.0
2008-12-24,9.5186,10.301,9.4958,10.2782,36533700.0
2008-12-26,10.377,10.4833,10.0959,10.1491,38897900.0
2008-12-29,10.3162,10.4301,9.6325,9.83,60207500.0
2008-12-30,9.9288,10.0579,9.6173,10.0579,65870700.0
2008-12-31,9.944,10.7264,9.8756,10.696,82747100.0
2009-01-02,10.6049,11.0683,10.415,10.8859,80300300.0
2009-01-05,10.9163,11.0531,10.5517,10.6201,86081600.0
2009-01-06,10.8404,11.2506,10.6884,10.848,105970300.0
2009-01-07,10.696,10.734,10.339,10.415,102339900.0
2009-01-08,10.4985,10.6277,10.1415,10.2858,87945900.0
2009-01-09,10.3922,10.4681,9.8376,9.868,68743700.0
2009-01-12,9.7692,9.7996,8.5994,8.6829,110140700.0
2009-01-13,8.493,8.5462,7.9461,8.0904,229714100.0
2009-01-14,7.6802,7.9612,7.665,7.7485,151147700.0
2009-01-15,7.3687,7.3839,5.5835,6.3204,532954000.0
2009-01-16,6.8369,7.08,5.3176,5.4544,463278400.0
2009-01-20,4.915,4.9378,3.8363,3.8743,381163800.0
2009-01-21,4.2161,5.2265,4.0718,5.0745,411906300.0
2009-01-22,4.839,4.8618,4.1781,4.3377,346920900.0
2009-01-23,4.0794,4.7707,4.0262,4.7403,286266800.0
2009-01-26,4.9074,5.3024,4.558,4.558,257680600.0
2009-01-27,4.7859,5.0214,4.7099,4.9378,177004000.0
2009-01-28,5.8038,5.933,5.3936,5.6139,327568800.0
2009-01-29,5.2872,5.4696,5.0973,5.1505,162139200.0
2009-01-30,5.2265,5.2569,4.8238,4.9986,207304900.0
2009-02-02,4.7099,5.0593,4.4212,4.558,279977400.0
2009-02-03,4.6795,4.6795,3.9426,4.0262,340750100.0
2009-02-04,4.1629,4.2085,3.5096,3.5704,596246400.0
2009-02-05,3.4641,3.7679,2.8639,3.6768,729450800.0
2009-02-06,4.1022,4.9302,4.0718,4.6567,690036500.0
2009-02-09,4.991,5.3556,4.7935,5.2341,438822200.0
2009-02-10,5.2037,5.2189,4.1629,4.2237,575171500.0
2009-02-11,4.406,4.6643,4.3377,4.6111,382318200.0
2009-02-12,4.3453,4.4972,4.0642,4.4592,349988400.0
2009-02-13,4.3149,4.4592,4.2161,4.2313,229836400.0
2009-02-17,3.8591,3.9502,3.6995,3.7223,259402500.0
2009-02-18,3.9123,3.9578,3.4261,3.4717,311808200.0
2009-02-19,3.0842,3.5552,2.9323,2.9855,388537500.0
2009-02-20,2.7424,3.107,1.9219,2.8791,814082700.0
2009-02-23,3.2589,3.4033,2.9019,2.9703,484596500.0
2009-02-24,3.0538,3.6616,2.9323,3.5932,494486000.0
2009-02-25,3.654,4.1781,3.1906,3.9199,577992200.0
2009-02-26,4.2617,4.4744,3.8819,4.0414,429709900.0
2009-02-27,3.2817,3.7147,3.0007,3.0007,433399100.0
2009-03-02,2.75,2.9779,2.4841,2.7576,401835600.0
2009-03-03,2.9937,3.1003,2.7118,2.7728,330530700.0
2009-03-04,2.5747,3.0698,2.5747,2.7347,245274400.0
2009-03-05,2.5899,2.6737,2.3767,2.4147,259228700.0
2009-03-06,2.4985,2.6966,2.2852,2.3919,265077000.0
2009-03-09,2.4528,2.8718,2.4376,2.8566,286422000.0
2009-03-10,3.3212,3.6564,3.1993,3.6488,382048300.0
2009-03-11,4.0373,4.1896,3.4355,3.7554,427928600.0
2009-03-12,3.7478,4.5629,3.6869,4.4562,516455900.0
2009-03-13,4.7609,4.9133,4.3039,4.3877,540334000.0
2009-03-16,4.7381,5.2941,4.5933,4.7076,509855500.0
2009-03-17,4.6238,4.8447,4.4181,4.7762,408068300.0
2009-03-18,4.8447,5.8426,4.7381,5.8426,631683200.0
2009-03-19,6.4215,6.5282,5.1951,5.2789,589660200.0
2009-03-20,5.3018,5.3246,4.5553,4.7152,539373700.0
2009-03-23,5.5988,6.0102,5.2561,5.9416,524011100.0
2009-03-24,5.576,6.0864,5.3856,5.4465,498417100.0
2009-03-25,5.9188,6.0864,5.3018,5.8655,592417600.0
2009-03-26,6.0026,6.0635,5.4389,5.774,454139200.0
2009-03-27,5.477,5.8959,5.4313,5.5912,367184000.0
2009-03-30,5.1037,5.1418,4.5857,4.5933,455389700.0
2009-03-31,4.8371,5.2484,4.7609,5.1951,393344500.0
2009-04-01,4.9133,5.4998,4.9057,5.3703,401470100.0
2009-04-02,5.9873,5.995,5.3856,5.5151,469716200.0
2009-04-03,5.4008,5.7969,5.0656,5.7893,326651800.0
2009-04-06,5.5151,5.8198,5.4389,5.6979,276090500.0
2009-04-07,5.5074,5.774,5.4922,5.6065,249165400.0
2009-04-08,5.7055,5.7512,5.2637,5.3779,296772400.0
2009-04-09,6.2082,7.5032,6.094,7.2747,941542500.0
2009-04-13,7.1604,8.4706,6.9776,8.3945,648267600.0
2009-04-14,8.5163,8.821,7.6632,7.686,624760000.0
2009-04-15,7.3737,8.0136,7.0614,7.9526,532088800.0
2009-04-16,8.3031,8.3031,7.8155,7.8765,358335400.0
2009-04-17,8.1355,8.5544,7.846,8.0745,450962800.0
2009-04-20,7.427,7.4651,6.1092,6.1092,742148000.0
2009-04-21,5.4922,6.8024,5.3322,6.6729,815171900.0
2009-04-22,6.4292,7.0386,6.193,6.292,585061200.0
2009-04-23,6.5434,6.7948,6.2692,6.7186,540529200.0
2009-04-24,6.9014,7.2138,6.6272,6.9319,562335500.0
2009-04-27,6.5891,7.0766,6.5891,6.7948,312736500.0
2009-04-28,6.1245,6.612,6.094,6.2082,440664700.0
2009-04-29,6.452,6.7339,6.3682,6.612,423938600.0
2009-04-30,6.9471,7.0538,6.7034,6.8024,320927400.0
2009-05-01,6.6881,6.871,6.5129,6.6272,262857400.0
2009-05-04,6.7719,7.9603,6.7186,7.9069,545033400.0
2009-05-05,7.8155,8.4706,7.6937,8.2573,529613600.0
2009-05-06,9.1105,9.7885,8.7677,9.6666,824412100.0
2009-05-07,11.2282,11.4795,9.7351,10.2912,859570600.0
2009-05-08,10.8397,11.1368,10.3217,10.794,615636300.0
2009-05-11,10.3522,10.6264,9.857,9.857,385426400.0
2009-05-12,10.0779,10.116,9.2324,9.339,390651600.0
2009-05-13,9.08,9.1029,8.3868,8.3868,362798400.0
2009-05-14,8.2421,8.8134,8.0821,8.6154,418346600.0
2009-05-15,8.6306,8.8591,8.0593,8.1279,303567300.0
2009-05-18,8.7982,9.2172,8.7753,8.9353,503849400.0
2009-05-19,9.1105,9.3238,8.5697,8.5697,428158100.0
2009-05-20,9.0572,9.3238,8.5392,8.7525,893722600.0
2009-05-21,8.722,9.1181,8.5316,8.6915,540927200.0
2009-05-22,8.8363,8.8744,8.1888,8.4326,451893500.0
2009-05-26,8.3031,8.5849,8.2345,8.364,464044400.0
2009-05-27,8.623,8.7906,8.3107,8.3107,495300200.0
2009-05-28,8.3107,8.6078,8.0517,8.6078,421602000.0
2009-05-29,8.7601,8.7601,8.3564,8.5849,334072800.0
2009-06-01,8.6915,8.9505,8.5392,8.5392,321421600.0
2009-06-02,8.5238,8.8364,8.4552,8.6915,285046900.0
2009-06-03,8.6687,8.7983,8.4933,8.5467,223850100.0
2009-06-04,8.6687,9.0499,8.5391,9.0499,294909900.0
2009-06-05,9.3244,9.4006,9.0423,9.0423,337572800.0
2009-06-08,8.966,9.2862,8.8898,9.1947,236352400.0
2009-06-09,9.2557,9.2634,9.0956,9.1947,186485700.0
2009-06-10,9.2405,9.4158,9.0956,9.1337,312876100.0
2009-06-11,9.3015,10.0791,9.2939,9.8885,503695400.0
2009-06-12,10.1478,10.6205,10.0868,10.4604,424808100.0
2009-06-15,10.3841,10.4375,10.0334,10.163,319915500.0
2009-06-16,10.2164,10.2164,9.6979,9.7056,347535600.0
2009-06-17,9.5759,9.7284,9.1642,9.3777,419340900.0
2009-06-18,9.4616,9.8733,9.4082,9.8352,310766800.0
2009-06-19,9.9877,10.1783,9.7818,10.0791,365646200.0
2009-06-22,9.8199,9.9495,9.1032,9.1032,397193700.0
2009-06-23,9.2329,9.4845,9.0956,9.3244,339290500.0
2009-06-24,9.4921,9.6598,9.2862,9.4158,318054900.0
2009-06-25,9.2176,9.4235,9.1566,9.4158,307999000.0
2009-06-26,9.4082,9.7437,9.3548,9.7208,278313300.0
2009-06-29,9.7513,10.0563,9.5455,10.0563,287206800.0
2009-06-30,10.1096,10.2774,9.8657,10.0639,284623500.0
2009-07-01,10.1249,10.2545,9.9419,9.9495,227739700.0
2009-07-02,9.7513,9.8733,9.6293,9.6369,196051900.0
2009-07-06,9.5073,9.5988,9.027,9.2634,351175200.0
2009-07-07,9.2557,9.4311,9.1109,9.2634,256933000.0
2009-07-08,9.2939,9.3701,8.5924,9.027,465258100.0
2009-07-09,9.2252,9.3396,9.027,9.1261,256248500.0
2009-07-10,9.0499,9.1185,8.8288,9.0575,201852700.0
2009-07-13,9.4311,9.9038,9.3548,9.9038,357025400.0
2009-07-14,10.0868,10.0868,9.7513,9.8428,250314400.0
2009-07-15,10.0868,10.3841,9.9877,10.2316,343068000.0
2009-07-16,10.0639,10.2392,9.9267,10.041,284606400.0
2009-07-17,10.0944,10.2697,9.7284,9.8275,411798100.0
2009-07-20,9.7818,9.8047,9.2405,9.332,358876400.0
2009-07-21,9.3625,9.454,9.0956,9.2939,245783300.0
2009-07-22,9.1185,9.515,9.0956,9.3244,233120900.0
2009-07-23,9.4158,9.8199,9.3015,9.6751,266923400.0
2009-07-24,9.6293,9.7437,9.3548,9.5378,181341900.0
2009-07-27,9.5759,10.0105,9.5759,9.98,231639100.0
2009-07-28,9.8733,10.2392,9.8428,10.1706,229293100.0
2009-07-29,10.0868,10.4832,10.0868,10.3079,245877300.0
2009-07-30,10.5747,10.7806,10.5137,10.651,271328300.0
2009-07-31,10.7501,11.2761,10.6891,11.2761,301308900.0
2009-08-03,11.6268,11.9089,11.299,11.6802,445977200.0
2009-08-04,11.5811,12.1834,11.4744,11.9242,348009300.0
2009-08-05,12.2215,12.8238,12.0767,12.7019,456889800.0
2009-08-06,13.1441,13.2279,12.496,12.7324,441511900.0
2009-08-07,12.9535,13.0678,12.3969,12.5189,357336700.0
2009-08-10,12.4426,12.8772,12.3206,12.7171,225405700.0
2009-08-11,12.7324,12.8467,12.0462,12.0843,306670600.0
2009-08-12,11.8403,12.3283,11.7412,12.1453,285875300.0
2009-08-13,12.7019,12.9611,12.374,12.9611,308925900.0
2009-08-14,12.9382,13.3194,12.6332,13.2584,286632000.0
2009-08-17,12.6027,12.8696,12.5036,12.6256,275830500.0
2009-08-18,12.7933,13.0221,12.7552,12.8848,186635000.0
2009-08-19,12.6561,12.9839,12.6027,12.7705,189516100.0
2009-08-20,12.8696,13.1136,12.862,13.0678,169626800.0
2009-08-21,13.3042,13.4185,13.1974,13.3118,216066700.0
2009-08-24,13.5786,13.876,13.2127,13.2279,305311400.0
2009-08-25,13.3804,13.7235,13.3804,13.5329,225873300.0
2009-08-26,13.5405,13.6777,13.3728,13.5634,195597200.0
2009-08-27,13.5253,13.7082,13.4109,13.6625,168508400.0
2009-08-28,13.8074,13.9141,13.5558,13.7082,179508400.0
2009-08-31,13.3957,13.6473,13.3042,13.4109,142438300.0
2009-09-01,13.4953,13.6174,12.5112,12.5494,310497800.0
2009-09-02,12.3205,12.763,12.2213,12.4121,217021700.0
2009-09-03,12.6638,12.8927,12.5951,12.8469,165270800.0
2009-09-04,13.0224,13.1597,12.9079,13.0376,161474900.0
2009-09-08,13.3275,13.358,12.9537,12.9842,155805500.0
2009-09-09,12.9766,13.1215,12.9003,12.9995,149093300.0
2009-09-10,12.9384,13.152,12.7401,13.1368,163128500.0
2009-09-11,13.152,13.1902,12.9308,12.9461,132276400.0
2009-09-14,12.7248,13.0376,12.5951,12.9613,152355500.0
2009-09-15,12.9613,13.0986,12.7859,12.8087,147567800.0
2009-09-16,12.885,13.1978,12.8393,13.1597,173606200.0
2009-09-17,13.2054,13.5411,13.1215,13.4343,201553200.0
2009-09-18,13.5259,13.5564,13.358,13.4496,138885200.0
2009-09-21,13.2665,13.3046,13.1063,13.1597,120172200.0
2009-09-22,13.4877,13.7929,13.3809,13.4343,144589700.0
2009-09-23,13.5487,13.7776,13.3428,13.3504,189294300.0
2009-09-24,13.3885,13.503,12.824,12.9537,208957700.0
2009-09-25,12.9308,13.03,12.5875,12.6638,152555200.0
2009-09-28,12.7477,13.1368,12.7019,13.1368,117772100.0
2009-09-29,13.2512,13.3733,13.0224,13.091,117776500.0
2009-09-30,13.1673,13.2054,12.7859,12.9079,168790500.0
2009-10-01,12.9384,13.091,12.3434,12.3663,227926300.0
2009-10-02,12.1298,12.5799,11.9162,12.4655,207309300.0
2009-10-05,12.7172,12.9461,12.6257,12.9384,144764800.0
2009-10-06,13.1292,13.2512,12.7477,12.969,179719200.0
2009-10-07,13.03,13.236,12.9995,13.236,143601300.0
2009-10-08,13.4038,13.4191,13.1444,13.2207,127163100.0
2009-10-09,13.2283,13.3885,13.1444,13.3504,81079900.0
2009-10-12,13.4648,13.7547,13.358,13.7547,133638200.0
2009-10-13,13.6861,13.7318,13.3351,13.5869,135685800.0
2009-10-14,14.0141,14.2201,13.8539,14.1819,211992700.0
2009-10-15,13.9836,14.571,13.6403,13.8081,195128800.0
2009-10-16,13.091,13.3428,13.0147,13.1673,285289400.0
2009-10-19,13.1749,13.3733,13.0758,13.091,145625000.0
2009-10-20,13.1368,13.3275,12.9766,12.9766,158470700.0
2009-10-21,12.9613,13.0986,12.557,12.5951,201907300.0
2009-10-22,12.618,12.7172,12.2442,12.6028,223614000.0
2009-10-23,12.6943,12.7096,12.2595,12.3739,172311800.0
2009-10-26,12.3281,12.3587,11.4966,11.7483,359502700.0
2009-10-27,11.7712,11.8552,11.4585,11.7865,259430600.0
2009-10-28,11.7636,11.7865,11.4432,11.4508,201346500.0
2009-10-29,11.611,12.0382,11.5042,12.0001,185873100.0
2009-10-30,11.9772,12.0001,11.0618,11.1228,280828300.0
2009-11-02,11.3288,11.6187,10.7719,11.1609,293104600.0
2009-11-03,10.871,11.3898,10.8405,11.2906,180098400.0
2009-11-04,11.5805,11.6339,11.2143,11.2143,189206500.0
2009-11-05,11.3745,11.5653,11.2296,11.5424,141980800.0
2009-11-06,11.4051,11.6263,11.3211,11.4813,129762000.0
2009-11-09,11.6721,12.0688,11.55,12.0306,158503500.0
2009-11-10,12.0916,12.3587,12.0001,12.229,188842900.0
2009-11-11,12.3739,12.6791,12.3587,12.5341,178091800.0
2009-11-12,12.4807,12.6409,12.1984,12.2518,147160200.0
2009-11-13,12.2671,12.351,12.0916,12.1908,119833400.0
2009-11-16,12.3205,12.4044,12.023,12.1069,144733400.0
2009-11-17,12.0688,12.0688,11.8933,12.0306,105472700.0
2009-11-18,12.1145,12.496,12.1069,12.4731,172365000.0
2009-11-19,12.3892,12.5646,12.229,12.2671,150142800.0
2009-11-20,12.229,12.351,12.1832,12.2747,120249600.0
2009-11-23,12.4121,12.5646,12.3358,12.4273,131894500.0
2009-11-24,12.3663,12.4426,12.1984,12.2824,110385500.0
2009-11-25,12.3663,12.4121,12.1298,12.1679,91940800.0
2009-11-27,11.6949,12.023,11.5958,11.8017,88038400.0
2009-11-30,11.8933,12.1222,11.8552,12.0916,111516100.0
2009-12-01,12.229,12.2748,11.9542,12.1298,135314500.0
2009-12-02,12.0764,12.084,11.8626,11.9466,107530400.0
2009-12-03,12.4046,12.7786,11.9695,12.0306,590531100.0
2009-12-04,12.0229,12.5191,11.9237,12.4275,865980300.0
2009-12-07,12.4046,12.4351,12.084,12.1298,264969900.0
2009-12-08,12.0,12.1069,11.7328,11.7634,294360100.0
2009-12-09,11.7939,11.8855,11.6412,11.7481,189813800.0
2009-12-10,11.9008,11.9466,11.5191,11.6107,227706000.0
2009-12-11,11.6947,11.9847,11.6107,11.9313,171452400.0
2009-12-14,11.9618,12.0076,11.7786,11.9313,120145900.0
2009-12-15,11.7939,11.8397,11.5649,11.5954,177706000.0
2009-12-16,11.7023,11.7863,11.626,11.6641,147550100.0
2009-12-17,11.6565,11.7252,11.3206,11.3435,250068000.0
2009-12-18,11.4657,11.6412,11.3588,11.4733,171144600.0
2009-12-21,11.6107,11.7863,11.6031,11.6641,143925500.0
2009-12-22,11.7252,11.7863,11.6947,11.7023,94255700.0
2009-12-23,11.8015,11.8092,11.5649,11.5954,97639400.0
2009-12-24,11.626,11.6641,11.6031,11.6412,33748300.0
2009-12-28,11.687,11.7634,11.5649,11.6718,98640700.0
2009-12-29,11.687,11.7023,11.5267,11.542,77238900.0
2009-12-30,11.4809,11.5267,11.4275,11.5038,82523100.0
2009-12-31,11.5115,11.6336,11.458,11.4962,85375800.0
2010-01-04,11.6336,12.0229,11.542,11.9771,169720500.0
2010-01-05,12.0076,12.3664,11.9847,12.3664,198936800.0
2010-01-06,12.3741,12.626,12.2367,12.5115,197275900.0
2010-01-07,12.7328,13.1145,12.6031,12.9237,300505200.0
2010-01-08,12.9618,13.0535,12.6947,12.8092,203516200.0
2010-01-11,12.9695,13.084,12.7634,12.9237,161361400.0
2010-01-12,12.771,12.7863,12.3435,12.4886,213823800.0
2010-01-13,12.542,12.8092,12.3283,12.687,183206100.0
2010-01-14,12.6947,12.916,12.6718,12.8397,134160800.0
2010-01-15,12.7099,12.7099,12.3893,12.4122,180955400.0
2010-01-19,12.2519,12.5725,12.0916,12.458,167100100.0
2010-01-20,12.3817,12.6947,12.3512,12.5878,266000900.0
2010-01-21,12.5649,12.7176,11.6031,11.8092,533773800.0
2010-01-22,11.6489,11.8473,11.229,11.3741,352025700.0
2010-01-25,11.5725,11.6565,11.2748,11.4351,248018400.0
2010-01-26,11.4046,11.5802,11.2367,11.2748,203602500.0
2010-01-27,11.229,11.6718,11.2061,11.5954,244345700.0
2010-01-28,11.7557,11.9008,11.458,11.7328,214072200.0
2010-01-29,11.8244,11.8702,11.5191,11.5878,158600000.0
2010-02-01,11.6412,11.7863,11.5496,11.771,147232500.0
2010-02-02,11.7939,11.9695,11.687,11.9084,162284900.0
2010-02-03,11.8855,12.0611,11.8473,11.855,122698500.0
2010-02-04,11.7099,11.7786,11.2443,11.2596,237342200.0
2010-02-05,11.3283,11.4962,10.9237,11.4504,280661100.0
2010-02-08,11.4046,11.4199,11.0305,11.0534,197058900.0
2010-02-09,11.1985,11.2825,10.8779,11.0458,241974700.0
2010-02-10,11.0764,11.3817,11.0382,11.1985,168628100.0
2010-02-11,11.1985,11.2672,11.0993,11.168,133228500.0
2010-02-12,11.0458,11.0993,10.9008,11.0305,146419500.0
2010-02-16,11.1909,11.687,11.1603,11.5725,190760000.0
2010-02-17,11.7176,12.1222,11.6412,11.9542,225853200.0
2010-02-18,11.8473,12.2138,11.8321,12.1222,202870100.0
2010-02-19,12.0076,12.2443,11.9924,12.1222,185167400.0
2010-02-22,12.1832,12.5191,12.1832,12.3741,164149700.0
2010-02-23,12.3054,12.5038,12.0535,12.168,202726700.0
2010-02-24,12.1985,12.4886,12.1832,12.4657,184879000.0
2010-02-25,12.2519,12.6489,12.1756,12.6336,221522300.0
2010-02-26,12.6489,12.855,12.5267,12.7176,255758100.0
2010-03-01,12.7786,12.8702,12.6489,12.7557,154828500.0
2010-03-02,12.7482,12.8246,12.5114,12.5649,174024900.0
2010-03-03,12.5725,12.6948,12.4732,12.5038,144030200.0
2010-03-04,12.5649,12.6031,12.2441,12.5267,132344000.0
2010-03-05,12.626,12.794,12.5649,12.7559,159833100.0
2010-03-08,12.794,12.9163,12.7482,12.7711,123077900.0
2010-03-09,12.7024,12.9774,12.6336,12.8322,160479200.0
2010-03-10,12.9926,13.2523,12.9774,13.069,211737900.0
2010-03-11,13.1225,13.1989,13.0308,13.0767,137862400.0
2010-03-12,13.1836,13.2142,12.7406,12.8704,165124200.0
2010-03-15,12.7864,12.9163,12.6718,12.8704,114489800.0
2010-03-16,12.9621,13.0385,12.9086,13.0079,96273000.0
2010-03-17,13.1149,13.2142,13.0003,13.1912,129515500.0
2010-03-18,13.2065,13.2294,12.9697,13.0461,115142100.0
2010-03-19,13.1072,13.1607,12.7864,12.8475,150712000.0
2010-03-22,12.6948,12.9621,12.6795,12.9621,105526400.0
2010-03-23,13.0461,13.153,12.9392,13.0843,122100000.0
2010-03-24,13.0767,13.5426,13.0614,13.4204,263642600.0
2010-03-25,13.6266,14.0162,13.5197,13.5502,295091700.0
2010-03-26,13.7336,13.9245,13.5579,13.6724,212914800.0
2010-03-29,13.8787,13.9016,13.5731,13.7794,147625800.0
2010-03-30,13.7947,13.8405,13.4968,13.5655,136044300.0
2010-03-31,13.512,13.7336,13.4968,13.6343,101148800.0
2010-04-01,13.7641,13.8252,13.6648,13.7794,89452800.0
2010-04-05,13.871,13.9398,13.7641,13.8481,101006000.0
2010-04-06,13.871,14.1613,13.8252,14.1231,151893800.0
2010-04-07,14.1918,14.4057,14.1537,14.2224,224866700.0
2010-04-08,14.2071,14.3904,13.9856,14.2453,156412000.0
2010-04-09,14.3752,14.3981,14.1307,14.1995,129249800.0
2010-04-12,14.2682,14.3752,14.2071,14.253,123265600.0
2010-04-13,14.2148,14.2988,14.1231,14.2606,108758100.0
2010-04-14,14.4974,14.8335,14.4515,14.8182,233465600.0
2010-04-15,14.9939,15.1695,14.7876,14.8793,229368400.0
2010-04-16,14.8717,14.8793,13.787,14.062,541240300.0
2010-04-19,13.8328,14.2453,13.6495,14.0467,344018800.0
2010-04-20,14.3522,14.3828,14.0849,14.2148,186344200.0
2010-04-21,14.2606,14.4439,13.8328,13.9627,195099600.0
2010-04-22,13.7794,14.2071,13.7106,14.1613,210666800.0
2010-04-23,14.0544,14.1537,13.9627,14.0773,136932700.0
2010-04-26,14.062,14.0849,13.7641,13.787,147678900.0
2010-04-27,13.6801,13.8863,13.2982,13.344,246550100.0
2010-04-28,13.4815,13.7183,13.3746,13.5808,187159100.0
2010-04-29,13.7717,14.0544,13.7412,13.978,167659200.0
2010-04-30,13.9627,13.978,13.4509,13.619,210681800.0
2010-05-03,13.6572,13.8634,13.5808,13.7947,138826900.0
2010-05-04,13.5731,13.6801,13.3516,13.4127,174209500.0
2010-05-05,13.1378,13.6266,12.901,13.3898,186934500.0
2010-05-06,13.3516,13.4509,11.8393,12.4351,444264000.0
2010-05-07,12.5878,12.8246,12.183,12.3587,372585500.0
2010-05-10,13.1607,13.2829,12.9926,13.2142,244484700.0
2010-05-11,13.0461,13.3593,12.9621,13.1072,180320200.0
2010-05-12,13.1912,13.2371,12.9774,13.0385,171152200.0
2010-05-13,13.0079,13.1225,12.8781,12.8857,128472000.0
2010-05-14,12.7635,12.7711,12.3128,12.4809,201530300.0
2010-05-17,12.5191,12.5649,12.1066,12.4885,169635100.0
2010-05-18,12.7635,12.794,11.9691,12.1754,207146300.0
2010-05-19,12.0761,12.5725,12.0684,12.458,241829900.0
2010-05-20,12.1906,12.2594,11.6712,11.6712,286965500.0
2010-05-21,11.4268,12.2212,11.4192,12.2135,250482800.0
2010-05-24,12.2059,12.2823,11.7552,11.7629,158344700.0
2010-05-25,11.3886,11.8698,11.3046,11.8316,244055400.0
2010-05-26,12.1524,12.2976,11.7476,11.8164,214672600.0
2010-05-27,12.0684,12.3739,11.908,12.3587,150069000.0
2010-05-28,12.351,12.3587,11.9997,12.0226,149374300.0
2010-06-01,11.9004,12.2062,11.7629,11.7934,117331700.0
2010-06-02,11.9081,12.168,11.7323,12.145,118847000.0
2010-06-03,12.1985,12.2826,11.9922,12.0839,118044700.0
2010-06-04,11.8469,12.0227,11.6559,11.7323,132153500.0
2010-06-07,11.7399,11.7705,11.289,11.3348,149883000.0
2010-06-08,11.3731,11.7323,11.3043,11.717,153093300.0
2010-06-09,11.7934,11.8393,11.4189,11.4724,137382900.0
2010-06-10,11.6711,11.8317,11.5489,11.8164,113220500.0
2010-06-11,11.717,11.9998,11.7017,11.9234,110847200.0
2010-06-14,11.9998,12.0686,11.7629,11.7782,113855600.0
2010-06-15,11.8928,12.1068,11.7017,12.0762,121079200.0
2010-06-16,11.9922,12.2062,11.9616,12.1297,104219900.0
2010-06-17,12.1985,12.2826,11.9157,12.0915,117620500.0
2010-06-18,12.1374,12.1603,12.0304,12.0915,96798800.0
2010-06-21,12.252,12.3055,12.038,12.0686,104317300.0
2010-06-22,12.0533,12.1527,11.8928,11.9004,102188300.0
2010-06-23,11.9234,12.0074,11.6864,11.7934,124433500.0
2010-06-24,11.6711,11.7017,11.4495,11.4801,156414200.0
2010-06-25,11.6711,11.9387,11.5489,11.7858,144995700.0
2010-06-28,11.8469,11.8852,11.6253,11.6482,105201900.0
2010-06-29,11.4724,11.503,11.0444,11.1361,189738700.0
2010-06-30,11.1743,11.3119,10.9298,10.9833,125689600.0
2010-07-01,10.9527,10.968,10.3183,10.7158,247065900.0
2010-07-02,10.7693,10.7769,10.4559,10.5782,129671400.0
2010-07-06,10.7998,10.9374,10.5705,10.7463,113337800.0
2010-07-07,10.7922,11.2584,10.7769,11.2431,139167200.0
2010-07-08,11.3731,11.4189,11.1591,11.3578,124384600.0
2010-07-09,11.3578,11.5641,11.2737,11.5489,80259200.0
2010-07-12,11.5106,11.6559,11.4419,11.6253,85916300.0
2010-07-13,11.824,12.0151,11.7705,11.9769,120174400.0
2010-07-14,11.9157,12.0151,11.7858,11.9769,108980200.0
2010-07-15,11.9692,11.9922,11.5106,11.7629,166699600.0
2010-07-16,11.182,11.2126,10.6699,10.6852,388048800.0
2010-07-19,10.6775,10.7158,10.1654,10.4024,300732100.0
2010-07-20,10.2189,10.5858,10.1654,10.5247,171714400.0
2010-07-21,10.6699,10.6775,10.1884,10.2113,191568200.0
2010-07-22,10.3565,10.6164,10.3489,10.4406,174364700.0
2010-07-23,10.4559,10.5476,10.2954,10.5017,126262500.0
2010-07-26,10.5858,10.861,10.4788,10.8151,143946200.0
2010-07-27,11.0979,11.1973,10.838,10.8457,161114800.0
2010-07-28,10.7922,10.8839,10.6699,10.6928,100764200.0
2010-07-29,10.8151,10.861,10.624,10.7234,115082000.0
2010-07-30,10.6087,10.8839,10.5858,10.731,118075600.0
2010-08-02,10.9909,11.0597,10.8763,11.0368,119618400.0
2010-08-03,10.9756,11.0521,10.9221,10.9603,84080000.0
2010-08-04,10.9833,10.9985,10.7922,10.8457,118327400.0
2010-08-05,10.7693,10.7998,10.6622,10.7158,105663700.0
2010-08-06,10.6317,10.731,10.5094,10.6699,127983200.0
2010-08-09,10.7463,10.754,10.5094,10.6317,105955400.0
2010-08-10,10.517,10.5629,10.4024,10.4177,121166900.0
2010-08-11,10.3183,10.3336,10.0584,10.0814,168719100.0
2010-08-12,9.9744,10.2037,9.9514,9.982,136804200.0
2010-08-13,10.0202,10.196,10.0202,10.1119,97603100.0
2010-08-16,10.0355,10.1578,10.0049,10.0814,91647400.0
2010-08-17,10.2419,10.2801,10.0508,10.0967,122616800.0
2010-08-18,10.1272,10.3183,10.1196,10.1807,126052500.0
2010-08-19,10.1502,10.2189,9.9438,9.9514,141478200.0
2010-08-20,9.9209,9.9285,9.7451,9.8368,152753500.0
2010-08-23,9.9896,10.0126,9.8291,9.8368,102909800.0
2010-08-24,9.7451,9.8062,9.6228,9.661,145395600.0
2010-08-25,9.5998,9.7221,9.4928,9.6686,147735300.0
2010-08-26,9.7374,9.8597,9.5311,9.5311,125469300.0
2010-08-27,9.6075,9.7221,9.4852,9.661,146350000.0
2010-08-30,9.5846,9.6304,9.3782,9.4164,111922500.0
2010-08-31,9.4163,9.5693,9.3092,9.5158,154502600.0
2010-09-01,9.6688,10.1048,9.6382,10.0971,189820300.0
2010-09-02,10.0665,10.2807,10.0589,10.1583,121560800.0
2010-09-03,10.3266,10.4719,10.1966,10.3266,130666300.0
2010-09-07,10.2348,10.2654,10.0971,10.1048,117139200.0
2010-09-08,10.1277,10.3189,10.1201,10.2272,91572200.0
2010-09-09,10.3878,10.6096,10.3113,10.3266,159152300.0
2010-09-10,10.4031,10.449,10.3342,10.3648,77575000.0
2010-09-13,10.6555,10.755,10.6096,10.6708,146721400.0
2010-09-14,10.6785,10.6861,10.4337,10.4643,127195500.0
2010-09-15,10.4184,10.5484,10.3342,10.4872,123828500.0
2010-09-16,10.4184,10.449,10.3342,10.3648,107454200.0
2010-09-17,10.4719,10.4796,10.2042,10.2578,119726700.0
2010-09-20,10.296,10.5637,10.2272,10.5102,120166400.0
2010-09-21,10.6632,10.7091,10.4337,10.4413,157117000.0
2010-09-22,10.4337,10.5331,10.2578,10.2654,128227200.0
2010-09-23,10.1813,10.2731,10.0359,10.0742,135617000.0
2010-09-24,10.2272,10.4031,10.1736,10.4031,125310100.0
2010-09-27,10.4107,10.426,10.1201,10.1277,112029900.0
2010-09-28,10.1813,10.1889,10.0589,10.1507,114742800.0
2010-09-29,10.1277,10.166,9.9824,10.0283,145182900.0
2010-09-30,10.1048,10.2425,9.9824,10.0283,132498800.0
2010-10-01,10.1124,10.2654,9.99,10.1736,157541000.0
2010-10-04,10.1507,10.2884,10.0436,10.0589,119071500.0
2010-10-05,10.1889,10.4337,10.0971,10.3725,176988400.0
2010-10-06,10.426,10.449,10.1889,10.2425,141502000.0
2010-10-07,10.3037,10.3266,10.1201,10.1813,103430200.0
2010-10-08,10.1966,10.3189,10.0206,10.0818,158588700.0
2010-10-11,10.0971,10.1354,10.0283,10.0589,95787800.0
2010-10-12,10.0206,10.3495,10.013,10.3419,127076200.0
2010-10-13,10.4031,10.4337,10.1354,10.166,157376100.0
2010-10-14,9.9441,9.9671,9.5005,9.6382,480676400.0
2010-10-15,9.6841,9.6994,8.9803,9.1639,555746100.0
2010-10-18,9.1486,9.4622,9.0492,9.4393,375714300.0
2010-10-19,9.4469,9.5234,8.9574,9.0262,532360800.0
2010-10-20,8.8732,9.0874,8.5443,8.988,619945300.0
2010-10-21,9.0492,9.0874,8.659,8.6896,301633100.0
2010-10-22,8.7738,8.8579,8.6973,8.7508,160643300.0
2010-10-25,8.8426,8.8656,8.4678,8.5367,309545100.0
2010-10-26,8.4678,8.7814,8.4372,8.6437,216773100.0
2010-10-27,8.659,8.9268,8.6055,8.8273,263725800.0
2010-10-28,8.9574,8.965,8.7279,8.8197,169668200.0
2010-10-29,8.7967,8.8273,8.6896,8.7508,113651300.0
2010-11-01,8.7967,8.8579,8.6896,8.7967,144472300.0
2010-11-02,8.8426,8.8656,8.6437,8.7202,163797600.0
2010-11-03,8.7661,8.835,8.6514,8.812,166790600.0
2010-11-04,9.0186,9.3628,8.9497,9.2786,271722300.0
2010-11-05,9.3092,9.7223,9.3016,9.4546,382596400.0
2010-11-08,9.6611,9.7376,9.5081,9.6382,225855300.0
2010-11-09,9.7376,9.7452,9.3551,9.3857,203255900.0
2010-11-10,9.4469,9.6152,9.3322,9.6152,179741400.0
2010-11-11,9.5617,9.6076,9.4163,9.4622,122069700.0
2010-11-12,9.3934,9.4316,9.2021,9.271,157856500.0
2010-11-15,9.3475,9.401,9.2327,9.2557,103814000.0
2010-11-16,9.1792,9.2174,8.965,9.1333,202094100.0
2010-11-17,9.1027,9.1715,8.8732,8.8885,157193200.0
2010-11-18,9.0109,9.0415,8.8962,8.9497,128709400.0
2010-11-19,8.9038,8.9191,8.8197,8.9191,98597500.0
2010-11-22,8.8503,8.8656,8.5749,8.6437,210450800.0
2010-11-23,8.552,8.7126,8.4602,8.4831,172113200.0
2010-11-24,8.552,8.6437,8.4908,8.6284,100643500.0
2010-11-26,8.5443,8.5749,8.4984,8.5214,46661800.0
2010-11-29,8.5214,8.6896,8.4755,8.6514,135799300.0
2010-11-30,8.5751,8.644,8.3454,8.376,237413000.0
2010-12-01,8.5521,8.6516,8.399,8.644,251038400.0
2010-12-02,8.7052,8.9885,8.6899,8.9426,260180700.0
2010-12-03,8.8737,9.0957,8.8277,9.0804,145738700.0
2010-12-06,9.0192,9.0804,8.9043,8.912,123572800.0
2010-12-07,9.0651,9.0881,8.8048,8.8584,200104100.0
2010-12-08,8.889,9.2412,8.8813,9.1876,224139500.0
2010-12-09,9.3867,9.7159,9.379,9.6853,308956900.0
2010-12-10,9.6853,9.8384,9.5474,9.8001,212922900.0
2010-12-13,9.846,9.8613,9.5857,9.601,173603700.0
2010-12-14,9.624,9.7312,9.4402,9.4938,146449400.0
2010-12-15,9.4785,9.601,9.402,9.4096,133304700.0
2010-12-16,9.5474,9.7771,9.4785,9.5857,294153800.0
2010-12-17,9.6087,9.6853,9.5321,9.624,135115200.0
2010-12-20,9.6393,9.7618,9.624,9.6623,106997500.0
2010-12-21,9.7465,9.9379,9.7235,9.9379,153221100.0
2010-12-22,9.9609,10.2978,9.9532,10.2442,227336300.0
2010-12-23,10.1523,10.1829,9.9303,9.9992,164646100.0
2010-12-27,9.9379,10.2595,9.9226,10.1599,110407500.0
2010-12-28,10.2442,10.3284,10.2135,10.2135,108642000.0
2010-12-29,10.2518,10.2748,10.1906,10.1906,68914500.0
2010-12-30,10.1982,10.2595,10.1523,10.1676,73625300.0
2010-12-31,10.1293,10.2442,10.1217,10.2135,56826300.0
2011-01-03,10.604,10.895,10.5657,10.8643,298438100.0
2011-01-04,10.895,10.9103,10.7342,10.9026,206940800.0
2011-01-05,10.8643,11.1782,10.8337,11.1017,234504600.0
2011-01-06,11.1323,11.2471,10.9792,11.0557,214041000.0
2011-01-07,11.1323,11.2395,10.7035,10.9103,376967000.0
2011-01-10,10.849,11.0481,10.7878,11.0251,174696400.0
2011-01-11,11.1859,11.2778,11.1246,11.2471,198195200.0
2011-01-12,11.4003,11.4768,11.3696,11.4768,182549800.0
2011-01-13,11.4921,11.4998,11.2701,11.3084,148249600.0
2011-01-14,11.2854,11.7218,11.2395,11.6759,264718800.0
2011-01-18,11.5457,11.607,11.3696,11.4845,173040000.0
2011-01-19,11.3696,11.4462,10.9868,11.0021,223879900.0
2011-01-20,10.9256,11.1782,10.6729,11.1323,227784700.0
2011-01-21,11.0328,11.2625,10.8873,10.9103,253893200.0
2011-01-24,10.9103,10.9179,10.627,10.6576,204489400.0
2011-01-25,10.5504,10.5964,10.2595,10.4356,288075300.0
2011-01-26,10.5045,10.5428,10.3743,10.3743,135495200.0
2011-01-27,10.3973,10.4662,10.3207,10.4662,143952100.0
2011-01-28,10.5887,10.7648,10.3973,10.4126,213669700.0
2011-01-31,10.4968,10.5581,10.4432,10.5121,104338500.0
2011-02-01,10.6346,11.0021,10.6193,10.9562,200522600.0
2011-02-02,10.9639,10.9868,10.8184,10.9026,124323400.0
2011-02-03,10.8414,11.0787,10.8337,11.0481,139908800.0
2011-02-04,11.0557,11.0787,10.8031,10.9409,129232700.0
2011-02-07,11.1093,11.3084,11.0481,11.2318,139718600.0
2011-02-08,11.2089,11.3007,11.1017,11.1859,117464600.0
2011-02-09,11.071,11.2471,11.0328,11.2089,127712300.0
2011-02-10,11.1093,11.2089,11.0787,11.094,115698500.0
2011-02-11,10.9945,11.385,10.9868,11.3084,149154600.0
2011-02-14,11.316,11.4462,11.2625,11.4003,104668400.0
2011-02-15,11.3314,11.3926,11.2471,11.3084,100698300.0
2011-02-16,11.339,11.3926,11.2548,11.362,123263600.0
2011-02-17,11.2854,11.4156,11.2778,11.339,98202500.0
2011-02-18,11.362,11.4003,11.2318,11.2931,91136800.0
2011-02-22,11.0098,11.117,10.7878,10.8567,173255000.0
2011-02-23,10.849,11.0557,10.6576,10.849,184513500.0
2011-02-24,10.8031,10.8414,10.5581,10.6959,185737100.0
2011-02-25,10.8337,10.9639,10.8107,10.872,113817800.0
2011-02-28,10.9332,11.0864,10.8414,10.9409,119963400.0
2011-03-01,10.9641,10.9871,10.6499,10.6653,148597400.0
2011-03-02,10.6653,10.7802,10.581,10.5963,108760100.0
2011-03-03,10.7649,10.9487,10.7649,10.9334,122124400.0
2011-03-04,10.9564,10.9641,10.7112,10.8185,130460600.0
2011-03-07,10.8645,10.9334,10.6653,10.7495,118964900.0
2011-03-08,10.9334,11.2629,10.8798,11.2552,228386300.0
2011-03-09,11.2322,11.2552,11.0943,11.1786,140590600.0
2011-03-10,11.0484,11.079,10.9258,10.9258,145125300.0
2011-03-11,10.8108,11.056,10.8032,11.0177,103251500.0
2011-03-14,10.9181,10.9947,10.7802,10.9028,100494700.0
2011-03-15,10.5503,10.7725,10.5044,10.6959,155447100.0
2011-03-16,10.7342,10.8032,10.4661,10.489,156073400.0
2011-03-17,10.6423,10.7572,10.535,10.7112,119180500.0
2011-03-18,10.8798,10.9487,10.7112,10.7572,175255600.0
2011-03-21,10.8798,10.8951,10.6499,10.7649,105192600.0
2011-03-22,10.7572,10.7649,10.6346,10.6346,69127500.0
2011-03-23,10.512,10.5273,10.2439,10.4584,205003600.0
2011-03-24,10.3894,10.4124,10.2056,10.3281,154637600.0
2011-03-25,10.3435,10.3664,10.2056,10.2209,106708900.0
2011-03-28,10.2822,10.3894,10.2439,10.2439,72451200.0
2011-03-29,10.2745,10.2745,10.083,10.2285,107289200.0
2011-03-30,10.2668,10.3894,10.1672,10.3052,112294800.0
2011-03-31,10.2285,10.2592,10.1826,10.2132,70393800.0
2011-04-01,10.3052,10.4277,10.2285,10.2439,86306800.0
2011-04-04,10.2668,10.4124,10.2668,10.2975,65175800.0
2011-04-05,10.2898,10.3435,10.2439,10.3205,57981400.0
2011-04-06,10.4201,10.558,10.3664,10.512,126921300.0
2011-04-07,10.5657,10.6346,10.3741,10.4277,109547100.0
2011-04-08,10.4431,10.512,10.3052,10.3281,77447700.0
2011-04-11,10.3435,10.4124,10.2898,10.3358,59136200.0
2011-04-12,10.2668,10.4048,10.1979,10.3205,91958400.0
2011-04-13,10.4277,10.4507,10.1213,10.1672,109926200.0
2011-04-14,10.083,10.1596,10.014,10.06,103974000.0
2011-04-15,10.1289,10.2132,9.8225,9.8225,233067400.0
2011-04-18,9.6462,9.6539,9.3781,9.516,237036800.0
2011-04-19,9.6003,9.6003,9.3091,9.4547,167203500.0
2011-04-20,9.5236,9.562,9.3551,9.4011,158956100.0
2011-04-21,9.4547,9.5007,9.3781,9.4317,90164300.0
2011-04-25,9.447,9.6539,9.4394,9.5313,101743200.0
2011-04-26,9.5696,9.6003,9.3704,9.3704,126417600.0
2011-04-27,9.3781,9.5007,9.3704,9.447,110611500.0
2011-04-28,9.4317,9.539,9.3857,9.516,85377700.0
2011-04-29,9.5007,9.516,9.4087,9.4087,71048000.0
2011-05-02,9.47,9.5543,9.447,9.4547,78860100.0
2011-05-03,9.4624,9.7382,9.447,9.6539,136255400.0
2011-05-04,9.6845,9.7152,9.516,9.5696,87697100.0
2011-05-05,9.5083,9.5543,9.3474,9.424,116078000.0
2011-05-06,9.5083,9.539,9.4087,9.4317,101366500.0
2011-05-09,9.4087,9.4394,9.2785,9.3321,102425100.0
2011-05-10,9.3551,9.4777,9.3321,9.4087,85299600.0
2011-05-11,9.4087,9.5236,9.3704,9.3857,141330200.0
2011-05-12,9.3474,9.4011,9.2631,9.3474,101444000.0
2011-05-13,9.3474,9.3551,9.1252,9.1406,149768400.0
2011-05-16,9.1099,9.2785,9.0563,9.0869,109662700.0
2011-05-17,9.0486,9.1482,9.041,9.1176,136181900.0
2011-05-18,9.1176,9.1176,8.9873,9.0333,144855300.0
2011-05-19,9.1022,9.1099,8.949,8.9567,112973900.0
2011-05-20,8.926,9.0256,8.8341,8.8724,107215700.0
2011-05-23,8.7881,8.8264,8.7192,8.7498,110707800.0
2011-05-24,8.7728,8.8188,8.6502,8.7805,120455100.0
2011-05-25,8.6962,8.8724,8.6962,8.7192,93774000.0
2011-05-26,8.7268,8.8571,8.7192,8.7805,117881300.0
2011-05-27,8.8647,9.0256,8.8417,8.9567,100604900.0
2011-05-31,9.0947,9.133,8.903,9.0026,90501400.0
2011-06-01,8.9796,9.0026,8.6116,8.6192,164246700.0
2011-06-02,8.6576,8.7573,8.4965,8.6576,183434800.0
2011-06-03,8.5886,8.7803,8.5579,8.6499,107675900.0
2011-06-06,8.5809,8.5886,8.2435,8.3048,202852700.0
2011-06-07,8.4045,8.4735,8.1285,8.1668,151263900.0
2011-06-08,8.1208,8.2742,8.0518,8.0824,148479300.0
2011-06-09,8.1131,8.2435,8.0518,8.1668,121968400.0
2011-06-10,8.1438,8.4582,7.9828,8.2818,199523900.0
2011-06-13,8.3508,8.4505,8.1591,8.4122,178197900.0
2011-06-14,8.5195,8.5272,8.2435,8.2818,159521500.0
2011-06-15,8.1361,8.1821,7.9828,8.0518,191084300.0
2011-06-16,8.0134,8.1975,7.9751,8.1285,176847400.0
2011-06-17,8.2358,8.2588,8.1131,8.1898,101516000.0
2011-06-20,8.1208,8.1745,8.0748,8.1285,81666000.0
2011-06-21,8.1821,8.3125,8.0748,8.3048,91495800.0
2011-06-22,8.2742,8.3892,8.2665,8.2742,96966600.0
2011-06-23,8.1668,8.2588,8.0978,8.2128,164151900.0
2011-06-24,8.2281,8.2588,8.0441,8.0671,112202900.0
2011-06-27,8.0671,8.3968,8.0671,8.3202,176663300.0
2011-06-28,8.3662,8.3738,8.2588,8.2972,101697500.0
2011-06-29,8.5655,8.6269,8.4352,8.5425,246353500.0
2011-06-30,8.5655,8.5732,8.3125,8.4045,237986700.0
2011-07-01,8.4198,8.5425,8.3738,8.5042,129500200.0
2011-07-05,8.4735,8.4889,8.3662,8.4352,103408200.0
2011-07-06,8.3048,8.3202,8.1745,8.2358,131784300.0
2011-07-07,8.3585,8.4045,8.3202,8.3738,99660600.0
2011-07-08,8.2435,8.2818,8.1361,8.2051,120125200.0
2011-07-11,8.0748,8.0901,7.8984,7.9367,135258400.0
2011-07-12,7.8524,7.9751,7.8217,7.8294,132600000.0
2011-07-13,7.8754,7.9444,7.7834,7.8217,152226300.0
2011-07-14,7.9061,7.9214,7.7144,7.722,134954800.0
2011-07-15,7.7604,7.8064,7.5763,7.6684,162002500.0
2011-07-18,7.5763,7.6147,7.3079,7.4536,214252000.0
2011-07-19,7.4766,7.5533,7.2083,7.3386,291922900.0
2011-07-20,7.4076,7.6684,7.3846,7.5533,238960100.0
2011-07-21,7.6914,7.8831,7.6684,7.8447,217004300.0
2011-07-22,7.8677,7.8754,7.7067,7.768,130457200.0
2011-07-25,7.6453,7.722,7.5763,7.676,123149800.0
2011-07-26,7.653,7.7374,7.5993,7.6684,104734700.0
2011-07-27,7.607,7.6223,7.423,7.423,139646900.0
2011-07-28,7.4536,7.5533,7.4306,7.5073,104053800.0
2011-07-29,7.3923,7.63,7.3616,7.446,168830300.0
2011-08-01,7.699,7.7067,7.4383,7.5227,145280400.0
2011-08-02,7.492,7.561,7.2619,7.2773,161798800.0
2011-08-03,7.2773,7.3539,7.1469,7.3156,167263100.0
2011-08-04,7.1852,7.2543,6.7251,6.7712,285912800.0
2011-08-05,6.8785,6.9399,6.1577,6.265,513564600.0
2011-08-08,5.6822,5.9046,4.8387,4.9921,628631600.0
2011-08-09,5.3832,5.8663,5.1225,5.8279,451597200.0
2011-08-10,5.7743,5.8203,5.1685,5.1915,463779500.0
2011-08-11,5.4445,5.6899,5.3372,5.5596,315120200.0
2011-08-12,5.7359,5.9123,5.4675,5.5135,285857000.0
2011-08-15,5.7283,6.012,5.6362,5.9506,250179600.0
2011-08-16,5.8356,5.874,5.6286,5.6746,261009700.0
2011-08-17,5.7206,5.8203,5.6746,5.7206,148758600.0
2011-08-18,5.3985,5.4369,5.1991,5.3755,312581600.0
2011-08-19,5.2145,5.4599,5.1761,5.3448,255327200.0
2011-08-22,5.5212,5.5365,4.9231,4.9231,373490100.0
2011-08-23,4.8847,4.9384,4.6087,4.8311,532774700.0
2011-08-24,4.8771,5.4062,4.8464,5.3602,562920200.0
2011-08-25,6.3571,6.7481,5.6592,5.8663,776113600.0
2011-08-26,5.8433,6.1193,5.7129,5.9506,382753100.0
2011-08-29,6.2114,6.4491,6.104,6.4337,328720200.0
2011-08-30,6.3572,6.434,6.173,6.2267,278230300.0
2011-08-31,6.3495,6.3649,6.2267,6.2728,234328300.0
2011-09-01,6.2728,6.2804,6.0731,6.0731,223033800.0
2011-09-02,5.6048,5.72,5.505,5.5664,273647900.0
2011-09-06,5.3054,5.4282,5.2209,5.3668,256970200.0
2011-09-07,5.5511,5.7737,5.4512,5.743,231867400.0
2011-09-08,5.6585,5.7123,5.528,5.528,189395700.0
2011-09-09,5.4589,5.5357,5.3438,5.3591,237007100.0
2011-09-12,5.267,5.4512,5.2286,5.4129,268004900.0
2011-09-13,5.4436,5.5127,5.3514,5.3745,199366000.0
2011-09-14,5.4436,5.4743,5.313,5.4129,196334200.0
2011-09-15,5.5127,5.6355,5.4743,5.6278,214440300.0
2011-09-16,5.6662,5.6739,5.4359,5.5511,218016900.0
2011-09-19,5.4205,5.4282,5.3284,5.3668,186493400.0
2011-09-20,5.4052,5.4205,5.2977,5.2977,127870900.0
2011-09-21,5.3361,5.3514,4.8831,4.8984,357385800.0
2011-09-22,4.791,4.8217,4.6067,4.6528,351848000.0
2011-09-23,4.6758,4.9061,4.6604,4.8447,234570700.0
2011-09-26,4.9752,5.0674,4.8447,5.0674,183066100.0
2011-09-27,5.2439,5.2593,4.9215,4.9752,213900400.0
2011-09-28,5.0059,5.0136,4.7295,4.7295,201150800.0
2011-09-29,4.9138,4.9522,4.7219,4.8754,204808100.0
2011-09-30,4.7526,4.8524,4.6911,4.6988,159285500.0
2011-10-03,4.6681,4.7449,4.2381,4.2458,336277300.0
2011-10-04,4.2074,4.4224,3.9387,4.4224,402279700.0
2011-10-05,4.384,4.4762,4.2305,4.4301,273253900.0
2011-10-06,4.4301,4.8447,4.338,4.8217,315723300.0
2011-10-07,4.8524,4.8601,4.5146,4.5299,263538900.0
2011-10-10,4.7065,4.8293,4.6988,4.8217,205627000.0
2011-10-11,4.7526,4.9675,4.7065,4.8908,192622700.0
2011-10-12,4.9983,5.1748,4.8677,5.052,262332500.0
2011-10-13,4.9445,4.9445,4.7372,4.7756,210892900.0
2011-10-14,4.8447,4.8831,4.6988,4.7526,187213100.0
2011-10-17,4.7372,4.8217,4.6297,4.6297,158776800.0
2011-10-18,4.814,5.2132,4.7295,5.0981,445883800.0
2011-10-19,5.1441,5.267,4.8908,4.9138,301719900.0
2011-10-20,4.9368,4.9752,4.7449,4.9675,237125100.0
2011-10-21,5.052,5.1057,4.8984,4.9599,218940300.0
2011-10-24,5.0597,5.1748,4.9829,5.1595,197052800.0
2011-10-25,5.1057,5.1211,4.9599,4.9599,186375700.0
2011-10-26,5.052,5.1134,4.9445,5.0597,180982600.0
2011-10-27,5.4666,5.5511,5.2977,5.5434,353495900.0
2011-10-28,5.4282,5.7046,5.4129,5.6432,255745600.0
2011-10-31,5.4436,5.4973,5.2363,5.2439,225143400.0
2011-11-01,4.9061,5.1288,4.8524,4.9138,345714800.0
2011-11-02,5.1518,5.1748,5.0443,5.1595,201731700.0
2011-11-03,5.3054,5.3591,5.052,5.3054,225470800.0
2011-11-04,5.1672,5.1825,4.9522,4.9829,243543300.0
2011-11-07,4.9445,5.0597,4.837,4.9522,184237500.0
2011-11-08,5.0213,5.0597,4.9138,5.0136,204859300.0
2011-11-09,4.8524,4.8831,4.7219,4.7295,242620600.0
2011-11-10,4.8524,4.8601,4.6144,4.6297,288598800.0
2011-11-11,4.6988,4.8293,4.6988,4.7679,194497200.0
2011-11-14,4.7295,4.7526,4.622,4.6451,180054700.0
2011-11-15,4.6144,4.791,4.6067,4.7065,239926900.0
2011-11-16,4.6758,4.6758,4.5299,4.5299,268588500.0
2011-11-17,4.5913,4.6297,4.4455,4.4531,260489200.0
2011-11-18,4.4992,4.5222,4.4147,4.4378,210398100.0
2011-11-21,4.3456,4.361,4.2074,4.2151,247507300.0
2011-11-22,4.2381,4.2842,4.0846,4.123,238820900.0
2011-11-23,4.0692,4.0769,3.9387,3.9464,251314600.0
2011-11-25,3.9617,4.0923,3.931,3.9694,118322900.0
2011-11-28,4.2228,4.2458,3.9464,4.0308,284676900.0
2011-11-29,3.9849,4.0542,3.8619,3.9003,309207800.0
2011-11-30,4.1542,4.185,3.9849,4.185,385411500.0
2011-12-01,4.1311,4.3311,4.0696,4.2542,297204400.0
2011-12-02,4.3619,4.5235,4.3157,4.3388,262381300.0
2011-12-05,4.5158,4.5773,4.4081,4.4542,273929400.0
2011-12-06,4.4158,4.5542,4.385,4.4465,234311300.0
2011-12-07,4.4081,4.5542,4.385,4.5311,230135500.0
2011-12-08,4.4927,4.5235,4.2542,4.3004,252356300.0
2011-12-09,4.3619,4.5004,4.3311,4.4004,277300600.0
2011-12-12,4.3004,4.3081,4.1542,4.1927,173134900.0
2011-12-13,4.2773,4.3081,4.0157,4.0926,204586400.0
2011-12-14,4.0311,4.1311,4.0003,4.0234,211209000.0
2011-12-15,4.1003,4.1311,4.0234,4.0465,183761300.0
2011-12-16,4.085,4.1696,3.9696,4.0003,199114600.0
2011-12-19,4.0003,4.0157,3.7849,3.8388,325590700.0
2011-12-20,3.9311,4.0157,3.8772,3.9773,213394700.0
2011-12-21,3.9849,4.0388,3.9234,4.0234,181713600.0
2011-12-22,4.0388,4.2388,4.008,4.208,281546200.0
2011-12-23,4.2619,4.3311,4.208,4.3081,181119900.0
2011-12-27,4.2696,4.2927,4.2004,4.2157,133987800.0
2011-12-28,4.1927,4.2004,4.0542,4.0696,135800100.0
2011-12-29,4.0696,4.2157,4.0619,4.2004,155923200.0
2011-12-30,4.1465,4.2927,4.1311,4.2773,166066700.0
2012-01-03,4.4234,4.5311,4.4158,4.4619,226570800.0
2012-01-04,4.3927,4.5235,4.3234,4.4696,223202000.0
2012-01-05,4.4234,4.885,4.3927,4.8543,505716900.0
2012-01-06,4.7773,4.8466,4.6619,4.7542,278487200.0
2012-01-09,4.8158,4.9004,4.7619,4.8235,226201800.0
2012-01-10,4.962,5.1235,4.9543,5.1004,326348000.0
2012-01-11,5.0773,5.3081,5.0158,5.2851,341238700.0
2012-01-12,5.3774,5.4005,5.1235,5.2235,337162500.0
2012-01-13,4.9927,5.1466,4.9312,5.085,307452800.0
2012-01-17,5.1004,5.2466,4.9543,4.985,271034900.0
2012-01-18,5.0004,5.2312,4.9696,5.2312,286962000.0
2012-01-19,5.5466,5.6082,5.3081,5.3543,421490300.0
2012-01-20,5.3389,5.4466,5.2543,5.4389,212753300.0
2012-01-23,5.4851,5.6697,5.4697,5.5774,329295800.0
2012-01-24,5.4697,5.6543,5.4312,5.6082,216868900.0
2012-01-25,5.5389,5.6697,5.5005,5.6543,234706200.0
2012-01-26,5.7312,5.7697,5.562,5.6159,252906000.0
2012-01-27,5.5466,5.6543,5.5389,5.6082,186834400.0
2012-01-30,5.4851,5.5005,5.4005,5.4389,204761900.0
2012-01-31,5.5158,5.5312,5.4235,5.4851,195054600.0
2012-02-01,5.5774,5.7236,5.5466,5.662,302377000.0
2012-02-02,5.7159,5.762,5.6389,5.7312,222980400.0
2012-02-03,5.8928,6.0697,5.8697,6.0313,336117700.0
2012-02-06,5.9851,6.1313,5.9774,6.1313,225625000.0
2012-02-07,6.1159,6.1467,6.0236,6.039,233572900.0
2012-02-08,6.1236,6.2698,6.1005,6.2544,404674200.0
2012-02-09,6.3928,6.4236,6.2313,6.2928,444501200.0
2012-02-10,6.1928,6.2467,6.139,6.2082,230150200.0
2012-02-13,6.3544,6.3928,6.2082,6.3467,270067400.0
2012-02-14,6.2698,6.2851,6.1159,6.139,339616900.0
2012-02-15,6.1621,6.2467,5.9774,5.9851,324214700.0
2012-02-16,5.9313,6.2544,5.8928,6.2236,314751400.0
2012-02-17,6.1851,6.2159,6.1082,6.1697,305650300.0
2012-02-21,6.1774,6.3082,6.1544,6.239,268943700.0
2012-02-22,6.2082,6.2544,6.1159,6.1159,216800800.0
2012-02-23,6.1313,6.1928,6.0774,6.1697,132607900.0
2012-02-24,6.1928,6.2236,6.062,6.062,155932100.0
2012-02-27,5.9928,6.1928,5.9005,6.1851,265028200.0
2012-02-28,6.1928,6.2698,6.1542,6.2467,172958200.0
2012-02-29,6.2852,6.3468,6.1388,6.1388,241126200.0
2012-03-01,6.2313,6.2929,6.2005,6.2544,187233400.0
2012-03-02,6.2467,6.3237,6.239,6.2621,136708900.0
2012-03-05,6.2313,6.2621,6.1234,6.1388,189567500.0
2012-03-06,5.9925,6.0002,5.9001,5.9386,243606000.0
2012-03-07,6.0156,6.1774,5.9848,6.1774,232354600.0
2012-03-08,6.2159,6.2544,6.1619,6.2082,151079600.0
2012-03-09,6.2544,6.3083,6.1697,6.2005,181892800.0
2012-03-12,6.1697,6.2082,6.0926,6.1542,152650400.0
2012-03-13,6.2159,6.5471,6.2005,6.5394,360220800.0
2012-03-14,6.6703,6.8552,6.5933,6.809,450152000.0
2012-03-15,6.9168,7.1248,6.8167,7.1171,462056100.0
2012-03-16,7.248,7.5484,7.1864,7.5484,523714600.0
2012-03-19,7.533,7.7795,7.325,7.3404,630500000.0
2012-03-20,7.4174,7.6793,7.3866,7.5561,419839500.0
2012-03-21,7.6716,7.7255,7.5484,7.5638,304952800.0
2012-03-22,7.4406,7.5253,7.3327,7.3943,242627000.0
2012-03-23,7.2942,7.5869,7.2403,7.5869,261268800.0
2012-03-26,7.7101,7.7332,7.5869,7.6485,215715200.0
2012-03-27,7.6023,7.6254,7.3789,7.3943,229521600.0
2012-03-28,7.4097,7.533,7.3789,7.5099,218217700.0
2012-03-29,7.4174,7.456,7.2634,7.3404,241331300.0
2012-03-30,7.402,7.4251,7.2018,7.3712,209974000.0
2012-04-02,7.3481,7.533,7.248,7.456,168630400.0
2012-04-03,7.4483,7.4483,7.248,7.3096,180113000.0
2012-04-04,7.2018,7.2095,7.0477,7.0862,214420600.0
2012-04-05,7.04,7.2403,7.0169,7.1093,164411100.0
2012-04-09,6.963,6.963,6.8013,6.8783,196434800.0
2012-04-10,6.9091,7.0015,6.5471,6.5779,353951000.0
2012-04-11,6.7627,6.8629,6.7165,6.8244,236677800.0
2012-04-12,6.8783,7.0708,6.8629,7.0631,206761000.0
2012-04-13,6.9938,6.9938,6.6857,6.6857,259621100.0
2012-04-16,6.8321,6.8783,6.6395,6.7704,201777000.0
2012-04-17,6.9014,6.9322,6.8321,6.8706,165957700.0
2012-04-18,6.8398,6.9168,6.809,6.8706,142589900.0
2012-04-19,7.0554,7.0631,6.678,6.755,309471000.0
2012-04-20,6.7627,6.7627,6.4161,6.4392,259645600.0
2012-04-23,6.1774,6.393,6.1234,6.3006,238732500.0
2012-04-24,6.3545,6.3699,6.239,6.3237,176297300.0
2012-04-25,6.393,6.4315,6.2929,6.3622,151834200.0
2012-04-26,6.316,6.47,6.2929,6.3699,121553400.0
2012-04-27,6.4238,6.4238,6.3083,6.3545,96673000.0
2012-04-30,6.3314,6.3468,6.1928,6.2467,119893200.0
2012-05-01,6.2467,6.47,6.2236,6.4007,166886200.0
2012-05-02,6.3237,6.3391,6.2544,6.2852,126756400.0
2012-05-03,6.3006,6.3006,6.0926,6.1619,194403100.0
2012-05-04,6.0849,6.1003,5.9309,5.9617,180582200.0
2012-05-07,5.9386,6.1619,5.9001,6.1311,157159800.0
2012-05-08,6.0618,6.0849,5.9232,6.0002,168244200.0
2012-05-09,5.9078,6.0233,5.8924,5.954,161726900.0
2012-05-10,6.0926,6.1157,5.9078,5.9309,131634700.0
2012-05-11,5.7614,5.9848,5.7075,5.8153,227437600.0
2012-05-14,5.6767,5.7922,5.6613,5.6613,156647600.0
2012-05-15,5.6767,5.8153,5.5843,5.6228,185788000.0
2012-05-16,5.6998,5.7537,5.4533,5.4764,206610100.0
2012-05-17,5.4764,5.5843,5.3378,5.3763,225527300.0
2012-05-18,5.4071,5.4148,5.307,5.4071,207679200.0
2012-05-21,5.4148,5.4764,5.176,5.2608,218116400.0
2012-05-22,5.3301,5.5072,5.2839,5.3763,209023300.0
2012-05-23,5.3147,5.5226,5.2762,5.5226,177899900.0
2012-05-24,5.592,5.6459,5.3994,5.4995,192211700.0
2012-05-25,5.4533,5.5843,5.4456,5.5072,102609500.0
2012-05-29,5.6072,5.7383,5.5609,5.7306,147047600.0
2012-05-30,5.6535,5.7152,5.4761,5.5532,194332000.0
2012-05-31,5.5609,5.6843,5.4298,5.6689,165526400.0
2012-06-01,5.4915,5.5455,5.3527,5.4144,217981100.0
2012-06-04,5.4761,5.4761,5.2833,5.3218,150469400.0
2012-06-05,5.3295,5.5069,5.3218,5.4761,135707400.0
2012-06-06,5.5841,5.9928,5.5378,5.8926,338912200.0
2012-06-07,6.0237,6.0931,5.692,5.7229,259504500.0
2012-06-08,5.6689,5.8463,5.5532,5.8309,223660800.0
2012-06-11,5.9543,5.9928,5.6149,5.6149,191150600.0
2012-06-12,5.6458,5.7846,5.5686,5.7769,136503100.0
2012-06-13,5.7075,5.8694,5.6689,5.7846,145700500.0
2012-06-14,5.8,5.9311,5.746,5.908,146528700.0
2012-06-15,5.9543,6.0931,5.8232,6.0931,179633300.0
2012-06-18,5.9928,6.1008,5.962,5.9851,132413800.0
2012-06-19,6.0777,6.3168,6.0623,6.2551,235612600.0
2012-06-20,6.3014,6.3399,6.1857,6.2782,203426000.0
2012-06-21,6.2551,6.3014,6.016,6.0314,213230800.0
2012-06-22,6.1471,6.178,6.0083,6.124,127352700.0
2012-06-25,5.9697,5.9697,5.8309,5.8617,131300700.0
2012-06-26,5.9003,5.9234,5.7692,5.8694,122063500.0
2012-06-27,5.9234,6.0314,5.8694,5.9928,104454700.0
2012-06-28,5.8772,5.9774,5.8077,5.9697,114546500.0
2012-06-29,6.1702,6.3245,6.1317,6.3091,228984100.0
2012-07-02,6.3245,6.3322,6.07,6.2088,146368900.0
2012-07-03,6.2165,6.2628,6.178,6.2165,52709900.0
2012-07-05,6.1934,6.2165,6.0314,6.0314,111563900.0
2012-07-06,5.9311,6.016,5.9003,5.908,107567700.0
2012-07-09,5.8849,5.9389,5.8077,5.8309,81687700.0
2012-07-10,5.9003,5.9157,5.7075,5.7692,93992600.0
2012-07-11,5.7769,5.9311,5.746,5.8849,119481900.0
2012-07-12,5.8077,5.8232,5.7306,5.7692,98167100.0
2012-07-13,5.8309,6.0391,5.8232,6.0314,163129000.0
2012-07-16,6.1163,6.1394,5.9928,6.0237,100248500.0
2012-07-17,6.1085,6.1163,5.9774,6.1085,117254800.0
2012-07-18,6.0777,6.1163,5.7846,5.8077,221441900.0
2012-07-19,5.8309,5.9003,5.4915,5.5995,248475300.0
2012-07-20,5.5609,5.5609,5.4452,5.453,150375100.0
2012-07-23,5.3527,5.5147,5.3218,5.4684,158158700.0
2012-07-24,5.5224,5.5378,5.3758,5.4298,129590300.0
2012-07-25,5.4838,5.5224,5.4067,5.453,110624400.0
2012-07-26,5.5686,5.5841,5.4838,5.5301,110525400.0
2012-07-27,5.5532,5.7075,5.5069,5.6381,136674500.0
2012-07-30,5.6149,5.692,5.5995,5.6149,69910500.0
2012-07-31,5.6149,5.6612,5.5609,5.6612,74410900.0
2012-08-01,5.6689,5.6766,5.5609,5.5686,91811600.0
2012-08-02,5.4915,5.5995,5.4761,5.5378,101899300.0
2012-08-03,5.6303,5.7769,5.6072,5.7306,120781800.0
2012-08-06,5.7383,5.9234,5.7383,5.8926,108002200.0
2012-08-07,5.9466,6.0546,5.908,5.9157,113793500.0
2012-08-08,5.8463,5.9928,5.8386,5.9157,67875300.0
2012-08-09,5.9234,5.9851,5.9157,5.9543,53759000.0
2012-08-10,5.908,5.9851,5.8849,5.9697,45397900.0
2012-08-13,5.9543,6.0391,5.9311,5.9543,54418300.0
2012-08-14,6.0006,6.0931,5.9697,6.0006,99470700.0
2012-08-15,5.9774,6.07,5.962,6.07,68652800.0
2012-08-16,6.0854,6.1394,6.0391,6.1163,73529300.0
2012-08-17,6.1471,6.2628,6.124,6.1702,131657700.0
2012-08-20,6.1548,6.3168,6.1548,6.2859,95197900.0
2012-08-21,6.3631,6.4788,6.2936,6.3168,168734100.0
2012-08-22,6.2782,6.4171,6.2628,6.3399,132952500.0
2012-08-23,6.3399,6.3785,6.2628,6.2859,87855600.0
2012-08-24,6.2628,6.3322,6.1934,6.2936,83653000.0
2012-08-27,6.3245,6.3245,6.2088,6.2242,83860900.0
2012-08-28,6.2011,6.2551,6.1317,6.1394,86724300.0
2012-08-29,6.1548,6.2474,6.1548,6.1702,85570300.0
2012-08-30,6.1317,6.1317,6.0391,6.1008,69264000.0
2012-08-31,6.1702,6.1857,6.0777,6.1625,81456500.0
2012-09-04,6.1702,6.2552,6.1316,6.1702,77042000.0
2012-09-05,6.1702,6.1934,6.1239,6.1394,49991800.0
2012-09-06,6.2089,6.4483,6.2011,6.4483,189088000.0
2012-09-07,6.5332,6.7958,6.5255,6.7958,215081600.0
2012-09-10,6.8267,6.8884,6.5873,6.6259,181267100.0
2012-09-11,6.6645,6.9888,6.6259,6.9734,192621300.0
2012-09-12,7.066,7.0969,6.8498,6.927,192177500.0
2012-09-13,6.8653,7.3209,6.8035,7.2591,320622900.0
2012-09-14,7.4136,7.5603,7.2977,7.3749,311652800.0
2012-09-17,7.2437,7.3286,7.1587,7.1819,126414000.0
2012-09-18,7.066,7.1742,7.0197,7.1278,139157100.0
2012-09-19,7.2051,7.3054,7.151,7.1742,120310700.0
2012-09-20,7.0583,7.1433,7.012,7.0969,100479200.0
2012-09-21,7.2205,7.2205,7.012,7.0352,117993300.0
2012-09-24,6.9425,7.1047,6.9116,7.0274,102385500.0
2012-09-25,7.0815,7.1124,6.8807,6.8884,131516600.0
2012-09-26,6.8421,6.8807,6.7185,6.8112,143043900.0
2012-09-27,6.9039,7.0043,6.873,6.927,110003000.0
2012-09-28,6.8653,6.8962,6.788,6.8189,103214800.0
2012-10-01,6.8498,7.0506,6.8344,6.9193,126677800.0
2012-10-02,7.0274,7.0352,6.8575,6.8962,102879400.0
2012-10-03,6.927,7.0429,6.8807,7.0352,107813300.0
2012-10-04,7.1047,7.2746,7.066,7.2668,152834600.0
2012-10-05,7.3827,7.4522,7.1278,7.1973,185800600.0
2012-10-08,7.0738,7.2437,7.0506,7.1664,76281600.0
2012-10-09,7.2051,7.2437,6.9811,7.1124,144057100.0
2012-10-10,7.0969,7.1587,6.9965,7.1124,103410800.0
2012-10-11,7.2514,7.2746,7.1819,7.2128,115299300.0
2012-10-12,7.0738,7.1664,6.9888,7.0429,143698500.0
2012-10-15,7.1355,7.29,7.0738,7.29,143973600.0
2012-10-16,7.3595,7.4136,7.2437,7.3054,157980600.0
2012-10-17,7.2746,7.4136,7.1819,7.29,201760100.0
2012-10-18,7.2437,7.3904,7.2359,7.3132,140783200.0
2012-10-19,7.2746,7.3749,7.2514,7.29,156825000.0
2012-10-22,7.3132,7.3827,7.2668,7.3749,125382500.0
2012-10-23,7.29,7.3132,7.1664,7.2282,145210800.0
2012-10-24,7.2977,7.3286,7.1819,7.1896,114113900.0
2012-10-25,7.2359,7.2746,7.0815,7.1355,111853200.0
2012-10-26,7.0815,7.1587,6.9965,7.0429,108699000.0
2012-10-31,7.1047,7.2205,7.066,7.1973,86177700.0
2012-11-01,7.2128,7.5294,7.1587,7.5217,195351000.0
2012-11-02,7.6221,7.6993,7.5448,7.6066,202871300.0
2012-11-05,7.5912,7.6684,7.429,7.5294,112440900.0
2012-11-06,7.5912,7.6993,7.5294,7.6761,125186500.0
2012-11-07,7.4367,7.4676,7.1201,7.1278,259897600.0
2012-11-08,7.3286,7.4136,7.2437,7.2514,203513500.0
2012-11-09,7.1742,7.4058,7.1587,7.2823,131100600.0
2012-11-12,7.3363,7.3518,7.2437,7.2514,64781900.0
2012-11-13,7.1896,7.3749,7.1664,7.2051,113408900.0
2012-11-14,7.2437,7.2746,6.9116,6.9425,187383700.0
2012-11-15,6.9734,7.1047,6.9657,7.0274,132220400.0
2012-11-16,7.0429,7.1124,6.8884,7.0429,169809200.0
2012-11-19,7.2282,7.3286,7.1973,7.3286,132096500.0
2012-11-20,7.3054,7.4753,7.2746,7.4367,132613100.0
2012-11-21,7.4676,7.5526,7.4367,7.5448,119822900.0
2012-11-23,7.5989,7.6452,7.568,7.6452,54343200.0
2012-11-26,7.5835,7.6221,7.5294,7.6066,89977700.0
2012-11-27,7.6375,7.6838,7.4599,7.4599,141024800.0
2012-11-28,7.3827,7.5371,7.2437,7.5371,141632000.0
2012-11-29,7.5989,7.6298,7.5371,7.5912,118947100.0
2012-11-30,7.5526,7.6221,7.5371,7.6143,89530200.0
2012-12-03,7.6684,7.6761,7.5526,7.568,89216700.0
2012-12-04,7.5602,7.653,7.5447,7.653,135813400.0
2012-12-05,7.7071,8.1632,7.6916,8.0858,415061200.0
2012-12-06,8.1322,8.1786,7.9544,8.0781,164042200.0
2012-12-07,8.1632,8.2559,8.1013,8.225,177479700.0
2012-12-10,8.1941,8.2173,8.0858,8.1709,139259900.0
2012-12-11,8.225,8.2791,8.1168,8.1245,151407700.0
2012-12-12,8.1863,8.2714,8.1245,8.2018,153511400.0
2012-12-13,8.1863,8.2405,8.1245,8.1477,87011100.0
2012-12-14,8.1477,8.1941,8.1322,8.1786,83525100.0
2012-12-17,8.2327,8.5033,8.225,8.5033,153332300.0
2012-12-18,8.6888,8.7816,8.5419,8.7738,229620700.0
2012-12-19,8.8125,8.8821,8.6347,8.6502,179833600.0
2012-12-20,8.5806,8.9053,8.5651,8.9053,174241800.0
2012-12-21,8.6579,8.7738,8.596,8.7275,204886600.0
2012-12-24,8.712,8.7275,8.6656,8.6965,46681200.0
2012-12-26,8.7275,8.9903,8.712,8.9207,139537800.0
2012-12-27,9.0135,9.0367,8.6811,8.8666,201064700.0
2012-12-28,8.7507,8.8821,8.712,8.7816,119089300.0
2012-12-31,8.7893,9.0057,8.7352,8.9671,154628400.0
2013-01-02,9.3227,9.3923,9.199,9.2995,214309900.0
2013-01-03,9.284,9.315,9.1835,9.2531,140291100.0
2013-01-04,9.2531,9.3613,9.2222,9.3613,120378800.0
2013-01-07,9.3923,9.4309,9.2763,9.3459,176718300.0
2013-01-08,9.3459,9.3536,9.1913,9.2608,152062100.0
2013-01-09,9.1758,9.2763,8.7584,8.8357,301038400.0
2013-01-10,8.9826,9.1294,8.9207,9.1062,186065800.0
2013-01-11,9.0444,9.0599,8.8975,8.9903,133648700.0
2013-01-14,8.9748,8.9903,8.797,8.8666,100544500.0
2013-01-15,8.797,8.9826,8.7352,8.9284,117996200.0
2013-01-16,8.9516,9.114,8.8666,9.1062,149061000.0
2013-01-17,9.0444,9.0444,8.6347,8.7197,289628000.0
2013-01-18,8.7043,8.7584,8.5187,8.6115,164650300.0
2013-01-22,8.596,8.7816,8.5729,8.7738,126408800.0
2013-01-23,8.797,8.8434,8.6811,8.828,112720000.0
2013-01-24,8.8511,9.0212,8.828,8.913,121316800.0
2013-01-25,9.0367,9.0599,8.8975,8.9826,89298900.0
2013-01-28,8.998,9.0212,8.8357,8.8743,80294700.0
2013-01-29,8.828,8.9516,8.8125,8.8821,90145900.0
2013-01-30,8.8821,8.9207,8.7738,8.797,82117100.0
2013-01-31,8.7507,8.7816,8.6733,8.7507,86120100.0
2013-02-01,8.8202,9.0676,8.7893,9.0521,149019300.0
2013-02-04,8.9516,9.0367,8.8589,8.8743,122604000.0
2013-02-05,8.9594,9.2608,8.9362,9.1835,177622800.0
2013-02-06,9.0676,9.2531,9.0676,9.2222,140211900.0
2013-02-07,9.2531,9.2608,9.0676,9.1526,139092800.0
2013-02-08,9.1681,9.199,9.0599,9.0908,116608100.0
2013-02-11,9.0676,9.199,9.0212,9.1681,96078700.0
2013-02-12,9.1758,9.5391,9.1062,9.4696,220577000.0
2013-02-13,9.5469,9.601,9.315,9.4077,181788700.0
2013-02-14,9.3459,9.485,9.3304,9.3768,127036200.0
2013-02-15,9.4386,9.4386,9.2531,9.2995,148601000.0
2013-02-19,9.3536,9.5159,9.3227,9.4232,148602400.0
2013-02-20,9.4155,9.5005,9.0831,9.1217,174014300.0
2013-02-21,9.0676,9.0676,8.7738,8.828,218821700.0
2013-02-22,8.9826,8.9903,8.7043,8.8434,152946700.0
2013-02-25,8.9671,8.9748,8.4878,8.5265,192702700.0
2013-02-26,8.596,8.6734,8.5264,8.6038,160682300.0
2013-02-27,8.627,8.7895,8.5883,8.743,133790000.0
2013-02-28,8.7663,8.7972,8.6734,8.6889,108252800.0
2013-03-01,8.6115,8.9365,8.5264,8.774,168761200.0
2013-03-04,8.7198,8.8591,8.6811,8.8282,98015500.0
2013-03-05,8.9442,9.0371,8.921,8.9365,125343900.0
2013-03-06,9.1067,9.3001,9.099,9.2228,170901200.0
2013-03-07,9.2924,9.5013,9.2692,9.4858,186021800.0
2013-03-08,9.6096,9.6251,9.3001,9.3388,192277600.0
2013-03-11,9.3465,9.4394,9.3001,9.4007,99126600.0
2013-03-12,9.3698,9.4239,9.215,9.2924,118322900.0
2013-03-13,9.3156,9.3698,9.2692,9.3311,78925100.0
2013-03-14,9.3852,9.4317,9.362,9.3698,83955000.0
2013-03-15,9.687,9.7953,9.5555,9.7257,277469200.0
2013-03-18,9.509,9.8108,9.4858,9.7179,168268700.0
2013-03-19,9.8959,10.0119,9.7411,9.834,230284000.0
2013-03-20,9.8959,9.9733,9.834,9.8882,194441600.0
2013-03-21,9.834,9.9346,9.7102,9.7257,147057000.0
2013-03-22,9.7644,9.803,9.656,9.7179,93823400.0
2013-03-25,9.8108,9.8417,9.5322,9.5941,145603500.0
2013-03-26,9.6328,9.6715,9.4007,9.5013,130017100.0
2013-03-27,9.393,9.5013,9.3775,9.4626,102056600.0
2013-03-28,9.4703,9.5013,9.3698,9.4239,80122800.0
2013-04-01,9.4084,9.5013,9.362,9.4007,79414900.0
2013-04-02,9.4626,9.4781,9.393,9.4007,97025600.0
2013-04-03,9.3775,9.393,9.068,9.1376,183590100.0
2013-04-04,9.1376,9.2769,9.068,9.2382,108578300.0
2013-04-05,9.0293,9.2924,9.0061,9.2614,118651500.0
2013-04-08,9.2846,9.4471,9.215,9.4471,94454400.0
2013-04-09,9.4781,9.5555,9.4471,9.4781,121808700.0
2013-04-10,9.5245,9.5941,9.4858,9.5322,97699000.0
2013-04-11,9.5245,9.54,9.4084,9.4936,92335600.0
2013-04-12,9.4007,9.4781,9.3388,9.4162,76469000.0
2013-04-15,9.4317,9.5322,9.2614,9.2692,151549900.0
2013-04-16,9.4471,9.5632,9.3465,9.5013,136409300.0
2013-04-17,9.215,9.3001,8.8591,9.0525,288500500.0
2013-04-18,8.9906,9.0138,8.6889,8.8514,199411200.0
2013-04-19,8.9442,9.0448,8.8436,9.0216,111710500.0
2013-04-22,9.0371,9.0912,8.9519,9.068,84965400.0
2013-04-23,9.215,9.4084,9.2073,9.3388,165595500.0
2013-04-24,9.3852,9.5709,9.3775,9.5245,113704200.0
2013-04-25,9.5864,9.7025,9.5632,9.6251,112700300.0
2013-04-26,9.54,9.6406,9.509,9.6096,72465300.0
2013-04-29,9.6328,9.656,9.5709,9.5787,60006600.0
2013-04-30,9.5864,9.5941,9.4394,9.5245,79638700.0
2013-05-01,9.4394,9.4936,9.3465,9.393,81080000.0
2013-05-02,9.4162,9.4471,9.3233,9.4317,71772800.0
2013-05-03,9.5709,9.6019,9.4471,9.4703,84088300.0
2013-05-06,9.5864,9.9733,9.5632,9.9655,252798100.0
2013-05-07,9.9965,10.1435,9.8727,9.981,208886900.0
2013-05-08,9.9423,10.1976,9.9346,10.0738,141916600.0
2013-05-09,10.0971,10.1048,9.9578,9.9887,97807300.0
2013-05-10,10.0119,10.0893,9.9733,10.0738,78642500.0
2013-05-13,10.0429,10.1357,10.0197,10.0429,88629400.0
2013-05-14,10.0893,10.3369,10.0738,10.3214,144645800.0
2013-05-15,10.2827,10.4762,10.2827,10.3988,130529700.0
2013-05-16,10.3756,10.4839,10.306,10.3369,98721900.0
2013-05-17,10.4452,10.4607,10.3601,10.3911,94549400.0
2013-05-20,10.3601,10.5226,10.3601,10.453,83305700.0
2013-05-21,10.4684,10.4917,10.3369,10.3988,94272600.0
2013-05-22,10.4375,10.6232,10.1899,10.2982,164765500.0
2013-05-23,10.0042,10.3833,9.9191,10.2209,179008400.0
2013-05-24,10.1899,10.2595,10.1512,10.2441,75777900.0
2013-05-28,10.4375,10.453,10.2982,10.3292,112783400.0
2013-05-29,10.2982,10.4917,10.2673,10.4298,118335500.0
2013-05-30,10.4452,10.7779,10.3911,10.7006,144637300.0
2013-05-31,10.7702,10.8244,10.569,10.569,136766500.0
2013-06-03,10.5922,10.6232,10.2209,10.4839,180346200.0
2013-06-04,10.4531,10.5769,10.2982,10.3369,117822800.0
2013-06-05,10.2905,10.4143,10.0427,10.1356,174874800.0
2013-06-06,10.1201,10.2517,9.9498,10.2208,130612800.0
2013-06-07,10.3137,10.3679,10.182,10.3601,111036400.0
2013-06-10,10.4453,10.4918,10.2672,10.2982,96161800.0
2013-06-11,10.1511,10.2827,10.1201,10.1588,95091100.0
2013-06-12,10.2517,10.2595,10.0427,10.1124,108509800.0
2013-06-13,10.0659,10.2672,10.0427,10.2285,94338400.0
2013-06-14,10.244,10.2517,10.0891,10.1201,80162500.0
2013-06-17,10.1975,10.2672,10.1666,10.2285,97259200.0
2013-06-18,10.2285,10.3292,10.2208,10.275,62206400.0
2013-06-19,10.2905,10.3756,10.1975,10.213,99534400.0
2013-06-20,10.1278,10.1743,9.911,9.9807,175660500.0
2013-06-21,10.0582,10.0659,9.5936,9.8259,179651500.0
2013-06-24,9.5936,9.64,9.3923,9.5239,149760600.0
2013-06-25,9.7562,9.8878,9.6478,9.8104,118281600.0
2013-06-26,9.942,9.9498,9.8181,9.8801,91661700.0
2013-06-27,9.942,10.0891,9.8956,10.0736,108026300.0
2013-06-28,10.0504,10.0659,9.942,9.9575,78178900.0
2013-07-01,10.0272,10.1433,10.004,10.0117,76675800.0
2013-07-02,10.0349,10.1433,9.911,9.9885,76394300.0
2013-07-03,9.9265,9.942,9.8568,9.9343,34828700.0
2013-07-05,10.0582,10.1278,9.9962,10.1124,73076800.0
2013-07-08,10.1511,10.3524,10.1278,10.2827,88670800.0
2013-07-09,10.3524,10.4763,10.2595,10.4763,100003600.0
2013-07-10,10.4608,10.4763,10.3059,10.3524,91205600.0
2013-07-11,10.4763,10.515,10.3214,10.4608,86217800.0
2013-07-12,10.484,10.6853,10.4298,10.6699,114842900.0
2013-07-15,10.786,10.7937,10.6544,10.7473,82304100.0
2013-07-16,10.7783,10.8557,10.6621,10.7783,122878100.0
2013-07-17,10.8867,11.1809,10.8712,11.0802,222817500.0
2013-07-18,11.1577,11.4984,11.1499,11.4287,202004000.0
2013-07-19,11.4287,11.4287,11.3048,11.4209,130014500.0
2013-07-22,11.4132,11.6068,11.3435,11.5526,101560700.0
2013-07-23,11.599,11.6377,11.5061,11.568,106307300.0
2013-07-24,11.6145,11.6145,11.3667,11.39,111749800.0
2013-07-25,11.3203,11.4984,11.2583,11.4829,83889600.0
2013-07-26,11.3822,11.4287,11.3203,11.4054,68172200.0
2013-07-29,11.3435,11.3822,11.1886,11.2428,82929400.0
2013-07-30,11.2893,11.328,11.1964,11.2428,65465800.0
2013-07-31,11.297,11.4984,11.2816,11.3048,116426700.0
2013-08-01,11.4984,11.5913,11.4751,11.5758,97996000.0
2013-08-02,11.5216,11.5448,11.4442,11.4906,74300900.0
2013-08-05,11.4364,11.4906,11.3822,11.4596,52140700.0
2013-08-06,11.4132,11.4287,11.328,11.3358,71868200.0
2013-08-07,11.1732,11.2816,11.0338,11.2506,122618400.0
2013-08-08,11.3667,11.3822,11.1809,11.3125,79028700.0
2013-08-09,11.2738,11.3125,11.1499,11.1886,68691900.0
2013-08-12,11.119,11.2041,11.088,11.1577,57717400.0
2013-08-13,11.2041,11.3203,11.0957,11.2351,66913700.0
2013-08-14,11.2661,11.4209,11.2583,11.3048,73320900.0
2013-08-15,11.1964,11.2041,11.0802,11.088,93158600.0
2013-08-16,11.0648,11.2041,11.0028,11.1654,79035700.0
2013-08-19,11.1267,11.1344,10.9409,10.9564,79273200.0
2013-08-20,10.9796,11.1344,10.8247,11.0648,108138100.0
2013-08-21,11.0415,11.2119,10.9951,11.1035,85896500.0
2013-08-22,11.2041,11.3048,11.1499,11.2816,69037500.0
2013-08-23,11.297,11.3745,11.2351,11.2816,62691900.0
2013-08-26,11.2506,11.3822,11.2196,11.2196,63845200.0
2013-08-27,11.0415,11.1577,10.9176,10.9254,113813800.0
2013-08-28,10.8944,11.0338,10.8325,10.9331,88763200.0
2013-08-29,10.9486,11.0725,10.9331,10.9718,69570900.0
2013-08-30,11.0183,11.0338,10.8944,10.9331,63117500.0
2013-09-03,11.0725,11.1345,10.9795,11.0338,66801400.0
2013-09-04,11.0105,11.1578,11.0105,11.0958,58621000.0
2013-09-05,11.1655,11.274,11.1268,11.1345,63279900.0
2013-09-06,11.212,11.2352,11.057,11.1268,68484400.0
2013-09-09,11.1655,11.2275,11.1345,11.2197,49088200.0
2013-09-10,11.2507,11.3825,11.2507,11.3205,78370300.0
2013-09-11,11.2817,11.3747,11.2507,11.3515,62131200.0
2013-09-12,11.3515,11.3747,11.2042,11.2197,57406400.0
2013-09-13,11.2042,11.274,11.1965,11.2275,41686500.0
2013-09-16,11.3205,11.3747,11.2585,11.2585,59760500.0
2013-09-17,11.2585,11.3282,11.1578,11.274,66508600.0
2013-09-18,11.2585,11.4832,11.2275,11.398,96535500.0
2013-09-19,11.4677,11.4909,11.2972,11.3205,72373700.0
2013-09-20,11.3592,11.3592,11.1887,11.1887,121962100.0
2013-09-23,11.088,11.1035,10.9176,10.9563,117476400.0
2013-09-24,10.9873,11.0415,10.8556,10.9176,88590800.0
2013-09-25,10.9408,11.0338,10.8711,10.9563,79604300.0
2013-09-26,10.995,11.0183,10.8323,10.9098,82950200.0
2013-09-27,10.8401,10.8711,10.7548,10.7703,71996100.0
2013-09-30,10.6076,10.7936,10.5379,10.6928,88016600.0
2013-10-01,10.7316,10.7858,10.7006,10.7703,51664300.0
2013-10-02,10.7006,10.9253,10.6851,10.8943,79072900.0
2013-10-03,10.9021,10.9253,10.7161,10.8478,89239800.0
2013-10-04,10.8633,10.9098,10.8168,10.8866,57244800.0
2013-10-07,10.7781,10.8091,10.6928,10.7006,60199400.0
2013-10-08,10.7161,10.7703,10.5999,10.6076,87469500.0
2013-10-09,10.6309,10.7936,10.6076,10.7238,88396600.0
2013-10-10,10.8711,11.0415,10.8556,11.026,93936300.0
2013-10-11,11.0338,11.0648,10.9331,10.995,76283800.0
2013-10-14,10.8943,11.15,10.8866,11.119,71704100.0
2013-10-15,11.15,11.181,11.0105,11.0338,90459100.0
2013-10-16,11.0958,11.3205,11.0958,11.2817,133635500.0
2013-10-17,11.1965,11.3592,11.1655,11.3592,80279500.0
2013-10-18,11.3825,11.4057,11.2585,11.336,89587700.0
2013-10-21,11.2585,11.305,11.212,11.2507,70648000.0
2013-10-22,11.274,11.336,11.1965,11.2507,95506600.0
2013-10-23,11.1965,11.2197,10.9795,11.0105,102750400.0
2013-10-24,10.9408,11.0028,10.9021,10.9795,79704700.0
2013-10-25,10.964,11.057,10.9563,11.0493,53053700.0
2013-10-28,11.0725,11.0958,11.0105,11.026,53491400.0
2013-10-29,11.0493,11.0725,10.8943,10.964,74333700.0
2013-10-30,10.995,11.0725,10.964,10.9795,71917600.0
2013-10-31,10.9563,10.9718,10.8168,10.8246,93467700.0
2013-11-01,10.8478,10.9253,10.8246,10.8633,69276800.0
2013-11-04,10.9176,10.9408,10.8478,10.8788,48263400.0
2013-11-05,10.8401,10.8633,10.7703,10.7936,65563900.0
2013-11-06,10.8401,10.8633,10.7781,10.8168,58419200.0
2013-11-07,10.8478,10.8711,10.6928,10.6928,72898900.0
2013-11-08,10.7393,11.0958,10.7238,11.0958,148872100.0
2013-11-11,11.057,11.1733,11.0338,11.1578,63035300.0
2013-11-12,11.1035,11.2042,11.0493,11.0958,65310500.0
2013-11-13,11.0493,11.3437,11.0028,11.3437,116580100.0
2013-11-14,11.3747,11.4832,11.3205,11.4599,123687000.0
2013-11-15,11.4599,11.5839,11.4444,11.5607,97273800.0
2013-11-18,11.6072,11.7544,11.5142,11.5607,139339200.0
2013-11-19,11.6072,11.8551,11.5994,11.7776,153163100.0
2013-11-20,11.8164,11.8319,11.6846,11.7311,100101300.0
2013-11-21,11.7931,12.0876,11.7776,12.0798,131525000.0
2013-11-22,12.1651,12.2348,12.0876,12.1186,101682100.0
2013-11-25,12.1418,12.382,12.1341,12.2503,143690300.0
2013-11-26,12.2658,12.3743,12.2503,12.3045,99713500.0
2013-11-27,12.2968,12.351,12.2115,12.2658,68347400.0
2013-11-29,12.2658,12.3355,12.2348,12.258,38196400.0
2013-12-02,12.2735,12.3743,12.1651,12.1883,86452700.0
2013-12-03,12.1186,12.2349,11.9248,12.0411,97828000.0
2013-12-04,11.9325,12.1961,11.9093,12.1186,89985600.0
2013-12-05,12.1109,12.1264,11.9093,11.9635,79513500.0
2013-12-06,12.0954,12.1884,11.9868,12.0643,78290300.0
2013-12-09,12.1109,12.1496,12.0643,12.0798,46177600.0
2013-12-10,12.0333,12.1574,12.0256,12.0643,60182500.0
2013-12-11,12.0566,12.0566,11.7697,11.824,107075000.0
2013-12-12,11.8317,11.9015,11.7232,11.824,64380900.0
2013-12-13,11.8472,11.886,11.7309,11.7697,54537400.0
2013-12-16,11.8007,11.8938,11.7852,11.8162,58450100.0
2013-12-17,11.8162,11.855,11.7387,11.7697,61122700.0
2013-12-18,11.8472,12.1806,11.6767,12.1651,133162700.0
2013-12-19,12.1419,12.2427,12.0954,12.2117,82164800.0
2013-12-20,12.2117,12.3047,12.0954,12.0954,99009900.0
2013-12-23,12.1884,12.2427,12.1651,12.1651,48953200.0
2013-12-24,12.1884,12.2117,12.1496,12.1729,20076400.0
2013-12-26,12.2039,12.2117,12.1264,12.1341,43411400.0
2013-12-27,12.1496,12.1729,12.0798,12.1496,38163600.0
2013-12-30,12.1186,12.1651,12.0333,12.0488,48030400.0
2013-12-31,12.0954,12.1109,12.0256,12.0721,48519700.0
2014-01-02,12.1651,12.5295,12.1574,12.483,141383300.0
2014-01-03,12.6148,12.7932,12.5838,12.7234,121944100.0
2014-01-06,12.894,12.9715,12.8397,12.9172,105908600.0
2014-01-07,13.0025,13.018,12.7544,12.7932,102380300.0
2014-01-08,12.925,12.9405,12.8242,12.8552,88569200.0
2014-01-09,12.925,13.0645,12.8862,13.049,84473600.0
2014-01-10,12.987,13.018,12.8784,13.0025,79375800.0
2014-01-13,13.018,13.0258,12.7156,12.7389,83915200.0
2014-01-14,12.8242,13.0025,12.8164,13.0025,89809000.0
2014-01-15,13.3592,13.5065,13.2661,13.2971,288590900.0
2014-01-16,13.2506,13.2894,13.1731,13.2429,146970500.0
2014-01-17,13.3437,13.3514,13.1731,13.1886,88893500.0
2014-01-21,13.2429,13.3049,13.08,13.1886,91812800.0
2014-01-22,13.2429,13.2971,13.1808,13.2971,61090100.0
2014-01-23,13.2429,13.2506,12.9792,13.0723,114483700.0
2014-01-24,12.925,12.9637,12.7544,12.7544,103778500.0
2014-01-27,12.6846,12.8242,12.452,12.6458,114921300.0
2014-01-28,12.7544,12.9947,12.6924,12.9715,85840200.0
2014-01-29,12.8319,13.0645,12.7854,12.9327,120311100.0
2014-01-30,13.0335,13.1731,13.0025,13.1266,83469800.0
2014-01-31,12.9637,13.1653,12.8784,12.987,126836900.0
2014-02-03,13.0103,13.0878,12.6381,12.6769,147696900.0
2014-02-04,12.7854,12.8397,12.6071,12.6769,111829100.0
2014-02-05,12.6458,12.7544,12.5218,12.7156,101705800.0
2014-02-06,12.7544,12.9715,12.7466,12.9405,86780800.0
2014-02-07,13.0413,13.0878,12.894,13.0413,102360600.0
2014-02-10,12.956,12.9715,12.8707,12.9637,84106400.0
2014-02-11,12.9715,13.1188,12.9017,13.0878,82934100.0
2014-02-12,13.08,13.1111,12.9095,12.987,90602000.0
2014-02-13,12.9017,13.0413,12.894,12.987,87687200.0
2014-02-14,12.9792,13.0413,12.9095,12.9482,85862000.0
2014-02-18,12.9482,12.9792,12.7699,12.7699,107766800.0
2014-02-19,12.7001,12.7544,12.5451,12.5606,111684900.0
2014-02-20,12.5761,12.6846,12.5451,12.6381,92558000.0
2014-02-21,12.6303,12.7777,12.5993,12.6303,101574100.0
2014-02-24,12.6381,12.894,12.6381,12.8164,95360900.0
2014-02-25,12.7932,12.8397,12.6536,12.6691,72145000.0
2014-02-26,12.6846,12.7156,12.5063,12.6614,84081900.0
2014-02-27,12.6148,12.7854,12.5683,12.7854,66715600.0
2014-02-28,12.7854,12.9095,12.6769,12.8164,105751800.0
2014-03-03,12.6381,12.7234,12.5528,12.6381,81760500.0
2014-03-04,12.7775,12.9715,12.7387,12.9715,91413300.0
2014-03-05,13.0258,13.4292,13.018,13.3827,176821100.0
2014-03-06,13.5146,13.6464,13.4292,13.4602,123060200.0
2014-03-07,13.6077,13.6464,13.3827,13.4447,97059500.0
2014-03-10,13.3982,13.5533,13.3827,13.5533,69749300.0
2014-03-11,13.5844,13.5921,13.3827,13.3982,84016300.0
2014-03-12,13.3284,13.4447,13.243,13.4059,78450900.0
2014-03-13,13.4525,13.5533,13.243,13.3128,94561500.0
2014-03-14,13.2508,13.3594,13.0025,13.0336,123591000.0
2014-03-17,13.1732,13.3206,13.1654,13.2741,71307900.0
2014-03-18,13.2973,13.3594,13.243,13.3361,52561700.0
2014-03-19,13.3128,13.5689,13.2818,13.5301,97372100.0
2014-03-20,13.5301,13.9645,13.5223,13.9025,157123000.0
2014-03-21,13.9878,13.9878,13.6232,13.6232,127194600.0
2014-03-24,13.6697,13.693,13.4215,13.4758,108763100.0
2014-03-25,13.5689,13.6387,13.3439,13.3516,91639600.0
2014-03-26,13.4835,13.499,13.3284,13.3284,85204800.0
2014-03-27,13.4059,13.5689,13.0568,13.1965,146682700.0
2014-03-28,13.2508,13.3051,13.0723,13.1732,73841200.0
2014-03-31,13.3051,13.3982,13.2818,13.3439,53605500.0
2014-04-01,13.4059,13.499,13.3904,13.4525,52907000.0
2014-04-02,13.4602,13.4835,13.2896,13.3672,59613000.0
2014-04-03,13.3516,13.3749,13.212,13.3051,51929900.0
2014-04-04,13.3516,13.3594,12.956,12.9715,101868000.0
2014-04-07,12.9482,12.9637,12.5603,12.7077,115764400.0
2014-04-08,12.7,12.8008,12.6069,12.7543,71368000.0
2014-04-09,12.8396,12.9017,12.6844,12.8939,70981200.0
2014-04-10,12.8939,12.8939,12.4905,12.506,90915800.0
2014-04-11,12.3043,12.5138,12.1181,12.2345,121989400.0
2014-04-14,12.4517,12.5836,12.2422,12.4129,91633700.0
2014-04-15,12.4827,12.731,12.3819,12.7155,123881500.0
2014-04-16,12.5681,12.5836,12.2422,12.5138,147196200.0
2014-04-17,12.5215,12.6069,12.3586,12.5293,85726600.0
2014-04-21,12.5293,12.5448,12.4362,12.4827,40517100.0
2014-04-22,12.4827,12.6767,12.4439,12.6379,70922700.0
2014-04-23,12.6457,12.7232,12.5913,12.7,46594400.0
2014-04-24,12.7543,12.8008,12.5758,12.6767,67057900.0
2014-04-25,12.4905,12.5913,12.3586,12.3741,75149900.0
2014-04-28,11.8931,11.9552,11.5285,11.5983,308940800.0
2014-04-29,11.6681,11.8698,11.5673,11.8233,140561200.0
2014-04-30,11.8388,11.8466,11.738,11.7457,71775000.0
2014-05-01,11.7457,11.8078,11.6604,11.7069,63624100.0
2014-05-02,11.7767,11.8621,11.7147,11.8311,63868500.0
2014-05-05,11.6992,11.738,11.6526,11.6992,46903300.0
2014-05-06,11.6604,11.6604,11.4199,11.4276,87967800.0
2014-05-07,11.5285,11.575,11.4431,11.4819,73586800.0
2014-05-08,11.5207,11.6681,11.4819,11.5828,58645400.0
2014-05-09,11.5983,11.5983,11.3811,11.4354,81200800.0
2014-05-12,11.4742,11.7147,11.4742,11.6914,63285200.0
2014-05-13,11.6604,11.7147,11.5906,11.6604,54500000.0
2014-05-14,11.6293,11.6526,11.4897,11.513,46420300.0
2014-05-15,11.4975,11.5052,11.1639,11.288,97184300.0
2014-05-16,11.257,11.2802,11.1483,11.257,71363700.0
2014-05-19,11.1949,11.4044,11.1561,11.3811,42834500.0
2014-05-20,11.3656,11.3966,11.2337,11.2725,48971100.0
2014-05-21,11.319,11.4121,11.2492,11.3345,56235400.0
2014-05-22,11.3113,11.4199,11.288,11.4121,44642100.0
2014-05-23,11.4121,11.4819,11.3656,11.4199,44645500.0
2014-05-27,11.6371,11.8776,11.6216,11.8078,104503700.0
2014-05-28,11.8466,11.8543,11.6604,11.7457,65209000.0
2014-05-29,11.7302,11.8,11.7147,11.7535,34152900.0
2014-05-30,11.7302,11.8155,11.6914,11.7457,37673700.0
2014-06-02,11.7612,11.8543,11.6759,11.8388,43010500.0
2014-06-03,11.7923,11.8543,11.7224,11.8,44670200.0
2014-06-04,11.7845,11.8388,11.7535,11.8,35591500.0
2014-06-05,11.8543,12.0095,11.8078,11.9707,55355200.0
2014-06-06,11.9862,12.1414,11.9707,12.0948,65769500.0
2014-06-09,12.1026,12.3198,12.1026,12.2888,58726400.0
2014-06-10,12.25,12.3664,12.2034,12.3508,44973300.0
2014-06-11,12.1724,12.2733,12.0638,12.0948,66392000.0
2014-06-12,12.0793,12.1491,11.9319,11.9629,61037800.0
2014-06-13,11.994,12.0638,11.8931,11.9785,55059000.0
2014-06-16,11.8698,11.8776,11.7767,11.8543,47543900.0
2014-06-17,11.8466,12.1181,11.8388,12.0948,53127400.0
2014-06-18,12.1259,12.1724,11.9785,12.1414,62501700.0
2014-06-19,12.1492,12.157,12.025,12.0638,34452800.0
2014-06-20,12.1337,12.1337,11.9862,11.9939,46106400.0
2014-06-23,12.0095,12.1492,11.9396,12.1414,55175400.0
2014-06-24,12.0793,12.188,11.9862,12.025,58683000.0
2014-06-25,11.9939,12.025,11.862,12.0095,66159500.0
2014-06-26,11.9784,12.056,11.8542,11.9629,62711700.0
2014-06-27,11.9396,11.9706,11.8852,11.9008,39109000.0
2014-06-30,11.8852,11.9939,11.8697,11.9318,40281600.0
2014-07-01,11.9396,12.1492,11.9396,12.1104,64648500.0
2014-07-02,12.2501,12.4442,12.2346,12.3044,80107700.0
2014-07-03,12.4752,12.5994,12.4209,12.4442,60984200.0
2014-07-07,12.4131,12.4209,12.2889,12.3743,57927300.0
2014-07-08,12.2812,12.2889,12.0483,12.0948,66819200.0
2014-07-09,12.1259,12.1802,12.0638,12.1104,43113000.0
2014-07-10,11.9008,12.056,11.8387,11.9862,55839000.0
2014-07-11,11.9473,11.9784,11.8775,11.9396,52211000.0
2014-07-14,12.1259,12.1647,12.0483,12.0871,53030200.0
2014-07-15,12.2268,12.3044,12.157,12.2734,86838100.0
2014-07-16,12.157,12.157,11.9784,12.0405,107306500.0
2014-07-17,11.9939,12.0172,11.7455,11.7999,95477800.0
2014-07-18,11.8542,12.0327,11.8387,12.025,70156900.0
2014-07-21,11.9706,12.0716,11.9241,12.0483,52762300.0
2014-07-22,12.1026,12.1259,12.0095,12.0483,54027100.0
2014-07-23,12.0483,12.1337,12.0405,12.0483,44704900.0
2014-07-24,12.0793,12.1414,12.0716,12.1259,41663000.0
2014-07-25,12.0948,12.1337,12.0716,12.1026,31940300.0
2014-07-28,12.1026,12.1181,12.0017,12.0327,35432700.0
2014-07-29,12.0483,12.056,11.9085,11.9085,44014400.0
2014-07-30,11.9862,12.1647,11.8852,12.0948,77641500.0
2014-07-31,11.9862,12.0716,11.8387,11.8387,61425100.0
2014-08-01,11.7843,11.9473,11.5204,11.6291,108630700.0
2014-08-04,11.6989,11.7377,11.6291,11.6834,44203500.0
2014-08-05,11.6524,11.7999,11.567,11.6446,61226600.0
2014-08-06,11.7533,11.9241,11.7533,11.7999,81551900.0
2014-08-07,11.9862,11.9862,11.7145,11.7377,73305900.0
2014-08-08,11.7067,11.7999,11.6368,11.7999,49176300.0
2014-08-11,11.8464,11.8542,11.761,11.8154,34733400.0
2014-08-12,11.7843,11.8775,11.761,11.8076,29687600.0
2014-08-13,11.8387,11.8697,11.7999,11.8387,30560700.0
2014-08-14,11.8464,11.893,11.8464,11.893,26703500.0
2014-08-15,11.9085,11.9629,11.7533,11.8154,57901300.0
2014-08-18,11.862,11.9939,11.8542,11.9939,43615000.0
2014-08-19,12.0483,12.1492,11.9862,11.9939,38548400.0
2014-08-20,11.9629,12.0638,11.9318,12.0483,54465900.0
2014-08-21,12.1802,12.5917,12.1259,12.5451,154218400.0
2014-08-22,12.5451,12.646,12.4597,12.5218,100433800.0
2014-08-25,12.6305,12.7314,12.5762,12.646,83010000.0
2014-08-26,12.6771,12.778,12.6693,12.6771,59347700.0
2014-08-27,12.7159,12.7237,12.5296,12.5762,54221700.0
2014-08-28,12.4985,12.4985,12.4131,12.4287,57772500.0
2014-08-29,12.4597,12.5296,12.4364,12.4908,42440300.0
2014-09-02,12.5293,12.6383,12.467,12.6305,53772800.0
2014-09-03,12.6694,12.6772,12.4903,12.5371,50109200.0
2014-09-04,12.5293,12.6694,12.4903,12.5448,51578200.0
2014-09-05,12.4981,12.5137,12.3813,12.4748,61526600.0
2014-09-08,12.6071,12.7473,12.576,12.7317,84540600.0
2014-09-09,12.6539,12.6616,12.5371,12.5682,70924000.0
2014-09-10,12.5838,12.7707,12.5604,12.7395,66608000.0
2014-09-11,12.7084,12.9498,12.6928,12.903,100778000.0
2014-09-12,12.942,13.1055,12.9342,13.0744,104867000.0
2014-09-15,13.0821,13.1834,12.942,13.0354,80252400.0
2014-09-16,12.9809,13.1133,12.9809,13.0121,59991800.0
2014-09-17,13.0043,13.1834,12.9887,13.0588,71070400.0
2014-09-18,13.1444,13.3547,13.1367,13.269,101734600.0
2014-09-19,13.3547,13.3703,13.1444,13.1989,78808800.0
2014-09-22,13.308,13.3703,13.2301,13.2612,97942500.0
2014-09-23,13.2768,13.3936,13.2612,13.2768,78483200.0
2014-09-24,13.3313,13.3858,13.2145,13.378,76868500.0
2014-09-25,13.3625,13.378,13.1211,13.1211,94292500.0
2014-09-26,13.1678,13.2768,13.1522,13.2612,61629500.0
2014-09-29,13.1678,13.2768,13.1444,13.2457,63641100.0
2014-09-30,13.3002,13.3235,13.2145,13.2768,71110400.0
2014-10-01,13.2924,13.308,13.0821,13.0977,81639500.0
2014-10-02,13.1289,13.2301,12.9498,13.1444,104536100.0
2014-10-03,13.3235,13.4715,13.2846,13.4637,96692200.0
2014-10-06,13.526,13.5572,13.4092,13.4637,59928100.0
2014-10-07,13.378,13.3936,13.1444,13.1444,84928300.0
2014-10-08,13.1444,13.3313,13.0198,13.3313,92341400.0
2014-10-09,13.269,13.3235,12.8875,12.9186,112063600.0
2014-10-10,12.8641,13.0588,12.7395,12.833,109932900.0
2014-10-13,12.833,12.9809,12.7707,12.7707,86179500.0
2014-10-14,12.8563,12.9498,12.7395,12.8641,87949900.0
2014-10-15,12.6383,12.6461,12.0153,12.2723,197339600.0
2014-10-16,12.1555,12.6539,12.0854,12.5215,137421200.0
2014-10-17,12.6539,12.7785,12.5838,12.6227,85294900.0
2014-10-20,12.6071,12.7162,12.5838,12.6616,71566300.0
2014-10-21,12.794,12.9342,12.7006,12.9264,73011000.0
2014-10-22,12.9264,13.0043,12.7473,12.7707,68033200.0
2014-10-23,12.9108,13.0276,12.8641,12.9264,60433300.0
2014-10-24,12.9498,13.0198,12.8953,13.0198,35550500.0
2014-10-27,12.9887,12.9965,12.8641,12.9186,43800100.0
2014-10-28,12.942,13.0821,12.9342,13.0821,56347600.0
2014-10-29,13.0588,13.2535,13.0121,13.2301,89315000.0
2014-10-30,13.2145,13.3313,13.1133,13.2612,65891200.0
2014-10-31,13.3703,13.4092,13.3158,13.3625,70871000.0
2014-11-03,13.378,13.5104,13.3158,13.4481,58142600.0
2014-11-04,13.4092,13.4715,13.2535,13.4014,49594500.0
2014-11-05,13.4871,13.526,13.4014,13.5026,53912700.0
2014-11-06,13.5026,13.5494,13.4559,13.5182,40596200.0
2014-11-07,13.4793,13.5338,13.4092,13.5182,45314800.0
2014-11-10,13.5182,13.5494,13.4715,13.526,41808100.0
2014-11-11,13.5338,13.5961,13.4715,13.4871,54721600.0
2014-11-12,13.4248,13.4715,13.2924,13.4637,43948200.0
2014-11-13,13.4637,13.4715,13.3313,13.4092,47323300.0
2014-11-14,13.3625,13.4326,13.3158,13.3469,34997300.0
2014-11-17,13.2924,13.3469,13.2145,13.308,36593000.0
2014-11-18,13.2924,13.4092,13.2846,13.3469,35168400.0
2014-11-19,13.3469,13.3547,13.2457,13.2846,42297300.0
2014-11-20,13.2067,13.2457,13.1055,13.2379,45581500.0
2014-11-21,13.3547,13.3858,13.2846,13.3313,55282500.0
2014-11-24,13.3625,13.4559,13.3002,13.378,44315900.0
2014-11-25,13.417,13.4403,13.3002,13.3158,38232700.0
2014-11-26,13.3313,13.3547,13.269,13.3235,22948500.0
2014-11-28,13.2924,13.3547,13.2612,13.269,20166500.0
2014-12-01,13.1756,13.1912,13.0276,13.0744,52447000.0
2014-12-02,13.136,13.3547,13.1282,13.3547,52924200.0
2014-12-03,13.3547,13.5109,13.3234,13.5031,52488000.0
2014-12-04,13.464,13.5421,13.3781,13.4406,46580300.0
2014-12-05,13.5968,13.8311,13.5499,13.8077,118635500.0
2014-12-08,13.792,13.956,13.6749,13.792,83358400.0
2014-12-09,13.4172,13.7374,13.4094,13.7139,87316000.0
2014-12-10,13.6515,13.8077,13.5656,13.5734,93922000.0
2014-12-11,13.6202,13.7842,13.6124,13.6436,64051100.0
2014-12-12,13.5656,13.628,13.3781,13.3781,77960900.0
2014-12-15,13.5109,13.5187,13.0892,13.1594,86309100.0
2014-12-16,13.0735,13.425,12.9564,13.0579,88533000.0
2014-12-17,13.1829,13.4875,13.136,13.4796,82104800.0
2014-12-18,13.6436,13.6905,13.5421,13.6905,72119300.0
2014-12-19,13.6593,13.8233,13.6593,13.7608,87869500.0
2014-12-22,13.7842,13.8467,13.7061,13.8311,46417500.0
2014-12-23,13.9248,14.0498,13.8858,14.0029,69293500.0
2014-12-24,14.0263,14.1357,13.9951,14.0419,32016100.0
2014-12-26,14.0732,14.0966,14.0185,14.0419,21900800.0
2014-12-29,14.0341,14.206,13.9873,14.1435,52114800.0
2014-12-30,14.0888,14.1981,14.0654,14.1591,38070300.0
2014-12-31,14.206,14.2216,13.9717,13.9717,50500800.0
2015-01-02,14.0498,14.081,13.8077,13.9795,42730300.0
2015-01-05,13.8936,13.9092,13.5031,13.5734,81001200.0
2015-01-06,13.6046,13.6202,13.1048,13.1673,136995100.0
2015-01-07,13.3859,13.4172,13.1751,13.2297,83539700.0
2015-01-08,13.4015,13.5421,13.3547,13.5031,67089400.0
2015-01-09,13.5577,13.5734,13.2375,13.261,76300900.0
2015-01-12,13.3,13.3,13.0111,13.0267,74664000.0
2015-01-13,13.136,13.1907,12.7455,12.8471,94607900.0
2015-01-14,12.4956,12.6674,12.316,12.5269,135762100.0
2015-01-15,12.1754,12.3082,11.8318,11.8708,168143800.0
2015-01-16,11.8396,12.027,11.6912,12.0114,135162700.0
2015-01-20,12.1754,12.2067,11.8708,11.9177,97778200.0
2015-01-21,11.9333,12.1598,11.8318,12.0348,94584600.0
2015-01-22,12.1442,12.644,12.0505,12.5659,132042800.0
2015-01-23,12.5269,12.644,12.2848,12.2848,84653200.0
2015-01-26,12.2769,12.4409,12.2613,12.3785,51179100.0
2015-01-27,12.1442,12.3316,12.0895,12.2067,77424600.0
2015-01-28,12.2769,12.2848,11.8708,11.8708,96921700.0
2015-01-29,11.9567,12.0973,11.8708,12.0505,70349200.0
2015-01-30,11.8943,12.0817,11.8318,11.8318,86643800.0
2015-02-02,11.9255,12.0973,11.8084,12.0739,93715600.0
2015-02-03,12.1988,12.4409,12.191,12.4097,99095900.0
2015-02-04,12.3316,12.4956,12.3004,12.3316,78310200.0
2015-02-05,12.48,12.5659,12.4175,12.4722,71806500.0
2015-02-06,12.7299,13.0813,12.6674,12.8783,137738300.0
2015-02-09,12.769,12.8861,12.6909,12.769,74393300.0
2015-02-10,12.933,12.9798,12.769,12.8236,78373800.0
2015-02-11,12.7533,12.8471,12.6596,12.7768,81898400.0
2015-02-12,12.8158,13.0657,12.7846,13.0189,98374800.0
2015-02-13,13.0657,13.1126,12.9173,12.972,85229500.0
2015-02-17,12.9095,13.0267,12.7846,12.9876,77861100.0
2015-02-18,12.9252,12.933,12.683,12.7299,74910300.0
2015-02-19,12.6596,12.7924,12.5581,12.6596,72295500.0
2015-02-20,12.605,12.8314,12.5034,12.7924,84392100.0
2015-02-23,12.7455,12.7455,12.5737,12.6518,64309800.0
2015-02-24,12.6987,12.9252,12.6909,12.7924,68461900.0
2015-02-25,12.7846,12.8861,12.7455,12.8783,52794300.0
2015-02-26,12.8236,12.8392,12.4644,12.5269,130201000.0
2015-02-27,12.3238,12.4019,12.1988,12.3472,113210700.0
2015-03-02,12.3316,12.519,12.2691,12.5034,66696500.0
2015-03-03,12.519,12.613,12.4642,12.5269,58532500.0
2015-03-04,12.5034,12.519,12.3467,12.4093,74099700.0
2015-03-05,12.472,12.5582,12.331,12.5347,60868500.0
2015-03-06,12.8716,13.0204,12.66,12.707,144064600.0
2015-03-09,12.7854,12.7932,12.6287,12.6679,67397500.0
2015-03-10,12.566,12.6365,12.3702,12.3702,77682000.0
2015-03-11,12.472,12.66,12.4328,12.6209,70052400.0
2015-03-12,12.5739,12.6992,12.4563,12.6052,115618800.0
2015-03-13,12.5974,12.6522,12.4877,12.6052,73332900.0
2015-03-16,12.6209,12.707,12.4172,12.6365,56747300.0
2015-03-17,12.5974,12.6287,12.5034,12.6052,52533800.0
2015-03-18,12.5425,12.613,12.4642,12.519,79252200.0
2015-03-19,12.5034,12.5112,12.2292,12.2292,100364600.0
2015-03-20,12.2997,12.4798,12.2527,12.4093,84814100.0
2015-03-23,12.3858,12.4407,12.3153,12.3153,49642700.0
2015-03-24,12.3232,12.378,12.2292,12.2292,70083300.0
2015-03-25,12.2448,12.2605,12.0646,12.0725,81639700.0
2015-03-26,12.0568,12.1743,11.955,12.0803,69321100.0
2015-03-27,12.1351,12.1351,11.9628,11.9941,65343900.0
2015-03-30,12.0725,12.2292,12.0646,12.1586,64974600.0
2015-03-31,12.143,12.1586,12.049,12.0568,51141800.0
2015-04-01,12.0803,12.1116,11.9471,12.0725,64391900.0
2015-04-02,12.0881,12.237,12.0881,12.1743,46500400.0
2015-04-06,12.0568,12.2213,12.0176,12.1508,47253000.0
2015-04-07,12.1665,12.2605,12.1038,12.1116,44591400.0
2015-04-08,12.1508,12.331,12.143,12.2292,67055000.0
2015-04-09,12.2448,12.3467,12.1665,12.3075,41768800.0
2015-04-10,12.2918,12.3702,12.2213,12.3153,40054200.0
2015-04-13,12.3623,12.425,12.331,12.378,44845900.0
2015-04-14,12.4407,12.4955,12.3075,12.3937,67882200.0
2015-04-15,12.2997,12.4172,12.2135,12.2527,107109400.0
2015-04-16,12.2448,12.4877,12.2057,12.3702,97090100.0
2015-04-17,12.3075,12.3388,12.143,12.19,83275100.0
2015-04-20,12.237,12.2918,12.19,12.1978,49089000.0
2015-04-21,12.2213,12.2527,12.0881,12.143,60838000.0
2015-04-22,12.1822,12.4015,12.1351,12.331,67970800.0
2015-04-23,12.3153,12.378,12.284,12.2918,42956700.0
2015-04-24,12.3075,12.3388,12.2292,12.2527,36835400.0
2015-04-27,12.2448,12.3467,12.19,12.19,47251300.0
2015-04-28,12.2057,12.3075,12.143,12.2605,52070100.0
2015-04-29,12.2213,12.566,12.1978,12.519,117822500.0
2015-04-30,12.5347,12.5739,12.3702,12.4798,70656100.0
2015-05-01,12.5347,12.6522,12.472,12.6209,72856400.0
2015-05-04,12.6444,12.8872,12.6287,12.8794,72451200.0
2015-05-05,12.8637,13.0126,12.7932,12.8089,98797400.0
2015-05-06,12.8167,12.9186,12.5974,12.7619,91378600.0
2015-05-07,12.7149,12.7932,12.6052,12.7227,68681700.0
2015-05-08,12.7932,12.8951,12.707,12.8872,81443300.0
2015-05-11,12.8872,12.9969,12.8716,12.9186,52606300.0
2015-05-12,12.8951,12.9107,12.8089,12.8716,54962100.0
2015-05-13,12.8794,12.9421,12.8167,12.9029,42953800.0
2015-05-14,12.9499,12.9969,12.8872,12.9421,51354800.0
2015-05-15,12.9421,12.9421,12.7697,12.8089,49559200.0
2015-05-18,12.7775,12.9577,12.7775,12.9342,46746300.0
2015-05-19,12.9969,13.1458,12.9891,13.1379,73452800.0
2015-05-20,13.1458,13.2006,13.0282,13.1144,63045500.0
2015-05-21,13.0909,13.1223,12.9734,13.1066,47922500.0
2015-05-22,13.0987,13.1614,13.0831,13.1223,41035300.0
2015-05-26,13.1066,13.1066,12.8716,12.9264,70062400.0
2015-05-27,12.9734,13.1223,12.9577,13.1144,65081300.0
2015-05-28,13.0987,13.1066,12.9891,13.0596,44257800.0
2015-05-29,13.0517,13.0596,12.9029,12.9264,49285000.0
2015-06-01,12.9891,13.0361,12.9029,12.9656,54873760.0
2015-06-02,12.9416,13.1302,12.9259,13.0987,59436702.0
2015-06-03,13.193,13.3738,13.1538,13.303,84015175.0
2015-06-04,13.2559,13.3423,13.138,13.1852,56220168.0
2015-06-05,13.3895,13.6331,13.3266,13.5073,110580391.0
2015-06-08,13.5702,13.6174,13.3973,13.4209,54353513.0
2015-06-09,13.3973,13.6331,13.3581,13.6016,72805742.0
2015-06-10,13.6645,13.8452,13.6409,13.8217,83882547.0
2015-06-11,13.8452,13.8924,13.7038,13.7431,70807031.0
2015-06-12,13.7116,13.8138,13.6409,13.7431,47155297.0
2015-06-15,13.6174,13.7509,13.5545,13.7274,64864263.0
2015-06-16,13.7195,13.7981,13.6488,13.7902,44723904.0
2015-06-17,13.8217,13.8295,13.5938,13.6488,84094382.0
2015-06-18,13.6331,13.6724,13.5309,13.6566,85789902.0
2015-06-19,13.5781,13.6645,13.4523,13.4916,71263599.0
2015-06-22,13.6409,13.7745,13.6331,13.7274,52922217.0
2015-06-23,13.7981,13.9238,13.7902,13.8845,58607723.0
2015-06-24,13.7745,13.9002,13.7116,13.7431,53062534.0
2015-06-25,13.8059,13.8452,13.6331,13.6488,53664859.0
2015-06-26,13.7352,13.7667,13.6331,13.6802,47988125.0
2015-06-29,13.4602,13.5545,13.248,13.2716,91470980.0
2015-06-30,13.4209,13.4602,13.2402,13.3738,71483130.0
2015-07-01,13.5545,13.6016,13.4288,13.5309,54882960.0
2015-07-02,13.4838,13.5231,13.2716,13.3816,58184819.0
2015-07-06,13.1852,13.3659,13.1302,13.3109,54987106.0
2015-07-07,13.2795,13.303,12.8394,13.1145,98664844.0
2015-07-08,12.9023,12.9652,12.7452,12.7687,77093820.0
2015-07-09,12.9887,13.138,12.9259,12.9495,75653112.0
2015-07-10,13.2009,13.2323,13.0909,13.1223,54516161.0
2015-07-13,13.3345,13.3973,13.2795,13.3738,57823298.0
2015-07-14,13.303,13.4759,13.248,13.4602,59062893.0
2015-07-15,13.7745,14.026,13.7431,13.8924,157504618.0
2015-07-16,14.0731,14.1988,14.0338,14.1045,111532399.0
2015-07-17,14.1124,14.2695,14.0574,14.2224,88248082.0
2015-07-20,14.2617,14.3245,14.2067,14.2381,63704182.0
2015-07-21,14.2303,14.2774,14.1595,14.2067,58860521.0
2015-07-22,14.1674,14.521,14.1674,14.4974,101533747.0
2015-07-23,14.4503,14.4817,14.2067,14.2853,95812594.0
2015-07-24,14.301,14.3245,14.0181,14.0652,79775730.0
2015-07-27,13.8767,13.971,13.7509,13.8845,86611363.0
2015-07-28,13.9788,14.0574,13.8295,14.0495,73915440.0
2015-07-29,14.1045,14.301,14.081,14.2695,84480673.0
2015-07-30,14.301,14.3717,14.1831,14.246,61622177.0
2015-07-31,14.1674,14.191,14.0338,14.0495,57541114.0
2015-08-03,14.0731,14.1202,13.8609,13.9631,58717538.0
2015-08-04,13.9788,14.0888,13.9159,13.9867,64213504.0
2015-08-05,14.0888,14.1831,13.9867,14.0417,62354864.0
2015-08-06,14.0731,14.1281,13.9631,13.9945,44876927.0
2015-08-07,14.081,14.1988,13.8295,13.9474,67800394.0
2015-08-10,14.0417,14.1831,14.0338,14.1753,50502037.0
2015-08-11,14.026,14.1202,13.9238,13.9788,61324208.0
2015-08-12,13.8452,13.8688,13.3738,13.7667,129487299.0
2015-08-13,13.7981,13.9002,13.7038,13.8452,60597189.0
2015-08-14,13.8059,13.9081,13.7824,13.9081,47281225.0
2015-08-17,13.8295,13.9945,13.7981,13.9631,39740627.0
2015-08-18,13.9238,14.0652,13.8688,13.9002,47312628.0
2015-08-19,13.7902,13.9002,13.7038,13.7195,72595753.0
2015-08-20,13.5073,13.5152,13.138,13.138,139303268.0
2015-08-21,12.7294,13.0909,12.6509,12.6509,138201315.0
2015-08-24,11.7944,12.5566,11.4722,12.0144,200667122.0
2015-08-25,12.7294,12.7373,11.983,11.9908,178934244.0
2015-08-26,12.423,12.6194,12.0458,12.6194,149183912.0
2015-08-27,12.8709,12.9259,12.643,12.918,115156787.0
2015-08-28,12.8866,12.918,12.7294,12.8552,66402192.0
2015-08-31,12.8316,12.8709,12.7137,12.8394,52211105.0
2015-09-01,12.5339,12.6128,12.1477,12.2423,110119124.0
2015-09-02,12.4709,12.5024,12.2738,12.4945,65972090.0
2015-09-03,12.5891,12.7625,12.5103,12.5655,71986628.0
2015-09-04,12.4472,12.5024,12.2186,12.3369,95849867.0
2015-09-08,12.5812,12.7389,12.5339,12.7389,64580980.0
2015-09-09,12.9044,12.9754,12.4788,12.5339,58797014.0
2015-09-10,12.5103,12.6995,12.463,12.6443,61013517.0
2015-09-11,12.6049,12.6601,12.5339,12.6443,45588427.0
2015-09-14,12.5891,12.6679,12.5339,12.5812,40999982.0
2015-09-15,12.6443,12.9202,12.6206,12.8571,52719829.0
2015-09-16,12.8887,12.9202,12.6837,12.8729,63277617.0
2015-09-17,12.8414,12.9911,12.4393,12.5024,111460242.0
2015-09-18,12.3605,12.3842,12.2186,12.2659,112606089.0
2015-09-21,12.3526,12.4157,12.2738,12.3763,56309611.0
2015-09-22,12.2107,12.2817,12.1792,12.2738,86901335.0
2015-09-23,12.2974,12.4945,12.2817,12.392,72422055.0
2015-09-24,12.2501,12.3132,12.1398,12.258,84592823.0
2015-09-25,12.5182,12.6285,12.463,12.526,80941739.0
2015-09-28,12.4472,12.4709,12.124,12.195,80889661.0
2015-09-29,12.2186,12.2423,12.0215,12.1004,74336679.0
2015-09-30,12.258,12.2974,12.0767,12.2817,60661914.0
2015-10-01,12.2344,12.329,12.1083,12.258,67124120.0
2015-10-02,11.8875,12.124,11.5328,12.124,169761761.0
2015-10-05,12.1792,12.4472,12.1713,12.3684,70027070.0
2015-10-06,12.3605,12.4709,12.2738,12.3684,62229400.0
2015-10-07,12.4393,12.5576,12.2738,12.4157,63044693.0
2015-10-08,12.392,12.4393,12.2265,12.4157,67869282.0
2015-10-09,12.4157,12.4709,12.2186,12.2817,69774298.0
2015-10-12,12.2974,12.3132,12.1634,12.2344,45454875.0
2015-10-13,12.1792,12.2896,12.1398,12.2344,60227334.0
2015-10-14,12.4315,12.5497,12.258,12.329,103923446.0
2015-10-15,12.463,12.8335,12.392,12.7625,119895562.0
2015-10-16,12.8414,12.8414,12.6364,12.7074,61529666.0
2015-10-19,12.6128,12.7783,12.597,12.7231,51606606.0
2015-10-20,12.7389,12.8414,12.6916,12.7704,47557202.0
2015-10-21,12.8177,12.8414,12.5339,12.5339,60308757.0
2015-10-22,12.6128,12.7704,12.6049,12.7389,69684734.0
2015-10-23,12.8493,13.0463,12.8098,13.0227,69114103.0
2015-10-26,13.0227,13.0463,12.8808,13.0148,44203190.0
2015-10-27,12.9281,12.9833,12.8493,12.9281,47619621.0
2015-10-28,12.9675,13.6454,12.9596,13.6218,141743231.0
2015-10-29,13.5272,13.7479,13.3774,13.472,88810579.0
2015-10-30,13.543,13.543,13.2119,13.2276,72685170.0
2015-11-02,13.3222,13.5114,13.2986,13.4484,52560626.0
2015-11-03,13.4089,13.606,13.3932,13.543,59187452.0
2015-11-04,13.6375,13.6454,13.3695,13.4089,69528181.0
2015-11-05,13.4247,13.6927,13.4247,13.6454,78334320.0
2015-11-06,14.0632,14.2603,14.0002,14.1499,143103229.0
2015-11-09,14.213,14.2524,13.8425,13.9371,122185177.0
2015-11-10,13.8977,14.1421,13.8425,14.0711,53745759.0
2015-11-11,14.1815,14.1815,13.9371,13.9923,56616925.0
2015-11-12,13.8583,13.8977,13.677,13.6927,68435392.0
2015-11-13,13.5035,13.6454,13.472,13.5587,92910411.0
2015-11-16,13.4957,13.7637,13.4089,13.74,64826006.0
2015-11-17,13.7952,13.874,13.6691,13.7321,62205763.0
2015-11-18,13.74,14.0869,13.74,14.0632,78439612.0
2015-11-19,14.0159,14.0711,13.8898,13.945,48394952.0
2015-11-20,14.0396,14.0632,13.8662,13.9135,50214042.0
2015-11-23,13.8898,13.9765,13.7637,13.7716,45129794.0
2015-11-24,13.606,13.8504,13.5981,13.7716,50208800.0
2015-11-25,13.8031,13.8504,13.7243,13.7479,31402082.0
2015-11-27,13.7637,13.7952,13.6612,13.7794,21219039.0
2015-11-30,13.7794,13.8583,13.7321,13.74,46998557.0
2015-12-01,13.8103,14.0396,13.7787,14.0396,68461934.0
2015-12-02,14.1344,14.1423,13.8736,13.9289,68870390.0
2015-12-03,13.9763,14.0475,13.6364,13.6759,88380433.0
2015-12-04,13.7866,14.0949,13.7392,14.0712,92937728.0
2015-12-07,14.0633,14.0712,13.7866,13.8657,69199195.0
2015-12-08,13.7471,13.8024,13.5416,13.589,73708890.0
2015-12-09,13.5257,13.7392,13.336,13.5178,74742092.0
2015-12-10,13.5574,13.7629,13.4072,13.5969,60558346.0
2015-12-11,13.4309,13.4862,13.1542,13.2253,83865661.0
2015-12-14,13.2412,13.3518,13.0356,13.2807,82544194.0
2015-12-15,13.4546,13.8261,13.4309,13.7708,87679384.0
2015-12-16,13.9526,14.0554,13.6206,14.0317,146474709.0
2015-12-17,14.0712,14.0949,13.6759,13.6759,83126915.0
2015-12-18,13.589,13.6522,13.2491,13.2491,98890207.0
2015-12-21,13.423,13.4625,13.257,13.4151,59449259.0
2015-12-22,13.4783,13.5257,13.3202,13.502,49772469.0
2015-12-23,13.5653,13.7076,13.5099,13.7076,50982109.0
2015-12-24,13.6918,13.7392,13.6127,13.6522,20606212.0
2015-12-28,13.6127,13.6206,13.423,13.5416,36870631.0
2015-12-29,13.6364,13.7155,13.5653,13.6601,42182430.0
2015-12-30,13.5969,13.6285,13.4704,13.4783,32315676.0
2015-12-31,13.4467,13.4941,13.3044,13.3044,40690754.0
2016-01-04,13.004,13.0356,12.8459,12.9882,92429428.0
2016-01-05,13.0593,13.1147,12.8301,12.9882,61270789.0
2016-01-06,12.7985,12.8775,12.6641,12.7115,72137241.0
2016-01-07,12.4348,12.5692,12.2056,12.253,104371792.0
2016-01-08,12.6008,12.6008,11.9842,12.0159,104019882.0
2016-01-11,12.0633,12.1502,11.8103,12.1028,98103329.0
2016-01-12,12.2846,12.3163,11.9052,12.1028,83772626.0
2016-01-13,12.2214,12.2688,11.7392,11.7787,109861264.0
2016-01-14,11.8657,12.0159,11.5811,11.8498,114273001.0
2016-01-15,11.3913,11.589,11.17,11.4309,145249198.0
2016-01-19,11.6206,11.6917,11.0751,11.257,171455088.0
2016-01-20,10.9012,11.0672,10.4902,10.8222,230506180.0
2016-01-21,10.8064,10.9408,10.4743,10.5613,177894288.0
2016-01-22,10.7906,10.8459,10.6483,10.7194,158800683.0
2016-01-25,10.7036,10.7115,10.2293,10.2451,170581992.0
2016-01-26,10.3242,10.5534,10.3083,10.5218,110905591.0
2016-01-27,10.4348,10.8538,10.4269,10.5613,111252040.0
2016-01-28,10.7431,10.838,10.4823,10.6957,105317631.0
2016-01-29,10.7985,11.1858,10.7431,11.1779,131546632.0
2016-02-01,11.1068,11.1384,10.9091,11.0356,99877417.0
2016-02-02,10.8617,10.8696,10.3795,10.4585,139499231.0
2016-02-03,10.4981,10.506,9.8973,10.3004,247076747.0
2016-02-04,10.1898,10.7431,10.1819,10.4743,164166730.0
2016-02-05,10.5297,10.585,10.1898,10.2372,111446148.0
2016-02-08,10.0,10.0396,9.589,9.6996,197594260.0
2016-02-09,9.4783,9.8261,9.4546,9.6443,229933101.0
2016-02-10,9.8182,9.9131,9.4151,9.4704,186359855.0
2016-02-11,9.0593,9.1305,8.6878,8.8222,356838547.0
2016-02-12,9.0751,9.5099,9.0119,9.4467,222834900.0
2016-02-16,9.7866,9.7945,9.5732,9.6838,170714303.0
2016-02-17,9.9368,10.0317,9.8577,9.9289,189286342.0
2016-02-18,10.0475,10.0712,9.5653,9.6759,138196481.0
2016-02-19,9.6601,9.6759,9.4704,9.589,113860355.0
2016-02-22,9.7866,9.9131,9.7708,9.9131,76380682.0
2016-02-23,9.8577,9.8657,9.5653,9.6127,96814322.0
2016-02-24,9.4546,9.6048,9.2095,9.589,147322245.0
2016-02-25,9.5969,9.7471,9.5573,9.7392,97941026.0
2016-02-26,9.8657,10.2372,9.8024,10.0396,143499976.0
2016-02-29,10.0396,10.166,9.8894,9.8973,107460076.0
2016-03-01,9.9905,10.4428,9.9746,10.4269,144110628.0
2016-03-02,10.4745,10.7205,10.419,10.6412,130854686.0
2016-03-03,10.6174,10.7523,10.5142,10.7126,96298039.0
2016-03-04,10.9189,11.0221,10.7047,10.7443,156615794.0
2016-03-07,10.6729,10.8078,10.6094,10.7364,92944018.0
2016-03-08,10.6332,10.6888,10.3555,10.3634,117411062.0
2016-03-09,10.4507,10.5301,10.3158,10.4269,84942405.0
2016-03-10,10.4983,10.6332,10.3158,10.5301,116111174.0
2016-03-11,10.665,10.9824,10.6094,10.9427,110726529.0
2016-03-14,10.8872,10.903,10.7047,10.8237,82116246.0
2016-03-15,10.7205,10.7919,10.6253,10.7681,76288229.0
2016-03-16,10.7205,10.9586,10.3872,10.5618,139768587.0
2016-03-17,10.4904,10.6967,10.3555,10.6332,112511702.0
2016-03-18,10.8554,11.0141,10.7523,10.9427,128733350.0
2016-03-21,10.9506,11.1332,10.8872,10.9824,100083583.0
2016-03-22,10.8475,10.9824,10.8157,10.9189,75629230.0
2016-03-23,10.9268,10.9745,10.7919,10.8078,87313258.0
2016-03-24,10.6412,10.8634,10.5301,10.8554,85581521.0
2016-03-28,10.8951,10.903,10.7443,10.8078,48079111.0
2016-03-29,10.7443,10.7443,10.5221,10.6491,93992067.0
2016-03-30,10.7047,10.8396,10.6808,10.6967,78627399.0
2016-03-31,10.7047,10.8792,10.6729,10.7285,69197020.0
2016-04-01,10.6888,10.8316,10.5698,10.7602,66129573.0
2016-04-04,10.7443,10.8316,10.6412,10.7205,54936480.0
2016-04-05,10.5539,10.5856,10.4428,10.4666,70564032.0
2016-04-06,10.4745,10.5539,10.4031,10.5301,57972909.0
2016-04-07,10.4349,10.4825,10.1174,10.1968,98413454.0
2016-04-08,10.3238,10.4269,10.2047,10.2206,70869241.0
2016-04-11,10.2523,10.3872,10.2206,10.292,73268379.0
2016-04-12,10.3158,10.5777,10.2603,10.5301,91830089.0
2016-04-13,10.7523,10.9903,10.7364,10.9427,127368955.0
2016-04-14,10.8792,11.3315,10.8713,11.2204,168989253.0
2016-04-15,11.3236,11.3395,11.0697,11.1094,80588153.0
2016-04-18,10.9903,11.2998,10.9665,11.2442,71658376.0
2016-04-19,11.3157,11.5379,11.2998,11.4664,96410627.0
2016-04-20,11.5537,11.8553,11.5299,11.8473,103056350.0
2016-04-21,11.887,12.014,11.7045,11.8235,113658174.0
2016-04-22,11.7997,12.014,11.7918,11.9902,76294205.0
2016-04-25,11.9187,12.014,11.7521,11.8711,65080842.0
2016-04-26,11.9187,12.014,11.7442,11.9743,72894491.0
2016-04-27,11.9187,12.1409,11.887,11.9187,95551751.0
2016-04-28,11.8394,11.9664,11.7124,11.7362,72307135.0
2016-04-29,11.6886,11.7838,11.4506,11.5537,110023115.0
2016-05-02,11.5696,11.7283,11.4268,11.7204,64194247.0
2016-05-03,11.514,11.514,11.2284,11.395,102055919.0
2016-05-04,11.1808,11.3236,11.1094,11.2125,92746174.0
2016-05-05,11.2284,11.3633,11.1094,11.149,69841256.0
2016-05-06,10.9745,11.2204,10.9506,11.1966,70990338.0
2016-05-09,11.1728,11.2601,11.0379,11.1014,51465300.0
2016-05-10,11.1728,11.3712,11.149,11.3474,55697519.0
2016-05-11,11.3077,11.5061,11.2601,11.2681,56188821.0
2016-05-12,11.3474,11.4823,11.149,11.2204,68288051.0
2016-05-13,11.2284,11.403,11.0062,11.0141,79414852.0
2016-05-16,10.9665,11.1252,10.9506,11.0538,53222676.0
2016-05-17,11.0221,11.2125,10.9665,11.1173,69644999.0
2016-05-18,11.1252,11.7045,11.1173,11.6569,142011234.0
2016-05-19,11.5775,11.7997,11.4506,11.5299,99803281.0
2016-05-20,11.6093,11.6648,11.4506,11.522,72235864.0
2016-05-23,11.5299,11.5855,11.4268,11.4823,60656711.0
2016-05-24,11.5855,11.7045,11.5299,11.6489,87596797.0
2016-05-25,11.768,12.0219,11.768,11.8394,119086959.0
2016-05-26,11.887,11.8949,11.6569,11.6648,60061254.0
2016-05-27,11.7124,11.8077,11.6569,11.8077,57194548.0
2016-05-31,11.9273,11.9433,11.6885,11.7362,74079013.0
2016-06-01,11.6248,11.8636,11.5053,11.8318,58265450.0
2016-06-02,11.9034,11.9273,11.7601,11.8955,59462829.0
2016-06-03,11.5133,11.5451,11.2983,11.4814,138261047.0
2016-06-06,11.4974,11.7044,11.4416,11.5611,76948891.0
2016-06-07,11.577,11.6248,11.4177,11.4257,61438285.0
2016-06-08,11.4257,11.5133,11.3859,11.4894,50827430.0
2016-06-09,11.4018,11.4018,11.2107,11.2983,70246030.0
2016-06-10,11.1311,11.147,10.948,11.0117,82205082.0
2016-06-13,10.8604,11.0754,10.8126,10.8285,67497250.0
2016-06-14,10.7967,10.9321,10.4862,10.5578,79233436.0
2016-06-15,10.6534,10.8763,10.5738,10.6215,92189555.0
2016-06-16,10.5339,10.6136,10.3667,10.5976,84402343.0
2016-06-17,10.6534,10.7728,10.5738,10.6693,74943310.0
2016-06-20,10.94,11.0276,10.7569,10.7808,79766468.0
2016-06-21,10.8445,10.8684,10.7012,10.8445,58887379.0
2016-06-22,10.8285,10.9719,10.8206,10.8365,71691193.0
2016-06-23,11.0196,11.1868,11.0037,11.1789,73180191.0
2016-06-24,10.3906,10.7012,10.3269,10.3508,207373255.0
2016-06-27,10.1677,10.1677,9.5944,9.6979,222370023.0
2016-06-28,10.0084,10.1279,9.8333,10.112,138168252.0
2016-06-29,10.3986,10.526,10.2871,10.5021,106720942.0
2016-06-30,10.6454,10.6534,10.4066,10.5658,110670733.0
2016-07-01,10.5021,10.5658,10.3667,10.4304,81776500.0
2016-07-05,10.2951,10.303,10.0562,10.1438,90767960.0
2016-07-06,9.9686,10.2871,9.9129,10.2393,88309632.0
2016-07-07,10.2473,10.4384,10.2234,10.3588,91343033.0
2016-07-08,10.5738,10.6056,10.4384,10.4862,84409631.0
2016-07-11,10.5817,10.6693,10.5101,10.518,61896315.0
2016-07-12,10.6773,10.8285,10.6693,10.7808,82445282.0
2016-07-13,10.7489,10.8126,10.6056,10.7012,68899344.0
2016-07-14,10.9321,10.9719,10.8604,10.8684,89839991.0
2016-07-15,10.9719,10.9798,10.7649,10.8763,70796043.0
2016-07-18,11.0196,11.3302,11.0037,11.2346,166399596.0
2016-07-19,11.1948,11.4416,11.1709,11.3541,90563700.0
2016-07-20,11.4257,11.4894,11.3541,11.4655,65640287.0
2016-07-21,11.4894,11.5213,11.3541,11.362,56800874.0
2016-07-22,11.3541,11.4655,11.2904,11.4496,41766537.0
2016-07-25,11.3939,11.4576,11.37,11.4416,41678364.0
2016-07-26,11.4018,11.585,11.3939,11.569,55126308.0
2016-07-27,11.6009,11.7044,11.5053,11.6487,91299111.0
2016-07-28,11.6088,11.6964,11.5133,11.6885,62213652.0
2016-07-29,11.5929,11.7044,11.5292,11.5372,55375274.0
2016-08-01,11.5611,11.6248,11.3541,11.4098,55834403.0
2016-08-02,11.37,11.5053,11.2187,11.2505,69946723.0
2016-08-03,11.2346,11.5292,11.2187,11.5292,59367979.0
2016-08-04,11.5292,11.577,11.4337,11.5292,40979759.0
2016-08-05,11.7442,11.991,11.7442,11.9831,107161115.0
2016-08-08,12.0069,12.0786,11.8796,12.0468,65450861.0
2016-08-09,12.0308,12.0945,11.999,12.0945,46666331.0
2016-08-10,12.0706,12.0866,11.7681,11.792,71989318.0
2016-08-11,11.8079,11.9194,11.7362,11.8477,64686079.0
2016-08-12,11.7522,11.8716,11.7044,11.8716,55427588.0
2016-08-15,11.9194,11.9671,11.8955,11.9592,44764508.0
2016-08-16,11.9194,12.0945,11.8875,12.0786,75411999.0
2016-08-17,12.0706,12.1343,12.0069,12.0627,89420195.0
2016-08-18,12.0308,12.1343,11.991,12.0706,56254796.0
2016-08-19,12.0468,12.1423,11.9831,12.1184,54323006.0
2016-08-22,12.1025,12.1423,12.0388,12.0866,52456260.0
2016-08-23,12.1582,12.2697,12.1503,12.2219,56464194.0
2016-08-24,12.2379,12.3414,12.2299,12.2617,56267641.0
2016-08-25,12.2777,12.3732,12.2617,12.3652,62086249.0
2016-08-26,12.4289,12.6598,12.4051,12.5723,119879425.0
2016-08-29,12.5882,12.7474,12.5563,12.6121,109017826.0
2016-08-30,12.6348,12.9227,12.5788,12.8907,112268550.0
2016-08-31,12.9667,12.9907,12.7028,12.9107,114816493.0
2016-09-01,12.9187,12.9187,12.5988,12.7828,122321241.0
2016-09-02,12.7508,12.8468,12.6548,12.7988,86458296.0
2016-09-06,12.8388,12.8468,12.5588,12.6228,88811672.0
2016-09-07,12.5748,12.6788,12.5188,12.5588,58620007.0
2016-09-08,12.6148,12.7508,12.5428,12.6868,61134350.0
2016-09-09,12.7268,12.9187,12.5908,12.5908,116211959.0
2016-09-12,12.5188,12.7508,12.3828,12.7188,103208765.0
2016-09-13,12.5348,12.6868,12.4388,12.5748,83207608.0
2016-09-14,12.5508,12.6708,12.4468,12.5028,71783849.0
2016-09-15,12.5108,12.5988,12.4628,12.5348,62081022.0
2016-09-16,12.5268,12.5428,12.3828,12.3908,77495996.0
2016-09-19,12.4388,12.6228,12.4388,12.4708,59220787.0
2016-09-20,12.5908,12.6068,12.4068,12.4788,65118673.0
2016-09-21,12.5668,12.6628,12.3108,12.5188,90119326.0
2016-09-22,12.5508,12.5668,12.3988,12.4788,68236733.0
2016-09-23,12.4228,12.5348,12.3988,12.4148,46715612.0
2016-09-26,12.3188,12.3508,12.0148,12.0708,87170661.0
2016-09-27,12.0068,12.2708,11.8469,12.2308,71245081.0
2016-09-28,12.2868,12.3108,12.1188,12.3028,58126775.0
2016-09-29,12.3028,12.3988,12.0468,12.1268,74891962.0
2016-09-30,12.2068,12.5828,12.1348,12.5188,97183608.0
2016-10-03,12.4708,12.5828,12.3988,12.5028,54463243.0
2016-10-04,12.5588,12.8388,12.5348,12.6388,92425925.0
2016-10-05,12.7668,12.9827,12.7668,12.8867,79520190.0
2016-10-06,12.9347,12.9827,12.8228,12.9747,72039199.0
2016-10-07,12.9507,12.9987,12.7828,12.9027,92791173.0
2016-10-10,12.9667,13.1187,12.9427,13.0387,56968990.0
2016-10-11,13.0067,13.0627,12.8148,12.8867,72036862.0
2016-10-12,12.8708,12.9907,12.8068,12.8228,61064762.0
2016-10-13,12.8708,12.8708,12.4788,12.6628,71161023.0
2016-10-14,12.9187,12.9827,12.7508,12.7988,98221516.0
2016-10-17,12.9347,12.9587,12.7188,12.8388,90601107.0
2016-10-18,12.9507,13.0147,12.8867,13.0067,62907527.0
2016-10-19,13.0387,13.2227,13.0227,13.1747,90286461.0
2016-10-20,13.1587,13.3027,13.1267,13.2467,74751987.0
2016-10-21,13.1667,13.3347,13.1187,13.3347,66188880.0
2016-10-24,13.3987,13.4387,13.2867,13.4147,60896176.0
2016-10-25,13.3667,13.4547,13.3427,13.3747,45694142.0
2016-10-26,13.3107,13.4947,13.2947,13.4947,54151411.0
2016-10-27,13.5587,13.6787,13.4867,13.5267,90660690.0
2016-10-28,13.5587,13.5827,13.1987,13.3427,105242669.0
2016-10-31,13.3427,13.3827,13.1987,13.1987,60184121.0
2016-11-01,13.2467,13.3987,13.0627,13.2867,81619918.0
2016-11-02,13.1667,13.2467,13.0227,13.1827,73896234.0
2016-11-03,13.1827,13.3347,13.1587,13.1827,63887452.0
2016-11-04,13.2227,13.3667,13.0787,13.2387,74350664.0
2016-11-07,13.4867,13.6307,13.4787,13.6067,82323685.0
2016-11-08,13.4547,13.6867,13.3667,13.5987,90294649.0
2016-11-09,14.1266,14.4386,13.9186,14.3746,292211036.0
2016-11-10,14.6306,15.1905,14.5986,15.0065,290283223.0
2016-11-11,14.9106,15.2225,14.9026,15.2145,197823515.0
2016-11-14,15.5265,16.1584,15.5185,16.0624,304632777.0
2016-11-15,15.8305,16.1424,15.6785,16.1264,173899730.0
2016-11-16,15.8225,15.9665,15.7425,15.7985,118028580.0
2016-11-17,15.8065,16.1744,15.7585,16.0624,153751276.0
2016-11-18,16.0464,16.1104,15.8945,15.9984,111529322.0
2016-11-21,16.0784,16.2784,16.0064,16.2624,103867617.0
2016-11-22,16.3584,16.3744,16.0944,16.2384,94752284.0
2016-11-23,16.3344,16.5264,16.1584,16.4464,102506060.0
2016-11-25,16.4944,16.7024,16.3984,16.6864,56521349.0
2016-11-28,16.5344,16.6784,16.1984,16.2384,95510648.0
2016-11-29,16.3027,16.4311,16.1983,16.2304,104040246.0
2016-11-30,16.676,17.0132,16.6359,16.957,166424910.0
2016-12-01,17.2059,17.6154,17.1337,17.2621,190192470.0
2016-12-02,17.2541,17.2621,16.8768,17.0454,119474796.0
2016-12-05,17.2381,17.5592,17.23,17.5351,117324056.0
2016-12-06,17.7358,17.792,17.4388,17.792,113334861.0
2016-12-07,17.8161,18.1212,17.6234,18.1212,143697477.0
2016-12-08,18.2979,18.6592,18.2176,18.4263,170748539.0
2016-12-09,18.4263,18.603,18.2898,18.5387,119717440.0
2016-12-12,18.4665,18.6672,18.0891,18.1533,128648905.0
2016-12-13,18.3059,18.3701,17.8964,18.1533,110839406.0
2016-12-14,17.9125,18.7073,17.8322,18.2015,215673619.0
2016-12-15,18.3862,18.7796,18.3059,18.5949,141248207.0
2016-12-16,18.7234,18.7234,18.1855,18.1935,120310522.0
2016-12-19,18.1533,18.2417,17.9285,18.049,83876569.0
2016-12-20,18.1694,18.33,18.1533,18.2336,70052578.0
2016-12-21,18.2417,18.2417,18.0409,18.1694,53303425.0
2016-12-22,18.1453,18.2497,18.0409,18.0971,58708379.0
2016-12-23,18.0731,18.1855,18.0088,18.1453,33604714.0
2016-12-27,18.2336,18.2577,18.0971,18.1533,36102577.0
2016-12-28,18.1614,18.2015,17.8723,17.9285,47572053.0
2016-12-29,17.9285,17.9767,17.4789,17.6636,74446794.0
2016-12-30,17.6796,17.8723,17.6234,17.7439,60247592.0
2017-01-03,18.1453,18.2095,17.8242,18.0891,90033482.0
2017-01-04,18.2417,18.4344,18.1453,18.4263,70017533.0
2017-01-05,18.322,18.4103,17.9366,18.2095,80718462.0
2017-01-06,18.2898,18.346,18.1132,18.2095,61463622.0
2017-01-09,18.0811,18.2336,17.9847,18.1052,62343315.0
2017-01-10,18.1373,18.5789,18.0971,18.4183,92761147.0
2017-01-11,18.4183,18.5227,18.2417,18.5227,86778201.0
2017-01-12,18.4825,18.5628,18.1533,18.4022,110263837.0
2017-01-13,18.6351,18.7957,18.3059,18.4745,140005022.0
2017-01-17,18.2095,18.2979,17.6716,17.7037,141038410.0
2017-01-18,17.9045,18.1855,17.7439,18.1694,116381566.0
2017-01-19,18.2497,18.3139,17.9928,18.0891,69959591.0
2017-01-20,18.1935,18.4103,18.0811,18.1774,90248081.0
2017-01-23,18.1614,18.2738,17.9928,18.1132,56588882.0
2017-01-24,18.1533,18.5468,18.049,18.4263,86635605.0
2017-01-25,18.7234,18.8037,18.5468,18.7635,92012028.0
2017-01-26,18.7957,18.9081,18.6913,18.8197,74698517.0
2017-01-27,18.8117,18.8278,18.6913,18.7555,50535684.0
2017-01-30,18.6271,18.6271,18.2336,18.4263,83262582.0
2017-01-31,18.2818,18.4906,18.065,18.1774,83411441.0
2017-02-01,18.4424,18.6431,18.322,18.3782,96742833.0
2017-02-02,18.2577,18.2979,18.0731,18.2417,82099257.0
2017-02-03,18.5869,18.7475,18.4263,18.6993,106315950.0
2017-02-06,18.5869,18.7716,18.5227,18.5628,74711386.0
2017-02-07,18.6913,18.6993,18.3541,18.3862,72120511.0
2017-02-08,18.2497,18.2497,18.0249,18.2015,91033106.0
2017-02-09,18.2738,18.5869,18.1774,18.5628,91403552.0
2017-02-10,18.619,18.6592,18.4344,18.5307,82870525.0
2017-02-13,18.603,18.9,18.603,18.7876,89109536.0
2017-02-14,18.7876,19.4059,18.7314,19.3175,120562221.0
2017-02-15,19.5423,19.8876,19.3577,19.735,142836936.0
2017-02-16,19.7029,19.7672,19.5102,19.735,90878524.0
2017-02-17,19.4942,19.735,19.4299,19.6869,76435583.0
2017-02-21,19.7431,19.9117,19.735,19.8956,65138189.0
2017-02-22,19.7591,20.0321,19.7029,19.9036,74899304.0
2017-02-23,19.9036,19.9839,19.6788,19.735,80626073.0
2017-02-24,19.3737,19.5504,19.2854,19.454,88448120.0
2017-02-27,19.4299,19.7993,19.4219,19.727,64602459.0
2017-02-28,19.6543,19.8314,19.6059,19.8153,72133634.0
2017-03-01,20.4314,20.6247,20.3106,20.5361,125510041.0
2017-03-02,20.6811,20.7777,20.2945,20.3187,94272841.0
2017-03-03,20.375,20.6569,20.375,20.4878,85723148.0
2017-03-06,20.3992,20.4153,20.1979,20.3348,68027200.0
2017-03-07,20.3106,20.4234,20.214,20.3026,60642341.0
2017-03-08,20.6166,20.7535,20.3106,20.3428,98102356.0
2017-03-09,20.4153,20.5603,20.3187,20.4153,74394634.0
2017-03-10,20.6327,20.6327,20.2059,20.3831,79147953.0
2017-03-13,20.375,20.4636,20.2381,20.375,50785404.0
2017-03-14,20.2865,20.4073,20.1737,20.3911,58828685.0
2017-03-15,20.4475,20.5764,20.1012,20.2784,109367806.0
2017-03-16,20.3348,20.5281,20.2865,20.3106,65203442.0
2017-03-17,20.3106,20.3509,19.9965,20.0207,82460139.0
2017-03-20,19.7952,19.9402,19.6663,19.6824,74588669.0
2017-03-21,19.7227,19.7791,18.4825,18.5389,245308049.0
2017-03-22,18.2409,18.6677,18.0798,18.4744,158166582.0
2017-03-23,18.555,18.9174,18.4503,18.5791,105328345.0
2017-03-24,18.6838,18.8046,18.3295,18.6194,106122296.0
2017-03-27,17.9429,18.563,17.8463,18.5469,108408713.0
2017-03-28,18.5308,19.0623,18.5228,18.9093,88908236.0
2017-03-29,18.9335,19.0462,18.7724,18.8046,60616515.0
2017-03-30,18.8288,19.312,18.7885,19.2234,73107066.0
2017-03-31,19.1912,19.3039,18.9979,18.9979,66710791.0
2017-04-03,19.0543,19.1268,18.5872,18.9979,82350735.0
2017-04-04,18.6838,18.9335,18.6838,18.8771,70395808.0
2017-04-05,19.1429,19.2315,18.6436,18.6597,90260729.0
2017-04-06,18.6597,18.8932,18.4905,18.7322,76024600.0
2017-04-07,18.5469,18.7966,18.4664,18.6516,69426762.0
2017-04-10,18.6275,18.7483,18.4503,18.5389,54395963.0
2017-04-11,18.3859,18.4825,18.1845,18.4583,90041643.0
2017-04-12,18.4342,18.4744,18.2087,18.2409,72114173.0
2017-04-13,18.1684,18.4905,17.9912,17.9912,80917256.0
2017-04-17,18.0073,18.3859,17.9268,18.3697,74964229.0
2017-04-18,18.6114,18.6436,18.0235,18.2892,131915486.0
2017-04-19,18.4583,18.6436,18.2651,18.3134,94061247.0
2017-04-20,18.4905,18.6597,18.3778,18.5791,90668564.0
2017-04-21,18.5469,18.5872,18.1926,18.2892,118450128.0
2017-04-24,18.716,19.2073,18.716,19.0301,128931509.0
2017-04-25,19.32,19.61,19.2556,19.312,122470853.0
2017-04-26,19.3281,19.4811,19.2154,19.2395,85281260.0
2017-04-27,19.2476,19.2717,18.8932,19.0462,71188889.0
2017-04-28,18.9899,19.1026,18.7805,18.7966,61910354.0
2017-05-01,18.9415,19.1429,18.8046,19.014,65439370.0
2017-05-02,19.014,19.0623,18.7885,18.9496,51493041.0
2017-05-03,18.8207,19.1509,18.7966,19.1429,55483091.0
2017-05-04,19.312,19.3684,19.1107,19.2073,60050925.0
2017-05-05,19.312,19.32,19.006,19.1187,51131338.0
2017-05-08,19.1268,19.3764,19.1268,19.2959,50418079.0
2017-05-09,19.3523,19.5778,19.2234,19.312,55345983.0
2017-05-10,19.2637,19.465,19.2234,19.4489,45621365.0
2017-05-11,19.4006,19.5133,19.1992,19.3845,62580163.0
2017-05-12,19.2556,19.3281,19.1268,19.3281,56798674.0
2017-05-15,19.3764,19.4408,19.312,19.3764,45577134.0
2017-05-16,19.3845,19.465,19.2798,19.32,51180557.0
2017-05-17,18.8207,18.8852,18.0879,18.1765,174706988.0
2017-05-18,18.2087,18.5228,18.1201,18.3134,98995134.0
2017-05-19,18.4503,18.7644,18.4181,18.563,80162250.0
2017-05-22,18.6758,18.716,18.3778,18.555,69190781.0
2017-05-23,18.555,18.9254,18.3939,18.8368,71034165.0
2017-05-24,18.8691,18.9013,18.6999,18.8127,54862496.0
2017-05-25,18.853,18.9899,18.6999,18.7241,57293965.0
2017-05-26,18.708,18.861,18.6597,18.716,46569669.0
2017-05-30,18.628,18.6927,18.426,18.4503,55227467.0
2017-05-31,18.4058,18.422,17.8483,18.1069,118812331.0
2017-06-01,18.1634,18.2927,18.018,18.2846,64046214.0
2017-06-02,17.9938,18.2523,17.9049,18.1392,71197537.0
2017-06-05,18.1311,18.3412,18.0907,18.1069,44288884.0
2017-06-06,17.9372,18.1069,17.8322,17.9615,64888185.0
2017-06-07,18.018,18.2766,17.9857,18.2604,58399517.0
2017-06-08,18.2766,18.7533,18.2604,18.5594,82067064.0
2017-06-09,18.7614,19.1249,18.7533,19.1249,102425641.0
2017-06-12,19.2461,19.4239,19.028,19.2138,77459059.0
2017-06-13,19.3512,19.4805,19.1169,19.2057,60428492.0
2017-06-14,19.028,19.2381,18.7452,19.1977,93704883.0
2017-06-15,19.028,19.3512,18.9634,19.0199,62373485.0
2017-06-16,19.0361,19.0845,18.8826,18.931,41988426.0
2017-06-19,19.0765,19.3916,19.0684,19.3189,54230360.0
2017-06-20,19.3189,19.3835,18.9714,18.9795,54197227.0
2017-06-21,18.9795,19.0441,18.6402,18.6886,66558028.0
2017-06-22,18.6886,18.7452,18.5028,18.527,58881893.0
2017-06-23,18.6725,18.6725,18.3735,18.4382,57924076.0
2017-06-26,18.5028,18.6967,18.3654,18.4947,52719848.0
2017-06-27,18.6725,19.0684,18.5836,18.8018,80612939.0
2017-06-28,19.0118,19.3593,19.0038,19.2946,98461110.0
2017-06-29,19.8683,19.9329,19.4158,19.6501,132720656.0
2017-06-30,19.8925,19.8925,19.5289,19.6017,70010192.0
2017-07-03,19.7633,20.1268,19.7471,19.941,53845052.0
2017-07-05,20.038,20.1592,19.8925,20.1349,65924117.0
2017-07-06,20.1188,20.2884,19.9491,19.9652,76811692.0
2017-07-07,20.1188,20.1996,19.9168,20.0622,45345172.0
2017-07-10,19.9733,20.1915,19.9087,20.1107,49751688.0
2017-07-11,20.1026,20.1268,19.7633,19.8764,62239643.0
2017-07-12,19.7309,19.8764,19.634,19.6744,61481462.0
2017-07-13,19.739,19.9006,19.6905,19.8925,49669426.0
2017-07-14,19.5532,19.6501,19.2461,19.5613,80373314.0
2017-07-17,19.5693,19.5693,19.335,19.4077,71469426.0
2017-07-18,19.3189,19.4401,19.0765,19.3108,97414635.0
2017-07-19,19.432,19.5532,19.2381,19.4401,68004392.0
2017-07-20,19.4077,19.4885,19.2542,19.3431,54662103.0
2017-07-21,19.2623,19.3593,19.1169,19.23,60379276.0
2017-07-24,19.1815,19.4158,19.1653,19.3189,43130619.0
2017-07-25,19.5936,19.9329,19.5855,19.7794,78948744.0
2017-07-26,19.9329,19.9329,19.4966,19.5613,57709923.0
2017-07-27,19.6017,19.7552,19.4158,19.4805,56158297.0
2017-07-28,19.4239,19.5613,19.3593,19.4158,44538604.0
2017-07-31,19.4805,19.634,19.4643,19.4885,53487756.0
2017-08-01,19.6259,19.7875,19.6097,19.7552,48173674.0
2017-08-02,19.7471,19.8683,19.6017,19.8683,51059733.0
2017-08-03,19.836,19.8764,19.6501,19.6905,46827328.0
2017-08-04,19.941,20.2642,19.9168,20.1753,96774637.0
2017-08-07,20.2076,20.24,20.1188,20.1672,36615030.0
2017-08-08,20.1592,20.4824,20.0541,20.1188,65388353.0
2017-08-09,19.8764,20.0137,19.7633,19.9895,49281859.0
2017-08-10,19.8602,19.8602,19.4643,19.4885,71797339.0
2017-08-11,19.4481,19.5855,19.23,19.2785,61046922.0
2017-08-14,19.5774,19.7875,19.5289,19.7309,47001839.0
2017-08-15,19.9976,20.0784,19.7552,19.7713,40743142.0
2017-08-16,19.8279,19.8925,19.4562,19.5451,51846638.0
2017-08-17,19.4481,19.5289,19.0845,19.1007,71148894.0
2017-08-18,19.0361,19.3108,18.9472,19.0845,55053563.0
2017-08-21,19.0522,19.1007,18.6967,18.8906,62021069.0
2017-08-22,19.0684,19.3027,19.0441,19.2542,54465306.0
2017-08-23,19.0765,19.3673,19.0603,19.1977,35894138.0
2017-08-24,19.335,19.3431,19.133,19.2623,33196273.0
2017-08-25,19.2946,19.4481,19.1896,19.2057,39402451.0
2017-08-28,19.2623,19.3108,19.0441,19.1653,30699071.0
2017-08-29,18.7599,19.1497,18.6787,19.0522,53550800.0
2017-08-30,19.2715,19.5233,19.1334,19.3852,52118022.0
2017-08-31,19.5151,19.5233,19.3121,19.4014,46157791.0
2017-09-01,19.4096,19.637,19.3283,19.5639,47399155.0
2017-09-05,19.3527,19.3527,18.8654,18.9304,101022594.0
2017-09-06,19.0766,19.1497,18.8492,19.0116,59218372.0
2017-09-07,18.9873,18.9954,18.4756,18.6543,96536162.0
2017-09-08,18.6218,18.8654,18.5568,18.5893,61903213.0
2017-09-11,18.8573,19.0116,18.7436,18.971,65875473.0
2017-09-12,19.0522,19.5151,19.0441,19.4502,92122668.0
2017-09-13,19.4258,19.775,19.3852,19.7588,75081218.0
2017-09-14,19.7994,19.9293,19.6532,19.6857,62133491.0
2017-09-15,19.6613,19.8237,19.6126,19.7994,53697617.0
2017-09-18,19.8319,20.1161,19.8237,20.0593,57955092.0
2017-09-19,20.0593,20.2948,19.9943,20.1892,48571043.0
2017-09-20,20.2054,20.4978,20.0349,20.3516,73477152.0
2017-09-21,20.3273,20.5303,20.2379,20.4328,51125628.0
2017-09-22,20.311,20.3597,20.1811,20.3191,52228723.0
2017-09-25,20.2542,20.3679,19.9618,20.108,53638922.0
2017-09-26,20.1648,20.2704,20.043,20.1486,44061902.0
2017-09-27,20.5546,20.8226,20.4491,20.6359,83774800.0
2017-09-28,20.782,20.8226,20.579,20.6683,55905805.0
2017-09-29,20.6359,20.6927,20.5546,20.579,54116228.0
2017-10-02,20.6765,20.8308,20.6196,20.8064,49341806.0
2017-10-03,20.912,21.0582,20.8064,21.0013,50660688.0
2017-10-04,21.0013,21.0744,20.8714,20.8795,48068615.0
2017-10-05,20.9282,21.3018,20.8389,21.2206,56760254.0
2017-10-06,21.318,21.3586,21.1475,21.2855,43600873.0
2017-10-09,21.3262,21.3343,20.9201,20.9932,49685774.0
2017-10-10,20.9769,21.0744,20.8795,21.0582,42137848.0
2017-10-11,21.0582,21.0582,20.8308,20.9769,44577218.0
2017-10-12,21.0094,21.0582,20.579,20.6683,65744891.0
2017-10-13,20.6115,21.115,20.4003,20.9769,93644109.0
2017-10-16,21.0094,21.383,21.0094,21.3099,65054149.0
2017-10-17,21.4155,21.4642,21.2043,21.2774,43517220.0
2017-10-18,21.3911,21.5617,21.383,21.5048,50435458.0
2017-10-19,21.2774,21.5942,21.2368,21.586,49812681.0
2017-10-20,21.9596,22.0733,21.8459,22.0652,68359728.0
2017-10-23,22.1058,22.2763,22.0002,22.0571,62744062.0
2017-10-24,22.2114,22.6093,22.2032,22.4794,77386781.0
2017-10-25,22.6499,22.6743,22.2032,22.4388,72521775.0
2017-10-26,22.4875,22.723,22.4794,22.5281,51804896.0
2017-10-27,22.4875,22.7067,22.4225,22.5768,47278309.0
2017-10-30,22.4631,22.5443,22.3007,22.4144,45694175.0
2017-10-31,22.4469,22.5118,22.2032,22.2438,44155701.0
2017-11-01,22.4469,22.52,22.2195,22.3575,42321355.0
2017-11-02,22.3413,22.6905,22.1464,22.6337,54006649.0
2017-11-03,22.52,22.5931,22.4306,22.5931,33828477.0
2017-11-06,22.5281,22.5931,22.4306,22.5362,30382927.0
2017-11-07,22.5281,22.5524,21.9434,22.0733,62222626.0
2017-11-08,21.8703,21.8946,21.5129,21.7566,76577871.0
2017-11-09,21.5129,21.651,21.2125,21.5129,89211657.0
2017-11-10,21.5942,21.716,21.4886,21.5292,50117567.0
2017-11-13,21.3262,21.5048,21.2287,21.4398,50916161.0
2017-11-14,21.3262,21.3992,21.18,21.3099,44093399.0
2017-11-15,21.1069,21.8703,20.9607,21.7566,83750979.0
2017-11-16,21.854,21.9677,21.716,21.7322,48733895.0
2017-11-17,21.5292,21.7078,21.4723,21.6185,43026998.0
2017-11-20,21.716,21.7972,21.5535,21.716,37839733.0
2017-11-21,21.7647,21.8134,21.6754,21.7078,39609512.0
2017-11-22,21.7403,21.8459,21.5942,21.651,33258191.0
2017-11-24,21.6997,21.716,21.5779,21.5942,12205498.0
2017-11-27,21.5373,21.8621,21.5292,21.5942,33897695.0
2017-11-28,21.6185,22.4956,21.5698,22.4469,84753999.0
2017-11-29,22.7546,23.1379,22.6078,22.9666,108329687.0
2017-11-30,23.3418,23.4233,22.9014,22.9748,102520995.0
2017-12-01,23.04,23.2521,22.4283,22.9177,120800964.0
2017-12-04,23.5294,23.9045,23.5049,23.7006,130122783.0
2017-12-05,23.8719,23.8964,23.5294,23.5946,81337650.0
2017-12-06,23.4315,23.6272,23.301,23.3581,53843520.0
2017-12-07,23.2031,23.6272,23.1379,23.4723,67160014.0
2017-12-08,23.717,23.7251,23.456,23.6925,52169533.0
2017-12-11,23.6925,23.7904,23.5702,23.6028,47672999.0
2017-12-12,23.6925,24.0595,23.5783,23.9127,64527533.0
2017-12-13,23.9045,24.0106,23.5131,23.5212,69413131.0
2017-12-14,23.7006,23.7985,23.4152,23.4315,52564624.0
2017-12-15,23.5783,23.7985,23.4397,23.6843,76885281.0
2017-12-18,23.8882,24.0595,23.8719,24.0432,61365434.0
2017-12-19,24.1411,24.1737,23.9535,24.0187,54287433.0
2017-12-20,24.2715,24.3368,24.0187,24.0432,72582357.0
2017-12-21,24.1411,24.451,24.1247,24.3205,64904893.0
2017-12-22,24.451,24.4918,24.1574,24.3694,47017616.0
2017-12-26,24.2552,24.4184,24.1247,24.2879,36454502.0
2017-12-27,24.19,24.2471,24.1411,24.2471,27741404.0
2017-12-28,24.2471,24.3205,24.19,24.3042,27008971.0
2017-12-29,24.345,24.3694,24.0758,24.0758,32918481.0
2018-01-02,24.2634,24.3857,24.1492,24.3857,49695793.0
2018-01-03,24.3857,24.4184,24.2145,24.3042,50683850.0
2018-01-04,24.4428,24.8261,24.3694,24.6222,70418300.0
2018-01-05,24.769,24.8098,24.5081,24.7364,47199391.0
2018-01-08,24.6549,24.6875,24.5081,24.5652,37904743.0
2018-01-09,24.6304,24.9077,24.5733,24.6875,59174073.0
2018-01-10,24.769,25.0627,24.7201,24.9159,51847994.0
2018-01-11,25.0056,25.03,24.8343,25.0056,54499125.0
2018-01-12,25.185,25.446,25.0953,25.4378,56573797.0
2018-01-16,25.8864,25.9272,25.3073,25.4786,92283090.0
2018-01-17,25.2829,25.5194,24.7446,25.4297,112336116.0
2018-01-18,25.552,25.8619,25.4541,25.6743,65534180.0
2018-01-19,25.7559,25.8864,25.658,25.8701,56660269.0
2018-01-22,25.8293,26.0495,25.7559,26.0495,47696498.0
2018-01-23,25.9843,26.2045,25.919,26.0332,49566680.0
2018-01-24,26.1066,26.2697,25.9516,26.1718,57385270.0
2018-01-25,26.2942,26.3023,26.0413,26.1718,49824534.0
2018-01-26,26.1882,26.2616,26.0577,26.2616,43121154.0
2018-01-29,26.2942,26.4654,26.2452,26.3268,45635085.0
2018-01-30,26.0577,26.2616,25.9761,26.0006,49967156.0
2018-01-31,26.1392,26.335,26.0577,26.0984,54387527.0
2018-02-01,26.0984,26.5062,26.0658,26.5062,55784290.0
2018-02-02,26.4573,26.6449,25.9843,26.0577,85383292.0
2018-02-05,25.3807,26.0821,23.774,24.6793,137203574.0
2018-02-06,23.9861,25.5194,23.8964,25.446,148169016.0
2018-02-07,25.3807,25.8864,25.1687,25.4868,86992117.0
2018-02-08,25.5357,25.5928,24.2471,24.2552,114209625.0
2018-02-09,24.6059,24.9648,23.7577,24.7364,127301430.0
2018-02-12,24.9729,25.6417,24.9077,25.3807,82226962.0
2018-02-13,25.3155,25.6091,25.0871,25.4297,69605141.0
2018-02-14,25.4215,26.1229,25.3236,26.0984,85652425.0
2018-02-15,26.4165,26.4818,25.9924,26.2697,60558966.0
2018-02-16,26.0984,26.3105,26.0332,26.074,54855764.0
2018-02-20,26.0658,26.2289,25.8945,26.0413,53559811.0
2018-02-21,25.9353,26.4002,25.9109,25.9924,65345600.0
2018-02-22,26.0903,26.2126,25.7641,25.8456,51863283.0
2018-02-23,25.9353,26.1474,25.9027,26.1229,43090926.0
2018-02-26,26.2371,26.4573,26.1392,26.441,47826484.0
2018-02-27,26.3594,26.7917,26.3594,26.3676,62981593.0
2018-02-28,26.4993,26.7285,26.1718,26.18,55486021.0
2018-03-01,26.2537,26.4829,25.6724,25.7707,76867755.0
2018-03-02,25.476,25.9426,25.0748,25.8935,73470824.0
2018-03-05,25.6643,26.4911,25.5087,26.3028,61213652.0
2018-03-06,26.442,26.4583,26.1554,26.2864,45719974.0
2018-03-07,25.9508,26.3847,25.8525,26.3437,45414098.0
2018-03-08,26.3519,26.4174,26.0408,26.3601,45481219.0
2018-03-09,26.5729,26.794,26.5238,26.7858,65271814.0
2018-03-12,26.7694,27.0559,26.7203,26.884,47743581.0
2018-03-13,26.9904,27.0068,26.442,26.4911,56608118.0
2018-03-14,26.6466,26.6466,26.1391,26.311,53291611.0
2018-03-15,26.4338,26.4747,26.1391,26.2782,35651310.0
2018-03-16,26.2864,26.663,26.2619,26.3355,46686272.0
2018-03-19,26.3028,26.3765,25.9344,26.18,52151270.0
2018-03-20,26.2455,26.3601,26.0981,26.18,36906650.0
2018-03-21,26.1964,26.5648,25.9344,26.0899,59223774.0
2018-03-22,25.7461,25.7789,24.9029,25.0093,99443360.0
2018-03-23,25.124,25.2304,23.7814,23.8796,104563642.0
2018-03-26,24.4772,25.0175,24.2726,24.9193,72293589.0
2018-03-27,25.0912,25.1076,23.9124,24.1662,74989932.0
2018-03-28,24.3872,24.5264,23.7486,24.0597,69581366.0
2018-03-29,24.2071,24.6737,23.9942,24.5509,51070300.0
2018-04-02,24.3954,24.6082,23.5358,23.9942,76408024.0
2018-04-03,24.1825,24.2726,23.8223,24.2235,60091242.0
2018-04-04,23.7405,24.5345,23.6995,24.4609,58718819.0
2018-04-05,24.7065,25.0093,24.6491,24.8211,48715068.0
2018-04-06,24.5673,24.7965,24.0434,24.2562,71696405.0
2018-04-09,24.4117,25.0748,24.3626,24.4527,57787619.0
2018-04-10,24.952,25.0339,24.7228,24.952,55448031.0
2018-04-11,24.6819,24.7556,24.469,24.4772,52396043.0
2018-04-12,24.7392,25.214,24.6901,25.0912,50902896.0
2018-04-13,25.4842,25.5169,24.1989,24.3954,91100353.0
2018-04-16,24.6246,24.862,24.1252,24.5018,97173209.0
2018-04-17,24.6983,24.862,24.4609,24.5918,58928230.0
2018-04-18,24.5837,24.7392,24.1498,24.1743,69024982.0
2018-04-19,24.1825,24.7556,24.1825,24.7065,73756833.0
2018-04-20,24.7719,24.993,24.6655,24.7719,55474104.0
2018-04-23,24.7801,24.8866,24.6573,24.8211,42261067.0
2018-04-24,24.9357,25.2631,24.5591,24.7146,73692625.0
2018-04-25,24.6328,24.8374,24.3954,24.6737,55443045.0
2018-04-26,24.6,24.7883,24.5509,24.6164,39715772.0
2018-04-27,24.5591,24.731,24.5345,24.6819,38774960.0
2018-04-30,24.7801,24.9111,24.4936,24.4936,42127975.0
2018-05-01,24.4936,24.5264,24.248,24.5182,47604119.0
2018-05-02,24.5182,24.6164,24.1989,24.2153,57158594.0
2018-05-03,24.158,24.1662,23.2738,23.9042,98716760.0
2018-05-04,23.7323,24.0843,23.5931,23.9861,51744216.0
2018-05-07,24.1007,24.3872,24.0106,24.2644,42599414.0
2018-05-08,24.3708,24.6655,24.2808,24.5018,58288349.0
2018-05-09,24.641,25.2058,24.6246,25.1485,63159893.0
2018-05-10,25.0585,25.435,24.9029,25.2877,49545237.0
2018-05-11,25.3122,25.4023,25.2222,25.3122,36906653.0
2018-05-14,25.4105,25.566,25.4023,25.476,37647253.0
2018-05-15,25.3041,25.6724,25.2549,25.5578,57148700.0
2018-05-16,25.5251,25.5824,25.3941,25.4269,36945708.0
2018-05-17,25.4105,25.4432,25.1076,25.2222,41919849.0
2018-05-18,25.1894,25.2058,24.7474,24.7719,49822909.0
2018-05-21,24.9848,25.1158,24.952,25.0093,30075013.0
2018-05-22,25.0339,25.4923,25.0012,25.2877,51775238.0
2018-05-23,25.1403,25.1813,24.6246,24.9193,63383475.0
2018-05-24,24.8866,24.8947,24.4199,24.731,55057634.0
2018-05-25,24.5673,24.7146,24.4609,24.6901,40058962.0
2018-05-29,24.3626,24.3954,23.4949,23.7077,122224011.0
2018-05-30,23.9772,24.232,23.8703,24.1416,62367166.0
2018-05-31,24.0019,24.0512,23.6895,23.8703,65489467.0
2018-06-01,24.2567,24.38,24.0923,24.1663,58515726.0
2018-06-04,24.2895,24.3224,24.1087,24.1663,35767687.0
2018-06-05,24.0923,24.1169,23.8868,23.9361,40522757.0
2018-06-06,24.0758,24.7005,24.0758,24.6923,66902369.0
2018-06-07,24.8238,24.9143,24.569,24.7334,56758241.0
2018-06-08,24.6677,24.7005,24.5033,24.6677,41377134.0
2018-06-11,24.7663,24.9965,24.7088,24.7088,40053531.0
2018-06-12,24.7992,24.8814,24.4539,24.5772,43844008.0
2018-06-13,24.643,24.9554,24.4046,24.5279,62653656.0
2018-06-14,24.7005,24.7005,24.1498,24.2484,68515244.0
2018-06-15,24.043,24.1745,23.7224,24.0676,74834374.0
2018-06-18,23.7881,24.2484,23.6813,24.1663,43922871.0
2018-06-19,23.8703,24.1416,23.7964,24.0512,50085977.0
2018-06-20,24.1909,24.2484,23.9854,24.0347,44915622.0
2018-06-21,24.0101,24.2074,23.8375,24.0758,53524743.0
2018-06-22,24.2156,24.2649,23.8292,23.8292,48410364.0
2018-06-25,23.7224,23.7635,23.2292,23.41,63529472.0
2018-06-26,23.4429,23.5662,23.0237,23.4593,51719187.0
2018-06-27,23.4347,23.7142,23.2128,23.2128,55499138.0
2018-06-28,23.3443,23.7059,23.2621,23.5662,60988048.0
2018-06-29,23.8786,23.9772,23.1634,23.1717,89431908.0
2018-07-02,23.0812,23.2456,22.8757,23.2456,47131743.0
2018-07-03,23.2867,23.3689,22.8018,22.8346,37068322.0
2018-07-05,22.9744,23.0812,22.8593,22.9497,40145614.0
2018-07-06,22.8593,23.1388,22.7113,23.0401,34269892.0
2018-07-09,23.2045,23.9114,23.1963,23.8786,55473499.0
2018-07-10,24.0183,24.1087,23.632,23.6977,53604698.0
2018-07-11,23.5662,23.7635,23.5251,23.5744,42555810.0
2018-07-12,23.7553,23.8128,23.558,23.6484,44388039.0
2018-07-13,23.5251,23.5826,23.1963,23.4676,67531865.0
2018-07-16,23.6566,24.5361,23.6155,24.4786,116055541.0
2018-07-17,24.569,24.8238,24.3142,24.6677,75982089.0
2018-07-18,24.5937,24.8978,24.5279,24.7663,52322696.0
2018-07-19,24.6019,24.6759,24.3635,24.3882,53113658.0
2018-07-20,24.3306,24.791,24.2156,24.7663,64983444.0
2018-07-23,24.7745,25.3581,24.7663,25.2759,68872128.0
2018-07-24,25.3581,25.5718,25.1937,25.3417,58198987.0
2018-07-25,25.2348,25.5718,25.2102,25.539,52369953.0
2018-07-26,25.6129,25.654,25.391,25.4321,41096820.0
2018-07-27,25.4732,25.5965,25.317,25.5307,52434152.0
2018-07-30,25.5965,25.8513,25.5883,25.7362,50199452.0
2018-07-31,25.7691,25.8267,25.3335,25.3828,52841465.0
2018-08-01,25.6623,25.9335,25.6212,25.6869,63125780.0
2018-08-02,25.465,25.7362,25.3746,25.7116,41162722.0
2018-08-03,25.6294,25.9006,25.6129,25.9006,38174822.0
2018-08-06,25.8513,25.9664,25.7445,25.9089,35770426.0
2018-08-07,25.9335,26.139,25.8842,25.9006,39977637.0
2018-08-08,25.9006,26.2294,25.876,26.139,39541700.0
2018-08-09,26.0815,26.1308,25.9335,25.9746,33026568.0
2018-08-10,25.6705,25.7527,25.3992,25.6376,49445062.0
2018-08-13,25.5472,25.5801,25.0293,25.054,55832479.0
2018-08-14,25.1608,25.3992,25.0047,25.3088,37604916.0
2018-08-15,25.054,25.1691,24.7827,24.9554,52800960.0
2018-08-16,25.1197,25.3499,25.0869,25.2513,37103948.0
2018-08-17,25.2019,25.3663,25.1033,25.2677,34082423.0
2018-08-20,25.2266,25.4239,25.1937,25.3746,36603649.0
2018-08-21,25.4074,25.6869,25.3417,25.4979,41208548.0
2018-08-22,25.4157,25.5554,25.3828,25.465,27995696.0
2018-08-23,25.4321,25.465,25.2677,25.3499,32349773.0
2018-08-24,25.4321,25.5472,25.3581,25.391,30868192.0
2018-08-27,25.5061,25.8842,25.4732,25.7362,43383718.0
2018-08-28,25.7773,25.8184,25.6376,25.7034,34180456.0
2018-08-29,25.6787,25.7362,25.539,25.5965,34493768.0
2018-08-30,25.4979,25.6047,25.4403,25.4896,39114263.0
2018-08-31,25.3828,25.4403,25.1691,25.4239,39798486.0
2018-09-04,25.4074,25.6129,25.3335,25.5965,39466423.0
2018-09-05,25.5385,25.6789,25.4559,25.6294,37236638.0
2018-09-06,25.6459,25.6955,25.3816,25.4807,35637533.0
2018-09-07,25.6046,25.7037,25.299,25.489,42113480.0
2018-09-10,25.5055,25.6046,25.3981,25.4559,26971883.0
2018-09-11,25.3733,25.522,25.3568,25.4807,41619803.0
2018-09-12,25.5055,25.5716,25.0925,25.1338,50958230.0
2018-09-13,25.2081,25.332,24.8447,24.8943,52005742.0
2018-09-14,24.886,25.1008,24.8695,25.0842,28729492.0
2018-09-17,25.0595,25.1834,24.9025,25.0099,29405210.0
2018-09-18,25.0512,25.109,24.886,24.9521,42951133.0
2018-09-19,24.886,25.7698,24.886,25.6046,78251763.0
2018-09-20,25.8359,25.9102,25.7202,25.7615,75031813.0
2018-09-21,25.8854,25.9102,25.5798,25.6294,54630021.0
2018-09-24,25.5881,25.7698,25.3238,25.3899,37042475.0
2018-09-25,25.4807,25.6376,25.2742,25.332,34273430.0
2018-09-26,25.3651,25.3899,24.8282,24.886,48607598.0
2018-09-27,24.9769,25.0347,24.7208,24.7291,40372288.0
2018-09-28,24.4896,24.6548,24.2996,24.3326,54630001.0
2018-10-01,24.5143,24.7291,24.3987,24.4896,41611915.0
2018-10-02,24.4317,24.5474,24.1757,24.4317,37248162.0
2018-10-03,24.6135,24.9273,24.5474,24.7786,52932149.0
2018-10-04,24.9191,25.4311,24.8943,25.1338,66124906.0
2018-10-05,25.2742,25.3155,24.8199,24.9686,46459324.0
2018-10-08,24.8199,25.1255,24.7043,25.0017,42101805.0
2018-10-09,24.8034,24.9356,24.6713,24.7621,52074091.0
2018-10-10,24.7621,24.886,24.1261,24.1509,74022061.0
2018-10-11,23.8618,24.1592,23.3415,23.4241,99896960.0
2018-10-12,23.9444,23.9857,22.9037,23.5067,93677028.0
2018-10-15,23.5315,23.6388,22.8294,23.0607,103785296.0
2018-10-16,23.325,23.6058,23.0441,23.5645,81072416.0
2018-10-17,23.4323,24.1096,23.2589,23.8701,71539268.0
2018-10-18,23.6801,23.8701,23.2424,23.3332,70329633.0
2018-10-19,23.2424,23.5562,23.102,23.391,55694188.0
2018-10-22,23.391,23.4158,22.5568,22.6146,77716095.0
2018-10-23,21.7969,22.466,21.5574,22.3173,94575674.0
2018-10-24,22.1851,22.2182,21.5409,21.6318,75805279.0
2018-10-25,21.7887,22.243,21.6235,21.9621,61279370.0
2018-10-26,21.7391,21.9539,21.3757,21.7969,83099174.0
2018-10-29,22.0447,22.4495,21.7144,21.9787,71086764.0
2018-10-30,22.1026,22.1851,21.7391,22.1191,70559759.0
2018-10-31,22.3834,23.0276,22.3503,22.7138,77977036.0
2018-11-01,22.9368,23.1267,22.8046,22.9698,43480964.0
2018-11-02,23.135,23.4406,22.7303,23.0359,62591980.0
2018-11-05,23.0854,23.325,23.0359,23.1763,32398087.0
2018-11-06,23.1433,23.3332,22.912,23.3002,35553687.0
2018-11-07,23.4736,23.6801,23.2424,23.5728,49190589.0
2018-11-08,23.5397,24.0518,23.4819,23.8453,44320347.0
2018-11-09,23.7462,23.8618,23.4406,23.5562,37431064.0
2018-11-12,23.4406,23.5562,22.8294,22.9202,43375538.0
2018-11-13,22.9202,23.2424,22.8707,22.9285,51639991.0
2018-11-14,23.0854,23.2093,22.1191,22.4742,61936360.0
2018-11-15,22.4164,23.102,22.2017,23.0441,59410331.0
2018-11-16,22.8377,23.0359,22.6477,22.9202,45403042.0
2018-11-19,22.945,23.1433,22.7468,22.9202,41204608.0
2018-11-20,22.6477,22.7716,22.276,22.6146,74426150.0
2018-11-21,22.7881,22.9285,22.5073,22.5238,32788985.0
2018-11-23,22.3669,22.4412,22.2017,22.276,20592378.0
2018-11-26,22.4495,22.9037,22.3834,22.7633,39990464.0
2018-11-27,22.6559,23.0441,22.6229,22.912,38472017.0
2018-11-28,23.0276,23.5149,22.7633,23.4819,54192861.0
2018-11-29,23.2754,23.4158,23.102,23.1598,41238587.0
2018-11-30,23.0772,23.6471,23.0194,23.4571,44462200.0
2018-12-03,23.9444,23.9857,23.4158,23.5728,50135738.0
2018-12-04,23.3972,23.3972,22.0766,22.2925,89610627.0
2018-12-06,21.7859,21.8606,21.2045,21.8274,112530211.0
2018-12-07,21.7194,22.0433,21.0134,21.1214,90894579.0
2018-12-10,20.9138,20.9553,20.1746,20.5649,100326640.0
2018-12-11,20.9387,21.0965,20.3739,20.4154,69793298.0
2018-12-12,20.6397,20.756,20.241,20.3656,77816357.0
2018-12-13,20.4819,20.6148,20.1663,20.2659,54087591.0
2018-12-14,20.0832,20.6563,20.0334,20.3324,81681705.0
2018-12-17,20.1496,20.7061,20.0666,20.3241,83147431.0
2018-12-18,20.4902,20.839,20.1912,20.3241,76483212.0
2018-12-19,20.3075,21.3124,19.9918,20.0832,107762729.0
2018-12-20,19.8091,20.2908,19.7344,20.0251,98272400.0
2018-12-21,19.8589,20.3573,19.3191,19.4104,111160415.0
2018-12-24,18.9038,19.2775,18.8207,18.8789,59279868.0
2018-12-26,19.0035,20.0832,18.8457,20.0251,89637888.0
2018-12-27,19.751,20.241,19.4271,20.241,78850566.0
2018-12-28,20.4237,20.5566,20.1496,20.2576,68542717.0
2018-12-31,20.4403,20.7394,20.241,20.4653,47761449.0
2019-01-02,20.0001,20.8806,19.942,20.731,56623371.0
2019-01-03,20.7144,20.7975,20.3075,20.3988,57582590.0
2019-01-04,20.8473,21.3041,20.7892,21.246,76584751.0
2019-01-07,21.2294,21.4121,21.0051,21.2294,48019458.0
2019-01-08,21.3623,21.4204,20.839,21.1879,58149870.0
2019-01-09,21.3208,21.4703,21.0882,21.3955,62649971.0
2019-01-10,21.2294,21.4121,21.1131,21.3706,51548168.0
2019-01-11,21.2045,21.6281,21.1463,21.6198,55425667.0
2019-01-14,21.4038,21.9935,21.2709,21.9022,59334226.0
2019-01-15,21.7776,22.2676,21.6364,22.0517,69218670.0
2019-01-16,23.364,23.854,23.1397,23.6297,141136729.0
2019-01-17,23.5384,24.0866,23.3307,24.0782,94195911.0
2019-01-18,24.1032,24.4686,23.8457,24.3357,85243081.0
2019-01-22,24.0866,24.3357,23.9952,24.1613,74445697.0
2019-01-23,24.2693,24.3191,23.7709,24.0201,72007086.0
2019-01-24,23.8789,24.2527,23.8706,24.153,51062066.0
2019-01-25,24.3191,24.6846,24.1945,24.5683,65041696.0
2019-01-28,24.3523,24.643,24.3274,24.6098,51228725.0
2019-01-29,24.5351,24.668,24.3689,24.4105,46264998.0
2019-01-30,24.4354,24.4769,24.045,24.1447,61758446.0
2019-01-31,23.8789,23.9537,23.2394,23.6464,88741718.0
2019-02-01,23.7543,23.9537,23.5135,23.5716,52688701.0
2019-02-04,23.6464,24.0616,23.5965,23.9869,47887539.0
2019-02-05,23.962,23.9869,23.7294,23.9038,40479700.0
2019-02-06,23.8125,24.0035,23.7045,23.8623,31456490.0
2019-02-07,23.7045,23.7875,23.1729,23.4553,53718991.0
2019-02-08,23.3806,23.5218,23.1397,23.4968,43742999.0
2019-02-11,23.5384,23.638,23.4304,23.5965,36098953.0
2019-02-12,23.7709,23.9703,23.7377,23.8291,43198504.0
2019-02-13,23.9786,24.0782,23.8042,23.8374,37705512.0
2019-02-14,23.555,23.7709,23.3473,23.5799,40508396.0
2019-02-15,23.8872,24.344,23.8125,24.1779,52785673.0
2019-02-19,24.0284,24.3025,23.8789,24.1945,36825322.0
2019-02-20,24.153,24.4603,24.0949,24.4271,36296559.0
2019-02-21,24.3606,24.4603,24.1779,24.3274,35834283.0
2019-02-22,24.1198,24.3108,24.0533,24.153,41336969.0
2019-02-25,24.2111,24.5766,24.1862,24.3108,48037806.0
2019-02-26,24.1198,24.6098,24.0533,24.3274,45426141.0
2019-02-27,24.3347,24.6436,24.2513,24.5268,41501524.0
2019-02-28,24.6269,24.6687,24.2179,24.2763,45848487.0
2019-03-01,24.485,24.7522,24.3848,24.4683,40001879.0
2019-03-04,24.485,24.6603,24.0175,24.2346,49155741.0
2019-03-05,24.2262,24.3681,23.9591,24.2763,35019216.0
2019-03-06,24.2179,24.3431,24.0426,24.076,35991339.0
2019-03-07,23.934,23.9758,23.5918,23.8339,45692945.0
2019-03-08,23.4248,23.934,23.3831,23.9173,36108204.0
2019-03-11,23.9591,24.2596,23.9591,24.1594,35566774.0
2019-03-12,24.1928,24.3097,24.1177,24.1594,29758304.0
2019-03-13,24.2513,24.6353,24.1928,24.4516,47924933.0
2019-03-14,24.4683,24.7438,24.4099,24.5935,38217569.0
2019-03-15,24.5768,24.7188,24.4266,24.46,53337782.0
2019-03-18,24.5268,25.0109,24.485,24.8941,45831557.0
2019-03-19,25.0527,25.1612,24.6603,24.7522,45662822.0
2019-03-20,24.7271,24.7605,23.8756,23.909,67268851.0
2019-03-21,23.7504,23.8756,23.4081,23.525,71219776.0
2019-03-22,23.2996,23.4332,22.2978,22.5483,106940178.0
2019-03-25,22.4648,22.8571,22.2143,22.4063,60180873.0
2019-03-26,22.6651,22.8321,22.4397,22.7152,52434847.0
2019-03-27,22.6401,22.8488,22.4898,22.5649,51077902.0
2019-03-28,22.7069,22.8822,22.5566,22.8154,42032514.0
2019-03-29,22.9991,23.1076,22.7903,23.0324,70193593.0
2019-04-01,23.2912,23.9925,23.2495,23.8255,81263411.0
2019-04-02,23.7671,24.101,23.6669,24.101,57234782.0
2019-04-03,24.293,24.4099,23.9591,24.076,54201115.0
2019-04-04,24.0843,24.4683,24.076,24.3347,46394166.0
2019-04-05,24.4767,24.6269,24.1928,24.2763,38381774.0
2019-04-08,24.1177,24.3765,24.101,24.3514,30360418.0
2019-04-09,24.2095,24.268,23.9925,24.1177,35835254.0
2019-04-10,24.126,24.3347,24.0008,24.268,37845744.0
2019-04-11,24.3848,24.6186,24.2012,24.268,43902735.0
2019-04-12,24.677,25.228,24.677,25.1863,92075722.0
2019-04-15,25.1278,25.1612,24.7605,24.9108,51803631.0
2019-04-16,24.46,25.0861,24.2095,24.9442,94579379.0
2019-04-17,24.9024,25.1445,24.5935,25.0694,86793354.0
2019-04-18,25.0026,25.1779,24.8941,25.0694,49722870.0
2019-04-22,24.9859,25.1278,24.8607,25.0861,29303064.0
2019-04-23,25.036,25.2196,24.9776,25.1028,36421295.0
2019-04-24,25.0026,25.1863,24.9191,25.061,33422136.0
2019-04-25,24.9943,25.3115,24.9525,25.1111,38838982.0
2019-04-26,25.1863,25.3699,25.0861,25.3365,35496849.0
2019-04-29,25.4033,26.0211,25.3866,25.6871,62757759.0
2019-04-30,25.7205,25.779,25.3866,25.5285,39454876.0
2019-05-01,25.5118,25.7873,25.1946,25.2614,51029936.0
2019-05-02,25.2614,25.5035,25.1696,25.4617,36528793.0
2019-05-03,25.5953,25.7122,25.4617,25.6371,30738043.0
2019-05-06,25.1362,25.5536,25.1028,25.4367,35594006.0
2019-05-07,25.1779,25.1863,24.7355,24.9776,49229042.0
2019-05-08,24.8189,25.1362,24.7605,24.8774,35257230.0
2019-05-09,24.5518,24.8607,24.4433,24.8022,39530475.0
2019-05-10,24.5935,24.8022,24.3681,24.6937,54556764.0
2019-05-13,24.1761,24.2095,23.4165,23.5834,62424681.0
2019-05-14,23.6919,24.2012,23.55,23.8923,46203281.0
2019-05-15,23.4582,23.7838,23.3831,23.6168,44808500.0
2019-05-16,23.7587,24.0676,23.7253,23.8673,37302919.0
2019-05-17,23.5834,23.909,23.5584,23.7086,38832222.0
2019-05-20,23.7086,23.8088,23.5667,23.7086,35690863.0
2019-05-21,23.8506,24.0008,23.7504,23.9507,29388220.0
2019-05-22,23.8005,23.9006,23.6669,23.7838,25024838.0
2019-05-23,23.4832,23.5417,22.9573,23.1744,52815625.0
2019-05-24,23.3163,23.5918,23.2578,23.525,29667333.0
2019-05-28,23.4165,23.5834,23.2745,23.2912,33306248.0
2019-05-29,22.9824,23.2495,22.8571,23.166,44592512.0
2019-05-30,23.1827,23.3163,22.5232,22.6735,50559334.0
2019-05-31,22.1225,22.4314,22.1058,22.206,53247889.0
2019-06-03,22.1976,22.5316,22.039,22.2728,41917853.0
2019-06-04,22.6902,23.333,22.6568,23.3079,49953194.0
2019-06-05,23.2408,23.3835,22.9219,23.2996,38680298.0
2019-06-06,23.2996,23.5346,23.1149,23.4003,31859908.0
2019-06-07,23.2912,23.3248,23.0142,23.1065,43106952.0
2019-06-10,23.3835,23.8955,23.3667,23.5598,40680381.0
2019-06-11,23.8116,24.0885,23.6185,23.7025,34509983.0
2019-06-12,23.6689,23.7276,23.3835,23.4591,28857365.0
2019-06-13,23.4758,23.6353,23.3415,23.4507,29382736.0
2019-06-14,23.4255,23.6437,23.3164,23.5346,29890561.0
2019-06-17,23.5094,23.6857,23.3248,23.4423,28815711.0
2019-06-18,23.5178,24.1725,23.3583,24.0214,54103206.0
2019-06-19,24.0885,24.3152,23.7528,23.7696,54796991.0
2019-06-20,23.9962,24.013,23.3751,23.7276,51125783.0
2019-06-21,23.6605,23.9626,23.5682,23.6017,39761458.0
2019-06-24,23.5682,23.82,23.4087,23.4842,32498528.0
2019-06-25,23.5178,23.5178,22.9806,23.2996,39371239.0
2019-06-26,23.4507,23.6521,23.3751,23.4255,28520782.0
2019-06-27,23.5682,23.778,23.5514,23.6773,28405666.0
2019-06-28,24.3487,24.567,24.1137,24.3403,62849265.0
2019-07-01,24.7432,25.0538,24.5502,24.6929,38759195.0
2019-07-02,24.6173,24.7013,24.2816,24.4662,27765279.0
2019-07-03,24.4998,24.5418,24.2732,24.3823,22646152.0
2019-07-05,24.6425,24.8188,24.4662,24.5586,26754181.0
2019-07-08,24.3487,24.5921,24.29,24.5082,25093521.0
2019-07-09,24.3152,24.6929,24.29,24.6341,23394114.0
2019-07-10,24.483,24.6761,24.3068,24.3571,34214980.0
2019-07-11,24.4075,24.76,24.3655,24.6425,31235535.0
2019-07-12,24.7096,24.7852,24.6425,24.718,22937220.0
2019-07-15,24.76,24.7852,24.4075,24.525,36542313.0
2019-07-16,24.483,24.5082,24.2228,24.3319,48875427.0
2019-07-17,24.4327,24.8607,24.3403,24.4998,74269046.0
2019-07-18,24.5754,24.8271,24.4914,24.7432,44594388.0
2019-07-19,24.7936,24.8523,24.6593,24.6761,37169716.0
2019-07-22,24.5837,24.8523,24.5754,24.8188,25897921.0
2019-07-23,24.9698,25.4147,24.9279,25.3895,54742944.0
2019-07-24,25.2384,25.8092,25.2132,25.742,44862693.0
2019-07-25,25.8008,25.9267,25.3559,25.465,37387294.0
2019-07-26,25.6581,26.0106,25.5322,25.8259,38990665.0
2019-07-29,25.784,25.8931,25.5909,25.6161,31982442.0
2019-07-30,25.3559,25.9351,25.3056,25.9267,32368329.0
2019-07-31,25.8763,26.0693,25.6749,25.7504,53539587.0
2019-08-01,25.6413,26.0777,24.6425,24.7516,68885604.0
2019-08-02,24.6425,24.76,24.2648,24.6593,51894604.0
2019-08-05,23.9459,24.0382,23.2576,23.5682,80406172.0
2019-08-06,23.8619,23.9123,23.2408,23.8535,57463029.0
2019-08-07,23.1737,23.4423,22.7624,23.4087,68248822.0
2019-08-08,23.5933,23.9123,23.5598,23.82,44165913.0
2019-08-09,23.7192,23.9375,23.4758,23.778,47739095.0
2019-08-12,23.3583,23.3751,23.0478,23.1989,41240865.0
2019-08-13,23.1401,23.7109,22.9806,23.266,64625015.0
2019-08-14,22.6113,22.7288,22.0574,22.1749,90466536.0
2019-08-15,22.3092,22.5274,21.9986,22.0322,62419499.0
2019-08-16,22.2672,22.7624,22.1917,22.6869,57080859.0
2019-08-19,23.2157,23.2492,22.7792,22.8883,39202279.0
2019-08-20,22.6785,22.7121,22.4099,22.4267,41501661.0
2019-08-21,22.6029,22.7288,22.4854,22.6029,42176956.0
2019-08-22,22.7372,22.9135,22.6281,22.8212,41789098.0
2019-08-23,22.6197,22.8463,22.0406,22.2169,71063084.0
2019-08-26,22.4099,22.4938,22.2336,22.477,35584954.0
2019-08-27,22.5442,22.5778,22.0574,22.2169,44723136.0
2019-08-28,22.007,22.7288,21.9986,22.5358,40404144.0
2019-08-29,22.6617,23.0394,22.5946,22.9387,46614662.0
2019-08-30,23.0814,23.2408,22.9555,23.0898,33984844.0
2019-09-03,22.838,22.8547,22.3344,22.7037,44922680.0
2019-09-04,22.9293,23.149,22.7942,23.073,35338841.0
2019-09-05,23.5292,24.0192,23.4869,23.7573,56788802.0
2019-09-06,23.6559,23.732,23.2926,23.4278,47784433.0
2019-09-09,23.6559,24.374,23.6306,24.1882,61408545.0
2019-09-10,24.3994,24.7965,24.3402,24.7965,61857483.0
2019-09-11,24.8134,24.8979,24.4078,24.8894,48048401.0
2019-09-12,24.6866,25.1767,24.4247,25.0668,65538818.0
2019-09-13,25.3456,25.616,25.2358,25.4892,70564313.0
2019-09-16,25.0753,25.4892,25.0415,25.4555,37440935.0
2019-09-17,25.2189,25.3625,24.9992,25.2949,40415276.0
2019-09-18,25.1513,25.4724,24.9654,25.3456,60093353.0
2019-09-19,25.3456,25.4301,25.1344,25.1936,36621358.0
2019-09-20,25.3203,25.4555,24.9823,24.9992,69006668.0
2019-09-23,24.7627,25.0246,24.6444,24.9401,39034186.0
2019-09-24,25.0077,25.0415,24.2811,24.4501,55123734.0
2019-09-25,24.3149,24.8472,24.3149,24.712,38177058.0
2019-09-26,24.6782,24.7796,24.543,24.6106,28702558.0
2019-09-27,24.8472,25.1006,24.6782,24.7965,34623198.0
2019-09-30,24.9147,24.9401,24.5599,24.6444,32023212.0
2019-10-01,24.8725,24.9316,24.0023,24.0277,43165065.0
2019-10-02,23.8249,23.9094,23.4954,23.5207,45057236.0
2019-10-03,23.4532,23.5545,22.9462,23.4954,46647779.0
2019-10-04,23.5292,23.9939,23.5207,23.9685,36589805.0
2019-10-07,23.9347,24.1797,23.808,23.9178,31565777.0
2019-10-08,23.5461,23.5883,23.1997,23.3433,51520945.0
2019-10-09,23.5123,23.7151,23.4447,23.563,32229268.0
2019-10-10,23.6897,24.2896,23.6897,24.0361,43499240.0
2019-10-11,24.4923,24.788,24.3825,24.4247,60735273.0
2019-10-14,24.2811,24.6359,24.2727,24.619,31310111.0
2019-10-15,24.788,25.5484,24.5937,25.1175,68631109.0
2019-10-16,25.6582,25.9539,25.4724,25.4892,76711070.0
2019-10-17,25.5991,25.8018,25.3456,25.5653,50701575.0
2019-10-18,25.4555,25.7596,25.4301,25.6413,42465363.0
2019-10-21,25.8948,26.3172,25.8779,26.2074,55250903.0
2019-10-22,26.1651,26.5031,25.9793,26.3594,54565958.0
2019-10-23,26.3003,26.5622,26.2665,26.5453,43117232.0
2019-10-24,26.5707,26.6298,26.3594,26.4946,33944294.0
2019-10-25,26.4946,26.9086,26.4777,26.7988,37572394.0
2019-10-28,27.01,27.2296,26.8157,26.9002,51594891.0
2019-10-29,26.9846,27.1536,26.8748,27.0945,43091498.0
2019-10-30,27.0438,27.0438,26.6383,26.7143,41144145.0
2019-10-31,26.5369,26.6045,26.0384,26.4186,41162586.0
2019-11-01,26.7734,26.9002,26.5031,26.8664,36615760.0
2019-11-04,27.2381,27.4578,27.1198,27.3733,46018027.0
2019-11-05,27.4662,27.9562,27.4578,27.7281,55490289.0
2019-11-06,27.6774,27.9309,27.6014,27.7028,39243610.0
2019-11-07,27.9731,28.3871,27.8886,28.0745,58607048.0
2019-11-08,27.9393,28.1083,27.821,28.0998,34954871.0
2019-11-11,27.9055,28.0914,27.8548,28.0323,23890397.0
2019-11-12,27.99,28.1505,27.8717,27.9562,33467169.0
2019-11-13,27.6436,27.7873,27.4409,27.7028,35543106.0
2019-11-14,27.6183,27.7619,27.4493,27.6267,30168788.0
2019-11-15,27.8126,27.8464,27.6267,27.821,29479508.0
2019-11-18,27.7619,27.9055,27.669,27.8464,26546948.0
2019-11-19,27.9816,28.0069,27.7281,27.8295,27532560.0
2019-11-20,27.7028,27.7366,27.3902,27.6183,37045704.0
2019-11-21,27.6943,27.914,27.5676,27.745,36145580.0
2019-11-22,27.8464,28.1505,27.8295,28.0323,33771950.0
2019-11-25,28.159,28.3111,28.0914,28.2773,39407341.0
2019-11-26,28.2012,28.2181,27.9816,28.1759,36130897.0
2019-11-27,28.2942,28.3871,28.1421,28.235,28586412.0
2019-11-29,28.1928,28.3195,28.083,28.1505,15981681.0
2019-12-02,28.2604,28.5138,28.1674,28.2435,42470475.0
2019-12-03,27.7704,27.7957,27.5,27.745,49527739.0
2019-12-04,27.9475,28.1343,27.7521,28.0069,38607455.0
2019-12-05,28.1683,28.2193,28.0324,28.1089,30339056.0
2019-12-06,28.61,28.712,28.5166,28.6015,40795910.0
2019-12-09,28.4571,28.627,28.3977,28.4656,26469314.0
2019-12-10,28.3722,28.5676,28.2872,28.4826,33144749.0
2019-12-11,28.4401,28.678,28.4401,28.5761,34123344.0
2019-12-12,28.695,29.5699,28.6015,29.4595,56509640.0
2019-12-13,29.468,29.6974,29.1707,29.2556,41558072.0
2019-12-16,29.6889,29.8078,29.4765,29.4765,40076960.0
2019-12-17,29.6039,29.9607,29.5105,29.7653,37833087.0
2019-12-18,29.8248,29.9607,29.7738,29.8248,35860104.0
2019-12-19,29.8588,29.9267,29.6379,29.6889,32507959.0
2019-12-20,29.9352,29.9352,29.6549,29.6974,48395925.0
2019-12-23,29.7653,29.8927,29.6889,29.8757,25598464.0
2019-12-24,29.8927,29.9692,29.8333,29.9182,12472951.0
2019-12-26,30.0032,30.207,29.9777,30.1731,19156801.0
2019-12-27,30.326,30.3429,29.9522,30.0286,20849173.0
2019-12-30,30.2155,30.2835,29.8078,29.8588,24850905.0
2019-12-31,29.7568,29.9522,29.7058,29.9182,23514625.0
2020-01-02,30.0286,30.292,29.9777,30.275,30941424.0
2020-01-03,29.7143,29.8588,29.5275,29.6464,41481197.0
2020-01-06,29.2301,29.6464,29.1962,29.6039,29590935.0
2020-01-07,29.4765,29.6634,29.3321,29.4085,28007980.0
2020-01-08,29.3661,29.8927,29.3491,29.7058,36473895.0
2020-01-09,29.9862,30.0117,29.6804,29.7568,32293696.0
2020-01-10,29.7313,29.7908,29.4425,29.5105,27970304.0
2020-01-13,29.5954,29.7908,29.4425,29.7823,30542561.0
2020-01-14,29.9862,30.3005,29.8248,30.0032,55540532.0
2020-01-15,29.536,29.5529,29.1707,29.451,64167461.0
2020-01-16,29.6464,29.7228,29.3915,29.4935,44664004.0
2020-01-17,29.6464,29.6889,29.3915,29.485,40366540.0
2020-01-21,29.2386,29.3236,29.0687,29.1027,35205574.0
2020-01-22,29.1877,29.2641,29.0772,29.1877,27969093.0
2020-01-23,28.9583,29.1027,28.6525,28.9838,37028868.0
2020-01-24,28.9838,29.0008,28.2618,28.4911,42750730.0
2020-01-27,27.6671,28.1428,27.5822,27.905,43538040.0
2020-01-28,28.0494,28.4486,27.9814,28.2363,30044467.0
2020-01-29,28.3127,28.4062,28.0154,28.0409,30838448.0
2020-01-30,27.7776,28.4741,27.7521,28.4401,43396900.0
2020-01-31,28.0919,28.1768,27.7351,27.888,43534571.0
2020-02-03,28.0324,28.3722,27.9559,28.0069,41205875.0
2020-02-04,28.5081,28.7969,28.4826,28.5591,35735574.0
2020-02-05,28.9668,29.5699,28.9413,29.485,46690755.0
2020-02-06,29.6804,29.7398,29.3915,29.451,31392258.0
2020-02-07,29.1537,29.4425,29.0857,29.4,25093751.0
2020-02-10,29.2556,29.468,29.2047,29.468,20242170.0
2020-02-11,29.6039,29.7653,29.5275,29.536,27722249.0
2020-02-12,29.7993,30.1136,29.5444,29.6634,31984172.0
2020-02-13,29.5275,29.7568,29.3491,29.6549,23549642.0
2020-02-14,29.6294,29.6974,29.4765,29.6039,21198375.0
2020-02-18,29.536,29.5869,28.8904,29.1112,31411394.0
2020-02-19,29.2641,29.6039,29.2301,29.4935,24167489.0
2020-02-20,29.2726,29.7993,29.2726,29.6039,37797275.0
2020-02-21,29.3406,29.4255,28.9923,29.1877,37377440.0
2020-02-24,28.1853,28.2108,27.6247,27.803,62851481.0
2020-02-25,27.7691,27.8285,26.1976,26.4014,77098722.0
2020-02-26,26.6648,26.8431,25.9597,26.0192,69317183.0
2020-02-27,25.1017,25.7388,24.5581,24.745,104155776.0
2020-02-28,23.7851,24.4222,23.5302,24.2098,142993990.0
2020-03-02,24.0824,24.9573,23.3094,24.9488,130342289.0
2020-03-03,24.9488,25.2716,23.4623,23.5727,118269161.0
2020-03-04,24.0309,24.142,23.2615,24.1164,93213887.0
2020-03-05,23.2871,23.3812,22.569,22.8939,93116991.0
2020-03-06,21.774,22.4066,21.4577,21.9791,102906772.0
2020-03-09,19.0041,20.0813,18.3886,18.7477,122097267.0
2020-03-10,19.8932,20.2437,18.4485,20.1839,113170823.0
2020-03-11,19.5256,20.4831,19.0298,19.3803,112990046.0
2020-03-12,17.6021,19.5513,17.226,17.5337,122675210.0
2020-03-13,18.9699,20.731,18.363,20.6541,108516483.0
2020-03-16,17.0122,18.5767,16.7387,17.4739,100121643.0
2020-03-17,18.0039,19.3974,17.1234,18.7904,102291271.0
2020-03-18,17.4055,17.927,16.8413,17.7731,132584850.0
2020-03-19,17.32,18.5938,16.2428,18.1236,111195358.0
2020-03-20,18.628,18.6707,16.7216,16.8156,127008209.0
2020-03-23,16.4651,16.8156,15.3452,15.4564,161833863.0
2020-03-24,16.6019,18.0809,16.2514,17.9783,127763800.0
2020-03-25,18.5596,18.893,17.4397,18.0381,121426533.0
2020-03-26,18.2176,19.6197,18.098,19.423,91982534.0
2020-03-27,18.551,18.9785,18.0381,18.4656,81104692.0
2020-03-30,18.4998,19.1067,18.1834,18.8417,71499578.0
2020-03-31,18.6536,19.2264,17.9184,18.1492,76638329.0
2020-04-01,17.0379,17.3969,16.6788,16.9011,71769548.0
2020-04-02,16.7985,17.7731,16.7472,17.585,61685453.0
2020-04-03,17.4226,17.7304,16.8242,17.1234,58355368.0
2020-04-06,17.9783,18.4656,17.7902,18.286,81680078.0
2020-04-07,19.4914,19.5598,18.6793,18.9272,83893121.0
2020-04-08,19.2521,20.1753,19.158,20.0471,69369314.0
2020-04-09,20.5771,21.6457,20.56,21.2525,106442784.0
2020-04-13,21.1841,21.2439,20.3292,20.4489,68459860.0
2020-04-14,20.9447,21.073,19.7479,20.2865,75226709.0
2020-04-15,18.9443,19.3632,18.7306,18.9699,80558994.0
2020-04-16,18.9528,18.987,18.0296,18.3117,74437427.0
2020-04-17,19.0982,20.0044,19.0725,19.9018,76272714.0
2020-04-20,19.2948,19.7735,18.9614,19.235,65251681.0
2020-04-21,18.7391,19.1238,18.3801,18.4998,62081111.0
2020-04-22,18.9785,19.0041,18.5938,18.6365,43189266.0
2020-04-23,18.7733,19.1409,18.6793,18.6964,44562029.0
2020-04-24,18.9015,19.064,18.5254,18.9614,41488645.0
2020-04-27,19.2521,20.2181,19.1922,20.0642,57528599.0
2020-04-28,20.902,21.2097,20.3805,20.4232,57806866.0
2020-04-29,21.2952,21.4662,20.9533,21.1841,62906405.0
2020-04-30,20.6968,20.8421,20.3891,20.56,45503479.0
2020-05-01,19.9873,20.0556,19.5,19.7308,44007047.0
2020-05-04,19.4059,19.6538,19.1751,19.6026,37213363.0
2020-05-05,20.0727,20.1069,19.3375,19.3717,39867465.0
2020-05-06,19.6624,19.7308,19.0041,19.1067,45745541.0
2020-05-07,19.3717,19.9787,19.329,19.5256,46239896.0
2020-05-08,20.0642,20.1924,19.8761,20.1497,37885401.0
2020-05-11,19.7564,19.765,19.2862,19.3033,61550851.0
2020-05-12,19.4145,19.5085,18.6793,18.6964,61331823.0
2020-05-13,18.5254,18.5938,17.7133,17.8415,102451936.0
2020-05-14,17.3457,18.628,17.1832,18.5596,75870743.0
2020-05-15,18.2946,18.551,18.1407,18.3288,49099319.0
2020-05-18,19.1666,19.7137,18.8674,19.6026,69374081.0
2020-05-19,19.4059,19.6624,18.9614,18.987,52329588.0
2020-05-20,19.3888,19.6624,19.3546,19.5855,50788941.0
2020-05-21,19.5,19.8932,19.4743,19.5769,48362628.0
2020-05-22,19.6026,19.6282,19.2008,19.3717,39921678.0
2020-05-26,20.3036,21.0302,20.2352,20.7567,98213019.0
2020-05-27,22.2869,22.3724,21.3465,22.21,100047344.0
2020-05-28,22.2954,22.3467,21.1926,21.2525,74892948.0
2020-05-29,20.8763,21.2952,20.5686,20.6199,63375345.0
2020-06-01,20.7567,21.261,20.56,21.0388,52059912.0
2020-06-02,21.338,21.7056,20.996,21.2354,53536670.0
2020-06-03,21.7967,22.3476,21.6934,22.2185,74774838.0
2020-06-04,22.1324,23.0966,22.0119,23.0535,79983939.0
2020-06-05,24.9216,24.9732,24.0005,24.1985,98769555.0
2020-06-08,24.6117,24.8785,24.2243,24.5686,68543819.0
2020-06-09,23.8627,24.5686,23.7164,24.2932,68081152.0
2020-06-10,24.0779,24.1899,22.8211,22.8986,76919488.0
2020-06-11,21.504,22.1152,20.3849,20.6001,131978671.0
2020-06-12,21.547,21.5643,20.6948,21.3318,62368335.0
2020-06-15,20.4538,21.6676,20.3935,21.6503,66166762.0
2020-06-16,22.537,22.5887,21.4007,22.2099,76158899.0
2020-06-17,22.296,22.296,21.4524,21.5212,47911553.0
2020-06-18,21.263,21.943,21.1597,21.5557,40064773.0
2020-06-19,21.9,21.943,21.0822,21.7364,74315190.0
2020-06-22,21.4265,21.547,21.1855,21.1941,44366007.0
2020-06-23,21.5298,21.8742,21.3146,21.3404,37502734.0
2020-06-24,21.1252,21.1252,20.3849,20.4968,60217907.0
2020-06-25,20.4021,21.3232,20.273,21.2802,53737576.0
2020-06-26,20.7378,20.7551,19.8167,19.9287,82210412.0
2020-06-29,20.1525,20.5226,19.8856,20.1353,50053019.0
2020-06-30,19.9717,20.5829,19.877,20.4452,47621230.0
2020-07-01,20.6862,20.7206,19.9975,20.0233,50714994.0
2020-07-02,20.5226,20.6518,19.9889,20.0492,46751465.0
2020-07-06,20.4968,20.7292,20.1955,20.3677,44544485.0
2020-07-07,20.1353,20.1353,19.7134,19.8081,47962137.0
2020-07-08,19.8253,19.9631,19.5413,19.8856,45644674.0
2020-07-09,19.7909,19.9373,19.2744,19.6015,66980307.0
2020-07-10,19.5499,20.7034,19.5241,20.6776,71267728.0
2020-07-13,20.9789,21.0994,20.5312,20.8239,62129643.0
2020-07-14,20.6001,20.7895,20.1869,20.7809,58864747.0
2020-07-15,21.3146,21.4093,20.9014,21.1769,48683122.0
2020-07-16,20.4452,20.8498,20.2644,20.6001,68384261.0
2020-07-17,20.5571,20.6432,19.9717,19.9889,59017844.0
2020-07-20,19.9631,20.4021,19.8942,20.2988,53921566.0
2020-07-21,20.4107,21.0736,20.3935,21.0219,62325087.0
2020-07-22,20.867,20.9445,20.6259,20.9272,46983086.0
2020-07-23,21.108,21.2113,20.7551,21.1252,49627139.0
2020-07-24,21.1424,21.3749,20.8928,20.9617,45993247.0
2020-07-27,20.8498,20.8928,20.5485,20.7809,42484934.0
2020-07-28,20.7723,21.1424,20.7206,20.9703,40935017.0
2020-07-29,20.9875,21.7709,20.8239,21.7537,64294971.0
2020-07-30,21.2802,21.4782,20.9531,21.3835,54445753.0
2020-07-31,21.461,21.4782,21.0564,21.4179,53585380.0
2020-08-03,21.547,21.7881,21.2544,21.5126,46664805.0
2020-08-04,21.4954,21.5729,21.4007,21.5298,34512712.0
2020-08-05,21.7967,22.0291,21.7364,21.857,45049916.0
2020-08-06,21.9086,22.098,21.7623,21.9258,38148283.0
2020-08-07,21.8139,22.5542,21.745,22.4768,53702642.0
2020-08-10,22.6489,23.0794,22.5628,22.8641,55387845.0
2020-08-11,23.4926,23.8886,23.0535,23.1741,73671388.0
2020-08-12,23.6561,23.7336,22.735,23.0105,56049260.0
2020-08-13,22.8039,22.9588,22.5026,22.6834,51031628.0
2020-08-14,22.4337,22.9588,22.3132,22.7867,45600299.0
2020-08-17,22.6834,22.735,22.2443,22.296,44230541.0
2020-08-18,22.2616,22.3735,21.9172,21.9775,39640249.0
2020-08-19,22.0894,22.4509,21.857,21.9516,52605497.0
2020-08-20,21.659,21.8053,21.5384,21.6073,41477186.0
2020-08-21,21.504,21.8914,21.4351,21.504,44865068.0
2020-08-24,21.7278,22.1238,21.5557,22.1152,48215432.0
2020-08-25,22.4165,22.5456,22.1496,22.3821,49715625.0
2020-08-26,22.3304,22.3304,21.9861,22.0033,33937107.0
2020-08-27,21.943,22.5715,21.9,22.4251,47818272.0
2020-08-28,22.7264,22.7867,22.3735,22.6403,40170015.0
2020-08-31,22.4595,22.5026,22.1152,22.1582,40722314.0
2020-09-01,22.0205,22.296,21.8656,22.1324,37324329.0
2020-09-02,21.9745,22.5206,21.9312,22.3993,45166406.0
2020-09-03,22.7114,23.0754,22.0699,22.2433,74889793.0
2020-09-04,22.746,23.1968,22.3646,23.0061,87592543.0
2020-09-08,22.6507,22.8154,22.0092,22.0872,65045423.0
2020-09-09,22.2259,22.2953,21.8705,22.1132,39012790.0
2020-09-10,22.2693,22.4426,21.7405,21.7925,49285848.0
2020-09-11,21.8618,22.1739,21.7492,22.1046,41145809.0
2020-09-14,22.2519,22.5293,22.1392,22.3213,40591967.0
2020-09-15,22.3473,22.3906,21.8358,21.9139,57104585.0
2020-09-16,21.9139,22.46,21.7145,22.1912,55693700.0
2020-09-17,21.7838,22.0959,21.7578,21.9745,36561445.0
2020-09-18,21.8012,22.1739,21.7578,21.8532,47654244.0
2020-09-21,21.2984,21.4804,20.8303,21.2117,62850021.0
2020-09-22,21.0557,21.3244,20.6396,20.7523,54300800.0
2020-09-23,20.891,21.0297,20.1628,20.1628,47387169.0
2020-09-24,20.2668,20.6483,19.8941,20.2322,46883327.0
2020-09-25,20.1802,20.4142,20.0501,20.3622,36163150.0
2020-09-28,20.7003,21.073,20.6223,20.8823,40605269.0
2020-09-29,20.787,20.7956,20.3882,20.6049,38921754.0
2020-09-30,20.6136,21.0817,20.6049,20.8823,44671393.0
2020-10-01,21.0383,21.1597,20.6829,20.891,37540876.0
2020-10-02,20.4922,21.1857,20.4315,20.9863,45764667.0
2020-10-05,21.2551,21.4198,21.1337,21.3417,37827198.0
2020-10-06,21.6018,21.8358,21.047,21.125,54715552.0
2020-10-07,21.3504,21.7665,21.3244,21.5671,39040377.0
2020-10-08,21.6278,21.9312,21.5064,21.8792,39695479.0
2020-10-09,21.9659,22.0959,21.7058,21.9832,38002684.0
2020-10-12,21.9312,22.3906,21.8792,22.2606,40264525.0
2020-10-13,22.2259,22.2606,21.5324,21.6278,53433331.0
2020-10-14,21.1077,21.3157,20.4489,20.4749,113815788.0
2020-10-15,20.4489,20.9777,20.3535,20.9343,57405098.0
2020-10-16,20.9777,21.1077,20.7523,21.0123,41252472.0
2020-10-19,21.0643,21.0817,20.5356,20.5616,41693361.0
2020-10-20,20.7089,21.2204,20.6916,20.9256,53024186.0
2020-10-21,20.995,21.099,20.813,20.8476,36427073.0
2020-10-22,20.8476,21.5931,20.8043,21.5584,48759654.0
2020-10-23,21.8532,21.8965,21.4198,21.5845,42764464.0
2020-10-26,21.2117,21.3071,20.9343,21.2724,53907909.0
2020-10-27,21.0557,21.1424,20.6396,20.6743,47324386.0
2020-10-28,20.2929,20.5096,20.0415,20.3449,73563240.0
2020-10-29,20.2148,20.5876,20.0415,20.4055,50792918.0
2020-10-30,20.3622,20.6656,20.1455,20.5442,57933310.0
2020-11-02,20.7089,21.0297,20.3449,20.8736,53369913.0
2020-11-03,21.3071,21.6191,21.2464,21.4024,57499285.0
2020-11-04,20.7089,20.9256,20.1628,20.5269,79523628.0
2020-11-05,20.7176,21.4891,20.6743,21.3331,66373690.0
2020-11-06,21.6278,21.6365,21.0037,21.073,40957247.0
2020-11-09,23.0841,24.5057,22.798,24.0636,157047947.0
2020-11-10,23.8296,24.0636,23.5609,23.9769,66073182.0
2020-11-11,24.055,24.0723,23.5088,23.6996,41882678.0
2020-11-12,23.2661,23.3181,22.8067,23.1361,59517814.0
2020-11-13,23.3008,23.5869,23.1881,23.4048,45943445.0
2020-11-16,24.1503,24.2717,23.5609,23.9076,47836841.0
2020-11-17,23.6215,23.9249,23.4135,23.8816,35479119.0
2020-11-18,23.9509,24.211,23.3702,23.3875,48034608.0
2020-11-19,23.3441,23.4135,23.1014,23.3875,39681013.0
2020-11-20,23.1794,23.3615,23.0841,23.2401,34564196.0
2020-11-23,23.5002,23.8556,23.4568,23.7429,39293431.0
2020-11-24,24.211,25.1298,24.2023,25.1212,65101380.0
2020-11-25,24.8785,25.1732,24.6878,25.1645,49829168.0
2020-11-27,25.1125,25.2252,24.9738,25.1298,21825169.0
2020-11-30,24.8958,25.0172,24.3584,24.4104,48133017.0
2020-12-01,24.8958,25.1732,24.8525,24.8698,38712451.0
2020-12-02,24.8678,25.2952,24.7282,25.1905,33672196.0
2020-12-03,25.2429,25.3824,24.9725,25.2167,42712463.0
2020-12-04,25.4696,25.6703,25.2952,25.5482,54244576.0
2020-12-07,25.4086,25.4348,25.0161,25.3737,28093393.0
2020-12-08,25.1731,25.426,25.0946,25.2341,27952861.0
2020-12-09,25.5133,25.5133,25.0771,25.1207,43908678.0
2020-12-10,24.9637,25.4086,24.8329,25.3911,47296069.0
2020-12-11,25.0161,25.0771,24.6846,24.9201,32885877.0
2020-12-14,25.2254,25.2603,24.5451,24.6148,28812463.0
2020-12-15,24.7282,25.1382,24.6323,24.9812,37267073.0
2020-12-16,25.112,25.1382,24.8067,25.051,32616744.0
2020-12-17,25.0422,25.2254,24.8852,25.1469,29771456.0
2020-12-18,25.1993,25.3824,24.9114,25.0074,48151356.0
2020-12-21,25.3911,26.1587,25.0597,25.9407,75537794.0
2020-12-22,25.9756,25.9756,25.4435,25.4784,31719350.0
2020-12-23,25.6354,26.4727,25.583,26.2111,45561747.0
2020-12-24,26.403,26.403,25.9407,26.1326,20499758.0
2020-12-28,26.3681,26.6472,26.15,26.2808,29046991.0
2020-12-29,26.3157,26.3855,26.1064,26.1762,27939248.0
2020-12-30,26.1674,26.3593,26.1151,26.15,22334056.0
2020-12-31,26.1762,26.5076,26.0802,26.4378,23394121.0
2021-01-04,26.5687,26.6646,25.9494,26.1936,39373114.0
2021-01-05,26.3157,26.6385,26.0889,26.3942,38380370.0
2021-01-06,27.8247,28.4527,27.345,28.0428,89221644.0
2021-01-07,29.0546,29.325,28.6446,28.6621,64313190.0
2021-01-08,28.7144,28.7842,28.0079,28.3742,37035471.0
2021-01-11,27.9904,28.8976,27.8247,28.8452,40309806.0
2021-01-12,29.1505,29.6303,28.9586,29.3599,56422180.0
2021-01-13,29.1593,29.3773,28.8627,29.1854,37843995.0
2021-01-14,29.2029,29.9792,29.1505,29.6477,40950775.0
2021-01-15,29.0371,29.3337,28.5225,28.7929,47513562.0
2021-01-19,28.3481,29.3075,28.0864,28.5836,66420730.0
2021-01-20,28.5749,28.601,28.0428,28.2085,39903949.0
2021-01-21,28.2085,28.3306,27.6764,27.7113,40500179.0
2021-01-22,27.3537,27.6939,27.2578,27.5194,38647491.0
2021-01-25,27.2752,27.3014,26.6646,27.1793,41295120.0
2021-01-26,27.3886,27.4148,26.9612,26.9874,31274293.0
2021-01-27,26.4378,26.5425,25.8796,26.0192,53441565.0
2021-01-28,26.5338,26.8216,26.0889,26.4466,40487550.0
2021-01-29,26.5163,26.6036,25.8098,25.8622,50560174.0
2021-02-01,26.0541,26.2023,25.7924,26.1326,32496038.0
2021-02-02,26.6734,27.2141,26.6385,27.0659,44971698.0
2021-02-03,26.9612,27.6764,26.935,27.5456,42254240.0
2021-02-04,27.7375,28.383,27.72,28.3481,43169231.0
2021-02-05,28.6882,28.7057,28.1911,28.2347,35927035.0
2021-02-08,28.287,29.0284,28.2608,28.8627,38375815.0
2021-02-09,28.758,28.8016,28.4178,28.7406,29820091.0
2021-02-10,28.8801,29.1505,28.6621,28.7667,36606765.0
2021-02-11,28.758,29.0546,28.3917,28.6795,25450192.0
2021-02-12,28.7842,29.1767,28.7057,29.1069,31988942.0
2021-02-16,29.639,30.1449,29.3948,29.8919,44036393.0
2021-02-17,29.6913,30.1449,29.4733,30.0141,37845867.0
2021-02-18,29.7088,30.2234,29.6739,29.8222,32133473.0
2021-02-19,29.8309,30.2932,29.8134,30.1275,47316461.0
2021-02-22,30.049,30.7468,30.0141,30.6595,46277513.0
2021-02-23,30.895,31.305,30.6508,30.9823,58516139.0
2021-02-24,31.1742,31.8545,31.052,31.7324,48638139.0
2021-02-25,32.2383,32.2994,31.1916,31.3399,65487639.0
2021-02-26,31.1654,31.4358,30.2496,30.2757,54087149.0
2021-03-01,30.9823,31.4445,30.738,31.2178,37892030.0
2021-03-02,31.0956,31.3486,30.9648,30.991,33766179.0
2021-03-03,31.3728,32.2494,31.2589,31.7673,54365052.0
2021-03-04,31.6796,32.3195,31.4868,31.9952,81540249.0
2021-03-05,32.4598,32.9594,31.7059,32.3721,63811434.0
2021-03-08,32.7666,33.0734,32.2757,32.5474,52338707.0
2021-03-09,32.039,32.5737,31.3904,31.8374,52967269.0
2021-03-10,32.004,32.8981,31.8812,32.7578,45571703.0
2021-03-11,32.6526,33.126,32.302,32.6439,39484390.0
2021-03-12,33.2399,33.4678,32.9419,33.2575,41168862.0
2021-03-15,33.3364,33.3714,32.6263,33.0909,41612310.0
2021-03-16,32.8016,33.0646,32.4072,32.9945,42218898.0
2021-03-17,33.3013,33.6256,32.7228,33.2662,57527877.0
2021-03-18,33.7571,35.0369,33.6782,34.134,84796546.0
2021-03-19,33.5643,34.1165,32.8981,33.7747,82072720.0
2021-03-22,33.3802,33.6432,32.7841,33.012,43455240.0
2021-03-23,32.7491,33.1523,32.2406,32.3458,40312368.0
2021-03-24,32.6176,33.126,32.3371,32.3458,37837400.0
2021-03-25,32.3195,33.0909,32.1091,33.012,38930451.0
2021-03-26,33.6169,33.9763,33.3714,33.9061,59247333.0
2021-03-29,33.3539,33.8623,33.1873,33.5818,38868976.0
2021-03-30,33.8623,34.5899,33.8623,34.1779,44586318.0
2021-03-31,33.8535,34.1779,33.7133,33.9149,38052337.0
2021-04-01,34.0376,34.6425,33.9412,34.6162,53466455.0
2021-04-05,35.072,35.3087,34.7126,34.8879,45153391.0
2021-04-06,34.6512,35.1947,34.5811,34.7915,36633066.0
2021-04-07,34.8616,35.1947,34.7038,35.1071,35744401.0
2021-04-08,34.9405,34.9405,34.3795,34.8002,38111349.0
2021-04-09,34.9843,35.221,34.6337,35.0545,38582946.0
2021-04-12,35.0545,35.3963,34.9317,35.1158,39757590.0
2021-04-13,34.8967,34.9054,34.362,34.4671,40377667.0
2021-04-14,34.1603,35.3525,34.1165,34.958,45739946.0
2021-04-15,34.8265,34.923,33.3539,33.9587,99048045.0
2021-04-16,34.4584,34.5548,34.1078,34.3181,49933145.0
2021-04-19,34.5285,34.5636,34.2129,34.3357,34394668.0
2021-04-20,34.1866,34.1866,33.2136,33.3802,45484269.0
2021-04-21,33.0909,33.9938,32.7929,33.9412,31098208.0
2021-04-22,33.985,33.9938,33.4503,33.6256,41980950.0
2021-04-23,33.5906,34.4847,33.5029,34.3444,40418712.0
2021-04-26,34.4934,34.9317,34.4321,34.546,27965111.0
2021-04-27,34.774,34.9931,34.6337,34.958,29149169.0
2021-04-28,35.0019,35.2561,34.958,35.0895,29424845.0
2021-04-29,35.5453,36.0538,35.4665,36.0362,38837280.0
2021-04-30,35.7996,35.8521,35.4752,35.5278,31237988.0
2021-05-03,35.8258,35.9836,35.4314,35.5541,34210851.0
2021-05-04,35.2736,36.0099,34.8704,35.9398,46018271.0
2021-05-05,36.1151,36.4307,35.7294,36.2817,30914338.0
2021-05-06,36.3606,36.869,36.1502,36.8252,33074388.0
2021-05-07,36.0538,37.0355,36.0362,36.9742,32813096.0
2021-05-10,37.2547,37.6404,36.8427,36.8602,33115281.0
2021-05-11,36.4219,37.1144,36.2378,36.4395,37902368.0
2021-05-12,37.1495,37.3073,35.9749,36.0976,38666692.0
2021-05-13,35.8171,36.8953,35.747,36.6761,35669073.0
2021-05-14,36.869,37.2371,36.7463,37.132,26217193.0
2021-05-17,36.9829,37.5615,36.9566,37.4651,27657070.0
2021-05-18,37.43,37.6491,36.9391,36.9566,30980031.0
2021-05-19,36.5096,36.8164,36.2115,36.7901,33729103.0
2021-05-20,36.7287,36.9303,36.343,36.7024,31102034.0
2021-05-21,36.8339,37.3423,36.72,37.167,33057925.0
2021-05-24,37.3248,37.5001,37.0355,37.3686,25121866.0
2021-05-25,37.4212,37.9209,36.755,36.8252,35112747.0
2021-05-26,36.8339,37.0355,36.5183,36.8514,30636078.0
2021-05-27,37.2371,37.5615,36.9128,37.2985,31460870.0
2021-05-28,37.3949,37.4388,36.8602,37.1583,31522921.0
2021-06-01,37.6491,37.9384,37.4826,37.6228,35008440.0
2021-06-02,37.7812,37.8428,37.3411,37.6404,26173134.0
2021-06-03,37.6492,38.283,37.5699,38.0717,38737202.0
2021-06-04,38.0189,38.1949,37.702,38.0893,28922679.0
2021-06-07,38.0893,38.1949,37.9045,37.9573,20794762.0
2021-06-08,37.6756,38.0629,37.3411,37.746,35181496.0
2021-06-09,37.3851,37.614,37.0682,37.2531,36738188.0
2021-06-10,37.6404,37.8164,36.6281,36.6985,33102577.0
2021-06-11,36.8041,36.8745,36.54,36.8481,25424352.0
2021-06-14,36.8393,36.8921,36.1439,36.408,29217815.0
2021-06-15,36.3376,36.584,36.0031,36.4344,32240412.0
2021-06-16,36.3376,36.9626,35.8006,36.6369,54752724.0
2021-06-17,36.989,37.0594,34.9643,35.0348,68535630.0
2021-06-18,34.3746,34.5946,33.8816,34.1369,65019612.0
2021-06-21,34.4362,35.0172,34.357,34.9908,38519833.0
2021-06-22,35.1052,35.4397,34.577,35.1844,34861431.0
2021-06-23,35.3517,35.5805,35.2724,35.3869,26518101.0
2021-06-24,35.5981,36.0999,35.3693,35.9414,30273469.0
2021-06-25,36.2583,36.8217,35.9503,36.6369,34125217.0
2021-06-28,36.496,36.6017,36.1791,36.584,28432545.0
2021-06-29,36.6457,36.9274,35.871,35.9943,32708331.0
2021-06-30,35.8798,36.408,35.8446,36.2936,22091815.0
2021-07-01,36.584,36.7161,36.2671,36.5664,23446811.0
2021-07-02,36.4168,36.5048,36.1791,36.2231,24247260.0
2021-07-06,35.8886,35.9855,35.0964,35.2724,38283993.0
2021-07-07,34.8323,35.2108,34.6475,34.9908,35975100.0
2021-07-08,34.0137,34.5418,33.8728,34.1369,44850025.0
2021-07-09,34.9027,35.4221,34.6827,35.246,36607094.0
2021-07-12,35.07,35.9238,34.8851,35.7654,35135979.0
2021-07-13,35.6334,35.6334,34.8411,35.0876,45085297.0
2021-07-14,34.4274,34.8147,33.2654,34.2073,93704109.0
2021-07-15,33.7936,34.621,33.732,34.1809,47746686.0
2021-07-16,34.5242,34.5858,33.0894,33.3799,52714863.0
2021-07-19,32.3499,32.7901,32.1387,32.5084,71492839.0
2021-07-20,32.4468,33.5559,32.2267,33.1774,51208733.0
2021-07-21,33.4943,34.1281,33.4327,33.8552,42086413.0
2021-07-22,33.7672,33.8024,33.1686,33.4151,44527719.0
2021-07-23,33.6263,33.688,33.063,33.1862,42702968.0
2021-07-26,33.151,33.6615,33.151,33.5647,27333112.0
2021-07-27,33.2038,33.6615,32.9749,33.4327,34918261.0
2021-07-28,33.6175,33.8904,33.2302,33.5647,35227709.0
2021-07-29,33.9344,34.3129,33.776,34.0489,37719629.0
2021-07-30,33.8992,34.1809,33.4943,33.7672,38683890.0
2021-08-02,33.8024,34.2865,33.3711,33.4151,44993848.0
2021-08-03,33.5031,34.0049,33.0542,33.9344,31671462.0
2021-08-04,33.4767,34.1281,33.327,33.688,36688753.0
2021-08-05,33.952,34.3834,33.9344,34.3482,30581660.0
2021-08-06,34.7443,35.5717,34.7443,35.3429,49312109.0
2021-08-09,35.2548,36.0559,35.0348,35.8006,45872264.0
2021-08-10,35.8358,36.6369,35.7214,36.4696,40005817.0
2021-08-11,36.6193,37.1386,36.5048,36.9274,52178575.0
2021-08-12,37.1738,37.2266,36.7689,37.1034,32962924.0
2021-08-13,37.0506,37.1738,36.4696,36.6457,36594726.0
2021-08-16,36.2319,36.3552,35.7478,36.3464,31897450.0
2021-08-17,36.1351,36.5928,35.7566,36.1703,35053157.0
2021-08-18,35.8886,36.5576,35.7918,35.9062,37775525.0
2021-08-19,35.3165,35.8006,35.2196,35.3781,43881017.0
2021-08-20,35.2989,35.6246,35.1316,35.5365,34138285.0
2021-08-23,35.7654,36.1791,35.739,36.0119,29156619.0
2021-08-24,36.1791,36.6897,36.1263,36.5136,31582399.0
2021-08-25,36.6897,37.3675,36.5576,37.1034,43607097.0
2021-08-26,37.4115,37.7108,36.989,37.0066,37009541.0
2021-08-27,37.077,37.5435,36.9185,37.4027,36615111.0
2021-08-30,37.5259,37.5259,36.6369,36.6721,39872685.0
2021-08-31,36.6809,37.0418,36.408,36.7513,42891951.0
2021-09-01,36.7538,36.7804,36.1168,36.2583,47230125.0
2021-09-02,36.3734,36.7096,35.9575,36.2937,39847506.0
2021-09-03,36.2937,36.4442,35.9929,36.3203,36184391.0
2021-09-07,36.4972,37.0281,36.4353,36.5592,37215249.0
2021-09-08,36.3468,36.7096,35.9929,36.0814,29263470.0
2021-09-09,35.9752,36.5857,35.8867,36.2141,29249037.0
2021-09-10,36.5326,36.5857,35.6036,35.6302,35147101.0
2021-09-13,35.9221,36.2407,35.6921,36.223,37037651.0
2021-09-14,36.3734,36.5503,35.0904,35.2497,46683351.0
2021-09-15,35.1524,35.6921,35.0993,35.5151,39531491.0
2021-09-16,35.816,36.1079,35.5594,35.7894,31019679.0
2021-09-17,35.6921,35.9841,35.462,35.8337,46677039.0
2021-09-20,34.8427,34.9135,33.9402,34.6038,55482032.0
2021-09-21,34.7454,35.0373,34.4445,34.6215,30477142.0
2021-09-22,35.1701,35.8513,35.1701,35.5151,38042795.0
2021-09-23,36.0637,37.0546,35.9664,36.8865,43132801.0
2021-09-24,36.8954,37.4616,36.8511,37.2847,33223773.0
2021-09-27,37.7625,38.4261,37.7271,38.2756,42356454.0
2021-09-28,38.4261,38.9658,38.0987,38.1872,52915247.0
2021-09-29,38.2137,38.3287,37.8156,38.1075,34973056.0
2021-09-30,38.3553,38.3553,37.3643,37.559,39367985.0
2021-10-01,37.5855,38.4261,37.5059,38.1164,33599268.0
2021-10-04,38.1429,38.9923,38.1075,38.3464,40652524.0
2021-10-05,38.7269,39.594,38.6384,39.125,45933143.0
2021-10-06,38.7977,39.187,38.5322,39.1427,38082849.0
2021-10-07,39.6294,39.7001,38.9569,39.0366,37974265.0
2021-10-08,38.9923,39.6471,38.8596,39.2312,33376271.0
2021-10-11,39.4613,39.6471,38.7092,38.7357,32109260.0
2021-10-12,38.6384,38.9304,38.2845,38.5234,28435722.0
2021-10-13,38.5322,38.6119,37.4528,38.1695,38242020.0
2021-10-14,39.2578,39.9036,38.4703,39.8771,70177672.0
2021-10-15,40.4964,41.2928,40.1337,41.0273,54571850.0
2021-10-18,40.9565,41.4874,40.7265,40.9477,40875203.0
2021-10-19,41.1423,41.2574,40.8769,41.1246,27597537.0
2021-10-20,41.1335,41.7971,40.7442,41.6644,33836055.0
2021-10-21,41.6732,42.0094,41.2397,41.4343,31183700.0
2021-10-22,41.5759,42.1333,41.5759,42.0891,30060408.0
2021-10-25,42.2926,42.4518,41.7617,42.036,24609574.0
2021-10-26,42.1687,42.85,41.974,42.4341,31178285.0
2021-10-27,42.0094,42.6199,41.6024,41.6201,39123047.0
2021-10-28,42.1068,42.4695,41.8502,42.2749,32555613.0
2021-10-29,42.2483,42.5845,42.0448,42.2749,23520365.0
2021-11-01,42.558,42.6199,41.8325,42.3368,31444540.0
2021-11-02,42.0891,42.8411,41.8944,42.3633,30171582.0
2021-11-03,42.2926,43.08,42.1244,42.7969,35773008.0
2021-11-04,42.6022,42.6022,41.4786,41.8767,39047965.0
2021-11-05,42.1156,42.3103,41.4255,41.5582,31172170.0
2021-11-08,41.8944,42.2926,41.8059,41.8856,28067521.0
2021-11-09,41.1689,41.9033,41.0627,41.4786,30315297.0
2021-11-10,41.3635,42.0448,41.2751,41.7882,32391522.0
2021-11-11,41.859,42.3722,41.5936,42.0183,25987916.0
2021-11-12,42.036,42.0537,41.3724,41.5051,36371559.0
2021-11-15,41.8148,41.9298,41.4963,41.629,29127708.0
2021-11-16,41.744,41.8325,41.3104,41.6555,27142200.0
2021-11-17,41.6555,41.7617,41.0981,41.1512,26765710.0
2021-11-18,41.3281,41.4166,40.8858,40.9831,25856317.0
2021-11-19,40.4345,40.4964,39.6648,40.1691,40914854.0
2021-11-22,41.337,41.4697,40.6203,40.9477,43418287.0
2021-11-23,41.4697,42.1598,41.2928,42.0271,40520069.0
2021-11-24,41.9563,42.4518,41.7705,42.1421,32719950.0
2021-11-26,40.2753,40.7353,39.594,40.4876,46277377.0
2021-11-29,41.0716,41.3193,39.9656,40.3372,38584164.0
2021-11-30,39.6028,40.0098,39.2489,39.3462,52249274.0
2021-12-01,40.0157,40.4424,38.7799,38.7888,45450423.0
2021-12-02,39.4111,40.4513,39.1178,39.909,44974359.0
2021-12-03,40.0068,40.069,38.7621,39.0022,52971187.0
2021-12-06,39.6156,39.9001,39.0822,39.2511,36754783.0
2021-12-07,39.6156,39.9268,39.5001,39.749,30145201.0
2021-12-08,39.7223,39.829,39.1978,39.26,38098728.0
2021-12-09,39.0378,39.7668,38.7977,39.5534,30313132.0
2021-12-10,39.749,39.8557,39.18,39.5801,31826571.0
2021-12-13,39.3578,39.4734,38.5755,38.7444,30638070.0
2021-12-14,38.7533,39.8468,38.6999,39.2333,39682478.0
2021-12-15,39.4467,39.5178,38.7799,39.0644,46738885.0
2021-12-16,39.7401,40.3269,39.1978,40.0068,54288924.0
2021-12-17,39.5623,39.7401,38.7799,39.0111,53245875.0
2021-12-20,38.4688,38.5488,37.962,38.371,40382931.0
2021-12-21,38.7088,39.5445,38.7088,39.2867,35350235.0
2021-12-22,39.1889,39.6334,39.0111,39.3667,24892182.0
2021-12-23,39.7223,40.069,39.4734,39.4912,20862433.0
2021-12-27,39.6067,39.8468,39.3934,39.6868,22794258.0
2021-12-28,39.5267,40.0779,39.4912,39.7401,20776446.0
2021-12-29,39.8735,40.1135,39.6512,39.6779,18555403.0
2021-12-30,39.7845,40.0957,39.5445,39.589,19984197.0
2021-12-31,39.5801,39.7579,39.3667,39.5534,18197415.0
2022-01-03,40.0868,41.3315,39.989,41.0559,47802858.0
2022-01-04,41.8293,43.0562,41.8204,42.665,58192279.0
2022-01-05,42.7984,43.0029,41.9271,41.9449,47883178.0
2022-01-06,42.6561,42.8162,41.9538,42.7895,39481962.0
2022-01-07,42.8073,43.8386,42.7273,43.723,47658935.0
2022-01-10,44.372,44.5231,42.9762,43.5007,51133990.0
2022-01-11,43.5541,43.7852,43.2429,43.7497,32459492.0
2022-01-12,43.7052,43.9008,43.2785,43.4385,34675665.0
2022-01-13,43.4918,43.9986,43.234,43.3496,36398200.0
2022-01-14,42.2472,42.8784,41.9538,42.5939,52490311.0
2022-01-18,42.5406,42.6028,40.9403,41.127,49313412.0
2022-01-19,43.0207,43.1896,41.207,41.287,70719306.0
2022-01-20,41.5093,41.8293,40.5936,40.6736,38873243.0
2022-01-21,40.5136,40.9136,39.7045,39.9357,55859424.0
2022-01-24,39.0289,39.7312,37.8553,39.6067,68950556.0
2022-01-25,39.3756,40.5136,38.9666,40.3891,56733226.0
2022-01-26,40.6202,41.3048,40.238,40.8069,52503399.0
2022-01-27,41.1714,41.5626,40.0868,40.4247,54588679.0
2022-01-28,40.3002,40.7981,39.5178,40.7803,41691915.0
2022-01-31,40.4691,41.1359,40.2024,41.0203,27319239.0
2022-02-01,41.0825,41.8738,40.8069,41.7315,31410643.0
2022-02-02,41.536,41.7493,41.1626,41.6871,27357773.0
2022-02-03,41.9805,42.0427,41.207,41.2781,29925741.0
2022-02-04,41.856,43.2874,41.5004,42.9229,49409030.0
2022-02-07,43.1718,43.3496,42.6561,43.1273,33135923.0
2022-02-08,43.6963,44.4698,43.5096,43.9008,38779774.0
2022-02-09,43.7586,44.2653,43.5896,43.8119,28722372.0
2022-02-10,44.1675,44.5498,43.3496,43.6074,38505374.0
2022-02-11,43.234,43.9541,42.2294,42.6028,47892335.0
2022-02-14,42.6917,42.8428,41.7315,42.1583,36348438.0
2022-02-15,42.6739,43.0029,42.2916,42.4872,36833771.0
2022-02-16,42.1938,42.8873,42.0605,42.3894,30074580.0
2022-02-17,41.7849,42.0516,40.8514,40.9581,39728401.0
2022-02-18,40.9581,41.3759,40.6469,40.8603,30515006.0
2022-02-22,40.1579,40.8781,40.0424,40.5047,38238759.0
2022-02-23,40.8336,40.9936,39.6245,39.8112,35690212.0
2022-02-24,38.2287,38.8333,37.3841,38.7621,67221183.0
2022-02-25,38.9488,40.318,38.7888,40.0246,47154956.0
2022-02-28,38.8688,39.3489,38.611,39.2956,46125618.0
2022-03-01,38.8599,38.8866,37.2775,37.7575,60994879.0
2022-03-02,37.9957,38.7105,37.8885,38.371,58868432.0
2022-03-03,38.496,38.8623,37.7099,37.96,36685401.0
2022-03-04,37.013,37.022,36.0214,36.5842,61360504.0
2022-03-07,35.6729,35.8338,34.1363,34.2525,88705137.0
2022-03-08,34.9046,35.4317,34.1006,34.4758,64464515.0
2022-03-09,36.0124,37.1738,35.8695,36.6646,64278972.0
2022-03-10,35.9946,37.0577,35.8338,36.334,39664515.0
2022-03-11,36.6646,36.9684,35.9946,36.0303,35590727.0
2022-03-14,36.5395,37.6831,36.5306,36.8075,44864217.0
2022-03-15,36.8611,37.3257,36.5127,37.0756,31047684.0
2022-03-16,37.7367,38.4603,37.4508,38.237,47689356.0
2022-03-17,37.8885,38.4514,37.3704,38.4424,37957741.0
2022-03-18,38.2012,38.3531,37.7545,38.3263,45188534.0
2022-03-21,38.7194,38.7998,37.9689,38.2727,33601499.0
2022-03-22,39.1482,39.8719,39.0321,39.4698,43310636.0
2022-03-23,39.0589,39.318,38.4424,38.496,29691660.0
2022-03-24,38.7551,38.8087,38.3084,38.4782,24466940.0
2022-03-25,38.8445,39.5413,38.7105,39.0678,30012518.0
2022-03-28,39.0499,39.0857,38.2638,38.907,26624686.0
2022-03-29,39.5324,39.6574,38.5139,38.8087,38710223.0
2022-03-30,38.8087,38.9963,38.1923,38.4156,29904741.0
2022-03-31,38.2727,38.3174,36.8075,36.8254,50461684.0
2022-04-01,37.2453,37.29,36.0482,36.5395,52556954.0
2022-04-04,36.1643,36.7539,35.8784,36.477,40785347.0
2022-04-05,36.1286,36.4145,35.7712,35.8606,42676158.0
2022-04-06,35.5032,35.7444,35.1548,35.4675,44081045.0
2022-04-07,35.6372,35.7176,34.6992,35.1905,45915933.0
2022-04-08,35.2799,35.8248,35.119,35.4407,34639526.0
2022-04-11,35.2709,36.0928,35.1905,35.3692,28163720.0
2022-04-12,35.2888,35.807,34.7081,34.994,35012419.0
2022-04-13,34.3954,34.851,34.2703,34.6813,35463360.0
2022-04-14,34.3865,34.8153,33.4305,33.5646,63105693.0
2022-04-18,33.4305,35.119,33.2519,34.7081,63045808.0
2022-04-19,35.0297,35.6283,34.9404,35.3513,41346166.0
2022-04-20,35.8695,36.066,35.3871,35.4317,35239228.0
2022-04-21,35.7355,35.9231,34.5026,34.7617,37865797.0
2022-04-22,34.6724,34.7081,33.502,33.5556,37012456.0
2022-04-25,32.957,33.4127,32.0994,33.3144,54425050.0
2022-04-26,32.9481,33.5377,32.5372,32.564,36969639.0
2022-04-27,32.4031,32.9749,32.3138,32.3853,32463403.0
2022-04-28,32.8141,33.0107,32.3049,32.8856,30332008.0
2022-04-29,32.832,33.1715,31.751,31.876,34980021.0
2022-05-02,32.1887,32.4121,31.6259,32.287,40524634.0
2022-05-03,32.4657,33.6182,32.4568,33.1715,42429686.0
2022-05-04,33.3859,34.6187,33.3055,34.5026,49072085.0
2022-05-05,33.9934,34.1363,32.9392,33.5377,41230399.0
2022-05-06,33.3859,33.6092,32.7069,33.4573,40894639.0
2022-05-09,32.9392,33.1089,32.2155,32.4925,42557256.0
2022-05-10,32.832,33.1715,31.4294,31.9475,47440545.0
2022-05-11,32.0726,32.9838,31.7242,31.7778,47512506.0
2022-05-12,31.2775,31.6527,30.6074,31.3311,49041307.0
2022-05-13,31.742,31.9207,31.0452,31.4204,41218793.0
2022-05-16,31.2685,31.4204,30.7414,31.0988,31729576.0
2022-05-17,31.8224,32.3585,31.6527,32.153,34546430.0
2022-05-18,31.8224,31.885,30.9112,31.1613,34687969.0
2022-05-19,30.6342,31.1256,30.5985,30.7772,37720071.0
2022-05-20,31.0899,31.2507,29.4371,30.2501,47156003.0
2022-05-23,31.0541,32.3942,30.9648,32.0458,56712030.0
2022-05-24,31.6884,32.1262,31.2328,31.8492,37107878.0
2022-05-25,31.7152,32.4031,31.5276,32.019,39444170.0
2022-05-26,32.6354,32.9124,32.4657,32.7605,48109455.0
2022-05-27,32.957,33.1,32.6801,33.0732,30604918.0
2022-05-31,32.8945,33.5288,32.7069,33.234,37579521.0
2022-06-01,33.4703,33.4793,32.3112,32.7605,28878796.0
2022-06-02,32.7156,32.9851,32.4011,32.9761,24055678.0
2022-06-03,32.7785,32.9582,32.464,32.5179,19702926.0
2022-06-06,32.9761,33.4344,32.437,32.482,27964336.0
2022-06-07,32.2573,32.7156,32.1136,32.6617,22689656.0
2022-06-08,32.2753,32.446,31.9159,32.2483,27240368.0
2022-06-09,32.1136,32.2034,30.9994,31.0084,37201964.0
2022-06-10,30.2626,30.5861,29.6695,29.8043,38467981.0
2022-06-13,29.1035,29.4449,28.5194,28.771,50754190.0
2022-06-14,28.6812,29.2922,28.0522,28.2678,39708657.0
2022-06-15,28.7351,29.1933,28.2319,28.798,44283272.0
2022-06-16,28.3038,28.753,27.7197,28.6183,51685706.0
2022-06-17,28.78,29.2742,28.4206,28.6812,58230472.0
2022-06-21,29.5527,29.9122,29.3101,29.5168,38734682.0
2022-06-22,29.0945,29.5977,29.0406,29.2922,24784420.0
2022-06-23,29.0945,29.1304,28.0881,28.8249,35715338.0
2022-06-24,28.0791,29.4449,28.0432,29.0316,63272277.0
2022-06-27,29.1214,29.2922,28.6632,29.0675,38533211.0
2022-06-28,29.4988,30.1008,28.9148,28.9867,33932422.0
2022-06-29,28.9597,29.1484,28.4475,28.6273,28034185.0
2022-06-30,28.0073,28.3487,27.531,27.9713,35763157.0
2022-07-01,27.8365,28.4565,27.5221,28.3577,33755598.0
2022-07-05,27.6748,28.0702,27.3603,28.0702,35385408.0
2022-07-06,27.8635,28.0791,27.531,27.8365,28961394.0
2022-07-07,28.3038,28.762,28.2768,28.6273,30853131.0
2022-07-08,28.762,28.9777,28.3577,28.5644,23805401.0
2022-07-11,28.3757,28.5644,28.1151,28.2678,23104486.0
2022-07-12,27.8725,28.78,27.8365,28.178,30866173.0
2022-07-13,27.9174,27.9893,27.3154,27.7107,35874784.0
2022-07-14,27.0368,27.1537,26.6595,27.0728,41068134.0
2022-07-15,27.54,29.3191,27.5041,28.9777,62548297.0
2022-07-18,29.7235,29.993,28.8429,28.9867,43656728.0
2022-07-19,29.5617,30.2087,29.364,29.9661,39051336.0
2022-07-20,29.8133,30.0559,29.6067,29.9751,28582793.0
2022-07-21,29.7324,30.2536,29.6067,30.2356,24907771.0
2022-07-22,30.1907,30.4962,29.7324,30.0379,21821736.0
2022-07-25,30.3524,30.5321,30.0379,30.3075,24375349.0
2022-07-26,30.02,30.3524,29.6156,29.6965,23449071.0
2022-07-27,29.8672,30.3434,29.6067,30.1817,25177381.0
2022-07-28,30.1008,30.3255,29.5527,29.9391,28871291.0
2022-07-29,30.0739,30.4962,29.9661,30.3794,37663477.0
2022-08-01,30.2087,30.4513,29.8493,30.2895,25888326.0
2022-08-02,30.1907,30.2985,29.6516,29.6875,29763554.0
2022-08-03,30.029,30.3255,29.7953,30.2266,22353010.0
2022-08-04,30.1188,30.2536,29.8043,30.011,23118595.0
2022-08-05,29.9571,30.8466,29.8582,30.5142,29721606.0
2022-08-08,30.7029,30.8107,30.0559,30.0919,25403902.0
2022-08-09,30.2356,30.5142,30.02,30.4782,27037027.0
2022-08-10,30.9994,31.835,30.9545,31.5115,50841815.0
2022-08-11,32.1405,32.4011,32.0237,32.2663,40698759.0
2022-08-12,32.4909,32.6257,32.0686,32.6167,24916219.0
2022-08-15,32.2034,32.6167,32.0507,32.5718,17974072.0
2022-08-16,32.5179,33.1918,32.437,32.9222,24638001.0
2022-08-17,32.5269,32.8773,32.4191,32.7156,20978492.0
2022-08-18,32.5718,32.7066,32.3472,32.5988,18817852.0
2022-08-19,32.3112,32.3741,31.7272,31.8799,24630810.0
2022-08-22,31.224,31.2869,30.9545,31.1971,20553466.0
2022-08-23,31.1521,31.4217,30.8736,30.9185,19886961.0
2022-08-24,30.7747,31.2689,30.595,31.0173,25376332.0
2022-08-25,31.0892,31.7002,30.9545,31.5744,26892788.0
2022-08-26,31.844,31.8799,30.5681,30.5771,25322837.0
2022-08-29,30.4243,30.6849,30.1997,30.4603,26047822.0
2022-08-30,30.7118,30.8017,30.1368,30.631,31072678.0
2022-08-31,30.679,30.8871,30.1906,30.1997,31982132.0
2022-09-01,30.1545,30.2901,29.5394,30.272,26602573.0
2022-09-02,30.6881,31.1855,30.0911,30.2359,28197394.0
2022-09-06,30.4258,30.5072,29.4942,29.9012,29930242.0
2022-09-07,29.6751,30.4529,29.5123,30.3625,27648626.0
2022-09-08,30.263,31.4117,30.0911,31.3393,32751866.0
2022-09-09,31.6378,31.882,31.5111,31.6016,29263165.0
2022-09-12,31.8367,32.2257,31.6739,31.9001,21754256.0
2022-09-13,31.276,31.4026,30.5796,30.7514,28423630.0
2022-09-14,30.9323,31.1313,30.3354,30.6338,26146973.0
2022-09-15,30.5615,31.5654,30.4801,31.2127,33605450.0
2022-09-16,30.9232,30.9594,30.4439,30.8599,32251547.0
2022-09-19,30.4982,31.5383,30.4168,31.3755,23128676.0
2022-09-20,31.2036,31.4569,30.6429,30.9052,24684289.0
2022-09-21,31.0318,31.1132,29.9555,29.9826,43998409.0
2022-09-22,30.1273,30.2268,29.2952,29.3947,38187682.0
2022-09-23,28.8792,29.0239,28.228,28.6983,43121331.0
2022-09-26,28.3275,28.7797,27.7486,28.0652,29908526.0
2022-09-27,28.2822,28.3727,27.3959,27.6491,35704523.0
2022-09-28,27.6129,28.3184,27.4863,28.1014,31080311.0
2022-09-29,27.7577,27.9476,27.3235,27.7305,27784733.0
2022-09-30,27.821,28.2099,27.2783,27.3145,30058965.0
2022-10-03,27.6672,28.2913,27.3145,28.1194,26346911.0
2022-10-04,28.6892,29.4128,28.5898,29.2862,30321968.0
2022-10-05,28.5264,28.9696,28.445,28.8701,28827892.0
2022-10-06,28.5807,28.834,28.3636,28.4541,33136057.0
2022-10-07,28.1918,28.2551,27.6039,27.8119,38258326.0
2022-10-10,27.9476,28.0833,27.4501,27.7305,31727985.0
2022-10-11,27.4682,27.5587,26.7447,26.9256,46065124.0
2022-10-12,26.808,27.414,26.6633,27.007,27772724.0
2022-10-13,26.6,28.7345,26.5095,28.6621,54856302.0
2022-10-14,28.7706,29.5123,28.5536,28.6712,48565534.0
2022-10-17,30.1726,30.6338,29.7294,30.4077,71257271.0
2022-10-18,31.6378,31.9815,31.0046,31.5473,68735941.0
2022-10-19,31.276,31.5021,30.5434,30.679,34320673.0
2022-10-20,30.7333,31.3212,30.3806,30.4801,31863956.0
2022-10-21,30.3534,31.692,30.3534,31.6106,40402583.0
2022-10-24,31.7553,31.891,31.3845,31.7192,26675817.0
2022-10-25,31.4207,32.1804,31.2308,32.0086,28677477.0
2022-10-26,32.0357,32.6417,31.9724,32.289,31703686.0
2022-10-27,32.696,32.895,32.3523,32.4427,26875530.0
2022-10-28,32.5965,32.8316,32.2347,32.7231,22925624.0
2022-10-31,32.5603,32.8588,32.3885,32.5965,23067579.0
2022-11-01,32.9583,33.2477,32.6598,32.7412,24530752.0
2022-11-02,32.6236,33.718,32.5151,32.6417,47075081.0
2022-11-03,32.289,32.6869,32.0267,32.4608,25273802.0
2022-11-04,33.0125,33.4648,32.7593,33.2748,31904741.0
2022-11-07,33.4738,33.7723,33.2206,33.4738,24790780.0
2022-11-08,33.5462,33.8537,33.2386,33.5642,25668265.0
2022-11-09,33.3562,33.4376,32.913,33.0306,21665798.0
2022-11-10,33.7361,34.5682,33.5914,34.4868,35251931.0
2022-11-11,34.5411,34.9119,34.333,34.74,28477013.0
2022-11-14,34.4506,34.6044,34.1431,34.1521,26667149.0
2022-11-15,34.5411,34.6405,33.7271,34.0979,30908868.0
2022-11-16,34.0165,34.1341,33.6456,33.7904,18705221.0
2022-11-17,33.3562,33.6456,33.0668,33.6185,19050156.0
2022-11-18,34.1612,34.2335,33.3924,33.6366,22178197.0
2022-11-21,33.5462,33.9351,33.519,33.7451,18793554.0
2022-11-22,33.9984,34.1883,33.8537,33.9079,17360325.0
2022-11-23,33.9079,34.0617,33.7994,34.0165,15333306.0
2022-11-25,34.116,34.2516,33.9713,34.0979,7277339.0
2022-11-28,33.8265,34.0617,33.311,33.3381,20911282.0
2022-11-29,33.4467,33.6004,33.2115,33.4648,22274696.0
2022-11-30,33.3693,34.2335,32.7325,34.2335,36026435.0
2022-12-01,34.1153,34.2881,33.1146,33.251,37900210.0
2022-12-02,32.8053,33.0145,32.5778,32.8234,33540872.0
2022-12-05,32.5778,32.6506,31.0585,31.3588,51813318.0
2022-12-06,31.3679,31.5498,29.4756,30.0214,70780984.0
2022-12-07,29.6485,29.9487,29.4301,29.7849,34066634.0
2022-12-08,29.9942,30.0123,29.2755,29.512,37351033.0
2022-12-09,29.2118,29.6666,29.1845,29.4574,26668183.0
2022-12-12,29.3937,29.8213,29.1663,29.7758,25697661.0
2022-12-13,30.5218,30.631,29.6212,29.794,41682987.0
2022-12-14,29.8395,30.0214,29.2573,29.3664,41225901.0
2022-12-15,28.8843,29.1026,28.6477,28.9025,37122145.0
2022-12-16,28.766,29.048,28.5204,28.8388,34418373.0
2022-12-19,28.8934,29.3209,28.8661,29.1663,29374860.0
2022-12-20,29.4756,29.6394,29.2391,29.2846,26260866.0
2022-12-21,29.5848,29.9032,29.4847,29.7303,23609846.0
2022-12-22,29.5848,29.6394,28.9934,29.4665,23259564.0
2022-12-23,29.4756,29.6394,29.2846,29.5393,17909318.0
2022-12-27,29.5666,29.7212,29.3573,29.5939,17674706.0
2022-12-28,29.6303,29.9942,29.5939,29.8122,26412318.0
2022-12-29,29.9214,30.167,29.794,30.1488,17372945.0
2022-12-30,30.1124,30.2944,29.8941,30.1306,22210344.0
2023-01-03,30.2307,31.0131,30.2125,30.4854,27989040.0
2023-01-04,30.8402,31.6772,30.7765,31.0585,31357575.0
2023-01-05,30.8584,31.0585,30.5491,30.9949,26125392.0
2023-01-06,31.0131,31.4588,30.5127,31.3042,27049748.0
2023-01-09,31.6135,31.6317,30.6674,30.8311,31180716.0
2023-01-10,30.6947,31.1768,30.6037,31.0404,30251970.0
2023-01-11,31.0404,31.3315,30.9312,31.2769,29513060.0
2023-01-12,31.477,31.7227,31.2587,31.3588,37101641.0
2023-01-13,31.1131,32.1957,30.1033,32.0502,72824950.0
2023-01-17,31.5589,31.6863,31.0676,31.4043,47777548.0
2023-01-18,31.2314,31.2405,30.4854,30.6765,42556461.0
2023-01-19,30.2853,30.5218,29.9214,30.2307,32385462.0
2023-01-20,30.2944,30.8311,30.0942,30.7947,29973920.0
2023-01-23,30.7583,31.3952,30.7037,31.2223,26468907.0
2023-01-24,31.1313,31.6499,30.8857,31.4497,21064436.0
2023-01-25,31.1495,31.8045,31.1495,31.7227,24193319.0
2023-01-26,31.8864,32.1593,31.6499,32.1502,23980667.0
2023-01-27,32.2412,32.5505,32.0775,32.2503,24791170.0
2023-01-30,32.032,32.3504,32.0047,32.1138,21731152.0
2023-01-31,31.9956,32.2776,31.8409,32.2776,24936569.0
2023-02-01,32.0229,32.9872,31.941,32.6779,36921248.0
2023-02-02,32.8416,33.0964,32.2321,32.8689,28357746.0
2023-02-03,32.7689,33.4421,32.6597,33.1419,30270395.0
2023-02-06,32.9781,33.151,32.7325,33.0873,22531145.0
2023-02-07,32.9053,33.6604,32.8689,33.4512,37919767.0
2023-02-08,33.1237,33.5148,33.06,33.2055,21116883.0
2023-02-09,32.9963,33.0691,32.3504,32.4959,27588585.0
2023-02-10,32.3413,32.3777,31.8682,32.3686,25896469.0
2023-02-13,32.2776,32.5505,32.1957,32.4323,21001546.0
2023-02-14,32.4141,32.7416,32.2594,32.405,26827415.0
2023-02-15,32.132,32.3959,31.9865,32.3504,18911440.0
2023-02-16,32.223,32.4505,32.0411,32.0957,17836284.0
2023-02-17,31.9137,32.1957,31.6044,32.1593,21602546.0
2023-02-21,31.759,31.8864,31.1768,31.4043,22792112.0
2023-02-22,31.2587,31.4315,30.9949,31.195,30850033.0
2023-02-23,31.2951,31.477,30.7947,31.1677,23908088.0
2023-02-24,30.8038,31.195,30.7856,31.1222,20334095.0
2023-02-27,31.3406,31.5589,31.0767,31.1222,22312936.0
2023-02-28,31.2496,31.377,31.0949,31.2041,22069427.0
2023-03-01,31.0677,31.379,30.912,31.0585,22012896.0
2023-03-02,30.8205,30.8571,30.2162,30.6648,31071102.0
2023-03-03,30.8113,31.3973,30.8113,31.2783,26315145.0
2023-03-06,31.3516,31.6446,31.1135,31.2142,26348376.0
2023-03-07,30.9945,31.0402,30.033,30.2162,38449755.0
2023-03-08,29.9048,30.1887,29.7034,29.8133,32187025.0
2023-03-09,29.5661,29.6576,27.7531,27.9637,94965204.0
2023-03-10,27.7622,28.4215,26.4803,27.7165,146437573.0
2023-03-13,26.4803,27.2129,25.5189,26.1049,177137768.0
2023-03-14,27.4601,27.5516,26.0683,26.3338,130940366.0
2023-03-15,25.4823,26.1507,25.3449,26.0866,107558973.0
2023-03-16,25.9859,26.9839,25.7387,26.5261,92480400.0
2023-03-17,26.2423,26.2423,25.29,25.4731,92797363.0
2023-03-20,25.8577,26.0317,25.3175,25.409,66090501.0
2023-03-21,26.2057,26.5353,26.1049,26.1782,66068035.0
2023-03-22,26.2881,26.3155,25.3083,25.3083,66072403.0
2023-03-23,25.638,25.7204,24.53,24.6948,88844528.0
2023-03-24,24.3561,24.9878,24.0997,24.8505,80480153.0
2023-03-27,25.5739,26.2331,25.5555,26.0866,86474019.0
2023-03-28,25.9859,26.2331,25.6196,25.7478,49033444.0
2023-03-29,26.0775,26.343,25.8577,26.2514,47640987.0
2023-03-30,26.4803,26.6085,25.7387,25.9126,53707322.0
2023-03-31,26.2057,26.2606,25.876,26.1873,41693452.0
2023-04-03,26.224,26.5353,25.931,26.1782,38446880.0
2023-04-04,26.1416,26.2331,25.3266,25.6196,46943722.0
2023-04-05,25.3266,25.5555,25.1435,25.3083,39653752.0
2023-04-06,25.3816,25.6471,25.29,25.4915,33491924.0
2023-04-10,25.3358,25.7295,25.3083,25.583,33665141.0
2023-04-11,25.6563,26.3247,25.5922,26.2881,45832742.0
2023-04-12,26.2606,26.5628,25.9767,26.0775,36566631.0
2023-04-13,26.1507,26.224,25.8577,26.1507,43589151.0
2023-04-14,26.8283,27.3502,26.7733,27.0297,64134329.0
2023-04-17,27.2495,27.8446,26.9199,27.808,65635461.0
2023-04-18,28.2017,28.3208,27.2861,27.982,94634638.0
2023-04-19,27.5883,27.6524,27.277,27.5242,56908992.0
2023-04-20,27.3227,27.6798,27.2586,27.3777,34034053.0
2023-04-21,27.2403,27.4509,26.9199,27.3502,33780370.0
2023-04-24,27.277,27.3777,27.0938,27.2495,22094070.0
2023-04-25,26.9656,27.048,26.3796,26.4071,40007161.0
2023-04-26,26.3338,26.4987,25.9126,26.0408,36719545.0
2023-04-27,26.1141,26.6268,26.1141,26.4529,25974827.0
2023-04-28,26.1232,26.9473,26.1049,26.81,33340537.0
2023-05-01,27.0114,27.048,26.5536,26.5902,28994517.0
2023-05-02,26.4162,26.4254,25.3724,25.7845,58948268.0
2023-05-03,25.7845,26.0958,25.464,25.5098,42055992.0
2023-05-04,25.2534,25.4731,24.5667,24.7132,68280438.0
2023-05-05,25.29,25.5372,25.1527,25.3724,41113483.0
2023-05-08,25.7112,25.7753,25.3266,25.3541,26729954.0
2023-05-09,25.1069,25.4823,24.9421,25.3266,26576400.0
2023-05-10,25.6013,25.638,24.7406,25.0153,36318057.0
2023-05-11,24.7315,25.171,24.6124,25.0794,29059216.0
2023-05-12,25.2076,25.2259,24.6124,24.8047,32222862.0
2023-05-15,24.8139,25.4731,24.7498,25.3175,30455661.0
2023-05-16,25.4365,25.5464,25.0245,25.0519,26323324.0
2023-05-17,25.3999,26.2514,25.3907,26.1599,44955538.0
2023-05-18,26.0408,26.0958,25.638,26.0683,43912478.0
2023-05-19,26.0591,26.2514,25.6654,25.7387,30807048.0
2023-05-22,25.9126,26.05,25.6471,25.9493,30507592.0
2023-05-23,25.931,26.6268,25.9126,26.169,37063583.0
2023-05-24,25.9401,26.1049,25.638,25.7295,37337640.0
2023-05-25,25.6288,25.8577,25.5189,25.7936,30830936.0
2023-05-26,25.8211,26.0042,25.4457,25.9218,45575811.0
2023-05-30,25.931,26.0866,25.5922,25.876,34496862.0
2023-05-31,25.7318,25.7872,25.1596,25.4457,38200113.0
2023-06-01,25.621,25.8241,25.2334,25.6395,49400808.0
2023-06-02,25.9902,26.7193,25.9533,26.4978,55712763.0
2023-06-05,26.5994,26.6178,26.1194,26.3409,29598312.0
2023-06-06,26.2671,27.1624,26.2579,26.9778,36060902.0
2023-06-07,27.0424,27.3654,26.7747,27.2085,36490441.0
2023-06-08,27.0516,27.1162,26.7563,26.9778,35181826.0
2023-06-09,26.9501,27.1347,26.8393,27.0147,25120017.0
2023-06-12,27.0424,27.2823,26.6824,26.8855,29643179.0
2023-06-13,26.8855,27.5038,26.7932,27.1347,34913809.0
2023-06-14,27.2916,27.4392,26.7563,26.8762,31784018.0
2023-06-15,26.6732,27.1993,26.4794,27.107,28489721.0
2023-06-16,27.2546,27.3931,26.9132,26.9408,30504369.0
2023-06-20,26.7747,26.8024,26.3778,26.6455,30021668.0
2023-06-21,26.5624,26.7655,26.3409,26.3686,28174974.0
2023-06-22,26.304,26.3317,25.7502,25.8056,42682804.0
2023-06-23,25.6026,25.741,25.4641,25.6118,38317774.0
2023-06-26,25.6579,26.101,25.6487,25.9256,32482377.0
2023-06-27,25.9348,26.2117,25.7964,26.064,31062809.0
2023-06-28,26.0733,26.0917,25.7502,25.9071,29088702.0
2023-06-29,26.304,26.7655,26.2117,26.4517,58966465.0
2023-06-30,26.7101,26.867,26.4609,26.4794,39175182.0
2023-07-03,26.4701,27.0885,26.4425,26.9501,26481803.0
2023-07-05,26.8947,27.1531,26.7101,26.8393,26294509.0
2023-07-06,26.5809,26.5994,25.9348,26.101,40421653.0
2023-07-07,26.1194,26.5994,26.1102,26.3317,27525413.0
2023-07-10,26.3871,26.627,26.2763,26.4517,27502201.0
2023-07-11,26.4517,26.8393,26.2302,26.7839,33359567.0
2023-07-12,27.2362,27.5869,27.0147,27.0977,34343487.0
2023-07-13,27.2454,27.5684,27.1347,27.3839,33007757.0
2023-07-14,27.6977,27.7807,26.8116,26.867,45351617.0
2023-07-17,26.9039,27.2823,26.8762,27.1347,39185204.0
2023-07-18,27.6792,28.4822,27.6146,28.3345,79698472.0
2023-07-19,28.5099,29.2574,28.316,29.1005,57265221.0
2023-07-20,28.916,29.3497,28.8513,29.2482,35800170.0
2023-07-21,29.4143,29.6359,28.999,29.5159,53520916.0
2023-07-24,29.5343,30.3188,29.5159,30.1342,51665742.0
2023-07-25,30.2358,30.2635,29.5989,29.6728,41498970.0
2023-07-26,29.7558,30.0327,29.6728,29.9127,33330669.0
2023-07-27,29.9312,30.2173,29.3682,29.4882,36152921.0
2023-07-28,29.6728,29.682,29.2667,29.442,25940119.0
2023-07-31,29.442,29.7651,29.3313,29.5343,22983802.0
2023-08-01,29.3867,29.4789,28.999,29.1836,25048040.0
2023-08-02,28.7591,28.8698,28.4083,28.7867,27551114.0
2023-08-03,28.556,29.119,28.5006,28.9898,22012449.0
2023-08-04,28.9436,29.2298,28.7683,28.8883,25488367.0
2023-08-07,28.9898,29.442,28.9806,29.4236,24082752.0
2023-08-08,28.8883,28.8975,28.1314,28.8606,36201573.0
2023-08-09,28.8144,28.8698,28.4545,28.4822,23409372.0
2023-08-10,28.6206,28.9067,28.4268,28.556,21040424.0
2023-08-11,28.4268,28.9806,28.3806,28.879,23165682.0
2023-08-14,28.6575,28.7129,28.3806,28.5468,21471148.0
2023-08-15,28.1499,28.1961,27.5408,27.6331,34857777.0
2023-08-16,27.5223,27.5408,26.9593,27.0331,37015154.0
2023-08-17,27.1716,27.2639,26.867,27.0239,27255363.0
2023-08-18,26.8024,27.0885,26.747,26.867,24823215.0
2023-08-21,26.9685,27.0424,26.5809,26.9039,24732811.0
2023-08-22,26.8855,26.987,26.2302,26.2486,29241554.0
2023-08-23,26.2579,26.3132,26.0087,26.2579,30713191.0
2023-08-24,26.2117,26.5717,26.184,26.4148,26859876.0
2023-08-25,26.4332,26.5717,26.1194,26.304,28715371.0
2023-08-28,26.4794,26.7655,26.3594,26.544,22343859.0
2023-08-29,26.7193,27.0054,26.4978,26.9224,22327083.0
2023-08-30,26.9699,27.0164,26.7,26.8024,24993957.0
2023-08-31,26.9234,26.9606,26.5511,26.6814,26795669.0
2023-09-01,26.7559,27.1095,26.7559,26.9699,28515543.0
2023-09-05,26.9141,27.1002,26.5139,26.6628,34983663.0
2023-09-06,26.4301,26.579,26.1696,26.4208,30619337.0
2023-09-07,26.4395,26.5697,26.1137,26.1789,29020501.0
2023-09-08,26.1696,26.4115,26.0207,26.3929,30445377.0
2023-09-11,26.5325,26.7652,26.4301,26.5046,24771433.0
2023-09-12,26.486,27.1188,26.4301,26.9606,31197044.0
2023-09-13,27.1002,27.1654,26.7093,26.8769,27473253.0
2023-09-14,27.1467,27.398,27.0816,27.1747,29512668.0
2023-09-15,26.942,27.0723,26.7559,26.8396,33403982.0
2023-09-18,26.8024,26.8024,26.5139,26.7652,20665286.0
2023-09-19,26.7652,26.9327,26.5325,26.6628,20060120.0
2023-09-20,26.8117,26.9606,26.5511,26.5697,21717578.0
2023-09-21,26.3929,26.607,26.0765,26.1044,28245110.0
2023-09-22,26.123,26.2347,25.6856,25.7229,32518663.0
2023-09-25,25.5926,25.7042,25.453,25.6856,25984681.0
2023-09-26,25.4251,25.5926,25.1366,25.2855,30538767.0
2023-09-27,25.3413,25.6949,25.1831,25.3785,30552526.0
2023-09-28,25.2855,25.7229,25.2855,25.6484,29508807.0
2023-09-29,25.9555,26.0486,25.3785,25.4809,32669088.0
2023-10-02,25.3134,25.4623,24.7364,24.8481,42025060.0
2023-10-03,24.6526,24.6805,24.0291,24.1129,51796683.0
2023-10-04,24.0849,24.2059,23.8057,24.1408,43034060.0
2023-10-05,23.9919,24.2804,23.7871,24.2525,40659524.0
2023-10-06,23.9826,24.4107,23.6941,24.2618,48250341.0
2023-10-09,23.9733,24.5316,23.936,24.4851,33065728.0
2023-10-10,24.7643,25.4064,24.7271,25.1366,40302878.0
2023-10-11,25.2855,25.5367,25.0342,25.1459,32642865.0
2023-10-12,25.0993,25.2017,24.7643,25.0342,35674030.0
2023-10-13,25.5274,25.7973,24.6805,24.9039,45393039.0
2023-10-16,25.2575,25.2948,24.9132,25.1179,44754929.0
2023-10-17,25.1738,25.9369,24.8667,25.7042,80171367.0
2023-10-18,25.6298,26.0951,25.3227,25.4157,59900489.0
2023-10-19,25.3599,25.8531,25.0156,25.09,47538526.0
2023-10-20,24.9411,25.0714,24.42,24.4851,47789553.0
2023-10-23,24.3176,24.392,23.7499,23.7964,50675417.0
2023-10-24,23.9546,24.0756,23.6382,23.7034,48476021.0
2023-10-25,23.6196,23.8709,23.4335,23.7778,36878304.0
2023-10-26,23.722,24.5316,23.6755,24.3083,49013849.0
2023-10-27,24.2618,24.2618,23.2287,23.4242,49781950.0
2023-10-30,23.5545,23.9919,23.5266,23.9081,34562694.0
2023-10-31,23.9546,24.5503,23.9267,24.513,39032042.0
2023-11-01,24.6061,24.7736,24.3362,24.5689,34078042.0
2023-11-02,24.8574,25.7415,24.7457,25.7042,47072990.0
2023-11-03,26.2068,26.9234,26.1789,26.4488,50761396.0
2023-11-06,26.579,26.7745,26.0765,26.365,33113863.0
2023-11-07,26.1044,26.2999,26.0114,26.2068,28175781.0
2023-11-08,26.2068,26.244,25.7508,25.9555,25428265.0
2023-11-09,26.123,26.1323,25.4995,25.6205,25237937.0
2023-11-10,25.8345,25.8438,25.4437,25.7601,25698125.0
2023-11-13,25.6298,25.9183,25.5181,25.7787,23497172.0
2023-11-14,26.5232,27.3701,26.4953,27.1933,53312862.0
2023-11-15,27.1747,27.6679,27.1747,27.5655,37532933.0
2023-11-16,27.3887,27.64,27.1933,27.4911,29648250.0
2023-11-17,27.6493,27.9192,27.5004,27.9006,28590089.0
2023-11-20,27.9006,28.1518,27.6865,27.9285,35915079.0
2023-11-21,27.9099,27.9099,27.5004,27.6028,26801164.0
2023-11-22,27.6772,27.7237,27.4725,27.5748,21007373.0
2023-11-24,27.4352,27.8168,27.4352,27.6679,12584890.0
2023-11-27,27.5469,27.6307,27.4632,27.5097,20422493.0
2023-11-28,27.4818,27.5934,27.2863,27.4818,24558702.0
2023-11-29,27.8043,28.4891,27.7386,28.2077,42540250.0
2023-11-30,28.339,28.6579,28.1795,28.6017,35136412.0
2023-12-01,28.5172,29.127,28.4703,29.0425,35792439.0
2023-12-04,28.6392,29.0801,28.6298,28.9112,30004296.0
2023-12-05,28.7799,28.8831,28.4516,28.6861,33701550.0
2023-12-06,28.8737,29.5679,28.5548,28.6392,42365702.0
2023-12-07,28.6955,29.0144,28.6486,28.7611,25960556.0
2023-12-08,28.7705,29.2114,28.7142,29.0425,26541305.0
2023-12-11,29.005,29.1551,28.808,28.9394,25147139.0
2023-12-12,28.8643,28.9487,28.5641,28.8362,23741666.0
2023-12-13,28.8456,30.1401,28.7236,30.0557,47196941.0
2023-12-14,30.5997,31.9599,30.5528,31.838,86321661.0
2023-12-15,31.7254,31.913,31.2282,31.519,52492928.0
2023-12-18,31.6222,31.6973,31.3314,31.3596,30576965.0
2023-12-19,31.0031,31.5847,30.7686,31.4346,36708610.0
2023-12-20,31.3127,31.6222,30.9093,30.9374,34619355.0
2023-12-21,31.1813,31.3783,30.853,31.1438,22384698.0
2023-12-22,31.1532,31.5847,31.1438,31.3596,20012624.0
2023-12-26,31.3783,31.8567,31.3033,31.7629,19125526.0
2023-12-27,31.7067,31.8474,31.5753,31.7442,17498723.0
2023-12-28,31.7254,31.8661,31.6785,31.7817,17810527.0
2023-12-29,31.838,31.8943,31.4721,31.5847,21472778.0
2024-01-02,31.322,31.9599,31.2095,31.8005,28543326.0
2024-01-03,31.5659,31.6785,31.1813,31.4534,35936500.0
2024-01-04,31.4909,32.1851,31.4628,31.7067,30953801.0
2024-01-05,31.6785,32.5415,31.6222,32.2976,37721548.0
2024-01-08,32.1757,32.1757,31.5566,32.0444,31618121.0
2024-01-09,31.7254,31.7442,31.4346,31.5472,29395963.0
2024-01-10,31.4159,31.5472,31.1813,31.519,27896304.0
2024-01-11,31.2939,31.4252,30.7498,31.0969,38618626.0
2024-01-12,30.2527,31.1344,29.9806,30.7686,62922074.0
2024-01-16,30.4027,30.4965,29.8493,30.1307,46353874.0
2024-01-17,29.7555,30.0088,29.3333,29.8305,40647587.0
2024-01-18,29.7649,29.8024,29.4553,29.7649,29929041.0
2024-01-19,29.8305,30.2339,29.6148,30.2245,38562073.0
2024-01-22,30.3558,30.9468,30.3183,30.5341,32204981.0
2024-01-23,30.5247,30.7873,30.384,30.7404,24514938.0
2024-01-24,30.9843,31.2751,30.8718,30.9374,28969752.0
2024-01-25,31.172,31.3783,30.7967,31.322,34702633.0
2024-01-26,31.3314,31.5941,31.2564,31.3596,24585539.0
2024-01-29,31.3314,31.5659,31.172,31.5284,21317754.0
2024-01-30,31.8005,32.7291,31.7442,32.6353,49703264.0
2024-01-31,32.429,32.9261,31.8943,31.9036,43973522.0
2024-02-01,31.8286,32.1288,30.8905,31.4721,46634934.0
2024-02-02,31.3033,31.6222,31.1157,31.3971,33681923.0
2024-02-05,31.0594,31.2282,30.8249,30.9468,27387642.0
2024-02-06,30.8812,31.2939,30.8436,30.9937,22077430.0
2024-02-07,31.0125,31.2001,30.6091,31.1251,23057853.0
2024-02-08,31.0031,31.2189,30.7686,31.0688,22749608.0
2024-02-09,31.05,31.1907,30.7967,31.0219,25695218.0
2024-02-12,30.9562,31.8661,30.9374,31.5378,27885202.0
2024-02-13,31.0688,31.247,30.3465,30.7217,36132427.0
2024-02-14,30.9374,31.1251,30.8249,31.0782,21021459.0
2024-02-15,31.2564,32.1194,31.2564,31.9599,34371209.0
2024-02-16,31.8192,32.035,30.8999,31.9787,22836247.0
2024-02-20,31.6879,31.9787,31.6785,31.8567,18980477.0
2024-02-21,31.2939,31.6504,31.1157,31.6128,31135841.0
2024-02-22,31.3033,31.9599,31.3033,31.5284,35381840.0
2024-02-23,31.641,31.9412,31.4159,31.8192,23100692.0
2024-02-26,31.6973,32.1006,31.4534,31.5284,22438031.0
2024-02-27,31.5941,32.2976,31.5941,32.1569,33584538.0
2024-02-28,32.1,32.459,31.9961,32.1851,26928858.0
2024-02-29,32.4307,32.733,32.2606,32.6102,24396049.0
2024-03-01,32.6196,32.733,32.1473,32.4496,26356109.0
2024-03-04,32.3929,33.4604,32.3551,33.2053,39525690.0
2024-03-05,32.9975,33.7438,32.9408,33.432,34418363.0
2024-03-06,33.6777,33.8099,33.1297,33.4604,36065930.0
2024-03-07,33.6304,33.9138,33.2998,33.6588,27255739.0
2024-03-08,33.8855,34.1311,33.536,33.6304,34226117.0
2024-03-11,33.432,33.9422,33.3187,33.9044,25557195.0
2024-03-12,33.9138,34.15,33.791,33.9705,21131085.0
2024-03-13,33.9705,34.4334,33.9705,34.0839,28125801.0
2024-03-14,33.9327,34.2161,33.5171,33.7154,31185091.0
2024-03-15,33.3281,34.0177,33.2903,33.4509,36313326.0
2024-03-18,33.6871,34.0933,33.432,34.0177,27960759.0
2024-03-19,33.9044,34.3767,33.8666,34.0366,26007786.0
2024-03-20,33.8571,34.8396,33.7532,34.7168,33534594.0
2024-03-21,34.8868,35.5198,34.8396,35.4348,33981608.0
2024-03-22,35.3403,35.5292,34.953,35.0002,22196136.0
2024-03-25,35.0474,35.2175,34.8018,34.8207,22181952.0
2024-03-26,34.953,35.1797,34.764,35.038,26857544.0
2024-03-27,35.1891,35.7559,35.1797,35.7182,28056645.0
2024-03-28,35.6331,35.8976,35.3403,35.8221,28168982.0
2024-04-01,35.841,36.2283,35.3686,35.4442,26668680.0
2024-04-02,35.1325,35.5009,35.1041,35.2364,27206160.0
2024-04-03,35.3214,35.9165,35.208,35.3686,26261064.0
2024-04-04,35.6142,35.8599,34.8302,34.8774,29626723.0
2024-04-05,34.7735,35.2742,34.6979,35.0569,23590615.0
2024-04-08,35.1419,35.5009,35.0758,35.4253,22842262.0
2024-04-09,35.4348,35.6804,35.1419,35.6426,24308284.0
2024-04-10,35.0852,35.1702,34.5279,34.6223,29790028.0
2024-04-11,34.7168,34.7168,34.0555,34.3389,29564020.0
2024-04-12,33.8288,34.0933,33.5643,33.8099,36167472.0
2024-04-15,34.32,34.7262,33.7721,33.9611,35002841.0
2024-04-16,34.0933,34.1689,32.2606,32.7613,75039290.0
2024-04-17,32.9597,33.7721,32.8274,33.2809,49951580.0
2024-04-18,33.5737,33.9988,33.2337,33.791,33445376.0
2024-04-19,34.0933,35.0663,34.065,34.9246,45080969.0
2024-04-22,34.953,35.8126,34.8302,35.6426,35895741.0
2024-04-23,35.8504,36.2944,35.737,36.2472,31965161.0
2024-04-24,35.9165,36.37,35.8976,36.1999,21749921.0
2024-04-25,35.8315,36.1527,35.3025,35.8126,30298835.0
2024-04-26,35.8315,36.1905,35.6898,35.737,21201480.0
2024-04-29,35.7465,35.9543,35.3781,35.4725,20876048.0
2024-04-30,35.2742,35.5859,34.9341,34.9624,21223333.0
2024-05-01,35.1513,35.4348,34.7357,34.9057,25754228.0
2024-05-02,35.3025,35.4159,34.6223,34.8396,27708664.0
2024-05-03,35.1891,35.4536,35.0285,35.1891,27406606.0
2024-05-06,35.5765,35.6993,35.293,35.6048,23506388.0
2024-05-07,35.6142,36.0393,35.6048,35.7465,22613340.0
2024-05-08,35.6142,35.7276,35.4348,35.6237,22722446.0
2024-05-09,35.4536,36.2944,35.3875,36.1621,21651423.0
2024-05-10,36.3511,36.6345,36.1999,36.3227,21950242.0
2024-05-13,36.4833,36.6345,36.0677,36.096,17176790.0
2024-05-14,36.2755,36.6439,36.2472,36.3605,19136558.0
2024-05-15,36.6534,37.069,36.625,36.7573,21322964.0
2024-05-16,36.7667,37.1824,36.5589,37.0501,24648027.0
2024-05-17,37.2674,37.3052,36.9935,37.1163,19570101.0
2024-05-20,37.0879,37.2863,36.6439,36.6723,21535017.0
2024-05-21,36.625,37.5508,36.625,37.4564,22818217.0
2024-05-22,37.2296,37.6075,37.1541,37.5603,27823624.0
2024-05-23,37.5697,37.6358,36.7856,37.0029,30024041.0
2024-05-24,36.9935,37.5792,36.9084,37.5036,15936600.0
2024-05-28,37.4564,37.5414,36.9462,37.1446,20604154.0
2024-05-29,36.6912,36.7478,36.4172,36.5778,20166101.0
2024-05-30,36.5873,36.9557,35.5103,36.4928,42308481.0
2024-05-31,36.5589,37.8626,36.5211,37.7775,39914572.0
2024-06-03,37.8248,37.9665,37.1824,37.6736,21034080.0
2024-06-04,37.428,37.9192,37.2391,37.4847,17793253.0
2024-06-05,37.6075,37.7775,37.3335,37.7492,20795509.0
2024-06-06,37.7032,37.7887,37.2375,37.5036,22075610.0
2024-06-07,37.3325,37.9788,37.3325,37.8077,20615382.0
2024-06-10,37.6176,37.8647,37.266,37.7032,22069977.0
2024-06-11,37.38,37.399,36.5532,36.9333,29237422.0
2024-06-12,37.8267,37.9028,37.1614,37.4561,27052254.0
2024-06-13,37.342,37.399,36.9999,37.3135,26763527.0
2024-06-14,37.1614,37.5226,36.9714,37.2945,24885871.0
2024-06-17,37.1519,37.5701,37.0474,37.5511,20315503.0
2024-06-18,37.5986,38.0358,37.5036,38.0073,20447874.0
2024-06-20,37.8077,38.3114,37.7792,38.0073,20503929.0
2024-06-21,37.8838,37.9313,37.4181,37.5321,25136500.0
2024-06-24,37.7982,38.34,37.6842,38.0358,19634832.0
2024-06-25,37.8077,38.0833,37.399,37.4276,20265195.0
2024-06-26,37.2185,37.399,36.5627,37.0664,29659527.0
2024-06-27,36.7813,37.399,36.4296,37.304,22251722.0
2024-06-28,37.7697,38.0738,37.361,37.7982,26035869.0
2024-07-01,37.9313,38.34,37.7032,38.0263,21013786.0
2024-07-02,38.0168,38.9292,37.9788,38.9007,23733294.0
2024-07-03,38.9862,39.1573,38.7296,38.8722,13189452.0
2024-07-05,38.9007,38.9292,38.2924,38.4065,14833541.0
2024-07-08,38.5871,39.0053,38.4255,38.6061,17452686.0
2024-07-09,38.7391,39.7561,38.5871,39.3664,24879231.0
2024-07-10,39.2334,39.6896,39.0338,39.6705,15658946.0
2024-07-11,39.6991,39.8226,39.3379,39.7371,21515979.0
2024-07-12,39.4329,39.8416,39.0528,39.528,23424402.0
2024-07-15,39.7751,40.1363,39.6325,39.8131,27397417.0
2024-07-16,40.4119,42.1987,40.1267,41.9421,60498204.0
2024-07-17,41.4858,42.2367,41.4858,41.7995,53409110.0
2024-07-18,41.4573,42.0466,40.8015,40.8776,37357980.0
2024-07-19,40.735,41.4003,40.5734,40.773,33021783.0
2024-07-22,40.5259,40.7445,39.8701,40.2028,34387968.0
2024-07-23,40.1267,40.659,40.0602,40.3073,29440853.0
2024-07-24,40.1838,40.6305,40.0317,40.0982,27237137.0
2024-07-25,39.9367,40.2028,39.5945,39.6135,32077480.0
2024-07-26,39.5185,39.8796,39.3569,39.604,39821455.0
2024-07-29,39.7086,39.8036,38.9482,39.0528,26677236.0
2024-07-30,39.0148,39.8131,38.7867,39.2334,34717189.0
2024-07-31,39.1858,39.3284,38.2259,38.3114,35494874.0
2024-08-01,38.435,38.4445,37.0474,37.5416,42478690.0
2024-08-02,36.116,36.6197,35.3366,35.7168,52919053.0
2024-08-05,33.8825,35.1275,33.3978,34.8329,54871620.0
2024-08-06,34.8329,35.4602,34.7284,35.0895,28048356.0
2024-08-07,36.211,36.6767,35.4222,35.4507,34500316.0
2024-08-08,35.9449,36.5152,35.7928,36.3156,26627033.0
2024-08-09,36.268,36.5437,36.0209,36.3821,18588876.0
2024-08-12,36.5912,36.8098,36.1255,36.2775,20701788.0
2024-08-13,36.4676,36.5722,36.23,36.5532,14773646.0
2024-08-14,36.6102,36.9904,36.5247,36.8858,16887971.0
2024-08-15,37.4751,37.7127,37.0284,37.0949,26942236.0
2024-08-16,37.0664,37.4656,37.0569,37.3895,19078407.0
2024-08-19,37.5226,37.7792,37.4941,37.7032,19777473.0
2024-08-20,37.1804,37.2945,36.4391,36.7718,32091496.0
2024-08-21,36.9428,37.0664,36.4771,36.8288,26318574.0
2024-08-22,36.8573,37.342,36.6482,37.2945,26044753.0
2024-08-23,37.323,38.1784,37.323,37.7982,32834425.0
2024-08-26,38.0168,38.2069,37.6937,37.9408,35958733.0
2024-08-27,38.0168,38.1404,37.6462,37.7032,25079223.0
2024-08-28,37.3895,38.2734,37.38,37.9693,30635190.0
2024-08-29,38.0643,38.34,37.5701,38.1784,27272502.0
2024-08-30,38.1784,38.8342,38.1404,38.7296,26085996.0
2024-09-03,38.5681,38.8722,38.2354,38.6821,35677033.0
2024-09-04,38.6441,38.9197,38.2829,38.492,27421648.0
2024-09-05,38.7812,38.9152,38.0255,38.1499,23719012.0
2024-09-06,38.0446,38.1499,36.8871,37.0785,31433381.0
2024-09-09,37.5472,37.9872,37.4037,37.7577,24032993.0
2024-09-10,38.1116,38.1116,36.6576,37.5759,38771139.0
2024-09-11,37.2985,37.3367,36.361,37.3081,28483694.0
2024-09-12,37.3559,37.6237,36.8584,37.0976,27576035.0
2024-09-13,37.1933,37.3941,36.7723,36.9732,23111602.0
2024-09-16,37.1167,37.5089,37.1167,37.4037,17702639.0
2024-09-17,37.5759,38.0733,37.5089,37.8342,18708858.0
2024-09-18,37.9012,38.3795,37.7003,37.9012,31711739.0
2024-09-19,38.3029,39.2691,38.2742,39.0969,39197763.0
2024-09-20,38.8195,38.963,38.4943,38.523,33450155.0
2024-09-23,38.4656,38.6856,38.0255,38.1403,18911504.0
2024-09-24,38.1212,38.2455,37.5472,37.7385,18926712.0
2024-09-25,37.5472,37.7003,37.2507,37.5472,20841112.0
2024-09-26,37.6811,37.9968,37.4133,37.8055,25698993.0
2024-09-27,37.9299,38.169,37.6429,37.6907,18225506.0
2024-09-30,37.5281,38.0638,37.3272,37.9586,21872314.0
2024-10-01,37.8055,37.8438,37.2507,37.5185,18413591.0
2024-10-02,37.5472,37.8246,37.3463,37.5281,17402576.0
2024-10-03,37.2889,37.5663,37.0402,37.5472,16659814.0
2024-10-04,38.1977,38.5038,37.8916,38.3699,23837967.0
2024-10-07,38.4656,38.6856,37.9872,38.2264,17986408.0
2024-10-08,38.3125,38.4082,38.0733,38.1977,17940580.0
2024-10-09,38.1403,38.6377,37.9968,38.4464,20386853.0
2024-10-10,38.2742,38.389,38.0446,38.236,18235710.0
2024-10-11,38.743,40.3405,38.6473,40.1301,37544156.0
2024-10-14,40.1396,40.3501,39.91,40.0918,21733126.0
2024-10-15,41.3545,41.4885,40.2257,40.3118,44745114.0
2024-10-16,40.3788,41.2302,40.3118,40.9432,32746964.0
2024-10-17,40.9719,41.1345,40.6179,40.7519,23724797.0
2024-10-18,40.5892,40.7997,40.2831,40.484,22816762.0
2024-10-21,40.4171,40.5701,39.9292,39.9483,18807534.0
2024-10-22,39.8431,40.5701,39.7666,40.4649,21999308.0
2024-10-23,40.3692,40.6275,40.197,40.5032,18586350.0
2024-10-24,40.484,40.8093,40.1492,40.7997,20818951.0
2024-10-25,41.058,41.1154,39.9674,40.0727,18634712.0
2024-10-28,40.2449,40.8954,40.1779,40.771,16638234.0
2024-10-29,40.7423,40.9528,40.6275,40.6849,15837581.0
2024-10-30,39.9005,41.0389,39.8335,40.4745,26270888.0
2024-10-31,40.4553,40.704,39.9866,40.0057,19225644.0
2024-11-01,40.3214,40.5892,39.9387,39.9483,19655736.0
2024-11-04,39.8048,40.197,39.3265,39.537,23973964.0
2024-11-05,39.7092,40.1875,39.5752,40.0631,19439688.0
2024-11-06,42.8564,43.5739,42.0911,43.44,83714836.0
2024-11-07,43.086,43.2678,42.5694,42.8277,35494944.0
2024-11-08,43.1817,43.5261,42.9904,43.1721,28867042.0
2024-11-11,43.6217,44.5018,43.6026,44.0809,29143298.0
2024-11-12,44.1383,44.4348,43.8513,43.8704,27295753.0
2024-11-13,44.1957,44.4635,43.8417,43.88,19634754.0
2024-11-14,43.9565,44.1574,43.7461,43.9087,25439817.0
2024-11-15,43.6409,44.8079,43.6409,44.7218,27522836.0
2024-11-18,44.7218,44.9801,44.4635,44.6931,20033847.0
2024-11-19,44.1861,44.5975,43.9565,44.3966,18529045.0
2024-11-20,44.5496,44.6166,43.9278,44.0618,19689323.0
2024-11-21,44.3774,45.0088,44.2914,44.4444,32681160.0
2024-11-22,44.3583,45.1714,44.2722,44.961,26998571.0
2024-11-25,45.2097,45.6689,45.114,45.4393,26591495.0
2024-11-26,45.4489,45.7645,45.1619,45.6784,18294149.0
2024-11-27,45.7454,45.8985,45.5828,45.6976,15346352.0
2024-11-29,45.7263,45.9941,45.4393,45.4489,13613885.0
2024-12-02,45.6689,45.7454,44.8175,44.9992,23974636.0
2024-12-03,45.3149,45.4202,44.6262,44.7888,20800851.0
2024-12-04,44.6644,44.7505,44.1287,44.3583,16146960.0
2024-12-05,44.5377,45.1918,44.48,44.961,18604581.0
2024-12-06,45.2688,45.2688,44.6339,44.9706,18048615.0
2024-12-09,44.7878,44.9706,44.1433,44.1626,20092941.0
2024-12-10,44.1626,44.5281,43.8451,44.0087,19820817.0
2024-12-11,44.2492,44.4031,43.7393,44.3261,22720873.0
2024-12-12,44.3838,44.7013,44.1722,44.3261,16640387.0
2024-12-13,44.3357,44.3453,43.6527,43.9317,18904840.0
2024-12-16,43.8548,43.9413,43.4411,43.7393,16405422.0
2024-12-17,43.47,43.47,42.9217,43.3353,22168230.0
2024-12-18,43.4219,43.7008,41.7,41.8443,27285711.0
2024-12-19,42.2964,42.787,41.6615,41.7289,26286119.0
2024-12-20,41.5557,42.71,41.4595,42.4888,27168025.0
2024-12-23,42.2291,42.4311,41.1517,42.2195,25115752.0
2024-12-24,42.2579,42.7293,42.2579,42.6908,7378398.0
2024-12-26,42.5273,42.8832,42.4215,42.8543,10171170.0
2024-12-27,42.5561,43.0756,42.383,42.6523,11398733.0
2024-12-30,42.2195,42.4599,41.8924,42.2387,10909970.0
2024-12-31,42.3638,42.5465,42.0367,42.2772,10418688.0
2025-01-02,42.4599,42.8928,42.1329,42.6042,17551194.0
2025-01-03,43.0467,43.1429,42.4696,43.1044,15949677.0
2025-01-06,43.4411,44.3934,43.3834,43.672,23395023.0
2025-01-07,44.5185,44.8744,43.9125,44.3261,28017499.0
2025-01-08,44.153,44.4993,43.9509,44.4512,27317704.0
2025-01-10,44.2492,44.2972,43.0275,43.393,28899624.0
2025-01-13,43.3834,43.6143,42.989,43.3449,23008296.0
2025-01-14,43.8644,44.1722,43.5085,44.0375,25549694.0
2025-01-15,45.3265,45.6536,45.0572,45.3073,40137681.0
2025-01-16,45.1245,45.7017,44.076,44.8648,44786205.0
2025-01-17,44.8359,45.0957,44.3261,44.759,33548468.0
2025-01-21,44.8456,45.3554,44.7686,44.884,30204139.0
2025-01-22,44.8263,44.9514,44.0183,44.0471,25142142.0
2025-01-23,44.2972,45.1053,44.2876,44.6243,25578431.0
2025-01-24,44.4704,45.0764,44.3934,44.7494,16229161.0
2025-01-27,44.7782,45.3458,44.6147,45.2977,24342550.0
2025-01-28,45.288,45.6343,44.9321,45.0572,19412057.0
2025-01-29,44.9706,45.5862,44.8648,44.9706,18181279.0
2025-01-30,45.3169,45.3746,44.6339,44.9417,23295993.0
2025-01-31,44.9225,45.0476,44.4031,44.5377,18846020.0
2025-02-03,43.6912,44.7109,43.393,44.4512,24725201.0
2025-02-04,44.5858,45.3361,44.5089,44.9321,21229339.0
2025-02-05,45.1918,45.3361,44.8648,45.3169,16986123.0
2025-02-06,45.6343,46.1538,45.3746,45.9229,24372897.0
2025-02-07,46.0191,46.1442,45.5766,45.5959,19504122.0
2025-02-10,45.6728,45.7498,44.6339,44.8936,17950109.0
2025-02-11,44.7782,45.1438,44.5089,45.0091,14901516.0
2025-02-12,44.7975,44.8071,44.1818,44.4512,20760672.0
2025-02-13,44.7494,44.7975,44.2203,44.5666,19117547.0
2025-02-14,44.7109,45.2977,44.7109,45.1726,18117284.0
2025-02-18,44.7878,44.8744,44.4031,44.759,27536923.0
2025-02-19,44.1337,44.3069,43.6912,44.2588,30203675.0
2025-02-20,44.153,44.4319,43.3257,43.5758,24938333.0
2025-02-21,43.5277,43.7778,42.8351,43.1044,26412251.0
2025-02-24,43.3161,43.6624,42.7389,42.7678,23085718.0
2025-02-25,42.8832,43.1333,41.7,42.2676,28054704.0
2025-02-26,42.3638,42.8543,42.1906,42.2676,16809750.0
2025-02-27,42.4118,43.0756,42.2579,42.4407,19098762.0
2025-02-28,42.6331,44.4415,42.508,44.3453,39844993.0
2025-03-03,44.4512,45.1726,43.4988,43.8259,32067041.0
2025-03-04,43.0275,43.1525,40.4303,41.0459,57678905.0
2025-03-05,41.0267,41.1036,40.1128,40.6804,39845354.0
2025-03-06,40.0078,40.2982,39.3979,39.882,41648043.0
2025-03-07,39.9884,40.395,39.3108,40.0756,38719278.0
2025-03-10,39.1075,39.3205,37.9266,38.5558,57739901.0
2025-03-11,38.4299,39.3592,38.0137,38.3428,37838333.0
2025-03-12,39.0204,39.2043,37.9459,38.6332,30872003.0
2025-03-13,38.6913,38.9043,38.0718,38.4009,30102192.0
2025-03-14,38.972,39.7077,38.8849,39.5819,26998202.0
2025-03-17,39.5722,40.4337,39.2915,40.1143,26439348.0
2025-03-18,40.3853,40.4918,39.9691,40.3176,27720979.0
2025-03-19,40.3853,41.334,39.9788,40.8596,29959168.0
2025-03-20,40.424,41.3533,40.3176,41.121,28369364.0
2025-03-21,40.8112,41.2952,40.5499,41.1113,29365326.0
2025-03-24,41.5566,41.7696,41.3824,41.6921,21646322.0
2025-03-25,41.9632,42.1374,41.6631,41.8954,15629486.0
2025-03-26,42.0697,42.3213,41.363,41.4501,19893968.0
2025-03-27,41.4501,41.7115,41.15,41.1984,18156447.0
2025-03-28,41.0823,41.2565,39.669,39.9304,24150087.0
2025-03-31,39.4754,40.5596,39.3011,40.395,19789919.0
2025-04-01,39.9981,40.366,39.6496,40.1627,19038800.0
2025-04-02,39.5722,40.6273,39.5044,40.5112,20067494.0
2025-04-03,37.3942,37.5975,35.826,36.0293,92708344.0
2025-04-04,34.0642,34.645,32.5928,33.2898,82312188.0
2025-04-07,33.8513,35.4582,32.467,34.4417,107450683.0
2025-04-08,35.6808,36.1358,33.2317,33.9093,61510058.0
2025-04-09,32.9607,36.6488,32.0024,35.9615,137139120.0
2025-04-10,35.1581,35.2355,33.5221,34.7031,69129240.0
2025-04-11,34.0739,35.0709,33.6964,34.7999,50656829.0
2025-04-14,35.3226,35.8066,35.1097,35.4969,36064578.0
2025-04-15,36.5907,37.5103,36.581,36.7746,68195372.0
2025-04-16,36.6488,36.9392,35.7873,36.1358,42889111.0
2025-04-17,36.31,36.6585,36.0486,36.2132,35543388.0
2025-04-21,35.8841,36.0874,35.3226,35.7389,25737057.0
2025-04-22,36.3681,37.2586,36.2035,37.0941,31343815.0
2025-04-23,38.1492,38.8462,37.4329,37.5103,44141067.0
2025-04-24,37.4232,38.4299,37.3554,38.3138,26341896.0
2025-04-25,38.2751,38.5171,38.0524,38.4203,24359853.0
2025-04-28,38.5267,38.7978,38.1976,38.5074,23715483.0
2025-04-29,38.3622,38.8559,38.217,38.7107,20365674.0
2025-04-30,38.1008,38.7203,37.5684,38.6042,25937840.0
2025-05-01,38.5461,39.1463,38.3138,38.8849,24120182.0
2025-05-02,39.6012,39.911,39.3979,39.7561,24777800.0
2025-05-05,39.5431,40.1627,39.3205,39.8045,21729400.0
2025-05-06,39.3495,39.9497,39.2527,39.5335,19733869.0
2025-05-07,39.7271,40.0175,39.5528,39.6206,21691696.0
2025-05-08,39.9691,40.8016,39.9304,40.2692,27426281.0
2025-05-09,40.395,40.637,40.3563,40.4531,16750528.0
2025-05-12,41.9341,42.5537,41.5663,41.9729,33959966.0
2025-05-13,42.0309,43.0667,42.0309,42.8634,33167768.0
2025-05-14,42.7763,43.4829,42.7182,43.3087,30183820.0
2025-05-15,43.1732,43.541,42.6021,42.9602,33509438.0
2025-05-16,42.9215,43.3571,42.2536,43.2603,37873401.0
2025-05-19,42.6989,43.6959,42.6989,43.3377,27583816.0
2025-05-20,43.1635,43.4733,42.9893,43.2603,22126766.0
2025-05-21,42.9505,43.0667,41.7599,41.8664,40628228.0
2025-05-22,41.7986,42.1761,41.5856,41.9244,22842335.0
2025-05-23,41.121,42.0406,40.9952,41.818,26438688.0
2025-05-27,42.3891,42.8053,41.9051,42.8053,26562735.0
2025-05-28,42.7957,43.0183,42.5537,42.6505,24073415.0
2025-05-29,42.9505,43.0377,42.4956,42.8247,22107633.0
2025-05-30,42.7763,42.8828,42.3213,42.7182,26895288.0
2025-06-02,42.4762,42.7376,41.9729,42.6698,22814320.0
2025-06-03,42.6021,43.299,42.5343,43.2216,24386639.0
2025-06-04,43.1732,43.6475,42.9215,42.9409,23670407.0
2025-06-05,43.0284,43.155,42.5999,42.9602,25512638.0
2025-06-06,43.5152,43.9826,43.4665,43.7879,28003559.0
2025-06-09,43.9242,44.2066,43.6029,43.6905,22370455.0
2025-06-10,43.6223,44.0118,43.5737,43.9047,20893041.0
2025-06-11,43.9631,44.2163,43.3789,43.5542,38820585.0
2025-06-12,43.2329,43.4763,42.8628,43.4471,20875740.0
2025-06-13,42.8434,43.2913,42.5123,42.931,33522164.0
2025-06-16,43.4665,43.71,43.1842,43.2426,21295771.0
2025-06-17,43.1063,43.4958,42.9018,43.0673,20686766.0
2025-06-18,43.0965,44.0118,43.0479,43.8755,27601606.0
2025-06-20,44.1092,44.45,44.0703,44.3039,32880439.0
2025-06-23,44.2066,45.1511,43.9145,45.0829,31839091.0
2025-06-24,45.5211,45.9495,45.3361,45.4334,35350295.0
2025-06-25,45.3556,45.745,45.2387,45.6185,24895974.0
2025-06-26,45.7158,46.3293,45.6671,46.2124,31448515.0
2025-06-27,46.2027,46.4169,45.6769,45.8814,31439486.0
2025-06-30,46.3682,46.3682,45.7937,46.0761,31760754.0
2025-07-01,45.784,47.1472,45.7061,46.8843,40535713.0
2025-07-02,47.0888,47.449,46.7966,47.4296,38318806.0
2025-07-03,47.6633,48.0138,47.5269,47.6438,15158842.0
2025-07-07,47.449,47.9164,47.0888,47.3809,25093824.0
2025-07-08,46.2514,46.5337,45.6185,45.9106,67883899.0
2025-07-09,45.9203,46.2027,45.4821,45.6087,32266218.0
2025-07-10,45.6671,45.9787,45.5503,45.7353,33596269.0
2025-07-11,45.414,45.5795,45.0342,45.5016,22686553.0
2025-07-14,45.5795,45.8327,45.3263,45.8327,26784738.0
2025-07-15,45.6477,45.7742,44.7421,44.9369,40946389.0
2025-07-16,45.1219,45.3361,43.8268,44.82,48189468.0
2025-07-17,44.4403,45.9787,44.2455,45.784,43097117.0
2025-07-18,45.8229,46.1345,45.6671,46.0761,26499033.0
2025-07-21,46.2903,46.7772,45.9593,46.2319,24268051.0
2025-07-22,46.3487,46.9038,46.2124,46.5143,25149442.0
2025-07-23,46.748,47.0401,46.5435,46.8745,21455607.0
2025-07-24,47.2153,47.7119,46.9427,47.118,31240166.0
2025-07-25,47.118,47.2738,46.6701,47.1764,18704970.0
2025-07-28,47.1764,47.264,46.8161,46.9622,15546881.0
2025-07-29,47.0693,47.2348,46.6311,46.6895,19837650.0
2025-07-30,46.9914,47.2251,46.4851,46.6993,23679787.0
2025-07-31,46.5045,46.7674,45.9495,46.0274,24084760.0
2025-08-01,45.1413,45.19,44.1287,44.4597,40467873.0
2025-08-04,44.7519,44.8979,44.4305,44.6447,22529799.0
2025-08-05,44.7421,44.7908,43.5737,44.3624,27916768.0
2025-08-06,44.5084,44.7324,44.1871,44.226,20426508.0
2025-08-07,44.5084,44.5571,43.6029,43.7392,23041853.0
2025-08-08,43.9534,45.0829,43.7976,44.8005,22805015.0
2025-08-11,44.8395,45.2971,44.6058,44.9466,23356538.0
2025-08-12,45.2971,46.4072,45.1413,46.2514,25895322.0
2025-08-13,46.4266,46.5045,45.7548,45.9982,19748512.0
2025-08-14,45.7548,46.4753,45.6574,46.4558,14367440.0
2025-08-15,46.4948,46.563,45.6671,45.7061,19809911.0
2025-08-18,45.6866,46.7772,45.56,46.6603,28269420.0
2025-08-19,46.563,46.8551,46.378,46.8161,23248839.0
2025-08-20,46.894,47.2251,46.6116,47.079,23224077.0
2025-08-21,47.0011,47.2153,46.5532,46.9914,21090531.0
2025-08-22,47.2446,48.3546,47.1861,48.1793,34388393.0
2025-08-25,48.0917,48.3546,47.9164,48.1793,25235168.0
2025-08-26,47.9651,48.9388,47.9554,48.9291,27115586.0
2025-08-27,48.7149,49.2991,48.6759,49.0557,34851167.0
2025-08-28,49.2212,49.3088,48.9583,49.1628,20445168.0
2025-08-29,49.1822,49.5815,49.1822,49.4062,20009584.0
2025-09-02,48.8999,49.1433,48.3643,49.0946,33313966.0
2025-09-03,49.0751,49.2407,48.3935,48.7441,24405416.0
2025-09-04,48.9173,49.495,48.7998,49.2894,26034995.0
2025-09-05,49.3873,49.73,48.2025,48.7313,30000148.0
2025-09-08,48.7606,48.8683,47.85,48.4277,36561203.0
2025-09-09,48.4669,49.5048,48.4277,49.2404,26419747.0
2025-09-10,49.3187,49.5733,48.9173,49.0837,20785735.0
2025-09-11,49.0935,49.8964,48.9467,49.6908,18520982.0
2025-09-12,49.6418,49.867,49.3971,49.5243,12442273.0
2025-09-15,49.7887,50.0237,49.4068,49.5341,15532145.0
2025-09-16,49.5831,49.8181,49.1621,49.6027,21821782.0
2025-09-17,49.7985,50.5524,49.73,50.3272,27537822.0
2025-09-18,50.4154,51.1007,50.2293,51.042,25096710.0
2025-09-19,51.0616,51.5609,50.6797,51.1595,33223856.0
2025-09-22,50.6797,51.2574,50.6699,50.8364,17095861.0
2025-09-23,50.9147,51.7763,50.4349,50.621,17111578.0
2025-09-24,50.7678,51.1595,50.3762,50.621,17295984.0
2025-09-25,50.4056,51.2378,50.3664,50.7678,15912398.0
2025-09-26,51.0224,51.5218,50.8951,51.1203,12960465.0
2025-09-29,51.2672,51.4532,51.0224,51.3259,13649631.0
2025-09-30,51.3847,51.4728,49.9454,50.5133,19461714.0
2025-10-01,50.2293,50.6014,49.495,49.6223,16682905.0
2025-10-02,49.5929,49.7887,49.025,49.4264,15287827.0
2025-10-03,49.5635,50.0629,49.495,49.5831,14539260.0
2025-10-06,49.8181,50.2489,48.8487,49.3383,17573812.0
2025-10-07,49.495,49.8475,49.0739,49.2404,15520044.0
2025-10-08,49.3481,49.4558,48.741,48.7998,15510192.0
2025-10-09,48.9564,49.2306,48.6235,48.7508,14365908.0
2025-10-10,48.8879,49.0935,47.5367,47.6346,19659506.0
2025-10-13,48.1731,48.369,47.7913,47.8402,22131512.0
2025-10-14,47.8305,49.446,47.5073,49.0446,29846322.0
2025-10-15,50.4937,51.747,50.1608,51.1889,43304846.0
2025-10-16,51.5022,51.6588,48.9564,49.3873,34527689.0
2025-10-17,49.8866,50.6895,49.2796,50.2097,34345848.0
2025-10-20,50.3664,51.1889,50.2979,50.9539,17095134.0
2025-10-21,51.0028,51.277,50.3664,50.4447,19628623.0
2025-10-22,50.4251,50.5035,49.3775,50.0335,21596408.0
2025-10-23,50.4056,50.7189,50.0433,50.6797,16762593.0
2025-10-24,50.7678,51.7176,50.7678,51.4728,27452125.0
2025-10-27,51.698,51.9624,51.4336,51.9134,18692735.0
2025-10-28,51.8938,52.168,51.2476,51.7665,20817674.0
2025-10-29,51.5609,51.9036,51.228,51.4826,18701393.0
2025-10-30,51.5707,52.3247,51.463,51.9232,26566425.0
2025-10-31,51.6882,52.5205,51.6686,52.3344,28396622.0
2025-11-03,52.1484,52.5205,51.6099,52.4421,24784199.0
2025-11-04,51.9134,52.873,51.6197,52.4226,35453807.0
2025-11-05,51.8547,51.9624,50.6503,51.3553,41848089.0
2025-11-06,52.3051,52.6282,51.6686,52.1778,35847087.0
2025-11-07,52.0407,52.4617,51.6099,52.0897,28659618.0
2025-11-10,52.2953,52.8632,52.2267,52.3051,18045234.0
2025-11-11,52.6282,52.8534,52.168,52.5107,15679190.0
2025-11-12,52.7653,53.5486,52.6478,52.9807,30343964.0
2025-11-13,52.6673,53.0786,51.6686,51.7665,26446085.0
2025-11-14,51.7568,51.7959,50.9441,51.512,23859775.0
2025-11-17,51.4826,51.4826,50.3174,50.4056,23652428.0
2025-11-18,50.2097,51.091,50.0727,50.5622,24830735.0
2025-11-19,50.5916,51.3945,50.5916,50.9343,19482876.0
2025-11-20,51.4043,51.8449,49.9062,49.9356,24599817.0
2025-11-21,50.2195,50.6993,49.632,50.4839,30412248.0
2025-11-24,50.572,51.1497,50.3174,50.8462,26045594.0
2025-11-25,51.1595,51.7763,50.7776,51.3847,22150683.0
2025-11-26,51.6001,52.1386,51.4532,51.884,18338539.0
2025-11-28,52.0015,52.8142,51.9428,52.5303,13020455.0
2025-12-01,52.3834,52.7751,52.0995,52.1288,18911158.0
2025-12-02,52.4128,52.5205,51.8645,52.0799,23822642.0
2025-12-03,52.1386,53.108,52.0701,52.9611,25067634.0
2025-12-04,53.0788,53.5513,52.8722,53.0296,27879480.0
2025-12-05,53.0788,53.9646,52.8918,53.0985,21234016.0
2025-12-08,53.0493,53.3544,52.6359,53.0493,22261578.0
2025-12-09,53.1182,53.4233,52.4194,52.695,24690417.0
2025-12-10,52.7442,53.6891,52.4981,53.2265,36014329.0
2025-12-11,53.0985,53.7875,52.9017,53.6989,25911716.0
2025-12-12,53.8761,54.4272,53.4922,54.2697,25070885.0
2025-12-15,54.5355,55.1851,54.191,54.4567,21558657.0
2025-12-16,54.2697,54.4764,53.8268,53.9449,19140984.0
2025-12-17,54.2501,54.693,53.6005,53.6891,24091714.0
2025-12-18,53.9351,54.2796,52.9214,53.4036,24152717.0
2025-12-19,53.6398,54.4371,53.5119,54.3977,29722196.0
2025-12-22,54.4961,55.2244,54.4666,54.9981,19884696.0
2025-12-23,54.9292,55.3327,54.9292,55.0866,15130870.0
2025-12-24,55.2441,55.6083,55.0079,55.3622,9343569.0
2025-12-26,55.3917,55.6575,55.1359,55.2835,10727333.0
2025-12-29,55.2244,55.3622,54.3977,54.4764,14955437.0
2025-12-30,54.6142,54.7618,54.2993,54.4075,12500975.0
2025-12-31,54.4469,54.5453,54.0631,54.1319,9360711.0
2026-01-02,54.1615,55.1063,54.0138,55.067,17121295.0
2026-01-05,55.2835,56.6417,55.254,55.9921,24756088.0
2026-01-06,56.1201,56.5039,55.8543,56.3464,19972537.0
2026-01-07,55.7953,55.9134,54.565,54.7618,27747040.0
2026-01-08,54.6044,55.687,54.5945,55.2933,22160175.0
2026-01-09,55.2835,55.7165,54.9095,54.9685,20974466.0
2026-01-12,54.4174,54.5748,53.8662,54.319,30705886.0
2026-01-13,54.3977,54.6437,53.443,53.6792,29716247.0
2026-01-14,52.0454,52.6359,50.8447,51.6517,59532370.0
2026-01-15,51.8879,52.2029,51.3958,51.76,33169850.0
2026-01-16,51.8584,52.5375,51.4155,52.134,34686364.0
2026-01-20,51.4942,52.6359,51.1399,51.2777,29782642.0
2026-01-21,51.4057,52.0257,51.2187,51.2482,24416325.0
2026-01-22,51.6419,52.2915,51.5041,51.6222,22339615.0
2026-01-23,51.2876,51.3761,50.5691,50.9037,21763648.0
2026-01-26,50.9825,51.4549,50.8545,51.199,20156369.0
2026-01-27,51.386,51.4254,50.9923,51.3466,18748547.0
2026-01-28,51.1301,51.3171,50.5002,50.9923,24384739.0
2026-01-29,51.1596,52.2521,51.1301,52.2423,25013079.0
2026-01-30,52.0356,52.567,51.9371,52.3604,21705763.0
2026-02-02,52.3604,53.2363,52.1143,53.1773,21154115.0
2026-02-03,53.3446,54.2501,52.8229,53.5906,31575363.0
2026-02-04,53.9154,55.1555,53.8465,54.506,39407581.0
2026-02-05,54.1516,54.4174,53.3938,54.0729,22788020.0
2026-02-06,54.6733,55.9724,54.4174,55.6378,27997161.0
2026-02-09,55.5,55.8248,55.2933,55.5197,22917857.0
2026-02-10,55.5492,55.9331,53.4036,54.5158,38655308.0
2026-02-11,55.0866,55.2244,52.3997,53.0001,37361927.0
2026-02-12,53.0592,53.0887,50.9628,51.6911,43809412.0
2026-02-13,51.0907,51.9864,50.6183,51.7206,21998257.0
2026-02-17,52.2029,52.7048,51.7797,51.9076,23717118.0
2026-02-18,52.1537,52.7639,51.9568,52.5178,20597406.0
2026-02-19,51.0907,51.9765,51.012,51.9371,33121616.0
2026-02-20,51.7403,52.2521,51.012,52.2226,22143102.0
2026-02-23,52.006,52.4194,50.0868,50.264,31797389.0
2026-02-24,49.9392,50.077,48.6892,49.6144,38326055.0
2026-02-25,49.5357,50.9529,49.516,50.8742,22559040.0
2026-02-26,51.0612,51.8387,50.9234,51.4746,24102329.0
2026-02-27,50.2738,50.5986,48.5416,49.0435,41224163.0
2026-03-02,48.0101,49.6242,47.8133,49.0239,28590272.0
2026-03-03,47.9904,49.7128,47.7345,49.1813,32108681.0
2026-03-04,49.1026,49.6144,48.4333,49.5061,24241770.0
2026-03-05,49.0338,49.6375,48.5488,49.0239,25609506.0
2026-03-06,48.0539,48.2023,47.1334,48.143,27562589.0
2026-03-09,47.4501,47.658,46.2921,47.4105,44615266.0
2026-03-10,47.7866,48.6477,47.1037,48.0638,30613486.0
2026-03-11,47.8658,48.1529,47.2917,48.0242,26009087.0
2026-03-12,47.2126,47.3016,46.3119,46.6484,37612947.0
2026-03-13,47.0344,47.3412,46.1733,46.2426,28408266.0
2026-03-16,46.6385,47.1928,46.4207,46.5791,25553857.0
2026-03-17,47.173,47.5887,46.7177,46.7969,21612902.0
2026-03-18,46.7375,47.3907,46.2129,46.3515,29376878.0
2026-03-19,45.9456,46.7078,45.6388,46.5296,25750571.0
2026-03-20,46.6484,46.975,46.203,46.6781,33752071.0
2026-03-23,47.846,47.8955,46.9948,47.0344,28183587.0
2026-03-24,46.5692,47.9648,46.5395,47.6481,26903488.0
2026-03-25,48.0242,48.6082,47.6877,48.2518,21376125.0
2026-03-26,48.2122,48.3706,47.5293,47.747,23694922.0
2026-03-27,47.5788,47.7569,46.3614,46.49,25044154.0
2026-03-30,47.0641,47.3709,46.4504,46.7474,23625183.0
2026-03-31,47.1928,48.2716,46.8859,48.2518,29525494.0
2026-04-01,49.1921,49.4792,48.2716,48.7665,20048923.0
2026-04-02,48.2518,49.0635,47.6679,48.8754,19851021.0
2026-04-06,48.9249,49.6078,48.7467,49.5484,17299121.0
2026-04-07,49.2911,49.9642,49.103,49.7662,18897548.0
2026-04-08,51.4092,51.726,50.8451,51.3498,25364946.0
2026-04-09,51.1024,52.3,51.0925,52.1714,17094174.0
2026-04-10,52.2604,52.2901,51.6666,52.0031,14163058.0
2026-04-13,51.6468,52.8939,51.3202,52.8048,18637179.0
2026-04-14,52.5574,53.0226,52.2505,52.8048,22798060.0
2026-04-15,53.6956,54.8339,53.1512,53.7649,46337756.0
2026-04-16,53.4878,53.953,52.9236,52.9632,23971544.0
2026-04-17,53.6065,54.0421,53.2007,53.3591,25612320.0
2026-04-20,52.9533,53.3987,52.6267,53.3987,27221012.0
2026-04-21,53.4482,54.0915,52.6663,52.9335,21301360.0
2026-04-22,53.1216,53.2502,52.4584,52.5772,16864592.0
2026-04-23,52.5178,52.9731,51.7062,51.9338,20942631.0
2026-04-24,51.7854,51.9734,51.3993,51.5181,20058237.0
2026-04-27,51.4587,52.3891,51.3004,52.0922,17512709.0
2026-04-28,52.4782,52.884,52.0823,52.1219,13862963.0
2026-04-29,51.8942,52.4782,51.3004,52.3396,18261932.0
2026-04-30,52.0724,53.1117,51.6171,52.9137,15225469.0
2026-05-01,53.1414,53.5076,52.5475,52.696,17045420.0
2026-05-04,52.5277,52.5277,51.4686,51.6567,21515526.0
2026-05-05,52.0328,52.8147,51.7458,52.5772,13951650.0
2026-05-06,53.27,53.6461,52.9236,53.0523,14247432.0
2026-05-07,53.0028,53.4482,51.9635,52.211,17207758.0
2026-05-08,52.4386,52.4683,50.5679,50.7857,24953691.0
2026-05-11,50.6867,50.8649,49.7563,50.0334,21407818.0
2026-05-12,50.3403,50.558,49.3307,50.2611,21263360.0
2026-05-13,49.8454,50.2611,49.2911,49.3307,19024435.0
2026-05-14,49.5484,49.9543,48.9843,49.3406,23788283.0
2026-05-15,49.1129,49.4792,48.7962,49.2614,26370296.0
2026-05-18,49.2119,50.3997,49.2119,50.172,20472154.0
2026-05-19,50.2017,50.756,49.8553,50.1819,27748404.0
2026-05-20,50.4689,51.0529,49.9741,50.7065,32146302.0
2026-05-21,50.4788,50.9737,50.2314,50.9638,16198206.0
2026-05-22,51.1618,51.6171,51.1123,51.2707,16554589.0
2026-05-26,51.6864,51.9635,51.3498,51.6666,15902568.0
2026-05-27,51.8546,51.9536,50.2413,50.5778,31313090.0
2026-05-28,50.3997,50.9737,50.1225,50.2512,21736989.0
2026-05-29,50.4491,51.2707,50.0829,51.0727,27116495.0
2026-06-01,50.7857,51.3004,50.3304,50.9836,16490470.0
2026-06-02,50.7362,52.1714,50.7362,51.9437,20042029.0
2026-06-03,51.7161,52.013,50.6867,51.8645,23920069.0
2026-06-04,52.5817,53.7756,52.2534,53.6164,27041734.0
2026-06-05,53.9448,54.0045,53.0493,53.5568,24715114.0
2026-06-08,53.4374,54.0741,53.2981,53.3578,17469636.0
2026-06-09,53.7259,54.3427,53.3777,54.1438,21387252.0
2026-06-10,54.2631,55.0193,53.9448,54.2631,24868262.0
2026-06-11,54.4323,55.0292,53.7856,54.88,19410499.0
2026-06-12,55.079,55.9048,54.9795,55.7356,18880349.0
2026-06-15,56.3326,56.7107,55.4571,55.5864,16287273.0
2026-06-16,56.2132,56.7803,55.9446,56.5515,21083403.0
2026-06-17,56.8499,57.6857,56.0043,56.243,27179003.0
2026-06-18,56.9395,57.039,55.7456,55.9147,26137135.0
2026-06-22,56.5614,57.437,56.5216,57.0788,24226396.0
2026-06-23,57.228,57.7155,56.9096,57.616,18497523.0
2026-06-24,57.9145,58.0339,57.0887,57.437,18017330.0
2026-06-25,57.5563,58.8995,57.5563,57.8946,21378288.0
2026-06-26,58.2428,58.3324,57.1484,57.5862,20836940.0
2026-06-29,57.4668,58.0439,57.3176,57.5862,17351332.0
2026-06-30,57.1783,57.4569,56.5515,56.6908,19157873.0
2026-07-01,56.84,58.1831,56.5515,58.0638,22825624.0
2026-07-02,58.6309,58.7005,57.6459,58.4319,20546242.0
2026-07-06,58.8398,59.6357,58.6209,59.5959,20583341.0
2026-07-07,59.974,60.5212,59.4765,59.5561,19488572.0
2026-07-08,59.0686,59.2676,58.0041,58.0041,18303415.0
2026-07-09,58.1533,59.1283,58.1135,58.9492,13047347.0
2026-07-10,59.3373,59.5661,59.0885,59.3671,13799071.0
2026-07-13,59.397,59.7452,58.5413,59.198,17501132.0
2026-07-14,58.402,60.8993,58.3025,60.3123,32922419.0
2026-07-15,61.0087,61.7151,60.7998,61.2774,27649461.0
2026-07-16,61.6654,61.6853,60.6804,61.1779,26889519.0
2026-07-17,60.9391,61.8047,60.3521,60.959,31845373.0
2026-07-20,61.0386,61.1779,60.0536,60.1133,19391631.0
2026-07-21,60.5909,61.2276,59.7551,60.9092,21228856.0
2026-07-22,61.0883,61.5858,60.8396,61.3072,24099362.0
2026-07-23,61.0386,61.1878,60.3919,60.9689,18079404.0
2026-07-24,61.2177,61.9639,60.9689,61.735,19021906.0
2026-07-27,62.2026,62.6703,61.5261,61.8146,21234727.0
2026-07-28,61.9838,62.3419,61.5858,62.3021,18173499.0
2026-07-29,62.1927,62.332,60.6008,60.76,24942866.0
2026-07-30,61.2077,61.6156,60.7202,61.4166,14909590.0
2026-07-31,61.2276,61.9241,61.2276,61.6355,11957301.0
2026-08-03,61.944,62.1927,61.3968,62.1628,15095252.0
2026-08-04,62.1529,63.2175,62.0335,62.5807,19076288.0
2026-08-05,62.6802,63.2473,62.5111,62.9289,18879864.0
2026-08-06,63.5856,63.6453,62.4016,62.6802,15421363.0
2026-08-07,62.3917,62.8991,62.0733,62.8493,11824095.0
2026-08-10,62.8394,63.6751,62.6802,63.5358,13532951.0
2026-08-11,63.6552,63.9438,63.3866,63.6751,12557080.0
2026-08-12,63.7945,64.6203,63.5159,64.481,19164556.0
2026-08-13,64.869,64.869,63.5657,63.7647,17802000.0
2026-08-14,63.7149,64.2223,63.4861,64.1626,14169556.0
2026-08-17,64.0731,64.8989,63.5557,63.5657,19187517.0
2026-08-18,63.6652,64.0731,63.2473,63.904,17931446.0
2026-08-19,63.8741,64.1129,62.6504,62.8493,16152219.0
2026-08-20,62.7399,62.919,61.4962,61.546,19783304.0
2026-08-21,62.0136,62.2026,61.2077,61.3769,19081272.0
2026-08-24,61.4266,62.4414,61.2077,62.0136,15877472.0
2026-08-25,61.8843,62.4315,61.5559,62.1131,13918485.0
2026-08-26,62.0733,62.2623,61.6156,61.9141,13539888.0
2026-08-27,61.4365,61.7052,60.7898,60.8595,25217638.0
2026-08-28,61.0684,62.2424,61.0485,62.0037,20901531.0
2026-08-31,61.934,62.1728,61.5858,61.6256,15660690.0
2026-09-01,61.6554,62.5111,61.4067,61.6753,14656964.0
2026-09-02,61.9639,63.2274,61.6256,62.2822,17800729.0
2026-09-03,62.49,62.95,62.0,62.72,16037837.0
2026-09-04,62.7,62.92,61.96,62.68,18400975.0
2026-09-08,62.49,62.82,62.11,62.39,14843331.0
2026-09-09,61.97,63.19,61.42,62.67,19534331.0
2026-09-10,62.64,63.01,62.22,62.56,14589319.0
2026-09-11,63.11,63.83,62.37,62.82,8729456.0
