timestamp,open,high,low,close,volume
2006-09-21,22.3442,22.8377,22.3442,22.6279,14177882.72333727
2006-09-22,22.8299,22.861,22.2315,22.5307,10879050.24268661
2006-09-25,22.2859,22.5385,21.975,22.2665,20809786.17342254
2006-09-26,22.3442,22.7211,22.2082,22.7133,16051948.05194805
2006-09-27,22.9271,23.1408,22.5735,22.9659,18984258.16607635
2006-09-28,23.0631,23.2107,22.7561,22.9038,14837596.74668766
2006-09-29,22.9271,23.2185,22.7522,23.1291,10199527.74498229
2006-10-02,23.2069,23.3934,22.7483,22.7522,11248196.24819625
2006-10-03,22.4413,22.4413,21.6331,21.773,22092220.91040273
2006-10-04,21.8118,22.0605,21.3338,22.0566,24360750.36075036
2006-10-05,22.3636,22.6939,22.2781,22.4608,20388167.38816739
2006-10-06,22.4996,22.6628,22.181,22.5424,13050111.50465696
2006-10-09,22.7911,22.8494,22.282,22.3286,11216581.39839958
2006-10-10,22.3014,22.7095,22.247,22.6123,13236652.23665224
2006-10-11,22.4608,22.6706,22.2665,22.383,11511478.42056933
2006-10-12,22.4724,22.9543,22.4374,22.8571,17211465.30237439
2006-10-13,22.9893,23.5721,22.9893,23.3079,14430539.15781189
2006-10-16,23.3273,23.7626,23.1874,23.747,11946608.94660895
2006-10-17,23.8597,23.8597,23.3817,23.6227,11650268.9229962
2006-10-18,23.646,23.8752,23.3118,23.4789,12090384.36311164
2006-10-19,23.5139,23.8558,23.3662,23.7703,10737242.55542437
2006-10-20,23.8986,23.9646,23.4789,23.646,11712449.16699462
2006-10-23,23.4012,23.6343,23.2574,23.5916,10864620.22825659
2006-10-24,23.3934,23.9685,23.374,23.8558,13340023.61275089
2006-10-25,23.7626,24.5592,23.7626,24.4115,17430276.79391316
2006-10-26,24.5849,24.5966,23.9908,24.1706,11502033.32021514
2006-10-27,24.2331,24.3035,23.9009,23.9595,9363898.727535091
2006-10-30,23.6703,23.682,23.2208,23.3771,15563426.47251738
2006-10-31,23.3459,23.5882,22.9941,23.5413,17229437.22943723
2006-11-01,23.5686,23.7406,23.0918,23.3263,15586514.49560541
2006-11-02,23.256,23.4866,23.0723,23.3146,11434081.07044471
2006-11-03,23.5061,24.0142,23.5022,23.8344,13233241.50596878
2006-11-06,23.8813,24.1393,23.7758,23.8501,14545585.72740391
2006-11-07,24.0299,24.0299,23.6625,23.8383,11396169.48707858
2006-11-08,23.8032,24.5145,23.7484,24.3738,17476190.47619048
2006-11-09,24.624,25.1086,24.5223,24.749,17698019.15256461
2006-11-10,24.6982,24.7959,24.4559,24.6435,7855568.673750492
2006-11-13,24.3113,24.9249,24.2722,24.6552,12471074.38016529
2006-11-14,24.8585,24.9523,24.4285,24.7998,10464646.46464646
2006-11-15,24.8038,25.179,24.6943,25.0109,10866063.22969959
2006-11-16,25.2102,25.2298,24.3191,24.3425,15679260.13380559
2006-11-17,24.0768,24.6005,24.0611,24.5145,12990030.17184835
2006-11-20,24.2917,24.8507,24.2331,24.5771,11187459.00564082
2006-11-21,24.7412,25.2337,24.6865,25.1477,15665617.21107176
2006-11-22,25.2845,25.4057,24.8585,25.1907,12312344.22143513
2006-11-24,25.1633,25.4135,25.1125,25.1477,3357470.812016267
2006-11-27,25.2024,25.4018,25.0734,25.093,9141676.50531287
2006-11-28,25.1907,25.6324,25.1555,25.3822,12354322.44523154
2006-11-29,25.5112,26.2304,25.4917,25.9841,15735537.19008265
2006-11-30,26.0623,26.4453,25.9216,26.2773,13999212.90830382
2006-12-01,26.1483,26.375,25.8161,26.3281,12047225.50177096
2006-12-04,26.332,26.3594,26.0076,26.2734,10011806.37544274
2006-12-05,26.6095,26.8245,26.2108,26.633,17069001.70536534
2006-12-06,26.5782,27.313,26.5626,26.9378,21675193.49337531
2006-12-07,27.0473,27.4577,26.8088,27.2544,19823297.91420701
2006-12-08,27.4772,27.8993,27.4108,27.7469,18952118.58848223
2006-12-11,27.614,27.7508,27.4147,27.657,11230880.23088023
2006-12-12,27.7117,27.7782,27.4069,27.5906,11752197.29765184
2006-12-13,27.6922,27.9931,27.5788,27.7625,11298832.48065066
2006-12-14,28.1026,28.8608,27.8798,28.5716,19711137.34750098
2006-12-15,28.7045,28.7358,28.3019,28.4348,16332808.60553588
2006-12-18,29.1149,29.2712,28.2159,28.3527,24226026.49875377
2006-12-19,28.1417,28.6263,27.6687,28.5442,17161222.61576807
2006-12-20,28.7944,28.7944,28.3332,28.3605,12190476.19047619
2006-12-21,28.3684,28.4661,27.9228,28.1573,11942804.6700774
2006-12-22,28.1417,28.2511,27.7704,27.7821,7615505.706414798
2006-12-26,27.9267,28.1573,27.7274,27.9892,6476321.65813984
2006-12-27,27.9775,28.3762,27.7977,28.2355,7627705.627705628
2006-12-28,28.2472,28.5872,28.1808,28.4231,8794700.249245703
2006-12-29,28.298,28.4309,28.0166,28.0635,8389348.025711661
2007-01-03,27.8681,27.9462,26.0584,26.6095,25472517.38160829
2007-01-04,26.2265,26.375,25.4565,25.8512,34817394.72648564
2007-01-05,26.0701,26.4414,25.8239,26.3437,20542306.17866982
2007-01-08,26.6173,26.801,26.2147,26.672,19936114.39065985
2007-01-09,26.1874,26.4414,25.9568,25.9998,25716122.26157681
2007-01-10,25.7965,26.2656,25.1672,25.2298,30079496.26131444
2007-01-11,24.8194,25.1868,24.0728,24.1432,42179588.088679
2007-01-12,24.4207,25.0109,24.3464,24.9601,24581529.58152958
2007-01-16,24.9679,25.1203,24.4285,24.5419,21378722.2878132
2007-01-17,24.5106,25.0422,24.5106,24.8467,22159779.61432507
2007-01-18,25.0344,25.1712,24.3973,24.4715,20279548.73409419
2007-01-19,24.624,25.1047,24.6083,24.9835,17909090.90909091
2007-01-22,25.1712,25.2376,24.6748,24.7764,16787616.42398006
2007-01-23,24.9601,25.5268,24.8858,25.4291,19534304.07975863
2007-01-24,25.4057,25.7262,25.1907,25.6363,16029122.39275876
2007-01-25,25.648,25.6636,24.9835,25.0695,11963793.7819756
2007-01-26,25.1946,25.4487,25.05,25.3197,10721107.17565263
2007-01-29,25.3861,25.5776,25.1946,25.2611,12314180.76872622
2007-01-30,25.3783,25.7301,25.308,25.6597,14448642.26682409
2007-01-31,25.6324,26.0467,25.4643,25.9607,19045388.95447986
2007-02-01,26.0701,26.3515,25.9294,26.3242,17384231.92968648
2007-02-02,26.3242,26.3945,25.9998,26.3007,8809523.80952381
2007-02-05,26.3437,26.4883,26.1405,26.2226,8143775.41650269
2007-02-06,26.8518,27.9345,25.8903,26.031,10495867.76859504
2007-02-07,26.1248,26.1639,25.7066,25.8825,12701823.42909616
2007-02-09,26.1874,26.3164,26.0037,26.1835,11822510.82251082
2007-02-12,25.8356,26.0936,25.6793,25.8122,9813459.268004723
2007-02-13,25.8552,26.3242,25.8552,26.2851,9968253.968253968
2007-02-14,26.2806,26.6188,26.2649,26.375,10862652.49901614
2007-02-15,26.3789,26.3828,25.8638,26.0289,13098648.82592155
2007-02-16,25.8795,26.1115,25.8559,25.9896,8796536.796536798
2007-02-20,25.8008,25.8166,25.5688,25.7851,8372950.282041191
2007-02-21,25.7615,26.0958,25.4312,26.0486,12492588.21986095
2007-02-22,26.0682,26.3356,25.7969,26.2963,11491932.31011413
2007-02-23,26.4536,26.6384,26.3868,26.4261,11277187.45900564
2007-02-26,26.5795,26.9137,26.5283,26.7289,10010232.19205037
2007-02-27,26.3081,26.5559,25.1716,25.6003,19345533.25462416
2007-02-28,25.7576,26.1272,25.4233,25.6829,16500590.31877214
2007-03-01,25.5256,26.0879,25.0773,25.9542,17392234.02859767
2007-03-02,25.8323,25.9503,25.3683,25.5334,12865669.6838515
2007-03-05,25.211,25.8323,25.1009,25.3604,14834054.83405483
2007-03-06,25.5728,26.2727,25.5177,25.8716,11894923.25855962
2007-03-07,25.8834,27.3266,25.2267,26.4064,20660369.93309721
2007-03-08,26.662,27.5272,26.4379,26.5637,12680047.22550177
2007-03-09,26.8036,27.0435,26.5165,26.6581,15617735.79955398
2007-03-12,26.3474,26.6345,26.2688,26.4576,13147710.8749836
2007-03-13,26.3828,26.9137,26.1744,26.1823,16339105.33910534
2007-03-14,26.3239,26.721,25.9031,26.7171,19208841.66338712
2007-03-15,26.5441,26.6188,26.0014,26.1587,15548734.09418864
2007-03-16,26.1548,26.2019,25.6317,25.7222,16554506.09996065
2007-03-19,25.8205,26.1312,25.6042,25.8126,18881805.06362325
2007-03-20,25.9188,26.1154,25.5492,26.0761,13809523.80952381
2007-03-21,26.143,26.5637,26.0525,26.4143,14124098.12409812
2007-03-22,26.5323,27.2676,26.5323,27.0396,18639249.63924964
2007-03-23,27.2126,27.4643,26.662,27.244,13932047.75022957
2007-03-26,27.3345,27.539,27.1221,27.3345,13122392.7587564
2007-03-27,27.2558,27.421,27.1339,27.3306,10646858.19231274
2007-03-28,27.4957,27.7199,26.5834,27.2165,14017447.19926538
2007-03-29,27.4446,27.4682,27.0789,27.2165,13632034.63203463
2007-03-30,27.0474,27.1654,26.7407,26.8901,13117932.57247803
2007-04-02,26.9412,27.0435,26.662,26.7997,12864620.22825659
2007-04-03,26.5991,26.8705,26.4261,26.6778,12662075.29843894
2007-04-04,26.5362,26.7171,26.2019,26.6345,14434212.25239407
2007-04-05,26.6149,26.8823,26.4851,26.7407,8642398.00603437
2007-04-09,26.3553,27.1969,26.0486,26.898,12503476.32165814
2007-04-10,27.0081,27.4485,27.0081,27.3345,15390659.8452053
2007-04-11,27.4289,27.5115,27.1418,27.2126,13932178.93217893
2007-04-12,27.4053,27.7592,27.1497,27.7199,15216319.03450085
2007-04-13,27.7277,27.83,27.4603,27.7435,12531680.44077135
2007-04-16,27.826,27.8496,27.4721,27.7317,9915125.278761644
2007-04-17,27.8064,27.9873,27.539,27.7041,11402335.03869868
2007-04-18,27.4997,27.7828,26.9845,27.4407,10178145.087236
2007-04-19,27.2362,27.3817,26.7643,27.244,8440508.985963533
2007-04-20,27.5468,28.0463,27.2794,28.0423,14845074.11780139
2007-04-23,27.9008,28.18,27.6805,27.7789,15434868.16214089
2007-04-24,27.5822,27.771,27.2912,27.3895,13928112.29174866
2007-04-25,27.48,28.0109,27.1497,27.8575,17017316.01731602
2007-04-26,27.4407,27.9204,27.4407,27.8103,12518431.06388561
2007-04-27,27.6845,27.7671,27.3227,27.5547,11258821.98609471
2007-04-30,27.3895,27.8182,27.1851,27.2519,12409812.40981241
2007-05-01,27.2558,27.4879,27.0278,27.2126,12236389.87275351
2007-05-02,27.2165,27.3974,27.016,27.3227,11597796.14325069
2007-05-03,27.2008,27.7081,27.1261,27.4879,14824478.55175128
2007-05-04,27.5822,27.9008,27.4879,27.6098,10752853.20739866
2007-05-07,27.5075,27.6648,27.3109,27.653,8009182.736455464
2007-05-08,27.539,27.7435,27.3542,27.6294,9484717.30289912
2007-05-09,27.5508,27.6963,27.244,27.5744,13866194.41164896
2007-05-10,27.6098,27.712,27.016,27.1693,11986357.07726617
2007-05-11,27.2912,27.7435,27.2912,27.6058,13174471.99265381
2007-05-14,27.6019,27.8811,27.6019,27.8221,11467794.8314312
2007-05-15,27.6923,28.1367,27.6923,27.8182,12435130.52603962
2007-05-16,27.8948,28.492,27.7801,28.2547,18613800.34107307
2007-05-17,28.2863,29.105,28.0806,28.9468,18842188.11491539
2007-05-18,29.0971,29.7062,28.7688,29.6389,21798898.07162535
2007-05-21,29.8564,30.3746,29.7615,30.0067,15986094.71336744
2007-05-22,29.6627,30.4141,29.6627,30.0305,17595303.68621278
2007-05-23,30.161,30.7582,30.157,30.3508,17001049.45559491
2007-05-24,30.2955,31.2051,29.5321,29.7338,18097861.73422537
2007-05-25,29.9593,30.2757,29.8248,30.2282,10876557.7856487
2007-05-29,30.1689,30.1728,29.5321,29.8209,13291617.47343566
2007-05-30,29.6508,30.6435,28.931,30.5723,15456119.63793782
2007-05-31,30.6989,30.8215,30.422,30.6237,15656303.29266693
2007-06-01,30.8136,31.3238,30.7977,31.2012,14412698.41269841
2007-06-04,31.1972,31.6046,31.0509,31.4226,10784205.6932966
2007-06-05,31.2803,31.5057,31.1062,31.3752,9469106.650924833
2007-06-06,31.0983,31.2091,30.7898,31.0113,12189557.91683064
2007-06-07,30.9797,31.217,30.4932,30.5802,12700642.79155188
2007-06-08,30.339,30.6079,30.1373,30.5565,13794437.88534698
2007-06-11,30.6514,31.0667,30.4695,30.8096,8592680.047225501
2007-06-12,30.7898,30.9243,30.4734,30.4813,11913944.64121737
2007-06-13,30.5763,30.9243,30.5723,30.7463,15347500.98386462
2007-06-14,30.9797,31.4108,30.8492,31.3396,10448379.90292536
2007-06-15,31.6362,31.9407,31.4859,31.8616,13755476.84638594
2007-06-18,31.9249,32.1939,31.8854,31.9249,9499409.681227863
2007-06-19,31.7549,31.8379,31.5531,31.7707,11074117.80139053
2007-06-20,31.8023,31.9487,30.8887,30.9045,13642004.46018628
2007-06-21,31.213,31.5927,31.0469,31.5136,12741178.01390529
2007-06-22,31.478,31.6402,30.9124,31.1972,13340941.88639643
2007-06-25,30.948,31.4543,30.774,30.865,12602781.05732651
2007-06-26,31.0074,31.0627,29.7853,29.9632,19456250.81988718
2007-06-27,29.5717,30.6514,29.4807,30.5565,15546635.18299882
2007-06-28,30.6672,30.8452,30.2678,30.3587,12674537.58362849
2007-06-29,30.8412,31.0588,30.6237,31.039,13317460.31746032
2007-07-02,31.2012,31.8379,31.1972,31.6599,15442607.89715335
2007-07-03,31.5136,32.0594,31.4859,31.8735,6834054.834054834
2007-07-05,31.9249,32.1385,31.5887,31.9407,14823166.73225764
2007-07-06,32.1148,32.3204,31.9961,32.0673,9726354.45362718
2007-07-09,32.095,33.5109,32.0278,33.2419,20802833.53010626
2007-07-10,33.1628,34.3573,32.9651,33.3131,26769250.95106913
2007-07-11,33.4911,34.1041,33.4516,33.8906,21238357.60199397
2007-07-12,34.1516,35.0613,33.851,35.0613,21322838.77738423
2007-07-13,35.3579,35.9274,34.8042,35.6703,17299226.02649875
2007-07-16,35.437,35.6426,33.8866,34.4917,31093795.09379509
2007-07-17,34.7053,34.9624,33.8708,34.0092,18294241.11242293
2007-07-18,33.8075,34.6262,33.7996,34.5352,17089072.543618
2007-07-19,34.7686,34.9782,34.5234,34.5946,11890594.25423062
2007-07-20,34.4482,34.4799,33.8668,34.1556,14051160.96025187
2007-07-23,34.0883,34.1041,33.2301,33.8352,14753115.57129739
2007-07-24,33.6533,33.6691,32.3679,32.6091,19576019.9396563
2007-07-25,32.6645,33.5979,32.1504,33.2894,18263282.17237308
2007-07-26,32.8327,33.2183,31.4574,32.4074,22552013.64292273
2007-07-27,32.2047,32.5744,31.4296,31.7277,21894660.8946609
2007-07-30,31.998,32.4949,31.6085,32.2921,15294634.65827102
2007-07-31,32.7612,32.944,32.0695,32.0735,15059163.05916306
2007-08-01,31.8549,32.8248,31.1474,32.1411,20067952.24977043
2007-08-02,32.2365,32.3955,31.3461,31.9344,17616292.79811098
2007-08-03,31.8072,32.3438,30.8055,30.8453,18462547.55345664
2007-08-06,30.9764,31.4574,29.9072,31.3819,21281254.09943592
2007-08-07,30.9605,32.1729,30.6863,31.8072,20187590.18759019
2007-08-08,31.8469,32.5624,31.6005,31.9821,15177357.99553981
2007-08-09,31.2825,31.9543,31.0917,31.1275,15428046.70077397
2007-08-10,30.8055,31.3223,30.2093,31.0718,21162140.88941362
2007-08-13,31.4097,31.9463,31.211,31.4932,12776728.32218287
2007-08-14,31.7555,31.9543,31.2229,31.3461,14110586.38331366
2007-08-15,31.3859,31.843,30.6306,30.7101,17186934.27784337
2007-08-16,30.2133,30.9526,29.3149,30.7817,27590974.68188377
2007-08-17,31.362,31.7993,31.0321,31.3382,18313524.85897941
2007-08-20,31.362,31.9582,31.1036,31.7436,14925357.47081202
2007-08-21,31.4216,31.6721,30.9208,31.0758,14563688.83641611
2007-08-22,31.2746,31.4455,31.048,31.3342,13644103.3713761
2007-08-23,31.6999,31.7436,31.0877,31.5051,11281516.46333465
2007-08-24,31.7158,32.1967,31.6323,32.1133,11515151.51515152
2007-08-27,31.8152,32.4034,31.8072,32.1729,8561983.47107438
2007-08-28,31.8708,32.0576,31.2587,31.362,9988980.716253445
2007-08-29,31.6124,32.634,31.4574,32.4949,11218811.49153876
2007-08-30,32.2882,32.6896,32.1172,32.3279,10369670.7333071
2007-08-31,32.7731,32.9162,32.4273,32.479,10096681.0966811
2007-09-04,32.479,33.4528,32.4273,33.1746,10996458.08736718
2007-09-05,33.0672,33.0672,32.3716,32.6419,11935983.20871048
2007-09-06,32.8924,33.3495,32.8248,33.2461,12131313.13131313
2007-09-07,32.8924,33.1785,32.6578,32.9281,10719532.99226027
2007-09-10,32.9559,33.0315,32.1689,32.7016,11867375.04919323
2007-09-11,32.8566,33.3336,32.2087,33.2183,13675324.67532468
2007-09-12,33.0235,33.906,33.0235,33.7271,12500196.77292405
2007-09-13,34.0093,34.2279,33.7311,33.8463,9465433.556342648
2007-09-14,33.6277,34.1484,33.4965,33.8742,8662075.298438935
2007-09-17,33.6714,34.049,33.5562,33.6953,8717171.717171717
2007-09-18,33.6476,35.0746,33.4846,34.9076,12833661.28820674
2007-09-19,35.17,35.5754,34.9394,35.1064,13109799.29161747
2007-09-20,35.1978,35.3687,33.1905,35.1382,9110455.201364294
2007-09-21,35.4482,35.6311,35.1421,35.3369,11615112.16056671
2007-09-24,35.3528,35.6708,35.1501,35.476,10495736.58664568
2007-09-25,35.007,35.007,34.6135,34.7168,11406926.40692641
2007-09-26,34.9593,35.1024,34.2677,34.7009,12446543.35563427
2007-09-27,35.0428,35.1779,34.7963,35.003,7918273.645546373
2007-09-28,35.0428,35.3369,34.6294,34.8878,7643316.279679916
2007-10-01,34.4903,34.9076,34.4267,34.7049,12241899.51462679
2007-10-02,34.4942,34.4942,33.588,33.9497,15516594.51659452
2007-10-03,33.5442,33.6913,33.1865,33.4329,14285320.73986619
2007-10-04,33.1467,33.584,32.7572,33.3654,17306047.48786567
2007-10-05,33.4926,33.6078,33.1666,33.4528,8404040.404040404
2007-10-08,33.2103,33.6118,33.1905,33.5244,9702872.884691067
2007-10-09,33.6993,34.3114,33.5641,34.1405,9567099.567099568
2007-10-10,33.5323,34.9434,33.5323,34.4704,11960383.05129214
2007-10-11,34.6135,34.8878,33.7867,34.053,14684113.86593205
2007-10-12,34.2915,34.53,33.9775,34.0729,8347763.347763348
2007-10-15,34.4227,34.526,33.9775,34.3233,11529319.1656828
2007-10-16,34.2637,35.0388,34.1961,34.9037,15236258.69080415
2007-10-17,34.9673,35.3051,34.3432,34.7645,14247146.79260134
2007-10-18,34.5857,35.0626,34.5101,34.9911,9937295.028204119
2007-10-19,34.848,34.852,33.5323,33.8344,13592155.31942805
2007-10-22,33.3852,33.5204,32.4352,33.0315,16044733.04473305
2007-10-23,33.1467,33.3614,32.5267,33.0911,12179194.54283091
2007-10-24,33.0792,33.0792,31.998,32.4631,18008133.28086055
2007-10-25,32.6539,33.588,32.308,33.2819,16290568.01784075
2007-10-26,33.835,33.9189,33.3078,33.7032,8937819.756001575
2007-10-29,33.9548,33.9988,33.7432,33.7951,7745113.4723862
2007-10-30,33.4715,33.4835,32.9323,33.0322,12311557.12973895
2007-10-31,33.3278,34.1585,32.9922,33.879,14550570.64147973
2007-11-01,33.3917,33.9229,33.0242,33.2439,14010101.01010101
2007-11-02,33.2039,33.8909,32.9323,33.819,15661288.20674275
2007-11-05,33.0402,33.9509,33.0322,33.5035,12534566.44365735
2007-11-06,33.5474,34.0667,33.5474,34.0227,12822510.82251082
2007-11-07,33.7951,34.1466,32.8924,32.8924,14627180.89990817
2007-11-08,33.0522,34.0267,32.8724,33.5115,18574708.12016267
2007-11-09,33.0082,33.3797,32.5529,32.9523,15603699.33097206
2007-11-12,32.6647,32.7406,31.4744,31.5383,16985963.53141808
2007-11-13,31.742,31.8818,30.8593,31.8099,15695920.24137479
2007-11-14,32.1455,32.6088,31.4904,31.6941,14614980.97861734
2007-11-15,31.4664,31.8699,30.7794,31.107,15507542.96208842
2007-11-16,31.4265,31.8459,31.2028,31.5184,14711137.34750098
2007-11-19,31.5583,31.6502,30.7914,30.8074,13523678.34186016
2007-11-20,30.9712,31.9018,30.9712,31.6702,19125147.57969303
2007-11-21,31.4225,32.0017,31.0271,31.0471,13556605.01115047
2007-11-23,31.2268,31.6941,31.1349,31.5903,6227207.136298046
2007-11-26,31.5543,31.9098,30.6037,30.6117,16000787.09169618
2007-11-27,30.4879,30.4959,29.6291,30.4319,21710874.98360226
2007-11-28,30.4639,31.1869,30.396,31.0311,19277056.27705628
2007-11-29,31.1189,31.6542,31.0471,31.4864,16141807.68726223
2007-11-30,31.6622,32.2733,31.3546,32.2573,19516069.78879706
2007-12-03,31.5583,32.2533,31.4465,32.0496,12190869.73632428
2007-12-04,31.9258,32.1415,31.6981,31.8139,10908172.63544536
2007-12-05,32.5329,32.6647,32.1934,32.497,13650006.55909747
2007-12-06,32.433,33.4156,32.433,33.2798,10382395.38239538
2007-12-07,33.3517,33.5035,32.8445,33.2918,8521841.794569068
2007-12-10,33.2998,33.5514,33.172,33.3198,8240850.059031877
2007-12-11,33.3317,33.5794,32.5569,32.6407,11093270.36599764
2007-12-12,33.2519,33.831,32.9203,33.3317,13017578.38121475
2007-12-13,33.0681,33.851,32.9962,33.819,11230355.50308278
2007-12-14,33.4636,33.8071,33.2199,33.2319,11648301.19375574
2007-12-17,33.1161,33.2159,32.5808,32.6967,11340417.15859898
2007-12-18,32.9523,33.5035,32.8245,33.3357,11871179.32572478
2007-12-19,33.4396,33.867,33.2559,33.6153,10605273.51436442
2007-12-20,33.5994,34.0707,33.4915,34.0547,11689361.1439066
2007-12-21,34.0906,34.7816,34.0906,34.7018,14238488.78394333
2007-12-24,34.7577,35.0972,34.6299,34.8256,5607110.061655516
2007-12-26,35.0053,35.6644,34.8655,35.5286,9263806.900170537
2007-12-27,35.4487,35.6684,35.3249,35.4247,8199003.017184836
2007-12-28,35.5485,35.904,35.4087,35.6045,8554768.463859374
2007-12-31,35.5246,35.6005,35.0293,35.249,7475141.020595566
2008-01-02,35.4527,35.8321,34.6938,35.0932,14466220.64803883
2008-01-03,35.1531,35.5685,35.1531,35.249,10641742.09628755
2008-01-04,34.7816,35.0732,34.1106,34.1745,13579693.03423849
2008-01-07,34.4501,34.546,33.4675,33.7072,16870523.41597796
2008-01-08,33.8909,34.1945,32.8604,33.0002,15172635.44536272
2008-01-09,32.9723,33.5235,32.8165,33.4356,16174471.99265381
2008-01-10,33.128,33.6553,33.0402,33.5115,16528794.43788535
2008-01-11,33.2678,33.831,33.0042,33.168,13024662.20648039
2008-01-14,33.5434,33.5954,33.1161,33.3078,12313131.31313131
2008-01-15,32.9603,33.3317,32.1974,32.1974,17980585.07149416
2008-01-16,32.0536,32.1934,30.6356,30.7914,26849927.84992785
2008-01-17,30.8753,31.2068,29.2017,29.3495,25147317.32913551
2008-01-18,29.4973,30.0165,28.5467,29.1139,29999212.90830382
2008-01-22,27.5401,28.5826,27.2086,28.4308,30967073.3307097
2008-01-23,28.1073,28.7664,27.1008,28.6825,27521841.79456907
2008-01-24,28.9661,29.9327,28.8662,29.7449,20082906.9919979
2008-01-25,30.372,30.8473,29.3136,29.6091,21334513.97087761
2008-01-28,29.713,30.5478,29.2537,30.5198,16060081.33280861
2008-01-29,30.6277,31.4385,30.2842,31.2627,17716122.26157681
2008-01-30,31.1908,32.2533,30.9752,31.6102,19149940.96812279
2008-01-31,31.1749,32.3012,30.8553,32.0816,18156368.88364161
2008-02-01,32.1535,32.2853,31.77,32.0975,16429489.70221698
2008-02-04,32.1015,32.2014,31.778,31.8579,12636101.27246491
2008-02-05,31.3626,31.3626,30.388,30.392,17205299.7507543
2008-02-06,30.6396,30.7754,29.3016,29.3455,18391578.11885085
2008-02-07,29.1738,29.9806,29.1498,29.7649,18080545.71690935
2008-02-08,29.6651,30.2522,29.6651,30.1084,13966942.14876033
2008-02-11,30.1084,30.8154,29.8807,30.7435,17573527.48261839
2008-02-12,30.6956,31.0391,30.1563,30.5158,14831037.64921947
2008-02-13,30.6396,31.5743,30.4839,31.4145,15757051.0297783
2008-02-14,31.6182,32.0097,31.4025,31.5383,14740784.4680572
2008-02-15,31.5543,31.7221,31.0271,31.5743,13372032.00839565
2008-02-19,32.0816,32.7007,31.9098,32.2094,17420306.96576151
2008-02-20,31.8617,32.862,31.6688,32.5928,13054702.87288469
2008-02-21,32.6812,32.6812,31.93,32.0625,12386724.38672439
2008-02-22,32.2393,32.412,31.6729,32.3839,11831693.55896629
2008-02-25,32.3839,33.1713,32.3839,33.0468,10538633.08408763
2008-02-26,32.9504,34.0833,32.8419,33.9868,16451134.723862
2008-02-27,33.7498,34.0833,33.5972,33.798,11821067.82106782
2008-02-28,33.6213,34.3886,33.6213,34.2279,11278499.27849928
2008-02-29,34.2078,34.256,33.0227,33.2276,12200708.38252656
2008-03-03,33.1231,33.8623,33.099,33.5208,13634133.54322445
2008-03-04,33.1432,33.4244,32.0866,32.7415,20846910.66509248
2008-03-05,32.7937,33.557,32.5205,33.1954,16466483.01193756
2008-03-06,33.099,33.1994,32.1389,32.1951,13294765.84022039
2008-03-07,32.0384,32.1389,31.247,31.48,16546897.54689755
2008-03-10,31.5363,31.6889,31.022,31.0743,16958677.68595041
2008-03-11,31.8094,32.1027,31.1144,31.938,19395907.12317985
2008-03-12,31.7291,31.8376,31.2229,31.4639,15885871.70405352
2008-03-13,30.9979,31.6126,30.9578,31.3434,19715597.53377935
2008-03-14,31.5282,31.7492,30.5962,31.1305,15779745.50701823
2008-03-17,30.3712,30.8854,30.0217,30.4837,18887577.06939525
2008-03-18,31.1225,31.4439,30.7167,31.4439,14025055.75232848
2008-03-19,30.9417,31.7291,29.4713,29.5718,18951069.13288732
2008-03-20,29.2263,30.1422,28.7562,30.0619,21521841.79456907
2008-03-24,30.1302,30.8413,29.8932,30.3592,11353010.6257379
2008-03-25,30.4315,30.4757,29.7003,29.9414,18706939.52512134
2008-03-26,30.1904,30.781,29.9333,30.6565,15594647.77646596
2008-03-27,30.9537,31.2751,30.3833,30.4235,11257510.16660108
2008-03-28,30.6404,30.7489,30.1422,30.3993,10309327.03659976
2008-03-31,30.4516,30.8051,30.2869,30.6163,11238357.60199397
2008-04-01,30.5962,31.239,30.3471,31.2229,10392234.02859767
2008-04-02,31.2229,31.8777,30.9337,31.6447,10570903.84363112
2008-04-03,31.3354,32.0143,31.2591,31.4881,10007477.37111374
2008-04-04,31.5965,31.9581,31.5845,31.6608,8870392.234028598
2008-04-07,31.938,32.2031,31.5965,31.697,10166601.07569199
2008-04-08,31.4117,32.0103,31.4117,31.9259,7101928.374655648
2008-04-09,32.0063,32.392,31.8576,31.9099,11546635.18299882
2008-04-10,31.9742,32.1389,31.5282,31.8657,11470943.19821593
2008-04-11,31.8094,31.9701,31.5724,31.5724,7665354.847173029
2008-04-14,31.6367,32.2313,31.5764,32.0625,9373212.645939918
2008-04-15,32.2393,32.7174,32.1831,32.637,11620752.98438935
2008-04-16,32.7656,33.316,32.6973,33.2677,13206349.20634921
2008-04-17,32.8299,33.5007,32.7897,33.2677,10390528.66325594
2008-04-18,33.4043,33.7458,33.1151,33.7016,13250557.5232848
2008-04-21,33.6976,34.0752,33.569,33.8824,10786304.60448642
2008-04-22,33.9266,34.2279,33.7538,34.1034,11164895.71035026
2008-04-23,34.1315,34.1998,33.7378,33.9386,12463072.2812541
2008-04-24,33.5931,33.786,33.0829,33.2999,17815426.99724518
2008-04-25,33.557,33.8262,33.4043,33.5731,10277581.00485373
2008-04-28,33.6052,34.1194,33.5972,33.9226,13358389.08566181
2008-04-29,33.8221,34.5091,33.8221,34.3283,13822248.4586121
2008-04-30,34.4328,34.8225,34.2681,34.6095,14669815.0334514
2008-05-01,34.244,34.9149,33.8342,34.8064,18963531.41807687
2008-05-02,34.8867,35.1519,34.6336,34.9028,10821199.00301719
2008-05-05,34.951,35.3528,34.9349,35.0233,9467007.739735013
2008-05-06,35.1479,35.7866,35.0756,35.65,17207529.84389348
2008-05-07,35.6621,35.9031,35.1921,35.3166,17452446.54335563
2008-05-08,35.3528,35.9554,35.3005,35.9353,16236127.50885478
2008-05-09,35.9554,35.9955,35.2684,35.638,13114128.29594648
2008-05-12,35.5456,35.6782,35.2041,35.5898,11809261.44562508
2008-05-13,35.5175,35.8991,35.3126,35.6018,13839302.11202939
2008-05-14,35.6661,36.1442,35.4813,35.5697,16841794.5690673
2008-05-15,35.9232,36.112,35.2764,35.879,16132756.13275613
2008-05-16,36.0839,37.02,36.0598,36.9517,20711793.2572478
2008-05-19,37.1043,37.5824,37.0119,37.2409,13517643.97218943
2008-05-20,37.5141,37.8194,37.3855,37.5824,19235865.14495605
2008-05-21,37.6404,38.1976,37.1841,37.2931,26983733.43827889
2008-05-22,37.382,37.7333,36.849,37.1478,19682014.95474223
2008-05-23,37.3093,37.4264,36.5542,36.9055,20506755.87039223
2008-05-27,36.6108,36.7198,36.207,36.6188,16009838.64620228
2008-05-28,36.3443,37.3739,36.2837,37.3739,16087629.542175
2008-05-29,37.2205,37.4022,36.5502,36.7279,19034763.2165814
2008-05-30,36.8934,37.5919,36.748,37.5919,20078840.35156762
2008-06-02,37.2689,37.5879,36.954,37.5314,16699199.79010888
2008-06-03,37.4829,37.7494,36.9822,37.0065,17520792.33897416
2008-06-04,36.8651,36.954,35.888,36.0132,19864357.86435787
2008-06-05,36.0778,37.9755,36.0778,37.8827,18736717.82762692
2008-06-06,37.9957,38.6579,37.168,37.2164,22364029.90948446
2008-06-09,37.5435,38.6983,37.5233,38.456,16424111.24229306
2008-06-10,38.2622,38.3268,37.1155,37.4991,17463203.46320346
2008-06-11,37.8302,38.2622,37.5596,37.9876,15529843.89348026
2008-06-12,37.7494,37.7494,37.0468,37.3456,17723074.90489309
2008-06-13,37.1195,38.234,36.9903,38.0603,14734487.73448773
2008-06-16,38.3389,38.7064,38.1209,38.1895,13239800.60343697
2008-06-17,38.238,38.7468,37.9755,38.6741,11515020.33320215
2008-06-18,38.3632,38.6054,37.8625,38.4157,12684245.04788141
2008-06-19,38.5287,38.7387,37.705,37.8181,14439984.25816608
2008-06-20,37.9876,38.129,37.2568,37.4547,15610783.1562377
2008-06-23,37.1599,38.5772,37.1599,38.5772,14594254.23061787
2008-06-24,38.3672,38.7306,37.9796,38.2299,13441820.80545717
2008-06-25,38.448,38.4964,37.6242,37.9634,19526433.1627968
2008-06-26,37.9796,38.1734,37.1518,37.3981,18524203.06965762
2008-06-27,37.4748,37.8221,36.962,37.0024,18301456.11963794
2008-06-30,37.0307,38.2178,37.0307,38.1128,18286107.83156238
2008-07-01,37.9998,38.2178,37.5556,38.133,16094451.00354191
2008-07-02,38.1572,38.1976,36.5421,36.6431,23160829.06991998
2008-07-03,36.6431,37.5798,36.1383,37.0832,14614325.06887052
2008-07-07,36.7884,37.487,36.0172,36.4856,19161484.9796668
2008-07-08,36.0697,36.2877,35.4156,35.997,22474878.65669684
2008-07-09,36.0253,36.8207,35.3469,35.4115,17939262.75744458
2008-07-10,35.4882,36.3806,35.145,36.3806,15868818.05063623
2008-07-11,36.74,36.74,35.2379,35.5852,17707201.88902007
2008-07-14,35.892,36.2272,35.2621,35.7224,11303161.48497967
2008-07-15,35.573,35.6578,34.1356,34.2486,21774760.59294241
2008-07-16,34.2204,34.2931,33.3442,33.5905,28045782.50032796
2008-07-17,33.6955,33.8651,32.9485,33.4693,23896628.62390135
2008-07-18,33.5461,34.0548,33.3522,33.8812,18155319.4280467
2008-07-21,34.0831,34.7211,33.97,34.6686,12787091.69618261
2008-07-22,34.5232,34.717,33.8247,34.0427,14357864.35786436
2008-07-23,34.2446,34.2446,32.8919,33.0413,19032139.57759412
2008-07-24,33.2271,33.5864,32.8233,33.0252,16568936.11439066
2008-07-25,33.1019,33.6712,32.4357,33.1019,13323232.32323232
2008-07-28,33.548,33.6536,32.8698,33.2109,13816345.27089073
2008-07-29,33.2191,33.4627,32.2038,32.5977,16435786.43578644
2008-07-30,32.5084,34.5145,32.4515,34.3886,19128689.49232586
2008-07-31,34.1287,34.1287,33.0688,33.146,16215663.12475403
2008-08-01,32.9592,33.7998,32.8251,32.9551,12603436.96707333
2008-08-04,32.9916,33.1378,32.086,32.2647,18754033.84494294
2008-08-05,32.151,32.5693,31.8627,32.4231,15162403.25331234
2008-08-06,32.3825,33.1175,32.3581,33.0526,14025842.84402466
2008-08-07,33.2962,33.6008,32.8008,32.8048,13350255.80480126
2008-08-08,32.4881,32.8861,31.8221,32.8576,11910140.36468582
2008-08-11,32.9551,33.2191,32.0414,32.5815,14062573.78984652
2008-08-12,32.8495,33.0119,32.3581,32.4678,12952249.77043159
2008-08-13,32.4109,33.6049,32.3866,33.4505,15322969.9593336
2008-08-14,33.284,33.3003,31.6353,32.2322,21116489.57103503
2008-08-15,32.1023,32.1104,31.3185,31.5378,19140627.04971796
2008-08-18,31.7002,32.1632,31.152,31.2698,12677423.5865145
2008-08-19,31.1236,32.3135,31.1195,32.1835,14381608.2906992
2008-08-20,32.5246,32.9592,32.2607,32.8333,15119375.57392103
2008-08-21,33.1378,34.6891,33.0607,34.5389,18705234.15977961
2008-08-22,34.2749,34.3521,33.4546,33.7795,10661812.93454021
2008-08-25,33.7957,33.9825,33.0363,33.2272,9866456.775547685
2008-08-26,33.3531,33.9866,33.215,33.4546,9629410.993047357
2008-08-27,33.7998,34.214,33.6495,33.8972,10173291.35510954
2008-08-28,34.1693,34.4374,33.3003,33.8323,9909615.636888364
2008-08-29,34.1328,34.1328,33.4587,33.5074,8682277.318640955
2008-09-02,32.6465,32.7236,31.8708,32.082,15985307.62167126
2008-09-03,31.9642,32.2891,31.5419,32.1185,16295815.2958153
2008-09-04,32.0454,32.4109,30.7946,31.0586,15257903.71244917
2008-09-05,31.083,31.3144,29.8931,30.6322,17236914.60055096
2008-09-08,31.1764,31.3469,29.9215,30.3317,18698675.06231143
2008-09-09,29.9946,30.2139,27.7164,27.7408,28920766.10258429
2008-09-10,28.1184,29.4829,28.0981,29.1865,20756919.84782894
2008-09-11,28.8941,29.4626,28.3499,29.4342,20652236.65223665
2008-09-12,29.3895,30.0758,29.1946,29.82,14601206.87393415
2008-09-15,28.6261,29.4586,27.8585,27.9073,19642660.3699331
2008-09-16,27.5499,29.552,27.3712,29.353,23890331.89033189
2008-09-17,29.4626,29.5398,28.0331,28.1509,24340941.88639643
2008-09-18,28.8291,29.7063,28.0372,29.3449,24396038.30512922
2008-09-19,30.5753,32.4393,29.889,31.8018,23704315.88613407
2008-09-22,32.1673,32.1835,31.1033,31.5622,17509904.23717697
2008-09-23,31.3997,31.8911,30.0271,30.287,16748130.65722157
2008-09-24,30.5875,30.8271,29.9459,30.3967,14635576.54466745
2008-09-25,30.5835,31.5947,30.3439,31.2089,14376098.64882592
2008-09-26,30.4901,31.0383,30.153,30.9611,12134330.3161485
2008-09-29,30.1083,30.1083,27.3347,28.1469,23784861.60304342
2008-09-30,28.7519,29.7794,28.4717,29.7469,16585071.4941624
2008-10-01,29.3246,29.3408,27.8342,28.7113,17854256.85425685
2008-10-02,28.22,28.3134,27.0179,27.5012,19319690.4105995
2008-10-03,27.6474,29.0037,26.7417,26.8595,19345270.89072544
2008-10-06,25.625,26.5996,24.0371,26.291,29796930.34238489
2008-10-07,26.9001,27.3062,24.3864,24.8371,23606454.1519087
2008-10-08,24.1224,26.3681,23.7935,25.1904,31007608.5530631
2008-10-09,25.6818,25.8037,21.8604,21.8604,25186803.09589401
2008-10-10,20.7111,21.7223,18.3558,19.5862,43757313.39367703
2008-10-13,20.7477,23.0016,20.0127,22.8391,34202151.38396957
2008-10-14,23.765,24.094,22.0553,23.1315,27928768.20149548
2008-10-15,22.2746,22.2746,19.57,19.9355,21542174.99672045
2008-10-16,20.2847,21.369,18.3964,21.0929,32023481.56893612
2008-10-17,20.6096,22.9285,20.2157,21.3244,25317197.95356159
2008-10-20,22.0919,23.5539,21.4462,23.4442,21369014.82356028
2008-10-21,22.6726,23.229,21.8482,21.9132,19407844.68057195
2008-10-22,21.235,21.4706,19.0299,19.9233,28777384.23192969
2008-10-23,20.1426,21.0157,18.7213,20.9101,27338055.88351043
2008-10-24,19.0421,20.0979,18.6969,19.6756,19818968.909878
2008-10-27,19.2776,20.1426,18.2745,18.5263,18820805.45716909
2008-10-28,19.4804,20.657,18.2547,20.37,22406008.13328086
2008-10-29,20.5627,21.7228,20.0749,20.5586,23884691.06650925
2008-10-30,21.0095,21.522,20.4684,21.2514,19976649.61301325
2008-10-31,20.8251,22.1369,20.6201,21.3252,17754689.75468976
2008-11-03,20.9563,21.5097,20.8702,21.1366,11976256.06716516
2008-11-04,21.6859,22.9445,21.645,22.8625,18276925.09510691
2008-11-05,22.2722,23.1125,21.7269,21.9155,14757444.57562639
2008-11-06,21.6245,21.9319,19.9232,20.1323,16922996.19572347
2008-11-07,20.3454,21.317,20.1733,21.1448,14500327.95487341
2008-11-10,21.7597,21.9319,20.4971,20.8784,12576544.66745376
2008-11-11,20.243,20.6816,19.7141,20.12,13510560.14692378
2008-11-12,19.71,19.71,18.2178,18.2588,17784861.60304342
2008-11-13,18.4515,20.2839,17.2791,20.161,24954086.31772268
2008-11-14,19.6444,20.4848,18.6524,19.4272,19806506.62468844
2008-11-17,19.7551,20.0134,19.091,19.1689,22784730.42109406
2008-11-18,19.2878,20.5873,19.0705,20.452,23953299.2260265
2008-11-19,20.3905,20.8579,18.9352,18.9967,23280073.46189164
2008-11-20,18.4843,19.2386,16.947,17.1356,28458874.45887446
2008-11-21,17.607,19.3575,17.3693,19.2017,32082644.62809917
2008-11-24,19.4928,21.0792,18.8246,20.2962,25926669.29030565
2008-11-25,20.7964,21.3047,20.37,21.0013,17494555.9491014
2008-11-26,20.6939,22.5181,20.3864,22.4074,16194280.46700774
2008-11-28,21.5507,21.9319,21.03,21.5302,9798504.525777252
2008-12-01,20.7759,21.0997,19.6649,19.6854,18752459.66155057
2008-12-02,20.3249,20.5955,19.5542,20.3003,16204381.47710875
2008-12-03,19.7305,20.5381,19.1648,20.3987,19632821.72373082
2008-12-04,19.8945,20.3372,18.6811,18.9721,17703266.43053916
2008-12-05,18.6893,19.915,17.894,19.5829,22607634.78945297
2008-12-08,20.4971,21.3047,20.3741,20.8456,19237308.14639906
2008-12-09,20.5996,21.6122,20.4971,20.9604,16170798.89807163
2008-12-10,21.3252,22.1082,21.194,21.854,17040404.04040404
2008-12-11,22.0221,22.6247,21.3744,21.6491,14548734.09418864
2008-12-12,20.7021,21.6737,20.5012,21.0669,14649088.28545192
2008-12-15,21.5097,21.8991,20.9071,21.276,13528794.43788535
2008-12-16,21.6081,22.2845,21.44,22.1902,15979010.8881018
2008-12-17,22.0713,22.5017,21.8417,21.8991,14330316.14849797
2008-12-18,21.8991,21.9975,20.7226,21.1284,17999606.45415191
2008-12-19,21.4564,21.8868,20.7554,20.8251,20873278.2369146
2008-12-22,21.03,21.1038,20.038,20.3044,13407975.86252132
2008-12-23,20.4397,20.6037,19.8002,19.8658,14297520.66115703
2008-12-24,19.8453,19.915,19.5993,19.6772,5125278.761642398
2008-12-26,19.792,20.0421,19.6362,19.9191,6382133.018496655
2008-12-29,20.2962,20.493,19.8043,20.0872,11434999.34409025
2008-12-30,20.1405,21.1366,20.0052,21.0915,11296602.38751148
2008-12-31,20.9604,21.5097,20.8415,21.235,10942148.76033058
2009-01-02,21.3088,22.6452,21.2473,22.4853,14184966.54860291
2009-01-05,22.4156,22.9773,22.3214,22.7395,17759674.66876558
2009-01-06,23.174,23.5471,22.6739,22.8256,15246097.33700643
2009-01-07,22.5468,22.5468,21.6204,21.8253,11929817.65709038
2009-01-08,21.7228,22.2353,21.5507,22.1328,9173028.99121081
2009-01-09,22.1369,22.2148,21.235,21.3129,12500983.86462023
2009-01-12,21.071,21.0997,20.4602,20.6898,12736193.09982946
2009-01-13,20.6078,21.2391,20.5832,20.9972,14104420.83169356
2009-01-14,20.7103,20.7431,19.8945,20.1774,17431588.6134068
2009-01-15,20.1569,20.1569,18.9229,19.8658,27334513.97087761
2009-01-16,20.2471,20.5709,19.8125,20.243,18924439.19716647
2009-01-20,19.7674,19.9683,18.636,18.7303,22134199.13419913
2009-01-21,18.8205,20.2512,18.8164,20.243,18930998.29463466
2009-01-22,19.7961,20.1897,19.255,19.7141,16975862.52131707
2009-01-23,19.2099,20.0749,19.0623,19.751,14987537.71481044
2009-01-26,20.0175,20.7923,19.8945,20.1405,14719664.17420963
2009-01-27,20.1405,20.4848,19.8822,20.2962,13910927.456382
2009-01-28,20.7513,20.7513,20.1774,20.5627,21674931.12947658
2009-01-29,20.0913,20.0913,19.2181,19.3329,19258690.80414535
2009-01-30,19.6567,19.7961,19.3534,19.4846,22819887.18352355
2009-02-02,19.1648,19.1648,18.6524,18.7467,21093270.36599764
2009-02-03,18.8983,19.1033,18.6524,18.9598,16685032.13957759
2009-02-04,19.132,19.1976,18.6565,18.7877,18090909.09090909
2009-02-05,18.6852,19.3985,18.472,19.2304,19890331.89033189
2009-02-06,19.0295,19.7756,18.8778,19.6526,15137741.04683196
2009-02-09,19.6731,20.1569,19.5215,19.8945,16010888.10179719
2009-02-10,19.7305,20.1159,18.7262,18.9024,19033189.03318903
2009-02-11,19.1607,19.2509,18.4638,18.8409,16278630.46044864
2009-02-12,18.6442,18.9967,18.2834,18.9393,17379378.19756002
2009-02-13,18.9639,19.1156,18.6934,18.7221,12065722.15663125
2009-02-17,18.0785,18.2424,17.5824,17.6029,17717565.26301981
2009-02-18,17.7387,17.8589,17.1707,17.3283,19684900.95762823
2009-02-19,17.6724,17.7967,17.2205,17.3241,13048406.13931523
2009-02-20,16.9925,16.9925,16.1551,16.3499,28177095.63164109
2009-02-23,16.694,16.8432,15.4628,15.5789,23802177.62035944
2009-02-24,15.7198,16.3665,15.5996,16.2712,22499540.86317723
2009-02-25,16.2339,16.3002,15.753,15.9147,23860553.58782632
2009-02-26,16.1924,16.5779,15.8981,15.9395,17983995.80217762
2009-02-27,15.554,16.0763,15.3177,15.4835,19519218.15558179
2009-03-02,15.1394,15.2762,14.53,14.5632,23959464.7776466
2009-03-03,14.8327,15.0731,14.5093,14.6212,22175652.63019809
2009-03-04,15.0855,15.6908,14.9861,15.3592,19860947.13367441
2009-03-05,15.0109,15.1104,14.4388,14.6751,21570772.66168175
2009-03-06,15.0441,15.3177,14.1445,14.6586,26156893.61143907
2009-03-09,14.5756,15.4586,14.385,15.1436,25319165.68280205
2009-03-10,15.5747,15.8359,15.4918,15.753,24362849.27194018
2009-03-11,15.8566,16.1468,15.4462,15.7447,18910009.18273646
2009-03-12,15.7613,15.9105,14.9902,15.5001,32193099.82946347
2009-03-13,15.7115,15.7696,14.6544,15.0938,31657877.4760593
2009-03-16,15.1726,15.5457,14.9446,14.9736,23480388.29857012
2009-03-17,15.0317,15.5996,14.8824,15.5872,21130919.58546504
2009-03-18,15.4669,16.0266,15.0773,15.8732,21341597.79614325
2009-03-19,16.5448,16.6774,15.8483,15.8566,32644234.55332546
2009-03-20,16.0888,16.2919,15.6079,15.6742,26848747.21238358
2009-03-23,16.0805,16.9054,16.0639,16.893,22456513.18378591
2009-03-24,16.5821,16.7728,16.2836,16.4038,16415453.23363505
2009-03-25,16.437,16.7603,16.01,16.4577,17064803.8829857
2009-03-26,16.7935,16.8557,16.4411,16.7106,16522104.1584678
2009-03-27,16.4992,16.9262,16.4204,16.7189,17441820.80545717
2009-03-30,16.3209,16.3333,15.8566,16.1758,20683720.32008396
2009-03-31,16.3789,16.6028,16.1468,16.2339,19907385.54374918
2009-04-01,15.9395,16.6567,15.8152,16.4992,18708251.34461498
2009-04-02,17.0008,17.6185,16.9386,17.1832,24036337.39997376
2009-04-03,17.0008,17.6309,16.864,17.5604,21366260.00262364
2009-04-06,17.2371,17.4526,16.8557,17.063,18088416.63387118
2009-04-07,16.7438,16.7562,16.3624,16.4536,16255280.07346189
2009-04-08,16.3085,16.4784,15.9478,16.3955,18423848.87839433
2009-04-09,16.7894,16.8515,16.466,16.7479,15114653.02374393
2009-04-13,16.4536,16.7686,16.3168,16.607,12112291.74865539
2009-04-14,16.3458,16.7603,16.2546,16.4038,14566968.3851502
2009-04-15,16.3499,16.5116,16.068,16.4577,14463203.46320346
2009-04-16,16.5531,16.5945,16.1302,16.495,15316148.49796668
2009-04-17,16.5365,16.8432,16.466,16.6526,14911583.36612882
2009-04-20,16.3043,16.3624,15.6659,15.7281,16308933.49075167
2009-04-21,15.6079,16.1178,15.554,16.0473,15706939.52512134
2009-04-22,15.8856,16.1219,15.7447,15.7778,14865144.95605405
2009-04-23,16.2629,16.5821,16.0473,16.5531,22826971.00878919
2009-04-24,16.9137,17.3946,16.8308,17.0837,20669683.85150203
2009-04-27,16.6982,17.1334,16.6028,17.0091,18766233.76623377
2009-04-28,16.7935,17.1003,16.7645,16.8723,13503869.86750623
2009-04-29,17.0174,17.4112,16.8888,17.2081,17126197.03528794
2009-04-30,17.4319,17.5065,16.7976,16.9966,16492063.49206349
2009-05-01,17.0588,17.6433,17.0049,17.6185,17468057.19532992
2009-05-04,17.8465,18.261,17.7221,18.1864,17117014.29883248
2009-05-05,18.3232,18.3605,17.7055,17.8092,12215400.76085531
2009-05-06,18.0745,18.518,17.9501,18.3232,16973501.24622852
2009-05-07,18.7543,18.8621,18.0081,18.1325,21243867.24386724
2009-05-08,18.5471,19.5959,18.5056,19.4466,27158467.79483143
2009-05-11,19.0445,19.0611,18.5927,18.7087,15694214.87603306
2009-05-12,18.9616,19.1482,18.6341,18.8497,15271940.18103109
2009-05-13,18.6424,19.0984,18.431,18.489,17994096.81227863
2009-05-14,18.3356,18.7253,18.2527,18.5471,11769644.49691722
2009-05-15,18.4393,18.5802,18.0662,18.2113,11650137.74104683
2009-05-18,18.4849,19.0404,18.4683,18.8704,13058900.69526433
2009-05-19,19.0114,19.285,18.9658,19.0279,13429096.15636888
2009-05-20,19.3953,19.6214,19.0853,19.1482,14060081.33280861
2009-05-21,18.922,18.9932,18.4823,18.7042,14154663.51829988
2009-05-22,18.8173,18.9178,18.5409,18.587,9248589.79404434
2009-05-26,18.4278,18.9094,18.3022,18.8592,12244785.51751279
2009-05-27,18.9053,19.3073,18.5367,18.6246,13650006.55909747
2009-05-28,18.7838,19.2152,18.7754,19.1021,18610783.1562377
2009-05-29,19.4539,19.5377,19.0351,19.1984,15305785.12396694
2009-06-01,19.6968,20.1826,19.567,20.0612,16424635.97009052
2009-06-02,20.1072,20.4004,20.0109,20.0737,17592024.13747868
2009-06-03,19.8015,19.8015,18.8257,19.1105,25084612.35733963
2009-06-04,19.3073,19.4246,18.9304,19.2529,24315886.13406795
2009-06-05,19.412,19.5293,18.7294,18.8466,21602256.32952906
2009-06-08,18.7461,18.9723,18.5199,18.855,16930080.02098911
2009-06-09,19.0644,19.2529,18.8047,19.077,16102977.83025056
2009-06-10,19.4455,19.4874,18.9513,19.1649,15465564.73829201
2009-06-11,19.2277,19.4748,19.0435,19.077,20213826.57746294
2009-06-12,18.8341,18.8676,18.3315,18.5828,25297520.66115703
2009-06-15,18.3566,18.3692,17.7786,18.0509,21712055.62114653
2009-06-16,18.3901,18.5199,18.0425,18.1221,19628623.90135117
2009-06-17,18.0509,18.1053,17.5734,17.8122,16510428.96497442
2009-06-18,17.787,17.9671,17.6069,17.9294,16455857.27403909
2009-06-19,18.1765,18.2728,17.9462,17.9964,19762167.12580349
2009-06-22,17.653,17.6739,16.9326,16.9326,22973370.06427916
2009-06-23,17.1965,17.3975,16.9787,17.2761,17925095.10691329
2009-06-24,17.5148,17.8247,17.385,17.4645,17701298.7012987
2009-06-25,17.3221,17.5902,17.163,17.4897,21806375.44273908
2009-06-26,17.519,17.5734,17.3054,17.431,10443263.80690017
2009-06-29,17.6949,17.8289,17.5315,17.6781,14673881.67388167
2009-06-30,17.6362,17.8247,17.3221,17.6153,22875770.69395251
2009-07-01,17.8582,17.9839,17.5902,17.6153,14460186.2783681
2009-07-02,17.3808,17.3975,17.1546,17.1546,15094451.00354191
2009-07-06,16.8028,17.1253,16.6437,17.1002,16882329.7914207
2009-07-07,17.0625,17.1044,16.5599,16.7484,20356421.35642136
2009-07-08,16.673,16.7861,16.1746,16.518,28227731.8640955
2009-07-09,16.6981,17.1588,16.6981,16.8824,19770300.40666404
2009-07-10,16.6185,16.6897,16.3589,16.6353,15697232.06086843
2009-07-13,16.74,17.0206,16.4007,17.0122,15718745.90056408
2009-07-14,17.1169,17.2719,16.8279,16.9829,17095631.64108619
2009-07-15,17.2049,17.5064,17.2007,17.4394,15944641.21736849
2009-07-16,17.3389,17.8415,17.3138,17.7451,14006165.5516201
2009-07-17,17.7703,17.9001,17.5902,17.7493,13548471.73028991
2009-07-20,17.9545,18.143,17.8247,18.0886,15459136.82277319
2009-07-21,18.2393,18.3985,18.009,18.2184,14437360.6191788
2009-07-22,17.9881,18.2812,17.854,18.076,12529319.1656828
2009-07-23,18.0341,18.5116,18.0341,18.4236,14783156.23770169
2009-07-24,18.3273,18.8927,18.3231,18.8257,15134592.68004723
2009-07-27,18.9346,19.1565,18.7796,18.9513,13680703.13524859
2009-07-28,18.7413,18.8852,18.4873,18.8047,15613275.61327561
2009-07-29,18.5804,18.5931,17.9329,18.1403,23788534.69762561
2009-07-30,18.3942,18.5804,18.1403,18.2799,16899252.26288863
2009-07-31,18.1995,18.555,18.026,18.5,15843499.93440903
2009-08-03,18.7243,19.1899,18.7243,19.0418,16187983.73343828
2009-08-04,18.9614,19.0756,18.8047,18.9825,10324281.77882723
2009-08-05,18.991,19.0121,18.6862,18.8725,10327167.78171324
2009-08-06,18.8894,18.9233,18.5466,18.6735,9709694.346057983
2009-08-07,18.9021,18.974,18.5889,18.6524,8551488.915125279
2009-08-10,18.6185,18.8344,18.555,18.7159,10663911.84573003
2009-08-11,18.6228,18.737,18.4365,18.4619,9898333.98924308
2009-08-12,18.4704,18.7032,18.4704,18.5762,13995802.17762036
2009-08-13,18.6355,18.7286,18.4619,18.7116,13086186.540732
2009-08-14,18.7116,18.7921,18.3053,18.5254,9806637.806637807
2009-08-17,18.1191,18.1191,17.8017,17.9286,12079627.44326381
2009-08-18,17.954,18.1191,17.8609,18.026,9562114.653023744
2009-08-19,17.8482,18.4704,17.7974,18.2503,12487340.9418864
2009-08-20,18.2334,18.4746,18.191,18.3053,10911452.18417946
2009-08-21,18.6185,18.754,18.4958,18.7074,19033320.2151384
2009-08-24,18.8344,19.2195,18.809,19.1772,20910665.09248328
2009-08-25,19.2534,19.3973,18.991,19.0587,14024531.02453103
2009-08-26,18.9021,19.3677,18.8344,19.2957,19009576.28230356
2009-08-27,19.2534,19.4185,18.864,19.355,18680178.40745114
2009-08-28,19.4523,19.5158,19.2407,19.3423,7779876.688967598
2009-08-31,19.1306,19.1899,18.9063,19.0587,11357339.6300669
2009-09-01,19.0375,19.2703,18.6228,18.6862,18589794.0443395
2009-09-02,18.9275,18.991,18.7201,18.7667,12604748.78656697
2009-09-03,18.8513,18.8682,18.5889,18.7159,8390135.117407845
2009-09-04,18.6524,19.0968,18.6524,19.0333,10379902.92535747
2009-09-08,19.3634,19.5708,19.3423,19.4692,10420044.60186278
2009-09-09,19.5285,19.592,19.2703,19.3973,12310770.03804277
2009-09-10,19.4862,19.6639,19.338,19.6301,12085399.44903581
2009-09-11,19.6809,19.7782,19.3507,19.4523,12406008.13328086
2009-09-14,19.118,19.7528,19.0587,19.719,13646202.28256592
2009-09-15,19.7613,19.7909,19.4904,19.6089,17164239.80060344
2009-09-16,19.7359,19.8248,19.6131,19.8036,14137216.3190345
2009-09-17,19.7359,19.9179,19.6174,19.8036,13306572.21566313
2009-09-18,19.9306,20.0195,19.6809,19.8078,13530762.1671258
2009-09-21,19.5285,19.6131,19.3804,19.5327,11350780.53259871
2009-09-22,19.7528,19.829,19.6216,19.7401,9162272.071362982
2009-09-23,19.7951,19.8036,19.3634,19.3973,15377672.83221829
2009-09-24,19.4015,19.4396,18.9614,19.0714,13705365.34172898
2009-09-25,19.0926,19.3211,19.0079,19.0714,10672963.40023613
2009-09-28,19.1391,19.4227,19.1264,19.338,10479338.84297521
2009-09-29,19.4862,19.4862,19.1095,19.1391,14274826.18391709
2009-09-30,19.2111,19.2619,18.8471,19.1137,16467270.10363374
2009-10-01,19.046,19.3931,18.9952,19.2576,26129607.7659714
2009-10-02,19.1306,19.9179,19.046,19.8078,33197691.1976912
2009-10-05,19.939,20.3411,19.8671,20.2565,21815295.81529582
2009-10-06,20.4977,20.6459,20.3242,20.4893,19749311.29476584
2009-10-07,20.3538,21.0564,20.3157,21.0352,31069001.70536534
2009-10-08,21.1411,22.0045,21.0352,21.759,35752853.20739866
2009-10-09,21.6236,21.6828,21.2807,21.4924,14980847.43539289
2009-10-12,21.7971,21.9622,21.6447,21.7378,11079365.07936508
2009-10-13,21.7294,21.7971,21.3315,21.5728,14061393.15230224
2009-10-14,21.7294,21.7844,21.45,21.5177,20174340.81070445
2009-10-15,21.4246,21.9622,21.3315,21.9114,19615636.88836416
2009-10-16,21.8013,22.1568,21.7632,21.9918,15300537.84599239
2009-10-19,22.1145,22.6013,22.0087,22.4658,16000393.54584809
2009-10-20,22.5716,22.6393,22.1145,22.3896,12877869.60514233
2009-10-21,22.2838,22.9018,22.123,22.4193,15989243.08015217
2009-10-22,22.3642,22.4235,21.9706,22.4023,12618654.07319953
2009-10-23,22.47,22.5293,21.8521,21.996,12952905.68017841
2009-10-26,22.068,22.5166,21.34,21.4754,20587170.40535222
2009-10-27,21.6907,21.9984,21.6052,21.7548,23968385.15020333
2009-10-28,21.7633,21.9258,21.0581,21.1522,32586645.67755477
2009-10-29,21.3915,22.0326,21.2718,21.9386,19753115.57129739
2009-10-30,21.8616,21.9728,21.2419,21.4471,19430407.97586252
2009-11-02,21.4471,21.8104,21.0624,21.3616,13943722.94372294
2009-11-03,21.0453,21.7633,20.9983,21.6907,15615112.16056671
2009-11-04,21.8274,22.2249,21.7975,21.9044,14466351.82998819
2009-11-05,22.0369,22.366,22.0112,22.2036,11041978.22379641
2009-11-06,21.9899,22.3916,21.93,22.2719,8958152.958152957
2009-11-09,22.5626,22.7506,22.5027,22.5882,10971533.51698806
2009-11-10,22.5498,22.9729,22.4686,22.9002,13311688.31168831
2009-11-11,23.0156,23.1182,22.6523,22.7207,13643578.64357864
2009-11-12,22.6523,22.7464,22.2207,22.319,12777908.95972714
2009-11-13,22.3532,22.7378,22.1608,22.5797,11480650.66246884
2009-11-16,22.7079,23.1353,22.6908,23.0114,11752722.0254493
2009-11-17,22.8831,23.0413,22.6994,22.9472,10171717.17171717
2009-11-18,22.9772,23.0626,22.6823,22.9002,9874590.05640824
2009-11-19,22.7378,22.7763,22.3916,22.4643,11749967.20451266
2009-11-20,22.3446,22.46,22.0668,22.2591,12531286.89492326
2009-11-23,22.5583,22.9387,22.289,22.3831,11918404.82749574
2009-11-24,22.3446,22.5669,22.1352,22.5156,12613537.97717434
2009-11-25,22.5369,22.6352,22.4301,22.6096,8520792.338974157
2009-11-27,21.8232,22.3019,21.7121,22.1907,6151121.60566706
2009-11-30,22.1095,22.3232,21.9215,22.1266,8965761.511216057
2009-12-01,22.6139,22.6139,22.2549,22.3361,9915912.370457824
2009-12-02,22.3916,22.3959,22.0497,22.1565,8130001.311819494
2009-12-03,22.1395,22.2078,21.8189,21.8702,10757313.39367703
2009-12-04,22.1181,22.3446,21.5838,21.6522,12164502.16450216
2009-12-07,21.5838,21.9471,21.5539,21.7206,8746687.655778565
2009-12-08,21.5411,21.5496,21.2804,21.3445,11911976.91197691
2009-12-09,21.4043,21.5838,21.2932,21.4642,10544798.63570773
2009-12-10,21.6009,21.789,21.477,21.7505,9881149.153876428
2009-12-11,21.8018,21.8787,21.618,21.7633,7902269.447723993
2009-12-14,21.8787,22.0711,21.742,21.836,11940574.57693821
2009-12-15,21.6308,21.8488,21.5197,21.6522,8785517.51279024
2009-12-16,21.7762,22.0198,21.7163,21.7377,8595959.595959596
2009-12-17,21.6009,21.7206,21.4342,21.4599,10750623.11425948
2009-12-18,21.6479,21.665,21.1137,21.2846,15381870.65459793
2009-12-21,21.4513,21.6266,21.4171,21.6266,10439590.71231799
2009-12-22,21.6565,21.7933,21.6009,21.7291,8396825.396825397
2009-12-23,21.6779,21.7548,21.5325,21.5753,6210678.210678211
2009-12-24,21.5796,21.7762,21.5454,21.742,2733175.914994097
2009-12-28,21.7975,21.9044,21.7291,21.8659,4792994.883903975
2009-12-29,21.9044,21.9599,21.6821,21.7121,5553456.644365735
2009-12-30,21.6095,21.7975,21.5838,21.7933,4983864.620228257
2009-12-31,21.8488,21.9599,21.7633,21.8274,6550964.187327824
2010-01-04,22.1266,22.5156,22.0241,22.4728,12086448.90463072
2010-01-05,22.5027,22.554,22.3147,22.4942,9442345.533254623
2010-01-06,22.3959,22.6823,22.3532,22.6566,10789584.15322052
2010-01-07,22.5284,22.6908,22.4386,22.5669,7132887.314705497
2010-01-08,22.4856,22.772,22.4087,22.7635,6607897.153351699
2010-01-11,22.8874,22.9686,22.678,22.896,8428964.97441952
2010-01-12,22.6523,22.6566,22.3446,22.4087,10626131.44431326
2010-01-13,22.3147,22.6352,22.2164,22.5498,8560015.741833923
2010-01-14,22.507,22.7164,22.4386,22.6438,8149022.69447724
2010-01-15,22.5797,22.678,22.4215,22.6609,10571166.20752984
2010-01-19,22.4344,22.9943,22.413,22.9558,10673750.49193231
2010-01-20,22.5711,22.7207,22.4429,22.678,11642529.18798373
2010-01-21,22.6652,22.7677,22.2506,22.3275,18572084.48117539
2010-01-22,22.2249,22.3061,21.5881,21.6266,16132231.40495868
2010-01-25,21.7804,22.0454,21.6479,21.6907,10290436.83589138
2010-01-26,21.5112,21.7975,21.353,21.5539,12634658.27102191
2010-01-27,21.5539,21.8146,20.9385,21.2889,14939787.48524203
2010-01-28,21.3915,21.4727,20.417,20.6649,17065066.24688443
2010-01-29,20.7931,20.8872,20.4213,20.5153,20262232.71677817
2010-02-01,20.7077,21.0795,20.6264,20.9726,11451659.45165945
2010-02-02,21.0966,21.4727,20.9427,21.4342,12877344.87734488
2010-02-03,21.2975,21.5881,21.2505,21.3659,12631509.90423718
2010-02-04,21.212,21.212,20.4769,20.5837,16185884.82224846
2010-02-05,20.4683,20.5581,19.9298,20.5068,18390003.93545848
2010-02-08,20.4769,20.6222,20.2161,20.2461,9082119.90030172
2010-02-09,20.494,21.5069,20.2589,20.7248,15926275.74445756
2010-02-10,20.7333,20.7931,20.4298,20.6264,11180375.18037518
2010-02-11,20.635,20.9897,20.4982,20.9,8860684.76977568
2010-02-12,20.6692,20.8701,20.4897,20.8017,11616161.61616162
2010-02-16,20.9769,21.4257,20.9769,21.3359,12659451.65945166
2010-02-17,21.3343,21.4811,20.9371,21.0709,14548734.09418864
2010-02-18,21.0192,21.2264,20.9544,21.1012,11737898.46517119
2010-02-19,21.0278,21.2523,20.9242,21.1142,11488652.76138003
2010-02-22,21.2825,21.2825,20.9544,21.0278,10503476.32165814
2010-02-23,20.9112,21.0062,20.5356,20.6608,13096681.0966811
2010-02-24,20.6651,20.9501,20.5658,20.8767,9671389.216843763
2010-02-25,20.5528,20.881,20.3585,20.8551,11141545.32336351
2010-02-26,20.8896,20.9544,20.704,20.7255,8876164.239800604
2010-03-01,20.8853,21.153,20.8421,21.1185,10684376.22983078
2010-03-02,21.2998,21.5546,21.2437,21.4639,11955135.77331759
2010-03-03,21.5114,21.5805,21.3041,21.3214,16329004.32900433
2010-03-04,21.3171,21.3905,21.1962,21.3041,12713892.16843762
2010-03-05,21.5243,21.8093,21.4725,21.7661,14211727.66627312
2010-03-08,21.8309,21.9648,21.7661,21.9043,7632559.359832087
2010-03-09,21.7877,22.0598,21.7446,21.9561,11590712.31798505
2010-03-10,21.9691,22.2886,21.9561,22.2238,14871048.14377542
2010-03-11,22.2238,22.2411,21.9993,22.1504,9441427.259609077
2010-03-12,22.2541,22.3534,22.0943,22.3145,9549783.54978355
2010-03-15,22.2066,22.4872,22.09,22.3016,12119375.57392103
2010-03-16,22.4225,22.5822,22.3491,22.5261,12735143.64423455
2010-03-17,22.6168,22.9622,22.5865,22.8758,15094975.73133937
2010-03-18,22.8413,22.8456,22.5261,22.7592,10310114.12829595
2010-03-19,22.8586,22.8758,22.3231,22.6124,12974157.15597534
2010-03-22,22.2109,22.5649,22.1677,22.4959,9839302.112029385
2010-03-23,22.4829,22.7117,22.3318,22.6729,9948970.221697494
2010-03-24,22.8499,22.8586,22.5434,22.6815,16677292.40456513
2010-03-25,22.7981,22.8154,22.2325,22.2497,13006559.09746819
2010-03-26,22.362,22.3706,21.8741,22.0295,15984651.71192444
2010-03-29,22.1979,22.2541,21.9604,22.0857,14556342.64725174
2010-03-30,22.0598,22.1893,21.9864,22.1332,11552276.00682146
2010-03-31,22.1116,22.2066,22.0079,22.0943,13155450.60999606
2010-04-01,22.28,22.4915,22.2368,22.4613,11091696.18260527
2010-04-05,22.6081,23.0183,22.4613,23.0054,11587957.49704841
2010-04-06,22.9492,23.0701,22.8413,23.014,9104945.559491014
2010-04-07,22.9622,22.9622,22.634,22.8456,12118850.84612357
2010-04-08,22.7333,23.3853,22.6772,23.2903,18282959.46477765
2010-04-09,23.4112,23.951,23.4069,23.8862,18043290.04329004
2010-04-12,23.9251,24.2532,23.8603,24.1625,17249639.24963925
2010-04-13,24.3439,24.5166,23.9337,24.0373,15078184.44182081
2010-04-14,24.1582,24.59,24.0503,24.5641,14270890.72543618
2010-04-15,24.5641,24.8232,24.4648,24.6375,12127771.21868031
2010-04-16,24.5339,24.6418,23.9812,24.2014,16066902.79417552
2010-04-19,23.951,24.508,23.9164,24.4561,12916043.55240719
2010-04-20,24.6289,24.875,24.5857,24.7843,10873540.60081333
2010-04-21,24.8448,24.8879,24.4259,24.7066,11094582.18549128
2010-04-22,24.4993,24.6202,24.1625,24.603,11600026.23638987
2010-04-23,24.5684,25.0995,24.4302,25.0822,13625606.71651581
2010-04-26,25.1125,25.2463,25.0693,25.1729,13555555.55555556
2010-04-27,24.8275,25.2549,23.4285,24.8448,22398137.21631904
2010-04-28,24.8663,25.3888,24.7929,25.2809,21443132.62495081
2010-04-29,25.4752,25.9717,25.4752,25.5183,16720057.72005772
2010-04-30,25.6004,25.6695,24.9613,25.5572,17067689.8858717
2010-05-03,25.6997,26.1358,25.6565,25.7774,15413091.9585465
2010-05-04,25.4838,25.5227,24.7109,25.0477,17167125.80348944
2010-05-05,24.508,24.6548,24.1194,24.508,17994752.72202545
2010-05-06,24.2964,24.5382,22.4527,23.7869,25121605.66706021
2010-05-07,23.558,24.0589,23.2256,23.6099,24418076.87262233
2010-05-10,24.3352,24.6116,24.1496,24.4691,17002361.27508855
2010-05-11,24.21,25.2204,24.1798,24.7325,15661812.93454021
2010-05-12,24.6979,25.0261,24.6159,24.9052,11652105.47028729
2010-05-13,24.7929,24.9484,24.5209,24.5857,13135642.13564214
2010-05-14,24.3741,24.4173,23.8517,24.1107,15100223.00931392
2010-05-17,24.2187,24.2618,23.4285,23.8301,15614980.97861734
2010-05-18,24.115,24.223,23.5537,23.6055,15095238.0952381
2010-05-19,23.4257,23.6613,23.0331,23.2774,17250163.97743671
2010-05-20,22.7408,22.863,22.1476,22.2174,29674406.40167913
2010-05-21,21.7768,22.4704,21.6982,22.4529,22754296.20884166
2010-05-24,22.4049,22.4704,21.8291,21.8596,16426341.33543225
2010-05-25,21.3885,21.8117,21.1617,21.7768,21480913.02636757
2010-05-26,21.9207,22.1127,21.5499,21.6241,16345664.43657353
2010-05-27,22.2043,22.7845,21.9469,22.7757,17245703.79115834
2010-05-28,22.8848,22.9371,22.5009,22.6231,13604224.05876951
2010-06-01,22.5838,22.7714,21.9251,21.9556,15332415.05968779
2010-06-02,22.3526,22.8979,22.1476,22.8979,16597796.14325069
2010-06-03,23.0113,23.0331,22.4747,22.6754,17631116.35838909
2010-06-04,22.2217,22.4006,21.6721,21.8378,17304866.8503214
2010-06-07,21.9513,22.0429,21.6154,21.6328,14576282.30355503
2010-06-08,21.6154,22.2479,21.6023,22.1781,18349337.53115571
2010-06-09,22.3875,22.6449,22.0603,22.1257,15906073.72425554
2010-06-10,22.6143,23.3777,22.1257,23.2818,17402990.94844549
2010-06-11,22.911,23.3385,22.911,23.3385,8439853.076216713
2010-06-14,23.622,23.8532,22.9939,23.0331,15002623.63898728
2010-06-15,23.2818,23.7136,23.2207,23.6875,13098517.64397219
2010-06-16,23.513,23.766,23.4083,23.7616,9792601.338055884
2010-06-17,23.8881,24.115,23.6395,24.0713,12761773.5799554
2010-06-18,24.2022,24.4334,24.0364,24.4334,12307096.94346058
2010-06-21,24.7737,24.8435,24.2022,24.3418,10240062.96733569
2010-06-22,24.2982,24.5119,23.6657,23.7573,12638331.36560409
2010-06-23,23.6787,23.8314,23.2556,23.3428,13748917.74891775
2010-06-24,23.2338,23.2905,22.6754,22.9066,17916568.28020464
2010-06-25,22.972,22.972,22.5489,22.6492,18698675.06231143
2010-06-28,22.7277,22.7321,22.3177,22.3308,10802833.53010626
2010-06-29,22.0123,22.0996,21.6241,21.7419,16002623.63898728
2010-06-30,21.6895,21.9382,21.3623,21.4147,15618654.07319953
2010-07-01,21.4801,21.6241,20.9654,21.3187,16881149.15387643
2010-07-02,21.4496,21.5325,21.118,21.2969,8654335.563426472
2010-07-06,21.7942,21.9207,21.2053,21.4627,13914731.73291355
2010-07-07,21.6503,22.3613,21.4932,22.3177,14116620.75298439
2010-07-08,22.7496,22.7583,22.2304,22.4878,10723861.99658927
2010-07-09,22.5314,22.8892,22.4224,22.815,10578512.39669422
2010-07-12,22.6972,22.9633,22.5882,22.7277,10716646.98937426
2010-07-13,23.0724,23.4039,22.9851,23.2163,10385019.02138266
2010-07-14,23.1596,23.321,22.8892,23.0331,8080939.262757445
2010-07-15,22.972,23.1334,22.7103,23.0593,8135379.771743408
2010-07-16,22.9459,23.0331,22.5096,22.6187,9839039.748130659
2010-07-19,22.7714,22.8063,22.4616,22.6143,8375311.557129739
2010-07-20,22.2479,23.0593,22.1606,22.972,11462809.91735537
2010-07-21,23.1509,23.1771,22.5314,22.7365,9665486.029122394
2010-07-22,23.0288,23.5086,22.9328,23.2381,10584809.13026368
2010-07-23,23.2207,23.4955,23.0157,23.465,9680965.499147318
2010-07-26,23.5522,23.8663,23.4563,23.7442,7347763.347763348
2010-07-27,23.875,23.971,23.6089,23.7485,9428964.97441952
2010-07-28,24.0085,24.0835,23.4709,23.7485,13471467.92601338
2010-07-29,24.0967,24.4801,23.8499,24.0438,12274170.27417027
2010-07-30,23.8411,24.577,23.7486,24.3347,13900301.71848354
2010-08-02,24.6784,25.4276,24.6431,25.3527,16519218.15558179
2010-08-03,24.9913,25.5113,24.9913,25.3659,11077659.71402335
2010-08-04,25.3615,25.573,25.1411,25.3042,12270234.81568936
2010-08-05,25.1191,25.4805,25.0662,25.4276,10356158.99252263
2010-08-06,25.1235,25.3571,24.7842,25.0882,12199790.10888102
2010-08-09,25.2293,25.3703,25.1587,25.2557,7699593.335956973
2010-08-10,24.9076,25.2425,24.8194,25.0618,11680703.13524859
2010-08-11,24.6564,24.6784,24.3259,24.4625,12614587.43276925
2010-08-12,24.1452,24.5198,24.0614,24.392,9602649.875377148
2010-08-13,24.176,24.4316,24.1672,24.2465,7569198.478289388
2010-08-16,24.1496,24.2245,23.9292,24.2069,8700773.973501246
2010-08-17,24.4052,24.7886,24.2069,24.6211,10393021.12029385
2010-08-18,24.6167,24.6476,24.2025,24.4228,6943329.397874853
2010-08-19,24.2862,24.3523,23.938,24.1099,8972845.3364817
2010-08-20,23.9204,24.0042,23.4841,23.7486,11834973.10770038
2010-08-23,23.8411,24.0482,23.6163,23.6692,7852157.943067034
2010-08-24,23.396,23.7838,23.3563,23.5458,12889282.43473698
2010-08-25,23.3563,23.6604,23.0611,23.5591,9431850.977305522
2010-08-26,23.6869,23.7265,22.9597,23.0963,11155975.33779352
2010-08-27,23.3387,23.7486,22.9597,23.5414,12269316.54204382
2010-08-30,23.4401,23.5943,23.2021,23.2109,7731208.185753641
2010-08-31,23.0302,23.2726,22.9157,23.1052,9458874.458874458
2010-09-01,23.7309,23.8896,23.4841,23.8235,10226813.59044995
2010-09-02,23.8455,24.013,23.6957,23.9865,5963531.418076873
2010-09-03,24.0879,24.3391,24.0791,24.2598,6972714.154532337
2010-09-07,24.0747,24.1408,23.6163,23.6472,10004329.004329
2010-09-08,23.6913,24.1496,23.6869,23.938,7014692.378328742
2010-09-09,24.2421,24.414,24.1055,24.1187,6775416.50268923
2010-09-10,24.3347,24.3699,24.0967,24.1275,6866850.321395776
2010-09-13,24.3567,24.533,24.2289,24.4052,8521710.612619704
2010-09-14,24.3038,24.555,24.1848,24.4008,6927194.018103109
2010-09-15,24.2686,24.5153,24.1187,24.4845,7342253.70589007
2010-09-16,24.4316,24.6211,24.2774,24.3964,6931916.568280205
2010-09-17,24.5198,24.5682,24.2686,24.3567,9685425.685425686
2010-09-20,24.4801,25.194,24.3787,25.0442,9486816.214088943
2010-09-21,25.0838,25.1367,24.8106,24.9076,9459923.914469369
2010-09-22,24.9516,25.1103,24.6696,24.7048,7120031.483667848
2010-09-23,24.4625,24.6696,24.2377,24.3347,8205562.114653024
2010-09-24,24.5065,24.9296,24.392,24.837,9268922.996195724
2010-09-27,24.9076,25.0221,24.6828,24.793,6926013.380558835
2010-09-28,24.8987,25.2865,24.7181,25.1587,11888101.79719271
2010-09-29,25.1323,25.4276,24.9648,25.2777,10847173.02899121
2010-09-30,25.5113,25.5554,25.0662,25.3086,10837727.92863702
2010-10-01,25.5466,25.5994,25.2689,25.4981,14992522.62888627
2010-10-04,25.3703,25.4805,25.031,25.2337,10031746.03174603
2010-10-05,25.4408,25.9388,25.4143,25.9079,14243342.51606979
2010-10-06,25.9211,26.3089,25.9123,26.3089,13317591.49940968
2010-10-07,26.4367,26.4411,26.0666,26.3133,10757313.39367703
2010-10-08,26.331,26.4147,26.1547,26.2693,10854781.58205431
2010-10-11,26.3045,26.4367,26.2296,26.3486,7387642.660369933
2010-10-12,26.2384,26.3618,25.952,26.2693,9888888.88888889
2010-10-13,26.4147,26.6571,26.3794,26.4984,11286763.7413092
2010-10-14,26.5601,26.732,26.4191,26.5822,9586776.859504133
2010-10-15,26.7408,26.8245,26.4411,26.7849,9778302.505575232
2010-10-18,26.7761,27.0801,26.6791,26.9964,10727928.63701955
2010-10-19,26.6174,26.7981,26.2384,26.4456,12887314.70549652
2010-10-20,26.5205,27.1859,26.3971,27.0008,11654204.38147711
2010-10-21,27.0405,27.2564,26.7144,26.9347,11089859.63531418
2010-10-22,27.089,27.2696,26.9788,27.1771,8624557.260920897
2010-10-25,27.3754,27.6001,27.0052,27.0317,11814115.17775154
2010-10-26,26.8225,28.2322,26.7692,27.0449,13133149.67860422
2010-10-27,26.6491,26.8937,26.4802,26.7158,14321395.77594123
2010-10-28,26.8492,26.8804,26.3334,26.4935,12790895.97271415
2010-10-29,26.4357,26.4713,26.1467,26.4135,9987800.07870917
2010-11-01,26.6047,26.7336,26.0533,26.2134,11675455.85727404
2010-11-02,26.369,26.5913,26.1467,26.3868,13073855.4374918
2010-11-03,26.2934,26.4357,25.9555,26.4179,12584415.58441558
2010-11-04,26.6892,27.3295,26.5958,27.2361,14296864.75141021
2010-11-05,27.2895,27.5207,27.2272,27.4851,10969303.42384888
2010-11-08,27.3473,27.7786,27.2806,27.7519,10548209.36639118
2010-11-09,27.9298,27.9921,27.4451,27.583,12691853.60094451
2010-11-10,27.5563,28.1343,27.4184,28.1077,12168044.07713499
2010-11-11,27.9698,28.0765,27.832,27.9654,9139708.776072413
2010-11-12,27.6941,27.8453,27.4629,27.7564,10337137.60986488
2010-11-15,27.7653,27.8142,27.5785,27.6007,9396169.487078577
2010-11-16,27.2539,27.2539,26.9026,27.0983,12281122.91748655
2010-11-17,27.1027,27.3206,26.9693,27.0405,7902138.26577463
2010-11-18,27.414,27.6586,27.3517,27.4584,7680834.317197954
2010-11-19,27.4051,27.5429,27.1739,27.534,9099042.371769644
2010-11-22,27.4807,27.4807,26.916,27.3428,7267217.630853995
2010-11-23,27.0004,27.0138,26.707,26.9115,7929948.839039748
2010-11-24,27.0271,27.3339,26.9915,27.325,6702085.792994884
2010-11-26,27.1116,27.2895,26.9693,27.0405,2958415.322051686
2010-11-29,26.8759,27.0805,26.4891,26.9827,7736324.281778827
2010-11-30,26.7292,27.0894,26.6892,26.7559,8822904.368358914
2010-12-01,27.3028,27.7831,27.2139,27.7697,12554243.73606192
2010-12-02,27.743,28.4056,27.703,28.3256,10493506.49350649
2010-12-03,28.3078,28.4856,28.25,28.4234,8027023.481568936
2010-12-06,28.4056,28.6546,28.3478,28.539,6774235.865144956
2010-12-07,28.788,28.9036,28.6013,28.6235,9578512.396694215
2010-12-08,28.6813,28.8681,28.4767,28.7302,8259346.713892169
2010-12-09,28.8814,28.8858,28.5657,28.7569,7754689.754689755
2010-12-10,28.8058,28.8725,28.6235,28.7169,7689361.143906599
2010-12-13,28.8503,29.4995,28.8147,29.1126,11542437.36061918
2010-12-14,29.0948,29.3483,28.9303,29.1927,9487865.669683851
2010-12-15,29.0948,29.1793,28.9303,28.957,8922077.922077922
2010-12-16,29.0459,29.2238,28.828,29.2016,7354715.991079628
2010-12-17,29.2016,29.2994,28.7524,28.9303,10929948.83903975
2010-12-20,29.0682,29.4194,29.0326,29.3439,9451528.269710088
2010-12-21,29.5039,29.7485,29.4283,29.6284,6825659.189295553
2010-12-22,29.7441,29.8641,29.6284,29.8063,7409550.045913683
2010-12-23,29.6729,29.8419,29.6551,29.8285,5510691.328873147
2010-12-27,29.7263,29.9308,29.6329,29.8597,5405745.769382133
2010-12-28,29.9219,30.1042,29.7307,30.0375,5646858.192312738
2010-12-29,30.0375,30.371,29.9931,30.2065,4963793.7819756
2010-12-30,30.2376,30.3755,30.1131,30.2376,4758756.395120032
2010-12-31,30.1887,30.4956,30.1621,30.2821,4984258.166076348
2011-01-03,30.5489,30.5978,30.2376,30.3444,8636757.182211729
2011-01-04,30.5089,30.5089,29.8374,30.1843,11705890.06952643
2011-01-05,30.0776,30.1398,29.9086,30.0375,11688836.41610914
2011-01-06,30.1042,30.1487,29.664,29.7796,8924570.379115835
2011-01-07,29.8463,30.0286,29.6196,29.8419,6852945.034763217
2011-01-10,29.7307,29.8374,29.5706,29.7396,5306309.851764397
2011-01-11,30.0464,30.3444,29.9708,30.3132,8737767.28322183
2011-01-12,30.5178,30.6779,30.3666,30.5445,6156106.519742884
2011-01-13,30.4022,30.5445,29.7707,29.9086,13366260.00262364
2011-01-14,29.9797,30.1621,29.6951,30.1131,8653548.47173029
2011-01-18,30.2021,30.3888,30.0642,30.2777,6327298.9636626
2011-01-19,30.3622,30.3666,29.9041,30.1354,6567493.112947659
2011-01-20,30.0153,30.0509,29.5795,29.8864,10454676.63649482
2011-01-21,30.1843,30.2243,29.8019,30.0865,10719664.17420963
2011-01-24,30.0998,30.3488,29.9353,30.2821,7554768.463859373
2011-01-25,30.2243,30.2821,29.6462,30.0064,10627967.99160436
2011-01-26,30.251,31.0425,30.0509,30.7935,13857011.67519349
2011-01-27,30.8646,31.0025,30.6023,30.8557,12367834.186016
2011-01-28,31.0025,31.8429,30.9758,31.376,22535222.35340417
2011-01-31,31.6828,31.9007,31.3493,31.7762,14886921.15964843
2011-02-01,31.8474,32.0208,31.8029,31.8874,14423324.15059688
2011-02-02,31.8607,32.3054,31.7495,32.0652,8858979.40443395
2011-02-03,32.0741,32.0741,31.6295,32.0297,7325593.598320871
2011-02-04,32.0252,32.1275,31.7006,31.8696,7635576.544667454
2011-02-07,31.8918,32.2609,31.8874,32.1453,6864882.59215532
2011-02-08,32.1275,32.1675,31.8562,32.0163,5679916.043552407
2011-02-09,31.8918,31.9052,31.2915,31.4205,10993309.72058245
2011-02-10,31.1715,31.3271,31.0381,31.1626,13982028.07293716
2011-02-11,31.0692,32.212,31.0158,31.8296,15048012.59346714
2011-02-14,31.9985,32.879,31.9852,32.8034,9704447.068083432
2011-02-15,32.7589,32.879,32.4966,32.6833,7917486.55385019
2011-02-16,32.9378,33.364,32.8885,33.3281,9729240.456513183
2011-02-17,33.4313,34.0908,33.3281,33.8799,10565000.65590975
2011-02-18,34.0728,34.4182,33.7408,34.3734,9937032.664305393
2011-02-22,34.8175,35.3245,34.001,34.3689,14594647.77646596
2011-02-23,34.49,35.7103,34.4855,35.2482,17395120.03148367
2011-02-24,35.4007,35.5488,34.324,34.6695,15855699.85569986
2011-02-25,34.6829,34.8534,34.4452,34.6695,9638200.18365473
2011-02-28,34.6695,35.145,34.5887,34.9342,8187852.551488915
2011-03-01,35.1271,35.486,34.7951,34.9162,12532861.07831562
2011-03-02,34.6246,35.3962,34.6246,35.1046,10909878.00078709
2011-03-03,35.2168,35.8045,35.1719,35.6878,10418470.41847042
2011-03-04,35.7641,36.3025,35.5533,35.8808,10950806.76898859
2011-03-07,36.1679,36.3383,35.4905,35.5308,9366915.912370458
2011-03-08,35.3693,35.4007,34.6112,35.136,10891118.98202807
2011-03-09,35.0732,35.3873,34.8803,35.0104,7751672.569854388
2011-03-10,34.5394,34.6022,33.512,33.7274,14035681.49022695
2011-03-11,33.0858,34.5125,32.9782,34.2298,8871179.32572478
2011-03-14,33.8709,34.1311,33.6646,34.0235,9943198.215925489
2011-03-15,32.5071,33.8934,31.9105,33.6376,15378591.10586383
2011-03-16,33.5973,33.8485,32.7,33.0814,14962613.14443133
2011-03-17,33.6735,34.6784,33.4403,34.4182,12190607.37242555
2011-03-18,34.9342,35.2572,33.8036,33.8036,15320871.04814378
2011-03-21,34.6156,34.979,34.3958,34.7906,13273645.54637282
2011-03-22,34.9028,34.9162,34.5439,34.6426,10472123.8357602
2011-03-23,34.4855,35.4097,34.4541,35.2347,11464252.91879837
2011-03-24,35.468,35.9122,35.3693,35.7551,11227075.95434868
2011-03-25,35.8224,36.2038,35.5308,35.9974,9061393.152302245
2011-03-28,35.9032,36.123,35.6968,35.6968,6018234.290961564
2011-03-29,35.4142,35.6475,35.1271,35.3559,10607897.1533517
2011-03-30,35.6789,36.2486,35.5802,36.1993,8892299.619572347
2011-03-31,36.2576,36.6972,35.8135,35.8269,9368883.641610915
2011-04-01,36.1051,36.2262,35.6071,35.7462,9020464.384100748
2011-04-04,35.8897,35.8897,35.5084,35.7462,7402728.584546767
2011-04-05,35.9346,36.1589,35.7103,36.0333,7719532.992260265
2011-04-06,36.2576,36.2935,36.0243,36.0826,8855962.219598584
2011-04-07,36.0333,36.2352,35.7955,36.0692,7585727.403909222
2011-04-08,36.2262,36.4191,36.0826,36.2441,10681096.68109668
2011-04-11,36.2127,36.6748,35.8897,35.9436,8053522.235340417
2011-04-12,35.4725,35.6116,34.2567,34.6156,15692378.32874197
2011-04-13,34.8848,35.0104,34.4855,34.84,8553063.098517643
2011-04-14,34.7233,35.2706,34.6336,35.1181,6645677.554768464
2011-04-15,35.3469,35.7776,35.1674,35.4949,8718089.990817264
2011-04-18,34.7278,35.0015,34.6112,34.8175,7836678.47304211
2011-04-19,34.7592,35.163,34.7592,35.0598,6693952.512134331
2011-04-20,35.6564,35.9615,35.5622,35.8852,7816738.816738817
2011-04-21,36.0109,36.2935,35.9032,36.2172,6722550.177095632
2011-04-25,36.3339,36.3383,35.7821,36.1051,6044864.226682409
2011-04-26,36.1544,36.5627,36.0692,36.4326,6875508.330053785
2011-04-27,36.0647,36.3294,35.1719,35.8135,12655909.74681884
2011-04-28,35.468,35.6161,34.5304,34.7457,15957103.50255805
2011-04-29,34.9207,35.4411,34.7323,35.4097,10506099.96064542
2011-05-02,35.3828,35.4321,34.5528,34.7547,10193755.73921029
2011-05-03,34.5304,34.5528,32.9288,33.4358,21735274.82618392
2011-05-04,33.4986,33.4986,32.4847,33.041,14611963.79378198
2011-05-05,32.6776,32.7314,31.9463,32.2873,15520529.97507543
2011-05-06,32.6686,33.3954,32.5251,32.7225,14728846.91066509
2011-05-09,32.9737,33.2473,32.8212,33.0724,11431063.88560934
2011-05-10,33.1487,33.5524,33.0006,33.4672,8386462.022825659
2011-05-11,33.1935,33.2832,32.3142,32.534,12230749.04893087
2011-05-12,32.4623,32.4802,31.7041,32.0854,15585989.76780795
2011-05-13,32.1617,32.2963,31.6772,32.045,9785386.330840876
2011-05-16,32.0181,32.3501,31.731,32.045,9471992.653810836
2011-05-17,31.7131,32.2335,31.7131,32.0944,10337268.79181425
2011-05-18,32.2159,32.9403,32.0756,32.6641,9808343.171979535
2011-05-19,32.9086,33.1169,32.6189,32.9131,8197428.83379247
2011-05-20,32.8679,33.1078,32.4966,32.8724,9446149.809786174
2011-05-23,32.388,32.4649,32.0711,32.2929,8601469.237832874
2011-05-24,32.5691,33.0716,32.5147,32.5555,8533910.533910533
2011-05-25,32.3019,32.7954,32.2703,32.5826,9018890.200708384
2011-05-26,32.5645,32.9177,32.397,32.7501,6892561.983471075
2011-05-27,33.0444,33.2074,32.7094,32.886,5149285.058375968
2011-05-31,33.4383,33.5515,32.9177,33.1485,8538501.902138267
2011-06-01,33.1304,33.2934,32.6234,32.7501,8628623.901351174
2011-06-02,32.723,32.9946,32.3382,32.6641,7637675.455857274
2011-06-03,32.0575,33.0489,32.0439,32.7728,8806244.260789717
2011-06-06,32.5509,32.8226,31.9624,32.1073,7632428.177882724
2011-06-07,32.2838,32.4559,32.0167,32.0846,9756657.483930212
2011-06-08,32.0982,32.723,32.0982,32.3517,9788928.243473697
2011-06-09,32.5736,33.1033,32.3246,32.8271,8092089.728453365
2011-06-10,32.6958,32.8045,32.3246,32.3653,8768988.587170405
2011-06-13,32.397,32.6415,31.804,32.0303,8536796.536796536
2011-06-14,32.3789,32.895,32.3789,32.5374,8432244.523153614
2011-06-15,32.1661,32.5147,31.727,31.9488,9377016.922471467
2011-06-16,32.0031,32.7049,31.9398,32.4242,10019677.29240457
2011-06-17,32.7003,33.0263,32.2838,32.5645,9429358.520267611
2011-06-20,32.3201,32.9493,32.1752,32.7185,9834710.743801653
2011-06-21,33.0444,33.5696,32.972,33.3794,8326774.235865145
2011-06-22,33.2527,33.6465,33.1712,33.1802,8914207.005116096
2011-06-23,32.5781,33.0671,32.1435,33.0489,10973107.70038043
2011-06-24,32.9403,33.135,32.2974,32.3382,10707988.98071625
2011-06-27,32.2884,32.6822,32.2657,32.4966,9051816.869998688
2011-06-28,32.6913,33.2165,32.6732,33.1667,7899514.626787354
2011-06-29,33.3613,33.7326,33.2844,33.5107,9809523.80952381
2011-06-30,33.6601,34.0766,33.6511,34.0404,8321395.775941231
2011-07-01,34.0766,34.4071,33.7597,34.3347,9218811.491538765
2011-07-05,34.3664,34.629,34.1943,34.3392,9340548.34054834
2011-07-06,34.3664,34.475,34.2124,34.4207,7539551.357733176
2011-07-07,34.7512,34.8598,34.5248,34.7467,7022694.477239932
2011-07-08,34.1083,34.3845,34.0042,34.3664,8982815.164633347
2011-07-11,33.8774,33.9861,33.6873,33.8186,7920897.284533648
2011-07-12,33.5424,34.0495,33.47,33.6556,7615899.252262889
2011-07-13,33.7235,34.0947,33.4971,33.6828,9073199.527744982
2011-07-14,36.2723,36.2769,34.1808,34.2306,48923914.46936902
2011-07-15,34.715,34.8734,34.475,34.5973,22759018.75901876
2011-07-18,34.5656,34.6063,34.0495,34.1536,12945953.03686213
2011-07-19,34.4026,34.5792,33.8186,34.1491,12867899.77699069
2011-07-20,34.3148,34.3742,33.954,34.0042,10543093.270366
2011-07-21,34.164,34.7121,34.0316,34.6253,10420175.78381215
2011-07-22,34.5797,34.6436,34.2919,34.3741,9829332.28387774
2011-07-25,34.059,34.3741,33.9494,34.0499,10263019.80847435
2011-07-26,34.0818,34.1184,33.5611,33.6205,11264200.44601863
2011-07-27,33.8854,34.0225,33.3967,33.4013,11293322.83877738
2011-07-28,33.3419,33.5794,33.1364,33.2369,9712973.894792076
2011-07-29,32.8943,33.2049,32.634,32.8806,11548471.73028991
2011-08-01,33.552,33.552,32.6294,32.8806,9889675.980585072
2011-08-02,32.6614,33.0816,32.2457,32.2594,11866850.32139578
2011-08-03,32.264,32.5472,31.6885,32.2275,14854388.03620622
2011-08-04,31.7114,31.7479,30.501,30.5649,19120556.2114653
2011-08-05,30.6563,31.6291,29.8022,30.944,23509379.50937951
2011-08-08,29.7702,30.8161,28.2401,28.2813,30511871.96641742
2011-08-09,28.7289,29.4962,27.587,29.487,26617735.79955398
2011-08-10,29.4231,29.7657,28.3406,28.6421,18759412.30486685
2011-08-11,28.7928,30.3366,28.5005,29.9255,18559228.65013774
2011-08-12,30.4462,30.6563,29.8342,30.1676,13146005.50964187
2011-08-15,30.67,31.1724,30.501,30.8207,11980060.34369671
2011-08-16,30.5238,30.6289,30.0306,30.3914,11478814.11517775
2011-08-17,30.7339,30.8801,30.3137,30.5193,9052079.233897416
2011-08-18,29.9164,29.9255,28.8156,29.1354,19303817.39472649
2011-08-19,28.8111,29.6606,28.7745,29.044,16752066.11570248
2011-08-22,29.8616,30.0032,28.7837,28.9253,10882198.60947134
2011-08-23,29.012,30.0169,28.9983,30.0123,13703135.24858979
2011-08-24,29.7565,30.2407,29.6012,30.1996,9345926.800472256
2011-08-25,30.4005,30.5467,29.4596,29.5875,9033582.579037124
2011-08-26,29.3592,30.1539,29.0029,29.9209,9270103.633739999
2011-08-29,30.4919,30.9851,30.4097,30.9577,9250557.523284797
2011-08-30,30.5238,31.2089,30.2452,30.9851,12495474.22274695
2011-08-31,31.1952,31.4008,30.8527,31.0902,9838383.838383839
2011-09-01,31.3597,31.4556,30.8892,31.0445,10512790.24006297
2011-09-02,30.3366,30.5649,30.0214,30.3457,10482356.02781057
2011-09-06,29.3272,30.0671,29.1399,30.0077,13576544.66745376
2011-09-07,30.4919,30.7796,30.3137,30.7431,9865144.956054047
2011-09-08,30.6015,30.8299,29.8616,30.0899,12695001.96772924
2011-09-09,29.6697,30.0351,29.1719,29.3363,13090121.99921291
2011-09-12,28.9664,29.3455,28.7517,29.3409,14598714.41689624
2011-09-13,29.4414,29.8159,29.1354,29.5784,9662075.298438935
2011-09-14,29.7017,30.5467,29.3774,30.131,11461235.73396301
2011-09-15,30.3685,30.6198,30.1721,30.5649,11406270.49717959
2011-09-16,30.7796,30.8299,30.2589,30.7339,12821330.18496655
2011-09-19,30.0945,30.702,29.8661,30.4964,9887970.615243344
2011-09-20,30.6426,31.1633,30.4645,30.606,9900826.446280992
2011-09-21,30.5238,30.6928,29.6652,29.6652,11508985.96353142
2011-09-22,28.77,28.9207,28.2401,28.7152,19068739.34146661
2011-09-23,28.2538,28.8841,28.2264,28.5507,10849271.94018103
2011-09-26,28.7471,29.3272,28.2219,29.2906,11929555.29319166
2011-09-27,29.8844,30.1219,29.1765,29.35,11241505.9687787
2011-09-28,29.2313,29.9301,28.7928,28.8796,11102453.1024531
2011-09-29,29.5327,29.5373,28.8065,29.4003,12127771.21868031
2011-09-30,28.7517,29.5236,28.7106,28.9207,11256591.89295553
2011-10-03,28.6421,28.7334,27.8382,27.8565,13880099.69828152
2011-10-04,27.4363,28.4776,26.7877,28.4411,15440246.6220648
2011-10-05,28.8293,29.2358,28.4228,29.1765,15402072.67479995
2011-10-06,28.8659,29.4277,28.738,29.3911,11419257.5101666
2011-10-07,29.5784,29.7245,28.9801,29.3043,10574839.30211203
2011-10-10,29.9803,30.6472,29.889,30.5786,9626787.354060082
2011-10-11,30.3046,30.7705,30.2726,30.6106,10418995.14626787
2011-10-12,30.9251,31.2987,30.6853,30.9897,10009182.73645546
2011-10-13,30.5377,31.045,30.4824,30.9205,9545979.273252001
2011-10-14,31.3633,31.8199,31.2803,31.8199,8415584.415584415
2011-10-17,31.6954,31.8983,31.2664,31.5201,7396300.669027942
2011-10-18,31.4094,32.2857,31.3126,31.9214,12065066.24688443
2011-10-19,31.9859,32.5948,31.8522,32.0828,10272464.90882855
2011-10-20,32.0459,32.5717,31.8245,32.4103,10146661.41938869
2011-10-21,32.7516,33.2082,32.6916,33.1298,10499147.31732914
2011-10-24,33.1252,33.3973,32.9084,33.2635,8709431.982159255
2011-10-25,33.2958,33.2958,32.4933,32.5994,13522497.70431589
2011-10-26,33.2912,33.425,32.3595,33.1575,10619834.7107438
2011-10-27,33.7755,33.9923,33.4157,33.6002,14159779.61432507
2011-10-28,33.5633,33.6556,32.9822,33.0883,14606847.69775679
2011-10-31,32.5948,32.6962,32.1243,32.1243,11197953.56158993
2011-11-01,31.3218,31.7599,31.0174,31.3264,13979797.97979798
2011-11-02,31.926,32.2212,31.64,31.8706,9441558.441558441
2011-11-03,32.1981,32.6409,31.8015,32.5164,10781975.60015742
2011-11-04,32.2073,32.6732,32.0874,32.6132,7502295.684113866
2011-11-07,32.6686,33.1482,32.4887,33.0145,7337793.519611702
2011-11-08,33.1944,33.6556,32.83,33.5495,9261576.807031352
2011-11-09,32.6639,33.079,32.2396,32.3872,9940574.576938214
2011-11-10,32.8346,33.1252,32.3549,32.9499,7396956.578774761
2011-11-11,33.3373,33.5679,33.199,33.2728,7686081.595172505
2011-11-14,33.1206,33.2635,32.8115,33.0698,5220254.492981766
2011-11-15,33.0099,33.4388,32.9407,33.2036,7786960.514233242
2011-11-16,32.8346,32.9776,32.0136,32.175,11869998.68818051
2011-11-17,32.1105,32.6962,31.8153,32.0828,10608421.88114915
2011-11-18,32.2442,32.2811,31.7507,31.949,9142988.324806508
2011-11-21,31.4048,31.9168,31.3033,31.7553,9373868.555686738
2011-11-22,31.6769,31.7922,31.3218,31.4279,7991210.809392628
2011-11-23,31.0312,31.2526,30.8698,30.8698,10390266.29935721
2011-11-25,30.7914,30.9805,30.5008,30.5054,4850583.759674669
2011-11-28,31.4002,31.4878,30.7591,31.0266,11595041.32231405
2011-11-29,31.1327,31.5893,31.0266,31.4279,9875377.148104422
2011-11-30,32.4564,32.9176,32.2904,32.8946,11417027.41702742
2011-12-01,32.8577,33.1575,32.7562,33.0975,8021251.475796931
2011-12-02,33.4342,33.7248,33.1344,33.4619,13485766.75849403
2011-12-05,33.7709,34.0845,33.3604,33.5864,11096681.0966811
2011-12-06,33.6279,33.8078,33.4573,33.4573,10391971.66469894
2011-12-07,33.2866,33.6141,33.0468,33.3973,10481175.3902663
2011-12-08,33.222,33.3604,32.6547,32.7562,9099960.64541519
2011-12-09,32.9268,33.3742,32.9038,33.1851,8570641.479732389
2011-12-12,32.8161,32.9315,32.1704,32.5071,8478551.751279024
2011-12-13,32.7055,33.0468,32.0828,32.2166,11225895.31680441
2011-12-14,31.9629,32.2627,31.4371,31.6031,10995933.35956972
2011-12-15,31.8245,31.9767,31.3448,31.497,8409943.591761773
2011-12-16,31.8706,31.8753,31.3541,31.5478,11887970.61524334
2011-12-19,31.3817,31.7092,31.2019,31.2941,7422668.240850059
2011-12-20,32.0136,32.2857,31.8845,32.1843,7843368.752459662
2011-12-21,32.2673,32.6455,32.1658,32.5717,8013380.558835105
2011-12-22,32.6224,33.1667,32.5625,33.0883,7788403.515676243
2011-12-23,33.1528,33.4111,33.1298,33.4065,4949101.403646858
2011-12-27,33.2958,33.7478,33.2958,33.6417,5149153.876426604
2011-12-28,33.6417,33.7202,33.0929,33.1252,5991604.355240719
2011-12-29,33.1667,33.6279,33.1667,33.6095,4956578.774760593
2011-12-30,33.6325,33.7617,33.5357,33.6095,4762167.12580349
2012-01-03,34.1768,34.5135,34.0937,34.209,8873015.873015873
2012-01-04,34.0845,34.1722,33.7939,34.0476,6653286.107831563
2012-01-05,33.7893,33.8862,33.4988,33.7755,8365735.274826184
2012-01-06,33.8816,33.9,33.4803,33.5126,6543224.452315362
2012-01-09,33.5587,33.6833,33.4296,33.6417,6223927.587563951
2012-01-10,33.9231,34.0476,33.7155,33.7986,6018759.018759019
2012-01-11,33.6141,33.6833,33.1851,33.2128,8998688.180506364
2012-01-12,32.9038,33.0698,32.5948,32.6363,11617473.43565525
2012-01-13,32.4656,32.6962,32.3088,32.4426,10502033.32021514
2012-01-17,32.747,32.8669,32.5117,32.6547,7538633.08408763
2012-01-18,32.6962,33.0837,32.5164,32.9776,8310770.038042766
2012-01-19,33.056,33.1113,32.6593,32.8715,10112160.56670602
2012-01-20,32.7608,32.8392,32.4795,32.8392,8894267.348812804
2012-01-23,32.6455,32.7654,32.4702,32.544,11161091.43381871
2012-01-24,32.3595,32.7147,32.295,32.5671,9764659.582841402
2012-01-25,32.9822,33.0329,31.8291,32.2765,20368490.09576282
2012-01-26,32.4748,32.5117,31.9906,32.069,11678210.67821068
2012-01-27,31.8614,32.175,31.7277,32.009,8984520.529975075
2012-01-30,31.783,31.8522,31.4786,31.6954,13531418.07687262
2012-01-31,31.8291,31.9029,31.3633,31.4601,17786960.51423324
2012-02-01,31.7369,32.1243,31.6124,31.9721,12674275.21972977
2012-02-02,31.9168,32.318,31.9168,32.2442,10724649.08828545
2012-02-03,32.5625,32.5901,32.3134,32.4979,12082775.81004854
2012-02-06,32.3964,32.913,32.378,32.8946,8087367.178276269
2012-02-07,32.9684,33.2681,32.8715,33.1713,10120425.02951594
2012-02-08,33.3419,33.4065,33.079,33.3235,7048406.13931523
2012-02-09,33.3189,33.4388,32.8577,33.0006,7723468.450741178
2012-02-10,33.0606,33.425,32.9545,33.3235,13830512.92142201
2012-02-13,33.5218,33.6279,33.199,33.5818,9243342.516069788
2012-02-14,33.4942,34.0891,33.4895,33.9462,9608421.881149154
2012-02-15,34.1283,34.1329,33.7234,33.877,10929686.47514102
2012-02-16,33.9375,33.9514,33.5744,33.8723,10009182.73645546
2012-02-17,34.0445,34.2167,33.9514,34.1422,9745638.200183654
2012-02-21,34.4168,34.5006,34.2632,34.361,10710350.2558048
2012-02-22,34.4541,34.6681,34.3982,34.5006,7919979.010888102
2012-02-23,34.6123,34.9055,34.5332,34.8171,9275482.093663912
2012-02-24,34.9381,35.4873,34.9055,35.3476,9892693.165420437
2012-02-27,35.3197,35.7619,35.2313,35.571,9339105.33910534
2012-02-28,35.7246,36.0364,35.5571,35.962,11888888.88888889
2012-02-29,35.9899,36.1714,35.3988,35.6269,11972189.42673488
2012-03-01,35.9015,36.4134,35.841,36.4041,10918011.28164765
2012-03-02,36.2645,36.3902,36.0225,36.1388,8664436.573527483
2012-03-05,35.9201,36.1761,35.7339,36.0969,8497966.679784862
2012-03-06,35.5105,35.7014,35.3383,35.5803,10537452.44654336
2012-03-07,35.5803,36.069,35.5059,35.8456,8443919.71664699
2012-03-08,36.0504,36.1388,35.9015,35.9387,7542568.542568543
2012-03-09,35.9434,36.3017,35.8736,35.9108,10403122.13039486
2012-03-12,35.9154,36.2086,35.827,35.9806,8183785.911058639
2012-03-13,36.1528,36.2133,35.8549,36.19,10702085.79299488
2012-03-14,36.1668,36.3529,35.9666,36.0737,10000131.18194936
2012-03-15,36.0876,36.1621,35.4314,35.6641,11060999.60645415
2012-03-16,35.7898,36.0644,35.7386,35.9201,10667716.12226158
2012-03-19,35.9434,36.4367,35.8456,36.3343,7205955.660501115
2012-03-20,36.0737,36.2971,35.8875,36.1016,8432113.34120425
2012-03-21,36.1947,36.2133,35.827,35.9713,8719664.174209628
2012-03-22,35.7712,35.8363,35.2406,35.3197,10669552.66955267
2012-03-23,35.3756,35.7805,35.1615,35.6083,9083038.173947265
2012-03-26,35.8596,36.0411,35.8037,36.0039,6895054.440508986
2012-03-27,36.0597,36.069,35.7432,35.7619,7230486.68503214
2012-03-28,35.5943,35.7386,35.1429,35.3616,9068476.977567887
2012-03-29,34.9986,35.3011,34.6449,35.2778,9277581.004853733
2012-03-30,35.4593,35.6362,35.2964,35.3756,7136822.77318641
2012-04-02,35.3244,35.9806,35.3151,35.7758,7014561.196379378
2012-04-03,35.6688,35.72,35.222,35.5152,8057851.239669422
2012-04-04,35.2453,35.72,35.0917,35.4547,9100091.827364555
2012-04-05,35.3988,35.5338,35.0219,35.0731,7714416.896235078
2012-04-09,34.7473,35.1336,34.7193,34.9288,7898989.898989899
2012-04-10,34.8822,35.0219,34.1795,34.2958,11663255.93598321
2012-04-11,34.6216,34.8031,34.1702,34.2307,11039092.2209104
2012-04-12,34.1981,34.7845,34.1981,34.6868,10243998.42581661
2012-04-13,34.5192,34.7426,34.2679,34.2679,8292535.747081202
2012-04-16,34.3424,34.6821,34.2632,34.361,8177751.541387905
2012-04-17,34.6263,34.7566,34.5425,34.5611,7171979.535615899
2012-04-18,34.1236,34.361,34.0538,34.1097,8939525.121343303
2012-04-19,34.0631,34.1562,33.6489,33.9235,8527482.61839171
2012-04-20,34.0259,34.226,33.8211,33.9188,8611832.611832611
2012-04-23,33.3883,33.8444,33.2161,33.6629,9014954.74222747
2012-04-24,33.5744,33.7141,33.4255,33.4534,10554243.73606192
2012-04-25,33.6117,33.6117,32.8251,33.0532,12510560.14692378
2012-04-26,33.0765,33.6768,33.0066,33.5977,9692378.328741966
2012-04-27,33.6815,33.742,25.5369,25.5369,6178800.996982815
2012-04-30,33.5093,33.6489,33.2347,33.3371,8386462.022825659
2012-05-01,34.1897,34.6415,33.86,34.501,13988700.0
2012-05-02,34.0859,34.0859,33.2311,33.3288,13707000.0
2012-05-03,33.3777,33.5547,32.8526,33.1273,11180700.0
2012-05-04,32.8465,32.9686,32.3336,32.4619,11044200.0
2012-05-07,31.8941,32.6206,31.8269,32.5718,11574700.0
2012-05-08,32.2604,33.2678,32.1932,33.1579,12953200.0
2012-05-09,32.7732,32.9259,32.1627,32.645,10107400.0
2012-05-10,33.0235,33.3349,32.8587,33.1029,7673100.0
2012-05-11,32.9808,33.2739,32.6206,32.6633,8763000.0
2012-05-14,32.0894,32.4619,32.0589,32.3153,8901100.0
2012-05-15,32.3581,32.4313,31.9979,32.0711,7493600.0
2012-05-16,32.2954,32.4314,31.9429,31.9429,9566400.0
2012-05-17,32.0295,32.2026,31.6399,31.6523,8064000.0
2012-05-18,31.7389,31.912,31.3246,31.4235,12103700.0
2012-05-21,31.4235,32.0789,31.4111,32.0109,8682700.0
2012-05-22,32.1531,32.4314,31.7574,31.9491,8275200.0
2012-05-23,31.7203,32.2273,31.5163,32.2088,8042500.0
2012-05-24,32.3757,32.3943,31.8873,32.2397,6730300.0
2012-05-25,32.3325,32.4252,32.1346,32.2212,5383300.0
2012-05-29,32.8704,33.0806,32.5922,32.9384,9267500.0
2012-05-30,32.5798,32.6478,32.0975,32.1779,8269900.0
2012-05-31,32.2706,32.5489,31.745,32.2521,9071900.0
2012-06-01,31.844,31.9305,31.4668,31.6523,14392400.0
2012-06-04,31.7821,31.8563,31.2998,31.7203,8490100.0
2012-06-05,32.0171,32.1531,31.7512,32.0728,8920900.0
2012-06-06,32.4747,33.1301,32.4005,33.1301,8130700.0
2012-06-07,33.7051,33.7546,33.2352,33.2723,8731200.0
2012-06-08,33.2476,33.5629,33.1239,33.3713,8094200.0
2012-06-11,33.7051,33.8659,33.2661,33.3156,8626900.0
2012-06-12,33.6,33.8535,33.3527,33.8288,6599900.0
2012-06-13,33.7793,33.9092,33.2909,33.4516,8400200.0
2012-06-14,33.4084,33.9401,33.2661,33.8103,8881500.0
2012-06-15,33.8721,34.2926,33.8288,34.2926,9645800.0
2012-06-18,34.0081,34.1565,33.7299,34.0514,8278600.0
2012-06-19,34.3173,34.6265,34.1936,34.4039,8560000.0
2012-06-20,34.1256,34.3482,33.3836,33.6619,10896900.0
2012-06-21,33.464,33.6866,32.5736,32.6231,11685700.0
2012-06-22,32.889,33.2043,32.6169,33.025,8776100.0
2012-06-25,32.6602,32.8024,32.3325,32.7467,6337600.0
2012-06-26,33.0745,33.3218,32.7715,33.1672,6951400.0
2012-06-27,33.3218,33.7608,33.229,33.668,8268000.0
2012-06-28,33.4331,33.767,33.1796,33.7175,6833000.0
2012-06-29,34.4348,34.5523,34.1627,34.5523,6764900.0
2012-07-02,34.6079,34.6883,34.1256,34.4595,5554600.0
2012-07-03,34.6326,34.9171,34.5152,34.88,5374300.0
2012-07-05,34.7687,34.8181,34.1256,34.1813,6381800.0
2012-07-06,33.8659,33.9525,33.5444,33.8535,5730600.0
2012-07-09,33.8041,33.8535,33.4207,33.5938,5867600.0
2012-07-10,33.7917,33.8535,32.9137,33.0683,6483000.0
2012-07-11,33.0806,33.7917,33.0126,33.6124,6810000.0
2012-07-12,33.2971,33.5444,33.0806,33.3774,5972700.0
2012-07-13,33.5382,34.039,33.4578,33.9958,4789600.0
2012-07-16,33.9525,34.3915,33.7608,34.2926,5478600.0
2012-07-17,34.577,34.8491,34.0576,34.7996,6313400.0
2012-07-18,34.7522,35.1776,34.6334,35.1026,5403500.0
2012-07-19,35.2965,35.3841,35.0025,35.2652,6710200.0
2012-07-20,35.0775,35.0775,34.7272,35.0275,6914300.0
2012-07-23,34.2955,34.527,34.0015,34.4394,7068400.0
2012-07-24,34.4394,34.4895,33.6762,34.1829,6406600.0
2012-07-25,33.9452,34.1579,33.0569,33.3071,11664500.0
2012-07-26,33.8013,34.1141,33.3571,34.0328,10221400.0
2012-07-27,34.3268,34.5083,34.0828,34.3894,8664400.0
2012-07-30,34.3706,34.5083,34.1329,34.3206,5295700.0
2012-07-31,34.3143,34.4707,33.8826,34.0578,8066000.0
2012-08-01,34.1829,34.6709,33.9577,34.5458,6950600.0
2012-08-02,34.1704,34.5395,33.9014,34.1892,7520800.0
2012-08-03,34.7585,35.0275,34.6647,34.8523,6045100.0
2012-08-06,34.99,35.2777,34.9086,34.9649,5310400.0
2012-08-07,35.2465,35.4717,35.1839,35.3153,7207300.0
2012-08-08,35.0525,35.8783,35.0525,35.7657,9060000.0
2012-08-09,35.7657,35.8908,35.5655,35.7157,4716300.0
2012-08-10,35.5342,35.8596,35.3966,35.8345,4311000.0
2012-08-13,35.9471,36.066,35.6844,35.8533,5163100.0
2012-08-14,36.0785,36.1348,35.7907,35.8783,4043400.0
2012-08-15,35.8846,35.9722,35.7032,35.8095,3815200.0
2012-08-16,35.8408,36.0848,35.797,36.0034,4542700.0
2012-08-17,36.1223,36.1411,35.8158,35.9033,4748000.0
2012-08-20,35.8721,35.8908,35.578,35.6781,4777200.0
2012-08-21,35.7282,35.847,35.3904,35.4279,5339800.0
2012-08-22,35.3403,35.5217,35.1589,35.4592,3904900.0
2012-08-23,35.4404,35.4404,35.0713,35.1339,3962700.0
2012-08-24,35.0775,35.3153,34.8961,35.259,3544300.0
2012-08-27,35.2965,35.5155,35.2402,35.2715,2963900.0
2012-08-28,35.309,35.4279,35.2027,35.3215,3690400.0
2012-08-29,35.2715,35.3841,35.1339,35.2527,3596000.0
2012-08-30,35.1151,35.2465,35.0212,35.1026,3500800.0
2012-08-31,35.3904,35.7407,35.3716,35.528,4661300.0
2012-09-04,35.6343,35.6594,35.0338,35.1651,4843100.0
2012-09-05,35.1213,35.1464,34.3018,34.3268,7963900.0
2012-09-06,34.5771,35.1464,34.5771,34.9024,5855300.0
2012-09-07,35.0525,35.4592,35.0338,35.4341,4995400.0
2012-09-10,35.5092,35.5092,35.1276,35.1464,4316600.0
2012-09-11,35.2965,35.5342,35.2527,35.2652,4688300.0
2012-09-12,35.5593,35.5593,35.259,35.3716,4201400.0
2012-09-13,35.4529,36.2662,35.0963,36.066,6912400.0
2012-09-14,36.2161,36.848,36.2161,36.4163,7570600.0
2012-09-17,36.3475,36.7542,36.2975,36.4726,6549500.0
2012-09-18,36.4726,36.5289,36.0347,36.1724,5376000.0
2012-09-19,36.1035,36.2099,35.822,35.8533,4661500.0
2012-09-20,35.7282,36.1348,35.5155,36.0285,5514800.0
2012-09-21,36.1348,36.1911,35.7407,35.8846,8586800.0
2012-09-24,35.7219,36.3225,35.6906,36.2599,6671000.0
2012-09-25,36.3225,36.335,35.8783,35.9159,6373100.0
2012-09-26,35.8345,35.9534,35.5843,35.6656,5720800.0
2012-09-27,35.847,35.9471,35.6719,35.9033,3802700.0
2012-09-28,35.7469,35.8596,35.553,35.772,3951600.0
2012-10-01,35.9596,36.1911,35.8158,35.9159,4509400.0
2012-10-02,36.0973,36.1724,35.6844,35.8908,4493600.0
2012-10-03,35.8596,35.9033,35.4029,35.5155,5814700.0
2012-10-04,35.7407,35.9409,35.5405,35.9096,4004000.0
2012-10-05,36.041,36.3037,35.9159,36.0222,4080600.0
2012-10-08,35.8908,36.091,35.8283,36.0472,2219800.0
2012-10-09,36.1035,36.4289,36.0472,36.1598,4468200.0
2012-10-10,36.1006,36.1829,35.7399,35.8095,5901600.0
2012-10-11,36.126,36.126,35.8412,35.8412,5479600.0
2012-10-12,35.9677,36.0057,35.3791,35.55,5288600.0
2012-10-15,35.6639,36.0057,35.3728,35.9424,4294100.0
2012-10-16,36.2462,36.5816,36.05,36.4677,5041200.0
2012-10-17,36.3728,36.8854,36.3032,36.7842,4148800.0
2012-10-18,36.8664,37.0373,36.7715,36.8728,4326100.0
2012-10-19,36.8348,36.9297,36.2842,36.3601,5226200.0
2012-10-22,36.4044,36.4171,35.7146,36.1006,5428300.0
2012-10-23,35.607,35.6513,35.2526,35.4804,6011700.0
2012-10-24,35.4931,35.7146,35.3222,35.4108,6132700.0
2012-10-25,35.8918,36.4108,35.8538,36.1766,8384600.0
2012-10-26,36.0817,36.4361,36.0753,36.2715,5072400.0
2012-10-31,36.493,36.6576,36.3918,36.6133,5379100.0
2012-11-01,36.7082,37.0247,36.6576,36.974,5419500.0
2012-11-02,37.088,37.2145,36.4297,36.4867,6774700.0
2012-11-05,36.3222,36.5943,36.2525,36.4108,4405800.0
2012-11-06,36.4171,36.9677,36.3728,36.8475,6207800.0
2012-11-07,36.3475,36.4234,35.8032,35.9361,7186300.0
2012-11-08,35.9044,36.069,35.3475,35.3538,5382700.0
2012-11-09,35.2399,35.607,35.1956,35.2336,5120500.0
2012-11-12,35.3348,35.4741,35.088,35.2146,3743500.0
2012-11-13,35.0057,35.4424,34.9677,35.031,3991200.0
2012-11-14,35.0437,35.2526,34.5943,34.664,5760200.0
2012-11-15,34.5753,34.8981,34.2526,34.55,7086700.0
2012-11-16,34.5374,34.8981,34.145,34.8285,7802400.0
2012-11-19,35.2462,35.4488,35.0817,35.2715,5123000.0
2012-11-20,35.2462,35.2462,34.9108,35.2082,4001600.0
2012-11-21,35.2842,35.4804,35.145,35.4741,2929100.0
2012-11-23,35.6386,35.8855,35.4994,35.8665,1770800.0
2012-11-26,35.588,35.9487,35.4488,35.9487,4955700.0
2012-11-27,35.7968,36.0817,35.531,35.5563,6737100.0
2012-11-28,35.4044,36.1196,35.3032,36.1133,6264100.0
2012-11-29,36.2715,36.3158,35.993,36.0627,3980000.0
2012-11-30,36.1133,36.2019,35.9171,36.0373,4821700.0
2012-12-03,36.2842,36.3285,35.993,36.1829,5669100.0
2012-12-04,36.0943,36.2019,35.8032,35.9741,4788900.0
2012-12-05,35.9741,36.4614,35.8538,36.1892,5622300.0
2012-12-06,36.1892,36.3981,36.0247,36.2968,5671700.0
2012-12-07,36.3854,36.6702,36.3348,36.6702,4797400.0
2012-12-10,36.4487,36.7589,36.4487,36.6323,4679300.0
2012-12-11,36.7146,36.9487,36.6133,36.7842,4288400.0
2012-12-12,36.9361,37.1829,36.7652,36.8348,4640400.0
2012-12-13,36.7715,36.7905,36.4108,36.6323,4353100.0
2012-12-14,36.4487,36.6513,36.4234,36.512,3280600.0
2012-12-17,36.6766,37.1259,36.4994,36.8854,4978700.0
2012-12-18,36.8475,37.5563,36.8221,37.531,6249800.0
2012-12-19,37.5563,37.7525,37.4677,37.4677,5481900.0
2012-12-20,37.531,37.6576,37.0437,37.5183,6465600.0
2012-12-21,37.05,37.3601,36.8411,37.0943,8287000.0
2012-12-24,37.0626,37.1449,36.9171,36.9867,1838300.0
2012-12-26,37.1006,37.1323,36.6323,36.6766,3578100.0
2012-12-27,36.7082,36.8285,36.2019,36.6449,4602000.0
2012-12-28,36.4741,36.5184,36.0817,36.1196,4348500.0
2012-12-31,36.0627,36.7209,35.9741,36.7019,6101200.0
2013-01-02,37.4361,37.4867,37.031,37.474,5358000.0
2013-01-03,37.4297,37.6386,37.2588,37.4487,3717000.0
2013-01-04,37.5247,37.9107,37.4993,37.8664,4428200.0
2013-01-07,37.7399,37.8221,37.3664,37.4487,5128000.0
2013-01-08,37.3348,37.3981,36.8664,36.9424,5670400.0
2013-01-09,37.0816,37.1323,36.8158,36.8664,3719300.0
2013-01-10,37.0437,37.107,36.7842,37.0247,4785900.0
2013-01-11,36.9171,36.9361,36.7272,36.8791,3577900.0
2013-01-14,36.8348,37.0563,36.8285,37.0057,3485200.0
2013-01-15,36.9614,37.3918,36.8854,37.3601,5757900.0
2013-01-16,37.3032,37.4297,37.1702,37.2652,4989700.0
2013-01-17,37.4107,37.5437,37.1196,37.4297,4864900.0
2013-01-18,37.3791,37.569,37.3221,37.512,4477600.0
2013-01-22,37.531,37.9614,37.4487,37.9614,4029700.0
2013-01-23,37.8728,37.9234,37.6133,37.6892,3886500.0
2013-01-24,37.7652,38.3411,37.6702,38.2335,6486300.0
2013-01-25,38.2715,38.6702,38.1892,38.6449,4636500.0
2013-01-28,38.5879,38.5879,38.0879,38.4487,4196800.0
2013-01-29,38.55,39.0879,38.55,39.0246,6534500.0
2013-01-30,39.031,39.2715,38.5563,38.6639,6276000.0
2013-01-31,37.4677,37.6323,36.588,36.7082,15041400.0
2013-02-01,37.0563,37.2399,36.7209,37.2272,10524800.0
2013-02-04,37.0057,37.012,36.7082,36.7272,6513300.0
2013-02-05,36.9867,37.0437,36.4741,36.531,6818100.0
2013-02-06,36.3475,36.5184,36.107,36.4487,6105500.0
2013-02-07,36.5184,36.607,36.3032,36.4741,5177300.0
2013-02-08,36.5943,36.6259,36.4424,36.6259,3954600.0
2013-02-11,36.6196,36.6702,36.4108,36.4487,4676800.0
2013-02-12,36.607,36.8728,36.4551,36.8664,6048200.0
2013-02-13,36.9279,37.1007,36.7038,37.0943,6340000.0
2013-02-14,36.9983,37.1327,36.8831,37.0751,4227400.0
2013-02-15,37.0623,37.1327,36.3454,36.499,8897700.0
2013-02-19,36.8959,37.5168,36.819,37.5104,7337300.0
2013-02-20,37.5104,37.5168,36.8959,36.9151,5255700.0
2013-02-21,36.8447,37.2287,36.5438,37.1967,6662500.0
2013-02-22,37.3119,37.3375,36.9023,37.2543,3906000.0
2013-02-25,37.4271,37.4784,36.3774,36.4158,7580900.0
2013-02-26,36.6782,37.0751,36.4542,36.9663,7124300.0
2013-02-27,36.8447,37.2415,36.7486,37.1519,5636800.0
2013-02-28,37.0623,37.3183,37.0303,37.0943,6099100.0
2013-03-01,37.0815,37.3055,36.9023,37.3055,5762900.0
2013-03-04,37.2159,37.2479,36.6462,36.8831,5286300.0
2013-03-05,37.0879,37.1327,36.7166,36.9087,6327600.0
2013-03-06,37.0751,37.1519,36.7678,37.1263,6144000.0
2013-03-07,37.1327,37.2159,37.0303,37.0367,4846500.0
2013-03-08,37.1071,37.44,37.0175,37.3759,4241000.0
2013-03-11,37.3887,37.5104,37.1775,37.4079,4348700.0
2013-03-12,37.4848,37.7152,37.4143,37.5936,4192600.0
2013-03-13,37.6192,37.728,37.4848,37.6256,4097200.0
2013-03-14,37.792,38.1249,37.6832,38.0993,4458700.0
2013-03-15,37.8304,38.016,37.6448,37.8112,7163600.0
2013-03-18,37.5552,38.1825,37.4784,37.8624,4517800.0
2013-03-19,37.9008,38.0737,37.5808,37.9648,5119300.0
2013-03-20,38.4257,38.7522,38.1697,38.6882,7334400.0
2013-03-21,38.5153,39.0658,38.4129,39.0082,8291200.0
2013-03-22,39.117,39.117,38.8418,38.989,5659500.0
2013-03-25,39.0466,39.1682,38.4449,38.5409,4920800.0
2013-03-26,38.7266,38.8034,38.4577,38.6882,4036500.0
2013-03-27,38.5345,38.861,38.4257,38.6498,3723400.0
2013-03-28,38.6306,38.7842,38.4449,38.4705,3829600.0
2013-04-01,38.5089,38.8546,38.4193,38.7138,3749100.0
2013-04-02,38.7778,38.8226,38.3105,38.4321,4193900.0
2013-04-03,38.5345,38.6306,37.8496,37.9456,4917500.0
2013-04-04,37.9008,38.0289,37.5744,37.6896,4474000.0
2013-04-05,37.4656,37.568,37.1647,37.472,5811700.0
2013-04-08,37.4976,37.984,37.4528,37.9648,4113900.0
2013-04-09,38.0929,38.4449,37.7664,38.2657,4104400.0
2013-04-10,38.3937,38.7906,38.3361,38.5665,4824000.0
2013-04-11,38.669,38.8098,38.2977,38.5089,6164500.0
2013-04-12,38.1697,38.3169,37.8176,37.9968,4390200.0
2013-04-15,37.5552,37.5872,36.6142,36.6398,8580000.0
2013-04-16,37.1327,37.1327,36.4094,36.7678,8698400.0
2013-04-17,36.595,36.6142,36.0893,36.3646,6429100.0
2013-04-18,36.5054,36.8511,36.1469,36.691,5617900.0
2013-04-19,36.8959,37.1199,36.5118,36.7998,5359900.0
2013-04-22,36.8831,36.9919,36.435,36.7358,5136700.0
2013-04-23,36.8767,36.9983,36.4862,36.9855,6912300.0
2013-04-24,37.0623,37.4784,37.0559,37.2927,7134500.0
2013-04-25,37.3631,37.6192,36.9471,37.3631,5771500.0
2013-04-26,37.3951,37.7664,37.3567,37.7088,5686900.0
2013-04-29,37.952,38.4385,37.7792,38.3425,5025800.0
2013-04-30,38.3041,38.6946,38.0929,38.6946,5125700.0
2013-05-01,38.4961,38.8674,38.3425,38.4129,6677200.0
2013-05-02,38.4705,39.1938,38.3745,39.021,7683100.0
2013-05-03,39.2899,39.6675,39.2067,39.6355,5778700.0
2013-05-06,39.6547,39.9556,39.5011,39.8276,5409000.0
2013-05-07,39.93,40.3204,39.8532,40.2244,5205200.0
2013-05-08,40.1988,40.2884,39.898,40.0644,5810600.0
2013-05-09,40.0452,40.2564,39.898,40.058,4341200.0
2013-05-10,39.9684,40.058,39.5715,39.834,5339500.0
2013-05-13,39.7571,39.898,39.5267,39.6867,5383500.0
2013-05-14,39.6995,40.4165,39.5843,40.3652,6133600.0
2013-05-15,40.1668,40.2244,39.5971,39.9556,7070700.0
2013-05-16,39.9236,40.2436,39.8404,39.962,4736300.0
2013-05-17,39.9364,40.5253,39.9236,40.5253,5708300.0
2013-05-20,40.5189,41.2614,40.4869,40.9862,5710000.0
2013-05-21,41.1266,41.4629,40.8355,41.1654,5696500.0
2013-05-22,41.0942,41.3723,40.4669,40.5768,8568500.0
2013-05-23,40.1177,40.6997,40.0336,40.6092,4790100.0
2013-05-24,40.4475,40.4992,40.2147,40.441,4188800.0
2013-05-28,40.8485,41.1395,40.5639,40.6415,4856600.0
2013-05-29,40.4152,40.7515,40.2276,40.6027,5355800.0
2013-05-30,40.3505,40.4928,40.1306,40.2793,5213900.0
2013-05-31,40.1759,40.5186,39.6714,39.6714,6135900.0
2013-06-03,39.8266,40.1629,39.6326,40.1565,5657600.0
2013-06-04,40.0271,40.15,39.6585,39.8913,4548900.0
2013-06-05,40.0724,40.1694,39.7361,39.8525,6804500.0
2013-06-06,39.7813,40.0465,39.4256,40.04,5696500.0
2013-06-07,40.2082,40.344,39.943,40.3052,4616300.0
2013-06-10,40.3311,40.3828,40.0659,40.2276,3285600.0
2013-06-11,39.9172,40.2147,39.6843,40.04,4290700.0
2013-06-12,40.1759,40.2729,39.3157,39.3739,4557700.0
2013-06-13,39.2381,39.9172,39.0505,39.8719,4531800.0
2013-06-14,39.9107,39.9107,39.3674,39.4709,2757500.0
2013-06-17,39.749,40.1306,39.7361,40.0594,3286200.0
2013-06-18,40.0594,40.247,39.9366,40.1629,3007100.0
2013-06-19,40.2082,40.4669,39.9107,39.9107,5158400.0
2013-06-20,39.5356,39.5873,38.8824,38.9858,7191000.0
2013-06-21,39.3028,39.3222,38.5137,39.0376,7274600.0
2013-06-24,38.6625,38.7401,37.9705,38.3844,6795200.0
2013-06-25,38.6754,38.8177,38.3973,38.6948,5349200.0
2013-06-26,39.0441,39.0958,38.6495,39.0182,3553100.0
2013-06-27,39.2057,39.5162,39.0053,39.0247,3305200.0
2013-06-28,38.9664,39.3028,38.8306,39.1281,3877300.0
2013-07-01,39.2769,39.859,39.2769,39.6003,4592800.0
2013-07-02,39.5873,40.2211,39.4838,39.9624,4560000.0
2013-07-03,39.7555,40.1047,39.4903,39.9948,3464100.0
2013-07-05,40.1694,40.3699,39.7878,40.2987,3848700.0
2013-07-08,40.4281,40.8808,40.2987,40.7709,4421900.0
2013-07-09,40.9455,41.1848,40.8808,41.0684,4433800.0
2013-07-10,41.146,41.3141,40.9455,41.0878,4080000.0
2013-07-11,41.4629,41.6763,41.3141,41.5987,5758100.0
2013-07-12,41.5664,41.9415,41.5534,41.935,4851800.0
2013-07-15,41.9027,42.2454,41.8186,42.2066,4283500.0
2013-07-16,42.1808,42.2972,41.8509,42.0062,4281000.0
2013-07-17,42.1915,42.453,42.1196,42.4007,4300100.0
2013-07-18,42.7275,42.9955,42.5837,42.6817,4655200.0
2013-07-19,42.8909,43.1393,42.6687,43.1393,4942200.0
2013-07-22,43.1916,43.2504,42.9628,43.0281,3679800.0
2013-07-23,43.1197,43.2961,43.087,43.2177,3783000.0
2013-07-24,43.3027,43.3027,42.5706,42.8713,4741900.0
2013-07-25,42.7602,43.0935,42.6817,42.9497,3710200.0
2013-07-26,42.7536,42.9628,42.7013,42.9563,2678700.0
2013-07-29,42.8713,42.8713,42.4203,42.6033,3510600.0
2013-07-30,42.7732,42.7863,42.1654,42.3745,4609400.0
2013-07-31,42.5118,42.904,42.3941,42.3941,4617100.0
2013-08-01,42.9563,43.3288,42.8255,43.1981,6488200.0
2013-08-02,43.1131,43.9432,43.002,43.9432,6687900.0
2013-08-05,43.7929,44.0674,43.5118,43.9171,3741900.0
2013-08-06,43.8713,44.1001,43.551,43.8517,4879900.0
2013-08-07,43.7471,43.7733,43.3223,43.4792,3844100.0
2013-08-08,43.7667,43.9824,43.3811,43.8517,4190700.0
2013-08-09,43.7994,43.806,43.2504,43.6818,3390500.0
2013-08-12,43.3484,43.4792,43.1785,43.2046,4185700.0
2013-08-13,43.4203,43.989,43.3354,43.7275,4483700.0
2013-08-14,43.8909,44.1197,43.6099,43.8975,4994700.0
2013-08-15,43.6556,44.2504,43.5445,44.1981,5858300.0
2013-08-16,44.0347,44.3877,43.7733,44.0413,5365700.0
2013-08-19,44.0609,44.0609,43.002,43.0281,5828100.0
2013-08-20,43.0216,43.4007,42.8517,43.1262,4223500.0
2013-08-21,43.1327,43.1523,42.6752,42.8255,4064500.0
2013-08-22,42.8647,43.4203,42.7798,43.2373,3702500.0
2013-08-23,43.2831,43.5641,43.1654,43.4988,3928700.0
2013-08-26,43.5249,43.7537,43.2765,43.3419,2948600.0
2013-08-27,43.0804,43.5053,43.0543,43.1523,4792400.0
2013-08-28,43.2569,44.0086,43.2569,43.6426,5890900.0
2013-08-29,43.4726,43.4988,43.1262,43.2438,3982700.0
2013-08-30,43.3223,43.4922,43.2177,43.3354,3890900.0
2013-09-03,43.7667,43.7864,43.4726,43.6556,4393900.0
2013-09-04,43.7079,44.5119,43.6033,44.2243,5487300.0
2013-09-05,44.2504,44.5184,44.0936,44.2962,3775400.0
2013-09-06,44.3877,44.9498,44.087,44.5772,5483100.0
2013-09-09,44.6099,45.0479,44.4792,45.0152,4325600.0
2013-09-10,45.0609,45.0805,44.6491,44.8779,3892700.0
2013-09-11,44.9237,45.3485,44.8322,45.2047,3199900.0
2013-09-12,45.2243,45.2374,44.9171,44.9563,3107400.0
2013-09-13,45.1916,45.3747,45.0217,45.2243,3559000.0
2013-09-16,45.6034,45.6296,45.1916,45.3224,4392800.0
2013-09-17,45.3028,45.7015,45.2701,45.5577,3282500.0
2013-09-18,45.4858,46.3682,45.3747,46.1198,4730100.0
2013-09-19,46.1459,46.3486,45.793,46.3028,4133100.0
2013-09-20,46.3159,46.4662,45.9302,46.4074,5221500.0
2013-09-23,46.1852,46.2309,45.623,46.1329,4119100.0
2013-09-24,46.1655,46.4335,45.976,46.0152,4917300.0
2013-09-25,46.074,46.2048,45.7734,45.9629,3542200.0
2013-09-26,45.976,46.0414,45.6819,45.9041,3415700.0
2013-09-27,45.8583,46.0021,45.7015,45.9564,2924000.0
2013-09-30,45.5511,45.7015,45.2962,45.4335,3570500.0
2013-10-01,45.4008,46.0479,45.3093,45.7799,3383500.0
2013-10-02,45.6688,46.1263,45.5904,45.9891,4283300.0
2013-10-03,45.8845,45.9629,45.4727,45.8649,5197200.0
2013-10-04,45.8714,46.4009,45.7734,46.3878,4234600.0
2013-10-07,46.0152,46.525,45.8518,46.329,4044400.0
2013-10-08,46.2571,46.4924,45.8518,45.8649,4488600.0
2013-10-09,45.9137,46.0127,45.5044,45.6034,5257200.0
2013-10-10,46.0787,46.9435,46.0061,46.9237,3867700.0
2013-10-11,46.7521,47.4321,46.7125,47.3396,4120300.0
2013-10-14,47.069,47.5509,47.036,47.5047,3878200.0
2013-10-15,47.4651,47.6961,47.1878,47.4585,5745200.0
2013-10-16,47.7885,48.2506,47.6631,48.1648,4949800.0
2013-10-17,47.98,48.5015,47.8876,48.4619,4015900.0
2013-10-18,48.5741,48.5807,48.013,48.4751,4610700.0
2013-10-21,48.5411,48.5741,48.1252,48.2242,2962400.0
2013-10-22,48.3629,48.5411,48.112,48.3629,3145100.0
2013-10-23,48.1384,48.1384,47.4981,47.7885,3904300.0
2013-10-24,47.9734,48.5147,47.8215,48.4487,3100500.0
2013-10-25,48.5411,48.9174,48.1978,48.891,3716900.0
2013-10-28,48.792,48.891,48.5873,48.7788,2951700.0
2013-10-29,48.99,49.2409,48.8514,49.0758,2866000.0
2013-10-30,49.1155,49.1683,48.1054,48.3563,4770100.0
2013-10-31,48.6269,49.1683,48.3761,48.4091,4443900.0
2013-11-01,48.5609,48.5609,47.6697,48.2506,4362800.0
2013-11-04,48.4355,48.5279,48.0856,48.4091,3048800.0
2013-11-05,48.211,48.3761,47.8612,47.9074,3828500.0
2013-11-06,48.3563,48.8316,48.2639,48.7854,5190400.0
2013-11-07,48.7524,48.8052,47.7093,47.8678,4987100.0
2013-11-08,47.8546,48.6665,47.7753,48.6467,4077500.0
2013-11-11,48.4949,48.7392,48.4091,48.5609,2351800.0
2013-11-12,48.3563,48.5015,47.9338,48.0724,2788500.0
2013-11-13,48.0196,48.4289,47.9074,48.4157,2776700.0
2013-11-14,48.5741,48.7194,48.3233,48.6401,3304300.0
2013-11-15,48.5543,48.5675,48.0262,48.3893,4676600.0
2013-11-18,48.5015,48.6071,47.6631,47.7357,4239700.0
2013-11-19,47.6103,47.9866,47.3726,47.7027,6425200.0
2013-11-20,47.881,48.145,47.5905,47.6961,3761000.0
2013-11-21,47.8414,48.5873,47.7951,48.4157,3588500.0
2013-11-22,48.5147,48.8976,48.3497,48.8646,3137900.0
2013-11-25,48.7392,48.7986,48.0262,48.0658,4805300.0
2013-11-26,48.0724,48.5279,47.8546,48.145,3498500.0
2013-11-27,48.1516,48.4553,47.7819,47.9404,2971800.0
2013-11-29,47.9536,48.5477,47.8612,48.0592,1776700.0
2013-12-02,48.4487,48.5147,47.6961,47.9074,4581600.0
2013-12-03,47.8414,48.2837,47.6235,47.8414,4559800.0
2013-12-04,47.7555,47.9404,46.9501,47.1416,4533000.0
2013-12-05,47.0096,47.102,46.29,46.7653,4471400.0
2013-12-06,46.9898,47.1878,46.3428,46.7191,4863100.0
2013-12-09,46.5739,46.8643,46.3428,46.5012,4649600.0
2013-12-10,46.3032,46.6267,46.0853,46.4154,4807300.0
2013-12-11,46.4154,46.4352,45.5836,45.6232,5277200.0
2013-12-12,45.7223,46.0721,45.4912,45.8675,5049700.0
2013-12-13,45.9071,46.3164,45.7421,45.8345,4544600.0
2013-12-16,46.0127,46.3032,45.8939,46.0721,3599800.0
2013-12-17,46.0919,46.1118,45.5836,45.5902,4178300.0
2013-12-18,45.8477,45.9467,45.0357,45.8147,7628300.0
2013-12-19,45.4648,45.8015,45.3658,45.6034,6659300.0
2013-12-20,45.6827,46.5342,45.5836,46.1316,6728500.0
2013-12-23,46.2834,46.7059,45.8477,45.9203,4014300.0
2013-12-24,45.9731,46.1976,45.7553,46.1646,1597000.0
2013-12-26,46.2108,46.5012,46.158,46.3362,2126800.0
2013-12-27,46.257,46.6003,46.2504,46.4682,1911000.0
2013-12-30,46.521,46.6333,46.125,46.1514,2697300.0
2013-12-31,46.1778,46.6993,46.0457,46.6399,2884800.0
2014-01-02,46.389,46.8181,45.9005,46.0655,3985800.0
2014-01-03,46.2768,46.4418,46.0985,46.1844,2997200.0
2014-01-06,46.5342,46.7455,46.224,46.3824,3290500.0
2014-01-07,46.3362,46.5342,46.1844,46.455,3060200.0
2014-01-08,46.5276,46.5276,45.8939,46.0061,5137500.0
2014-01-09,46.0457,46.1646,45.6364,45.8543,3321900.0
2014-01-10,45.9401,46.0655,45.412,45.4648,4046700.0
2014-01-13,45.3658,45.3856,44.5472,44.7188,5647000.0
2014-01-14,44.7782,45.1413,44.666,45.1017,4072800.0
2014-01-15,45.1347,45.3526,44.765,44.9433,3749200.0
2014-01-16,44.9235,44.9367,44.2897,44.7782,4590100.0
2014-01-17,44.9037,45.0819,44.5604,44.567,3866700.0
2014-01-21,44.9433,45.0687,44.699,45.0621,3903100.0
2014-01-22,45.2403,45.412,44.9235,45.1347,3522300.0
2014-01-23,44.9235,45.28,44.6264,44.7914,3567400.0
2014-01-24,44.7386,44.7386,43.8342,43.9464,4919100.0
2014-01-27,43.755,43.9663,43.3325,43.4777,4436500.0
2014-01-28,43.5372,43.755,43.3919,43.7088,3646400.0
2014-01-29,43.6824,43.7088,43.1345,43.4513,4876000.0
2014-01-30,43.9663,43.9993,43.1213,43.4051,4931200.0
2014-01-31,42.943,43.2269,42.4809,42.877,6556400.0
2014-02-03,42.976,43.1675,42.098,42.1574,6265800.0
2014-02-04,42.2631,42.3027,41.8868,42.0584,5567500.0
2014-02-05,42.0386,42.1244,41.4181,41.8934,5663300.0
2014-02-06,42.0386,42.5139,41.8934,42.4479,4251200.0
2014-02-07,42.7714,42.91,42.4149,42.8902,4481900.0
2014-02-10,42.8902,42.8902,42.3357,42.6327,4765600.0
2014-02-11,42.679,43.3721,42.6393,43.2863,4857500.0
2014-02-12,44.0094,44.1094,42.9685,43.0552,6033300.0
2014-02-13,42.9952,43.4422,42.8551,43.1753,4881500.0
2014-02-14,43.142,43.8025,43.0352,43.7225,3955100.0
2014-02-18,43.7425,43.8559,43.5023,43.6157,3378700.0
2014-02-19,43.5957,44.036,43.3622,43.3688,5138800.0
2014-02-20,43.3555,43.5023,43.2821,43.3155,5095500.0
2014-02-21,43.3622,43.3888,43.122,43.1553,5402200.0
2014-02-24,43.3688,44.5631,43.3555,44.3163,6799500.0
2014-02-25,44.2362,44.6032,44.1295,44.383,4886800.0
2014-02-26,44.4964,44.5698,43.9226,44.1228,4418900.0
2014-02-27,44.036,44.2028,43.5957,44.2028,4323400.0
2014-02-28,44.2295,44.6232,43.7825,44.3696,4866800.0
2014-03-03,44.2762,44.8367,44.0227,44.2429,5215600.0
2014-03-04,44.5698,44.6299,44.2696,44.3696,3927600.0
2014-03-05,44.4697,44.7033,44.2028,44.2362,3886200.0
2014-03-06,44.4364,44.4831,44.2362,44.2963,2907800.0
2014-03-07,44.4631,44.7033,44.2429,44.3763,4107600.0
2014-03-10,44.3029,44.6632,44.1028,44.6299,3173300.0
2014-03-11,44.7033,44.9635,44.2229,44.3897,3880400.0
2014-03-12,44.1495,44.5365,44.0427,44.3963,3472700.0
2014-03-13,44.5565,44.5965,44.0961,44.2495,3819700.0
2014-03-14,44.1028,44.5098,44.0627,44.4364,3869600.0
2014-03-17,44.5298,44.8967,44.4697,44.8967,3576800.0
2014-03-18,44.9835,45.4505,44.9368,45.4372,5069000.0
2014-03-19,45.624,45.644,44.7233,45.0369,3352700.0
2014-03-20,44.9768,45.3705,44.7766,45.3037,3409200.0
2014-03-21,45.6774,45.6907,45.0168,45.0235,6036400.0
2014-03-24,45.157,45.4172,44.9768,45.0769,3556500.0
2014-03-25,45.3304,45.6841,45.157,45.6307,5036300.0
2014-03-26,45.8442,46.1644,45.6974,45.7708,4850900.0
2014-03-27,45.7775,46.4447,45.7775,46.2312,4639300.0
2014-03-28,46.3246,46.9718,46.1511,46.9384,4905200.0
2014-03-31,47.212,47.3654,46.7916,46.9384,3769500.0
2014-04-01,47.0185,47.1519,46.7916,46.9117,4005200.0
2014-04-02,46.9117,47.3721,46.8717,47.2987,4378700.0
2014-04-03,47.3187,47.3187,46.825,46.8383,4298000.0
2014-04-04,47.2587,47.3721,46.7316,46.8517,4467800.0
2014-04-07,46.865,46.865,46.2579,46.3579,4576200.0
2014-04-08,46.7116,46.8584,46.3446,46.7516,4898900.0
2014-04-09,46.7783,47.7457,46.7516,47.7324,6043600.0
2014-04-10,47.192,47.2587,46.5114,46.5114,6588700.0
2014-04-11,46.865,47.6123,46.6915,47.2854,7058000.0
2014-04-14,47.7924,47.7924,47.0985,47.7124,5385700.0
2014-04-15,47.6857,48.7199,47.5656,48.6665,6578100.0
2014-04-16,48.9601,49.287,48.8333,49.227,6261700.0
2014-04-17,49.0868,49.9676,49.0735,49.8875,5663100.0
2014-04-21,49.8608,50.0076,49.5072,49.7741,5244200.0
2014-04-22,49.8341,49.8341,49.3337,49.4872,4191700.0
2014-04-23,49.4805,49.734,49.3404,49.3871,4423400.0
2014-04-24,49.654,49.8008,49.3404,49.7007,4271600.0
2014-04-25,49.6673,49.7073,49.4738,49.6406,4008800.0
2014-04-28,49.7474,49.9275,49.4271,49.8074,4294800.0
2014-04-29,50.0343,50.2678,49.8208,49.8274,4516700.0
2014-04-30,50.061,50.061,49.4872,49.5806,5759100.0
2014-05-01,50.0476,50.2611,49.4071,50.061,5004400.0
2014-05-02,49.9609,51.2753,49.9542,51.0551,7813000.0
2014-05-05,50.9751,51.5755,50.855,51.302,4751600.0
2014-05-06,51.5088,51.5755,51.1352,51.4288,3542600.0
2014-05-07,51.7891,52.1894,51.6022,52.116,6198300.0
2014-05-08,51.9892,52.0893,51.2219,51.3821,5650900.0
2014-05-09,51.4421,51.8024,51.3153,51.8024,4268800.0
2014-05-12,52.116,52.3228,51.9025,52.3162,4203900.0
2014-05-13,52.3428,52.5897,52.2027,52.4696,4270600.0
2014-05-14,52.5363,52.5697,52.2761,52.3962,3484300.0
2014-05-15,52.3495,52.4963,51.7223,52.116,3861700.0
2014-05-16,52.116,52.2027,51.6756,52.0826,4560800.0
2014-05-19,52.0493,52.4229,52.0026,52.3295,2743500.0
2014-05-20,52.376,52.4971,52.1202,52.4029,3607000.0
2014-05-21,52.6654,52.9481,52.5308,52.8606,3616100.0
2014-05-22,52.7731,53.0087,52.5981,52.8135,2862900.0
2014-05-23,52.8606,53.0222,52.7058,52.7933,2731200.0
2014-05-27,52.8135,53.2106,52.8135,53.2039,3262600.0
2014-05-28,53.7222,54.2136,53.5203,53.5607,5486100.0
2014-05-29,53.5068,53.7424,53.1097,53.5472,3469100.0
2014-05-30,53.4597,53.9242,53.3183,53.8097,3322300.0
2014-06-02,53.9915,54.0184,53.3655,53.5001,4136700.0
2014-06-03,53.4934,53.7626,53.3655,53.7289,3202200.0
2014-06-04,53.6616,53.8434,53.5674,53.7155,2665000.0
2014-06-05,53.7222,53.8905,53.5135,53.8838,3491000.0
2014-06-06,54.0924,54.6444,53.9982,54.4155,3616800.0
2014-06-09,54.2338,54.6107,54.1194,54.4223,2198500.0
2014-06-10,54.4088,54.9675,54.2271,54.9473,5766500.0
2014-06-11,54.8598,55.2637,54.8329,55.1627,3561900.0
2014-06-12,55.2973,56.031,55.2839,55.7753,5233400.0
2014-06-13,55.7349,55.9301,55.23,55.9233,3579100.0
2014-06-16,55.9974,56.4282,55.8156,56.3339,3628400.0
2014-06-17,55.9907,56.3945,55.6272,56.3743,3876000.0
2014-06-18,56.2532,56.7446,55.9907,56.7042,3876900.0
2014-06-19,56.7244,57.0609,56.6369,57.0609,3176100.0
2014-06-20,57.2898,57.5254,57.0677,57.4581,5205000.0
2014-06-23,57.6129,58.1783,57.5321,57.9562,5134200.0
2014-06-24,57.9023,57.9023,57.0744,57.0811,6564300.0
2014-06-25,56.9801,57.7071,56.9801,57.6331,4208100.0
2014-06-26,57.6129,57.8687,56.9196,57.8619,3776200.0
2014-06-27,57.7206,57.9293,57.485,57.8889,3181400.0
2014-06-30,57.761,57.8417,57.3638,57.7071,2716300.0
2014-07-01,58.0572,58.1514,57.6465,57.9629,2799200.0
2014-07-02,57.761,57.8754,57.4244,57.7946,2964700.0
2014-07-03,57.7071,58.1581,57.5792,58.1581,1820100.0
2014-07-07,57.7812,58.0302,57.3369,57.9562,3222500.0
2014-07-08,57.8754,58.3264,57.7071,57.9158,4062400.0
2014-07-09,57.936,58.0841,57.6937,57.7542,4419600.0
2014-07-10,57.1552,57.8417,55.7214,57.6667,7103000.0
2014-07-11,57.5658,57.6263,56.8388,57.034,4128600.0
2014-07-14,57.3032,57.8216,57.1619,57.7812,3574800.0
2014-07-15,57.6398,57.7542,56.758,57.0205,4719300.0
2014-07-16,57.3554,58.4008,57.3215,58.3533,5248600.0
2014-07-17,58.3941,58.652,57.4165,57.4844,4224200.0
2014-07-18,57.6338,57.8442,57.3758,57.5387,3966300.0
2014-07-21,57.6202,57.817,57.2468,57.3826,4104100.0
2014-07-22,57.6609,58.4552,57.6066,58.3941,3744600.0
2014-07-23,58.4619,58.9711,58.17,58.8964,3442000.0
2014-07-24,58.8421,59.1204,58.5434,58.5502,3764000.0
2014-07-25,58.4891,58.8149,58.2311,58.3262,2408900.0
2014-07-28,58.3805,58.4552,57.7559,57.8306,3936000.0
2014-07-29,57.7084,58.0003,57.498,57.5048,3325200.0
2014-07-30,57.8713,58.3058,57.0975,57.4505,4694900.0
2014-07-31,57.1721,57.4029,55.9163,56.0045,5702000.0
2014-08-01,55.604,55.6176,54.192,54.7826,7712200.0
2014-08-04,54.8233,55.7737,54.5111,55.6515,4790200.0
2014-08-05,55.285,55.3868,53.8865,54.1309,5329000.0
2014-08-06,54.0698,55.3257,53.968,54.7215,4508800.0
2014-08-07,54.8709,54.9727,53.744,54.0291,3220900.0
2014-08-08,54.097,55.2782,54.097,55.2103,3419500.0
2014-08-11,55.4818,55.5836,54.8233,54.8505,2942100.0
2014-08-12,54.6604,54.8233,54.3685,54.5925,3394000.0
2014-08-13,55.1152,55.2714,54.7962,54.9116,3209300.0
2014-08-14,55.0677,55.1288,54.2735,54.4228,3569400.0
2014-08-15,54.4839,54.9116,54.1784,54.7283,4035900.0
2014-08-18,54.9523,54.9523,53.5675,53.8594,7259400.0
2014-08-19,54.0698,54.4296,53.9001,54.2463,4223400.0
2014-08-20,54.4364,54.7147,54.1513,54.6468,3210600.0
2014-08-21,54.6944,55.0338,54.579,54.9727,2356200.0
2014-08-22,54.769,54.9252,54.2192,54.4703,2777100.0
2014-08-25,54.5314,54.9795,54.5179,54.8505,2827600.0
2014-08-26,54.803,54.9863,54.6672,54.674,2584900.0
2014-08-27,54.9048,55.3053,54.7215,55.0066,2491200.0
2014-08-28,54.9116,54.9863,54.674,54.7555,2456800.0
2014-08-29,54.898,55.1424,54.7555,55.1356,1999500.0
2014-09-02,55.027,55.0541,54.1513,54.4568,4163700.0
2014-09-03,54.9727,55.2374,54.8505,54.9184,3853800.0
2014-09-04,55.0813,55.1492,53.9341,54.2056,3689400.0
2014-09-05,54.1581,54.6401,53.9476,54.545,2789500.0
2014-09-08,54.2667,54.3414,53.3978,53.6489,5071800.0
2014-09-09,53.9476,54.1377,53.2484,53.6014,3772400.0
2014-09-10,53.4657,53.6354,52.7529,53.6218,4417400.0
2014-09-11,53.1059,53.9341,52.9633,53.8865,3530100.0
2014-09-12,53.7711,53.7779,53.0244,53.2552,2871000.0
2014-09-15,53.1127,54.0495,52.9226,53.9001,3148900.0
2014-09-16,53.968,55.1763,53.8458,54.8166,5057700.0
2014-09-17,54.9863,55.0474,54.5586,54.7419,3248500.0
2014-09-18,54.8777,54.898,54.0698,54.2871,3489400.0
2014-09-19,54.6197,54.9863,54.5179,54.6876,5815500.0
2014-09-22,54.5314,54.5314,53.9069,54.0902,3983500.0
2014-09-23,53.9952,54.1988,53.5335,53.5675,3265500.0
2014-09-24,53.5268,53.6829,52.6714,53.4385,5086800.0
2014-09-25,53.4249,53.4249,52.6578,52.6578,3783800.0
2014-09-26,52.6782,53.2688,52.3524,53.0312,4233200.0
2014-09-29,52.6103,52.9158,52.1215,52.8411,4875200.0
2014-09-30,52.4881,52.7054,51.5377,51.945,6428500.0
2014-10-01,51.7753,51.945,50.6281,50.9132,7056300.0
2014-10-02,50.6213,51.0015,49.8067,50.7028,6265500.0
2014-10-03,50.8793,51.0286,50.309,50.7571,4365500.0
2014-10-06,51.0897,51.4156,50.4516,50.8861,5308900.0
2014-10-07,50.6552,51.144,50.1597,50.1733,6154400.0
2014-10-08,50.0114,50.6627,49.3122,50.5942,7390600.0
2014-10-09,50.3542,50.4365,48.9488,48.9762,7936700.0
2014-10-10,48.9488,49.2916,47.9273,48.2358,8542500.0
2014-10-13,48.0713,48.4141,46.6179,46.6659,6920100.0
2014-10-14,46.803,47.043,45.1851,45.3839,11004300.0
2014-10-15,43.7317,45.4867,43.574,45.4182,13303600.0
2014-10-16,44.5338,46.186,44.4858,45.8844,10821900.0
2014-10-17,46.5905,48.0027,46.2751,46.6728,9067300.0
2014-10-20,46.7413,47.2761,46.1586,47.1869,5560800.0
2014-10-21,48.037,48.5649,47.7491,48.3935,7334100.0
2014-10-22,48.6746,48.9831,47.564,47.6051,8462100.0
2014-10-23,48.5306,48.6197,47.7834,47.989,6306700.0
2014-10-24,47.9959,48.1673,47.3789,48.037,4202400.0
2014-10-27,47.3172,47.42,46.7962,47.1869,6142700.0
2014-10-28,47.3583,48.181,47.091,48.1399,4457500.0
2014-10-29,49.2984,49.463,48.133,48.5032,6430800.0
2014-10-30,47.5571,49.2984,47.4749,48.9145,6321500.0
2014-10-31,49.0791,49.5247,48.037,49.463,7188900.0
2014-11-03,49.5384,49.7509,48.3112,48.3729,8030700.0
2014-11-04,47.4406,47.8793,46.7619,47.1458,8978400.0
2014-11-05,47.9548,48.1604,47.2898,47.9068,6605100.0
2014-11-06,47.7971,48.9145,47.6394,48.894,5583100.0
2014-11-07,48.9762,49.5727,48.9488,49.4698,5073000.0
2014-11-10,49.9223,50.1965,48.9899,49.0859,6068300.0
2014-11-11,49.0311,49.3259,48.7226,49.1888,5081300.0
2014-11-12,48.9214,49.2779,48.7363,48.8117,4693600.0
2014-11-13,48.5238,48.6746,47.6737,48.229,6226400.0
2014-11-14,48.3798,48.9899,48.325,48.9557,4096900.0
2014-11-17,48.6952,49.2025,48.4072,48.9625,4099800.0
2014-11-18,49.0379,49.463,48.7226,49.1339,4248800.0
2014-11-19,49.6069,49.6892,48.894,49.4493,4982400.0
2014-11-20,49.4493,50.2171,49.4493,50.1897,4515300.0
2014-11-21,51.0535,51.1974,50.1623,50.4845,6296000.0
2014-11-24,50.4296,50.5873,49.8126,50.2719,4355800.0
2014-11-25,50.6627,50.6696,49.0654,49.175,7552600.0
2014-11-26,49.0928,49.1888,48.3661,48.558,6110700.0
2014-11-28,46.4123,46.7139,45.0069,45.2948,9695400.0
2014-12-01,45.1988,46.5494,44.8355,46.4602,11732500.0
2014-12-02,46.1586,47.7011,46.0969,47.4474,9659500.0
2014-12-03,47.7559,48.8254,47.4954,48.5375,9486300.0
2014-12-04,48.0987,48.2838,47.0841,47.516,9300200.0
2014-12-05,47.5571,47.5571,46.2477,46.5151,7942800.0
2014-12-08,45.9186,46.0215,44.479,44.5818,8532500.0
2014-12-09,44.1156,45.4182,43.4438,44.5338,10322700.0
2014-12-10,43.814,43.9785,43.0736,43.5603,7819000.0
2014-12-11,43.3958,44.8697,43.3958,43.6083,6786400.0
2014-12-12,42.9776,43.7317,42.7171,42.8131,7014100.0
2014-12-15,43.3821,43.5329,42.1618,42.292,7993100.0
2014-12-16,42.1207,44.5475,41.7093,43.341,11089900.0
2014-12-17,43.9717,46.3917,43.8825,45.8912,12461900.0
2014-12-18,47.4543,47.8793,45.6993,47.8176,13108500.0
2014-12-19,47.7354,48.6746,47.0498,48.6609,14013400.0
2014-12-22,48.0439,48.2975,46.9538,47.66,7792900.0
2014-12-23,48.2084,48.9282,47.8519,48.7089,6195400.0
2014-12-24,48.3592,48.4209,47.2555,48.0782,3044600.0
2014-12-26,48.3661,48.5375,47.66,47.9068,2649500.0
2014-12-29,48.2975,48.4621,47.6805,48.0644,3910300.0
2014-12-30,47.7217,48.1261,47.4886,47.941,3750000.0
2014-12-31,47.5366,47.8176,47.0978,47.3446,4867800.0
2015-01-02,46.9607,47.6325,46.7756,47.2486,4622700.0
2015-01-05,46.4191,46.6042,44.856,45.0,8831700.0
2015-01-06,44.7601,45.6581,43.1079,43.1421,15234000.0
2015-01-07,43.8825,44.0334,43.0873,43.4301,10842300.0
2015-01-08,44.4584,44.8972,43.8071,44.5133,8848500.0
2015-01-09,44.5201,44.7943,43.8825,44.5064,6549500.0
2015-01-12,43.9785,44.0608,42.9228,43.2381,5785200.0
2015-01-13,43.3204,43.7591,42.1686,42.8062,8515100.0
2015-01-14,42.3812,43.0393,41.7162,42.9296,8452200.0
2015-01-15,43.6083,43.7866,42.0795,42.1001,8090100.0
2015-01-16,42.3332,43.5192,42.1481,43.245,8058300.0
2015-01-20,43.0599,43.3821,42.34,43.3204,5515100.0
2015-01-21,43.8003,44.4104,43.3478,44.2459,6453100.0
2015-01-22,44.6298,44.9589,43.8757,44.7669,6742500.0
2015-01-23,44.8012,45.048,44.3144,44.3213,5237700.0
2015-01-26,44.4858,45.2468,43.8003,45.1234,4969100.0
2015-01-27,44.7601,45.3496,44.5955,44.9314,4768400.0
2015-01-28,44.7395,44.8697,42.8474,42.9022,7170200.0
2015-01-29,43.3135,43.5878,41.5722,43.0667,8935700.0
2015-01-30,42.6623,43.7454,41.9218,43.1764,8315300.0
2015-02-02,44.1979,45.096,43.4712,45.0891,8433900.0
2015-02-03,45.8844,46.5905,45.5964,46.4397,12135600.0
2015-02-04,45.6718,45.6993,44.7258,45.1577,10671800.0
2015-02-05,45.9461,46.3368,45.4456,46.3231,7546500.0
2015-02-06,46.7825,46.8784,46.0558,46.2683,6620500.0
2015-02-09,46.5974,47.0361,46.3711,46.5151,6581900.0
2015-02-10,46.5219,46.6933,45.5896,46.6111,6596100.0
2015-02-11,46.0852,46.9445,45.7872,46.5357,6672100.0
2015-02-12,47.291,47.7138,46.8614,47.1524,6751300.0
2015-02-13,47.6999,48.587,47.6098,48.4276,7022300.0
2015-02-17,47.9217,48.4899,47.4851,48.1434,5801200.0
2015-02-18,47.1455,47.8593,46.8544,46.9376,7544400.0
2015-02-19,45.7803,47.0208,45.3367,46.7228,7785700.0
2015-02-20,46.5634,46.7228,45.9674,46.695,7541800.0
2015-02-23,46.2099,46.8059,46.0921,46.3763,4537500.0
2015-02-24,46.7574,46.7643,46.2654,46.4941,3925700.0
2015-02-25,46.7574,47.0138,46.404,46.799,4801600.0
2015-02-26,46.3555,46.3555,45.4546,45.6347,6692100.0
2015-02-27,45.7387,45.808,45.1358,45.1843,4994400.0
2015-03-02,45.2952,45.2952,44.2349,44.6299,6288100.0
2015-03-03,44.6022,45.2328,44.5398,44.8932,4470700.0
2015-03-04,44.9001,44.9001,44.124,44.5259,4544600.0
2015-03-05,44.3596,44.4081,43.8884,43.8884,4454000.0
2015-03-06,43.6597,44.1309,43.431,43.5141,5431600.0
2015-03-09,43.5003,43.8953,42.9459,42.9459,5302400.0
2015-03-10,42.2667,42.7726,42.0588,42.1835,7292600.0
2015-03-11,42.239,42.8766,42.142,42.4815,5364700.0
2015-03-12,42.6756,42.9043,42.4954,42.5231,4224500.0
2015-03-13,42.1073,42.828,41.9756,42.7172,6507800.0
2015-03-16,42.4192,43.2854,42.1558,43.2439,5065800.0
2015-03-17,42.9736,43.3062,42.537,42.9736,5218500.0
2015-03-18,42.6479,44.5675,42.6271,44.1032,8183200.0
2015-03-19,43.5072,43.8745,43.2716,43.4933,6175500.0
2015-03-20,43.7636,44.4358,43.6597,44.2418,6996100.0
2015-03-23,44.3527,44.4774,43.8052,43.8191,6082400.0
2015-03-24,43.9715,44.0893,43.327,43.3478,5207400.0
2015-03-25,43.6527,44.0062,43.424,43.6943,5969800.0
2015-03-26,44.318,44.4497,43.6042,43.826,5649000.0
2015-03-27,43.6319,43.722,43.2854,43.6111,4163300.0
2015-03-30,43.9923,44.4566,43.9369,44.3527,4812000.0
2015-03-31,43.8329,43.9854,43.133,43.1468,7336000.0
2015-04-01,43.4587,43.9992,43.4102,43.6735,7682000.0
2015-04-02,43.4587,43.9438,43.3617,43.7844,5036800.0
2015-04-06,43.9507,45.6555,43.9369,45.316,7965500.0
2015-04-07,45.2259,45.7664,45.0942,45.5932,6062700.0
2015-04-08,45.7872,45.8981,44.9071,44.914,7124100.0
2015-04-09,45.0595,46.7505,44.9487,46.4317,9615400.0
2015-04-10,46.6812,46.7089,46.002,46.106,4897700.0
2015-04-13,46.3624,46.7228,45.9674,45.9743,4650800.0
2015-04-14,46.307,47.5059,46.2515,47.3742,7154200.0
2015-04-15,47.7554,48.2751,47.4712,48.0949,6380400.0
2015-04-16,47.8108,48.3167,47.2702,47.8247,7333500.0
2015-04-17,47.5336,47.5336,46.5564,46.9099,7480100.0
2015-04-20,47.1871,47.991,47.1594,47.5474,5106000.0
2015-04-21,47.5474,47.8108,46.8752,47.1386,4627700.0
2015-04-22,47.0901,47.2217,46.5218,47.0415,3713100.0
2015-04-23,47.3049,47.7346,47.1316,47.3049,3267700.0
2015-04-24,47.0208,47.0346,46.4525,46.7851,4538500.0
2015-04-27,46.9722,47.1039,46.4317,46.4733,3625700.0
2015-04-28,46.501,46.9584,46.4386,46.9445,3375400.0
2015-04-29,46.7228,47.3395,46.5842,47.1663,4879900.0
2015-04-30,47.8385,47.8385,46.8891,47.0693,6087700.0
2015-05-01,46.896,47.1109,46.4109,46.7366,4822700.0
2015-05-04,46.7158,46.8614,46.2238,46.4456,5578900.0
2015-05-05,46.7366,47.3742,46.4178,46.5703,7906500.0
2015-05-06,47.1039,47.2425,46.2862,46.5911,6103400.0
2015-05-07,46.799,46.799,45.808,46.1684,4977000.0
2015-05-08,46.5287,46.6881,45.9882,46.5495,4283700.0
2015-05-11,46.5149,46.5703,45.1219,45.2397,5893800.0
2015-05-12,45.2467,45.4961,45.0803,45.3229,3843400.0
2015-05-13,45.6001,45.7595,45.1496,45.316,4201100.0
2015-05-14,45.4199,45.8149,45.2744,45.3367,3575000.0
2015-05-15,45.2189,45.7803,45.0873,45.5724,3772200.0
2015-05-18,45.5862,45.8912,45.1704,45.7664,4465400.0
2015-05-19,45.5704,45.5704,45.1218,45.1288,5297100.0
2015-05-20,45.3812,45.5213,44.9396,45.4022,4068900.0
2015-05-21,45.6475,46.082,45.4653,45.9629,4547500.0
2015-05-22,45.5844,46.0189,45.4863,45.6335,3116500.0
2015-05-26,45.255,45.4302,44.5051,44.7434,4448500.0
2015-05-27,44.8135,45.5494,44.6382,44.7293,5882000.0
2015-05-28,44.5261,44.8205,44.2317,44.7574,4228500.0
2015-05-29,44.6452,44.9116,44.463,44.6312,4235900.0
2015-06-01,45.1779,45.1849,44.3228,44.5822,3185678.0
2015-06-02,44.6452,45.0798,44.435,44.9046,4095416.0
2015-06-03,44.7223,45.0588,44.5892,44.7153,4455222.0
2015-06-04,44.442,44.6733,44.1056,44.1546,4389409.0
2015-06-05,43.9864,45.0097,43.9514,44.1827,4837191.0
2015-06-08,44.0986,44.484,44.0004,44.456,5453495.0
2015-06-09,44.7013,45.0868,44.1967,44.1967,5045696.0
2015-06-10,44.7924,45.0307,44.4981,44.8695,3888544.0
2015-06-11,44.8345,45.0237,44.7504,44.8765,3193583.0
2015-06-12,44.6873,44.7504,44.2387,44.5121,4124597.0
2015-06-15,44.2107,44.6032,44.0145,44.3439,4030787.0
2015-06-16,44.463,44.5401,43.9304,44.456,4566211.0
2015-06-17,44.7714,44.9466,43.9514,44.2177,4111679.0
2015-06-18,44.2598,44.5051,44.0145,44.1056,4617592.0
2015-06-19,43.8392,44.3509,43.5449,43.6991,8913798.0
2015-06-22,43.7902,44.1336,43.5869,43.8603,3571879.0
2015-06-23,43.9304,44.3999,43.8112,44.2738,2828669.0
2015-06-24,44.2457,44.5401,44.0355,44.0355,3116794.0
2015-06-25,44.2738,44.2738,43.5449,43.608,3662082.0
2015-06-26,43.5589,43.65,43.2575,43.5799,5039930.0
2015-06-29,43.0473,43.2715,42.7529,42.7599,4442378.0
2015-06-30,43.1244,43.1804,42.6548,43.0403,4123482.0
2015-07-01,43.1033,43.1033,41.8348,42.0731,6363177.0
2015-07-02,42.1782,42.5917,42.1782,42.4165,5703808.0
2015-07-06,41.7016,41.8838,41.1549,41.3932,6328723.0
2015-07-07,41.2811,41.9819,40.8185,41.8067,6302820.0
2015-07-08,41.4493,41.8558,40.7064,40.9026,4800883.0
2015-07-09,41.8067,41.8838,41.1129,41.1199,4712448.0
2015-07-10,41.5684,41.7296,41.1199,41.4423,4323538.0
2015-07-13,41.4283,41.4913,41.0989,41.3021,4161851.0
2015-07-14,41.1759,41.8698,41.1339,41.7226,4756547.0
2015-07-15,41.4283,41.7366,40.7414,40.9447,4503193.0
2015-07-16,41.0778,41.197,40.426,40.6153,4719162.0
2015-07-17,40.37,40.5732,39.7041,40.0896,6634108.0
2015-07-20,40.0756,40.0896,39.3607,39.6481,7227909.0
2015-07-21,39.7812,40.0616,39.3677,39.592,7527149.0
2015-07-22,39.4561,39.5272,39.0158,39.1294,8434795.0
2015-07-23,39.1365,39.2857,37.858,38.3836,10904489.0
2015-07-24,38.3197,38.3197,36.9204,36.9986,12084564.0
2015-07-27,36.4659,36.9489,35.8976,35.9758,12315689.0
2015-07-28,36.1817,37.6165,36.132,37.1051,11723416.0
2015-07-29,36.9702,37.9575,36.9346,37.5739,9456528.0
2015-07-30,37.6378,37.8509,36.8494,36.9844,8875556.0
2015-07-31,36.5298,36.544,35.6917,35.7556,10474243.0
2015-08-03,35.372,35.8479,35.0382,35.3081,10146084.0
2015-08-04,35.2229,35.7556,35.2229,35.4217,6792774.0
2015-08-05,35.7272,36.1178,34.8251,34.889,7078862.0
2015-08-06,34.7257,35.7698,34.3279,35.713,10324568.0
2015-08-07,35.6917,35.9758,34.5197,34.6902,9368672.0
2015-08-10,34.8109,35.6632,34.4842,35.6561,9519807.0
2015-08-11,35.0027,35.8834,34.8464,35.7982,9660050.0
2015-08-12,35.6632,36.8494,35.6206,36.6079,12632250.0
2015-08-13,36.2244,36.2599,35.4146,35.5851,8463559.0
2015-08-14,35.507,35.7201,35.2939,35.3507,6912232.0
2015-08-17,35.1447,35.3791,34.9885,35.2016,5135864.0
2015-08-18,35.2442,35.3649,34.889,35.166,6608971.0
2015-08-19,35.0027,35.0027,33.4188,33.8662,12819824.0
2015-08-20,33.7029,34.1645,33.3832,33.3832,9322529.0
2015-08-21,33.1417,33.6531,32.2326,32.2397,12267658.0
2015-08-24,29.8176,31.913,29.1926,30.4924,18726237.0
2015-08-25,31.9769,31.9769,29.9313,29.9668,13752417.0
2015-08-26,30.4924,30.947,30.0094,30.8333,16545343.0
2015-08-27,31.6928,33.0494,31.572,32.5806,17361683.0
2015-08-28,32.3604,34.0935,32.3604,33.2554,13231345.0
2015-08-31,32.886,35.0311,32.4599,34.9103,15422692.0
2015-09-01,34.2143,34.2143,33.2341,33.9159,15248365.0
2015-09-02,34.3066,34.5623,33.3832,34.2285,9944662.0
2015-09-03,34.4487,35.4217,33.9302,34.2214,8641223.0
2015-09-04,33.5324,33.8165,33.2838,33.5253,8606090.0
2015-09-08,34.2853,34.5765,33.4898,34.4202,11960376.0
2015-09-09,34.8393,35.301,33.8023,33.987,14824188.0
2015-09-10,34.0935,34.6262,33.6176,34.3989,7915375.0
2015-09-11,33.9088,33.9231,33.3477,33.6389,7817021.0
2015-09-14,33.4685,33.4827,32.9145,33.2199,7239848.0
2015-09-15,33.4898,33.9444,33.4614,33.5821,5654379.0
2015-09-16,33.8875,35.1874,33.8378,35.1376,10062593.0
2015-09-17,35.095,36.1604,34.8464,35.6064,12021074.0
2015-09-18,34.9103,35.1731,34.0438,34.3492,9968400.0
2015-09-21,34.6973,34.8038,34.193,34.6262,5853404.0
2015-09-22,33.9017,34.8038,33.8165,34.5339,8327394.0
2015-09-23,34.6049,34.7896,33.9586,33.9941,5574493.0
2015-09-24,33.7455,34.2569,33.6176,33.9231,6301918.0
2015-09-25,34.4771,34.4771,33.3193,33.5182,7110256.0
2015-09-28,32.9855,33.4188,32.5593,32.5664,6813854.0
2015-09-29,32.8718,33.1702,32.4741,33.0778,6645806.0
2015-09-30,33.3264,34.0935,33.3122,34.0651,6870407.0
2015-10-01,34.5836,35.0879,33.7668,34.2072,9045622.0
2015-10-02,33.7952,36.3593,33.781,36.3593,10296697.0
2015-10-05,36.892,37.7373,36.5866,37.6307,11202035.0
2015-10-06,37.7728,39.4419,37.6875,39.1649,13065900.0
2015-10-07,39.7332,40.0457,38.2416,39.2573,12233012.0
2015-10-08,39.0655,40.1664,38.7743,39.9747,8644690.0
2015-10-09,40.1948,40.2659,39.2147,39.8468,7943902.0
2015-10-12,39.8255,39.8468,38.6819,39.2573,6632561.0
2015-10-13,38.9092,39.7047,38.6109,39.0939,5228748.0
2015-10-14,39.0971,39.565,38.9747,39.3922,5150086.0
2015-10-15,39.1331,39.7954,38.7299,39.7594,6374693.0
2015-10-16,40.0905,40.2777,39.241,39.7594,6239193.0
2015-10-19,39.2266,39.4354,38.4996,38.6507,5880623.0
2015-10-20,38.8019,39.0539,38.2908,38.5428,7683375.0
2015-10-21,38.4492,38.7443,38.082,38.1324,5655202.0
2015-10-22,38.3916,39.421,38.2908,39.2914,6468061.0
2015-10-23,39.0899,39.457,38.6219,39.313,5043402.0
2015-10-26,39.277,39.2842,38.1108,38.118,4439358.0
2015-10-27,37.4413,37.5277,36.5271,37.211,6942508.0
2015-10-28,37.2542,38.6363,37.1318,38.3988,8193288.0
2015-10-29,37.5709,39.2698,36.815,38.6003,8255730.0
2015-10-30,38.8235,38.9963,37.8589,38.406,5985892.0
2015-11-02,38.154,39.7738,38.0604,39.5506,6787981.0
2015-11-03,39.8098,41.1415,39.709,40.8392,7988507.0
2015-11-04,40.8392,40.8896,39.9321,40.5584,7597502.0
2015-11-05,40.2273,41.2063,40.1481,40.5152,6316034.0
2015-11-06,40.1481,40.6304,39.5938,40.1481,5765094.0
2015-11-09,40.0473,40.4145,39.1547,39.3346,4684435.0
2015-11-10,39.2194,39.7018,38.8739,39.3418,4362048.0
2015-11-11,39.2482,39.4066,38.3916,38.4708,5968099.0
2015-11-12,37.7581,38.2116,37.2902,37.4125,6013498.0
2015-11-13,37.3549,37.5133,36.7358,37.3117,5400145.0
2015-11-16,37.3621,39.1907,37.139,39.1403,7122747.0
2015-11-17,38.9819,39.3706,38.478,38.8019,5506318.0
2015-11-18,39.1907,39.6442,38.4708,39.2194,4080941.0
2015-11-19,39.0107,39.2122,38.2836,38.5572,5301793.0
2015-11-20,38.6003,38.9099,37.8949,38.1036,4847662.0
2015-11-23,38.0028,38.7083,37.7725,38.3556,4746915.0
2015-11-24,38.4852,40.0329,38.4276,39.8242,6563516.0
2015-11-25,39.5866,39.6514,39.1043,39.1475,4306784.0
2015-11-27,38.7515,38.9387,38.334,38.4996,2217644.0
2015-11-30,38.5212,39.2266,38.406,38.9099,6411064.0
2015-12-01,39.2051,39.4138,38.8019,39.313,6485170.0
2015-12-02,39.0251,39.2842,37.5637,37.8301,9123830.0
2015-12-03,38.0172,38.1396,37.0598,37.1534,9131110.0
2015-12-04,36.5991,37.067,36.1023,36.851,7918624.0
2015-12-07,35.9512,36.2031,34.6698,35.2673,9901895.0
2015-12-08,34.3026,35.3825,33.7483,34.7705,7371027.0
2015-12-09,34.7705,35.8072,34.3746,34.8929,7593360.0
2015-12-10,34.7202,35.9584,34.5618,35.4328,8829705.0
2015-12-11,34.7346,34.8785,33.6979,34.6482,12475081.0
2015-12-14,34.2522,36.0951,34.1226,35.656,12067325.0
2015-12-15,36.2463,36.7574,36.0951,36.3975,8987803.0
2015-12-16,36.2103,36.5991,35.3609,35.5264,9136687.0
2015-12-17,35.5408,35.6056,33.7771,34.0363,10934014.0
2015-12-18,33.8707,34.2522,32.942,33.0644,12505992.0
2015-12-21,33.1364,33.2228,32.0782,32.4669,9512778.0
2015-12-22,32.5245,33.5179,32.3301,33.3164,8754485.0
2015-12-23,34.0435,35.3249,34.0291,35.2961,8369783.0
2015-12-24,35.3033,35.4256,34.5978,34.9793,2623251.0
2015-12-28,34.2738,34.4034,33.7915,33.9715,7550773.0
2015-12-29,34.7202,34.8209,33.9787,34.389,5400537.0
2015-12-30,33.7915,34.3674,33.5035,33.5467,5581222.0
2015-12-31,33.158,33.9787,33.0284,33.6115,5510775.0
2016-01-04,33.41,34.389,33.1724,33.7483,7067114.0
2016-01-05,33.5971,34.209,33.1076,34.1226,5914072.0
2016-01-06,33.1508,33.3452,32.4237,32.6469,9408864.0
2016-01-07,32.2077,32.8412,31.6174,31.7182,9478312.0
2016-01-08,31.8046,32.0998,30.8544,31.1639,7730539.0
2016-01-11,31.1855,31.4015,29.2274,29.6018,15559572.0
2016-01-12,30.1417,30.2641,28.1692,28.9755,14834967.0
2016-01-13,29.3354,30.0841,27.982,28.0756,16986315.0
2016-01-14,28.2268,30.1057,27.8308,29.6953,15369125.0
2016-01-15,28.3204,29.1194,27.6149,28.3348,16363590.0
2016-01-19,28.6083,28.7163,25.628,26.2039,17815912.0
2016-01-20,25.556,25.6352,23.5475,25.0161,28603835.0
2016-01-21,25.1169,26.8806,24.9369,26.571,17720834.0
2016-01-22,27.5069,28.4859,26.4487,27.1181,16273274.0
2016-01-25,26.4918,26.9814,24.6129,24.6201,17000913.0
2016-01-26,25.2464,25.8511,24.073,25.448,26406146.0
2016-01-27,25.1385,27.1613,24.6057,26.0671,20013936.0
2016-01-28,27.2981,28.3851,26.6934,27.3701,15028000.0
2016-01-29,27.4205,28.27,27.0102,28.1332,15025200.0
2016-02-01,27.5285,28.0612,27.075,27.7876,10562331.0
2016-02-02,27.075,27.4853,26.2327,26.3407,13984633.0
2016-02-03,27.0606,27.8812,25.6208,27.8092,17701975.0
2016-02-04,27.7157,28.0756,25.2104,25.4264,44254147.0
2016-02-05,24.4906,24.7713,22.7412,23.6843,43000218.0
2016-02-08,23.0004,24.8361,22.806,24.7857,20296640.0
2016-02-09,23.9146,24.5913,23.5403,24.1738,18184635.0
2016-02-10,23.9704,24.7612,23.0708,23.2811,14912465.0
2016-02-11,22.6572,23.4915,22.5266,23.1288,18958931.0
2016-02-12,23.4262,24.1953,23.1433,23.8688,13023100.0
2016-02-16,24.2968,24.4492,23.6149,23.7672,10974157.0
2016-02-17,24.159,24.9498,23.9559,24.6015,16663755.0
2016-02-18,25.0151,25.0368,24.2606,24.4492,15322919.0
2016-02-19,24.0502,24.1445,23.2811,23.847,12963723.0
2016-02-22,24.4419,25.1747,24.3114,24.9933,9856480.0
2016-02-23,24.6088,25.1094,23.8761,23.8833,8397112.0
2016-02-24,23.2884,23.9704,23.0853,23.9123,9582638.0
2016-02-25,23.9921,24.1953,23.1941,23.9849,9237352.0
2016-02-26,24.5653,25.2545,24.5363,24.7539,9529094.0
2016-02-29,25.0804,25.0949,24.3621,24.5435,7557509.0
2016-03-01,24.7176,25.211,24.1808,25.0006,9654873.0
2016-03-02,24.87,26.4878,24.7394,26.4733,15406622.0
2016-03-03,26.4806,28.1565,26.35,27.9751,17801666.0
2016-03-04,28.2363,30.2386,28.1492,29.8324,22649688.0
2016-03-07,29.9267,30.7973,29.6728,30.0355,15569898.0
2016-03-08,29.8904,29.9267,27.9751,28.0186,12144902.0
2016-03-09,28.5482,28.8167,27.8445,28.3306,11920169.0
2016-03-10,28.2,28.3959,27.83,28.3161,9458291.0
2016-03-11,28.8747,29.4986,28.8239,29.3971,11775235.0
2016-03-14,28.8022,29.3535,28.5773,29.0271,7809890.0
2016-03-15,28.4467,28.911,28.1565,28.8965,6101556.0
2016-03-16,29.1939,30.449,29.1504,30.3765,8790949.0
2016-03-17,30.761,31.7622,30.6087,31.2036,10070601.0
2016-03-18,31.6243,32.212,30.7973,31.2108,12263672.0
2016-03-21,31.0004,31.4938,30.5869,30.8916,6918695.0
2016-03-22,30.6522,31.0367,30.4055,30.4128,6349072.0
2016-03-23,29.9557,30.2386,28.882,28.911,9618760.0
2016-03-24,28.2435,29.0924,27.9533,29.0488,7220724.0
2016-03-28,29.0924,29.1286,28.3088,28.7877,5632887.0
2016-03-29,28.3088,28.8239,27.9751,28.7441,7012882.0
2016-03-30,29.3681,29.5712,28.7079,29.0779,6678978.0
2016-03-31,28.9908,29.4116,28.8022,29.2157,7249158.0
2016-04-01,28.6353,28.9618,28.142,28.8602,7601759.0
2016-04-04,28.853,29.2665,28.2798,28.3669,7395121.0
2016-04-05,28.1129,28.5047,27.7067,28.3233,6566914.0
2016-04-06,28.5845,29.7308,28.4177,29.5639,8276404.0
2016-04-07,29.3318,29.7671,28.8312,29.2447,6050362.0
2016-04-08,30.1951,30.391,29.6945,29.9122,6900499.0
2016-04-11,30.0573,30.4563,29.8541,29.8832,5605249.0
2016-04-12,30.1588,31.7985,30.0065,31.5373,9277379.0
2016-04-13,31.6534,31.8928,31.2036,31.6171,8328103.0
2016-04-14,31.7985,32.1394,31.53,32.0814,7032782.0
2016-04-15,31.7404,32.0451,31.5736,31.7042,7156446.0
2016-04-18,30.5361,32.6473,30.4998,32.6473,8080617.0
2016-04-19,32.7996,34.1708,32.6255,34.1418,10997977.0
2016-04-20,33.9024,34.5771,33.4381,34.1563,7256370.0
2016-04-21,34.0548,34.3304,33.4598,33.5397,8585154.0
2016-04-22,33.6195,34.6352,33.5614,34.5481,7767017.0
2016-04-25,34.2144,34.2651,33.2567,33.5687,10273350.0
2016-04-26,33.8081,34.9471,33.6195,34.8818,8796371.0
2016-04-27,35.2228,35.484,34.6932,34.9036,10047968.0
2016-04-28,34.9181,35.8032,34.461,34.5844,10423070.0
2016-04-29,34.7512,35.4259,34.062,34.6714,7391294.0
2016-05-02,34.5046,34.5989,33.4526,33.9895,6985127.0
2016-05-03,33.4453,33.5614,32.4369,32.7053,7583517.0
2016-05-04,32.7706,33.1189,31.3341,31.4938,7908946.0
2016-05-05,32.3136,32.6328,31.0222,31.3487,7460593.0
2016-05-06,31.0004,31.6171,30.6667,31.0222,7242128.0
2016-05-09,30.6957,30.8263,29.8251,30.2169,5803819.0
2016-05-10,30.1951,31.1165,30.1661,31.102,6723250.0
2016-05-11,31.102,32.2338,30.6957,31.6896,7626710.0
2016-05-12,31.9581,32.4224,31.2253,31.7259,7166399.0
2016-05-13,31.4647,31.8638,31.0802,31.2108,5146836.0
2016-05-16,31.7694,32.2991,31.7694,31.9798,6728103.0
2016-05-17,31.8352,32.2511,31.5287,31.7622,10164173.0
2016-05-18,31.6527,32.1927,31.412,31.6236,6822794.0
2016-05-19,31.1931,31.8279,30.6969,31.6381,5460472.0
2016-05-20,31.7549,32.0978,31.4047,31.7987,5600964.0
2016-05-23,31.5214,32.0468,31.3755,31.806,4773178.0
2016-05-24,32.0468,32.0905,31.5871,31.7111,5123779.0
2016-05-25,32.0322,32.8786,31.9957,32.7618,5383661.0
2016-05-26,33.1413,33.4039,32.6013,32.6378,6785885.0
2016-05-27,32.3021,32.4189,31.9957,32.3459,5158336.0
2016-05-31,32.5356,33.0318,31.8716,31.9519,6651699.0
2016-06-01,31.6454,32.1635,31.5287,32.1489,6224696.0
2016-06-02,31.8789,32.5648,31.7038,32.3824,6224191.0
2016-06-03,32.2657,32.6305,31.8862,32.2365,5183009.0
2016-06-06,32.6889,33.2945,32.4481,33.2142,6667928.0
2016-06-07,33.5426,34.71,33.4185,34.6881,9756593.0
2016-06-08,34.9873,35.3521,34.6152,34.6517,8420194.0
2016-06-09,34.0898,34.3963,33.9658,33.9804,4657064.0
2016-06-10,33.4915,33.652,32.2948,32.4773,7918366.0
2016-06-13,32.0759,32.8056,31.9592,32.0176,6351033.0
2016-06-14,31.9884,32.5429,31.6309,32.3386,6507283.0
2016-06-15,32.0395,32.4773,31.6746,31.8935,5625792.0
2016-06-16,31.5214,31.609,30.8063,31.4922,6097911.0
2016-06-17,31.8133,32.6451,31.7476,32.2146,7343230.0
2016-06-20,32.8348,33.0975,32.521,32.6086,7520064.0
2016-06-21,32.5283,32.8932,32.2875,32.6889,5858628.0
2016-06-22,32.9224,32.9661,32.0395,32.0978,7449024.0
2016-06-23,32.5429,33.3018,32.3021,33.2945,6889051.0
2016-06-24,31.609,32.4116,31.3171,31.4995,11065063.0
2016-06-27,31.0179,31.1274,29.5659,29.7556,10434193.0
2016-06-28,30.6896,30.748,30.2372,30.6093,7368675.0
2016-06-29,31.0106,32.2657,30.7844,32.0395,8993407.0
2016-06-30,31.9008,32.1927,31.5287,31.8133,7628307.0
2016-07-01,31.9957,32.4116,31.7403,31.7476,8286535.0
2016-07-05,31.1712,31.2076,30.1788,30.4269,8672600.0
2016-07-06,30.3175,30.6677,30.0402,30.5728,5938658.0
2016-07-07,30.8647,31.2222,30.0548,30.2883,7717028.0
2016-07-08,30.9012,30.9596,30.3612,30.8647,9554394.0
2016-07-11,31.1858,31.3463,30.9377,30.9742,5643967.0
2016-07-12,31.4922,32.3167,31.4557,31.9592,9107097.0
2016-07-13,31.9592,32.1489,30.7261,31.2806,8144767.0
2016-07-14,31.6819,31.7549,31.142,31.3901,5417337.0
2016-07-15,31.5725,31.733,31.142,31.3317,4847164.0
2016-07-18,31.1785,31.3317,30.799,31.1639,4279572.0
2016-07-19,31.0106,31.1201,30.4269,30.5801,6454257.0
2016-07-20,30.4401,30.8879,30.1172,30.6677,5805537.0
2016-07-21,30.6824,30.9833,30.0071,30.1245,7702830.0
2016-07-22,30.1539,30.308,29.8162,29.919,6401117.0
2016-07-25,29.6768,29.8529,29.2217,29.5373,6471890.0
2016-07-26,29.4345,29.9997,29.3244,29.941,5114651.0
2016-07-27,30.0511,30.4181,29.3611,29.4125,8815958.0
2016-07-28,29.5446,29.9263,29.1189,29.552,10262026.0
2016-07-29,29.251,30.0291,29.1189,29.963,6747462.0
2016-08-01,29.6621,29.6768,28.9354,29.0749,8206176.0
2016-08-02,29.2217,29.4052,28.4803,29.207,6118516.0
2016-08-03,29.229,29.6107,28.9941,29.5887,6568563.0
2016-08-04,29.4859,29.6988,29.1116,29.4345,6049132.0
2016-08-05,29.5226,29.8309,29.3024,29.8015,7089305.0
2016-08-08,30.0805,30.6824,30.0291,30.5062,8685321.0
2016-08-09,30.6383,30.7778,30.1172,30.2713,6263139.0
2016-08-10,30.4255,30.4915,29.7281,29.8015,5549784.0
2016-08-11,29.941,30.6163,29.596,30.3814,7707175.0
2016-08-12,30.4989,30.5723,30.2273,30.3667,4179056.0
2016-08-15,30.5796,31.0053,30.5136,30.9613,5103017.0
2016-08-16,30.9613,31.6073,30.653,31.4604,10000797.0
2016-08-17,31.3357,31.7467,31.1228,31.71,8015327.0
2016-08-18,31.8128,32.0697,31.666,31.9963,5567247.0
2016-08-19,31.7687,31.9155,31.5779,31.7981,5391170.0
2016-08-22,31.3724,31.5118,31.0567,31.2916,5237778.0
2016-08-23,31.2696,31.8054,31.1595,31.7247,5487792.0
2016-08-24,31.5339,31.8348,31.4531,31.5339,4699558.0
2016-08-25,31.4898,31.5852,31.1375,31.4017,3902949.0
2016-08-26,31.4898,31.7761,30.9319,31.0494,4877771.0
2016-08-29,30.9613,31.1742,30.8439,31.0861,3852845.0
2016-08-30,31.2623,31.4678,30.9026,30.998,4767244.0
2016-08-31,30.8732,30.9246,29.9263,30.1319,7056038.0
2016-09-01,30.0218,30.1686,29.4566,29.8015,6376570.0
2016-09-02,30.2053,30.3227,29.963,30.0364,4619693.0
2016-09-06,30.1245,30.264,29.8089,30.0952,5584895.0
2016-09-07,30.2566,30.4622,30.1098,30.4475,5604490.0
2016-09-08,30.7411,31.8128,30.587,31.7687,9257794.0
2016-09-09,31.4384,31.8788,30.9907,31.0127,11159763.0
2016-09-12,30.8072,31.6586,30.5062,31.321,8931042.0
2016-09-13,30.7705,30.8439,29.8529,30.1025,10124965.0
2016-09-14,29.9924,30.4255,29.2657,29.3538,7871277.0
2016-09-15,29.4859,29.7208,29.185,29.3831,6142161.0
2016-09-16,29.0822,29.3464,28.9941,29.2657,7618726.0
2016-09-19,29.4492,29.5373,28.8326,28.8326,4599322.0
2016-09-20,28.8693,29.2363,28.6271,28.6344,5090590.0
2016-09-21,28.9794,29.4566,28.8767,29.4052,5448955.0
2016-09-22,29.9116,30.3374,29.9116,30.1098,6913358.0
2016-09-23,29.6254,30.2493,29.0675,29.3171,7091420.0
2016-09-26,29.4198,29.9263,29.3538,29.3758,4102881.0
2016-09-27,29.0308,29.0675,28.6271,28.9427,6632588.0
2016-09-28,29.0675,31.0274,28.7152,30.9613,11925979.0
2016-09-29,30.8072,32.4147,30.8072,32.0477,14810907.0
2016-09-30,32.1651,32.3853,31.732,31.9082,6895615.0
2016-10-03,32.0624,32.1578,31.4164,31.8788,4232517.0
2016-10-04,31.8788,31.9596,31.2623,31.4678,5392974.0
2016-10-05,31.9302,32.3853,31.7908,32.2312,5390919.0
2016-10-06,32.3633,32.7083,31.9522,32.6789,7385710.0
2016-10-07,32.6643,32.8037,32.3119,32.4587,6130971.0
2016-10-10,32.7597,33.0606,32.5615,32.5835,8074027.0
2016-10-11,32.5321,32.7303,31.688,31.8054,5601723.0
2016-10-12,31.6867,31.9599,31.2438,31.9082,4876645.0
2016-10-13,31.4874,31.5169,30.9115,31.1183,6427521.0
2016-10-14,31.2511,31.5538,30.7417,30.7639,5304576.0
2016-10-17,30.6974,30.8746,30.1363,30.3431,4764234.0
2016-10-18,30.7048,30.727,29.8041,30.0108,5957699.0
2016-10-19,30.2619,31.0813,30.1806,30.8008,8307561.0
2016-10-20,30.5498,31.0592,30.3357,30.631,5534824.0
2016-10-21,30.3947,30.7122,30.2397,30.6679,4775214.0
2016-10-24,30.9115,31.4209,30.7343,31.1847,8035597.0
2016-10-25,31.1035,31.4874,30.8377,30.8672,5444364.0
2016-10-26,30.4538,31.2216,30.3652,30.8599,7221219.0
2016-10-27,31.1552,33.1116,31.1183,32.4841,15074501.0
2016-10-28,33.0008,33.8425,32.6982,33.2002,16669085.0
2016-10-31,33.0451,33.0747,31.9304,32.078,9559436.0
2016-11-01,32.4619,32.5357,31.4062,32.1445,7381139.0
2016-11-02,31.6867,32.1592,31.2585,31.9156,6234683.0
2016-11-03,32.0854,32.4988,31.8122,32.1887,5775972.0
2016-11-04,31.9968,32.3364,31.5095,31.5686,6074396.0
2016-11-07,32.1149,32.4841,31.8787,32.425,4814566.0
2016-11-08,32.1814,33.1116,32.1149,32.7277,5406104.0
2016-11-09,32.0928,34.1156,32.0337,33.7613,9280473.0
2016-11-10,33.717,33.7687,32.7351,33.0599,9531123.0
2016-11-11,32.7129,32.9861,32.0559,32.4398,7027422.0
2016-11-14,32.174,32.676,32.0559,32.58,8255122.0
2016-11-15,32.6686,33.6579,32.6686,33.429,9625117.0
2016-11-16,33.3405,33.7096,32.6169,32.7646,5892670.0
2016-11-17,33.0747,33.2814,32.1149,32.1961,5558200.0
2016-11-18,32.27,33.1928,32.2404,33.0451,6930318.0
2016-11-21,33.6948,34.3297,33.621,34.2264,8080723.0
2016-11-22,34.1747,34.47,33.429,34.0123,6342255.0
2016-11-23,33.7539,34.2928,33.6136,34.1821,4199914.0
2016-11-25,33.813,33.9901,33.3478,33.776,2959281.0
2016-11-28,34.4922,34.5881,33.5103,33.5915,8110415.0
2016-11-29,32.831,32.8901,32.3586,32.6539,7879534.0
2016-11-30,34.1821,36.4117,34.1304,35.8211,16278066.0
2016-12-01,37.0171,37.0244,35.4593,35.5996,9525826.0
2016-12-02,35.4741,35.7915,35.2378,35.5257,4726400.0
2016-12-05,36.0499,36.9875,35.9023,36.0868,7338443.0
2016-12-06,35.7841,36.9506,35.5331,36.8399,6033467.0
2016-12-07,36.515,36.9432,36.3526,36.8399,7234721.0
2016-12-08,36.9801,37.0466,36.1164,36.7513,5044065.0
2016-12-09,36.8916,37.5191,36.7808,37.4822,5045721.0
2016-12-12,38.5084,39.2024,37.8439,37.9325,8702243.0
2016-12-13,38.5822,39.254,38.1097,38.8627,6620194.0
2016-12-14,38.5674,38.848,37.9325,38.0137,6687426.0
2016-12-15,37.7406,38.4862,37.3419,38.1983,6595956.0
2016-12-16,38.3755,38.4936,38.0654,38.346,5257895.0
2016-12-19,38.3903,38.4567,38.0654,38.3755,3840096.0
2016-12-20,38.5527,38.8184,37.9178,38.058,3710013.0
2016-12-21,38.2795,38.5158,37.9768,38.0063,3277493.0
2016-12-22,38.058,38.2278,37.9325,38.0506,3817516.0
2016-12-23,37.903,38.1319,37.8144,37.9251,2365074.0
2016-12-27,37.9842,38.346,37.9104,38.0949,2408249.0
2016-12-28,37.999,38.1983,37.3714,37.4822,3543772.0
2016-12-29,37.4379,37.5191,37.0909,37.3124,3084806.0
2016-12-30,37.1942,37.5339,36.862,37.0171,3415686.0
2017-01-03,37.5191,38.1023,36.8546,37.364,5726831.0
2017-01-04,37.4305,37.7258,37.15,37.711,4048319.0
2017-01-05,37.807,38.154,37.4453,37.6003,3811428.0
2017-01-06,37.6667,37.711,37.1278,37.46,2606112.0
2017-01-09,37.113,37.305,36.6405,36.6627,4694833.0
2017-01-10,36.8251,36.9432,36.4486,36.6627,4318679.0
2017-01-11,36.8842,38.0137,36.515,37.8144,7242637.0
2017-01-12,38.0211,38.0433,36.9801,37.0244,6071356.0
2017-01-13,36.8399,37.556,36.7956,37.3493,3540639.0
2017-01-17,37.3271,37.4379,36.9137,37.0244,3942667.0
2017-01-18,36.766,37.3493,36.7587,37.113,3992128.0
2017-01-19,37.0614,37.2459,36.7513,36.8103,3809446.0
2017-01-20,37.2016,37.7184,37.15,37.4526,4729165.0
2017-01-23,37.1057,37.3345,36.6036,36.8694,5048006.0
2017-01-24,37.0171,37.9473,36.9211,37.113,4866734.0
2017-01-25,37.2164,37.8218,37.15,37.4231,4866416.0
2017-01-26,37.3788,37.6667,37.1647,37.3788,3436598.0
2017-01-27,37.1573,37.2533,36.3231,36.4929,4645300.0
2017-01-30,36.1828,36.3083,34.8392,35.0533,9017090.0
2017-01-31,35.2969,36.0204,34.972,35.9982,5886716.0
2017-02-01,36.1754,36.2862,35.0237,35.8063,8686184.0
2017-02-02,35.9909,36.4264,34.9056,35.9466,7208874.0
2017-02-03,36.0647,37.2755,36.0352,37.2312,6998468.0
2017-02-06,37.2828,37.6372,36.4338,36.9801,6539423.0
2017-02-07,36.5815,37.0835,36.2345,36.4855,6390848.0
2017-02-08,36.2123,37.0318,35.8137,36.6184,7322871.0
2017-02-09,36.9441,37.1594,36.5285,36.7734,5077756.0
2017-02-10,37.1334,37.5119,36.9701,37.2151,4632547.0
2017-02-13,37.1408,37.1408,36.5322,36.8885,5005429.0
2017-02-14,37.1111,37.2447,36.6139,37.2151,5058262.0
2017-02-15,37.0221,37.3264,36.599,36.6361,6396339.0
2017-02-16,36.8068,36.8514,35.8271,35.8791,7248059.0
2017-02-17,35.79,35.8048,34.9587,35.263,9399653.0
2017-02-21,35.7232,36.0127,35.4931,35.7232,7280753.0
2017-02-22,35.4337,35.5822,34.9067,34.9587,6672164.0
2017-02-23,35.4189,35.5228,34.9067,35.1071,6895881.0
2017-02-24,34.8919,35.2482,34.6692,34.9142,5609043.0
2017-02-27,35.0552,35.3595,34.8548,35.1517,4909531.0
2017-02-28,35.0107,35.3818,34.8845,35.3075,4718724.0
2017-03-01,35.6267,36.5396,35.5228,36.406,7851758.0
2017-03-02,36.0869,36.2353,35.5599,35.7826,5198192.0
2017-03-03,35.7677,35.9533,35.3595,35.4931,4502287.0
2017-03-06,35.4634,35.9755,35.1368,35.8642,5162462.0
2017-03-07,35.9607,36.0052,35.3224,35.4189,4648190.0
2017-03-08,35.1888,35.3743,33.9938,34.0755,8152774.0
2017-03-09,33.8528,34.6099,33.7563,34.4985,6050630.0
2017-03-10,34.7954,34.7954,33.7563,33.8973,7071164.0
2017-03-13,33.8899,34.2684,33.8008,34.0235,5154662.0
2017-03-14,33.5114,33.5485,32.7988,33.3555,9458870.0
2017-03-15,33.7266,34.2313,33.2887,34.0235,6711050.0
2017-03-16,34.1051,34.2387,33.7786,34.0235,4345817.0
2017-03-17,34.12,34.4095,33.8751,33.9122,5775893.0
2017-03-20,33.6895,34.1274,33.4371,34.0383,4635774.0
2017-03-21,34.1719,34.2684,33.311,33.5336,5383001.0
2017-03-22,33.4223,33.6375,33.1254,33.1402,6715773.0
2017-03-23,33.1402,33.4,32.9176,33.0141,7844984.0
2017-03-24,33.1328,33.311,32.6355,32.732,7571093.0
2017-03-27,32.2793,32.9844,32.1086,32.873,5262188.0
2017-03-28,32.9621,33.7637,32.8062,33.6821,5959740.0
2017-03-29,33.645,34.1868,33.4,34.1051,4799469.0
2017-03-30,36.6139,37.4155,36.0795,37.1111,28230758.0
2017-03-31,36.8291,37.1483,36.3838,37.0147,11388086.0
2017-04-03,37.0369,37.0592,36.2205,36.7029,6454611.0
2017-04-04,36.6658,36.9553,36.3986,36.9107,5374458.0
2017-04-05,37.1186,37.4155,36.3318,36.4506,6445615.0
2017-04-06,36.6584,37.0889,36.4877,36.9701,5370253.0
2017-04-07,37.0072,37.1111,36.651,36.7697,4817859.0
2017-04-10,36.9553,37.46,36.9033,37.2225,5591340.0
2017-04-11,37.2225,37.2893,36.792,37.2225,6621600.0
2017-04-12,37.2151,37.5713,36.5842,36.6955,6481562.0
2017-04-13,36.8143,36.9553,36.0201,36.0869,7711023.0
2017-04-17,36.0646,36.3838,35.9681,36.3318,4258356.0
2017-04-18,36.0795,36.5693,35.9459,36.1388,5275044.0
2017-04-19,36.1908,36.4209,35.4931,35.6267,5195689.0
2017-04-20,35.6415,36.1314,35.5451,35.5896,5326318.0
2017-04-21,35.5228,35.7232,35.1071,35.4337,5158773.0
2017-04-24,35.6267,35.7677,35.4115,35.5599,4503210.0
2017-04-25,35.6044,36.2947,35.4783,36.2131,5746549.0
2017-04-26,35.8271,36.7623,35.8048,35.8791,5586744.0
2017-04-27,35.5005,35.7306,34.7731,35.5228,6262606.0
2017-04-28,35.738,35.8642,35.4337,35.5599,5246704.0
2017-05-01,35.4708,35.649,35.2259,35.2407,4924893.0
2017-05-02,35.3001,35.3447,34.3427,34.6618,8942115.0
2017-05-03,34.3278,35.2111,34.3278,34.9439,4865429.0
2017-05-04,34.7212,34.7731,33.9122,34.0829,8274658.0
2017-05-05,34.12,34.7731,34.0606,34.7138,5976451.0
2017-05-08,34.736,35.0552,34.5282,34.981,4667278.0
2017-05-09,35.0181,35.0403,34.1868,34.3427,4944158.0
2017-05-10,34.6655,35.5313,34.5311,35.3372,6484123.0
2017-05-11,35.0872,35.6843,35.0872,35.3932,6203373.0
2017-05-12,35.3783,35.5798,34.7663,35.0573,7519687.0
2017-05-15,35.8933,36.0724,35.2738,35.4081,6162830.0
2017-05-16,35.5798,35.6171,34.8334,35.1768,4503558.0
2017-05-17,35.0872,35.3783,34.5797,34.6394,6367417.0
2017-05-18,34.3334,35.0499,34.199,34.6468,5625713.0
2017-05-19,34.9976,35.5947,34.7961,35.438,6059354.0
2017-05-22,35.6992,35.7515,34.9827,35.0275,6513991.0
2017-05-23,34.9752,35.326,34.8334,34.9006,6480982.0
2017-05-24,34.811,34.8931,34.4378,34.8334,6755508.0
2017-05-25,34.6841,35.0573,33.3481,33.6243,10605846.0
2017-05-26,33.8333,33.8855,33.3481,33.8482,9283151.0
2017-05-30,33.5347,33.6541,33.2362,33.4302,7628113.0
2017-05-31,33.0944,33.4825,32.9078,33.3556,7261126.0
2017-06-01,33.4377,33.8258,33.1317,33.4825,6284548.0
2017-06-02,33.2735,33.3034,32.8555,33.0347,6627525.0
2017-06-05,32.8779,33.2362,32.8406,32.8555,5003496.0
2017-06-06,32.8033,33.2212,32.6913,33.1989,7757085.0
2017-06-07,32.9526,33.1615,32.2734,32.5122,10905123.0
2017-06-08,32.2883,32.7286,32.1091,32.1465,6932104.0
2017-06-09,32.1689,33.5422,32.1465,33.4526,9034937.0
2017-06-12,33.7736,34.3632,33.7736,34.1244,11463379.0
2017-06-13,34.1244,34.826,34.0348,34.6543,7516177.0
2017-06-14,34.3781,34.4155,33.7288,33.9005,6038904.0
2017-06-15,33.8557,34.2214,33.5123,33.8781,7652179.0
2017-06-16,34.199,34.8334,34.0423,34.7289,8609695.0
2017-06-19,34.7364,34.8707,34.4976,34.602,5028369.0
2017-06-20,33.893,34.3632,33.8109,34.199,6406988.0
2017-06-21,34.2139,34.4976,33.3332,33.5497,9062099.0
2017-06-22,33.572,33.8781,33.281,33.4452,6453556.0
2017-06-23,33.4302,33.8258,33.1914,33.4601,5965992.0
2017-06-26,33.5347,33.5571,32.8854,33.0123,7583503.0
2017-06-27,33.2287,33.3108,32.8033,32.8182,7470298.0
2017-06-28,32.8779,33.0944,32.6316,32.8107,5672917.0
2017-06-29,32.8854,33.3332,32.8257,32.9003,7174895.0
2017-06-30,33.1317,33.2735,32.6167,32.8107,6967986.0
2017-07-03,32.9973,34.2065,32.9824,34.0796,4846759.0
2017-07-05,33.7885,33.9228,32.6615,32.96,6434437.0
2017-07-06,32.9376,33.072,32.2584,32.3256,6050213.0
2017-07-07,32.1838,32.3032,31.721,32.0942,6946817.0
2017-07-10,31.9673,32.4525,31.9226,32.2734,3874006.0
2017-07-11,32.2808,32.5868,32.0345,32.3555,4013966.0
2017-07-12,32.7212,32.8406,32.042,32.2734,6071732.0
2017-07-13,32.2584,32.445,32.0196,32.2808,5828637.0
2017-07-14,32.3331,32.6764,32.2957,32.4301,4809584.0
2017-07-17,32.3256,32.4823,32.1614,32.236,5689915.0
2017-07-18,32.4301,32.4301,31.9449,32.1465,5706111.0
2017-07-19,32.0537,32.6544,32.0462,32.5868,7548430.0
2017-07-20,32.8759,32.921,32.3653,32.4629,5950755.0
2017-07-21,32.2602,32.4104,31.9673,32.0274,5434388.0
2017-07-24,32.0875,32.2602,31.9448,31.9973,4405144.0
2017-07-25,32.553,33.0111,32.4629,32.7783,6986965.0
2017-07-26,32.9736,33.3265,32.7258,32.8159,5999579.0
2017-07-27,33.2965,33.5368,32.8985,33.5368,7833927.0
2017-07-28,33.5893,34.498,33.5067,33.9873,9397108.0
2017-07-31,34.0399,34.4454,33.9423,34.0699,6691099.0
2017-08-01,34.0399,34.0399,33.5067,33.6043,5502198.0
2017-08-02,33.334,34.2652,33.2439,34.2502,7161863.0
2017-08-03,34.2727,34.5055,33.5443,33.7245,7954370.0
2017-08-04,33.747,34.2351,33.6869,34.2126,5210323.0
2017-08-07,33.9948,34.1525,33.6644,33.9197,5221017.0
2017-08-08,33.9047,34.6256,33.7921,34.2652,6809895.0
2017-08-09,34.3853,34.543,34.0699,34.2802,6661562.0
2017-08-10,34.3027,34.5055,33.7395,33.7696,4646809.0
2017-08-11,33.762,34.0774,33.5443,33.6344,3555887.0
2017-08-14,33.6419,33.8597,33.3415,33.4466,4234969.0
2017-08-15,33.3716,33.5668,33.0787,33.4166,4861042.0
2017-08-16,33.4842,33.5368,32.6732,32.8084,4898123.0
2017-08-17,32.6657,32.936,32.2602,32.2902,4936368.0
2017-08-18,32.2602,32.7107,31.9223,32.3728,5611491.0
2017-08-21,32.2151,32.2452,31.7345,31.9147,4258022.0
2017-08-22,32.0199,32.5605,32.0049,32.4329,4113575.0
2017-08-23,32.2527,33.0036,32.1626,32.8084,4413165.0
2017-08-24,32.6582,32.7107,32.3503,32.5155,3600729.0
2017-08-25,32.6582,33.1237,32.5605,32.7258,4433174.0
2017-08-28,32.7408,32.7633,32.0649,32.3278,3664623.0
2017-08-29,32.0799,32.2827,31.8622,32.1776,3699550.0
2017-08-30,32.0124,32.6657,31.8547,32.5981,5895004.0
2017-08-31,32.8759,33.1538,32.6807,32.7858,5701777.0
2017-09-01,32.8684,33.334,32.6507,33.2214,4008086.0
2017-09-05,33.4091,33.5743,33.1237,33.334,4066999.0
2017-09-06,33.6043,34.0549,33.5893,33.8371,4443196.0
2017-09-07,33.702,33.9348,33.3941,33.8747,4229209.0
2017-09-08,33.7921,33.7921,33.1162,33.3941,3132667.0
2017-09-11,33.5368,34.0174,33.4166,33.7395,4033451.0
2017-09-12,33.8146,34.0099,33.6344,33.7395,3641061.0
2017-09-13,33.8221,34.3853,33.7921,34.2126,4932773.0
2017-09-14,34.3478,34.8134,34.2802,34.4154,4284253.0
2017-09-15,34.4154,34.926,34.3778,34.926,5479286.0
2017-09-18,34.6932,35.4667,34.6707,35.3615,5597069.0
2017-09-19,35.3766,35.8797,35.354,35.707,5079059.0
2017-09-20,35.9398,36.6456,35.8947,36.2927,6138868.0
2017-09-21,36.1876,36.6306,35.9623,36.563,3897948.0
2017-09-22,36.5705,37.2839,36.518,36.8559,5359664.0
2017-09-25,37.0962,37.6894,37.0887,37.5317,5633434.0
2017-09-26,37.344,37.5693,36.961,37.2989,4320936.0
2017-09-27,37.2989,37.712,37.2314,37.712,4335167.0
2017-09-28,37.8847,38.17,37.4041,37.5468,4181127.0
2017-09-29,37.3815,37.6218,37.2539,37.5843,2980059.0
2017-10-02,37.2088,37.7946,37.0211,37.7795,3903366.0
2017-10-03,37.6744,37.7195,36.9685,36.976,5990221.0
2017-10-04,37.0662,37.2389,36.7282,37.0286,4346796.0
2017-10-05,37.1413,37.3891,37.1037,37.3215,3500069.0
2017-10-06,36.9085,37.1262,36.5705,36.6907,2749072.0
2017-10-09,36.8709,36.946,36.6682,36.7282,2652417.0
2017-10-10,37.0737,37.3065,36.8784,36.9385,3423724.0
2017-10-11,36.946,37.344,36.7132,37.2464,3069758.0
2017-10-12,36.8605,37.4494,36.8001,37.4041,3688266.0
2017-10-13,37.74,37.8684,37.2644,37.2946,3853523.0
2017-10-16,37.5513,37.8457,37.4833,37.5362,3500303.0
2017-10-17,37.5211,37.7023,37.2342,37.5362,2772828.0
2017-10-18,37.5588,37.8835,37.4079,37.5286,5150559.0
2017-10-19,37.2871,37.7778,37.2191,37.5286,3103441.0
2017-10-20,37.6721,38.0496,37.4154,37.9363,4856606.0
2017-10-23,37.959,38.3138,37.6947,37.9439,3869933.0
2017-10-24,38.11,38.7441,38.0647,38.495,6536967.0
2017-10-25,38.5478,38.6007,37.5588,37.7174,5803295.0
2017-10-26,38.042,39.0838,37.589,38.8498,6277449.0
2017-10-27,38.6233,39.4311,37.8986,38.6611,6605895.0
2017-10-30,38.797,39.1065,38.4119,38.797,5279499.0
2017-10-31,38.7441,38.9631,38.5176,38.6158,4686690.0
2017-11-01,39.114,39.4689,38.8272,39.333,5148064.0
2017-11-02,39.3028,39.7029,39.0234,39.6199,4381359.0
2017-11-03,39.5368,40.2163,39.2499,39.9822,6909869.0
2017-11-06,40.02,40.7221,39.8614,40.5183,6589402.0
2017-11-07,40.7145,40.8202,39.9596,40.3748,6179438.0
2017-11-08,40.8429,40.9335,40.1332,40.405,6028055.0
2017-11-09,40.2163,40.5032,39.8841,40.4126,5514814.0
2017-11-10,40.3144,40.3824,39.635,40.0049,4230307.0
2017-11-13,39.7558,39.9822,39.6425,39.6878,4481861.0
2017-11-14,39.4009,39.5821,38.5629,38.6762,5582516.0
2017-11-15,38.3062,38.6309,37.7098,38.1175,5952567.0
2017-11-16,38.0496,38.2383,37.808,37.9137,4414109.0
2017-11-17,37.9288,38.1402,37.7476,37.8457,3414909.0
2017-11-20,37.7476,37.9363,37.4305,37.808,3300297.0
2017-11-21,37.9514,38.3062,37.4984,37.7551,4776011.0
2017-11-22,38.1402,38.193,37.7627,37.9137,3699165.0
2017-11-24,38.0873,38.4044,38.0798,38.1024,1956708.0
2017-11-27,37.9137,37.9363,37.053,37.1134,4966821.0
2017-11-28,37.2644,37.8684,36.97,37.8457,5376873.0
2017-11-29,37.6872,38.3742,37.5362,38.2987,5949073.0
2017-11-30,38.4421,39.0914,38.2383,38.4119,7994727.0
2017-12-01,38.8876,39.6123,38.6762,39.0612,5294812.0
2017-12-04,39.1593,39.5293,38.6913,38.7215,5127349.0
2017-12-05,38.6762,39.031,38.5856,38.6762,3234917.0
2017-12-06,38.5554,38.6837,37.9892,38.0345,3535253.0
2017-12-07,37.959,38.3817,37.808,38.1553,2954917.0
2017-12-08,38.4044,39.0385,38.3062,38.9329,3953353.0
2017-12-11,38.9102,39.4915,38.8121,39.0234,3032660.0
2017-12-12,39.2726,39.3028,38.6535,39.2273,4709566.0
2017-12-13,39.2273,39.3254,38.9404,39.0159,3767089.0
2017-12-14,39.182,39.8312,39.1442,39.4915,4937593.0
2017-12-15,39.8463,40.0502,39.3028,39.3858,5752288.0
2017-12-18,39.3405,39.7558,39.3405,39.5142,4280922.0
2017-12-19,39.6048,39.9596,39.3632,39.7709,3679203.0
2017-12-20,39.9369,41.1524,39.6048,40.9561,6832556.0
2017-12-21,40.8806,42.3301,40.7825,42.2395,6417959.0
2017-12-22,42.315,42.4358,41.8621,41.8998,2988694.0
2017-12-26,42.1112,42.5566,41.93,42.4509,2605101.0
2017-12-27,42.3226,42.3301,41.628,41.9678,3448411.0
2017-12-28,41.8923,41.9678,41.5978,41.6582,2510439.0
2017-12-29,41.8545,41.8998,41.4242,41.4393,2504019.0
2018-01-02,41.5903,41.9074,41.3864,41.7639,3023770.0
2018-01-03,41.8092,42.5717,41.7715,42.534,3290642.0
2018-01-04,42.5868,43.1757,42.3452,43.0247,4061558.0
2018-01-05,42.7907,42.9643,42.4132,42.9416,2882163.0
2018-01-08,42.8511,43.3795,42.7227,43.3795,3467877.0
2018-01-09,43.3871,44.0288,43.3418,43.7343,4192886.0
2018-01-10,43.8929,43.9986,43.455,43.523,3207955.0
2018-01-11,43.9155,44.9045,43.4399,44.678,6097009.0
2018-01-12,44.8366,45.4783,44.6327,45.3348,5729632.0
2018-01-16,45.2971,45.4632,44.3912,44.4214,4170098.0
2018-01-17,44.5195,45.4405,44.3761,45.1914,4170830.0
2018-01-18,45.0102,45.3424,44.6554,45.1159,3156079.0
2018-01-19,45.0555,45.1537,44.746,45.1084,3980801.0
2018-01-22,45.1914,45.8105,45.1386,45.8029,3571490.0
2018-01-23,45.7576,45.8256,45.3197,45.6519,4404299.0
2018-01-24,45.7048,46.2936,45.6368,45.667,3742048.0
2018-01-25,45.8633,45.9766,44.8441,44.9045,4493220.0
2018-01-26,45.0706,45.6897,45.0027,45.5915,3799847.0
2018-01-29,45.2367,45.6972,44.9649,45.0404,2943597.0
2018-01-30,44.4968,44.7837,43.8476,44.1345,4768528.0
2018-01-31,44.1873,44.7233,43.9986,44.3987,5206851.0
2018-02-01,44.5421,45.2744,43.9004,44.8064,5846168.0
2018-02-02,44.6705,44.8743,43.4928,43.5758,6546951.0
2018-02-05,43.1379,44.142,41.8319,42.232,8808428.0
2018-02-06,41.3336,42.685,41.0845,42.232,9149057.0
2018-02-07,42.3226,43.0171,41.998,41.998,6279155.0
2018-02-08,42.0001,42.1595,40.186,40.1936,6363447.0
2018-02-09,40.4099,40.6832,38.0874,39.4839,8026508.0
2018-02-12,39.9469,40.9564,39.8862,40.539,4697425.0
2018-02-13,40.1746,40.9413,39.9318,40.4707,4166446.0
2018-02-14,40.0001,42.3986,39.8786,42.1329,5253665.0
2018-02-15,42.2316,42.2847,40.8046,41.3967,4444332.0
2018-02-16,41.2828,41.7914,41.1614,41.4802,3720093.0
2018-02-20,41.4422,41.9735,41.2449,41.6244,2796356.0
2018-02-21,41.4346,42.0798,40.7819,40.797,3285207.0
2018-02-22,41.1841,42.1253,41.131,41.6775,4469111.0
2018-02-23,42.0115,43.3701,41.7989,43.3018,5148395.0
2018-02-26,43.4612,43.6737,42.8919,42.9526,4578969.0
2018-02-27,42.8843,43.7344,42.3682,42.3758,3985614.0
2018-02-28,42.52,42.9451,41.2145,41.2221,3931961.0
2018-03-01,41.3663,41.7534,40.6225,40.8957,3650676.0
2018-03-02,40.6376,41.1462,40.0608,41.0323,3033671.0
2018-03-05,40.5997,41.1614,40.4631,40.9792,3562989.0
2018-03-06,41.1993,41.2828,40.6073,41.0323,3723343.0
2018-03-07,40.4631,41.3359,40.4099,41.0399,5730962.0
2018-03-08,41.0855,41.2752,40.1671,40.6604,3450257.0
2018-03-09,41.0399,41.7989,40.9944,41.7914,4248720.0
2018-03-12,41.7534,42.057,41.4346,41.5485,4061586.0
2018-03-13,41.7003,41.9052,40.668,40.9564,4474513.0
2018-03-14,41.2449,41.5409,40.8881,40.9564,3021068.0
2018-03-15,41.2221,41.3739,40.5162,41.0096,3764028.0
2018-03-16,41.0703,41.89,40.7135,41.6927,5271672.0
2018-03-19,41.6547,41.6775,40.5162,40.6604,3493170.0
2018-03-20,41.0627,42.1025,40.9185,41.5181,3709950.0
2018-03-21,41.8217,43.7117,41.7762,43.2942,5472530.0
2018-03-22,42.816,43.4764,42.5428,42.8843,7974851.0
2018-03-23,43.2942,44.3113,43.2411,43.8255,7528387.0
2018-03-26,44.3037,44.8578,44.1822,44.8426,6791626.0
2018-03-27,44.8957,45.4043,44.5466,44.8881,7446191.0
2018-03-28,44.9792,45.3435,44.3492,44.5769,11663407.0
2018-03-29,44.5845,45.2297,44.5845,45.002,6772878.0
2018-04-02,44.9868,45.0096,42.9375,44.0912,5621537.0
2018-04-03,44.4327,45.6016,43.9166,45.5637,6986263.0
2018-04-04,44.5086,45.3435,44.3644,45.2069,6615125.0
2018-04-05,45.4119,46.4289,45.3359,45.89,5661769.0
2018-04-06,45.7003,46.0342,44.4251,44.9792,7074848.0
2018-04-09,45.4346,46.4137,45.169,46.0115,9222688.0
2018-04-10,46.6339,47.8179,46.5883,47.317,9762841.0
2018-04-11,47.2866,48.0305,46.7553,47.9925,8321518.0
2018-04-12,48.038,48.4859,47.6965,48.0001,8200002.0
2018-04-13,48.539,49.336,48.3796,49.2601,8383590.0
2018-04-16,49.3132,50.0874,48.8654,49.89,6860886.0
2018-04-17,50.0342,50.7857,49.6851,50.4821,6934779.0
2018-04-18,50.854,51.0817,50.3834,50.4138,9215975.0
2018-04-19,50.0115,50.5504,49.7534,50.3303,7236864.0
2018-04-20,49.9811,50.1861,49.594,49.9356,5323890.0
2018-04-23,49.7762,49.8141,48.9337,49.7003,7440767.0
2018-04-24,50.095,50.5656,49.2221,49.5713,6901035.0
2018-04-25,49.3056,49.761,48.5162,49.3815,8386041.0
2018-04-26,49.9052,50.9527,49.4119,50.8312,8530036.0
2018-04-27,50.4213,50.6718,49.298,49.298,5295321.0
2018-04-30,49.2449,50.2088,49.1538,49.7155,4665521.0
2018-05-01,49.3739,49.928,48.9944,49.8749,5761778.0
2018-05-02,49.4726,50.095,49.4422,49.6775,5112316.0
2018-05-03,49.2601,50.2164,48.8198,50.0874,5082385.0
2018-05-04,50.095,50.9223,49.7914,50.7477,5346409.0
2018-05-07,51.0589,52.0988,50.6187,50.6794,6268890.0
2018-05-08,50.7022,51.4157,49.6775,51.4157,5808060.0
2018-05-09,52.076,53.2449,51.9925,52.1443,7858573.0
2018-05-10,52.7215,52.9121,52.1042,52.6301,5546243.0
2018-05-11,52.6796,53.2665,52.4891,52.9235,4886982.0
2018-05-14,52.9692,53.5104,52.8549,53.0378,6029924.0
2018-05-15,53.0073,53.8,52.7711,53.4189,4849439.0
2018-05-16,53.3503,53.5027,52.6644,53.236,3342788.0
2018-05-17,53.5027,54.1125,53.4189,53.8533,4589110.0
2018-05-18,53.7314,53.9905,52.9921,53.0073,3802869.0
2018-05-21,53.3503,53.9448,53.0226,53.8533,4332298.0
2018-05-22,53.9372,54.6536,53.3046,53.4494,4869318.0
2018-05-23,53.0607,53.2512,52.0394,52.6796,5272833.0
2018-05-24,51.826,52.451,51.3687,52.169,5393129.0
2018-05-25,50.9114,50.9572,49.1128,49.8978,7096087.0
2018-05-29,49.3871,50.1645,49.0366,50.0807,4909413.0
2018-05-30,50.5609,52.39,50.4313,51.8641,8662193.0
2018-05-31,51.5059,52.0851,51.0181,51.3611,5550819.0
2018-06-01,51.6431,52.5729,51.323,52.047,5274984.0
2018-06-04,52.5501,52.893,51.5135,51.7498,4787425.0
2018-06-05,51.6126,52.2528,51.4602,51.4907,4972060.0
2018-06-06,51.605,52.1461,51.3001,51.7346,4630048.0
2018-06-07,52.2071,53.1064,52.0242,52.954,6431087.0
2018-06-08,53.3351,53.6323,52.5348,52.9159,5096494.0
2018-06-11,53.3198,54.1048,52.9845,53.7238,5064382.0
2018-06-12,53.4037,53.5942,52.6872,52.9159,6265300.0
2018-06-13,52.8549,53.297,52.3367,53.0607,4973399.0
2018-06-14,53.3427,53.3656,51.7041,51.9251,3848540.0
2018-06-15,51.4068,51.6736,49.6996,49.8139,8546577.0
2018-06-18,49.9969,51.6431,49.8368,50.759,5735922.0
2018-06-19,50.0883,51.0944,49.8673,50.4999,3934953.0
2018-06-20,51.1858,51.544,50.9038,51.4221,4465392.0
2018-06-21,50.9572,51.0334,49.3795,49.6234,5381533.0
2018-06-22,51.4221,52.1385,51.2544,51.6583,7683226.0
2018-06-25,51.666,51.9251,49.8216,50.4084,4282162.0
2018-06-26,50.6142,51.5516,50.4313,51.323,3832375.0
2018-06-27,52.0013,52.9845,51.8946,52.39,6271781.0
2018-06-28,52.8168,52.9692,51.7803,52.1385,3191019.0
2018-06-29,52.5424,53.8305,52.3671,53.0607,5098103.0
2018-07-02,52.5196,52.8397,51.9784,52.2757,3846245.0
2018-07-03,52.8625,54.4478,52.8625,53.015,4355558.0
2018-07-05,53.3884,53.7847,52.3138,52.5348,4269301.0
2018-07-06,52.3519,53.2055,52.1842,53.0836,3430738.0
2018-07-09,53.4646,54.1125,53.2589,54.1125,3978256.0
2018-07-10,54.4859,54.8746,54.3868,54.6764,4326077.0
2018-07-11,54.0515,54.6917,52.9159,53.3884,4334926.0
2018-07-12,54.0058,54.646,53.6628,54.4554,5313587.0
2018-07-13,54.3945,55.309,54.3792,54.8746,5300241.0
2018-07-16,54.021,54.5621,52.9997,53.7924,4956211.0
2018-07-17,53.518,53.8838,52.6644,53.5637,4723248.0
2018-07-18,52.954,53.7314,52.4434,53.6171,4685786.0
2018-07-19,53.4508,53.688,52.961,53.114,5027379.0
2018-07-20,53.3781,53.6765,53.3321,53.577,4410788.0
2018-07-23,53.952,54.0439,53.4852,53.5541,4863577.0
2018-07-24,54.1051,54.7556,53.8525,54.2199,3739294.0
2018-07-25,54.2734,54.7938,53.9444,54.725,4239952.0
2018-07-26,54.4571,55.0617,54.0362,54.9469,6042875.0
2018-07-27,54.702,55.3066,54.4801,54.679,4658908.0
2018-07-30,55.3295,55.8193,55.2071,55.3066,4134459.0
2018-07-31,55.5132,55.6969,55.0081,55.23,4106655.0
2018-08-01,54.7326,55.1382,54.2581,54.9545,4023368.0
2018-08-02,54.6102,54.855,54.3194,54.7632,3599847.0
2018-08-03,54.526,54.702,54.0362,54.5566,3038445.0
2018-08-06,54.6714,55.2224,54.3882,54.8933,3728804.0
2018-08-07,55.5208,56.4468,55.3984,55.7887,4503953.0
2018-08-08,55.276,55.5132,54.128,54.6331,4848731.0
2018-08-09,55.253,55.5897,54.7326,54.9086,5062223.0
2018-08-10,54.8474,55.1229,54.5183,55.054,3780693.0
2018-08-13,55.0311,55.4979,54.3423,54.3882,2941558.0
2018-08-14,55.0464,55.628,54.878,55.2147,3958099.0
2018-08-15,54.5489,54.6178,51.8169,51.9011,6521409.0
2018-08-16,52.2455,53.3092,52.2072,53.1179,4067659.0
2018-08-17,53.4699,53.6536,53.049,53.3934,3293539.0
2018-08-20,53.3245,54.3882,53.3245,53.9673,3466702.0
2018-08-21,54.3653,54.7632,54.174,54.2505,2773708.0
2018-08-22,54.6867,55.4902,54.6255,55.0999,3499374.0
2018-08-23,54.7556,55.1841,54.503,55.1382,3135889.0
2018-08-24,55.6662,56.2938,55.3601,55.5668,3588382.0
2018-08-27,55.5668,56.003,55.5668,55.7428,2811656.0
2018-08-28,55.7428,55.9341,55.0387,55.1382,3265575.0
2018-08-29,55.6892,56.4315,55.4673,56.2785,3897092.0
2018-08-30,56.3856,56.9596,56.0642,56.2938,4330102.0
2018-08-31,55.9264,56.2785,55.8346,56.1943,2624575.0
2018-09-04,56.5769,56.7376,55.7351,55.9494,2366113.0
2018-09-05,55.7428,55.9494,55.1305,55.8652,3628920.0
2018-09-06,55.23,55.4596,53.9597,53.9826,4233518.0
2018-09-07,53.5694,54.0439,53.1255,53.7377,3295321.0
2018-09-10,53.9979,54.8321,53.9673,54.4495,4207846.0
2018-09-11,54.327,55.1612,54.0285,54.6943,3303959.0
2018-09-12,55.2147,55.5055,54.8627,55.077,4196434.0
2018-09-13,55.0923,55.5438,54.4265,55.5208,2780595.0
2018-09-14,55.4137,56.5769,55.4137,56.2479,3571824.0
2018-09-17,56.4086,57.3192,56.3397,56.8142,4610227.0
2018-09-18,57.1662,57.9544,57.1126,57.4264,4424007.0
2018-09-19,57.3958,58.0539,57.1279,57.8014,2901729.0
2018-09-20,57.5029,58.2758,57.2504,57.6713,4050729.0
2018-09-21,57.985,58.6661,57.6713,58.3753,6315754.0
2018-09-24,58.9263,59.6151,58.7656,58.9722,4908402.0
2018-09-25,59.6533,60.1584,59.4161,59.7758,4460239.0
2018-09-26,59.4926,59.9901,59.0794,59.1406,4799844.0
2018-09-27,59.4773,59.6839,59.1636,59.3243,3384657.0
2018-09-28,59.1712,60.212,59.1712,59.2324,4362054.0
2018-10-01,59.5156,61.4058,59.4926,61.138,5382966.0
2018-10-02,60.7247,60.8166,59.86,59.9059,3681844.0
2018-10-03,60.1737,60.388,59.6074,60.1278,5797277.0
2018-10-04,60.0054,60.365,59.3778,59.9059,3581147.0
2018-10-05,59.6916,60.1278,59.3778,59.9901,3574143.0
2018-10-08,59.485,60.2809,59.1329,59.9059,3031417.0
2018-10-09,60.212,61.1915,59.7987,60.763,3834868.0
2018-10-10,60.8931,60.9543,57.4034,57.4646,6571153.0
2018-10-11,56.7573,57.2261,55.0436,55.7045,7537567.0
2018-10-12,56.6536,57.0609,55.7852,56.7381,5062440.0
2018-10-15,56.7381,57.0148,56.108,56.3078,3759077.0
2018-10-16,56.6843,57.0071,56.277,56.7151,3603756.0
2018-10-17,56.9226,56.9226,55.5009,55.7007,5142781.0
2018-10-18,55.0398,56.2386,54.9552,55.7852,5133030.0
2018-10-19,55.8467,56.7919,55.5316,55.7083,3415369.0
2018-10-22,55.8006,55.9235,54.7631,55.3702,4185241.0
2018-10-23,54.2098,54.2482,52.4115,53.1954,5746506.0
2018-10-24,53.5642,53.8102,49.9523,50.4826,6750016.0
2018-10-25,52.1656,52.7881,51.1358,52.2732,7046974.0
2018-10-26,51.4586,53.0801,51.2357,52.6267,6355397.0
2018-10-29,53.1646,53.5719,50.8976,51.7583,5240743.0
2018-10-30,51.6276,53.5719,51.3817,53.4259,4977265.0
2018-10-31,54.0945,55.1935,53.6104,53.7179,4546438.0
2018-11-01,53.9485,54.5325,52.6344,53.472,6187813.0
2018-11-02,53.5566,53.9869,51.7736,52.1348,4086760.0
2018-11-05,52.7881,53.4105,52.4499,53.0493,3597728.0
2018-11-06,53.2953,53.4643,52.4499,53.4105,4610689.0
2018-11-07,54.3635,54.7631,53.2184,53.8178,5282069.0
2018-11-08,53.6104,54.033,51.2357,51.4201,8079697.0
2018-11-09,50.5133,51.6507,49.7909,51.2818,6890383.0
2018-11-12,51.9427,52.3116,50.0599,50.0599,4999971.0
2018-11-13,49.7832,50.398,48.1079,48.9686,8538236.0
2018-11-14,49.814,50.7285,48.8149,49.276,7352552.0
2018-11-15,48.861,50.1752,48.6074,50.1137,5588173.0
2018-11-16,50.4057,51.0589,50.2443,50.813,5639832.0
2018-11-19,50.2366,51.2818,49.9754,51.0589,5646685.0
2018-11-20,50.3827,50.3827,48.5844,49.1761,6396964.0
2018-11-21,49.4989,50.8361,49.3529,50.3212,4449112.0
2018-11-23,48.3231,49.13,47.9619,49.0301,4556740.0
2018-11-26,49.7218,50.4134,49.5911,49.7218,4818644.0
2018-11-27,49.7448,50.4134,49.2991,50.1675,4831846.0
2018-11-28,50.0368,51.205,50.0215,50.9898,4266874.0
2018-11-29,51.0743,51.8812,50.8822,51.3894,3270808.0
2018-11-30,50.7439,51.4432,50.2828,50.8591,5005584.0
2018-12-03,52.3346,53.2261,51.9197,53.1108,5613164.0
2018-12-04,53.3567,53.5796,51.3279,51.4278,5057188.0
2018-12-06,49.8908,51.1896,49.422,51.1896,5941211.0
2018-12-07,52.4422,53.1185,50.5748,50.6516,6334551.0
2018-12-10,50.0215,50.5594,48.6459,50.106,7206249.0
2018-12-11,50.8284,51.2972,49.7448,50.2904,3981814.0
2018-12-12,50.7592,51.5354,50.1214,50.1598,4347733.0
2018-12-13,50.0445,51.5508,49.8678,50.8207,4663463.0
2018-12-14,50.813,50.9437,49.422,49.6065,4851709.0
2018-12-17,49.6219,49.8293,48.1771,48.5075,4754498.0
2018-12-18,48.4384,48.8918,47.2395,47.5777,4576531.0
2018-12-19,48.0772,48.9994,46.74,47.0935,5678575.0
2018-12-20,46.3173,47.4316,45.8562,46.1098,6332820.0
2018-12-21,45.5027,46.8553,45.1953,45.9561,7626722.0
2018-12-24,45.2107,45.8639,43.812,43.812,2861158.0
2018-12-26,44.3269,47.2856,43.6122,47.2626,5683094.0
2018-12-27,46.5171,47.8313,45.6871,47.8236,4217044.0
2018-12-28,48.2232,48.3154,46.9936,47.3932,3614121.0
2018-12-31,47.7467,48.2078,47.4009,47.9158,3828199.0
2019-01-02,46.6401,49.0685,46.4556,48.7073,4036903.0
2019-01-03,48.8303,48.9609,47.3855,47.7851,3449891.0
2019-01-04,48.4768,49.1146,48.154,48.9917,5303487.0
2019-01-07,49.1146,49.3913,48.1771,48.7765,4936400.0
2019-01-08,49.3452,49.6295,48.7688,49.4297,4337521.0
2019-01-09,50.0061,51.2972,49.6449,51.0666,5765850.0
2019-01-10,50.6209,52.2655,50.2828,52.2117,7107917.0
2019-01-11,51.7045,51.7506,50.5594,51.0205,4686945.0
2019-01-14,50.4288,50.9667,50.2059,50.4211,3063415.0
2019-01-15,50.5671,51.3202,50.5364,50.7439,3165870.0
2019-01-16,50.521,50.9283,50.3289,50.4595,3766040.0
2019-01-17,49.9984,51.6199,49.96,51.5354,4452927.0
2019-01-18,51.9811,52.496,51.6199,52.1809,4635093.0
2019-01-22,51.4893,51.6737,50.398,50.5287,4184515.0
2019-01-23,50.8899,51.0743,50.0676,50.6132,4411014.0
2019-01-24,50.6977,51.2818,50.2981,50.813,3818119.0
2019-01-25,51.2203,51.9581,51.1204,51.4816,3037996.0
2019-01-28,50.6209,50.6286,49.8601,50.2213,4063215.0
2019-01-29,50.8822,50.9437,50.1444,50.1829,4199391.0
2019-01-30,50.5671,50.7977,50.0368,50.4826,6591500.0
2019-01-31,51.1358,52.496,50.644,52.0196,7489979.0
2019-02-01,52.5191,53.3721,52.3346,52.7804,4672878.0
2019-02-04,52.4038,53.8025,52.4038,53.741,4163327.0
2019-02-05,53.5258,53.7641,53.1108,53.2261,3060271.0
2019-02-06,52.765,53.449,52.6497,53.1108,2994709.0
2019-02-07,52.5452,52.9004,51.6806,51.8582,3685659.0
2019-02-08,51.5687,51.7848,50.3721,51.1518,5149567.0
2019-02-11,50.6269,51.7771,50.6269,51.5224,3038544.0
2019-02-12,52.5028,52.7267,51.9084,52.0705,2999146.0
2019-02-13,52.2712,53.1358,52.2172,52.3252,4282807.0
2019-02-14,52.1091,53.7997,52.1014,53.3443,3709880.0
2019-02-15,53.9927,54.2861,53.6376,54.178,3619648.0
2019-02-19,53.6685,54.0468,53.406,53.6453,3666595.0
2019-02-20,53.6222,54.618,53.6144,54.5408,4454782.0
2019-02-21,54.2243,54.6875,53.985,54.2243,4699478.0
2019-02-22,54.6952,54.8187,53.9387,54.0159,3650515.0
2019-02-25,53.7766,54.0468,53.4446,53.46,3457121.0
2019-02-26,53.3443,53.6762,53.0663,53.2053,3283268.0
2019-02-27,53.4909,54.3015,53.0741,53.4369,4406611.0
2019-02-28,53.3829,53.4137,52.2326,52.3793,5398138.0
2019-03-01,52.5645,53.352,52.5645,53.213,5253050.0
2019-03-04,53.7302,54.0854,53.0586,53.9618,4196048.0
2019-03-05,54.039,54.0854,52.8965,53.2748,5477588.0
2019-03-06,52.966,52.9891,52.4487,52.7189,5240288.0
2019-03-07,52.773,52.8039,52.1477,52.4565,4721240.0
2019-03-08,51.4915,51.4915,50.1096,50.5111,6422654.0
2019-03-11,51.1055,51.2136,50.4416,50.8507,5956956.0
2019-03-12,51.0823,51.2753,50.2949,50.6655,8242569.0
2019-03-13,51.0206,52.001,50.9743,51.9933,6510136.0
2019-03-14,51.9392,52.387,51.6999,51.7385,4946619.0
2019-03-15,51.3834,52.441,51.3602,52.1786,7315145.0
2019-03-18,52.4024,52.7267,51.9547,52.194,5566617.0
2019-03-19,52.6031,52.8811,51.8003,51.9933,4067075.0
2019-03-20,52.0242,52.6186,51.4683,52.14,4487282.0
2019-03-21,52.2866,52.7112,51.9238,52.6031,4055215.0
2019-03-22,52.0782,52.3021,50.4802,51.0051,3953869.0
2019-03-25,50.982,52.1014,50.5805,51.7771,5925821.0
2019-03-26,52.4719,53.7302,52.4256,52.9274,5437873.0
2019-03-27,52.7267,53.3288,52.1631,52.4256,3338578.0
2019-03-28,52.0319,52.194,51.5378,52.0164,4108615.0
2019-03-29,52.7112,52.9119,51.3988,51.5224,4266014.0
2019-04-01,52.1014,52.5877,51.9624,52.2558,4011149.0
2019-04-02,52.1786,52.3638,51.0206,51.2213,4341294.0
2019-04-03,51.5764,51.6922,50.3103,50.5728,3917382.0
2019-04-04,50.6191,50.7735,50.1559,50.3026,5191553.0
2019-04-05,50.5728,51.0978,50.3798,51.0437,7128764.0
2019-04-08,51.3448,52.1245,51.0978,51.3757,4175583.0
2019-04-09,51.1132,51.1673,50.5265,50.7195,2992125.0
2019-04-10,51.0129,51.862,50.9743,51.6999,4799943.0
2019-04-11,51.4452,52.1863,50.7349,51.2367,7320260.0
2019-04-12,52.1554,52.6649,51.9084,52.0087,6682081.0
2019-04-15,51.7694,51.9006,51.1055,51.2136,4683955.0
2019-04-16,51.5378,51.6536,50.8276,50.8276,6761525.0
2019-04-17,51.3294,51.7231,50.7813,50.7813,5951634.0
2019-04-18,50.9048,51.2522,50.5805,50.8739,4672024.0
2019-04-22,51.4915,51.9547,51.2059,51.6922,6633599.0
2019-04-23,51.7154,52.0473,51.283,51.2985,5859099.0
2019-04-24,51.7231,51.7231,49.9398,49.9475,5270490.0
2019-04-25,49.8935,49.9089,49.3531,49.384,6050096.0
2019-04-26,49.0829,49.1446,47.9249,48.4653,7150825.0
2019-04-29,48.4576,48.7278,48.1411,48.3649,5247166.0
2019-04-30,49.0597,49.384,48.2877,48.7278,6679058.0
2019-05-01,49.1987,49.8163,48.3804,48.3804,9693154.0
2019-05-02,48.0175,48.8745,47.3073,47.315,9775580.0
2019-05-03,47.786,48.5425,47.4849,47.8709,4893143.0
2019-05-06,47.2842,48.1333,47.0757,47.7705,4477648.0
2019-05-07,47.2147,47.3536,46.5431,47.0912,4748537.0
2019-05-08,47.122,47.9712,47.0603,47.4231,3516415.0
2019-05-09,46.9572,47.733,46.8175,47.508,5021710.0
2019-05-10,47.5352,48.3188,46.9145,48.0395,4678402.0
2019-05-13,47.7059,48.0317,47.1861,47.4731,3922851.0
2019-05-14,47.7059,48.792,47.6671,48.3498,3300835.0
2019-05-15,48.1015,48.3498,47.5585,48.1326,4305054.0
2019-05-16,48.567,48.9782,48.4895,48.5438,4142742.0
2019-05-17,48.0783,48.5438,47.9619,48.1791,3817567.0
2019-05-20,48.1248,48.536,48.0084,48.4507,3455456.0
2019-05-21,48.5981,49.6222,48.5981,49.3584,3890780.0
2019-05-22,48.9317,49.4282,48.6679,48.9162,4008327.0
2019-05-23,47.9774,48.0783,45.9447,46.162,6931351.0
2019-05-24,46.5654,46.868,45.7197,46.4568,4915691.0
2019-05-28,46.5732,47.0464,46.3792,46.5887,3504127.0
2019-05-29,45.999,46.8214,45.7275,46.6585,4774817.0
2019-05-30,46.6042,46.7904,45.4637,45.7353,4589783.0
2019-05-31,45.037,46.0844,44.8586,45.743,5084025.0
2019-06-03,45.8284,46.7051,45.7896,46.0999,4001266.0
2019-06-04,46.449,46.5499,45.7353,45.8516,5502459.0
2019-06-05,45.937,46.0068,44.2069,44.2845,8956390.0
2019-06-06,44.5172,45.4094,44.4474,45.1534,5529143.0
2019-06-07,45.1611,46.0146,45.1146,45.743,4532889.0
2019-06-10,46.0301,46.3094,45.6111,45.9758,3715037.0
2019-06-11,46.3094,46.449,45.5103,45.5646,4084740.0
2019-06-12,45.1301,45.4715,44.9051,45.4249,4268332.0
2019-06-13,46.0456,46.2551,45.6577,45.8206,3514477.0
2019-06-14,45.8206,46.0766,45.5335,45.6344,2434915.0
2019-06-17,45.2698,45.8594,45.2077,45.7818,2864266.0
2019-06-18,46.1077,46.7206,45.937,46.418,3367883.0
2019-06-19,46.3559,46.7749,46.0766,46.2783,3225550.0
2019-06-20,47.1162,47.4809,46.8602,47.093,6141897.0
2019-06-21,47.093,47.318,46.7594,46.8059,5266221.0
2019-06-24,46.7982,47.155,46.7594,46.9533,2414841.0
2019-06-25,46.7826,47.2326,46.3637,46.3714,3264968.0
2019-06-26,47.1938,49.1101,47.1861,48.6834,6558914.0
2019-06-27,48.5515,48.7688,47.2326,47.5352,4319747.0
2019-06-28,47.5352,47.861,47.0774,47.3257,3235432.0
2019-07-01,48.1015,48.73,47.8766,48.2955,4366799.0
2019-07-02,48.28,48.3576,46.4801,46.6275,6202750.0
2019-07-03,46.9533,47.1395,46.5421,46.9378,3700611.0
2019-07-05,46.6973,46.9999,46.2318,46.4723,3579684.0
2019-07-08,46.3947,46.9766,46.3559,46.4645,4787096.0
2019-07-09,46.5344,46.6895,45.7741,46.4645,4405876.0
2019-07-10,46.9223,47.5352,46.7438,47.4886,4051702.0
2019-07-11,47.318,47.6904,47.1318,47.6826,3073837.0
2019-07-12,47.6748,48.0705,47.5429,47.9153,2794380.0
2019-07-15,47.9386,48.0317,46.9999,47.0542,3461035.0
2019-07-16,47.0542,47.1938,46.2085,46.3559,4200217.0
2019-07-17,46.6352,46.9688,46.3714,46.3792,4764243.0
2019-07-18,46.5954,46.8917,46.3849,46.7982,4063667.0
2019-07-19,46.7319,47.2387,46.2874,47.0438,3446019.0
2019-07-22,47.1451,47.5272,46.7553,47.1296,2233931.0
2019-07-23,47.0516,47.1451,46.6617,47.0048,2991132.0
2019-07-24,46.8878,47.3479,46.7007,46.8488,2905021.0
2019-07-25,47.2465,47.2543,45.9287,46.0379,3401555.0
2019-07-26,45.9287,46.2952,45.57,45.8117,4422648.0
2019-07-29,45.7649,45.8585,44.8136,45.3751,4884655.0
2019-07-30,44.5329,46.6773,44.4627,46.4044,4426172.0
2019-07-31,46.381,46.5837,45.5232,46.0691,6146245.0
2019-08-01,45.2893,47.0048,45.1411,45.8507,6200015.0
2019-08-02,46.0145,46.2484,43.9169,44.0339,5642525.0
2019-08-05,43.3165,43.4412,42.2872,42.6381,4800250.0
2019-08-06,42.9032,42.911,42.0454,42.2872,4486946.0
2019-08-07,41.5464,41.8895,40.7822,41.5776,7232278.0
2019-08-08,41.9363,42.9578,41.562,42.9422,4820260.0
2019-08-09,42.8564,43.2541,42.0922,42.1156,3660712.0
2019-08-12,41.9441,42.0532,41.2111,41.4216,2692231.0
2019-08-13,41.2033,42.755,40.8914,42.0064,4520436.0
2019-08-14,40.907,41.2189,40.1662,40.3767,4475514.0
2019-08-15,40.0804,40.5561,39.4488,39.6983,4564241.0
2019-08-16,39.8075,40.3923,39.6125,40.135,3969031.0
2019-08-19,40.9927,42.3417,40.907,42.061,6598060.0
2019-08-20,41.7257,41.7959,41.0551,41.1019,3606312.0
2019-08-21,41.5854,41.8583,40.8524,41.0395,4324120.0
2019-08-22,41.2579,41.601,40.7276,40.751,2512290.0
2019-08-23,40.2753,40.6964,39.0901,39.3162,4530556.0
2019-08-26,39.8075,40.3221,39.5268,40.057,3675271.0
2019-08-27,40.3377,40.4313,39.3942,39.7529,2648947.0
2019-08-28,40.0882,40.7354,39.9634,40.5093,3604274.0
2019-08-29,40.79,41.289,40.712,40.7744,3746076.0
2019-08-30,40.829,41.2812,40.2519,40.6886,3303376.0
2019-09-03,39.8075,40.6418,39.5657,40.5795,3480588.0
2019-09-04,41.1643,41.7023,41.0083,41.562,4224224.0
2019-09-05,41.7881,42.295,41.5542,41.6711,4376130.0
2019-09-06,41.3904,41.9441,41.0785,41.8193,3206108.0
2019-09-09,42.2638,42.9266,41.9986,42.8642,4298111.0
2019-09-10,43.3087,44.8292,43.1917,43.9169,6353980.0
2019-09-11,44.2366,44.8214,43.8935,44.6031,6116056.0
2019-09-12,43.6596,44.4237,43.3399,43.9403,4208576.0
2019-09-13,44.4315,44.993,44.3458,44.7123,5394547.0
2019-09-16,47.9171,49.2427,47.1841,48.7593,13748585.0
2019-09-17,48.7125,49.2973,46.9424,47.7378,10214586.0
2019-09-18,46.7865,47.075,46.2172,46.7943,5348594.0
2019-09-19,47.1607,47.3245,46.5915,46.7631,4304551.0
2019-09-20,46.9814,47.7378,46.8878,47.4259,8245125.0
2019-09-23,46.7865,47.3089,46.6773,46.9268,4210006.0
2019-09-24,46.7787,46.8332,45.492,46.2406,5958072.0
2019-09-25,45.5856,46.3966,45.4608,46.381,4222048.0
2019-09-26,46.0535,46.108,44.6733,44.9774,4866967.0
2019-09-27,44.4939,45.492,44.4159,45.1489,3135524.0
2019-09-30,44.8916,45.1567,44.2054,44.4315,4028890.0
2019-10-01,44.837,44.993,42.9032,43.0045,4890769.0
2019-10-02,42.7238,42.9188,41.328,41.3826,4321116.0
2019-10-03,41.1643,41.9597,40.7822,41.8427,2926898.0
2019-10-04,41.7413,42.1,41.0941,41.7179,3411410.0
2019-10-07,42.2248,43.3788,41.9519,42.5757,5860801.0
2019-10-08,42.0298,43.1917,41.8973,42.0298,5050974.0
2019-10-09,42.5679,43.1605,42.3339,42.8408,4150064.0
2019-10-10,42.8876,43.6752,42.8876,43.5738,4230770.0
2019-10-11,44.0416,44.4393,43.8233,44.0027,4255147.0
2019-10-14,43.5348,44.0183,43.3866,43.7687,2974515.0
2019-10-15,43.5027,44.0526,43.2041,43.6284,4677794.0
2019-10-16,43.5498,43.8012,42.8663,42.9055,3928506.0
2019-10-17,43.0234,43.102,42.4106,42.8427,3248359.0
2019-10-18,42.9448,43.1177,42.387,42.387,3299450.0
2019-10-21,42.6227,44.0841,42.4891,43.9662,4919306.0
2019-10-22,43.9505,45.294,43.9426,44.4219,4736382.0
2019-10-23,44.4848,44.6419,43.6598,44.1941,3619580.0
2019-10-24,44.4455,44.7047,43.7855,44.1233,2772858.0
2019-10-25,44.0683,44.5476,43.6755,44.2726,2188795.0
2019-10-28,44.3748,44.744,43.102,43.7462,5656449.0
2019-10-29,43.8405,45.5454,42.7327,44.854,6536458.0
2019-10-30,45.129,45.1447,43.1727,43.2434,5730055.0
2019-10-31,43.1098,43.3691,42.5206,43.3691,3991698.0
2019-11-01,43.7226,45.1683,43.5812,44.9012,4865115.0
2019-11-04,45.3804,46.0168,44.9483,45.569,4300531.0
2019-11-05,46.0561,46.6139,45.844,45.9697,5525523.0
2019-11-06,45.7654,46.4175,45.0504,45.2783,3987695.0
2019-11-07,45.8047,46.8496,45.8047,46.7789,6429219.0
2019-11-08,46.2682,46.5904,45.4983,46.4804,3450940.0
2019-11-11,46.0875,46.5432,45.8047,46.2839,2652706.0
2019-11-12,46.3389,46.7082,45.514,45.7497,3141300.0
2019-11-13,45.4433,45.5847,44.9562,45.2233,2763137.0
2019-11-14,45.3804,45.6083,44.7597,44.9797,2405067.0
2019-11-15,45.2233,45.7968,45.2154,45.7654,3036397.0
2019-11-18,45.3333,45.3961,44.304,44.5476,3997370.0
2019-11-19,44.6497,45.1997,44.2333,44.9169,4787895.0
2019-11-20,44.8619,46.7868,44.7205,46.6375,7825118.0
2019-11-21,46.7868,47.5724,46.6689,47.3053,8758506.0
2019-11-22,47.5253,48.2324,46.8496,47.0618,4806732.0
2019-11-25,47.1403,48.0517,46.5196,47.9653,5049417.0
2019-11-26,47.7689,48.2088,47.1953,47.2267,5190859.0
2019-11-27,47.4153,47.5174,46.5668,47.4075,3871738.0
2019-11-29,46.8339,47.376,46.6925,47.0932,1908631.0
2019-12-02,47.3289,48.1617,47.156,47.431,5498299.0
2019-12-03,46.936,47.0696,46.0482,46.2682,3987108.0
2019-12-04,46.6375,47.9653,46.4961,47.6353,6279211.0
2019-12-05,47.926,48.1381,46.7082,47.0146,3499406.0
2019-12-06,47.3839,48.8138,47.2425,48.6881,6221867.0
2019-12-09,48.3817,48.8845,48.2245,48.5781,3748970.0
2019-12-10,48.586,48.7195,48.1853,48.5231,3039425.0
2019-12-11,48.2167,48.586,47.9417,48.4603,2649504.0
2019-12-12,48.311,49.4581,48.2167,49.1752,3558196.0
2019-12-13,49.8509,50.338,49.0966,49.2616,4418046.0
2019-12-16,49.5366,49.9452,49.1202,49.3559,4195702.0
2019-12-17,49.4188,50.1102,49.4188,49.9059,4451125.0
2019-12-18,49.8666,50.2516,49.6152,49.6545,3655441.0
2019-12-19,49.4816,49.788,49.4188,49.6466,3197023.0
2019-12-20,50.228,50.2987,49.678,50.063,4765805.0
2019-12-23,50.0237,50.943,49.8587,50.7544,4197344.0
2019-12-24,50.8801,51.4694,50.7623,50.8094,1910469.0
2019-12-26,51.1394,51.6501,50.9508,51.0687,3652594.0
2019-12-27,51.2258,51.5637,50.7623,51.053,4132397.0
2019-12-30,51.1237,51.2651,50.6994,50.7623,2544070.0
2019-12-31,50.4009,51.2022,50.2044,51.0923,2378460.0
2020-01-02,51.2887,51.6029,50.9508,51.4301,3128393.0
2020-01-03,52.6715,52.7422,51.1158,51.6187,4833953.0
2020-01-06,52.0743,52.5929,51.7601,52.2315,6731275.0
2020-01-07,52.2,52.2393,51.6501,52.2315,4026039.0
2020-01-08,52.2079,52.3493,50.6916,51.0215,4766270.0
2020-01-09,50.7308,51.9722,50.5109,51.9094,4440623.0
2020-01-10,51.7444,52.0115,51.328,51.3987,6009327.0
2020-01-13,51.3515,51.4694,50.9744,51.1708,2879756.0
2020-01-14,51.2415,51.328,50.8016,51.1787,3144062.0
2020-01-15,51.0687,51.328,50.6287,51.0687,2426265.0
2020-01-16,51.3751,51.5558,50.8723,51.1237,3174037.0
2020-01-17,51.2887,51.4065,50.943,51.1237,3284184.0
2020-01-21,50.7308,50.9508,50.2359,50.3066,3825450.0
2020-01-22,50.1259,50.1259,49.3638,49.5052,4937028.0
2020-01-23,48.7195,49.7802,48.4131,49.6073,4881414.0
2020-01-24,49.2616,49.2616,48.7509,49.1988,4206627.0
2020-01-27,48.2167,48.5781,47.8003,47.9574,4112857.0
2020-01-28,48.4053,48.4603,47.8474,48.0674,2771428.0
2020-01-29,48.3895,48.4603,47.3525,47.5253,2607636.0
2020-01-30,46.9439,47.9181,46.8182,47.8396,5533056.0
2020-01-31,47.1403,47.4624,46.4411,46.6925,5240530.0
2020-02-03,46.6768,47.4075,46.2447,46.4961,4205147.0
2020-02-04,46.2997,46.9989,44.3355,44.3826,10359402.0
2020-02-05,45.0033,46.3154,44.6419,46.1818,6637617.0
2020-02-06,46.4096,46.4096,45.514,45.8911,4354366.0
2020-02-07,45.4197,45.8597,45.2233,45.5611,3882284.0
2020-02-10,45.1447,45.679,44.9483,45.4668,4213108.0
2020-02-11,46.2368,46.3625,45.734,46.1268,4454434.0
2020-02-12,47.0625,48.0516,46.7777,46.9518,4286775.0
2020-02-13,46.754,47.0388,46.3662,46.5403,4268020.0
2020-02-14,46.6274,46.7619,46.0339,46.3821,3103324.0
2020-02-18,46.2159,46.3425,45.6621,46.1289,3030640.0
2020-02-19,46.4849,46.9676,46.4295,46.8885,3062829.0
2020-02-20,46.8805,47.1179,46.3504,46.5878,3722184.0
2020-02-21,46.1447,46.3742,45.7095,46.2397,3917334.0
2020-02-24,44.4277,45.0528,44.3011,44.6097,5640519.0
2020-02-25,44.7205,44.855,42.3626,42.5921,7679635.0
2020-02-26,42.7424,42.9244,40.4399,40.4874,9163929.0
2020-02-27,39.2452,39.261,37.2908,37.2908,12035926.0
2020-02-28,35.9299,38.3273,35.7004,38.3115,12480365.0
2020-03-02,39.0236,39.0711,37.093,38.9524,6952059.0
2020-03-03,39.1898,40.7406,37.544,38.0741,7773350.0
2020-03-04,38.5726,39.2056,37.7735,39.1106,5889988.0
2020-03-05,37.9634,38.4856,37.0139,37.7418,7146990.0
2020-03-06,36.3809,36.7844,35.3523,35.8666,10985415.0
2020-03-09,26.8624,28.6426,25.3195,26.9573,25179220.0
2020-03-10,28.9908,29.6079,26.1107,27.5982,16366339.0
2020-03-11,26.5775,26.8624,24.9238,25.7625,15299104.0
2020-03-12,24.006,24.8526,22.0121,22.3128,12894051.0
2020-03-13,24.2117,25.1137,21.8222,24.8289,13158099.0
2020-03-16,21.5611,24.6469,20.5008,20.6354,10721299.0
2020-03-17,20.9281,21.2446,19.2982,20.7699,14340750.0
2020-03-18,19.1874,20.2556,16.4893,17.9372,13279049.0
2020-03-19,18.1667,20.5641,16.6159,20.2476,12095430.0
2020-03-20,21.4108,22.4631,20.485,21.2367,16209412.0
2020-03-23,21.1655,21.3396,18.4753,19.4248,13138831.0
2020-03-24,20.9281,24.4254,20.9281,24.3225,12654767.0
2020-03-25,24.7102,25.7625,23.3335,24.4807,10614542.0
2020-03-26,24.6232,25.6834,24.0456,25.3907,10327714.0
2020-03-27,23.8319,23.9506,22.7875,23.1436,8666775.0
2020-03-30,22.5581,23.8478,21.7747,23.1752,8651165.0
2020-03-31,23.7607,25.2562,23.5075,24.37,9628951.0
2020-04-01,23.1989,24.1563,22.8033,23.4363,8411151.0
2020-04-02,24.726,28.0255,24.2988,26.7911,11871942.0
2020-04-03,27.3846,27.6773,25.0109,26.0395,8879992.0
2020-04-06,26.4905,26.7437,25.1533,25.9524,10530825.0
2020-04-07,27.5982,28.4369,26.1265,26.3243,9057704.0
2020-04-08,26.9415,28.3973,26.7911,28.2312,6034268.0
2020-04-09,30.0115,30.051,26.3322,27.4795,11539571.0
2020-04-13,28.4369,28.4686,26.7199,27.1393,7824993.0
2020-04-14,27.1947,27.2738,26.6408,26.9652,7699791.0
2020-04-15,25.454,26.1107,24.3146,25.4777,9190970.0
2020-04-16,25.1929,25.5014,24.1484,24.5836,10293477.0
2020-04-17,25.3036,27.9859,25.2008,27.8989,9870434.0
2020-04-20,25.6913,28.2233,25.6359,27.3529,11184355.0
2020-04-21,26.0711,27.0048,25.8021,26.261,10785109.0
2020-04-22,27.8514,28.1125,27.3292,27.6773,8971887.0
2020-04-23,28.8246,29.4339,27.9859,28.6268,8035361.0
2020-04-24,29.2519,29.513,28.3103,28.5556,6459865.0
2020-04-27,28.3815,29.6,27.44,29.3943,6809486.0
2020-04-28,29.9798,30.8502,29.7187,30.4466,7629050.0
2020-04-29,31.7047,33.667,31.3645,33.3979,10195297.0
2020-04-30,33.6907,34.4819,32.314,33.3109,8986626.0
2020-05-01,32.0766,32.6779,30.6286,30.9689,7441581.0
2020-05-04,30.5574,31.9658,30.1855,31.9342,7605448.0
2020-05-05,34.1021,34.474,32.1636,32.3773,7430340.0
2020-05-06,32.5118,33.0973,31.5069,32.037,5048226.0
2020-05-07,33.2285,34.3073,33.1565,33.5641,7213605.0
2020-05-08,34.4591,34.6429,33.612,34.4272,5405273.0
2020-05-11,33.8198,34.587,33.628,33.7799,4963635.0
2020-05-12,34.0596,34.4831,33.1885,33.2285,5170342.0
2020-05-13,32.7809,32.9088,31.5982,31.8779,5868521.0
2020-05-14,31.1107,32.3334,30.1917,31.9099,4987674.0
2020-05-15,31.8619,33.2045,31.742,32.6611,5686985.0
2020-05-18,34.7229,35.6499,34.4911,34.8427,6532383.0
2020-05-19,34.9226,35.0665,34.0516,34.0995,4968747.0
2020-05-20,34.8347,35.8017,34.603,35.2823,5217158.0
2020-05-21,35.4741,35.8576,34.8587,34.9386,5146283.0
2020-05-22,34.2913,34.6509,33.8038,34.587,3470029.0
2020-05-26,35.8097,36.0574,34.7548,34.8987,6057249.0
2020-05-27,35.4341,35.7138,34.3313,35.6978,4299353.0
2020-05-28,35.7378,35.7378,34.1794,34.3712,4294786.0
2020-05-29,34.0516,34.1874,33.3004,33.7079,5786090.0
2020-06-01,33.7719,34.9226,33.2764,34.6749,5141249.0
2020-06-02,35.1784,35.7138,34.9226,35.3222,4454826.0
2020-06-03,36.0494,36.1453,35.1784,36.0574,5757453.0
2020-06-04,35.7058,36.0654,35.2982,35.7298,4203719.0
2020-06-05,37.8715,38.9823,37.5838,38.8305,8376310.0
2020-06-08,40.1251,40.5886,39.0063,40.205,7240615.0
2020-06-09,38.5588,39.31,38.2631,38.8624,5522880.0
2020-06-10,38.3909,38.5907,36.6568,36.6888,5376213.0
2020-06-11,33.628,35.3622,33.4043,33.66,5560984.0
2020-06-12,36.2093,36.2892,33.652,34.9466,5306751.0
2020-06-15,32.8209,35.0905,32.6451,34.6429,5996634.0
2020-06-16,36.1773,36.505,34.8347,36.0494,4978413.0
2020-06-17,35.9535,36.0414,35.0905,35.1784,4141468.0
2020-06-18,34.7868,35.8337,34.5071,35.522,4510981.0
2020-06-19,36.6808,36.6808,34.6669,34.9226,5612141.0
2020-06-22,34.555,35.1464,34.0915,34.8108,3357554.0
2020-06-23,35.2583,35.5859,34.8347,35.0106,3055269.0
2020-06-24,34.3632,34.4991,32.709,32.757,4968148.0
2020-06-25,32.4932,33.66,32.3734,33.612,4231090.0
2020-06-26,33.2205,33.2604,32.0937,32.2455,4137142.0
2020-06-29,32.2855,33.0447,31.9019,33.0047,3856683.0
2020-06-30,32.6611,33.8358,32.1896,33.5801,4245319.0
2020-07-01,33.8438,34.2274,32.5092,32.5572,4011046.0
2020-07-02,33.4203,33.9717,33.2285,33.3883,3489235.0
2020-07-06,33.9876,34.2594,33.0526,33.2684,3272476.0
2020-07-07,32.8848,33.2684,32.4213,32.4773,3487021.0
2020-07-08,32.4293,33.2205,32.2056,32.7969,3633888.0
2020-07-09,32.4932,32.677,30.5993,30.6472,6558084.0
2020-07-10,30.6552,31.822,30.5433,31.7181,5276161.0
2020-07-13,32.0697,32.3734,31.1667,31.6941,4150416.0
2020-07-14,31.5183,33.0367,31.3824,33.0127,3477068.0
2020-07-15,33.7159,33.8997,32.8049,33.2604,4220993.0
2020-07-16,32.9943,33.6159,32.4857,33.2365,3412846.0
2020-07-17,33.3818,33.6401,32.1062,32.2596,5117624.0
2020-07-20,32.2596,32.5664,31.6784,31.751,5063720.0
2020-07-21,32.3726,33.9792,32.2919,33.632,5716359.0
2020-07-22,33.1557,33.301,32.5502,33.0104,3776123.0
2020-07-23,32.7198,33.2042,32.4695,32.6633,4112333.0
2020-07-24,32.8893,33.3898,32.4211,32.518,4260740.0
2020-07-27,32.2273,32.6794,31.8398,32.1062,3963208.0
2020-07-28,31.9448,32.2596,31.3232,31.4523,4061771.0
2020-07-29,31.4604,32.2435,31.1617,32.2435,4719169.0
2020-07-30,30.7742,31.0567,28.982,30.3867,11203212.0
2020-07-31,29.9104,30.3544,29.6278,30.1849,5674630.0
2020-08-03,30.088,30.1849,29.6198,29.6359,6292698.0
2020-08-04,29.5955,30.7338,29.4422,30.3867,4514485.0
2020-08-05,31.081,31.2344,30.4432,30.6935,5338983.0
2020-08-06,30.3867,31.0245,30.3625,30.7177,4833659.0
2020-08-07,30.5643,30.9922,30.1526,30.9195,3069529.0
2020-08-10,31.089,32.0255,31.0406,32.0013,3966539.0
2020-08-11,32.7117,33.2203,31.9528,32.0578,6070764.0
2020-08-12,32.5906,33.6482,32.4937,33.632,9898724.0
2020-08-13,33.2203,33.7693,32.7924,32.8005,6847158.0
2020-08-14,32.4695,33.0992,32.2596,32.9539,2428419.0
2020-08-17,32.8974,33.0831,32.2193,32.857,4707225.0
2020-08-18,32.7521,33.3656,32.3969,32.5583,4355470.0
2020-08-19,32.3807,32.5502,31.9044,32.0094,3476692.0
2020-08-20,31.5331,31.7349,31.2666,31.2989,2799022.0
2020-08-21,31.194,31.3312,30.6289,30.8065,3445060.0
2020-08-24,30.9518,31.9367,30.7419,31.3797,4045025.0
2020-08-25,31.8156,31.8479,31.0406,31.3635,2764566.0
2020-08-26,31.3474,31.4523,30.2898,30.3221,5052330.0
2020-08-27,30.4916,30.9034,30.2737,30.7984,4955160.0
2020-08-28,30.9437,31.0487,30.5804,30.9841,3774451.0
2020-08-31,30.9599,31.0406,30.3302,30.5885,3936506.0
2020-09-01,30.2091,30.3544,29.5552,29.9992,4971500.0
2020-09-02,29.87,30.0073,29.3614,29.3695,5724202.0
2020-09-03,28.9174,29.7651,28.9174,29.0546,7095617.0
2020-09-04,29.3533,29.6198,28.7963,28.9497,6131960.0
2020-09-08,28.4976,28.4976,27.2382,27.4966,7064980.0
2020-09-09,28.1343,28.1343,27.6177,27.8195,4847085.0
2020-09-10,27.7953,27.8679,26.5278,26.5762,6216894.0
2020-09-11,26.544,26.996,26.3502,26.7296,5384924.0
2020-09-14,26.8346,27.3432,26.6489,27.0606,3940966.0
2020-09-15,27.2302,27.6257,27.1333,27.2867,6668607.0
2020-09-16,27.545,28.6833,27.1656,28.32,7120459.0
2020-09-17,27.771,29.1515,27.5773,29.1354,10499987.0
2020-09-18,28.9013,29.426,28.5783,28.9578,7682959.0
2020-09-21,28.102,28.32,27.5208,27.7388,7298387.0
2020-09-22,27.7226,28.102,27.4562,27.6903,6337162.0
2020-09-23,27.7388,27.9244,26.544,26.5762,5895151.0
2020-09-24,26.4874,27.658,26.2049,27.1252,5590724.0
2020-09-25,26.7135,27.4401,26.6247,27.2059,4029813.0
2020-09-28,27.7226,28.0455,27.1333,27.214,7130282.0
2020-09-29,27.2221,27.2705,25.9708,26.2049,5255799.0
2020-09-30,26.4229,26.8749,26.2695,26.5117,5112621.0
2020-10-01,26.0192,26.4309,25.5833,26.1807,6285549.0
2020-10-02,25.4945,26.8749,25.3895,26.6973,5648298.0
2020-10-05,27.0929,27.6984,26.8265,27.6742,4402925.0
2020-10-06,28.1585,28.32,26.7377,26.883,5252919.0
2020-10-07,27.0203,27.876,26.8911,27.7145,4817347.0
2020-10-08,27.8518,28.7559,27.6903,28.6833,5375436.0
2020-10-09,29.0143,29.0385,28.1182,28.3604,4350184.0
2020-10-12,28.3119,28.9336,28.0375,28.7317,4586158.0
2020-10-13,28.6833,29.0627,28.0132,28.1585,6757690.0
2020-10-14,27.4804,28.6833,27.4804,27.876,7914061.0
2020-10-15,27.328,28.6355,27.1645,28.5783,6676354.0
2020-10-16,28.4476,28.5783,27.5813,27.5977,6569733.0
2020-10-19,27.7611,27.9491,26.7069,26.7232,17240334.0
2020-10-20,26.8703,27.0093,26.2084,26.6252,15664453.0
2020-10-21,26.3391,26.4862,24.9907,25.0398,15324151.0
2020-10-22,25.0234,26.1267,24.9008,26.0776,12001713.0
2020-10-23,26.3718,27.1237,26.0858,26.5925,11953740.0
2020-10-26,25.9551,26.094,24.5821,24.7782,8886047.0
2020-10-27,24.6475,25.0806,24.484,24.7292,9014250.0
2020-10-28,23.9937,24.3615,23.3318,23.5279,10107918.0
2020-10-29,22.9804,23.8548,22.4982,23.8303,12754043.0
2020-10-30,23.6423,23.675,22.5799,23.389,11558856.0
2020-11-02,24.0427,24.9662,23.2991,24.7047,9822925.0
2020-11-03,25.1051,25.1215,23.8139,23.9529,8948212.0
2020-11-04,24.1817,25.0316,23.8711,24.8273,12021031.0
2020-11-05,24.5985,25.2604,24.5494,24.6148,7912613.0
2020-11-06,24.623,25.0479,23.724,23.8548,8330305.0
2020-11-09,27.0992,28.4639,26.8622,27.279,13352174.0
2020-11-10,28.0717,29.0442,27.4506,29.036,16209764.0
2020-11-11,29.3874,29.5835,28.6519,28.8317,14330196.0
2020-11-12,28.276,28.7826,27.4587,27.7938,8274252.0
2020-11-13,28.0717,29.0605,27.9899,28.8971,9029831.0
2020-11-16,30.1964,31.1608,29.747,31.1199,14936333.0
2020-11-17,30.6623,31.978,30.4253,31.7492,11427829.0
2020-11-18,31.8391,33.4,31.5857,32.0189,19897215.0
2020-11-19,31.6348,32.3703,31.3651,32.2559,9667536.0
2020-11-20,32.1251,32.6318,31.9862,32.403,9833372.0
2020-11-23,32.9832,35.0099,32.9096,34.9037,10821395.0
2020-11-24,36.0233,37.0693,35.7781,36.2929,12622041.0
2020-11-25,35.9579,36.3175,35.4267,35.6555,11830286.0
2020-11-27,35.4675,35.8843,34.6503,34.9609,3681150.0
2020-11-30,34.2662,34.3561,32.3131,32.3294,11040279.0
2020-12-01,33.4245,33.4653,32.0434,32.0924,9578840.0
2020-12-02,32.0434,33.4817,31.7328,32.6645,9117514.0
2020-12-03,32.7298,34.446,32.3866,33.6697,12570760.0
2020-12-04,34.5604,36.2439,34.4133,36.1785,10208041.0
2020-12-07,35.868,36.0233,34.7566,34.9936,7863145.0
2020-12-08,34.3234,35.5002,34.0783,34.8791,7882185.0
2020-12-09,35.3695,35.5493,34.0946,34.8955,8640039.0
2020-12-10,34.8219,36.1377,34.6912,35.9579,10841230.0
2020-12-11,35.6392,35.8108,35.2796,35.5329,11322416.0
2020-12-14,36.0233,36.1622,34.5359,34.5849,11617462.0
2020-12-15,34.8628,35.1243,34.0783,34.9772,7757340.0
2020-12-16,35.0181,35.0916,34.4297,34.5849,6733006.0
2020-12-17,34.9282,34.9527,34.0129,34.2989,7330578.0
2020-12-18,34.3153,34.4869,33.2856,33.4899,8919804.0
2020-12-21,32.4438,33.4408,31.8146,32.8851,8363765.0
2020-12-22,32.8524,32.9178,31.7737,31.8963,6677755.0
2020-12-23,32.2395,33.2692,32.1414,32.7544,4378314.0
2020-12-24,32.6972,32.6972,31.8391,32.2722,2858170.0
2020-12-28,32.3294,33.0731,31.9535,32.1169,5067048.0
2020-12-29,32.166,32.6399,31.6838,31.929,5456797.0
2020-12-30,31.8636,32.7217,31.7165,32.6972,4687253.0
2020-12-31,32.6154,32.926,32.3703,32.6808,5646672.0
2021-01-04,33.0976,33.2202,32.0189,32.3376,6368016.0
2021-01-05,32.8851,35.0344,32.689,34.1927,9517235.0
2021-01-06,34.7566,35.917,34.2581,35.5574,8035506.0
2021-01-07,36.0233,36.7669,35.6228,36.5299,7380203.0
2021-01-08,36.7751,37.1674,36.105,36.5299,6877283.0
2021-01-11,36.0396,37.3553,35.394,37.0693,7553841.0
2021-01-12,37.6087,38.9571,37.3635,38.7528,9585407.0
2021-01-13,38.6956,38.7936,38.0827,38.4341,8480102.0
2021-01-14,38.7528,39.4638,38.2216,39.1205,9037566.0
2021-01-15,38.7283,38.7283,36.3828,36.8732,20211614.0
2021-01-19,36.8977,37.7149,36.6607,37.5923,8897188.0
2021-01-20,37.8784,37.9928,37.0203,37.0693,10106921.0
2021-01-21,37.1102,37.3472,34.8955,35.2959,12308739.0
2021-01-22,34.3725,35.1243,34.1191,34.8873,6256872.0
2021-01-25,34.4297,34.8383,33.7023,34.7974,6759209.0
2021-01-26,35.1979,35.7127,34.0047,34.0619,5749017.0
2021-01-27,33.4899,34.397,32.8606,33.2202,6576692.0
2021-01-28,33.5961,34.0292,32.9914,33.5961,6759211.0
2021-01-29,33.1875,33.8821,32.6726,32.7135,7929731.0
2021-02-01,33.0404,33.4899,32.4438,33.2692,6710696.0
2021-02-02,33.9557,34.5686,33.4245,33.4817,6220200.0
2021-02-03,33.7105,35.6555,33.5144,35.3123,8053799.0
2021-02-04,35.6392,35.9742,34.8056,35.9661,8887660.0
2021-02-05,36.6852,36.7097,36.0314,36.3011,7096033.0
2021-02-08,36.9794,38.5975,36.8568,38.2298,9752338.0
2021-02-09,37.7721,38.7691,37.4779,38.3115,6395337.0
2021-02-10,38.5644,39.2324,37.9211,38.6139,8064463.0
2021-02-11,38.3499,38.3664,37.286,38.3005,7293216.0
2021-02-12,38.0283,38.9438,37.8963,38.8943,6597203.0
2021-02-16,39.587,40.6015,39.4386,40.2881,8480033.0
2021-02-17,40.5685,40.8076,39.8015,40.7087,7241089.0
2021-02-18,40.4118,40.519,39.2819,39.3314,5985012.0
2021-02-19,39.2984,40.0571,39.1829,39.9334,5832895.0
2021-02-22,40.552,42.622,40.2551,41.9623,9181630.0
2021-02-23,42.886,43.2983,40.9561,42.9684,8581583.0
2021-02-24,42.886,45.1457,42.4406,45.088,9019978.0
2021-02-25,45.3354,45.7808,42.9025,43.7354,9174603.0
2021-02-26,43.3808,43.5952,41.9458,42.8942,8914896.0
2021-03-01,44.0983,44.5024,43.0262,43.389,5458333.0
2021-03-02,43.3066,43.9499,43.0839,43.1169,5550514.0
2021-03-03,43.4303,45.1705,43.3396,44.255,5912855.0
2021-03-04,44.5024,47.0014,44.2715,45.8715,12165194.0
2021-03-05,47.8343,49.0632,47.1003,48.1147,13627430.0
2021-03-08,48.6343,49.4343,47.5787,48.4776,8783968.0
2021-03-09,48.3539,49.1539,47.3807,47.7519,7559254.0
2021-03-10,47.7189,49.2941,47.323,49.0055,9699942.0
2021-03-11,49.0797,50.424,48.989,49.3436,7011352.0
2021-03-12,49.6817,49.8714,48.6426,48.8158,5232830.0
2021-03-15,47.7436,48.3044,46.9849,47.9663,6500168.0
2021-03-16,47.0756,47.3395,46.1601,46.6632,6096660.0
2021-03-17,46.4488,47.1168,45.789,46.8694,6730301.0
2021-03-18,46.523,46.6632,43.8014,44.0241,9053831.0
2021-03-19,43.9499,44.6344,43.1994,43.3808,12922752.0
2021-03-22,43.5952,43.7189,42.9189,43.0839,6964992.0
2021-03-23,42.1602,43.5293,41.6736,42.6468,8381145.0
2021-03-24,43.5128,44.4942,43.4468,43.8839,6911704.0
2021-03-25,42.9354,44.3705,42.5313,44.1808,6999823.0
2021-03-26,45.0797,45.4591,44.5602,45.3931,6429150.0
2021-03-29,44.9478,44.9643,43.8097,44.4035,5821590.0
2021-03-30,43.8756,44.6674,43.7437,44.0653,5888970.0
2021-03-31,44.0323,44.2798,43.422,43.6859,5647167.0
2021-04-01,43.8097,44.5684,43.3231,44.5519,8169897.0
2021-04-05,44.4612,44.4612,42.8447,43.0592,8266756.0
2021-04-06,43.3973,44.255,43.2159,43.3643,4080074.0
2021-04-07,43.5375,43.8426,43.0014,43.1994,10374114.0
2021-04-08,42.5726,42.7375,42.1602,42.2592,7755314.0
2021-04-09,42.3664,42.8777,41.987,42.2509,5164089.0
2021-04-12,42.6798,43.0839,41.9128,41.9458,6250843.0
2021-04-13,41.6324,42.3334,41.5581,41.888,4731428.0
2021-04-14,42.3994,44.1725,42.3746,43.455,6323565.0
2021-04-15,43.4633,43.554,42.6963,42.8035,4982937.0
2021-04-16,43.0839,43.1334,42.0942,42.1355,5712480.0
2021-04-19,42.3004,42.6633,41.7148,41.9705,4571174.0
2021-04-20,41.6489,41.7643,39.9252,40.1231,9717612.0
2021-04-21,39.6118,41.3437,39.4633,41.2695,5855278.0
2021-04-22,41.2695,41.3025,40.5685,40.7911,4442299.0
2021-04-23,40.7664,41.2365,40.5437,41.0056,3734461.0
2021-04-26,40.9396,41.9953,40.9066,41.4427,4400903.0
2021-04-27,41.5994,42.6303,41.4509,42.3086,5931924.0
2021-04-28,42.6385,43.9993,42.6138,43.7437,6285218.0
2021-04-29,44.5354,44.9478,43.587,43.8179,7367443.0
2021-04-30,43.0344,43.7189,42.0365,42.1767,6118885.0
2021-05-03,42.82,43.653,42.5231,43.4963,6453769.0
2021-05-04,42.6633,43.7354,42.5891,43.3561,9524258.0
2021-05-05,44.8241,45.921,43.8921,45.723,10060848.0
2021-05-06,45.7725,45.954,44.2798,45.9375,7482400.0
2021-05-07,45.4179,47.29,45.2117,47.0921,7455412.0
2021-05-10,48.0075,48.9395,46.9766,47.0096,6736537.0
2021-05-11,46.0117,46.7787,45.4839,45.954,7257888.0
2021-05-12,46.2783,47.6081,45.7381,45.9292,5572339.0
2021-05-13,45.389,46.0705,44.5246,45.0814,5865708.0
2021-05-14,45.7464,47.0845,45.7381,46.9765,4433649.0
2021-05-17,46.6024,48.4642,46.6024,48.4559,7532188.0
2021-05-18,48.431,48.7385,47.3422,47.6164,8116266.0
2021-05-19,46.4944,46.9848,45.5552,46.1952,7073820.0
2021-05-20,46.2534,46.2617,45.4056,46.0373,6642988.0
2021-05-21,46.5941,46.9017,46.1869,46.2534,4510242.0
2021-05-24,46.644,46.7604,45.9292,46.6274,4774862.0
2021-05-25,46.5443,46.8601,45.522,45.6134,6383209.0
2021-05-26,45.7713,46.1786,45.4388,46.0622,5127761.0
2021-05-27,46.3199,46.8102,45.8129,46.1536,3985045.0
2021-05-28,46.378,46.5027,45.9791,46.3282,3680337.0
2021-06-01,47.4419,48.6055,47.417,48.431,7633802.0
2021-06-02,48.7551,49.3785,47.9905,49.0294,4540559.0
2021-06-03,48.805,49.8689,48.672,49.4283,5568912.0
2021-06-04,49.8273,49.9769,48.9546,49.7442,4440987.0
2021-06-07,49.7109,50.3094,49.5198,49.7109,3845142.0
2021-06-08,49.6444,50.3842,48.7302,50.2595,5524632.0
2021-06-09,50.3925,50.6003,49.5198,49.6029,5328840.0
2021-06-10,50.7083,50.9327,49.2704,50.0101,7285205.0
2021-06-11,50.2844,50.6418,49.7026,49.8439,6273161.0
2021-06-14,50.4091,50.7582,49.7442,50.1265,6045013.0
2021-06-15,50.4507,51.1654,50.2595,50.8413,5956184.0
2021-06-16,50.7748,51.3483,50.3343,50.8081,6731893.0
2021-06-17,50.6169,51.1738,48.6637,49.046,10410423.0
2021-06-18,48.1068,49.2122,47.7744,47.8159,11189982.0
2021-06-21,48.3977,50.3094,48.3811,50.2429,6174547.0
2021-06-22,49.9935,50.7997,49.5696,50.5255,4741042.0
2021-06-23,50.7831,51.8221,50.4922,50.5005,5941504.0
2021-06-24,50.6751,51.1239,50.1348,51.0241,4717892.0
2021-06-25,51.2818,51.3234,50.7083,50.9577,5249647.0
2021-06-28,50.7997,50.8413,49.3452,49.5281,5738975.0
2021-06-29,49.952,50.0351,48.8964,49.0793,5034413.0
2021-06-30,50.0933,50.6584,49.7026,50.6169,6776303.0
2021-07-01,52.1046,52.8361,51.8221,52.2626,8816698.0
2021-07-02,51.9135,52.5036,51.1904,52.1545,5614078.0
2021-07-06,52.1794,52.2709,50.0351,50.1016,8948078.0
2021-07-07,49.8689,50.5171,48.7302,49.046,5911353.0
2021-07-08,48.4143,49.5696,48.1982,49.2122,7288096.0
2021-07-09,49.7192,50.2512,49.3203,49.9769,4970107.0
2021-07-12,48.9629,50.2346,48.8133,49.7026,4652727.0
2021-07-13,49.445,49.8605,48.8715,49.42,5199541.0
2021-07-14,49.819,50.3759,47.658,47.9323,6477633.0
2021-07-15,47.3754,48.3894,47.2009,47.4419,7006495.0
2021-07-16,47.9572,48.1234,45.9625,46.1287,6687397.0
2021-07-19,44.4082,45.1313,43.9012,44.6326,10192013.0
2021-07-20,44.4664,45.9209,44.2835,45.2726,7339930.0
2021-07-21,46.3199,47.7245,46.2201,47.392,7075500.0
2021-07-22,47.3943,47.5534,46.6908,47.1011,4877526.0
2021-07-23,46.9001,47.1346,45.8365,46.3474,8663408.0
2021-07-26,46.6573,48.0308,46.54,47.6288,5414281.0
2021-07-27,47.0341,47.4194,46.3474,47.1765,5536891.0
2021-07-28,47.3021,47.8633,46.741,47.5031,4611612.0
2021-07-29,48.0894,48.4411,47.6204,47.8046,4958540.0
2021-07-30,47.5366,47.6539,46.6656,46.9504,5416649.0
2021-08-02,47.344,48.3741,46.339,46.3809,6768592.0
2021-08-03,46.138,47.545,45.6523,47.4361,8191103.0
2021-08-04,46.339,47.3189,45.9873,46.004,5805401.0
2021-08-05,46.4479,47.4194,46.1045,46.8583,5148144.0
2021-08-06,47.3943,47.88,46.9839,47.3189,3852731.0
2021-08-09,46.6238,47.0509,46.2553,46.4395,4189690.0
2021-08-10,46.7745,47.5534,46.6991,47.3021,5374404.0
2021-08-11,47.2184,48.0391,46.8583,47.8968,4392235.0
2021-08-12,47.8549,48.2234,47.344,47.7711,3482207.0
2021-08-13,47.6958,47.9303,46.7745,46.875,5682447.0
2021-08-16,46.2469,46.5484,45.7276,45.9035,5496842.0
2021-08-17,45.5685,46.4311,45.4345,45.6606,4941298.0
2021-08-18,45.5434,46.1129,44.7729,44.8315,4803454.0
2021-08-19,44.1112,44.3709,43.056,43.9186,8668723.0
2021-08-20,43.4412,44.3792,43.2067,44.195,5340095.0
2021-08-23,45.3508,46.1715,45.2419,45.8868,5926136.0
2021-08-24,46.2134,46.6405,45.7528,46.406,4715813.0
2021-08-25,46.4395,47.2268,46.1045,46.9169,4336908.0
2021-08-26,46.6908,46.9755,46.0208,46.1715,4024203.0
2021-08-27,46.7243,47.8381,46.4981,47.5199,4177002.0
2021-08-30,47.7209,47.8549,47.0509,47.0676,3756286.0
2021-08-31,46.6908,47.1765,46.3139,46.5065,6630134.0
2021-09-01,46.5316,46.8331,45.5769,45.7695,7153439.0
2021-09-02,46.2804,47.7209,46.2385,47.4026,4887895.0
2021-09-03,47.1849,47.6958,46.8499,47.1011,5809367.0
2021-09-07,46.808,47.3021,46.3306,46.8834,4797260.0
2021-09-08,47.1263,47.411,46.2218,46.2971,3925559.0
2021-09-09,46.1883,47.3524,45.9203,46.5484,4468598.0
2021-09-10,47.411,47.5199,46.4479,46.674,3443891.0
2021-09-13,47.3775,48.6421,47.3775,48.2318,6264881.0
2021-09-14,48.7594,48.818,47.411,47.6874,5770193.0
2021-09-15,48.6505,49.7979,48.6254,49.6806,7944437.0
2021-09-16,49.6471,49.9654,49.2033,49.6053,6509268.0
2021-09-17,49.4713,50.1748,49.2284,49.3456,6428908.0
2021-09-20,48.148,48.5835,47.1514,47.7963,7172655.0
2021-09-21,48.9688,50.1078,48.3406,49.689,10936139.0
2021-09-22,50.426,52.6705,50.426,52.1429,11769901.0
2021-09-23,52.1345,53.7007,52.1345,53.3573,8956496.0
2021-09-24,53.4243,55.0239,53.2149,54.4544,8133597.0
2021-09-27,55.8614,56.0708,55.1077,55.8698,10054899.0
2021-09-28,56.5733,57.4945,56.255,56.7827,10871569.0
2021-09-29,56.6403,57.3522,55.786,56.9837,7679324.0
2021-09-30,57.1344,57.6955,56.7157,56.7575,10118827.0
2021-10-01,57.2684,58.9015,57.2098,58.7089,9486148.0
2021-10-04,59.337,60.811,59.1528,59.873,9240839.0
2021-10-05,60.3839,61.0204,59.2198,60.074,8307604.0
2021-10-06,58.9602,60.3923,58.4493,60.141,7606394.0
2021-10-07,60.3085,60.409,59.136,59.8898,8397264.0
2021-10-08,60.4593,62.8964,60.4593,62.7457,9758028.0
2021-10-11,62.9216,63.2566,61.7574,61.95,7329266.0
2021-10-12,62.0924,62.4861,61.1544,61.481,5174105.0
2021-10-13,60.7105,61.7742,59.8479,61.3303,5604465.0
2021-10-14,62.1259,62.4861,61.0037,61.8495,5215486.0
2021-10-15,62.5028,62.7541,62.084,62.0924,4370320.0
2021-10-18,62.6201,63.4408,62.084,62.3939,6566036.0
2021-10-19,62.6787,63.5246,62.2934,63.0807,4814404.0
2021-10-20,62.5782,63.7339,62.4274,63.6669,3890665.0
2021-10-21,63.3571,63.3571,62.0673,62.4693,4134432.0
2021-10-22,62.9132,63.7172,62.8043,63.4157,4833624.0
2021-10-25,64.1192,65.3084,63.8093,64.0857,4962715.0
2021-10-26,64.2263,65.0183,64.041,64.5128,3872214.0
2021-10-27,63.6618,64.5886,62.5581,62.7098,6431404.0
2021-10-28,62.6592,63.4765,62.4486,63.3164,3556768.0
2021-10-29,62.7098,63.4428,62.3222,62.7603,3985094.0
2021-11-01,63.1479,63.5355,62.7014,62.8446,8384812.0
2021-11-02,62.8025,63.4007,61.3449,61.5302,7120742.0
2021-11-03,61.2101,62.0863,60.8731,61.2859,6042371.0
2021-11-04,62.3475,63.0047,61.3954,61.7661,6137495.0
2021-11-05,62.8193,63.8725,62.2717,63.5692,4887382.0
2021-11-08,63.8725,65.0015,63.5776,63.9736,4689512.0
2021-11-09,63.8725,64.0241,62.9541,63.8219,4317356.0
2021-11-10,62.7688,63.1648,61.446,61.505,5254755.0
2021-11-11,61.7577,62.061,60.654,60.7804,5806407.0
2021-11-12,60.317,61.1174,60.258,60.9657,3632006.0
2021-11-15,60.8562,61.8335,60.4434,61.2691,3683828.0
2021-11-16,61.505,62.1874,61.1427,61.2016,4189436.0
2021-11-17,60.7635,62.2885,60.4349,60.6372,5076257.0
2021-11-18,60.7635,61.6819,60.3338,61.2691,4060842.0
2021-11-19,59.7525,60.0727,58.4803,58.6488,6049406.0
2021-11-22,58.674,61.3617,58.6403,60.5697,5211724.0
2021-11-23,61.4291,62.9541,61.3702,62.1621,5669873.0
2021-11-24,61.6987,63.6029,61.6735,63.0468,4213899.0
2021-11-26,59.4239,60.3423,58.4213,60.2243,6422579.0
2021-11-29,61.9094,62.9373,60.6203,60.7888,4344462.0
2021-11-30,59.5587,60.8478,58.9858,59.0869,6701559.0
2021-12-01,60.6709,60.8141,58.2612,58.3033,7388355.0
2021-12-02,58.2949,60.3675,57.4945,60.039,5187516.0
2021-12-03,60.8057,61.4628,59.129,59.9126,4364103.0
2021-12-06,60.9489,61.9347,60.3507,61.3449,3645060.0
2021-12-07,62.4823,63.9989,62.4233,62.8277,5319731.0
2021-12-08,63.1732,63.5018,62.0021,62.4402,4229587.0
2021-12-09,62.3138,62.3138,61.05,61.1258,4400976.0
2021-12-10,61.8335,62.0526,60.317,61.9178,4053165.0
2021-12-13,61.3954,61.6145,59.4155,59.8367,3552166.0
2021-12-14,59.4997,60.4518,59.0026,59.5503,4061138.0
2021-12-15,59.7272,60.0053,57.8568,59.5756,3514901.0
2021-12-16,60.4349,61.5555,60.0895,60.4097,3644418.0
2021-12-17,58.9521,59.9041,57.7136,57.8062,11209851.0
2021-12-20,56.6267,57.8315,55.6578,57.7978,6841502.0
2021-12-21,58.3455,59.6851,58.3455,59.5503,3936964.0
2021-12-22,59.3986,60.3423,58.8594,59.8873,2573792.0
2021-12-23,60.0642,60.7804,59.8536,59.98,2506705.0
2021-12-27,59.98,61.7156,59.3649,61.6819,2634353.0
2021-12-28,61.8504,62.2801,61.4039,61.6061,2267622.0
2021-12-29,61.8335,62.1621,61.0331,61.4376,2445805.0
2021-12-30,61.5742,62.0981,60.8307,60.8983,2162740.0
2021-12-31,60.6702,61.3968,60.5519,60.9828,1894967.0
2022-01-03,60.8561,62.4867,60.8476,62.3262,3832928.0
2022-01-04,62.9936,65.3762,62.7571,65.0298,6667779.0
2022-01-05,65.8915,66.1281,63.8047,63.9145,6305093.0
2022-01-06,65.5282,66.5674,64.9706,66.314,6211416.0
2022-01-07,66.3309,68.3754,66.221,68.1304,7825230.0
2022-01-10,67.9361,68.5698,66.9223,68.4599,6626614.0
2022-01-11,68.95,70.7749,68.122,70.6228,5662926.0
2022-01-12,70.9692,71.4254,70.2088,71.3072,4957965.0
2022-01-13,70.9185,71.6958,70.2849,70.6482,4590188.0
2022-01-14,71.1551,73.394,70.8594,73.2842,5009586.0
2022-01-18,74.3487,75.2865,72.5069,73.9347,7133994.0
2022-01-19,74.4163,74.7204,72.4224,73.7404,4890119.0
2022-01-20,72.7012,74.7458,72.152,72.3463,5108157.0
2022-01-21,71.738,71.907,69.3977,69.8878,6553550.0
2022-01-24,68.1811,70.5045,66.559,70.1412,6160660.0
2022-01-25,70.2257,73.7235,68.7049,73.5968,5665361.0
2022-01-26,75.0499,75.3541,72.9631,73.5545,6102828.0
2022-01-27,75.1513,75.8188,74.1882,75.7512,6472925.0
2022-01-28,74.3318,75.8019,74.0952,75.3794,7349507.0
2022-01-31,75.0077,75.5569,73.4362,74.8725,4297159.0
2022-02-01,73.8418,77.6352,73.6897,77.3395,6294555.0
2022-02-02,76.4186,78.2435,75.1767,77.9056,5731844.0
2022-02-03,78.3872,78.5308,75.5907,76.7735,9369007.0
2022-02-04,77.7282,80.2037,77.517,77.6183,7684134.0
2022-02-07,76.3933,79.6122,75.7681,78.5224,5671540.0
2022-02-08,77.6859,78.6998,76.0384,77.1621,5002008.0
2022-02-09,77.3311,79.4517,77.0945,78.5308,4258320.0
2022-02-10,77.9323,79.707,77.1257,77.6521,4629854.0
2022-02-11,77.9833,79.5542,77.5672,79.4098,6319301.0
2022-02-14,78.5437,78.7305,76.5992,77.7371,4722655.0
2022-02-15,75.351,76.353,74.4934,76.1492,5394320.0
2022-02-16,76.2256,78.0342,76.1067,76.5992,4161671.0
2022-02-17,76.5568,77.9918,76.5568,77.4059,4323370.0
2022-02-18,76.0898,76.9644,75.3171,76.1067,4249660.0
2022-02-22,78.739,78.8409,73.3811,74.5783,5275414.0
2022-02-23,74.7227,75.9794,74.1707,74.918,5031212.0
2022-02-24,76.4209,76.6332,72.4216,74.4934,7370353.0
2022-02-25,75.0453,77.7116,74.5698,77.4993,6950856.0
2022-02-28,76.9898,80.726,76.2935,80.5476,8576184.0
2022-03-01,80.9043,83.6045,80.4967,82.3308,9906608.0
2022-03-02,83.5281,84.8867,82.5261,83.2478,10911922.0
2022-03-03,82.1525,83.3752,81.2015,82.7129,5529066.0
2022-03-04,82.8827,85.2008,82.7384,85.1414,7653240.0
2022-03-07,86.1773,88.1133,84.1649,85.9905,9644519.0
2022-03-08,86.1943,88.6822,81.3968,83.8932,12221020.0
2022-03-09,80.9722,83.8252,78.7645,81.694,8054053.0
2022-03-10,82.6025,84.7678,81.8893,84.6744,5391651.0
2022-03-11,83.9187,85.8122,83.3497,83.562,4492499.0
2022-03-14,82.9507,82.9507,79.9957,81.9827,6577491.0
2022-03-15,78.8494,81.3628,78.3909,80.709,5486104.0
2022-03-16,80.8363,81.3119,79.9023,80.5137,5412221.0
2022-03-17,82.0676,84.1224,81.9487,83.9187,5486899.0
2022-03-18,84.1564,85.0395,83.613,84.5725,6951889.0
2022-03-21,85.9056,88.2831,85.6509,87.2557,4748217.0
2022-03-22,87.1793,87.3491,85.1838,86.4151,3384929.0
2022-03-23,87.6463,89.1747,87.6208,88.6228,4966001.0
2022-03-24,89.1323,89.8795,88.0963,88.7671,4051764.0
2022-03-25,88.453,91.2975,88.1558,91.2805,5228653.0
2022-03-28,89.2087,89.2766,87.468,87.884,3740549.0
2022-03-29,84.9019,85.7109,83.0708,85.498,6600458.0
2022-03-30,86.3071,87.5164,85.6769,86.1027,3736984.0
2022-03-31,85.1659,87.2524,84.6549,85.1659,4966966.0
2022-04-01,85.2936,86.5796,84.5527,85.6598,4190421.0
2022-04-04,86.3667,86.7925,84.8422,85.6343,2722917.0
2022-04-05,85.8898,86.5796,83.3774,83.5051,3222067.0
2022-04-06,84.953,85.3107,82.4576,83.0708,3606666.0
2022-04-07,84.0843,85.3362,82.5342,85.1318,3352210.0
2022-04-08,85.7535,87.9849,85.6173,87.7634,4038275.0
2022-04-11,86.784,86.8692,83.2837,83.4455,4441081.0
2022-04-12,85.2085,86.767,84.6634,85.1659,4901640.0
2022-04-13,86.0857,86.6392,84.2461,85.3618,5225580.0
2022-04-14,85.0722,87.1928,85.0296,86.3326,3863655.0
2022-04-18,87.4739,88.6662,86.6137,88.1211,2833866.0
2022-04-19,87.5761,88.2148,86.0346,86.4945,3403568.0
2022-04-20,86.9544,88.1211,86.3412,87.4398,3779972.0
2022-04-21,87.823,88.3681,83.7266,84.0332,4029920.0
2022-04-22,83.3518,84.6975,81.5634,81.7678,3662116.0
2022-04-25,79.2043,79.562,75.6273,78.063,8039557.0
2022-04-26,78.7869,80.3029,77.7564,77.7735,3783911.0
2022-04-27,78.1141,79.9963,75.6017,79.2554,4402601.0
2022-04-28,79.2383,83.8543,77.6713,83.0793,6417815.0
2022-04-29,83.2496,84.1524,80.8394,81.3504,4836814.0
2022-05-02,80.2859,81.8018,78.8466,81.6911,4497880.0
2022-05-03,82.3384,84.7656,81.8785,84.2546,3292293.0
2022-05-04,86.0175,88.7343,84.4079,88.4533,5177098.0
2022-05-05,89.075,90.7783,85.6173,87.6016,6981707.0
2022-05-06,88.7173,91.7322,87.5505,91.7151,5999052.0
2022-05-09,89.5689,89.85,82.168,82.7812,6184825.0
2022-05-10,84.212,86.4604,81.7337,83.4626,5053158.0
2022-05-11,84.9189,87.6272,84.1439,84.3483,4264446.0
2022-05-12,83.8458,84.8763,81.3079,84.8252,4402303.0
2022-05-13,85.8648,88.4141,85.7536,87.6442,4170928.0
2022-05-16,88.1832,91.6136,87.8067,90.2534,5319940.0
2022-05-17,91.6051,92.6488,90.4331,91.5538,4330233.0
2022-05-18,92.1526,92.4777,87.9094,89.3808,5727559.0
2022-05-19,87.1138,91.2886,87.1138,89.492,4276710.0
2022-05-20,89.9369,92.0072,87.4218,89.8428,4065032.0
2022-05-23,90.7154,93.6155,90.4844,93.2647,5515255.0
2022-05-24,92.3494,94.086,90.9378,93.6582,3940343.0
2022-05-25,94.0603,95.412,93.7181,95.1297,3981943.0
2022-05-26,96.353,98.0383,95.968,96.7979,3554319.0
2022-05-27,96.1135,98.0383,95.7028,98.0383,4373464.0
2022-05-31,99.4327,100.9384,95.2323,96.122,8101764.0
2022-06-01,97.833,100.3481,97.679,99.0221,4599676.0
2022-06-02,97.6277,99.1932,96.7636,98.3463,2969319.0
2022-06-03,98.7655,101.3063,98.4832,101.0496,3520906.0
2022-06-06,101.1095,101.6399,99.7664,100.4166,3232944.0
2022-06-07,100.2455,104.9763,100.2027,104.9763,5462211.0
2022-06-08,104.9848,106.1483,103.9411,104.2491,4602930.0
2022-06-09,103.1883,104.1807,101.3148,101.426,3925177.0
2022-06-10,100.0915,102.3499,98.6372,99.946,4505244.0
2022-06-13,96.199,97.5421,92.7087,95.6087,5574962.0
2022-06-14,97.5421,99.3729,94.1373,95.3778,4877861.0
2022-06-15,95.3778,95.8654,92.0414,93.5299,4680573.0
2022-06-16,89.8342,90.8608,86.515,87.6185,7623538.0
2022-06-17,86.8229,87.5501,79.3973,80.1929,13209372.0
2022-06-21,82.1178,85.6338,82.1092,84.9323,6581097.0
2022-06-22,79.4316,81.3136,78.2424,79.6112,7272926.0
2022-06-23,80.2015,80.5865,74.6494,75.1884,8927117.0
2022-06-24,76.9874,78.7634,75.5735,77.7719,6944012.0
2022-06-27,78.953,80.8583,78.4099,79.5134,5293566.0
2022-06-28,81.8842,83.6861,80.6514,82.0912,5490783.0
2022-06-29,83.5309,84.0137,78.6944,78.8496,4460354.0
2022-06-30,76.3494,79.0651,75.7201,77.4271,6717674.0
2022-07-01,79.2548,79.5824,76.1339,78.4358,3732414.0
2022-07-05,77.0305,77.0305,71.6078,72.9699,8356894.0
2022-07-06,72.1681,73.8751,69.349,71.8492,7699177.0
2022-07-07,74.3062,75.1856,73.8665,74.4441,5232286.0
2022-07-08,75.4614,75.7459,72.9958,74.539,3660157.0
2022-07-11,73.7889,74.6597,72.582,73.7544,2822766.0
2022-07-12,71.1767,72.4526,70.3577,71.944,3341837.0
2022-07-13,71.0043,73.4441,71.0043,71.6509,3473232.0
2022-07-14,68.8231,70.4956,67.5041,70.3577,5742788.0
2022-07-15,72.3061,72.3751,70.5301,71.4612,3536912.0
2022-07-18,73.0561,74.4786,72.8751,73.3406,3802310.0
2022-07-19,73.6337,76.4787,73.1768,76.2805,4083211.0
2022-07-20,75.6511,78.6427,75.1942,78.203,4816715.0
2022-07-21,75.3063,76.7805,74.8924,76.6684,4624080.0
2022-07-22,76.9098,77.7547,75.4701,75.9787,3412485.0
2022-07-25,77.1253,79.4358,75.6856,79.3582,3362865.0
2022-07-26,80.5566,81.1945,77.565,78.5306,3893373.0
2022-07-27,79.3496,80.7462,78.703,80.41,3732416.0
2022-07-28,81.229,82.1256,79.8238,81.0911,2584050.0
2022-07-29,82.9188,84.4189,82.2463,83.9964,4092349.0
2022-08-01,82.1687,82.8153,80.7635,81.9877,3313775.0
2022-08-02,81.9877,82.6343,80.979,81.6515,2784578.0
2022-08-03,82.2032,82.4877,77.9616,78.7289,4227502.0
2022-08-04,79.9531,80.1772,76.9702,77.4874,4794420.0
2022-08-05,76.0563,80.5393,75.8666,80.0479,3666709.0
2022-08-08,80.1945,81.6342,80.0479,80.7204,3085442.0
2022-08-09,82.1601,83.8671,81.7808,82.3412,3850920.0
2022-08-10,82.2377,83.0309,80.3152,82.7464,3666622.0
2022-08-11,84.5913,87.3501,84.074,86.5225,4347292.0
2022-08-12,85.9849,88.7648,85.6385,88.5829,4144443.0
2022-08-15,85.2055,87.8641,84.4781,87.2666,3820474.0
2022-08-16,87.6476,88.3751,85.6732,86.6864,3830461.0
2022-08-17,86.6864,88.9207,86.4006,87.7775,3402321.0
2022-08-18,88.8947,91.025,88.5223,90.8259,3899570.0
2022-08-19,90.5747,91.5273,89.6568,91.051,4083110.0
2022-08-22,89.778,91.536,88.7994,91.1376,3637292.0
2022-08-23,92.861,95.8486,92.4366,93.9175,4988740.0
2022-08-24,93.623,95.9179,93.3892,95.7101,4032013.0
2022-08-25,96.5155,97.113,95.8227,97.061,3339585.0
2022-08-26,97.5287,98.9403,96.5501,97.0957,3495982.0
2022-08-29,97.0697,99.9968,96.8965,98.2215,4063655.0
2022-08-30,96.4029,96.5674,94.3072,95.6928,4310305.0
2022-08-31,93.3979,96.8792,92.7051,94.7835,3458825.0
2022-09-01,93.3373,94.3418,91.5706,93.1208,4246316.0
2022-09-02,94.948,96.9918,94.3938,95.4849,3816759.0
2022-09-06,96.1258,96.7146,93.5971,94.0734,3657253.0
2022-09-07,91.6399,93.1034,90.7219,92.4539,4123441.0
2022-09-08,92.9562,94.5583,92.3154,93.8049,4117870.0
2022-09-09,95.3031,97.3555,95.1472,96.9658,3704149.0
2022-09-12,97.8145,99.9362,97.7019,99.0615,3891220.0
2022-09-13,97.7712,99.0615,96.8359,97.2775,3851576.0
2022-09-14,98.4553,102.5255,98.2561,101.9366,5586870.0
2022-09-15,99.711,101.5123,99.2693,100.0747,5061124.0
2022-09-16,99.7976,100.144,96.299,97.9703,5363541.0
2022-09-19,95.0866,98.2734,94.7662,97.7452,4145141.0
2022-09-20,97.4681,97.7192,95.7274,97.0524,3365028.0
2022-09-21,99.0355,99.4945,96.1777,96.2037,3400025.0
2022-09-22,98.031,98.5939,95.1991,95.3117,3183533.0
2022-09-23,91.0077,91.1636,86.2534,87.1107,5971394.0
2022-09-26,86.5911,88.9553,85.8377,85.907,5778963.0
2022-09-27,87.8187,88.8816,85.3151,85.526,5097351.0
2022-09-28,86.7997,90.8669,86.4922,90.4804,5901913.0
2022-09-29,89.2418,91.4379,87.7484,91.0602,3252481.0
2022-09-30,89.927,91.2974,88.7235,89.9006,3620417.0
2022-10-03,93.9327,97.3763,93.5813,96.6032,4980661.0
2022-10-04,98.7993,101.7685,98.1405,101.5665,4670991.0
2022-10-05,102.1199,103.0071,99.9325,101.8388,6299412.0
2022-10-06,100.8373,103.9734,100.7407,103.3497,4006327.0
2022-10-07,103.7802,106.6176,103.0598,104.1052,6302038.0
2022-10-10,104.193,105.8006,101.4171,102.603,3743012.0
2022-10-11,100.24,103.7538,99.4494,101.5313,4802401.0
2022-10-12,100.811,103.0774,100.1346,102.1638,3316730.0
2022-10-13,100.5826,108.4096,100.5211,107.821,5269240.0
2022-10-14,106.3716,108.0319,102.8139,103.622,4925667.0
2022-10-17,104.8694,106.679,103.6747,103.9734,3560506.0
2022-10-18,105.0451,105.4492,101.6367,103.5605,4440507.0
2022-10-19,104.0261,106.8196,103.7362,106.3892,3447623.0
2022-10-20,107.6102,109.7273,106.9777,107.0041,3726787.0
2022-10-21,107.7595,109.5955,106.7932,109.3583,3778055.0
2022-10-24,109.3935,111.0362,109.1036,109.9293,3489698.0
2022-10-25,109.2178,110.2368,107.944,108.8752,4388457.0
2022-10-26,109.5604,112.6086,109.4374,111.1855,5114558.0
2022-10-27,112.1781,113.7154,110.8956,111.247,5259858.0
2022-10-28,112.8809,113.3113,108.9367,111.7126,4497591.0
2022-10-31,110.3158,114.1898,110.307,110.7638,3872824.0
2022-11-01,113.0917,113.6012,111.4578,112.2484,3610304.0
2022-11-02,111.6335,114.0229,110.5003,111.1328,4792772.0
2022-11-03,113.8384,119.5747,112.6964,117.5543,9474593.0
2022-11-04,120.3477,121.6566,113.8911,116.2366,6970885.0
2022-11-07,116.6143,119.8382,116.4913,118.5381,4671134.0
2022-11-08,117.9759,118.8368,116.1575,118.0989,3050770.0
2022-11-09,116.3596,116.4562,109.7097,110.0347,4231126.0
2022-11-10,112.5295,113.9965,110.307,113.7242,4909969.0
2022-11-11,115.2435,118.4709,114.6791,117.6772,5076510.0
2022-11-14,116.7337,119.6437,116.6455,117.3069,3075984.0
2022-11-15,117.8007,118.903,116.3193,118.2416,4031707.0
2022-11-16,116.9101,117.7213,113.8326,113.9648,4262806.0
2022-11-17,112.5099,115.8431,112.016,115.6844,2655885.0
2022-11-18,113.2329,113.9296,111.5487,113.3917,3397910.0
2022-11-21,110.2612,112.0866,107.413,110.6581,3767912.0
2022-11-22,112.7479,115.12,111.5134,114.6174,3167423.0
2022-11-23,112.5099,113.9472,110.9314,111.7603,4814802.0
2022-11-25,111.8926,112.6686,111.5487,111.822,1614019.0
2022-11-28,108.1978,110.2877,106.9104,109.2031,3210646.0
2022-11-29,110.9491,111.8397,109.2736,109.5646,2728918.0
2022-11-30,111.681,111.7074,107.9685,108.9121,3486676.0
2022-12-01,109.935,110.5522,108.3654,108.5153,3196753.0
2022-12-02,107.6864,109.2295,106.9986,107.7393,2992684.0
2022-12-05,109.5734,109.9526,104.6794,105.2614,2936374.0
2022-12-06,104.4413,105.5877,101.0023,101.9458,3845453.0
2022-12-07,102.5454,103.7006,100.6054,101.3021,3284166.0
2022-12-08,103.8681,103.9563,98.6567,99.2916,4645454.0
2022-12-09,99.124,100.482,96.7608,97.0165,3647418.0
2022-12-12,97.7925,99.027,97.0606,98.5685,3192264.0
2022-12-13,100.9229,101.9282,99.9705,100.0058,3415308.0
2022-12-14,101.1874,101.9811,98.7977,99.5296,3294979.0
2022-12-15,98.445,99.5737,97.4133,99.2475,3353647.0
2022-12-16,97.3957,98.0747,96.1259,97.3868,4530652.0
2022-12-19,98.9036,99.4326,96.6814,97.3868,2467074.0
2022-12-20,97.3957,100.3585,96.9989,99.3356,3223822.0
2022-12-21,101.355,102.8805,100.1293,102.5366,3224849.0
2022-12-22,102.3511,102.9989,96.8409,99.5561,2814166.0
2022-12-23,100.8427,103.9039,100.8427,103.8595,3091847.0
2022-12-27,104.6315,105.643,103.8684,105.1195,2382008.0
2022-12-28,104.8888,104.9421,101.8099,102.3156,1982580.0
2022-12-29,101.801,103.8152,101.7034,103.2739,1585525.0
2022-12-30,102.99,104.8888,102.9367,104.7025,2214748.0
2023-01-03,103.5934,104.6936,99.3076,100.3724,3102135.0
2023-01-04,98.6865,101.4283,98.0122,100.5676,2382021.0
2023-01-05,100.7362,104.525,100.7362,103.6111,2888375.0
2023-01-06,105.1461,106.6457,104.2943,104.9066,2574840.0
2023-01-09,106.761,107.0627,103.691,104.1346,3240894.0
2023-01-10,104.9066,105.2526,103.5312,104.7735,2401756.0
2023-01-11,105.7584,106.0778,103.7353,104.9154,2528197.0
2023-01-12,105.0485,107.4531,104.5694,106.6191,3057539.0
2023-01-13,106.9917,108.1186,105.155,107.7815,2577409.0
2023-01-17,107.4177,108.7309,106.0867,106.6901,2625675.0
2023-01-18,107.5419,109.769,105.0219,105.1905,2940449.0
2023-01-19,104.3032,106.7078,103.1586,106.1577,2888594.0
2023-01-20,106.6191,108.1719,105.8116,108.0743,2887748.0
2023-01-23,108.6599,109.2899,106.4505,106.5925,2414439.0
2023-01-24,107.3644,107.3644,104.3831,105.4212,2624421.0
2023-01-25,104.88,106.8143,103.4957,106.8054,2253580.0
2023-01-26,108.509,110.6741,107.187,110.6031,3620340.0
2023-01-27,110.6386,112.147,109.6004,109.6803,3010854.0
2023-01-30,108.3316,108.7841,106.7699,106.9474,2920778.0
2023-01-31,106.6723,108.3316,105.6785,108.1364,2152559.0
2023-02-01,107.1071,107.3378,102.218,104.4363,4393891.0
2023-02-02,100.7007,102.3866,97.3911,98.7575,7412899.0
2023-02-03,98.7664,99.7247,95.6164,95.927,9447108.0
2023-02-06,96.3352,97.5597,94.6936,95.3769,8544208.0
2023-02-07,96.1932,99.5117,95.3059,99.3964,4708852.0
2023-02-08,99.5827,100.2659,97.462,98.305,3897531.0
2023-02-09,98.1453,99.1479,97.4709,97.5419,3807392.0
2023-02-10,99.3487,102.3701,99.215,102.0938,7277266.0
2023-02-13,101.559,101.6927,99.928,100.0974,3758895.0
2023-02-14,98.9298,102.0047,98.5288,101.2025,4480964.0
2023-02-15,100.0974,100.0974,98.0207,99.5091,3735677.0
2023-02-16,98.8229,99.5626,96.3274,96.5769,4052675.0
2023-02-17,94.5983,95.0707,91.9513,92.798,7035367.0
2023-02-21,92.6999,94.5805,92.2543,93.8586,3718742.0
2023-02-22,94.0101,94.0101,91.7641,92.7623,3695712.0
2023-02-23,94.4735,94.83,92.7534,93.9655,2904422.0
2023-02-24,92.8425,94.0725,92.1206,93.8051,2896090.0
2023-02-27,93.7338,94.634,92.1919,94.3488,4155020.0
2023-02-28,95.0618,95.6411,92.076,92.1117,3391751.0
2023-03-01,92.4504,95.9708,92.0047,94.6963,3343684.0
2023-03-02,94.5359,97.1117,94.2775,96.5502,3209346.0
2023-03-03,94.7142,97.2186,94.3042,96.8265,4470321.0
2023-03-06,95.8817,97.6821,95.4539,97.6464,3432551.0
2023-03-07,96.7819,97.076,95.0707,95.9441,2894892.0
2023-03-08,95.3559,96.7284,94.2596,95.5698,2544421.0
2023-03-09,96.1847,97.379,93.9031,94.3042,2632385.0
2023-03-10,94.2329,95.6589,92.3345,92.8871,2890826.0
2023-03-13,90.9085,92.3167,88.7427,89.732,5632785.0
2023-03-14,90.0618,93.0653,88.7873,90.3381,3834600.0
2023-03-15,86.8265,87.9762,83.413,84.8836,6328456.0
2023-03-16,82.0048,86.0066,81.577,85.9174,5798717.0
2023-03-17,85.8729,86.4076,83.3328,84.126,6301620.0
2023-03-20,84.5271,86.3542,84.4112,85.7035,4238304.0
2023-03-21,87.4237,89.2062,87.3435,88.8675,4224127.0
2023-03-22,89.126,90.0974,87.6019,87.6732,3266596.0
2023-03-23,87.798,88.9121,85.1153,85.9353,3402963.0
2023-03-24,84.2775,85.4718,83.1189,85.0529,5673208.0
2023-03-27,85.8308,87.7947,85.1851,86.88,3749849.0
2023-03-28,86.6379,88.5032,86.4764,87.8216,2316510.0
2023-03-29,89.3551,89.947,88.4852,89.4538,4335218.0
2023-03-30,90.225,90.4492,88.6646,89.0054,3553931.0
2023-03-31,89.5076,89.5883,88.7274,88.9695,4438948.0
2023-04-03,94.2784,97.8745,94.1708,97.2288,7965131.0
2023-04-04,97.1481,97.5427,94.2605,95.3277,2810189.0
2023-04-05,95.8747,96.7446,94.9869,96.628,2742806.0
2023-04-06,95.8657,96.619,94.96,95.2918,2840043.0
2023-04-10,95.9913,96.8701,94.7089,95.0138,2417627.0
2023-04-11,95.1483,96.1348,94.6013,95.7312,2798533.0
2023-04-12,97.2826,97.8297,96.3141,96.4307,5059919.0
2023-04-13,96.7984,98.5561,96.063,97.7848,4547669.0
2023-04-14,98.1794,98.6637,96.9598,97.3006,3014388.0
2023-04-17,95.776,96.5742,94.682,94.7089,3357257.0
2023-04-18,94.1529,94.7896,93.3458,94.117,4982734.0
2023-04-19,93.1306,94.8882,92.8167,94.395,2979974.0
2023-04-20,92.7718,93.1754,91.5791,93.0678,3336056.0
2023-04-21,93.3547,93.4444,91.1397,91.7047,3308046.0
2023-04-24,91.4267,93.2202,91.2652,92.9512,2912307.0
2023-04-25,91.1128,91.8392,90.1084,91.5522,3216432.0
2023-04-26,90.8707,91.5881,89.3641,90.0994,2433414.0
2023-04-27,90.0815,91.4087,89.5076,90.781,2478624.0
2023-04-28,90.1891,93.0229,89.9649,92.2696,2841170.0
2023-05-01,91.0949,92.3773,90.6913,91.9468,2109703.0
2023-05-02,90.4671,90.9245,87.4181,88.4583,5152912.0
2023-05-03,86.8352,87.5077,85.8218,86.1715,5864149.0
2023-05-04,86.2702,88.3507,85.9204,87.3105,4206553.0
2023-05-05,90.6823,91.1128,88.7274,90.0098,3397198.0
2023-05-08,91.5522,92.1441,90.216,90.4851,2649408.0
2023-05-09,89.6869,92.0275,89.6331,91.05,2646150.0
2023-05-10,91.4625,91.7047,89.2744,90.0994,3030069.0
2023-05-11,88.6736,89.7856,88.3776,89.5793,3374834.0
2023-05-12,90.2575,90.5369,88.5088,89.1668,2436902.0
2023-05-15,89.5364,90.5459,88.7521,90.4017,3031723.0
2023-05-16,90.0231,90.6451,87.8147,88.4006,2871861.0
2023-05-17,89.7257,91.4563,88.8423,90.7803,2451325.0
2023-05-18,90.3206,90.9065,89.4642,90.8073,3098613.0
2023-05-19,92.4839,93.3763,91.7899,92.4839,2697165.0
2023-05-22,92.6011,94.5752,92.3217,93.5025,3031632.0
2023-05-23,94.1606,95.1611,93.7369,94.0975,2959520.0
2023-05-24,95.0169,95.2603,93.2682,93.7279,2849160.0
2023-05-25,92.1685,92.3037,90.591,91.6637,2238495.0
2023-05-26,92.547,92.7093,90.9335,91.8079,2904781.0
2023-05-30,90.7713,91.5735,90.1673,91.222,3306969.0
2023-05-31,89.6265,91.0327,89.4462,89.5093,5002511.0
2023-06-01,89.7527,91.0237,88.68,89.7166,3500523.0
2023-06-02,91.3662,92.7904,90.573,92.2586,2529260.0
2023-06-05,93.9713,94.1786,91.0147,92.0062,2775908.0
2023-06-06,91.0868,92.6101,90.4558,91.889,1952768.0
2023-06-07,92.2316,95.08,92.2316,94.476,2531836.0
2023-06-08,94.5121,95.1611,92.4749,94.2327,2872777.0
2023-06-09,94.5031,95.062,93.4124,93.6468,2394902.0
2023-06-12,92.1324,93.8811,91.4293,92.6823,3566065.0
2023-06-13,93.6107,95.071,93.0428,93.2141,2407851.0
2023-06-14,94.1335,94.6113,91.9792,92.547,2804915.0
2023-06-15,92.7454,94.9267,92.6913,93.8811,2540555.0
2023-06-16,94.5211,95.08,93.9442,94.5752,3621813.0
2023-06-20,93.8631,94.422,91.0597,91.9701,3953843.0
2023-06-21,91.7628,94.1335,91.7628,93.4755,3728239.0
2023-06-22,92.52,92.7363,91.1318,91.4293,2730799.0
2023-06-23,90.165,90.9721,89.8023,90.5549,3155688.0
2023-06-26,90.827,92.3777,90.6819,91.8698,2178250.0
2023-06-27,91.5978,92.1509,90.9812,91.3983,2172704.0
2023-06-28,91.4255,93.1484,90.6456,92.958,2710078.0
2023-06-29,92.958,93.6835,92.3232,93.4568,2588736.0
2023-06-30,94.0825,94.6719,92.9852,93.9555,2949679.0
2023-07-03,94.2638,95.2069,93.9737,94.5177,1237723.0
2023-07-05,95.216,95.216,93.5293,94.3273,2488842.0
2023-07-06,93.221,93.9737,90.0834,90.9902,3457850.0
2023-07-07,91.1807,94.8623,90.7907,93.6109,3996553.0
2023-07-10,93.2663,94.7263,93.1757,94.6266,4050901.0
2023-07-11,95.216,97.5828,95.08,97.4286,3074196.0
2023-07-12,98.5168,99.3602,98.3445,99.1244,3404219.0
2023-07-13,99.6503,101.3461,99.3692,100.2488,3469857.0
2023-07-14,99.8136,99.9587,96.5309,97.1112,2800752.0
2023-07-17,96.7485,97.6281,96.2498,96.5218,2515556.0
2023-07-18,96.5309,99.2967,96.4855,98.6166,2305176.0
2023-07-19,98.6347,100.3758,98.6347,99.2785,2871250.0
2023-07-20,100.2035,101.3642,99.9315,101.2826,2814918.0
2023-07-21,101.7179,102.6519,101.4277,102.3708,3088163.0
2023-07-24,102.8333,104.919,102.8333,104.0303,2268979.0
2023-07-25,103.7129,105.6625,103.2867,105.3542,1893571.0
2023-07-26,104.5744,106.2248,104.4202,105.9437,2376098.0
2023-07-27,106.4061,106.9049,104.5834,104.9915,2217679.0
2023-07-28,104.9552,105.463,103.9849,105.1275,1685822.0
2023-07-31,106.2973,107.2313,105.8802,106.7507,2255741.0
2023-08-01,106.3336,106.8505,105.3633,106.4424,1905336.0
2023-08-02,105.8167,106.5875,104.2026,104.8192,2519373.0
2023-08-03,104.2026,106.3608,102.4796,104.2751,4611089.0
2023-08-04,105.0731,105.8167,102.9965,103.1144,4071754.0
2023-08-07,103.8217,103.9215,102.6973,103.8126,1935990.0
2023-08-08,102.1532,105.0006,100.929,104.8192,2431137.0
2023-08-09,105.853,107.7664,105.463,105.59,3007072.0
2023-08-10,105.454,106.6328,104.4293,105.0368,2067519.0
2023-08-11,105.1729,107.05,104.7104,106.8323,2250735.0
2023-08-14,106.2317,106.8055,105.4576,106.7235,2629511.0
2023-08-15,106.1042,106.423,104.7107,105.2025,2484178.0
2023-08-16,105.4211,106.4776,104.3373,104.4102,2206564.0
2023-08-17,106.1042,107.3611,105.8492,106.3137,2082248.0
2023-08-18,105.5031,107.4977,105.3301,106.8237,2381063.0
2023-08-21,107.5979,108.4813,106.1315,106.7509,1552790.0
2023-08-22,107.0969,107.2336,105.7217,105.7854,1664565.0
2023-08-23,104.7472,105.9585,103.6998,105.4758,1738534.0
2023-08-24,104.9111,106.004,104.5013,104.5559,1974325.0
2023-08-25,105.3665,106.678,104.5195,106.1224,2085857.0
2023-08-28,106.086,107.8347,106.0313,107.0332,1662791.0
2023-08-29,107.3428,107.5614,106.1771,107.1607,1765290.0
2023-08-30,107.7163,108.3265,107.4795,108.1079,1545780.0
2023-08-31,108.536,108.8912,107.5614,108.4084,1724728.0
2023-09-01,109.2919,111.5688,109.2646,111.2409,3831456.0
2023-09-05,111.8147,113.8366,111.6234,111.8694,3400454.0
2023-09-06,111.669,112.4249,111.0406,112.0879,2607453.0
2023-09-07,112.0151,112.6435,110.7582,110.8493,1865958.0
2023-09-08,111.8056,112.9441,111.5233,111.7692,2168154.0
2023-09-11,112.4249,112.8439,109.1279,109.6926,2470038.0
2023-09-12,110.4303,112.4249,110.3848,112.097,2485896.0
2023-09-13,112.4614,112.6617,110.6307,111.3958,2054701.0
2023-09-14,112.4796,113.7455,112.4249,113.3903,2258480.0
2023-09-15,112.9805,114.7474,112.1972,112.5433,4313953.0
2023-09-18,114.0097,114.5106,112.9987,113.3721,2810401.0
2023-09-19,114.6108,114.7838,111.2774,112.1699,2306859.0
2023-09-20,111.6872,112.7619,110.2482,110.3575,1833172.0
2023-09-21,111.1407,111.2591,108.1534,108.4449,2405490.0
2023-09-22,109.219,110.3666,108.4176,108.5268,2028643.0
2023-09-25,108.6452,110.4486,108.2809,110.2664,1803598.0
2023-09-26,109.1082,110.6093,108.6871,109.4194,2633342.0
2023-09-27,111.4148,113.4286,110.5727,112.6688,3098568.0
2023-09-28,112.4583,113.7856,111.8359,112.3302,2272335.0
2023-09-29,112.321,112.321,109.5109,109.6574,2405953.0
2023-10-02,110.0601,110.1242,106.1425,107.186,2478605.0
2023-10-03,106.8748,107.7077,106.2432,107.6436,2213261.0
2023-10-04,105.5567,105.8404,102.2157,103.7352,4542961.0
2023-10-05,102.9846,104.8793,102.6917,103.8175,2489928.0
2023-10-06,104.6963,106.7192,103.5795,105.5658,2474642.0
2023-10-09,108.8885,111.5521,108.6963,111.5064,3744009.0
2023-10-10,110.9846,111.8908,110.0144,110.1974,2996246.0
2023-10-11,109.3828,110.0144,108.0372,109.8771,4019245.0
2023-10-12,110.829,111.424,110.2615,110.8565,2209384.0
2023-10-13,113.5567,115.305,112.9801,114.289,3089915.0
2023-10-16,114.948,115.4423,113.6666,114.7009,2178541.0
2023-10-17,114.6002,115.7261,114.3622,114.8382,2379581.0
2023-10-18,115.5247,116.4675,114.829,115.8725,2665803.0
2023-10-19,115.0487,116.5682,114.2981,115.6803,2404364.0
2023-10-20,115.5064,115.9457,113.3737,113.5567,2786456.0
2023-10-23,112.6414,112.7329,110.4263,111.067,2994158.0
2023-10-24,111.2775,111.662,109.7489,109.7947,2782050.0
2023-10-25,109.4102,110.6917,108.7146,110.2157,3114852.0
2023-10-26,108.678,109.0716,107.3233,108.2935,3663998.0
2023-10-27,107.7352,108.321,106.5727,107.8267,2821209.0
2023-10-30,107.8084,108.4674,106.6459,108.1379,3406159.0
2023-10-31,107.9182,108.916,106.6276,108.742,2362491.0
2023-11-01,109.3645,109.6299,106.6276,106.7924,5200834.0
2023-11-02,107.8908,112.8153,107.4331,111.6894,5709848.0
2023-11-03,111.2135,111.5704,109.2455,109.6116,3599760.0
2023-11-06,110.0601,110.353,108.1837,108.44,2163371.0
2023-11-07,106.8107,106.8656,104.6505,105.4926,3047423.0
2023-11-08,105.4468,105.8313,104.321,104.7603,3423196.0
2023-11-09,105.8587,106.2432,104.3942,104.4857,2448386.0
2023-11-10,105.4817,106.3741,104.893,105.8221,2615476.0
2023-11-13,105.7853,106.6409,105.7853,106.1257,1759339.0
2023-11-14,106.7145,107.4596,106.1073,106.2913,3099230.0
2023-11-15,105.7945,107.3308,105.6841,105.8221,2779603.0
2023-11-16,104.4238,104.6538,101.1764,103.0255,4073480.0
2023-11-17,103.7706,106.2821,103.2463,105.4173,3239456.0
2023-11-20,105.7853,107.248,105.4173,106.1533,2160563.0
2023-11-21,105.9601,106.3741,105.3805,105.9509,2007211.0
2023-11-22,103.0531,105.9141,102.2619,105.6565,2781987.0
2023-11-24,105.6933,107.248,105.6657,106.2453,1270203.0
2023-11-27,105.7761,105.9141,104.2858,105.6105,3121379.0
2023-11-28,106.0337,106.6961,105.3161,105.7761,1870837.0
2023-11-29,106.1257,106.3097,104.249,104.847,3650476.0
2023-11-30,105.9509,107.3584,104.5434,106.3189,3388356.0
2023-12-01,105.8221,107.6712,105.6565,106.0061,2850670.0
2023-12-04,104.9482,106.6409,104.7642,105.3621,2591798.0
2023-12-05,105.5461,105.7025,103.9914,104.0834,3305389.0
2023-12-06,103.3382,103.3382,100.9464,101.6731,4421768.0
2023-12-07,102.4091,102.9519,101.7927,101.9767,3439035.0
2023-12-08,102.7955,103.2095,102.1699,103.0991,3286698.0
2023-12-11,103.1451,103.6142,102.6115,103.1819,3827702.0
2023-12-12,101.9031,102.5563,100.9188,102.1699,3944868.0
2023-12-13,102.5747,103.2739,101.9951,102.8967,4903267.0
2023-12-14,103.9086,107.0457,103.7246,105.7485,6691845.0
2023-12-15,105.1966,106.4753,104.525,105.3713,5853870.0
2023-12-18,106.5581,107.8828,105.4725,105.7025,3963419.0
2023-12-19,105.7485,107.3032,105.1046,107.1653,3584022.0
2023-12-20,107.5148,109.4191,107.0641,107.3492,3871445.0
2023-12-21,107.1745,107.524,106.0521,107.478,2410008.0
2023-12-22,108.5544,109.1339,107.9012,108.2416,2333316.0
2023-12-26,109.1983,109.8699,108.904,109.4927,1455315.0
2023-12-27,109.0236,110.0631,108.628,109.0052,1811719.0
2023-12-28,108.2416,108.7384,107.1193,107.1745,2223769.0
2023-12-29,107.8276,108.1404,106.5397,106.7789,1805875.0
2024-01-02,107.7908,109.2903,107.4964,108.1772,2501580.0
2024-01-03,108.5084,110.5599,108.0024,110.3299,2585108.0
2024-01-04,110.9555,111.535,106.9629,107.1561,3222698.0
2024-01-05,108.0944,108.3428,106.7145,107.202,2438265.0
2024-01-08,105.6933,105.8405,103.4762,105.3345,3888142.0
2024-01-09,105.3345,105.3345,103.2647,103.7338,3419599.0
2024-01-10,103.7062,103.7062,101.9583,102.2803,2518349.0
2024-01-11,102.6759,103.2555,102.0595,102.1147,2438646.0
2024-01-12,103.9546,104.295,102.1515,102.7587,3150336.0
2024-01-16,102.5747,102.7955,99.6676,99.9436,3598242.0
2024-01-17,98.3613,99.8516,98.0485,98.9593,2753814.0
2024-01-18,98.7477,98.7477,97.3034,98.3705,3772686.0
2024-01-19,97.5609,99.2813,97.4414,99.2353,3616143.0
2024-01-22,98.8949,99.7136,98.4349,99.4101,3153226.0
2024-01-23,99.1893,100.6612,99.0329,99.3457,1921828.0
2024-01-24,100.2012,101.2132,99.7412,100.8912,2871473.0
2024-01-25,101.0108,103.1083,100.514,103.0807,3401764.0
2024-01-26,103.0715,103.4486,101.5995,103.2463,2476934.0
2024-01-29,103.0715,103.1267,101.6455,102.6667,2465285.0
2024-01-30,102.3079,105.1782,101.8939,104.9206,3590967.0
2024-01-31,104.847,104.9666,102.8415,102.9151,2690373.0
2024-02-01,103.3474,104.157,101.9307,102.4643,2562678.0
2024-02-02,102.7219,102.9887,100.9096,101.7743,2600677.0
2024-02-05,101.4247,101.9859,100.5416,101.1672,2578171.0
2024-02-06,102.0043,103.4486,101.3696,102.5931,2873736.0
2024-02-07,102.7771,103.927,102.5287,103.329,3770849.0
2024-02-08,104.0558,106.0613,103.5682,104.7826,4860050.0
2024-02-09,104.8654,105.1506,102.1331,102.2619,3723841.0
2024-02-12,102.3631,103.1635,101.6823,102.2067,3458950.0
2024-02-13,102.2067,102.9703,100.1276,100.9832,3926405.0
2024-02-14,101.3793,102.1575,100.7492,101.3052,3938786.0
2024-02-15,101.0272,103.4917,100.8419,102.8432,5912213.0
2024-02-16,103.2879,103.5844,102.278,102.4448,4412211.0
2024-02-20,102.4262,103.4269,101.3237,101.4905,3797449.0
2024-02-21,101.9167,105.317,101.6387,104.5758,4672563.0
2024-02-22,103.8253,104.6128,103.1304,103.9735,3006105.0
2024-02-23,102.9266,104.0106,102.0093,103.3157,3000100.0
2024-02-26,103.0285,104.2515,102.4818,104.1588,2464039.0
2024-02-27,104.724,105.0019,102.8895,103.4083,3303632.0
2024-02-28,103.677,104.9927,102.9821,103.8067,2917369.0
2024-02-29,104.2422,104.8444,103.6307,104.27,2329236.0
2024-03-01,105.4374,107.0403,105.2799,105.8451,3176261.0
2024-03-04,105.6598,105.9933,103.3805,103.4361,3186278.0
2024-03-05,103.0377,104.5109,102.7042,103.047,3323567.0
2024-03-06,104.0476,104.6035,103.2786,103.7604,3212123.0
2024-03-07,103.5195,105.0946,103.4825,104.4553,3083490.0
2024-03-08,103.9643,104.8908,103.64,104.6962,3150418.0
2024-03-11,105.039,106.8828,104.3719,106.7809,3222796.0
2024-03-12,106.6234,107.2256,105.9563,106.5678,3276859.0
2024-03-13,108.217,109.8939,107.6333,108.9118,4039552.0
2024-03-14,110.4128,111.1725,110.0144,110.978,4267211.0
2024-03-15,110.3757,111.923,110.3757,111.2189,4755298.0
2024-03-18,112.0157,112.1732,110.4035,111.4227,2933476.0
2024-03-19,111.5153,113.1831,111.4598,113.0534,2251390.0
2024-03-20,112.3122,113.3684,112.1361,112.9514,2046178.0
2024-03-21,113.0997,114.508,112.7383,114.4339,2775450.0
2024-03-22,114.4709,114.9342,113.6927,113.9891,2902465.0
2024-03-25,114.6284,117.3431,114.1003,116.954,4328787.0
2024-03-26,117.2042,117.5748,115.9997,116.7316,3024149.0
2024-03-27,116.4166,117.6859,116.1109,117.5192,2104845.0
2024-03-28,118.5939,119.1869,117.3987,117.9268,2219872.0
2024-04-01,118.5939,119.4648,117.4358,119.224,1725448.0
2024-04-02,120.0022,121.2252,119.1684,121.0677,2992676.0
2024-04-03,121.2901,122.3,120.9287,121.9572,2076849.0
2024-04-04,122.4204,122.6984,121.4198,122.0684,2277453.0
2024-04-05,122.2629,124.0048,121.5495,123.7083,2047976.0
2024-04-08,123.9214,124.1808,122.4668,122.6891,2288431.0
2024-04-09,123.0319,123.4118,121.3827,122.5316,2444203.0
2024-04-10,122.7447,123.8565,122.0776,123.0597,2331684.0
2024-04-11,122.8003,123.4025,121.0492,123.1524,2507332.0
2024-04-12,124.4124,125.2463,120.8083,121.5588,2415164.0
2024-04-15,122.4204,122.8652,120.4748,120.6786,2331524.0
2024-04-16,120.447,121.1882,119.0572,120.0115,2159280.0
2024-04-17,119.6316,120.5767,118.177,118.8997,2075896.0
2024-04-18,119.2703,119.7243,117.899,118.4179,1829720.0
2024-04-19,118.7236,120.9195,118.4179,119.8725,2257024.0
2024-04-22,119.1591,120.8176,117.6118,119.8262,2388290.0
2024-04-23,119.1776,120.623,118.3438,120.2987,1925265.0
2024-04-24,119.8633,120.1597,118.8626,119.7799,2047177.0
2024-04-25,120.169,121.0399,118.8719,120.5489,2069258.0
2024-04-26,119.9466,121.1604,119.3907,120.6693,2781492.0
2024-04-29,120.2153,120.8546,119.3351,120.6508,1870606.0
2024-04-30,120.2709,120.3172,116.2128,116.3888,2936275.0
2024-05-01,115.8885,116.4907,114.3505,115.2029,2851555.0
2024-05-02,115.555,115.9997,112.7198,113.2665,4275833.0
2024-05-03,113.4703,113.6649,111.9879,113.2479,2787454.0
2024-05-06,114.0355,116.0182,113.9799,114.4709,2277395.0
2024-05-07,114.5728,115.7588,114.0262,114.4617,2274626.0
2024-05-08,113.8038,114.8601,113.6834,114.0169,2251735.0
2024-05-09,113.9497,115.1059,113.6327,114.3227,2745211.0
2024-05-10,114.7236,115.6001,113.353,113.67,2563698.0
2024-05-13,113.6327,114.2761,113.0733,113.3716,3090418.0
2024-05-14,113.3157,113.9124,112.29,112.8588,2721539.0
2024-05-15,112.5138,113.67,110.6397,112.5418,3359906.0
2024-05-16,112.2154,113.1852,111.5161,111.7306,2360504.0
2024-05-17,112.7283,113.7446,111.945,113.4835,2293124.0
2024-05-20,113.5208,113.8565,112.346,112.7189,1270114.0
2024-05-21,112.5325,113.5022,112.1595,112.2714,1335263.0
2024-05-22,111.4415,111.628,109.4555,110.2014,2296574.0
2024-05-23,110.7982,111.3576,109.2784,109.6979,1600027.0
2024-05-24,110.3879,110.5744,108.9613,109.325,1611464.0
2024-05-28,109.8658,111.1711,109.7725,110.9194,1929637.0
2024-05-29,109.6513,109.7073,106.1175,107.4602,9157524.0
2024-05-30,107.8797,108.5138,105.2876,105.903,6300491.0
2024-05-31,106.1641,108.663,106.0802,108.607,6221883.0
2024-06-03,108.4019,108.5604,105.3249,106.1734,4137820.0
2024-06-04,105.1758,105.3622,103.7678,104.6816,4229121.0
2024-06-05,104.4858,104.8494,103.7771,104.6443,3070841.0
2024-06-06,104.2154,104.8028,104.0009,104.6163,3152522.0
2024-06-07,104.4019,105.1664,103.6373,104.4298,2591821.0
2024-06-10,104.7841,106.2946,104.4019,105.642,2847419.0
2024-06-11,105.5394,105.9683,105.0359,105.9497,2004754.0
2024-06-12,106.7609,107.1991,104.0196,104.607,5179874.0
2024-06-13,104.4485,104.5883,102.6489,103.3949,3898562.0
2024-06-14,103.6653,103.6653,101.7445,101.9962,3365285.0
2024-06-17,101.5394,102.4718,101.1477,102.1361,3203224.0
2024-06-18,102.6303,103.6839,101.6419,102.0149,3108410.0
2024-06-20,102.192,104.29,101.875,103.8051,3344193.0
2024-06-21,104.2713,104.6723,103.2457,103.8144,5173932.0
2024-06-24,104.6629,108.1501,104.3459,107.3856,4256080.0
2024-06-25,106.9567,107.283,105.9776,107.2177,2989938.0
2024-06-26,107.4135,107.4135,105.1385,105.931,3300985.0
2024-06-27,106.2946,106.6023,105.4648,106.2667,2158439.0
2024-06-28,107.6,107.7585,105.959,106.649,2331364.0
2024-07-01,107.2644,107.656,105.9683,106.6303,1931327.0
2024-07-02,107.5814,107.7958,105.6699,106.4065,1989469.0
2024-07-03,106.3413,107.8424,106.0149,107.0126,1289037.0
2024-07-05,106.7888,106.966,104.5604,104.9427,2026154.0
2024-07-08,104.4019,105.0266,103.7865,104.6443,2314122.0
2024-07-09,103.4135,105.0266,103.1711,103.6746,2034432.0
2024-07-10,103.3016,105.0172,103.0126,104.924,2228852.0
2024-07-11,104.924,106.649,104.3925,106.2853,3083207.0
2024-07-12,106.6676,106.8541,105.2224,105.4928,2344492.0
2024-07-15,106.304,107.4135,105.3809,106.8261,2760940.0
2024-07-16,106.0336,107.6187,105.5021,107.4042,2562492.0
2024-07-17,107.9264,109.4648,107.7212,108.2341,4119287.0
2024-07-18,108.4392,110.3972,107.5534,108.7282,3670990.0
2024-07-19,109.2411,109.3902,106.5091,106.621,3034720.0
2024-07-22,105.9217,105.987,104.5231,104.7282,3012271.0
2024-07-23,104.29,104.4764,102.6303,103.3389,3255540.0
2024-07-24,104.1688,104.8214,103.0405,103.5907,2735291.0
2024-07-25,103.4974,104.4671,102.9846,103.5254,2995349.0
2024-07-26,103.6373,104.0009,102.4997,103.3669,2367708.0
2024-07-29,103.7212,103.7678,101.0452,101.7445,2465245.0
2024-07-30,101.7911,102.8168,101.5767,102.4811,6291027.0
2024-07-31,104.0662,104.8028,103.5907,103.6839,4375805.0
2024-08-01,104.8494,105.0639,100.6256,101.0638,6221227.0
2024-08-02,100.4391,100.7748,96.9519,98.6209,4411626.0
2024-08-05,96.9706,98.192,95.3482,97.502,4776173.0
2024-08-06,97.502,99.255,97.0731,98.6489,5235051.0
2024-08-07,100.0009,101.1105,99.2456,99.7025,4178333.0
2024-08-08,99.9916,101.2969,99.6932,100.9519,3028020.0
2024-08-09,100.9496,101.7291,99.8414,101.269,3311663.0
2024-08-12,101.8982,103.5229,101.6916,103.3351,3549228.0
2024-08-13,102.3584,102.7247,101.2971,101.7479,3376199.0
2024-08-14,101.9076,103.1567,101.6446,102.6777,3141735.0
2024-08-15,103.0064,104.5936,103.0064,104.4621,3428297.0
2024-08-16,103.6075,104.603,103.1754,104.4151,2105227.0
2024-08-19,104.4527,105.8896,104.3588,104.9411,2666709.0
2024-08-20,104.7814,105.0068,102.2269,103.1661,2467141.0
2024-08-21,104.0676,104.4245,102.2739,102.95,2139274.0
2024-08-22,102.9313,103.7953,102.7528,103.2788,2101131.0
2024-08-23,104.0864,104.7063,103.5605,104.6217,1962507.0
2024-08-26,106.1432,108.0309,106.068,106.6503,3283392.0
2024-08-27,106.7442,106.7442,105.2416,105.5891,1984274.0
2024-08-28,105.2228,105.3731,103.908,105.3261,2668834.0
2024-08-29,106.1056,108.1342,105.251,107.411,3028753.0
2024-08-30,106.2371,107.1011,105.5703,106.8663,2604937.0
2024-09-03,105.0913,105.1007,102.565,103.1661,3589367.0
2024-09-04,103.6168,104.4245,101.8418,101.9545,4010440.0
2024-09-05,102.5744,102.734,100.7618,100.9121,3303412.0
2024-09-06,101.175,102.0109,99.2873,99.5691,2774047.0
2024-09-09,99.5973,100.1795,99.1183,99.1746,2947182.0
2024-09-10,99.1277,99.3061,96.9582,97.672,3210429.0
2024-09-11,97.4842,97.7096,95.1269,96.329,4063270.0
2024-09-12,96.4699,97.3715,95.9346,96.6389,4142161.0
2024-09-13,96.8268,98.0195,96.7798,97.2024,3050670.0
2024-09-16,98.5736,99.2592,98.0946,99.1277,4800787.0
2024-09-17,99.1277,101.8982,98.8929,101.701,5686727.0
2024-09-18,100.9778,103.2412,100.9684,102.0109,4886367.0
2024-09-19,103.7765,104.5748,102.7059,103.8235,4890734.0
2024-09-20,104.3963,104.9411,103.0534,103.1848,8781929.0
2024-09-23,103.4008,104.1897,100.9496,103.0158,4867433.0
2024-09-24,104.5654,104.6875,102.1518,102.2832,2979132.0
2024-09-25,101.8982,102.1987,99.2592,99.2967,3337253.0
2024-09-26,96.7328,97.8786,95.944,96.0848,5354237.0
2024-09-27,96.3854,98.4609,96.3572,98.3482,2966091.0
2024-09-30,98.0477,99.1559,97.5499,98.8741,3257313.0
2024-10-01,98.1791,103.0064,97.7659,102.7153,4358448.0
2024-10-02,104.509,104.8471,101.9733,103.645,3730036.0
2024-10-03,103.9643,105.6642,103.2975,105.5797,4402543.0
2024-10-04,106.6597,107.6552,105.2322,107.5707,4528838.0
2024-10-07,107.9463,109.017,107.4768,107.7397,2624860.0
2024-10-08,105.8802,106.0493,103.4572,104.0582,3289466.0
2024-10-09,103.2224,104.7344,102.8843,104.2179,2278788.0
2024-10-10,105.2604,105.9741,104.0207,105.0538,2068253.0
2024-10-11,104.0113,104.9035,103.5605,103.7671,3185403.0
2024-10-14,103.0252,103.7202,102.2739,102.8092,2804801.0
2024-10-15,99.5503,100.6116,98.7239,98.8084,3726751.0
2024-10-16,99.2122,99.5503,98.6487,98.7614,2622944.0
2024-10-17,98.9117,99.7757,98.5548,99.6912,2595427.0
2024-10-18,99.4846,99.6818,98.3294,99.2404,2366879.0
2024-10-21,100.1608,100.3392,98.32,98.6018,2526576.0
2024-10-22,99.3437,99.3719,98.3858,98.6112,2448661.0
2024-10-23,98.2261,98.6675,97.3527,98.151,1867851.0
2024-10-24,98.6112,98.7708,97.1555,98.0195,1937723.0
2024-10-25,98.6675,99.015,97.9068,98.1979,2267367.0
2024-10-28,95.6059,97.0616,95.3241,96.977,2600572.0
2024-10-29,96.6953,97.4466,95.944,96.0942,2273334.0
2024-10-30,96.6014,97.1367,96.1318,96.7141,3379605.0
2024-10-31,100.4613,103.9174,99.5503,102.8749,7543512.0
2024-11-01,102.8467,103.3163,100.1889,101.2784,4186597.0
2024-11-04,102.3678,103.3727,102.1048,102.2363,3040928.0
2024-11-05,102.5462,103.3257,101.9733,102.565,3024039.0
2024-11-06,105.1852,107.8806,104.603,106.7161,4144777.0
2024-11-07,106.9889,107.0646,105.0502,105.5609,2795365.0
2024-11-08,105.0691,105.9203,104.5584,105.5325,2792312.0
2024-11-11,105.4663,106.6296,104.9273,105.9676,2282147.0
2024-11-12,106.3553,106.7052,104.4733,104.6341,2798510.0
2024-11-13,104.426,106.3553,103.556,105.75,2820600.0
2024-11-14,106.4782,106.8849,105.3056,106.7903,2134689.0
2024-11-15,106.5634,107.8779,105.8068,106.2229,2433676.0
2024-11-18,107.2348,108.2467,106.6296,107.5847,2627081.0
2024-11-19,106.5066,107.9441,106.1567,106.9511,3205411.0
2024-11-20,106.7714,107.8022,106.5255,107.2726,2063430.0
2024-11-21,108.067,109.1168,105.4474,105.8257,7361713.0
2024-11-22,106.081,106.6106,105.0975,105.6838,4777458.0
2024-11-25,105.8257,105.8824,99.8109,100.3405,9500624.0
2024-11-26,100.8323,101.5227,99.2057,100.9836,5695561.0
2024-11-27,101.5321,103.0737,101.2957,101.5605,3383207.0
2024-11-29,101.901,102.6292,101.5321,102.4589,1947804.0
2024-12-02,102.4589,102.8372,99.8109,100.3784,3629966.0
2024-12-03,101.2201,101.8253,99.9717,100.2933,3344597.0
2024-12-04,100.1892,100.35,97.248,97.8911,4187543.0
2024-12-05,99.3759,100.123,98.364,98.7706,3478699.0
2024-12-06,98.7801,98.9125,96.8414,97.6169,3111192.0
2024-12-09,98.5626,99.3475,97.2953,97.5601,3474116.0
2024-12-10,98.0046,98.4869,96.5577,96.8036,2872256.0
2024-12-11,96.8036,97.144,96.1699,96.6428,3834964.0
2024-12-12,96.8225,97.0494,95.3944,95.4323,3386547.0
2024-12-13,95.5647,96.709,95.1202,95.5363,3639341.0
2024-12-16,95.6403,95.9808,94.0326,94.165,4022421.0
2024-12-17,93.4084,93.8718,91.4981,92.9261,5235120.0
2024-12-18,92.6802,93.1625,90.5524,90.6469,5269197.0
2024-12-19,91.7251,91.7251,89.9377,90.0133,5900119.0
2024-12-20,89.6161,91.1482,89.1149,89.9566,8398338.0
2024-12-23,90.2497,91.621,89.4459,91.1482,3748533.0
2024-12-24,91.2617,91.9142,90.6469,91.8385,1577957.0
2024-12-26,91.8575,91.8764,91.0158,91.6305,2630905.0
2024-12-27,91.7345,92.6613,91.2333,91.6589,2551116.0
2024-12-30,91.9709,92.3019,90.9117,91.8196,2963841.0
2024-12-31,92.0182,93.9097,91.8291,93.7867,2500819.0
2025-01-02,94.5717,95.7822,94.1083,94.6473,3061021.0
2025-01-03,95.158,95.8957,94.8459,95.6025,2277019.0
2025-01-06,96.0375,96.605,94.2312,94.5622,3681140.0
2025-01-07,95.0445,96.9265,94.4866,96.151,2818682.0
2025-01-08,95.5174,96.8887,95.281,96.1037,2433554.0
2025-01-10,97.8817,98.7706,95.6971,96.3874,4194564.0
2025-01-13,96.482,99.3948,96.482,98.572,4328969.0
2025-01-14,97.7682,99.2624,97.5412,99.1868,2481126.0
2025-01-15,99.3192,100.123,98.7706,99.7542,2508171.0
2025-01-16,99.4799,100.4067,99.3854,99.8771,3011241.0
2025-01-17,100.0568,100.3878,99.461,100.1041,3820232.0
2025-01-21,99.3003,99.9906,98.3829,98.6193,4174010.0
2025-01-22,98.6193,99.2908,97.3332,97.4656,2560929.0
2025-01-23,98.4586,99.7542,98.0046,98.3451,2883867.0
2025-01-24,98.8368,99.0638,96.2078,96.3023,2912147.0
2025-01-27,96.8981,98.0803,95.8957,97.1156,3558009.0
2025-01-28,97.3048,97.7209,95.2715,95.8768,2493574.0
2025-01-29,95.6592,96.3685,94.9027,96.047,2480847.0
2025-01-30,96.4631,96.7184,95.4606,95.9524,2249702.0
2025-01-31,95.8295,95.8389,93.2098,93.4652,2760576.0
2025-02-03,93.3895,93.5692,91.7723,93.1342,3326682.0
2025-02-04,92.3965,95.3282,92.2357,95.1202,3159644.0
2025-02-05,95.0729,95.4039,94.0042,94.7703,2677326.0
2025-02-06,93.5219,95.612,93.2477,94.5149,5190710.0
2025-02-07,94.6284,94.9972,92.9356,93.0207,3679410.0
2025-02-10,94.2028,94.2028,92.51,94.0799,5346614.0
2025-02-11,94.1272,97.04,93.8151,96.1888,4165149.0
2025-02-12,95.5174,96.1888,92.9923,93.0585,4089257.0
2025-02-13,92.5171,92.6982,91.1728,91.6399,5826949.0
2025-02-14,92.3931,93.8709,91.7448,91.7734,4447204.0
2025-02-18,91.7544,93.0796,90.8486,92.908,6638156.0
2025-02-19,93.766,95.6156,93.5849,94.9291,4775362.0
2025-02-20,95.1008,97.3317,94.5764,97.2459,3345575.0
2025-02-21,96.3402,96.8359,93.2226,93.3751,3800854.0
2025-02-24,93.4895,94.7194,93.3274,94.2141,2753074.0
2025-02-25,94.6527,95.1103,92.3645,92.5552,3281272.0
2025-02-26,92.7649,92.8603,90.7819,91.6495,3530978.0
2025-02-27,92.6696,94.3762,91.8211,92.8317,3537586.0
2025-02-28,92.6029,94.5669,91.6113,94.5287,3931682.0
2025-03-03,95.1008,95.1103,87.2925,88.3126,8011524.0
2025-03-04,86.8158,87.8168,84.3465,86.4154,9160705.0
2025-03-05,84.6897,85.2332,82.7639,84.7374,8082937.0
2025-03-06,84.6611,85.462,83.8221,84.4704,5649234.0
2025-03-07,85.2236,86.8253,85.2236,86.4058,5432639.0
2025-03-10,87.1876,89.6474,86.4249,88.57,6807858.0
2025-03-11,88.57,91.659,88.57,90.963,8416447.0
2025-03-12,90.8963,93.2321,90.5817,93.194,6214663.0
2025-03-13,92.4789,94.7385,91.659,91.7067,7242596.0
2025-03-14,92.4217,94.9959,91.7353,94.338,4355206.0
2025-03-17,94.6241,95.8349,94.4048,94.7289,4351552.0
2025-03-18,95.7777,96.2258,94.1283,95.8444,4670161.0
2025-03-19,95.8158,97.8751,95.5965,96.6071,4652721.0
2025-03-20,96.4355,97.8465,96.14,97.5414,6422877.0
2025-03-21,97.6368,98.1611,96.6166,97.1696,8402873.0
2025-03-24,97.2745,98.1325,96.8359,97.427,3156710.0
2025-03-25,97.8275,98.533,96.6929,97.7702,3291116.0
2025-03-26,98.819,99.9821,97.8275,98.39,3613827.0
2025-03-27,98.1039,99.0001,97.4652,98.0277,2467765.0
2025-03-28,97.6654,98.4472,96.8741,97.5986,2014117.0
2025-03-31,97.4556,100.5446,97.2554,100.1251,3418723.0
2025-04-01,100.0203,100.783,99.1717,100.4779,3913329.0
2025-04-02,99.534,101.2501,99.3815,101.1548,2930468.0
2025-04-03,95.6537,96.712,90.6866,90.8105,7770058.0
2025-04-04,87.8073,88.3317,81.5626,82.2681,8946608.0
2025-04-07,80.0944,85.2522,77.9111,81.677,8270703.0
2025-04-08,83.088,84.1654,77.4821,78.8073,6851435.0
2025-04-09,77.3295,88.1601,76.1569,87.2448,10929735.0
2025-04-10,84.3751,84.5181,77.034,79.4079,9818868.0
2025-04-11,79.4175,82.926,78.6166,82.3635,5990714.0
2025-04-14,84.4704,84.499,81.6007,82.4207,3729955.0
2025-04-15,82.5637,83.6219,81.4863,81.7247,3103072.0
2025-04-16,82.3539,84.2416,82.0012,82.3348,3500673.0
2025-04-17,83.7173,86.2628,83.6029,84.8327,4865343.0
2025-04-21,83.1929,83.7649,82.3062,83.4694,3810286.0
2025-04-22,84.7469,86.2533,83.7268,85.5764,3171717.0
2025-04-23,86.5488,87.3974,84.9281,85.7385,4679745.0
2025-04-24,86.5202,87.9122,85.9291,87.5213,3783014.0
2025-04-25,86.4249,87.7215,86.3868,87.445,2586043.0
2025-04-28,87.3497,88.9895,87.3497,88.5986,2653315.0
2025-04-29,86.7586,88.2935,86.177,87.5976,2581119.0
2025-04-30,86.5012,86.5202,83.9651,84.9662,3819708.0
2025-05-01,84.3084,87.1209,84.1368,86.4249,4632187.0
2025-05-02,87.4832,88.1315,85.5192,87.1495,3410579.0
2025-05-05,85.624,85.624,83.4694,83.5266,5459486.0
2025-05-06,84.3942,85.3952,83.498,83.5457,5726181.0
2025-05-07,84.0891,84.2035,82.8306,83.6219,5592262.0
2025-05-08,85.0329,87.9599,84.5563,84.6802,8140426.0
2025-05-09,86.6537,86.8253,84.1844,84.4609,4415619.0
2025-05-12,89.0372,89.8285,87.7882,87.9694,4512923.0
2025-05-13,88.4079,90.6484,87.9885,89.7808,4657643.0
2025-05-14,88.6749,89.4471,88.0647,88.2554,4296054.0
2025-05-15,86.6728,88.7416,86.5012,88.6272,3985370.0
2025-05-16,89.218,89.2661,87.2373,88.1219,3958485.0
2025-05-19,88.2181,88.3623,86.5354,86.9297,4034240.0
2025-05-20,86.6893,86.9489,85.7855,86.2374,3243491.0
2025-05-21,86.1124,86.1124,83.6894,83.7952,4342025.0
2025-05-22,83.0548,83.2375,81.5933,82.8144,3308564.0
2025-05-23,81.7664,82.4202,81.5068,81.9106,3102904.0
2025-05-27,82.3529,82.4875,81.2952,82.2568,3922313.0
2025-05-28,83.1894,83.2759,81.0356,81.3241,4188822.0
2025-05-29,81.5356,82.3144,81.0837,82.3048,3601029.0
2025-05-30,81.6798,82.7375,81.2856,82.0645,4996828.0
2025-06-02,83.699,84.1894,82.5548,83.3817,5474142.0
2025-06-03,83.324,85.1893,82.0933,84.5259,3177183.0
2025-06-04,84.5644,85.4489,82.4971,82.6414,4319171.0
2025-06-05,83.4971,83.4971,81.9491,82.0645,2879621.0
2025-06-06,83.4106,84.4105,83.3817,83.8625,2943455.0
2025-06-09,84.4201,85.3913,83.6702,84.6509,3459688.0
2025-06-10,85.8912,88.1604,85.6509,87.67,5997590.0
2025-06-11,88.2854,90.2084,87.6316,89.7565,4572233.0
2025-06-12,89.1315,91.1122,88.5835,91.0449,4186093.0
2025-06-13,92.8141,94.4679,91.7853,93.2275,11147552.0
2025-06-16,92.4199,93.1891,90.3911,91.343,6156155.0
2025-06-17,92.2372,93.0256,91.1699,91.8237,5754727.0
2025-06-18,91.843,92.4487,89.718,90.1892,4748253.0
2025-06-20,90.718,91.516,90.0834,91.0449,5420900.0
2025-06-23,92.5449,92.6025,87.6412,88.1796,5450946.0
2025-06-24,86.7662,88.1219,85.6028,85.9489,6098564.0
2025-06-25,85.872,86.5547,85.3816,85.5739,4298796.0
2025-06-26,85.8432,87.4104,85.7759,87.3912,3719124.0
2025-06-27,87.4008,87.4489,86.3431,86.6989,2559163.0
2025-06-30,86.0643,86.7181,85.6701,86.2855,3345293.0
2025-07-01,86.4008,88.7758,85.7662,88.4488,3172802.0
2025-07-02,89.5353,90.843,88.3719,90.8045,3256071.0
2025-07-03,90.3334,91.1218,89.9488,90.0738,1666102.0
2025-07-07,89.7565,90.1122,87.7277,88.9873,3250967.0
2025-07-08,88.9873,93.1891,88.9584,92.1026,5289783.0
2025-07-09,91.5545,92.1026,90.7661,90.8911,2771248.0
2025-07-10,90.4776,91.8622,89.6123,91.6987,2207089.0
2025-07-11,91.0545,92.4872,91.0161,91.9295,2404092.0
2025-07-14,91.3045,91.9776,90.1988,90.5449,2917873.0
2025-07-15,90.6411,90.9199,88.9104,88.9873,2048303.0
2025-07-16,88.8527,89.42,87.5931,87.9873,1975589.0
2025-07-17,87.5931,89.3911,87.2758,89.2373,2722759.0
2025-07-18,89.7757,90.1411,87.42,88.1123,4687429.0
2025-07-21,88.2085,88.6027,87.4008,87.497,2519926.0
2025-07-22,87.7373,89.7084,87.6412,89.4007,3346046.0
2025-07-23,89.9392,91.6122,89.5642,91.3814,3749450.0
2025-07-24,90.7661,92.1026,90.6699,91.9391,2580034.0
2025-07-25,92.016,92.3141,91.0834,91.2949,2586043.0
2025-07-28,92.0064,93.5737,92.0064,93.2852,2705221.0
2025-07-29,93.5641,94.2948,92.9295,94.2179,2691154.0
2025-07-30,93.641,93.6987,92.1795,92.9487,3500120.0
2025-07-31,91.593,93.2179,91.4391,91.6699,2626893.0
2025-08-01,91.2853,91.8141,88.8238,89.1892,3336549.0
2025-08-04,88.6988,90.2565,88.5546,89.2757,2562018.0
2025-08-05,89.5642,89.9199,88.4104,89.6123,2319248.0
2025-08-06,90.9488,92.016,89.0065,89.5257,3716255.0
2025-08-07,88.4969,91.4776,87.67,89.0354,5658514.0
2025-08-08,89.9584,91.2757,88.17,90.2949,5059315.0
2025-08-11,90.968,91.8237,89.295,89.9296,3292797.0
2025-08-12,90.7565,93.0545,89.9296,90.9488,4004024.0
2025-08-13,90.7661,92.1891,90.6315,92.1891,2718279.0
2025-08-14,91.9199,92.0929,90.6603,91.968,2010774.0
2025-08-15,91.7766,92.7267,91.0786,91.6603,4201961.0
2025-08-18,91.573,91.7087,90.4873,91.1271,2438878.0
2025-08-19,90.6811,91.67,90.3418,90.8944,2118753.0
2025-08-20,91.1271,92.2904,91.0786,91.9899,2671217.0
2025-08-21,91.8639,92.4552,90.9429,91.8832,3217372.0
2025-08-22,92.3195,94.4232,92.271,93.8221,3636608.0
2025-08-25,93.8318,95.2181,93.2598,95.1793,2927310.0
2025-08-26,94.6461,95.0048,93.4343,94.0839,2216863.0
2025-08-27,94.1323,95.6156,93.8124,94.9079,3041455.0
2025-08-28,95.0727,95.6447,93.8706,95.4411,1815680.0
2025-08-29,95.286,96.2845,95.063,95.9452,2189467.0
2025-09-02,96.0712,96.6044,94.7916,95.9646,2547053.0
2025-09-03,94.6461,95.2763,91.447,91.7572,5966555.0
2025-09-04,91.6603,93.2308,91.1077,92.843,3028562.0
2025-09-05,91.2531,91.9705,89.3142,90.1092,4228812.0
2025-09-08,90.1867,90.3806,87.7341,88.6065,5810896.0
2025-09-09,89.4887,90.7975,88.655,89.0525,2985295.0
2025-09-10,89.0525,91.447,88.8877,91.4373,2321868.0
2025-09-11,89.9928,91.2822,89.8377,91.2531,2310626.0
2025-09-12,91.8639,92.1644,89.5954,89.6051,2374698.0
2025-09-15,89.8668,90.2061,88.8877,89.5081,2720159.0
2025-09-16,90.2352,92.1935,89.8183,91.6506,4874589.0
2025-09-17,91.1465,92.2904,90.2934,90.9526,4239128.0
2025-09-18,90.7393,91.5149,90.0704,90.623,1975703.0
2025-09-19,90.9235,90.9623,88.5678,89.1107,4521931.0
2025-09-22,88.7035,89.9928,88.2963,89.1979,2612909.0
2025-09-23,89.7699,92.6103,89.7699,90.6133,4018801.0
2025-09-24,91.6021,93.6961,91.1271,92.7073,3857643.0
2025-09-25,92.2904,94.1033,92.2904,93.8512,4393896.0
2025-09-26,94.0936,96.6044,93.8997,95.4702,3839841.0
2025-09-29,94.2293,94.4232,91.7669,92.9205,3835794.0
2025-09-30,91.7184,92.1644,90.6908,91.699,3870650.0
2025-10-01,91.3888,93.0078,90.9623,92.5425,2412093.0
2025-10-02,92.0965,93.2017,90.274,90.526,2932775.0
2025-10-03,90.7975,91.8154,90.623,91.2822,2062495.0
2025-10-06,91.8832,92.5037,91.4567,92.0093,1511357.0
2025-10-07,91.7184,92.368,89.799,92.3195,2092820.0
2025-10-08,92.2807,92.3001,90.4388,90.8847,2932960.0
2025-10-09,91.0495,92.1159,89.0137,89.1397,4421046.0
2025-10-10,88.1412,88.2188,84.9615,84.9615,4679991.0
2025-10-13,85.6595,86.2605,84.9033,86.0666,3494960.0
2025-10-14,84.2441,86.1733,84.0987,85.4753,3118878.0
2025-10-15,86.212,86.2702,83.9436,85.0584,3479515.0
2025-10-16,84.9421,85.7273,82.9838,84.2538,4827308.0
2025-10-17,84.2732,84.816,83.4976,83.8369,3232802.0
2025-10-20,84.0502,84.5834,83.5655,84.3992,2497332.0
2025-10-21,84.5834,85.0002,83.6042,83.7691,3411414.0
2025-10-22,84.6028,85.0778,83.8757,84.7385,4159681.0
2025-10-23,86.9682,88.2091,86.4253,87.3269,4325313.0
2025-10-24,87.7244,87.831,85.2426,85.3395,5408770.0
2025-10-27,85.9891,86.658,85.611,85.9794,3213467.0
2025-10-28,85.6013,85.6595,84.0405,84.1374,2828426.0
2025-10-29,84.1956,85.7079,84.089,85.388,2473554.0
2025-10-30,85.2426,86.5319,84.6222,85.4462,2965635.0
2025-10-31,85.2232,86.8713,84.8548,86.1442,2656531.0
2025-11-03,85.9891,86.1151,84.7191,85.863,2986855.0
2025-11-04,84.6997,85.3783,84.3507,85.2232,2486485.0
2025-11-05,84.9324,85.9988,84.8839,85.0196,2733012.0
2025-11-06,84.341,85.6595,82.9547,83.042,7839112.0
2025-11-07,83.4685,84.7094,82.9741,84.1762,4159366.0
2025-11-10,84.6609,85.8436,83.7594,85.5334,3081441.0
2025-11-11,86.3962,88.5968,86.086,87.9182,3439429.0
2025-11-12,86.5998,87.5014,86.2217,86.3478,2915154.0
2025-11-13,86.8034,87.8892,85.9212,86.6871,3017252.0
2025-11-14,87.4718,89.0178,85.9357,88.5775,4228558.0
2025-11-17,88.5775,88.7634,86.1999,86.8065,3870582.0
2025-11-18,86.4934,88.4013,86.1999,87.7458,2587419.0
2025-11-19,86.102,86.5912,85.1627,86.0825,2336868.0
2025-11-20,86.5815,88.6362,85.5443,85.5835,2755707.0
2025-11-21,85.515,86.5815,84.6735,85.4856,3754673.0
2025-11-24,85.2214,86.2292,84.4583,85.6715,2781353.0
2025-11-25,84.7909,85.104,83.8516,84.7518,3495471.0
2025-11-26,84.5855,85.7498,84.5365,85.2117,2049517.0
2025-11-28,85.2117,87.462,85.0062,86.7771,1846933.0
2025-12-01,87.2077,89.2134,86.8652,88.3133,3622136.0
2025-12-02,88.1372,88.4503,86.6695,87.3642,2442267.0
2025-12-03,88.0785,89.8592,88.0198,89.8299,2985267.0
2025-12-04,89.6635,91.1899,89.6537,91.1116,3769978.0
2025-12-05,90.2799,93.0195,90.094,91.6693,5258337.0
2025-12-08,90.5343,92.2074,90.2701,90.8768,3838747.0
2025-12-09,90.6322,91.6106,90.1919,91.4149,3335849.0
2025-12-10,91.7084,95.3091,91.5421,94.7122,5705782.0
2025-12-11,94.086,95.6026,93.8414,94.6242,4629862.0
2025-12-12,95.3384,95.5537,93.1859,93.4794,2915848.0
2025-12-15,93.4794,93.5381,91.2975,92.3249,3267841.0
2025-12-16,91.3171,91.3953,88.8025,88.8123,3869716.0
2025-12-17,89.9473,93.0685,89.8201,92.9119,4885178.0
2025-12-18,92.2172,92.4521,90.1723,90.2408,3270039.0
2025-12-19,90.4561,91.3856,89.6244,89.9571,4453553.0
2025-12-22,91.1018,92.4912,90.5735,91.2975,2493529.0
2025-12-23,91.3366,91.7574,90.4463,90.73,2077385.0
2025-12-24,90.7496,91.1507,89.7124,89.8201,1480066.0
2025-12-26,89.9277,90.4854,88.7927,89.5657,2627742.0
2025-12-29,90.0158,90.73,89.7222,90.6322,2767104.0
2025-12-30,91.3366,92.2759,91.1018,92.0705,2490622.0
2025-12-31,92.4129,92.5499,91.4051,91.591,1429704.0
2026-01-02,91.591,94.8492,91.1214,94.6144,3575482.0
2026-01-05,99.0173,100.7589,95.0155,97.0605,9531744.0
2026-01-06,98.0389,98.1465,94.8883,95.0155,4639705.0
2026-01-07,95.0938,95.1427,91.8846,91.9139,4154694.0
2026-01-08,92.364,97.7062,92.2955,96.5908,5624467.0
2026-01-09,97.0018,98.1367,95.1819,95.4069,5394652.0
2026-01-12,96.4832,96.6006,92.638,93.4403,5812831.0
2026-01-13,94.9079,95.6417,93.8316,94.3796,4517187.0
2026-01-14,94.5165,99.7218,94.5165,98.1759,7693346.0
2026-01-15,96.855,98.352,96.0429,96.7963,3615051.0
2026-01-16,95.3971,96.8159,95.0253,96.0723,4359908.0
2026-01-20,95.7689,96.5419,92.9217,93.4598,6760241.0
2026-01-21,94.9471,95.8081,94.3013,95.0547,6468684.0
2026-01-22,94.9177,94.9177,93.9001,94.7905,4522504.0
2026-01-23,96.2582,97.2659,95.583,96.2288,3943141.0
2026-01-26,97.4029,97.5497,95.6613,96.3266,3545180.0
2026-01-27,96.6202,97.7747,96.1701,97.716,3916068.0
2026-01-28,98.2639,99.3304,97.6867,99.2032,3331098.0
2026-01-29,102.0505,103.4398,100.4752,100.5828,7671397.0
2026-01-30,100.1034,102.0211,99.5261,101.982,4145612.0
2026-02-02,99.3206,100.8372,98.3324,99.5946,3713978.0
2026-02-03,100.211,102.9604,99.5555,102.6473,4565080.0
2026-02-04,103.1952,106.0033,103.1855,105.2695,4832337.0
2026-02-05,104.6433,106.1012,100.9253,102.7158,4362676.0
2026-02-06,102.98,105.7979,102.8528,105.2989,3159582.0
2026-02-09,105.2793,106.5415,104.7509,106.3556,2867978.0
2026-02-10,106.2088,106.336,104.7999,105.1815,2787215.0
2026-02-11,106.1599,109.0365,106.0914,108.8114,5386357.0
2026-02-12,108.8114,109.5648,106.3556,108.4396,7383401.0
2026-02-13,108.0091,109.6529,108.0091,109.0267,3742896.0
2026-02-17,109.2737,110.5654,105.5365,106.4338,3657586.0
2026-02-18,108.3862,109.2638,107.3213,108.9778,4940220.0
2026-02-19,110.4372,112.2121,109.5202,110.0329,5071150.0
2026-02-20,109.6681,109.885,108.051,108.9877,2918937.0
2026-02-23,109.1553,110.3485,108.1496,108.3468,2279980.0
2026-02-24,108.7018,109.3525,106.8874,109.0469,2079369.0
2026-02-25,109.4413,109.9738,107.1438,108.475,2393675.0
2026-02-26,107.6467,110.1315,106.6015,109.1553,3872240.0
2026-02-27,110.8316,112.2022,109.5103,111.8768,3467303.0
2026-03-02,117.6156,117.6353,114.1053,116.5901,10746077.0
2026-03-03,119.1637,120.7907,115.6632,116.8662,9298499.0
2026-03-04,114.7659,115.8013,112.8333,114.0363,4727627.0
2026-03-05,115.3674,116.8662,114.2039,115.1899,4916706.0
2026-03-06,117.1127,117.8128,114.973,115.4365,6696340.0
2026-03-09,115.8999,117.1127,114.5786,115.397,8119151.0
2026-03-10,114.4208,114.9138,111.3542,112.5572,7870295.0
2026-03-11,113.0502,115.5252,112.4093,115.397,5137025.0
2026-03-12,116.3535,119.3018,116.0182,118.5819,7041518.0
2026-03-13,118.01,120.554,117.5762,120.1892,5790383.0
2026-03-16,119.499,120.6724,118.72,119.6271,3738984.0
2026-03-17,120.2484,122.2303,119.5187,121.1555,4150182.0
2026-03-18,122.0725,123.1276,121.3922,121.9246,5346477.0
2026-03-19,122.9698,124.587,122.2303,124.2616,6346268.0
2026-03-20,124.5377,126.3421,124.3503,125.149,7249570.0
2026-03-23,121.9049,126.5689,121.2344,125.4152,6600171.0
2026-03-24,125.7505,129.1721,125.6618,127.5451,5279443.0
2026-03-25,126.2139,127.8705,126.0266,127.131,3817404.0
2026-03-26,127.8311,131.6865,127.8212,131.3907,4880358.0
2026-03-27,131.2231,132.9881,130.4835,131.933,5103635.0
2026-03-30,133.0275,133.9741,130.0694,131.0357,4201406.0
2026-03-31,130.9075,133.3135,126.5492,130.1581,7352610.0
2026-04-01,126.3618,128.117,124.6757,126.5886,7311181.0
2026-04-02,129.4679,132.5345,127.3084,128.6988,4098016.0
2026-04-06,128.6791,129.8919,127.5451,129.8031,2285771.0
2026-04-07,130.1581,131.8245,129.32,129.9313,3470452.0
2026-04-08,120.4554,124.1334,119.0158,123.4727,7511529.0
2026-04-09,124.5278,126.1252,121.5598,121.7471,4762857.0
2026-04-10,121.5795,122.3191,119.6271,120.84,6174610.0
2026-04-13,123.1769,123.5812,120.6724,121.8951,3842280.0
2026-04-14,119.9427,120.5836,116.3042,117.1325,5520701.0
2026-04-15,116.5211,118.6805,115.7125,117.2606,3227133.0
2026-04-16,117.8424,120.7315,117.7044,119.8737,3353072.0
2026-04-17,114.1447,114.8744,110.6443,114.4208,5921282.0
2026-04-20,115.2097,116.5704,114.4504,114.8251,2839593.0
2026-04-21,115.4069,118.9369,115.0913,118.5819,3753983.0
2026-04-22,119.7455,121.5105,119.2229,120.8893,3748544.0
2026-04-23,121.6683,123.8277,121.6485,122.6346,4174083.0
2026-04-24,121.7471,122.4078,118.8087,120.061,6890479.0
2026-04-27,120.5047,121.9246,118.5425,119.9821,7517150.0
2026-04-28,122.4374,122.8219,120.7512,122.5853,4419438.0
2026-04-29,124.2418,126.49,123.3347,126.4604,4898037.0
2026-04-30,122.8022,126.3125,122.043,124.0249,4952782.0
2026-05-01,123.2558,124.0052,120.7611,121.4711,3823353.0
2026-05-04,122.2796,123.522,119.992,123.1671,3687865.0
2026-05-05,122.3388,123.0093,121.3034,121.5992,4162677.0
2026-05-06,116.314,118.3256,115.7816,117.2409,6207507.0
2026-05-07,114.5096,114.618,112.4586,113.277,5627740.0
2026-05-08,113.046,113.8904,112.0328,112.2811,3210255.0
2026-05-11,113.6718,115.2016,113.046,114.7844,2881720.0
2026-05-12,115.897,117.4665,114.9036,117.089,3151386.0
2026-05-13,116.8705,117.2281,114.9235,116.6221,2290838.0
2026-05-14,116.3539,118.7281,116.2347,118.1817,2163967.0
2026-05-15,119.9798,121.6685,119.6917,121.599,3394287.0
2026-05-18,121.1917,124.3208,119.5923,123.7148,2877749.0
2026-05-19,125.0261,125.1652,123.2976,124.2811,2833181.0
2026-05-20,123.4466,125.1652,120.9632,121.5493,2885729.0
2026-05-21,123.1884,123.5857,119.0062,119.7513,2880714.0
2026-05-22,119.2546,120.7844,118.8076,119.6619,2432297.0
2026-05-26,117.9632,119.0957,115.4102,115.7976,3848114.0
2026-05-27,114.4467,115.6784,113.4831,114.3672,3031210.0
2026-05-28,115.0626,116.1155,113.6917,114.2281,3096743.0
2026-05-29,113.3639,113.791,111.8937,113.2248,3420909.0
2026-06-01,114.9334,116.8208,114.5559,114.8142,3743111.0
2026-06-02,114.7149,116.6718,114.5957,116.0957,2002318.0
2026-06-03,116.8109,118.7579,116.1354,118.2612,2781331.0
2026-06-04,117.1983,118.7877,116.8208,118.44,2364206.0
2026-06-05,118.7082,118.9764,116.2149,116.3639,2692356.0
2026-06-08,117.1884,119.2248,117.1884,118.1023,2134999.0
2026-06-09,117.2182,117.3374,114.099,116.0162,2544610.0
2026-06-10,117.2182,120.5857,116.8606,119.1255,3325289.0
2026-06-11,120.1784,120.7149,114.5559,114.5957,3304563.0
2026-06-12,113.493,117.7248,113.046,116.2049,3433667.0
2026-06-15,110.3937,112.8771,109.9963,111.5162,5674643.0
2026-06-16,109.1222,110.6222,108.7447,110.6023,4174301.0
2026-06-17,110.0957,111.1487,109.2314,110.4732,3265956.0
2026-06-18,109.0824,109.152,106.2811,107.0262,7511100.0
2026-06-22,108.8043,109.0824,107.4036,108.9732,3494959.0
2026-06-23,108.7546,109.8374,108.1288,109.2414,4032199.0
2026-06-24,106.7977,107.3142,105.546,106.2116,2960039.0
2026-06-25,104.6123,106.4997,104.5328,105.705,4193921.0
2026-06-26,105.6454,106.0924,103.9467,105.2579,3808931.0
2026-06-29,105.1785,105.993,103.4401,103.5096,3092982.0
2026-06-30,103.8176,104.4732,102.9732,103.2712,2917174.0
2026-07-01,102.9136,104.0858,102.0096,102.5361,2701577.0
2026-07-02,103.4301,104.0659,102.7844,104.0361,3116234.0
2026-07-06,103.6586,103.9268,102.7149,102.8937,2146847.0
2026-07-07,104.0063,108.0891,103.8573,107.7215,3490598.0
2026-07-08,109.301,110.6023,108.3473,109.9864,4734248.0
2026-07-09,109.291,109.748,107.0758,107.3043,2885898.0
2026-07-10,108.1288,108.695,106.897,108.3175,2309467.0
2026-07-13,110.3142,112.4698,110.2348,112.1023,2867600.0
2026-07-14,112.3308,112.9963,109.4103,111.1288,2971733.0
2026-07-15,111.2778,111.7149,108.8242,110.7215,2754080.0
2026-07-16,111.4765,112.142,111.0593,112.0924,2307453.0
2026-07-17,114.9036,115.4897,112.6884,113.95,2974149.0
2026-07-20,113.0261,115.9069,112.4996,114.9135,3394498.0
2026-07-21,115.8473,116.7712,114.9533,116.7215,2654564.0
2026-07-22,118.1519,118.9466,117.695,118.0029,2236878.0
2026-07-23,120.4367,121.5692,119.1851,119.4036,3565944.0
2026-07-24,119.4731,120.8837,118.8374,119.4632,2071545.0
2026-07-27,116.4433,117.7049,114.695,114.8142,2833871.0
2026-07-28,115.2215,116.4135,112.4599,113.344,2951635.0
2026-07-29,117.1685,118.2115,116.4831,117.2778,2770593.0
2026-07-30,115.4301,118.3308,115.4301,118.2413,3062378.0
2026-07-31,118.6586,120.0394,117.0493,119.6817,2737485.0
2026-08-03,117.7546,118.4897,116.3639,118.3705,2957022.0
2026-08-04,116.8606,117.6851,115.3109,117.1586,3282140.0
2026-08-05,118.0129,118.3606,113.95,114.2778,4264332.0
2026-08-06,119.2049,119.2546,114.6652,115.9864,3545838.0
2026-08-07,114.844,117.7347,114.1288,116.8308,2407292.0
2026-08-10,118.44,122.4433,118.3705,122.2148,2895238.0
2026-08-11,121.9367,125.2148,121.748,125.0857,2749318.0
2026-08-12,124.1718,126.4963,123.9831,126.4566,3020067.0
2026-08-13,124.887,125.5526,123.2976,123.695,3029785.0
2026-08-14,124.72,126.56,124.53,125.94,2710926.0
2026-08-17,126.15,127.87,125.14,127.56,2347281.0
2026-08-18,129.0,130.13,128.1,129.72,2899588.0
2026-08-19,130.21,132.38,129.86,130.58,3041966.0
2026-08-20,132.5,135.87,132.23,134.89,4306679.0
2026-08-21,134.89,135.88,134.44,134.87,4433514.0
2026-08-24,134.09,135.63,132.93,133.35,3171896.0
2026-08-25,131.09,132.92,130.17,131.84,3237169.0
2026-08-26,130.09,132.72,130.08,130.61,2697483.0
2026-08-27,130.0,130.2,128.0,129.52,2726640.0
2026-08-28,129.95,130.84,129.36,130.35,1992949.0
2026-08-31,132.78,134.29,131.1,132.49,2675602.0
2026-09-01,135.0,136.3,133.63,136.19,3311555.0
2026-09-02,134.96,137.37,134.65,137.2,2924843.0
2026-09-03,136.39,137.42,135.43,135.72,2316846.0
2026-09-04,134.6,135.42,132.57,134.26,2407638.0
2026-09-08,136.15,137.53,134.13,135.04,2399968.0
2026-09-09,137.01,137.87,136.15,136.53,2829532.0
2026-09-10,138.75,138.89,134.7,137.04,2485188.0
2026-09-11,136.44,137.66,135.52,137.35,2476555.0
2026-09-14,138.89,139.82,136.05,136.67,3222262.0
