timestamp,open,high,low,close,volume
2007-04-26,19.5075,19.9362,19.4217,19.5417,2422400.0
2007-04-27,18.2212,18.9758,17.8783,17.9297,2497800.0
2007-04-30,17.5781,17.7496,17.158,17.5353,2373700.0
2007-05-01,17.1494,17.4495,16.3348,17.0722,5079000.0
2007-05-02,16.935,17.7925,16.7635,17.4924,4001200.0
2007-05-03,18.65,18.8215,17.621,17.7754,6210000.0
2007-05-04,18.2212,18.307,17.7496,17.9983,4838800.0
2007-05-07,18.1784,18.2555,17.3209,17.4667,2607300.0
2007-05-08,17.1494,17.1494,16.5492,16.8407,3900400.0
2007-05-09,16.935,17.3209,16.8321,16.9779,7056400.0
2007-05-10,16.9693,17.1408,16.7635,16.8493,3027100.0
2007-05-11,16.9007,16.9779,16.3863,16.5492,3532200.0
2007-05-14,16.4206,16.6264,16.0776,16.1805,1850300.0
2007-05-15,15.9918,16.1633,15.5631,15.6145,3510000.0
2007-05-16,15.4859,15.8461,15.4516,15.7346,2549200.0
2007-05-17,16.1204,16.935,16.009,16.3091,7669700.0
2007-05-18,16.6949,16.7121,15.8975,16.5492,5238300.0
2007-05-21,16.4634,16.5835,16.2919,16.2919,1391900.0
2007-05-22,16.3777,16.7464,16.2919,16.7035,3890600.0
2007-05-23,16.7207,16.8922,16.3777,16.4291,2386800.0
2007-05-24,16.472,16.5749,16.1633,16.2919,2126800.0
2007-05-25,16.3091,16.3348,16.0261,16.0861,894700.0
2007-05-29,16.2148,16.4634,16.1633,16.3691,2841900.0
2007-05-30,16.3348,16.4206,16.129,16.2405,1941600.0
2007-05-31,16.4206,16.532,16.3177,16.3691,3410700.0
2007-06-01,16.3777,16.9779,16.3348,16.7893,2271400.0
2007-06-04,16.0347,16.3348,16.0261,16.1805,5456900.0
2007-06-05,16.1633,16.3262,16.0604,16.2319,4463500.0
2007-06-06,16.0347,16.2319,15.9918,16.2233,2495800.0
2007-06-07,16.0947,16.1633,15.5631,15.8203,2930100.0
2007-06-08,15.606,16.1462,15.606,16.1462,2114300.0
2007-06-11,15.9061,16.1376,15.6231,15.6231,1705600.0
2007-06-12,15.5631,16.0433,15.4516,15.7775,4220700.0
2007-06-13,15.8461,16.0347,15.7432,15.9146,2939000.0
2007-06-14,15.8632,16.3005,15.7946,16.2405,5263900.0
2007-06-15,16.1976,16.412,15.8203,16.1719,3042300.0
2007-06-18,15.9918,16.2062,15.8632,15.8889,1301900.0
2007-06-19,15.9404,16.3605,15.9061,16.1633,3051400.0
2007-06-20,16.2919,16.7121,16.1376,16.5921,3898400.0
2007-06-21,16.4634,16.8064,16.3091,16.7207,3913400.0
2007-06-22,16.7207,17.0208,16.6092,16.9608,5727000.0
2007-06-25,16.8836,16.9265,16.3863,16.6264,1921800.0
2007-06-26,16.7207,16.8579,16.5235,16.7121,2187700.0
2007-06-27,16.6349,16.7978,16.4034,16.6435,1923100.0
2007-06-28,16.935,17.0551,16.8236,16.8493,2533400.0
2007-06-29,16.7635,17.0036,16.7292,16.8922,1948100.0
2007-07-02,16.7807,16.9436,16.7464,16.7978,1792100.0
2007-07-03,16.9007,18.8643,16.9007,17.3552,2939700.0
2007-07-05,17.158,17.7754,17.0808,17.5953,2604900.0
2007-07-06,17.621,17.9211,17.4752,17.8354,1917900.0
2007-07-09,17.9554,18.3413,17.8783,18.2813,2831400.0
2007-07-10,18.1612,18.2212,17.6039,17.7068,2152000.0
2007-07-11,17.3038,17.6553,17.1494,17.1923,2348100.0
2007-07-12,17.5181,17.6896,17.2437,17.4924,3431700.0
2007-07-13,17.4495,17.6124,17.218,17.5781,1663600.0
2007-07-16,17.5353,18.0069,17.4152,17.9554,2909900.0
2007-07-17,18.0069,18.2212,17.8182,18.1526,4106700.0
2007-07-18,18.6843,18.6929,18.1355,18.3241,8776200.0
2007-07-19,18.4185,18.6929,18.3499,18.4699,8496800.0
2007-07-20,18.3584,18.5042,18.0069,18.3756,4028400.0
2007-07-23,18.3499,18.4356,18.0155,18.1012,4318500.0
2007-07-24,18.1355,18.5214,17.7754,18.2641,5952000.0
2007-07-25,18.2641,18.2727,17.5353,17.7839,2580300.0
2007-07-26,17.6296,17.6296,16.1805,16.6864,9404100.0
2007-07-27,16.9007,16.9093,15.7517,15.9404,4458300.0
2007-07-30,15.8632,15.9404,14.8514,15.4602,8676800.0
2007-07-31,15.6746,15.8975,15.1944,15.263,3527600.0
2007-08-01,15.4345,15.9918,14.7313,15.7089,7036800.0
2007-08-02,16.009,16.7207,15.6574,16.1805,6918000.0
2007-08-03,16.189,16.4377,15.5974,16.0776,3387000.0
2007-08-06,16.2405,16.2919,15.1858,15.4516,4838100.0
2007-08-07,15.3058,16.0947,15.3058,15.8032,2603400.0
2007-08-08,15.7603,16.935,15.4773,15.8461,2721600.0
2007-08-09,15.4688,15.5459,15.1344,15.3659,3296500.0
2007-08-10,15.0057,15.1001,14.5341,15.0486,3879900.0
2007-08-13,15.1344,15.4773,14.7313,14.8171,2043000.0
2007-08-14,14.8257,15.0743,13.6852,14.5341,4799800.0
2007-08-15,14.4484,14.5341,12.8792,13.3937,3488300.0
2007-08-16,13.0764,13.891,12.8106,13.6509,6250000.0
2007-08-17,14.1911,14.234,12.8792,13.7452,3702100.0
2007-08-20,13.8053,14.2769,13.5995,13.7881,1866700.0
2007-08-21,13.7281,15.2887,13.6767,15.2029,5452300.0
2007-08-22,15.5631,15.9918,15.1258,15.5202,4609900.0
2007-08-23,15.4345,15.5631,15.0486,15.4259,2255900.0
2007-08-24,15.2544,15.6746,15.1086,15.6317,868200.0
2007-08-27,15.1001,15.6317,15.0057,15.1772,1282100.0
2007-08-28,15.0486,15.1601,14.7742,14.86,1108700.0
2007-08-29,14.9714,15.1258,14.8428,14.8943,1072100.0
2007-08-30,14.6199,14.8342,14.4227,14.577,1180700.0
2007-08-31,14.6199,14.8085,14.4227,14.4827,1176500.0
2007-09-04,14.6113,15.1601,14.5513,15.0229,1963100.0
2007-09-05,15.0057,15.4173,15.0057,15.1086,1836100.0
2007-09-06,15.2201,15.6917,14.7999,15.4945,2176200.0
2007-09-07,15.0743,15.2115,14.9114,15.0572,1414300.0
2007-09-10,15.2029,15.4259,14.7999,14.9371,2470800.0
2007-09-11,14.92,15.3487,14.8428,15.1429,2060500.0
2007-09-12,15.1344,15.1344,14.6284,14.7056,2191800.0
2007-09-13,14.8428,15.1086,14.7142,15.04,1303300.0
2007-09-14,14.8685,15.1772,14.8085,15.1001,813800.0
2007-09-17,15.0658,15.1515,14.6713,14.7056,914100.0
2007-09-18,14.8771,15.0572,14.4655,14.9629,1787700.0
2007-09-19,15.0057,15.726,15.0057,15.6917,3472800.0
2007-09-20,15.5802,15.5888,15.1258,15.2201,1565400.0
2007-09-21,15.5974,15.5974,14.9714,15.0229,1560800.0
2007-09-24,15.0229,15.0658,13.7281,13.7624,5158500.0
2007-09-25,13.7195,14.637,13.6338,14.637,3412900.0
2007-09-26,14.7056,15.3916,14.5341,15.3401,3607000.0
2007-09-27,15.3744,15.4688,15.0658,15.2544,1426700.0
2007-09-28,15.0915,15.4002,14.8085,15.3659,1455300.0
2007-10-01,15.4345,15.7174,15.2715,15.6231,2270200.0
2007-10-02,15.7775,16.2919,15.7517,16.2148,2865100.0
2007-10-03,16.3177,16.5406,15.8718,16.4977,3020100.0
2007-10-04,16.3948,16.7635,15.7775,15.9575,4982000.0
2007-10-05,15.9747,16.8922,15.9747,16.4549,3323100.0
2007-10-08,16.3948,16.8579,16.3863,16.7035,1533800.0
2007-10-09,16.6521,16.9608,16.472,16.8064,1804200.0
2007-10-10,16.5063,16.8836,16.4806,16.8064,2385400.0
2007-10-11,16.8407,16.875,16.4977,16.6264,2933800.0
2007-10-12,16.5063,17.1323,16.3605,17.1151,2314900.0
2007-10-15,16.9608,17.1494,16.4377,17.1494,3883700.0
2007-10-16,17.3638,17.5781,16.5492,17.2352,7624500.0
2007-10-17,17.4581,17.6296,17.1751,17.4838,5269400.0
2007-10-18,17.4495,17.4924,16.9693,17.1494,2388200.0
2007-10-19,17.1837,17.1837,16.7121,16.7207,2063200.0
2007-10-22,16.472,17.3638,16.4634,17.1494,3273100.0
2007-10-23,17.3038,18.0069,17.2352,17.8354,5557900.0
2007-10-24,17.7754,18.0498,17.5524,17.6467,3844500.0
2007-10-25,17.4924,17.7925,17.0208,17.2009,2469200.0
2007-10-26,17.3638,17.3981,16.6435,16.9608,2047900.0
2007-10-29,16.7978,17.4581,16.7207,17.0379,1872700.0
2007-10-30,17.0722,17.9554,17.0637,17.7325,3637900.0
2007-10-31,17.1666,17.8783,17.098,17.8268,4346700.0
2007-11-01,17.5353,17.8868,17.278,17.3123,2460900.0
2007-11-02,17.3381,17.3981,16.875,17.0894,1614900.0
2007-11-05,16.9779,17.2266,16.5235,16.7207,1606300.0
2007-11-06,16.7207,17.0208,15.5374,15.8718,3014900.0
2007-11-07,15.8375,15.8546,14.5427,15.0057,6804100.0
2007-11-08,14.9629,15.0315,13.891,14.5941,7348000.0
2007-11-09,14.1483,14.697,14.0625,14.1568,3479800.0
2007-11-12,14.4741,15.4002,14.3798,15.3487,4619300.0
2007-11-13,15.7174,16.3948,15.5031,16.069,3420800.0
2007-11-14,16.0347,20.7937,15.323,16.7978,17366900.0
2007-11-15,16.7378,17.5438,16.4291,17.0122,8182200.0
2007-11-16,17.0722,17.5696,16.5149,17.1408,5882300.0
2007-11-19,16.7207,16.935,15.7603,16.3262,3662100.0
2007-11-20,16.0604,16.1633,14.6027,14.9886,5899600.0
2007-11-21,14.6627,15.5202,13.951,15.4002,4577100.0
2007-11-23,15.6488,15.9146,15.4688,15.5459,1102500.0
2007-11-26,15.7346,15.8461,14.8085,14.9543,2470700.0
2007-11-27,15.606,15.7689,14.7914,15.0572,2561200.0
2007-11-28,15.1515,16.3091,14.9629,16.1204,5362700.0
2007-11-29,16.0261,16.4377,15.5374,15.9918,3368900.0
2007-11-30,16.4463,17.0379,16.3605,16.8407,4458300.0
2007-12-03,16.935,17.1494,16.2405,16.8236,2668800.0
2007-12-04,15.9918,16.2748,15.3144,15.9661,6308500.0
2007-12-05,15.9918,16.0947,15.6231,15.6488,2124000.0
2007-12-06,15.7089,16.1033,15.606,15.7346,2856900.0
2007-12-07,15.8632,16.6778,15.8632,16.0347,4536800.0
2007-12-10,16.1719,16.1719,15.5202,15.6145,2644400.0
2007-12-11,15.726,15.726,14.5427,14.6113,3201500.0
2007-12-12,14.7485,14.7571,12.7163,13.4966,7206800.0
2007-12-13,13.3337,14.1054,12.8106,13.1622,6220900.0
2007-12-14,13.3422,13.5738,12.3904,13.3765,4682900.0
2007-12-17,13.3851,13.4023,12.4333,12.4848,4890100.0
2007-12-18,12.6048,12.6305,12.0989,12.1504,5022500.0
2007-12-19,12.2447,12.7592,12.0389,12.6391,2755100.0
2007-12-20,12.6477,12.7935,12.0646,12.459,3482300.0
2007-12-21,12.3218,13.0164,12.1075,12.8878,3061000.0
2007-12-24,12.9478,13.2479,12.5962,12.9564,1251900.0
2007-12-26,12.8706,12.8706,12.4076,12.6391,1715100.0
2007-12-27,12.6305,12.6305,12.1761,12.3647,2789300.0
2007-12-28,12.399,12.7334,12.2447,12.5191,2453800.0
2007-12-31,12.5534,13.0764,12.4333,12.7506,2596200.0
2008-01-02,12.6305,12.682,11.6444,11.8331,6155500.0
2008-01-03,11.7388,11.9789,11.5758,11.7045,6971500.0
2008-01-04,11.4815,11.6787,10.8556,11.4644,7507300.0
2008-01-07,11.5158,11.7816,10.9842,11.4815,3986500.0
2008-01-08,11.1986,11.6187,9.8609,10.0667,8779400.0
2008-01-09,10.8041,11.876,10.0839,11.593,7922400.0
2008-01-10,12.056,14.517,11.8331,13.7024,17683300.0
2008-01-11,13.891,14.1483,12.6648,13.2736,7044200.0
2008-01-14,13.4623,13.5909,12.8192,13.1193,3164800.0
2008-01-15,13.1622,14.0968,13.1193,13.7024,6666900.0
2008-01-16,13.7195,13.9082,12.7163,13.7195,5860900.0
2008-01-17,13.8053,14.1225,12.5877,13.025,4485500.0
2008-01-18,13.3594,13.4108,12.7506,12.9821,2282000.0
2008-01-22,11.7473,13.1965,11.7473,12.7334,4532000.0
2008-01-23,12.1847,13.9253,12.0046,13.7367,3125000.0
2008-01-24,13.7024,13.8996,13.3765,13.711,3096700.0
2008-01-25,13.7195,14.1483,13.3422,13.8996,2979100.0
2008-01-28,13.8996,14.3112,13.6424,13.8567,3851600.0
2008-01-29,13.8567,14.1911,13.5738,13.7281,4737700.0
2008-01-30,13.6767,14.2855,13.6509,13.8481,4678800.0
2008-01-31,13.6338,14.577,13.6338,14.4312,3756300.0
2008-02-01,14.4055,15.9832,14.0968,15.8889,6621500.0
2008-02-04,15.8118,16.1119,14.6627,14.7914,5265300.0
2008-02-05,14.4912,15.2372,14.4227,14.6027,3917500.0
2008-02-06,14.1483,15.9146,14.1483,15.3916,7289500.0
2008-02-07,16.069,16.2834,15.383,15.8546,5402500.0
2008-02-08,15.4602,15.8632,15.4259,15.5974,4940000.0
2008-02-11,15.9404,15.9404,15.1772,15.4345,2743700.0
2008-02-12,15.4345,15.5459,14.6284,15.0315,3501400.0
2008-02-13,14.9371,15.383,14.8771,15.1858,3453500.0
2008-02-14,15.3487,15.3487,14.4141,14.6199,3910700.0
2008-02-15,14.6284,15.0572,14.6027,14.8514,3028000.0
2008-02-19,15.1172,15.1172,14.1397,14.3798,4055800.0
2008-02-20,14.3626,14.577,13.7881,14.4141,2847400.0
2008-02-21,14.5684,14.7056,13.5566,13.8996,2726200.0
2008-02-22,14.0282,14.1654,13.3937,14.0368,3028100.0
2008-02-25,14.0625,14.1826,13.205,13.8481,2953100.0
2008-02-26,13.6767,13.8996,13.2908,13.6424,2216800.0
2008-02-27,13.205,13.3079,12.6477,12.8621,5513900.0
2008-02-28,12.9821,13.0593,11.9274,12.0818,3478300.0
2008-02-29,12.279,12.279,11.3529,11.4472,4205000.0
2008-03-03,11.3786,11.4472,10.7184,11.13,4419500.0
2008-03-04,11.0185,11.6016,10.727,11.2672,3590000.0
2008-03-05,11.31,12.5191,11.0356,12.2876,7290000.0
2008-03-06,12.1332,12.3904,11.4387,11.5758,2153600.0
2008-03-07,11.2586,11.7902,10.8984,11.0528,3508000.0
2008-03-10,11.2672,11.3701,10.2468,10.2725,2111100.0
2008-03-11,10.7012,10.8384,9.981,10.384,3334400.0
2008-03-12,9.9295,10.1182,8.6176,8.6862,8422600.0
2008-03-13,8.4204,9.1921,8.1974,9.0206,6806700.0
2008-03-14,9.3722,9.4407,8.0431,8.2317,5936400.0
2008-03-17,8.0688,8.0774,7.3828,7.9145,6266900.0
2008-03-18,7.7258,9.3036,7.6315,8.6519,7048900.0
2008-03-19,8.6862,9.4836,8.5919,8.9434,6703500.0
2008-03-20,9.1492,9.1492,8.5061,8.5747,7767500.0
2008-03-24,8.6947,8.9091,8.4632,8.5833,8378100.0
2008-03-25,8.669,8.8234,8.489,8.549,4290700.0
2008-03-26,8.609,8.609,7.4428,7.4943,8494300.0
2008-03-27,7.58,7.58,7.1513,7.1599,10266500.0
2008-03-28,7.2456,7.7515,6.8083,7.3828,16964900.0
2008-03-31,7.3742,7.5372,6.9884,7.3742,13987800.0
2008-04-01,7.5029,8.0431,7.3742,7.8373,9536300.0
2008-04-02,7.7258,7.8802,7.46,7.5457,5298500.0
2008-04-03,7.52,7.6744,7.3056,7.5543,3429300.0
2008-04-04,7.6658,7.6658,7.3657,7.5029,5330400.0
2008-04-07,7.803,8.0602,7.5372,7.9659,5700800.0
2008-04-08,8.0259,8.146,7.803,8.0088,5111200.0
2008-04-09,8.0431,8.2146,7.2285,7.6401,8077600.0
2008-04-10,7.7687,8.5747,7.5114,8.3603,7679300.0
2008-04-11,8.8148,9.0463,8.489,8.5833,10249000.0
2008-04-14,9.0978,9.2178,8.7033,8.9863,8984500.0
2008-04-15,9.2178,9.3379,7.58,7.8544,30502700.0
2008-04-16,7.8459,8.0602,7.3657,7.3914,18510500.0
2008-04-17,7.4085,7.5286,7.2028,7.3314,6002900.0
2008-04-18,7.5457,7.7687,7.4257,7.5029,7977400.0
2008-04-21,7.3828,7.4857,6.9627,7.0313,6269100.0
2008-04-22,6.8598,6.9455,5.7451,5.8308,19630400.0
2008-04-23,5.9423,6.1652,5.5736,5.625,20765200.0
2008-04-24,5.9423,6.3367,5.6336,6.2252,19185000.0
2008-04-25,6.1824,6.2595,5.7536,6.0109,11183800.0
2008-04-28,5.9594,6.1995,5.8479,6.1652,8019200.0
2008-04-29,6.3024,7.0656,6.3024,7.0656,16156600.0
2008-04-30,7.0484,7.4343,6.8941,7.2971,14891700.0
2008-05-01,7.4085,7.7344,7.3485,7.5715,14811100.0
2008-05-02,7.6401,7.6658,6.9884,7.2885,8135800.0
2008-05-05,7.1856,7.2028,6.8255,6.9541,7363900.0
2008-05-06,6.7912,6.8169,6.5596,6.7483,8836100.0
2008-05-07,6.774,6.9455,6.4568,6.5768,6793300.0
2008-05-08,6.5168,6.714,6.3967,6.4911,8930300.0
2008-05-09,6.2681,6.7997,6.2338,6.5596,11004000.0
2008-05-12,6.8426,6.8426,6.3281,6.3796,7463500.0
2008-05-13,6.5082,6.5339,6.2167,6.3367,7535000.0
2008-05-14,6.3967,6.8426,6.371,6.8169,7991800.0
2008-05-15,6.7311,7.0141,6.5168,6.7311,7764700.0
2008-05-16,6.6797,6.7654,6.3796,6.431,7720700.0
2008-05-19,6.4139,6.4739,6.0623,6.1309,8064000.0
2008-05-20,6.088,6.088,5.7279,5.9165,6848500.0
2008-05-21,5.8308,5.8994,4.879,4.9476,24630700.0
2008-05-22,5.1534,5.2906,4.9219,4.9476,12867100.0
2008-05-23,4.8447,4.9562,4.6046,4.7161,13759300.0
2008-05-27,4.8962,5.1448,4.7418,5.0762,12666600.0
2008-05-28,5.3335,5.4449,4.7761,4.8447,10815400.0
2008-05-29,4.9562,5.282,4.7418,5.2649,9301100.0
2008-05-30,5.2906,5.342,5.0162,5.2734,6506600.0
2008-06-02,5.3592,5.3592,4.9305,5.0162,8970500.0
2008-06-03,5.1362,5.2563,5.0334,5.2306,8633500.0
2008-06-04,5.2391,5.4278,5.1448,5.2306,14414100.0
2008-06-05,5.4021,6.028,5.4021,5.8651,20155800.0
2008-06-06,5.4878,5.7193,5.2649,5.4021,16349600.0
2008-06-09,5.4878,5.5736,5.0762,5.222,11023700.0
2008-06-10,5.0848,5.3506,4.9991,5.0848,10267100.0
2008-06-11,5.0162,5.0419,4.5789,4.596,11398700.0
2008-06-12,4.7847,4.8962,4.1159,4.4074,19250100.0
2008-06-13,4.5789,4.7075,4.4588,4.5617,13401900.0
2008-06-16,4.4503,4.8533,4.3388,4.7675,11514700.0
2008-06-17,4.9305,4.9905,4.7504,4.9133,7777000.0
2008-06-18,4.7161,4.8447,4.4674,4.6732,9615500.0
2008-06-19,4.6904,5.4707,4.6646,5.4707,13615200.0
2008-06-20,5.0848,5.2134,4.7247,4.8704,12876200.0
2008-06-23,5.0505,5.0505,4.2445,4.2874,18126300.0
2008-06-24,4.3731,4.7161,4.1502,4.5103,15891500.0
2008-06-25,4.6989,4.939,4.5189,4.5532,14366700.0
2008-06-26,4.3302,4.6818,4.3302,4.6818,21594300.0
2008-06-27,4.5617,4.7504,4.476,4.7332,13174000.0
2008-06-30,4.6475,4.939,4.4588,4.8876,10279800.0
2008-07-01,4.6904,4.8619,4.4674,4.7418,12570400.0
2008-07-02,4.7332,4.7332,4.1587,4.2016,11905500.0
2008-07-03,4.2616,4.4674,4.0387,4.2445,6710300.0
2008-07-07,4.5789,4.5789,4.0473,4.1845,14914200.0
2008-07-08,4.4245,5.0591,4.3388,5.0076,15686300.0
2008-07-09,4.9219,5.0419,4.4588,4.5274,15073400.0
2008-07-10,4.476,4.759,4.2531,4.4503,10185400.0
2008-07-11,4.1845,4.4846,3.9358,4.2273,14337500.0
2008-07-14,4.5274,4.5274,3.9787,3.9787,8438200.0
2008-07-15,3.9444,4.2445,3.4299,4.0044,14854200.0
2008-07-16,4.0816,5.2391,4.073,5.0676,32127800.0
2008-07-17,5.3077,6.0023,4.7332,5.8394,20880900.0
2008-07-18,5.7965,6.2167,5.5478,5.9423,14257800.0
2008-07-21,5.8222,6.1223,5.5736,5.625,9891900.0
2008-07-22,5.8136,6.774,5.7879,6.6111,37871200.0
2008-07-23,6.9455,7.5372,6.3539,7.3742,33473100.0
2008-07-24,6.997,7.1513,5.5307,5.8308,33901000.0
2008-07-25,6.2167,6.6282,6.0366,6.2938,21494100.0
2008-07-28,6.1652,6.4739,5.7451,5.9165,15613700.0
2008-07-29,6.251,6.834,6.0366,6.7826,20491400.0
2008-07-30,6.9541,7.237,6.0023,6.1652,24204300.0
2008-07-31,6.088,6.6883,6.0194,6.4653,15334600.0
2008-08-01,6.7569,6.7569,6.1395,6.6025,12873000.0
2008-08-04,6.6883,7.2199,6.3539,6.9627,18355800.0
2008-08-05,7.3399,7.5114,6.9884,7.46,22615500.0
2008-08-06,7.3657,7.5543,6.8683,7.4857,18042300.0
2008-08-07,7.0141,7.6229,6.9712,7.5372,15602000.0
2008-08-08,7.7601,8.0602,7.7172,7.8201,18723200.0
2008-08-11,7.7515,8.7976,7.7172,8.0088,27670300.0
2008-08-12,8.1374,8.6004,7.863,7.923,24935400.0
2008-08-13,7.8201,7.863,7.0398,7.1513,18298600.0
2008-08-14,7.3399,7.7858,7.2113,7.5629,20068000.0
2008-08-15,7.9488,8.3089,7.7858,8.0688,15054200.0
2008-08-18,7.9316,8.3861,7.803,8.0602,13359500.0
2008-08-19,8.0688,8.1631,7.237,7.3485,13468100.0
2008-08-20,7.0827,7.2799,6.5939,7.0913,18200600.0
2008-08-21,6.4825,6.8169,6.3624,6.774,14301700.0
2008-08-22,7.0741,7.5886,7.0227,7.4,10613300.0
2008-08-25,7.2971,7.6486,7.1256,7.177,12282200.0
2008-08-26,7.117,7.2028,6.6625,6.8083,9648900.0
2008-08-27,6.5168,6.7311,5.9337,6.2767,25027500.0
2008-08-28,6.1481,7.117,6.1481,7.0227,15718500.0
2008-08-29,6.7569,7.117,6.6111,6.9712,10651700.0
2008-09-02,7.9659,8.489,7.7773,7.863,30915300.0
2008-09-03,8.0345,8.3518,7.6915,7.8116,17800300.0
2008-09-04,7.743,8.2317,7.6486,7.6829,17434000.0
2008-09-05,7.58,8.0002,7.5543,7.5543,15298600.0
2008-09-08,7.5372,7.7944,5.5393,7.3742,27141600.0
2008-09-09,7.7087,7.7944,7.0398,7.057,13611800.0
2008-09-10,6.9541,7.0913,6.5082,6.7483,14871900.0
2008-09-11,6.3796,7.1513,6.3367,6.9369,14260500.0
2008-09-12,6.8512,7.0227,6.5596,6.9712,12270600.0
2008-09-15,7.1599,7.3056,6.8255,6.9026,26707300.0
2008-09-16,7.0656,8.6605,7.0484,8.5233,46535700.0
2008-09-17,8.1888,8.206,7.057,7.7172,20631700.0
2008-09-18,7.3399,8.146,7.177,8.1031,21844300.0
2008-09-19,8.0602,8.3175,7.5114,8.2917,15608600.0
2008-09-22,8.0173,8.0859,6.9284,7.46,21194300.0
2008-09-23,7.6744,7.8973,7.4428,7.5886,14434300.0
2008-09-24,7.46,7.52,6.8855,6.8855,15453000.0
2008-09-25,7.237,7.3314,6.9112,6.9112,13315600.0
2008-09-26,6.9112,7.2971,6.7226,6.8169,12323200.0
2008-09-29,7.1342,7.1342,6.1481,6.2853,12429200.0
2008-09-30,6.431,6.6111,5.7965,6.3882,11324600.0
2008-10-01,6.5511,7.6143,6.3882,7.3314,17152300.0
2008-10-02,7.7001,7.7001,6.4482,6.7826,19688400.0
2008-10-03,7.2542,7.2542,6.4482,6.7397,11408800.0
2008-10-06,6.6368,6.6883,5.7879,6.1566,14647800.0
2008-10-07,6.4053,6.4053,4.8104,4.8962,20401000.0
2008-10-08,4.7761,5.1877,4.3731,4.8361,14124600.0
2008-10-09,5.1362,5.625,4.7504,4.8533,18072700.0
2008-10-10,4.8104,5.1791,4.5274,5.1705,23500800.0
2008-10-13,5.625,5.8308,5.222,5.8308,13528500.0
2008-10-14,6.1138,6.3624,5.685,6.3024,16191100.0
2008-10-15,6.0452,6.7997,5.9423,6.3796,17254300.0
2008-10-16,6.5425,7.6229,6.3882,7.58,24011500.0
2008-10-17,7.1513,7.8802,7.1084,7.8802,19459800.0
2008-10-20,7.6315,8.0688,7.3657,8.0688,13824100.0
2008-10-21,8.2317,8.7891,7.9402,8.3689,19851100.0
2008-10-22,8.4975,9.1406,7.3742,8.5147,23278300.0
2008-10-23,8.0602,8.4032,7.237,7.5457,13616500.0
2008-10-24,6.8598,8.0688,6.7226,7.1256,13494800.0
2008-10-27,7.4085,7.58,6.4396,6.5682,17220000.0
2008-10-28,6.9541,7.2199,6.1738,6.997,15162700.0
2008-10-29,6.8941,7.2628,6.6454,6.8512,20435900.0
2008-10-30,7.4171,8.1888,7.2713,8.1888,18822200.0
2008-10-31,8.4804,10.2039,8.0602,9.415,35536300.0
2008-11-03,9.5179,10.0496,9.4236,9.8781,16083600.0
2008-11-04,9.5008,9.8095,8.6004,9.6723,23018600.0
2008-11-05,9.5608,9.7409,8.8148,8.9863,16493800.0
2008-11-06,8.7891,9.0978,8.0602,8.1631,12744100.0
2008-11-07,8.6347,8.6947,7.863,8.1117,9932800.0
2008-11-10,7.7601,8.0516,7.4,7.7001,10905400.0
2008-11-11,7.7773,7.8887,7.3657,7.58,8173900.0
2008-11-12,7.58,7.58,6.0966,6.3196,22064800.0
2008-11-13,6.2252,7.0055,6.1652,7.0055,14517100.0
2008-11-14,6.9369,7.2542,6.654,6.7311,7820600.0
2008-11-17,6.6883,7.0141,6.4139,6.7483,8201200.0
2008-11-18,6.8598,7.2799,6.5253,6.7569,10300100.0
2008-11-19,6.7311,6.8683,5.9766,6.0023,14206800.0
2008-11-20,5.8908,6.5339,5.5736,6.0194,13444000.0
2008-11-21,6.2252,6.4139,5.3935,5.8479,14488000.0
2008-11-24,5.9165,6.4139,5.6336,6.3024,11512000.0
2008-11-25,6.3024,7.2028,6.3024,7.1942,13520100.0
2008-11-26,6.8598,7.4171,6.6454,7.2199,10203300.0
2008-11-28,7.0398,7.5972,6.8769,7.5543,4360100.0
2008-12-01,7.3742,7.3828,6.6883,6.8255,8754600.0
2008-12-02,6.9455,7.3657,6.8255,7.2628,9002900.0
2008-12-03,7.2456,7.5372,6.8598,7.4943,10433900.0
2008-12-04,7.5286,8.0002,7.2456,7.6143,12238000.0
2008-12-05,7.6572,8.9434,7.3914,8.8834,17655200.0
2008-12-08,9.2092,9.5436,8.4975,9.4493,18496300.0
2008-12-09,9.2435,9.981,9.0292,9.3207,18609100.0
2008-12-10,9.2007,9.6465,9.2007,9.4322,10276400.0
2008-12-11,9.2007,9.3293,8.0688,8.549,11939900.0
2008-12-12,8.1288,9.0806,8.0602,9.0034,7568600.0
2008-12-15,8.7976,9.3293,8.6605,9.1149,8144600.0
2008-12-16,9.3036,9.7752,9.0034,9.5865,10763600.0
2008-12-17,9.0978,9.6037,9.0034,9.4322,16310700.0
2008-12-18,9.5694,9.8609,9.2264,9.4407,15924000.0
2008-12-19,9.5608,9.7752,8.9777,9.0635,11691100.0
2008-12-22,9.0034,9.0206,8.5404,8.7891,11853900.0
2008-12-23,8.6862,9.0549,8.6605,8.8062,7442600.0
2008-12-24,8.9091,9.2607,8.6947,8.9777,4223100.0
2008-12-26,9.0034,9.1749,8.8319,9.0892,2406700.0
2008-12-29,8.7805,9.3379,8.7633,9.2435,5878700.0
2008-12-30,9.3036,9.5608,9.1492,9.3636,5914700.0
2008-12-31,9.4064,9.8609,9.2435,9.8266,9297400.0
2009-01-02,9.698,10.7698,9.6894,10.4011,11218200.0
2009-01-05,10.161,10.384,9.9295,10.2468,7173400.0
2009-01-06,10.1096,10.847,10.1096,10.6155,10041300.0
2009-01-07,10.4011,10.6498,9.8866,10.1867,12181100.0
2009-01-08,9.9895,10.5983,9.6894,10.4783,11787800.0
2009-01-09,10.4526,10.4526,9.9467,10.0839,9704500.0
2009-01-12,10.1953,10.4954,9.3379,9.6894,8745700.0
2009-01-13,9.5265,9.7151,9.2607,9.5265,9231300.0
2009-01-14,9.3036,9.475,8.6605,8.8234,8236700.0
2009-01-15,8.8748,9.9467,8.7033,9.4064,14082000.0
2009-01-16,9.4493,9.9895,9.2778,9.8009,9722400.0
2009-01-20,9.7752,10.1696,9.415,9.4665,10480400.0
2009-01-21,9.6465,9.8609,7.7515,8.6605,20908500.0
2009-01-22,8.5747,9.2007,8.3689,9.072,12032000.0
2009-01-23,8.9091,9.2864,8.5147,8.7976,8406300.0
2009-01-26,8.7976,9.0892,8.3603,8.5147,7049800.0
2009-01-27,8.0088,8.0259,6.431,6.7997,32132300.0
2009-01-28,7.1513,7.58,7.0398,7.4943,12374900.0
2009-01-29,7.3742,7.6915,6.7397,6.8769,12503600.0
2009-01-30,6.997,7.0913,5.7794,5.9165,23368100.0
2009-02-02,6.0795,6.1309,5.6936,6.0623,15605200.0
2009-02-03,6.2167,6.2252,5.7022,5.9165,12394600.0
2009-02-04,6.0023,6.1052,5.5736,5.5821,11453300.0
2009-02-05,5.5736,6.0023,5.1963,5.5993,16611700.0
2009-02-06,5.7965,6.5768,5.7193,6.2938,18591400.0
2009-02-09,6.371,6.431,6.1395,6.2595,7482400.0
2009-02-10,6.0795,6.431,5.8308,5.8651,11919300.0
2009-02-11,6.0023,6.0194,5.282,5.5478,15641600.0
2009-02-12,5.6936,5.9937,5.5907,5.9766,8915600.0
2009-02-13,6.0623,6.2081,5.7622,6.0966,10568400.0
2009-02-17,5.8394,5.8565,5.4278,5.4449,9566100.0
2009-02-18,5.4878,5.5393,4.6561,4.8962,21016000.0
2009-02-19,5.0505,5.2306,4.8533,4.9133,11090400.0
2009-02-20,4.8876,4.9219,4.1673,4.7675,19158400.0
2009-02-23,4.9905,5.3849,4.8104,4.8962,15646700.0
2009-02-24,5.1277,5.1791,4.7332,5.1019,10253900.0
2009-02-25,5.1534,5.1534,4.6732,4.8962,10033200.0
2009-02-26,5.0162,5.1448,4.6132,4.879,12303500.0
2009-02-27,4.7161,4.7161,4.2445,4.3131,20741700.0
2009-03-02,4.1587,4.2445,3.8843,3.9358,11445100.0
2009-03-03,3.9615,4.0816,3.387,3.6528,21506800.0
2009-03-04,3.7729,4.2788,3.7043,3.8243,14522500.0
2009-03-05,3.6785,3.73,3.3013,3.3699,15098200.0
2009-03-06,3.4042,3.4813,3.0097,3.4813,18669500.0
2009-03-09,3.3441,3.8329,3.267,3.5757,10349600.0
2009-03-10,3.7729,4.073,3.5414,4.0644,22053400.0
2009-03-11,4.0816,4.3902,4.0387,4.1159,12413000.0
2009-03-12,4.1244,4.7161,3.8758,4.5703,11216800.0
2009-03-13,4.6646,5.2306,4.6561,4.9905,14046900.0
2009-03-16,5.1963,5.3678,4.6904,4.7504,13114800.0
2009-03-17,4.8447,5.3077,4.7075,5.2734,9092500.0
2009-03-18,5.2734,5.4449,4.819,5.2048,13262400.0
2009-03-19,5.1534,5.2048,4.536,4.6046,13637500.0
2009-03-20,4.6303,4.759,4.1587,4.3045,11283800.0
2009-03-23,4.4503,4.6732,4.2016,4.6646,12603400.0
2009-03-24,4.5103,4.8533,4.3217,4.7332,10816400.0
2009-03-25,4.7847,5.1362,4.6046,4.8704,12216400.0
2009-03-26,4.9733,5.5307,4.9047,5.3849,12492900.0
2009-03-27,5.2048,5.4792,5.1105,5.1791,11274900.0
2009-03-30,5.0334,5.0334,4.536,4.6303,10060200.0
2009-03-31,4.7847,5.0162,4.6303,4.8276,9918500.0
2009-04-01,4.7332,5.1019,4.596,5.0676,10460500.0
2009-04-02,5.1534,5.685,5.1191,5.5307,13678100.0
2009-04-03,5.6079,5.8136,5.4021,5.6936,9902800.0
2009-04-06,5.5736,6.1395,5.5736,5.9508,13973300.0
2009-04-07,5.8565,5.9937,5.5736,5.7108,9161100.0
2009-04-08,5.7622,6.0023,5.7622,5.9251,8819700.0
2009-04-09,6.0795,6.3796,6.0709,6.3367,13782500.0
2009-04-13,6.2338,6.4653,6.1395,6.4396,10703900.0
2009-04-14,6.3796,6.4139,5.8565,6.0023,11941600.0
2009-04-15,5.8908,6.4139,5.6593,6.2424,21132100.0
2009-04-16,6.3539,6.3967,6.0366,6.2424,13421500.0
2009-04-17,6.1909,6.3539,6.1309,6.2767,7001400.0
2009-04-20,6.1652,6.2167,5.7708,5.8394,9907900.0
2009-04-21,5.9337,6.9884,5.8308,6.9541,18632600.0
2009-04-22,6.7569,7.0656,6.3453,6.5596,16959400.0
2009-04-23,6.6883,7.0913,6.5854,6.8598,15991400.0
2009-04-24,6.9712,6.9712,6.714,6.7569,8601300.0
2009-04-27,5.8479,6.0023,5.2734,5.7879,30407900.0
2009-04-28,5.4449,5.9594,5.1277,5.2134,31410200.0
2009-04-29,5.4707,5.5736,5.2734,5.3335,26409000.0
2009-04-30,5.5393,5.5478,5.2306,5.2906,18547500.0
2009-05-01,5.4192,5.6164,5.3592,5.505,11079400.0
2009-05-04,5.7622,6.1309,5.7193,6.028,19288300.0
2009-05-05,6.1309,6.4739,6.028,6.4568,20126800.0
2009-05-06,6.6025,6.7569,6.1652,6.311,12719600.0
2009-05-07,6.4396,6.4396,5.7794,5.9851,12670900.0
2009-05-08,6.0795,6.1481,5.7365,5.968,9237000.0
2009-05-11,5.8051,6.1223,5.685,5.9251,7939900.0
2009-05-12,5.9508,6.0537,5.5393,5.685,9206100.0
2009-05-13,5.4964,5.6422,5.3849,5.4364,9139400.0
2009-05-14,5.4021,5.8136,5.2649,5.4621,14365900.0
2009-05-15,5.4192,5.6507,5.342,5.4278,11335300.0
2009-05-18,5.5478,5.8136,5.4106,5.8136,7242400.0
2009-05-19,5.8308,5.9165,5.6507,5.6593,7297900.0
2009-05-20,5.8136,5.968,5.505,5.5478,9494400.0
2009-05-21,5.4021,5.6507,5.4021,5.5393,8044800.0
2009-05-22,5.4707,5.5993,5.2649,5.3335,9216700.0
2009-05-26,5.3077,5.4535,5.2734,5.3592,10072900.0
2009-05-27,5.3849,5.4535,4.6989,4.7675,27685800.0
2009-05-28,4.8619,4.8619,4.6303,4.7161,21151700.0
2009-05-29,4.7161,4.9819,4.6561,4.9819,33562200.0
2009-06-01,5.222,5.5478,5.1105,5.5135,15609400.0
2009-06-02,5.685,6.0795,5.5736,5.8994,15662200.0
2009-06-03,5.7536,6.2081,5.6936,6.1824,18899100.0
2009-06-04,6.1223,6.1738,5.9251,6.1223,13550300.0
2009-06-05,6.1738,6.2167,5.8737,6.0194,9657600.0
2009-06-08,5.8136,5.9508,5.6507,5.7622,8183100.0
2009-06-09,5.8737,5.9251,5.7279,5.9165,5715500.0
2009-06-10,5.9165,5.9165,5.4707,5.6164,15687300.0
2009-06-11,5.5393,5.8051,5.3592,5.7279,11515200.0
2009-06-12,5.7279,5.7794,5.4621,5.4878,10697100.0
2009-06-15,5.3163,5.4021,5.1705,5.2306,10717000.0
2009-06-16,5.2563,5.5307,5.1448,5.282,10083400.0
2009-06-17,5.2734,5.4707,5.0848,5.2992,12822200.0
2009-06-18,5.3849,5.3849,5.0591,5.1277,6914700.0
2009-06-19,5.162,5.222,5.0762,5.2048,6570200.0
2009-06-22,5.1534,5.1877,4.7933,4.8447,7056900.0
2009-06-23,4.8619,4.9991,4.5532,4.6303,18893200.0
2009-06-24,4.7161,4.8533,4.6303,4.7418,12082600.0
2009-06-25,4.8018,5.1877,4.7161,5.1705,14683200.0
2009-06-26,5.162,5.222,4.8361,4.8876,10885100.0
2009-06-29,4.9305,5.0591,4.8447,4.9648,7366600.0
2009-06-30,4.9733,5.0076,4.7761,4.9648,10413000.0
2009-07-01,4.9905,5.2649,4.9819,5.0162,11144600.0
2009-07-02,5.1019,5.1448,5.0162,5.0419,12203100.0
2009-07-06,5.0676,5.162,4.879,4.9133,9381500.0
2009-07-07,4.879,4.9476,4.7933,4.8962,7207400.0
2009-07-08,4.9562,5.0591,4.7675,4.8704,9191700.0
2009-07-09,5.0334,5.0334,4.819,4.9305,6451300.0
2009-07-10,4.9219,5.1019,4.819,5.0591,6761900.0
2009-07-13,5.1362,5.1877,4.8876,5.1191,11312600.0
2009-07-14,5.0248,5.1877,5.0076,5.1277,8364000.0
2009-07-15,5.2306,5.3678,5.1019,5.282,13409100.0
2009-07-16,5.2477,5.342,5.162,5.2477,7649200.0
2009-07-17,5.2649,5.3249,5.1534,5.2134,6265300.0
2009-07-20,5.1534,5.5221,5.1448,5.3763,12912500.0
2009-07-21,5.4535,5.4621,4.8962,5.1963,12276600.0
2009-07-22,5.1448,5.3335,4.9476,4.9476,13901400.0
2009-07-23,5.0334,5.2306,4.7847,5.1963,19370800.0
2009-07-24,5.1105,5.3763,5.0419,5.3163,10707700.0
2009-07-27,5.2649,5.5135,5.2649,5.3163,9391000.0
2009-07-28,5.3163,5.6164,5.282,5.5736,10630300.0
2009-07-29,5.505,5.8737,5.4449,5.8565,14077900.0
2009-07-30,5.8222,5.9594,5.7365,5.8822,9876200.0
2009-07-31,5.8737,5.9594,5.8222,5.9423,6645900.0
2009-08-03,6.0023,6.0366,5.8136,5.9851,10147800.0
2009-08-04,5.908,6.3453,5.8737,6.1481,15288600.0
2009-08-05,6.1738,6.311,5.9594,6.2767,15394100.0
2009-08-06,6.1995,6.3453,6.1738,6.251,10903200.0
2009-08-07,6.3024,6.6797,6.0709,6.3539,16438000.0
2009-08-10,6.3624,6.3624,6.0023,6.0709,12727800.0
2009-08-11,6.0023,6.0537,5.8479,6.0194,7685700.0
2009-08-12,5.9165,6.2938,5.8565,6.1738,8696900.0
2009-08-13,6.2167,6.251,6.0966,6.1738,7171300.0
2009-08-14,6.1223,6.1652,5.9423,6.0194,6226900.0
2009-08-17,5.7965,5.8565,5.6164,5.6593,5667700.0
2009-08-18,5.7622,5.8222,5.7022,5.7879,4389400.0
2009-08-19,5.7108,5.8222,5.6336,5.6593,4447700.0
2009-08-20,5.7022,5.9766,5.7022,5.8308,5633600.0
2009-08-21,5.8737,6.1138,5.8565,6.1138,7985600.0
2009-08-24,6.1223,6.431,6.0194,6.0795,10306600.0
2009-08-25,6.1309,6.3539,6.1138,6.3196,10744500.0
2009-08-26,6.3196,6.5939,6.2338,6.3967,12079600.0
2009-08-27,6.4139,6.431,6.2167,6.4225,10077100.0
2009-08-28,6.4396,6.5511,6.2595,6.2938,6928200.0
2009-08-31,6.1395,6.251,6.0709,6.1909,6449100.0
2009-09-01,6.1052,6.1909,5.7879,5.9165,15741500.0
2009-09-02,5.8394,5.9851,5.7794,5.8651,9216600.0
2009-09-03,5.8994,6.2338,5.8822,6.1395,10110800.0
2009-09-04,6.0966,6.3967,6.0966,6.3367,8375200.0
2009-09-08,6.3453,6.431,6.2167,6.2595,8269500.0
2009-09-09,6.2338,6.431,6.1481,6.2853,8991100.0
2009-09-10,6.5082,7.0741,6.5082,6.9455,29742300.0
2009-09-11,6.9541,7.3056,6.8426,6.9112,15216600.0
2009-09-14,6.9198,7.4857,6.8083,7.3742,19051400.0
2009-09-15,7.4,8.0431,7.4,7.8459,27442900.0
2009-09-16,7.9745,8.4375,7.7344,8.1031,22413000.0
2009-09-17,8.2832,8.3861,7.6658,7.8544,19720000.0
2009-09-18,7.8373,7.9145,7.4257,7.6829,13504200.0
2009-09-21,7.5029,8.3175,7.4686,8.2746,16831400.0
2009-09-22,8.2146,8.4718,8.0173,8.146,14313300.0
2009-09-23,8.206,8.206,7.5886,7.7944,13119400.0
2009-09-24,7.803,7.923,7.6315,7.6486,10172000.0
2009-09-25,7.7515,8.0088,7.7001,7.7601,11726500.0
2009-09-28,7.8716,7.923,7.6915,7.7172,10993600.0
2009-09-29,7.8373,7.9745,7.7687,7.8887,11005100.0
2009-09-30,7.8716,7.9573,7.6315,7.6829,12812700.0
2009-10-01,7.6744,7.6744,6.9369,6.9798,13652900.0
2009-10-02,6.834,7.2799,6.774,7.1342,14384000.0
2009-10-05,7.1685,7.4514,7.1342,7.237,9368000.0
2009-10-06,7.4171,7.5543,7.1256,7.2456,9138400.0
2009-10-07,7.2885,7.3142,7.0827,7.0999,7159300.0
2009-10-08,7.1599,7.5715,7.1599,7.3914,10347800.0
2009-10-09,7.4085,7.5886,7.3056,7.4343,5857300.0
2009-10-12,7.4943,7.6658,7.3485,7.6315,9650400.0
2009-10-13,7.6315,7.7001,7.4857,7.6315,8317100.0
2009-10-14,7.7344,7.8459,7.7001,7.7601,8525600.0
2009-10-15,7.7172,7.8802,7.5972,7.7773,17177200.0
2009-10-16,7.7087,7.8116,7.6744,7.743,8630200.0
2009-10-19,7.6744,7.7601,7.5629,7.7087,11898100.0
2009-10-20,7.7515,7.8544,7.6915,7.7344,10813800.0
2009-10-21,7.7344,7.8887,7.0484,7.1427,29236900.0
2009-10-22,7.3314,7.4257,6.6282,7.1342,23109100.0
2009-10-23,7.1856,7.1856,6.9369,7.0656,11234100.0
2009-10-26,7.0656,7.2199,6.654,6.6797,14899400.0
2009-10-27,6.8083,6.8083,6.4825,6.5511,11930300.0
2009-10-28,6.6368,6.6368,6.1481,6.1652,14826100.0
2009-10-29,6.2767,6.5339,6.2338,6.311,9198100.0
2009-10-30,6.2167,6.3967,5.9337,6.1223,9803500.0
2009-11-02,6.1223,6.2595,5.8136,5.9594,11204700.0
2009-11-03,5.9594,6.2938,5.9423,6.1909,12908500.0
2009-11-04,6.2767,6.5939,6.1309,6.1395,9778400.0
2009-11-05,6.1824,6.3281,6.0795,6.2853,6198000.0
2009-11-06,6.251,6.8169,6.251,6.6797,8202700.0
2009-11-09,6.7912,6.8769,6.6282,6.7654,7818300.0
2009-11-10,6.774,6.774,6.5854,6.6282,6423000.0
2009-11-11,6.7226,6.8683,6.6797,6.7997,7902300.0
2009-11-12,6.774,6.997,6.6797,6.6883,8079300.0
2009-11-13,6.7654,6.8512,6.6883,6.6883,5397000.0
2009-11-16,6.7826,6.9712,6.7569,6.8512,8418200.0
2009-11-17,6.9284,6.9284,6.7226,6.774,3964700.0
2009-11-18,6.8083,6.8426,6.5768,6.654,5016600.0
2009-11-19,6.5682,6.5854,6.3453,6.5082,5778200.0
2009-11-20,6.4996,6.5939,6.3967,6.5339,6119300.0
2009-11-23,6.6111,6.6968,6.5339,6.6282,8713700.0
2009-11-24,6.6025,6.6968,6.431,6.5682,8265400.0
2009-11-25,6.6368,6.774,6.5596,6.7654,6267500.0
2009-11-27,6.5682,6.7997,6.4225,6.7826,3073500.0
2009-11-30,6.7483,7.0227,6.7054,7.0227,9139400.0
2009-12-01,7.1256,7.4171,7.0313,7.3914,11693200.0
2009-12-02,7.5029,7.9745,7.46,7.9659,17600000.0
2009-12-03,7.9316,8.0431,7.7344,8.0431,10787100.0
2009-12-04,8.146,8.5661,8.0602,8.5233,20924900.0
2009-12-07,8.2832,8.8491,8.0859,8.7119,20062400.0
2009-12-08,8.5833,8.8062,8.4375,8.4718,14961000.0
2009-12-09,8.4375,8.5747,8.266,8.4632,8975500.0
2009-12-10,8.4718,8.5919,8.3861,8.4718,8206200.0
2009-12-11,8.5147,9.818,8.5147,9.6465,42064000.0
2009-12-14,9.8695,10.0324,9.3379,9.5093,20600300.0
2009-12-15,9.2178,9.5522,9.0978,9.3893,14228700.0
2009-12-16,9.4665,10.0067,9.3464,9.9895,14406900.0
2009-12-17,9.9038,10.2811,9.758,9.9467,11846000.0
2009-12-18,9.9295,9.9981,9.3379,9.9981,16997800.0
2009-12-21,9.6037,9.9981,9.6037,9.7666,11489500.0
2009-12-22,9.9209,10.3582,9.8609,10.1096,17384100.0
2009-12-23,10.1439,10.2553,9.818,10.1267,8543300.0
2009-12-24,10.1696,10.2296,9.9638,10.0924,3398300.0
2009-12-28,9.8095,9.8781,9.5265,9.6808,13289500.0
2009-12-29,9.5608,9.7666,9.4579,9.7151,7727000.0
2009-12-30,9.6551,9.7752,9.475,9.7494,8164900.0
2009-12-31,9.6894,9.8438,9.6208,9.758,8566700.0
2010-01-04,9.6208,9.8009,9.3893,9.6208,13371700.0
2010-01-05,9.7066,10.5812,9.6808,10.3754,24682900.0
2010-01-06,10.2811,10.4954,10.161,10.384,14787000.0
2010-01-07,10.3411,11.0271,10.3325,10.8813,19599800.0
2010-01-08,10.8727,11.0185,10.3325,10.6927,24404400.0
2010-01-11,10.5812,11.0528,10.4011,10.967,15765300.0
2010-01-12,10.8641,11.0699,10.5555,10.7527,12476600.0
2010-01-13,10.7441,11.1128,10.6412,11.0185,11246100.0
2010-01-14,10.907,11.4129,10.8813,11.2929,11838300.0
2010-01-15,11.3015,11.4301,10.7956,10.9242,8877700.0
2010-01-19,10.9842,11.3958,10.967,11.1728,9364900.0
2010-01-20,11.1214,11.5673,10.8813,11.4987,19826200.0
2010-01-21,11.5758,11.7388,11.2757,11.5244,24252100.0
2010-01-22,11.4129,11.7731,11.0699,11.3958,22067900.0
2010-01-25,11.473,11.6959,11.1042,11.4301,19262900.0
2010-01-26,10.9585,11.4901,10.8899,11.2757,15645400.0
2010-01-27,11.1557,11.5244,10.9928,11.2843,24098100.0
2010-01-28,11.3443,11.6101,10.8299,10.847,16920900.0
2010-01-29,10.9756,11.2843,10.4526,10.4869,18787800.0
2010-02-01,10.6069,10.8384,10.564,10.8299,9398400.0
2010-02-02,10.9756,11.2071,10.8556,11.0614,12804200.0
2010-02-03,11.0699,11.0699,10.564,10.6498,9484400.0
2010-02-04,10.1096,10.3154,9.7066,9.8266,16715600.0
2010-02-05,9.7837,10.0581,9.3722,9.6894,19800900.0
2010-02-08,9.698,9.9467,9.5522,9.6465,9061900.0
2010-02-09,9.8866,10.7613,9.8866,10.6241,23234300.0
2010-02-10,10.5212,10.5726,9.8523,9.9295,18869600.0
2010-02-11,9.9895,10.4783,9.9295,10.1439,12787800.0
2010-02-12,10.0238,10.5212,9.9209,10.504,11447300.0
2010-02-16,10.5726,10.8213,10.5469,10.7012,7770500.0
2010-02-17,10.5726,10.9756,10.5726,10.9156,10116800.0
2010-02-18,10.8127,10.9928,10.6412,10.7613,7073300.0
2010-02-19,10.7012,10.9242,10.7012,10.8813,4766500.0
2010-02-22,10.9156,11.3272,10.8727,10.9156,9706600.0
2010-02-23,10.9156,11.0871,10.7012,10.8384,5346800.0
2010-02-24,10.8213,10.9499,10.6755,10.9327,6624500.0
2010-02-25,10.787,10.9242,10.5983,10.8556,6420300.0
2010-02-26,10.9242,11.1643,10.8641,11.0785,6149900.0
2010-03-01,11.0871,11.5758,11.0871,11.2929,7727200.0
2010-03-02,11.3015,11.5073,10.9156,10.9585,8518000.0
2010-03-03,11.0013,11.2071,10.9156,11.0871,5142800.0
2010-03-04,11.2071,11.2071,10.7956,10.9585,6391700.0
2010-03-05,11.0099,11.0957,10.8127,10.8899,6975800.0
2010-03-08,10.8899,11.0614,10.7355,10.7527,10164100.0
2010-03-09,10.8727,11.3786,10.8213,10.9842,16560700.0
2010-03-10,11.1471,11.6273,11.1042,11.4044,16883700.0
2010-03-11,11.3015,11.3872,11.0271,11.1385,9919400.0
2010-03-12,11.2329,11.2414,10.8727,11.0013,7067200.0
2010-03-15,11.0099,11.0099,10.727,10.8556,12962000.0
2010-03-16,11.0013,11.1471,10.8641,11.13,8006900.0
2010-03-17,11.0785,11.19,10.9413,11.0957,8468600.0
2010-03-18,11.0699,11.2757,11.0614,11.2414,6504900.0
2010-03-19,11.1471,11.3186,10.7698,10.7784,8575800.0
2010-03-22,10.6498,11.2243,10.5726,11.2071,7332600.0
2010-03-23,11.2071,11.5244,10.9842,11.5158,8940000.0
2010-03-24,11.4472,11.8931,11.4387,11.8417,10787700.0
2010-03-25,11.9017,12.3904,11.876,12.1761,17264900.0
2010-03-26,12.1332,12.7763,12.1332,12.4333,12233400.0
2010-03-29,12.4933,12.6563,12.4247,12.5619,12755700.0
2010-03-30,12.5705,12.7077,12.4333,12.5362,10693500.0
2010-03-31,12.4162,12.6048,12.339,12.5105,6438600.0
2010-04-01,12.5791,12.7677,12.5276,12.5962,6803600.0
2010-04-05,12.5962,12.6734,12.219,12.3647,12767000.0
2010-04-06,12.3733,12.5705,12.2361,12.5705,8773300.0
2010-04-07,12.4762,12.5619,12.056,12.1504,15443100.0
2010-04-08,12.5448,12.7163,12.3133,12.6991,13578100.0
2010-04-09,12.6563,12.742,12.4247,12.5019,11137500.0
2010-04-12,12.5791,12.8106,12.5276,12.802,8287800.0
2010-04-13,12.7249,12.7935,12.2618,12.3218,9169800.0
2010-04-14,12.4076,12.6734,12.2876,12.339,10320700.0
2010-04-15,12.3476,12.4848,12.0132,12.339,13874200.0
2010-04-16,12.3304,12.3476,11.7473,11.8931,12837600.0
2010-04-19,11.8159,12.1761,11.2929,11.3015,18334600.0
2010-04-20,11.4901,11.5587,10.8727,11.2843,25086100.0
2010-04-21,11.4129,11.4644,10.5898,10.7784,24854100.0
2010-04-22,10.8041,11.0099,10.3754,10.5983,26574200.0
2010-04-23,10.6927,11.3358,10.6755,11.1557,20515000.0
2010-04-26,11.2329,11.2757,10.9585,11.1042,13199800.0
2010-04-27,11.0442,11.1385,10.4611,10.4783,13377900.0
2010-04-28,10.6927,10.7784,10.384,10.444,12892600.0
2010-04-29,10.5983,10.727,10.2468,10.384,13217400.0
2010-04-30,10.4783,10.787,10.2896,10.3582,21577400.0
2010-05-03,10.5469,10.9242,10.4268,10.7956,11901200.0
2010-05-04,10.564,10.5898,9.8523,10.0839,18277200.0
2010-05-05,9.8695,10.6498,9.6894,10.5726,23545800.0
2010-05-06,10.4183,10.7441,9.3464,10.0496,20986300.0
2010-05-07,10.0581,10.5555,9.7752,10.0324,22086400.0
2010-05-10,10.6669,10.6669,10.3754,10.5469,9738700.0
2010-05-11,10.4268,10.727,10.221,10.6326,13052000.0
2010-05-12,10.7527,11.6787,10.7184,11.6187,19525000.0
2010-05-13,11.5758,11.9789,11.3015,11.3615,10682600.0
2010-05-14,11.3272,11.9188,11.1557,11.7816,19296300.0
2010-05-17,11.7988,12.0046,11.4044,11.9531,10434500.0
2010-05-18,11.9874,12.0903,11.533,11.6359,10850500.0
2010-05-19,11.4901,11.876,11.3186,11.6873,9945100.0
2010-05-20,11.3443,11.4901,11.0271,11.0271,15610000.0
2010-05-21,10.9842,11.6101,10.847,11.4387,10896500.0
2010-05-24,11.25,11.9188,11.1557,11.5416,8605600.0
2010-05-25,11.1471,11.936,11.1471,11.8674,11502900.0
2010-05-26,11.9789,12.4162,11.5158,11.876,15345200.0
2010-05-27,12.0818,12.2275,11.8674,11.9617,11580500.0
2010-05-28,11.7045,11.9274,11.4901,11.6444,8105900.0
2010-06-01,11.4129,11.9017,11.3529,11.6101,11139600.0
2010-06-02,11.9103,12.219,11.8845,12.0818,16825900.0
2010-06-03,12.1589,12.4333,12.0389,12.2447,10240900.0
2010-06-04,11.9617,12.0903,11.5758,11.6444,9825100.0
2010-06-07,11.7302,11.9017,11.2414,11.2586,8137300.0
2010-06-08,11.3701,11.5158,10.9585,11.31,10529500.0
2010-06-09,11.3615,11.7731,11.3615,11.4558,8463000.0
2010-06-10,11.6959,11.7473,11.4301,11.4472,11836000.0
2010-06-11,11.3272,11.653,11.2157,11.533,8727200.0
2010-06-14,11.7045,12.056,11.6702,11.7388,15763400.0
2010-06-15,11.9103,12.1418,11.7902,12.0132,11966500.0
2010-06-16,11.9017,12.4162,11.8159,12.0732,11785100.0
2010-06-17,12.1418,12.3476,11.9617,12.1675,7820000.0
2010-06-18,12.1589,12.1761,11.5244,11.7559,12194300.0
2010-06-21,11.9017,12.0046,11.4301,11.5673,7756700.0
2010-06-22,11.5673,11.6702,10.8213,10.8641,10917400.0
2010-06-23,10.9156,11.0442,10.6498,10.8556,7641300.0
2010-06-24,10.7355,10.9242,10.5383,10.5555,7234600.0
2010-06-25,10.5469,10.5898,10.1267,10.2896,9778100.0
2010-06-28,10.3668,10.564,10.2296,10.3239,7327200.0
2010-06-29,10.101,10.101,9.638,9.698,9988600.0
2010-06-30,9.7494,10.504,9.6894,10.0753,15603600.0
2010-07-01,10.2811,10.5297,9.7151,10.0496,13797500.0
2010-07-02,9.981,10.1353,9.1835,9.4579,18111100.0
2010-07-06,9.7752,10.0324,9.3979,9.5179,9469100.0
2010-07-07,9.8009,10.0667,9.3722,10.041,10444900.0
2010-07-08,10.2039,10.2553,9.8609,10.0924,5584100.0
2010-07-09,10.101,10.2039,9.8695,9.9895,6759100.0
2010-07-12,10.041,10.3582,9.8009,10.0067,9391000.0
2010-07-13,10.2382,10.5212,10.2039,10.384,10434200.0
2010-07-14,10.4268,10.6326,10.2896,10.4697,8094100.0
2010-07-15,10.5126,10.564,10.1182,10.2982,8012400.0
2010-07-16,10.2468,10.4097,10.0153,10.0496,7984700.0
2010-07-19,9.7666,10.0324,8.9177,9.758,29043500.0
2010-07-20,9.5865,9.9638,9.5179,9.8866,9284600.0
2010-07-21,9.8438,10.0839,9.3036,9.3464,14039900.0
2010-07-22,9.5608,9.8866,9.4836,9.8266,9622000.0
2010-07-23,9.8009,9.9209,9.6465,9.818,6460900.0
2010-07-26,9.7923,10.2896,9.7666,10.2725,7366300.0
2010-07-27,10.4183,10.4954,10.0238,10.041,5926500.0
2010-07-28,10.041,10.1782,9.7237,9.8952,5039700.0
2010-07-29,9.981,10.1182,9.7066,10.0238,5646100.0
2010-07-30,9.8952,10.2296,9.7151,10.1867,7536800.0
2010-08-02,10.3582,10.9756,10.2296,10.8127,12693900.0
2010-08-03,10.7355,10.8127,10.101,10.4183,9148100.0
2010-08-04,10.5126,10.6241,10.0153,10.1696,7715000.0
2010-08-05,10.1182,10.4011,10.0496,10.1182,7716600.0
2010-08-06,9.9467,10.2468,9.9209,10.1267,6672900.0
2010-08-09,10.2296,10.4954,10.0924,10.4526,6832500.0
2010-08-10,10.3668,10.3668,9.9981,10.1182,6113300.0
2010-08-11,10.0153,10.0324,9.6122,9.7409,6449500.0
2010-08-12,9.5608,9.9552,9.475,9.8523,5730600.0
2010-08-13,9.758,9.981,9.6208,9.9038,4910600.0
2010-08-16,9.8866,9.9895,9.7151,9.8438,4443400.0
2010-08-17,9.9295,9.9895,9.6637,9.7409,9048500.0
2010-08-18,9.7752,9.8352,9.6637,9.7409,4859400.0
2010-08-19,9.6723,9.7837,8.8662,9.2435,22691800.0
2010-08-20,9.1578,9.2092,8.892,9.0292,7543600.0
2010-08-23,9.0377,9.3293,8.9091,8.9777,6091800.0
2010-08-24,8.6862,8.7633,8.3775,8.549,15264400.0
2010-08-25,8.3518,8.6262,8.2317,8.6004,11067300.0
2010-08-26,8.6776,8.8491,8.549,8.609,6709700.0
2010-08-27,8.6262,9.1492,8.4461,8.9691,9993500.0
2010-08-30,8.9005,9.2435,8.8662,8.892,5769100.0
2010-08-31,8.8148,9.012,8.7548,8.9691,5211900.0
2010-09-01,9.2778,9.3121,9.0292,9.1578,7668100.0
2010-09-02,9.2007,9.4493,9.1406,9.295,7089500.0
2010-09-03,9.4922,9.638,9.3807,9.475,7705200.0
2010-09-07,9.3893,9.4493,9.0978,9.1492,8123700.0
2010-09-08,9.1406,9.3207,8.9177,9.1664,6431900.0
2010-09-09,9.3121,9.3121,8.9606,9.1149,5832600.0
2010-09-10,9.1492,9.2778,8.9691,9.0377,5528200.0
2010-09-13,9.1235,9.3036,9.072,9.1492,5195600.0
2010-09-14,9.0978,9.818,9.0377,9.5865,12994100.0
2010-09-15,9.6208,9.8866,9.6208,9.8609,7917100.0
2010-09-16,9.8009,10.0153,9.6465,9.9295,8588400.0
2010-09-17,9.9895,10.0067,9.5436,9.5865,8226800.0
2010-09-20,9.698,9.9895,9.6122,9.9038,6067900.0
2010-09-21,9.9724,10.2896,9.9381,10.2468,8717300.0
2010-09-22,10.1353,10.2039,9.7237,9.7923,8272300.0
2010-09-23,9.5951,9.9209,9.5608,9.7066,5003700.0
2010-09-24,9.8781,10.041,9.7923,10.041,7571100.0
2010-09-27,10.0238,10.1439,9.6808,9.758,8874400.0
2010-09-28,9.7237,9.9467,9.6637,9.9381,7634100.0
2010-09-29,9.8352,9.9724,9.7323,9.9381,6703700.0
2010-09-30,9.9552,10.0238,9.7666,9.981,7237600.0
2010-10-01,10.0753,10.2982,10.041,10.2982,8727200.0
2010-10-04,10.0324,10.2982,9.818,9.8695,7628500.0
2010-10-05,9.9209,10.1782,9.818,10.1439,11939800.0
2010-10-06,10.1782,10.3325,9.9124,10.101,9922800.0
2010-10-07,10.1182,10.1353,9.9552,10.0924,6779200.0
2010-10-08,10.041,10.1096,9.7323,9.7752,12610000.0
2010-10-11,9.8095,9.9038,9.5522,9.638,8238500.0
2010-10-12,9.5779,9.9209,9.3979,9.8009,11918900.0
2010-10-13,9.8523,10.0581,9.6294,9.9295,9331000.0
2010-10-14,9.9467,9.9638,9.758,9.818,7064200.0
2010-10-15,9.8609,9.9467,9.698,9.758,6403000.0
2010-10-18,9.8009,9.8695,9.5351,9.8695,6582900.0
2010-10-19,9.7151,10.0496,9.6894,10.0324,11709400.0
2010-10-20,10.7184,11.2929,10.5726,11.1214,28436500.0
2010-10-21,11.1728,11.6101,11.0614,11.6016,19402100.0
2010-10-22,11.533,11.5501,11.1986,11.3015,7648700.0
2010-10-25,11.4472,11.7045,11.3272,11.5501,7843300.0
2010-10-26,11.4215,11.6959,11.2586,11.4301,7974500.0
2010-10-27,11.2929,11.8331,11.2843,11.8159,9041800.0
2010-10-28,11.8331,12.0903,11.8074,11.9017,10972600.0
2010-10-29,11.8931,11.9446,11.5416,11.9103,10359000.0
2010-11-01,11.9188,11.9789,11.533,11.7645,7257400.0
2010-11-02,11.8845,11.936,11.6616,11.876,6146400.0
2010-11-03,11.9103,12.4162,11.6873,12.1675,13652500.0
2010-11-04,12.2704,12.3047,11.9017,12.1589,11616200.0
2010-11-05,12.1847,12.4676,12.1332,12.2275,6781000.0
2010-11-08,12.1161,12.2361,11.8845,12.0818,7459800.0
2010-11-09,12.1246,12.1761,11.8417,11.8845,7647500.0
2010-11-10,11.8845,12.0646,11.6101,11.6101,8429500.0
2010-11-11,11.473,11.8417,11.3615,11.6101,9717200.0
2010-11-12,11.5073,11.7045,11.4901,11.5416,5423400.0
2010-11-15,11.4387,11.5501,11.2586,11.3186,10355900.0
2010-11-16,11.2329,11.533,11.0871,11.2757,8854100.0
2010-11-17,11.19,11.4644,11.0356,11.3272,9094000.0
2010-11-18,11.4301,11.8931,11.4301,11.8074,9746400.0
2010-11-19,11.7473,11.9188,11.533,11.7988,6686200.0
2010-11-22,11.7473,11.8674,11.5587,11.7988,7042600.0
2010-11-23,11.6444,11.7731,11.4815,11.7559,11633000.0
2010-11-24,11.7816,12.2961,11.653,12.2876,10315900.0
2010-11-26,12.1504,12.3304,12.1075,12.2018,3584900.0
2010-11-29,12.1161,12.2275,11.9531,12.1332,8828300.0
2010-11-30,12.1761,12.1761,11.7216,11.7302,18753600.0
2010-12-01,11.9703,12.0903,11.7902,11.9017,9225200.0
2010-12-02,11.8074,11.9446,11.473,11.5844,11653700.0
2010-12-03,11.4901,11.8502,11.4815,11.6873,9077500.0
2010-12-06,11.653,11.7902,11.4129,11.5587,9151400.0
2010-12-07,11.653,11.6873,11.1557,11.25,12822700.0
2010-12-08,11.1728,11.2586,10.9842,11.2329,9561300.0
2010-12-09,11.2929,11.5758,11.0785,11.4129,11498300.0
2010-12-10,11.3958,11.4558,11.1643,11.1643,8186900.0
2010-12-13,11.2157,11.3272,11.0614,11.2157,8850100.0
2010-12-14,11.1643,11.3786,11.1042,11.2071,7453700.0
2010-12-15,11.13,11.25,10.7698,10.8384,13067900.0
2010-12-16,10.8641,11.0614,10.7784,10.7784,11687000.0
2010-12-17,10.7784,10.8641,10.5898,10.6841,8409000.0
2010-12-20,10.7355,10.847,10.5726,10.7441,5400200.0
2010-12-21,10.7527,11.0185,10.6755,10.847,6942500.0
2010-12-22,10.8127,10.8556,10.4869,10.6584,11635200.0
2010-12-23,10.6755,10.6755,10.4183,10.4869,6344400.0
2010-12-27,10.5383,10.8641,10.4697,10.6755,7160400.0
2010-12-28,10.6412,10.8641,10.6412,10.7012,4706500.0
2010-12-29,10.6927,10.9156,10.6669,10.8556,5114800.0
2010-12-30,10.8556,10.9413,10.6498,10.7098,6697000.0
2010-12-31,10.6755,10.8299,10.6498,10.8041,3746100.0
2011-01-03,10.8813,11.0185,10.6927,10.787,14381200.0
2011-01-04,10.787,10.967,10.6069,10.7441,18571900.0
2011-01-05,10.847,11.3272,10.787,11.13,22866000.0
2011-01-06,11.0871,11.2414,10.9156,11.0699,12159800.0
2011-01-07,11.0528,11.1986,10.9756,11.1471,11276000.0
2011-01-10,11.13,11.13,10.7698,10.8041,9380700.0
2011-01-11,10.8899,10.8899,10.564,10.5898,6929600.0
2011-01-12,10.7355,10.7613,10.564,10.727,6469100.0
2011-01-13,10.787,10.8727,10.5297,10.8127,8236900.0
2011-01-14,10.727,10.9842,10.7184,10.9327,10868800.0
2011-01-18,10.7098,10.7613,10.0324,10.0324,23691000.0
2011-01-19,10.1696,10.2468,9.7323,9.818,19140000.0
2011-01-20,9.7494,9.9552,9.5265,9.9552,20649800.0
2011-01-21,10.0581,10.101,9.7666,9.8952,15026300.0
2011-01-24,9.9724,10.3497,9.9552,10.3068,18423700.0
2011-01-25,10.2382,10.3068,9.8523,9.9724,17231000.0
2011-01-26,10.1182,10.2982,10.0581,10.2725,23649900.0
2011-01-27,10.2468,10.5812,10.2039,10.5469,17680900.0
2011-01-28,10.4869,10.5383,9.9381,10.1439,16721100.0
2011-01-31,10.3668,10.3925,10.0067,10.0067,12817600.0
2011-02-01,10.0753,10.1867,9.9895,10.1096,10506100.0
2011-02-02,10.0067,10.0581,9.7066,9.7323,13778800.0
2011-02-03,9.8009,10.1696,9.7666,9.8866,15208700.0
2011-02-04,9.8266,9.9038,9.7323,9.7752,14874800.0
2011-02-07,9.8523,10.0324,9.818,9.9038,13566700.0
2011-02-08,9.9552,10.2811,9.9381,10.1696,14673300.0
2011-02-09,10.1867,10.2125,10.0667,10.0667,28086700.0
2011-02-10,9.9209,10.101,9.8866,10.0238,15315900.0
2011-02-11,9.9895,10.3154,9.9552,10.2039,16559400.0
2011-02-14,10.2039,10.2982,9.9724,10.1353,12813300.0
2011-02-15,10.101,10.2811,9.9981,10.2039,10760200.0
2011-02-16,10.2468,10.4011,10.041,10.1353,12263300.0
2011-02-17,10.161,10.1782,9.9467,9.9895,12610400.0
2011-02-18,10.0753,10.0753,9.7752,9.8609,12830300.0
2011-02-22,9.4236,9.4236,9.0806,9.2092,33111400.0
2011-02-23,9.1149,9.5008,8.892,9.4493,34600500.0
2011-02-24,9.2607,9.698,9.1492,9.5436,24841200.0
2011-02-25,9.6465,9.6808,9.4322,9.5351,16223200.0
2011-02-28,9.4579,9.7066,9.4407,9.638,18898100.0
2011-03-01,9.6551,9.6551,9.0892,9.0978,15177300.0
2011-03-02,9.1149,9.2607,8.6776,8.7033,23001700.0
2011-03-03,8.952,9.072,8.6433,8.7976,34128800.0
2011-03-04,8.8148,8.8148,8.4632,8.4975,17105700.0
2011-03-07,8.5833,8.7548,8.4975,8.6519,23056500.0
2011-03-08,8.7205,9.5779,8.6776,9.4922,31037200.0
2011-03-09,9.1921,9.3636,9.1235,9.3293,13695600.0
2011-03-10,9.3121,9.8266,9.1578,9.5865,28241100.0
2011-03-11,9.6723,9.981,9.5608,9.6294,18842300.0
2011-03-14,9.5865,9.6465,9.2778,9.4064,11096800.0
2011-03-15,9.012,9.3807,8.9606,9.1664,14465500.0
2011-03-16,9.1749,9.2178,8.6947,8.7462,17722100.0
2011-03-17,8.8748,9.0034,8.4289,8.4547,23672600.0
2011-03-18,8.729,8.9091,8.6433,8.7805,20909600.0
2011-03-21,8.7633,8.8748,8.5747,8.7205,16337900.0
2011-03-22,8.8148,8.8491,8.5061,8.5747,18211300.0
2011-03-23,8.5147,8.6605,8.3432,8.4975,18051500.0
2011-03-24,8.5061,8.6433,8.4547,8.5833,19934600.0
2011-03-25,8.6433,8.6947,8.4032,8.4032,18225600.0
2011-03-28,8.5404,8.5919,8.4289,8.4975,13052400.0
2011-03-29,8.5404,8.5747,8.3603,8.3946,12210500.0
2011-03-30,8.4547,8.6262,8.4118,8.5233,16236800.0
2011-03-31,8.4375,8.5576,8.326,8.4032,10340400.0
2011-04-01,8.5061,8.5233,8.3775,8.4204,8704700.0
2011-04-04,8.3946,8.4718,8.3175,8.4289,8451000.0
2011-04-05,8.3946,8.4204,8.3089,8.3175,13218800.0
2011-04-06,8.3946,8.3946,7.983,8.2231,20780700.0
2011-04-07,8.2231,8.2403,8.0002,8.0688,13178200.0
2011-04-08,8.0345,8.0431,7.6572,7.7515,21647700.0
2011-04-11,7.7172,8.1631,7.7087,8.0859,23218800.0
2011-04-12,8.0431,8.6862,8.0431,8.489,40840900.0
2011-04-13,8.5061,8.5661,8.1545,8.2146,15640500.0
2011-04-14,8.1974,8.2403,7.9059,8.0173,10437800.0
2011-04-15,8.0088,8.1031,7.8287,7.9316,15342500.0
2011-04-18,7.9488,8.0774,7.7258,7.8373,22658800.0
2011-04-19,7.8802,7.923,7.743,7.8287,10526400.0
2011-04-20,7.8201,7.8802,7.6401,7.7773,21420400.0
2011-04-21,7.7344,7.8716,7.7172,7.7601,8975300.0
2011-04-25,7.743,7.923,7.7172,7.7172,12446600.0
2011-04-26,7.9573,8.6262,7.8973,8.5661,40756400.0
2011-04-27,8.4118,8.7376,8.4032,8.6176,19643700.0
2011-04-28,8.609,8.6862,8.4118,8.6347,12098300.0
2011-04-29,8.5061,9.1749,8.4632,8.9005,20926200.0
2011-05-02,9.1406,9.2607,8.8319,8.9691,13360300.0
2011-05-03,8.8319,9.1063,8.8319,9.0206,11987700.0
2011-05-04,9.0292,9.1835,8.7462,8.9777,14260800.0
2011-05-05,9.0549,9.818,9.0463,9.6208,26876400.0
2011-05-06,9.698,9.7323,9.3036,9.6122,17544000.0
2011-05-09,9.295,9.5436,9.2435,9.2693,9545600.0
2011-05-10,9.3722,9.5008,9.2264,9.2607,10503600.0
2011-05-11,9.2864,9.5179,9.1149,9.4836,13724800.0
2011-05-12,9.5351,9.5779,9.2092,9.3207,9035400.0
2011-05-13,9.2435,9.2864,9.0377,9.1321,8284800.0
2011-05-16,9.2264,9.5351,9.2007,9.4322,11973800.0
2011-05-17,9.3464,9.6037,9.3464,9.4407,11315900.0
2011-05-18,9.415,9.4236,9.1664,9.3722,14015300.0
2011-05-19,9.4236,9.8609,9.295,9.758,17707300.0
2011-05-20,9.6208,9.9467,9.5608,9.8695,16536200.0
2011-05-23,9.7237,9.8866,9.6208,9.6294,11288500.0
2011-05-24,9.6037,9.6551,9.3636,9.5093,11344700.0
2011-05-25,9.4665,9.6637,8.9777,8.9949,20865900.0
2011-05-26,8.9949,9.0206,8.6776,8.729,31391100.0
2011-05-27,8.729,8.8062,8.5404,8.5747,24611200.0
2011-05-31,8.609,8.6947,8.4975,8.6433,11695400.0
2011-06-01,8.6433,8.729,8.2146,8.3003,18570900.0
2011-06-02,8.3432,8.5061,8.2146,8.2489,17719800.0
2011-06-03,8.1717,8.3861,8.1545,8.2489,13419000.0
2011-06-06,8.1803,8.2489,7.9316,8.0002,14392600.0
2011-06-07,8.1117,8.1717,7.8802,7.9402,12217900.0
2011-06-08,7.9402,8.2317,7.8201,7.8373,11538400.0
2011-06-09,7.8802,8.0602,7.8116,7.8716,10084900.0
2011-06-10,7.9316,8.0516,7.8802,7.9059,8605000.0
2011-06-13,8.0259,8.1803,7.923,7.9402,7178700.0
2011-06-14,8.0602,8.2146,8.0431,8.146,13267400.0
2011-06-15,8.0688,8.1117,7.803,8.0002,14994900.0
2011-06-16,8.0002,8.2146,7.9402,8.0602,9562700.0
2011-06-17,8.1974,8.3518,8.1288,8.2146,8392100.0
2011-06-20,8.2489,8.3603,8.1717,8.3089,7739700.0
2011-06-21,8.3003,8.489,8.1974,8.4118,9900600.0
2011-06-22,8.3861,8.5147,8.2231,8.2231,9440400.0
2011-06-23,8.4632,8.6862,8.326,8.5233,19521000.0
2011-06-24,8.266,8.2746,7.9316,8.0859,17920400.0
2011-06-27,8.1545,8.3175,8.0002,8.2832,9673200.0
2011-06-28,8.2917,8.3603,8.0002,8.0516,12188900.0
2011-06-29,8.0088,8.0945,7.8459,7.8887,14537900.0
2011-06-30,7.9488,8.0259,7.8544,7.863,19845400.0
2011-07-01,7.923,8.0431,7.8973,7.9659,14078100.0
2011-07-05,8.0345,8.0688,7.8116,7.8201,10561100.0
2011-07-06,7.8201,7.8887,7.7258,7.8287,12987500.0
2011-07-07,7.8802,8.0688,7.7601,8.0688,11429700.0
2011-07-08,7.8802,8.0516,7.863,8.0173,9242800.0
2011-07-11,7.8973,7.9402,7.7001,7.7172,10088900.0
2011-07-12,7.6915,7.7344,7.3399,7.3828,29152000.0
2011-07-13,7.5372,7.5629,7.3914,7.46,14598300.0
2011-07-14,7.4943,7.4943,7.2885,7.2971,9926200.0
2011-07-15,7.4257,7.4343,7.1256,7.2113,11871200.0
2011-07-18,7.0999,7.1942,6.774,6.9112,23408900.0
2011-07-19,6.9798,7.1084,6.7912,7.0827,16082200.0
2011-07-20,7.1599,7.1856,6.9284,6.9798,5841200.0
2011-07-21,7.0913,7.117,6.8769,7.0055,9399900.0
2011-07-22,7.0484,7.0741,6.8855,6.9455,7877400.0
2011-07-25,6.9026,6.9369,6.6711,6.7397,17618400.0
2011-07-26,6.7654,6.9884,6.7311,6.8769,19688000.0
2011-07-27,6.6968,6.7654,6.2424,6.5253,40482800.0
2011-07-28,6.6282,6.7054,6.4825,6.5425,16392000.0
2011-07-29,6.4568,6.8083,6.3624,6.7654,12725600.0
2011-08-01,7.0313,7.0656,6.5768,6.6883,13920100.0
2011-08-02,6.7311,6.7311,6.3453,6.371,17036000.0
2011-08-03,6.4653,6.5082,6.0795,6.4739,32310100.0
2011-08-04,6.4568,6.5682,5.9851,6.0194,21607500.0
2011-08-05,6.2424,6.2424,5.6422,5.9766,27883300.0
2011-08-08,5.5135,5.9165,5.4964,5.6765,25171500.0
2011-08-09,5.9251,6.0966,5.6593,6.0709,17609400.0
2011-08-10,5.8651,5.908,5.6593,5.7279,13828300.0
2011-08-11,5.8136,6.0452,5.7022,5.9766,12242200.0
2011-08-12,6.1309,6.2167,5.8908,5.9766,10732900.0
2011-08-15,6.0452,6.3539,6.0109,6.2767,12820800.0
2011-08-16,6.2338,6.7826,6.1909,6.5682,22904600.0
2011-08-17,6.5511,6.7226,6.4653,6.6883,13966700.0
2011-08-18,6.4053,6.4225,6.1824,6.3367,15878400.0
2011-08-19,6.2081,6.6368,6.1566,6.1824,13002800.0
2011-08-22,6.4482,6.5596,6.1481,6.1909,20650700.0
2011-08-23,6.2595,6.2853,6.0452,6.2252,13209400.0
2011-08-24,6.1738,6.2853,6.0537,6.2167,10286100.0
2011-08-25,6.088,6.251,5.7536,5.8565,23996600.0
2011-08-26,5.7708,6.1309,5.7451,6.1052,13054500.0
2011-08-29,6.1652,6.4396,6.1652,6.431,9365200.0
2011-08-30,6.3882,6.6454,6.3281,6.5253,9384000.0
2011-08-31,6.6197,6.6968,6.4053,6.4568,13434700.0
2011-09-01,6.4739,6.5682,6.3624,6.3624,12880200.0
2011-09-02,6.2252,6.4139,6.1738,6.2338,5564600.0
2011-09-06,6.0709,6.2081,6.0537,6.1138,7820200.0
2011-09-07,6.1824,6.4139,6.1395,6.4053,6305900.0
2011-09-08,6.3196,6.4225,6.2167,6.2681,5499000.0
2011-09-09,6.2252,6.4396,6.1052,6.1566,6283200.0
2011-09-12,6.1395,6.3453,6.0795,6.3281,9681100.0
2011-09-13,6.3281,6.9455,6.2167,6.8512,22345000.0
2011-09-14,7.0055,7.3314,6.8941,7.1942,21444000.0
2011-09-15,7.2628,7.3228,7.1342,7.2713,13088500.0
2011-09-16,7.2113,7.3485,7.1856,7.2028,7581500.0
2011-09-19,6.9798,7.2028,6.9284,7.1256,7053600.0
2011-09-20,7.2028,7.2799,7.0999,7.177,7244700.0
2011-09-21,7.1685,7.2885,6.8426,6.8598,8803100.0
2011-09-22,6.6282,6.834,6.4482,6.4996,17989400.0
2011-09-23,6.4482,7.0656,6.4396,7.0055,18421100.0
2011-09-26,7.0656,7.2113,6.9026,7.117,11845800.0
2011-09-27,7.2628,7.2799,6.9455,6.9798,9137300.0
2011-09-28,6.9026,7.057,6.834,6.9541,9141100.0
2011-09-29,7.0656,7.1084,6.7311,6.8169,9331400.0
2011-09-30,6.7397,6.7483,6.4139,6.431,14143600.0
2011-10-03,6.3281,6.3882,5.6936,5.7022,33643000.0
2011-10-04,5.8565,6.251,5.7279,6.251,21353900.0
2011-10-05,6.2681,6.4568,6.1566,6.371,11936600.0
2011-10-06,6.4396,6.714,6.3281,6.6711,10739900.0
2011-10-07,6.774,6.9198,6.5939,6.6883,13611200.0
2011-10-10,6.7912,6.9541,6.7654,6.9026,11831900.0
2011-10-11,6.834,7.1685,6.834,7.0398,11955800.0
2011-10-12,7.0398,7.3314,7.0313,7.2199,11078700.0
2011-10-13,7.1342,7.4943,7.0484,7.4428,14423200.0
2011-10-14,7.5029,7.5457,7.2456,7.3485,8800400.0
2011-10-17,7.4171,7.4943,7.1084,7.2028,8925500.0
2011-10-18,7.1942,7.5457,7.1513,7.4686,10582400.0
2011-10-19,7.4171,7.4686,7.1685,7.2885,7916600.0
2011-10-20,7.2542,7.46,7.1685,7.46,7612200.0
2011-10-21,7.5114,7.5457,7.2199,7.4257,8769400.0
2011-10-24,7.46,7.7001,7.3742,7.6315,9415200.0
2011-10-25,7.4171,7.4428,7.1256,7.237,18240100.0
2011-10-26,7.3914,7.4171,7.177,7.3399,11371700.0
2011-10-27,7.5457,7.5886,7.2799,7.4085,11470500.0
2011-10-28,7.3314,7.4,7.2456,7.2971,7383900.0
2011-10-31,7.2113,7.3142,7.1685,7.3056,7224200.0
2011-11-01,7.0313,7.2285,6.9541,7.1427,14698200.0
2011-11-02,7.2028,7.2885,7.0313,7.0741,11343800.0
2011-11-03,7.2113,7.2113,6.8683,7.117,12087300.0
2011-11-04,7.0999,7.177,6.9884,7.1599,8701800.0
2011-11-07,7.177,7.2285,7.0227,7.1256,7563200.0
2011-11-08,7.1084,7.1685,6.8769,7.0313,12689600.0
2011-11-09,6.8941,6.9884,6.8169,6.8598,8803900.0
2011-11-10,6.8769,6.9369,6.431,6.5339,15195000.0
2011-11-11,6.6454,6.8683,6.5596,6.8169,8955800.0
2011-11-14,6.8769,7.1685,6.8426,6.9112,15242900.0
2011-11-15,6.9112,6.9369,6.7483,6.8598,12478300.0
2011-11-16,6.7997,6.8169,6.4911,6.4996,9403300.0
2011-11-17,6.5082,6.5682,6.1309,6.2424,14533100.0
2011-11-18,6.2853,6.3196,6.2252,6.311,11046400.0
2011-11-21,6.1738,6.2424,6.0709,6.1824,6972500.0
2011-11-22,6.2252,6.3453,6.1566,6.2424,9802500.0
2011-11-23,6.1738,6.3024,6.1052,6.1052,12014500.0
2011-11-25,6.0709,6.2595,6.0709,6.1052,2813000.0
2011-11-28,6.3453,6.4396,6.2595,6.371,7602400.0
2011-11-29,6.431,6.774,6.4139,6.6883,17000500.0
2011-11-30,6.4911,7.0398,6.4396,6.9627,17713400.0
2011-12-01,6.8941,7.3914,6.8855,7.3056,15279100.0
2011-12-02,7.3485,7.4171,7.1599,7.2113,12356200.0
2011-12-05,7.3399,7.4771,7.2971,7.3828,13225300.0
2011-12-06,7.3314,7.4343,7.2028,7.2628,11400700.0
2011-12-07,7.1685,7.4171,7.1685,7.3399,9757300.0
2011-12-08,7.2199,7.3742,6.9369,7.0141,10490000.0
2011-12-09,7.0741,7.4171,7.057,7.2885,8676500.0
2011-12-12,7.117,7.4171,7.117,7.2885,7951000.0
2011-12-13,7.3142,7.3485,6.7997,6.8512,11093100.0
2011-12-14,7.0313,7.1599,6.8683,6.9884,14496500.0
2011-12-15,7.1599,7.58,7.1084,7.3657,22068700.0
2011-12-16,7.46,7.8287,7.46,7.7344,20769400.0
2011-12-19,7.7601,7.803,7.2542,7.2971,13156800.0
2011-12-20,7.4,7.4857,7.3314,7.4,7104700.0
2011-12-21,7.3228,7.5543,7.2285,7.2628,9446100.0
2011-12-22,7.3828,7.3828,7.1342,7.1685,8032500.0
2011-12-23,7.0999,7.1427,6.9112,7.1427,9697000.0
2011-12-27,7.0827,7.2028,6.9284,7.0141,5416600.0
2011-12-28,6.997,7.0313,6.8769,6.9627,5437500.0
2011-12-29,6.9198,7.0398,6.9026,6.9369,4316200.0
2011-12-30,6.9369,6.997,6.8683,6.9369,3457000.0
2012-01-03,7.057,7.117,6.8769,6.8941,6595700.0
2012-01-04,6.8855,6.9798,6.714,6.8683,6988300.0
2012-01-05,6.8855,7.1599,6.7483,7.1427,10080600.0
2012-01-06,7.0827,7.2285,7.0656,7.1342,6485900.0
2012-01-09,7.1513,7.2885,7.0827,7.0999,8727300.0
2012-01-10,7.1599,7.1942,6.9712,7.0913,6705000.0
2012-01-11,7.1513,7.3914,7.0484,7.3828,6633300.0
2012-01-12,7.3742,7.7001,7.2628,7.6058,12560200.0
2012-01-13,7.46,7.7258,7.3914,7.5886,9052600.0
2012-01-17,7.6058,7.6401,7.4257,7.4857,6650700.0
2012-01-18,7.5372,7.8201,7.4,7.6486,13569000.0
2012-01-19,7.6658,8.1202,7.6486,8.0002,13696100.0
2012-01-20,7.9745,8.146,7.9316,8.0688,7635500.0
2012-01-23,8.0774,8.1974,7.9659,7.9659,14902900.0
2012-01-24,7.9659,8.1374,7.8802,8.0431,11814400.0
2012-01-25,8.5061,8.8319,8.5061,8.5404,37379500.0
2012-01-26,8.8148,9.0377,8.669,8.7205,30982100.0
2012-01-27,8.6433,9.072,8.5833,8.9091,12527600.0
2012-01-30,8.9348,9.3293,8.8062,9.235,14974900.0
2012-01-31,9.2264,9.2607,8.8319,9.0463,11661400.0
2012-02-01,9.1578,9.4407,9.0978,9.3464,11021800.0
2012-02-02,9.3464,9.5779,9.2778,9.5179,10446500.0
2012-02-03,9.6465,9.9295,9.6465,9.6894,14751300.0
2012-02-06,9.6551,9.6723,9.3636,9.4236,9080700.0
2012-02-07,9.4579,9.638,9.3722,9.4064,7822900.0
2012-02-08,9.355,9.4665,9.1749,9.4236,7670900.0
2012-02-09,9.4322,9.5608,9.2435,9.5351,8640400.0
2012-02-10,9.3722,9.5608,9.2693,9.3379,8013400.0
2012-02-13,9.3807,9.638,9.355,9.5608,7460700.0
2012-02-14,9.5179,9.5608,9.2778,9.3807,9017300.0
2012-02-15,9.3807,9.5008,9.2092,9.2864,8125300.0
2012-02-16,9.2607,9.4236,9.1492,9.3722,10144700.0
2012-02-17,9.4322,9.475,9.1578,9.2864,7121800.0
2012-02-21,9.2864,9.2864,8.206,8.6176,26137000.0
2012-02-22,8.5747,8.7548,8.5147,8.5147,9150400.0
2012-02-23,8.5919,8.609,8.206,8.3089,10550700.0
2012-02-24,8.3518,8.4547,8.1374,8.1717,8924100.0
2012-02-27,8.206,8.3518,8.0602,8.2832,10126500.0
2012-02-28,8.2917,8.5061,8.2317,8.489,11482000.0
2012-02-29,8.4461,8.6347,8.3603,8.4118,8596900.0
2012-03-01,8.4118,8.5147,8.2231,8.266,10512300.0
2012-03-02,8.2917,8.6519,8.2489,8.3775,14990900.0
2012-03-05,8.326,8.3603,8.0688,8.2917,11733700.0
2012-03-06,8.1717,8.4204,7.9659,8.0259,9703600.0
2012-03-07,8.0516,8.2317,8.0088,8.0345,6618100.0
2012-03-08,7.983,8.1974,7.923,8.1202,9442200.0
2012-03-09,8.2317,8.2317,8.0088,8.0345,9695900.0
2012-03-12,8.0602,8.1717,7.8802,7.8802,10798500.0
2012-03-13,8.0431,8.0602,7.8287,7.983,16027400.0
2012-03-14,7.9745,7.983,7.7773,7.9745,12321400.0
2012-03-15,7.9659,8.4289,7.9316,8.2574,21484700.0
2012-03-16,8.2832,8.3089,7.8973,7.8973,11380200.0
2012-03-19,7.9316,8.0688,7.863,7.983,9671200.0
2012-03-20,8.0259,8.2574,7.923,8.1717,9658200.0
2012-03-21,8.2146,8.5147,8.1031,8.3518,20285100.0
2012-03-22,8.3432,8.5404,8.1117,8.1717,14439700.0
2012-03-23,8.1545,8.3089,8.1031,8.2489,9015500.0
2012-03-26,8.3003,8.489,8.1717,8.4718,9695300.0
2012-03-27,8.4461,8.5061,8.3346,8.4118,8256100.0
2012-03-28,8.4632,8.8148,8.4547,8.5747,16822500.0
2012-03-29,8.5833,8.669,8.3689,8.6347,11256100.0
2012-03-30,8.5919,8.5919,8.3432,8.4975,11156700.0
2012-04-02,8.4718,8.6433,8.4032,8.5833,9821800.0
2012-04-03,8.6433,9.072,8.6347,8.8491,16305600.0
2012-04-04,8.7891,9.1063,8.7462,8.9863,11369700.0
2012-04-05,8.9177,9.1235,8.8234,8.892,8162300.0
2012-04-09,8.8319,8.9177,8.7033,8.8234,5582100.0
2012-04-10,8.7976,8.8834,8.3861,8.4118,9205500.0
2012-04-11,8.5233,8.6433,8.4375,8.4975,6642600.0
2012-04-12,8.5576,8.9949,8.5576,8.7976,10507100.0
2012-04-13,8.7548,8.7976,8.6433,8.6862,6656200.0
2012-04-16,8.7033,8.9691,8.6433,8.7891,14526700.0
2012-04-17,8.8748,8.9863,8.7376,8.952,12026700.0
2012-04-18,8.9348,9.0978,8.9091,9.0292,9786800.0
2012-04-19,9.0549,9.4579,8.9005,9.2778,22238300.0
2012-04-20,9.3036,9.3807,9.0549,9.2178,11523300.0
2012-04-23,9.0292,9.1063,8.8319,8.9091,9143100.0
2012-04-24,8.9177,9.1063,8.9091,8.9863,9505100.0
2012-04-25,8.9691,9.1921,8.7891,8.9863,11757500.0
2012-04-26,9.0206,9.1235,8.7891,8.9177,8088900.0
2012-04-27,8.9091,9.3036,8.8319,9.2778,9340500.0
2012-04-30,9.235,9.5351,9.1921,9.3979,12447900.0
2012-05-01,9.5522,9.7237,9.415,9.475,12631000.0
2012-05-02,9.4064,9.4665,9.2264,9.3207,7051300.0
2012-05-03,9.2693,9.5436,9.2693,9.3979,8279300.0
2012-05-04,9.475,9.6037,9.3464,9.4322,14894700.0
2012-05-07,9.4322,9.6465,9.3893,9.5779,11418300.0
2012-05-08,9.5179,9.6294,9.4236,9.5779,10555200.0
2012-05-09,9.4922,9.5093,9.295,9.355,11172800.0
2012-05-10,9.4322,9.5608,9.3893,9.4579,8685400.0
2012-05-11,9.4064,9.7923,9.3893,9.7494,7621400.0
2012-05-14,9.758,9.9295,8.9777,9.8009,15627400.0
2012-05-15,9.7752,9.818,9.5179,9.5779,9238300.0
2012-05-16,9.6294,9.8695,9.6294,9.7666,9262900.0
2012-05-17,9.7237,9.7323,8.8491,8.9263,20182900.0
2012-05-18,8.9434,8.952,8.6004,8.6947,17709600.0
2012-05-21,8.7033,9.1063,8.7033,9.072,13777700.0
2012-05-22,9.1578,9.2607,8.9777,9.0377,12313300.0
2012-05-23,9.0206,9.2178,8.7891,9.2092,8916700.0
2012-05-24,9.3464,9.8952,9.3293,9.6637,18791600.0
2012-05-25,9.698,9.9038,9.6208,9.7494,11302900.0
2012-05-29,9.8523,10.1439,9.7494,10.1182,16508200.0
2012-05-30,10.0324,10.2896,9.9724,10.0753,13279300.0
2012-05-31,10.161,10.504,9.9552,10.3754,18945700.0
2012-06-01,10.3068,10.3239,9.8009,9.8695,16810500.0
2012-06-04,9.7494,9.758,8.669,8.729,28619400.0
2012-06-05,8.8748,9.1149,8.8662,9.072,10858300.0
2012-06-06,9.1749,9.2521,8.9606,9.0978,14322300.0
2012-06-07,9.1578,9.3207,8.8148,8.8148,15000600.0
2012-06-08,8.6262,9.012,8.4804,8.9005,19497400.0
2012-06-11,9.072,9.0806,8.7033,8.7205,11228200.0
2012-06-12,8.7805,8.952,8.5747,8.609,12418600.0
2012-06-13,8.7119,9.0463,8.5747,8.8234,15389800.0
2012-06-14,8.8319,9.1749,8.7976,8.9606,8359100.0
2012-06-15,8.9091,8.9777,8.6347,8.7976,7694700.0
2012-06-18,8.7891,9.1149,8.7119,9.1149,8252600.0
2012-06-19,9.0892,9.3979,9.072,9.355,7808000.0
2012-06-20,9.295,9.6122,9.1921,9.6122,12830300.0
2012-06-21,9.6122,9.7151,9.415,9.6294,17176800.0
2012-06-22,9.5865,9.7066,9.4064,9.4665,7294700.0
2012-06-25,9.4322,9.4665,8.9434,9.0206,12361200.0
2012-06-26,8.9777,9.6294,8.9263,9.5522,21211900.0
2012-06-27,9.5179,9.758,9.2864,9.4922,11835700.0
2012-06-28,9.5522,9.5865,9.1921,9.5694,9328200.0
2012-06-29,9.6122,9.6637,9.3636,9.3893,9769900.0
2012-07-02,9.6208,9.6465,9.3893,9.5351,7592300.0
2012-07-03,9.475,9.475,9.1749,9.2264,5797400.0
2012-07-05,9.1835,9.2521,9.0377,9.1149,8314100.0
2012-07-06,9.1149,9.4836,9.0635,9.4322,9084000.0
2012-07-09,9.4922,9.5351,9.235,9.355,6840000.0
2012-07-10,9.3464,9.3979,9.0034,9.1921,11383900.0
2012-07-11,9.2092,9.5608,9.1921,9.5093,10790400.0
2012-07-12,9.2007,9.4236,9.1578,9.2178,9332600.0
2012-07-13,9.2264,9.3293,9.1749,9.2778,4947200.0
2012-07-16,9.3121,9.5265,9.2178,9.4064,7010300.0
2012-07-17,9.5179,9.5179,9.1921,9.2607,9748400.0
2012-07-18,9.2778,9.3121,8.7205,8.7719,19145400.0
2012-07-19,8.9177,8.9863,8.5233,8.5747,15153300.0
2012-07-20,8.5576,8.7205,8.4461,8.5233,11384200.0
2012-07-23,8.4375,8.4547,8.1888,8.2832,12220000.0
2012-07-24,8.3346,8.4032,7.8973,8.0002,13808300.0
2012-07-25,8.2317,8.4289,7.7858,8.1202,23272300.0
2012-07-26,8.2146,8.2146,7.8887,8.0688,18946700.0
2012-07-27,8.1202,8.1888,7.9573,8.0774,14311400.0
2012-07-30,8.0602,8.206,7.9059,8.1202,16170200.0
2012-07-31,8.1202,8.3775,8.0259,8.2746,17107200.0
2012-08-01,8.1374,8.2489,8.0602,8.1288,14692900.0
2012-08-02,8.0431,8.1202,7.8373,7.9145,14307400.0
2012-08-03,7.9659,8.0602,7.863,7.9659,6875200.0
2012-08-06,7.983,8.0859,7.9402,8.0345,7960300.0
2012-08-07,8.0173,8.0945,7.9059,7.9916,12228600.0
2012-08-08,8.0345,8.1974,7.9316,8.0516,12672400.0
2012-08-09,8.0173,8.0431,7.7515,7.7773,13217700.0
2012-08-10,7.8116,7.8802,7.6915,7.7687,7381200.0
2012-08-13,7.7687,7.9573,7.7087,7.9402,7744400.0
2012-08-14,7.9402,8.1202,7.8973,7.9573,10489200.0
2012-08-15,7.9059,7.9745,7.863,7.9402,7394000.0
2012-08-16,7.9488,8.0002,7.7344,7.743,9514200.0
2012-08-17,7.8287,7.8716,7.7515,7.8287,12487100.0
2012-08-20,7.803,8.146,7.803,8.1117,14390300.0
2012-08-21,8.1888,8.5147,8.1288,8.326,23107200.0
2012-08-22,8.266,8.3175,8.0431,8.1717,10184400.0
2012-08-23,8.146,8.206,7.7773,7.8459,11532500.0
2012-08-24,7.8887,7.9059,7.7944,7.8116,6945300.0
2012-08-27,7.8373,7.8973,7.7601,7.7687,6715000.0
2012-08-28,7.743,7.7515,7.4343,7.46,19863800.0
2012-08-29,7.4857,7.5029,7.2542,7.3828,14710400.0
2012-08-30,7.4,7.4171,7.2971,7.3314,12591500.0
2012-08-31,7.4771,7.5715,7.4171,7.4171,10384500.0
2012-09-04,7.4257,7.46,7.2199,7.3399,11699400.0
2012-09-05,7.3914,7.6915,7.3742,7.6143,11527500.0
2012-09-06,7.6658,7.983,7.6486,7.8887,13692400.0
2012-09-07,7.9402,8.1374,7.8887,7.9573,13297300.0
2012-09-10,7.9573,8.3175,7.9402,8.0431,10072100.0
2012-09-11,7.9745,8.1202,7.8973,7.9573,5850700.0
2012-09-12,7.9573,8.1888,7.9488,8.146,9729900.0
2012-09-13,8.1288,8.1631,7.983,8.1031,7339700.0
2012-09-14,8.0859,8.1031,7.9145,7.9488,9232200.0
2012-09-17,7.9316,7.9916,7.7515,7.9145,10951500.0
2012-09-18,7.8459,7.9573,7.6658,7.6829,10070600.0
2012-09-19,7.8201,8.0774,7.7858,8.0345,18309100.0
2012-09-20,7.9573,8.0002,7.8201,7.8459,7103300.0
2012-09-21,7.8716,7.9316,7.7515,7.7687,9293000.0
2012-09-24,7.7344,7.9316,7.6229,7.8287,7944500.0
2012-09-25,7.8287,7.8887,7.7172,7.7344,12260100.0
2012-09-26,7.6829,7.8973,7.6744,7.8544,5014500.0
2012-09-27,7.8373,7.9745,7.7515,7.9145,7960400.0
2012-09-28,7.8373,7.8887,7.7515,7.8544,6468400.0
2012-10-01,7.8201,8.2832,7.8116,8.1202,14435000.0
2012-10-02,8.0602,8.4032,8.0173,8.3775,14351500.0
2012-10-03,8.4632,8.8062,8.3603,8.7119,16601500.0
2012-10-04,8.7548,8.7548,8.489,8.6947,10744400.0
2012-10-05,8.7891,8.9863,8.6862,8.8148,6982000.0
2012-10-08,8.8148,8.9949,8.6519,8.6862,6896000.0
2012-10-09,8.6947,8.7376,8.4375,8.4804,8427800.0
2012-10-10,8.489,8.549,8.3603,8.4375,7711900.0
2012-10-11,8.4718,8.489,8.326,8.3603,6903700.0
2012-10-12,8.4375,8.669,8.3775,8.5919,10645800.0
2012-10-15,8.6433,8.7462,8.5833,8.669,6958100.0
2012-10-16,8.6519,8.7033,8.5147,8.5661,9555000.0
2012-10-17,8.549,8.8319,8.5147,8.7376,9414400.0
2012-10-18,8.7462,8.9177,8.7462,8.7548,8310000.0
2012-10-19,8.729,8.7548,8.5318,8.5747,6960900.0
2012-10-22,8.5747,8.7462,8.489,8.6947,7081900.0
2012-10-23,8.6947,8.7891,8.4975,8.7033,10745800.0
2012-10-24,8.6433,8.8148,8.4118,8.609,13676800.0
2012-10-25,8.6176,8.6605,8.1888,8.266,11270000.0
2012-10-26,8.3175,8.3775,8.1374,8.266,8914600.0
2012-10-31,8.1717,8.4204,8.146,8.2574,7792000.0
2012-11-01,8.266,8.3861,8.2574,8.3175,5796400.0
2012-11-02,8.3775,8.3946,8.1803,8.3175,6890500.0
2012-11-05,8.266,8.4289,8.2317,8.3775,6012800.0
2012-11-06,8.3689,8.609,8.326,8.609,6784200.0
2012-11-07,8.5576,8.5919,8.2489,8.5233,10622700.0
2012-11-08,8.4632,8.8319,8.4289,8.8234,11153200.0
2012-11-09,8.7376,8.9949,8.6519,8.7376,10064800.0
2012-11-12,8.7719,8.952,8.6347,8.8319,7219800.0
2012-11-13,8.7376,9.0034,8.729,8.7548,7949400.0
2012-11-14,8.7719,8.9348,8.1288,8.1974,15567300.0
2012-11-15,8.1888,8.4032,8.1117,8.1374,12797900.0
2012-11-16,8.1374,8.1803,7.8973,8.0002,9139800.0
2012-11-19,8.1117,8.1974,7.9916,8.1888,6210500.0
2012-11-20,8.1974,8.4547,8.0688,8.3003,6811300.0
2012-11-21,8.3089,8.3432,8.1374,8.3346,7976400.0
2012-11-23,8.3518,8.4547,8.3175,8.4375,2577700.0
2012-11-26,8.3861,8.5233,8.206,8.4032,6475800.0
2012-11-27,8.3689,8.549,8.3518,8.4204,7033800.0
2012-11-28,8.3861,8.7033,8.3603,8.5747,11076600.0
2012-11-29,8.6347,8.6776,8.4547,8.6176,9688000.0
2012-11-30,8.5576,8.6176,8.4461,8.5747,6891000.0
2012-12-03,8.5661,8.5833,8.2317,8.2489,9402400.0
2012-12-04,8.4461,8.5404,8.146,8.3432,9643900.0
2012-12-05,8.3689,8.4204,8.1974,8.326,9531700.0
2012-12-06,8.3689,8.6004,8.3432,8.5919,11275100.0
2012-12-07,8.5318,8.7805,8.4718,8.669,9842100.0
2012-12-10,8.669,8.7462,8.5318,8.6947,8208200.0
2012-12-11,8.7976,9.3807,8.7376,9.1406,26804400.0
2012-12-12,9.1063,9.5179,8.9777,9.1921,18908400.0
2012-12-13,9.3207,9.6894,9.2607,9.6808,19384300.0
2012-12-14,9.6637,9.8009,9.5351,9.6208,11447100.0
2012-12-17,9.8438,10.0753,9.5694,9.6294,18877800.0
2012-12-18,9.6551,9.9552,9.6037,9.8866,14236100.0
2012-12-19,9.8952,10.2382,9.8523,10.1439,24504100.0
2012-12-20,10.1267,10.2725,9.9895,10.2382,12727800.0
2012-12-21,10.0667,10.2125,10.0153,10.1696,11713100.0
2012-12-24,10.1182,10.2639,9.9895,10.101,3986900.0
2012-12-26,10.0153,10.1953,9.9724,9.9895,5556200.0
2012-12-27,9.9552,10.0839,9.8009,9.9209,6125300.0
2012-12-28,9.8952,10.0153,9.8266,9.8609,6340800.0
2012-12-31,9.9209,10.3325,9.9038,10.1782,10379600.0
2013-01-02,10.3497,10.5297,10.2639,10.4869,9988900.0
2013-01-03,10.4097,10.8127,10.3925,10.787,14672000.0
2013-01-04,10.7698,11.2157,10.7613,11.13,15873800.0
2013-01-07,11.2672,11.473,11.0528,11.1385,22147400.0
2013-01-08,11.19,11.3701,11.0356,11.13,15874000.0
2013-01-09,11.1471,11.2843,11.0528,11.2414,10027900.0
2013-01-10,11.5073,11.7045,11.2929,11.4044,26760900.0
2013-01-11,11.4301,11.4987,11.2243,11.4472,14219900.0
2013-01-14,11.4044,11.5673,11.2929,11.5244,7701600.0
2013-01-15,11.3615,11.7816,11.3272,11.6873,16449100.0
2013-01-16,11.6187,12.0989,11.593,11.936,18484000.0
2013-01-17,11.9617,12.0046,11.7645,11.8588,9622800.0
2013-01-18,11.876,11.9274,11.6616,11.6702,11099500.0
2013-01-22,11.6959,12.1332,11.5416,12.0132,16312800.0
2013-01-23,12.0475,12.1332,11.7816,11.8159,20230800.0
2013-01-24,11.8588,12.1504,11.7559,11.9446,14227800.0
2013-01-25,11.9531,12.1589,11.8502,12.1504,10379000.0
2013-01-28,12.1504,12.1761,11.9188,11.9531,9203700.0
2013-01-29,11.9103,11.9446,11.6702,11.7302,14758400.0
2013-01-30,11.7645,11.936,11.7302,11.8674,7966300.0
2013-01-31,11.8074,11.936,11.7559,11.9103,6321900.0
2013-02-01,11.9789,12.0818,11.7816,11.8502,9603800.0
2013-02-04,11.5758,11.9617,11.5244,11.8845,9552400.0
2013-02-05,11.8588,12.0903,11.8331,11.9446,18367300.0
2013-02-06,11.9274,12.4247,11.9274,12.4076,14989100.0
2013-02-07,12.4247,12.7677,12.399,12.742,16199900.0
2013-02-08,12.6648,12.7592,12.4505,12.5362,8876200.0
2013-02-11,12.5705,12.7763,12.5276,12.5962,7237900.0
2013-02-12,12.5534,12.682,12.399,12.4333,6742400.0
2013-02-13,12.4933,12.6906,12.4333,12.6734,6589800.0
2013-02-14,12.5191,12.5877,12.0217,12.2104,16753300.0
2013-02-15,12.3218,12.4848,12.2704,12.3904,13727400.0
2013-02-19,12.3476,12.5362,12.1761,12.2618,11449500.0
2013-02-20,12.2533,12.279,11.8159,11.8502,13411000.0
2013-02-21,11.9703,11.996,11.2843,11.6273,20660000.0
2013-02-22,11.653,11.8074,11.4815,11.7902,8195600.0
2013-02-25,11.8674,12.2961,11.8502,12.0217,15860800.0
2013-02-26,11.9531,12.0046,11.6616,11.9188,10999700.0
2013-02-27,11.9103,12.3047,11.876,12.2361,7310700.0
2013-02-28,12.2961,12.3647,12.2018,12.2361,6542600.0
2013-03-01,12.2275,12.9307,12.2275,12.7077,14962500.0
2013-03-04,12.6477,13.6252,12.5276,13.4194,24539300.0
2013-03-05,13.488,13.6595,13.4366,13.5995,11729400.0
2013-03-06,13.7195,13.7795,13.2565,13.4366,12328100.0
2013-03-07,13.4623,13.6595,13.368,13.6338,6182900.0
2013-03-08,13.8396,14.0625,13.5566,13.9253,15816100.0
2013-03-11,13.7624,14.0797,13.5223,13.9167,11283600.0
2013-03-12,13.891,13.9768,13.6938,13.7452,9339300.0
2013-03-13,13.6767,14.0711,13.6767,14.0282,10943700.0
2013-03-14,13.9939,14.1311,13.8653,13.9596,8956900.0
2013-03-15,13.8653,13.9167,13.5652,13.7195,13277600.0
2013-03-18,13.5738,14.0454,13.5137,13.951,7699900.0
2013-03-19,14.0797,14.3455,13.9768,14.1826,8794900.0
2013-03-20,14.3283,14.6542,14.2169,14.637,12067000.0
2013-03-21,14.5255,14.7914,14.4312,14.4398,10482200.0
2013-03-22,14.6027,14.6113,14.2254,14.3283,8328100.0
2013-03-25,14.3884,14.4741,13.9082,13.9853,10998300.0
2013-03-26,14.1483,14.3112,13.9682,14.1911,9487800.0
2013-03-27,14.0368,14.3712,13.9682,14.2254,7278100.0
2013-03-28,14.3112,14.5255,14.1225,14.1568,9271100.0
2013-04-01,14.0882,14.5255,13.9339,13.9339,10522700.0
2013-04-02,13.1965,13.3594,12.6648,12.8106,39584600.0
2013-04-03,12.8449,12.9821,12.2275,12.4848,24865000.0
2013-04-04,12.3647,12.7334,12.3561,12.6477,15698900.0
2013-04-05,12.0389,12.5362,11.9531,12.339,37288900.0
2013-04-08,12.5191,12.8449,12.3476,12.802,11723900.0
2013-04-09,13.0078,13.0678,12.6477,12.6906,14270400.0
2013-04-10,12.7935,13.1364,12.7506,13.0764,10763900.0
2013-04-11,13.1107,13.4966,13.0764,13.3337,11079400.0
2013-04-12,13.2822,13.6424,13.1965,13.2736,8200400.0
2013-04-15,13.3594,13.4537,12.6134,12.7849,15095600.0
2013-04-16,13.205,13.6252,13.0936,13.6081,11232200.0
2013-04-17,13.4537,13.4623,13.0335,13.3165,21154100.0
2013-04-18,13.3165,13.3165,12.9221,12.9907,13789800.0
2013-04-19,13.0507,13.2565,12.7334,13.085,8854200.0
2013-04-22,13.145,13.4623,12.7849,12.9821,16561200.0
2013-04-23,12.802,14.3626,12.7249,14.3369,26947200.0
2013-04-24,14.2512,14.3626,13.9939,14.1225,10421900.0
2013-04-25,14.1568,14.4912,13.9596,13.9682,14075600.0
2013-04-26,14.0196,14.4655,13.8739,14.4141,11173600.0
2013-04-29,14.3541,14.6627,14.3026,14.5341,10366700.0
2013-04-30,14.517,14.86,14.3626,14.697,11109600.0
2013-05-01,14.7999,15.0486,14.3026,14.4398,12808100.0
2013-05-02,14.4998,15.04,14.3112,14.9972,14134200.0
2013-05-03,15.1858,15.6917,15.1601,15.4002,16237900.0
2013-05-06,15.4259,15.6403,15.2372,15.4859,7458400.0
2013-05-07,15.4859,15.5631,15.3487,15.5031,6827900.0
2013-05-08,15.6488,16.1547,15.6488,16.0004,23781700.0
2013-05-09,16.0604,16.189,15.1172,15.1772,19535500.0
2013-05-10,15.2801,15.6403,15.1944,15.5459,11181900.0
2013-05-13,15.5031,15.5888,15.2458,15.3401,7704600.0
2013-05-14,15.4345,15.666,15.3916,15.6488,8024100.0
2013-05-15,15.6917,16.6606,15.6488,16.2576,19755200.0
2013-05-16,16.2491,16.5492,15.9661,15.9832,10182700.0
2013-05-17,16.0604,16.2491,15.8118,15.8975,10132300.0
2013-05-20,15.9318,16.1805,15.6231,15.7432,7904700.0
2013-05-21,15.7432,15.8203,15.3487,15.5459,8720600.0
2013-05-22,15.606,15.8718,15.5202,15.5888,9952900.0
2013-05-23,15.3058,15.9061,15.1601,15.8546,8902200.0
2013-05-24,15.6145,16.2319,15.6145,16.2319,10342400.0
2013-05-28,16.3777,16.5063,15.8461,16.0518,9620600.0
2013-05-29,15.8889,15.9661,15.2201,15.5031,12816000.0
2013-05-30,15.6231,15.7775,15.4945,15.5202,5243100.0
2013-05-31,15.5202,15.7946,15.4087,15.443,6208500.0
2013-06-03,15.5374,15.7517,15.0486,15.2715,9570700.0
2013-06-04,15.4087,16.0004,15.263,15.5116,11588200.0
2013-06-05,15.4259,15.5202,14.8771,15.0572,10002700.0
2013-06-06,15.0057,15.2544,14.5255,14.9972,12384900.0
2013-06-07,15.2201,15.7603,15.1344,15.7603,10162200.0
2013-06-10,15.8375,16.0261,15.6145,15.9404,5594600.0
2013-06-11,15.666,16.0604,15.4859,15.8804,7809200.0
2013-06-12,16.0175,16.1204,15.443,15.4945,6017800.0
2013-06-13,15.5116,16.1204,15.3573,16.0433,11806900.0
2013-06-14,15.9918,16.2576,15.8889,16.1633,10005700.0
2013-06-17,16.2662,16.3348,15.9404,16.1376,8507300.0
2013-06-18,16.1119,16.3348,15.9832,16.2662,5062100.0
2013-06-19,16.2834,16.3262,16.0261,16.0261,4490600.0
2013-06-20,15.8546,16.0776,15.6317,15.786,10734100.0
2013-06-21,15.8975,16.0004,15.2801,15.6746,8945500.0
2013-06-24,15.4688,15.5116,14.8257,14.8857,11678800.0
2013-06-25,15.0743,15.6317,15.0658,15.5631,8469100.0
2013-06-26,15.6488,15.8032,15.5116,15.786,4648200.0
2013-06-27,15.8461,16.0347,15.6488,16.0261,4601900.0
2013-06-28,15.9575,16.1805,15.8718,16.0433,4803000.0
2013-07-01,16.1204,16.9179,16.1204,16.6006,13000100.0
2013-07-02,16.6006,16.6521,16.0004,16.2834,8325400.0
2013-07-03,16.0604,16.2062,15.6917,15.786,6038100.0
2013-07-05,16.129,16.4463,16.0433,16.2919,6443200.0
2013-07-08,16.4206,16.5063,16.2491,16.3177,4363800.0
2013-07-09,16.4377,16.7807,16.3605,16.5749,5903100.0
2013-07-10,16.6006,16.8407,15.8804,16.0347,14420900.0
2013-07-11,16.3434,16.3863,15.8203,16.1719,9633000.0
2013-07-12,16.2148,16.6264,16.1119,16.5406,8603500.0
2013-07-15,16.6778,16.875,16.4806,16.6692,5993500.0
2013-07-16,16.6864,16.7978,16.4634,16.5406,4884500.0
2013-07-17,16.5663,17.3123,16.5578,17.0808,10883400.0
2013-07-18,17.158,17.7496,17.1494,17.6296,13924700.0
2013-07-19,17.3895,17.5095,17.1751,17.3981,7164900.0
2013-07-22,17.3295,17.4838,17.218,17.4667,4777300.0
2013-07-23,17.5438,17.621,17.2009,17.5353,8332300.0
2013-07-24,18.0498,18.5557,17.7668,17.8354,16963800.0
2013-07-25,17.9812,18.4356,17.8011,18.4185,12146100.0
2013-07-26,18.2384,18.8472,18.1355,18.7786,8618200.0
2013-07-29,18.71,18.8729,18.1955,18.2813,7669200.0
2013-07-30,18.4185,18.4356,17.9897,18.1698,6591300.0
2013-07-31,18.2727,18.3842,18.1183,18.2041,5165400.0
2013-08-01,18.4613,18.9072,18.3499,18.9072,9672800.0
2013-08-02,18.8386,18.8815,18.6414,18.8215,5519500.0
2013-08-05,18.7357,18.83,18.4956,18.6157,4486400.0
2013-08-06,18.6175,18.6519,17.9811,17.9897,6705100.0
2013-08-07,18.0155,18.1359,17.6372,18.0413,5541200.0
2013-08-08,18.2649,18.3595,18.0413,18.1101,6467100.0
2013-08-09,18.1445,18.1531,17.663,17.6888,6305000.0
2013-08-12,17.6372,18.1359,17.5856,18.0929,8054500.0
2013-08-13,18.1789,18.3251,15.9345,16.8116,69831000.0
2013-08-14,16.5966,16.7084,16.1237,16.3731,29881900.0
2013-08-15,16.4075,16.9836,16.2957,16.7944,17202700.0
2013-08-16,16.8546,17.3534,16.7944,17.0524,10723000.0
2013-08-19,17.0008,17.018,16.3473,16.4505,8121600.0
2013-08-20,16.6052,16.7514,16.3215,16.502,12381000.0
2013-08-21,16.6052,17.0008,16.4849,16.8202,11888400.0
2013-08-22,16.9406,17.5426,16.932,17.4136,12649300.0
2013-08-23,17.4394,17.577,17.2416,17.3018,6137900.0
2013-08-26,17.276,17.6716,17.0696,17.4308,8545400.0
2013-08-27,16.8718,16.9062,16.2097,16.4333,19430300.0
2013-08-28,16.3903,16.5278,16.2699,16.4505,9866800.0
2013-08-29,16.8718,17.1986,16.6224,16.889,12478000.0
2013-08-30,16.9406,17.3276,16.8374,16.9664,12317300.0
2013-09-03,17.2416,17.5856,16.8288,17.061,14048100.0
2013-09-04,17.3448,17.577,17.1986,17.4652,10545100.0
2013-09-05,17.4824,17.8349,17.3706,17.4136,8877500.0
2013-09-06,17.6544,17.7231,16.9836,17.104,11547700.0
2013-09-09,17.9295,18.7379,17.8521,18.7121,45103300.0
2013-09-10,19.013,19.8902,18.8927,19.4602,64467900.0
2013-09-11,19.2882,19.529,19.1764,19.2796,26510100.0
2013-09-12,19.2022,19.2968,18.9872,19.0646,23514700.0
2013-09-13,19.099,19.4258,19.0474,19.3226,14187100.0
2013-09-16,19.7612,20.2685,19.5892,19.9074,20896900.0
2013-09-17,20.3545,20.3889,19.8386,20.0536,13707300.0
2013-09-18,19.7784,20.2513,19.701,20.045,14998300.0
2013-09-19,20.045,20.2857,19.8472,20.1653,8818300.0
2013-09-20,20.2771,20.3975,19.9934,20.0364,11531700.0
2013-09-23,20.045,20.2169,19.8988,20.0536,9348700.0
2013-09-24,19.9934,20.7243,19.9934,20.4319,10618600.0
2013-09-25,20.4663,20.5007,19.9504,20.4749,11230300.0
2013-09-26,20.4577,20.6555,20.3287,20.6469,9808400.0
2013-09-27,20.1052,20.5953,19.8644,20.2685,15429200.0
2013-09-30,19.916,20.3717,19.529,20.2857,9724900.0
2013-10-01,20.3631,20.8275,20.3201,20.8189,14556500.0
2013-10-02,21.1113,21.3005,20.7329,20.8533,17625500.0
2013-10-03,21.0597,21.2403,20.5523,21.1027,16457900.0
2013-10-04,21.2317,21.868,21.1113,21.6616,15580500.0
2013-10-07,21.4552,21.5756,21.3349,21.3693,8000800.0
2013-10-08,21.2919,21.3435,20.6813,20.8361,11977900.0
2013-10-09,20.8877,21.1113,20.3975,20.8533,10259600.0
2013-10-10,21.2145,21.4466,20.9651,21.0769,11914500.0
2013-10-11,21.1371,21.3177,20.7845,20.9823,11867900.0
2013-10-14,20.7845,20.9393,20.4405,20.7329,16798600.0
2013-10-15,20.7243,20.8705,20.4921,20.6555,11010100.0
2013-10-16,20.7931,21.0769,20.5351,20.9995,10166600.0
2013-10-17,20.9737,21.4122,20.9651,21.3177,11154600.0
2013-10-18,21.4466,21.653,21.3435,21.5068,9578400.0
2013-10-21,21.7046,21.7046,21.0339,21.2317,11516600.0
2013-10-22,21.9798,22.5646,21.7218,21.9196,19623200.0
2013-10-23,21.8766,22.3152,21.7476,22.0228,12119200.0
2013-10-24,22.2292,22.7623,22.0744,22.6333,17597700.0
2013-10-25,22.6161,22.9429,22.4012,22.6247,12527800.0
2013-10-28,22.7537,22.7537,22.341,22.4786,8559100.0
2013-10-29,22.6505,22.9515,22.5646,22.6591,9238900.0
2013-10-30,22.8655,22.9773,22.3582,22.7709,11818300.0
2013-10-31,22.7623,22.8913,22.5818,22.6849,9280600.0
2013-11-01,22.7533,23.167,22.3999,22.9601,13084500.0
2013-11-04,23.3824,23.9513,23.279,23.6496,16332200.0
2013-11-05,23.8823,23.8823,23.3738,23.6669,11554000.0
2013-11-06,23.8392,23.8737,23.0722,23.167,12506500.0
2013-11-07,23.279,23.6065,22.9256,22.9946,12636900.0
2013-11-08,22.9601,23.8134,22.9429,23.1756,16309600.0
2013-11-11,23.4255,23.753,23.3824,23.6755,7581500.0
2013-11-12,23.641,24.5373,23.641,24.2357,28211800.0
2013-11-13,24.2098,24.3219,23.7703,23.9513,11286000.0
2013-11-14,24.0375,24.296,23.8565,24.0805,9939700.0
2013-11-15,24.1409,24.296,23.9513,24.2357,9910200.0
2013-11-18,24.365,24.7356,24.1754,24.2357,12970500.0
2013-11-19,24.2529,24.7787,23.9857,24.003,12780300.0
2013-11-20,24.1236,24.2012,23.6324,23.8823,11146400.0
2013-11-21,24.0202,24.2443,23.8909,24.1667,7941900.0
2013-11-22,24.3477,24.9079,24.3477,24.6494,13452900.0
2013-11-25,24.9941,25.3303,24.7528,25.1406,13730500.0
2013-11-26,25.1493,25.201,24.77,25.0286,9825200.0
2013-11-27,25.1406,25.3561,24.9941,25.2872,8739000.0
2013-11-29,25.3561,25.3733,24.8735,24.9769,5095700.0
2013-12-02,24.9941,25.3561,24.9166,24.9941,8184800.0
2013-12-03,24.951,24.9683,23.9944,24.1754,16846100.0
2013-12-04,24.1236,24.1409,23.529,23.7961,15090500.0
2013-12-05,23.8048,24.1409,23.8048,24.0805,10760500.0
2013-12-06,24.4253,24.7183,24.2271,24.3305,10736000.0
2013-12-09,24.3563,24.951,24.3046,24.8907,10000500.0
2013-12-10,24.8045,25.0975,24.6235,24.7959,10370600.0
2013-12-11,24.8648,25.0372,23.8306,23.8392,15580300.0
2013-12-12,23.9168,24.4942,23.9168,24.3133,10854500.0
2013-12-13,24.365,24.8045,24.3477,24.4512,10629700.0
2013-12-16,24.7097,24.7959,23.9771,24.0633,11180100.0
2013-12-17,24.0892,24.0978,23.1842,23.2187,16635800.0
2013-12-18,23.1497,23.4686,22.7533,23.3652,16147000.0
2013-12-19,23.6065,23.8909,23.5376,23.7099,10683800.0
2013-12-20,23.753,24.0547,23.5462,23.7444,12961400.0
2013-12-23,23.9426,24.0375,23.6669,23.7617,6643800.0
2013-12-24,23.7789,24.0633,23.7099,23.9944,4871500.0
2013-12-26,24.0116,24.115,23.7789,24.0288,6169100.0
2013-12-27,24.0116,24.0375,23.1497,23.2962,9932500.0
2013-12-30,23.2014,23.5979,23.1756,23.4341,7525500.0
2013-12-31,23.4686,23.8306,23.4428,23.6755,8579000.0
2014-01-02,23.4945,24.1754,23.4945,23.8737,11598200.0
2014-01-03,24.4512,25.3044,24.3391,25.1924,18807700.0
2014-01-06,25.3647,25.6836,25.0372,25.2441,13773300.0
2014-01-07,25.3561,25.563,24.6408,24.8045,12162200.0
2014-01-08,24.7959,25.9422,24.658,25.6836,16227100.0
2014-01-09,26.3214,27.2177,26.2007,26.7696,17473500.0
2014-01-10,26.8902,27.1316,26.4248,27.1229,12431700.0
2014-01-13,27.4074,27.4074,26.6058,26.6489,14082700.0
2014-01-14,26.7868,27.6401,26.7351,27.5883,13354200.0
2014-01-15,27.821,27.8383,26.7868,27.1488,16522300.0
2014-01-16,27.1143,27.347,27.0023,27.2177,6758500.0
2014-01-17,26.8989,27.054,26.6144,26.7782,13893600.0
2014-01-21,27.9159,28.1399,27.2781,27.6487,16394200.0
2014-01-22,27.8986,28.3726,27.8297,28.3037,10527100.0
2014-01-23,28.0365,28.1744,27.6659,28.0107,11864400.0
2014-01-24,27.6401,27.8469,26.6834,26.8127,13714400.0
2014-01-27,26.9247,27.2264,25.563,26.3645,17774300.0
2014-01-28,26.3559,27.1574,26.3214,26.6317,11207000.0
2014-01-29,26.2352,26.9678,25.6664,25.787,15193100.0
2014-01-30,26.2438,26.6058,26.0973,26.3559,9361900.0
2014-01-31,26.037,26.58,25.856,26.3817,10425500.0
2014-02-03,26.4076,26.5455,25.1837,25.3216,15521300.0
2014-02-04,25.856,25.8818,25.2182,25.8043,13130600.0
2014-02-05,25.5716,25.9422,25.0975,25.8732,11293300.0
2014-02-06,25.8646,27.0109,25.6922,26.6231,8658800.0
2014-02-07,27.0023,27.4504,26.7868,27.2781,10680600.0
2014-02-10,27.3815,27.4074,26.6575,26.8989,9035200.0
2014-02-11,26.9764,27.0971,26.3903,27.0712,11688200.0
2014-02-12,27.1574,27.1574,26.5282,26.8299,8937400.0
2014-02-13,26.5369,27.1488,26.2266,27.0195,8101800.0
2014-02-14,26.8816,27.2522,26.6661,27.0109,6428200.0
2014-02-18,27.0548,27.2275,26.6489,26.6489,9079200.0
2014-02-19,26.6144,26.8043,26.2862,26.3985,9834900.0
2014-02-20,26.3898,27.5384,26.3812,27.4952,11213600.0
2014-02-21,27.5297,27.7974,27.3829,27.4261,8890300.0
2014-02-24,27.5643,28.2637,27.4952,28.0219,9756900.0
2014-02-25,28.1687,28.9287,28.1687,28.7041,13806300.0
2014-02-26,28.8941,29.1445,28.5746,28.9373,10010700.0
2014-02-27,28.8337,29.3173,28.7387,28.7732,10134000.0
2014-02-28,28.4364,28.8855,28.2033,28.6782,9834000.0
2014-03-03,27.9615,28.2637,27.547,28.1428,13543600.0
2014-03-04,28.9287,29.9822,28.9114,29.749,11913900.0
2014-03-05,30.0944,30.3535,29.8872,29.9822,10314100.0
2014-03-06,30.2326,30.7248,30.2326,30.5435,10996200.0
2014-03-07,30.8457,30.958,30.0513,30.5348,10811300.0
2014-03-10,30.5435,30.9321,29.9735,30.3708,9805900.0
2014-03-11,30.2758,30.6126,30.0254,30.1549,9454200.0
2014-03-12,29.8786,30.0858,29.5418,29.7922,9211400.0
2014-03-13,30.0167,30.034,28.7473,28.9977,12536200.0
2014-03-14,28.9114,29.9045,28.7128,29.4641,11017000.0
2014-03-17,29.8613,29.8613,29.1445,29.5331,8583000.0
2014-03-18,29.7836,29.8613,29.4036,29.4209,7890400.0
2014-03-19,29.4468,29.6368,28.7819,29.1273,8472600.0
2014-03-20,29.1877,29.2827,28.756,29.0496,6486700.0
2014-03-21,29.4209,29.4209,28.2637,28.2637,11957300.0
2014-03-24,28.5919,28.9546,28.0824,28.7732,10358300.0
2014-03-25,28.8941,29.8008,28.8941,29.7318,10592500.0
2014-03-26,29.7922,29.8354,29.2827,29.3259,10540100.0
2014-03-27,29.2741,29.6109,28.471,29.4727,11259800.0
2014-03-28,29.4468,29.9563,28.9373,28.9546,9766300.0
2014-03-31,29.1445,30.1463,29.1445,29.9217,8986200.0
2014-04-01,30.1635,30.8975,30.1549,30.8716,10819000.0
2014-04-02,31.0098,31.5366,30.6817,30.8285,11097300.0
2014-04-03,30.8544,31.148,30.1981,30.5435,8207800.0
2014-04-04,30.8198,30.8285,29.7749,29.8872,8594500.0
2014-04-07,29.8008,30.5435,29.0927,29.3518,12951100.0
2014-04-08,29.2741,29.6022,27.9874,28.9373,15091700.0
2014-04-09,29.1273,30.0685,28.8682,29.9908,8779900.0
2014-04-10,30.3103,30.3449,28.4969,28.5055,13590500.0
2014-04-11,28.3933,29.2309,27.8665,28.0824,11743900.0
2014-04-14,28.376,28.4969,26.8821,27.4002,14283100.0
2014-04-15,27.4606,28.0047,26.3726,27.5556,18153500.0
2014-04-16,27.8233,29.1273,27.7801,29.0323,12894700.0
2014-04-17,29.0237,29.2568,28.3933,29.1532,12334500.0
2014-04-21,28.9977,29.4295,28.7128,29.3086,7667500.0
2014-04-22,29.5159,30.4399,29.5072,30.1808,12865700.0
2014-04-23,31.8388,32.3051,31.0875,32.0288,19747100.0
2014-04-24,32.046,32.3569,31.3725,31.7179,15036800.0
2014-04-25,31.5193,31.6143,30.8975,31.148,9182600.0
2014-04-28,31.2602,31.6661,30.3362,30.9493,11489700.0
2014-04-29,31.1048,31.7352,30.9753,31.7265,8922700.0
2014-04-30,31.787,32.1065,31.3466,31.8043,10248800.0
2014-05-01,31.9511,32.4087,31.9252,32.0547,10863100.0
2014-05-02,32.046,32.3569,31.5711,32.1497,8471700.0
2014-05-05,31.9597,32.5555,31.6315,32.426,7338900.0
2014-05-06,33.2042,33.5243,32.348,32.5469,11567800.0
2014-05-07,32.7026,33.0918,32.2701,33.0745,9559700.0
2014-05-08,32.9275,33.3686,32.4345,32.6074,10224400.0
2014-05-09,32.7112,32.7112,31.9588,32.5815,8875300.0
2014-05-12,32.668,33.4637,32.642,33.4291,7552100.0
2014-05-13,33.3167,33.827,33.1869,33.5416,5953200.0
2014-05-14,33.4205,33.6108,33.0313,33.2475,7254700.0
2014-05-15,32.9361,33.1783,32.2874,32.9794,10065900.0
2014-05-16,32.9015,33.0313,32.3566,32.7458,8458700.0
2014-05-19,32.5901,33.4897,32.521,33.2042,6052500.0
2014-05-20,33.2129,33.2561,32.4085,32.7199,8418300.0
2014-05-21,32.8756,33.2734,32.841,33.161,5843000.0
2014-05-22,33.1869,33.6021,33.1177,33.4118,6031800.0
2014-05-23,33.5329,34.2075,33.4291,33.8702,6377800.0
2014-05-27,34.2162,34.2421,34.0086,34.1297,6262800.0
2014-05-28,34.1816,35.1936,34.1557,34.8303,8633700.0
2014-05-29,34.8735,35.159,34.2854,34.7178,8674500.0
2014-05-30,34.7178,35.0638,34.3113,34.5189,6501100.0
2014-06-02,34.7178,35.4184,34.3892,35.2627,9438200.0
2014-06-03,35.3233,35.799,35.1763,35.5914,9725900.0
2014-06-04,35.7125,36.6293,35.2627,36.4736,12544100.0
2014-06-05,36.7331,36.8974,35.8768,35.8941,14261200.0
2014-06-06,36.1277,36.5601,36.0931,36.5255,7643400.0
2014-06-09,36.6293,36.7331,35.9633,36.2142,7766300.0
2014-06-10,36.2055,36.3439,35.6866,36.2574,6352200.0
2014-06-11,35.4617,35.5309,34.493,35.2109,21599600.0
2014-06-12,34.4411,34.467,32.9534,33.2994,33617400.0
2014-06-13,33.308,34.2767,33.2821,33.9394,17772900.0
2014-06-16,33.3859,33.8529,33.0832,33.5935,12796300.0
2014-06-17,33.8443,34.4065,33.7578,34.1557,9950900.0
2014-06-18,34.0778,34.4411,33.7405,34.3805,9276100.0
2014-06-19,34.4497,34.8908,34.0951,34.2681,9225700.0
2014-06-20,34.3805,34.5708,34.0865,34.2248,10281300.0
2014-06-23,34.0865,34.3113,33.3599,33.7924,12425600.0
2014-06-24,33.6367,34.0519,33.3426,33.3599,8058700.0
2014-06-25,33.308,34.1643,32.9015,34.0346,7664200.0
2014-06-26,33.974,34.1816,33.6021,33.9913,9138000.0
2014-06-27,33.9135,34.0865,33.6713,34.0173,6972200.0
2014-06-30,33.8875,34.0173,33.3859,33.4897,9982300.0
2014-07-01,33.7318,34.9514,33.6453,34.8649,11384200.0
2014-07-02,33.6972,33.7318,32.8929,33.0745,27183600.0
2014-07-03,33.1696,33.6972,33.1177,33.3859,7501800.0
2014-07-07,33.2388,33.2994,31.7512,31.9155,18360200.0
2014-07-08,30.7911,31.7771,30.0732,31.5176,40235000.0
2014-07-09,32.495,32.7199,31.6387,31.9674,14096400.0
2014-07-10,31.3101,32.5988,31.2063,32.3912,14880200.0
2014-07-11,32.521,32.7631,32.0625,32.2009,10498700.0
2014-07-14,32.5037,32.6507,32.2615,32.3307,7575500.0
2014-07-15,32.5123,33.0399,32.4518,32.8929,10279800.0
2014-07-16,33.1523,33.2215,32.6334,32.7545,8275400.0
2014-07-17,32.521,32.8237,31.5176,31.6301,15067600.0
2014-07-18,31.9588,32.5815,31.8809,32.1577,9634400.0
2014-07-21,31.9934,32.1923,31.6474,32.1317,5783700.0
2014-07-22,32.3739,32.7718,32.322,32.5901,8888000.0
2014-07-23,32.6766,33.9913,32.6507,33.8616,16611800.0
2014-07-24,34.1557,34.3805,32.815,32.9275,13048100.0
2014-07-25,32.9448,33.6626,32.7891,32.9188,9348800.0
2014-07-28,33.1869,33.3253,32.7112,33.0313,8375100.0
2014-07-29,33.0832,33.4032,32.5556,32.5901,8853000.0
2014-07-30,32.7112,32.9794,32.4345,32.7285,9239300.0
2014-07-31,32.3826,32.8323,31.855,32.3999,9402600.0
2014-08-01,32.3307,32.6507,31.9155,32.5037,9104700.0
2014-08-04,32.5556,32.8669,31.5263,32.2442,9771300.0
2014-08-05,32.0123,32.1944,31.0239,31.336,14643700.0
2014-08-06,31.0152,31.5008,30.651,31.232,10938000.0
2014-08-07,31.5268,31.8389,30.5383,30.8765,10494100.0
2014-08-08,30.7898,31.4661,29.9921,31.4227,12739800.0
2014-08-11,32.0817,32.2985,31.5008,31.8129,8605500.0
2014-08-12,31.8563,31.9256,31.4141,31.6568,5833500.0
2014-08-13,31.8129,32.5152,31.7089,32.3158,6719600.0
2014-08-14,32.4199,33.3129,32.3938,33.2956,8138500.0
2014-08-15,33.3996,33.495,32.784,33.4083,9029000.0
2014-08-18,33.7465,34.4922,33.6511,34.2581,8175000.0
2014-08-19,34.4488,34.5962,34.1106,34.2841,6131900.0
2014-08-20,34.3534,35.2205,34.3361,35.1338,8505000.0
2014-08-21,35.2118,35.3506,34.5789,34.6049,7379700.0
2014-08-22,34.6396,35.2032,34.6049,35.0384,5876800.0
2014-08-25,35.2985,35.3506,34.8823,35.1338,4868100.0
2014-08-26,35.1598,35.2899,34.5789,34.5962,6314200.0
2014-08-27,34.7263,34.9691,34.5529,34.8216,6582800.0
2014-08-28,34.6049,34.7956,34.2927,34.5875,5009000.0
2014-08-29,34.6829,34.7263,34.076,34.3187,5686200.0
2014-09-02,34.5095,35.524,34.4661,35.4893,9880600.0
2014-09-03,34.2407,34.5095,33.2696,33.6598,21223600.0
2014-09-04,34.0066,34.2494,33.6598,34.0673,11380100.0
2014-09-05,34.0586,34.3448,33.5731,34.0066,8976300.0
2014-09-08,34.18,34.5095,33.8332,33.8505,7642600.0
2014-09-09,33.6684,34.1887,33.2002,33.6598,8350600.0
2014-09-10,33.7812,34.2927,33.5557,34.2927,6761700.0
2014-09-11,34.4228,34.6742,33.9459,34.3014,8396600.0
2014-09-12,34.1887,34.6482,34.076,34.4141,7294000.0
2014-09-15,34.3708,34.5529,33.9459,33.9893,5924900.0
2014-09-16,33.9372,34.3361,33.469,34.2667,6735900.0
2014-09-17,34.2667,34.6049,33.6077,33.7638,9621800.0
2014-09-18,33.9112,34.2927,33.8158,34.1974,5670900.0
2014-09-19,34.3534,34.4055,33.5037,33.5037,7841400.0
2014-09-22,33.5037,33.6251,32.8187,32.9054,6887400.0
2014-09-23,32.706,33.1135,32.1424,32.6886,10055200.0
2014-09-24,32.758,32.9661,32.4806,32.654,9519300.0
2014-09-25,32.4372,32.5066,31.5961,31.7869,13058800.0
2014-09-26,31.5615,31.8476,31.3273,31.6655,14411700.0
2014-09-29,31.2493,31.5268,30.9892,31.2146,8538900.0
2014-09-30,31.2233,31.6742,30.5036,31.3447,12557800.0
2014-10-01,30.651,30.6857,29.7319,30.2608,22775300.0
2014-10-02,30.625,31.206,29.8446,30.5903,17758800.0
2014-10-03,31.1886,32.2031,31.1799,32.0383,14532200.0
2014-10-06,32.3592,32.3592,31.2753,31.31,10616700.0
2014-10-07,30.9111,31.0586,30.3736,30.5817,14252800.0
2014-10-08,30.9372,30.9892,29.4111,30.1828,22631000.0
2014-10-09,30.7898,31.1626,29.1423,29.229,25973700.0
2014-10-10,29.3157,29.5845,28.362,28.5354,22576800.0
2014-10-13,28.8735,28.8822,26.1162,26.7926,37772200.0
2014-10-14,27.4949,28.8475,27.122,28.4313,24815700.0
2014-10-15,26.9486,29.0469,26.385,28.0758,33994700.0
2014-10-16,27.1394,29.5845,27.096,28.8909,27100000.0
2014-10-17,30.4429,30.4689,29.6105,29.8186,19052000.0
2014-10-20,30.7898,31.3273,30.3562,31.2493,17953100.0
2014-10-21,31.8823,32.5933,31.8216,32.4979,18905000.0
2014-10-22,32.654,32.8274,32.2985,32.3418,14636300.0
2014-10-23,32.6193,33.7812,32.4719,32.8794,23485000.0
2014-10-24,32.9401,34.2494,32.9141,34.1974,17826100.0
2014-10-27,34.1453,34.7696,33.9893,34.4661,16790000.0
2014-10-28,34.7436,34.813,34.2234,34.5442,12057800.0
2014-10-29,34.4401,34.5355,33.6945,34.3187,11992000.0
2014-10-30,34.3708,34.5268,33.6684,33.9372,13218800.0
2014-10-31,34.6222,35.0297,34.2841,34.8823,12673600.0
2014-11-03,34.9257,35.3332,34.8823,35.2118,9459000.0
2014-11-04,35.982,37.1637,35.982,36.6945,17328000.0
2014-11-05,37.1724,37.1724,36.0428,36.3817,11507100.0
2014-11-06,36.5989,37.8936,36.5642,37.2767,13326400.0
2014-11-07,37.3462,37.3636,36.8596,37.0942,8247700.0
2014-11-10,36.7467,37.7112,36.5034,37.6851,9605300.0
2014-11-11,37.8589,38.4758,37.8067,38.0935,10414800.0
2014-11-12,37.7112,38.05,37.2767,37.7112,8279200.0
2014-11-13,37.8676,38.5888,37.7633,38.302,10173500.0
2014-11-14,38.1804,38.3542,37.8415,38.0153,6940900.0
2014-11-17,37.9284,38.3976,37.6938,37.7372,7259500.0
2014-11-18,37.8241,39.2839,37.8241,38.919,11925200.0
2014-11-19,38.5279,39.058,38.1109,38.6235,8608000.0
2014-11-20,38.2325,38.7886,37.9718,38.1978,8223500.0
2014-11-21,38.3802,38.4845,37.2854,37.4418,13211900.0
2014-11-24,37.772,38.2933,37.4939,37.8067,8857800.0
2014-11-25,37.8589,38.5193,37.633,38.302,8914500.0
2014-11-26,38.4324,38.5975,38.2673,38.4411,7404500.0
2014-11-28,40.3092,41.0044,40.0399,40.5525,14423200.0
2014-12-01,40.4483,40.6047,38.9711,39.6402,12858400.0
2014-12-02,39.0406,40.2137,38.276,38.8147,16544500.0
2014-12-03,39.2231,39.5359,38.1456,38.8842,9871000.0
2014-12-04,40.0312,40.7871,39.5793,40.3353,13166000.0
2014-12-05,40.7176,41.3867,40.6481,41.0826,13139800.0
2014-12-08,40.8914,41.4215,40.5873,41.1347,13059200.0
2014-12-09,39.9182,40.2832,39.2839,40.2571,12707200.0
2014-12-10,40.7263,41.1347,40.0312,40.1615,14091700.0
2014-12-11,40.5352,42.1861,40.5352,41.9949,18396300.0
2014-12-12,43.1159,43.1159,41.4041,41.4301,13426900.0
2014-12-15,41.4736,41.9428,40.5873,41.5344,10237400.0
2014-12-16,41.6213,41.7082,39.3969,39.4316,16804900.0
2014-12-17,39.5533,40.3266,38.4932,40.1181,15935000.0
2014-12-18,40.3179,40.7958,39.6923,40.6394,10842900.0
2014-12-19,40.3788,41.491,40.3614,41.1695,10626500.0
2014-12-22,41.517,42.2991,41.1,41.1955,7361900.0
2014-12-23,41.4475,41.5083,40.3092,40.9522,5995800.0
2014-12-24,41.2477,41.8472,41.0739,41.7516,3800600.0
2014-12-26,41.8298,42.2296,41.5692,42.0471,3874200.0
2014-12-29,41.7169,42.4642,41.2129,42.386,5866700.0
2014-12-30,42.3512,42.9508,42.2469,42.777,6316100.0
2014-12-31,43.0811,43.5851,42.664,42.7422,6736300.0
2015-01-02,43.3765,43.4547,42.3251,42.7335,6845800.0
2015-01-05,42.9768,43.055,41.5431,42.021,9449900.0
2015-01-06,42.1861,42.3512,40.1876,41.0304,11301300.0
2015-01-07,41.2564,41.3519,40.4135,40.8132,9086000.0
2015-01-08,41.2564,41.9863,41.0652,41.8733,8967000.0
2015-01-09,41.9949,42.1427,40.6568,40.735,7891000.0
2015-01-12,40.596,40.8132,39.5793,40.0225,10328800.0
2015-01-13,40.5612,41.491,39.9269,40.5004,10608900.0
2015-01-14,39.8313,40.1094,38.6409,39.3708,11474600.0
2015-01-15,39.1796,39.7618,39.0232,39.1449,7615600.0
2015-01-16,39.1014,39.8835,38.7626,39.8313,11330700.0
2015-01-20,40.848,42.8291,40.7611,42.7248,18679500.0
2015-01-21,42.3773,43.0985,41.882,42.7335,12187000.0
2015-01-22,43.3852,44.1499,42.7335,44.0543,14186200.0
2015-01-23,43.7502,44.3671,43.4982,43.9326,7595900.0
2015-01-26,43.6459,44.1672,43.4026,43.5764,8645100.0
2015-01-27,42.8291,43.3591,42.4989,42.7335,8751200.0
2015-01-28,43.0116,43.3678,41.9515,42.1079,8510100.0
2015-01-29,42.2904,43.7502,41.882,43.6285,8865300.0
2015-01-30,42.8639,43.2723,40.848,41.1086,15382400.0
2015-02-02,40.9262,40.9783,38.9363,40.4135,18569500.0
2015-02-03,39.1014,40.1702,39.0406,39.979,15892500.0
2015-02-04,40.4483,41.2303,40.344,40.8045,10573400.0
2015-02-05,40.7785,40.8219,39.336,40.092,10047600.0
2015-02-06,39.9443,40.5612,39.3534,39.5446,9562400.0
2015-02-09,38.667,38.9972,37.9805,38.6235,12719300.0
2015-02-10,39.2144,39.7444,38.8755,39.3795,10044700.0
2015-02-11,39.7792,39.9095,38.9277,39.0841,8616200.0
2015-02-12,38.5366,39.0145,37.9979,38.9363,14437400.0
2015-02-13,38.302,38.693,37.6677,38.667,14992100.0
2015-02-17,38.9103,39.3805,38.771,38.8929,10842000.0
2015-02-18,39.3108,39.572,38.8755,39.4153,8427400.0
2015-02-19,40.7997,41.2611,39.9029,39.9812,13262500.0
2015-02-20,39.8158,41.3395,39.6243,41.3047,12346000.0
2015-02-23,41.7661,42.0273,40.7997,41.087,10852400.0
2015-02-24,40.8345,42.0273,40.3992,41.8184,10721100.0
2015-02-25,41.7313,41.8009,40.5733,40.7823,9559400.0
2015-02-26,41.0957,41.2524,39.6765,39.9812,13024300.0
2015-02-27,39.8768,39.9377,38.7449,38.7623,12524900.0
2015-03-02,39.2586,39.6243,39.1628,39.5198,9164100.0
2015-03-03,38.8145,39.8855,38.5446,39.8593,10816900.0
2015-03-04,39.4937,39.6156,39.0061,39.3108,8224300.0
2015-03-05,39.5894,39.5894,38.3531,38.6491,10779300.0
2015-03-06,38.5795,38.9364,37.9874,38.118,6307000.0
2015-03-09,38.1964,38.9364,38.1354,38.8058,7373200.0
2015-03-10,38.623,38.6491,37.674,37.8046,8381000.0
2015-03-11,37.8394,38.6491,37.822,38.327,7451300.0
2015-03-12,38.4227,39.5285,38.3705,39.4675,7968900.0
2015-03-13,39.572,40.373,39.4675,39.6156,8297400.0
2015-03-16,40.1815,40.4775,40.0161,40.1902,7311700.0
2015-03-17,40.4862,40.878,40.225,40.6168,10075500.0
2015-03-18,40.7039,40.73,39.5372,39.8855,16404100.0
2015-03-19,40.3643,41.2263,40.3556,41.1479,14654500.0
2015-03-20,40.7561,41.4701,40.7561,41.2872,15629400.0
2015-03-23,41.2872,41.4353,40.5385,40.5559,9343100.0
2015-03-24,40.3469,40.4253,40.0683,40.077,7716800.0
2015-03-25,39.9725,40.0248,38.6404,38.7623,9205400.0
2015-03-26,37.5259,38.6143,37.0906,38.3879,12345900.0
2015-03-27,38.6404,39.3718,38.5882,39.0757,7034900.0
2015-03-30,39.4762,39.9638,39.4762,39.6678,7131900.0
2015-03-31,39.6852,39.7113,38.8842,39.1454,8117400.0
2015-04-01,38.0222,38.3008,37.3692,37.6652,17450200.0
2015-04-02,37.3605,37.761,36.7859,36.7859,13937200.0
2015-04-06,36.0545,36.4898,35.7149,36.3592,15504400.0
2015-04-07,36.5682,36.96,36.2286,36.2548,8201200.0
2015-04-08,36.516,37.7001,36.4898,37.6914,12476400.0
2015-04-09,37.8046,38.2834,37.2299,37.5608,8599100.0
2015-04-10,37.5434,37.9003,37.4737,37.6391,7072600.0
2015-04-13,37.5085,38.1964,37.4302,37.4998,8952900.0
2015-04-14,37.4911,37.6043,36.96,37.5085,9169400.0
2015-04-15,38.7275,39.4762,38.1354,38.4837,19884100.0
2015-04-16,38.4837,39.5285,38.4489,39.1715,11827200.0
2015-04-17,38.9364,39.3805,38.8145,38.9713,8502800.0
2015-04-20,39.3021,39.8942,38.9713,39.8158,7934800.0
2015-04-21,39.9638,40.3905,39.6678,40.2511,7768700.0
2015-04-22,40.3556,40.5907,39.7636,40.5123,8174300.0
2015-04-23,40.286,40.8606,40.1554,40.4253,8312900.0
2015-04-24,40.7213,41.2524,40.6429,40.9041,8583800.0
2015-04-27,40.9564,41.0086,40.3382,40.4427,7602200.0
2015-04-28,40.3034,40.4427,39.3195,40.225,7882000.0
2015-04-29,39.9116,40.0509,38.5359,39.2063,10536900.0
2015-04-30,38.9713,39.8071,38.623,38.8668,8109600.0
2015-05-01,39.0148,40.077,38.9016,39.7549,9130100.0
2015-05-04,39.9725,40.4862,39.2847,39.4327,8275300.0
2015-05-05,38.6413,39.1822,38.205,38.2225,10199200.0
2015-05-06,37.9869,38.6151,37.3675,38.4406,10524600.0
2015-05-07,38.6238,40.107,38.6238,39.5748,12224500.0
2015-05-08,39.7842,40.5083,39.7842,40.2815,8688200.0
2015-05-11,40.0808,41.3023,40.0459,40.8399,10566900.0
2015-05-12,40.4124,40.4822,40.0895,40.2204,6580200.0
2015-05-13,41.3546,41.8606,40.517,40.8137,14864800.0
2015-05-14,41.3023,41.6861,40.8922,41.3546,7856800.0
2015-05-15,41.7298,41.8257,40.9795,41.0056,8073600.0
2015-05-18,40.9969,41.5204,40.8922,41.3284,6735200.0
2015-05-19,41.6251,41.7647,40.2291,40.3164,11213700.0
2015-05-20,40.011,40.0721,37.6554,38.0567,34964700.0
2015-05-21,37.952,38.5191,37.2453,38.1701,14091500.0
2015-05-22,38.3708,38.3882,37.6292,37.6728,8669700.0
2015-05-26,37.8822,37.9258,36.399,36.5125,15075400.0
2015-05-27,36.6608,37.6205,36.6608,37.1057,11175600.0
2015-05-28,37.2017,37.6292,36.7916,36.8614,9865200.0
2015-05-29,36.8091,37.6816,36.5474,37.446,11075300.0
2015-06-01,37.699,39.0775,37.4634,38.6936,16284745.0
2015-06-02,37.5071,38.0567,37.4024,37.699,16765048.0
2015-06-03,37.9695,38.1876,37.4722,37.7252,8504488.0
2015-06-04,37.8648,38.4842,37.0272,37.446,11668009.0
2015-06-05,37.3675,37.6467,36.8876,37.4285,8974359.0
2015-06-08,36.9661,37.1843,35.4655,35.5528,17183935.0
2015-06-09,34.9857,35.9017,33.9998,35.5266,27301687.0
2015-06-10,35.4393,36.2594,35.195,35.8232,10760773.0
2015-06-11,36.0588,36.4601,35.544,35.5964,8390426.0
2015-06-12,35.544,36.2594,35.4044,35.893,7034399.0
2015-06-15,35.7011,35.9454,35.3608,35.5091,6798741.0
2015-06-16,35.4655,35.7796,34.9333,35.3957,7196938.0
2015-06-17,35.2648,35.8407,35.0903,35.5964,6353922.0
2015-06-18,35.483,36.146,35.2997,36.0762,6523086.0
2015-06-19,36.6346,37.35,36.495,36.6346,9579074.0
2015-06-22,37.2715,37.5856,36.9574,37.4547,8972332.0
2015-06-23,37.8473,38.1352,37.5158,37.603,6971177.0
2015-06-24,37.4896,37.6292,37.0796,37.2191,6536032.0
2015-06-25,37.4983,37.8473,37.1406,37.1668,5581930.0
2015-06-26,37.3238,37.4285,36.6957,36.9487,5923708.0
2015-06-29,36.4427,37.0359,35.8407,35.8756,7099182.0
2015-06-30,36.3641,36.495,35.797,35.8407,8891301.0
2015-07-01,36.4252,36.4776,33.8602,35.134,29110147.0
2015-07-02,35.0991,35.797,34.6803,34.8984,9465402.0
2015-07-06,34.7937,35.5876,34.7937,35.3172,8784932.0
2015-07-07,35.483,36.0326,34.8635,35.9279,8237006.0
2015-07-08,35.2997,35.6662,34.9071,35.0467,7617012.0
2015-07-09,35.4044,35.8494,35.3259,35.3783,7571895.0
2015-07-10,36.1635,37.2715,36.0413,37.0447,12586016.0
2015-07-13,37.7165,37.9695,37.5158,37.8386,8986714.0
2015-07-14,37.4722,38.3533,37.1755,38.0916,12445217.0
2015-07-15,37.1581,38.7634,36.9923,38.3795,21242622.0
2015-07-16,38.8245,39.1473,38.554,38.7983,11607832.0
2015-07-17,38.9553,39.348,38.7198,39.2084,8601885.0
2015-07-20,39.348,39.348,38.3533,38.4668,6438619.0
2015-07-21,38.458,39.0251,38.458,38.9553,5391519.0
2015-07-22,38.8332,39.6271,38.7896,39.4526,8148808.0
2015-07-23,40.3949,40.6915,39.3043,39.4003,10169688.0
2015-07-24,39.7929,39.8191,38.1789,38.4755,7751956.0
2015-07-27,38.0393,38.5453,37.5594,38.3272,6526420.0
2015-07-28,38.301,39.2171,38.301,39.1822,6453488.0
2015-07-29,39.0949,39.5486,38.2574,38.5453,9297762.0
2015-07-30,38.5278,38.7111,38.0742,38.4144,4552465.0
2015-07-31,38.5191,38.7372,38.2836,38.6849,4987412.0
2015-08-03,38.9815,40.0023,38.8855,39.8976,10791041.0
2015-08-04,40.4123,41.0948,39.9398,40.4385,9895177.0
2015-08-05,40.5654,40.7142,40.3642,40.5129,5038852.0
2015-08-06,40.6704,40.9417,40.0404,40.2854,5734486.0
2015-08-07,40.1104,40.6704,40.0404,40.5567,6066319.0
2015-08-10,40.9067,41.2917,40.4342,40.5304,5599452.0
2015-08-11,40.5042,41.5454,40.3642,41.2129,7490577.0
2015-08-12,40.9504,40.9592,39.1741,40.7754,10113947.0
2015-08-13,41.0292,41.8867,40.6617,41.5192,8668805.0
2015-08-14,41.4404,41.9654,41.3704,41.6767,5526451.0
2015-08-17,41.7817,42.2192,41.4054,41.9917,7078210.0
2015-08-18,42.0704,42.2629,41.0554,41.4404,6622241.0
2015-08-19,41.4404,41.6417,40.7842,41.1954,8475155.0
2015-08-20,40.7317,41.1954,39.9616,39.9966,8538364.0
2015-08-21,39.8129,39.8829,38.1416,38.1504,13107245.0
2015-08-24,34.6241,38.6404,30.2841,36.8816,13351165.0
2015-08-25,38.3604,38.3604,36.1991,36.1991,9062067.0
2015-08-26,37.2841,38.3954,36.3041,38.2379,11516707.0
2015-08-27,38.6666,38.8066,37.4241,38.3779,10263334.0
2015-08-28,38.4479,38.7629,37.9754,38.4479,7769726.0
2015-08-31,38.4741,39.0254,38.0891,38.3079,6895850.0
2015-09-01,38.4566,38.9029,37.8879,38.2991,9891990.0
2015-09-02,39.0691,40.2504,38.8066,40.2417,12485109.0
2015-09-03,40.3029,40.7317,39.2966,39.4279,9715085.0
2015-09-04,38.9816,40.2417,38.7716,39.7254,7087874.0
2015-09-08,40.4429,40.8192,40.2067,40.7667,6474662.0
2015-09-09,41.0729,41.2917,40.1629,40.2592,8497916.0
2015-09-10,40.5042,41.1254,40.3554,40.6792,7174400.0
2015-09-11,40.6879,41.1692,40.4867,41.0554,5973849.0
2015-09-14,41.0992,41.3792,40.7754,41.0292,4671888.0
2015-09-15,41.1254,41.2304,40.5217,41.0292,6538408.0
2015-09-16,40.9767,41.4842,40.7142,41.2042,7119720.0
2015-09-17,41.3967,42.1579,41.0204,41.5542,10161763.0
2015-09-18,41.1954,41.2917,40.7317,40.8367,7911790.0
2015-09-21,40.9242,41.7117,40.8542,41.3442,6664334.0
2015-09-22,41.0379,41.2742,40.2154,40.6529,6393756.0
2015-09-23,40.6879,41.0204,40.1891,40.7667,4035841.0
2015-09-24,40.5392,40.5829,39.4279,40.1716,7647949.0
2015-09-25,40.7054,40.9854,39.8916,40.2854,6115080.0
2015-09-28,40.1366,40.1979,38.8154,39.0779,6659012.0
2015-09-29,38.9466,39.3141,38.1241,38.5354,6457312.0
2015-09-30,39.1304,39.4104,38.3779,39.2616,8318564.0
2015-10-01,39.1216,39.8129,38.6229,39.7341,6999596.0
2015-10-02,39.3229,39.3316,37.9316,39.2616,9152689.0
2015-10-05,39.5679,41.1604,39.4104,41.0904,7321861.0
2015-10-06,40.8892,41.3354,39.3754,39.4541,8261473.0
2015-10-07,39.5504,40.2504,38.9116,40.2417,10093194.0
2015-10-08,40.0754,40.3117,39.5241,40.2154,8111450.0
2015-10-09,40.5042,41.4229,40.3904,41.3092,9433826.0
2015-10-12,41.5804,42.4379,41.5804,42.4379,9749485.0
2015-10-13,42.1054,42.9717,41.7554,41.7642,11901171.0
2015-10-14,42.5079,43.2954,41.9392,42.5167,13865813.0
2015-10-15,42.8317,43.1554,42.3154,42.8142,7088797.0
2015-10-16,42.6479,42.9892,42.0704,42.9804,12429831.0
2015-10-19,43.0592,44.2579,42.9892,43.9867,9377199.0
2015-10-20,44.0304,44.4242,43.5754,43.8817,7923962.0
2015-10-21,43.6367,44.2667,43.1729,43.2604,6882501.0
2015-10-22,43.8729,44.5729,43.1817,44.4592,7704160.0
2015-10-23,44.8267,45.2029,44.1879,44.6254,10241658.0
2015-10-26,44.5292,45.0367,44.0304,44.9054,4341790.0
2015-10-27,44.6254,45.0454,44.0917,44.5117,6968066.0
2015-10-28,44.7392,44.7392,43.3392,43.8729,6784968.0
2015-10-29,43.7854,44.3192,43.4092,44.1879,5013411.0
2015-10-30,44.1879,45.0192,44.0042,44.4854,6116926.0
2015-11-02,44.5379,44.8617,44.3279,44.3629,7702042.0
2015-11-03,45.1957,45.5028,44.4938,44.6254,9896487.0
2015-11-04,44.972,44.972,44.2789,44.4456,5755476.0
2015-11-05,44.5947,44.8755,44.1473,44.3403,4934679.0
2015-11-06,44.3315,45.165,44.2614,44.9193,5419218.0
2015-11-09,44.6825,44.7,44.0683,44.4193,4713404.0
2015-11-10,44.393,44.7439,43.4718,44.1298,6243184.0
2015-11-11,44.2701,44.507,43.8315,43.849,5540692.0
2015-11-12,43.8578,44.2438,43.7788,43.849,8056384.0
2015-11-13,43.7086,43.9367,42.7699,42.9804,6983913.0
2015-11-16,41.9891,42.2435,41.2433,42.0505,11479203.0
2015-11-17,42.1996,43.0419,41.8662,41.9101,9647666.0
2015-11-18,41.9627,42.1031,40.9275,41.8926,9678298.0
2015-11-19,42.2874,42.7787,42.1207,42.5593,7087655.0
2015-11-20,42.5242,42.8752,42.4891,42.7787,5825411.0
2015-11-23,42.9892,43.1559,42.4628,42.7611,5513961.0
2015-11-24,41.5504,42.1119,40.945,41.4451,10128410.0
2015-11-25,41.6294,41.7785,40.6818,41.1205,5723308.0
2015-11-27,41.2258,41.6732,41.0415,41.3574,2332394.0
2015-11-30,41.4188,41.6206,40.7433,40.7608,5945016.0
2015-12-01,41.0679,41.8487,40.8661,41.8224,5084500.0
2015-12-02,43.1998,43.2787,42.2698,42.4014,11104105.0
2015-12-03,42.4804,42.9804,41.9803,42.3049,9579260.0
2015-12-04,42.9892,43.6911,42.6909,43.6735,11422382.0
2015-12-07,44.1034,45.4633,44.0332,45.4282,12591779.0
2015-12-08,45.0334,45.4633,43.77,44.1034,11501628.0
2015-12-09,43.8841,44.5158,43.112,43.4367,7300577.0
2015-12-10,43.6121,45.551,43.463,44.9895,8487629.0
2015-12-11,44.1912,44.4368,43.1735,43.2349,7009658.0
2015-12-14,43.4454,44.2263,42.7787,44.0245,8601436.0
2015-12-15,44.4544,45.1036,43.928,44.8755,6873340.0
2015-12-16,45.0948,45.8756,44.6123,45.7265,8060921.0
2015-12-17,45.6037,46.2968,44.7614,44.7702,8706780.0
2015-12-18,44.779,45.5773,43.8315,43.8315,10866991.0
2015-12-21,44.2701,45.1825,44.235,45.1475,7516040.0
2015-12-22,45.3141,45.5773,44.8843,45.4019,5466931.0
2015-12-23,45.3931,45.5072,44.6649,45.3931,4988091.0
2015-12-24,45.3668,46.1915,45.3492,45.8493,3424836.0
2015-12-28,45.9809,46.2529,45.0246,45.5773,4776266.0
2015-12-29,45.5598,45.9897,45.5159,45.7704,3803604.0
2015-12-30,45.823,45.8844,44.7965,44.893,4470580.0
2015-12-31,44.7439,44.8141,44.1736,44.4719,4545759.0
2016-01-04,43.3577,43.3577,42.3751,42.6909,10719213.0
2016-01-05,43.2612,43.6472,41.2697,42.612,12983006.0
2016-01-06,41.9277,43.2524,41.7873,42.9278,9048721.0
2016-01-07,42.454,42.7085,41.0065,41.2346,9165936.0
2016-01-08,41.6557,42.9454,40.7871,40.8924,8589011.0
2016-01-11,41.2258,41.489,39.98,41.0065,11053932.0
2016-01-12,41.296,41.6557,40.1993,41.1995,10938903.0
2016-01-13,41.6732,41.6732,39.0763,39.4273,9826723.0
2016-01-14,39.5062,40.1379,38.6201,39.7782,10150508.0
2016-01-15,38.4973,39.7957,38.12,39.0412,14435021.0
2016-01-19,40.1818,41.0152,39.6466,40.3221,13936977.0
2016-01-20,40.5239,41.024,37.3217,40.0853,19652446.0
2016-01-21,40.9275,41.3398,39.8045,40.8134,10902636.0
2016-01-22,41.3135,41.6645,40.8134,41.024,8531627.0
2016-01-25,41.7522,41.7785,40.2256,40.3046,7431450.0
2016-01-26,40.7871,41.1468,40.0326,40.4537,7877711.0
2016-01-27,40.6731,41.2346,39.1465,39.2342,9466983.0
2016-01-28,39.3395,39.4799,37.3041,37.9007,12824215.0
2016-01-29,37.8481,38.9009,37.2164,38.857,10040025.0
2016-02-01,39.243,39.9887,38.6113,39.6641,7462924.0
2016-02-02,39.6466,39.9361,38.006,38.2604,7971454.0
2016-02-03,38.5762,38.7342,36.9356,38.4271,8954244.0
2016-02-04,38.4096,38.9272,38.0411,38.6377,8543026.0
2016-02-05,38.7254,39.0851,36.5584,36.8567,12886264.0
2016-02-08,36.2425,36.497,35.1371,35.7688,13093575.0
2016-02-09,35.4003,37.2778,35.1196,36.8304,10602283.0
2016-02-10,37.4006,38.4096,37.2602,37.9621,10184931.0
2016-02-11,37.3916,38.1837,36.9692,37.462,8373659.0
2016-02-12,37.8449,37.9681,37.088,37.8361,6634685.0
2016-02-16,38.2761,39.3147,37.9241,39.2355,6989584.0
2016-02-17,39.5875,40.7229,39.5611,40.5732,8998588.0
2016-02-18,40.8373,41.0837,40.4676,40.8901,9605925.0
2016-02-19,40.8901,41.4974,40.6965,41.1189,9236448.0
2016-02-22,41.5414,43.0464,41.3653,42.9671,10915338.0
2016-02-23,42.6591,43.5216,42.6415,43.0816,8184988.0
2016-02-24,42.6415,43.1696,42.0606,43.0728,8062277.0
2016-02-25,43.196,43.5216,42.8351,43.3016,6625775.0
2016-02-26,43.4336,43.5216,41.9814,42.1222,11037550.0
2016-02-29,42.0254,42.9495,41.7174,42.4567,6442905.0
2016-03-01,42.8879,43.3456,42.6151,43.0376,6466547.0
2016-03-02,42.3335,42.7559,41.9022,42.7295,8155919.0
2016-03-03,42.7647,43.1344,42.5535,42.9407,7678761.0
2016-03-04,43.1784,43.2136,42.6591,42.8351,7303199.0
2016-03-07,42.4567,42.6679,42.1134,42.5887,6644600.0
2016-03-08,41.1101,41.4534,40.494,40.6789,12421333.0
2016-03-09,40.7581,41.3125,40.6789,41.1365,7750710.0
2016-03-10,41.3653,41.7966,40.7317,41.3653,6416784.0
2016-03-11,41.779,42.3071,41.6118,41.9726,5833574.0
2016-03-14,41.8054,42.4567,41.647,42.1486,4999906.0
2016-03-15,42.087,42.1926,41.7438,42.0342,4223462.0
2016-03-16,41.779,42.9495,41.691,42.9231,5588088.0
2016-03-17,42.7559,42.9319,42.2895,42.7911,5762752.0
2016-03-18,42.8351,44.2697,42.7559,44.0497,10286873.0
2016-03-21,44.0409,44.4457,43.9529,44.1113,5527398.0
2016-03-22,42.8703,43.7769,42.4215,43.4688,11674726.0
2016-03-23,43.6448,43.768,42.7735,43.0464,7945108.0
2016-03-24,42.6679,42.7383,41.6822,42.1046,7494981.0
2016-03-28,42.1574,42.6943,42.043,42.4215,4937017.0
2016-03-29,42.3335,43.284,42.2719,43.24,6035925.0
2016-03-30,43.6096,44.0761,43.3808,43.416,5129825.0
2016-03-31,43.4512,43.7769,42.8263,42.8439,5293558.0
2016-04-01,41.8054,41.867,41.1365,41.3741,12210946.0
2016-04-04,41.4622,42.5271,41.1541,41.4974,6905469.0
2016-04-05,41.3389,42.0782,41.1189,41.5062,5490735.0
2016-04-06,41.559,41.647,41.2333,41.5414,4893123.0
2016-04-07,41.3653,41.5326,39.966,40.3092,8967128.0
2016-04-08,40.5732,41.0309,40.186,40.7405,4980805.0
2016-04-11,41.2509,42.0694,40.9253,40.9693,7315107.0
2016-04-12,41.2157,41.5942,40.9429,41.0397,7554263.0
2016-04-13,41.4974,42.3599,41.2421,42.2807,9924838.0
2016-04-14,43.0816,43.8297,42.4831,42.6767,13982830.0
2016-04-15,42.8967,42.9583,41.4974,41.8054,10464362.0
2016-04-18,41.9374,41.9374,40.6701,40.9693,10064590.0
2016-04-19,41.0925,41.735,41.0133,41.2509,7755906.0
2016-04-20,41.2773,41.8318,40.9957,41.0133,7049985.0
2016-04-21,40.7317,40.7581,39.3763,39.5787,13344324.0
2016-04-22,38.2233,39.3147,37.9857,39.2707,12878497.0
2016-04-25,39.1827,39.4995,38.5402,38.6634,7914789.0
2016-04-26,38.857,39.1827,37.8977,38.3642,10520504.0
2016-04-27,38.505,38.9362,38.0913,38.4522,8138546.0
2016-04-28,38.2321,38.549,37.6249,37.7217,9273919.0
2016-04-29,37.4488,37.5897,36.2783,36.6743,13469862.0
2016-05-02,37.0616,37.396,36.7887,37.1144,9494725.0
2016-05-03,37.8009,38.0209,36.8152,37.7745,12849983.0
2016-05-04,37.2904,37.4576,36.2343,36.4631,12479333.0
2016-05-05,36.6039,37.2024,36.4807,36.7447,8611184.0
2016-05-06,36.6203,37.1942,36.0376,37.0,9793887.0
2016-05-09,37.181,37.8255,37.075,37.437,9285602.0
2016-05-10,37.5165,38.0021,37.4459,37.9227,7939058.0
2016-05-11,37.6931,38.2405,37.3399,37.3487,8327687.0
2016-05-12,37.4724,37.4988,35.883,36.2627,12027132.0
2016-05-13,35.9802,37.2428,35.9802,36.7307,9722441.0
2016-05-16,37.5695,38.1081,37.181,37.9668,10576183.0
2016-05-17,37.7637,39.2029,37.7461,38.5584,14686074.0
2016-05-18,38.3641,39.4325,38.3641,38.7261,8361822.0
2016-05-19,38.2052,38.7438,37.5695,38.0551,7787701.0
2016-05-20,38.3376,38.6908,37.9403,38.0551,5361682.0
2016-05-23,37.9668,38.4966,37.8873,37.9227,4262770.0
2016-05-24,38.0551,38.6467,38.011,38.5231,8181124.0
2016-05-25,38.5672,38.9469,38.3023,38.4083,6717692.0
2016-05-26,38.3818,38.4966,37.437,37.7549,7712225.0
2016-05-27,37.8167,38.3553,37.799,38.0728,4786497.0
2016-05-31,38.1875,38.4171,37.6578,38.373,7971898.0
2016-06-01,38.2758,38.5937,38.0286,38.4171,6117199.0
2016-06-02,37.7637,38.373,37.437,37.4812,8743181.0
2016-06-03,37.2781,37.437,36.4216,36.7042,13963375.0
2016-06-06,36.6777,36.7307,36.2009,36.4481,10108590.0
2016-06-07,36.5099,37.799,36.2009,37.1722,10160242.0
2016-06-08,37.2604,37.4812,36.2804,36.9514,12649085.0
2016-06-09,36.8631,37.596,36.66,37.437,6870421.0
2016-06-10,37.1368,37.3399,36.5629,37.1192,6070832.0
2016-06-13,36.7218,36.819,35.7859,35.8212,8740767.0
2016-06-14,35.68,35.8124,34.1171,34.5321,13950833.0
2016-06-15,34.7617,35.1237,34.2849,34.3379,9421960.0
2016-06-16,33.8788,34.0553,33.4108,33.5697,12150341.0
2016-06-17,33.4991,33.764,33.2695,33.5609,9510531.0
2016-06-20,33.9317,34.1966,33.5521,33.6315,9132998.0
2016-06-21,34.1436,34.435,33.5962,34.1436,10876164.0
2016-06-22,34.0553,34.5763,33.9935,34.0377,6143027.0
2016-06-23,34.435,34.4968,33.3137,33.8258,9990253.0
2016-06-24,31.8656,32.7397,31.0533,31.0621,20549498.0
2016-06-27,30.7619,30.8502,28.7841,29.4552,26599802.0
2016-06-28,30.2587,30.6118,29.6671,30.6118,18338251.0
2016-06-29,31.2917,32.1217,30.8237,31.9981,13614525.0
2016-06-30,32.0157,32.1658,31.5478,32.1658,10554661.0
2016-07-01,32.1482,32.6691,32.0599,32.466,8441311.0
2016-07-05,31.7862,31.9981,30.709,31.4506,13013733.0
2016-07-06,30.8679,31.4418,30.0821,31.4153,13385678.0
2016-07-07,31.38,32.21,31.3447,32.1129,8086807.0
2016-07-08,32.5808,33.3313,32.5455,32.9958,10783592.0
2016-07-11,33.2607,33.9494,33.1989,33.658,9308882.0
2016-07-12,34.6116,35.68,34.5498,35.5034,17440595.0
2016-07-13,35.7594,35.8477,34.8058,34.9295,12529389.0
2016-07-14,35.6093,36.5099,35.4504,36.1832,16576638.0
2016-07-15,35.7241,35.7948,35.0619,35.3003,14034864.0
2016-07-18,35.4681,35.7771,35.3709,35.4063,7103461.0
2016-07-19,35.212,35.8301,34.8765,35.7859,8483145.0
2016-07-20,35.936,36.3952,35.265,35.5034,8569722.0
2016-07-21,34.5321,34.6646,33.7905,34.0112,15631647.0
2016-07-22,34.4968,34.6028,33.9317,34.3997,8587592.0
2016-07-25,34.5851,34.6646,34.0377,34.3997,6391808.0
2016-07-26,34.4085,34.7264,34.0907,34.4615,8260658.0
2016-07-27,34.3467,34.3644,33.9935,34.0289,7799895.0
2016-07-28,33.9935,34.9118,33.7728,34.7529,6773292.0
2016-07-29,34.7617,35.2297,34.2054,34.2143,9260272.0
2016-08-01,34.3644,34.8853,34.2319,34.8588,7768050.0
2016-08-02,34.2761,34.3026,32.0422,32.1305,17776817.0
2016-08-03,32.1217,32.5543,31.9363,32.21,10087945.0
2016-08-04,32.2453,32.3866,31.795,32.263,8093330.0
2016-08-05,32.6515,33.3137,32.5455,33.2607,7165396.0
2016-08-08,33.0664,33.764,32.987,33.0576,7546022.0
2016-08-09,33.3342,33.6094,32.7927,32.8016,7396743.0
2016-08-10,32.8482,32.9547,32.1734,32.3865,8899486.0
2016-08-11,32.4753,32.8926,32.209,32.5818,6825124.0
2016-08-12,32.5641,32.6173,32.1912,32.2711,6760057.0
2016-08-15,32.2711,32.8926,31.8183,32.7771,9985013.0
2016-08-16,32.6795,33.1234,32.6617,32.7949,8091023.0
2016-08-17,32.8482,33.3187,32.5907,33.3009,9272939.0
2016-08-18,33.1766,33.2299,32.715,32.9103,11320356.0
2016-08-19,32.6173,32.8304,32.2889,32.644,6931166.0
2016-08-22,32.4309,32.6173,32.0225,32.5019,10175142.0
2016-08-23,32.6528,32.9636,32.5108,32.5729,7056311.0
2016-08-24,32.5197,32.8926,32.3688,32.644,6692703.0
2016-08-25,32.5286,32.6795,32.351,32.3776,5879364.0
2016-08-26,32.4131,32.5286,31.8716,32.0403,7281674.0
2016-08-29,32.2001,32.493,32.1912,32.4487,4993877.0
2016-08-30,32.4131,33.3808,32.2977,32.9902,8740832.0
2016-08-31,33.1323,33.1323,31.9781,32.6262,11463924.0
2016-09-01,32.8482,32.9813,32.2445,32.6884,6396318.0
2016-09-02,32.5552,33.2832,32.5552,32.9991,9016019.0
2016-09-06,33.0524,33.1056,32.5374,32.6884,6818600.0
2016-09-07,33.2477,34.7835,33.2122,34.535,15131432.0
2016-09-08,34.4373,34.8901,34.2686,34.8812,8923030.0
2016-09-09,34.7036,34.97,33.514,33.514,9447498.0
2016-09-12,33.0612,34.2597,32.7328,34.1266,7565776.0
2016-09-13,33.9135,34.1887,33.1855,33.3187,8686206.0
2016-09-14,33.2299,33.6383,32.786,32.9547,8344817.0
2016-09-15,32.9281,33.3986,32.6884,33.1056,8365876.0
2016-09-16,32.8659,32.9902,32.4842,32.644,7414529.0
2016-09-19,32.7683,33.5051,32.715,33.3542,8007158.0
2016-09-20,33.3808,33.8336,33.2122,33.4075,6440157.0
2016-09-21,33.5495,34.0023,33.2743,33.7803,7590838.0
2016-09-22,33.878,34.5882,33.8691,34.1798,10150853.0
2016-09-23,33.8958,34.5616,33.8958,34.4284,6124805.0
2016-09-26,34.1976,34.4018,33.6561,33.7715,6580697.0
2016-09-27,33.736,34.8457,33.7182,34.8102,8572673.0
2016-09-28,34.8901,35.7157,34.7214,34.8279,9565521.0
2016-09-29,34.677,35.2274,34.6415,34.6504,6404492.0
2016-09-30,34.7569,35.1564,34.5616,34.9433,7507865.0
2016-10-03,34.8457,35.5559,34.8102,35.4938,10705594.0
2016-10-04,36.6213,36.7367,35.6003,35.6447,10979991.0
2016-10-05,35.6536,35.9377,35.5559,35.7956,5914984.0
2016-10-06,35.7424,35.8489,35.2896,35.4583,6180426.0
2016-10-07,35.405,35.4494,34.4462,34.5793,8889327.0
2016-10-10,34.8102,35.4671,34.7924,35.3073,7027488.0
2016-10-11,35.7335,35.7424,34.4373,34.5705,10878359.0
2016-10-12,34.6326,35.0676,34.2331,34.8634,10117645.0
2016-10-13,34.2065,36.2928,33.6561,35.5204,22817153.0
2016-10-14,35.911,36.1774,35.3517,35.547,10185387.0
2016-10-17,35.2807,35.9465,34.8546,34.9345,9262109.0
2016-10-18,34.97,35.7512,34.6681,35.0321,11846415.0
2016-10-19,35.112,36.3194,34.7924,36.3105,12407908.0
2016-10-20,36.2395,36.8787,36.1596,36.8077,12879183.0
2016-10-21,36.4703,36.6745,36.0975,36.5502,7814506.0
2016-10-24,36.7456,37.0652,36.5325,36.7278,6316519.0
2016-10-25,36.5769,37.1894,36.3549,36.5858,7862857.0
2016-10-26,35.6447,37.6511,35.5559,36.7544,12839619.0
2016-10-27,36.9497,37.5091,36.3283,36.8166,8608834.0
2016-10-28,36.7456,37.1806,36.3993,36.7012,7079023.0
2016-10-31,37.0385,37.1273,36.5059,37.0829,7530919.0
2016-11-01,37.0918,37.7132,36.8876,37.1806,9243947.0
2016-11-02,37.1451,37.6156,37.0385,37.225,9295238.0
2016-11-03,37.3404,37.7931,37.0829,37.2161,7101305.0
2016-11-04,37.1095,38.388,37.0652,38.0684,9495341.0
2016-11-07,38.5267,39.6148,38.1967,39.2491,10299062.0
2016-11-08,38.9124,39.8132,38.4665,39.7151,8326046.0
2016-11-09,38.9749,40.5713,38.8589,40.3573,11199789.0
2016-11-10,40.4821,41.1421,40.1075,40.9816,16925737.0
2016-11-11,40.8032,41.3651,40.3662,41.3651,8744624.0
2016-11-14,41.5791,42.3461,41.5613,42.3372,10492915.0
2016-11-15,43.7196,43.9158,41.918,42.4978,13047953.0
2016-11-16,42.4443,42.578,42.0607,42.257,5915879.0
2016-11-17,42.2837,43.2826,42.1053,43.2648,7602253.0
2016-11-18,43.5234,43.684,43.0329,43.6126,6449286.0
2016-11-21,43.684,43.8534,43.2648,43.354,7854631.0
2016-11-22,43.5591,43.9694,43.4788,43.6126,8049293.0
2016-11-23,43.5145,43.9604,43.3718,43.8891,4178130.0
2016-11-25,43.8534,44.0675,43.6037,43.9158,1920740.0
2016-11-28,43.7731,44.0139,43.238,43.2469,7936335.0
2016-11-29,43.2826,43.7464,43.0151,43.3361,5836844.0
2016-11-30,42.4086,43.4788,41.7843,42.9705,7738908.0
2016-12-01,42.7742,43.6483,42.4532,42.6048,8668052.0
2016-12-02,43.1042,43.6483,42.7118,43.0864,7994981.0
2016-12-05,43.2648,43.5323,42.4353,42.6494,8305005.0
2016-12-06,42.9972,44.1388,42.908,44.0853,8135286.0
2016-12-07,44.0942,45.7799,43.8623,45.5747,9190806.0
2016-12-08,45.5747,46.3061,45.0753,45.7977,8437330.0
2016-12-09,46.3774,47.0552,45.7174,46.1812,7677658.0
2016-12-12,45.5123,45.7888,44.5223,44.5669,7398750.0
2016-12-13,44.6115,45.218,44.2548,44.2904,7391322.0
2016-12-14,44.4688,45.111,44.2191,44.4331,8600576.0
2016-12-15,45.0218,46.1455,44.9772,45.0396,9165383.0
2016-12-16,45.5034,45.9315,44.6739,44.7364,7573487.0
2016-12-19,44.7899,45.2537,44.7631,44.9683,4188190.0
2016-12-20,44.9772,45.6193,44.9683,45.2715,4659487.0
2016-12-21,45.2001,45.6193,44.995,45.4142,3484006.0
2016-12-22,45.2804,45.3518,44.2904,44.4153,4445068.0
2016-12-23,44.5402,44.7185,44.3885,44.4956,3650348.0
2016-12-27,44.5491,45.1377,44.5312,44.9147,2892786.0
2016-12-28,44.9058,45.0039,44.1031,44.1566,3764269.0
2016-12-29,44.1834,44.4599,43.8891,43.9783,2962975.0
2016-12-30,44.005,44.2012,43.5858,43.8712,3469207.0
2017-01-03,44.0318,44.7185,43.8534,44.1299,4779617.0
2017-01-04,44.6739,45.4231,44.5847,45.218,6270827.0
2017-01-05,44.9326,45.2091,44.1477,44.3529,5045228.0
2017-01-06,44.4064,44.8612,43.898,44.3083,5827799.0
2017-01-09,44.1121,44.7453,44.0764,44.3172,4332040.0
2017-01-10,44.5312,45.7977,44.4688,45.4231,7165767.0
2017-01-11,45.8958,46.1455,45.1734,45.878,8810479.0
2017-01-12,45.7531,46.3774,44.2993,45.3874,13146018.0
2017-01-13,45.2982,46.0563,45.2893,45.6907,6259201.0
2017-01-17,45.4766,45.6818,44.7631,44.888,6483428.0
2017-01-18,44.7185,45.3072,44.3975,44.8612,6083428.0
2017-01-19,44.8434,45.0396,44.2548,44.3261,6098911.0
2017-01-20,44.3885,45.0753,44.335,45.0396,6447419.0
2017-01-23,44.8345,44.9772,43.4967,43.4967,7364960.0
2017-01-24,43.6215,44.3796,43.5413,44.0942,5810953.0
2017-01-25,44.5847,44.9772,44.4242,44.7631,6778957.0
2017-01-26,45.2091,45.9672,45.0931,45.3964,7541794.0
2017-01-27,45.4766,45.5926,44.2102,44.3261,6109832.0
2017-01-30,43.6572,43.6572,42.3997,42.5156,11325107.0
2017-01-31,42.6226,42.6583,41.5345,42.1321,10950043.0
2017-02-01,42.3461,42.6048,41.9537,42.1499,7710634.0
2017-02-02,41.5524,42.5067,41.4543,42.257,7631382.0
2017-02-03,42.3818,42.8099,42.2837,42.6405,4923387.0
2017-02-06,42.9348,43.4164,42.7475,43.0418,4506042.0
2017-02-07,43.2023,43.6483,42.8813,42.9437,6447321.0
2017-02-08,43.0418,43.0775,42.5691,42.8991,3868253.0
2017-02-09,43.0418,44.1923,42.9259,43.9961,6424872.0
2017-02-10,44.1923,44.2102,43.7196,43.9337,4426776.0
2017-02-13,44.0318,44.9683,43.9515,44.6472,5448743.0
2017-02-14,44.4331,44.5847,43.7821,44.4688,6104293.0
2017-02-15,45.4855,46.3417,45.0664,45.6372,11485100.0
2017-02-16,45.6282,45.6372,45.111,45.3339,5730572.0
2017-02-17,45.1199,45.6907,44.7631,45.6907,4254865.0
2017-02-21,45.7534,45.9594,45.4579,45.6728,5385324.0
2017-02-22,45.7109,45.7915,45.2005,45.6034,3539967.0
2017-02-23,45.7736,46.1049,44.9408,45.2005,5838177.0
2017-02-24,45.1289,45.2363,44.6633,45.1826,7513384.0
2017-02-27,45.0662,45.1826,44.6185,45.1647,5393284.0
2017-02-28,45.1557,45.308,44.6453,44.708,5795655.0
2017-03-01,45.1378,46.4451,45.0841,45.693,12999469.0
2017-03-02,44.7707,45.3885,44.6006,44.7349,10635677.0
2017-03-03,44.7797,45.3438,44.52,44.8871,10426975.0
2017-03-06,44.323,44.6364,43.1679,43.741,9740116.0
2017-03-07,43.4455,43.5798,42.5859,42.6575,9311799.0
2017-03-08,42.6933,42.953,42.5501,42.6844,6221487.0
2017-03-09,42.7023,43.2933,42.0486,42.3083,7793998.0
2017-03-10,42.362,42.962,42.2725,42.8993,5548557.0
2017-03-13,42.8903,43.1769,42.2367,42.3979,6201389.0
2017-03-14,42.1024,42.1471,41.2965,41.4398,12608972.0
2017-03-15,41.1264,42.5232,40.4996,42.2546,16307516.0
2017-03-16,42.6396,42.7113,42.1024,42.4516,7010103.0
2017-03-17,42.6396,42.6665,41.6457,41.6457,7904216.0
2017-03-20,42.2904,42.2904,41.6815,41.9501,5163787.0
2017-03-21,42.1471,42.2456,40.6787,40.7592,9305684.0
2017-03-22,40.5175,41.0458,39.8191,40.9562,11112246.0
2017-03-23,41.0726,41.386,40.7145,41.1174,4821108.0
2017-03-24,41.2786,41.4666,40.8309,41.189,5660894.0
2017-03-27,40.6697,41.4219,40.3653,41.2786,4858114.0
2017-03-28,41.2786,41.9054,40.9741,41.6636,6603996.0
2017-03-29,41.5651,41.7711,40.9473,41.1443,5575916.0
2017-03-30,41.207,41.6188,41.1085,41.4308,4329022.0
2017-03-31,41.2965,41.4487,41.0906,41.1532,4514769.0
2017-04-03,41.189,41.4935,40.804,41.4756,6377687.0
2017-04-04,41.0458,41.2338,40.2936,40.3921,7793764.0
2017-04-05,40.6787,41.2786,40.3205,40.3653,7538978.0
2017-04-06,40.4369,40.8846,40.1772,40.5264,5008700.0
2017-04-07,40.4906,40.6608,40.0698,40.4459,7700293.0
2017-04-10,40.3563,40.4996,39.9355,40.2668,8588143.0
2017-04-11,40.2936,40.5802,39.828,40.5533,9375594.0
2017-04-12,42.0576,42.2367,40.2936,40.3384,12937140.0
2017-04-13,40.231,40.2936,39.2281,39.4251,13375923.0
2017-04-17,39.5146,39.8012,39.3982,39.7116,6212049.0
2017-04-18,39.5773,40.0966,39.3714,39.7653,7271843.0
2017-04-19,40.1235,40.8309,40.025,40.3653,7548448.0
2017-04-20,40.6608,41.3413,40.5175,41.1264,6657655.0
2017-04-21,41.0547,41.2249,40.5623,40.7682,5604726.0
2017-04-24,41.6368,42.0218,41.2517,41.9143,11332254.0
2017-04-25,42.2098,42.5769,41.8158,41.8427,7227409.0
2017-04-26,41.8427,42.1382,41.4935,41.5204,6199420.0
2017-04-27,40.9025,41.0637,40.1683,40.9562,11448908.0
2017-04-28,41.1532,41.2249,40.5533,40.6876,5493619.0
2017-05-01,40.8219,41.189,40.6518,40.6518,5568171.0
2017-05-02,40.9652,42.9172,40.7503,42.8277,11484282.0
2017-05-03,42.6754,43.4186,42.568,43.2575,8707384.0
2017-05-04,43.3918,43.6962,43.159,43.5529,6720398.0
2017-05-05,43.544,43.9022,43.2037,43.6067,4410474.0
2017-05-08,43.6604,43.9559,43.338,43.4455,5227534.0
2017-05-09,43.8753,44.717,43.7678,44.3767,7836121.0
2017-05-10,44.1887,44.7617,44.0544,44.7438,6269839.0
2017-05-11,44.7797,44.9319,43.7947,44.4931,7560229.0
2017-05-12,44.314,44.3857,43.7857,43.8663,5920733.0
2017-05-15,43.9827,44.511,43.8753,44.332,4877262.0
2017-05-16,44.3679,44.4488,43.6756,44.332,5783545.0
2017-05-17,43.9026,44.0375,42.8597,42.9226,7056410.0
2017-05-18,42.8327,43.4171,42.7518,42.8507,4298383.0
2017-05-19,43.0215,43.7318,42.9856,43.3362,4479449.0
2017-05-22,43.4891,43.8037,43.4621,43.5969,4499498.0
2017-05-23,43.6599,43.9026,43.4351,43.6869,4179298.0
2017-05-24,43.7588,44.0285,43.588,43.9386,4153530.0
2017-05-25,44.0465,45.3412,44.0195,45.3142,6485035.0
2017-05-26,45.2333,45.8087,45.2333,45.6738,5061733.0
2017-05-30,45.485,45.485,44.0914,44.1094,8251655.0
2017-05-31,44.2263,44.3702,43.6239,44.1724,6520409.0
2017-06-01,44.3072,45.0175,44.3072,44.8197,5331758.0
2017-06-02,45.4491,46.6449,45.4041,46.0245,9317084.0
2017-06-05,45.8447,46.2942,45.4671,46.2043,6667350.0
2017-06-06,45.9885,46.474,45.8986,46.0605,5417984.0
2017-06-07,45.9975,47.2023,45.53,46.9955,8876047.0
2017-06-08,47.2023,48.0564,46.9236,47.508,8047856.0
2017-06-09,47.5619,48.1643,47.3462,47.6608,8926696.0
2017-06-12,47.6069,47.6069,46.1863,46.9775,8655104.0
2017-06-13,47.0045,47.508,46.2672,46.6359,7115595.0
2017-06-14,46.7617,46.9326,46.3392,46.6718,5356256.0
2017-06-15,46.483,46.6089,45.7727,46.3572,5918500.0
2017-06-16,46.3482,46.7528,46.0784,46.7528,4288586.0
2017-06-19,46.8427,47.3192,46.6988,47.2113,4838024.0
2017-06-20,47.3641,47.472,46.4471,46.537,5872184.0
2017-06-21,46.7438,47.2742,46.528,46.9955,4500929.0
2017-06-22,47.6429,47.8317,46.9056,47.481,6388554.0
2017-06-23,47.472,47.8047,47.3102,47.5799,5200320.0
2017-06-26,47.6698,48.3621,47.3731,47.535,4911165.0
2017-06-27,47.535,47.8407,47.2922,47.508,5000291.0
2017-06-28,47.8766,48.7308,47.8766,48.4071,5802911.0
2017-06-29,48.6498,49.0275,48.2632,48.4341,6128035.0
2017-06-30,48.5689,48.8027,48.3082,48.3172,3900126.0
2017-07-03,48.7847,49.1893,48.3172,48.6049,2951920.0
2017-07-05,48.6858,49.0994,48.3172,48.8476,5075797.0
2017-07-06,48.7308,49.3062,48.452,48.8836,5207013.0
2017-07-07,49.0454,49.8996,48.8027,49.8636,6616544.0
2017-07-10,49.513,50.1243,49.1264,49.2792,7033642.0
2017-07-11,49.2882,49.486,48.7128,48.8027,4516917.0
2017-07-12,49.1803,49.9805,49.1803,49.8816,10209087.0
2017-07-13,49.0724,49.477,48.3891,49.0005,11518366.0
2017-07-14,49.0005,49.8007,48.9106,49.5669,8209426.0
2017-07-17,49.6298,49.7108,49.0994,49.1264,4504878.0
2017-07-18,49.0005,49.0005,48.4341,48.515,5539860.0
2017-07-19,48.3441,48.8566,47.7418,48.3621,8421287.0
2017-07-20,48.3621,48.47,47.4271,47.499,7354689.0
2017-07-21,47.2473,47.3821,46.8157,46.9865,6083466.0
2017-07-24,46.9865,47.1214,46.2313,46.3302,5603216.0
2017-07-25,46.6808,46.9416,45.9256,45.9795,4388301.0
2017-07-26,46.0065,46.0964,45.521,45.9705,7039925.0
2017-07-27,45.3142,45.8357,44.532,45.0265,10924963.0
2017-07-28,44.9366,45.2962,44.4151,45.2513,7780658.0
2017-07-31,45.3771,45.5839,44.2892,44.3792,8052603.0
2017-08-01,44.7568,45.1344,44.2892,45.0175,7076646.0
2017-08-02,44.9636,45.2243,44.487,44.9636,4324343.0
2017-08-03,45.0625,45.6199,44.8916,45.4671,4481466.0
2017-08-04,45.6199,45.6738,45.2513,45.503,3722157.0
2017-08-07,46.0515,46.3482,45.5749,45.6289,5243515.0
2017-08-08,45.6289,45.8896,45.1614,45.2333,5165502.0
2017-08-09,44.9366,45.0175,44.505,44.6579,5889069.0
2017-08-10,44.568,44.6399,44.0375,44.0914,6863541.0
2017-08-11,44.0105,44.577,43.57,44.487,5544893.0
2017-08-14,44.9456,45.1704,44.6489,45.0175,4027262.0
2017-08-15,45.1793,45.2513,44.8287,44.8826,3543991.0
2017-08-16,45.1704,45.4041,45.0175,45.0715,3252508.0
2017-08-17,44.9726,45.0894,42.7158,42.7338,9592616.0
2017-08-18,42.9057,43.2677,42.5257,42.7338,7279958.0
2017-08-21,42.9736,43.3446,42.8469,43.2632,3968298.0
2017-08-22,43.3627,43.4985,42.6117,42.6659,6008903.0
2017-08-23,42.494,42.5302,41.4353,41.7882,9311836.0
2017-08-24,42.0597,42.0778,40.7204,40.9104,10355000.0
2017-08-25,41.1095,42.5845,41.0371,42.2406,10007799.0
2017-08-28,42.3764,42.7202,42.2135,42.485,5346330.0
2017-08-29,41.752,42.3492,41.4896,42.1864,4862393.0
2017-08-30,42.0416,42.5302,41.7158,42.3764,5196094.0
2017-08-31,42.5483,42.8379,42.3854,42.7021,4805128.0
2017-09-01,42.9103,43.2994,42.7926,43.0008,5043294.0
2017-09-05,42.3492,42.7745,41.39,41.4805,9713333.0
2017-09-06,40.9195,42.9374,40.3494,42.8831,16665056.0
2017-09-07,42.8017,43.2541,42.5031,42.6388,6404485.0
2017-09-08,42.5121,43.227,42.4307,42.9374,4971353.0
2017-09-11,43.3899,44.53,43.3808,44.1771,8913608.0
2017-09-12,44.2857,44.4848,43.9238,44.3762,4992538.0
2017-09-13,44.3038,44.4576,44.0052,44.3219,5415718.0
2017-09-14,44.2495,44.2676,43.5618,43.6794,5344889.0
2017-09-15,43.4804,43.8423,43.2994,43.6613,6473161.0
2017-09-18,43.7337,43.8423,43.227,43.3989,4692892.0
2017-09-19,43.4442,44.3219,43.2089,43.3446,5555026.0
2017-09-20,43.4351,43.9781,43.236,43.4713,4737241.0
2017-09-21,43.4351,43.7518,42.9103,43.5799,5519596.0
2017-09-22,43.6704,44.0323,43.5256,43.8604,3987198.0
2017-09-25,43.8152,44.0323,43.2722,43.7247,4634070.0
2017-09-26,43.8514,44.3853,43.6794,43.8876,4600640.0
2017-09-27,44.2495,44.5934,42.6388,43.1817,10385112.0
2017-09-28,42.9465,44.0866,42.9465,43.7156,7293497.0
2017-09-29,43.7971,44.0233,43.4351,43.6342,4479409.0
2017-10-02,43.7518,43.9057,43.3446,43.4985,6243310.0
2017-10-03,43.5708,46.4846,43.5708,46.376,14182087.0
2017-10-04,46.3489,47.118,46.1317,46.6565,6707651.0
2017-10-05,46.5842,46.8466,46.376,46.7651,4418310.0
2017-10-06,46.5118,47.5253,46.5118,47.0638,5028586.0
2017-10-09,47.118,47.4438,46.548,46.8194,4186262.0
2017-10-10,47.7153,48.6021,47.48,47.6881,10165205.0
2017-10-11,48.2492,48.8374,47.5072,48.0229,10281386.0
2017-10-12,48.0501,48.1315,47.5433,48.0591,4753760.0
2017-10-13,48.0591,48.9007,47.9777,48.8283,5262489.0
2017-10-16,48.6654,48.7288,48.213,48.5206,3944206.0
2017-10-17,48.4211,48.9188,47.6519,47.7424,5610356.0
2017-10-18,47.851,48.0682,47.661,47.8329,4229076.0
2017-10-19,47.5705,47.7786,46.4846,47.299,8265561.0
2017-10-20,47.6157,48.213,47.5343,48.2039,5736928.0
2017-10-23,48.2311,48.2854,47.2628,47.3081,3536725.0
2017-10-24,47.5072,48.3035,47.0819,48.1225,4278915.0
2017-10-25,48.2944,48.2944,47.1633,47.2719,4781845.0
2017-10-26,47.842,48.5206,45.9145,46.0865,9500497.0
2017-10-27,46.0774,46.367,45.1997,45.7517,6570275.0
2017-10-30,45.444,45.8512,45.254,45.5435,3448795.0
2017-10-31,45.5164,45.7517,45.1906,45.2721,3870939.0
2017-11-01,45.4168,46.0865,45.1997,45.5616,4899157.0
2017-11-02,45.6793,45.6883,44.9191,45.5526,5634962.0
2017-11-03,45.6883,45.8693,45.1363,45.6069,3633170.0
2017-11-06,45.6069,46.3036,45.4983,45.7607,3560245.0
2017-11-07,45.7607,45.8059,45.0277,45.1635,3222014.0
2017-11-08,45.0187,45.6069,44.7563,45.2992,2871186.0
2017-11-09,44.9734,45.2359,44.4395,44.5119,4808715.0
2017-11-10,44.521,44.6748,44.1862,44.2405,5712262.0
2017-11-13,43.9781,44.2495,43.7337,44.2133,4222757.0
2017-11-14,44.1771,44.331,43.9419,44.2495,3769726.0
2017-11-15,44.0286,44.8298,43.7372,44.6386,5126535.0
2017-11-16,45.0347,46.1182,44.9983,45.9361,5763991.0
2017-11-17,45.5719,45.6994,45.0984,45.3625,3712838.0
2017-11-20,45.3898,45.4353,44.7251,45.3352,3528047.0
2017-11-21,45.5264,46.1455,45.2805,46.1364,3496714.0
2017-11-22,46.0181,46.2821,45.7722,45.8997,3534865.0
2017-11-24,45.9634,45.9634,45.5082,45.6265,1596837.0
2017-11-27,45.5719,45.6721,44.9801,45.1531,3668830.0
2017-11-28,44.8981,46.1455,44.6887,46.0545,6484050.0
2017-11-29,46.2821,48.0303,46.1638,47.4385,9685237.0
2017-11-30,47.8027,48.7132,47.5933,48.1851,7781820.0
2017-12-01,47.8482,48.7861,47.1289,47.4021,7798991.0
2017-12-04,48.5038,49.2869,47.8027,48.176,7264885.0
2017-12-05,48.3581,48.4128,47.6297,47.7026,4568486.0
2017-12-06,47.5387,48.0577,47.4294,47.6206,3220247.0
2017-12-07,47.3474,48.6313,47.2746,48.6313,6008461.0
2017-12-08,49.123,49.733,48.5949,48.6768,5833394.0
2017-12-11,48.9136,49.9516,48.7132,49.5054,6584103.0
2017-12-12,49.5965,49.8878,48.7497,48.8225,4958503.0
2017-12-13,48.9955,49.1412,48.3763,48.8316,5248139.0
2017-12-14,49.9698,50.6253,49.0957,50.3067,11714561.0
2017-12-15,50.4341,51.4357,50.4068,51.0806,10112878.0
2017-12-18,51.463,51.6907,50.8803,51.0533,7561384.0
2017-12-19,51.1717,51.5723,50.5252,50.7619,5765268.0
2017-12-20,50.9896,51.545,50.6982,51.1899,5898619.0
2017-12-21,51.4357,51.7544,50.8985,51.0169,5809056.0
2017-12-22,51.1443,51.199,50.8712,51.0169,2982542.0
2017-12-26,50.8985,51.6998,50.8803,51.3811,2645826.0
2017-12-27,51.3265,51.4357,50.9167,51.0988,3129436.0
2017-12-28,51.1535,51.4539,50.9805,51.3082,3204538.0
2017-12-29,51.4721,51.6178,50.9805,50.9896,2335822.0
2018-01-02,51.2536,51.6633,50.8712,51.6633,4045139.0
2018-01-03,51.4175,51.5268,50.1428,50.7073,8146411.0
2018-01-04,50.7437,50.8621,50.0153,50.7073,7540930.0
2018-01-05,50.7346,51.0351,50.4432,50.9622,4214488.0
2018-01-08,50.9167,51.0169,49.6147,49.7877,7599792.0
2018-01-09,49.8969,50.2793,49.0592,49.3233,7852998.0
2018-01-10,49.8423,50.944,49.8241,50.8621,9201294.0
2018-01-11,51.9911,53.9032,51.2263,53.2841,22561339.0
2018-01-12,53.8213,55.0869,53.6392,54.4769,10547615.0
2018-01-16,54.8138,55.351,53.6301,54.0398,7823411.0
2018-01-17,54.2948,54.7774,54.1491,54.3767,5003712.0
2018-01-18,54.4496,54.6772,53.9306,54.1309,4646137.0
2018-01-19,54.3494,54.6499,53.794,54.6408,4589142.0
2018-01-22,54.5406,54.7774,54.0762,54.75,5671007.0
2018-01-23,54.7227,54.8866,54.0945,54.5679,5067081.0
2018-01-24,51.3902,52.0276,50.5889,51.718,18789899.0
2018-01-25,51.9001,52.0276,49.6147,49.906,15905649.0
2018-01-26,50.3613,50.8985,49.9242,50.3158,7601265.0
2018-01-29,50.079,51.1717,50.079,50.771,7585412.0
2018-01-30,50.6253,51.4812,50.4615,51.0988,6044996.0
2018-01-31,51.2627,52.1459,51.2081,51.6907,6601708.0
2018-02-01,51.4539,52.064,50.9896,51.372,4612442.0
2018-02-02,51.0624,51.2354,49.6602,49.733,7726755.0
2018-02-05,49.1685,49.8241,47.8027,47.8209,7896363.0
2018-02-06,47.2291,48.7132,46.6737,48.349,10864892.0
2018-02-07,48.1032,49.5782,48.0759,49.0319,7841195.0
2018-02-08,49.0319,49.0774,46.6281,46.6463,10258330.0
2018-02-09,47.3019,47.3474,44.1788,45.9452,17483620.0
2018-02-12,46.6372,47.7936,46.182,47.393,8985018.0
2018-02-13,47.22,47.6115,46.7647,47.5022,5854192.0
2018-02-14,47.2746,47.8756,47.1198,47.5296,5622819.0
2018-02-15,47.8664,48.4037,47.3292,48.2124,4255387.0
2018-02-16,48.1396,48.7314,48.0486,48.1214,4202189.0
2018-02-20,47.83,48.4492,47.6206,47.7754,4140975.0
2018-02-21,47.9549,49.5301,47.8725,48.4037,5977890.0
2018-02-22,48.7746,48.9485,48.0328,48.1243,3870070.0
2018-02-23,48.3533,48.976,48.1885,48.9577,3159634.0
2018-02-26,50.0109,50.1849,49.2233,50.0841,5550025.0
2018-02-27,49.9925,50.3772,49.0218,49.1042,4273258.0
2018-02-28,49.3332,49.9101,48.8661,49.3607,4883309.0
2018-03-01,49.3332,50.3314,48.5456,48.857,6660596.0
2018-03-02,48.335,48.9302,47.4467,48.7746,5796784.0
2018-03-05,48.454,49.5346,48.1518,49.2599,4533153.0
2018-03-06,49.379,49.5621,48.976,49.3057,3708397.0
2018-03-07,48.8112,49.15,48.6555,49.0218,3530217.0
2018-03-08,49.3973,50.3772,49.324,50.0383,4946399.0
2018-03-09,50.3131,51.3662,49.9834,51.3662,5694836.0
2018-03-12,51.5127,51.7234,50.89,51.4303,5399489.0
2018-03-13,51.6135,52.2087,50.7893,51.8241,7397295.0
2018-03-14,51.8516,52.4377,51.293,51.4212,5661140.0
2018-03-15,51.7142,51.7875,51.1098,51.5952,3552908.0
2018-03-16,51.7051,52.4835,51.6776,51.9157,4509081.0
2018-03-19,51.7783,51.9523,50.8534,51.2472,4131098.0
2018-03-20,51.4303,51.9432,51.238,51.7417,3698718.0
2018-03-21,50.8167,51.6135,50.1391,51.238,8363308.0
2018-03-22,50.8259,51.2838,50.0292,50.0658,5406191.0
2018-03-23,50.1665,50.5603,49.3057,49.3607,6079499.0
2018-03-26,49.9742,50.6244,49.5163,50.423,4800664.0
2018-03-27,50.6519,50.8076,49.4156,49.6903,5124096.0
2018-03-28,49.8826,50.249,49.1958,49.3881,6275596.0
2018-03-29,49.4705,50.5695,49.2141,50.194,4679277.0
2018-04-02,49.9925,50.0292,46.6591,47.5749,8489030.0
2018-04-03,48.0694,49.2416,47.8588,49.1958,5367806.0
2018-04-04,48.2068,49.4339,48.161,49.324,5031710.0
2018-04-05,49.7361,49.8918,49.1775,49.6445,3700364.0
2018-04-06,49.3149,49.727,48.0877,48.5822,4110243.0
2018-04-09,48.8661,49.1775,48.0602,48.1335,4349207.0
2018-04-10,48.857,48.8844,47.0895,47.9503,10400284.0
2018-04-11,47.6207,48.1152,47.0346,47.1353,6253140.0
2018-04-12,48.1701,49.1225,47.5749,48.5181,10874502.0
2018-04-13,49.1042,49.8552,48.0786,48.4632,7429924.0
2018-04-16,48.7837,50.2123,48.7746,49.727,6424431.0
2018-04-17,50.3131,50.5603,49.4797,49.9559,6319307.0
2018-04-18,50.3772,51.3021,50.1116,50.5603,6438775.0
2018-04-19,50.4046,50.5786,49.9651,50.4321,4208489.0
2018-04-20,50.5786,51.119,50.5145,50.7343,5776150.0
2018-04-23,51.0732,51.1006,49.6079,50.0109,4395961.0
2018-04-24,50.1574,50.6427,48.6372,49.2782,6314905.0
2018-04-25,49.3973,50.3314,48.7288,50.0475,5910670.0
2018-04-26,49.3607,49.4889,48.335,48.6555,10351140.0
2018-04-27,48.7837,49.1775,48.6189,48.9943,4896256.0
2018-04-30,49.0401,49.2508,47.8221,47.8221,6114900.0
2018-05-01,47.8679,48.3991,47.4833,48.2983,4895626.0
2018-05-02,48.3624,48.6921,47.8771,47.9503,4338772.0
2018-05-03,47.639,47.7306,46.7873,47.4284,5814975.0
2018-05-04,47.236,48.0694,47.236,47.932,3919408.0
2018-05-07,47.987,47.987,47.1261,47.5291,4900425.0
2018-05-08,47.6756,48.5914,47.5749,47.9595,5472125.0
2018-05-09,47.7793,47.8807,47.1161,47.2727,7186346.0
2018-05-10,47.4892,48.1985,47.2773,47.959,6029606.0
2018-05-11,47.9037,48.8986,47.7932,48.7328,6690520.0
2018-05-14,48.7328,49.0645,47.7655,47.9866,7597322.0
2018-05-15,47.8761,48.567,47.6826,48.2446,5002700.0
2018-05-16,48.2814,49.7462,48.2814,49.2671,5203842.0
2018-05-17,49.2118,49.7185,48.8249,48.9171,4922698.0
2018-05-18,48.8341,49.0368,48.6499,48.7789,4426983.0
2018-05-21,49.0737,50.0686,49.046,49.7277,4278427.0
2018-05-22,50.0962,50.6582,49.2118,49.304,4137620.0
2018-05-23,49.0184,49.2487,48.8065,49.1934,2928173.0
2018-05-24,49.3132,50.2713,49.3132,50.1146,4206666.0
2018-05-25,50.345,51.6992,50.3173,51.4688,6263955.0
2018-05-29,51.0267,51.2201,49.5803,49.958,5034822.0
2018-05-30,50.2528,50.4002,49.4422,50.0317,3362758.0
2018-05-31,50.1331,50.52,49.6909,49.7922,3978340.0
2018-06-01,50.1331,50.4187,49.8106,50.1331,3500334.0
2018-06-04,50.4647,51.0635,50.1607,50.8424,3641997.0
2018-06-05,50.6305,50.6674,50.0041,50.3634,3603861.0
2018-06-06,49.0092,50.0317,48.4841,49.9028,8713473.0
2018-06-07,49.6632,49.8106,48.7144,49.2487,5543408.0
2018-06-08,48.8802,49.8751,48.8802,49.8291,4850452.0
2018-06-11,50.1054,51.4412,49.9673,50.566,5022281.0
2018-06-12,50.52,50.52,49.7277,50.2528,4152124.0
2018-06-13,50.3265,50.7319,50.0962,50.345,2932612.0
2018-06-14,50.4647,51.128,50.3081,50.5753,3689427.0
2018-06-15,50.345,50.8332,49.8567,50.8332,4788577.0
2018-06-18,50.4187,50.7227,50.0225,50.4831,3660683.0
2018-06-19,50.0502,50.1515,49.1197,49.5435,4171564.0
2018-06-20,49.7462,50.2897,49.479,49.5988,3572378.0
2018-06-21,49.5619,50.0317,49.1934,49.4974,3471767.0
2018-06-22,49.3132,49.7369,48.2906,48.567,7368910.0
2018-06-25,48.1617,48.4564,46.7153,47.2681,5984556.0
2018-06-26,47.4707,47.5536,46.8996,47.047,3858426.0
2018-06-27,47.0101,47.1483,45.7849,45.9599,7423734.0
2018-06-28,45.8954,46.0705,45.1861,45.877,5817285.0
2018-06-29,45.8862,46.356,45.6099,45.6375,4935108.0
2018-07-02,45.3703,46.2179,45.0479,45.9876,5679136.0
2018-07-03,45.3243,45.6283,44.79,44.9374,5312459.0
2018-07-05,45.2322,45.398,44.6978,45.3796,5219304.0
2018-07-06,45.4532,45.8586,45.2137,45.6743,3634425.0
2018-07-09,45.6743,46.7798,45.4164,46.5311,6701647.0
2018-07-10,46.6232,46.6693,45.702,46.614,6022457.0
2018-07-11,46.1902,46.1902,44.965,45.9139,8956680.0
2018-07-12,46.8904,47.2404,45.2506,46.7338,10846893.0
2018-07-13,46.5219,46.9733,46.3653,46.7706,5385868.0
2018-07-16,46.8904,46.8996,46.1442,46.6785,7035911.0
2018-07-17,46.614,47.5076,46.614,47.1115,4286743.0
2018-07-18,48.309,49.3316,48.2538,48.6407,8404123.0
2018-07-19,48.696,49.046,48.2998,48.8249,5031060.0
2018-07-20,48.567,48.7236,47.8761,47.8945,5596873.0
2018-07-23,47.7195,48.2538,47.2865,48.1248,3398133.0
2018-07-24,48.2582,48.4251,47.5069,47.6089,3678522.0
2018-07-25,47.544,47.9706,47.544,47.915,3807979.0
2018-07-26,47.915,50.308,47.7759,50.0668,7942665.0
2018-07-27,50.039,50.7995,50.0112,50.512,4591409.0
2018-07-30,50.3822,50.9016,49.8535,49.8906,4428141.0
2018-07-31,50.0204,51.0592,49.9091,50.4749,4438358.0
2018-08-01,50.8181,50.8923,49.5196,49.7051,3233175.0
2018-08-02,49.3526,50.1781,49.0929,50.0019,2950605.0
2018-08-03,50.2338,50.5027,50.0946,50.3265,2349980.0
2018-08-06,50.1781,50.5769,49.937,50.4749,2417407.0
2018-08-07,50.6419,51.0963,50.5677,50.7346,3163950.0
2018-08-08,50.8923,51.523,50.8737,51.2262,2661509.0
2018-08-09,51.2076,51.6807,51.1242,51.3282,2079526.0
2018-08-10,50.8088,50.8552,49.9462,50.7439,3458371.0
2018-08-13,50.9016,50.9016,49.8628,50.2894,2569851.0
2018-08-14,50.3265,51.0685,50.3172,50.7903,2387121.0
2018-08-15,50.8274,51.523,50.4193,51.2262,4018106.0
2018-08-16,51.3189,51.7549,51.2169,51.4302,2690531.0
2018-08-17,51.4673,51.9311,51.3004,51.6157,2502699.0
2018-08-20,51.9125,53.5171,51.8105,53.2574,5705211.0
2018-08-21,53.3595,53.8232,53.276,53.4244,3981409.0
2018-08-22,53.3316,53.3316,52.6546,52.7844,2825909.0
2018-08-23,52.6917,53.1647,52.6082,52.8122,2151641.0
2018-08-24,52.6824,53.2203,52.4505,53.0348,1977927.0
2018-08-27,53.3038,53.7305,53.1183,53.5635,3388974.0
2018-08-28,53.749,54.6023,53.6192,54.5281,5165757.0
2018-08-29,54.5374,54.6023,54.1757,54.2777,3406600.0
2018-08-30,54.1015,54.4354,53.9531,54.2035,2482817.0
2018-08-31,54.2035,54.5188,54.1015,54.2406,3258538.0
2018-09-04,54.2591,54.8898,54.2035,54.6116,4083479.0
2018-09-05,54.7229,55.2794,52.8215,53.0627,7701854.0
2018-09-06,53.0627,53.3502,52.1073,52.3485,6392576.0
2018-09-07,52.0146,53.5079,51.6528,52.738,5250369.0
2018-09-10,52.9143,53.5542,52.7009,53.3873,2926586.0
2018-09-11,53.174,54.222,53.0163,54.0458,3297219.0
2018-09-12,54.1107,54.1478,53.0163,53.2296,3304087.0
2018-09-13,53.2296,54.0273,53.2296,53.6284,2652003.0
2018-09-14,53.5728,54.1015,53.4522,53.7305,2689377.0
2018-09-17,53.6006,54.1293,53.6006,53.7583,2786985.0
2018-09-18,53.6748,54.0736,52.7937,53.6377,2865461.0
2018-09-19,53.6655,54.0458,53.5542,53.7026,2853866.0
2018-09-20,53.9809,54.222,53.7026,53.916,2611594.0
2018-09-21,54.2035,55.8637,54.1571,55.2887,8063077.0
2018-09-24,54.8713,54.8713,52.9885,53.2482,4599306.0
2018-09-25,53.276,53.378,52.3114,52.9606,3921946.0
2018-09-26,53.2389,53.749,53.0348,53.3409,3690640.0
2018-09-27,53.6284,54.3333,53.6284,53.7954,3044100.0
2018-09-28,53.7954,54.0458,53.3687,53.6377,3200608.0
2018-10-01,53.7861,53.9252,52.2372,52.4969,4447966.0
2018-10-02,51.421,51.5694,50.2801,50.7253,6988787.0
2018-10-03,51.0036,51.1984,50.3172,50.3822,6034149.0
2018-10-04,50.3172,50.4842,49.195,49.6773,6530904.0
2018-10-05,49.8442,49.9648,48.7312,48.8796,4580544.0
2018-10-08,48.5735,48.8981,47.8686,48.3602,4674711.0
2018-10-09,48.7219,49.0929,47.071,47.173,6583794.0
2018-10-10,47.0524,47.1452,46.0785,46.1064,11082198.0
2018-10-11,47.7666,49.1764,46.9968,47.748,13507489.0
2018-10-12,48.7497,48.8889,47.6367,48.2767,7952247.0
2018-10-15,48.2303,48.6941,48.0077,48.0819,5353883.0
2018-10-16,48.286,49.3619,48.2489,49.2599,5474142.0
2018-10-17,50.9479,51.2726,49.8071,50.3636,7737677.0
2018-10-18,50.3543,50.3636,49.1208,49.2784,4426737.0
2018-10-19,49.2784,49.6958,48.9352,49.5196,3840608.0
2018-10-22,49.6587,50.4842,49.4361,50.308,4584902.0
2018-10-23,49.4361,49.7607,48.2489,49.5752,6593745.0
2018-10-24,49.6216,49.7144,47.6367,47.7759,4750529.0
2018-10-25,47.6831,50.0483,47.6367,49.8164,7301286.0
2018-10-26,49.4454,50.2616,48.3509,49.4176,7184207.0
2018-10-29,50.2245,50.7995,48.7405,49.5474,6521429.0
2018-10-30,49.5196,51.2169,49.5103,51.1242,5753990.0
2018-10-31,51.5786,52.0609,50.7161,50.7624,5514031.0
2018-11-01,50.9108,52.1537,50.8181,51.9775,5243172.0
2018-11-02,52.4041,52.8957,51.6065,52.0517,5382578.0
2018-11-05,51.9587,52.2947,51.5201,51.9867,3949585.0
2018-11-06,51.9961,52.1454,51.1001,51.7721,4676499.0
2018-11-07,52.0894,53.4334,51.9307,53.0041,5499409.0
2018-11-08,52.8174,53.1627,52.1547,52.9481,3084472.0
2018-11-09,53.0414,53.3961,52.6214,52.8734,5017166.0
2018-11-12,52.8267,53.3774,52.4534,52.9201,3676845.0
2018-11-13,53.3214,54.0587,53.0041,53.0321,5139523.0
2018-11-14,53.1347,53.7321,52.4534,52.6681,4788421.0
2018-11-15,52.4161,52.5094,51.3334,52.3601,5618201.0
2018-11-16,52.0894,52.2854,51.2401,52.1734,4914337.0
2018-11-19,52.2667,52.8174,52.0427,52.4441,4165998.0
2018-11-20,51.8934,52.7054,51.5947,51.7161,4196012.0
2018-11-21,52.0894,53.4987,51.9587,52.2387,5544818.0
2018-11-23,52.7241,53.8441,52.5187,53.3494,2969820.0
2018-11-26,53.6854,53.9467,52.7894,52.9294,3964987.0
2018-11-27,53.4894,55.0668,53.4614,54.4228,7611079.0
2018-11-28,54.4788,55.0014,53.8627,54.9454,4843740.0
2018-11-29,54.6001,55.4681,54.4601,54.9361,3463356.0
2018-11-30,55.2628,57.2321,55.2254,56.6628,8647159.0
2018-12-03,56.9334,56.9988,55.8228,56.1121,5189135.0
2018-12-04,54.1147,55.2441,52.5747,53.1441,11839524.0
2018-12-06,52.8547,54.3481,52.7427,54.2081,6834911.0
2018-12-07,53.7694,54.2081,51.8001,52.3321,6643204.0
2018-12-10,52.4814,52.8734,51.6227,52.5654,4422101.0
2018-12-11,52.9107,53.1627,51.9214,52.1641,4935045.0
2018-12-12,52.6961,53.1721,52.2667,52.5187,4856304.0
2018-12-13,52.4814,52.6867,49.7934,49.9801,8291664.0
2018-12-14,49.3734,51.0814,49.3267,49.9427,4410155.0
2018-12-17,49.8121,49.8121,48.6454,48.8974,4104684.0
2018-12-18,49.8681,50.0267,49.1494,49.4201,4815689.0
2018-12-19,49.7467,49.7841,47.9827,48.4681,5654319.0
2018-12-20,48.0947,48.5894,46.6854,47.5161,6419852.0
2018-12-21,47.1427,47.8614,46.0041,46.1534,8747372.0
2018-12-24,45.9667,46.1534,44.7067,44.7627,4567218.0
2018-12-26,45.1734,47.0961,44.7067,47.0494,5898343.0
2018-12-27,46.6947,47.1334,45.0987,47.1334,5900297.0
2018-12-28,47.1614,47.6934,46.3961,46.8347,4914513.0
2018-12-31,46.9374,47.2827,46.2561,46.5734,4704266.0
2019-01-02,45.9667,46.8161,45.6214,46.7507,4061470.0
2019-01-03,45.2761,45.6774,42.0747,42.5694,16207017.0
2019-01-04,43.1761,45.5747,43.1574,44.6041,8897834.0
2019-01-07,44.8001,45.2107,43.9881,44.6601,7118444.0
2019-01-08,45.2387,45.4254,43.8201,44.3054,6353158.0
2019-01-09,43.9601,45.4721,43.7921,45.2387,6588491.0
2019-01-10,43.5681,45.6494,42.7654,45.4814,9740972.0
2019-01-11,45.0054,45.4254,44.4174,45.3227,4993041.0
2019-01-14,44.3987,44.7067,43.3067,44.5667,8557743.0
2019-01-15,44.7721,46.0041,43.7267,44.6414,9632470.0
2019-01-16,45.6307,45.9014,44.2494,44.3334,8293246.0
2019-01-17,44.2774,45.3321,44.1654,45.0054,5960639.0
2019-01-18,45.3974,45.4534,44.7441,44.9027,6167661.0
2019-01-22,44.8467,44.8467,43.7174,43.9601,6777008.0
2019-01-23,44.1374,44.6134,43.8107,44.1467,6911372.0
2019-01-24,45.0427,45.3134,44.0254,44.3521,7835836.0
2019-01-25,44.4734,44.9401,43.7734,44.5107,9932455.0
2019-01-28,44.2681,45.2107,44.1747,44.8094,6679627.0
2019-01-29,45.1827,45.2574,44.6787,45.0054,5975846.0
2019-01-30,45.1547,47.0867,45.1361,46.9187,11599178.0
2019-01-31,46.7321,47.0494,45.8081,46.1347,6656905.0
2019-02-01,46.3214,47.1241,46.2654,46.5921,4828236.0
2019-02-04,46.6574,47.0401,46.2561,46.9841,4452556.0
2019-02-05,47.0121,47.6561,46.6761,47.1707,7371023.0
2019-02-06,46.8254,47.3947,46.5361,47.1521,4973155.0
2019-02-07,46.9841,47.2921,46.6387,47.0494,4739536.0
2019-02-08,46.7321,47.1614,46.5921,47.1054,3522212.0
2019-02-11,47.2361,47.6281,47.2267,47.2361,4678208.0
2019-02-12,47.4694,47.6654,46.5547,46.5641,7069305.0
2019-02-13,46.7134,47.3481,46.5547,47.0494,4831397.0
2019-02-14,46.7321,47.3481,46.6201,47.1147,4836746.0
2019-02-15,47.4974,48.0387,47.1894,47.6747,5201754.0
2019-02-19,47.6001,48.7387,47.5534,48.3654,5897169.0
2019-02-20,47.7681,48.1974,47.1987,47.8241,6281300.0
2019-02-21,47.7867,48.4027,47.6934,48.0481,5279832.0
2019-02-22,48.1601,48.4961,47.8241,48.0854,4587437.0
2019-02-25,48.3561,48.4121,47.8521,47.9827,5020477.0
2019-02-26,47.9734,48.4961,47.6747,47.7121,5814743.0
2019-02-27,47.6132,47.632,46.6169,47.0681,7892881.0
2019-02-28,47.1433,47.1527,46.5605,46.5981,7030760.0
2019-03-01,46.4008,46.7391,45.3105,46.0154,9608203.0
2019-03-04,46.0906,46.5887,45.5173,45.8557,8010077.0
2019-03-05,47.0305,47.4534,46.4384,46.7297,7463917.0
2019-03-06,46.8237,47.256,46.4666,46.7203,7002755.0
2019-03-07,46.5324,46.8049,45.8275,46.6075,6594992.0
2019-03-08,46.288,46.6169,45.9778,46.6075,6849377.0
2019-03-11,46.8049,48.2053,46.7767,48.0455,7322187.0
2019-03-12,48.1113,48.2335,47.0117,47.6226,6800511.0
2019-03-13,47.9139,48.0173,47.0681,47.9515,9079205.0
2019-03-14,48.2899,48.9478,47.7824,47.8763,6506337.0
2019-03-15,48.2053,48.3745,47.9139,48.1113,5896130.0
2019-03-18,47.9985,48.1677,47.491,47.6884,5322092.0
2019-03-19,47.9233,48.2993,47.7636,47.8951,4430831.0
2019-03-20,47.8294,47.8294,46.7767,46.8707,6597597.0
2019-03-21,46.7203,47.5662,46.7109,47.2748,4256360.0
2019-03-22,47.0305,47.2184,46.5324,46.7673,4737372.0
2019-03-25,46.6169,47.0305,46.0248,46.0812,5224952.0
2019-03-26,46.3914,46.6451,45.7523,46.1376,4296395.0
2019-03-27,46.1,47.491,46.0342,46.9647,6548806.0
2019-03-28,47.0963,47.6038,46.8895,47.2936,5710678.0
2019-03-29,47.679,48.6376,47.35,48.5436,7398832.0
2019-04-01,48.7034,49.1828,48.4215,49.0418,6526576.0
2019-04-02,51.288,52.5756,50.6771,52.0023,13298178.0
2019-04-03,52.5944,54.1076,52.4535,53.5719,10911025.0
2019-04-04,54.0042,54.2016,52.9798,53.7787,7344911.0
2019-04-05,53.9854,54.6997,53.882,54.258,5443316.0
2019-04-08,54.0418,54.4178,53.4873,54.2392,5847317.0
2019-04-09,53.7599,53.9854,53.3651,53.5249,7962565.0
2019-04-10,55.4234,55.4234,53.3557,54.3802,12324898.0
2019-04-11,54.4648,55.3012,54.3426,54.8783,7176105.0
2019-04-12,55.2918,55.3012,54.0888,54.5587,6397413.0
2019-04-15,54.5117,54.6151,53.9196,53.9948,4495732.0
2019-04-16,54.1922,54.6245,54.1828,54.6151,3151363.0
2019-04-17,55.3106,55.4422,54.5963,54.9159,4014283.0
2019-04-18,54.9817,55.0569,54.5305,54.6715,3255023.0
2019-04-22,54.3144,54.4835,53.835,54.2768,3472447.0
2019-04-23,54.1922,54.8971,54.1922,54.7373,3484110.0
2019-04-24,54.7373,55.0099,54.3238,54.3708,2451545.0
2019-04-25,54.3614,54.9629,52.9892,53.2993,4457446.0
2019-04-26,53.1584,54.0136,53.0832,53.6753,2720982.0
2019-04-29,53.8538,54.4178,53.6189,54.258,2249873.0
2019-04-30,54.3399,55.0491,54.2737,54.7843,2962208.0
2019-05-01,55.0301,55.3233,53.9901,54.0657,3600907.0
2019-05-02,54.1981,54.9167,54.1319,54.5196,2487863.0
2019-05-03,54.5857,54.9734,54.3872,54.6519,2708684.0
2019-05-06,53.8766,54.8127,53.6497,54.5857,2690548.0
2019-05-07,54.1319,54.3683,53.262,54.0562,3718503.0
2019-05-08,53.678,53.9711,53.1202,53.3755,2906097.0
2019-05-09,53.0823,53.6402,52.6568,53.5078,3641115.0
2019-05-10,53.1863,53.7726,52.0612,53.5362,2954149.0
2019-05-13,52.4205,52.4961,51.1251,51.8153,3882197.0
2019-05-14,51.9099,52.6001,51.7586,52.2408,1850980.0
2019-05-15,51.6073,52.3543,51.144,52.0517,2182436.0
2019-05-16,52.1368,52.9121,52.1368,52.3637,1934649.0
2019-05-17,51.7775,52.515,51.5222,51.9004,3211326.0
2019-05-20,51.0589,51.6924,50.8225,51.3236,2747502.0
2019-05-21,51.6829,52.0328,51.6168,51.8437,2146703.0
2019-05-22,51.5222,51.8531,50.9549,51.1156,2755121.0
2019-05-23,50.728,51.768,50.3403,51.0589,4280004.0
2019-05-24,51.456,51.6451,50.7847,51.1724,1927168.0
2019-05-28,51.1913,51.6546,50.936,50.9454,2187405.0
2019-05-29,50.8225,50.8225,49.9337,50.3119,2994161.0
2019-05-30,50.4727,50.8698,49.9904,50.1417,2088193.0
2019-05-31,49.6122,49.9243,48.506,48.6951,3814306.0
2019-06-03,48.6761,49.8297,48.61,49.2624,5596262.0
2019-06-04,49.9715,51.4087,49.9432,51.352,5608323.0
2019-06-05,51.8626,52.2219,51.2764,51.9477,4490219.0
2019-06-06,52.0612,52.2219,51.3993,51.7113,4237342.0
2019-06-07,51.9288,52.8081,51.9288,52.0706,3251106.0
2019-06-10,52.4772,52.8554,51.6735,51.7491,2546654.0
2019-06-11,52.0233,52.2975,51.5128,51.891,1924383.0
2019-06-12,52.0517,52.4583,51.9099,52.4299,2868938.0
2019-06-13,52.6568,54.1224,52.6379,53.4416,4836719.0
2019-06-14,53.4889,53.5457,52.7419,52.9405,3367911.0
2019-06-17,52.7419,52.8932,52.2503,52.6379,3042809.0
2019-06-18,52.9027,53.4416,52.4394,52.9783,2800650.0
2019-06-19,53.2147,53.4795,52.9027,53.2904,2250379.0
2019-06-20,53.7253,53.782,52.307,52.9216,3585696.0
2019-06-21,52.95,53.7631,52.5245,52.9405,4063683.0
2019-06-24,53.0445,53.1674,52.6379,53.0162,2069835.0
2019-06-25,52.9972,53.6402,52.8176,52.8743,2352106.0
2019-06-26,53.0162,53.7158,52.7987,53.3093,3012559.0
2019-06-27,53.6591,54.2926,53.4227,53.7253,3167864.0
2019-06-28,53.7915,54.2926,53.6118,53.6591,3722708.0
2019-07-01,54.1792,54.7465,54.1319,54.6425,3771043.0
2019-07-02,55.2476,55.9946,54.9261,55.3516,5151834.0
2019-07-03,55.7866,56.3728,55.6826,55.9284,2556473.0
2019-07-05,55.8811,56.1553,54.6992,55.5029,4011938.0
2019-07-08,55.692,56.4201,55.6353,56.1364,6136989.0
2019-07-09,56.3255,56.7227,55.3705,55.7487,6493046.0
2019-07-10,56.1081,56.4201,55.5596,56.231,6452399.0
2019-07-11,56.9685,57.4791,56.231,56.8834,10644867.0
2019-07-12,56.9496,58.8501,56.751,58.2922,8562847.0
2019-07-15,58.2166,59.0108,57.9708,58.3395,4701957.0
2019-07-16,58.5097,59.8146,58.3584,59.72,8328623.0
2019-07-17,59.7862,59.8335,58.8028,58.8596,6007369.0
2019-07-18,58.4057,59.2472,58.2828,59.2472,3508637.0
2019-07-19,59.4363,59.6538,57.5453,57.5925,6209243.0
2019-07-22,58.1031,58.2733,57.7344,57.9518,3777917.0
2019-07-23,58.0932,59.6728,57.9219,59.6538,5733096.0
2019-07-24,59.3707,60.3699,59.3612,60.1034,4555869.0
2019-07-25,59.7323,60.0749,58.8473,59.2184,3934268.0
2019-07-26,59.2375,59.6276,58.9139,59.1518,2926953.0
2019-07-29,58.9996,59.6847,58.8568,59.4373,2708491.0
2019-07-30,59.2946,59.6467,59.0852,59.5991,2168270.0
2019-07-31,59.4754,59.5039,57.7435,58.086,4680254.0
2019-08-01,58.343,58.7807,56.8775,57.4009,4628924.0
2019-08-02,57.0012,57.6007,56.6015,57.2201,2901704.0
2019-08-05,56.4969,56.5159,54.2701,55.0219,6130727.0
2019-08-06,55.6594,56.0496,55.2788,55.9449,3265373.0
2019-08-07,55.2122,56.6681,54.6507,56.3731,4504900.0
2019-08-08,57.0202,57.5246,56.5254,57.1249,2508719.0
2019-08-09,56.8299,57.2486,56.2114,56.6491,1950732.0
2019-08-12,56.2494,56.4302,55.4501,55.8212,2554177.0
2019-08-13,55.3835,57.0202,55.3549,55.9925,3239703.0
2019-08-14,55.117,55.2503,53.9561,54.4604,4636781.0
2019-08-15,54.6888,54.9077,54.0322,54.3462,3149799.0
2019-08-16,54.6507,55.5357,54.4509,55.2312,2588245.0
2019-08-19,55.8402,56.1448,55.3264,55.374,2202913.0
2019-08-20,55.2122,55.3549,54.803,54.8886,1649572.0
2019-08-21,55.4311,55.7356,55.0504,55.2027,1670067.0
2019-08-22,55.3169,55.4596,54.6888,55.1551,2624247.0
2019-08-23,55.0219,55.2598,53.1377,53.4803,4283513.0
2019-08-26,54.0132,54.1178,53.2424,53.5564,2468879.0
2019-08-27,53.8895,53.937,52.8808,53.4232,3360467.0
2019-08-28,53.1377,54.4033,53.0996,53.937,2984681.0
2019-08-29,54.3557,55.3169,54.2986,55.079,2708783.0
2019-08-30,55.3359,56.0115,54.803,55.0599,2693892.0
2019-09-03,54.6603,55.1075,53.9085,54.5175,2800867.0
2019-09-04,54.8315,55.2312,53.9941,54.4604,3569027.0
2019-09-05,54.8696,56.0877,54.7649,55.374,3098316.0
2019-09-06,55.8593,56.1067,55.0885,55.1741,4161904.0
2019-09-09,55.1741,55.6214,54.7649,55.2978,3095636.0
2019-09-10,55.2693,55.8878,55.0028,55.8022,3185764.0
2019-09-11,55.7832,56.3161,55.3264,55.9354,2780421.0
2019-09-12,55.9354,57.0012,55.9354,56.5635,4077405.0
2019-09-13,57.0964,57.6483,56.7252,57.1059,2774209.0
2019-09-16,55.2217,56.2685,54.4795,56.2114,5386093.0
2019-09-17,55.6785,56.8775,55.3454,56.4969,4760235.0
2019-09-18,56.573,56.6206,55.8307,56.4398,2904243.0
2019-09-19,56.3827,56.3827,55.4786,55.8498,2624827.0
2019-09-20,55.9544,56.3161,55.6594,55.7927,2694101.0
2019-09-23,55.4882,55.8307,55.0409,55.2122,2788562.0
2019-09-24,55.7832,56.0591,54.7744,55.1932,3696003.0
2019-09-25,55.2312,55.6594,54.8791,55.4882,2189590.0
2019-09-26,55.2978,55.964,55.1265,55.9354,2791451.0
2019-09-27,56.1162,56.5064,55.3454,55.4596,3384032.0
2019-09-30,55.6785,55.8498,54.7364,54.8125,3777613.0
2019-10-01,55.2407,55.8402,53.9085,54.2511,5332564.0
2019-10-02,53.0425,53.052,50.3114,51.7198,11435110.0
2019-10-03,50.5493,51.2535,49.3027,50.2734,11864023.0
2019-10-04,50.2924,51.3487,50.1306,51.2059,4971082.0
2019-10-07,51.1488,51.4914,50.6635,50.7777,5419592.0
2019-10-08,50.4542,51.4819,50.3209,50.6254,5823530.0
2019-10-09,51.3962,51.7674,50.9966,51.3106,6000797.0
2019-10-10,49.4359,50.6825,48.5985,50.5303,19560745.0
2019-10-11,50.9109,51.1679,50.0925,50.3875,8161235.0
2019-10-14,49.5311,50.6254,49.455,50.4256,4681286.0
2019-10-15,50.635,51.3772,50.4446,51.0442,6023153.0
2019-10-16,51.1488,51.5104,50.5017,50.5969,4443335.0
2019-10-17,50.93,51.1583,50.673,50.7872,3205688.0
2019-10-18,50.6159,51.3772,50.6064,51.225,4651022.0
2019-10-21,51.5675,52.3193,51.4819,51.9387,4908255.0
2019-10-22,52.0436,52.3025,51.4397,52.0053,4040369.0
2019-10-23,51.8159,51.9981,51.3845,51.5859,3288817.0
2019-10-24,52.0556,52.4007,51.2695,51.5667,3664161.0
2019-10-25,51.3941,52.4774,51.3845,52.3432,3012489.0
2019-10-28,52.4582,53.043,52.4582,52.8896,2899609.0
2019-10-29,52.8609,53.5607,52.8321,53.091,3315639.0
2019-10-30,53.0718,53.1197,52.5349,53.0334,2632244.0
2019-10-31,52.7458,52.9184,52.1611,52.8034,4311050.0
2019-11-01,53.2539,53.7524,52.9472,53.7045,4090720.0
2019-11-04,54.4043,54.6152,54.088,54.529,4913656.0
2019-11-05,54.9124,55.7369,54.6919,55.1329,5631902.0
2019-11-06,55.1233,55.2192,54.6728,55.2,3820488.0
2019-11-07,55.526,56.0149,55.2,55.2767,5038690.0
2019-11-08,55.1042,55.2767,54.6728,55.2,2921850.0
2019-11-11,54.8933,55.1425,54.7303,54.8453,2564055.0
2019-11-12,55.2096,55.3055,54.6824,54.8549,3136184.0
2019-11-13,54.3948,54.529,53.9729,54.1647,2649892.0
2019-11-14,53.9442,54.4043,53.7524,54.2126,2659243.0
2019-11-15,54.5386,54.8645,54.4714,54.5002,2165104.0
2019-11-18,54.4331,54.7303,54.1551,54.7207,2640195.0
2019-11-19,54.9795,55.1138,54.3564,54.7111,2289827.0
2019-11-20,54.4523,54.5002,52.9855,53.369,5172592.0
2019-11-21,53.4361,53.6758,52.9759,53.0239,3871404.0
2019-11-22,53.2731,53.81,52.8417,53.7908,8111121.0
2019-11-25,54.0592,54.3468,53.3882,54.0209,4818335.0
2019-11-26,53.9921,55.1042,53.925,55.085,3435292.0
2019-11-27,55.1521,55.2,54.3276,54.7111,2817233.0
2019-11-29,54.7878,55.4589,54.6536,54.9412,1983352.0
2019-12-02,54.8837,55.2671,54.366,54.4043,4036608.0
2019-12-03,53.5799,53.6853,52.2857,53.321,5104164.0
2019-12-04,53.6374,54.2318,53.4553,53.7429,3151652.0
2019-12-05,54.0592,54.0784,53.3977,53.5703,2550798.0
2019-12-06,54.1072,54.2605,53.8004,53.8196,3586751.0
2019-12-09,53.6758,53.8291,53.3402,53.4936,2640806.0
2019-12-10,53.4936,54.04,53.1389,53.2348,3765178.0
2019-12-11,53.1101,53.2252,52.6787,52.8034,3738572.0
2019-12-12,53.5991,55.1138,53.3115,54.3468,7031800.0
2019-12-13,54.4427,54.922,54.0976,54.3852,3293812.0
2019-12-16,54.807,56.0724,54.7878,56.0053,5235604.0
2019-12-17,56.0053,56.8489,55.919,56.2642,4548175.0
2019-12-18,57.0311,57.1749,56.0341,56.1587,3503325.0
2019-12-19,56.197,56.7914,56.0053,56.6956,2532718.0
2019-12-20,57.0886,57.1174,56.4751,56.5326,3466172.0
2019-12-23,56.7243,57.4433,56.5901,56.9832,2435237.0
2019-12-24,57.1941,57.2516,56.7147,56.9352,753283.0
2019-12-26,57.0215,57.2516,56.8106,57.0982,1300681.0
2019-12-27,57.1653,57.1845,56.36,56.638,2329232.0
2019-12-30,56.801,56.8489,55.8328,56.2354,2929248.0
2019-12-31,56.0724,56.3121,55.9286,56.0628,1983526.0
2020-01-02,56.4942,56.9352,56.0341,56.5997,3158459.0
2020-01-03,55.1233,55.7177,54.5577,55.6602,6651928.0
2020-01-06,54.6344,55.3726,54.3181,55.2767,3979997.0
2020-01-07,55.5164,55.6698,55.0946,55.2288,3359637.0
2020-01-08,55.363,56.9448,55.3438,56.4175,5839943.0
2020-01-09,56.8106,57.0119,56.1587,56.523,3804048.0
2020-01-10,56.801,57.0311,56.197,56.7914,5646544.0
2020-01-13,56.5901,57.2324,56.5901,57.0311,6382919.0
2020-01-14,59.4757,59.677,58.3445,58.9101,13005146.0
2020-01-15,58.9964,59.3798,58.5074,59.073,5858956.0
2020-01-16,59.4949,59.8975,59.0826,59.3223,3628337.0
2020-01-17,59.562,59.8975,59.3031,59.4661,4021024.0
2020-01-21,58.7183,59.0635,56.0149,57.846,13872868.0
2020-01-22,58.124,58.2102,57.0982,57.1749,5758994.0
2020-01-23,56.7435,57.8843,55.7848,57.7788,6358518.0
2020-01-24,57.6159,57.7213,55.4493,56.3792,9141388.0
2020-01-27,54.1551,54.8166,53.321,54.481,9478298.0
2020-01-28,55.1713,55.5739,54.4043,55.1042,4607069.0
2020-01-29,55.2576,55.4109,54.2318,54.3085,4311597.0
2020-01-30,53.3498,54.8166,53.3498,54.7399,4636297.0
2020-01-31,54.3564,54.7207,53.1389,53.4361,6707865.0
2020-02-03,53.8771,54.8837,53.6853,53.7237,4814745.0
2020-02-04,54.8166,55.9861,54.7878,55.5356,4740301.0
2020-02-05,56.5326,56.8489,56.1683,56.4559,4434557.0
2020-02-06,57.3283,57.5488,55.6218,55.7752,4141478.0
2020-02-07,55.5643,55.8423,55.1425,55.526,2828880.0
2020-02-10,55.1617,55.7177,55.0562,55.3247,3257500.0
2020-02-11,55.6985,56.6572,55.5739,56.2354,3492220.0
2020-02-12,56.8394,57.4433,56.7339,57.0119,3957444.0
2020-02-13,56.3217,56.7627,55.9382,56.686,3413480.0
2020-02-14,56.7914,57.0119,56.1587,56.4655,2879734.0
2020-02-18,56.4377,57.0169,55.9937,56.2929,4248936.0
2020-02-19,56.4594,56.5463,56.0154,56.4787,3426179.0
2020-02-20,56.1795,56.9421,56.1023,56.3532,3892753.0
2020-02-21,55.9478,56.0057,54.8957,55.8609,4447290.0
2020-02-24,52.9265,53.4574,51.4786,52.3473,14365200.0
2020-02-25,52.6466,52.8107,48.9881,49.1233,13105564.0
2020-02-26,49.6542,49.9727,47.2989,47.8684,13267477.0
2020-02-27,45.1366,49.2101,43.4667,46.517,18901108.0
2020-02-28,44.4223,46.1309,43.5632,44.5285,16241093.0
2020-03-02,44.6154,45.6096,42.791,45.5228,15228306.0
2020-03-03,48.0808,48.2352,44.4416,44.5768,20416391.0
2020-03-04,45.9282,46.9514,44.4223,46.8162,16204528.0
2020-03-05,44.8857,44.9532,42.8682,43.4474,19282531.0
2020-03-06,41.9609,45.3007,41.3817,44.2969,22042250.0
2020-03-09,41.5458,43.4474,40.9473,42.0091,22080982.0
2020-03-10,43.988,44.2872,40.0206,43.8914,24956079.0
2020-03-11,42.4725,42.8007,40.2813,41.1886,19338060.0
2020-03-12,35.4259,37.4337,32.2984,32.5397,30326266.0
2020-03-13,37.2599,37.3951,33.5822,37.0283,27933889.0
2020-03-16,31.6613,36.758,30.1458,34.5668,30754044.0
2020-03-17,34.9722,35.8989,29.5377,30.6381,28380182.0
2020-03-18,28.7558,28.7558,18.4369,22.6745,58870090.0
2020-03-19,22.549,23.3116,19.3057,20.7632,40045481.0
2020-03-20,22.3656,25.9179,20.5219,20.6088,49132544.0
2020-03-23,21.41,22.0374,19.8848,21.4486,38291410.0
2020-03-24,25.3773,27.9739,23.6687,25.9565,57341360.0
2020-03-25,30.3968,32.1246,26.4488,30.0203,58478377.0
2020-03-26,31.4779,34.644,29.3639,30.5995,50543055.0
2020-03-27,29.6825,30.2327,28.0125,28.5241,30231798.0
2020-03-30,27.3368,28.2731,25.0974,27.6747,26001546.0
2020-03-31,28.3311,29.4701,27.4334,27.5395,21492644.0
2020-04-01,25.6669,25.6669,22.8676,23.0413,50380003.0
2020-04-02,23.0896,23.7942,21.7285,21.8926,32686322.0
2020-04-03,22.2305,22.829,20.9949,21.6996,39491616.0
2020-04-06,21.5355,22.6842,20.0393,21.5451,83415950.0
2020-04-07,24.3348,24.9526,21.1397,21.4776,87544541.0
2020-04-08,22.298,22.8193,21.7478,22.4235,59868320.0
2020-04-09,24.4989,24.6437,22.5394,23.5433,80705713.0
2020-04-13,24.1128,24.19,21.3135,22.4428,67137934.0
2020-04-14,23.1571,24.412,23.0027,23.6881,48667244.0
2020-04-15,24.0452,24.6147,22.5008,23.5046,77530890.0
2020-04-16,22.9351,22.9737,21.8444,21.9892,47863690.0
2020-04-17,23.3116,23.7556,22.771,23.4274,45887720.0
2020-04-20,22.549,23.2826,22.1146,22.8193,36740004.0
2020-04-21,22.2208,22.9448,22.0085,22.298,33906807.0
2020-04-22,23.051,23.1089,20.8791,21.6899,62257216.0
2020-04-23,21.8637,22.1629,21.632,21.6996,39352238.0
2020-04-24,21.7575,21.8926,20.9949,21.632,38087366.0
2020-04-27,22.0374,22.6262,21.2362,21.3907,46098161.0
2020-04-28,22.2015,24.0356,21.8637,23.495,76625226.0
2020-04-29,24.7981,26.6418,24.6147,26.3715,71856414.0
2020-04-30,25.7731,26.2847,24.6147,25.0105,54125548.0
2020-05-01,24.0838,24.5182,22.8965,23.2826,39996649.0
2020-05-04,20.4544,21.9988,19.7883,21.7864,80436331.0
2020-05-05,22.2208,22.6842,20.7632,20.9563,46390379.0
2020-05-06,21.0046,21.3328,20.0296,20.271,47590098.0
2020-05-07,20.3385,21.7189,20.2903,20.9273,44164040.0
2020-05-08,21.6223,22.1243,21.2845,21.9312,37146951.0
2020-05-11,21.3328,21.7285,20.8019,21.2459,35163455.0
2020-05-12,21.3328,21.6223,20.2999,20.2999,33225427.0
2020-05-13,20.242,20.242,18.4273,18.7362,64963163.0
2020-05-14,18.1473,18.8616,16.9021,18.7072,80452036.0
2020-05-15,18.3114,18.9678,17.9736,18.5238,40384942.0
2020-05-18,20.1841,21.1783,19.8366,21.1011,63553669.0
2020-05-19,21.7864,21.7864,20.5798,21.0046,62105533.0
2020-05-20,21.5644,22.298,21.3714,21.9312,45099586.0
2020-05-21,21.9795,22.8579,21.8733,22.356,41984669.0
2020-05-22,22.4332,22.5876,21.4582,21.9023,32511356.0
2020-05-26,23.6205,24.9719,23.4371,24.7595,69718832.0
2020-05-27,26.7094,26.8831,23.8715,25.4063,80891185.0
2020-05-28,25.3676,25.4449,24.0838,24.7692,48247021.0
2020-05-29,23.7653,24.7209,23.524,24.3348,42253325.0
2020-06-01,24.4217,25.831,24.2093,25.2615,42285466.0
2020-06-02,25.7538,26.0433,25.0298,25.4931,38415489.0
2020-06-03,26.0723,27.6071,25.7731,27.4816,59089749.0
2020-06-04,29.2191,31.6709,28.2056,31.2559,121506246.0
2020-06-05,35.9085,35.9472,32.2887,32.9741,112503264.0
2020-06-08,35.3583,35.7927,34.1517,35.6865,68574881.0
2020-06-09,33.3023,33.5243,31.5165,32.9837,51151962.0
2020-06-10,31.1207,31.8447,28.7268,30.5416,80499164.0
2020-06-11,25.7248,28.5434,25.6765,26.2557,75490628.0
2020-06-12,28.8523,29.6728,27.7519,29.3736,60679011.0
2020-06-15,27.3175,29.8948,27.0279,29.4025,56159641.0
2020-06-16,31.4972,31.8737,29.5473,30.2134,51558194.0
2020-06-17,29.7693,30.0782,29.0357,29.6535,31776347.0
2020-06-18,28.8234,30.0686,28.5627,29.7211,32631946.0
2020-06-19,30.4161,30.4257,28.0125,28.4855,39263207.0
2020-06-22,28.0222,28.8041,27.5685,28.2925,34972600.0
2020-06-23,28.5048,28.6207,27.7326,28.611,26698471.0
2020-06-24,27.7519,27.9836,25.9951,26.3908,40841806.0
2020-06-25,25.58,27.1824,25.358,27.0376,32583191.0
2020-06-26,27.0472,27.1245,25.329,25.9758,33845907.0
2020-06-29,26.2557,27.8195,25.6572,27.6168,34781823.0
2020-06-30,27.3658,27.665,26.6418,27.0762,24120621.0
2020-07-01,28.0125,28.8137,26.5356,26.7383,35324768.0
2020-07-02,27.5492,27.7326,26.6418,26.7577,26209999.0
2020-07-06,27.2596,27.6361,26.3329,27.4527,24207395.0
2020-07-07,26.9604,26.9797,25.9275,26.0723,21971225.0
2020-07-08,25.7248,26.3329,25.2904,26.0723,24695078.0
2020-07-09,25.8986,25.9854,24.3444,24.7595,28078182.0
2020-07-10,24.4217,26.3136,24.2769,26.1495,28284034.0
2020-07-13,26.2847,26.6611,25.3966,25.8889,30427851.0
2020-07-14,24.7499,25.8213,24.5761,25.2035,35910837.0
2020-07-15,26.5453,27.8774,25.9854,27.6071,42371393.0
2020-07-16,26.6032,26.9797,26.0916,26.3136,22716605.0
2020-07-17,26.3812,26.7673,25.9951,26.1109,17728396.0
2020-07-20,26.0627,26.4681,25.1263,25.3097,18896961.0
2020-07-21,25.58,26.0144,25.4352,25.5124,18620681.0
2020-07-22,25.3194,25.8889,25.2035,25.3387,14988387.0
2020-07-23,25.0974,26.748,24.885,25.8503,25055941.0
2020-07-24,25.5607,25.7151,24.9815,25.0588,14639809.0
2020-07-27,25.0491,25.2518,24.4892,24.6147,16677184.0
2020-07-28,24.4699,25.387,24.4603,25.0395,16560229.0
2020-07-29,25.1456,25.2808,24.4989,24.8271,12471041.0
2020-07-30,24.3734,24.4989,23.9583,24.0742,14155476.0
2020-07-31,23.939,24.1417,23.5722,24.1031,15165071.0
2020-08-03,23.9873,24.5954,23.5336,24.3251,14494438.0
2020-08-04,24.5665,25.3097,24.4313,24.7788,15264908.0
2020-08-05,25.3097,26.1013,24.856,25.5511,24246466.0
2020-08-06,25.9661,26.3522,25.2229,26.1399,26254507.0
2020-08-07,25.7731,26.2557,25.5414,26.2364,13210770.0
2020-08-10,26.5163,28.389,26.4198,28.3214,30712000.0
2020-08-11,29.7211,29.75,28.4083,28.611,32394428.0
2020-08-12,28.9971,29.2288,27.3754,28.0801,21634939.0
2020-08-13,27.5878,28.5531,27.4913,27.7036,13904135.0
2020-08-14,27.3175,28.1766,27.1727,27.945,11004791.0
2020-08-17,28.0318,28.0318,26.7963,27.0472,12617357.0
2020-08-18,27.0279,27.2982,26.4198,26.6708,11230733.0
2020-08-19,26.7866,28.1091,26.5936,26.7094,19002044.0
2020-08-20,26.5646,26.8252,26.082,26.6611,12260292.0
2020-08-21,26.6032,26.8928,26.2267,26.3233,9181686.0
2020-08-24,26.6997,28.7654,26.5839,28.7654,30786632.0
2020-08-25,28.9585,29.2288,28.3118,29.055,25198661.0
2020-08-26,28.9682,29.1709,28.5917,28.9102,16379552.0
2020-08-27,29.7404,31.0918,29.557,29.75,28006769.0
2020-08-28,30.1651,30.8794,29.6632,30.8794,18147229.0
2020-08-31,30.7153,30.8987,29.7307,29.779,15060566.0
2020-09-01,28.9778,30.5126,28.7172,29.6439,17522225.0
2020-09-02,29.3446,30.2134,29.0936,30.0589,14163364.0
2020-09-03,30.6091,31.4007,29.4122,30.1361,25731964.0
2020-09-04,30.6864,31.2462,29.5473,30.6671,22850690.0
2020-09-08,30.3099,31.9509,30.252,31.4103,24248429.0
2020-09-09,31.0821,31.3138,30.2327,30.6574,16529682.0
2020-09-10,31.0532,31.5744,30.5705,30.6864,15505329.0
2020-09-11,30.7057,31.0146,30.252,30.5995,12323249.0
2020-09-14,31.1593,31.7578,30.8987,31.6806,13329694.0
2020-09-15,32.0474,33.283,31.9509,32.3466,19804010.0
2020-09-16,32.6266,33.7753,32.0378,33.3698,21613070.0
2020-09-17,32.7907,33.8525,32.4625,32.781,20254404.0
2020-09-18,32.1343,32.8389,31.4393,31.6999,19225034.0
2020-09-21,30.0782,30.1168,28.3986,28.7847,28403848.0
2020-09-22,28.7751,29.4798,28.6882,29.1709,14073705.0
2020-09-23,29.3832,29.9527,28.4662,28.5338,15203495.0
2020-09-24,28.1091,28.4855,26.9507,28.0029,18661440.0
2020-09-25,27.8195,28.7654,27.7809,28.7461,16065893.0
2020-09-28,29.5377,30.8505,29.084,30.252,19425739.0
2020-09-29,30.0203,30.03,29.2481,29.5473,12897678.0
2020-09-30,29.9141,30.7443,29.4218,29.5184,13765527.0
2020-10-01,29.9141,30.2713,29.5087,30.0203,10799748.0
2020-10-02,28.7172,31.1787,28.582,30.6477,22909358.0
2020-10-05,31.2269,31.3041,30.4257,30.8891,11708085.0
2020-10-06,31.4972,31.5841,29.8369,29.9817,17831473.0
2020-10-07,31.1014,31.2366,30.5416,31.0339,12697648.0
2020-10-08,31.5551,31.8544,30.8022,31.5455,15841588.0
2020-10-09,31.5744,32.1246,31.169,31.6709,14752977.0
2020-10-12,31.5455,31.6709,31.1787,31.5068,9875117.0
2020-10-13,30.8505,31.2655,30.3871,30.6671,18816262.0
2020-10-14,30.6671,31.198,30.5512,30.6574,14430766.0
2020-10-15,30.2906,30.3678,29.6149,30.252,10311458.0
2020-10-16,30.3099,30.6574,30.1555,30.3775,9250332.0
2020-10-19,30.5995,31.1497,30.223,30.4064,12499351.0
2020-10-20,30.8601,31.2848,30.4933,30.8698,12511905.0
2020-10-21,30.7829,30.8312,30.2809,30.4064,9665524.0
2020-10-22,30.7636,32.6362,30.6188,32.5494,22663279.0
2020-10-23,32.3563,32.8582,31.7578,32.8196,13399456.0
2020-10-26,32.337,32.337,30.4354,30.8215,14194084.0
2020-10-27,30.6477,30.947,29.6245,29.6439,10633480.0
2020-10-28,28.7268,29.1033,27.7422,28.6207,19627272.0
2020-10-29,28.4372,29.8369,28.3214,29.6921,14264651.0
2020-10-30,29.4604,29.9141,28.9488,29.5763,12830659.0
2020-11-02,29.557,29.5666,28.64,29.1709,12220081.0
2020-11-03,29.8659,30.2713,29.5763,29.8273,12384613.0
2020-11-04,29.8369,30.223,29.0647,29.3736,10238639.0
2020-11-05,29.779,31.14,29.7307,30.8698,10876043.0
2020-11-06,30.5705,30.7443,29.9527,30.3292,9903899.0
2020-11-09,36.1016,37.3468,33.476,35.4935,47401409.0
2020-11-10,35.0398,35.8796,34.451,35.7541,23814169.0
2020-11-11,35.3873,35.5128,33.5243,33.8042,18584850.0
2020-11-12,32.9065,34.3158,32.8389,33.1864,18218095.0
2020-11-13,33.7367,35.4066,33.6401,35.1942,18406076.0
2020-11-16,37.0958,37.3082,35.9472,36.6808,20240871.0
2020-11-17,36.1016,36.729,35.3873,36.2947,14320957.0
2020-11-18,36.7676,37.9356,36.5746,36.5939,18198881.0
2020-11-19,36.285,36.8063,36.1788,36.5939,11684430.0
2020-11-20,36.6711,36.7676,35.6865,35.841,10336671.0
2020-11-23,36.4877,37.5013,36.1306,37.4433,11879490.0
2020-11-24,38.6596,39.8565,38.0418,39.8276,18940973.0
2020-11-25,39.2388,40.0496,38.6596,39.8565,12281680.0
2020-11-27,40.3392,40.7253,39.3546,39.6345,9019478.0
2020-11-30,39.1229,39.6249,37.9839,38.8527,13351025.0
2020-12-01,39.3739,39.6345,38.5341,38.5727,10640299.0
2020-12-02,38.4279,39.8469,37.6943,39.6442,10622581.0
2020-12-03,40.233,42.2408,40.1172,41.4589,21349555.0
2020-12-04,41.7002,41.9802,40.6095,40.8894,15580100.0
2020-12-07,40.6577,41.3431,40.2909,40.8798,10211577.0
2020-12-08,40.4936,41.3914,40.3199,40.9377,9785931.0
2020-12-09,41.5072,41.9705,39.8952,40.6481,14087790.0
2020-12-10,39.7504,41.2659,39.6442,41.1404,8485726.0
2020-12-11,40.6095,40.957,39.7118,40.2909,9031002.0
2020-12-14,40.7832,40.9087,39.2581,39.2774,9730758.0
2020-12-15,39.7214,40.4743,38.7561,40.3971,9575482.0
2020-12-16,40.3006,40.3585,39.2484,39.6538,8672796.0
2020-12-17,39.8662,39.982,39.2002,39.6828,7230102.0
2020-12-18,39.4608,39.6056,38.8816,39.2677,8788072.0
2020-12-21,38.1866,38.9492,37.8005,38.7465,12959816.0
2020-12-22,39.0264,39.0843,37.4916,37.5881,10363076.0
2020-12-23,37.9356,39.065,37.8198,38.843,10192048.0
2020-12-24,39.0168,39.0361,38.2252,38.3507,3992071.0
2020-12-28,38.872,39.3643,38.621,38.7561,8810448.0
2020-12-29,39.3739,39.4222,38.5148,38.6403,6035767.0
2020-12-30,38.6113,39.4897,38.5052,39.1519,6870096.0
2020-12-31,38.9009,39.3256,38.3797,38.814,7125987.0
2021-01-04,38.7754,38.9395,36.9993,37.3854,12527866.0
2021-01-05,37.1538,38.6982,37.1151,38.177,9617060.0
2021-01-06,38.2638,39.4801,38.1673,38.9781,10752403.0
2021-01-07,39.0457,39.5284,38.814,38.8333,7303825.0
2021-01-08,39.0071,39.287,38.3797,38.6306,7897422.0
2021-01-11,37.7233,38.6017,37.5495,38.0418,9609815.0
2021-01-12,38.2638,39.0071,37.8005,38.9009,7778166.0
2021-01-13,38.6113,39.3256,38.2445,39.0457,8926907.0
2021-01-14,39.7793,41.1597,39.6925,40.0303,14159121.0
2021-01-15,40.2523,40.2523,38.5727,38.592,12429634.0
2021-01-19,38.9106,39.2388,38.4183,38.9106,8748417.0
2021-01-20,39.2774,40.3199,39.094,40.1751,8913558.0
2021-01-21,39.8759,39.9917,38.7754,39.2581,9314410.0
2021-01-22,38.6113,38.872,38.4279,38.6113,8101967.0
2021-01-25,38.2542,38.37,37.0862,37.5495,13208080.0
2021-01-26,37.897,38.2638,37.6267,37.9549,8071827.0
2021-01-27,37.2889,37.8681,36.8352,37.1827,14235461.0
2021-01-28,38.2735,38.9685,37.6364,38.6886,15953418.0
2021-01-29,37.8584,38.4472,36.4298,36.6422,13819679.0
2021-02-01,37.0186,37.1151,36.1113,36.507,8349016.0
2021-02-02,37.2117,37.5302,36.6711,37.453,9278713.0
2021-02-03,37.5206,38.5148,37.3565,38.399,10149783.0
2021-02-04,38.5631,39.6442,38.5534,39.509,9421321.0
2021-02-05,39.9434,39.9627,39.3353,39.7214,7532011.0
2021-02-08,40.1075,41.9512,39.9241,41.7389,15374052.0
2021-02-09,41.4203,41.4686,40.3585,41.0342,8871181.0
2021-02-10,41.3527,41.7195,40.6963,41.4107,9413800.0
2021-02-11,41.2176,41.6423,40.5322,41.2369,7224193.0
2021-02-12,41.0342,42.4146,40.9377,41.7871,9815942.0
2021-02-16,42.4628,43.2543,42.2601,43.0999,10990774.0
2021-02-17,42.7427,42.9551,42.0188,42.8489,9260658.0
2021-02-18,42.2794,43.0034,41.8643,42.8393,6994717.0
2021-02-19,43.0709,44.6154,43.0034,44.0845,12316983.0
2021-02-22,45.2814,47.2313,44.8567,46.0826,17340254.0
2021-02-23,46.4591,47.1831,44.1134,46.6618,15933809.0
2021-02-24,47.2313,48.4572,46.9321,47.8781,14162374.0
2021-02-25,48.2352,48.2642,45.5807,46.5749,12824032.0
2021-02-26,46.044,47.434,45.6386,46.2757,11044514.0
2021-03-01,47.7333,48.2256,46.3915,46.3915,10936549.0
2021-03-02,46.4301,46.99,45.7351,46.5556,8831686.0
2021-03-03,46.9321,47.3858,46.4687,46.6715,10861383.0
2021-03-04,46.6425,46.7294,43.7466,45.3297,14484659.0
2021-03-05,45.2814,45.3683,41.5168,44.6057,17559508.0
2021-03-08,45.3007,46.546,45.0787,46.2178,14047747.0
2021-03-09,46.295,46.4108,44.7312,45.9668,9317120.0
2021-03-10,45.9958,46.8935,45.5228,46.1405,8570715.0
2021-03-11,46.6135,47.2603,45.9282,46.6425,8638555.0
2021-03-12,46.6715,48.129,46.4108,48.1001,10938231.0
2021-03-15,49.0943,50.465,48.9881,49.2198,15595757.0
2021-03-16,49.2681,49.3646,47.3278,47.6753,11626932.0
2021-03-17,47.3278,48.8819,47.3085,48.6889,10889793.0
2021-03-18,48.3414,49.2101,47.2313,47.4726,10137566.0
2021-03-19,47.3375,47.5016,46.1695,47.2989,8255698.0
2021-03-22,46.8549,46.9321,46.0826,46.3046,7579692.0
2021-03-23,45.3876,46.1695,43.8721,44.0555,9981913.0
2021-03-24,44.9243,45.7544,43.9976,44.0266,9046501.0
2021-03-25,43.235,45.5807,42.9744,45.378,10905856.0
2021-03-26,45.851,46.2757,44.9436,46.0054,9435481.0
2021-03-29,46.0054,46.4301,45.0884,45.6772,7265676.0
2021-03-30,46.044,47.3375,45.7737,47.2024,8467372.0
2021-03-31,47.1058,47.3182,46.4398,46.6039,6583514.0
2021-04-01,46.9031,47.5016,46.6039,47.1348,7800907.0
2021-04-05,47.8587,49.2101,47.7526,48.5055,11901720.0
2021-04-06,48.9399,50.0113,48.7854,49.8569,12119416.0
2021-04-07,49.992,50.021,48.2931,48.4572,10054086.0
2021-04-08,48.0228,48.4669,47.434,48.0808,10560166.0
2021-04-09,48.0808,48.0808,47.1348,47.5595,7863955.0
2021-04-12,47.3568,47.434,46.4977,47.1251,8825677.0
2021-04-13,45.8027,46.8162,44.9532,46.5846,13524377.0
2021-04-14,47.3665,47.7815,46.2564,46.4977,10149840.0
2021-04-15,47.1637,47.3471,44.5478,45.1946,18501989.0
2021-04-16,45.3683,45.7834,44.7312,45.0208,8504272.0
2021-04-19,44.8181,44.8567,44.0459,44.5478,7809541.0
2021-04-20,43.9204,43.9397,42.2408,42.9068,12709326.0
2021-04-21,42.5111,44.1521,41.8354,44.1134,12249891.0
2021-04-22,44.4416,44.7216,43.0806,43.0999,14162302.0
2021-04-23,43.2543,44.3451,42.9068,44.21,7631915.0
2021-04-26,44.8857,45.4648,44.5189,44.9919,8449352.0
2021-04-27,45.0401,45.1173,44.4803,44.7312,6174634.0
2021-04-28,44.6444,45.127,44.4899,44.8278,5854189.0
2021-04-29,45.2814,45.378,44.461,44.7698,6657985.0
2021-04-30,44.432,45.4455,44.3065,45.2911,7327474.0
2021-05-03,45.5517,45.5903,44.4803,44.9532,7285580.0
2021-05-04,44.6444,44.7988,42.5497,43.1096,12384825.0
2021-05-05,43.1385,44.2196,43.013,43.6308,8673970.0
2021-05-06,43.5922,43.93,42.6269,43.3702,7836221.0
2021-05-07,43.3123,44.7409,43.2157,44.5092,9452041.0
2021-05-10,44.6926,45.1463,43.8335,43.8528,7378764.0
2021-05-11,42.7138,43.486,42.096,42.9744,11551520.0
2021-05-12,42.6076,43.1868,41.4396,41.5361,9921986.0
2021-05-13,41.9223,42.7621,41.4493,42.4435,9503631.0
2021-05-14,43.3895,44.8278,43.2543,44.7023,9578617.0
2021-05-17,44.403,45.2042,43.6887,45.127,9312426.0
2021-05-18,45.3201,46.1405,44.7698,45.1077,8822828.0
2021-05-19,44.3162,44.6926,43.5632,44.5382,9501366.0
2021-05-20,44.7409,44.7602,43.3509,43.8335,10463070.0
2021-05-21,44.1134,44.403,43.5439,43.6405,8086323.0
2021-05-24,43.988,44.683,43.4474,44.5671,7029110.0
2021-05-25,45.7641,46.488,44.8857,45.0498,12271094.0
2021-05-26,45.4166,45.9185,45.1849,45.8413,7692107.0
2021-05-27,46.3336,46.5267,45.6096,46.3819,6754017.0
2021-05-28,46.3819,46.3915,45.6096,46.0247,6809562.0
2021-06-01,46.4591,46.8549,45.7834,46.044,10012456.0
2021-06-02,46.3336,46.6039,45.7641,46.1116,7390080.0
2021-06-03,45.7062,45.7351,44.4706,44.5285,9102062.0
2021-06-04,44.9243,45.1077,44.0941,44.3837,6130859.0
2021-06-07,44.3934,44.7698,44.2872,44.4803,4676864.0
2021-06-08,45.6096,45.7351,44.7602,45.4069,8617919.0
2021-06-09,45.7062,45.7544,44.8664,44.905,5306501.0
2021-06-10,45.5614,45.793,44.3934,44.6733,7747660.0
2021-06-11,44.5382,45.0112,44.403,44.8857,5005066.0
2021-06-14,44.7216,45.1656,44.1328,44.3065,5643932.0
2021-06-15,44.3162,44.6733,43.737,43.9494,6082778.0
2021-06-16,43.988,44.3934,43.5632,43.9397,5912671.0
2021-06-17,43.9494,44.4513,42.7138,43.0227,7793610.0
2021-06-18,42.8972,43.8046,42.4242,43.3991,10500628.0
2021-06-21,43.4764,44.1907,43.264,44.181,7766645.0
2021-06-22,44.1617,44.2003,43.3123,43.7949,6635474.0
2021-06-23,43.7853,44.0362,43.4474,43.6984,5748825.0
2021-06-24,43.988,44.0555,43.042,43.3509,7656615.0
2021-06-25,43.3702,43.4281,42.7234,42.8875,9292096.0
2021-06-28,42.569,42.569,41.1018,41.623,14481336.0
2021-06-29,41.5748,41.9705,41.3238,41.3817,7563494.0
2021-06-30,41.3431,42.0767,41.3238,41.7582,6323395.0
2021-07-01,41.9898,42.8779,41.9898,42.6945,8075359.0
2021-07-02,42.5593,42.7621,42.2022,42.6173,4682989.0
2021-07-06,42.7717,42.9937,41.5072,41.7389,6359366.0
2021-07-07,41.4589,41.9609,40.484,41.0632,10161815.0
2021-07-08,40.262,41.3141,39.6925,40.6095,8498619.0
2021-07-09,40.9956,41.7002,40.8315,41.43,6319463.0
2021-07-12,41.0149,41.874,40.5709,41.3624,8644020.0
2021-07-13,40.9666,41.0728,39.7504,39.8952,12084410.0
2021-07-14,40.0882,40.735,38.7272,39.2677,22211379.0
2021-07-15,39.76,40.8025,39.2677,39.9145,17550844.0
2021-07-16,40.3778,40.5902,38.4569,38.6693,12810371.0
2021-07-19,36.9414,37.6461,36.256,37.2213,22029078.0
2021-07-20,37.2889,39.4029,37.0958,39.2484,14580787.0
2021-07-21,39.5863,40.735,39.5766,40.1654,16654293.0
2021-07-22,39.9048,40.1172,39.0071,39.6345,8918561.0
2021-07-23,39.8855,40.1847,38.9202,39.0071,8063644.0
2021-07-26,38.9588,40.2523,38.9106,40.2234,8151579.0
2021-07-27,39.9241,40.0496,39.094,39.538,8323031.0
2021-07-28,39.9338,40.2041,39.2195,39.8662,5934527.0
2021-07-29,39.982,40.1847,39.5284,39.7986,6788734.0
2021-07-30,39.2291,39.6345,38.37,38.5148,10017805.0
2021-08-02,38.6306,39.5477,38.0225,38.0804,9141371.0
2021-08-03,38.1287,38.4665,37.202,38.3893,12644042.0
2021-08-04,37.7908,38.1094,36.5842,37.0186,18829447.0
2021-08-05,37.1538,38.7658,37.1345,38.6017,13326338.0
2021-08-06,39.1326,39.2677,38.1094,38.9202,9923304.0
2021-08-09,38.5438,38.6306,37.4047,37.926,9305745.0
2021-08-10,37.9839,39.6056,37.8391,39.0554,11905436.0
2021-08-11,38.621,39.8662,38.3024,39.8662,10017777.0
2021-08-12,39.6152,39.7021,38.6499,39.1229,7967571.0
2021-08-13,38.8816,39.1615,38.4086,38.5148,5933376.0
2021-08-16,38.0804,38.6306,37.5302,38.5438,8254671.0
2021-08-17,37.8874,38.0901,36.951,37.4337,9365841.0
2021-08-18,37.3468,38.0997,37.0669,37.3082,6871513.0
2021-08-19,37.0765,37.1924,36.0051,36.6132,9851306.0
2021-08-20,36.6711,36.9221,36.4394,36.7966,6062022.0
2021-08-23,37.4433,37.9646,37.2889,37.8488,6659330.0
2021-08-24,38.4279,39.4511,38.4279,39.1229,8461076.0
2021-08-25,39.1809,40.0013,38.7658,39.8662,9286067.0
2021-08-26,39.6828,40.04,38.8816,39.3546,8174960.0
2021-08-27,39.4318,40.3006,39.4029,40.0786,6343665.0
2021-08-30,40.3006,40.3488,38.4955,38.5245,9862030.0
2021-08-31,38.3507,39.1809,38.2445,39.0361,6664465.0
2021-09-01,39.1615,39.1712,38.4955,38.9974,6859502.0
2021-09-02,39.0457,39.6345,38.4762,39.4029,7924037.0
2021-09-03,39.3836,39.76,38.7465,38.8527,5212663.0
2021-09-07,38.7851,39.1133,38.4569,38.9492,6571406.0
2021-09-08,38.9974,39.509,38.2252,38.2735,5617699.0
2021-09-09,38.2445,40.3199,38.0804,39.6635,12912768.0
2021-09-10,39.6249,39.7021,37.9742,37.9936,9334120.0
2021-09-13,38.3217,38.7851,37.453,38.7851,9328978.0
2021-09-14,38.4569,38.7851,37.8584,38.0708,7145315.0
2021-09-15,37.8874,38.3217,37.4723,38.2638,6024136.0
2021-09-16,38.4858,39.2677,38.3024,38.8237,7459695.0
2021-09-17,39.1422,39.567,38.4086,38.7175,7420818.0
2021-09-20,39.1519,39.4222,38.0515,39.3643,13197791.0
2021-09-21,39.6249,40.2909,38.7465,38.9588,9013255.0
2021-09-22,39.2677,40.4936,39.2677,40.1461,9172718.0
2021-09-23,40.4454,41.2852,40.2716,41.1114,9703677.0
2021-09-24,41.3527,42.2215,41.1886,42.0188,10412164.0
2021-09-27,42.3759,43.4957,42.2311,42.2601,11773946.0
2021-09-28,42.1443,42.6752,41.8064,41.9319,7261645.0
2021-09-29,42.2118,42.4628,41.2659,41.8547,6824374.0
2021-09-30,41.5651,41.5844,40.8991,41.1307,6686660.0
2021-10-01,42.4242,44.0652,42.3663,43.8046,14607812.0
2021-10-04,44.1617,44.403,43.2543,43.3991,10799436.0
2021-10-05,43.4474,43.9783,42.9165,43.1868,7138391.0
2021-10-06,42.1925,42.6076,41.7195,42.4918,8163677.0
2021-10-07,42.9744,43.0323,42.0091,42.1636,7402327.0
2021-10-08,42.2698,42.2794,41.5941,41.874,5853980.0
2021-10-11,41.4975,42.4146,41.2369,41.6906,7209657.0
2021-10-12,41.5458,42.2891,41.2852,42.0284,8331580.0
2021-10-13,41.2562,41.2562,39.4704,39.6056,23575234.0
2021-10-14,39.7504,40.0496,39.4608,39.7697,13596502.0
2021-10-15,40.4357,40.8025,39.5284,39.567,10751731.0
2021-10-18,39.2581,39.9724,39.1133,39.5863,7990336.0
2021-10-19,39.6056,39.6442,38.9395,39.0457,9350832.0
2021-10-20,38.7561,39.6442,38.5245,38.9009,13102756.0
2021-10-21,39.094,39.3353,38.6306,38.9974,8784746.0
2021-10-22,38.621,38.9974,38.2735,38.3604,7821997.0
2021-10-25,38.4183,38.5245,38.0032,38.1383,7533592.0
2021-10-26,38.5245,38.8913,38.0901,38.3314,7174374.0
2021-10-27,38.4569,38.5438,37.6557,37.7136,6473786.0
2021-10-28,37.7812,38.0032,37.482,37.7908,6042816.0
2021-10-29,37.704,38.1287,37.4626,37.7715,5847451.0
2021-11-01,37.7908,39.0457,37.5592,39.0168,8967198.0
2021-11-02,38.843,39.094,38.4472,38.9878,5836868.0
2021-11-03,38.8913,39.9145,38.6403,39.8083,7644454.0
2021-11-04,40.0206,40.0496,39.1712,39.567,6709461.0
2021-11-05,42.0284,42.8779,41.7582,42.7524,17891190.0
2021-11-08,43.4378,43.9397,42.9551,43.0999,11613852.0
2021-11-09,42.8875,43.0227,42.2022,42.9841,6050916.0
2021-11-10,42.2794,42.9262,42.0188,42.1925,5730133.0
2021-11-11,42.3277,42.7041,41.9416,41.9416,4961402.0
2021-11-12,41.9898,42.0284,40.4164,40.7543,8017875.0
2021-11-15,41.1597,41.4493,40.677,40.9087,4904265.0
2021-11-16,40.6384,40.7253,39.4801,39.6152,8572376.0
2021-11-17,39.5573,39.8179,38.9009,39.2967,7116593.0
2021-11-18,39.3353,39.3546,38.0611,38.7272,9594284.0
2021-11-19,38.3893,38.5438,37.5302,38.3121,12355285.0
2021-11-22,38.4955,38.7947,37.8584,38.3893,9964230.0
2021-11-23,38.9395,39.1712,37.8874,38.1577,9285179.0
2021-11-24,37.8198,38.6789,37.5688,38.3121,5992367.0
2021-11-26,35.4742,35.6672,33.3988,35.117,32545924.0
2021-11-29,35.7348,36.0533,34.7212,34.9819,17814177.0
2021-11-30,34.4896,35.0301,33.9876,34.9433,15184887.0
2021-12-01,35.59,36.0437,32.2405,32.366,29047360.0
2021-12-02,33.2154,35.3969,32.588,35.368,29125560.0
2021-12-03,35.2135,36.3719,34.1228,34.7309,21482627.0
2021-12-06,35.9568,37.9646,35.7251,36.8159,19239151.0
2021-12-07,37.3275,37.7715,36.4588,36.7194,11679830.0
2021-12-08,37.1634,38.5052,36.7097,37.5302,13058184.0
2021-12-09,36.8931,37.5013,36.6808,37.1634,8007113.0
2021-12-10,37.0862,37.1248,36.285,36.8545,8566557.0
2021-12-13,36.063,36.314,35.1556,35.59,9424777.0
2021-12-14,35.2811,36.2271,35.1556,35.2618,10378193.0
2021-12-15,35.2618,35.5224,34.3062,35.339,10407627.0
2021-12-16,36.285,36.3815,34.422,34.5571,14790968.0
2021-12-17,34.7888,35.9568,34.3544,35.2908,13646723.0
2021-12-20,34.3158,35.9568,34.1614,35.1074,14485448.0
2021-12-21,35.5514,37.4723,35.4838,37.1827,14170901.0
2021-12-22,37.1441,38.0997,36.8449,37.7715,9439598.0
2021-12-23,38.3411,38.5052,37.6364,37.9356,6679764.0
2021-12-27,36.9317,37.8198,36.5456,37.6461,8917954.0
2021-12-28,37.3758,38.4569,37.1827,38.2542,8348247.0
2021-12-29,37.9646,38.119,37.6364,37.8005,5820200.0
2021-12-30,37.704,38.3604,37.6654,37.6847,6633593.0
2021-12-31,37.6943,38.0901,37.5688,37.7233,5570851.0
2022-01-03,38.4086,39.6056,38.2542,38.8913,9551797.0
2022-01-04,39.5477,39.8469,38.9202,39.1809,9247010.0
2022-01-05,39.5573,39.8469,38.7561,38.8816,8813625.0
2022-01-06,39.4029,39.6828,38.3604,38.7175,7474147.0
2022-01-07,39.3063,40.5129,39.0361,40.0689,11172266.0
2022-01-10,40.1461,40.3488,38.7947,39.2195,9539840.0
2022-01-11,39.1712,40.0882,39.0361,39.7986,7408140.0
2022-01-12,39.8179,40.1461,39.1422,39.2002,9112133.0
2022-01-13,39.6538,41.0632,39.0457,40.0303,18484733.0
2022-01-14,39.3739,39.4415,38.177,38.9106,13674057.0
2022-01-18,38.5148,39.0361,38.0708,38.1673,10439321.0
2022-01-19,38.1287,38.4183,37.3854,37.4723,8758011.0
2022-01-20,37.6943,38.7658,37.4144,37.4916,10315555.0
2022-01-21,37.482,37.482,36.063,36.5456,13933244.0
2022-01-24,35.6672,36.6132,34.6247,36.5939,15593990.0
2022-01-25,36.1981,37.5206,36.0051,37.3758,11176583.0
2022-01-26,37.9453,38.5727,37.009,37.4144,9521994.0
2022-01-27,37.8777,38.6403,36.7097,37.009,9959065.0
2022-01-28,36.7869,37.0572,35.4935,36.951,10297343.0
2022-01-31,36.507,38.3411,36.3429,38.3121,8198485.0
2022-02-01,38.4183,39.1615,38.1866,39.0843,7476614.0
2022-02-02,38.7368,39.538,38.3411,39.1133,7801353.0
2022-02-03,38.6113,39.1905,38.3024,38.3507,7916465.0
2022-02-04,38.2156,38.6982,37.7329,38.4665,7504757.0
2022-02-07,39.065,39.8565,39.0168,39.5187,8808446.0
2022-02-08,39.8759,41.2369,39.5766,41.1307,11402320.0
2022-02-09,41.43,42.9648,41.3624,42.3566,15263358.0
2022-02-10,41.9223,43.1771,41.8064,42.3759,10674974.0
2022-02-11,42.3759,43.2447,40.4647,40.8604,15791132.0
2022-02-14,40.9087,41.7485,40.2523,40.5129,9494579.0
2022-02-15,41.9512,43.1964,41.8257,42.9455,12301904.0
2022-02-16,42.569,43.5729,42.4532,42.8682,9761511.0
2022-02-17,42.2505,42.598,41.4493,41.8064,7577943.0
2022-02-18,41.6037,42.1636,41.2176,41.3527,8497927.0
2022-02-22,40.2427,41.3527,39.9917,40.4357,10875544.0
2022-02-23,40.8315,40.9184,38.7175,38.7947,10049120.0
2022-02-24,36.2947,39.0843,36.1692,38.9299,18159625.0
2022-02-25,39.3256,40.5419,39.2291,40.0979,12876006.0
2022-02-28,38.9299,38.9588,37.6654,38.5341,17819772.0
2022-03-01,38.1287,38.2156,36.0726,36.3333,17516801.0
2022-03-02,36.9704,37.4337,36.536,36.7194,12817406.0
2022-03-03,37.1538,37.3951,35.117,35.2908,13404112.0
2022-03-04,34.2772,34.6247,32.9741,33.3216,19360314.0
2022-03-07,32.8196,33.0127,28.9392,29.0647,29040920.0
2022-03-08,29.6535,31.6034,28.7172,30.1361,24494413.0
2022-03-09,31.7868,32.6073,31.42,31.6227,21064644.0
2022-03-10,31.0049,32.2501,30.4257,31.42,14059533.0
2022-03-11,32.1536,32.2405,30.8987,30.9566,13352427.0
2022-03-14,30.8891,32.0474,30.5512,30.9566,14195854.0
2022-03-15,33.5822,34.2386,32.81,33.6498,21954215.0
2022-03-16,34.2772,35.6672,34.2096,35.6479,18973285.0
2022-03-17,34.4703,35.8603,34.1421,35.8603,13744298.0
2022-03-18,35.5128,36.6132,35.117,36.3719,13374199.0
2022-03-21,35.841,35.9375,34.6344,34.8371,14304021.0
2022-03-22,35.1363,35.9472,35.0687,35.6962,10631358.0
2022-03-23,35.4452,35.5128,34.8178,34.9626,9641029.0
2022-03-24,35.1267,35.9761,34.7116,35.9665,9283685.0
2022-03-25,35.9954,36.9124,35.9472,36.5939,8762949.0
2022-03-28,37.0862,37.2696,36.1402,37.009,9108568.0
2022-03-29,38.2735,38.8623,37.7715,38.148,11573124.0
2022-03-30,37.7426,38.1577,37.5592,37.9646,7420458.0
2022-03-31,38.0322,38.7079,37.8777,38.1963,7629147.0
2022-04-01,38.2928,38.5148,37.6557,37.9453,6698516.0
2022-04-04,37.8584,38.2445,37.3661,38.0322,6832495.0
2022-04-05,38.1383,38.4858,37.2213,37.675,10104853.0
2022-04-06,36.6904,36.7387,35.4356,36.285,12928797.0
2022-04-07,36.0726,36.1981,34.9143,35.841,9078406.0
2022-04-08,35.6962,36.0437,35.2328,35.4645,6624085.0
2022-04-11,35.4259,37.2213,35.2618,36.8835,11122692.0
2022-04-12,37.0283,37.5978,36.4588,37.2792,12182700.0
2022-04-13,38.814,39.6731,38.4279,39.5959,27444346.0
2022-04-14,40.5129,41.3817,40.2909,40.8894,22402582.0
2022-04-18,40.6191,41.5748,40.3971,40.6674,13918612.0
2022-04-19,41.3238,42.2505,41.2369,41.5458,13662116.0
2022-04-20,41.7775,42.7041,41.6906,42.0284,13340428.0
2022-04-21,43.2543,44.6637,42.9937,43.1771,26321271.0
2022-04-22,43.4474,43.7756,42.0381,42.1732,11954170.0
2022-04-25,41.8933,42.0381,40.7639,41.7678,11232474.0
2022-04-26,41.3431,41.5554,40.1075,40.4454,11695435.0
2022-04-27,40.7157,41.9319,40.3102,41.6134,10769391.0
2022-04-28,41.9995,42.8779,41.401,42.791,9568799.0
2022-04-29,42.6366,43.1964,41.3334,41.5361,9463455.0
2022-05-02,41.4589,41.8933,40.1268,41.1886,10344134.0
2022-05-03,41.1597,42.1732,40.7446,41.845,8131182.0
2022-05-04,41.2755,42.4435,40.8701,42.3277,9033234.0
2022-05-05,41.652,42.2215,40.3392,40.6674,9281810.0
2022-05-06,40.5129,40.5129,38.9974,39.5766,10298893.0
2022-05-09,38.8913,39.0457,36.7001,36.9221,12741343.0
2022-05-10,37.5109,37.9646,36.536,37.3372,11207549.0
2022-05-11,37.2889,38.5341,36.4008,36.5746,11413349.0
2022-05-12,36.0147,36.4491,34.4606,35.3969,13955565.0
2022-05-13,36.1885,37.1151,36.1499,36.9993,9472706.0
2022-05-16,36.9897,37.6461,36.7869,36.8449,8430981.0
2022-05-17,38.4665,39.4029,37.8391,39.3063,11081919.0
2022-05-18,38.9106,39.4125,37.6461,37.9453,8582984.0
2022-05-19,37.4047,38.5341,37.3082,37.8777,7550585.0
2022-05-20,38.5148,38.6596,36.3236,37.2985,8124268.0
2022-05-23,38.0129,38.6017,37.3758,38.148,6776820.0
2022-05-24,37.4723,37.5978,35.5031,35.9278,8840284.0
2022-05-25,35.7927,37.3468,35.7348,37.2599,8552717.0
2022-05-26,37.7715,39.8083,37.6461,39.4125,11970166.0
2022-05-27,39.5766,40.7639,39.5766,40.7639,8390459.0
2022-05-31,39.2967,40.9763,39.1712,40.2427,10302987.0
2022-06-01,40.6674,40.8315,37.8681,38.1673,14047094.0
2022-06-02,38.0322,38.8913,37.8584,38.6017,10692497.0
2022-06-03,37.8391,38.0515,36.729,37.202,12059082.0
2022-06-06,37.6461,37.926,36.9704,37.6461,6483524.0
2022-06-07,37.0379,38.4086,36.9124,38.3604,6919012.0
2022-06-08,37.4916,38.1577,36.8449,36.8931,7551518.0
2022-06-09,36.7773,36.8835,35.4356,35.4742,9625617.0
2022-06-10,34.7502,35.812,33.7849,33.9008,14478095.0
2022-06-13,32.8196,32.9162,30.8987,31.0918,17384578.0
2022-06-14,31.4682,31.6323,29.7886,30.2906,17182078.0
2022-06-15,30.9084,31.6034,30.2616,30.8505,17474443.0
2022-06-16,29.6052,29.808,28.1959,28.5531,17403028.0
2022-06-17,28.6882,29.4218,27.7615,29.2095,22481616.0
2022-06-21,29.7307,29.8852,28.7268,29.0068,12097080.0
2022-06-22,28.8813,29.4315,28.5724,28.9585,13149872.0
2022-06-23,28.8523,29.0743,27.7905,28.5338,13100372.0
2022-06-24,28.4952,30.2037,28.4952,30.1168,13477459.0
2022-06-27,30.2423,30.3099,29.2867,29.3832,10063815.0
2022-06-28,29.9238,31.1207,29.2288,29.277,12049663.0
2022-06-29,28.9295,28.9682,28.1863,28.611,10752611.0
2022-06-30,27.916,28.2056,27.1148,27.9643,13345844.0
2022-07-01,28.2152,28.7075,27.6747,28.4952,9161444.0
2022-07-05,27.6264,28.7944,27.1631,28.7847,12886045.0
2022-07-06,28.5338,29.1516,28.1573,28.5048,8160564.0
2022-07-07,28.8427,29.1516,28.4083,28.8716,7794804.0
2022-07-08,28.8909,29.3736,28.4662,28.6882,7476364.0
2022-07-11,28.5434,28.9682,28.1573,28.2731,9692434.0
2022-07-12,28.389,30.445,28.2538,30.0107,18161737.0
2022-07-13,27.945,28.7172,27.3561,28.6689,30928817.0
2022-07-14,28.2925,29.3446,28.0897,28.7365,14930181.0
2022-07-15,29.1033,29.3832,28.5145,29.0454,10514698.0
2022-07-18,30.1168,30.8794,29.9817,30.0589,15962914.0
2022-07-19,30.7057,31.5937,30.7057,31.4682,13144634.0
2022-07-20,31.4393,31.9316,31.0146,31.7096,9317157.0
2022-07-21,30.7732,31.0339,30.2037,30.8505,12167774.0
2022-07-22,31.1787,31.3524,30.2037,30.2616,8657281.0
2022-07-25,30.2423,30.4161,29.6535,30.3196,7390013.0
2022-07-26,29.8755,30.1265,29.5087,29.5763,7061523.0
2022-07-27,30.2134,30.5512,29.6728,30.4064,7649403.0
2022-07-28,30.1941,30.6188,29.528,30.5995,8762220.0
2022-07-29,30.4933,30.9277,30.3485,30.696,6078649.0
2022-08-01,30.6767,31.1787,30.1651,31.1111,8441367.0
2022-08-02,30.6284,31.3138,30.1941,30.7153,8309468.0
2022-08-03,31.0821,32.1632,30.9663,32.0957,9115833.0
2022-08-04,32.0571,32.4432,31.7771,32.1729,6046593.0
2022-08-05,31.7578,32.2405,31.642,31.7964,6392513.0
2022-08-08,32.1343,32.9258,32.1246,32.5783,7221924.0
2022-08-09,32.337,32.4335,31.5841,32.0571,5598937.0
2022-08-10,33.003,33.3312,32.7135,32.7521,8492999.0
2022-08-11,33.3023,33.5822,32.6652,32.781,6153521.0
2022-08-12,33.1864,33.4085,32.8969,33.3023,5850548.0
2022-08-15,33.3892,34.2483,33.283,33.7849,7336925.0
2022-08-16,33.8621,34.5475,33.4953,34.1131,7311633.0
2022-08-17,33.5629,33.7077,32.8679,33.3409,6305115.0
2022-08-18,33.3312,33.4085,32.8389,33.2926,4727501.0
2022-08-19,32.7038,32.8776,31.9123,32.0957,7933158.0
2022-08-22,31.3717,31.3814,30.7443,31.2559,7373386.0
2022-08-23,31.2655,31.8737,31.1497,31.7289,6441972.0
2022-08-24,31.7385,32.2501,31.5358,32.1536,4434853.0
2022-08-25,32.4142,32.9741,32.3563,32.81,5531191.0
2022-08-26,32.7714,33.0706,31.5165,31.5455,5411750.0
2022-08-29,31.0821,31.2366,30.7443,30.918,6933791.0
2022-08-30,31.1304,31.3234,30.3678,30.6188,5702661.0
2022-08-31,30.8601,30.9084,29.9817,29.9914,5567363.0
2022-09-01,29.5859,30.0589,28.9006,30.0107,6792818.0
2022-09-02,30.3485,30.725,29.6245,29.8659,6953330.0
2022-09-06,30.252,30.5512,29.5859,30.1072,5985411.0
2022-09-07,30.2037,31.2173,30.1748,31.1111,7025320.0
2022-09-08,30.6188,31.3621,30.4547,31.0049,8902660.0
2022-09-09,31.3041,31.6227,31.1111,31.5262,7953670.0
2022-09-12,31.8544,32.2887,31.5841,31.9991,6336896.0
2022-09-13,30.918,31.2462,30.4933,30.6381,7549339.0
2022-09-14,30.4933,31.5551,29.75,31.5262,8915786.0
2022-09-15,31.3428,32.5687,31.3234,32.1246,8914289.0
2022-09-16,31.5841,31.6806,30.6864,30.9952,9947887.0
2022-09-19,30.8312,31.9605,30.725,31.7964,7193885.0
2022-09-20,31.7192,32.115,31.14,31.613,6118421.0
2022-09-21,31.2752,31.3331,30.001,30.0782,11342420.0
2022-09-22,30.0396,30.1168,28.6882,28.9199,9263711.0
2022-09-23,28.3697,28.5531,27.4913,28.0125,10281228.0
2022-09-26,27.9353,28.1187,27.0376,27.0472,9307742.0
2022-09-27,27.6168,27.9256,26.8349,27.5106,11011213.0
2022-09-28,27.5106,28.611,27.2789,28.4662,8071932.0
2022-09-29,27.8677,27.9256,27.1052,27.4527,8598772.0
2022-09-30,27.1438,27.6071,26.9121,27.0859,7515023.0
2022-10-03,27.0086,27.5106,26.2557,27.2789,8788586.0
2022-10-04,28.2345,29.75,28.2345,29.6825,13307232.0
2022-10-05,28.9585,29.6825,28.7654,29.4604,6705758.0
2022-10-06,29.2384,29.8466,29.1033,29.557,8698034.0
2022-10-07,29.1516,29.1709,28.0511,28.3697,9161216.0
2022-10-10,28.389,28.6882,27.9643,28.3986,8416978.0
2022-10-11,29.528,29.6921,27.3851,27.8388,12452121.0
2022-10-12,27.5299,28.4179,27.2306,28.1959,9459758.0
2022-10-13,28.3118,29.9431,27.5299,29.3253,21513530.0
2022-10-14,30.4933,30.8118,29.7886,30.001,18950449.0
2022-10-17,30.8698,31.0049,29.6535,30.0493,12347892.0
2022-10-18,30.8505,31.0725,30.252,31.0532,10360635.0
2022-10-19,31.42,31.7964,30.9663,31.391,11774892.0
2022-10-20,31.2752,31.9509,30.9952,31.0339,9502626.0
2022-10-21,30.947,31.6709,30.6671,31.4489,8671732.0
2022-10-24,31.7096,32.2598,31.4489,32.115,8056766.0
2022-10-25,31.9316,32.81,31.7771,32.7231,6247581.0
2022-10-26,32.53,33.3988,32.53,32.7231,7255751.0
2022-10-27,33.2057,33.8621,32.8582,32.9065,6259672.0
2022-10-28,32.8872,33.5436,32.53,33.4664,5890432.0
2022-10-31,33.4664,33.7173,32.7135,32.7521,7566003.0
2022-11-01,33.1382,33.2347,32.366,32.4625,7026931.0
2022-11-02,32.0474,32.2212,30.918,30.947,11217518.0
2022-11-03,30.445,31.2655,29.9045,30.8601,7504157.0
2022-11-04,31.5648,32.0667,31.0435,31.6227,7632915.0
2022-11-07,32.2115,32.4721,31.4296,32.2019,5325148.0
2022-11-08,32.2598,32.7231,31.9509,32.4239,6442247.0
2022-11-09,32.115,32.8486,31.9991,32.2984,6419041.0
2022-11-10,33.3312,34.5861,33.1092,34.2579,9798205.0
2022-11-11,34.451,34.7502,34.0359,34.2096,7003470.0
2022-11-14,33.5436,34.2579,33.3988,33.4857,6298134.0
2022-11-15,34.0455,34.3448,33.254,33.6884,6616440.0
2022-11-16,33.2251,33.4471,32.7135,32.9355,5686985.0
2022-11-17,32.2791,32.9451,32.1439,32.8776,4451943.0
2022-11-18,33.7849,34.1517,32.9837,33.2733,5132868.0
2022-11-21,33.1092,33.4857,32.8679,33.0416,3816549.0
2022-11-22,33.1768,33.3119,32.5783,33.0416,3776571.0
2022-11-23,33.1671,33.6498,33.0127,33.2926,4569595.0
2022-11-25,33.3023,34.171,33.1575,33.8814,3667164.0
2022-11-28,33.4953,33.7077,32.6941,32.6941,4058015.0
2022-11-29,32.8389,33.5243,32.7038,33.4085,5511120.0
2022-11-30,33.3119,34.1517,33.0127,34.1421,5292634.0
2022-12-01,34.2193,34.4992,33.8814,34.1517,4704491.0
2022-12-02,33.7849,34.4799,33.6691,34.4703,5086830.0
2022-12-05,34.4896,35.5997,34.4413,34.5475,9934198.0
2022-12-06,34.6537,34.9819,33.978,34.6633,6611233.0
2022-12-07,34.4027,34.4124,33.0996,33.1382,9223967.0
2022-12-08,33.3698,33.5339,32.1343,32.366,7202255.0
2022-12-09,32.1536,32.6459,32.0088,32.6266,4272651.0
2022-12-12,32.5204,33.5822,32.4335,33.5629,5199520.0
2022-12-13,34.2869,34.4799,31.6709,32.2212,11926810.0
2022-12-14,33.4471,33.5726,32.5494,33.1189,19295126.0
2022-12-15,32.4818,32.8776,31.6903,32.0957,9206542.0
2022-12-16,32.0957,32.5687,31.4779,31.9605,8708619.0
2022-12-19,32.1536,32.5204,31.6999,31.7771,6357654.0
2022-12-20,31.7192,32.1246,31.613,31.7578,4567421.0
2022-12-21,32.086,32.81,32.0474,32.5011,5499241.0
2022-12-22,32.4335,32.4625,31.169,31.7771,5466634.0
2022-12-23,31.6903,32.0184,31.2462,32.0088,4724258.0
2022-12-27,31.7192,32.1729,31.4586,31.7578,6218543.0
2022-12-28,31.6999,31.8737,30.8118,30.8794,6289549.0
2022-12-29,30.8408,31.6227,30.7153,31.5937,5828211.0
2022-12-30,31.3138,31.9026,31.2269,31.7192,5470351.0
2023-01-03,32.0957,32.3853,31.2076,31.4779,6264389.0
2023-01-04,31.8061,33.2733,31.7868,33.1961,9235807.0
2023-01-05,33.4857,34.3351,33.3216,34.0069,8483874.0
2023-01-06,33.9683,34.8178,33.8814,34.7792,9052418.0
2023-01-09,35.2715,36.1306,35.0881,35.4935,8408848.0
2023-01-10,35.3969,36.8449,35.3873,36.7676,8236853.0
2023-01-11,36.6035,37.3565,36.507,36.8545,11634413.0
2023-01-12,37.4916,38.2445,36.9897,38.2252,16457473.0
2023-01-13,35.2811,36.9607,35.2521,36.8738,23046268.0
2023-01-17,36.8738,37.0283,36.2464,36.9317,12009644.0
2023-01-18,37.7136,37.9549,36.98,37.0476,15208953.0
2023-01-19,36.536,37.1055,35.7444,37.0186,12044051.0
2023-01-20,37.1827,37.8391,37.009,37.675,8892923.0
2023-01-23,37.8391,37.9453,37.3854,37.7233,6814307.0
2023-01-24,37.8874,38.0901,37.1151,37.453,5604258.0
2023-01-25,37.3854,38.1287,37.2792,38.0129,7549170.0
2023-01-26,38.0515,38.1383,37.2792,37.8584,5993969.0
2023-01-27,37.6461,37.8584,37.3565,37.3854,5811326.0
2023-01-30,37.1151,38.0225,36.9317,37.0669,6027732.0
2023-01-31,37.4626,37.7522,37.0283,37.7426,4980238.0
2023-02-01,37.4916,38.6886,37.2503,38.5052,8258308.0
2023-02-02,38.814,38.9395,38.1383,38.5148,8129423.0
2023-02-03,37.9356,38.621,37.926,38.2059,6404525.0
2023-02-06,37.9067,38.4569,37.7233,38.2638,4745732.0
2023-02-07,38.1287,38.3893,37.3275,38.2156,6279667.0
2023-02-08,38.6113,38.9106,37.8005,38.0708,6172708.0
2023-02-09,38.3411,38.5824,37.5302,37.6557,4283135.0
2023-02-10,37.1634,37.202,36.507,36.8449,5254961.0
2023-02-13,36.8256,37.3951,36.6615,37.2599,5088385.0
2023-02-14,37.1924,37.8874,36.9221,37.7426,4909080.0
2023-02-15,37.3275,37.897,37.2696,37.6654,3054792.0
2023-02-16,37.2792,37.4433,36.8931,36.951,5007048.0
2023-02-17,36.8449,37.0958,36.3622,37.0283,4170557.0
2023-02-21,36.5842,36.7676,35.5417,35.812,5813193.0
2023-02-22,35.7155,36.1595,35.561,35.7251,4619041.0
2023-02-23,36.3236,36.8159,35.8699,36.2271,5995962.0
2023-02-24,35.5224,36.1016,35.3873,36.063,4216851.0
2023-02-27,36.4974,36.8835,36.256,36.5263,5282398.0
2023-02-28,36.3333,37.3854,36.3333,37.009,5214341.0
2023-03-01,37.009,37.3275,36.6904,37.1731,4831797.0
2023-03-02,36.7869,37.2117,36.536,37.0862,3869055.0
2023-03-03,37.6364,37.8777,37.2406,37.5013,5107722.0
2023-03-06,37.6364,37.9067,37.0283,37.1248,4162040.0
2023-03-07,37.5592,38.3893,37.3565,37.7136,8645981.0
2023-03-08,37.8488,38.3604,37.8101,38.3507,5899166.0
2023-03-09,38.3893,38.9009,36.9897,37.1538,7953745.0
2023-03-10,37.5688,37.5688,35.3101,35.9568,9773774.0
2023-03-13,35.146,35.2908,34.1517,34.4413,11242778.0
2023-03-14,35.117,35.2232,33.8814,34.2386,11894249.0
2023-03-15,33.1768,33.3023,31.4489,32.0764,14974750.0
2023-03-16,31.9702,32.7135,31.4972,32.5397,9771241.0
2023-03-17,32.1053,32.1922,31.3717,31.8157,8965659.0
2023-03-20,31.9316,32.3563,31.7771,31.9895,7219825.0
2023-03-21,32.5494,32.9548,32.4721,32.7135,6473721.0
2023-03-22,32.7135,32.8389,31.5841,31.6323,7826286.0
2023-03-23,31.8544,32.1922,30.696,31.0242,8309040.0
2023-03-24,30.6381,30.7539,29.9624,30.4933,10182402.0
2023-03-27,31.0628,31.1787,30.6381,31.0146,5248646.0
2023-03-28,30.8891,31.4103,30.8601,31.3428,5226024.0
2023-03-29,31.6903,32.2598,31.391,32.1632,7495362.0
2023-03-30,32.5397,33.0996,32.5397,32.9258,8285033.0
2023-03-31,33.3023,33.727,33.1768,33.7077,6993577.0
2023-04-03,33.283,33.6401,32.9741,33.1961,6978657.0
2023-04-04,33.3698,33.4953,32.337,32.7424,6824903.0
2023-04-05,32.3949,32.4625,31.7096,32.2984,7044086.0
2023-04-06,32.4142,32.6459,32.0667,32.5204,4732798.0
2023-04-10,32.5204,32.9741,32.4528,32.7907,6410082.0
2023-04-11,32.7907,33.5726,32.7521,33.3795,7698306.0
2023-04-12,33.1285,33.2733,31.9895,32.5687,17370583.0
2023-04-13,32.8679,32.9258,31.3138,32.2115,31571391.0
2023-04-14,32.5397,32.8196,31.8737,32.5976,13082845.0
2023-04-17,32.6362,33.4085,32.5011,33.3892,9439154.0
2023-04-18,33.727,34.2386,33.3409,34.1324,9644550.0
2023-04-19,33.9297,34.9336,33.9008,34.6826,9624612.0
2023-04-20,34.3544,34.4124,33.3795,33.4374,8857338.0
2023-04-21,33.476,33.4857,32.6845,33.1382,7694136.0
2023-04-24,33.2251,33.2733,32.2984,32.9355,6811562.0
2023-04-25,32.7231,32.81,31.9412,31.9605,7099011.0
2023-04-26,32.0281,32.308,31.5551,31.613,7190250.0
2023-04-27,31.9026,32.2887,31.5937,32.1729,7824147.0
2023-04-28,32.2887,33.1961,32.0764,33.1189,8109811.0
2023-05-01,33.2347,33.949,32.9934,33.5146,7739064.0
2023-05-02,33.3023,33.4664,32.7135,33.3312,8193915.0
2023-05-03,33.3312,33.6015,32.8679,32.9451,9104961.0
2023-05-04,32.7714,32.8003,31.5455,31.9316,9305646.0
2023-05-05,32.2791,33.003,32.1632,32.7617,7122932.0
2023-05-08,33.0513,33.2347,32.559,33.0127,7039450.0
2023-05-09,32.7617,33.2251,32.53,33.0127,4507030.0
2023-05-10,33.4471,33.5243,31.9605,32.6266,7242009.0
2023-05-11,32.3853,32.4721,31.864,32.0667,5973719.0
2023-05-12,32.2212,32.3853,31.6999,32.0764,5838979.0
2023-05-15,32.1922,32.559,31.9123,32.5494,6301030.0
2023-05-16,32.4818,33.0513,32.1922,32.6459,6693924.0
2023-05-17,33.1092,34.924,33.032,34.6826,13982991.0
2023-05-18,34.644,34.866,34.3062,34.644,7897632.0
2023-05-19,34.6826,34.7502,33.7946,34.3544,6605742.0
2023-05-22,34.8178,35.0784,33.978,34.2289,6900066.0
2023-05-23,34.4992,35.368,34.0842,34.6633,8446803.0
2023-05-24,34.3255,34.4992,33.3119,33.7173,6790329.0
2023-05-25,33.8814,34.5765,33.8139,34.5089,5226996.0
2023-05-26,34.5089,34.9915,34.4703,34.644,5348045.0
2023-05-30,35.0301,35.6479,34.8467,35.0205,5833454.0
2023-05-31,35.59,35.6383,34.6344,35.0687,6804332.0
2023-06-01,35.1556,35.5321,34.7502,35.117,5431799.0
2023-06-02,35.6286,36.3333,35.3583,35.7251,7056849.0
2023-06-05,35.7927,35.9278,35.2811,35.812,5504899.0
2023-06-06,35.3776,36.3622,35.339,36.3333,4564145.0
2023-06-07,36.5263,36.9317,36.2947,36.9028,8097379.0
2023-06-08,36.9124,37.8488,36.9124,37.7522,12183544.0
2023-06-09,37.7619,38.5148,37.7233,37.9163,12018695.0
2023-06-12,38.2059,38.8237,38.1673,38.8044,8484732.0
2023-06-13,38.9878,40.2041,38.8044,40.1172,10652494.0
2023-06-14,40.262,40.7639,40.04,40.7253,9996956.0
2023-06-15,40.2909,41.5265,40.2041,41.3914,10910093.0
2023-06-16,41.372,41.6616,41.0632,41.3045,8949489.0
2023-06-20,40.9473,41.1597,40.6674,41.0052,7762978.0
2023-06-21,41.0149,41.5458,40.8798,41.3045,6451270.0
2023-06-22,41.1307,41.6037,41.0052,41.4493,4659767.0
2023-06-23,40.7832,41.5072,40.6288,41.372,6683488.0
2023-06-26,41.3624,42.067,41.179,41.6423,8427134.0
2023-06-27,42.1636,44.6637,41.8643,44.4899,20731339.0
2023-06-28,44.6637,45.2814,44.4513,45.0884,13268205.0
2023-06-29,45.127,45.7641,44.6057,44.7023,11473447.0
2023-06-30,45.0305,46.073,44.876,45.8896,9712292.0
2023-07-03,45.793,46.4977,45.793,46.295,4964323.0
2023-07-05,46.0633,47.1251,46.0054,46.8355,7753610.0
2023-07-06,46.3239,46.768,45.6,45.6869,11007456.0
2023-07-07,45.8413,46.7101,45.5035,46.2178,11395943.0
2023-07-10,46.1695,46.9224,46.0054,46.7776,7729975.0
2023-07-11,46.8935,47.0962,46.3433,46.9707,7885234.0
2023-07-12,47.0093,47.3375,46.2178,46.2853,12085917.0
2023-07-13,48.027,48.085,45.5894,46.0537,26611422.0
2023-07-14,46.2181,46.2568,44.4286,44.9703,14260540.0
2023-07-17,44.9703,45.6474,44.8058,45.2701,7157358.0
2023-07-18,45.2798,46.8082,45.1928,46.7888,9156323.0
2023-07-19,46.5373,47.0307,46.3245,46.9629,6884645.0
2023-07-20,46.5567,47.2048,46.1407,47.0984,8255568.0
2023-07-21,47.3015,47.495,46.7114,46.9629,6838141.0
2023-07-24,46.5373,46.6727,45.7828,45.9279,6911845.0
2023-07-25,45.1347,45.2605,43.9546,44.9219,10493114.0
2023-07-26,44.8929,45.2508,44.4576,44.9122,5970960.0
2023-07-27,44.5253,44.6511,43.9062,44.2545,6747641.0
2023-07-28,44.5543,44.6414,44.003,44.2255,6100384.0
2023-07-31,44.3125,44.8155,44.2158,44.7478,5092529.0
2023-08-01,44.2448,44.2545,42.8132,43.9159,7102091.0
2023-08-02,43.4419,43.616,43.1711,43.3355,5938651.0
2023-08-03,42.8712,43.1808,42.581,42.7455,5427301.0
2023-08-04,43.0163,43.3452,42.7648,43.1324,5447490.0
2023-08-07,43.2291,43.9353,43.0357,43.7611,4755542.0
2023-08-08,43.1614,44.4383,43.1421,44.2932,4461153.0
2023-08-09,44.2448,44.5834,43.2872,43.558,4657151.0
2023-08-10,43.9449,44.2158,43.0357,43.3936,5296463.0
2023-08-11,43.1421,43.2291,42.6584,42.7261,4085153.0
2023-08-14,42.5617,42.8906,42.2715,42.7842,3842122.0
2023-08-15,42.4456,42.6197,41.5557,41.6137,5270369.0
2023-08-16,41.6331,42.3198,41.1687,41.2752,4301622.0
2023-08-17,41.2752,41.3525,40.3562,40.4142,4626054.0
2023-08-18,39.9886,40.2692,39.7468,40.1337,4713200.0
2023-08-21,40.3272,40.4916,39.8822,40.3756,3023134.0
2023-08-22,40.6464,40.7818,39.8822,40.2498,3171902.0
2023-08-23,40.2498,41.014,39.9016,40.8205,5124800.0
2023-08-24,40.6271,41.0914,40.3465,40.5303,4072329.0
2023-08-25,40.7238,40.7818,39.7952,40.3369,4403426.0
2023-08-28,40.3659,41.0527,40.3659,41.0237,3353756.0
2023-08-29,40.985,42.6197,40.8592,42.3392,6399965.0
2023-08-30,42.3779,42.4166,41.8072,41.8168,4144557.0
2023-08-31,42.1167,42.1554,41.043,41.4783,4427426.0
2023-09-01,41.6911,41.7782,40.9559,41.4589,3922713.0
2023-09-05,41.0914,41.1204,39.9499,40.3949,6342926.0
2023-09-06,40.1337,41.3138,40.1337,40.3465,5657611.0
2023-09-07,40.1434,40.3078,39.6307,39.7855,4659157.0
2023-09-08,39.8048,40.1434,39.4179,39.4856,5880318.0
2023-09-11,39.7565,39.8435,39.3986,39.505,4678605.0
2023-09-12,39.592,39.9016,39.2728,39.3599,4745838.0
2023-09-13,38.2088,38.7892,37.996,38.2571,8655741.0
2023-09-14,38.8859,38.9633,37.6574,38.0443,9564009.0
2023-09-15,38.0153,38.7988,37.8315,38.5957,6674052.0
2023-09-18,38.2958,38.528,37.4639,37.6187,5540968.0
2023-09-19,37.5994,38.2281,37.3769,38.1604,5439045.0
2023-09-20,38.47,38.5667,37.5026,37.609,4889578.0
2023-09-21,37.3189,37.6574,36.9609,37.048,5742200.0
2023-09-22,37.1254,37.1641,36.2935,36.4386,5415157.0
2023-09-25,36.1774,36.4966,35.8872,36.3322,5315339.0
2023-09-26,35.984,36.4676,35.5197,35.568,6311904.0
2023-09-27,35.568,35.9356,35.3262,35.4616,5543338.0
2023-09-28,35.5003,36.2451,35.2198,35.7421,5753524.0
2023-09-29,36.0323,36.2645,35.539,35.7905,4833380.0
2023-10-02,35.7615,35.984,35.1134,35.2585,4014494.0
2023-10-03,34.9586,35.1037,33.972,34.088,6453691.0
2023-10-04,34.3105,35.0747,34.2041,34.8812,7211155.0
2023-10-05,35.2778,35.4616,34.8329,35.2488,5948635.0
2023-10-06,35.1424,36.1097,35.0747,35.7905,7459075.0
2023-10-09,34.5427,34.6201,33.5463,34.1267,11759344.0
2023-10-10,34.5714,35.4736,34.5423,34.6587,9520586.0
2023-10-11,34.6878,35.5221,34.2804,34.9013,11654563.0
2023-10-12,35.9004,35.9586,33.873,34.0961,24587824.0
2023-10-13,33.7372,34.3677,32.9321,33.0776,11595422.0
2023-10-16,33.1358,33.7081,32.8739,33.388,7967840.0
2023-10-17,33.3007,34.1349,33.2425,33.6402,8277476.0
2023-10-18,33.0776,33.0776,32.03,32.1464,11520080.0
2023-10-19,32.2143,32.612,31.6808,31.7293,10900440.0
2023-10-20,31.6129,31.739,31.2249,31.2637,6299394.0
2023-10-23,31.0406,31.6129,30.8272,31.0794,9700409.0
2023-10-24,31.1376,31.4771,30.9339,31.06,6561260.0
2023-10-25,30.9048,30.9727,30.3907,30.4683,9185927.0
2023-10-26,30.5362,31.0406,30.2452,30.6526,7748101.0
2023-10-27,30.8078,30.8466,29.6826,29.7311,8261409.0
2023-10-30,29.9251,30.4586,29.9251,30.2937,8478194.0
2023-10-31,30.2064,30.381,29.8378,30.3131,7140211.0
2023-11-01,30.4489,30.6526,29.9057,30.1773,7167099.0
2023-11-02,30.7108,31.1279,30.6235,31.06,7593758.0
2023-11-03,31.5838,32.5247,31.5353,32.3501,9824245.0
2023-11-06,32.6217,32.7187,31.4868,31.933,5821775.0
2023-11-07,32.0203,32.515,31.6226,32.4374,8239744.0
2023-11-08,32.7381,33.6693,32.709,33.1455,10770232.0
2023-11-09,33.388,33.5917,32.3016,32.4762,6716668.0
2023-11-10,32.5926,33.1067,32.4374,33.0388,5665086.0
2023-11-13,32.7769,33.3589,32.6799,33.1455,5588738.0
2023-11-14,34.067,34.4356,33.8245,34.1834,8278095.0
2023-11-15,34.4453,35.3669,34.4356,34.6878,7071055.0
2023-11-16,34.6199,35.105,34.2222,34.4453,5982191.0
2023-11-17,34.6975,35.008,34.455,34.9789,6458743.0
2023-11-20,34.8722,35.5027,34.649,35.4057,5518062.0
2023-11-21,35.1923,35.2602,34.6296,34.8043,5245885.0
2023-11-22,35.6967,35.9295,34.7072,34.8722,10367443.0
2023-11-24,35.0759,35.2408,34.8625,35.0177,3599416.0
2023-11-27,34.814,34.9207,34.6005,34.7654,4919936.0
2023-11-28,34.8334,35.0468,34.3871,34.9595,5856243.0
2023-11-29,35.2699,35.8131,35.2505,35.5415,7517414.0
2023-11-30,35.6094,36.1138,35.105,35.8228,7270169.0
2023-12-01,35.8713,36.9771,35.8616,36.9092,8078444.0
2023-12-04,36.8607,37.5009,36.5794,37.0159,6910801.0
2023-12-05,36.6279,36.7928,36.2496,36.4824,5944764.0
2023-12-06,37.0935,38.3351,36.9868,37.7725,9650379.0
2023-12-07,38.2672,39.3051,38.2284,39.1305,8585802.0
2023-12-08,39.0529,39.5185,38.6649,39.1402,5762866.0
2023-12-11,39.1984,39.4118,38.9074,39.2954,5022866.0
2023-12-12,39.3051,40.217,39.3051,40.0035,6359952.0
2023-12-13,39.6446,40.1199,38.9171,39.955,8142992.0
2023-12-14,40.2849,41.4198,40.2364,41.1676,10046204.0
2023-12-15,41.3131,41.3131,40.7214,41.0706,7705370.0
2023-12-18,40.7408,40.9154,39.8677,39.9453,6452512.0
2023-12-19,40.1782,40.4595,39.8289,39.9162,5629327.0
2023-12-20,39.5476,40.1879,39.0626,39.1305,6129795.0
2023-12-21,39.6349,40.3528,39.5379,39.8871,5151256.0
2023-12-22,39.8289,40.0423,39.6543,39.8968,4497862.0
2023-12-26,39.7804,39.8968,39.5282,39.5379,3673301.0
2023-12-27,39.4991,39.6543,39.1887,39.373,3311818.0
2023-12-28,39.2857,39.4991,39.2372,39.4118,3293928.0
2023-12-29,39.3148,39.4409,38.7716,39.0238,6788510.0
2024-01-02,38.7716,39.7125,38.3836,39.2372,7296806.0
2024-01-03,38.4709,38.6067,37.5106,37.5785,8331646.0
2024-01-04,37.5785,38.4903,37.5009,38.0247,5756099.0
2024-01-05,37.9762,39.5282,37.8792,39.3245,8114381.0
2024-01-08,39.9938,40.8378,39.8774,40.3819,9089415.0
2024-01-09,40.1588,41.1191,40.052,41.0512,9236598.0
2024-01-10,40.9639,41.2452,40.7214,40.8475,7828394.0
2024-01-11,40.5953,41.1094,40.2267,40.993,7869312.0
2024-01-12,38.9462,39.5379,37.2293,37.3166,35442358.0
2024-01-16,36.9965,37.0547,35.2505,36.3466,22813143.0
2024-01-17,36.1817,36.8316,35.881,36.0265,8631694.0
2024-01-18,36.1817,37.1323,36.0362,36.948,10834143.0
2024-01-19,37.0353,37.1032,35.59,36.1623,15709484.0
2024-01-22,36.5309,37.0353,35.8713,35.8713,8652244.0
2024-01-23,36.9189,37.8016,36.5406,36.8704,12352299.0
2024-01-24,37.2487,37.5397,36.8898,37.045,7484781.0
2024-01-25,37.8792,39.1014,37.8404,38.9753,15318011.0
2024-01-26,39.0529,39.3536,38.403,38.4418,6122032.0
2024-01-29,38.4321,38.9656,38.1605,38.888,5341178.0
2024-01-30,38.403,38.8298,38.2284,38.3351,4828508.0
2024-01-31,38.209,38.5582,37.7143,37.9665,6131744.0
2024-02-01,38.2284,38.6164,37.4427,38.5679,7791042.0
2024-02-02,38.2672,38.9268,37.9859,38.7813,5811174.0
2024-02-05,38.2575,38.3642,37.7919,38.0635,6004698.0
2024-02-06,38.0829,39.0723,37.8695,38.9753,5785021.0
2024-02-07,39.1014,39.2081,38.597,39.0044,4412216.0
2024-02-08,39.0917,39.276,38.3642,39.1402,5606104.0
2024-02-09,39.3051,39.6543,38.7619,39.2954,5894819.0
2024-02-12,39.1111,39.7125,39.0723,39.3633,5359961.0
2024-02-13,38.6455,38.8977,38.1799,38.8104,6882009.0
2024-02-14,39.1693,39.8968,38.7522,39.6155,6850731.0
2024-02-15,39.955,40.1782,39.5767,39.7707,5730055.0
2024-02-16,39.3342,39.4118,38.7813,38.9171,6020465.0
2024-02-20,38.7716,39.664,38.6455,39.3827,6421392.0
2024-02-21,39.2857,39.7513,38.9171,39.5379,4211623.0
2024-02-22,39.7682,41.1197,39.7098,40.8572,8969889.0
2024-02-23,40.8085,40.8474,40.2932,40.5655,6291801.0
2024-02-26,40.6044,41.0225,40.478,40.6335,5733115.0
2024-02-27,40.9058,41.0905,40.6044,40.8183,4576944.0
2024-02-28,40.371,40.9544,40.3516,40.8474,3702583.0
2024-02-29,41.003,41.5183,40.828,41.1002,5567010.0
2024-03-01,41.0322,41.1586,40.3807,40.9933,3973911.0
2024-03-04,40.7308,41.285,40.0696,40.4196,6272045.0
2024-03-05,40.1085,40.7113,40.0307,40.6433,5476670.0
2024-03-06,40.8183,41.0905,40.5752,40.8572,4926061.0
2024-03-07,41.0322,42.0434,40.9738,41.5961,7483852.0
2024-03-08,41.6447,42.0726,40.9252,41.0711,6300920.0
2024-03-11,40.8961,41.5183,40.7891,41.4989,6037385.0
2024-03-12,41.0808,41.5767,40.4585,41.5767,11345844.0
2024-03-13,41.4989,43.2394,41.4503,42.6949,9672302.0
2024-03-14,42.5976,42.6949,41.5767,41.8684,7261985.0
2024-03-15,41.7906,42.2865,41.7712,41.9267,5295205.0
2024-03-18,42.1309,42.4421,41.4406,42.2379,5389729.0
2024-03-19,42.1698,42.5782,42.0142,42.5296,3560506.0
2024-03-20,42.7435,44.1922,42.4129,44.1242,7527916.0
2024-03-21,44.2409,44.7756,43.9589,44.727,7197368.0
2024-03-22,44.727,44.8729,44.3186,44.3284,4984452.0
2024-03-25,44.2214,44.3284,43.3269,44.1631,6167246.0
2024-03-26,44.3186,44.8437,44.1825,44.659,4510866.0
2024-03-27,44.9312,46.1855,44.7756,46.0008,6820300.0
2024-03-28,45.991,46.73,45.9424,46.5453,8521151.0
2024-04-01,47.1578,47.8385,46.8661,46.8856,11006536.0
2024-04-02,46.0105,46.1175,45.116,45.6021,6986992.0
2024-04-03,45.4952,46.1563,45.2132,45.2812,8293585.0
2024-04-04,45.9133,46.7397,44.3964,44.6103,8040560.0
2024-04-05,44.7173,45.1743,44.1922,44.7854,5466931.0
2024-04-08,45.0382,46.0786,45.0187,45.7091,6517435.0
2024-04-09,45.8452,46.1758,45.1354,46.0105,8763157.0
2024-04-10,46.5258,47.8774,44.4548,44.9604,28239900.0
2024-04-11,45.4465,46.555,45.291,46.3119,10807657.0
2024-04-12,45.4952,45.6507,44.8145,45.5632,13137479.0
2024-04-15,45.9619,46.4967,45.009,45.359,9093604.0
2024-04-16,45.3104,45.4757,44.377,45.2618,8638530.0
2024-04-17,46.3994,46.8564,45.8452,46.555,10761308.0
2024-04-18,46.6717,47.8482,46.4869,46.5258,9362827.0
2024-04-19,46.4772,47.4009,46.1855,46.2536,6798558.0
2024-04-22,46.4772,47.819,46.4772,47.6634,7489235.0
2024-04-23,47.0801,48.2468,46.8661,47.8676,6810979.0
2024-04-24,47.8385,47.9065,46.4189,46.6133,6140316.0
2024-04-25,45.9813,48.558,45.5729,48.4997,8873516.0
2024-04-26,48.383,48.8497,47.819,48.5385,6556645.0
2024-04-29,48.451,49.3359,48.3732,49.0539,7598009.0
2024-04-30,48.4608,49.3261,48.3927,48.6844,7306293.0
2024-05-01,48.6552,49.1025,47.9163,48.6358,7374663.0
2024-05-02,49.19,49.7734,48.8497,49.6178,5822271.0
2024-05-03,49.9387,50.2207,49.4136,50.1234,6658293.0
2024-05-06,50.5221,51.5333,50.2498,51.4652,6147520.0
2024-05-07,50.6971,51.0763,50.5707,50.7554,4104532.0
2024-05-08,50.7166,51.2902,50.5221,50.8332,3360649.0
2024-05-09,50.6874,51.4361,50.5804,51.2902,3124667.0
2024-05-10,51.4853,51.6802,50.706,51.1444,3826573.0
2024-05-13,51.5925,52.4693,51.4366,51.6217,5273242.0
2024-05-14,52.0504,52.1283,51.573,51.6899,3488627.0
2024-05-15,51.9432,52.1478,51.6217,51.8848,3634794.0
2024-05-16,51.9529,52.0991,51.1152,51.1541,2807135.0
2024-05-17,51.1736,51.836,51.0762,51.3392,2961133.0
2024-05-20,51.2126,51.8653,51.1931,51.6217,2756448.0
2024-05-21,51.349,51.5146,50.6768,50.8814,3943060.0
2024-05-22,50.8619,51.047,49.8195,50.2481,3773202.0
2024-05-23,50.3163,50.3845,49.2155,49.8779,4350337.0
2024-05-24,50.1215,50.5404,49.7903,50.5014,2984875.0
2024-05-28,50.3748,50.4235,48.9038,48.9817,4018859.0
2024-05-29,47.6666,48.7089,47.0333,48.6115,7806290.0
2024-05-30,48.7089,48.8551,48.1147,48.8161,3177719.0
2024-05-31,49.0986,49.761,48.9233,49.7026,4328071.0
2024-06-03,50.1215,50.3066,49.1571,49.4785,3350869.0
2024-06-04,49.2934,50.063,48.027,48.5725,5255343.0
2024-06-05,48.7089,50.365,48.5141,49.5078,7163061.0
2024-06-06,49.6831,50.3358,49.0012,49.1278,3398594.0
2024-06-07,48.7089,49.4006,48.6992,49.1376,2311312.0
2024-06-10,49.0012,49.5565,48.7187,49.196,2263799.0
2024-06-11,48.8161,48.894,47.7835,48.0173,3676946.0
2024-06-12,48.6602,49.8682,48.5141,49.3129,4326700.0
2024-06-13,49.1083,49.196,48.0757,48.8745,3636908.0
2024-06-14,48.2413,48.3485,46.1956,47.462,7122958.0
2024-06-17,47.3548,48.4946,47.2477,48.4264,3495903.0
2024-06-18,48.2998,48.631,47.9101,48.2998,2253408.0
2024-06-20,48.0855,48.4751,48.0075,48.329,2327704.0
2024-06-21,48.2803,48.3193,47.4522,48.1049,3522630.0
2024-06-24,48.1439,49.0694,48.066,48.1244,3998794.0
2024-06-25,48.2706,48.5628,47.4133,47.5497,4785675.0
2024-06-26,46.6632,47.2184,45.9325,46.9359,7384441.0
2024-06-27,46.9067,47.384,46.6339,47.3451,3522940.0
2024-06-28,47.1697,47.2477,45.8156,46.215,6567330.0
2024-07-01,46.5755,46.6729,45.5234,45.7085,5817397.0
2024-07-02,45.7864,46.0689,45.309,45.5039,3772308.0
2024-07-03,45.9325,46.2443,45.6987,46.1663,2350511.0
2024-07-05,45.9325,45.9325,44.7733,44.8317,6596253.0
2024-07-08,45.611,46.0786,45.085,45.1532,5287665.0
2024-07-09,45.1727,46.3806,45.0655,45.6792,6201378.0
2024-07-10,45.913,46.0689,45.2798,45.65,8459744.0
2024-07-11,41.8994,43.838,41.0811,43.8283,25528961.0
2024-07-12,43.312,43.7211,42.4255,42.4937,13419044.0
2024-07-15,42.4839,42.4937,41.6169,41.8897,9699957.0
2024-07-16,42.1235,44.8609,42.0456,44.8317,11731209.0
2024-07-17,44.1595,44.8414,44.1303,44.5784,4979677.0
2024-07-18,44.5687,45.5916,43.4289,43.7601,7459332.0
2024-07-19,43.5848,44.6758,42.9126,44.2667,6049603.0
2024-07-22,43.4971,43.7601,42.4255,42.6982,10145890.0
2024-07-23,42.708,42.9028,42.1235,42.4839,7936947.0
2024-07-24,42.3573,42.7664,41.7046,41.8312,5007657.0
2024-07-25,41.6364,42.8639,41.4123,42.3475,6804095.0
2024-07-26,42.8346,43.1366,42.2404,42.9905,5963047.0
2024-07-29,42.9937,43.0426,42.0553,42.065,5268743.0
2024-07-30,42.4267,43.1013,42.1237,42.2605,4485769.0
2024-07-31,42.2801,42.9546,41.8891,42.0553,5366862.0
2024-08-01,42.3485,42.4072,40.0512,40.5693,7141322.0
2024-08-02,39.7482,39.7775,38.7022,38.9368,6358826.0
2024-08-05,36.6688,37.8615,36.4635,37.0794,7775433.0
2024-08-06,37.3727,38.0374,36.7861,37.3629,5361808.0
2024-08-07,37.8712,37.9592,36.4538,36.4831,6859533.0
2024-08-08,36.9523,38.8195,36.9132,38.7217,6830339.0
2024-08-09,38.6337,38.8586,37.9885,38.4187,6028847.0
2024-08-12,38.1254,38.3307,37.9397,38.1841,7575981.0
2024-08-13,38.448,38.8097,38.2232,38.6142,4730692.0
2024-08-14,38.8488,38.9759,37.7833,37.8224,3987263.0
2024-08-15,38.448,39.67,38.3796,39.2789,6089587.0
2024-08-16,39.2007,39.3767,38.8977,39.2496,2907760.0
2024-08-19,39.3278,39.6895,39.1128,39.5624,3343513.0
2024-08-20,39.5918,39.6406,39.1519,39.2203,2607885.0
2024-08-21,39.4256,39.5331,39.015,39.2789,3382743.0
2024-08-22,39.3474,39.8264,39.1714,39.2398,3196981.0
2024-08-23,39.5331,40.5107,39.191,40.452,4276899.0
2024-08-26,40.6867,41.0093,39.885,40.061,3802540.0
2024-08-27,40.1392,40.2076,39.5722,39.8948,3000058.0
2024-08-28,39.8655,40.0219,39.2301,39.5233,3296549.0
2024-08-29,39.7384,40.9408,39.7189,40.628,5410942.0
2024-08-30,40.9702,41.6642,40.8724,41.5371,5097116.0
2024-09-03,41.1559,41.7815,41.0972,41.4198,4688476.0
2024-09-04,41.3319,41.9086,41.2145,41.4198,3319564.0
2024-09-05,41.8597,42.9057,41.1168,41.2243,5601713.0
2024-09-06,41.195,42.0748,40.5498,41.0875,4240374.0
2024-09-09,41.6056,43.0817,41.6056,42.7005,5573471.0
2024-09-10,42.9351,43.0133,41.8304,42.4267,4916807.0
2024-09-11,42.5343,43.3457,42.065,43.287,4177295.0
2024-09-12,45.2422,45.5061,41.8988,43.2772,9756410.0
2024-09-13,43.9126,44.6458,43.8442,44.1668,6430192.0
2024-09-16,44.0495,44.8707,44.0495,44.3037,3593399.0
2024-09-17,44.9293,46.3664,44.7827,45.6332,5982998.0
2024-09-18,45.7212,46.8943,45.4083,45.8678,4807919.0
2024-09-19,46.6205,46.7281,45.8189,46.0731,3643337.0
2024-09-20,45.9949,46.1024,45.4768,45.8874,3843085.0
2024-09-23,45.8189,46.3664,45.4572,46.1024,3023913.0
2024-09-24,46.3077,46.816,45.8189,46.7281,3939076.0
2024-09-25,46.904,48.0869,46.8845,47.6568,5379154.0
2024-09-26,48.8787,50.8241,48.5464,50.6481,11247060.0
2024-09-27,50.8534,51.2738,50.0616,50.3842,6837773.0
2024-09-30,50.306,50.4526,49.1329,49.651,4299336.0
2024-10-01,49.5826,49.8368,47.9794,48.8396,7471959.0
2024-10-02,48.2726,48.2726,47.1093,47.3146,5275510.0
2024-10-03,47.3342,47.4221,45.8482,46.3957,6380515.0
2024-10-04,47.9696,48.5366,47.2657,48.1749,5852592.0
2024-10-07,47.9696,48.5659,47.8132,48.3606,4869514.0
2024-10-08,48.8103,50.0518,48.781,49.4848,5787243.0
2024-10-09,49.6603,50.7192,49.4838,49.8368,7258231.0
2024-10-10,49.523,50.4937,48.3268,49.3073,11655737.0
2024-10-11,48.9641,50.5133,48.4739,50.327,5544514.0
2024-10-14,50.3466,52.3271,50.0721,52.1408,6414786.0
2024-10-15,52.7879,53.2291,51.5231,51.6996,5965334.0
2024-10-16,52.2095,55.3862,52.1604,55.2097,14027069.0
2024-10-17,54.4155,54.9547,53.9841,54.1802,5456841.0
2024-10-18,54.4645,55.141,53.788,54.7096,5736205.0
2024-10-21,53.6115,54.1312,53.386,54.0233,4563826.0
2024-10-22,54.0037,54.141,53.1115,53.7292,3629030.0
2024-10-23,53.3272,54.0135,53.1703,53.5821,3281957.0
2024-10-24,54.1998,54.6704,53.0527,53.6998,3612101.0
2024-10-25,53.9253,54.19,52.8173,53.0625,3948153.0
2024-10-28,54.4155,55.5332,54.2782,54.2978,5140111.0
2024-10-29,53.6311,56.249,53.5331,56.2195,6621922.0
2024-10-30,56.0038,57.9157,56.0038,57.3177,7899617.0
2024-10-31,57.1608,57.9353,55.9842,56.1019,4479597.0
2024-11-01,56.3666,58.0334,56.3666,57.249,5743012.0
2024-11-04,56.6902,56.9843,55.6999,55.7783,5200309.0
2024-11-05,55.9744,57.4843,55.9646,57.151,3681607.0
2024-11-06,59.3178,61.4356,59.1511,61.1022,11672804.0
2024-11-07,60.3963,61.2591,59.2296,59.2492,4408146.0
2024-11-08,59.7198,60.5041,59.3178,59.857,3109777.0
2024-11-11,59.8865,62.5925,59.6413,62.318,5525769.0
2024-11-12,61.965,62.8573,61.5827,62.7984,4152712.0
2024-11-13,63.0043,64.4554,62.7592,63.2004,5656907.0
2024-11-14,63.7495,64.9554,63.3475,63.5828,4597089.0
2024-11-15,64.1613,64.5534,62.6121,62.818,5879071.0
2024-11-18,62.8278,62.8278,61.1611,62.0043,4226619.0
2024-11-19,60.4845,63.8867,60.0924,63.4847,6823626.0
2024-11-20,62.8474,63.7789,60.4551,62.3964,7521302.0
2024-11-21,63.4357,63.7789,62.0533,62.1023,5119089.0
2024-11-22,62.2101,62.3768,61.6709,62.1023,3992021.0
2024-11-25,63.073,63.9063,62.72,63.2298,3988884.0
2024-11-26,63.5926,64.6613,62.7298,62.8867,3319732.0
2024-11-27,62.818,63.1416,61.9944,62.3768,3150853.0
2024-11-29,62.4062,62.8278,62.3082,62.5729,1552648.0
2024-12-02,62.7494,62.9749,61.9258,62.1709,3859680.0
2024-12-03,62.1709,62.2886,60.8571,61.3473,3290948.0
2024-12-04,61.6905,63.0141,61.5434,63.0043,3022839.0
2024-12-05,65.3378,66.181,64.073,64.4848,6020235.0
2024-12-06,65.6712,65.8084,62.9161,63.269,4632847.0
2024-12-09,63.2102,63.5926,60.9846,61.0434,3429362.0
2024-12-10,62.4357,62.9945,61.1218,61.5434,3880771.0
2024-12-11,61.7493,62.7298,61.4454,62.2396,3936254.0
2024-12-12,62.3572,62.5435,60.1904,60.4257,4678115.0
2024-12-13,61.0728,61.0728,59.7492,60.3179,3230412.0
2024-12-16,60.2198,60.6022,59.357,59.857,3264287.0
2024-12-17,59.6512,60.0924,59.2688,59.6217,3097094.0
2024-12-18,59.7884,60.7689,57.1706,57.7294,4776884.0
2024-12-19,58.5236,59.4256,57.7196,59.2001,4981128.0
2024-12-20,58.6609,60.6316,58.6609,59.7394,4938506.0
2024-12-23,59.4158,60.3571,58.7197,60.3179,3043927.0
2024-12-24,60.21,61.7199,60.0629,61.3375,2085561.0
2024-12-26,60.7885,61.6219,60.5041,61.1807,2407571.0
2024-12-27,60.7787,61.1709,59.857,60.0629,2162181.0
2024-12-30,58.9942,59.9943,58.2001,59.5335,2932935.0
2024-12-31,59.3766,59.9159,58.9158,59.3178,2621241.0
2025-01-02,59.0923,59.5825,57.4549,57.9157,5700123.0
2025-01-03,57.8667,57.9452,55.6215,57.8471,5994810.0
2025-01-06,59.1217,59.759,58.4452,58.8668,5607808.0
2025-01-07,59.1217,60.3767,58.7785,59.9845,6208322.0
2025-01-08,59.759,60.6512,58.7197,60.2198,5798279.0
2025-01-10,63.7201,67.6419,63.2494,65.6418,19392396.0
2025-01-13,65.0143,65.1123,62.0925,63.8279,8148638.0
2025-01-14,65.1417,65.4163,64.0632,64.9947,4543609.0
2025-01-15,65.8182,65.9653,63.8377,64.2201,5854101.0
2025-01-16,64.1613,65.1319,63.573,64.8868,3936483.0
2025-01-17,65.3966,65.6908,64.3574,64.5338,3925714.0
2025-01-21,65.4555,67.1713,65.4555,67.0046,7060314.0
2025-01-22,68.4067,68.6125,65.8869,66.4555,7062865.0
2025-01-23,66.8575,67.3183,65.8673,66.132,5160005.0
2025-01-24,66.0634,66.6222,65.3868,65.8673,3385523.0
2025-01-27,65.0339,66.9458,64.7495,66.4457,2400260.0
2025-01-28,66.3085,66.3967,64.975,66.3281,2793242.0
2025-01-29,66.9065,67.1909,66.2594,67.0928,3156707.0
2025-01-30,66.6712,67.7497,66.4751,67.2301,3893695.0
2025-01-31,67.4654,67.8674,65.8869,65.9555,2626863.0
2025-02-03,63.8671,65.7398,63.7004,65.1809,3637134.0
2025-02-04,65.9849,67.7694,65.2398,67.7105,4955913.0
2025-02-05,67.3576,68.0929,66.6908,67.7105,3465972.0
2025-02-06,67.7988,68.0047,65.9457,66.5928,3931830.0
2025-02-07,66.8575,67.4066,66.1516,66.8085,3484212.0
2025-02-10,66.5242,66.583,64.5534,64.8966,4126003.0
2025-02-11,64.377,64.6123,62.8278,63.4847,4773445.0
2025-02-12,63.671,65.1221,63.3377,65.0339,4806743.0
2025-02-13,65.1809,65.5143,60.0139,62.8082,9026979.0
2025-02-14,63.0926,64.2495,62.6514,64.1122,4002758.0
2025-02-18,63.4259,64.8378,62.769,63.0828,4280131.0
2025-02-19,62.7004,64.6123,62.5729,63.7691,5157175.0
2025-02-20,63.8279,64.2103,61.2885,62.5043,5702031.0
2025-02-21,62.7004,63.0533,58.455,58.8276,7574933.0
2025-02-24,60.1316,61.0728,59.0629,60.2884,5551945.0
2025-02-25,60.3473,61.0042,58.6511,60.5826,6159301.0
2025-02-26,60.9858,62.2045,60.4255,60.4943,3507771.0
2025-02-27,60.799,61.0447,58.4009,58.7252,4883739.0
2025-02-28,58.7744,59.5508,58.0372,59.0889,5021063.0
2025-03-03,59.079,59.5901,56.6416,57.4475,5234710.0
2025-03-04,55.6882,55.9044,52.9068,53.752,11743259.0
2025-03-05,54.1255,56.1207,53.6439,55.7963,5608721.0
2025-03-06,54.784,55.9634,53.6144,54.0174,6347368.0
2025-03-07,53.0837,53.408,50.2531,52.3662,11173250.0
2025-03-10,50.7445,50.7641,47.5699,49.4668,13356494.0
2025-03-11,47.5895,48.4348,45.044,45.8794,22477862.0
2025-03-12,46.1349,46.587,43.3731,44.5231,11782773.0
2025-03-13,44.5722,45.329,42.1052,43.1667,11698529.0
2025-03-14,44.012,45.958,43.4223,45.9482,12141360.0
2025-03-17,45.0145,46.2332,44.9162,46.0858,8330561.0
2025-03-18,45.2504,45.6435,44.1692,45.1324,9771785.0
2025-03-19,45.2209,47.1473,45.211,46.931,7240178.0
2025-03-20,45.9187,46.6263,45.7811,46.1448,4241764.0
2025-03-21,45.211,46.1546,44.582,45.9678,5805940.0
2025-03-24,46.931,48.5232,46.8819,48.0417,6534706.0
2025-03-25,48.7493,49.1326,47.5797,47.8353,4926875.0
2025-03-26,48.0613,48.4348,46.6951,47.2455,3733580.0
2025-03-27,46.705,47.1767,45.1914,45.3585,6283974.0
2025-03-28,45.211,45.2307,42.8522,43.0881,9064421.0
2025-03-31,41.2797,43.2552,40.0806,42.8522,11384854.0
2025-04-01,41.604,41.8399,40.1494,41.6924,9715193.0
2025-04-02,40.7293,42.8129,40.6801,42.6262,6636679.0
2025-04-03,39.8742,39.9823,37.9871,38.0461,13705906.0
2025-04-04,36.6406,37.1517,34.1343,36.6111,15272849.0
2025-04-07,35.068,39.255,34.5275,36.6504,14685354.0
2025-04-08,38.2033,38.5866,34.8518,35.2646,16860201.0
2025-04-09,36.277,44.2184,35.9231,43.5107,31656619.0
2025-04-10,41.4959,42.0856,37.9969,38.6849,14765771.0
2025-04-11,38.5768,40.2673,38.223,40.1789,9823965.0
2025-04-14,40.8669,40.8669,38.793,39.6088,8612543.0
2025-04-15,39.5105,40.8767,39.4614,40.1297,6020114.0
2025-04-16,41.0045,41.3878,39.2255,39.8938,9880643.0
2025-04-17,39.9921,40.513,39.5204,40.1494,5220471.0
2025-04-21,39.4712,39.5007,38.1345,38.793,6422811.0
2025-04-22,39.4319,39.8545,38.911,39.6481,5222718.0
2025-04-23,42.2625,43.1176,40.4147,40.6899,8431406.0
2025-04-24,40.1002,41.6335,39.9037,41.2993,6641233.0
2025-04-25,40.8865,41.2698,40.3066,40.8669,4909614.0
2025-04-28,41.0634,42.0659,40.857,41.2403,4997162.0
2025-04-29,40.916,41.7219,40.6998,41.3583,4098929.0
2025-04-30,40.1101,41.1224,39.255,40.916,7252253.0
2025-05-01,41.4762,41.7023,40.7293,40.7882,4839298.0
2025-05-02,42.2625,43.953,42.2035,43.4419,10006283.0
2025-05-05,42.9996,45.2798,42.8227,44.7295,12831130.0
2025-05-06,43.4812,44.5525,43.3436,44.0415,6072256.0
2025-05-07,44.356,45.0046,44.012,44.5231,5491105.0
2025-05-08,45.6533,47.9237,45.0931,47.7075,12182650.0
2025-05-09,47.9925,48.5232,46.9015,47.5109,9065217.0
2025-05-12,51.1303,52.6484,49.494,50.2629,12241843.0
2025-05-13,50.4502,52.6385,50.2925,52.2344,9388943.0
2025-05-14,51.7711,52.3921,49.8193,49.8587,7888591.0
2025-05-15,49.7996,49.9573,48.8533,49.563,4541802.0
2025-05-16,49.4053,50.5389,49.3264,50.1939,4465122.0
2025-05-19,50.2037,50.9036,49.4349,50.46,4700715.0
2025-05-20,50.253,50.6473,49.0997,49.2673,5860096.0
2025-05-21,48.5773,48.8434,47.3944,47.5817,5064361.0
2025-05-22,47.6605,48.2421,47.2367,47.8084,6788025.0
2025-05-23,46.4086,47.5028,46.2115,47.2367,5090818.0
2025-05-27,48.0647,49.4152,47.838,48.6956,8148344.0
2025-05-28,48.5674,48.8139,47.7197,47.907,4968748.0
2025-05-29,48.4688,48.6758,47.5127,47.8084,6156270.0
2025-05-30,47.5422,48.0154,47.1578,47.7,5488334.0
2025-06-02,47.4042,48.1633,46.8029,47.8084,5573332.0
2025-06-03,47.8873,48.6068,47.3944,48.1337,5910168.0
2025-06-04,48.0253,49.011,47.907,48.2816,5498119.0
2025-06-05,47.9957,48.873,47.7887,48.1435,5207293.0
2025-06-06,49.0899,50.322,49.08,50.2235,4856534.0
2025-06-09,50.5685,51.1993,50.2826,50.4699,4028020.0
2025-06-10,50.4699,51.3373,50.0756,50.943,3589617.0
2025-06-11,51.1303,51.2585,47.907,48.4688,7019898.0
2025-06-12,47.7985,48.2421,47.1972,48.183,4993294.0
2025-06-13,45.5412,47.5127,45.206,46.3692,8484524.0
2025-06-16,47.0494,48.8927,46.7241,48.7547,6164221.0
2025-06-17,47.8084,48.2421,46.3692,46.6452,6309825.0
2025-06-18,46.4284,47.769,46.3791,46.8818,4742019.0
2025-06-20,47.1381,47.5028,46.4481,46.5269,3992910.0
2025-06-23,46.1326,47.7493,44.6343,47.562,10337675.0
2025-06-24,48.7941,49.5729,48.39,48.8533,7077454.0
2025-06-25,48.942,49.011,47.4338,47.6211,5267579.0
2025-06-26,47.8478,48.5477,47.5028,48.2717,5345503.0
2025-06-27,48.5378,49.2673,48.0055,48.8829,6389738.0
2025-06-30,49.1096,49.287,47.9267,48.4787,5591763.0
2025-07-01,48.39,48.7153,47.8577,48.3013,6474965.0
2025-07-02,48.4787,49.4349,47.5521,49.4152,6270330.0
2025-07-03,49.7799,50.6572,49.632,50.1347,4236486.0
2025-07-07,49.9376,50.9628,48.4886,49.287,8592902.0
2025-07-08,50.0559,51.0909,49.701,49.7996,7041834.0
2025-07-09,50.5389,50.7853,49.1194,49.977,8496989.0
2025-07-10,55.3986,56.9955,54.0186,55.9703,35313642.0
2025-07-11,55.4282,55.9999,53.8707,55.8422,12496837.0
2025-07-14,55.9703,57.4686,55.3592,57.2814,9225069.0
2025-07-15,57.1631,57.3504,54.6987,54.9156,9524427.0
2025-07-16,55.5859,55.7337,54.0974,54.7677,5683244.0
2025-07-17,55.4085,56.5519,54.8269,55.5366,9279173.0
2025-07-18,55.5563,55.7732,54.265,55.4873,5763754.0
2025-07-21,55.576,55.8027,55.0536,55.2409,3831046.0
2025-07-22,55.1916,55.369,54.1566,54.8762,4666379.0
2025-07-23,55.5465,56.0886,55.1522,55.1817,4247167.0
2025-07-24,54.7184,55.7929,53.6538,53.9298,6635312.0
2025-07-25,54.0186,54.2157,53.4567,54.0777,3868158.0
2025-07-28,54.2058,54.8959,53.8707,54.817,4110309.0
2025-07-29,55.1719,55.1719,53.4468,53.7228,3732635.0
2025-07-30,53.4292,53.7062,52.4993,52.8357,4599303.0
2025-07-31,52.8728,53.1497,52.2496,52.6354,4039459.0
2025-08-01,51.3692,51.3692,49.8953,50.5976,6591865.0
2025-08-04,50.9043,52.0221,50.6767,51.9528,4671464.0
2025-08-05,52.2199,52.3881,50.9636,52.299,3774286.0
2025-08-06,52.4276,53.7532,52.3782,53.5355,4703839.0
2025-08-07,53.862,53.8719,52.5265,53.0508,3086748.0
2025-08-08,53.5454,53.7136,52.3089,53.0607,3870439.0
2025-08-11,52.6749,53.8224,52.5463,52.9222,2812302.0
2025-08-12,54.1291,57.9375,54.0796,57.8089,10128542.0
2025-08-13,57.5814,58.8772,56.8889,58.7783,5782360.0
2025-08-14,58.2144,58.4222,57.5715,58.3233,2578484.0
2025-08-15,58.808,59.8367,58.4222,59.5894,6238896.0
2025-08-18,59.3224,60.6578,58.9465,60.4303,4125715.0
2025-08-19,60.4896,61.0732,59.7081,59.8466,3416648.0
2025-08-20,59.2036,59.6587,57.6902,58.4123,4281640.0
2025-08-21,58.343,58.4123,56.9681,57.2154,3271242.0
2025-08-22,57.6209,61.281,57.4824,61.0238,6602786.0
2025-08-25,60.4401,60.4599,59.3421,59.7576,3547577.0
2025-08-26,59.7675,61.1623,59.5598,60.4896,3188288.0
2025-08-27,60.4303,61.3997,60.183,60.5984,3014596.0
2025-08-28,60.9941,61.7855,60.2027,61.3008,3757061.0
2025-08-29,61.1326,61.8547,60.6083,61.1128,2855535.0
2025-09-02,59.8862,60.6776,59.3224,60.4698,4493971.0
2025-09-03,60.7666,63.2198,60.4599,60.6083,4853049.0
2025-09-04,60.6776,62.0031,59.718,59.8961,4570244.0
2025-09-05,60.2027,61.7162,59.7873,60.5193,4000683.0
2025-09-08,60.3412,61.1919,59.8466,61.093,4827118.0
2025-09-09,60.9347,61.1227,59.3718,60.0247,3735041.0
2025-09-10,59.906,61.2711,59.6488,60.727,3391724.0
2025-09-11,61.1425,61.3304,57.7297,59.7873,13399245.0
2025-09-12,60.1632,60.2621,59.1938,59.2234,4154031.0
2025-09-15,59.2333,59.2333,57.522,57.7891,5974112.0
2025-09-16,57.8484,58.0067,56.4339,57.2351,6649239.0
2025-09-17,57.799,59.4905,57.5319,58.1848,4790882.0
2025-09-18,58.7981,59.2036,58.3233,58.8278,3069521.0
2025-09-19,59.1542,59.2828,57.8484,59.1146,4363729.0
2025-09-22,58.808,58.9761,57.1065,58.254,4752260.0
2025-09-23,58.3628,59.0948,58.0661,58.1155,2618067.0
2025-09-24,58.3826,58.4519,56.9483,57.0868,3062020.0
2025-09-25,56.6317,56.9384,55.7414,56.1272,3708337.0
2025-09-26,56.7603,57.3044,56.2262,56.5823,3583999.0
2025-09-29,57.4033,57.71,56.058,57.0373,4274606.0
2025-09-30,57.0175,57.522,55.1084,56.1371,4952119.0
2025-10-01,56.9483,57.1956,55.3853,55.504,4184972.0
2025-10-02,56.0283,56.9483,55.1974,56.4636,4365614.0
2025-10-03,57.0571,57.3637,56.6218,56.6416,4034510.0
2025-10-06,57.0571,57.8979,56.0679,57.6308,4843106.0
2025-10-07,57.6902,57.8287,55.6623,56.0184,6664894.0
2025-10-08,56.3745,56.9878,55.692,56.5031,6655936.0
2025-10-09,61.2315,61.5975,58.2639,58.9267,20276879.0
2025-10-10,59.2828,60.3116,56.8296,56.8592,9625010.0
2025-10-13,57.6011,59.2927,56.8395,58.0859,6358929.0
2025-10-14,57.1758,61.1326,57.0571,60.6083,7197846.0
2025-10-15,60.994,61.4008,60.3887,61.0337,5151260.0
2025-10-16,61.1503,61.5372,58.7094,59.9298,8649900.0
2025-10-17,59.8703,60.3664,58.9475,59.1757,3637537.0
2025-10-20,59.6123,61.7456,58.7491,61.2693,4065088.0
2025-10-21,60.9816,62.4203,60.7038,61.8349,4591900.0
2025-10-22,61.5174,62.0631,59.5131,59.5329,4702033.0
2025-10-23,60.0291,60.2374,57.8065,58.3125,5067634.0
2025-10-24,59.404,61.3388,58.9178,60.4755,6198646.0
2025-10-27,60.8923,61.2197,59.7016,59.9794,3376859.0
2025-10-28,59.8703,59.9497,57.2905,57.4096,5849842.0
2025-10-29,57.4493,59.0368,57.1913,58.3026,4871277.0
2025-10-30,57.7569,58.2629,56.5464,56.6754,4697926.0
2025-10-31,56.854,57.1219,56.3082,56.9333,3767311.0
2025-11-03,56.844,58.3721,56.4174,58.0446,4205668.0
2025-11-04,56.9532,57.0127,54.6016,55.2168,7640687.0
2025-11-05,55.8617,58.5407,55.5839,58.0843,5129805.0
2025-11-06,57.4493,58.4217,56.7151,57.36,3956702.0
2025-11-07,56.4174,59.7016,55.7824,58.4217,5455080.0
2025-11-10,59.4337,60.1382,57.5783,58.1042,5491905.0
2025-11-11,57.995,58.4217,56.9036,57.2905,3685191.0
2025-11-12,57.7966,60.1878,57.6477,60.0092,6611313.0
2025-11-13,59.9001,60.9419,58.9971,59.4436,5573241.0
2025-11-14,57.8263,58.9277,57.5684,57.9553,3141538.0
2025-11-17,57.6973,57.866,54.9886,55.3259,5372694.0
2025-11-18,54.9886,56.9829,54.8398,56.6853,4261258.0
2025-11-19,57.3401,57.7569,55.9312,56.4273,3407631.0
2025-11-20,57.2707,57.7866,55.2565,55.5343,3991225.0
2025-11-21,56.4174,59.0468,56.1594,58.1141,6515431.0
2025-11-24,58.6102,60.2672,57.747,60.1977,5300471.0
2025-11-25,60.039,62.331,60.039,61.6662,5178638.0
2025-11-26,61.9043,64.3055,61.6166,63.7697,5733792.0
2025-11-28,64.0674,64.4643,63.601,63.601,2193631.0
2025-12-01,62.8966,64.4643,62.5096,63.6506,4207229.0
2025-12-02,63.8987,65.2283,63.3232,64.6329,4707371.0
2025-12-03,64.6131,67.0936,64.6131,66.9646,6640882.0
2025-12-04,67.0738,67.5302,66.3395,66.7166,6142560.0
2025-12-05,66.2304,67.2226,65.7839,66.5777,4985926.0
2025-12-08,67.1532,67.2226,65.5259,66.6967,6082532.0
2025-12-09,66.1907,67.7485,65.7839,66.8853,4792840.0
2025-12-10,67.1631,69.4055,66.7364,69.3856,6506709.0
2025-12-11,68.8895,70.1695,68.6514,70.0107,5509498.0
2025-12-12,70.3977,71.0327,69.0681,69.2666,4971508.0
2025-12-15,70.2092,71.0823,69.5841,70.7152,4286436.0
2025-12-16,70.9236,71.7769,69.5543,70.5862,6711330.0
2025-12-17,70.3878,71.3899,68.959,69.1773,4251170.0
2025-12-18,70.2687,70.4374,69.4551,69.6039,3531564.0
2025-12-19,69.6932,70.6954,69.4749,70.5068,4175765.0
2025-12-22,70.9434,71.5586,70.616,71.4991,2642950.0
2025-12-23,71.2312,71.3403,69.7925,69.9512,2757720.0
2025-12-24,69.9611,70.6358,69.7329,70.4076,1074535.0
2025-12-26,70.2786,70.6557,69.8619,70.2985,1521948.0
2025-12-29,69.5642,70.0207,68.2545,68.9888,2885609.0
2025-12-30,68.9491,69.3063,68.5522,68.8002,1939322.0
2025-12-31,68.8697,69.1574,68.3736,68.8598,1413336.0
2026-01-02,69.3063,69.4551,67.9668,68.5224,3170427.0
2026-01-05,68.8796,72.2829,68.7804,71.2609,5796715.0
2026-01-06,71.4197,72.5905,70.5763,71.6578,4655027.0
2026-01-07,72.1738,72.5012,70.9732,71.0923,3877357.0
2026-01-08,70.8938,71.767,70.6755,70.7351,2443823.0
2026-01-09,71.3304,72.3921,70.6061,71.7471,5132127.0
2026-01-12,70.2489,70.8244,69.0681,70.4771,6934329.0
2026-01-13,67.5699,70.8144,67.5699,68.7903,11377172.0
2026-01-14,68.8498,70.2092,67.0142,67.9569,5780289.0
2026-01-15,68.6117,70.8244,68.5224,70.7847,4845453.0
2026-01-16,70.8144,71.1121,69.5246,69.8818,3751405.0
2026-01-20,68.2446,68.9193,66.3296,66.9349,4298993.0
2026-01-21,67.9172,69.3956,67.6294,68.4133,6019636.0
2026-01-22,69.2368,70.7747,67.8477,68.4133,4384444.0
2026-01-23,67.7386,67.9469,66.9547,67.431,3653023.0
2026-01-26,67.1928,67.5897,66.4785,66.9746,3919846.0
2026-01-27,67.5997,67.7683,65.0397,65.6251,5464972.0
2026-01-28,66.4884,66.6868,65.1687,65.3176,4021637.0
2026-01-29,65.2977,66.0518,63.9582,66.022,6163475.0
2026-01-30,65.6847,66.4189,64.6627,65.3771,4041105.0
2026-02-02,66.2304,68.959,65.5656,68.5423,6557514.0
2026-02-03,69.3063,70.9236,68.9888,69.8917,5572834.0
2026-02-04,70.0405,71.38,67.8676,70.3084,5775706.0
2026-02-05,69.8619,70.4473,68.6713,69.2368,3165067.0
2026-02-06,69.9314,75.071,69.7032,74.7635,9159470.0
2026-02-09,74.6146,75.1306,73.9201,74.4162,4922574.0
2026-02-10,74.0491,74.9024,73.8605,73.8804,4008483.0
2026-02-11,74.5055,75.7954,70.3183,70.864,5949477.0
2026-02-12,71.4395,72.0448,67.2028,68.959,6451438.0
2026-02-13,69.2467,69.9909,67.808,68.4629,4336891.0
2026-02-17,68.959,70.8442,68.9094,70.2985,3516300.0
2026-02-18,68.6415,71.1617,67.4707,70.5565,4952757.0
2026-02-19,69.4055,69.4452,66.7166,66.915,5591507.0
2026-02-20,66.786,69.3757,66.3296,68.8995,4909712.0
2026-02-23,68.066,69.1773,65.7839,66.3594,5599752.0
2026-02-24,66.4785,69.5146,66.2899,68.6911,6069082.0
2026-02-25,69.4568,69.5563,68.0739,68.8399,2508420.0
2026-02-26,69.8224,71.1954,69.2553,70.1507,4098220.0
2026-02-27,67.4048,67.4048,65.027,65.3652,7324240.0
2026-03-02,62.6093,64.4698,61.2861,63.9226,7328357.0
2026-03-03,62.1716,65.3155,60.8384,64.2708,7101255.0
2026-03-04,64.5395,65.5642,63.3953,63.5048,6187782.0
2026-03-05,61.6841,62.092,58.8585,60.9976,13843706.0
2026-03-06,59.0177,59.6644,58.1721,58.7093,14914508.0
2026-03-09,57.2667,60.331,54.9983,60.2713,20775774.0
2026-03-10,59.744,61.2364,58.1721,58.968,16956117.0
2026-03-11,59.2267,59.4057,57.3463,58.8386,9719817.0
2026-03-12,57.0777,58.1721,56.9583,57.6448,10351513.0
2026-03-13,58.2915,58.7491,57.406,58.4805,8512901.0
2026-03-16,59.0675,60.7986,58.8386,60.53,8996985.0
2026-03-17,63.1366,64.9872,62.5297,64.4997,16887048.0
2026-03-18,63.9226,64.6986,63.3058,63.4849,7421910.0
2026-03-19,62.4601,65.3851,62.4601,64.6787,8226372.0
2026-03-20,64.4201,64.5792,62.3606,63.1167,9503678.0
2026-03-23,66.181,66.39,64.6787,64.7981,11720784.0
2026-03-24,63.6739,66.6288,63.2162,66.3104,8765935.0
2026-03-25,66.6685,68.2504,66.6685,67.6436,8220294.0
2026-03-26,67.0367,67.6834,66.181,66.5193,6387635.0
2026-03-27,65.6935,66.3203,64.1415,64.4997,7932710.0
2026-03-30,64.1315,64.7285,62.6193,62.868,8830530.0
2026-03-31,63.6241,67.0466,63.5445,66.1412,10706617.0
2026-04-01,66.6685,67.9719,66.5492,67.2555,7892033.0
2026-04-02,64.5693,67.0466,63.843,66.4198,7619316.0
2026-04-06,66.2208,67.4744,65.604,66.4397,4515826.0
2026-04-07,65.6239,66.2507,64.7086,65.2856,10472808.0
2026-04-08,72.628,73.1553,67.7331,67.7331,13037966.0
2026-04-09,67.2953,68.7877,65.8726,67.4844,7379875.0
2026-04-10,67.8027,68.2803,67.0367,67.4744,4031162.0
2026-04-13,66.5591,66.8178,65.4249,66.7083,5169535.0
2026-04-14,68.2504,71.8122,67.7231,71.3346,10214310.0
2026-04-15,71.1954,73.026,70.5089,71.6232,7485676.0
2026-04-16,71.5038,72.5584,69.315,69.5339,6060396.0
2026-04-17,74.0408,74.6377,70.9566,71.3545,8136496.0
2026-04-20,70.688,71.8818,70.2303,70.8471,4682655.0
2026-04-21,70.1408,71.4142,69.2354,69.8622,6181539.0
2026-04-22,70.1308,70.4392,67.7331,68.0614,4997885.0
2026-04-23,68.1311,69.9219,67.1163,68.0216,5443841.0
2026-04-24,68.4196,69.2255,67.6436,68.1012,3548714.0
2026-04-27,68.3997,69.2951,67.8525,67.8525,3030431.0
2026-04-28,67.4247,68.0415,66.4994,66.8775,4204662.0
2026-04-29,66.3601,66.8576,65.4747,65.9323,4625292.0
2026-04-30,66.9571,67.9818,66.7083,67.6436,3458056.0
2026-05-01,67.952,70.3895,67.2555,68.6285,6027358.0
2026-05-04,68.3201,70.0313,67.5242,68.151,4942816.0
2026-05-05,68.5788,70.9665,68.5589,70.4989,5011462.0
2026-05-06,74.001,74.3691,72.3495,72.9663,5243261.0
2026-05-07,73.8617,74.588,71.9316,72.7375,5339737.0
2026-05-08,73.0558,73.5533,72.3296,72.9563,3094130.0
2026-05-11,72.6778,72.7076,70.7278,70.8372,4260190.0
2026-05-12,70.1507,70.6382,69.6533,70.3497,3227262.0
2026-05-13,70.1293,70.9673,69.7603,70.688,2546050.0
2026-05-14,71.8227,72.3613,70.8251,71.3738,3484287.0
2026-05-15,70.3563,70.8052,69.3787,70.057,4440087.0
2026-05-18,70.885,72.3514,69.3089,70.067,4401552.0
2026-05-19,69.0495,69.0495,67.5931,67.5931,3309829.0
2026-05-20,68.4809,74.7654,67.9921,73.9374,8446126.0
2026-05-21,72.7204,75.5135,72.4312,75.4637,5249369.0
2026-05-22,75.8427,76.9101,75.324,75.9525,4133914.0
2026-05-26,77.9974,79.394,77.8179,79.1945,5921282.0
2026-05-27,80.5511,83.5537,80.5511,81.5985,8279241.0
2026-05-28,80.7007,82.7956,80.1421,82.2868,4034423.0
2026-05-29,82.7357,83.6235,82.1571,82.2768,3820863.0
2026-06-01,80.8703,81.6384,79.1047,81.2693,4491806.0
2026-06-02,81.1496,81.7282,79.4139,79.8229,2618678.0
2026-06-03,79.5037,79.7431,78.4064,78.586,3072893.0
2026-06-04,80.0823,80.2419,78.6558,79.3142,2825291.0
2026-06-05,78.8653,79.8528,78.3466,79.2244,2641040.0
2026-06-08,79.3241,79.8129,78.0074,78.0174,2398916.0
2026-06-09,79.6633,81.5985,77.9176,80.9701,4559492.0
2026-06-10,79.1147,79.5735,76.2417,76.2817,3881000.0
2026-06-11,76.3216,81.7781,76.2118,81.6284,4896438.0
2026-06-12,82.9552,83.2345,80.7307,82.8554,3958116.0
2026-06-15,85.8381,87.1748,83.6834,83.8629,6033517.0
2026-06-16,84.8904,85.5188,82.7257,82.9352,6204113.0
2026-06-17,83.1746,83.843,81.6983,82.0474,5398837.0
2026-06-18,83.9228,84.8305,83.4539,83.9727,4931391.0
2026-06-22,84.2919,86.4166,83.9826,85.7084,3607376.0
2026-06-23,84.3218,86.7558,84.0425,86.5064,3489865.0
2026-06-24,88.2122,90.4866,87.4241,90.4267,5481992.0
2026-06-25,91.2347,94.9057,90.8257,91.8831,7051731.0
2026-06-26,92.0228,92.8408,91.7135,92.342,4878040.0
2026-06-29,91.6138,93.0403,91.4243,92.9405,3107617.0
2026-06-30,92.8507,94.7461,92.1525,93.4293,3258906.0
2026-07-01,94.2373,94.357,92.7211,92.8308,3417707.0
2026-07-02,94.6862,95.4443,91.7534,92.5216,3468892.0
2026-07-06,93.0602,95.2947,90.9055,91.4542,3707296.0
2026-07-07,91.2547,91.9729,87.9528,88.4117,5189024.0
2026-07-08,86.575,87.325,85.055,87.075,5528743.0
2026-07-09,87.99,89.59,87.72,89.0,5449091.0
2026-07-10,87.94,89.2,85.35,87.39,6535804.0
2026-07-13,87.93,88.08,85.5,86.19,5178157.0
2026-07-14,87.01,87.08,84.83,85.51,4122270.0
2026-07-15,86.16,86.44,85.31,85.96,3936857.0
2026-07-16,85.3,87.19,85.02,86.7,3082600.0
2026-07-17,84.78,86.02,83.56,84.17,3942014.0
2026-07-20,84.79,85.5,83.81,84.54,3061912.0
2026-07-21,85.0,85.33,83.81,84.63,2057627.0
2026-07-22,83.52,84.6,82.9,83.52,2879928.0
2026-07-23,81.06,82.1,80.64,81.97,4706207.0
2026-07-24,82.66,86.01,82.43,85.06,3156691.0
2026-07-27,86.87,88.57,85.74,86.67,4819954.0
2026-07-28,86.91,89.69,86.23,89.37,4289496.0
2026-07-29,87.13,88.51,86.12,86.25,3090248.0
2026-07-30,87.83,89.26,86.2,88.59,2968543.0
2026-07-31,88.02,88.58,87.32,87.44,2125566.0
2026-08-03,89.2,91.93,89.2,91.59,3067845.0
2026-08-04,93.04,94.08,91.89,92.77,2821482.0
2026-08-05,93.4,95.01,93.06,93.14,2942224.0
2026-08-06,93.01,93.3,91.92,91.98,2554368.0
2026-08-07,92.3,92.44,90.85,91.34,1742314.0
2026-08-10,90.65,90.65,88.94,89.21,1963045.0
2026-08-11,89.99,90.91,88.93,90.41,1322511.0
2026-08-12,90.76,91.25,88.5,89.93,1496818.0
2026-08-13,91.45,92.21,90.83,91.31,2018937.0
2026-08-14,91.04,91.36,89.06,89.35,2438706.0
2026-08-17,89.0,89.17,87.52,87.59,1998860.0
2026-08-18,87.0,87.23,85.67,85.7,2498516.0
2026-08-19,86.72,86.72,83.06,83.29,2965433.0
2026-08-20,82.05,82.2,80.67,81.06,3676485.0
2026-08-21,82.22,83.07,82.05,82.41,2785816.0
2026-08-24,83.3,84.32,82.14,82.48,2121248.0
2026-08-25,84.43,84.43,82.13,83.62,3509017.0
2026-08-26,84.55,84.99,83.01,83.08,2944329.0
2026-08-27,82.51,83.01,80.95,81.14,2491593.0
2026-08-28,81.85,82.31,79.89,80.07,2115391.0
2026-08-31,79.24,79.25,77.77,78.0,3197749.0
2026-09-01,77.51,78.19,75.99,76.38,3656047.0
2026-09-02,77.5,79.15,77.0,78.14,2718732.0
2026-09-03,78.63,78.81,77.6,78.75,2483009.0
2026-09-04,78.88,80.4,78.81,80.17,2326594.0
2026-09-08,79.21,80.06,78.53,78.96,2431761.0
2026-09-09,77.5,79.38,77.31,78.75,2244931.0
2026-09-10,77.2,79.3,77.15,78.24,3155089.0
2026-09-11,79.4,80.23,79.09,79.91,2643086.0
2026-09-14,77.56,80.37,77.56,79.8,2692406.0
