timestamp,open,high,low,close,volume
2006-09-20,74.9479,75.2913,74.9155,75.22,8852500.0
2006-09-21,75.2135,75.2978,73.4059,74.7535,8056300.0
2006-09-22,74.6758,74.6758,74.2935,74.5268,5413200.0
2006-09-25,74.6304,75.22,74.3583,74.8896,7787500.0
2006-09-26,74.9414,75.5763,74.8701,75.4986,5587200.0
2006-09-27,75.5051,75.8744,75.4662,75.7513,10793000.0
2006-09-28,75.7902,75.9197,75.4792,75.7837,10050900.0
2006-09-29,75.8485,76.0169,75.5763,75.6087,5654200.0
2006-10-02,75.6411,75.9327,75.4597,75.544,5679200.0
2006-10-03,75.4792,76.1206,75.4403,75.9197,8765600.0
2006-10-04,75.829,76.762,75.8031,76.7037,9451500.0
2006-10-05,76.6842,76.911,76.5806,76.8397,6966600.0
2006-10-06,76.7296,76.8203,76.4316,76.7944,8297300.0
2006-10-09,76.6583,76.9304,76.5158,76.8527,3421400.0
2006-10-10,76.8851,76.9499,76.6454,76.6648,5509700.0
2006-10-11,76.5871,76.9564,76.3927,76.8203,8337900.0
2006-10-12,77.0211,77.4747,77.0147,77.4228,5393100.0
2006-10-13,77.3386,77.5395,77.1442,77.5071,5007900.0
2006-10-16,77.4682,77.7273,77.371,77.5783,6636100.0
2006-10-17,77.4876,77.6172,77.0147,77.5459,7413500.0
2006-10-18,77.8569,79.3276,77.4228,77.6366,8592700.0
2006-10-19,77.6298,77.9476,77.5325,77.9411,6418300.0
2006-10-20,77.6796,77.8483,77.4396,77.7769,7393500.0
2006-10-23,77.6601,78.5748,77.6472,78.3477,9363100.0
2006-10-24,78.3802,78.6461,78.3283,78.5878,6773200.0
2006-10-25,78.5229,78.7694,78.2894,78.7175,8455700.0
2006-10-26,78.7824,78.8472,78.3867,78.7759,6288300.0
2006-10-27,78.6526,78.7564,78.2504,78.3996,8571800.0
2006-10-30,78.231,78.5294,78.0753,78.4256,5608200.0
2006-10-31,78.3996,78.5099,77.9196,78.3023,8325700.0
2006-11-01,78.5294,78.5618,77.8288,78.0039,7452700.0
2006-11-02,77.7639,77.9975,77.6601,77.8872,6793100.0
2006-11-03,78.1402,78.2439,77.5823,77.6796,6601100.0
2006-11-06,77.8807,78.5813,77.8547,78.5034,7324200.0
2006-11-07,78.5683,79.0613,78.4645,78.8407,8942700.0
2006-11-08,78.6137,79.1132,78.4904,79.1002,9115100.0
2006-11-09,78.9964,79.0743,78.4321,78.5878,5950200.0
2006-11-10,78.5683,78.6591,78.3413,78.6526,3703600.0
2006-11-13,78.5748,79.0224,78.4775,78.7694,4901700.0
2006-11-14,78.938,79.431,78.484,79.3402,7134100.0
2006-11-15,79.3597,79.8592,79.3208,79.5932,7068700.0
2006-11-16,79.8198,80.08,79.6572,79.9759,6189100.0
2006-11-17,79.8715,80.1967,79.7804,80.1056,6377700.0
2006-11-20,80.0601,80.2877,79.93,80.0926,4667000.0
2006-11-21,80.0991,80.2032,79.904,80.0666,5446500.0
2006-11-22,80.1446,80.3267,79.9495,80.0731,3938600.0
2006-11-24,79.7804,80.0601,79.6894,79.8325,2416700.0
2006-11-27,79.7999,79.8129,78.7398,78.8244,8151300.0
2006-11-28,78.6943,78.987,78.4862,78.9219,8182900.0
2006-11-29,79.078,79.6048,78.935,79.5593,9268600.0
2006-11-30,79.5593,79.8455,79.078,79.5268,11777600.0
2006-12-01,79.5853,79.7024,72.9256,79.3642,14537500.0
2006-12-04,79.3707,80.0666,79.3447,79.8975,6039000.0
2006-12-05,79.982,80.2487,79.8195,80.2487,6396700.0
2006-12-06,80.1967,80.2552,79.9755,80.0601,4194500.0
2006-12-07,80.2162,80.4178,79.7869,79.8975,6406800.0
2006-12-08,79.7869,80.2422,79.5528,80.0081,7181200.0
2006-12-11,80.0666,80.3528,80.0406,80.2162,3576300.0
2006-12-12,80.1706,80.2097,79.6959,80.0926,7304600.0
2006-12-13,80.4178,80.4763,80.0341,80.2227,4340200.0
2006-12-14,80.1316,80.8926,80.1251,80.8405,6834300.0
2006-12-15,80.769,82.2388,80.7105,80.808,8206300.0
2006-12-18,80.847,81.0551,80.6649,80.8145,6219400.0
2006-12-19,80.5674,81.0617,80.4503,80.8991,6027400.0
2006-12-20,80.9316,81.1137,80.8275,80.9446,4667600.0
2006-12-21,80.9381,81.0356,80.4633,80.6974,5929400.0
2006-12-22,80.6519,80.8015,80.0731,80.1837,6798300.0
2006-12-26,80.1056,80.6519,80.1056,80.5934,3966500.0
2006-12-27,80.8795,81.2893,80.808,81.2177,5664100.0
2006-12-28,81.2242,81.3868,81.0291,81.1917,6167000.0
2006-12-29,81.1657,81.3608,80.8665,81.0356,4911300.0
2007-01-03,81.3998,81.738,80.5674,81.0421,11094900.0
2007-01-04,80.9576,81.2633,80.5739,81.1332,10095900.0
2007-01-05,80.9511,80.9706,80.3332,80.4503,8998300.0
2007-01-08,80.5609,80.8991,80.1576,80.73,7975400.0
2007-01-09,80.8665,81.0161,80.2682,80.6584,7277300.0
2007-01-10,80.4763,81.0031,80.3202,80.9641,7421300.0
2007-01-11,80.9771,81.5234,80.9186,81.2893,6773200.0
2007-01-12,81.2568,81.738,81.1722,81.7185,5249400.0
2007-01-16,81.647,81.7836,81.4844,81.6925,6160400.0
2007-01-17,81.647,82.0112,81.5754,81.66,6507700.0
2007-01-18,81.9204,81.9985,81.3673,81.4259,10136900.0
2007-01-19,81.5103,81.8096,81.4647,81.7055,10269000.0
2007-01-22,81.6599,81.6795,80.9441,81.2434,10071300.0
2007-01-23,81.1784,81.6209,81.0742,81.6209,6581900.0
2007-01-24,81.673,82.161,81.5949,82.135,8016800.0
2007-01-25,82.0374,82.0764,81.2109,81.2174,8621100.0
2007-01-26,81.4972,81.5298,80.8334,81.2174,10497600.0
2007-01-29,81.2369,81.5493,81.1458,81.289,6123400.0
2007-01-30,81.2565,81.5233,81.1133,81.4517,6388100.0
2007-01-31,81.4712,82.3172,81.4322,82.1545,9690400.0
2007-02-01,82.2977,82.5515,82.109,82.519,8504500.0
2007-02-02,82.519,82.5385,82.2066,82.3628,5603800.0
2007-02-05,82.2847,82.4799,82.161,82.3628,4612900.0
2007-02-06,82.4018,82.5125,82.1936,82.4539,6969700.0
2007-02-07,82.4929,82.6882,82.2131,82.4929,5896300.0
2007-02-08,82.3563,82.4799,81.8552,82.3042,6250400.0
2007-02-09,82.3368,82.5125,81.6599,81.9983,6567800.0
2007-02-12,81.9203,82.0244,81.6014,81.7511,7132600.0
2007-02-13,82.0114,82.6817,81.9853,82.4344,6256000.0
2007-02-14,82.506,83.1893,82.4539,82.9875,5813400.0
2007-02-15,83.0462,83.2352,82.9679,83.0071,5985300.0
2007-02-16,83.0656,83.1764,83.0004,83.1764,5592000.0
2007-02-20,83.0917,83.3525,82.7461,83.2025,5583100.0
2007-02-21,82.9939,83.183,82.7853,82.9874,5048000.0
2007-02-22,83.0591,83.183,82.4332,82.6092,6658700.0
2007-02-23,82.6158,82.6288,82.3224,82.4723,5550200.0
2007-02-26,82.707,82.7983,82.205,82.3876,6733300.0
2007-02-27,81.7161,82.4332,78.5606,79.2973,26520300.0
2007-02-28,79.8058,80.4969,79.2125,79.9297,18845800.0
2007-03-01,79.1539,80.1253,78.2672,79.8515,22926000.0
2007-03-02,79.5385,79.8449,78.8605,78.9192,17280200.0
2007-03-05,78.4954,79.4798,78.365,78.6258,13933700.0
2007-03-06,79.0691,79.7276,78.8735,79.6885,8842800.0
2007-03-07,79.545,79.9297,79.4538,79.519,6935200.0
2007-03-08,80.0145,80.2426,79.7211,80.1514,7449700.0
2007-03-09,80.3404,80.4187,79.7537,80.1774,8532300.0
2007-03-12,79.9884,81.038,79.8775,80.2622,6179300.0
2007-03-13,79.8775,80.184,78.7953,78.8866,13533000.0
2007-03-14,78.9061,79.4407,77.9086,79.4277,22815100.0
2007-03-15,79.049,79.5653,79.0229,79.2777,7807300.0
2007-03-16,79.5174,79.5762,78.4457,78.9619,7431900.0
2007-03-19,79.4324,79.9029,79.3932,79.8898,6658400.0
2007-03-20,79.7461,80.2623,79.7265,80.2296,6446400.0
2007-03-21,80.2427,81.5104,79.929,81.1836,9699300.0
2007-03-22,81.3274,81.445,81.0137,81.3274,6394200.0
2007-03-23,81.3535,81.6868,81.2686,81.5169,5219200.0
2007-03-26,81.5169,81.5169,80.7458,81.2555,7935000.0
2007-03-27,81.164,81.1771,80.7001,80.8308,7821800.0
2007-03-28,80.7132,80.772,80.014,80.3995,13052600.0
2007-03-29,80.8112,80.8438,80.0859,80.6347,7985900.0
2007-03-30,80.6151,81.066,79.9356,80.6674,9789800.0
2007-04-02,80.7328,80.9092,80.4452,80.8438,6121600.0
2007-04-03,81.164,81.8501,81.164,81.6803,7268100.0
2007-04-04,81.7325,81.9024,81.5953,81.7913,4707500.0
2007-04-05,81.7587,82.1377,81.6476,81.9808,3927600.0
2007-04-09,82.1507,82.2684,82.0266,82.0985,3496700.0
2007-04-10,82.105,82.2422,81.9874,82.1573,5652500.0
2007-04-11,82.1769,82.1899,81.3731,81.5496,9498100.0
2007-04-12,81.5169,82.0331,81.1967,82.0266,6005500.0
2007-04-13,82.203,82.4775,81.8109,82.3925,5632000.0
2007-04-16,82.6408,83.1766,82.6277,82.9871,7506000.0
2007-04-17,83.1701,83.5556,83.0133,83.3465,7814000.0
2007-04-18,83.2747,83.8627,83.1766,83.634,9180300.0
2007-04-19,83.2023,83.8366,83.163,83.7974,8544200.0
2007-04-20,84.4225,84.8018,84.2917,84.7233,9530900.0
2007-04-23,84.6187,84.841,84.0301,84.4879,5940700.0
2007-04-24,84.5794,84.8672,84.2982,84.6579,9681800.0
2007-04-25,84.9653,85.665,84.6514,85.5081,11925400.0
2007-04-26,85.5408,85.8155,85.4231,85.7631,8816100.0
2007-04-27,85.4819,85.9136,85.4296,85.822,7264100.0
2007-04-30,85.7828,86.3125,85.3446,85.3642,9940600.0
2007-05-01,85.5669,85.907,85.2203,85.8678,20686600.0
2007-05-02,85.9986,86.646,85.907,86.3975,8656200.0
2007-05-03,86.5087,86.6133,86.2602,86.5479,9040700.0
2007-05-04,86.7507,86.8488,86.476,86.8422,10015400.0
2007-05-07,86.8553,87.0646,86.8095,86.9469,8083400.0
2007-05-08,86.7768,87.1234,86.5545,87.0122,8599700.0
2007-05-09,86.973,87.4831,86.8488,87.2804,9564600.0
2007-05-10,87.1038,87.2608,86.4629,86.6133,13044500.0
2007-05-11,86.7441,87.3458,86.718,87.3262,9131100.0
2007-05-14,87.3916,87.6008,87.0384,87.3196,10703900.0
2007-05-15,87.4962,88.2483,87.3916,87.7055,20372100.0
2007-05-16,87.8559,88.4314,87.5354,88.3398,15011400.0
2007-05-17,88.2482,88.5498,88.0974,88.2679,11196200.0
2007-05-18,88.5722,88.8673,88.5197,88.8673,9306000.0
2007-05-21,88.7755,89.005,88.5984,88.6574,5941800.0
2007-05-22,88.7624,88.9984,88.4607,88.5722,9621900.0
2007-05-23,88.8869,89.1689,88.4804,88.6312,10974800.0
2007-05-24,88.6968,89.3918,87.9624,88.1722,25706000.0
2007-05-25,88.3624,88.5525,86.4412,88.4738,10187900.0
2007-05-29,88.6312,89.1099,88.2378,88.6574,12121300.0
2007-05-30,88.2444,89.4377,88.1394,89.4246,14347500.0
2007-05-31,89.4377,89.6082,89.2279,89.4181,8925000.0
2007-06-01,89.5754,89.7262,89.2804,89.5361,9348400.0
2007-06-04,89.3263,89.7066,89.2607,89.5099,7371000.0
2007-06-05,89.3459,89.3853,88.8017,89.1754,13065700.0
2007-06-06,88.8476,88.8476,88.0739,88.2444,14773500.0
2007-06-07,88.0476,88.3821,86.7953,86.8608,25682300.0
2007-06-08,87.0838,88.0608,86.3887,88.0411,18825900.0
2007-06-11,87.9099,88.3558,87.7132,88.0935,10149900.0
2007-06-12,87.6542,88.1657,86.9788,87.0772,19512400.0
2007-06-13,87.5887,88.4542,87.3657,88.3821,16588100.0
2007-06-14,88.4929,89.5433,88.4207,88.9787,12550300.0
2007-06-15,89.5229,89.8446,89.385,89.385,11170000.0
2007-06-18,89.6082,89.641,89.1224,89.1224,10143300.0
2007-06-19,89.1683,89.5491,89.037,89.4309,9759600.0
2007-06-20,89.687,89.6936,88.4265,88.5906,17124200.0
2007-06-21,88.4987,88.9911,87.8881,88.8466,25643900.0
2007-06-22,88.5972,88.7482,87.6387,87.9735,21271900.0
2007-06-25,87.8487,88.479,87.2447,87.8028,19546000.0
2007-06-26,87.8487,88.2558,87.1857,87.3432,21788000.0
2007-06-27,87.1266,88.1179,87.0084,87.9735,20740900.0
2007-06-28,88.026,88.6956,87.9078,88.0982,13893700.0
2007-06-29,88.2098,88.7088,87.2185,88.0391,19285200.0
2007-07-03,88.9648,89.1946,88.8532,89.1224,7494900.0
2007-07-05,89.0108,89.1027,88.6628,88.9714,9231500.0
2007-07-06,89.0436,89.49,88.8663,89.3981,7015200.0
2007-07-09,89.536,89.7395,89.3719,89.5819,9455300.0
2007-07-10,89.3325,89.4506,88.5446,88.6628,12554600.0
2007-07-11,88.5512,89.4047,88.4659,89.3325,15535700.0
2007-07-12,89.5032,91.0394,89.4966,90.7965,13111900.0
2007-07-13,90.9081,91.453,90.8687,91.2167,7137000.0
2007-07-16,91.2429,91.8207,91.2035,91.5975,10614000.0
2007-07-17,91.6697,92.4706,91.3545,91.3545,13017700.0
2007-07-18,91.4727,91.7156,90.7834,91.5843,20476400.0
2007-07-19,91.8667,92.0244,91.6037,91.8404,8545400.0
2007-07-20,91.5208,91.7311,90.6269,91.0541,17970000.0
2007-07-23,91.4354,91.7706,91.2382,91.4551,12286000.0
2007-07-24,91.0344,91.2447,89.9827,90.2917,20581100.0
2007-07-25,90.6795,90.7715,89.6804,90.5743,21284800.0
2007-07-26,89.7527,90.1405,86.1968,88.471,44466200.0
2007-07-27,88.4907,88.7996,86.8343,88.0766,30755900.0
2007-07-30,87.3667,87.978,86.8475,87.748,22015000.0
2007-07-31,88.2606,88.6222,86.5517,86.5977,22637000.0
2007-08-01,86.6832,87.9386,86.2362,87.8203,41165000.0
2007-08-02,87.7611,88.7339,87.4062,88.6024,21746900.0
2007-08-03,88.3658,88.5499,86.4597,86.8278,33819400.0
2007-08-06,87.0249,88.4776,86.4597,88.2409,30472600.0
2007-08-07,88.0043,89.4109,87.6757,88.7996,30475400.0
2007-08-08,88.9902,90.0222,88.655,89.7527,27038300.0
2007-08-09,88.4907,89.7527,87.2681,87.3865,37287900.0
2007-08-10,86.6832,87.4982,85.8681,86.8278,34807300.0
2007-08-13,87.5705,87.7085,86.8278,86.9132,16103800.0
2007-08-14,87.117,87.3536,85.6249,85.7432,20238700.0
2007-08-15,85.5723,86.2954,84.4418,84.6916,26779900.0
2007-08-16,84.0319,85.1188,82.3587,85.1188,51330500.0
2007-08-17,86.4792,86.8613,84.9444,86.0972,31871800.0
2007-08-20,86.2619,86.7559,85.4384,86.3014,16592600.0
2007-08-21,86.1762,86.7296,85.9127,86.0708,13150300.0
2007-08-22,86.6505,87.6452,86.5254,87.6123,12422200.0
2007-08-23,87.4146,87.665,86.7032,87.0919,13651000.0
2007-08-24,87.0787,88.1063,86.9733,88.0734,7899400.0
2007-08-27,87.8494,88.1327,87.5991,87.7308,7818400.0
2007-08-28,87.3158,87.4146,85.8337,85.8995,12051600.0
2007-08-29,86.3475,87.5793,86.275,87.5464,10430600.0
2007-08-30,86.8942,87.6781,86.7888,87.2829,12086000.0
2007-08-31,87.9812,88.4357,87.5464,87.9219,10927500.0
2007-09-04,87.7572,88.8573,87.6847,88.4159,8358700.0
2007-09-05,88.1195,88.1524,87.2763,87.7177,10336800.0
2007-09-06,87.9285,88.2578,87.4542,87.9548,7224300.0
2007-09-07,87.1907,87.2302,86.1828,86.6571,17742100.0
2007-09-10,86.8613,86.9996,85.7942,86.5912,14012700.0
2007-09-11,86.8942,87.7901,86.8284,87.6584,11308700.0
2007-09-12,87.5662,88.0668,87.4344,87.7374,11367500.0
2007-09-13,88.1854,88.7848,88.0536,88.3039,7778800.0
2007-09-14,87.968,88.7255,87.8428,88.574,9829400.0
2007-09-17,88.3501,88.6597,88.0668,88.3369,8588900.0
2007-09-18,88.7255,90.5766,88.5411,90.5766,16180400.0
2007-09-19,91.0245,91.7689,90.8203,90.8203,12542400.0
2007-09-20,91.0978,91.111,90.5963,90.6227,10534300.0
2007-09-21,91.3068,91.7357,90.9967,91.122,7402700.0
2007-09-24,91.3002,91.5576,90.5347,90.5743,9326100.0
2007-09-25,90.4226,90.9439,90.2906,90.8977,11088600.0
2007-09-26,91.3002,91.7291,91.089,91.4586,8050800.0
2007-09-27,91.7621,91.8083,91.4256,91.7291,7418800.0
2007-09-28,91.6961,91.7885,91.3002,91.6895,8696400.0
2007-10-01,91.6961,93.0423,91.6961,92.7783,9580700.0
2007-10-02,92.9103,92.9829,92.3824,92.4748,8275200.0
2007-10-03,92.3164,92.5606,91.9733,92.1448,7831200.0
2007-10-04,92.3164,92.4088,92.0063,92.0195,5807900.0
2007-10-05,92.6661,93.1808,92.4748,92.9103,8333100.0
2007-10-08,92.7519,92.7651,92.389,92.5672,4602600.0
2007-10-09,92.8245,93.4712,92.5804,93.359,7864600.0
2007-10-10,93.2996,93.3326,92.4154,92.9037,9533500.0
2007-10-11,93.2864,93.6691,92.0261,92.4484,21637000.0
2007-10-12,92.6199,93.1808,92.4418,93.1478,7621600.0
2007-10-15,93.0951,93.1149,91.7291,92.3164,12156800.0
2007-10-16,92.1184,92.1514,91.5378,92.0525,13121800.0
2007-10-17,92.4484,92.5012,90.8911,91.6565,19032800.0
2007-10-18,91.412,91.8281,91.2072,91.7885,10854100.0
2007-10-19,91.1035,91.163,88.9434,89.0821,31272400.0
2007-10-22,88.5602,89.7427,88.4677,89.6106,16122100.0
2007-10-23,89.9277,90.291,89.3595,89.9409,12843800.0
2007-10-24,89.8946,90.4033,88.8905,90.3372,21756900.0
2007-10-25,90.3174,90.694,89.4124,90.5684,14704600.0
2007-10-26,90.9053,91.3744,90.3967,91.229,9404000.0
2007-10-29,91.348,91.7377,91.2687,91.4933,7968800.0
2007-10-30,91.2885,91.5263,90.9384,90.9978,8481400.0
2007-10-31,91.4603,92.1737,90.6741,91.8236,19205800.0
2007-11-01,91.0705,91.0969,89.4322,89.6634,22618600.0
2007-11-02,89.9673,90.0664,88.7716,89.9211,19358200.0
2007-11-05,89.0755,89.9144,88.7848,89.4785,12540800.0
2007-11-06,89.7163,90.2514,89.2142,90.073,10990100.0
2007-11-07,89.3001,89.6634,87.5957,87.7213,17795600.0
2007-11-08,88.1771,88.2563,86.4265,87.6618,35073400.0
2007-11-09,86.7436,87.2522,85.9046,86.0103,20529900.0
2007-11-12,86.0962,86.9682,85.6338,85.8121,19087800.0
2007-11-13,86.4331,88.1242,86.4067,87.8798,14661100.0
2007-11-14,88.4942,88.514,87.3579,87.6486,13250300.0
2007-11-15,87.3063,87.79,86.4186,86.8691,18081900.0
2007-11-16,87.2849,87.4638,86.3905,87.1988,20744700.0
2007-11-19,86.8146,86.8808,85.6419,85.993,18965300.0
2007-11-20,86.0129,86.7881,85.0125,86.0924,29450700.0
2007-11-21,85.5425,85.887,84.6482,84.7873,16777600.0
2007-11-23,85.2908,85.9135,85.2047,85.728,6879100.0
2007-11-26,85.9135,86.3375,84.297,84.3699,11372400.0
2007-11-27,84.7873,86.0659,84.6084,85.6485,21551400.0
2007-11-28,86.4435,88.2787,86.3972,88.0137,15430700.0
2007-11-29,87.7752,88.6099,87.5698,88.6099,14812500.0
2007-11-30,89.1002,89.2393,88.0137,88.8418,17323200.0
2007-12-03,88.5702,88.8352,88.0998,88.3184,11530300.0
2007-12-04,87.7884,88.2323,87.6891,87.8481,8084300.0
2007-12-05,88.5371,89.2194,88.4708,89.0737,11542000.0
2007-12-06,89.0074,90.3656,88.9809,90.1271,10224000.0
2007-12-07,90.4053,90.6107,90.1602,90.3391,7998500.0
2007-12-10,90.6173,91.1805,90.4384,91.0413,7269600.0
2007-12-11,91.1407,91.3593,88.9147,89.0671,19973600.0
2007-12-12,90.7233,90.8426,88.3317,89.4513,14507000.0
2007-12-13,88.9611,89.6766,88.5304,89.5176,13423700.0
2007-12-14,89.0074,89.5242,88.3913,88.4642,11756300.0
2007-12-17,88.1131,88.2124,87.2452,87.4174,10788200.0
2007-12-18,87.8944,88.0601,86.8278,87.7818,13408500.0
2007-12-19,87.7752,88.1926,87.1723,87.6096,12563100.0
2007-12-20,87.9872,88.0071,87.2253,87.9806,11801900.0
2007-12-21,88.3847,89.2062,88.3118,89.0803,10184900.0
2007-12-24,89.2989,89.7561,89.2658,89.6633,3622800.0
2007-12-26,89.4447,89.7693,89.2989,89.7229,5481300.0
2007-12-27,89.3917,89.4314,88.3449,88.5437,7537900.0
2007-12-28,88.9279,89.0406,87.9938,88.3714,7417000.0
2007-12-31,88.2191,88.2721,87.5566,87.7818,6347500.0
2008-01-02,87.7619,87.8944,86.0063,86.5694,13021900.0
2008-01-03,86.5827,86.9669,86.2117,86.6224,8077800.0
2008-01-04,85.8407,85.9467,84.6813,84.9595,14016300.0
2008-01-07,85.1517,85.2908,84.2838,84.88,19398800.0
2008-01-08,85.1517,85.463,83.2172,83.4689,20705900.0
2008-01-09,83.5815,84.3964,82.8197,84.1182,22772600.0
2008-01-10,83.82,85.675,83.6677,84.8005,25017800.0
2008-01-11,84.4759,84.5223,83.0847,83.5484,21944400.0
2008-01-14,84.2705,84.7475,83.9327,84.4892,7469400.0
2008-01-15,83.8002,84.0784,82.7335,83.0052,18823100.0
2008-01-16,82.5745,83.5683,82.1108,82.5083,24823200.0
2008-01-17,82.8486,82.948,80.3414,80.7593,30094000.0
2008-01-18,81.1442,81.7677,79.6718,79.9769,33994300.0
2008-01-22,77.1712,80.0498,76.8064,79.1213,34538900.0
2008-01-23,77.7218,81.456,77.1911,81.2636,40301300.0
2008-01-24,81.5157,82.1922,81.0912,81.8805,19386800.0
2008-01-25,82.6631,82.7162,80.733,81.0447,19400900.0
2008-01-28,80.932,82.1259,80.2554,81.9733,16238400.0
2008-01-29,82.3845,82.8422,81.8075,82.6167,14603000.0
2008-01-30,82.3845,84.0228,81.8871,82.106,20827500.0
2008-01-31,81.3697,84.1687,81.1907,83.6381,21284500.0
2008-02-01,83.8968,84.6396,83.5453,84.5601,16342800.0
2008-02-04,84.3677,84.4075,83.5585,83.6049,11074400.0
2008-02-05,82.7029,82.8289,81.2835,81.6549,15421900.0
2008-02-06,81.8141,82.1922,80.7927,81.1575,13992600.0
2008-02-07,80.6468,81.8407,80.4213,81.4361,19970800.0
2008-02-08,81.0381,81.5024,80.3085,80.7993,14564400.0
2008-02-11,80.7131,81.31,80.0963,81.1708,11504900.0
2008-02-12,81.6947,82.7361,81.5554,82.1657,17812800.0
2008-02-13,82.5835,83.4723,82.3514,83.1075,12174700.0
2008-02-14,83.3682,83.3749,82.0791,82.2784,10589900.0
2008-02-15,81.9625,82.1153,81.5173,82.009,9407400.0
2008-02-19,82.8862,83.0324,81.71,82.2482,9271300.0
2008-02-20,81.4176,82.7799,81.2249,82.5539,15425200.0
2008-02-21,82.833,83.0523,81.3844,81.8163,12756400.0
2008-02-22,81.8761,82.4343,80.7796,82.3346,13507300.0
2008-02-25,82.2283,83.6305,82.009,83.4577,14334100.0
2008-02-26,83.1852,84.614,83.1387,84.3548,13460300.0
2008-02-27,83.9096,84.7734,83.8032,84.3282,11153500.0
2008-02-28,83.7966,84.0425,83.3181,83.5574,8725600.0
2008-02-29,82.8663,82.8663,81.2581,81.7631,15872800.0
2008-03-03,81.391,81.6369,80.8394,81.4242,11259900.0
2008-03-04,80.7464,81.3511,79.9822,81.2249,19701600.0
2008-03-05,81.4774,82.1286,80.7664,81.6169,13789100.0
2008-03-06,81.2049,81.3312,79.949,80.2082,12996500.0
2008-03-07,79.4041,80.4341,78.6133,79.125,18645900.0
2008-03-10,79.2579,79.2845,78.0551,78.3408,15789100.0
2008-03-11,79.743,81.072,79.0452,81.0587,18853300.0
2008-03-12,81.092,81.8761,80.4873,80.6667,12694700.0
2008-03-13,79.63,81.3179,79.0585,80.7929,22079200.0
2008-03-14,81.3046,81.3179,78.7528,79.7563,28721700.0
2008-03-17,78.1681,80.3809,78.1681,79.7961,25488100.0
2008-03-18,80.9391,82.5672,80.5404,82.5273,22317000.0
2008-03-19,82.7317,82.9515,80.4135,80.6866,16919800.0
2008-03-20,80.944,82.3962,80.5377,82.0765,15750300.0
2008-03-24,82.6227,84.0016,82.5761,83.4354,14877500.0
2008-03-25,83.522,83.6752,82.8692,83.3288,11607500.0
2008-03-26,83.1356,83.1356,82.3896,82.4362,12437300.0
2008-03-27,82.9691,83.069,81.8233,82.0965,16276400.0
2008-03-28,82.223,82.4095,81.1838,81.4503,11012000.0
2008-03-31,81.2038,82.0498,81.0573,81.6035,11409700.0
2008-04-01,82.5294,84.2415,82.5028,84.0549,18858100.0
2008-04-02,84.1882,84.5146,83.5686,84.0416,12552400.0
2008-04-03,83.6153,84.3614,83.4154,84.1016,11033400.0
2008-04-04,84.0683,84.4746,83.4021,83.975,11788400.0
2008-04-07,84.4346,84.7477,83.7685,83.9217,12601700.0
2008-04-08,83.5553,84.035,83.4288,84.035,11840000.0
2008-04-09,83.955,84.0683,83.049,83.7285,14836700.0
2008-04-10,83.6086,84.2481,83.2622,83.9284,13477200.0
2008-04-11,82.9758,83.069,81.9432,82.2164,15915500.0
2008-04-14,82.1497,82.3896,81.7967,82.0831,10833200.0
2008-04-15,82.4495,82.4961,81.7367,82.3296,12193500.0
2008-04-16,82.9624,84.368,82.9491,84.3281,14691500.0
2008-04-17,83.8012,84.3814,83.7078,84.3014,12272900.0
2008-04-18,85.3457,85.926,85.2123,85.3457,16395400.0
2008-04-21,85.199,85.5991,84.9789,85.3657,10528700.0
2008-04-22,85.2123,85.2723,84.3319,84.9055,9807200.0
2008-04-23,85.0389,85.5324,84.6454,84.9455,10176300.0
2008-04-24,85.2256,86.2461,84.6654,85.4924,13709400.0
2008-04-25,85.966,85.9993,84.9188,85.8459,11779700.0
2008-04-28,85.9593,86.2261,85.1656,85.8659,7423900.0
2008-04-29,85.6258,85.8993,85.3323,85.4924,7193200.0
2008-04-30,85.7259,86.693,85.3724,85.4391,16739600.0
2008-05-01,85.379,86.8264,85.319,86.753,17674900.0
2008-05-02,87.56,87.5667,86.5262,87.1665,11797000.0
2008-05-05,86.9464,87.0398,86.2594,86.5462,8046900.0
2008-05-06,86.1194,86.9731,85.7592,86.9398,11864300.0
2008-05-07,86.8664,86.9531,85.3724,85.7059,13247600.0
2008-05-08,85.7792,86.106,85.3524,85.6058,10834500.0
2008-05-09,85.1389,85.3924,84.8388,85.0922,9013900.0
2008-05-12,85.2523,86.106,85.0589,85.8926,7946700.0
2008-05-13,86.026,86.0327,85.3057,85.6392,7918800.0
2008-05-14,85.8926,86.7597,85.8726,86.006,11376200.0
2008-05-15,86.0375,86.8398,85.8703,86.7863,8932900.0
2008-05-16,86.9385,86.9385,86.1228,86.7246,9283200.0
2008-05-19,86.7312,87.7677,86.5975,87.1391,10724100.0
2008-05-20,86.6042,86.631,85.3806,85.8553,11149100.0
2008-05-21,85.8486,85.9623,84.0232,84.3575,16282300.0
2008-05-22,84.3241,84.6852,84.1703,84.3107,10500400.0
2008-05-23,83.9898,84.1235,83.2944,83.3479,10560300.0
2008-05-27,83.4883,84.0366,83.1606,83.9028,8282500.0
2008-05-28,84.0967,84.2639,83.5217,84.1904,8655500.0
2008-05-29,84.0366,85.073,83.9095,84.4177,11692400.0
2008-05-30,84.7052,84.8189,84.177,84.411,7823200.0
2008-06-02,84.2372,84.2505,83.0737,83.622,11284300.0
2008-06-03,83.8427,83.9363,82.5187,82.9333,15384300.0
2008-06-04,82.7929,83.6086,82.5655,82.8999,13859900.0
2008-06-05,83.1473,84.4177,82.9935,84.3642,12636300.0
2008-06-06,83.7022,83.729,81.5291,81.6963,22706300.0
2008-06-09,81.8367,82.5388,81.6294,82.2914,15175100.0
2008-06-10,81.7498,82.7862,81.7163,82.1376,14291200.0
2008-06-11,82.0306,82.0574,80.8872,80.9741,18239600.0
2008-06-12,81.2817,82.1443,80.8605,81.3218,16063100.0
2008-06-13,81.5692,82.4585,81.4221,82.3181,14355000.0
2008-06-16,81.9303,82.492,81.7431,82.0707,11196000.0
2008-06-17,82.4987,82.5321,81.3085,81.4957,15028500.0
2008-06-18,81.1079,81.275,80.2921,80.5194,17744600.0
2008-06-19,80.6063,81.1223,80.1975,80.6398,19744600.0
2008-06-20,80.1499,80.2236,79.138,79.3323,21365200.0
2008-06-23,79.4999,79.587,79.1045,79.2251,13580100.0
2008-06-24,79.1045,79.7143,78.5148,79.071,17226500.0
2008-06-25,79.2117,79.835,78.9302,79.0509,18390200.0
2008-06-26,78.4209,78.4477,76.6919,76.7858,27742800.0
2008-06-27,76.7724,76.893,75.6331,76.1156,24659600.0
2008-06-30,76.0486,76.578,75.5594,76.0888,19963000.0
2008-07-01,75.3047,76.4172,74.8959,76.3033,30948700.0
2008-07-02,76.2429,76.5713,75.0702,75.2042,23693400.0
2008-07-03,75.6063,75.9414,74.7083,75.6934,19180600.0
2008-07-07,75.8409,76.3435,74.4805,75.164,27087400.0
2008-07-08,75.2243,76.3301,74.8825,76.31,28335900.0
2008-07-09,76.4373,76.5311,74.6882,74.7887,23620300.0
2008-07-10,74.782,75.5326,74.2995,75.231,27108500.0
2008-07-11,74.4536,75.3516,73.5691,74.4536,34182300.0
2008-07-14,75.164,75.3181,73.75,74.0583,25368500.0
2008-07-15,73.5758,74.5609,72.5906,73.2407,39036100.0
2008-07-16,73.5355,75.3718,73.1804,75.1774,28544600.0
2008-07-17,75.8264,76.8063,75.1687,76.5378,29121400.0
2008-07-18,76.9102,77.2457,76.3061,77.2256,19036900.0
2008-07-21,77.4538,77.5209,76.6014,76.9437,15590600.0
2008-07-22,76.4806,77.9034,76.3397,77.635,23664000.0
2008-07-23,77.8162,78.4403,77.5074,77.9772,23731300.0
2008-07-24,78.0108,78.0511,76.0847,76.2323,22041200.0
2008-07-25,76.4404,76.7491,75.937,75.9437,18815200.0
2008-07-28,76.0243,76.1853,74.6082,74.8028,15733800.0
2008-07-29,74.8901,76.4471,74.8297,76.4001,16843800.0
2008-07-30,76.8967,77.8027,76.5209,77.8027,23922800.0
2008-07-31,76.984,77.5544,76.2256,76.2726,23178300.0
2008-08-01,76.5612,76.682,75.5612,75.9907,19864500.0
2008-08-04,75.9169,76.3397,75.2525,75.7424,15877400.0
2008-08-05,76.3263,77.8967,76.3129,77.8162,22661000.0
2008-08-06,77.541,78.4403,77.3397,78.1719,17150200.0
2008-08-07,77.5074,77.796,76.6618,76.8967,17455700.0
2008-08-08,76.6551,78.9504,76.5075,78.5343,26733700.0
2008-08-11,78.541,79.6819,78.3866,79.1114,21982600.0
2008-08-12,78.8497,78.8698,77.9034,78.2859,20216600.0
2008-08-13,77.9235,77.9907,76.9638,77.4806,26770200.0
2008-08-14,77.0757,78.7503,76.9681,78.1316,24267400.0
2008-08-15,78.3114,78.7351,77.9819,78.4459,15965400.0
2008-08-18,78.5939,78.6141,76.8654,77.2757,18895300.0
2008-08-19,76.7444,76.8116,76.0987,76.3409,17592400.0
2008-08-20,76.583,77.0336,75.9239,76.7309,20086100.0
2008-08-21,76.1324,77.195,76.0449,76.7377,16388400.0
2008-08-22,77.2892,78.2643,77.2353,78.1231,16846300.0
2008-08-25,77.7936,77.8205,76.4417,76.6301,17704100.0
2008-08-26,76.704,76.9529,76.3072,76.778,14108100.0
2008-08-27,76.8251,77.7398,76.5628,77.4102,14460300.0
2008-08-28,77.8272,78.8091,77.7868,78.7284,16189800.0
2008-08-29,78.3989,78.715,77.612,77.7129,15183200.0
2008-09-02,78.6477,79.3673,77.195,77.4909,23820800.0
2008-09-03,77.4909,77.8406,76.8924,77.686,17278000.0
2008-09-04,77.0739,77.1681,75.3186,75.4396,33046000.0
2008-09-05,75.0496,75.749,74.3636,75.6078,29464600.0
2008-09-08,77.6994,77.9684,76.1929,77.4506,35503300.0
2008-09-09,77.4506,78.0021,75.6145,75.7557,30364400.0
2008-09-10,76.0786,76.6704,75.554,76.0517,27618500.0
2008-09-11,75.1774,77.2084,74.8007,77.1815,32112100.0
2008-09-12,76.4216,77.2421,76.0046,77.1883,25330900.0
2008-09-15,74.7671,75.9037,73.7381,73.7381,41477000.0
2008-09-16,72.541,74.7604,72.3527,74.4846,45040600.0
2008-09-17,73.4825,73.7045,70.9538,71.7944,51810900.0
2008-09-18,72.24,74.655,70.513,73.913,63856500.0
2008-09-19,78.1592,78.3481,76.0004,76.7425,18542300.0
2008-09-22,76.7965,76.8909,74.1116,74.5568,20450200.0
2008-09-23,74.3814,75.137,73.0322,73.1941,24478100.0
2008-09-24,73.4774,73.6866,72.4925,73.2143,20069400.0
2008-09-25,73.5382,75.0223,73.383,74.2802,26198100.0
2008-09-26,73.2346,75.2854,73.1739,75.0358,21435200.0
2008-09-29,74.0913,74.1993,70.1652,70.9814,33798100.0
2008-09-30,71.204,73.2818,70.9814,73.012,24122900.0
2008-10-01,72.5735,73.3897,71.6965,73.2346,22413400.0
2008-10-02,72.5195,72.614,70.4148,71.0219,18604100.0
2008-10-03,71.312,72.8163,69.5445,69.7199,29022900.0
2008-10-06,68.1346,68.4314,64.2287,66.9541,48725500.0
2008-10-07,67.8513,68.2763,63.689,64.1612,37474500.0
2008-10-08,62.9065,65.0247,61.9553,61.9553,49441700.0
2008-10-09,63.3584,63.7565,57.5974,57.9549,42330400.0
2008-10-10,55.5331,60.0934,53.2529,56.3291,60059900.0
2008-10-13,59.3581,64.087,59.0005,63.8644,42183500.0
2008-10-14,66.0501,66.6505,61.3211,63.1898,44008800.0
2008-10-15,61.9418,62.1104,57.1184,57.4489,34245600.0
2008-10-16,58.2208,60.8225,55.3622,60.5116,57743100.0
2008-10-17,59.1841,62.6846,58.9003,59.2382,42003000.0
2008-10-20,60.4681,62.982,59.968,62.9752,32036700.0
2008-10-21,61.8332,62.7117,60.7992,61.1912,25587200.0
2008-10-22,59.5085,59.7518,56.3121,57.9475,35157100.0
2008-10-23,57.8394,59.4342,55.6836,59.4004,56426200.0
2008-10-24,54.0415,58.0151,54.0415,55.9945,47555100.0
2008-10-27,55.8053,58.1029,54.3118,54.3591,35523300.0
2008-10-28,56.65,61.5493,55.2106,61.5358,51555900.0
2008-10-29,61.1506,63.2658,59.8937,60.0829,46242700.0
2008-10-30,62.2116,62.6171,60.6303,62.4887,39918300.0
2008-10-31,61.894,63.8808,61.5831,63.0496,37956700.0
2008-11-03,62.9212,63.5767,62.5225,63.2523,17068800.0
2008-11-04,64.293,65.212,63.7388,64.9552,23555600.0
2008-11-05,64.1713,64.5971,61.5966,62.2251,27906400.0
2008-11-06,61.3601,61.9413,58.4408,59.0828,40550900.0
2008-11-07,59.4409,61.0155,59.0625,61.0155,29744200.0
2008-11-10,61.9481,62.0021,59.272,60.3127,22865000.0
2008-11-11,59.1706,60.0153,57.9272,58.5895,30360000.0
2008-11-12,57.7312,58.1164,55.981,56.2378,34265200.0
2008-11-13,56.5013,60.1708,53.9604,59.9072,61236000.0
2008-11-14,58.8125,60.4749,56.9,56.9068,43181000.0
2008-11-17,56.7514,58.1029,55.8999,56.035,36386800.0
2008-11-18,56.0891,57.9137,54.947,57.7245,40317100.0
2008-11-19,56.9406,57.6907,54.1834,54.5889,47125800.0
2008-11-20,53.6342,55.5689,50.9188,51.0681,74523800.0
2008-11-21,52.3597,54.885,50.5743,54.4438,83652600.0
2008-11-24,55.6385,58.3607,55.0072,56.9284,46490700.0
2008-11-25,57.9942,58.4286,56.202,57.3968,41902400.0
2008-11-26,56.4532,59.2636,56.3378,59.0871,28631400.0
2008-11-28,58.8902,59.9968,58.8359,59.9221,6693800.0
2008-12-01,58.6255,58.6323,55.2991,55.4349,27023300.0
2008-12-02,56.0798,57.39,55.3263,57.2881,28511400.0
2008-12-03,56.1002,58.6119,55.9644,58.3743,47574600.0
2008-12-04,57.5461,58.6934,56.1613,57.166,39007300.0
2008-12-05,56.3106,59.0464,55.1973,58.6187,41735100.0
2008-12-08,59.956,61.3612,59.7388,60.3905,42221600.0
2008-12-09,59.9832,60.696,58.802,59.2772,32747900.0
2008-12-10,59.7795,60.3701,58.7545,59.3315,30710100.0
2008-12-11,58.7952,59.9221,57.8855,58.4693,24619000.0
2008-12-12,56.6908,59.1618,56.5007,59.0464,31774400.0
2008-12-15,59.026,59.0667,57.6004,58.4965,22058500.0
2008-12-16,58.8427,60.9268,58.6051,60.6485,29071000.0
2008-12-17,60.0511,60.9607,59.7049,59.9289,21142900.0
2008-12-18,60.2986,60.4484,57.9835,59.25,24892000.0
2008-12-19,59.0632,59.7986,57.9056,58.2393,18877300.0
2008-12-22,58.4231,58.5116,56.9183,58.2529,18410600.0
2008-12-23,58.2801,58.5116,57.0885,57.2587,15653000.0
2008-12-24,57.4971,57.8307,57.2928,57.5788,3795900.0
2008-12-26,57.8579,58.069,57.5788,57.8852,5125700.0
2008-12-29,57.9941,58.0827,56.9183,58.069,10001200.0
2008-12-30,58.0622,59.1789,57.783,59.1449,15878000.0
2008-12-31,59.1108,60.1731,58.9883,59.2402,17393800.0
2009-01-02,59.8871,61.7052,59.6283,61.3034,23577200.0
2009-01-05,61.2081,61.5077,60.5135,61.0855,24759400.0
2009-01-06,61.4124,61.8958,60.8608,61.3034,33310800.0
2009-01-07,60.5272,60.7246,59.3968,59.8667,31933800.0
2009-01-08,59.2743,59.6283,58.9338,59.5875,22763000.0
2009-01-09,59.6964,59.7577,58.3414,58.498,23504200.0
2009-01-12,58.4027,58.5933,57.3745,57.8511,21931900.0
2009-01-13,57.6128,58.0758,57.0817,57.6332,28733900.0
2009-01-14,56.6187,57.5651,55.4815,55.9582,34864600.0
2009-01-15,55.8831,56.5038,54.4984,55.999,42949800.0
2009-01-16,56.7634,56.8862,55.2697,56.5384,36017300.0
2009-01-20,56.0473,56.211,54.001,54.5126,35675100.0
2009-01-21,55.0037,56.211,54.1238,56.1018,33730000.0
2009-01-22,55.1742,55.9586,54.2602,55.4948,38930700.0
2009-01-23,54.1988,55.6107,53.9191,54.7172,43119800.0
2009-01-26,55.1264,56.1291,54.6967,55.1946,28060400.0
2009-01-27,55.5698,56.095,55.1128,55.4538,21814000.0
2009-01-28,56.6338,57.3228,56.3337,57.084,20236400.0
2009-01-29,56.3406,56.5725,55.4675,55.638,20166500.0
2009-01-30,55.8153,55.904,54.2943,54.7649,24807700.0
2009-02-02,53.9805,54.5126,53.6463,54.1442,22330600.0
2009-02-03,54.4239,55.3174,53.8987,54.7922,22954400.0
2009-02-04,55.1128,55.7335,54.1169,54.3761,26187900.0
2009-02-05,54.0624,55.3515,53.544,54.8672,33936300.0
2009-02-06,55.1674,56.7976,55.0582,56.6748,27536800.0
2009-02-09,56.4906,56.8112,55.9995,56.3815,19758700.0
2009-02-10,56.0882,56.4292,53.619,54.0487,45883500.0
2009-02-11,54.3079,54.5739,53.6668,54.2124,32017600.0
2009-02-12,53.4962,54.4989,52.6232,54.4375,43445300.0
2009-02-13,54.2124,54.533,53.3257,53.3803,23148300.0
2009-02-17,52.248,52.5618,51.5455,51.5455,34895200.0
2009-02-18,52.0161,52.173,51.1703,51.3545,34921100.0
2009-02-19,52.1365,52.1845,50.9918,51.2249,29220600.0
2009-02-20,50.2758,51.208,49.6795,50.4609,43668200.0
2009-02-23,50.8927,51.0024,48.6925,48.8776,34698700.0
2009-02-24,49.0626,50.5843,48.7679,50.2004,35371200.0
2009-02-25,50.0359,50.7556,49.0489,49.6864,41859000.0
2009-02-26,50.3512,50.7694,49.1655,49.282,30551900.0
2009-02-27,48.3978,49.3505,48.2333,48.4732,33976800.0
2009-03-02,47.7398,47.8563,46.3278,46.5403,35231100.0
2009-03-03,46.9241,47.0201,45.1694,45.5738,29784800.0
2009-03-04,46.8556,47.8974,46.3552,47.0681,30515900.0
2009-03-05,46.2661,46.6431,44.9158,45.615,32268900.0
2009-03-06,45.6492,46.3552,44.4018,45.8686,34713900.0
2009-03-09,44.8953,46.0399,44.7239,44.9364,25943400.0
2009-03-10,45.6904,47.5958,45.6081,47.3696,29966000.0
2009-03-11,47.7672,48.199,47.1709,47.5684,21464000.0
2009-03-12,47.5479,49.3437,47.1914,49.1038,21262000.0
2009-03-13,49.4739,49.7549,48.8022,49.7069,21143200.0
2009-03-16,50.0154,50.7694,49.4876,49.6864,23155200.0
2009-03-17,49.5699,50.9064,49.2546,50.8105,19398000.0
2009-03-18,50.3718,52.0168,49.844,51.489,34979900.0
2009-03-19,51.9785,52.006,50.6044,50.8105,23440400.0
2009-03-20,51.1382,51.2275,49.8328,49.9977,21783100.0
2009-03-23,51.1588,53.5567,49.9977,53.3299,24899900.0
2009-03-24,52.8421,53.5567,52.5192,52.6429,19870900.0
2009-03-25,53.062,54.017,51.8596,53.2818,29104500.0
2009-03-26,53.6941,54.4842,53.2612,54.2781,28101800.0
2009-03-27,53.6872,53.8796,53.1307,53.591,19432200.0
2009-03-30,52.2719,52.2993,51.097,51.9146,24855500.0
2009-03-31,52.2375,53.062,51.6672,51.9215,27436400.0
2009-04-01,51.4474,53.5017,51.3924,53.3093,24314000.0
2009-04-02,54.498,55.4873,54.2643,55.1026,28812600.0
2009-04-03,54.8003,55.3087,54.2506,55.1438,19876900.0
2009-04-06,54.6148,54.9171,54.0033,54.8209,17256800.0
2009-04-07,54.0788,54.0995,53.378,53.6597,16987300.0
2009-04-08,53.7147,54.2369,53.2956,54.017,15266300.0
2009-04-09,54.972,55.6041,54.8003,55.5629,17651100.0
2009-04-13,54.9789,55.7759,54.7522,55.4186,11154300.0
2009-04-14,54.9445,55.1988,54.2437,54.2437,18022600.0
2009-04-15,54.2918,55.3362,54.0995,55.2949,17751600.0
2009-04-16,55.5558,56.1959,54.7644,55.6797,18384200.0
2009-04-17,56.0471,56.3293,55.6204,55.9577,14728400.0
2009-04-20,55.0905,55.1662,53.9206,53.9756,14682700.0
2009-04-21,53.5627,54.8978,53.549,54.8497,17491300.0
2009-04-22,54.3886,55.3658,54.1339,54.2578,19541300.0
2009-04-23,54.3266,54.9529,53.6935,54.7877,17968600.0
2009-04-24,55.1249,55.9301,55.0079,55.5516,16018200.0
2009-04-27,54.891,55.9026,54.8221,55.2213,16942500.0
2009-04-28,54.6914,55.7099,54.6226,55.1594,14011400.0
2009-04-29,55.6204,56.811,55.531,56.2811,16224400.0
2009-04-30,56.9349,57.162,55.9852,56.1779,16340900.0
2009-05-01,56.2811,56.5633,55.7168,56.4945,11825500.0
2009-05-04,56.9418,58.0154,56.8454,58.0085,12609100.0
2009-05-05,57.8433,58.1943,57.5405,58.0429,11672700.0
2009-05-06,58.5315,58.6829,57.9397,58.6554,17045300.0
2009-05-07,59.0683,59.1234,57.5681,57.9122,18081800.0
2009-05-08,58.5935,59.1647,58.2287,59.027,17637500.0
2009-05-11,58.332,58.4902,57.9466,58.0429,12208700.0
2009-05-12,58.332,58.6898,57.6506,58.3733,16334400.0
2009-05-13,57.5818,57.7126,56.9831,57.1758,16918100.0
2009-05-14,57.2234,57.7894,57.0785,57.396,14105300.0
2009-05-15,57.4071,57.9455,56.7928,57.131,21471300.0
2009-05-18,57.6556,58.7462,57.6349,58.7324,11718100.0
2009-05-19,58.6565,58.9394,58.4149,58.477,11825800.0
2009-05-20,58.898,59.3398,58.049,58.125,14791100.0
2009-05-21,57.4899,57.5176,56.8066,57.3312,17305700.0
2009-05-22,57.5797,57.8006,57.0551,57.2139,8761300.0
2009-05-26,56.8135,58.7117,56.7859,58.5391,12764100.0
2009-05-27,58.6495,58.7186,57.2691,57.3588,12643600.0
2009-05-28,57.8351,58.2906,56.9654,58.0352,13867300.0
2009-05-29,58.2561,58.9671,57.8144,58.9533,11358500.0
2009-06-01,59.5538,60.5132,59.395,60.3268,10756900.0
2009-06-02,60.1474,69023.8313,60.0024,60.313,10019900.0
2009-06-03,60.0645,60.1267,59.4157,60.0024,8658500.0
2009-06-04,60.0093,60.5063,59.6987,60.4511,9798200.0
2009-06-05,60.9135,61.1206,60.1336,60.6443,14608300.0
2009-06-08,60.1957,61.0171,59.7056,60.596,18314200.0
2009-06-09,60.7341,60.8997,60.3544,60.4856,20602100.0
2009-06-10,61.1206,61.1413,59.7608,60.4787,19810200.0
2009-06-11,60.6443,61.445,60.6029,60.665,17903000.0
2009-06-12,60.4649,60.948,60.3061,60.9273,10206000.0
2009-06-15,60.2095,60.244,59.3605,59.6366,11496900.0
2009-06-16,59.8368,59.8851,58.8221,58.9256,10559100.0
2009-06-17,58.8221,59.2639,58.5529,58.829,13077600.0
2009-06-18,58.8626,59.4651,58.6548,59.1465,10582900.0
2009-06-19,59.5361,59.6262,58.809,59.0652,11003300.0
2009-06-22,58.5735,58.7051,57.7148,57.7148,19092400.0
2009-06-23,57.7702,57.971,57.3755,57.5901,11849100.0
2009-06-24,57.9918,58.3658,57.1885,57.4793,13267700.0
2009-06-25,57.2647,58.7951,57.1816,58.6705,12834000.0
2009-06-26,58.4835,58.6497,58.1857,58.3658,7440100.0
2009-06-29,58.5389,59.1068,58.3796,59.0652,7238400.0
2009-06-30,59.0929,59.3076,58.1442,58.6082,12034600.0
2009-07-01,58.8505,59.4392,58.8159,58.899,8365500.0
2009-07-02,58.1719,58.1996,57.4447,57.4863,13181000.0
2009-07-06,56.9184,57.694,56.8422,57.6732,11252000.0
2009-07-07,57.6109,57.6109,56.4683,56.7383,14417300.0
2009-07-08,56.7314,56.9807,56.0666,56.6968,17063900.0
2009-07-09,56.9807,57.0708,56.4613,56.6552,10805400.0
2009-07-10,56.3782,56.7453,56.1081,56.4406,10583600.0
2009-07-13,56.5791,57.7494,56.3644,57.701,10561800.0
2009-07-14,57.8533,58.0126,57.4309,57.8949,9316400.0
2009-07-15,58.5805,59.8062,58.5458,59.737,10981800.0
2009-07-16,59.632,60.596,59.5765,60.4087,11082800.0
2009-07-17,60.4893,60.7112,60.1425,60.6488,8682000.0
2009-07-20,60.9748,61.4048,60.7112,61.3077,10468300.0
2009-07-21,61.8001,61.9734,61.0996,61.9526,12288600.0
2009-07-22,61.5573,62.0913,61.4672,61.6059,10805900.0
2009-07-23,61.6544,63.1108,61.6128,62.8542,15096400.0
2009-07-24,62.6947,63.1316,62.4658,63.0831,9274000.0
2009-07-27,62.8473,63.2149,62.7086,63.201,4302200.0
2009-07-28,62.8334,63.305,62.4728,63.097,11368100.0
2009-07-29,62.8889,63.0762,62.5283,62.9236,8556200.0
2009-07-30,63.5131,64.1372,63.2981,63.416,11051900.0
2009-07-31,63.4507,63.95,63.3605,63.5686,8559700.0
2009-08-03,64.1303,64.4979,63.7835,64.4216,9178100.0
2009-08-04,64.2413,64.7406,64.1789,64.7059,12285600.0
2009-08-05,64.595,64.6505,63.8876,64.38,10788900.0
2009-08-06,64.6643,64.7406,63.9361,64.2482,10082200.0
2009-08-07,64.8516,65.5382,64.5742,65.0527,11083800.0
2009-08-10,64.8585,65.0596,64.4979,64.8308,8368400.0
2009-08-11,64.6366,64.6574,64.0124,64.2551,8997800.0
2009-08-12,64.1719,65.4827,64.1719,65.0319,13002000.0
2009-08-13,65.3093,65.3717,64.6158,65.3162,9726000.0
2009-08-14,65.2399,65.2746,64.1511,64.7684,10254200.0
2009-08-17,63.7142,63.7905,63.3882,63.5269,10951000.0
2009-08-18,63.7211,64.2135,63.631,64.1719,8283100.0
2009-08-19,63.5894,64.81,63.5061,64.5811,12664900.0
2009-08-20,64.6003,65.1571,64.4472,65.0458,7860300.0
2009-08-21,65.4068,66.2628,65.3511,66.1445,11242600.0
2009-08-24,66.4159,66.75,66.0401,66.2141,9044500.0
2009-08-25,66.4298,67.3833,66.3115,66.402,14042300.0
2009-08-26,66.2976,66.7082,66.0262,66.4437,11147300.0
2009-08-27,66.4646,66.8961,65.8383,66.6804,12473200.0
2009-08-28,67.084,67.1258,66.1236,66.4925,10412500.0
2009-08-31,65.9218,66.1793,65.706,66.1654,9050000.0
2009-09-01,65.8313,66.576,64.7108,64.8569,17507200.0
2009-09-02,64.6899,65.017,64.5229,64.6273,9573800.0
2009-09-03,64.9196,65.1493,64.4672,65.0657,6935400.0
2009-09-04,65.1214,65.8174,64.9335,65.7617,6885200.0
2009-09-08,66.2489,66.2698,65.8522,66.1793,10327400.0
2009-09-09,66.2002,66.75,66.0262,66.4925,11041500.0
2009-09-10,66.5342,67.1328,66.2489,67.0353,7763800.0
2009-09-11,67.0562,67.2511,66.7152,66.9588,7780600.0
2009-09-14,66.4298,67.1258,66.395,67.0701,8179000.0
2009-09-15,67.1536,67.7243,66.7848,67.3694,11390800.0
2009-09-16,67.7313,68.3089,67.4668,68.2533,9226000.0
2009-09-17,68.1835,68.7064,67.9535,68.2533,11627200.0
2009-09-18,68.5707,68.6474,68.2709,68.3894,9317800.0
2009-09-21,67.999,68.3546,67.7898,68.1524,7483700.0
2009-09-22,68.5428,68.6195,68.1105,68.5568,7380800.0
2009-09-23,68.5777,69.1354,67.9083,67.9781,12699500.0
2009-09-24,68.1524,68.3406,67.3645,67.6643,12124900.0
2009-09-25,67.5458,67.8735,67.1972,67.4064,9208600.0
2009-09-28,67.6364,68.494,67.5946,68.243,5966200.0
2009-09-29,68.2918,68.5777,67.8526,67.8526,7812300.0
2009-09-30,68.0826,68.1803,66.9811,67.6364,14731900.0
2009-10-01,67.5737,67.5876,66.242,66.2629,14375700.0
2009-10-02,65.6982,66.4233,65.6773,66.1444,14490600.0
2009-10-05,66.3187,67.1275,66.0956,66.9462,7997200.0
2009-10-06,67.3366,68.1663,67.3227,67.755,11953100.0
2009-10-07,67.741,67.9641,67.5109,67.8386,9682800.0
2009-10-08,68.2848,68.6404,68.006,68.2639,9366700.0
2009-10-09,68.257,68.8287,68.1105,68.8147,6197800.0
2009-10-12,69.0518,69.2958,68.7171,68.9751,5079200.0
2009-10-13,68.7729,69.0378,68.4801,68.8077,5743400.0
2009-10-14,69.5677,69.9721,69.3237,69.8884,8614400.0
2009-10-15,69.63,70.1883,69.609,70.1603,6048800.0
2009-10-16,69.605,69.933,69.3468,69.7655,11045000.0
2009-10-19,69.8632,70.6029,69.7376,70.4005,7884400.0
2009-10-20,70.4633,73.9038,69.7166,70.1354,9106900.0
2009-10-21,69.912,70.6239,69.3956,69.4096,12117600.0
2009-10-22,69.5422,70.5471,69.2281,70.3377,12540900.0
2009-10-23,70.4773,70.5331,69.3468,69.6468,12812500.0
2009-10-26,69.7166,70.3238,68.7536,68.9211,14305200.0
2009-10-27,69.0537,69.4584,68.6698,69.0188,14157000.0
2009-10-28,68.8234,69.1374,68.1255,68.1744,15384300.0
2009-10-29,68.621,69.605,68.4256,69.4654,11584300.0
2009-10-30,69.3258,69.5352,67.6021,67.7487,25338600.0
2009-11-02,67.979,69.0886,67.5672,68.3069,20285200.0
2009-11-03,67.8743,68.3418,67.7417,68.2721,13423500.0
2009-11-04,68.6629,69.3537,68.3488,68.5093,14195900.0
2009-11-05,69.0048,69.9469,68.956,69.8981,9274000.0
2009-11-06,69.5422,70.2051,69.3886,69.9051,8777500.0
2009-11-09,70.5192,71.4892,70.4215,71.4683,9181800.0
2009-11-10,71.3636,71.9847,71.2868,71.9847,9489200.0
2009-11-11,71.9568,72.3127,71.6288,71.9847,10020300.0
2009-11-12,71.8521,72.1661,71.1124,71.3078,11631000.0
2009-11-13,71.4264,72.0545,71.2519,71.8242,11291500.0
2009-11-16,72.1382,72.9757,72.1243,72.7803,10243600.0
2009-11-17,72.6058,73.1083,72.4802,73.1083,8279400.0
2009-11-18,72.9268,73.0106,72.5151,72.9547,7527100.0
2009-11-19,72.6067,72.6277,71.7875,72.3336,11909300.0
2009-11-20,72.0592,72.4302,71.9191,72.2902,8410200.0
2009-11-23,72.9554,73.5015,72.9063,73.1514,9067100.0
2009-11-24,73.1094,73.2074,72.5283,72.9554,9446100.0
2009-11-25,73.1934,73.4034,72.9554,73.2564,6122400.0
2009-11-27,71.7441,72.7033,71.5761,72.2552,11604400.0
2009-11-30,72.1782,72.6333,71.9121,72.5003,11050700.0
2009-12-01,73.0394,73.6065,73.0044,73.3894,9874500.0
2009-12-02,73.3334,73.6905,73.0394,73.2424,6804100.0
2009-12-03,73.4034,73.6415,72.5283,72.6333,9292800.0
2009-12-04,73.4875,73.7045,72.2552,72.8083,15786200.0
2009-12-07,72.6963,73.1864,72.5983,72.8363,7905200.0
2009-12-08,72.4092,72.4302,71.24,72.1782,10377300.0
2009-12-09,72.0872,72.5073,71.7511,72.4442,8072100.0
2009-12-10,72.8083,73.2494,72.7803,72.9344,7180200.0
2009-12-11,73.1584,73.5435,72.9904,73.4945,8233200.0
2009-12-14,73.7745,73.7815,73.4595,73.6485,9365800.0
2009-12-15,73.4525,73.6205,73.1444,73.3474,6307800.0
2009-12-16,73.5925,73.7325,73.1444,73.2914,5703900.0
2009-12-17,72.8664,72.9226,72.3181,72.3392,6500300.0
2009-12-18,72.7191,72.8456,71.9952,72.5153,7767300.0
2009-12-21,72.7894,73.3728,72.7613,73.0635,5713100.0
2009-12-22,73.2533,73.5274,73.1338,73.4431,6348600.0
2009-12-23,73.5555,73.6047,73.2182,73.415,4699500.0
2009-12-24,73.4993,73.8297,73.4853,73.8086,3394000.0
2009-12-28,73.9632,74.0476,73.7242,74.0124,7985400.0
2009-12-29,74.146,74.2514,73.9281,73.9281,3184100.0
2009-12-30,73.7523,74.0335,73.7172,73.9632,2888200.0
2009-12-31,74.0405,74.0757,73.1198,73.1409,4896400.0
2010-01-04,73.6891,74.413,73.6329,74.2654,6975500.0
2010-01-05,74.2373,74.2725,73.7805,74.1178,6390300.0
2010-01-06,74.153,74.399,74.0546,74.2092,6624200.0
2010-01-07,74.0546,74.5185,73.7664,74.4693,6131300.0
2010-01-08,74.2725,74.5677,74.1108,74.5536,4399500.0
2010-01-11,74.7856,74.9683,74.3779,74.8699,6539900.0
2010-01-12,74.3849,74.7996,74.2092,74.7575,8748200.0
2010-01-13,74.7293,75.2003,74.5325,75.0316,8273100.0
2010-01-14,74.9543,75.3127,74.9121,75.2284,6654700.0
2010-01-15,75.1651,75.1932,74.1811,74.5185,12716700.0
2010-01-19,74.4341,75.4182,74.406,75.3057,9387700.0
2010-01-20,74.8559,74.884,73.8929,74.5044,11487800.0
2010-01-21,74.4763,74.5817,72.8948,72.937,21355800.0
2010-01-22,72.6629,73.0003,71.3766,71.4399,23535300.0
2010-01-25,71.9671,72.0584,71.461,71.6508,13405000.0
2010-01-26,71.454,72.438,71.3274,71.7562,16857900.0
2010-01-27,71.461,72.0514,70.983,71.9249,15627400.0
2010-01-28,72.0795,72.1287,70.6457,71.1025,12907400.0
2010-01-29,71.3837,71.946,70.5754,70.6808,13879600.0
2010-02-01,71.1377,71.9389,71.0393,71.5594,9605000.0
2010-02-02,71.6578,72.4661,71.468,72.206,8715000.0
2010-02-03,72.1287,72.438,71.9319,72.1709,6252800.0
2010-02-04,71.6578,71.7421,70.2942,70.3223,15028000.0
2010-02-05,70.3856,70.5262,69.1345,70.3786,23694100.0
2010-02-08,70.2872,70.5543,69.6687,69.7319,10528300.0
2010-02-09,70.4207,71.3345,70.1747,70.737,18883200.0
2010-02-10,70.6738,70.969,70.1115,70.6246,10908900.0
2010-02-11,70.5824,71.5172,70.1958,71.3766,9578100.0
2010-02-12,70.6597,71.2501,70.2802,71.208,13088500.0
2010-02-16,71.7,72.3747,71.4048,72.3044,8273500.0
2010-02-17,72.5083,72.7051,72.3607,72.6278,8492800.0
2010-02-18,72.5135,73.3098,72.5065,73.2182,8129000.0
2010-02-19,73.0737,73.5599,72.8764,73.2851,8122000.0
2010-02-22,73.5529,73.5529,73.0808,73.1583,5071600.0
2010-02-23,73.0103,73.3838,72.362,72.5734,10637700.0
2010-02-24,72.7073,73.2499,72.5734,73.0808,8570700.0
2010-02-25,72.0519,72.82,71.8194,72.7989,9614400.0
2010-02-26,72.8271,73.0103,72.4254,72.7848,6761800.0
2010-03-01,73.0526,73.426,72.9892,73.3133,5261100.0
2010-03-02,73.5881,73.7361,73.2499,73.2922,5491000.0
2010-03-03,73.5317,73.8277,73.1653,73.3485,5394800.0
2010-03-04,73.4472,73.6868,73.2569,73.6374,5422200.0
2010-03-05,73.9827,74.5324,73.8982,74.5253,6425500.0
2010-03-08,74.4971,74.6663,74.3421,74.4055,5518000.0
2010-03-09,74.2998,74.8565,74.2787,74.4971,7970800.0
2010-03-10,74.5606,74.7931,74.2575,74.5324,7109700.0
2010-03-11,74.4196,74.8988,74.1589,74.8917,6696000.0
2010-03-12,75.1454,75.1736,74.786,74.9904,7499600.0
2010-03-15,74.9058,75.1384,74.6028,75.0961,6546800.0
2010-03-16,75.237,75.4837,74.9834,75.4484,6582000.0
2010-03-17,75.6175,76.0122,75.5612,75.7655,6768500.0
2010-03-18,75.772,76.125,75.7225,76.0897,6659500.0
2010-03-19,76.3556,76.3698,75.4872,75.7838,10391100.0
2010-03-22,75.5084,76.2992,75.4872,76.1015,8309900.0
2010-03-23,76.2709,76.8993,76.1368,76.864,7727800.0
2010-03-24,76.6169,76.8216,76.4051,76.5039,6793000.0
2010-03-25,76.9487,77.3299,76.4757,76.5604,8688700.0
2010-03-26,76.6733,77.0052,76.3415,76.5533,8103200.0
2010-03-29,76.8075,77.0687,76.7228,76.8993,5117100.0
2010-03-30,76.9628,77.224,76.7228,77.0334,5581500.0
2010-03-31,76.8287,76.984,76.4757,76.6663,5862100.0
2010-04-01,77.1252,77.3652,76.7157,77.1534,9721400.0
2010-04-05,77.3723,77.577,77.1322,77.4782,4110000.0
2010-04-06,77.2735,77.57,77.1534,77.457,4250700.0
2010-04-07,77.3441,77.45,76.6169,76.991,10641900.0
2010-04-08,76.7439,77.3582,76.6027,77.217,7706700.0
2010-04-09,77.3229,77.7182,77.2452,77.7041,5747600.0
2010-04-12,77.7606,77.9159,77.6476,77.7888,4195600.0
2010-04-13,77.6618,77.9724,77.3299,77.8594,5393500.0
2010-04-14,78.0854,78.5937,77.9653,78.5725,7058300.0
2010-04-15,78.424,78.8055,78.3957,78.7631,7832800.0
2010-04-16,78.6086,78.7853,77.5134,77.8384,21554000.0
2010-04-19,77.6264,78.3684,77.5417,78.3048,9904400.0
2010-04-20,78.5874,78.7358,78.2765,78.5026,8302000.0
2010-04-21,78.538,78.7853,78.2129,78.545,8594000.0
2010-04-22,78.1564,78.7923,77.8314,78.6793,9543200.0
2010-04-23,78.6439,79.1668,78.4673,79.1244,10287700.0
2010-04-26,79.2163,79.5484,79.1527,79.1951,7807600.0
2010-04-27,78.969,79.2657,77.5346,77.6335,18995400.0
2010-04-28,77.9939,78.3189,77.5063,78.1211,14449300.0
2010-04-29,78.3896,79.1386,78.3754,78.9336,7249300.0
2010-04-30,79.0043,79.1386,77.7536,77.7819,13878900.0
2010-05-03,78.1281,79.0114,78.1281,78.8418,8028400.0
2010-05-04,78.0857,78.1069,76.8068,77.2873,19368700.0
2010-05-05,76.7008,77.4145,76.4888,76.8775,18086800.0
2010-05-06,76.5736,77.1248,70.1224,74.3408,33475200.0
2010-05-07,74.1924,74.8566,72.4542,73.3869,32669600.0
2010-05-10,76.0083,76.6443,75.6056,76.3122,19532400.0
2010-05-11,75.7045,76.9693,75.5915,76.079,15997000.0
2010-05-12,76.3616,77.2661,76.2769,77.2096,12710700.0
2010-05-13,77.0046,77.3438,76.291,76.3404,10844000.0
2010-05-14,75.9448,76.079,74.6305,75.2594,17542900.0
2010-05-17,75.3865,75.5491,73.9522,75.2664,17140800.0
2010-05-18,75.8105,75.966,74.2913,74.468,18846800.0
2010-05-19,74.1783,74.6022,73.1961,74.0299,23378000.0
2010-05-20,72.763,72.9616,71.3657,71.4437,27933200.0
2010-05-21,70.4374,72.3241,70.2318,72.2319,29769100.0
2010-05-24,71.8985,72.3312,71.3027,71.4091,16086600.0
2010-05-25,69.8629,71.3311,69.331,71.2531,24651600.0
2010-05-26,71.5935,72.2035,70.5864,70.6999,17972400.0
2010-05-27,71.9482,72.8631,71.6858,72.856,17861900.0
2010-05-28,72.7638,72.7922,71.6645,71.9695,18850600.0
2010-06-01,71.4091,72.5511,71.09,71.1538,16584000.0
2010-06-02,71.5368,72.8064,71.2176,72.778,13996400.0
2010-06-03,73.0475,73.239,72.2319,72.7922,10487200.0
2010-06-04,71.6148,71.7638,70.2176,70.5296,17856100.0
2010-06-07,70.6928,70.8701,69.6502,69.6856,13174100.0
2010-06-08,69.7636,70.6928,69.2955,70.5296,24313700.0
2010-06-09,70.9056,71.4801,70.0757,70.324,13957300.0
2010-06-10,71.3808,72.3312,71.3524,72.2603,13433700.0
2010-06-11,71.6858,72.5936,71.6503,72.5652,8791400.0
2010-06-14,73.0475,73.4022,72.3737,72.4447,8679100.0
2010-06-15,72.9199,73.9696,72.4163,73.8845,8578300.0
2010-06-16,73.544,74.1044,73.4235,73.9696,8822600.0
2010-06-17,74.1256,74.2037,73.3226,74.1611,7854500.0
2010-06-18,74.2749,74.4952,74.0618,74.2465,6276100.0
2010-06-21,75.1276,75.291,73.8699,74.2181,9602800.0
2010-06-22,74.2536,74.5663,73.0741,73.1451,11406000.0
2010-06-23,73.2446,73.671,72.6691,73.202,12562300.0
2010-06-24,72.8396,72.932,71.9798,72.193,12828500.0
2010-06-25,72.3209,72.4985,71.6459,72.2783,9917300.0
2010-06-28,72.2569,72.5127,71.7951,72.0793,6456300.0
2010-06-29,71.2053,71.2195,69.7273,70.1537,16171200.0
2010-06-30,70.0045,70.4379,69.3436,69.4431,12618400.0
2010-07-01,69.4573,69.635,68.3986,69.166,17599600.0
2010-07-02,69.2939,69.4502,68.3346,68.832,10294300.0
2010-07-06,69.635,70.0755,68.6473,69.2442,9652300.0
2010-07-07,69.3081,71.319,69.2797,71.2693,11449500.0
2010-07-08,71.7027,72.129,71.3403,72.129,8348500.0
2010-07-09,72.0935,72.5696,71.9656,72.5554,6885100.0
2010-07-12,72.3706,72.6904,72.1575,72.6548,6172300.0
2010-07-13,73.3441,74.0262,73.3086,73.6994,8609900.0
2010-07-14,73.5644,73.9623,73.273,73.7278,8094900.0
2010-07-15,73.6994,73.8132,72.8246,73.6852,11061900.0
2010-07-16,73.2602,73.3313,71.7098,71.8521,11624600.0
2010-07-19,72.1223,72.4708,71.66,72.2717,6835900.0
2010-07-20,71.1906,72.8264,71.148,72.7766,8471100.0
2010-07-21,73.0113,73.0398,71.6316,71.9943,10420500.0
2010-07-22,72.7197,73.7581,72.6984,73.4309,9483200.0
2010-07-23,73.3313,74.3199,73.1962,74.1563,10646900.0
2010-07-26,74.2346,74.9102,74.1137,74.8604,8558600.0
2010-07-27,75.2089,75.2729,74.6755,74.9884,9925200.0
2010-07-28,74.8462,75.0667,74.455,74.7395,6326300.0
2010-07-29,75.1307,75.3369,73.9074,74.4408,10787200.0
2010-07-30,73.815,74.768,73.6372,74.455,11256800.0
2010-08-02,75.4365,76.0908,75.3014,75.9059,6557500.0
2010-08-03,75.7281,75.977,75.4294,75.6641,5178500.0
2010-08-04,75.849,76.2046,75.657,76.0694,6613500.0
2010-08-05,75.6925,76.0125,75.5503,76.0125,3473500.0
2010-08-06,75.3298,75.9059,74.896,75.8774,7072100.0
2010-08-09,76.0979,76.361,75.8419,76.1761,3441400.0
2010-08-10,75.6427,76.2259,75.152,75.8561,8126200.0
2010-08-11,74.8106,74.8249,73.9003,74.0568,8822900.0
2010-08-12,73.1464,73.8719,73.0966,73.5731,13638200.0
2010-08-13,73.4025,73.8221,73.3242,73.502,6096200.0
2010-08-16,73.118,73.6727,72.8122,73.4522,5397300.0
2010-08-17,73.9572,74.7608,73.7296,74.199,5211000.0
2010-08-18,74.1634,74.7537,73.7367,74.3697,6067100.0
2010-08-19,74.0239,74.1881,72.9317,73.2958,8538900.0
2010-08-20,73.1344,73.1558,72.4348,72.9131,7986600.0
2010-08-23,73.1986,73.5627,72.599,72.6418,5203800.0
2010-08-24,71.9208,72.2064,71.3212,71.671,9214800.0
2010-08-25,71.3212,72.085,70.9357,71.8209,9205700.0
2010-08-26,72.0707,72.1421,71.1499,71.3355,6974800.0
2010-08-27,71.7638,72.549,70.9571,72.5133,9834300.0
2010-08-30,72.2635,72.4848,71.4997,71.5068,4428400.0
2010-08-31,71.3069,71.9922,71.0428,71.5282,10056000.0
2010-09-01,72.3563,73.4556,72.3349,73.3842,7662600.0
2010-09-02,73.4628,73.734,73.2557,73.7269,3503500.0
2010-09-03,74.3979,74.6906,74.0124,74.6478,5214700.0
2010-09-07,74.3408,74.4479,73.8197,73.9268,4008900.0
2010-09-08,74.0338,74.5264,74.0124,74.2266,5538800.0
2010-09-09,74.9404,74.9547,74.2194,74.4193,3613600.0
2010-09-10,74.5407,74.8262,74.3479,74.7977,2841800.0
2010-09-13,75.4187,75.5686,74.9975,75.4187,4674300.0
2010-09-14,75.2974,75.7185,75.0761,75.2688,4843700.0
2010-09-15,75.0975,75.7114,74.9404,75.6257,4113400.0
2010-09-16,75.4323,75.84,75.2392,75.8042,5207600.0
2010-09-17,76.0695,76.1553,75.5546,75.8192,6363700.0
2010-09-20,76.091,77.035,75.9479,76.8919,5071900.0
2010-09-21,76.9062,77.4569,76.6416,76.9634,7925600.0
2010-09-22,76.9134,77.2638,76.5773,76.8061,5417700.0
2010-09-23,76.2841,76.9634,76.0981,76.2769,7122400.0
2010-09-24,77.0707,77.7072,76.9992,77.6428,5017500.0
2010-09-27,77.6428,77.7572,77.2924,77.3711,3852100.0
2010-09-28,77.4855,77.8574,76.7346,77.6357,7603300.0
2010-09-29,77.4855,77.7429,77.2352,77.4569,6015100.0
2010-09-30,77.886,78.3222,76.8562,77.1708,11090900.0
2010-10-01,77.6285,77.7572,77.1208,77.464,5756300.0
2010-10-04,77.3139,77.6285,76.5701,76.9277,5376500.0
2010-10-05,77.5212,78.4366,77.4283,78.2149,6218400.0
2010-10-06,78.265,78.5439,78.1434,78.4938,4985800.0
2010-10-07,78.7155,78.7441,77.9575,78.3937,5009300.0
2010-10-08,78.4366,78.9587,78.2221,78.7799,4422500.0
2010-10-11,78.8729,78.9515,78.5797,78.8514,3384100.0
2010-10-12,78.6154,79.116,78.1005,78.8514,5067400.0
2010-10-13,79.259,79.8383,79.1375,79.4235,6595100.0
2010-10-14,79.402,79.5452,78.8867,79.4307,8542900.0
2010-10-15,79.7621,79.7835,78.8101,79.2181,8847700.0
2010-10-18,79.2253,79.8694,79.1251,79.4543,3984600.0
2010-10-19,78.939,79.2181,78.1373,78.6169,8539000.0
2010-10-20,78.7887,79.8623,78.7171,79.5116,6182700.0
2010-10-21,79.8623,80.3132,79.2324,79.8336,6576100.0
2010-10-22,79.8694,79.9338,79.5545,79.712,3410800.0
2010-10-25,80.0841,80.5565,79.9195,79.9553,5837900.0
2010-10-26,79.5903,80.0985,79.397,79.9911,5039700.0
2010-10-27,79.533,79.7764,78.9175,79.669,7284900.0
2010-10-28,79.9983,80.0627,79.1465,79.533,5477800.0
2010-10-29,79.4615,79.7191,79.3111,79.6547,5008000.0
2010-11-01,79.9338,80.5279,79.2109,79.6762,8240200.0
2010-11-02,80.17,80.3633,80.0555,80.077,3923400.0
2010-11-03,80.213,80.4277,79.4901,80.3776,9820000.0
2010-11-04,81.1005,81.9665,81.0504,81.9021,8369500.0
2010-11-05,81.8878,82.0453,81.6301,81.9809,5967200.0
2010-11-08,81.7017,81.8449,81.4369,81.7518,3950300.0
2010-11-09,81.8663,81.8878,81.0432,81.3725,5663300.0
2010-11-10,81.3224,81.5156,80.7068,81.4011,7382700.0
2010-11-11,80.8142,81.0647,80.5422,80.9359,4416100.0
2010-11-12,80.485,80.8715,79.9124,80.2774,8476600.0
2010-11-15,80.3919,80.9001,80.2917,80.3275,6425000.0
2010-11-16,79.8694,79.9768,78.7815,79.1036,9335700.0
2010-11-17,79.1895,79.2968,78.9175,79.0463,5424800.0
2010-11-18,79.703,80.4282,79.6958,80.2702,5864300.0
2010-11-19,80.1774,80.4646,79.8327,80.4287,4005700.0
2010-11-22,80.0769,80.321,79.3732,80.2923,6636200.0
2010-11-23,79.5383,79.5671,78.9136,79.2655,6345800.0
2010-11-24,79.7035,80.3928,79.7035,80.3138,4124900.0
2010-11-26,79.6604,79.9548,79.4665,79.646,2141700.0
2010-11-29,79.1721,79.603,78.5546,79.4522,5778800.0
2010-11-30,78.7485,79.5311,78.6695,79.1219,6739800.0
2010-12-01,80.1918,81.0678,80.1271,80.9026,6411100.0
2010-12-02,80.9744,81.7643,80.9601,81.6709,5801100.0
2010-12-03,81.3837,81.872,81.3622,81.8145,3934600.0
2010-12-06,81.6853,81.8935,81.592,81.6709,4887700.0
2010-12-07,82.31,82.3674,81.6207,81.6638,7004600.0
2010-12-08,81.6422,81.9151,81.4627,81.7786,5341400.0
2010-12-09,82.1161,82.1377,81.5058,81.8002,5108900.0
2010-12-10,81.9366,82.1018,81.6925,82.0659,5750400.0
2010-12-13,82.3387,82.5972,82.1664,82.2382,3942700.0
2010-12-14,82.2956,82.8485,82.2813,82.5829,5012600.0
2010-12-15,82.5111,82.8916,82.3459,82.4967,5003600.0
2010-12-16,82.5681,82.856,82.1579,82.748,7597200.0
2010-12-17,82.7144,82.7576,82.3905,82.7288,4449400.0
2010-12-20,82.8655,82.8727,82.3186,82.5849,6136800.0
2010-12-21,82.8439,83.0958,82.7576,82.9879,3124500.0
2010-12-22,83.0167,83.2398,82.9447,83.1822,2840700.0
2010-12-23,83.1318,83.3333,83.0527,83.2974,3523600.0
2010-12-27,83.0239,83.2254,82.8727,83.1534,2498100.0
2010-12-28,83.3189,83.3982,83.0088,83.3333,4291700.0
2010-12-29,83.4543,83.649,83.3894,83.411,5295600.0
2010-12-30,83.3245,83.4543,83.1297,83.2668,6223300.0
2010-12-31,83.173,83.4687,82.9711,83.375,3067900.0
2011-01-03,83.9447,84.2837,83.9231,83.9592,7865700.0
2011-01-04,84.1755,84.19,83.7428,84.125,8143300.0
2011-01-05,83.9952,84.5217,83.8798,84.4135,6962100.0
2011-01-06,84.4857,84.5217,84.0241,84.2116,4836500.0
2011-01-07,84.3198,84.4568,83.5336,84.0746,8110000.0
2011-01-10,83.7716,83.9087,83.3461,83.8077,5248300.0
2011-01-11,84.1178,84.2837,83.7861,84.0601,4266300.0
2011-01-12,84.4929,84.8535,84.3919,84.6876,5015000.0
2011-01-13,84.6515,84.6588,84.2549,84.5289,4940100.0
2011-01-14,84.2981,84.94,84.2404,84.8968,5179500.0
2011-01-18,84.9256,85.4161,84.9184,85.2934,4334500.0
2011-01-19,85.3584,85.4593,85.0049,85.2141,8813800.0
2011-01-20,84.9903,85.3513,84.622,85.2141,9814800.0
2011-01-21,85.7224,85.7874,85.383,85.5419,6822400.0
2011-01-24,85.4697,86.3506,85.4552,86.3362,11804600.0
2011-01-25,86.1485,86.3579,85.7224,86.2857,9443300.0
2011-01-26,86.329,86.6106,86.1773,86.3723,7973100.0
2011-01-27,86.3795,86.6034,86.2568,86.394,7142400.0
2011-01-28,86.4012,86.5528,85.0364,85.2241,14752700.0
2011-01-31,85.3902,85.6791,85.123,85.643,8609900.0
2011-02-01,86.0474,86.82,85.9896,86.7189,7174600.0
2011-02-02,86.5745,86.885,86.5745,86.7261,3878200.0
2011-02-03,86.6756,87.0655,86.3362,86.9211,5199300.0
2011-02-04,86.9283,87.1522,86.6684,87.1522,4364000.0
2011-02-07,87.2822,87.8454,87.2677,87.6288,5759100.0
2011-02-08,87.701,88.257,87.6143,88.1993,5542400.0
2011-02-09,88.1776,88.387,87.9176,88.3004,6795500.0
2011-02-10,87.9321,88.2787,87.6866,88.2209,6565900.0
2011-02-11,87.9682,88.647,87.8888,88.5675,6611200.0
2011-02-14,88.452,88.6109,88.3148,88.5387,3905100.0
2011-02-15,88.3437,88.3653,88.0115,88.2426,4245300.0
2011-02-16,88.452,88.8636,88.3653,88.7481,5484100.0
2011-02-17,88.5666,89.0661,88.5087,88.9358,4628500.0
2011-02-18,89.0154,89.5004,88.9069,89.4715,6031900.0
2011-02-22,88.9431,89.2399,87.9441,88.2337,9286600.0
2011-02-23,88.0672,88.1468,87.1261,87.4808,10989600.0
2011-02-24,87.4229,87.6184,86.547,87.1768,11274000.0
2011-02-25,87.546,87.8283,87.4012,87.698,5329500.0
2011-02-28,87.9513,88.4436,87.9079,88.4219,4692700.0
2011-03-01,88.6028,88.6607,87.1334,87.1334,9161100.0
2011-03-02,87.0465,87.5749,86.8655,87.1913,7290700.0
2011-03-03,87.8934,88.791,87.8862,88.5739,6919800.0
2011-03-04,88.6246,88.6969,87.2999,87.9441,10006400.0
2011-03-07,88.1468,88.5015,87.0175,87.3795,8070300.0
2011-03-08,87.4953,88.5956,87.2854,88.306,7738000.0
2011-03-09,88.2192,88.6463,87.9152,88.3205,7586100.0
2011-03-10,87.5532,87.5749,86.5905,86.6701,13596600.0
2011-03-11,86.3226,87.4736,86.3009,87.1696,9236900.0
2011-03-14,86.6918,86.9452,86.0837,86.7569,7787800.0
2011-03-15,84.7663,86.2358,84.636,85.729,12669500.0
2011-03-16,85.4033,85.5698,83.6153,84.0858,14539700.0
2011-03-17,85.0193,85.4037,84.6277,85.1934,7368000.0
2011-03-18,86.1913,86.3146,85.5821,85.7997,9975700.0
2011-03-21,86.699,87.4098,86.699,87.0834,6852000.0
2011-03-22,87.1342,87.2067,86.8658,86.9746,5216000.0
2011-03-23,86.8078,87.6927,86.6265,87.4896,6234400.0
2011-03-24,87.9392,88.2294,87.5549,88.0916,4524800.0
2011-03-25,88.2729,88.7225,88.1931,88.4542,3860200.0
2011-03-28,88.563,88.8168,88.2656,88.3091,2480200.0
2011-03-29,88.3019,88.9184,88.1133,88.8531,3867700.0
2011-03-30,89.223,89.6291,89.165,89.3608,3785400.0
2011-03-31,89.339,89.6146,89.1722,89.223,4009800.0
2011-04-01,89.6364,89.8975,89.31,89.5421,4030000.0
2011-04-04,89.6726,89.8177,89.5348,89.7597,4022600.0
2011-04-05,89.5856,90.0353,89.397,89.6799,7225000.0
2011-04-06,90.0861,90.1948,89.7887,90.057,4064400.0
2011-04-07,89.9628,90.1151,89.2883,89.8685,6430400.0
2011-04-08,90.1441,90.1876,89.2447,89.6872,5963400.0
2011-04-11,89.7742,90.1368,89.4696,89.6726,4094800.0
2011-04-12,89.1504,89.281,88.6065,88.8168,4880400.0
2011-04-13,89.339,89.3608,88.5412,88.8821,4061200.0
2011-04-14,88.4609,89.1288,88.0907,89.0272,4174700.0
2011-04-15,89.203,89.5951,88.8909,89.4208,5183800.0
2011-04-18,88.4408,88.4771,87.5842,88.3755,9066600.0
2011-04-19,88.5352,88.9199,88.3682,88.7965,4379900.0
2011-04-20,89.9653,90.4008,89.8419,90.2557,5919600.0
2011-04-21,90.4734,90.6041,90.154,90.5896,3878900.0
2011-04-25,90.4952,90.5315,90.1685,90.4008,3115800.0
2011-04-26,90.5896,91.3809,90.488,91.272,4159200.0
2011-04-27,91.3809,92.0995,91.2284,91.9979,5175100.0
2011-04-28,91.8745,92.5859,91.86,92.448,11092500.0
2011-04-29,92.6004,93.007,92.5859,92.9489,8699200.0
2011-05-02,93.3554,93.3772,92.644,92.8037,9558600.0
2011-05-03,92.7456,93.0505,92.3899,92.7892,6985100.0
2011-05-04,92.6803,92.7456,91.8382,92.1721,7728400.0
2011-05-05,91.8818,92.0778,90.742,91.1921,10163300.0
2011-05-06,91.9979,92.5133,91.3446,91.664,9063100.0
2011-05-09,91.6277,92.2447,91.497,91.9834,5176100.0
2011-05-10,92.1649,92.6803,92.056,92.5061,3933000.0
2011-05-11,92.3391,92.3754,91.2792,91.693,6805800.0
2011-05-12,91.4389,92.3101,91.0106,92.1866,6510600.0
2011-05-13,92.1794,92.281,91.0397,91.4389,6594200.0
2011-05-16,91.1558,91.7729,90.9526,91.0832,4119500.0
2011-05-17,90.6912,90.9308,89.9072,90.6041,15382600.0
2011-05-18,90.6622,91.3591,90.4226,91.2574,4218400.0
2011-05-19,91.5477,91.8171,91.0742,91.5986,4484900.0
2011-05-20,91.4125,91.5218,90.7279,90.91,6583700.0
2011-05-23,89.7447,90.2254,89.6063,89.9632,5485900.0
2011-05-24,90.1671,90.2836,89.7374,89.7592,3983300.0
2011-05-25,89.4606,90.4075,89.4388,90.0433,3858300.0
2011-05-26,89.8831,90.4366,89.5262,90.1671,5960900.0
2011-05-27,90.4439,90.7862,90.2982,90.4803,4106900.0
2011-05-31,91.2742,91.4417,90.7498,91.4053,5044500.0
2011-06-01,91.1285,91.1722,89.3077,89.3659,7874800.0
2011-06-02,89.4096,89.4898,88.6522,89.0455,8465500.0
2011-06-03,88.0404,88.8561,88.0113,88.3536,5544400.0
2011-06-06,88.2006,88.3754,87.7709,87.9311,4315300.0
2011-06-07,88.3317,88.5648,87.7418,87.7563,3607900.0
2011-06-08,87.6981,88.004,87.4577,87.6398,6704800.0
2011-06-09,87.8292,88.623,87.7126,88.2298,3896100.0
2011-06-10,87.8729,87.9384,86.8241,86.9406,7246200.0
2011-06-13,87.2028,87.4286,86.7367,87.0062,5114300.0
2011-06-14,87.5815,88.2298,87.5524,87.8874,4584600.0
2011-06-15,87.1445,87.4432,86.3434,86.5692,8978700.0
2011-06-16,86.5537,87.2906,86.4442,87.079,7135600.0
2011-06-17,87.7415,87.8948,87.136,87.4059,6882400.0
2011-06-20,87.0776,88.0917,87.0703,87.9531,5138100.0
2011-06-21,88.2669,88.9454,88.0917,88.7119,4546600.0
2011-06-22,88.3909,88.8724,88.1282,88.1428,4364700.0
2011-06-23,87.2892,87.7999,86.4502,87.7853,8546400.0
2011-06-24,87.7197,87.778,86.815,86.9682,5307000.0
2011-06-27,87.0192,88.0845,86.8806,87.6978,4245200.0
2011-06-28,88.0042,88.7557,87.9093,88.7265,3652000.0
2011-06-29,89.011,89.4561,88.6389,89.3394,5254500.0
2011-06-30,89.6677,90.4848,89.5655,90.3462,4315200.0
2011-07-01,90.4848,91.7251,90.3243,91.6303,7220000.0
2011-07-05,91.5938,91.7908,91.3166,91.5282,4150700.0
2011-07-06,91.4771,92.1191,91.3676,91.9951,4022000.0
2011-07-07,92.5277,92.929,92.3672,92.732,3557100.0
2011-07-08,91.944,92.2359,91.5646,92.214,5335300.0
2011-07-11,91.3239,91.5428,90.8642,91.1634,5613500.0
2011-07-12,91.0904,91.5938,90.6964,90.7037,6480600.0
2011-07-13,91.1561,91.8857,90.8277,91.0539,6096400.0
2011-07-14,91.1346,91.6896,90.4482,90.6235,6128400.0
2011-07-15,91.0704,91.1142,90.3912,90.9608,6858300.0
2011-07-18,90.4643,90.5665,89.6172,90.2744,5618400.0
2011-07-19,90.8513,91.881,90.7856,91.7203,5461500.0
2011-07-20,91.8517,91.8883,91.472,91.6181,3060600.0
2011-07-21,92.0343,92.9617,91.8152,92.7646,6004600.0
2011-07-22,92.6477,92.7573,92.1731,92.4287,4210100.0
2011-07-25,91.5377,92.2607,91.3771,91.8371,5000100.0
2011-07-26,91.545,91.6692,91.0412,91.158,5284900.0
2011-07-27,90.8221,90.8367,89.5953,89.7048,7302800.0
2011-07-28,89.6902,90.3036,89.1425,89.2958,7198500.0
2011-07-29,88.4195,89.2593,88.0982,88.6021,10061600.0
2011-08-01,89.6318,89.7924,87.4629,88.4414,10227700.0
2011-08-02,87.8572,88.3611,86.4844,86.5063,9049500.0
2011-08-03,86.6158,86.8203,85.3159,86.7546,15745200.0
2011-08-04,85.6738,85.8563,82.928,83.0595,18588300.0
2011-08-05,84.0745,84.3885,81.2484,83.4173,28351700.0
2011-08-08,81.263,82.541,78.8824,78.8824,29450500.0
2011-08-09,80.08,82.0371,77.3634,81.9422,29843400.0
2011-08-10,80.4889,80.8176,78.0426,78.2763,23229600.0
2011-08-11,79.0138,82.3876,78.7436,81.2411,16672300.0
2011-08-12,82.1466,82.8769,81.4821,82.373,11552300.0
2011-08-15,83.0668,83.8919,82.8404,83.8554,10249100.0
2011-08-16,83.2055,83.9139,82.4972,83.3077,8660300.0
2011-08-17,83.7532,84.3155,82.7966,83.4392,8151900.0
2011-08-18,81.5003,81.5737,79.6018,80.5401,16629900.0
2011-08-19,79.3811,81.0964,78.9999,79.1026,14882400.0
2011-08-22,80.7666,80.8545,79.1759,79.3811,10719700.0
2011-08-23,79.7916,81.7122,79.4838,81.6462,12125300.0
2011-08-24,81.5509,82.8851,81.3017,82.7971,9004800.0
2011-08-25,83.1196,83.4055,81.2284,81.5876,10122200.0
2011-08-26,81.1624,82.8851,79.9676,82.6138,12844100.0
2011-08-29,83.5448,84.4464,83.5082,84.4245,6749800.0
2011-08-30,84.1752,85.1502,83.6621,84.5857,10105200.0
2011-08-31,85.1502,85.7439,84.3878,84.9816,8156300.0
2011-09-01,85.1062,85.7879,84.0946,84.2045,7553700.0
2011-09-02,82.6432,83.039,82.0641,82.2986,9072000.0
2011-09-06,80.1948,81.7049,80.0335,81.5216,10381800.0
2011-09-07,82.6432,83.5815,82.3939,83.5228,6693400.0
2011-09-08,83.1123,84.0653,82.6358,82.7091,7332100.0
2011-09-09,81.8515,81.8808,80.0629,80.5027,10781400.0
2011-09-12,79.4398,81.0305,79.2785,81.0305,9648300.0
2011-09-13,81.1258,81.6389,80.5027,81.3017,10328300.0
2011-09-14,81.7269,83.4422,80.5393,82.3939,14356100.0
2011-09-15,83.1624,83.8087,82.7071,83.8087,8860300.0
2011-09-16,84.1683,84.5502,83.5808,84.3519,11295600.0
2011-09-19,83.0594,83.8819,82.4645,83.5147,9149100.0
2011-09-20,83.9113,84.6457,83.3385,83.6322,7797500.0
2011-09-21,83.6763,83.8893,81.4437,81.4437,13639200.0
2011-09-22,79.2553,79.6078,77.6396,78.6384,18652100.0
2011-09-23,78.1684,79.2185,77.9407,78.9101,9167500.0
2011-09-26,79.5931,81.0251,78.9321,80.959,10959100.0
2011-09-27,82.5527,83.3164,81.5833,82.0386,11501400.0
2011-09-28,82.325,82.9566,80.5919,80.7534,10524400.0
2011-09-29,82.1488,82.6188,80.3642,81.7963,10767400.0
2011-09-30,80.6653,81.6347,79.9529,79.9823,9629200.0
2011-10-03,79.4829,80.4964,78.0656,78.0949,12599700.0
2011-10-04,77.1696,79.3801,76.259,79.1304,16993400.0
2011-10-05,79.2039,80.3495,78.7706,80.254,9606600.0
2011-10-06,80.2761,81.6714,79.6592,81.5833,8225400.0
2011-10-07,82.1561,82.4058,81.0619,81.5319,9717300.0
2011-10-10,82.6922,83.8893,82.6849,83.8746,6767900.0
2011-10-11,83.4413,83.9774,83.3752,83.7277,6590100.0
2011-10-12,84.2858,85.2773,84.0215,84.4474,7623700.0
2011-10-13,84.1096,84.4621,83.456,84.205,5372800.0
2011-10-14,85.0643,85.4462,84.5722,85.4388,5019200.0
2011-10-17,85.0716,85.101,83.456,83.6469,7887600.0
2011-10-18,83.3825,85.4976,82.8611,84.8293,11250300.0
2011-10-19,84.7999,85.3727,84.1463,84.418,10274500.0
2011-10-20,84.5058,85.0207,83.6011,84.7044,7734500.0
2011-10-21,85.657,86.7089,85.6423,86.6647,11552100.0
2011-10-24,86.9222,87.6504,86.8045,87.4444,8086700.0
2011-10-25,86.9516,87.0619,85.7453,85.9071,9111700.0
2011-10-26,87.0766,87.2826,85.8262,87.1355,9463400.0
2011-10-27,89.0333,90.166,88.5993,89.6585,11034100.0
2011-10-28,89.3422,89.9159,89.2686,89.7688,6400800.0
2011-10-31,88.8273,88.945,87.746,87.7607,10538800.0
2011-11-01,85.988,86.5544,85.3481,85.5981,13609800.0
2011-11-02,86.65,87.1796,86.1866,86.8928,6682700.0
2011-11-03,87.6872,88.5698,86.9148,88.408,8172300.0
2011-11-04,87.8269,88.0329,86.9737,87.974,5284400.0
2011-11-07,87.9152,88.636,87.2017,88.5993,6794300.0
2011-11-08,89.0112,89.5555,88.1947,89.4452,6192400.0
2011-11-09,87.7607,88.0255,86.2381,86.5765,11002000.0
2011-11-10,87.5033,87.9373,86.7089,87.5621,9748100.0
2011-11-11,88.408,89.5261,88.408,89.3937,6911000.0
2011-11-14,89.2171,89.4231,88.4007,88.7905,7169400.0
2011-11-15,88.5478,89.4305,88.2168,88.9082,6112100.0
2011-11-16,88.1726,89.1068,87.4665,87.6063,6806500.0
2011-11-17,87.579,87.9108,85.9052,86.6721,10731100.0
2011-11-18,86.9781,87.2288,86.4841,86.8306,7085200.0
2011-11-21,85.6214,85.7688,84.2646,84.9135,9893100.0
2011-11-22,84.7808,85.1863,84.154,84.6038,7543400.0
2011-11-23,83.8738,83.9771,82.8268,82.8268,7557200.0
2011-11-25,82.7899,83.66,82.6867,82.6867,2952100.0
2011-11-28,84.6333,85.1494,84.2867,84.8693,6211100.0
2011-11-29,85.0315,85.6656,84.8766,85.2084,5141500.0
2011-11-30,87.3173,88.7698,87.3099,88.6298,9838800.0
2011-12-01,88.497,88.8878,88.2316,88.5781,5189700.0
2011-12-02,89.3819,89.5146,88.4823,88.5855,5124400.0
2011-12-05,89.7874,89.8464,88.6371,89.1828,6064000.0
2011-12-06,89.1901,90.0233,88.9837,89.5072,6865700.0
2011-12-07,89.2712,90.3773,88.9099,89.9717,8729300.0
2011-12-08,89.5883,89.8169,88.2168,88.438,8323800.0
2011-12-09,88.8288,90.0381,88.7846,89.8243,7106800.0
2011-12-12,89.1533,89.1901,88.0251,88.6592,6072300.0
2011-12-13,89.1533,89.5809,87.7818,88.121,7289500.0
2011-12-14,87.8039,88.1062,86.9412,87.2435,9647400.0
2011-12-15,88.1743,88.3,87.4347,87.6048,5028200.0
2011-12-16,88.0896,88.3041,87.1873,87.4092,7277500.0
2011-12-19,87.7494,87.9935,86.5661,86.7954,5343400.0
2011-12-20,88.0674,89.3986,88.06,89.2507,7386400.0
2011-12-21,89.3395,89.3913,88.5186,89.3469,6300500.0
2011-12-22,89.5909,89.8942,89.4208,89.8794,3994700.0
2011-12-23,90.0051,90.7299,89.8572,90.6929,2106400.0
2011-12-27,90.582,90.9665,90.5228,90.7225,3712100.0
2011-12-28,90.7151,90.7594,89.5835,89.6871,3591600.0
2011-12-29,89.872,90.7299,89.8276,90.6189,4595200.0
2011-12-30,90.5006,90.6929,90.1086,90.116,3918300.0
2012-01-03,91.6543,92.0981,91.4177,91.4325,6516900.0
2012-01-04,91.2624,91.7431,91.0479,91.6469,5520700.0
2012-01-05,91.3067,91.7874,90.6633,91.6765,5459400.0
2012-01-06,91.7505,91.7653,91.0701,91.3585,3526900.0
2012-01-09,91.4768,91.6395,91.0701,91.4546,4582200.0
2012-01-10,92.3569,92.4457,91.9058,92.0093,5033700.0
2012-01-11,91.7357,92.0389,91.5582,91.9206,4647800.0
2012-01-12,92.0611,92.2016,91.4546,92.0907,5258500.0
2012-01-13,91.499,91.7579,90.9074,91.7431,6175300.0
2012-01-17,92.4752,92.8672,92.0463,92.172,5116000.0
2012-01-18,92.0981,92.9855,92.0093,92.9042,6282800.0
2012-01-19,93.111,93.3184,92.8296,93.3109,7765200.0
2012-01-20,93.338,94.0193,93.2713,94.0193,6271600.0
2012-01-23,93.9452,94.3155,93.5898,93.9082,4916500.0
2012-01-24,93.3898,93.7157,93.2121,93.6268,4620700.0
2012-01-25,93.338,94.434,92.9159,94.2044,8535900.0
2012-01-26,94.6784,94.8857,93.7971,94.0933,5491900.0
2012-01-27,93.6564,93.8712,93.3158,93.6046,5844600.0
2012-01-30,92.8566,93.5379,92.5678,93.4787,5650700.0
2012-01-31,93.96,93.9897,92.8492,93.338,5760900.0
2012-02-01,94.1007,94.4858,93.8786,93.9748,8953500.0
2012-02-02,94.0563,94.1674,93.6638,93.9304,4349600.0
2012-02-03,94.8339,95.1523,94.6635,95.0634,6858000.0
2012-02-06,94.6635,94.9301,94.5525,94.8783,3649400.0
2012-02-07,94.7672,95.3523,94.4562,95.1671,5530000.0
2012-02-08,95.2486,95.3819,94.8117,95.3152,4670300.0
2012-02-09,95.5152,95.6188,95.019,95.3523,5208000.0
2012-02-10,94.6265,94.7228,94.2711,94.7228,5761000.0
2012-02-13,95.293,95.3597,94.8487,95.2264,4173600.0
2012-02-14,95.0708,95.3004,94.6265,95.2782,5300000.0
2012-02-15,95.53,95.5596,94.471,94.6858,9404200.0
2012-02-16,94.7726,95.6635,94.7503,95.5818,7568800.0
2012-02-17,96.0061,96.0655,95.672,95.9467,5462600.0
2012-02-21,96.2363,96.3328,95.7463,96.0358,5880600.0
2012-02-22,95.9467,96.1472,95.6646,95.8799,5833600.0
2012-02-23,95.7685,96.2883,95.4419,96.1992,10166400.0
2012-02-24,96.3477,96.4442,95.9616,96.2363,3597900.0
2012-02-27,95.724,96.5481,95.4567,96.266,5422700.0
2012-02-28,96.2511,96.5407,96.0284,96.4145,4749200.0
2012-02-29,96.5333,96.7931,95.8428,95.9913,7307700.0
2012-03-01,96.2214,96.6372,95.9467,96.2214,6359700.0
2012-03-02,96.1769,96.3625,95.8354,96.1843,3717100.0
2012-03-05,96.0878,96.214,95.5087,96.0878,5159100.0
2012-03-06,94.9964,95.1226,94.4247,94.5955,9979000.0
2012-03-07,94.7662,95.3676,94.6326,95.2043,5210300.0
2012-03-08,95.6423,95.9764,95.4419,95.7166,3970000.0
2012-03-09,95.9393,96.214,95.7314,95.8873,5254200.0
2012-03-12,95.9022,96.2734,95.8502,96.1175,4855300.0
2012-03-13,96.5555,97.8326,96.4071,97.7657,8106900.0
2012-03-14,97.8474,98.1295,97.7212,97.9142,4836000.0
2012-03-15,98.0102,98.3672,97.7573,98.3077,5537500.0
2012-03-16,98.5866,98.6461,98.2072,98.2295,4779100.0
2012-03-19,98.1254,98.4899,98.0287,98.237,4275600.0
2012-03-20,97.7014,97.9692,97.389,97.7311,4972500.0
2012-03-21,97.8427,97.9022,97.3071,97.441,4331400.0
2012-03-22,96.8831,97.1137,96.6004,96.831,6200300.0
2012-03-23,96.8682,97.2327,96.4889,97.136,4120600.0
2012-03-26,97.7386,98.2965,97.7014,98.2593,4670700.0
2012-03-27,98.3486,98.4527,97.932,97.9469,3616000.0
2012-03-28,97.9915,98.0882,97.0096,97.4336,4934000.0
2012-03-29,96.9054,97.627,96.7343,97.5377,4387000.0
2012-03-30,97.9692,98.17,97.5824,98.0361,4032800.0
2012-04-02,97.865,98.6982,97.6196,98.4155,8473600.0
2012-04-03,98.2965,98.4899,97.4857,97.9469,5646400.0
2012-04-04,97.1807,97.2774,96.6674,97.0616,8263600.0
2012-04-05,96.779,97.2327,96.6525,96.9947,3634000.0
2012-04-09,95.9309,96.3996,95.8417,96.05,4874600.0
2012-04-10,95.8714,96.0128,94.4134,94.4506,10819200.0
2012-04-11,95.3433,95.4325,95.0234,95.1052,5386000.0
2012-04-12,95.3061,96.4963,95.2466,96.4517,6674100.0
2012-04-13,96.1987,96.2285,95.4177,95.5144,7748500.0
2012-04-16,96.1318,96.4814,95.7227,96.0053,7211900.0
2012-04-17,96.5781,97.5452,96.5632,97.4038,5846100.0
2012-04-18,96.9054,97.2997,96.7641,96.8162,4642300.0
2012-04-19,96.8763,97.204,95.8262,96.3624,8582500.0
2012-04-20,96.7936,97.2107,96.7415,96.801,5352100.0
2012-04-23,95.8776,96.1308,95.4456,96.0861,4979600.0
2012-04-24,96.2872,96.9872,96.2648,96.6074,4231700.0
2012-04-25,97.166,97.4341,96.8979,97.2926,5908000.0
2012-04-26,97.233,98.3278,97.1809,98.1639,4311000.0
2012-04-27,98.3724,98.6108,98.0522,98.3054,3316700.0
2012-04-30,98.1863,98.3203,97.9256,98.1565,3368800.0
2012-05-01,98.1937,99.1544,97.8586,98.7001,5122400.0
2012-05-02,98.3427,98.6852,98.0448,98.5959,3546200.0
2012-05-03,98.6108,98.7374,97.9331,98.1639,4758000.0
2012-05-04,97.6873,97.799,96.7936,96.883,5304700.0
2012-05-07,96.4659,97.0021,96.4063,96.6968,3919000.0
2012-05-08,96.2053,96.317,95.2594,96.1308,6729200.0
2012-05-09,95.3265,96.1606,94.8647,95.5499,9184000.0
2012-05-10,95.9223,96.2797,95.4829,95.6542,4892700.0
2012-05-11,95.185,96.1904,95.1254,95.4605,3578900.0
2012-05-14,94.7307,95.0956,94.2838,94.5445,5911700.0
2012-05-15,94.4551,95.0211,93.8891,94.0679,6457300.0
2012-05-16,94.403,94.8573,93.9338,93.971,5914700.0
2012-05-17,93.9976,94.0275,92.7571,92.772,8808000.0
2012-05-18,93.0676,93.1498,91.984,92.1484,10207500.0
2012-05-21,92.4324,93.2693,92.2456,93.2693,5224200.0
2012-05-22,93.3291,93.77,92.806,93.2843,6531900.0
2012-05-23,92.6341,93.2619,91.7822,93.1946,8061400.0
2012-05-24,93.3515,93.5309,92.6341,93.501,6334800.0
2012-05-25,93.359,93.4861,92.6416,92.8583,6233500.0
2012-05-29,93.5907,94.0988,93.3366,93.8597,6458700.0
2012-05-30,93.0601,93.1199,92.4697,92.6715,4701200.0
2012-05-31,92.679,93.217,91.9242,92.4398,7145000.0
2012-06-01,91.2666,91.4833,90.3549,90.4446,11166300.0
2012-06-04,90.4894,90.6314,89.8169,90.2578,6174500.0
2012-06-05,90.1457,90.6613,90.0635,90.4595,5858400.0
2012-06-06,91.162,92.6566,91.1321,92.6117,5184800.0
2012-06-07,93.5458,93.7327,92.8583,93.0526,7719900.0
2012-06-08,92.7462,93.7327,92.5594,93.7327,4206700.0
2012-06-11,94.4202,94.5248,92.5519,92.6341,6906100.0
2012-06-12,92.9629,93.9045,92.6939,93.8672,4766700.0
2012-06-13,93.6729,94.1138,93.0227,93.3291,4550300.0
2012-06-14,93.4992,94.8616,93.3719,94.5397,6988400.0
2012-06-15,94.899,95.4305,94.8017,95.3257,5939200.0
2012-06-18,94.9214,95.4754,94.8092,95.1685,3912300.0
2012-06-19,95.6101,96.3512,95.4529,95.8647,3717400.0
2012-06-20,95.9096,96.1866,95.1535,95.7898,6948800.0
2012-06-21,95.932,96.0743,93.8285,93.9034,7514600.0
2012-06-22,94.4199,94.6819,94.1579,94.4947,4043000.0
2012-06-25,93.6264,93.6413,93.0649,93.3943,5002300.0
2012-06-26,93.5815,93.9558,93.0125,93.6339,6253500.0
2012-06-27,93.8734,94.4947,93.8135,94.3301,3146800.0
2012-06-28,93.5889,94.2252,93.0125,94.1429,6199900.0
2012-06-29,95.6326,96.2464,95.4005,96.2464,5218600.0
2012-07-02,96.2614,96.3962,95.5877,96.0818,3617200.0
2012-07-03,96.0892,96.7405,95.9994,96.6806,2602000.0
2012-07-05,96.2839,96.8753,96.0443,96.4037,5047300.0
2012-07-06,95.6625,95.6775,94.9738,95.4979,4198700.0
2012-07-09,95.3856,95.4455,94.8541,95.2508,3608400.0
2012-07-10,95.7898,95.9246,94.2552,94.5846,5590100.0
2012-07-11,94.6445,94.6894,93.7162,94.2552,6662100.0
2012-07-12,93.7312,94.4423,93.4018,94.0007,4211900.0
2012-07-13,94.2627,95.6027,94.2178,95.5128,3809900.0
2012-07-16,95.2583,95.4529,94.884,95.161,1921300.0
2012-07-17,95.4679,95.932,94.5397,95.685,3238600.0
2012-07-18,95.438,96.6806,95.3931,96.5384,2987000.0
2012-07-19,96.7704,97.1003,96.4255,96.8079,3596900.0
2012-07-20,96.223,96.4705,95.8331,96.0056,7148800.0
2012-07-23,94.491,95.3608,94.1236,95.1583,4493800.0
2012-07-24,95.1733,95.2333,93.6812,94.371,4906600.0
2012-07-25,94.9259,95.2558,94.476,94.8584,3711900.0
2012-07-26,96.0956,96.7479,95.9231,96.4105,7236400.0
2012-07-27,96.7404,98.1426,96.7104,97.8351,7228600.0
2012-07-30,97.7077,98.2175,97.5652,97.7751,4005200.0
2012-07-31,97.6627,97.8726,97.3103,97.3178,4205400.0
2012-08-01,97.8276,97.8501,96.8604,97.0628,5584500.0
2012-08-02,96.4705,96.9429,95.6082,96.3805,8195100.0
2012-08-03,97.5202,98.2775,97.3852,98.0226,6092000.0
2012-08-06,98.18,98.6824,98.1426,98.15,3264200.0
2012-08-07,98.465,98.8924,98.4425,98.51,3358700.0
2012-08-08,98.1575,98.8549,98.1426,98.6374,2813600.0
2012-08-09,98.5999,98.8774,98.3075,98.6524,2954500.0
2012-08-10,98.3375,98.9299,98.0676,98.8849,4116900.0
2012-08-13,98.7874,98.8999,98.24,98.6899,3862100.0
2012-08-14,99.0123,99.0948,98.465,98.7199,3300300.0
2012-08-15,98.6074,98.9673,98.5549,98.7499,2701200.0
2012-08-16,98.8008,99.5376,98.5978,99.4022,4186600.0
2012-08-17,99.5821,99.6272,99.3491,99.5521,3446500.0
2012-08-20,99.3792,99.5897,99.2288,99.522,2044900.0
2012-08-21,99.6648,100.0031,98.913,99.0634,3788300.0
2012-08-22,98.913,99.086,98.4394,98.8379,4397500.0
2012-08-23,98.68,98.7025,97.8831,98.0184,4012100.0
2012-08-24,97.8981,98.9055,97.7778,98.7702,3492000.0
2012-08-27,98.8003,98.913,98.4469,98.5296,1668300.0
2012-08-28,98.2966,98.7101,98.1838,98.3793,2867400.0
2012-08-29,98.3868,98.695,98.2064,98.4244,2312000.0
2012-08-30,98.0184,98.0259,97.4696,97.6726,3977900.0
2012-08-31,98.2139,98.7852,97.7628,98.3943,5269200.0
2012-09-04,98.2815,98.3342,97.4546,97.9056,3945300.0
2012-09-05,98.0109,98.3567,97.7628,98.0109,2628600.0
2012-09-06,98.6123,99.8603,98.5973,99.8227,5407300.0
2012-09-07,99.9054,100.0558,99.6648,99.943,4009100.0
2012-09-10,99.8152,100.1084,99.5521,99.5972,2216000.0
2012-09-11,99.6799,100.3264,99.6799,100.0558,2721500.0
2012-09-12,100.3339,100.4768,100.0482,100.2663,1753300.0
2012-09-13,100.1685,102.0255,100.146,101.7849,6753400.0
2012-09-14,101.9578,102.6043,101.7999,102.1382,4964400.0
2012-09-17,101.9277,102.1533,101.6721,101.8901,2536400.0
2012-09-18,101.6045,102.0856,101.5894,101.9503,3304800.0
2012-09-19,102.1307,102.4239,101.9052,102.0405,2919700.0
2012-09-20,101.6333,102.2285,101.4902,102.2059,5695400.0
2012-09-21,102.6137,102.6363,102.0035,102.0487,4819600.0
2012-09-24,101.6419,102.2521,101.6117,101.9131,2607400.0
2012-09-25,102.1014,102.3801,101.1597,101.2049,5348300.0
2012-09-26,101.22,101.333,100.7529,100.8734,4528300.0
2012-09-27,101.2652,101.6569,100.8358,101.4008,3649500.0
2012-09-28,100.896,101.3104,100.4666,100.9864,4343900.0
2012-10-01,101.3857,102.2219,101.348,101.5364,4387900.0
2012-10-02,101.8001,101.9884,100.9036,101.3104,4017200.0
2012-10-03,101.5062,101.785,101.0241,101.461,3173500.0
2012-10-04,101.8151,102.237,101.672,102.0939,3751900.0
2012-10-05,102.5233,102.7869,102.0637,102.4253,4381700.0
2012-10-08,102.0035,102.35,101.9432,102.1918,2310600.0
2012-10-09,102.0185,102.2596,101.3631,101.3932,4483600.0
2012-10-10,101.2426,101.2878,100.2482,100.4139,7727100.0
2012-10-11,100.881,101.0241,100.2557,100.2934,3351700.0
2012-10-12,100.3988,100.8207,100.0071,100.2934,3059400.0
2012-10-15,100.4365,101.0919,100.2406,100.9638,2521400.0
2012-10-16,101.4535,101.9733,101.3782,101.9281,4942900.0
2012-10-17,101.6645,102.0487,101.5891,102.0261,3613100.0
2012-10-18,101.8979,102.2826,101.7017,101.9733,6125900.0
2012-10-19,101.6997,101.6997,100.1909,100.4021,9001800.0
2012-10-22,100.2814,100.6285,99.61,100.4097,5466500.0
2012-10-23,99.2932,99.3007,98.4709,98.6218,8413600.0
2012-10-24,98.8255,99.0141,98.3276,98.4483,5391400.0
2012-10-25,98.9688,99.0895,98.139,98.6595,4981400.0
2012-10-26,98.5841,98.9914,98.139,98.667,3935200.0
2012-10-31,99.0895,99.2706,98.2446,98.5237,3606100.0
2012-11-01,98.8406,99.9118,98.8028,99.5648,3678500.0
2012-11-02,100.0023,100.04,98.4256,98.5765,4399900.0
2012-11-05,98.3955,98.9235,98.1541,98.7274,2475200.0
2012-11-06,99.0367,100.0551,98.9763,99.6176,4037400.0
2012-11-07,98.8632,98.8632,97.0526,97.5053,12518700.0
2012-11-08,97.4223,97.8297,96.5547,96.5547,7812800.0
2012-11-09,96.087,97.1583,96.0191,96.5019,6322900.0
2012-11-12,96.7056,96.9697,96.336,96.5925,3288200.0
2012-11-13,96.1172,97.2563,96.0568,96.2077,5109600.0
2012-11-14,96.4265,96.5925,94.6461,94.9102,8729100.0
2012-11-15,94.7292,95.0923,94.3057,94.6839,7243800.0
2012-11-16,94.7162,95.1246,94.1036,94.9658,8999200.0
2012-11-19,95.7751,96.5693,95.6843,96.5314,7004900.0
2012-11-20,96.2894,96.713,95.8659,96.5919,5872200.0
2012-11-21,96.5239,96.9777,96.4634,96.9247,3772300.0
2012-11-23,97.318,98.2559,97.3105,98.2408,2794800.0
2012-11-26,97.6584,97.9609,97.4088,97.9609,4395000.0
2012-11-27,97.7038,98.0592,97.197,97.3256,4010800.0
2012-11-28,96.9399,98.1349,96.4104,98.0517,6483300.0
2012-11-29,98.4979,98.7324,97.9534,98.4298,5897400.0
2012-11-30,98.513,98.6719,98.1576,98.3996,4620200.0
2012-12-03,98.8458,98.929,97.9382,98.0063,4677800.0
2012-12-04,98.0365,98.4298,97.7945,97.8626,4578900.0
2012-12-05,98.1046,98.9442,97.6886,98.5055,7707200.0
2012-12-06,98.5887,98.929,98.392,98.8836,3060800.0
2012-12-07,99.3072,99.5417,98.9442,99.5038,3802300.0
2012-12-10,99.5114,99.8366,99.5114,99.64,3186300.0
2012-12-11,99.9955,100.6837,99.9728,100.2299,3801500.0
2012-12-12,100.5703,100.8501,100.0862,100.2072,6705700.0
2012-12-13,100.2375,100.3812,99.4963,99.7005,3445800.0
2012-12-14,99.6097,99.8366,99.2769,99.4282,2779700.0
2012-12-17,99.5795,100.2299,99.5568,100.1694,3468900.0
2012-12-18,100.3509,101.1451,100.124,101.0014,5767800.0
2012-12-19,101.0997,101.1224,100.2904,100.3056,5307800.0
2012-12-20,100.2663,100.805,100.0387,100.7367,5279100.0
2012-12-21,99.4338,100.1621,99.2593,99.9876,9048000.0
2012-12-24,99.6083,99.7069,99.3655,99.3655,1686500.0
2012-12-26,99.6235,99.7524,98.9862,99.2441,3314400.0
2012-12-27,99.3427,99.4945,98.1288,99.0848,7177200.0
2012-12-28,98.493,98.971,97.8481,97.924,6224100.0
2012-12-31,97.6053,99.3124,97.5219,99.3124,10858600.0
2013-01-02,100.898,101.5581,100.8222,101.4898,8500300.0
2013-01-03,101.3912,101.7023,101.1408,101.3836,5206000.0
2013-01-04,101.4595,101.8161,101.2774,101.7174,4096800.0
2013-01-07,101.4291,101.4595,101.027,101.2926,4682900.0
2013-01-08,101.1636,101.285,100.7084,100.9967,3623500.0
2013-01-09,101.2091,101.6491,101.2091,101.4443,2632200.0
2013-01-10,101.8161,102.1044,101.3836,102.074,3889500.0
2013-01-11,102.0133,102.2713,101.8236,102.2713,3068300.0
2013-01-14,102.1651,102.423,101.9678,102.3396,3985200.0
2013-01-15,101.8995,102.6203,101.8464,102.4837,2844000.0
2013-01-16,102.1575,102.4609,102.074,102.3396,2975100.0
2013-01-17,102.7034,103.3261,102.597,103.0527,5507200.0
2013-01-18,103.1477,103.4136,102.8515,103.3604,4390100.0
2013-01-22,103.3908,103.8769,103.2313,103.8617,3204300.0
2013-01-23,104.1958,104.53,104.1579,104.4009,3648200.0
2013-01-24,104.5072,105.1832,104.4845,104.8262,5809300.0
2013-01-25,105.1072,105.2895,104.8414,105.2819,4019300.0
2013-01-28,105.4566,105.4794,105.0389,105.3047,2491200.0
2013-01-29,105.1452,105.8592,105.1452,105.7452,3744400.0
2013-01-30,105.7528,105.8516,105.3199,105.3731,4997000.0
2013-01-31,105.3123,106.4971,105.0541,105.1224,3675400.0
2013-02-01,105.7908,106.2465,105.6009,106.1326,4944300.0
2013-02-04,105.4262,105.5554,105.0845,105.244,3838000.0
2013-02-05,105.7528,106.2161,105.73,105.8667,4222900.0
2013-02-06,105.5098,106.1022,105.4718,106.0111,2865400.0
2013-02-07,106.0186,106.0566,105.0541,105.7908,6292400.0
2013-02-08,105.8516,106.3528,105.8516,106.125,3445600.0
2013-02-11,106.0414,106.087,105.73,105.9655,2456100.0
2013-02-12,106.0186,106.4895,105.9579,106.368,3282700.0
2013-02-13,106.5047,106.6035,105.9503,106.2313,3247600.0
2013-02-14,105.843,106.2999,105.7668,106.2237,2899800.0
2013-02-15,106.2293,106.3816,105.6506,106.1836,5791300.0
2013-02-19,106.2673,106.7242,106.2369,106.5872,3073100.0
2013-02-20,106.6024,106.8156,105.7496,105.7496,5098100.0
2013-02-21,105.5897,105.7496,105.1252,105.4678,7259500.0
2013-02-22,106.0237,106.4729,105.7343,106.4729,3919500.0
2013-02-25,106.8537,107.0516,104.7749,104.8206,8251200.0
2013-02-26,105.3384,105.8105,105.0643,105.6734,8900900.0
2013-02-27,105.643,107.2648,105.5668,107.0592,6940500.0
2013-02-28,106.945,107.5999,106.7927,106.8156,7994600.0
2013-03-01,106.5186,107.2877,105.9704,107.1659,6195400.0
2013-03-04,106.8689,107.4324,106.6785,107.4171,3469600.0
2013-03-05,107.8892,108.6431,107.8892,108.3842,6317000.0
2013-03-06,108.8182,108.94,108.4984,108.7649,4164500.0
2013-03-07,108.8715,109.1837,108.8106,108.9933,3542800.0
2013-03-08,109.6101,109.6634,109.0466,109.4654,5184500.0
2013-03-11,109.4426,109.9223,109.3512,109.9223,3777100.0
2013-03-12,109.8766,110.1812,109.671,109.9527,4676500.0
2013-03-13,109.9832,110.1888,109.7167,109.9984,3959100.0
2013-03-14,110.2565,110.6761,110.226,110.6609,4573000.0
2013-03-15,110.5023,110.5557,110.1741,110.5023,10464100.0
2013-03-18,109.7621,110.548,109.6477,110.0063,5285000.0
2013-03-19,110.2428,110.5099,109.4798,110.0978,8981300.0
2013-03-20,110.5328,110.7541,110.3268,110.4946,5076800.0
2013-03-21,109.9758,110.3268,109.4874,109.7926,5628700.0
2013-03-22,110.1131,110.5938,109.991,110.5938,4762700.0
2013-03-25,110.7006,110.8838,109.5714,110.0444,9156700.0
2013-03-26,110.3878,110.8609,110.3573,110.8532,4496200.0
2013-03-27,110.1436,110.7083,109.9223,110.5938,3989900.0
2013-03-28,110.6472,111.044,110.5175,110.9601,3955400.0
2013-04-01,110.8685,111.1966,110.6167,110.9067,6847600.0
2013-04-02,111.3034,111.7841,111.2348,111.6086,4783600.0
2013-04-03,111.5858,111.7613,110.6014,110.7464,7020700.0
2013-04-04,110.9143,111.3874,110.7083,111.2271,7219100.0
2013-04-05,110.0292,111.0287,109.9147,110.8761,6414900.0
2013-04-08,110.8838,111.3645,110.4565,111.3645,3601800.0
2013-04-09,111.4637,112.1351,111.2119,111.7918,5205500.0
2013-04-10,112.1428,112.9745,112.1351,112.7608,6642700.0
2013-04-11,112.7913,113.4323,112.6464,113.2339,6588700.0
2013-04-12,112.9211,113.2721,112.6845,113.2492,7573700.0
2013-04-15,112.8524,112.8753,111.1966,111.2042,12852800.0
2013-04-16,112.1504,112.4632,111.685,112.4404,6644000.0
2013-04-17,111.8223,111.8604,110.9219,111.3034,10384600.0
2013-04-18,111.4796,111.4949,110.4638,110.7769,7732600.0
2013-04-19,110.5641,110.9078,110.2586,110.8543,5433700.0
2013-04-22,111.0376,111.1827,110.1669,110.9918,9803400.0
2013-04-23,111.6105,112.1986,110.862,112.1833,8506600.0
2013-04-24,112.2902,112.4353,111.809,111.9083,4278000.0
2013-04-25,112.0,112.5957,111.7861,112.0916,3936100.0
2013-04-26,111.9312,112.3895,111.9083,112.1833,3077200.0
2013-04-29,112.4277,113.1533,112.2062,112.9318,5670400.0
2013-04-30,112.9089,113.1227,112.3131,113.1074,3548500.0
2013-05-01,112.7026,112.8936,111.9541,112.0458,5012400.0
2013-05-02,112.359,113.0769,112.2062,113.0082,3834200.0
2013-05-03,113.9858,114.4288,113.9552,114.1385,5121800.0
2013-05-06,114.0774,114.2608,113.9094,114.1309,2876300.0
2013-05-07,114.383,114.7801,114.1385,114.7648,4720000.0
2013-05-08,114.6808,115.2918,114.6426,115.2842,3782700.0
2013-05-09,115.2537,115.6126,114.8641,115.2155,3728200.0
2013-05-10,115.2842,115.4064,114.7878,115.3606,3662100.0
2013-05-13,115.1391,115.3377,114.9329,115.2231,2552400.0
2013-05-14,115.2537,116.2237,115.2231,116.1931,4818900.0
2013-05-15,116.0098,116.9416,115.9869,116.6896,5262800.0
2013-05-16,116.5831,116.943,116.2767,116.4299,7741600.0
2013-05-17,116.7428,117.3709,116.582,117.3173,4781000.0
2013-05-20,117.2177,117.616,117.0492,117.1947,4318100.0
2013-05-21,117.4015,117.9683,117.1028,117.5777,5229000.0
2013-05-22,117.6926,118.8262,116.6892,117.0645,12249900.0
2013-05-23,116.1837,117.3709,116.0765,117.0109,9774200.0
2013-05-24,116.5437,117.0492,116.2143,117.0109,4309100.0
2013-05-28,118.0679,118.7036,117.5547,117.8611,8040700.0
2013-05-29,117.1871,117.3786,116.4365,117.0645,7650700.0
2013-05-30,117.0569,117.7998,116.8807,117.2713,7390700.0
2013-05-31,116.8884,117.7462,115.6629,115.7471,6662100.0
2013-06-03,116.0765,116.6969,115.7318,116.5896,9669700.0
2013-06-04,116.6203,117.1181,115.5173,116.1454,7474100.0
2013-06-05,115.7778,115.9846,114.3455,114.3608,9056600.0
2013-06-06,114.3991,115.0961,113.5949,115.0425,11178900.0
2013-06-07,115.7778,116.7581,115.4254,116.6816,7589900.0
2013-06-10,117.0339,117.0952,116.4058,116.582,4503900.0
2013-06-11,115.7012,116.7428,115.4254,115.8084,6813800.0
2013-06-12,116.5207,116.6892,114.6595,114.7821,6477200.0
2013-06-13,114.7131,116.4135,114.491,116.245,5825800.0
2013-06-14,116.1148,116.4288,115.188,115.3948,4460200.0
2013-06-17,116.1377,116.8654,115.6935,116.2526,6450400.0
2013-06-18,116.3599,117.4628,116.3599,117.2637,4604300.0
2013-06-19,117.1411,117.3556,115.6935,115.7241,8852600.0
2013-06-20,114.7782,114.8012,112.8134,112.9362,13041200.0
2013-06-21,113.6145,113.8064,112.4632,113.4226,10055000.0
2013-06-24,112.3097,113.154,111.4194,112.2713,11223300.0
2013-06-25,113.1386,113.438,112.5323,113.1079,6931200.0
2013-06-26,113.7987,114.4127,113.5684,114.1978,5933400.0
2013-06-27,114.8809,115.4488,114.7811,115.0497,6135100.0
2013-06-28,114.6123,115.1495,113.9599,114.2055,6026600.0
2013-07-01,114.7504,115.5102,114.5278,114.6813,4695800.0
2013-07-02,114.4741,115.2877,113.8985,114.359,4662200.0
2013-07-03,113.9138,115.1111,113.7833,114.7734,2443400.0
2013-07-05,115.6561,115.9631,114.6737,115.9093,5057100.0
2013-07-08,116.4773,116.9915,116.4159,116.6462,4615100.0
2013-07-09,117.1988,117.4213,116.8304,117.2602,4833600.0
2013-07-10,117.2832,117.6516,116.9378,117.1681,5685800.0
2013-07-11,118.4652,118.6724,117.9739,118.5726,5445100.0
2013-07-12,118.5112,118.7798,118.1121,118.3884,3693500.0
2013-07-15,118.634,118.8643,118.4498,118.6877,2554200.0
2013-07-16,118.657,118.7645,118.1428,118.4268,3233200.0
2013-07-17,118.6877,118.8489,118.3347,118.5342,4141000.0
2013-07-18,118.9483,119.5324,118.8484,119.2557,4992200.0
2013-07-19,119.0221,119.2143,118.7916,119.2143,4122600.0
2013-07-22,119.2143,119.4448,118.976,119.2066,2735600.0
2013-07-23,119.5601,119.637,119.1835,119.3987,3276200.0
2013-07-24,119.5908,119.66,118.8223,119.1989,3795000.0
2013-07-25,118.7685,119.3142,118.5072,119.2143,4170000.0
2013-07-26,118.7224,119.3142,118.0999,119.245,3676100.0
2013-07-29,119.0144,119.2296,118.6993,119.0682,2495100.0
2013-07-30,119.4295,119.5678,118.6763,119.0529,3817700.0
2013-07-31,119.2296,119.9136,118.7839,118.9222,7951000.0
2013-08-01,119.806,120.0135,119.637,119.806,4634000.0
2013-08-02,119.4832,120.075,119.2988,120.0443,3401600.0
2013-08-05,119.8137,119.8983,119.5063,119.7983,2740100.0
2013-08-06,119.4064,119.4141,118.6686,118.9991,3392200.0
2013-08-07,118.5994,118.9299,118.3612,118.7685,3961200.0
2013-08-08,119.3757,119.4679,118.3458,118.8838,4677500.0
2013-08-09,118.7301,119.0836,117.8386,118.4611,4353800.0
2013-08-12,117.9308,118.5841,117.854,118.3766,3568200.0
2013-08-13,118.6532,119.099,117.8463,118.6917,4630900.0
2013-08-14,118.561,118.684,117.6695,117.8232,5609200.0
2013-08-15,116.8953,116.8953,116.0247,116.1094,9288500.0
2013-08-16,116.0348,116.3892,115.7189,115.9886,6678600.0
2013-08-19,115.8037,116.1273,115.3106,115.3106,4012000.0
2013-08-20,115.5032,115.8884,115.2335,115.3799,3751500.0
2013-08-21,115.1411,115.5109,114.4168,114.5247,9084900.0
2013-08-22,114.6942,115.272,114.6248,115.1102,4073100.0
2013-08-23,115.2566,115.5802,114.8483,115.4261,6584200.0
2013-08-26,115.4184,115.7806,114.9484,114.9561,4598700.0
2013-08-27,114.178,114.6017,113.577,113.6232,9927100.0
2013-08-28,113.5847,114.3706,113.5462,114.0547,4413900.0
2013-08-29,114.0393,114.7866,113.8929,114.2242,4397300.0
2013-08-30,114.3629,114.3629,113.5924,113.9622,5981700.0
2013-09-03,114.7096,114.9561,113.7311,114.1163,5266900.0
2013-09-04,114.047,115.1179,113.8929,114.9407,3416800.0
2013-09-05,114.9407,115.3491,114.8175,114.8945,3286000.0
2013-09-06,115.3414,115.5494,113.8544,114.8945,7187500.0
2013-09-09,115.1873,116.1735,115.1719,115.9347,4199100.0
2013-09-10,116.7051,116.9748,116.4201,116.944,5614600.0
2013-09-11,116.9594,118.0227,116.9363,118.0227,6150800.0
2013-09-12,118.1382,118.1999,117.7145,117.8763,5077000.0
2013-09-13,118.1459,118.5004,118.0458,118.4156,4163500.0
2013-09-16,119.6792,119.8025,119.163,119.3787,6180700.0
2013-09-17,119.4404,119.8179,119.4095,119.6484,3777900.0
2013-09-18,119.5405,121.0121,119.1553,120.8118,8367600.0
2013-09-19,120.8665,120.9051,120.3647,120.4651,5449600.0
2013-09-20,120.5375,120.5761,119.1171,119.1171,7601100.0
2013-09-23,118.9704,119.1325,118.3605,118.6384,7005100.0
2013-09-24,118.6848,118.9009,118.0749,118.1598,4490600.0
2013-09-25,118.3065,118.4146,117.4882,117.7275,6910200.0
2013-09-26,117.8819,118.5304,117.7043,118.1135,4303200.0
2013-09-27,117.5731,117.6812,117.1562,117.5036,5379700.0
2013-09-30,116.4074,116.9864,116.1449,116.5618,7705600.0
2013-10-01,116.5695,117.1639,116.392,117.0481,7332200.0
2013-10-02,116.4923,116.6467,115.9133,116.5541,7089600.0
2013-10-03,116.307,116.3842,115.1568,115.5428,8823300.0
2013-10-04,115.5505,116.2298,115.3575,116.1295,5114700.0
2013-10-07,115.1182,115.6817,114.9561,115.0256,5423700.0
2013-10-08,115.0178,115.1336,113.8676,113.8907,9641300.0
2013-10-09,114.022,114.5006,113.4507,114.0837,9843700.0
2013-10-10,115.1491,116.5772,115.095,116.5386,11238000.0
2013-10-11,116.4923,117.4882,116.3842,117.4727,6174300.0
2013-10-14,116.7394,118.0208,116.6313,117.9591,5852900.0
2013-10-15,117.8047,117.9591,116.832,116.832,7641000.0
2013-10-16,117.604,118.5458,117.5268,118.5149,8021900.0
2013-10-17,117.433,118.5691,117.3789,118.484,8131700.0
2013-10-18,118.7392,118.8628,118.1595,118.7082,6774200.0
2013-10-21,118.7855,118.8319,118.4532,118.6541,3320700.0
2013-10-22,119.0328,119.682,118.8783,119.2106,7154400.0
2013-10-23,118.8705,119.0406,118.4918,118.8783,5098800.0
2013-10-24,119.1565,119.7516,119.0869,119.6356,4681100.0
2013-10-25,119.7207,120.138,119.6279,120.138,4165100.0
2013-10-28,119.9448,120.2926,119.7825,120.0762,4567600.0
2013-10-29,120.3389,120.9495,120.2694,120.9495,5562300.0
2013-10-30,121.1272,121.2354,120.0762,120.4626,5947400.0
2013-10-31,120.2616,120.7022,119.8675,120.0143,5210500.0
2013-11-01,120.2153,120.679,119.852,120.4549,5690600.0
2013-11-04,120.764,120.8413,120.1998,120.6094,3748500.0
2013-11-05,120.0066,120.7022,119.6897,120.478,5103200.0
2013-11-06,120.934,121.56,120.849,121.5059,6552400.0
2013-11-07,121.9001,121.9542,120.3157,120.4471,9799200.0
2013-11-08,120.2926,121.7146,120.2385,121.7146,7205600.0
2013-11-11,121.5909,121.9001,121.4518,121.8073,3492800.0
2013-11-12,121.6528,121.8923,121.2354,121.6218,3970800.0
2013-11-13,120.9649,122.2015,120.9495,122.1551,4588900.0
2013-11-14,122.1851,122.7349,122.069,122.6729,6393700.0
2013-11-15,122.7796,123.3448,122.7099,123.3448,5475200.0
2013-11-18,123.6623,123.8481,123.1668,123.4532,5023700.0
2013-11-19,123.5616,123.8326,123.1822,123.3681,4868700.0
2013-11-20,123.5384,123.7939,122.6093,122.9345,8190900.0
2013-11-21,123.3371,123.7939,123.2442,123.7784,3805300.0
2013-11-22,123.7475,124.2198,123.4842,124.1966,4290800.0
2013-11-25,124.514,124.545,124.1191,124.3592,4323800.0
2013-11-26,124.305,124.6379,124.243,124.274,4622700.0
2013-11-27,124.4831,124.6147,124.2043,124.545,6045000.0
2013-11-29,124.7695,125.1102,124.3359,124.4443,2713200.0
2013-12-02,124.4753,124.5373,123.6623,123.8249,4953500.0
2013-12-03,123.2906,123.5926,122.6944,123.1048,6831200.0
2013-12-04,122.6789,123.5152,122.2066,122.9267,6491900.0
2013-12-05,122.6789,123.0274,122.346,122.4312,5431800.0
2013-12-06,123.5229,124.0262,123.2132,124.0107,5980400.0
2013-12-09,124.1036,124.2972,123.972,124.0649,3831500.0
2013-12-10,123.7397,124.034,123.6081,123.67,3864500.0
2013-12-11,123.763,123.8172,122.5163,122.5783,7272300.0
2013-12-12,122.5009,122.6712,121.6182,121.9279,6554200.0
2013-12-13,121.9821,122.315,120.4335,122.0673,8283800.0
2013-12-16,122.6247,123.399,122.5318,123.0351,6363700.0
2013-12-17,123.3139,123.3371,122.6402,122.9422,5256500.0
2013-12-18,123.2364,125.2728,122.4234,125.2496,14511200.0
2013-12-19,125.0243,125.4434,124.8768,125.3425,6974300.0
2013-12-20,125.447,126.1533,125.4392,125.7497,7396600.0
2013-12-23,126.13,126.4017,126.0524,126.2232,3155700.0
2013-12-24,126.3008,126.7199,126.3008,126.6423,2247800.0
2013-12-26,126.9838,127.6746,126.9683,127.6514,4673700.0
2013-12-27,127.8842,128.0084,127.4651,127.6591,5654500.0
2013-12-30,127.7212,127.8221,127.6048,127.7523,3483700.0
2013-12-31,128.0239,128.4664,127.923,128.4353,5629000.0
2014-01-02,127.9075,128.0783,127.1701,127.3797,8791800.0
2014-01-03,127.566,127.9696,127.3254,127.597,5233900.0
2014-01-06,128.0705,128.1171,127.0692,127.2089,6678700.0
2014-01-07,127.8066,128.2956,127.6979,128.0472,5032500.0
2014-01-08,127.8299,127.9385,127.2245,127.566,8457000.0
2014-01-09,128.0317,128.0627,126.9217,127.4418,7958400.0
2014-01-10,127.729,127.8299,126.9217,127.434,6816900.0
2014-01-13,127.2167,127.5116,125.8506,125.9282,8687400.0
2014-01-14,126.3163,126.8829,126.0291,126.8674,6557700.0
2014-01-15,127.0304,127.9153,126.9761,127.7367,6149300.0
2014-01-16,127.4652,127.5507,126.9215,127.2788,4870000.0
2014-01-17,127.2347,127.8562,127.0949,127.46,7192200.0
2014-01-21,128.198,128.2135,126.4579,127.1881,7616500.0
2014-01-22,127.2114,127.2425,126.6133,126.9862,5193700.0
2014-01-23,126.1783,126.1783,125.1218,125.619,8610500.0
2014-01-24,124.8344,124.982,123.1098,123.1098,13938500.0
2014-01-27,123.2807,123.5992,122.3563,122.7525,13180500.0
2014-01-28,123.1021,123.6459,122.9545,123.4672,7865000.0
2014-01-29,122.4418,122.9312,121.766,122.0378,13358300.0
2014-01-30,122.97,123.3351,122.2476,122.869,7464800.0
2014-01-31,121.362,122.5039,121.0668,121.766,9870200.0
2014-02-03,121.6261,121.7737,119.0471,119.2646,15119900.0
2014-02-04,119.5909,120.0414,119.0549,119.6919,10152900.0
2014-02-05,119.4122,120.0337,118.9461,119.7695,10581200.0
2014-02-06,120.1735,121.2999,120.1735,121.2921,7913900.0
2014-02-07,121.6184,122.5816,121.2222,122.5661,9376100.0
2014-02-10,122.5505,122.5971,122.0611,122.5428,4207700.0
2014-02-11,122.7836,124.3605,122.6904,124.1042,6787100.0
2014-02-12,124.2906,124.6402,123.7779,124.0653,4943100.0
2014-02-13,123.2497,124.6557,123.2108,124.5159,4802100.0
2014-02-14,124.3528,125.7122,124.2129,125.5257,5117800.0
2014-02-18,125.6112,125.6578,125.1684,125.3859,4546100.0
2014-02-19,125.083,126.1084,124.5858,124.6946,7757900.0
2014-02-20,124.7241,125.6276,120.2375,125.3082,6387100.0
2014-02-21,125.4676,125.8882,125.1093,125.2573,4774100.0
2014-02-24,125.4209,126.7217,125.3819,125.9194,5914200.0
2014-02-25,125.9817,126.3711,125.5065,125.7947,5556500.0
2014-02-26,125.9661,126.3867,125.6156,126.0596,4596600.0
2014-02-27,125.9038,126.6204,125.6935,126.6126,4991600.0
2014-02-28,126.6204,127.5629,126.192,126.9787,9298900.0
2014-03-03,125.8648,126.3322,125.008,125.787,8586000.0
2014-03-04,127.0644,127.742,127.0021,127.4538,7375800.0
2014-03-05,127.5707,127.6018,127.1267,127.2357,4718200.0
2014-03-06,127.6018,127.9835,127.5551,127.8121,4289400.0
2014-03-07,128.334,128.4353,127.594,128.0069,6950200.0
2014-03-10,127.7732,127.8667,127.1033,127.7342,3715400.0
2014-03-11,127.9446,128.1237,127.0488,127.2903,4946700.0
2014-03-12,126.6983,127.4071,126.5503,127.1423,4551200.0
2014-03-13,127.5395,127.7654,125.2339,125.4442,8530200.0
2014-03-14,125.195,125.8726,124.9224,125.1327,8085100.0
2014-03-17,125.7169,126.7061,125.6623,126.4724,6256900.0
2014-03-18,126.7217,127.4616,126.6126,127.1812,5166100.0
2014-03-19,127.1423,127.4071,125.5221,126.3322,7383700.0
2014-03-20,126.0654,127.3294,125.7767,127.1968,5922500.0
2014-03-21,127.5498,128.1194,126.8163,126.8944,7217600.0
2014-03-24,127.2845,127.542,126.2311,126.7461,6010100.0
2014-03-25,127.4718,127.7449,126.8475,127.4874,5687800.0
2014-03-26,128.0179,128.2208,126.6603,126.6603,5824900.0
2014-03-27,126.5979,126.9334,126.0439,126.6213,6992800.0
2014-03-28,126.8632,127.8229,126.6525,127.066,4197800.0
2014-03-31,127.737,128.3222,127.6824,128.1506,5262100.0
2014-04-01,128.4861,128.9855,128.4159,128.7046,3452500.0
2014-04-02,128.8918,129.1883,128.5485,129.0323,4987600.0
2014-04-03,129.3054,129.3288,128.7124,129.0089,2942900.0
2014-04-04,129.5395,129.5707,127.6356,127.8697,9997600.0
2014-04-07,127.6356,127.9087,126.4964,126.5276,8006400.0
2014-04-08,126.4808,126.9724,126.0517,126.6603,5027400.0
2014-04-09,127.1831,128.0726,126.7383,128.0414,5511000.0
2014-04-10,128.057,128.2052,125.8332,125.9893,8255700.0
2014-04-11,125.365,125.8722,124.7486,124.8579,9974700.0
2014-04-14,125.685,126.1063,125.0529,125.9737,5880900.0
2014-04-15,126.1453,126.7695,125.1388,126.6837,8160000.0
2014-04-16,127.5182,127.9867,127.1278,127.9789,5429300.0
2014-04-17,127.7622,128.2152,127.5436,127.8716,4844000.0
2014-04-21,127.9496,128.262,127.8325,128.0902,2825700.0
2014-04-22,128.3011,129.0819,128.2464,128.6915,3751000.0
2014-04-23,128.8086,128.8399,128.4182,128.5666,3261500.0
2014-04-24,128.8555,128.9336,128.2152,128.6056,3801200.0
2014-04-25,128.1293,128.2152,127.2859,127.5592,4702800.0
2014-04-28,128.1683,128.6056,127.1141,128.1995,6767800.0
2014-04-29,128.5509,129.0585,128.4494,128.8477,4228200.0
2014-04-30,128.7852,129.3162,128.7149,129.1991,4621600.0
2014-05-01,129.0819,129.4021,128.7696,129.0273,3616800.0
2014-05-02,128.9804,129.5114,128.4807,128.6525,6131100.0
2014-05-05,128.0434,128.9804,127.6373,128.793,3829300.0
2014-05-06,128.5822,128.5978,127.8169,127.8559,4732100.0
2014-05-07,128.465,128.9101,127.5904,128.8711,5313700.0
2014-05-08,128.8633,129.6832,128.7384,129.121,5683500.0
2014-05-09,129.0741,129.4568,128.7462,129.4099,3963000.0
2014-05-12,129.8472,130.3548,129.8472,130.2533,3674600.0
2014-05-13,130.4876,130.6359,130.3704,130.4485,3607700.0
2014-05-14,130.4797,130.5188,129.5661,129.7145,2787200.0
2014-05-15,129.4592,129.5297,128.0813,128.4963,6823600.0
2014-05-16,128.5204,128.8962,128.2151,128.8727,4537500.0
2014-05-19,128.4969,129.1076,128.4186,128.951,2675600.0
2014-05-20,128.9432,128.9588,127.6435,127.8628,4440600.0
2014-05-21,128.3481,129.2955,128.309,129.1624,4459700.0
2014-05-22,129.2485,129.4834,128.8649,129.3189,3228800.0
2014-05-23,129.4051,129.8591,129.3268,129.8278,2567400.0
2014-05-27,130.3132,130.4307,130.0627,130.3289,2354100.0
2014-05-28,130.3837,130.3915,129.9218,130.0314,3475500.0
2014-05-29,130.3289,130.5794,129.9844,130.5716,2542600.0
2014-05-30,130.4228,130.7595,130.1958,130.689,2549300.0
2014-06-02,130.9395,131.057,130.4541,130.9004,2746800.0
2014-06-03,130.6968,130.9004,130.5481,130.7595,2718100.0
2014-06-04,130.6499,130.9552,130.415,130.8456,2014000.0
2014-06-05,131.1431,131.7694,130.6812,131.6363,4879400.0
2014-06-06,131.9808,132.4036,131.8868,132.3722,2557000.0
2014-06-09,132.4036,132.7637,132.3253,132.4975,2500400.0
2014-06-10,132.427,132.5915,132.1843,132.5836,2632800.0
2014-06-11,132.1139,132.1609,131.5972,131.8007,2774300.0
2014-06-12,131.7538,131.7929,130.7282,130.9709,3759700.0
2014-06-13,131.1666,131.3936,130.8456,131.2292,2451800.0
2014-06-16,131.0491,131.5032,130.8612,131.284,2490000.0
2014-06-17,131.0805,131.6833,130.9317,131.5267,2618200.0
2014-06-18,131.5659,132.3566,131.0178,132.2548,4392200.0
2014-06-19,132.3252,132.4585,131.9486,132.3801,2760700.0
2014-06-20,132.7613,132.8946,132.5338,132.6279,4790700.0
2014-06-23,132.6123,132.6593,132.2357,132.4946,2463800.0
2014-06-24,132.4318,132.824,131.5219,131.6788,4578100.0
2014-06-25,131.4043,132.1573,131.3964,132.0004,3326900.0
2014-06-26,132.0789,132.0867,131.0434,131.8435,3748600.0
2014-06-27,131.5925,131.9769,131.2631,131.9141,2871200.0
2014-06-30,131.7102,132.0553,131.5062,131.6945,6214000.0
2014-07-01,132.0004,133.0672,131.9612,132.7221,4543500.0
2014-07-02,132.8084,132.9652,132.7064,132.879,1737300.0
2014-07-03,133.2398,133.7183,133.1378,133.7183,1825300.0
2014-07-07,133.2555,133.3574,132.9966,133.2398,2748800.0
2014-07-08,133.0201,133.0358,132.1259,132.4397,4775100.0
2014-07-09,132.7064,133.1378,132.4554,133.0201,3147100.0
2014-07-10,131.6945,132.8319,131.5455,132.5338,4570000.0
2014-07-11,132.3848,132.7378,132.0318,132.7221,2539800.0
2014-07-14,133.4673,133.8281,133.381,133.5771,2579200.0
2014-07-15,133.7496,134.0634,133.177,133.6477,4938200.0
2014-07-16,134.1026,134.2595,133.8673,134.1889,3039100.0
2014-07-17,133.986,134.3865,132.9259,133.0437,5577900.0
2014-07-18,133.4695,134.0899,133.2889,133.9485,6484900.0
2014-07-21,133.5716,133.7915,132.9905,133.6344,2712200.0
2014-07-22,133.9328,134.2469,133.8307,134.0742,3531800.0
2014-07-23,134.1291,134.1291,133.6501,133.9328,2438400.0
2014-07-24,134.0113,134.1605,133.6658,133.8386,2943600.0
2014-07-25,133.3282,133.3753,132.5194,132.8335,4752000.0
2014-07-28,132.8884,133.2182,132.2131,133.0298,3418300.0
2014-07-29,133.4067,133.6423,132.5351,132.5351,3427900.0
2014-07-30,132.9198,133.1162,131.7498,132.2995,5123600.0
2014-07-31,131.3493,131.475,129.7945,129.7945,8474500.0
2014-08-01,129.4098,129.9673,128.7894,129.2292,6990400.0
2014-08-04,129.4176,130.0458,128.8679,129.8259,4201800.0
2014-08-05,129.4098,129.6767,128.2633,128.7187,7145800.0
2014-08-06,128.3497,129.3705,128.2869,128.9386,4539200.0
2014-08-07,129.449,129.4804,128.0984,128.4282,4459800.0
2014-08-08,128.5224,129.8652,128.3418,129.8338,4865700.0
2014-08-11,130.3207,130.4699,129.9359,129.9987,3573000.0
2014-08-12,129.7867,130.1715,129.5668,129.9516,2915800.0
2014-08-13,130.3521,130.8703,130.1636,130.7368,2637800.0
2014-08-14,130.8933,131.2158,130.7124,131.2158,2306300.0
2014-08-15,131.7003,131.7318,130.1428,130.8586,6607100.0
2014-08-18,131.5666,132.251,131.5509,132.2038,2756000.0
2014-08-19,132.6601,132.959,132.4162,132.8567,2385600.0
2014-08-20,132.723,133.5254,132.723,133.4152,2706600.0
2014-08-21,133.5726,134.1468,133.486,133.8715,2518300.0
2014-08-22,133.7378,134.1075,133.4546,133.6276,3147000.0
2014-08-25,134.1704,134.5637,134.076,134.2176,2395500.0
2014-08-26,134.3749,134.7919,134.3435,134.4615,2856600.0
2014-08-27,134.6345,134.6817,134.3199,134.5244,2063500.0
2014-08-28,134.0445,134.4221,133.8086,134.3356,2620400.0
2014-08-29,134.4379,134.5165,133.9266,134.4221,2873500.0
2014-09-02,134.4693,134.5716,133.7614,134.1861,3063200.0
2014-09-03,134.8233,134.8941,134.1468,134.2963,2695400.0
2014-09-04,134.4457,134.9571,133.903,134.2491,3583600.0
2014-09-05,134.1389,134.7447,133.7378,134.7132,3200000.0
2014-09-08,134.548,134.7919,134.3199,134.5637,2929000.0
2014-09-09,134.3356,134.3907,133.6434,133.8243,4024700.0
2014-09-10,133.8636,134.3671,133.5018,134.2569,3952900.0
2014-09-11,133.6434,134.2176,133.5883,134.1311,2875000.0
2014-09-12,134.0288,134.076,133.2579,133.6512,4803900.0
2014-09-15,133.7771,134.1783,133.3759,133.9816,4254700.0
2014-09-16,133.6984,135.0751,133.6434,134.8155,5467300.0
2014-09-17,134.9649,135.4998,134.4615,134.9728,6808500.0
2014-09-18,135.3178,135.9329,135.2232,135.783,5023200.0
2014-09-19,136.4159,136.5184,135.7772,135.9822,8642000.0
2014-09-22,135.9034,135.927,135.0123,135.1621,4528400.0
2014-09-23,134.7206,135.1385,134.2159,134.2159,4821700.0
2014-09-24,134.3342,135.5485,134.0345,135.4618,4413000.0
2014-09-25,135.241,135.2568,133.3328,133.3958,7585300.0
2014-09-26,133.8847,134.9414,133.6561,134.6023,4816100.0
2014-09-29,133.4037,134.5077,133.2145,134.3105,4959900.0
2014-09-30,134.4052,134.9177,133.8926,134.1055,5158600.0
2014-10-01,133.9793,134.0345,132.0159,132.2209,10256600.0
2014-10-02,131.9923,132.6862,131.2353,132.1973,8701500.0
2014-10-03,133.175,134.0267,132.765,133.8295,5317900.0
2014-10-06,134.3973,134.5944,133.2302,133.7112,5021400.0
2014-10-07,133.0489,133.2145,131.5743,131.5743,6615000.0
2014-10-08,131.5822,133.9084,131.1722,133.7507,8410800.0
2014-10-09,133.3958,133.6403,131.0539,131.1643,12624800.0
2014-10-10,131.2037,131.9686,130.2733,130.2733,11967100.0
2014-10-13,130.1786,130.7306,128.4044,128.4754,13461300.0
2014-10-14,129.0037,129.6424,128.1363,128.5543,12779500.0
2014-10-15,127.1034,127.6238,124.8008,127.1743,22216000.0
2014-10-16,125.3751,127.7033,125.162,126.9378,16637900.0
2014-10-17,128.3919,129.3942,128.021,128.9996,10142600.0
2014-10-20,128.1315,129.1812,128.0526,129.1575,6556200.0
2014-10-21,129.7889,130.9096,129.5284,130.8543,6755200.0
2014-10-22,131.1463,131.1937,129.6547,129.7336,5729200.0
2014-10-23,131.0516,132.0855,131.0201,131.3673,6694800.0
2014-10-24,131.4936,132.4249,131.1463,132.3854,5207800.0
2014-10-27,131.9829,132.638,131.7777,132.4959,4873400.0
2014-10-28,132.9695,133.9244,132.7011,133.9007,4892700.0
2014-10-29,134.177,134.4374,133.0721,133.6955,6910200.0
2014-10-30,133.8771,135.7002,133.8534,135.4319,6632300.0
2014-10-31,136.8051,137.034,136.371,136.8919,6668500.0
2014-11-03,136.9866,137.1524,136.5762,136.8209,4615900.0
2014-11-04,136.5999,137.0498,136.1106,136.8998,4416500.0
2014-11-05,137.7916,137.8153,137.0971,137.7601,4950900.0
2014-11-06,137.9179,138.4388,137.4681,138.3441,6109400.0
2014-11-07,138.3046,138.5888,137.9337,138.573,3503600.0
2014-11-10,138.6046,138.9518,138.3757,138.865,2806100.0
2014-11-11,138.8887,139.0939,138.6598,138.9202,3063700.0
2014-11-12,138.3204,139.0623,138.3125,138.936,2589800.0
2014-11-13,139.1018,139.6779,138.7387,139.2517,5531100.0
2014-11-14,139.1886,139.4175,138.9992,139.1807,3198000.0
2014-11-17,138.9518,139.5043,138.9045,139.2912,3039200.0
2014-11-18,139.2991,139.9936,139.2596,139.6621,4056400.0
2014-11-19,139.5753,139.8436,139.1333,139.6384,3608100.0
2014-11-20,138.9811,139.9147,138.9257,139.891,2403200.0
2014-11-21,141.2507,141.314,140.2695,140.6018,3868100.0
2014-11-24,140.8788,141.0133,140.5148,140.681,2176600.0
2014-11-25,140.9658,140.9895,140.4911,140.8076,5226100.0
2014-11-26,140.8076,140.9104,140.5623,140.8471,2296700.0
2014-11-28,140.9342,141.3852,140.7284,140.9183,3582300.0
2014-12-01,140.4752,140.855,140.0638,140.5227,5439200.0
2014-12-02,140.586,141.4564,140.5781,141.2823,3218300.0
2014-12-03,141.306,141.7412,141.1636,141.5988,7781500.0
2014-12-04,141.4168,141.8678,140.863,141.4959,4294300.0
2014-12-05,141.8441,142.2793,141.6225,142.034,3755100.0
2014-12-08,141.5988,142.0577,140.8155,141.2665,5151300.0
2014-12-09,139.8739,140.863,139.4308,140.8076,6287800.0
2014-12-10,140.4278,140.4436,138.4734,138.695,6696700.0
2014-12-11,139.1697,140.5702,139.0194,139.2805,5852600.0
2014-12-12,138.2835,138.9956,136.8277,136.8831,8946800.0
2014-12-15,137.5081,137.7771,135.4668,135.9257,7808100.0
2014-12-16,135.5142,137.9829,135.0949,135.1819,11454900.0
2014-12-17,135.5142,137.6585,135.3639,137.3499,11703200.0
2014-12-18,139.2378,140.7048,138.7541,140.6731,8658700.0
2014-12-19,140.9771,141.4766,140.4696,140.8661,9860700.0
2014-12-22,141.318,142.222,141.2942,142.222,6852600.0
2014-12-23,142.6185,143.0466,142.4757,142.7533,5132800.0
2014-12-24,142.8881,143.1577,142.6819,142.7533,1505800.0
2014-12-26,143.118,143.2925,142.8801,142.8801,1719100.0
2014-12-29,142.6343,143.0308,142.5788,142.8167,2239600.0
2014-12-30,142.4361,142.6264,142.1268,142.3013,2749000.0
2014-12-31,142.5867,142.8246,141.0484,141.0484,4057700.0
2015-01-02,141.659,142.1189,140.3348,141.096,4638500.0
2015-01-05,140.3982,140.5172,138.3366,138.6379,5141800.0
2015-01-06,138.8441,139.193,136.6397,137.4881,7533100.0
2015-01-07,138.6458,139.3912,138.1621,139.2326,4918300.0
2015-01-08,140.5727,141.9048,140.5172,141.7462,6238200.0
2015-01-09,141.9207,141.9841,140.0573,140.5251,5797200.0
2015-01-12,140.6995,140.8502,139.1295,139.748,4020200.0
2015-01-13,140.9216,141.9603,138.5269,139.5418,8800600.0
2015-01-14,137.5278,138.5427,136.719,138.0194,9763800.0
2015-01-15,138.5597,138.8296,137.028,137.2265,7415900.0
2015-01-16,136.9553,138.86,136.5981,138.6219,8017600.0
2015-01-20,139.0663,139.3679,137.4076,138.8044,5641500.0
2015-01-21,138.2886,139.479,137.8203,139.1615,5787500.0
2015-01-22,139.6298,141.3757,138.4949,141.2012,7801900.0
2015-01-23,141.0345,141.1218,139.9869,140.0028,4377300.0
2015-01-26,139.8044,140.2409,139.1854,140.0742,3537500.0
2015-01-27,137.8203,138.6854,136.9711,137.7648,9885500.0
2015-01-28,138.5266,138.5743,136.1775,136.2807,8295900.0
2015-01-29,136.6299,138.1457,135.7569,138.0108,8621800.0
2015-01-30,137.4632,138.0584,135.9236,136.0664,8710800.0
2015-02-02,136.4632,137.6378,134.995,137.5108,8237500.0
2015-02-03,138.1933,139.9948,138.1695,139.9393,6948600.0
2015-02-04,139.5187,140.9234,139.5028,140.098,5356500.0
2015-02-05,140.6932,141.7726,140.5424,141.7011,4682300.0
2015-02-06,141.9154,142.344,140.852,141.3361,6632900.0
2015-02-09,140.6139,141.217,140.2171,140.5424,3540800.0
2015-02-10,141.3996,141.8599,140.5821,141.6694,3384900.0
2015-02-11,141.3361,142.1297,141.0027,141.8202,4432800.0
2015-02-12,142.2725,142.7963,142.0583,142.7249,3550200.0
2015-02-13,142.8043,143.2804,142.6614,143.1217,3674600.0
2015-02-17,142.8995,143.4074,142.6217,143.3042,2638600.0
2015-02-18,142.9868,143.3915,142.8281,143.2249,2373700.0
2015-02-19,142.7482,143.1939,142.3981,142.9233,2482800.0
2015-02-20,142.5653,144.1966,142.048,144.1489,8031800.0
2015-02-23,143.8067,143.9738,143.4964,143.9738,2566900.0
2015-02-24,144.0614,144.881,143.95,144.7617,3981900.0
2015-02-25,144.6821,144.9686,144.4831,144.8014,2688900.0
2015-02-26,144.7696,145.0243,144.3558,144.8412,2761500.0
2015-02-27,144.7776,144.7855,144.1569,144.1887,2697000.0
2015-03-02,144.3319,145.3744,144.3319,145.3744,3029200.0
2015-03-03,145.0163,145.1436,144.1887,144.7298,2598600.0
2015-03-04,144.3638,144.3638,143.3452,143.8624,3496800.0
2015-03-05,144.2364,144.3956,143.8067,144.1728,2281700.0
2015-03-06,143.3372,143.743,141.7456,141.9684,6648900.0
2015-03-09,142.0719,143.3929,142.0719,143.0825,3643100.0
2015-03-10,141.9525,142.056,140.5997,140.6076,5677200.0
2015-03-11,140.8305,141.0851,140.2416,140.3371,5101900.0
2015-03-12,141.0453,142.4618,141.0135,142.422,3773300.0
2015-03-13,141.9605,142.048,140.2734,141.3,6554100.0
2015-03-16,141.8491,143.1701,141.8491,143.0666,4854600.0
2015-03-17,142.2788,142.422,141.5387,142.048,5092100.0
2015-03-18,141.5785,144.0454,140.8305,143.8226,10467500.0
2015-03-19,143.3857,143.5531,142.6921,142.9711,5438600.0
2015-03-20,143.8569,144.8215,143.6258,144.2555,5552200.0
2015-03-23,144.3273,144.8853,144.1599,144.1678,3091900.0
2015-03-24,144.0084,144.4389,143.3069,143.3547,3429400.0
2015-03-25,143.4504,143.6178,141.0031,141.035,6973500.0
2015-03-26,140.4212,141.3379,139.8711,140.6842,6043300.0
2015-03-27,140.5646,141.0748,140.2777,140.9473,3562200.0
2015-03-30,142.143,143.2989,142.1191,143.004,5048400.0
2015-03-31,142.3104,142.7569,141.4415,141.5611,4277000.0
2015-04-01,141.5292,141.5292,139.9588,140.8915,6916300.0
2015-04-02,140.8596,141.8242,140.6444,141.3618,3029300.0
2015-04-06,140.5567,142.8286,140.3654,142.3662,5949800.0
2015-04-07,142.5097,143.1554,142.2307,142.2307,5542600.0
2015-04-08,142.3742,143.1395,141.864,142.4938,4434300.0
2015-04-09,142.422,143.1953,141.88,143.012,4296200.0
2015-04-10,143.2272,143.841,142.8366,143.7852,3232000.0
2015-04-13,143.6258,144.1758,143.0837,143.2033,3090200.0
2015-04-14,143.1554,143.9207,142.5336,143.6337,4583900.0
2015-04-15,144.128,144.5903,143.849,144.1918,3723800.0
2015-04-16,144.0163,144.6943,143.8328,144.2157,3598800.0
2015-04-17,143.002,143.1137,141.3189,141.9411,8016400.0
2015-04-20,143.0339,144.0789,142.9063,143.6082,4965300.0
2015-04-21,144.1427,144.2863,142.7627,142.994,3328600.0
2015-04-22,143.337,143.7837,142.4277,143.6322,4717000.0
2015-04-23,143.1376,144.4378,142.9461,143.8794,4370100.0
2015-04-24,143.9752,144.2384,143.4168,144.0151,3012400.0
2015-04-27,144.7489,144.8127,143.5524,143.7199,4541600.0
2015-04-28,143.8715,144.3341,142.6909,144.2544,4274000.0
2015-04-29,143.4248,144.1507,142.9781,143.6401,5554400.0
2015-04-30,143.345,143.6003,141.5502,142.1325,7009300.0
2015-05-01,142.9541,143.5923,142.7707,143.5045,3583200.0
2015-05-04,143.8555,144.4219,143.7837,143.9353,2947200.0
2015-05-05,143.7678,144.0549,142.6111,142.7946,4989800.0
2015-05-06,143.4806,143.7837,141.3907,142.3,6487400.0
2015-05-07,142.0846,143.345,141.9012,143.01,3797800.0
2015-05-08,144.5016,145.1956,144.4458,145.06,5070400.0
2015-05-11,144.9962,145.1797,144.2863,144.4458,3485100.0
2015-05-12,143.6641,144.5655,142.994,144.1586,4454200.0
2015-05-13,144.2544,144.733,143.9672,144.1826,3610800.0
2015-05-14,145.0268,145.6904,144.9549,145.6104,4485900.0
2015-05-15,145.6925,145.9084,145.4127,145.8844,4221800.0
2015-05-18,145.8444,146.3081,145.6526,146.0443,2647500.0
2015-05-19,146.2362,146.532,145.7965,146.2442,2559500.0
2015-05-20,146.484,146.5799,145.9404,146.0683,3359900.0
2015-05-21,145.9963,146.3321,145.7885,146.1322,2570900.0
2015-05-22,145.9084,146.0923,145.5326,145.7085,2199500.0
2015-05-26,145.4447,145.4447,143.7339,144.1976,5271000.0
2015-05-27,144.5173,145.3328,144.2615,145.1169,3350500.0
2015-05-28,144.7892,144.965,144.4214,144.9331,3485000.0
2015-05-29,144.8371,144.8531,143.6379,143.9897,4653900.0
2015-06-01,144.7012,144.8211,143.7499,144.2215,4183116.0
2015-06-02,143.9657,144.6692,143.3182,144.0217,4534039.0
2015-06-03,144.5973,145.2928,143.9977,144.6053,4518062.0
2015-06-04,144.0457,144.6373,142.9264,143.2702,6800806.0
2015-06-05,143.1743,143.4701,142.5027,142.7026,4758491.0
2015-06-08,142.7106,142.7825,142.047,142.151,4019667.0
2015-06-09,142.119,142.5107,141.6633,142.071,4277768.0
2015-06-10,142.6066,144.3335,142.6066,143.9497,5187768.0
2015-06-11,144.4534,144.9091,144.2136,144.4134,3007056.0
2015-06-12,143.7898,143.9497,142.8785,143.2062,4369573.0
2015-06-15,142.2469,142.5987,141.5913,142.3828,5073293.0
2015-06-16,142.4068,143.3901,142.2069,143.2702,3140292.0
2015-06-17,143.6299,144.0137,142.6946,143.486,3450974.0
2015-06-18,144.0673,145.454,144.0112,144.965,5580555.0
2015-06-19,144.7969,144.8771,144.0916,144.0916,3537793.0
2015-06-22,145.1096,145.4863,144.821,145.0214,3843563.0
2015-06-23,145.1817,145.5424,144.8851,145.1817,2677431.0
2015-06-24,144.7328,145.0615,143.795,143.811,3564455.0
2015-06-25,144.3481,144.3801,143.1537,143.2018,3423745.0
2015-06-26,143.6507,144.1477,143.2259,143.5866,4499851.0
2015-06-29,142.3602,142.8491,140.749,140.7891,7200205.0
2015-06-30,141.8952,141.8952,140.6368,140.9333,6727279.0
2015-07-01,142.3281,142.5365,141.5425,142.1998,3889951.0
2015-07-02,142.5125,142.7209,141.5987,141.9193,3790402.0
2015-07-06,140.757,141.9914,140.5486,141.6227,3491387.0
2015-07-07,141.783,142.4644,139.8272,142.3842,7262896.0
2015-07-08,141.1658,141.4303,140.0997,140.276,6508992.0
2015-07-09,141.9994,142.2559,140.4764,140.4845,4273432.0
2015-07-10,142.0556,142.5205,141.5746,142.2079,4277233.0
2015-07-13,143.3621,144.0435,143.314,143.9633,3656781.0
2015-07-14,143.8431,144.7168,143.7308,144.5485,2584666.0
2015-07-15,144.5404,144.8611,144.2038,144.5565,3239062.0
2015-07-16,145.2459,145.286,144.6843,145.1416,2330650.0
2015-07-17,144.8143,144.9186,144.4291,144.8544,2601134.0
2015-07-20,145.1111,145.3037,144.71,144.9747,2805150.0
2015-07-21,144.1724,144.1884,143.1615,143.5947,4530361.0
2015-07-22,143.2337,143.5546,142.6881,143.0571,3120186.0
2015-07-23,143.0812,143.0973,141.8777,142.1425,4409016.0
2015-07-24,142.2227,142.2227,140.6582,140.8266,4362450.0
2015-07-27,139.9842,140.2329,139.4306,139.7916,4988226.0
2015-07-28,140.2971,141.4364,139.8478,141.3,5375681.0
2015-07-29,141.4765,142.4634,141.3482,142.2227,3921705.0
2015-07-30,142.0462,142.327,141.3161,142.1906,3505097.0
2015-07-31,142.5517,142.5998,141.6049,141.7574,4239905.0
2015-08-03,141.8857,141.9178,140.1928,141.0112,4210775.0
2015-08-04,141.0433,141.3161,140.265,140.6662,3865239.0
2015-08-05,141.0834,141.629,140.4335,140.6983,4428409.0
2015-08-06,140.7945,140.9309,139.3263,139.7836,5117239.0
2015-08-07,139.5188,139.7034,138.6443,139.4787,5845304.0
2015-08-10,140.249,141.4685,140.249,141.3642,4039761.0
2015-08-11,140.1126,140.3212,139.2701,139.6953,5780626.0
2015-08-12,138.6683,139.928,137.521,139.7756,7309648.0
2015-08-13,139.5991,140.3854,139.246,139.8558,4780629.0
2015-08-14,139.7435,140.4736,139.6552,140.3292,2630631.0
2015-08-17,139.7996,140.9951,139.3022,140.9711,3851222.0
2015-08-18,140.6341,141.1556,140.4736,140.6742,3459752.0
2015-08-19,139.8719,140.8026,138.901,139.3985,9766959.0
2015-08-20,138.2083,138.4498,136.5742,136.5742,10535842.0
2015-08-21,135.0049,135.7696,132.3406,132.3889,17488270.0
2015-08-24,125.4905,131.5678,121.1921,127.4868,33533671.0
2015-08-25,131.4712,131.753,125.8044,125.9654,18339973.0
2015-08-26,129.1047,131.1251,126.9153,130.9319,18396963.0
2015-08-27,132.6947,134.0148,131.2378,133.9827,13977416.0
2015-08-28,133.395,134.1195,133.0087,133.8861,7115052.0
2015-08-31,133.0972,133.7653,132.2681,132.9604,6081320.0
2015-09-01,129.9177,130.8997,128.5815,129.161,12417836.0
2015-09-02,131.109,131.592,129.8291,131.5759,7308577.0
2015-09-03,132.2762,133.2099,131.3102,131.7449,7725843.0
2015-09-04,129.9338,130.3604,128.984,129.5716,7861330.0
2015-09-08,131.8576,132.8396,131.431,132.743,6233703.0
2015-09-09,134.047,134.1919,130.5858,130.8192,7021312.0
2015-09-10,130.8353,132.413,130.5214,131.5195,7982570.0
2015-09-11,131.1251,132.3647,130.8112,132.3245,5714819.0
2015-09-14,132.3808,132.4774,131.5034,131.8254,3662733.0
2015-09-15,132.3003,134.047,131.9864,133.709,6015763.0
2015-09-16,133.9907,134.9486,133.6204,134.8359,5115726.0
2015-09-17,134.7644,136.3936,134.0063,134.2724,13868351.0
2015-09-18,132.2709,133.271,131.6256,131.8999,9352594.0
2015-09-21,132.8112,133.5291,132.0047,132.9967,7263269.0
2015-09-22,131.1579,131.7547,130.6417,131.4643,8664438.0
2015-09-23,131.674,131.7708,130.561,131.1337,4387593.0
2015-09-24,129.9481,130.8514,128.9883,130.553,7776287.0
2015-09-25,132.1176,132.6177,130.7062,131.3676,9993756.0
2015-09-28,130.6901,130.7062,128.706,128.8754,9146375.0
2015-09-29,129.0286,129.819,128.3834,129.2302,9591071.0
2015-09-30,130.6901,131.2627,129.8916,131.1579,7280875.0
2015-10-01,131.4724,131.6982,129.4561,131.053,6515457.0
2015-10-02,129.327,132.7387,128.9883,132.7387,11365170.0
2015-10-05,133.6742,135.3195,133.4726,135.1582,6017121.0
2015-10-06,135.2873,135.8438,134.8921,135.247,6231906.0
2015-10-07,135.9809,136.6906,135.0695,136.2632,7972286.0
2015-10-08,136.0212,137.6424,135.8438,137.4085,7748639.0
2015-10-09,137.6101,137.8924,137.1907,137.723,4508038.0
2015-10-12,137.6988,138.1021,137.4891,138.0537,2677497.0
2015-10-13,137.3117,138.3844,137.223,137.6262,5416884.0
2015-10-14,137.4649,137.8762,136.0777,136.36,5255463.0
2015-10-15,136.6254,138.1747,136.456,138.1747,6357773.0
2015-10-16,138.3357,138.7553,137.8354,138.6908,7487356.0
2015-10-19,138.2066,138.8925,138.013,138.8844,4189256.0
2015-10-20,138.4568,139.1023,138.1743,138.7957,3955062.0
2015-10-21,139.1426,139.5541,138.247,138.368,5351478.0
2015-10-22,139.2395,141.1357,139.1668,141.0469,8014025.0
2015-10-23,142.0152,142.5316,141.5069,142.3138,6142336.0
2015-10-26,142.2089,142.3864,141.9103,142.0313,3364449.0
2015-10-27,141.4746,142.1685,141.402,141.7489,3612204.0
2015-10-28,142.0233,143.3708,141.4988,143.3708,6516513.0
2015-10-29,142.8463,143.395,142.5558,143.1287,4055709.0
2015-10-30,143.3385,143.4918,142.3783,142.4106,4615414.0
2015-11-02,142.7172,143.863,142.6042,143.7258,3253137.0
2015-11-03,143.5645,144.9201,143.4676,144.4924,3975128.0
2015-11-04,144.8394,144.912,143.7823,144.1535,4739505.0
2015-11-05,144.2342,144.6376,143.4111,144.1454,4066586.0
2015-11-06,144.0244,144.5731,143.395,144.5489,5758683.0
2015-11-09,144.0325,144.1132,142.6042,143.161,6036839.0
2015-11-10,142.806,143.516,142.6042,143.4515,3945849.0
2015-11-11,143.7662,143.8227,142.9109,142.9916,2704524.0
2015-11-12,142.0878,142.2976,140.8775,140.942,5621255.0
2015-11-13,140.4579,140.8452,139.2314,139.2798,6238868.0
2015-11-16,139.191,141.2567,138.9086,141.2244,4672048.0
2015-11-17,141.6924,142.2169,141.0146,141.3374,5796638.0
2015-11-18,141.757,143.508,141.7409,143.4111,5715105.0
2015-11-19,142.9661,143.6704,142.9418,143.3547,3540732.0
2015-11-20,144.2315,144.8791,143.8187,144.1425,7208239.0
2015-11-23,144.0939,144.4825,143.5273,143.8834,2348187.0
2015-11-24,143.0173,144.4258,142.9687,144.0777,3867059.0
2015-11-25,144.102,144.3611,143.9239,144.0373,2008983.0
2015-11-27,143.932,144.2396,143.5758,144.013,2814093.0
2015-11-30,144.1992,144.3611,143.3896,143.4706,3394677.0
2015-12-01,144.0292,144.8225,143.8025,144.7496,4616110.0
2015-12-02,144.612,144.9358,143.3492,143.5192,5696636.0
2015-12-03,143.8187,143.9644,141.0663,141.5277,6429729.0
2015-12-04,141.8677,144.6444,141.7787,144.4339,5946648.0
2015-12-07,144.1101,144.1587,142.8149,143.5596,4925126.0
2015-12-08,142.2158,143.1711,141.6006,142.2887,6333935.0
2015-12-09,142.0216,143.8996,140.9206,141.6573,8352797.0
2015-12-10,141.8111,143.3896,141.5439,142.3777,5413732.0
2015-12-11,140.5725,141.1635,139.6011,139.8278,8503134.0
2015-12-14,140.022,140.8154,138.8483,140.7749,11946472.0
2015-12-15,141.5925,142.8392,141.5925,142.0377,6495445.0
2015-12-16,142.823,144.0939,141.6411,143.8025,9843911.0
2015-12-17,144.2211,144.2536,141.7382,141.7463,7333121.0
2015-12-18,141.0546,141.1114,138.7178,138.7502,10256878.0
2015-12-21,139.7888,140.016,138.6772,139.7645,5732463.0
2015-12-22,140.4542,141.4116,139.6996,141.1925,5607006.0
2015-12-23,142.1743,142.6612,141.8011,142.6531,6173436.0
2015-12-24,142.5314,142.6612,142.1419,142.1743,1635999.0
2015-12-28,141.582,142.1013,141.2818,141.9796,2695019.0
2015-12-29,142.9614,143.8296,142.8072,143.6024,3862166.0
2015-12-30,143.2697,143.3914,142.4989,142.645,2723345.0
2015-12-31,142.0932,142.5232,141.1601,141.1763,5502420.0
2016-01-04,138.7908,139.0099,137.4114,138.9855,11486362.0
2016-01-05,139.3101,139.3506,138.0767,139.0667,7460307.0
2016-01-06,137.0625,137.9145,136.3241,137.0787,7951112.0
2016-01-07,134.6607,136.2673,133.4598,133.8493,13117489.0
2016-01-08,134.6607,135.0096,132.259,132.4537,11454572.0
2016-01-11,133.2002,133.4761,131.5693,132.9324,11861297.0
2016-01-12,134.0359,134.5147,132.2995,133.8412,9731749.0
2016-01-13,134.3199,134.5634,130.693,130.9202,14844248.0
2016-01-14,131.4631,133.6307,130.3184,132.7377,13584578.0
2016-01-15,129.2922,130.3638,128.456,129.6332,17555893.0
2016-01-19,131.0701,131.2081,128.9269,129.9092,9730070.0
2016-01-20,127.6604,128.9837,125.3224,127.9527,14878613.0
2016-01-21,128.1151,130.1284,127.36,128.7564,15109842.0
2016-01-22,130.6317,130.8996,129.5845,130.5343,6679139.0
2016-01-25,130.2258,130.4775,128.8132,128.8376,5014836.0
2016-01-26,129.487,131.2893,129.4789,131.1432,4980460.0
2016-01-27,130.3557,131.7033,128.7645,129.3247,9286490.0
2016-01-28,130.445,130.6236,128.6509,130.307,7713071.0
2016-01-29,131.2,133.465,130.9727,133.4407,5750371.0
2016-02-01,132.6451,133.9278,132.1823,133.4163,5356145.0
2016-02-02,132.0849,132.0849,130.6561,131.0376,6275078.0
2016-02-03,131.8576,132.9373,129.4708,132.4908,13478361.0
2016-02-04,132.1823,133.7898,131.9875,133.2539,7952077.0
2016-02-05,133.0347,133.1484,130.8834,131.4679,7212996.0
2016-02-08,129.9823,130.5505,128.3099,130.1771,11990078.0
2016-02-09,128.7077,131.0782,128.6833,130.0878,10806401.0
2016-02-10,130.6886,131.7602,129.2679,129.3977,7161270.0
2016-02-11,127.2951,128.2855,126.0449,127.2951,14031022.0
2016-02-12,128.3992,129.8767,127.9933,129.8767,5628153.0
2016-02-16,131.3218,131.7521,130.3963,131.679,5084006.0
2016-02-17,132.7019,134.1632,132.5964,133.8953,5254758.0
2016-02-18,134.2225,134.3203,133.375,133.5624,4781915.0
2016-02-19,132.9697,133.4831,132.4889,133.3934,4271452.0
2016-02-22,134.738,135.6425,134.5587,135.2187,3207049.0
2016-02-23,134.9498,135.0721,133.5075,133.7601,4352958.0
2016-02-24,132.4971,134.3713,131.5681,134.1839,6448080.0
2016-02-25,134.4772,135.9521,133.9638,135.9521,3694441.0
2016-02-26,136.767,136.8566,135.3654,135.4958,3547002.0
2016-02-29,135.398,136.2536,134.4202,134.4202,3179966.0
2016-03-01,135.2758,137.3781,135.0313,137.3211,3630776.0
2016-03-02,136.9137,137.6552,136.5307,137.6226,2885867.0
2016-03-03,137.4922,138.03,136.9951,137.9974,2771466.0
2016-03-04,138.1441,138.9753,137.647,138.5434,3311024.0
2016-03-07,138.0137,139.2849,137.9567,139.0323,3065839.0
2016-03-08,138.3641,139.1464,137.8915,138.2174,2636848.0
2016-03-09,138.8612,139.0079,138.1522,138.5434,2519229.0
2016-03-10,139.073,139.6679,137.1418,138.576,4582541.0
2016-03-11,139.7249,140.442,139.676,140.3442,3348735.0
2016-03-14,139.9124,140.882,139.9124,140.4909,2397178.0
2016-03-15,139.839,140.7028,139.6027,140.6783,2279846.0
2016-03-16,140.3279,141.7377,140.2872,141.3547,3370130.0
2016-03-17,141.3439,142.9363,141.0336,142.5525,3786604.0
2016-03-18,143.1282,143.6834,142.9403,143.4711,4205706.0
2016-03-21,143.414,143.8958,143.1118,143.7324,2488346.0
2016-03-22,143.1526,143.9366,143.0302,143.4793,3246375.0
2016-03-23,143.0873,143.3568,142.581,142.7525,3735658.0
2016-03-24,141.9686,142.8587,141.8461,142.8587,4842634.0
2016-03-28,143.0138,143.3895,142.63,143.0057,2945324.0
2016-03-29,142.4912,143.8713,142.14,143.7814,5106958.0
2016-03-30,144.6307,145.0717,144.1408,144.4511,3599565.0
2016-03-31,144.4837,144.7859,144.0754,144.2469,2606496.0
2016-04-01,143.4875,145.235,143.2425,145.1289,3744159.0
2016-04-04,145.0554,145.2595,144.4429,144.6389,2091014.0
2016-04-05,143.7896,144.5082,143.3731,143.5773,3842099.0
2016-04-06,143.61,144.6144,143.1037,144.5736,3515542.0
2016-04-07,143.561,143.9121,142.6463,143.1445,4419381.0
2016-04-08,143.9284,144.3857,142.9975,143.4466,2389133.0
2016-04-11,143.8223,144.6797,143.2343,143.267,2997381.0
2016-04-12,143.5038,144.7695,143.2016,144.6144,3370854.0
2016-04-13,145.3575,146.1905,145.2922,146.1088,4380408.0
2016-04-14,146.1986,146.5827,145.9616,146.264,3066733.0
2016-04-15,146.2721,146.3947,145.7981,146.0188,2934347.0
2016-04-18,145.5693,146.9586,145.5448,146.9177,2323630.0
2016-04-19,147.2119,147.7268,146.7625,147.359,2717956.0
2016-04-20,147.0975,148.2579,147.0975,147.7104,2434691.0
2016-04-21,147.6205,147.8166,146.6235,146.8523,2209056.0
2016-04-22,146.7788,147.1629,146.1741,147.0158,2200699.0
2016-04-25,146.4683,146.7625,145.7328,146.7216,2307645.0
2016-04-26,146.9668,147.31,146.3702,146.8033,1960094.0
2016-04-27,146.3784,147.6287,146.2721,147.3018,3355255.0
2016-04-28,146.3293,147.2201,145.2506,145.6265,3265385.0
2016-04-29,144.9728,145.4222,144.0657,145.128,4457838.0
2016-05-02,145.5285,146.2067,145.0627,146.0351,2082310.0
2016-05-03,145.0381,145.3242,144.2209,144.891,4437213.0
2016-05-04,144.1392,144.8175,143.747,144.0902,3096455.0
2016-05-05,144.507,144.8257,143.8287,144.1882,1646059.0
2016-05-06,143.5753,144.9728,143.5672,144.9237,2658090.0
2016-05-09,144.8502,145.267,144.3353,144.6295,1794382.0
2016-05-10,145.2343,146.5009,145.1689,146.4437,2662201.0
2016-05-11,146.0351,146.2313,144.8584,144.891,2409543.0
2016-05-12,145.3078,145.5612,144.1556,144.9891,2403260.0
2016-05-13,144.5642,145.0708,143.2239,143.4037,3019166.0
2016-05-16,143.5753,145.2179,143.4854,144.8584,2214300.0
2016-05-17,144.6132,144.842,142.9461,143.4691,2957368.0
2016-05-18,143.0768,144.4252,142.6274,143.5263,3844074.0
2016-05-19,142.9714,143.1764,141.9217,142.75,4300956.0
2016-05-20,143.2843,143.9568,143.1121,143.3171,2576898.0
2016-05-23,143.3827,143.7846,143.1859,143.3335,1585913.0
2016-05-24,144.1372,145.3509,144.047,145.0393,2627097.0
2016-05-25,145.5641,146.581,145.5231,146.2038,2556949.0
2016-05-26,146.376,146.54,145.8266,146.0398,2114540.0
2016-05-27,146.1546,146.458,146.0234,146.3842,1535817.0
2016-05-31,146.7779,146.7779,145.2607,145.6872,2196067.0
2016-06-01,145.1377,145.9578,144.7851,145.7528,2382790.0
2016-06-02,145.4001,146.2284,145.1377,146.2038,1777654.0
2016-06-03,145.8676,146.212,145.0147,146.0234,3463979.0
2016-06-06,146.376,147.1715,146.3104,146.9419,2578530.0
2016-06-07,147.1715,147.6061,147.0731,147.1059,1384538.0
2016-06-08,147.2945,147.762,147.2371,147.6635,1578534.0
2016-06-09,147.0977,147.6471,146.9091,147.5159,1975085.0
2016-06-10,146.5482,146.9911,146.0644,146.5564,3852573.0
2016-06-13,145.9742,146.7943,145.4493,145.4493,4278696.0
2016-06-14,145.1541,145.4985,144.3258,144.9983,3351329.0
2016-06-15,145.3591,145.843,144.6457,144.8015,2285314.0
2016-06-16,144.1098,145.7039,143.3456,145.5313,4141320.0
2016-06-17,145.5274,145.5685,144.4345,145.0508,2442598.0
2016-06-20,146.5956,147.2777,146.0697,146.1026,2789058.0
2016-06-21,146.3738,146.7025,146.0451,146.3163,1739362.0
2016-06-22,146.4559,147.0476,145.7986,145.9136,2798560.0
2016-06-23,147.1051,147.7707,146.8175,147.7543,2746122.0
2016-06-24,143.432,145.1823,142.4048,142.7828,10493310.0
2016-06-27,141.731,141.731,139.9972,140.6792,7245303.0
2016-06-28,142.0351,142.8486,141.5009,142.8321,5014285.0
2016-06-29,143.9333,145.2973,143.8018,145.1494,4836334.0
2016-06-30,145.4863,147.1544,145.3302,147.0887,4713084.0
2016-07-01,146.9079,147.7461,146.9079,147.3434,3621889.0
2016-07-05,146.7435,146.8257,145.9876,146.4395,2961641.0
2016-07-06,145.9465,147.1708,145.4124,147.0722,5142003.0
2016-07-07,147.2119,147.6885,146.2998,146.9161,2192281.0
2016-07-08,147.9186,149.1923,147.894,148.9786,4382078.0
2016-07-11,149.4388,150.1455,149.3731,149.6525,2130867.0
2016-07-12,150.3838,150.885,150.1948,150.696,2838400.0
2016-07-13,150.9343,151.0329,150.4167,150.8686,2246823.0
2016-07-14,152.0684,152.2411,151.6572,151.9861,3168840.0
2016-07-15,152.4177,152.5411,151.6776,152.0312,3424677.0
2016-07-18,151.9901,152.4424,151.8914,152.1957,1939594.0
2016-07-19,152.1381,152.4753,151.9819,152.4753,1874221.0
2016-07-20,152.87,153.018,152.4506,152.7713,1993103.0
2016-07-21,152.5739,152.7302,151.7516,152.1134,2660350.0
2016-07-22,152.1299,152.5986,151.9325,152.5493,1979408.0
2016-07-25,152.3519,152.3766,151.6118,151.9737,1826566.0
2016-07-26,151.8092,152.1463,151.0609,151.801,3162771.0
2016-07-27,152.245,152.3601,151.398,151.7845,2646213.0
2016-07-28,151.5378,151.8503,150.9129,151.6201,2260287.0
2016-07-29,151.1842,151.7187,150.9293,151.4145,3304935.0
2016-08-01,151.5954,151.7352,150.7977,151.2007,2772028.0
2016-08-02,151.0609,151.2089,149.9178,150.4606,4377884.0
2016-08-03,150.3619,150.8388,150.2468,150.7813,2159618.0
2016-08-04,150.8964,151.2171,150.6086,150.8553,2264270.0
2016-08-05,151.6365,152.3601,150.8306,152.3437,2744148.0
2016-08-08,152.5411,152.7055,152.1463,152.3601,1980785.0
2016-08-09,152.4424,152.8371,152.1792,152.4177,1800106.0
2016-08-10,152.4588,152.7795,151.9983,152.2286,1523071.0
2016-08-11,152.7055,153.4292,152.6233,153.1989,2031584.0
2016-08-12,153.0673,153.1578,152.5493,152.87,2130147.0
2016-08-15,153.2811,153.6759,153.2236,153.3798,1470735.0
2016-08-16,153.092,153.2565,152.722,152.7549,1500872.0
2016-08-17,152.7302,153.1414,152.2039,153.0344,2838541.0
2016-08-18,152.9265,153.2896,152.7202,153.2318,2128863.0
2016-08-19,152.9151,153.2039,152.4364,152.9316,2013740.0
2016-08-22,152.6263,153.0966,152.2219,152.7665,2944633.0
2016-08-23,153.2452,153.6,152.8738,152.9151,1534968.0
2016-08-24,152.717,152.8326,152.0733,152.3869,1649945.0
2016-08-25,152.0733,152.4942,151.9248,152.1476,1921622.0
2016-08-26,152.3539,153.1131,151.1326,151.6937,3186427.0
2016-08-29,151.702,152.7005,151.702,152.5272,2070317.0
2016-08-30,152.6097,152.7913,151.8588,152.2632,1713509.0
2016-08-31,152.0486,152.1394,151.2399,151.7928,1734517.0
2016-09-01,151.6195,152.0733,150.9345,151.9248,2630548.0
2016-09-02,152.618,153.0141,152.1064,152.552,2451362.0
2016-09-06,152.7583,153.0719,152.2136,152.9316,1963138.0
2016-09-07,152.9728,152.9976,152.486,152.9316,1705638.0
2016-09-08,152.4034,152.7583,152.2384,152.519,1858503.0
2016-09-09,151.4874,151.636,149.2923,149.2923,7065203.0
2016-09-12,148.6156,151.5452,148.4836,151.2646,5683991.0
2016-09-13,150.1918,150.4559,148.855,149.2015,5744658.0
2016-09-14,149.2346,149.9773,148.5496,148.8962,2779889.0
2016-09-15,148.8354,150.704,148.7279,150.4064,3759863.0
2016-09-16,150.0709,150.0709,149.1945,149.6327,2555722.0
2016-09-19,150.3851,150.7489,149.3847,149.641,1967396.0
2016-09-20,150.3273,150.5174,149.6823,149.6989,1810393.0
2016-09-21,150.2032,151.1789,149.6244,151.0301,3980253.0
2016-09-22,151.8569,152.353,151.5758,151.8569,2106284.0
2016-09-23,151.6502,151.7411,150.7241,150.8316,1279221.0
2016-09-26,150.0792,150.1123,149.3102,149.4508,2187260.0
2016-09-27,149.3102,150.6001,149.0291,150.4844,3448674.0
2016-09-28,150.782,151.5014,150.0875,151.3939,2291510.0
2016-09-29,151.1624,151.6585,149.3681,149.8394,3191472.0
2016-09-30,150.5918,151.675,150.4595,151.1293,3415410.0
2016-10-03,150.7407,150.9557,150.3025,150.7489,1855044.0
2016-10-04,150.997,151.2533,149.5996,150.0544,2646099.0
2016-10-05,150.6166,151.3277,150.5753,151.0301,1685135.0
2016-10-06,150.7655,151.0962,150.0461,150.9143,2233166.0
2016-10-07,151.1458,151.3029,149.9221,150.6663,2376144.0
2016-10-10,151.4766,152.014,151.3443,151.4104,1732303.0
2016-10-11,151.1954,151.2202,149.2028,149.8229,3710264.0
2016-10-12,149.6575,150.319,149.3764,149.9634,1725186.0
2016-10-13,148.9382,149.8394,148.3594,149.5252,3233479.0
2016-10-14,150.4844,150.8647,149.8477,149.8973,2417566.0
2016-10-17,149.7981,150.0792,149.2028,149.426,1630529.0
2016-10-18,150.5174,150.567,149.7567,149.9634,1545013.0
2016-10-19,150.3603,150.8234,150.1288,150.4844,1332544.0
2016-10-20,150.253,150.8572,149.8392,150.104,2049967.0
2016-10-21,149.4091,150.1788,149.1691,149.9885,4744291.0
2016-10-24,150.8989,151.0479,150.3444,150.6009,1749583.0
2016-10-25,150.4851,150.7747,150.0133,150.2037,2614836.0
2016-10-26,149.4588,150.7334,149.2684,150.4437,3026176.0
2016-10-27,150.8658,150.9237,149.9967,150.245,1852866.0
2016-10-28,150.4851,150.8989,149.5333,150.1043,3430395.0
2016-10-31,150.2119,150.3857,149.8478,149.9471,1268834.0
2016-11-01,150.2119,150.2368,148.2669,149.078,3351759.0
2016-11-02,148.6973,149.1525,148.1924,148.4407,3308927.0
2016-11-03,148.7304,148.8877,148.0186,148.2421,1748136.0
2016-11-04,148.1842,148.7056,147.8531,147.911,4076820.0
2016-11-07,149.9471,151.0065,149.8478,150.932,2896482.0
2016-11-08,150.7996,152.3225,150.6506,151.7762,3215227.0
2016-11-09,150.5513,154.3999,150.4271,153.9116,7438618.0
2016-11-10,154.6234,156.2787,154.2344,155.7076,8225444.0
2016-11-11,155.5586,156.1214,155.1117,155.989,4562126.0
2016-11-14,156.5187,156.7504,155.7655,156.2373,4239968.0
2016-11-15,156.229,156.7173,155.7159,156.7091,3326454.0
2016-11-16,156.2539,156.5766,156.0387,156.4111,2621895.0
2016-11-17,156.3855,156.7009,156.2029,156.676,3899171.0
2016-11-18,156.7863,156.8361,156.3049,156.4211,3101920.0
2016-11-21,156.778,157.2096,156.5373,157.1515,2719726.0
2016-11-22,157.6246,157.9068,157.2096,157.7159,2512266.0
2016-11-23,157.6412,158.2305,157.5914,158.189,2238489.0
2016-11-25,158.6123,158.7783,158.5127,158.7783,1419518.0
2016-11-28,158.4795,158.7036,158.1309,158.3467,2857196.0
2016-11-29,158.3882,158.8779,158.2637,158.687,2052678.0
2016-11-30,159.2016,159.5668,158.8115,158.8613,3903417.0
2016-12-01,159.2265,159.4921,159.0024,159.2763,7402287.0
2016-12-02,159.3012,159.3427,158.8862,159.1435,2506488.0
2016-12-05,159.8158,160.0067,159.268,159.5419,2655646.0
2016-12-06,159.5585,159.8324,159.2514,159.766,2417067.0
2016-12-07,159.8158,162.422,159.7079,162.2477,6737977.0
2016-12-08,162.5382,163.3433,162.1896,162.9117,6613974.0
2016-12-09,163.0445,164.1069,162.9864,164.082,4050686.0
2016-12-12,164.1899,164.663,164.0737,164.4057,3460592.0
2016-12-13,165.1361,165.7669,164.8705,165.3602,4966350.0
2016-12-14,165.1444,165.8582,164.0156,164.4555,6984425.0
2016-12-15,164.7873,165.7356,164.6209,164.8871,4902804.0
2016-12-16,165.2801,165.5047,164.648,164.8559,3201511.0
2016-12-19,164.9474,165.4465,164.8726,165.197,1964787.0
2016-12-20,165.6212,166.0371,165.5796,165.879,2775006.0
2016-12-21,165.8707,166.0371,165.6461,165.6628,2233214.0
2016-12-22,165.6129,165.6711,165.172,165.5047,1984063.0
2016-12-23,165.4382,165.5796,165.3051,165.5713,1215904.0
2016-12-27,165.6628,165.9789,165.6378,165.7044,1702470.0
2016-12-28,165.8874,165.9955,164.6979,164.7644,3399826.0
2016-12-29,164.7561,165.1304,164.3901,164.6896,2518373.0
2016-12-30,164.9058,164.9225,163.7995,164.2903,3802651.0
2017-01-03,165.4548,165.6129,164.2653,165.0472,4885187.0
2017-01-04,165.3301,165.8291,165.197,165.6545,4513138.0
2017-01-05,165.4881,165.7543,164.6064,165.3217,3576482.0
2017-01-06,165.2968,166.2201,164.8393,165.9539,3722527.0
2017-01-09,165.6045,165.7543,165.3217,165.3301,2114015.0
2017-01-10,165.2968,165.8707,164.8726,165.0306,2824996.0
2017-01-11,165.197,166.0038,164.8226,165.8042,4913097.0
2017-01-12,165.4216,165.4548,164.3069,165.3217,3542880.0
2017-01-13,165.4465,165.8208,164.9641,165.2801,2760541.0
2017-01-17,164.9058,165.2386,164.3485,164.7727,2938471.0
2017-01-18,164.7644,164.8892,164.1156,164.6563,2947828.0
2017-01-19,164.7234,164.8317,163.6077,164.099,2810617.0
2017-01-20,164.4762,165.0257,164.2847,164.8259,5542347.0
2017-01-23,164.7509,164.9507,164.0598,164.676,2555560.0
2017-01-24,164.6843,165.875,164.5428,165.5586,3897710.0
2017-01-25,166.5411,166.9823,166.3162,166.8741,4493112.0
2017-01-26,167.024,167.332,166.8741,167.1239,3675002.0
2017-01-27,167.0823,167.2488,166.8991,167.049,2574857.0
2017-01-30,166.3829,166.4411,165.2089,166.0082,4442046.0
2017-01-31,165.467,165.6002,164.4928,165.1589,3993977.0
2017-02-01,165.8,166.0248,165.0257,165.3837,3416161.0
2017-02-02,165.0007,165.6668,164.8758,165.3671,2240388.0
2017-02-03,166.1747,166.999,166.0581,166.8408,4325354.0
2017-02-06,166.5078,167.1072,166.3412,166.7575,1857741.0
2017-02-07,167.2738,167.6151,166.8824,167.0073,2196158.0
2017-02-08,166.9407,167.0989,166.6493,166.949,1913560.0
2017-02-09,167.2072,168.2812,167.1655,167.9565,2786542.0
2017-02-10,168.4311,169.0223,168.2396,168.8058,2582732.0
2017-02-13,169.2887,170.2462,169.2887,170.0214,2425716.0
2017-02-14,169.9048,170.8374,169.8049,170.8291,3020693.0
2017-02-15,171.0206,171.9281,170.929,171.8365,3408373.0
2017-02-16,171.9782,172.1202,171.3938,171.9198,4330727.0
2017-02-17,171.1772,171.9202,171.1688,171.8868,3537533.0
2017-02-21,172.4545,173.0724,172.3377,172.8803,2778042.0
2017-02-22,172.5965,173.2644,172.5213,173.1976,2095357.0
2017-02-23,173.7069,173.782,172.9972,173.5065,2967605.0
2017-02-24,172.8887,173.615,172.8803,173.5983,3388890.0
2017-02-27,173.4314,173.9657,173.3312,173.8989,3202970.0
2017-02-28,173.7486,173.9156,173.3896,173.6401,2559806.0
2017-03-01,175.2013,176.654,175.2013,176.1781,6932758.0
2017-03-02,176.3201,176.3201,175.193,175.2347,3076219.0
2017-03-03,175.3767,175.5937,174.834,175.2514,2394254.0
2017-03-06,174.7087,175.1345,174.5084,174.8924,2380960.0
2017-03-07,174.667,175.0427,174.4666,174.6336,1972301.0
2017-03-08,174.9759,175.001,174.0158,174.1661,2929191.0
2017-03-09,174.2746,174.5668,173.5399,174.2162,3432782.0
2017-03-10,175.0677,175.0761,173.9573,174.6169,2775561.0
2017-03-13,174.6002,174.7755,174.141,174.4416,2085139.0
2017-03-14,174.1327,174.3915,173.6401,174.1076,2553469.0
2017-03-15,174.3497,175.2514,174.2496,174.9759,4437571.0
2017-03-16,175.4697,175.4697,174.5328,174.859,2803518.0
2017-03-17,175.2758,175.2758,174.6902,174.7153,2400588.0
2017-03-20,174.7069,175.0583,174.4643,174.6735,1909583.0
2017-03-21,175.0248,175.1921,172.532,172.6156,5808199.0
2017-03-22,172.2894,172.7997,171.9046,172.6658,3618762.0
2017-03-23,172.348,173.4103,172.2476,172.5822,3659877.0
2017-03-24,172.808,173.0757,171.4863,172.1137,3761323.0
2017-03-27,170.8004,171.913,170.4909,171.6787,3869555.0
2017-03-28,171.5533,173.2179,171.4111,172.9503,3310886.0
2017-03-29,172.7662,172.7913,172.2727,172.5822,1993120.0
2017-03-30,172.5738,173.3769,172.4483,173.1259,2188435.0
2017-03-31,172.9252,173.1008,172.5738,172.6073,2929971.0
2017-04-03,172.7579,172.8499,171.386,172.532,4156952.0
2017-04-04,172.3396,172.967,172.1639,172.8666,2021516.0
2017-04-05,173.6529,174.5396,172.4567,172.5404,3806066.0
2017-04-06,172.6993,173.402,172.2559,172.6993,2668140.0
2017-04-07,172.4902,173.2179,172.2308,172.6407,2375957.0
2017-04-10,172.7328,173.4271,172.281,172.6491,2288146.0
2017-04-11,172.5069,172.6742,171.4362,172.5989,3287338.0
2017-04-12,172.5738,172.5738,171.7791,172.0468,1787682.0
2017-04-13,171.7708,172.2727,170.951,170.9593,3352126.0
2017-04-17,171.4278,172.5404,171.3692,172.4651,2100546.0
2017-04-18,171.7875,172.1639,171.0012,171.5533,2286226.0
2017-04-19,171.7038,171.7373,170.3487,170.5243,3137852.0
2017-04-20,170.9416,172.4989,170.7909,172.0719,3134941.0
2017-04-21,172.0655,172.2497,171.4459,171.8478,2619092.0
2017-04-24,173.5893,173.8405,173.3381,173.6311,2907904.0
2017-04-25,174.9456,175.808,174.8535,175.5568,3107850.0
2017-04-26,175.6657,176.1848,175.3559,175.381,2698571.0
2017-04-27,175.5987,175.6322,175.0377,175.4564,1722355.0
2017-04-28,175.4061,175.515,174.9624,175.0545,1594517.0
2017-05-01,175.3978,175.3978,174.7363,174.9205,1740251.0
2017-05-02,175.0712,175.2387,174.7782,175.0963,1269230.0
2017-05-03,174.8787,175.381,174.5438,175.1717,1720396.0
2017-05-04,175.5317,175.5317,174.3093,175.1466,1912036.0
2017-05-05,175.0461,175.6406,174.7866,175.6322,1510230.0
2017-05-08,175.5736,175.8415,175.4312,175.7578,2181671.0
2017-05-09,175.942,176.0927,175.1717,175.5066,1462841.0
2017-05-10,175.1466,175.6657,174.9038,175.3894,1323457.0
2017-05-11,175.1047,175.3643,174.234,175.2219,1942795.0
2017-05-12,174.9624,175.2219,174.8368,174.9959,1212811.0
2017-05-15,175.3224,175.9336,175.3224,175.7662,1669049.0
2017-05-16,176.0927,176.2099,175.3726,175.7829,1453981.0
2017-05-17,174.2507,174.6442,172.7855,172.8692,4457928.0
2017-05-18,172.4985,174.1192,172.3474,173.2795,4326096.0
2017-05-19,173.6137,174.9237,173.4709,174.4702,3016502.0
2017-05-22,174.9321,175.3939,174.9321,175.2092,2018498.0
2017-05-23,175.5871,175.797,175.2428,175.6039,2647160.0
2017-05-24,175.7886,176.3092,175.5619,176.1917,2088305.0
2017-05-25,176.7795,177.1154,176.5947,176.8299,1826080.0
2017-05-26,176.7963,176.9474,176.6115,176.7963,1063377.0
2017-05-30,176.5192,176.7795,176.3176,176.5192,975564.0
2017-05-31,176.6787,176.6871,175.7718,176.3428,1421103.0
2017-06-01,176.5695,177.5184,176.2672,177.5184,1598509.0
2017-06-02,177.5604,178.1986,177.4093,177.9467,2176445.0
2017-06-05,177.9047,178.1986,177.72,177.9047,1821711.0
2017-06-06,177.4597,177.8375,177.3253,177.4932,1698409.0
2017-06-07,177.7536,177.9551,177.3001,177.7871,1452760.0
2017-06-08,177.7032,178.6101,177.51,177.9047,1696223.0
2017-06-09,178.1482,178.9208,177.678,178.5849,3841720.0
2017-06-12,178.4085,178.6773,177.9215,178.3582,3178316.0
2017-06-13,178.6941,179.1895,178.6521,179.1727,2002602.0
2017-06-14,179.517,179.7017,178.8452,179.5674,5115998.0
2017-06-15,178.7684,179.5339,178.6506,179.4414,2216351.0
2017-06-16,179.4701,179.6804,179.041,179.6636,1847907.0
2017-06-19,180.3366,180.8834,180.1011,180.8077,1963931.0
2017-06-20,180.7825,180.9339,180.345,180.3703,1636088.0
2017-06-21,180.5806,180.5974,179.7309,179.9412,1855241.0
2017-06-22,180.1011,180.2777,179.7477,179.8066,2107139.0
2017-06-23,179.5626,179.9917,179.243,179.815,1234576.0
2017-06-26,180.2777,180.6731,179.6384,179.9244,1817853.0
2017-06-27,179.7898,180.1431,179.0831,179.1336,1874944.0
2017-06-28,179.6804,180.4796,179.6804,180.2357,3633916.0
2017-06-29,180.4712,180.4965,178.0988,178.8644,4142990.0
2017-06-30,179.4617,180.0253,179.1672,179.3944,2101023.0
2017-07-03,179.9917,181.1947,179.9328,180.446,1985004.0
2017-07-05,180.6563,180.732,179.8907,180.5217,1669426.0
2017-07-06,180.1095,180.2441,179.142,179.3103,2149650.0
2017-07-07,179.6468,180.1684,179.5458,180.0758,1178149.0
2017-07-10,179.7645,180.3282,179.6468,180.0253,987659.0
2017-07-11,179.958,180.2861,178.9233,180.0169,1457165.0
2017-07-12,180.8582,181.4639,180.7825,181.0685,1967252.0
2017-07-13,181.1274,181.3461,180.875,181.262,1038312.0
2017-07-14,181.1274,182.2884,180.9676,181.935,2113085.0
2017-07-17,181.9771,182.1285,181.75,181.9014,943070.0
2017-07-18,181.4303,181.5565,180.5638,181.4639,2128986.0
2017-07-19,181.6238,182.0023,181.4303,181.9855,1656999.0
2017-07-20,182.1962,182.2046,181.4719,181.8762,1255302.0
2017-07-21,181.2409,181.5357,180.8703,181.5188,2005224.0
2017-07-24,181.4935,181.502,180.8029,181.1482,1165959.0
2017-07-25,182.3357,182.3526,181.4851,181.7967,1644894.0
2017-07-26,182.5968,182.8916,182.3863,182.5968,1833307.0
2017-07-27,182.9927,183.3885,182.4452,183.3632,2900012.0
2017-07-28,183.2032,183.7338,183.0095,183.6159,1382546.0
2017-07-31,184.1465,184.4665,184.0117,184.1886,1479199.0
2017-08-01,185.0645,185.115,184.5676,184.7528,2020702.0
2017-08-02,185.1403,185.3929,184.8118,185.1908,2400797.0
2017-08-03,185.1992,185.4771,185.0476,185.334,2333612.0
2017-08-04,185.8224,185.8477,185.3087,185.7635,1740909.0
2017-08-07,185.9067,186.1088,185.7888,185.9993,1269750.0
2017-08-08,185.9572,186.6983,185.654,185.8645,2815492.0
2017-08-09,185.5614,185.7972,185.2497,185.7045,3005868.0
2017-08-10,185.1234,185.1992,184.0622,184.1044,4793320.0
2017-08-11,184.1802,184.6265,184.037,184.1886,2701680.0
2017-08-14,185.1824,185.5277,185.1234,185.2582,2229463.0
2017-08-15,185.7719,185.7719,185.1655,185.4182,1688469.0
2017-08-16,185.873,186.2099,185.5192,185.6793,1794817.0
2017-08-17,185.2879,185.347,183.4053,183.439,3289926.0
2017-08-18,183.2269,183.7588,182.484,182.8048,3598448.0
2017-08-21,182.7457,183.1341,182.1294,182.9821,2050747.0
2017-08-22,183.5478,184.7635,183.4549,184.6284,2003200.0
2017-08-23,184.0543,184.4342,183.9108,183.9783,1846846.0
2017-08-24,184.5102,184.5102,183.59,183.7588,1554980.0
2017-08-25,184.2654,184.831,184.0459,184.0796,2231249.0
2017-08-28,184.4595,184.5355,183.6491,183.9952,1271688.0
2017-08-29,182.9315,184.6875,182.8808,184.544,1858087.0
2017-08-30,184.6791,185.0252,184.3751,184.831,1658467.0
2017-08-31,185.3376,185.6415,184.9914,185.3291,1938521.0
2017-09-01,185.8441,186.0805,185.5908,185.6668,1598360.0
2017-09-05,185.3376,185.3376,183.3536,183.7673,2955708.0
2017-09-06,184.5018,184.5693,184.0796,184.2569,1735874.0
2017-09-07,184.4427,184.6537,183.7757,184.1387,1881858.0
2017-09-08,183.7166,184.6031,183.6406,184.2485,1608803.0
2017-09-11,185.3798,186.4857,185.3798,186.376,1800550.0
2017-09-12,186.8572,187.0598,186.6377,186.9332,1942334.0
2017-09-13,186.8741,187.2456,186.7475,187.2202,1566356.0
2017-09-14,187.1262,187.7861,187.1008,187.693,1767445.0
2017-09-15,187.9195,188.2917,187.7334,188.1902,1608349.0
2017-09-18,188.5878,188.9854,188.3763,188.7909,1687510.0
2017-09-19,188.9685,189.2223,188.8416,189.1462,898987.0
2017-09-20,189.1377,189.4592,188.6132,189.4169,1421700.0
2017-09-21,189.4169,189.4761,188.9854,189.0531,1536024.0
2017-09-22,188.8416,189.0446,188.5032,188.8247,1629553.0
2017-09-25,188.7486,189.0193,187.801,188.5032,2017528.0
2017-09-26,188.7063,189.0785,188.334,188.3932,1206431.0
2017-09-27,188.9939,189.0954,188.1056,188.757,1978616.0
2017-09-28,188.6301,189.3069,188.4017,189.1631,1337566.0
2017-09-29,188.9854,189.3915,188.7655,189.3492,2265081.0
2017-10-02,189.6622,190.6774,189.5184,190.5505,2295586.0
2017-10-03,190.9735,191.4303,190.8635,191.3965,1605508.0
2017-10-04,191.5234,191.7687,191.3457,191.5403,1399628.0
2017-10-05,191.7095,192.5978,191.5657,192.5809,2045890.0
2017-10-06,192.3271,192.5724,192.234,192.5047,1674791.0
2017-10-09,192.7924,192.8516,192.3186,192.4878,915477.0
2017-10-10,193.0631,193.2492,192.5809,193.1054,1292568.0
2017-10-11,193.1562,193.4269,193.0293,193.4015,1301648.0
2017-10-12,193.3,193.5707,193.0123,193.1646,1194944.0
2017-10-13,193.4861,193.706,193.3169,193.503,1586692.0
2017-10-16,193.7906,194.1798,193.5707,194.1121,2173581.0
2017-10-17,194.3321,194.5436,194.1713,194.4505,1451055.0
2017-10-18,195.4234,195.9987,195.3473,195.8126,2072720.0
2017-10-19,195.2875,195.9818,195.0166,195.9733,1978791.0
2017-10-20,196.8223,197.3811,196.3228,197.3811,3039802.0
2017-10-23,197.7621,197.7621,196.9324,196.9747,1742944.0
2017-10-24,198.2108,198.7104,198.0838,198.3632,2960352.0
2017-10-25,198.4987,198.4987,196.7207,197.4065,3330803.0
2017-10-26,198.0415,198.4733,197.906,197.9907,2393742.0
2017-10-27,198.0754,198.3971,197.5758,198.2616,2719170.0
2017-10-30,197.7113,198.2362,197.3981,197.5505,2454940.0
2017-10-31,197.8129,198.0415,197.4404,197.8044,1577195.0
2017-11-01,198.6257,198.9813,197.8891,198.2786,2365673.0
2017-11-02,198.3886,199.1083,197.542,198.9305,2314893.0
2017-11-03,199.2692,199.2946,198.6596,199.1168,2365855.0
2017-11-06,199.1591,199.4639,199.0406,199.3115,2311487.0
2017-11-07,199.5316,199.7094,198.7019,199.32,2258569.0
2017-11-08,199.2776,199.4808,198.939,199.3538,1371612.0
2017-11-09,198.5664,199.2014,197.4065,198.7273,3972316.0
2017-11-10,198.4987,198.685,198.2024,198.4818,2242129.0
2017-11-13,197.8298,198.7866,197.8044,198.6765,1906457.0
2017-11-14,198.0923,198.414,197.1949,198.3548,2128076.0
2017-11-15,197.4065,197.8383,196.9747,197.2372,2497896.0
2017-11-16,198.3026,199.2022,198.2771,198.8882,2500507.0
2017-11-17,198.3975,198.5672,198.0495,198.075,3013364.0
2017-11-20,198.3041,198.9067,198.1004,198.72,1886915.0
2017-11-21,199.5856,200.2815,199.5262,200.0609,2486023.0
2017-11-22,200.3409,200.3409,199.3989,199.5856,2411790.0
2017-11-24,199.9166,200.1797,199.7893,199.8402,1284184.0
2017-11-27,199.8657,200.5701,199.7723,200.0609,1925463.0
2017-11-28,200.5871,202.3608,200.4852,202.276,4510443.0
2017-11-29,202.9634,203.3877,202.6409,203.1925,3108231.0
2017-11-30,204.2619,206.6467,204.0327,206.095,6090717.0
2017-12-01,206.3497,206.6043,203.184,205.7641,8131068.0
2017-12-04,207.9367,208.412,206.2902,206.3242,6018934.0
2017-12-05,206.8928,206.9013,205.1869,205.3906,3563204.0
2017-12-06,205.1445,205.8235,205.0002,205.0596,2669949.0
2017-12-07,204.7117,206.1205,204.6183,205.6877,1898381.0
2017-12-08,206.3921,206.7655,205.8744,206.757,2167632.0
2017-12-11,206.8843,207.2832,206.6552,207.2238,1688586.0
2017-12-12,207.8688,208.6666,207.7585,208.3016,3001100.0
2017-12-13,208.5138,209.6171,208.4799,209.0315,3455986.0
2017-12-14,209.5348,209.6879,208.3269,208.412,3190528.0
2017-12-15,209.4332,209.85,209.1015,209.4672,3443718.0
2017-12-18,210.9558,211.4237,210.5475,210.7772,2887863.0
2017-12-19,211.2195,211.2451,210.0542,210.4455,2391138.0
2017-12-20,211.211,211.2961,209.9011,210.1648,2153529.0
2017-12-21,210.7262,211.2025,210.4625,210.6666,2059152.0
2017-12-22,210.5986,210.6241,210.0797,210.4455,1666171.0
2017-12-26,210.0031,210.6071,210.0031,210.3179,1992271.0
2017-12-27,210.2328,210.6922,210.1903,210.5135,2743896.0
2017-12-28,210.8793,211.1175,210.7602,211.0664,2084321.0
2017-12-29,211.4407,211.4747,210.2498,210.4285,2612869.0
2018-01-02,211.2451,211.3556,210.2924,210.9729,4032350.0
2018-01-03,211.228,211.9936,211.0154,211.7639,4825947.0
2018-01-04,212.5805,213.4397,212.3339,213.1675,4187360.0
2018-01-05,213.831,215.0814,213.4822,214.9708,2939064.0
2018-01-08,214.9963,215.1835,214.5455,214.8602,3490399.0
2018-01-09,215.3791,216.3063,215.277,215.9065,4087707.0
2018-01-10,215.3536,216.0086,214.7411,215.7364,2129295.0
2018-01-11,216.0596,217.4802,215.932,217.4291,2499723.0
2018-01-12,218.3563,219.4366,218.1692,219.3856,3211118.0
2018-01-16,221.3931,221.8014,218.5349,219.3005,6608265.0
2018-01-17,220.5339,222.1756,219.9215,222.0821,5550568.0
2018-01-18,222.2187,222.2868,220.6356,221.2995,4133630.0
2018-01-19,221.3282,221.7537,220.6643,221.7452,3021213.0
2018-01-22,221.0303,222.9963,220.9707,222.9708,2993447.0
2018-01-23,222.8431,223.2346,222.3665,222.8772,3158283.0
2018-01-24,223.8389,224.4857,222.0261,223.4729,6051267.0
2018-01-25,224.3155,225.0305,223.3453,224.4772,4910628.0
2018-01-26,224.9624,226.3326,224.7326,226.3156,3158141.0
2018-01-29,226.0177,226.3071,224.7921,224.8262,4181823.0
2018-01-30,222.5452,223.3623,221.3622,221.8133,7589401.0
2018-01-31,223.8389,223.9751,221.5324,222.5112,4786958.0
2018-02-01,221.2431,223.7538,221.0899,222.6644,4524765.0
2018-02-02,220.9537,221.158,216.8003,216.9705,8147360.0
2018-02-05,214.6385,217.0471,203.4636,207.0467,16977925.0
2018-02-06,202.8338,212.2044,202.1699,211.8895,13861786.0
2018-02-07,211.2767,215.1492,210.7065,211.7193,8132705.0
2018-02-08,211.8895,211.9916,202.987,203.1317,12516325.0
2018-02-09,205.4637,207.6936,198.9528,205.9914,15862989.0
2018-02-12,207.6936,210.9448,206.868,209.5149,7795298.0
2018-02-13,208.2808,210.4341,207.9489,209.8554,4140119.0
2018-02-14,208.6638,212.3406,208.5532,212.1789,4782608.0
2018-02-15,214.1515,214.9024,211.4807,214.9024,5324986.0
2018-02-16,214.5396,216.8349,214.3433,214.9918,5889003.0
2018-02-20,213.6948,214.6761,212.1163,212.7647,4978574.0
2018-02-21,212.9781,215.4611,211.3654,211.3739,5312709.0
2018-02-22,212.1589,214.4798,212.0651,212.8842,5021415.0
2018-02-23,213.9935,215.8365,213.362,215.8024,4123794.0
2018-02-26,217.0055,219.4459,216.6984,219.2241,4801437.0
2018-02-27,219.4544,220.0261,216.6642,216.6984,6188723.0
2018-02-28,217.7308,218.2428,213.49,213.49,4845700.0
2018-03-01,213.4986,214.915,208.5154,209.8892,6796900.0
2018-03-02,207.8157,209.838,206.6297,209.3516,5822103.0
2018-03-05,208.0632,213.0037,208.0291,212.3296,4565956.0
2018-03-06,213.4474,213.473,210.8022,212.3296,4048685.0
2018-03-07,209.7868,212.1077,209.3943,211.7067,4747030.0
2018-03-08,212.577,213.0719,210.9473,212.5856,4804606.0
2018-03-09,214.1215,216.357,213.6095,216.357,3556118.0
2018-03-12,216.7752,217.3468,214.7699,214.9918,4663770.0
2018-03-13,215.9645,216.7069,213.0207,213.5071,5178487.0
2018-03-14,214.5225,214.7017,210.6913,211.5104,5878187.0
2018-03-15,212.3293,214.0048,211.4403,212.4661,4373342.0
2018-03-16,212.4866,213.8202,212.29,212.9397,2982457.0
2018-03-19,212.2558,212.3242,208.8536,210.2128,5280492.0
2018-03-20,210.6231,211.8711,210.5632,211.23,3026494.0
2018-03-21,211.2642,213.4098,210.5632,210.8197,4088951.0
2018-03-22,208.657,209.4605,204.4512,204.6136,6776202.0
2018-03-23,205.2291,205.93,200.7583,200.9976,6656141.0
2018-03-26,204.3315,206.9986,202.7671,206.7165,5966402.0
2018-03-27,207.7679,208.8023,202.4679,203.6989,6030912.0
2018-03-28,204.34,205.7762,202.6389,203.6904,6423676.0
2018-03-29,204.7931,207.6739,204.3571,206.3574,4937133.0
2018-04-02,205.4428,206.0412,199.3478,201.8696,8050170.0
2018-04-03,202.921,205.3744,202.0833,205.2889,6904309.0
2018-04-04,200.9292,207.6397,200.8352,207.2636,5441251.0
2018-04-05,208.409,210.3666,208.05,209.3579,3862242.0
2018-04-06,207.1268,208.8023,202.8013,204.417,6451446.0
2018-04-09,206.1095,208.2723,204.6734,204.9299,4634746.0
2018-04-10,208.0244,209.4349,207.0413,208.5886,5571838.0
2018-04-11,206.9815,208.221,206.3489,206.7678,4314996.0
2018-04-12,208.2894,210.1358,208.1013,209.2724,4176792.0
2018-04-13,210.6487,210.6829,207.1524,208.221,4394714.0
2018-04-16,209.5374,210.8624,209.1955,209.9648,3723404.0
2018-04-17,212.0848,212.4097,211.3753,211.8284,3516599.0
2018-04-18,211.8968,212.196,211.2129,211.4694,2652322.0
2018-04-19,211.0763,211.6408,209.8532,210.7769,3329299.0
2018-04-20,210.7188,210.9668,208.3411,209.1023,3080683.0
2018-04-23,209.5641,209.701,207.9562,208.9911,2277642.0
2018-04-24,209.8977,210.0345,203.6626,205.3475,6513304.0
2018-04-25,205.5186,206.4081,203.6369,205.8693,4897009.0
2018-04-26,206.4936,208.5891,206.2285,207.9391,3474067.0
2018-04-27,207.8108,208.2128,206.7844,207.7937,2861247.0
2018-04-30,208.82,209.4102,206.5621,206.5877,3178808.0
2018-05-01,205.8949,206.0318,203.483,205.9206,3579215.0
2018-05-02,205.7752,206.7246,204.1758,204.5093,2491054.0
2018-05-03,203.4915,205.1252,201.0967,204.5008,5080772.0
2018-05-04,203.6541,208.0246,203.2863,207.4259,3193577.0
2018-05-07,208.2641,209.2648,207.4002,208.1957,2457644.0
2018-05-08,207.9818,208.6746,206.8443,208.1957,2649719.0
2018-05-09,208.8885,210.274,208.0161,209.8891,2842343.0
2018-05-10,210.4023,212.207,210.3681,211.6511,3647106.0
2018-05-11,211.8563,212.9169,211.5826,212.5748,3004457.0
2018-05-14,213.3189,213.9946,212.8399,213.1991,3994356.0
2018-05-15,212.1728,212.2669,210.8214,211.5228,4391261.0
2018-05-16,211.4116,212.3524,211.232,212.0873,1691444.0
2018-05-17,212.002,212.8855,211.1529,211.8905,1850292.0
2018-05-18,211.8282,212.3085,211.3564,211.8539,1858479.0
2018-05-21,213.758,215.0017,213.7494,214.3756,3525291.0
2018-05-22,214.7444,214.7959,212.643,212.866,2068975.0
2018-05-23,211.7167,213.312,211.3907,213.252,3199234.0
2018-05-24,212.8231,213.0804,210.8675,212.6344,2982541.0
2018-05-25,212.2056,212.7974,211.6052,212.1713,3661631.0
2018-05-29,210.4644,211.1763,207.8313,208.809,5775653.0
2018-05-30,210.3015,211.9911,209.7783,211.5966,3686084.0
2018-05-31,210.9962,211.0134,208.8605,209.4352,4416916.0
2018-06-01,211.082,211.7081,210.696,211.305,3100603.0
2018-06-04,212.4715,213.2863,212.3171,212.8832,2639698.0
2018-06-05,212.8489,213.1233,211.9911,212.8403,2591891.0
2018-06-06,213.7752,215.7393,213.1834,215.7308,3721580.0
2018-06-07,216.3226,217.3175,215.9194,216.597,3862165.0
2018-06-08,216.1081,217.3518,215.9366,217.2317,2976352.0
2018-06-11,217.5319,217.9951,217.0173,217.3347,3700597.0
2018-06-12,217.6349,217.6606,216.6228,217.2575,2831844.0
2018-06-13,217.369,217.652,216.1682,216.2968,2314350.0
2018-06-14,217.1389,217.4481,215.7473,216.1339,3043596.0
2018-06-15,214.9797,215.7786,213.6912,215.3835,4439189.0
2018-06-18,213.7256,214.6619,213.1501,214.5159,3204696.0
2018-06-19,211.8015,212.3684,210.9081,212.0678,4669856.0
2018-06-20,212.9955,213.0126,211.4149,211.707,4296668.0
2018-06-21,211.1658,211.2603,209.5337,210.0234,4236058.0
2018-06-22,211.2431,211.7499,210.8308,211.0456,3158431.0
2018-06-25,209.7485,209.9375,206.7592,208.1422,8809779.0
2018-06-26,208.6661,209.3276,208.1078,208.4514,3531285.0
2018-06-27,208.9668,210.9511,207.0255,207.12,5665939.0
2018-06-28,206.5616,208.7005,206.0119,207.9446,5129227.0
2018-06-29,209.1472,210.4185,208.3827,208.5029,3528689.0
2018-07-02,206.9482,208.7692,206.6905,208.5029,5230145.0
2018-07-03,209.6454,209.8516,207.3175,207.5838,2822493.0
2018-07-05,208.8465,209.3104,207.6096,209.2073,3049433.0
2018-07-06,209.0012,210.6246,208.5717,210.1093,3138215.0
2018-07-09,211.1229,213.0298,211.1057,212.8924,3346612.0
2018-07-10,213.4765,214.3011,213.4078,214.0864,3093836.0
2018-07-11,212.4028,213.1673,211.8616,212.2396,3965888.0
2018-07-12,213.9489,214.2668,213.1759,214.1465,2822516.0
2018-07-13,214.095,215.1429,213.8287,214.9196,2740773.0
2018-07-16,215.0828,215.3921,214.6018,215.3233,1644119.0
2018-07-17,215.2203,216.0964,214.6619,215.8473,2608465.0
2018-07-18,215.9418,216.6118,215.624,216.4916,1841939.0
2018-07-19,215.8048,216.1403,215.2716,215.4264,2284686.0
2018-07-20,214.8656,215.9149,214.7451,215.3988,2333607.0
2018-07-23,215.201,215.5364,214.6935,215.244,1620041.0
2018-07-24,216.1041,217.3082,215.9321,216.9211,5331846.0
2018-07-25,216.3707,218.5983,215.8202,218.4779,4018177.0
2018-07-26,218.9079,219.9056,218.8477,219.424,3740081.0
2018-07-27,219.4154,219.8368,218.0134,218.6843,5161034.0
2018-07-30,218.9165,219.1402,217.3168,217.4888,3910904.0
2018-07-31,218.1941,219.0455,218.1167,218.6069,3294809.0
2018-08-01,218.3747,219.0111,217.2222,217.6952,2883502.0
2018-08-02,216.2675,217.9532,215.9063,217.6866,3759566.0
2018-08-03,217.635,218.8907,217.635,218.7961,2208891.0
2018-08-06,218.6499,219.5272,218.1425,219.1918,2127810.0
2018-08-07,220.1465,220.8345,219.8798,220.2841,2168694.0
2018-08-08,220.1551,220.2927,219.6476,219.854,1726730.0
2018-08-09,219.9744,220.3787,219.3208,219.4584,1523419.0
2018-08-10,218.1855,218.3747,217.0846,217.8586,4395876.0
2018-08-13,218.0909,218.4263,216.4825,216.7749,3371421.0
2018-08-14,217.3942,218.0823,216.9297,217.7812,2576806.0
2018-08-15,216.5943,216.9125,214.9,216.5341,5124301.0
2018-08-16,218.7761,220.5343,218.6985,220.1293,6394238.0
2018-08-17,219.9556,221.6104,219.8091,221.0847,3478817.0
2018-08-20,221.6018,222.1276,221.4811,221.8776,2552452.0
2018-08-21,222.3086,222.9722,222.162,222.4292,3031626.0
2018-08-22,222.3689,222.5413,221.5501,221.6621,3047162.0
2018-08-23,221.3346,221.9897,220.6279,221.0674,2573411.0
2018-08-24,221.7138,222.524,221.4984,222.2396,3412663.0
2018-08-27,223.5411,224.6529,223.4463,224.5926,2828103.0
2018-08-28,225.2131,225.2304,224.3943,224.6443,2226558.0
2018-08-29,224.8339,225.6182,224.4719,225.239,2232370.0
2018-08-30,224.7305,225.0839,223.6186,224.1013,3442309.0
2018-08-31,223.7824,224.515,223.2135,223.9634,2669825.0
2018-09-04,223.4204,224.0237,222.5499,223.86,2664894.0
2018-09-05,223.4204,224.3599,223.1618,224.0237,3054122.0
2018-09-06,224.2133,224.9977,223.2653,224.3426,3588566.0
2018-09-07,223.5669,224.3857,222.7654,223.6962,3282731.0
2018-09-10,224.5409,224.6529,223.1101,223.1791,2006410.0
2018-09-11,222.4551,224.5322,222.2137,224.1185,2524247.0
2018-09-12,224.222,225.6182,223.7307,224.3081,3983497.0
2018-09-13,225.3166,226.0147,224.9459,225.6268,2239168.0
2018-09-14,225.8251,226.2216,224.9718,225.7217,2653341.0
2018-09-17,225.5751,225.9802,224.6443,224.9373,2304240.0
2018-09-18,225.17,227.1352,225.1097,226.6008,2703669.0
2018-09-19,226.7645,228.3935,226.7645,227.9022,3489159.0
2018-09-20,229.2622,230.3936,229.2536,230.1604,4550732.0
2018-09-21,231.0723,231.1241,230.2432,230.7009,3396707.0
2018-09-24,230.3209,230.3382,229.0858,229.2327,2482082.0
2018-09-25,229.7595,229.8372,228.464,228.6367,1623444.0
2018-09-26,228.7058,229.5954,227.3758,227.8163,3046353.0
2018-09-27,228.2222,229.1895,227.6522,228.2222,2182687.0
2018-09-28,227.6263,228.8181,227.5744,228.3517,2835858.0
2018-10-01,229.82,230.7268,229.509,230.3641,4449248.0
2018-10-02,229.82,231.4782,229.7768,231.0895,3848335.0
2018-10-03,232.1259,232.5664,231.1759,231.4177,4423614.0
2018-10-04,231.1932,231.2105,228.5072,229.9495,6606877.0
2018-10-05,230.0272,230.2691,227.0562,228.2826,6602917.0
2018-10-08,227.3585,229.0513,226.348,228.7231,5680132.0
2018-10-09,228.3345,229.1463,227.2635,228.2049,3810465.0
2018-10-10,228.0408,228.1099,220.9243,221.1488,10765306.0
2018-10-11,220.0001,221.7275,214.9305,216.1482,12636171.0
2018-10-12,219.6806,219.8965,215.8546,218.7651,6895984.0
2018-10-15,218.3937,220.0088,217.936,217.936,4830025.0
2018-10-16,219.9051,222.9193,219.3524,222.7552,4709438.0
2018-10-17,221.8916,222.8416,219.9483,221.9347,5165311.0
2018-10-18,221.1933,221.8414,217.918,219.0933,7733368.0
2018-10-19,219.72,221.2151,218.9336,219.7805,5564703.0
2018-10-22,220.4286,220.7484,217.9484,218.6743,4165575.0
2018-10-23,215.2176,218.5793,213.904,217.4904,6515287.0
2018-10-24,218.1213,218.5447,211.8818,212.2793,6920171.0
2018-10-25,213.7398,216.8509,212.8065,215.8484,4665205.0
2018-10-26,213.783,215.2176,211.13,213.0485,4954539.0
2018-10-29,214.941,216.2546,208.3473,211.2682,5599021.0
2018-10-30,211.2423,215.1312,210.9312,214.9238,4973235.0
2018-10-31,216.8595,218.8299,216.3842,217.0756,3560607.0
2018-11-01,217.9052,219.3571,216.8336,219.2706,2883269.0
2018-11-02,220.6965,220.8867,216.5484,218.1731,5548833.0
2018-11-05,218.5015,220.3077,218.2077,219.9188,2461620.0
2018-11-06,219.962,221.5607,219.7891,221.4311,1810411.0
2018-11-07,223.2805,226.2965,222.5286,226.2274,3813532.0
2018-11-08,226.0113,227.2557,225.5274,226.5039,3218080.0
2018-11-09,225.6916,225.9422,223.8595,224.7669,3509842.0
2018-11-12,224.4298,224.62,219.2274,219.6941,8892046.0
2018-11-13,219.3571,220.6879,217.9743,218.6916,3216882.0
2018-11-14,220.3854,220.6274,215.762,216.8336,4550718.0
2018-11-15,216.2138,219.5056,214.6113,218.8299,4880047.0
2018-11-16,218.1117,220.8577,217.7219,220.0694,3897685.0
2018-11-19,219.6883,219.8355,215.5563,216.4398,3421158.0
2018-11-20,213.408,213.9104,210.9565,211.7968,6304243.0
2018-11-21,212.9575,213.6419,211.8661,211.9267,3585184.0
2018-11-23,210.714,211.3896,210.2462,210.3328,1478861.0
2018-11-26,212.1173,213.7285,211.9527,213.434,3037261.0
2018-11-27,212.3858,214.4215,211.4849,214.3955,2497253.0
2018-11-28,215.7988,219.8875,215.331,219.8875,4447010.0
2018-11-29,219.6796,220.875,218.4842,219.6709,2919570.0
2018-11-30,219.2465,221.62,219.0126,221.3341,2538207.0
2018-12-03,225.3708,225.4834,222.6422,224.1234,8809042.0
2018-12-04,223.1792,223.5257,216.8903,217.1935,4539729.0
2018-12-06,213.408,216.4485,210.3415,216.3186,6697833.0
2018-12-07,216.2666,217.7825,210.7486,211.6322,5103021.0
2018-12-10,211.3117,212.6544,207.249,211.9787,5339081.0
2018-12-11,215.2098,215.2617,210.2029,211.5629,4204122.0
2018-12-12,214.3002,215.487,212.793,212.9922,2873746.0
2018-12-13,213.46,214.7074,212.3772,213.33,3469588.0
2018-12-14,211.4156,212.0826,208.609,209.1287,5436007.0
2018-12-17,207.9333,209.1114,203.6108,204.8062,6092953.0
2018-12-18,206.5473,207.7341,204.1478,205.6118,4678854.0
2018-12-19,205.7764,208.9382,201.0294,202.1988,7602738.0
2018-12-20,201.4884,202.1659,196.5896,198.2747,10140897.0
2018-12-21,198.9139,201.9192,194.432,194.6405,8475613.0
2018-12-24,193.2594,193.963,189.2639,189.4377,5259810.0
2018-12-26,190.3844,198.6794,188.4562,198.6533,8419915.0
2018-12-27,195.8999,200.9637,193.2855,200.8682,6391540.0
2018-12-28,202.1276,203.0831,199.4871,200.1907,5129164.0
2018-12-31,201.7976,202.6054,200.6858,202.5532,4167106.0
2019-01-02,199.2005,203.2481,199.0268,202.6922,4509907.0
2019-01-03,200.8595,201.0072,196.6121,196.9248,5878355.0
2019-01-04,199.7738,204.273,199.5393,203.4913,6481005.0
2019-01-07,203.9777,205.7496,202.3361,204.4294,3543630.0
2019-01-08,206.6703,207.2957,204.8029,206.6529,3852853.0
2019-01-09,207.5302,208.3554,206.5313,207.5215,3871150.0
2019-01-10,206.4097,208.5986,205.8886,208.4596,2693582.0
2019-01-11,207.4781,208.4075,206.6877,208.3554,1814086.0
2019-01-14,206.6616,208.1556,206.4097,207.5389,1660648.0
2019-01-15,207.5389,209.3542,207.4955,209.0155,2865137.0
2019-01-16,209.6322,210.9785,209.4498,210.0752,3040425.0
2019-01-17,209.5264,212.6381,209.3612,211.7602,3266787.0
2019-01-18,213.5194,215.0405,212.5285,214.7363,4514540.0
2019-01-22,213.2586,213.5976,210.651,212.0852,4415352.0
2019-01-23,213.954,214.6233,211.1986,213.5802,3834105.0
2019-01-24,213.3716,213.9974,212.1982,213.3629,2512423.0
2019-01-25,215.0926,216.0401,214.4147,215.0318,3499129.0
2019-01-28,212.7197,213.1543,211.3377,213.0413,2972387.0
2019-01-29,213.2586,214.3886,212.9109,213.5715,2078940.0
2019-01-30,215.9097,218.1696,215.3708,217.4569,4515794.0
2019-01-31,216.3964,217.6742,215.8575,217.4047,4636862.0
2019-02-01,217.8915,218.9084,217.0831,217.7176,3331502.0
2019-02-04,217.6742,219.343,217.0223,219.317,2246064.0
2019-02-05,220.2122,220.9511,219.7429,220.7424,2526596.0
2019-02-06,220.4469,221.0814,219.9515,220.6642,1653999.0
2019-02-07,219.3865,220.2035,217.4482,218.9519,3411925.0
2019-02-08,217.7437,218.4912,216.5355,218.4478,2517210.0
2019-02-11,219.1431,219.317,217.6046,218.1175,2307654.0
2019-02-12,219.6646,221.5421,219.6212,221.2379,2621569.0
2019-02-13,222.1071,223.0024,221.742,222.3418,2461239.0
2019-02-14,221.2451,222.6658,220.4432,221.7855,3205022.0
2019-02-15,223.2742,225.4618,223.2567,225.4357,3993886.0
2019-02-19,224.8343,226.1591,224.8343,225.5751,2256563.0
2019-02-20,225.5839,226.4032,225.1481,226.1765,2140576.0
2019-02-21,225.6885,225.9586,224.4334,225.3311,2740775.0
2019-02-22,225.9674,226.9697,225.7495,226.7605,3216461.0
2019-02-25,228.2248,228.6693,227.266,227.388,3099446.0
2019-02-26,226.5775,227.9197,226.2637,227.083,2464886.0
2019-02-27,226.4903,226.9784,225.5403,226.499,2244451.0
2019-02-28,226.4903,226.9348,225.793,225.9848,2439202.0
2019-03-01,227.6147,227.9546,225.9412,226.9784,2994498.0
2019-03-04,227.9197,228.0766,223.3003,225.1132,4240386.0
2019-03-05,225.0609,225.6187,224.3375,225.0348,1897060.0
2019-03-06,225.1045,225.2701,223.5182,223.8843,2892004.0
2019-03-07,223.4746,223.5531,221.0429,222.0888,3679237.0
2019-03-08,220.4066,222.1672,220.2846,222.0016,4664414.0
2019-03-11,220.3805,223.8494,220.0406,223.7884,4048126.0
2019-03-12,223.3352,223.9714,222.6292,223.004,4684718.0
2019-03-13,223.8581,224.9302,223.1347,224.3026,3737495.0
2019-03-14,224.2848,224.8176,223.6647,224.4682,2277602.0
2019-03-15,224.9788,226.3501,223.8871,225.6427,3599094.0
2019-03-18,225.2933,226.3239,225.0924,226.2104,2529830.0
2019-03-19,227.2148,227.931,225.3457,226.1143,4252559.0
2019-03-20,225.7562,226.3676,224.0792,224.7255,3647737.0
2019-03-21,223.9307,227.0663,223.9045,226.7257,3298793.0
2019-03-22,225.2758,225.9047,222.6031,222.6904,5443246.0
2019-03-25,222.4546,223.5027,221.4764,222.7865,3704522.0
2019-03-26,224.5159,225.1972,222.9874,224.0006,2688501.0
2019-03-27,224.1491,224.8478,221.9393,223.6949,2830897.0
2019-03-28,224.4024,224.7168,223.2407,224.5421,2101526.0
2019-03-29,225.8523,226.5161,224.9701,226.3327,3812451.0
2019-04-01,228.1581,229.4159,227.5991,229.1801,4787830.0
2019-04-02,228.8394,228.9006,228.0359,228.5687,2059629.0
2019-04-03,229.346,229.4683,228.1581,228.8394,2688287.0
2019-04-04,229.0316,230.5339,228.9355,230.3941,4026256.0
2019-04-05,231.1016,231.32,230.2456,230.726,2768879.0
2019-04-08,229.5644,230.0622,229.1626,229.905,2930214.0
2019-04-09,228.9442,228.9617,227.9223,228.4114,3638898.0
2019-04-10,228.7521,228.9006,227.966,228.49,2364430.0
2019-04-11,228.8656,229.0578,227.5991,228.3154,2455957.0
2019-04-12,230.4727,230.9269,229.7827,230.6474,2743707.0
2019-04-15,230.6037,230.7522,229.8439,230.4203,1772805.0
2019-04-16,231.7043,231.7392,230.5251,231.0492,2296510.0
2019-04-17,231.5648,231.626,230.5161,231.0492,2619570.0
2019-04-18,231.5802,232.4105,231.0384,232.0871,2781012.0
2019-04-22,231.2306,231.9822,231.1083,231.6589,1436389.0
2019-04-23,232.0085,233.2232,231.6501,232.8911,2687151.0
2019-04-24,232.8037,233.0834,232.2357,232.4017,1668242.0
2019-04-25,230.7762,231.8162,229.8323,231.1869,2083740.0
2019-04-26,231.0908,231.8948,230.6014,231.8948,1726053.0
2019-04-29,231.8774,232.393,231.6676,231.9822,1379335.0
2019-04-30,232.4804,232.5241,230.8111,232.2881,1989612.0
2019-05-01,232.8824,233.1795,230.8461,230.8548,2622337.0
2019-05-02,230.514,231.117,228.6962,229.7449,3269282.0
2019-05-03,231.0034,231.8162,230.3742,231.5715,1920283.0
2019-05-06,227.5338,231.3355,227.2978,230.9597,2994057.0
2019-05-07,228.9584,229.4041,225.314,226.8084,5709766.0
2019-05-08,226.7123,228.198,226.1879,226.9308,3273532.0
2019-05-09,225.2528,226.4326,223.1815,225.8646,6218298.0
2019-05-10,225.1042,227.6999,222.8931,227.158,4849313.0
2019-05-13,222.5698,223.4699,220.7519,221.521,5435642.0
2019-05-14,222.3338,224.8071,222.194,223.5661,3180980.0
2019-05-15,222.1328,225.1567,221.757,224.5361,3182344.0
2019-05-16,225.4249,227.2998,225.3461,226.4938,2767762.0
2019-05-17,224.6046,227.268,224.4732,225.5508,3069169.0
2019-05-20,224.4732,225.5245,223.8424,224.8762,2305359.0
2019-05-21,226.1904,226.8125,225.7611,226.7161,2145429.0
2019-05-22,225.9626,226.6723,225.5771,225.691,1824659.0
2019-05-23,223.7022,223.7197,221.9061,223.2028,3681670.0
2019-05-24,224.4732,224.885,223.4306,224.3943,1689751.0
2019-05-28,224.3943,225.3493,222.0726,222.0726,4114661.0
2019-05-29,220.8548,221.03,218.5768,220.1451,4269971.0
2019-05-30,220.5832,221.0826,219.7508,220.6708,2956601.0
2019-05-31,218.498,219.0938,217.4729,217.4729,4243780.0
2019-06-03,217.578,218.6907,216.4391,217.7182,4568523.0
2019-06-04,219.672,222.2741,219.4792,222.2303,3202448.0
2019-06-05,223.6058,224.114,222.5983,224.0526,2467451.0
2019-06-06,224.3943,226.3481,223.8774,225.7961,2253244.0
2019-06-07,226.462,228.775,226.3919,228.0128,2709924.0
2019-06-10,229.4408,229.984,228.6173,228.6611,2337769.0
2019-06-11,230.1242,230.3082,225.1215,228.5647,1821401.0
2019-06-12,228.4946,228.8976,227.785,228.188,1211114.0
2019-06-13,228.9677,229.4408,228.1179,229.1605,1733307.0
2019-06-14,228.8801,229.6599,228.1705,229.1167,2058603.0
2019-06-17,229.2306,229.7037,228.6436,229.2656,1191371.0
2019-06-18,230.6236,232.8753,230.3695,232.4635,5586304.0
2019-06-19,232.5248,233.2345,231.8502,232.665,3399987.0
2019-06-20,234.8465,235.2417,232.9583,234.8728,3011595.0
2019-06-21,234.7298,236.2052,234.3961,234.5717,3980438.0
2019-06-24,234.7737,235.2831,234.5717,234.6332,1485822.0
2019-06-25,234.8264,234.8352,232.8416,232.9558,4495678.0
2019-06-26,233.7111,234.036,232.9119,232.9207,1694056.0
2019-06-27,233.1226,233.5266,232.2883,232.8592,1676491.0
2019-06-28,233.553,233.834,232.7889,233.4739,1843711.0
2019-07-01,235.7573,236.0208,233.6057,234.4575,2806556.0
2019-07-02,234.3522,235.125,233.7286,235.0635,2018594.0
2019-07-03,235.6607,236.7672,235.608,236.7321,1082116.0
2019-07-05,235.9505,236.6619,234.7649,236.4774,1884423.0
2019-07-08,235.2743,235.7397,234.8966,235.4148,1291827.0
2019-07-09,234.238,235.4675,234.2116,235.2391,1255278.0
2019-07-10,236.0998,237.0131,235.5114,235.9681,1755281.0
2019-07-11,236.8199,237.9265,236.4423,237.9265,1983370.0
2019-07-12,238.5939,240.0957,238.5237,240.0957,2072789.0
2019-07-15,240.2362,240.2801,239.7181,240.2801,2369490.0
2019-07-16,240.2889,240.6226,239.6654,240.122,1559917.0
2019-07-17,240.0518,240.1484,239.033,239.1209,1383537.0
2019-07-18,238.5759,239.534,237.7761,239.1121,1889197.0
2019-07-19,240.1083,240.2489,238.5086,238.5877,2033780.0
2019-07-22,238.869,239.2118,238.0164,238.7635,1348787.0
2019-07-23,239.7655,240.4862,239.0272,240.2577,1474816.0
2019-07-24,239.2909,239.8182,238.9129,239.6073,1540101.0
2019-07-25,239.493,239.5809,237.7615,238.535,1813345.0
2019-07-26,238.7723,239.1151,238.2889,238.9481,1460375.0
2019-07-29,238.9481,239.6688,238.7987,239.1854,1183513.0
2019-07-30,238.2713,239.2118,237.8582,238.992,1476576.0
2019-07-31,239.3436,239.6688,234.7643,236.0124,4511446.0
2019-08-01,236.2761,238.8162,233.2701,233.5866,6478364.0
2019-08-02,233.1207,233.5075,230.6597,232.7516,4817980.0
2019-08-05,229.394,229.5347,224.2434,225.975,5500119.0
2019-08-06,227.2494,228.8403,225.931,228.7788,4189894.0
2019-08-07,226.0101,229.1303,223.5667,228.7348,4477609.0
2019-08-08,229.7456,232.1539,229.0249,232.1539,2886303.0
2019-08-09,231.5474,232.4264,229.6225,231.3189,3123734.0
2019-08-12,229.772,230.4312,227.2582,228.0317,2502109.0
2019-08-13,227.7065,232.5934,227.3197,231.3101,3794108.0
2019-08-14,227.724,228.2866,224.1819,224.1995,5122008.0
2019-08-15,225.2188,225.8445,223.1831,225.3245,3327076.0
2019-08-16,226.7817,228.4649,226.3675,228.1388,2214344.0
2019-08-19,230.9236,231.1086,229.8485,230.3067,1589463.0
2019-08-20,230.0159,230.5006,228.6588,228.8526,1699091.0
2019-08-21,230.7385,231.47,230.4389,230.9148,1839177.0
2019-08-22,231.514,232.4922,229.963,231.3818,2030501.0
2019-08-23,230.201,231.937,224.7548,225.8564,5403752.0
2019-08-26,228.2446,228.6147,226.6407,228.3327,2689239.0
2019-08-27,229.5753,229.6193,226.6936,227.1871,2384609.0
2019-08-28,226.4997,229.5312,225.9004,229.4695,2141281.0
2019-08-29,231.7167,232.8623,230.8883,232.5627,3103423.0
2019-08-30,233.77,233.8846,231.9194,232.7654,1889029.0
2019-09-03,230.95,231.0646,229.1523,230.3772,2646237.0
2019-09-04,232.2631,232.6068,231.5669,232.5891,1452479.0
2019-09-05,235.0567,236.8015,235.0302,235.8938,2996318.0
2019-09-06,236.2287,237.0042,235.6559,236.4578,1586060.0
2019-09-09,236.8897,237.4184,236.2023,236.8809,1821985.0
2019-09-10,236.5812,237.4272,235.7793,237.4008,2008274.0
2019-09-11,237.6916,239.4717,237.251,239.4277,1576849.0
2019-09-12,240.2472,240.9699,239.225,239.9829,2663945.0
2019-09-13,240.5733,240.8289,240.1062,240.2296,1872682.0
2019-09-16,239.3484,239.8859,238.6434,238.9694,1508311.0
2019-09-17,238.4583,239.3307,238.2644,239.3131,1173390.0
2019-09-18,239.0311,239.8154,237.4801,239.6744,2202460.0
2019-09-19,240.0643,240.7621,238.9336,239.1897,1877244.0
2019-09-20,239.7348,240.0616,237.703,237.8444,3127705.0
2019-09-23,236.9875,238.4804,236.802,237.9415,1615399.0
2019-09-24,238.8779,239.0457,235.7508,236.7137,3282767.0
2019-09-25,237.0935,238.6217,236.2278,238.1359,2660501.0
2019-09-26,238.5157,238.5157,236.6518,237.5175,1874804.0
2019-09-27,238.1359,238.4804,235.8568,236.7313,2720819.0
2019-09-30,237.1907,238.3567,237.1907,237.7825,1606562.0
2019-10-01,238.2949,238.7631,234.4876,234.5318,2981809.0
2019-10-02,233.2597,233.2597,229.2935,230.3093,5037268.0
2019-10-03,229.9737,231.4665,227.3589,231.4489,4871519.0
2019-10-04,232.2174,234.841,232.076,234.6731,2091969.0
2019-10-07,234.0194,235.4151,233.3657,233.8604,1874768.0
2019-10-08,231.9789,233.3922,230.8658,231.069,2801251.0
2019-10-09,232.7121,233.4188,231.864,232.7032,1735922.0
2019-10-10,232.5266,235.0,232.4206,234.0989,1836338.0
2019-10-11,236.537,238.6306,236.4133,236.8815,3523584.0
2019-10-14,236.3868,237.385,236.2367,236.6165,1022394.0
2019-10-15,237.7295,239.5581,237.4999,238.7012,2707719.0
2019-10-16,238.3214,239.0016,237.9769,238.5776,1883281.0
2019-10-17,239.0989,239.5232,238.2503,238.8426,1376537.0
2019-10-18,238.3148,243.0791,236.5558,236.5735,1897485.0
2019-10-21,236.9447,237.2187,236.3613,237.0773,1188240.0
2019-10-22,237.2452,238.1115,236.6795,236.7326,1730459.0
2019-10-23,236.9977,237.6872,236.326,237.1038,1167740.0
2019-10-24,237.7933,237.8817,236.0608,236.874,1578511.0
2019-10-25,236.6442,238.7656,236.5558,238.3059,1618711.0
2019-10-28,239.349,240.0561,238.8186,239.3755,1606860.0
2019-10-29,239.075,240.0738,238.9335,239.4285,2490621.0
2019-10-30,239.4285,240.4185,238.5534,240.1975,1619389.0
2019-10-31,240.0473,240.1268,237.8375,239.0838,2245762.0
2019-11-01,240.3036,241.6118,240.1533,241.6118,2254598.0
2019-11-04,242.8405,243.1233,242.1599,242.6814,1356418.0
2019-11-05,243.1498,243.5299,242.5753,242.9112,1517277.0
2019-11-06,243.0968,243.2648,242.1864,242.9023,1365916.0
2019-11-07,244.4581,245.7309,244.4492,244.8912,2680800.0
2019-11-08,244.9707,245.0591,244.0073,244.9089,1314112.0
2019-11-11,243.7774,245.2094,243.4239,244.9884,1254314.0
2019-11-12,245.2271,245.7221,244.5288,245.1033,1512281.0
2019-11-13,244.2636,246.0845,244.1133,245.7751,1995311.0
2019-11-14,245.6243,246.0139,244.9247,245.9342,1325031.0
2019-11-15,246.947,247.9123,246.6194,247.9034,1870147.0
2019-11-18,247.744,248.2754,247.6112,248.1957,1253147.0
2019-11-19,248.6916,248.7004,246.9559,247.3632,1693567.0
2019-11-20,246.7522,246.9824,245.0519,246.3626,2199558.0
2019-11-21,246.4777,246.5574,245.4416,245.9375,1230720.0
2019-11-22,246.522,247.0976,245.9995,246.947,1198564.0
2019-11-25,247.6732,248.6739,247.6378,248.665,1278785.0
2019-11-26,248.8598,249.3557,248.4879,249.1609,1151701.0
2019-11-27,249.3646,249.648,248.851,249.648,1242472.0
2019-11-29,249.1078,249.3469,248.7004,248.7978,695177.0
2019-12-02,249.2406,249.276,246.3626,246.3626,2270835.0
2019-12-03,243.9096,244.0955,242.3067,243.9804,2957002.0
2019-12-04,245.3176,245.9729,244.9545,245.3442,1371436.0
2019-12-05,246.0615,246.0615,244.5472,245.6187,1241435.0
2019-12-06,247.4695,248.789,247.4164,248.5765,2035931.0
2019-12-09,248.3462,248.5942,247.682,247.744,1068293.0
2019-12-10,247.62,248.0805,246.7433,247.4784,1224926.0
2019-12-11,247.1861,247.868,246.7611,247.7086,1151035.0
2019-12-12,247.5315,250.569,247.2835,249.6834,3179038.0
2019-12-13,249.6657,251.1534,248.8421,249.8251,2687849.0
2019-12-16,250.569,251.5962,250.5512,250.6752,1545744.0
2019-12-17,250.7815,251.4988,250.5335,250.9675,1516840.0
2019-12-18,251.3128,251.4191,250.7461,250.7992,1462343.0
2019-12-19,251.1867,251.9772,251.1156,251.9062,1504204.0
2019-12-20,252.9414,253.2079,252.5506,252.6749,2761862.0
2019-12-23,253.5277,253.7409,253.2878,253.4477,1984853.0
2019-12-24,253.7142,253.7142,253.0391,253.1635,504081.0
2019-12-26,253.3589,254.1317,253.3323,254.0962,816803.0
2019-12-27,254.7624,254.7979,253.954,254.336,1756498.0
2019-12-30,254.3449,254.4071,252.3641,252.7371,1861983.0
2019-12-31,252.1864,253.43,251.8755,253.2434,1131337.0
2020-01-02,254.4337,256.379,254.1761,256.3701,3067672.0
2020-01-03,253.4389,255.0288,253.3145,254.3271,2795035.0
2020-01-06,252.5151,254.9578,252.4085,254.9134,1419514.0
2020-01-07,254.3093,254.7446,253.6698,253.8119,1189559.0
2020-01-08,253.4389,256.4145,253.2257,255.2864,2795724.0
2020-01-09,256.6632,257.4538,256.2013,257.2051,1524027.0
2020-01-10,257.5604,257.6403,255.6773,256.0326,2585590.0
2020-01-13,256.5211,256.7787,255.9437,256.7254,1306484.0
2020-01-14,256.53,258.0312,256.4589,256.9031,1829921.0
2020-01-15,256.7165,258.7062,256.6632,257.9068,1970745.0
2020-01-16,259.0432,260.2341,258.901,260.1985,1944512.0
2020-01-17,260.837,260.9259,260.1972,260.6238,1636306.0
2020-01-21,259.8862,260.6326,258.9353,259.3441,3485975.0
2020-01-22,259.9217,260.446,259.1219,259.3263,1924387.0
2020-01-23,258.3843,259.3707,257.3623,259.0863,1649607.0
2020-01-24,259.975,260.1794,256.2426,257.54,3270098.0
2020-01-27,253.1411,254.7407,252.2613,253.5943,3343676.0
2020-01-28,254.3585,256.1093,253.9409,255.3094,2127141.0
2020-01-29,256.8202,257.0779,255.2383,255.3094,1824956.0
2020-01-30,253.8875,256.6247,253.1411,256.4203,2804347.0
2020-01-31,255.0162,255.2561,250.2617,250.9816,4259621.0
2020-02-03,252.0746,254.3941,251.9413,252.3679,2719633.0
2020-02-04,255.656,256.8291,255.425,255.9759,2306049.0
2020-02-05,258.3932,260.4194,257.6733,260.2594,2553729.0
2020-02-06,261.2903,261.3969,259.895,261.0414,2246270.0
2020-02-07,260.1705,260.215,258.3043,258.7753,2470532.0
2020-02-10,257.8955,260.3483,257.86,260.3394,1615160.0
2020-02-11,261.5835,261.6457,259.744,260.3305,1694761.0
2020-02-12,261.8146,262.9343,261.7435,262.801,2060446.0
2020-02-13,261.6102,262.9077,261.2014,262.0012,2283144.0
2020-02-14,262.1345,262.2767,260.7393,261.7524,1670781.0
2020-02-18,260.5171,261.1659,259.2818,260.3394,2027687.0
2020-02-19,261.0681,261.9123,260.7215,261.3614,1269769.0
2020-02-20,260.8834,261.5428,257.8625,260.1883,3142624.0
2020-02-21,259.1402,259.363,257.3134,258.1956,2608219.0
2020-02-24,249.8101,251.9934,248.5982,249.124,5329053.0
2020-02-25,250.229,250.728,240.4978,241.2286,7823140.0
2020-02-26,242.3781,245.3367,239.5621,240.3731,6253383.0
2020-02-27,236.0244,238.5819,229.3855,229.4657,8576266.0
2020-02-28,223.2456,227.3448,220.1088,226.8457,14517185.0
2020-03-02,228.8597,238.1542,226.4002,237.9581,6761240.0
2020-03-03,238.6443,241.5137,229.1805,231.0697,8921876.0
2020-03-04,236.5501,241.5939,234.3312,241.3979,4414065.0
2020-03-05,235.4986,237.5126,231.3014,232.9945,4781755.0
2020-03-06,225.8744,231.7826,224.9476,230.6687,6120348.0
2020-03-09,215.2076,220.1801,211.349,212.7303,8946213.0
2020-03-10,220.3761,223.2634,211.2777,223.201,8238462.0
2020-03-11,217.0255,218.2463,208.1677,210.1638,6169931.0
2020-03-12,196.4939,204.0685,188.7678,189.0173,14073613.0
2020-03-13,200.3881,207.1696,190.0689,206.8399,10877253.0
2020-03-16,184.0181,194.5423,179.5714,180.4447,10468150.0
2020-03-17,184.4726,191.1204,177.6465,190.2293,11777847.0
2020-03-18,177.3346,183.0735,169.0204,177.6822,10799966.0
2020-03-19,176.7654,182.6734,171.3579,179.3931,10331703.0
2020-03-20,181.7007,183.4883,170.7159,171.5204,9460124.0
2020-03-23,169.9383,170.8947,162.7611,166.3631,12948241.0
2020-03-24,175.4263,185.2044,175.1849,184.695,11135064.0
2020-03-25,188.2076,196.7881,183.5152,189.5394,14310684.0
2020-03-26,191.6577,201.8828,191.2823,201.1677,11687670.0
2020-03-27,194.5,199.5499,191.7828,193.3738,7715838.0
2020-03-30,194.3123,199.9611,192.2565,199.4069,6118656.0
2020-03-31,198.3523,200.8817,195.2418,195.9479,6475916.0
2020-04-01,188.2791,191.9705,185.696,187.144,7121754.0
2020-04-02,186.1876,191.9795,185.1776,191.2376,6804146.0
2020-04-03,190.1382,191.7649,186.5273,188.2344,5416057.0
2020-04-06,195.6977,203.7061,194.9558,202.4727,8738809.0
2020-04-07,210.3828,211.08,202.4012,202.5352,9127238.0
2020-04-08,204.8055,210.2666,202.7498,209.4443,5729663.0
2020-04-09,212.662,214.682,210.1325,211.9559,7803010.0
2020-04-13,211.3034,211.5537,206.4322,209.1136,5294881.0
2020-04-14,213.2966,214.9323,211.7235,214.2262,4495806.0
2020-04-15,209.5784,211.4554,207.7103,210.1147,5082019.0
2020-04-16,210.669,210.991,207.5211,210.3471,4787806.0
2020-04-17,216.0618,217.0097,213.0659,216.8041,4625589.0
2020-04-20,213.057,215.6236,211.2862,211.6261,6118798.0
2020-04-21,206.9757,208.6749,205.1603,205.8847,5083802.0
2020-04-22,209.6229,211.2952,208.7196,209.9537,3657805.0
2020-04-23,210.6155,213.6651,210.0074,210.222,5091997.0
2020-04-24,211.5993,213.1374,209.444,212.6903,2912334.0
2020-04-27,213.8797,216.5894,213.2448,215.8114,3055289.0
2020-04-28,219.1113,219.2455,214.9529,215.6057,3782217.0
2020-04-29,219.5317,221.4902,218.387,220.3991,3563256.0
2020-04-30,218.378,219.2544,216.339,217.5105,3781150.0
2020-05-01,214.2553,214.926,211.5009,212.1984,3695497.0
2020-05-04,210.2846,212.6187,208.9432,212.3236,3047602.0
2020-05-05,214.6488,216.187,213.4683,213.5578,2657444.0
2020-05-06,214.9439,215.1138,211.5903,211.8228,2454198.0
2020-05-07,213.9512,215.6862,213.3342,213.6561,2899968.0
2020-05-08,216.661,218.0292,215.8293,217.8683,2672646.0
2020-05-11,216.1333,218.1544,215.5252,216.9203,2296885.0
2020-05-12,218.0382,218.3333,212.7887,212.9139,4459761.0
2020-05-13,211.9301,212.3952,206.6001,208.2099,5081112.0
2020-05-14,205.7478,211.7334,204.1529,211.7245,5269199.0
2020-05-15,209.8179,212.5867,209.1459,212.2821,3881157.0
2020-05-18,218.196,221.5024,218.0616,220.3644,4087613.0
2020-05-19,219.9522,220.445,216.9057,217.0401,3748701.0
2020-05-20,219.8895,220.9468,219.2891,220.1852,2632137.0
2020-05-21,220.0239,221.6637,218.5275,219.549,2902786.0
2020-05-22,219.4504,219.6207,217.8913,219.4235,2142090.0
2020-05-26,224.8446,225.8213,223.9038,224.2353,4202961.0
2020-05-27,227.3446,229.1815,224.307,229.1815,4323642.0
2020-05-28,231.0632,231.1259,227.4879,227.9091,4139028.0
2020-05-29,226.9414,228.7783,224.7281,227.8553,4203332.0
2020-06-01,227.3983,228.9843,226.4306,228.7335,1720935.0
2020-06-02,229.8804,231.108,229.1277,231.0452,2652710.0
2020-06-03,233.2854,236.5559,232.6671,235.8122,4117775.0
2020-06-04,235.0954,236.9412,234.2083,235.9556,3218250.0
2020-06-05,242.2906,245.4716,241.744,243.3121,6132547.0
2020-06-08,244.5307,247.649,244.5307,247.5594,3805288.0
2020-06-09,244.8354,246.4303,243.8408,244.9608,3667945.0
2020-06-10,244.7995,245.6777,241.9412,242.3444,4900369.0
2020-06-11,234.8982,236.1169,225.2478,225.8303,9622739.0
2020-06-12,232.0667,233.2585,225.2926,230.0506,7747154.0
2020-06-15,224.2711,232.6133,223.2049,231.4933,5143720.0
2020-06-16,239.2799,239.3695,231.7979,236.3946,5806473.0
2020-06-17,237.1025,237.1832,234.1008,234.6025,2881065.0
2020-06-18,233.0039,234.9989,232.1682,234.271,2633783.0
2020-06-19,237.4276,237.6523,231.4967,232.566,3804752.0
2020-06-22,231.6854,234.1656,230.6609,233.932,2239478.0
2020-06-23,236.1875,236.4751,234.561,234.9923,2405888.0
2020-06-24,232.9435,233.2131,227.3001,228.8187,4815292.0
2020-06-25,227.6685,231.5955,226.5093,231.3439,3080081.0
2020-06-26,229.7353,230.1038,224.3885,224.9996,3960028.0
2020-06-29,226.6171,230.0768,225.5118,229.969,2898964.0
2020-06-30,229.2141,232.7907,228.8996,231.7303,2810334.0
2020-07-01,232.6289,233.878,231.0743,231.2271,2880932.0
2020-07-02,234.6688,235.5944,231.7393,232.2246,3076524.0
2020-07-06,235.5854,236.4661,234.4262,236.3403,2318040.0
2020-07-07,234.6059,235.3069,232.5481,232.7817,2230912.0
2020-07-08,233.3658,234.7138,232.0718,234.2914,2077770.0
2020-07-09,234.4352,234.7138,229.4658,231.1642,3177472.0
2020-07-10,231.1282,234.6868,230.4632,234.3813,2502396.0
2020-07-13,236.3942,239.5035,234.1656,234.579,4096141.0
2020-07-14,234.2105,239.9798,233.7343,239.5664,4769037.0
2020-07-15,243.0171,243.116,239.9798,241.6512,4088292.0
2020-07-16,240.0784,241.6702,239.0531,240.3572,1915739.0
2020-07-17,241.0058,241.0867,239.378,239.8906,1760225.0
2020-07-20,239.5758,240.7,238.3527,239.9625,3371615.0
2020-07-21,241.7612,243.0653,240.709,241.3295,2446363.0
2020-07-22,240.8619,243.1372,240.8169,242.8045,1619113.0
2020-07-23,242.4987,242.6246,238.8833,239.8456,2233196.0
2020-07-24,238.4606,239.5309,237.4714,238.0469,1849744.0
2020-07-27,238.0919,239.5039,237.7412,239.1801,2164467.0
2020-07-28,238.2538,238.8743,237.0936,237.3634,1429157.0
2020-07-29,237.5973,239.288,237.2465,238.7754,1507377.0
2020-07-30,236.0594,237.2645,233.7751,236.7789,2317859.0
2020-07-31,237.2106,237.8671,233.9909,237.7412,2600806.0
2020-08-03,238.8564,240.2593,238.6405,239.8726,1813558.0
2020-08-04,239.4859,241.4015,239.2521,241.3925,1541636.0
2020-08-05,242.8404,244.864,242.7325,244.6211,1716548.0
2020-08-06,244.2974,246.4468,244.2344,246.3299,1499486.0
2020-08-07,245.7273,247.1573,245.0438,246.9774,1721268.0
2020-08-10,247.7778,250.269,247.7509,250.1431,1922443.0
2020-08-11,252.6253,253.4167,248.6412,249.2887,3585613.0
2020-08-12,251.672,252.4814,250.6647,251.8519,1685170.0
2020-08-13,251.0245,252.0137,250.2151,251.2943,1326347.0
2020-08-14,250.251,251.9598,249.9273,251.636,1486908.0
2020-08-17,251.9418,252.0407,250.4669,250.8716,1717158.0
2020-08-18,251.0065,251.2493,249.2168,250.1971,1362747.0
2020-08-19,250.6287,251.5821,249.0909,249.5046,2747460.0
2020-08-20,248.2509,250.3239,248.0977,249.9003,1525158.0
2020-08-21,249.6961,252.0125,249.5339,251.7241,1938751.0
2020-08-24,253.9142,255.2932,252.7876,255.2301,2217331.0
2020-08-25,256.0593,256.1765,253.2833,254.7254,2514080.0
2020-08-26,254.7074,255.6177,253.779,255.4554,1866075.0
2020-08-27,256.3658,258.1774,255.6808,256.9065,2669531.0
2020-08-28,257.9791,259.0787,256.8705,258.4027,2196740.0
2020-08-31,258.0061,258.0782,255.87,256.2215,3151091.0
2020-09-01,255.7258,258.61,255.2211,258.4838,2517453.0
2020-09-02,259.6465,263.2337,259.2139,262.4676,2720478.0
2020-09-03,262.2512,263.5041,253.3554,255.3743,4998758.0
2020-09-04,256.7894,257.5825,249.6691,253.9593,5099202.0
2020-09-08,251.3005,251.3095,247.8665,248.236,3813597.0
2020-09-09,250.6064,254.6082,250.0116,252.2288,2647931.0
2020-09-10,253.3825,254.3198,247.7223,248.5695,2759074.0
2020-09-11,249.615,251.3005,247.8214,249.7412,2181517.0
2020-09-14,251.3906,253.6528,251.1653,252.8417,1863078.0
2020-09-15,254.5541,254.9778,252.2558,252.8867,1731283.0
2020-09-16,253.752,256.1855,253.067,253.2923,1875949.0
2020-09-17,250.3412,253.4039,249.7359,251.9764,2379040.0
2020-09-18,252.0729,252.4253,248.2423,249.8233,2365352.0
2020-09-21,245.3602,245.8933,241.2676,245.2338,4056787.0
2020-09-22,245.4416,246.86,243.7431,246.4715,2628024.0
2020-09-23,247.7092,248.0796,241.2947,241.7464,2805030.0
2020-09-24,241.0959,244.7278,239.6594,242.2162,3329696.0
2020-09-25,241.0056,246.0198,240.5268,245.4687,2569684.0
2020-09-28,248.685,250.3654,248.1971,249.2632,2158874.0
2020-09-29,248.9921,249.3354,246.9052,247.9261,1601013.0
2020-09-30,248.4501,253.1209,248.4501,250.7087,3214586.0
2020-10-01,252.3711,253.2835,249.8685,251.2869,2375957.0
2020-10-02,247.7002,251.6212,247.1852,250.0763,3383548.0
2020-10-05,251.8742,254.4038,251.838,254.3316,1479942.0
2020-10-06,255.2711,256.1475,250.4738,250.9075,3413388.0
2020-10-07,253.2203,256.283,253.1751,255.6054,1978730.0
2020-10-08,257.0509,257.1955,255.3976,256.8432,1725078.0
2020-10-09,258.0357,259.1199,256.9516,258.3248,2126962.0
2020-10-12,259.2463,261.6495,259.0024,260.6106,1858615.0
2020-10-13,259.8878,260.2944,258.4061,259.0566,1937542.0
2020-10-14,259.4903,260.1498,257.1052,257.6021,1750686.0
2020-10-15,254.8002,257.8461,254.4658,257.5207,1930455.0
2020-10-16,258.7109,260.6361,258.3946,258.4669,1744139.0
2020-10-19,259.0724,259.452,254.2279,254.9058,2107234.0
2020-10-20,255.9271,258.1867,255.1046,255.7373,2325661.0
2020-10-21,255.3668,257.1111,254.725,254.8516,2089175.0
2020-10-22,254.9691,256.8309,253.3422,256.37,1847369.0
2020-10-23,257.0931,257.1744,254.4358,256.0898,1596738.0
2020-10-26,253.1976,253.4235,247.3769,250.3596,4176375.0
2020-10-27,250.3144,250.4228,248.1904,248.2446,2346543.0
2020-10-28,243.129,244.7107,239.5317,239.9475,4567708.0
2020-10-29,239.6312,243.0747,237.5343,240.9507,3791910.0
2020-10-30,239.5408,240.7067,236.2689,239.5679,4123586.0
2020-11-02,243.0386,244.4847,241.258,243.3097,3395683.0
2020-11-03,246.437,249.8444,246.0212,248.2356,3355304.0
2020-11-04,249.3654,255.8367,249.0581,251.7243,4831822.0
2020-11-05,255.1408,257.554,254.942,256.605,3297341.0
2020-11-06,256.6411,257.0298,254.7793,255.9814,2209696.0
2020-11-09,269.8912,270.6866,263.3656,263.6639,7080712.0
2020-11-10,265.0919,266.5923,263.3746,266.1855,3383310.0
2020-11-11,267.5955,267.6588,264.7575,265.824,2350818.0
2020-11-12,264.1158,265.11,261.3772,263.0583,3454625.0
2020-11-13,264.7936,267.469,264.2965,266.764,2445312.0
2020-11-16,270.4968,271.1295,268.9422,271.1295,3401001.0
2020-11-17,268.7434,270.3793,267.1707,269.6201,3093134.0
2020-11-18,270.4335,270.9216,266.4115,266.4115,2850435.0
2020-11-19,265.8216,267.3615,264.7255,266.9267,2606471.0
2020-11-20,266.5121,266.8472,264.6823,264.9812,2416380.0
2020-11-23,266.5483,268.7132,265.8418,268.0248,2185582.0
2020-11-24,270.7876,272.7532,270.2078,272.1373,3067142.0
2020-11-25,271.7387,271.784,269.9814,270.6064,2188489.0
2020-11-27,271.2405,271.9289,270.0901,271.0593,1260308.0
2020-11-30,269.5013,269.7549,266.9922,268.6861,2978657.0
2020-12-01,271.5032,272.6626,270.0991,270.3347,2171016.0
2020-12-02,269.0756,271.1499,268.4415,271.005,2070068.0
2020-12-03,271.1861,273.0159,270.8872,271.8021,2468312.0
2020-12-04,272.4181,274.0938,272.2912,274.0938,2284194.0
2020-12-07,273.1246,273.7043,271.7478,272.7442,1711040.0
2020-12-08,271.7568,274.3475,271.7296,273.7406,1662327.0
2020-12-09,274.6645,275.0087,271.7206,272.5449,2455281.0
2020-12-10,271.7387,272.7895,271.0231,272.2369,1957723.0
2020-12-11,271.2314,272.8166,270.5521,272.5902,1820164.0
2020-12-14,274.4833,275.1899,270.8419,270.9325,2840622.0
2020-12-15,272.6083,274.4109,271.2767,274.121,2347704.0
2020-12-16,274.0485,274.3565,272.9434,273.6953,1535335.0
2020-12-17,274.664,275.1088,274.3282,274.9091,1755457.0
2020-12-18,275.0611,275.1246,272.4836,273.9992,3049377.0
2020-12-21,271.1766,274.9703,269.9333,274.2171,4038850.0
2020-12-22,273.9448,273.9811,272.1387,272.3384,1771198.0
2020-12-23,273.3639,274.807,273.3095,273.4365,1839022.0
2020-12-24,273.7814,274.1807,273.1189,274.1081,956145.0
2020-12-28,275.6238,276.9489,275.3152,275.9052,1898355.0
2020-12-29,277.203,277.448,274.6708,275.4151,1754314.0
2020-12-30,276.005,276.9307,275.7781,276.0231,1646657.0
2020-12-31,275.9052,277.9835,275.3152,277.5297,2131890.0
2021-01-04,278.2558,278.3193,271.1313,274.3804,3923311.0
2021-01-05,274.0265,276.8581,273.5273,275.7599,2353996.0
2021-01-06,275.6692,281.5685,275.052,279.7261,5417470.0
2021-01-07,281.0965,283.1477,280.4884,281.8044,2954356.0
2021-01-08,282.4851,282.6485,279.5264,282.2945,2514871.0
2021-01-11,279.9802,282.2582,279.9167,281.5049,2171574.0
2021-01-12,281.514,282.4851,280.3614,282.0223,1805302.0
2021-01-13,281.9224,282.8028,281.278,281.9224,1485806.0
2021-01-14,282.7943,283.4117,281.2508,281.396,1787862.0
2021-01-15,279.6596,280.849,277.8618,279.7594,2618370.0
2021-01-19,281.7933,282.1383,280.1953,280.849,2297828.0
2021-01-20,281.8477,283.591,281.4119,283.0735,1908232.0
2021-01-21,283.2914,283.927,282.5559,283.1643,1563720.0
2021-01-22,281.3302,282.3925,280.6402,281.4392,1518814.0
2021-01-25,280.5494,281.2212,277.4895,281.1486,3466346.0
2021-01-26,281.9567,282.5469,280.7582,280.9125,1643300.0
2021-01-27,278.343,278.4883,274.2845,275.3468,4069459.0
2021-01-28,276.9085,280.9398,276.7723,277.8981,3929080.0
2021-01-29,275.9369,276.7269,271.1066,272.2143,4098498.0
2021-02-01,274.457,275.4285,272.5139,274.2209,1866239.0
2021-02-02,276.509,280.0409,276.4908,278.5791,2357137.0
2021-02-03,277.9254,279.596,277.09,278.9786,1555068.0
2021-02-04,279.5143,282.0747,279.4417,282.0747,1937501.0
2021-02-05,283.6092,283.7817,282.2563,282.8646,1573880.0
2021-02-08,283.9179,284.9983,283.6546,284.9983,1363109.0
2021-02-09,284.4263,285.5522,283.7998,285.0256,1313660.0
2021-02-10,286.1515,286.2241,283.5547,285.5522,1705556.0
2021-02-11,286.0879,286.6962,284.0087,285.7156,1414599.0
2021-02-12,285.3524,286.1333,284.9439,286.0425,2111174.0
2021-02-16,287.2138,287.4044,285.8881,286.5328,1243030.0
2021-02-17,285.7247,287.7404,284.9802,287.4589,1543366.0
2021-02-18,285.7778,286.9149,284.5315,286.5146,1802997.0
2021-02-19,287.1071,287.7712,286.1701,286.4794,1793411.0
2021-02-22,284.5964,287.9076,284.5236,286.7432,1814025.0
2021-02-23,286.3521,287.9076,283.4593,286.907,4615431.0
2021-02-24,286.2338,291.1461,285.8063,290.6731,3259779.0
2021-02-25,290.8459,291.0279,284.6964,285.6243,5475984.0
2021-02-26,286.0064,286.0428,281.2851,281.5034,5331086.0
2021-03-01,285.1695,288.2988,285.1422,287.0889,3252103.0
2021-03-02,287.2072,287.8531,285.6516,285.8154,2713852.0
2021-03-03,285.5879,287.3436,284.5782,284.7237,3757695.0
2021-03-04,284.9057,286.4794,278.0739,281.6217,6334252.0
2021-03-05,284.2962,287.5074,280.0934,286.7705,4972534.0
2021-03-08,288.1442,292.6744,287.3072,289.5087,6351930.0
2021-03-09,290.573,292.7108,289.6815,289.8362,3983925.0
2021-03-10,291.5919,295.0214,291.5282,294.1299,4900039.0
2021-03-11,295.3853,297.4412,294.5848,295.9493,3800442.0
2021-03-12,296.2586,298.8239,296.1039,298.6602,3334602.0
2021-03-15,299.4698,300.4159,297.2956,300.2794,3358767.0
2021-03-16,300.0611,300.1975,298.6693,299.1605,2393707.0
2021-03-17,299.4789,301.1345,298.7238,300.898,2787159.0
2021-03-18,300.4813,302.8058,299.0775,299.6153,3841552.0
2021-03-19,299.0606,299.1517,296.2348,297.1737,3836272.0
2021-03-22,296.7544,298.9694,296.2804,298.2949,3032439.0
2021-03-23,297.4107,298.5136,294.831,295.3962,3823160.0
2021-03-24,296.5082,298.7415,295.4144,295.4144,4762530.0
2021-03-25,294.1109,297.7297,292.2604,297.3378,4433871.0
2021-03-26,298.6139,301.622,297.7844,301.3668,3870733.0
2021-03-29,300.1635,303.0532,299.808,302.3239,3943498.0
2021-03-30,301.7588,302.2692,300.6102,301.5582,3338306.0
2021-03-31,301.3577,302.2875,300.7561,300.9748,2900459.0
2021-04-01,301.5218,302.2692,300.5555,302.1325,4032498.0
2021-04-05,304.4022,306.4259,304.3749,305.5508,4315249.0
2021-04-06,305.0859,305.7513,304.2564,304.7942,2439253.0
2021-04-07,304.5846,305.5235,303.9465,304.7942,2145067.0
2021-04-08,304.7304,305.5052,303.9374,305.487,2131434.0
2021-04-09,306.0066,308.1761,305.6966,307.9755,2229546.0
2021-04-12,307.4377,307.9755,306.8725,307.6929,2400666.0
2021-04-13,306.8543,307.5744,305.8151,307.0002,2683207.0
2021-04-14,307.0093,309.1149,306.9546,307.6747,3225826.0
2021-04-15,308.8592,310.5826,308.8592,310.3273,3231763.0
2021-04-16,311.5875,312.244,310.9218,311.7243,2837184.0
2021-04-19,310.9948,311.2227,309.7091,310.7121,2638125.0
2021-04-20,309.5176,309.9006,307.0647,308.3139,2976630.0
2021-04-21,307.8671,311.4325,307.8033,311.2136,2841437.0
2021-04-22,311.0495,311.1316,307.3747,308.3139,3940173.0
2021-04-23,307.9492,311.4781,307.4112,310.4203,2472006.0
2021-04-26,311.0768,311.3778,309.472,309.9097,1702764.0
2021-04-27,309.6544,310.4203,308.8337,309.8732,1870023.0
2021-04-28,309.3352,309.5632,308.2592,308.5419,2141511.0
2021-04-29,309.8732,310.8124,307.6301,310.548,3091998.0
2021-04-30,309.0434,309.7091,308.0677,309.0617,2279870.0
2021-05-03,310.7486,312.016,310.5297,311.0404,2039835.0
2021-05-04,310.0191,311.3869,307.858,311.3869,3373907.0
2021-05-05,312.0799,313.0373,310.3656,312.1072,2612762.0
2021-05-06,312.6999,315.171,311.7698,315.0525,3423601.0
2021-05-07,314.7425,317.5874,314.4142,317.2136,2617100.0
2021-05-10,318.4719,320.1406,316.9491,317.0859,4073326.0
2021-05-11,314.5783,314.7881,310.8398,312.6817,6129275.0
2021-05-12,311.4142,312.0616,306.1164,306.3808,5247067.0
2021-05-13,306.6544,311.8884,306.627,310.4386,4273621.0
2021-05-14,312.1346,314.5236,311.7425,313.9127,3774133.0
2021-05-17,313.01,314.706,311.8884,313.3565,2583204.0
2021-05-18,313.5571,314.1315,310.8215,311.0404,2785813.0
2021-05-19,307.8398,309.627,305.6514,309.5176,5750236.0
2021-05-20,309.7878,312.7117,309.4223,311.4142,3509698.0
2021-05-21,312.7054,314.3867,311.8282,312.5318,3594732.0
2021-05-24,313.7471,314.9532,313.4547,314.2862,2073205.0
2021-05-25,314.9441,315.2364,313.0983,313.5735,2048994.0
2021-05-26,313.9207,314.4324,313.1075,313.6557,1590520.0
2021-05-27,315.5471,316.2964,314.2039,314.871,2214232.0
2021-05-28,316.4974,316.5888,315.5563,315.8212,1690131.0
2021-06-01,318.471,318.5716,315.7847,316.0314,2028396.0
2021-06-02,316.8355,317.3837,315.9217,316.4791,1950876.0
2021-06-03,314.8801,317.0274,313.9207,316.1685,2902660.0
2021-06-04,317.1553,317.9685,316.6436,317.8863,1948351.0
2021-06-07,318.4345,318.471,316.1685,316.6893,1715854.0
2021-06-08,316.8994,316.9817,315.008,316.4608,2131819.0
2021-06-09,316.6436,316.9543,314.9532,315.0446,1734274.0
2021-06-10,316.6527,317.7309,315.0537,315.2182,1940764.0
2021-06-11,316.1685,316.6527,313.9298,315.3461,2104583.0
2021-06-14,315.0811,315.1177,312.9247,314.5968,1848685.0
2021-06-15,314.7248,314.807,312.8333,313.7836,1625364.0
2021-06-16,313.7836,313.9938,310.2018,311.3622,2760026.0
2021-06-17,311.182,311.8409,307.5858,309.4343,3587868.0
2021-06-18,305.9046,306.7739,304.4222,304.6784,4499933.0
2021-06-21,306.7831,310.2877,306.0053,310.0041,3384654.0
2021-06-22,309.9766,311.4956,308.787,310.6172,2549792.0
2021-06-23,310.6904,311.2669,309.9126,310.0041,2378255.0
2021-06-24,311.7335,313.2434,311.459,312.9323,2576918.0
2021-06-25,314.4513,315.6775,313.948,315.1925,2852772.0
2021-06-28,315.0827,315.165,312.7859,313.6826,2566490.0
2021-06-29,314.7624,315.4487,313.5088,313.7375,1756258.0
2021-06-30,313.2983,316.1624,313.2708,315.65,2464978.0
2021-07-01,316.4095,316.9768,315.6225,316.9402,2293431.0
2021-07-02,317.5625,318.7063,316.7755,318.386,2376305.0
2021-07-06,318.2122,318.5416,314.4147,316.4461,2888947.0
2021-07-07,316.2905,317.654,315.165,317.4527,2523365.0
2021-07-08,313.5179,315.6958,312.5205,315.1284,5002757.0
2021-07-09,317.1232,319.42,316.4644,319.1089,4048056.0
2021-07-12,318.4501,320.5364,317.8644,320.2985,3086004.0
2021-07-13,319.841,320.4998,319.2187,319.356,2538538.0
2021-07-14,320.4449,320.9024,318.7704,319.7312,2960945.0
2021-07-15,318.3483,320.2711,318.1103,320.2161,3560618.0
2021-07-16,321.1196,321.1379,317.1092,317.4755,3967267.0
2021-07-19,312.9433,320.4878,308.9055,311.1945,6533363.0
2021-07-20,311.5699,316.9078,311.0754,315.9556,3908519.0
2021-07-21,317.6861,318.7665,317.1367,318.62,2300681.0
2021-07-22,318.4185,319.3708,317.4205,318.8672,1734948.0
2021-07-23,320.4603,321.3668,319.7279,320.9822,3152135.0
2021-07-26,320.3962,321.788,319.9934,321.7513,1799251.0
2021-07-27,320.4787,321.0829,319.2884,321.028,2899880.0
2021-07-28,321.3943,321.5865,319.2792,319.8744,2621139.0
2021-07-29,321.3302,322.026,320.8083,321.2111,1786450.0
2021-07-30,320.3505,321.3851,319.2426,319.9842,2299338.0
2021-08-02,320.8724,322.2091,318.6841,318.9496,2165786.0
2021-08-03,319.6088,321.5499,317.8143,321.4583,2851816.0
2021-08-04,320.1124,320.5336,318.5193,318.62,2297230.0
2021-08-05,319.4074,321.0555,319.2426,321.0189,1701325.0
2021-08-06,321.9436,322.7402,321.7971,322.3739,1547737.0
2021-08-09,321.9253,322.3465,320.9639,321.5133,1694676.0
2021-08-10,321.7513,323.1522,321.3851,322.9599,2052649.0
2021-08-11,324.0678,325.1482,323.8481,324.9834,2724319.0
2021-08-12,325.2123,325.2672,323.8755,325.2489,2217286.0
2021-08-13,325.8166,326.2927,325.0383,325.3954,1852326.0
2021-08-16,324.4981,326.5033,322.8958,326.4758,2673424.0
2021-08-17,324.0678,324.7362,321.8429,323.9671,3793638.0
2021-08-18,322.8592,324.1594,320.3596,320.5702,2954908.0
2021-08-19,318.0122,320.9014,317.9939,319.9842,4100613.0
2021-08-20,320.0861,322.6268,319.6734,322.0856,2373233.0
2021-08-23,323.7366,324.9748,323.6999,324.186,2839390.0
2021-08-24,324.7639,325.1399,324.342,324.452,1490214.0
2021-08-25,324.4887,325.6444,323.6999,324.8556,1905615.0
2021-08-26,325.2133,325.6077,322.9203,323.0028,2186289.0
2021-08-27,323.4523,325.4701,323.4523,325.2133,2465345.0
2021-08-30,325.571,325.8095,324.5804,324.7639,1590394.0
2021-08-31,324.4979,325.4334,323.9384,324.6171,1866129.0
2021-09-01,324.9565,325.0115,324.0393,324.2778,2059757.0
2021-09-02,325.4059,325.7728,324.6171,325.4885,1725347.0
2021-09-03,324.342,325.2959,323.8558,324.8189,1806939.0
2021-09-07,324.3603,324.4062,321.9297,322.3425,2159100.0
2021-09-08,321.7738,323.012,320.6915,321.6912,2250100.0
2021-09-09,321.5445,323.3239,320.0311,320.3888,2448736.0
2021-09-10,322.1682,322.5442,317.8757,317.9949,3214776.0
2021-09-13,319.9944,320.9666,318.7011,320.3796,3959997.0
2021-09-14,321.3886,321.5445,317.0777,317.7839,2889221.0
2021-09-15,317.7289,320.5264,317.1511,319.9394,2216509.0
2021-09-16,320.0233,321.0987,317.3486,319.3524,2400506.0
2021-09-17,318.7784,319.5873,317.1608,317.6939,3330735.0
2021-09-20,312.7121,314.4952,308.8241,311.9584,6478167.0
2021-09-21,313.8242,315.3316,311.5999,311.6918,4435020.0
2021-09-22,313.5761,316.4898,312.9143,314.8077,4637478.0
2021-09-23,316.931,320.4789,316.6736,319.4586,4361766.0
2021-09-24,318.4843,320.2583,318.3097,319.7436,2316618.0
2021-09-27,320.1296,322.1609,319.9825,320.4237,2040807.0
2021-09-28,319.2472,319.6976,314.725,315.1938,4777553.0
2021-09-29,316.0945,317.7214,315.157,315.9751,3000534.0
2021-09-30,317.1791,317.51,310.7727,310.9381,5631384.0
2021-10-01,312.5099,316.9034,310.3774,315.4328,4352292.0
2021-10-04,314.9364,316.214,310.7359,312.5191,4907149.0
2021-10-05,313.5669,316.9861,312.9419,315.3868,2956896.0
2021-10-06,312.9511,316.4622,311.1036,316.2968,4730344.0
2021-10-07,318.8244,321.4899,318.7325,319.523,3809731.0
2021-10-08,319.7803,320.2859,318.5579,319.431,2905742.0
2021-10-11,319.523,321.2969,316.9769,317.0872,2860721.0
2021-10-12,317.556,318.1167,315.4419,315.9842,3113955.0
2021-10-13,316.1405,316.7012,313.5393,316.0854,3257354.0
2021-10-14,319.1915,320.9844,318.5755,320.9017,3575025.0
2021-10-15,323.326,324.6408,322.6456,324.4293,3245664.0
2021-10-18,323.0961,324.6868,322.0296,324.1075,2656108.0
2021-10-19,325.1833,325.9556,324.3834,325.9097,1850562.0
2021-10-20,325.9556,327.8589,325.8269,327.3532,2352756.0
2021-10-21,326.7648,327.4084,325.7626,327.2888,1636489.0
2021-10-22,327.3256,328.8151,326.7004,328.006,3014839.0
2021-10-25,328.5761,329.0726,327.5923,328.7508,2010897.0
2021-10-26,329.6794,330.0196,328.5853,328.7048,2533045.0
2021-10-27,329.2381,329.4404,326.3694,326.3878,2294187.0
2021-10-28,327.0866,328.5945,327.0866,328.5209,1869169.0
2021-10-29,327.9233,329.6427,327.6842,329.376,2075867.0
2021-11-01,330.4885,331.0494,329.1461,330.2035,1948323.0
2021-11-02,330.461,331.8126,329.8909,331.5275,2112439.0
2021-11-03,330.9207,332.6952,329.992,332.4378,2454830.0
2021-11-04,332.2355,332.5205,330.8839,332.2447,2735336.0
2021-11-05,333.725,335.5455,332.7412,334.0376,3551780.0
2021-11-08,335.6559,336.1892,334.0652,334.9755,2240877.0
2021-11-09,334.8192,334.9571,332.6769,334.0193,2682800.0
2021-11-10,333.3205,334.433,331.2609,331.9873,2597555.0
2021-11-11,332.0976,332.162,330.4334,330.5069,1879874.0
2021-11-12,331.6379,332.6033,330.6173,332.1803,2298199.0
2021-11-15,333.394,333.5136,331.6195,332.1436,1983576.0
2021-11-16,332.6769,334.2583,332.5665,332.778,2206978.0
2021-11-17,332.3275,332.4562,330.5805,330.8655,2227796.0
2021-11-18,330.9954,331.0507,328.3606,330.4058,2668548.0
2021-11-19,329.6513,329.7066,327.3942,327.8825,2586891.0
2021-11-22,329.3289,330.9503,328.0483,328.1497,3502333.0
2021-11-23,328.1773,330.1488,327.3574,329.8263,4013976.0
2021-11-24,328.0207,329.9922,327.7812,329.8355,2962131.0
2021-11-26,322.7327,323.7829,320.0058,321.5351,5352430.0
2021-11-29,324.8239,324.9898,321.4429,323.5342,3596245.0
2021-11-30,321.2403,322.4471,317.242,317.7395,6668433.0
2021-12-01,320.577,322.788,313.5202,313.6492,5991827.0
2021-12-02,314.8929,320.5493,314.3033,319.3149,5945920.0
2021-12-03,320.4204,321.056,316.0628,318.974,8140361.0
2021-12-06,321.7193,326.1413,321.3508,325.0358,5356770.0
2021-12-07,327.9009,330.3699,327.7719,329.5684,3848345.0
2021-12-08,329.9645,330.6094,328.3523,329.7987,2482574.0
2021-12-09,328.6563,330.895,328.2878,329.9092,2679885.0
2021-12-10,331.2635,331.9544,329.4486,331.8623,2898162.0
2021-12-13,331.1253,331.6412,328.5274,328.9235,3364049.0
2021-12-14,327.7443,330.1856,327.0165,328.122,2918119.0
2021-12-15,327.8733,331.6228,326.5283,331.4754,5874005.0
2021-12-16,332.8235,333.968,330.0916,331.1345,5364469.0
2021-12-17,328.8953,329.4306,325.5358,326.3849,6748927.0
2021-12-20,322.4808,322.7023,319.8411,322.3608,4975768.0
2021-12-21,325.0466,327.6309,324.4282,327.5663,3340686.0
2021-12-22,327.5663,330.0121,326.8833,329.8552,2186103.0
2021-12-23,330.7782,332.7256,330.5659,331.6734,1782468.0
2021-12-27,332.3195,334.9961,331.9872,334.9591,1898414.0
2021-12-28,335.1345,336.9896,334.9315,335.9467,2404020.0
2021-12-29,335.8636,337.4696,335.7621,336.7312,1909947.0
2021-12-30,337.5342,338.4756,335.5868,336.0205,2091347.0
2021-12-31,335.5037,336.6389,334.9499,335.3283,2072570.0
2022-01-03,336.2697,337.6634,334.3869,337.5065,4236702.0
2022-01-04,338.9925,340.7645,338.9186,339.5278,4187378.0
2022-01-05,339.3801,341.0322,335.9375,336.039,5882744.0
2022-01-06,336.0575,336.5559,334.0731,334.47,5026113.0
2022-01-07,334.0085,335.836,333.3071,334.3961,4369487.0
2022-01-10,333.2517,333.3901,328.9784,332.9932,6290638.0
2022-01-11,332.901,334.8022,330.1413,334.6084,5788595.0
2022-01-12,335.7067,336.4728,333.8055,334.9868,3389888.0
2022-01-13,336.1498,336.9989,332.6794,333.3717,5015291.0
2022-01-14,330.612,332.0795,328.9415,331.4704,6305222.0
2022-01-18,327.9539,327.9816,325.4527,326.5879,6352049.0
2022-01-19,327.5663,328.157,323.2284,323.3576,5577444.0
2022-01-20,324.4034,327.7008,320.09,320.5703,6460724.0
2022-01-21,320.5682,322.2123,316.0147,316.2086,11771332.0
2022-01-24,312.588,317.8435,306.0486,317.5572,22326714.0
2022-01-25,314.2782,319.386,309.7339,316.7721,13742541.0
2022-01-26,319.6169,321.4272,312.6803,315.3866,15141410.0
2022-01-27,318.1021,321.0855,313.9365,315.4697,9905446.0
2022-01-28,315.7561,320.6698,312.0984,320.6052,8997365.0
2022-01-31,319.3767,324.5307,318.3977,324.272,6142201.0
2022-02-01,324.8077,327.2184,322.9789,326.9136,5749705.0
2022-02-02,326.5996,329.426,325.8238,328.8441,6141748.0
2022-02-03,327.7265,328.0959,323.8102,324.1797,6569786.0
2022-02-04,323.6347,326.2763,321.261,324.0781,5865817.0
2022-02-07,324.4106,326.1932,323.1175,324.1058,3748823.0
2022-02-08,324.7616,328.216,324.0042,327.4678,3512476.0
2022-02-09,330.0633,330.756,329.426,330.3588,3810551.0
2022-02-10,327.6895,330.7191,324.2259,325.6298,7713024.0
2022-02-11,325.5374,327.357,319.7924,320.7714,6070881.0
2022-02-14,320.2819,321.0116,316.9845,319.4783,5645490.0
2022-02-15,322.2677,323.9765,321.7505,323.4777,3603511.0
2022-02-16,322.1292,323.9395,320.2357,322.9697,3417786.0
2022-02-17,320.906,321.165,316.6786,317.4371,3208194.0
2022-02-18,317.196,318.3986,314.2081,315.4199,4282396.0
2022-02-22,313.3941,314.7539,308.5747,310.8225,5760721.0
2022-02-23,312.8298,312.9038,306.0215,306.6691,4108510.0
2022-02-24,298.7137,307.7976,298.4917,307.4276,10437286.0
2022-02-25,308.6672,315.4569,308.0936,315.0129,7379371.0
2022-02-28,310.767,314.3469,309.694,313.9029,5765462.0
2022-03-01,311.9973,313.6069,306.4933,308.1861,6576124.0
2022-03-02,310.138,314.9297,309.6014,313.5884,5350413.0
2022-03-03,315.1424,316.4467,311.433,312.7836,6277425.0
2022-03-04,309.5274,311.618,307.8531,311.248,4875272.0
2022-03-07,310.0177,310.1935,303.7274,303.8477,4915823.0
2022-03-08,303.931,309.3332,301.6184,302.0531,6819523.0
2022-03-09,308.1399,309.9252,306.7153,308.4081,3583921.0
2022-03-10,304.634,307.8994,304.042,307.2148,2287854.0
2022-03-11,309.0557,310.5635,304.9763,305.2815,3901058.0
2022-03-14,306.8818,309.5182,304.1437,305.3278,4518777.0
2022-03-15,307.1131,311.5995,306.2898,310.989,3464941.0
2022-03-16,313.7364,315.827,309.4627,315.7715,6261908.0
2022-03-17,314.3352,319.6847,314.1405,319.5549,3964878.0
2022-03-18,318.5829,322.1152,317.6743,321.8834,4130139.0
2022-03-21,321.3457,322.5695,318.2677,320.261,3470759.0
2022-03-22,321.8185,323.3112,321.5682,322.7642,2825504.0
2022-03-23,320.8636,321.1881,318.3233,318.3789,2806344.0
2022-03-24,319.3802,321.7629,318.3975,321.7629,2738080.0
2022-03-25,322.4489,323.8581,320.9563,323.135,2569895.0
2022-03-28,322.4026,324.0158,320.2053,324.0158,1987038.0
2022-03-29,326.9547,327.9282,324.5998,327.2421,3577584.0
2022-03-30,326.4726,327.7057,324.8965,326.4541,2972324.0
2022-03-31,325.4806,325.9441,321.4847,321.5496,2689445.0
2022-04-01,322.7734,322.9589,320.0755,322.6436,2527757.0
2022-04-04,322.3006,323.8211,320.808,323.784,2649748.0
2022-04-05,322.4675,325.462,320.3166,321.0954,3384942.0
2022-04-06,318.5643,320.8358,317.7207,319.6213,3911171.0
2022-04-07,318.7127,321.8,316.9697,320.7523,2894978.0
2022-04-08,320.5206,323.6727,319.5285,322.0503,3006690.0
2022-04-11,320.2239,321.7814,317.7578,318.1842,3542040.0
2022-04-12,319.306,321.4755,316.1446,317.2757,2961717.0
2022-04-13,316.7829,320.8266,316.6438,320.5576,2433969.0
2022-04-14,321.5556,323.429,319.2648,319.3111,2940344.0
2022-04-18,318.8845,320.962,317.7716,319.1349,2751298.0
2022-04-19,319.3111,324.3657,319.274,323.7907,3212647.0
2022-04-20,325.59,327.4541,324.8666,326.0259,3827388.0
2022-04-21,328.2796,329.1328,321.9915,322.483,3644918.0
2022-04-22,321.2124,321.2773,313.2364,313.7279,4603494.0
2022-04-25,312.04,316.334,309.0257,315.8518,4947617.0
2022-04-26,313.5053,314.4513,308.1632,308.3302,4469437.0
2022-04-27,309.6471,312.55,307.0503,308.8681,4616024.0
2022-04-28,310.927,315.8332,308.3673,314.6739,4619624.0
2022-04-29,313.2456,314.6183,305.2232,305.7704,5013878.0
2022-05-02,306.3825,308.2281,300.9198,306.7442,7098342.0
2022-05-03,307.1523,309.2298,305.2325,307.2172,4715887.0
2022-05-04,307.7273,316.4175,306.2434,315.8796,8536415.0
2022-05-05,313.3198,313.7001,303.1735,306.2805,6782493.0
2022-05-06,303.9619,306.6608,301.1888,305.1954,8191409.0
2022-05-09,301.4021,302.6913,298.054,299.1948,5841523.0
2022-05-10,302.8397,303.8413,295.9116,298.4807,5584261.0
2022-05-11,298.3972,302.413,295.0769,295.3552,7181153.0
2022-05-12,293.6487,296.2548,289.8554,294.5946,5052302.0
2022-05-13,296.8854,299.5936,295.7076,298.8516,3142909.0
2022-05-16,298.3415,301.9493,296.4959,299.3617,2949262.0
2022-05-17,303.1179,303.6187,299.9924,303.3683,2547768.0
2022-05-18,300.688,300.8549,291.6175,292.6563,2773517.0
2022-05-19,289.4635,293.4053,288.2735,290.4582,2677942.0
2022-05-20,292.6477,292.908,284.7363,290.4444,3603572.0
2022-05-23,293.1404,297.1658,292.6384,296.4128,3020478.0
2022-05-24,294.3025,297.6307,291.56,296.9241,4257303.0
2022-05-25,295.5017,299.8525,295.1206,298.6812,3179128.0
2022-05-26,300.2337,304.7147,300.1872,303.4875,2091848.0
2022-05-27,304.0453,308.768,303.8315,308.7122,2174429.0
2022-05-31,306.9458,309.1584,304.6124,306.9737,3046069.0
2022-06-01,309.0469,309.5303,303.1621,305.2632,2960050.0
2022-06-02,305.4398,309.3723,302.4742,309.363,2995335.0
2022-06-03,306.6669,308.3961,305.6071,306.1835,3167575.0
2022-06-06,308.266,309.3351,305.4212,306.2765,1476139.0
2022-06-07,303.8315,309.0841,303.8315,308.8052,1922983.0
2022-06-08,307.3084,308.582,305.4491,306.2114,1562402.0
2022-06-09,305.0307,306.7785,300.2802,300.2802,1912248.0
2022-06-10,295.9201,296.3477,292.2107,292.2572,3228761.0
2022-06-13,285.8705,287.8413,282.7654,284.0855,4624088.0
2022-06-14,285.0431,285.8054,280.6922,282.8955,2856767.0
2022-06-15,284.8757,288.8268,280.999,285.6194,4579122.0
2022-06-16,280.1748,280.445,277.0532,278.805,3548006.0
2022-06-17,277.9311,281.0154,276.1793,278.3504,3169412.0
2022-06-21,282.3851,285.5719,281.9845,284.4724,1868519.0
2022-06-22,280.9874,286.6994,280.7824,283.8388,4888816.0
2022-06-23,284.8265,286.1217,282.1336,285.8235,2575591.0
2022-06-24,288.1158,293.6321,288.0412,293.5389,2607721.0
2022-06-27,293.893,294.3496,292.0107,292.9239,1433586.0
2022-06-28,294.4521,297.0146,288.1437,288.2462,2295727.0
2022-06-29,289.234,290.2403,287.771,288.9078,1565442.0
2022-06-30,285.8328,288.6935,283.5033,286.8299,3000189.0
2022-07-01,286.3919,290.0819,283.9879,289.6533,2545903.0
2022-07-05,285.6931,288.6376,282.879,288.591,2583221.0
2022-07-06,288.8892,290.9951,286.9417,289.2433,1953755.0
2022-07-07,291.228,292.8401,290.3614,292.5419,1728566.0
2022-07-08,292.1226,293.6507,290.8833,292.0853,1639112.0
2022-07-11,290.3614,292.3462,289.9514,290.4453,1971538.0
2022-07-12,289.383,292.1692,287.5567,288.8333,2003822.0
2022-07-13,285.311,288.8053,284.3047,286.7647,2541734.0
2022-07-14,282.0203,285.9355,280.911,285.5067,1993627.0
2022-07-15,289.7375,291.5739,288.1901,291.4621,2064741.0
2022-07-18,294.3519,294.9019,288.7307,289.5884,1705021.0
2022-07-19,291.8443,296.8129,291.4621,296.5426,2296679.0
2022-07-20,296.6638,297.7731,294.9951,297.1299,2206570.0
2022-07-21,296.0951,298.7332,293.9977,298.6866,1580449.0
2022-07-22,299.9451,300.3553,295.8248,297.4282,2106722.0
2022-07-25,298.2951,298.668,296.6731,298.2671,3050376.0
2022-07-26,297.2697,297.8197,295.6011,296.0112,1616945.0
2022-07-27,297.2604,301.5112,296.4773,300.1782,2275865.0
2022-07-28,300.5883,304.0095,298.1273,303.1798,1995819.0
2022-07-29,303.4502,306.9459,302.8909,306.3773,2519129.0
2022-08-01,304.7459,307.3654,304.3171,305.7993,1868550.0
2022-08-02,304.8019,305.557,301.94,302.0705,3537480.0
2022-08-03,303.6646,306.8248,303.096,305.9112,2022822.0
2022-08-04,305.4731,306.0976,304.4104,305.1654,1287980.0
2022-08-05,303.04,305.9392,302.8909,305.7341,1766228.0
2022-08-08,307.4493,308.6705,305.4917,306.1536,1888610.0
2022-08-09,306.0231,306.6383,305.007,305.6781,1072077.0
2022-08-10,310.0502,311.1968,309.4536,310.6095,2161140.0
2022-08-11,313.0519,313.9654,310.5908,311.0849,1701691.0
2022-08-12,312.101,315.0095,311.5324,314.9256,1910199.0
2022-08-15,313.3222,316.8086,313.2756,316.3612,1416455.0
2022-08-16,315.8485,319.829,315.7832,318.5705,2271527.0
2022-08-17,316.6408,318.8688,315.7366,317.1349,2176767.0
2022-08-18,317.1342,317.8814,315.9854,317.4891,1257129.0
2022-08-19,316.0192,316.3087,314.0671,314.7957,1131596.0
2022-08-22,311.125,311.508,308.3697,308.9301,1791595.0
2022-08-23,308.5098,309.5746,306.9501,307.389,1639082.0
2022-08-24,307.2209,309.1823,306.6605,308.0895,1884851.0
2022-08-25,308.3044,311.1624,307.2863,311.1624,1938858.0
2022-08-26,311.48,311.6481,301.5142,301.6169,2865771.0
2022-08-29,299.3847,301.9905,298.6468,299.9077,1698454.0
2022-08-30,300.8324,300.9071,295.6767,297.0497,2272159.0
2022-08-31,297.4419,299.0391,294.7707,294.8174,2042919.0
2022-09-01,293.5471,296.3118,292.0621,296.1343,2379067.0
2022-09-02,298.6655,299.5808,291.6978,293.0521,2725070.0
2022-09-06,293.79,294.3971,290.4089,291.5951,2572297.0
2022-09-07,291.0814,296.0222,290.8946,295.4525,1818919.0
2022-09-08,293.9207,297.3859,292.9774,297.2365,2384018.0
2022-09-09,298.955,301.6263,298.4133,301.0098,1858064.0
2022-09-12,301.9532,304.1854,301.8784,303.1487,1876862.0
2022-09-13,297.7595,298.4974,290.3155,291.1561,2995232.0
2022-09-14,291.7258,292.7906,289.1013,291.4643,1893329.0
2022-09-15,290.9628,292.8358,289.1086,289.8765,2327590.0
2022-09-16,286.5268,288.9804,285.9556,288.4841,2666565.0
2022-09-19,285.9743,290.4881,285.8994,290.4507,1737394.0
2022-09-20,288.1001,288.4279,285.2345,287.5195,2058118.0
2022-09-21,288.9242,290.5631,282.5561,282.6404,3961399.0
2022-09-22,282.4063,283.7267,280.8424,281.4323,2379159.0
2022-09-23,278.9319,279.0724,273.8187,277.0683,3325767.0
2022-09-26,275.8883,277.4242,272.9759,274.1278,2950190.0
2022-09-27,276.0569,277.6958,271.1123,272.7979,2542664.0
2022-09-28,273.7813,279.1005,272.5638,277.8831,2836707.0
2022-09-29,276.0475,276.1225,271.44,273.6501,2453162.0
2022-09-30,272.7137,274.8208,268.8085,269.052,2663085.0
2022-10-03,272.0956,277.5459,271.0842,276.0663,2540454.0
2022-10-04,279.653,283.9234,279.4844,283.8859,3040851.0
2022-10-05,280.6925,285.2064,279.8216,283.5582,2123635.0
2022-10-06,282.322,284.0451,279.6437,280.2243,2324336.0
2022-10-07,277.8643,278.0329,272.9197,274.3619,2196580.0
2022-10-10,275.5887,276.188,271.6648,273.416,2253763.0
2022-10-11,272.6949,277.3305,272.2548,273.7251,2990653.0
2022-10-12,273.8843,275.8603,272.8635,273.6033,2234452.0
2022-10-13,268.9022,282.5655,268.4152,281.4698,5430292.0
2022-10-14,283.324,285.0284,277.3774,277.9673,3195300.0
2022-10-17,281.7788,283.9515,280.9266,282.8745,2753765.0
2022-10-18,288.6714,288.7931,283.7923,286.0679,3236077.0
2022-10-19,285.0097,287.173,283.0899,285.0191,2153234.0
2022-10-20,285.4694,288.7866,283.511,284.0451,2775454.0
2022-10-21,283.9908,291.609,282.9975,291.3091,3919661.0
2022-10-24,292.8552,296.1162,291.9838,295.2166,3172324.0
2022-10-25,294.5607,298.7118,294.3358,298.44,4726641.0
2022-10-26,297.9621,301.4667,297.7654,298.337,3766585.0
2022-10-27,301.3168,303.4814,299.78,300.286,2904855.0
2022-10-28,301.448,308.1853,301.2231,307.8948,3890076.0
2022-10-31,306.3393,308.1197,305.3461,306.8079,3868425.0
2022-11-01,308.6445,309.0662,304.3528,305.8615,3153039.0
2022-11-02,304.9713,309.9282,301.0919,301.1294,5489035.0
2022-11-03,299.2459,301.5885,297.2125,299.7332,3069910.0
2022-11-04,303.2377,305.6178,299.2365,303.7344,5025213.0
2022-11-07,304.6714,308.2416,303.7437,307.7449,3476316.0
2022-11-08,308.7288,312.5613,307.6231,310.8278,4920352.0
2022-11-09,308.9537,310.0407,304.5027,304.8588,3486476.0
2022-11-10,313.1798,316.2439,310.9871,316.0284,4210481.0
2022-11-11,316.8811,317.0685,313.1048,316.525,3869272.0
2022-11-14,315.513,318.4835,314.4354,314.6322,2456052.0
2022-11-15,317.181,318.7084,312.4301,315.0445,3775091.0
2022-11-16,314.5385,316.019,314.4261,314.9133,2304525.0
2022-11-17,311.7772,315.5799,311.7772,314.9414,2460879.0
2022-11-18,316.9141,317.5056,314.792,316.7732,2595602.0
2022-11-21,317.0455,317.9751,315.0456,316.4728,1825987.0
2022-11-22,318.1817,320.2943,317.731,320.1441,3284342.0
2022-11-23,319.8905,321.6652,319.2333,321.0736,2132513.0
2022-11-25,321.2238,322.8107,321.1393,322.5478,1112568.0
2022-11-28,320.8295,322.0407,317.3178,317.8249,2250059.0
2022-11-29,317.299,318.6511,316.0596,317.8155,2073774.0
2022-11-30,317.9469,325.0548,315.6559,325.0172,4842703.0
2022-12-01,325.5806,325.59,320.8295,323.3834,3771729.0
2022-12-02,320.0689,324.3224,320.0502,323.6933,2450600.0
2022-12-05,321.5431,322.3506,318.3319,319.2708,2878993.0
2022-12-06,319.0455,319.853,314.285,315.9188,4148206.0
2022-12-07,315.6183,317.6746,315.055,315.9,2680279.0
2022-12-08,317.1206,318.914,316.4822,317.7967,2400524.0
2022-12-09,317.0549,318.407,314.7827,314.8953,2629422.0
2022-12-12,315.6183,319.853,315.5432,319.8248,3624491.0
2022-12-13,326.9233,326.9608,318.7732,320.9422,3788286.0
2022-12-14,320.914,323.6182,317.0267,319.4492,4208694.0
2022-12-15,316.0395,316.7829,310.5813,312.4822,3949152.0
2022-12-16,309.8853,311.024,307.2032,309.5841,4664322.0
2022-12-19,309.49,310.864,306.5162,308.0878,2743811.0
2022-12-20,308.2854,310.4311,307.175,309.0289,2780998.0
2022-12-21,312.0027,314.6283,311.6074,313.9413,4219968.0
2022-12-22,311.9838,312.2944,306.4598,310.7981,3537934.0
2022-12-23,310.1958,312.6144,308.7277,312.3697,2641736.0
2022-12-27,312.7555,314.1483,311.0898,312.7838,2186358.0
2022-12-28,313.0849,314.073,309.2077,309.2077,2459167.0
2022-12-29,311.0522,313.2355,310.6663,312.492,1920061.0
2022-12-30,311.1369,311.8709,308.9912,311.805,3027054.0
2023-01-03,312.8308,314.1577,309.0006,311.7015,2958083.0
2023-01-04,313.019,314.3553,310.7416,312.9626,3170526.0
2023-01-05,311.4663,311.6356,308.7654,309.8194,3185713.0
2023-01-06,312.6049,317.2538,310.4687,316.4633,3453410.0
2023-01-09,317.8091,319.4089,315.1835,315.5317,3136869.0
2023-01-10,315.2117,317.4515,314.5906,317.3574,1613942.0
2023-01-11,318.4584,319.7853,317.2633,319.7383,2212317.0
2023-01-12,320.6605,322.7873,318.0349,321.8463,3288351.0
2023-01-13,319.183,323.2485,319.1266,322.825,2602213.0
2023-01-17,322.1851,322.5521,318.6749,319.1736,2762132.0
2023-01-18,319.5595,320.1523,313.0943,313.3484,3399304.0
2023-01-19,311.5795,312.8699,310.5152,311.1463,2439556.0
2023-01-20,311.5893,314.3302,310.2048,314.2737,2376667.0
2023-01-23,315.2344,318.1165,313.6897,316.6283,3117853.0
2023-01-24,315.4887,318.0882,314.3019,317.5043,2350465.0
2023-01-25,314.8105,318.0129,313.2188,317.7115,3148919.0
2023-01-26,318.7758,319.7271,316.6566,319.6329,2112272.0
2023-01-27,319.6706,321.6862,318.5027,319.8684,2188407.0
2023-01-30,318.7758,320.6407,317.2594,317.4666,2293714.0
2023-01-31,318.0412,321.0457,316.9486,321.0175,1904375.0
2023-02-01,319.4069,323.3156,316.0726,321.0551,4314549.0
2023-02-02,321.5449,321.6579,318.3614,320.6407,3847122.0
2023-02-03,319.0772,321.8086,318.3143,319.275,4948525.0
2023-02-06,318.0506,319.8213,317.1181,318.8041,1878531.0
2023-02-07,317.363,322.4114,316.6472,321.6674,3662311.0
2023-02-08,320.5277,321.6108,319.1431,319.6894,2165089.0
2023-02-09,321.9687,322.6469,316.5247,317.4854,2360368.0
2023-02-10,317.1652,319.3033,316.4211,319.0395,2029852.0
2023-02-13,319.1808,322.6469,319.1808,322.6375,1721495.0
2023-02-14,321.6579,323.5605,318.7381,321.3094,2543638.0
2023-02-15,319.7271,321.7992,318.9453,321.7992,1392523.0
2023-02-16,318.8246,321.0794,317.702,317.7774,2264095.0
2023-02-17,316.7229,319.2795,316.1191,319.1475,2245295.0
2023-02-21,315.7795,316.9304,312.3643,312.5058,1836591.0
2023-02-22,312.9775,313.619,310.8077,311.8171,2206247.0
2023-02-23,313.0719,313.9209,309.4209,312.9021,3944904.0
2023-02-24,309.2793,310.5152,307.9586,309.5529,2711692.0
2023-02-27,312.0152,313.1945,309.6284,310.4397,2041522.0
2023-02-28,310.1945,310.2605,308.034,308.0906,2168674.0
2023-03-01,307.5906,309.2699,306.8925,308.4963,2251832.0
2023-03-02,309.0341,312.4587,308.3076,311.7417,2129884.0
2023-03-03,312.7605,315.5059,311.7134,315.2983,2325819.0
2023-03-06,315.6851,317.1002,315.27,315.7417,1922766.0
2023-03-07,315.7323,315.9682,310.119,310.2605,3058270.0
2023-03-08,310.3077,310.8548,308.1189,309.902,2014118.0
2023-03-09,311.0624,311.7417,304.1566,304.7981,2816499.0
2023-03-10,304.2415,306.4868,300.4113,301.6377,4939537.0
2023-03-13,298.8829,304.883,298.7414,300.7792,5256723.0
2023-03-14,303.9774,305.3925,300.6754,303.9585,3183642.0
2023-03-15,298.9584,301.7132,297.147,301.4584,4246797.0
2023-03-16,299.6708,305.2612,298.5073,304.9585,4391334.0
2023-03-17,303.377,303.727,300.0095,301.2771,3255768.0
2023-03-20,302.0716,305.2972,302.0622,304.8716,3033907.0
2023-03-21,307.8229,308.2202,305.8553,308.0121,2403786.0
2023-03-22,308.0404,309.8471,302.7527,302.8662,3013680.0
2023-03-23,304.0297,307.4445,301.2771,303.4905,2737879.0
2023-03-24,302.2797,305.0229,300.7095,304.8905,2918316.0
2023-03-27,307.0377,307.9648,305.8175,306.7729,2409058.0
2023-03-28,306.4702,308.0404,305.3824,306.2999,1795033.0
2023-03-29,308.9769,309.4782,307.6999,309.3931,1805548.0
2023-03-30,311.0958,311.162,309.0526,310.7174,1767286.0
2023-03-31,311.7674,314.8133,311.6917,314.6335,1937292.0
2023-04-03,315.5511,318.0672,315.4754,317.7456,2404441.0
2023-04-04,317.7362,318.0767,314.643,315.8821,1841486.0
2023-04-05,315.9389,317.3105,315.7119,316.7146,1963124.0
2023-04-06,316.27,317.1781,315.2578,316.7902,1737115.0
2023-04-10,315.9389,317.7929,315.3997,317.7929,1982671.0
2023-04-11,318.1902,319.5996,317.8402,318.6821,1645143.0
2023-04-12,320.2429,320.678,317.7929,318.4078,2187008.0
2023-04-13,318.8429,322.1631,317.897,321.9644,1929886.0
2023-04-14,321.5577,322.4185,319.0699,320.5172,2001553.0
2023-04-17,320.7726,321.5482,319.7131,321.5388,1602896.0
2023-04-18,321.5482,321.832,319.628,321.4253,1662951.0
2023-04-19,320.7726,321.2645,319.9023,320.6591,1846189.0
2023-04-20,319.2021,320.5271,318.6342,319.6753,1601916.0
2023-04-21,320.2946,320.446,318.7708,320.0012,1634301.0
2023-04-24,319.8119,320.7583,319.1494,320.6069,1647688.0
2023-04-25,320.058,320.5406,317.247,317.3701,1955315.0
2023-04-26,317.5499,318.4395,314.5118,315.1175,2405743.0
2023-04-27,316.2817,320.446,315.9504,320.0863,2188224.0
2023-04-28,319.121,322.7742,319.0737,322.7648,2510891.0
2023-05-01,322.7742,324.2412,322.036,322.1307,1723935.0
2023-05-02,321.7332,321.7899,316.4047,318.8276,2429631.0
2023-05-03,319.0737,320.0674,316.045,316.2154,2984358.0
2023-05-04,315.4299,315.7233,311.7293,313.5843,2491832.0
2023-05-05,316.3574,319.4238,316.0545,318.6951,2329607.0
2023-05-08,319.1115,319.3197,317.1429,318.2124,1249345.0
2023-05-09,317.4458,318.6478,317.1997,317.7865,1350627.0
2023-05-10,319.3197,319.7551,314.6822,317.5215,2171956.0
2023-05-11,315.8652,315.9883,313.7168,315.4772,1903717.0
2023-05-12,316.5088,316.5372,313.5654,315.3541,1929704.0
2023-05-15,315.657,316.3574,314.0859,315.8936,1554866.0
2023-05-16,314.9377,315.2311,312.5905,312.6568,1518306.0
2023-05-17,314.3793,317.2186,313.1679,316.6886,2214340.0
2023-05-18,316.0122,318.4214,314.9215,318.061,2582066.0
2023-05-19,318.6357,319.1195,316.0559,316.9759,2666014.0
2023-05-22,316.9095,317.8864,314.9177,315.7523,1815314.0
2023-05-23,314.6711,315.942,313.0776,313.5803,1814066.0
2023-05-24,313.0017,313.2294,310.6115,311.1142,2057209.0
2023-05-25,311.1711,311.7971,309.037,310.8676,2347762.0
2023-05-26,311.228,314.5383,311.0289,313.7984,2381864.0
2023-05-30,313.6182,314.2537,311.9773,313.4949,2367641.0
2023-05-31,312.48,313.163,310.8202,312.5464,2047103.0
2023-06-01,311.9679,314.8797,310.4598,313.8933,2122229.0
2023-06-02,316.0748,321.0639,315.9515,320.656,3318320.0
2023-06-05,320.7888,321.0449,318.6547,318.816,2866404.0
2023-06-06,318.6737,319.3945,317.2415,318.8539,1992613.0
2023-06-07,319.2048,320.1344,318.6263,319.8024,1836008.0
2023-06-08,319.8024,321.7847,319.404,321.3579,1819157.0
2023-06-09,321.1303,322.7332,320.8932,321.7942,2082994.0
2023-06-12,322.24,323.7197,321.7563,323.5963,1369189.0
2023-06-13,324.137,325.9296,324.0042,324.9717,2218593.0
2023-06-14,323.805,324.4215,320.9121,322.885,2615664.0
2023-06-15,322.8091,327.7809,322.6475,327.0109,2491726.0
2023-06-16,328.2997,328.6609,325.7995,326.0182,1894631.0
2023-06-20,324.4401,324.7443,322.2632,323.6511,2056205.0
2023-06-21,322.8526,324.0789,321.959,322.672,1896188.0
2023-06-22,322.2061,323.1473,321.5407,322.5864,1922635.0
2023-06-23,320.476,321.4932,319.6204,320.514,2044061.0
2023-06-26,320.1338,321.3886,319.3638,320.495,1350131.0
2023-06-27,320.457,322.8811,320.457,322.4818,1157107.0
2023-06-28,322.0065,322.2061,320.7707,321.9115,1538387.0
2023-06-29,321.7023,324.5352,321.4171,324.3165,1997672.0
2023-06-30,326.2939,327.5677,325.8376,326.8737,1923674.0
2023-07-03,326.0657,327.5202,325.8566,327.0829,1231972.0
2023-07-05,325.4763,326.7692,325.3527,325.8851,1918182.0
2023-07-06,323.442,324.0409,321.0274,322.4818,2328027.0
2023-07-07,321.284,323.5941,320.5425,320.7707,2059521.0
2023-07-10,320.7422,322.8811,320.5235,322.8146,1907508.0
2023-07-11,323.9173,325.9897,323.1663,325.7235,1743382.0
2023-07-12,327.8814,328.8225,326.2083,326.6646,2504720.0
2023-07-13,327.3395,327.8529,326.7311,326.9403,1590659.0
2023-07-14,328.6039,328.8415,327.5012,328.1286,2300910.0
2023-07-17,327.5487,329.583,327.2255,328.775,1897339.0
2023-07-18,328.5849,332.6345,328.2046,332.3208,2941062.0
2023-07-19,333.1004,335.0491,333.1004,333.376,2734359.0
2023-07-20,334.0978,336.4191,334.0027,335.0301,2941254.0
2023-07-21,335.6369,336.1316,334.5999,335.009,1982439.0
2023-07-24,335.5513,337.3208,335.38,336.8451,2038390.0
2023-07-25,336.5883,337.9011,336.3504,337.083,1888440.0
2023-07-26,335.9604,338.9476,335.9413,337.9677,2167779.0
2023-07-27,338.548,339.0237,334.9139,335.6084,3561954.0
2023-07-28,337.2637,338.2531,336.2267,337.2352,2316853.0
2023-07-31,337.3208,338.3007,336.9593,338.2721,1553418.0
2023-08-01,337.9867,339.3472,337.8631,338.8715,1833276.0
2023-08-02,337.2352,337.9201,334.9805,335.5798,3652433.0
2023-08-03,334.4572,336.1982,334.0291,334.8663,1899082.0
2023-08-04,335.9223,337.6918,333.1539,333.5915,2950206.0
2023-08-07,334.9234,337.6062,334.7617,337.3684,1635831.0
2023-08-08,335.2754,336.1601,332.897,335.8462,2147782.0
2023-08-09,335.7035,336.4741,333.4868,334.1908,2149110.0
2023-08-10,335.9699,338.6051,334.1052,334.7712,2695016.0
2023-08-11,334.0767,336.5121,333.5534,335.8272,1688316.0
2023-08-14,335.5703,336.3029,334.657,336.027,2154806.0
2023-08-15,334.5619,334.8948,332.193,332.6021,2063999.0
2023-08-16,332.3072,334.4192,330.7945,330.8516,2079236.0
2023-08-17,331.9797,332.3322,328.0448,328.2734,3197281.0
2023-08-18,326.8351,329.5695,326.4921,328.8168,2240215.0
2023-08-21,329.0836,329.398,326.311,328.3881,2124212.0
2023-08-22,328.4929,328.8359,326.3873,326.7588,1894888.0
2023-08-23,327.3019,329.0836,327.0351,328.5405,1843619.0
2023-08-24,328.0355,330.5794,324.8628,324.92,2995203.0
2023-08-25,326.2634,328.2737,324.2721,327.2733,3103292.0
2023-08-28,328.8644,330.2936,328.2261,329.3789,1947457.0
2023-08-29,329.236,332.2753,329.0836,332.1515,2498395.0
2023-08-30,332.5993,334.1618,332.0562,332.8946,2098914.0
2023-08-31,334.3428,334.6858,331.313,331.3797,2048576.0
2023-09-01,333.3996,333.8093,331.3226,332.4945,2010439.0
2023-09-05,332.5897,332.7803,330.5127,330.5889,1410861.0
2023-09-06,330.084,330.1411,327.2352,328.7025,2003690.0
2023-09-07,328.188,329.8839,328.0736,329.3599,1751304.0
2023-09-08,329.4361,330.6461,329.1503,330.1411,1347841.0
2023-09-11,331.5798,332.1229,330.1411,330.9605,1274339.0
2023-09-12,330.265,332.8089,329.9982,330.8081,1454548.0
2023-09-13,331.1511,332.0467,329.4837,330.1792,1614906.0
2023-09-14,332.1863,334.0683,331.2979,333.4091,2205353.0
2023-09-15,332.6765,333.2497,330.145,330.6609,2292968.0
2023-09-18,330.785,331.6066,329.868,330.6704,1465924.0
2023-09-19,330.0208,330.3456,327.6422,329.6387,1973339.0
2023-09-20,330.5653,332.1129,328.8076,328.9223,2638446.0
2023-09-21,327.8237,328.2822,325.2444,325.3495,2663105.0
2023-09-22,325.4546,326.1615,324.1458,324.3942,2444098.0
2023-09-25,323.5154,324.8623,322.5887,324.7763,2417144.0
2023-09-26,322.7607,323.5918,320.5444,321.0125,3289974.0
2023-09-27,321.8054,322.0729,318.0416,320.4298,3539391.0
2023-09-28,320.3534,322.5696,319.6083,321.5666,2960540.0
2023-09-29,323.6395,323.6778,318.9778,319.9713,3026275.0
2023-10-02,319.3408,320.0381,317.2296,319.1497,3356580.0
2023-10-03,317.9556,318.9491,314.3256,315.2235,3668761.0
2023-10-04,315.3668,316.6373,313.9052,316.1884,2956749.0
2023-10-05,316.026,316.9144,314.6599,316.3603,2409011.0
2023-10-06,315.577,320.6304,313.7906,319.1593,3489152.0
2023-10-09,318.0512,321.3373,317.7168,321.0603,3063487.0
2023-10-10,322.1207,323.8497,321.003,322.3595,2560818.0
2023-10-11,323.0377,323.6873,321.1272,322.9135,2233944.0
2023-10-12,323.6204,323.6204,319.6083,321.2322,2519355.0
2023-10-13,322.3881,324.4229,320.5158,321.6239,4036947.0
2023-10-16,323.5631,325.6647,323.2765,324.6904,3129958.0
2023-10-17,323.2001,326.2475,323.1428,324.7859,2947212.0
2023-10-18,324.5471,324.7668,320.9743,321.5761,3227210.0
2023-10-19,321.6348,323.4796,318.8343,319.1784,4208562.0
2023-10-20,318.6788,319.4626,316.4995,316.5569,2852486.0
2023-10-23,315.3239,317.6465,314.3489,314.7695,2907671.0
2023-10-24,316.3753,318.0002,315.2761,316.7958,2639260.0
2023-10-25,317.5414,317.9906,315.257,315.754,3098791.0
2023-10-26,315.5724,316.3944,312.8961,313.3358,3499535.0
2023-10-27,313.3549,313.3931,308.9295,309.8662,3626092.0
2023-10-30,311.9785,315.4386,311.9498,314.6835,3566905.0
2023-10-31,314.6357,316.0694,313.3549,315.8782,2838601.0
2023-11-01,316.2988,318.631,315.515,317.981,3493640.0
2023-11-02,319.9883,323.563,319.6346,323.4387,4064077.0
2023-11-03,325.0636,326.526,324.3946,325.5607,3188621.0
2023-11-06,325.7996,326.5452,324.8725,325.9717,2143330.0
2023-11-07,325.6754,326.9562,325.2644,326.4496,2184757.0
2023-11-08,326.9848,327.4532,324.9203,326.0481,2272330.0
2023-11-09,326.8988,326.937,323.802,324.1269,3167628.0
2023-11-10,325.7518,328.1318,324.2799,327.8546,2581884.0
2023-11-13,327.2525,329.0876,327.1091,328.3899,1931489.0
2023-11-14,332.0698,334.077,331.3529,333.0256,3425555.0
2023-11-15,333.752,335.2813,333.5608,334.7938,2428314.0
2023-11-16,334.1335,335.3115,333.3386,334.5549,2889540.0
2023-11-17,335.0021,335.4235,333.9964,334.6669,1584632.0
2023-11-20,334.3508,337.3581,334.3221,336.6686,2252344.0
2023-11-21,336.2759,336.3717,335.5576,335.9981,1452504.0
2023-11-22,337.0133,338.2201,336.6494,337.6646,2649892.0
2023-11-24,338.2393,338.9959,338.1243,338.8522,849517.0
2023-11-27,338.6894,339.1779,337.8753,338.3925,1745256.0
2023-11-28,338.5553,340.1356,338.1722,339.1491,2197591.0
2023-11-29,339.9536,341.0838,339.3981,339.6663,2022434.0
2023-11-30,341.6393,344.9627,341.3903,344.7903,3147776.0
2023-12-01,344.8094,347.903,344.6562,347.7114,3773553.0
2023-12-04,345.9013,347.6156,345.7672,347.3187,3046254.0
2023-12-05,346.5717,346.9548,345.4607,346.6196,2860413.0
2023-12-06,347.5103,348.1999,345.5852,345.9587,2983941.0
2023-12-07,346.6675,347.0506,345.681,346.543,2196599.0
2023-12-08,346.4759,348.3148,346.112,347.7785,2288536.0
2023-12-11,348.2382,349.4545,347.6635,349.2821,2121370.0
2023-12-12,349.9717,351.1881,349.0331,350.9295,2014963.0
2023-12-13,351.1114,356.0343,350.5368,356.0343,3179637.0
2023-12-14,356.962,357.8835,355.5701,357.5571,4035857.0
2023-12-15,356.8306,358.4144,356.437,357.6849,3975044.0
2023-12-18,358.2992,358.8751,357.8096,358.0208,2573180.0
2023-12-19,358.2704,360.4973,358.1552,360.4398,2866671.0
2023-12-20,359.6142,361.2461,355.7459,355.9283,3313073.0
2023-12-21,357.9344,359.1247,356.2738,358.8847,2838499.0
2023-12-22,358.6544,360.2574,357.6369,358.8079,2581910.0
2023-12-26,358.6927,361.0061,358.5968,360.2958,1441681.0
2023-12-27,360.0558,361.678,359.7198,361.4572,2225777.0
2023-12-28,361.3804,362.5419,361.3804,361.9084,2036590.0
2023-12-29,361.8604,362.3211,360.219,361.7548,2480888.0
2024-01-02,359.8254,362.6667,359.7678,361.966,4314581.0
2024-01-03,360.5069,361.0349,358.9039,359.2015,4725304.0
2024-01-04,359.8062,362.0908,359.3839,359.5183,3246050.0
2024-01-05,359.4127,361.1597,358.2416,359.6142,3948722.0
2024-01-08,358.424,361.8508,357.5313,361.726,3621984.0
2024-01-09,359.7678,360.5357,358.7599,360.1326,2344124.0
2024-01-10,360.4877,362.3307,360.2382,361.8316,2199820.0
2024-01-11,362.6187,362.9547,359.2399,362.0428,3241025.0
2024-01-12,362.3403,363.0795,359.7006,360.8333,2839617.0
2024-01-16,359.931,360.4685,357.1185,358.6735,3255632.0
2024-01-17,356.8594,358.7599,356.437,357.7713,3303742.0
2024-01-18,357.3187,360.2769,356.4639,359.7774,3100120.0
2024-01-19,360.9134,364.3614,359.6457,363.6219,3984031.0
2024-01-22,364.6687,366.0038,364.0829,365.0337,3790928.0
2024-01-23,364.3518,364.8224,363.0264,364.0445,2412739.0
2024-01-24,365.2162,365.562,362.988,363.132,3244733.0
2024-01-25,364.0733,365.5043,362.9688,365.4275,2863438.0
2024-01-26,364.9377,367.0218,364.9185,366.0134,2569989.0
2024-01-29,365.9269,368.2416,365.4851,368.1455,1921464.0
2024-01-30,367.6653,369.7207,367.358,369.2788,1823787.0
2024-01-31,369.9704,370.5562,366.2535,366.2823,3479060.0
2024-02-01,366.3111,369.9127,365.8981,369.8647,2886534.0
2024-02-02,368.7986,372.4387,368.0783,371.1325,2475382.0
2024-02-05,370.7099,370.7195,367.0026,368.4049,2642108.0
2024-02-06,368.7314,370.1336,368.328,369.8455,1879777.0
2024-02-07,371.1037,372.1217,370.393,371.3726,1974992.0
2024-02-08,372.141,372.333,370.2585,372.0257,1816235.0
2024-02-09,371.8624,372.1698,370.489,371.4206,2102492.0
2024-02-12,371.1997,374.0042,371.1517,372.7556,1971218.0
2024-02-13,369.8455,369.9223,365.4083,367.6749,3635662.0
2024-02-14,368.8082,369.3365,366.9546,369.0868,2698251.0
2024-02-15,369.9465,372.9671,369.6483,372.8901,2806852.0
2024-02-16,372.4398,373.4787,371.0257,371.4971,2674255.0
2024-02-20,370.843,371.8626,369.9099,371.0161,2594242.0
2024-02-21,370.3139,371.4779,368.7363,371.3624,2122309.0
2024-02-22,373.5845,376.5762,373.1517,375.6816,3566297.0
2024-02-23,376.8648,377.8941,376.0471,376.3934,2609332.0
2024-02-26,376.4896,377.4804,375.3834,375.8451,1461844.0
2024-02-27,375.5084,375.595,373.9597,374.8351,1907214.0
2024-02-28,373.1805,374.912,372.8534,374.7774,2099070.0
2024-02-29,375.8259,376.2299,373.6711,375.114,2297051.0
2024-03-01,375.0178,376.7109,374.0847,376.4223,2771818.0
2024-03-04,374.5272,376.3646,374.5272,375.3834,2151498.0
2024-03-05,374.1906,374.4791,370.2754,371.4971,3068314.0
2024-03-06,373.7096,374.3252,371.4394,372.4494,2449244.0
2024-03-07,374.2675,374.8928,373.0747,373.6711,2395772.0
2024-03-08,373.4691,375.5662,372.9593,373.2286,3248423.0
2024-03-11,372.1993,373.8635,370.8333,373.6422,2320867.0
2024-03-12,374.4311,376.5473,373.0843,375.9221,2580817.0
2024-03-13,376.7878,377.846,375.2199,376.3357,1958578.0
2024-03-14,377.2544,377.4858,373.0695,375.2295,3306633.0
2024-03-15,373.8921,375.3482,372.2433,373.1689,2871439.0
2024-03-18,374.4611,374.9625,373.6318,373.8729,1640558.0
2024-03-19,374.2971,377.1128,373.6221,376.9296,2456666.0
2024-03-20,376.216,381.0952,375.9557,380.8734,3376111.0
2024-03-21,382.1173,384.5665,381.6641,383.5347,2558953.0
2024-03-22,383.5444,383.8337,380.3913,380.4298,2134308.0
2024-03-25,379.8416,380.0634,378.7809,378.9063,1893476.0
2024-03-26,379.6102,380.1791,378.5977,378.8099,2124211.0
2024-03-27,380.883,383.3708,380.372,383.3515,3223107.0
2024-03-28,383.8337,384.3158,382.8501,383.5444,2210268.0
2024-04-01,383.6022,383.824,380.6227,381.2012,2986708.0
2024-04-02,377.9613,378.1252,376.3317,377.6335,2743674.0
2024-04-03,377.6817,378.8774,376.0521,377.2767,2765182.0
2024-04-04,379.9477,380.1502,371.819,372.224,3849585.0
2024-04-05,372.5422,376.4956,372.2818,374.9625,3432611.0
2024-04-08,375.1457,376.1967,374.6828,375.1939,1863831.0
2024-04-09,375.7242,376.0424,371.9443,374.9432,3170043.0
2024-04-10,371.144,372.1758,369.3408,370.7679,3999379.0
2024-04-11,371.6743,372.2818,368.3476,370.7969,3151148.0
2024-04-12,368.6755,369.2444,365.2716,366.2938,4251577.0
2024-04-15,369.6301,370.1026,363.1406,363.8253,3947080.0
2024-04-16,366.1684,366.3516,363.5649,364.4713,3528976.0
2024-04-17,365.6574,366.6023,362.6971,363.9603,3430735.0
2024-04-18,365.5037,367.3174,363.3812,364.3363,3668286.0
2024-04-19,365.2989,367.6047,364.6042,366.418,3785625.0
2024-04-22,368.28,370.8945,366.4276,368.8974,2904315.0
2024-04-23,370.1709,372.004,369.4184,371.4541,2305631.0
2024-04-24,371.3094,371.8882,369.5245,370.8945,2659270.0
2024-04-25,366.4083,368.1063,364.1797,367.4985,3479989.0
2024-04-26,367.3249,369.8333,367.1223,368.8396,2749032.0
2024-04-29,369.6017,370.4989,368.608,370.2771,2516172.0
2024-04-30,368.9843,369.264,364.7586,364.8068,2709965.0
2024-05-01,364.9419,369.9683,364.6621,365.5401,4406787.0
2024-05-02,367.7204,369.4184,365.5497,368.7624,2906891.0
2024-05-03,373.4994,374.3194,371.4927,373.1424,3241061.0
2024-05-06,374.6378,375.043,373.2003,374.7632,2094850.0
2024-05-07,375.4675,376.0174,374.6571,375.043,1991119.0
2024-05-08,374.6571,377.1365,374.5124,376.7217,1827194.0
2024-05-09,376.3647,380.3685,376.2682,380.1177,3068080.0
2024-05-10,381.3236,381.9507,380.2045,381.2561,2624193.0
2024-05-13,382.4138,382.6357,380.1852,380.5615,2162755.0
2024-05-14,380.7158,382.2884,379.9344,381.642,2204030.0
2024-05-15,383.2435,385.4239,382.9541,385.2116,2321146.0
2024-05-16,385.6658,386.8736,385.0668,385.1441,2374666.0
2024-05-17,385.6215,386.5007,384.9741,386.4331,2069135.0
2024-05-20,386.2785,387.1771,384.3944,384.6456,1695903.0
2024-05-21,384.8582,385.5732,384.3171,385.3026,1219764.0
2024-05-22,384.5007,385.3703,382.1432,383.2543,1368953.0
2024-05-23,383.6408,383.6698,377.0609,377.4571,2547851.0
2024-05-24,377.9981,379.003,376.974,377.4377,1591929.0
2024-05-28,376.6358,377.0319,373.9401,375.4667,1744987.0
2024-05-29,372.3459,372.684,371.254,371.5826,1741990.0
2024-05-30,368.481,369.4762,367.5535,368.5873,3136772.0
2024-05-31,369.0704,374.5102,368.3844,374.4329,3019299.0
2024-06-03,374.742,374.7807,369.9883,373.1865,2129368.0
2024-06-04,371.9884,375.2541,371.5439,374.4135,1661204.0
2024-06-05,375.4667,375.8242,372.9159,375.3991,1642150.0
2024-06-06,375.6696,377.3894,374.6744,376.172,1696432.0
2024-06-07,375.6986,378.3846,374.7807,375.3604,1445678.0
2024-06-10,374.916,376.201,374.1043,376.1334,1076157.0
2024-06-11,374.5585,375.0802,371.8821,374.858,1702793.0
2024-06-12,378.5296,378.6648,373.6212,374.5874,2936445.0
2024-06-13,373.7468,374.5681,371.5922,373.8048,1650594.0
2024-06-14,371.6212,373.4763,370.6647,373.399,1760056.0
2024-06-17,372.2299,376.0561,371.969,375.4474,1442056.0
2024-06-18,375.7662,377.003,374.9063,375.9884,1464534.0
2024-06-20,375.5948,379.8265,375.2462,378.8194,2271915.0
2024-06-21,379.278,380.0527,378.1063,378.9585,1860108.0
2024-06-24,380.0043,383.074,379.5008,381.5149,2149762.0
2024-06-25,381.1082,381.6408,377.4866,378.6486,2042963.0
2024-06-26,377.748,379.3361,376.7022,378.8616,1031930.0
2024-06-27,378.2516,379.9753,377.8061,379.1715,1257461.0
2024-06-28,378.9875,381.8442,376.8862,378.7551,2897359.0
2024-07-01,379.6751,381.8151,377.9126,379.0747,1916767.0
2024-07-02,378.4259,380.8468,378.329,380.8468,1299327.0
2024-07-03,381.2729,381.5924,379.7332,380.4013,1644514.0
2024-07-05,380.7499,381.5343,379.2587,381.2438,1599462.0
2024-07-08,381.9313,384.1876,380.3529,381.0114,2655084.0
2024-07-09,380.779,382.5414,379.0844,380.5079,2683539.0
2024-07-10,380.5079,384.8848,380.2077,384.6912,3242554.0
2024-07-11,384.9236,386.2696,383.7712,385.0495,2831199.0
2024-07-12,386.2406,389.9494,385.524,387.6544,3767655.0
2024-07-15,389.7267,390.8112,388.7002,389.6298,3499153.0
2024-07-16,391.0824,397.0184,391.0727,396.6989,5543812.0
2024-07-17,395.6337,399.2941,395.6337,398.897,3298593.0
2024-07-18,397.6884,400.7693,393.2028,393.8519,3535388.0
2024-07-19,392.7323,393.4008,389.4189,390.3877,2650042.0
2024-07-22,391.4438,392.1122,389.6805,391.5503,1712556.0
2024-07-23,391.686,392.6548,390.6493,390.9109,1339702.0
2024-07-24,389.2058,390.0777,385.6696,386.2412,2803409.0
2024-07-25,386.2024,391.7828,385.9505,387.0356,2592106.0
2024-07-26,389.2445,394.9122,389.1864,393.3136,2125141.0
2024-07-29,394.1758,394.3115,391.3663,392.8679,1526174.0
2024-07-30,393.2167,395.9779,392.6451,394.7087,1907659.0
2024-07-31,394.7571,399.1653,393.8174,395.755,3872626.0
2024-08-01,396.9273,398.119,388.4598,390.659,4003848.0
2024-08-02,387.4619,387.8979,381.2905,384.7492,3322469.0
2024-08-05,374.4603,378.1321,372.9295,374.7509,5506438.0
2024-08-06,375.3613,382.2206,374.2181,377.8027,3099116.0
2024-08-07,380.3507,382.4821,375.1966,375.681,3177186.0
2024-08-08,377.3667,382.8212,377.1052,382.2206,2085870.0
2024-08-09,381.8912,384.1291,380.1763,382.8309,2918376.0
2024-08-12,383.606,383.6932,380.3701,381.4939,1527360.0
2024-08-13,382.7534,385.718,381.7846,385.3886,2920414.0
2024-08-14,385.3402,388.3823,385.1173,387.6169,4448123.0
2024-08-15,392.121,393.4785,390.6085,393.2264,2851374.0
2024-08-16,392.7191,394.988,392.3022,394.3771,2315645.0
2024-08-19,394.9783,396.8787,394.8813,396.6751,1503207.0
2024-08-20,396.2,396.9078,395.3855,396.1418,1489572.0
2024-08-21,396.8787,397.538,395.2013,396.5587,1132594.0
2024-08-22,397.2472,398.0228,393.679,395.0946,1838691.0
2024-08-23,396.8593,399.7875,396.1418,399.3124,2942339.0
2024-08-26,400.0978,401.9207,399.1379,400.1754,2728101.0
2024-08-27,399.7584,400.5147,398.8567,400.3402,1355140.0
2024-08-28,400.1172,401.3486,396.2872,398.8373,2141121.0
2024-08-29,401.7752,403.6465,398.7985,401.3292,4189133.0
2024-08-30,401.911,403.8889,399.5936,403.5593,1842162.0
2024-09-03,401.6007,402.5606,396.2,397.7804,2652986.0
2024-09-04,397.5089,400.0105,396.7914,397.9453,1593647.0
2024-09-05,398.8373,399.1476,393.6402,396.0448,1662294.0
2024-09-06,396.5296,398.5076,391.5071,392.1761,2384747.0
2024-09-09,394.9783,398.401,393.7663,396.6169,2303491.0
2024-09-10,397.635,397.6641,392.6609,395.8509,1500220.0
2024-09-11,394.7747,397.4702,388.6274,396.8302,2433141.0
2024-09-12,397.2472,399.4772,395.0946,399.4482,2439444.0
2024-09-13,400.0493,403.6562,399.8166,402.3279,4245260.0
2024-09-16,403.792,405.8282,403.0163,404.6937,2302374.0
2024-09-17,405.5761,406.7396,403.1714,404.5774,1743709.0
2024-09-18,404.8101,408.2037,402.9193,403.5399,2171742.0
2024-09-19,409.175,409.9335,406.6271,408.6012,3226810.0
2024-09-20,407.8308,409.7077,406.9848,408.9978,2075827.0
2024-09-23,409.5327,410.0967,408.4435,409.523,1768735.0
2024-09-24,410.0675,411.0206,408.813,410.5149,2267809.0
2024-09-25,410.8164,411.3026,406.8681,407.5877,1663711.0
2024-09-26,409.6494,410.5052,408.638,410.0189,1915440.0
2024-09-27,410.9622,414.4729,410.6219,411.3123,2777282.0
2024-09-30,410.7969,411.6527,407.5488,411.4776,2796759.0
2024-10-01,410.7969,411.5068,407.753,409.9022,4051240.0
2024-10-02,410.2231,410.8747,408.035,410.3009,1745571.0
2024-10-03,408.7741,409.5424,406.7708,408.424,1873942.0
2024-10-04,410.7483,411.9542,408.1128,411.7597,1788695.0
2024-10-07,410.5052,411.2929,406.7514,408.0642,1917609.0
2024-10-08,408.9395,409.6883,407.189,409.2215,1413596.0
2024-10-09,409.309,413.9478,408.4727,413.3545,3316548.0
2024-10-10,413.3059,413.374,411.3998,412.9753,1747767.0
2024-10-11,413.5782,417.2639,413.3156,416.9333,3024468.0
2024-10-14,416.5346,419.5493,415.4357,419.0338,1545783.0
2024-10-15,417.5168,418.2948,415.2801,415.776,2418079.0
2024-10-16,415.4259,419.2186,415.1731,418.8685,2043930.0
2024-10-17,420.6385,420.979,419.3349,420.5509,2737277.0
2024-10-18,420.5984,421.4253,418.6333,420.8805,1624731.0
2024-10-21,420.6762,421.2696,417.106,417.6994,1934579.0
2024-10-22,416.0164,418.7209,415.5397,417.641,1588679.0
2024-10-23,415.423,416.1332,411.4247,413.6038,2814921.0
2024-10-24,412.7867,413.1271,410.4714,412.2613,1345477.0
2024-10-25,413.8859,414.421,409.0413,409.6931,1760754.0
2024-10-28,412.0376,413.2731,411.7652,412.5435,2093535.0
2024-10-29,410.7146,413.419,410.2962,411.0161,1839223.0
2024-10-30,410.5492,413.1174,409.9947,410.2865,2032661.0
2024-10-31,407.835,408.516,405.6851,406.3174,2416113.0
2024-11-01,408.2631,411.7944,407.9128,408.9927,2866879.0
2024-11-04,408.4284,408.8759,405.1208,406.6871,2065522.0
2024-11-05,406.9011,411.1329,406.3563,410.8216,2216410.0
2024-11-06,422.8456,425.8905,421.9214,425.3458,5299982.0
2024-11-07,425.6376,426.338,424.5675,425.5014,3086762.0
2024-11-08,426.3867,429.6943,425.5111,428.1475,4048401.0
2024-11-11,429.8694,432.7781,429.811,430.9687,3282407.0
2024-11-12,431.5232,432.1458,427.1163,427.447,2656784.0
2024-11-13,427.9529,429.5483,426.5229,427.8556,1733794.0
2024-11-14,428.6161,428.9568,425.2189,425.803,1769449.0
2024-11-15,424.2516,424.9037,421.9932,422.9569,2161555.0
2024-11-18,422.6162,423.7551,421.672,422.6454,1529186.0
2024-11-19,419.2774,422.5773,418.2164,421.3313,2129064.0
2024-11-20,422.003,423.3463,419.4624,422.7428,2706597.0
2024-11-21,424.2126,428.8266,422.1003,427.2983,6248854.0
2024-11-22,427.9019,431.776,427.639,431.3769,4640105.0
2024-11-25,434.7352,436.4776,433.5574,435.6599,2309665.0
2024-11-26,434.6865,437.3829,432.837,436.9448,3012775.0
2024-11-27,437.2369,438.658,435.475,435.8352,2153618.0
2024-11-29,436.3803,439.281,436.3219,438.1227,2616588.0
2024-12-02,438.6288,439.0085,436.0201,436.8086,1760640.0
2024-12-03,437.2077,437.6457,434.7352,435.9812,1174546.0
2024-12-04,437.889,439.5438,436.8475,438.9501,2785882.0
2024-12-05,438.5023,439.4757,436.4289,436.7404,1473582.0
2024-12-06,437.5386,437.9961,434.9007,435.2608,1379245.0
2024-12-09,435.7475,436.3608,432.9733,433.2459,1288357.0
2024-12-10,432.691,433.9467,431.1725,431.8928,1880109.0
2024-12-11,432.3017,432.9149,430.6177,430.7442,1515812.0
2024-12-12,430.7247,431.338,428.3496,428.5638,2138148.0
2024-12-13,429.1381,429.7903,427.2497,427.6877,1670469.0
2024-12-16,427.9603,428.9531,426.3055,426.7143,1393506.0
2024-12-17,424.5825,425.2152,422.879,423.9887,2317978.0
2024-12-18,424.3878,426.3931,412.7069,412.9405,4404213.0
2024-12-19,416.1514,417.5767,413.1642,413.2423,3191768.0
2024-12-20,412.0246,421.8064,411.6927,418.3506,3548392.0
2024-12-23,417.14,419.2292,414.8752,418.6922,1831739.0
2024-12-24,418.6922,422.3433,418.0967,422.2164,929821.0
2024-12-26,420.7228,423.3586,420.674,422.9095,1219387.0
2024-12-27,420.3421,422.0114,417.267,419.7758,1563567.0
2024-12-30,415.3536,417.4915,412.4737,415.6464,2173114.0
2024-12-31,416.7593,417.5696,413.9478,415.3828,1799849.0
2025-01-02,418.1553,418.7606,411.5658,413.7233,2773743.0
2025-01-03,415.7245,417.5989,414.1138,417.0034,1422102.0
2025-01-06,418.663,420.8692,415.9491,416.9741,2067090.0
2025-01-07,418.7508,419.112,413.7818,415.2169,1517470.0
2025-01-08,415.295,416.4176,413.1961,415.9979,1288229.0
2025-01-10,414.1918,414.2407,408.8421,409.3595,2118738.0
2025-01-13,408.7933,413.1766,408.559,412.9032,1815796.0
2025-01-14,414.7581,415.3926,411.5268,415.0412,1748509.0
2025-01-15,421.2988,422.9779,420.264,421.9626,2713977.0
2025-01-16,421.8163,422.6171,420.5175,421.2988,1730203.0
2025-01-17,424.3676,426.1743,423.8109,424.5434,2037739.0
2025-01-21,426.1352,430.1197,426.0962,429.7974,1416919.0
2025-01-22,431.1451,431.653,430.0416,430.9498,1764479.0
2025-01-23,431.1842,435.0222,431.1842,434.9538,1497872.0
2025-01-24,434.3874,435.0515,432.9616,433.7233,1356859.0
2025-01-27,430.3248,436.8386,430.2271,436.6531,2548802.0
2025-01-28,436.7215,439.2118,435.7351,437.9129,1357317.0
2025-01-29,437.7176,439.0848,435.3249,436.7117,1418600.0
2025-01-30,436.0183,439.5731,435.9011,438.3133,1505650.0
2025-01-31,439.495,439.8172,434.6218,434.9636,2114435.0
2025-02-03,429.69,435.4617,428.4302,433.8698,2721541.0
2025-02-04,433.8308,435.5593,432.8932,435.1003,1201495.0
2025-02-05,435.2859,438.3426,433.0299,438.1668,1354616.0
2025-02-06,438.8309,439.202,434.9636,436.8875,1340579.0
2025-02-07,437.2976,437.991,432.4342,432.7467,1512380.0
2025-02-10,435.3835,435.823,432.7272,434.3679,1256764.0
2025-02-11,432.9616,436.0867,432.8542,435.6667,865210.0
2025-02-12,431.985,434.3776,430.7447,433.2448,1436731.0
2025-02-13,434.905,437.366,433.3132,436.7898,1979060.0
2025-02-14,436.6336,437.5516,434.9245,435.3542,1290438.0
2025-02-18,434.8562,435.5593,433.2448,435.4812,1514000.0
2025-02-19,434.3776,436.3406,433.1667,436.2136,1314292.0
2025-02-20,434.8506,435.1342,429.6572,432.0338,2051423.0
2025-02-21,429.4506,429.744,423.8366,424.6191,1939337.0
2025-02-24,426.2622,427.3087,423.8268,424.9907,2679796.0
2025-02-25,425.9785,427.9346,423.152,426.5556,2043578.0
2025-02-26,426.8588,428.8931,423.4943,424.8049,1684652.0
2025-02-27,424.9027,429.1181,422.6141,422.8586,2378446.0
2025-02-28,423.5432,429.1865,421.5578,428.7464,2318113.0
2025-03-03,429.8907,431.0155,420.0418,422.6043,2386814.0
2025-03-04,420.2472,421.6262,414.5452,416.2274,2207423.0
2025-03-05,415.8753,422.125,415.1222,421.0198,1961042.0
2025-03-06,416.8142,420.6775,414.731,416.5502,1911062.0
2025-03-07,414.7897,419.8951,412.7162,418.8584,2724062.0
2025-03-10,414.0953,416.6969,407.4739,410.2809,2314560.0
2025-03-11,409.2833,409.831,403.1998,405.6352,2604662.0
2025-03-12,407.8064,408.403,401.5469,404.8625,2026542.0
2025-03-13,404.2757,405.0972,398.3096,399.806,1726007.0
2025-03-14,401.811,406.7795,400.9112,406.2416,1544834.0
2025-03-17,405.8992,411.5523,405.733,410.007,1355464.0
2025-03-18,409.2344,409.4789,405.7721,407.3859,991780.0
2025-03-19,408.4422,413.2248,407.6499,411.1905,1029597.0
2025-03-20,408.7412,413.8564,408.4669,410.8971,976952.0
2025-03-21,407.6934,411.5739,405.8708,411.1917,1128788.0
2025-03-24,414.8468,417.669,414.2882,416.9438,1691183.0
2025-03-25,417.7571,418.2667,415.8365,417.2672,3077401.0
2025-03-26,417.7669,419.5406,414.641,415.7091,1529924.0
2025-03-27,415.1702,416.5518,412.985,414.445,1104575.0
2025-03-28,413.5043,413.8963,406.8605,407.2721,1659102.0
2025-03-31,403.9208,412.8968,403.1662,411.4465,1784298.0
2025-04-01,410.006,412.8282,406.6645,411.1623,1547630.0
2025-04-02,407.9972,415.1408,407.8208,413.5533,1227520.0
2025-04-03,402.7155,403.3426,396.8556,397.0809,4991611.0
2025-04-04,386.9976,388.6831,374.9937,375.5228,5578790.0
2025-04-07,363.9108,384.3323,358.9623,371.9461,8603695.0
2025-04-08,385.5768,386.4391,363.5777,368.9182,4177845.0
2025-04-09,364.5674,399.5993,364.5674,397.9237,6598946.0
2025-04-10,391.564,392.152,376.5909,387.7326,4765137.0
2025-04-11,386.5077,395.9736,384.8026,393.8374,2329431.0
2025-04-14,399.2956,399.6679,393.6414,397.2769,1581498.0
2025-04-15,397.6395,399.8247,395.4249,395.6013,1341878.0
2025-04-16,394.2321,396.1733,386.1242,388.8007,1882485.0
2025-04-17,383.8172,386.6898,381.876,383.6897,2278084.0
2025-04-21,380.8466,381.0819,370.9347,374.1406,1784871.0
2025-04-22,378.5034,384.9643,377.6505,384.1897,1756731.0
2025-04-23,391.4447,395.8369,387.1604,388.1506,2398577.0
2025-04-24,387.7584,393.8075,386.0819,393.1212,2760050.0
2025-04-25,392.0428,393.5036,389.3565,393.1604,1089625.0
2025-04-28,393.9251,396.2487,390.9055,394.3859,915822.0
2025-04-29,394.5134,398.3565,394.3173,397.2683,1119214.0
2025-04-30,394.5428,399.7879,389.6212,398.3762,1536322.0
2025-05-01,400.5428,402.8762,399.0428,399.435,1189957.0
2025-05-02,403.7095,405.7586,402.288,404.9448,1548455.0
2025-05-05,402.7683,406.3174,402.4154,404.1801,2806810.0
2025-05-06,400.4644,403.6703,399.5232,400.2389,1105716.0
2025-05-07,401.8272,404.7095,400.1507,402.9938,1380439.0
2025-05-08,404.9252,409.5625,403.5036,405.7684,1280101.0
2025-05-09,406.3174,407.0331,403.5036,404.337,1053638.0
2025-05-12,414.6606,415.9842,412.8371,415.9155,1504664.0
2025-05-13,414.3567,415.6802,413.1606,413.2488,1768283.0
2025-05-14,413.8077,414.3763,411.3861,412.3076,2103493.0
2025-05-15,410.3334,415.3765,410.2843,415.1802,2608650.0
2025-05-16,415.7509,418.7335,414.5342,418.5079,1580382.0
2025-05-19,415.7116,420.5781,415.6429,419.9698,2196763.0
2025-05-20,419.3517,420.1268,417.0165,418.92,1415363.0
2025-05-21,415.1131,416.5652,410.2074,410.8549,2303897.0
2025-05-22,409.9915,413.2097,409.501,410.9236,1835049.0
2025-05-23,406.1356,410.2859,406.0277,408.4806,2035790.0
2025-05-27,412.7682,415.8686,411.2866,415.8588,2141705.0
2025-05-28,415.741,416.8203,412.8074,413.4746,1243635.0
2025-05-29,414.4656,415.0444,410.6881,414.495,1880603.0
2025-05-30,414.2006,416.2709,411.6006,414.8776,2045582.0
2025-06-02,413.4157,415.8588,411.1787,415.7214,1792059.0
2025-06-03,415.0837,418.3313,414.5048,417.9781,1518138.0
2025-06-04,418.3411,419.1064,416.8988,416.9282,1440143.0
2025-06-05,417.8701,418.7728,414.8874,415.9765,2090794.0
2025-06-06,419.7147,421.9811,418.5079,420.3034,1898253.0
2025-06-09,420.4407,421.6181,418.3901,420.2838,1711053.0
2025-06-10,420.1955,421.9909,419.803,421.5102,1375441.0
2025-06-11,421.7555,423.914,420.0973,421.5004,1996060.0
2025-06-12,420.1268,422.4325,418.92,422.3736,1656315.0
2025-06-13,418.0762,418.8709,413.6512,414.8384,3136485.0
2025-06-16,417.0362,420.1268,416.8694,418.243,1873920.0
2025-06-17,416.4573,418.3803,414.3871,415.1327,1415665.0
2025-06-18,415.6845,418.1837,414.2676,414.8678,1617971.0
2025-06-20,416.5693,417.3368,413.9619,414.9852,2145019.0
2025-06-23,415.2214,419.1177,412.8796,418.8816,3030246.0
2025-06-24,421.6071,424.7951,420.8101,423.8702,3453718.0
2025-06-25,423.7914,423.9882,421.6268,422.9551,2233060.0
2025-06-26,423.8997,427.2155,423.88,426.9597,1580683.0
2025-06-27,428.1601,432.4993,428.1109,430.9643,2502613.0
2025-06-30,433.375,434.172,431.6137,433.5718,1788053.0
2025-07-01,433.1192,438.8063,432.9322,437.7437,2851124.0
2025-07-02,437.537,438.2455,436.2481,437.5666,2157353.0
2025-07-03,438.5111,441.6499,438.4127,440.8923,2066663.0
2025-07-07,440.1642,440.6463,434.4672,436.868,2426202.0
2025-07-08,436.5629,437.2419,434.9493,435.274,2430124.0
2025-07-09,437.2517,438.4423,435.1756,437.3796,1900272.0
2025-07-10,437.2419,440.6168,436.5728,439.3278,1501471.0
2025-07-11,436.5039,437.3206,435.6479,436.4449,2090489.0
2025-07-14,435.9923,437.6158,435.3625,437.4386,1492833.0
2025-07-15,437.3895,438.0192,433.07,433.0798,2581415.0
2025-07-16,434.7623,435.5003,430.6101,435.2543,2593665.0
2025-07-17,434.948,438.4523,434.8791,438.0684,2138262.0
2025-07-18,438.7483,438.7976,435.1949,436.317,2155202.0
2025-07-21,437.2423,439.024,436.1989,436.4942,1701946.0
2025-07-22,435.9233,438.4727,435.9036,437.9904,2159062.0
2025-07-23,440.2445,443.1976,439.3586,443.1582,3889770.0
2025-07-24,440.0083,442.0951,439.7524,440.1067,3084115.0
2025-07-25,440.5202,442.3707,439.4177,441.9868,2297347.0
2025-07-28,441.6325,442.4396,440.3627,441.3175,1824004.0
2025-07-29,441.6029,441.8195,438.6696,439.4866,1991293.0
2025-07-30,439.7032,440.3725,435.6772,437.7935,2333346.0
2025-07-31,438.2956,439.211,433.6003,434.4173,2813363.0
2025-08-01,430.8933,430.9032,426.6115,428.8951,3722378.0
2025-08-04,431.0213,434.9783,430.7358,434.8897,3542798.0
2025-08-05,434.8799,436.0611,432.3305,434.2302,2978855.0
2025-08-06,435.1752,436.0119,433.2361,435.0472,2058830.0
2025-08-07,437.3112,438.0396,431.1197,432.8325,3477101.0
2025-08-08,433.9054,435.943,433.4132,434.998,2423291.0
2025-08-11,435.4016,435.9331,432.3502,433.1179,2463869.0
2025-08-12,434.8012,438.1774,434.2302,437.7148,3436804.0
2025-08-13,439.4472,442.6069,439.0633,442.3806,3705903.0
2025-08-14,440.726,442.5974,439.9775,442.1246,2549350.0
2025-08-15,445.1637,445.2326,442.1991,442.7506,2586133.0
2025-08-18,442.5734,443.184,441.8642,442.2779,2064885.0
2025-08-19,443.0757,445.3311,441.4505,442.5143,3417516.0
2025-08-20,442.9673,443.7356,440.9187,442.5832,2544329.0
2025-08-21,440.9679,442.2976,439.1557,441.1945,2005445.0
2025-08-22,443.6174,450.9649,443.4992,449.7534,5070717.0
2025-08-25,448.7685,449.3102,446.1979,446.2373,2218632.0
2025-08-26,445.9319,447.8919,445.7152,447.6358,1674838.0
2025-08-27,447.429,449.7534,447.3601,449.1526,1608164.0
2025-08-28,449.6451,450.305,447.9313,449.9011,2190772.0
2025-08-29,449.2413,449.9504,447.429,449.2117,1899600.0
2025-09-02,445.1735,446.8578,443.3613,446.7691,3581496.0
2025-09-03,446.0501,446.8971,443.7356,446.4244,2217086.0
2025-09-04,446.71,450.3641,445.7349,450.1572,2890220.0
2025-09-05,450.2262,451.7528,446.1486,448.1283,3232394.0
2025-09-08,448.5124,449.4087,446.7888,449.32,2576968.0
2025-09-09,449.0837,451.6346,448.345,451.1028,3750622.0
2025-09-10,450.7974,450.9944,447.8525,449.0541,3005777.0
2025-09-11,449.9602,455.3478,449.714,454.9538,4189367.0
2025-09-12,454.2939,454.7273,452.1468,452.393,2256409.0
2025-09-15,453.0627,453.959,451.9104,453.1317,2905496.0
2025-09-16,453.1809,453.8507,450.8762,451.8611,2534760.0
2025-09-17,452.8559,456.8547,451.0535,454.3037,3435255.0
2025-09-18,454.2801,457.3717,453.7072,455.6531,3952449.0
2025-09-19,457.0434,458.0904,455.2161,457.2607,3066704.0
2025-09-22,455.5025,458.5941,454.5148,457.9818,2347138.0
2025-09-23,458.525,461.2709,456.352,457.1916,3847433.0
2025-09-24,457.7645,458.7324,455.1371,455.3643,2956894.0
2025-09-25,454.258,455.4235,452.0949,453.7938,2914549.0
2025-09-26,455.6112,457.7249,454.663,456.6088,2356806.0
2025-09-29,458.0706,458.1398,455.6507,457.3595,2215602.0
2025-09-30,456.9446,458.3966,455.1865,458.0509,2454417.0
2025-10-01,456.9051,459.4337,456.8755,458.5645,2933554.0
2025-10-02,458.6238,460.056,456.9348,459.4041,3692992.0
2025-10-03,460.0757,464.6094,459.9671,461.7746,6832644.0
2025-10-06,462.5648,462.7229,458.5349,461.1129,5149160.0
2025-10-07,461.8142,462.8612,458.6929,460.2535,5092731.0
2025-10-08,461.587,462.387,459.2263,460.3523,2808943.0
2025-10-09,460.4511,461.0536,456.9348,457.8138,3476137.0
2025-10-10,459.414,460.777,449.1416,449.2897,5789269.0
2025-10-13,452.6085,455.8976,452.4406,455.0284,4004840.0
2025-10-14,451.3639,459.5127,448.9835,457.0335,5256464.0
2025-10-15,458.9695,461.2116,454.6037,457.0335,4346596.0
2025-10-16,457.6867,458.576,452.2227,453.9222,5353911.0
2025-10-17,453.8182,457.5828,453.4428,456.2686,5862403.0
2025-10-20,457.9187,461.95,457.8891,461.4461,3147671.0
2025-10-21,461.4955,465.6256,461.3374,463.6198,4105874.0
2025-10-22,463.61,463.6396,458.9364,460.2209,5219719.0
2025-10-23,459.9936,462.3848,459.3119,461.7129,3517688.0
2025-10-24,464.4399,467.5919,463.6791,466.5741,4944115.0
2025-10-27,469.0937,469.9435,468.0562,469.6767,3273070.0
2025-10-28,473.0855,473.6882,471.1192,471.4552,6218035.0
2025-10-29,472.9373,474.6565,468.8269,470.6845,6543004.0
2025-10-30,468.4614,474.4194,468.2539,469.3407,6455276.0
2025-10-31,470.1213,471.4651,467.7697,469.9929,4888241.0
2025-11-03,470.4671,470.6153,465.675,467.8191,3760132.0
2025-11-04,464.8055,467.0682,463.2048,465.2798,4391801.0
2025-11-05,465.181,468.8961,464.7858,467.4634,5454729.0
2025-11-06,466.4556,467.7895,462.2662,463.6791,5115436.0
2025-11-07,462.6515,464.3411,459.3119,464.2522,6699515.0
2025-11-10,466.2283,468.5404,463.8471,468.1649,4311668.0
2025-11-11,468.5997,474.1328,468.3428,473.6882,3858131.0
2025-11-12,474.7553,478.6187,474.7553,476.9982,5830733.0
2025-11-13,475.6545,476.6524,468.5602,469.074,7513504.0
2025-11-14,465.7244,468.3922,463.274,466.169,8653069.0
2025-11-17,465.2501,466.7224,458.9957,460.7544,6473272.0
2025-11-18,456.6441,458.5609,454.0455,455.7944,10827475.0
2025-11-19,456.0315,457.8693,453.9368,456.2489,4674990.0
2025-11-20,461.1208,463.4457,452.2467,452.6326,11023149.0
2025-11-21,454.6269,460.8398,452.955,457.6245,9824536.0
2025-11-24,458.7919,460.8892,456.0812,459.4745,5212081.0
2025-11-25,460.6023,466.8548,458.4951,466.1425,6288124.0
2025-11-26,467.1515,470.7131,466.8844,469.2786,4560084.0
2025-11-28,469.7435,472.5037,469.7435,472.0783,1850539.0
2025-12-01,469.2489,471.8508,467.8935,468.2596,3804080.0
2025-12-02,469.1005,471.366,468.0617,470.1788,4133866.0
2025-12-03,469.7534,475.0462,469.5951,474.2845,4131637.0
2025-12-04,474.5813,476.085,472.3949,473.9481,3368134.0
2025-12-05,474.3537,476.7775,474.1657,474.8978,3735155.0
2025-12-08,475.3529,475.3826,471.7419,473.0379,3433970.0
2025-12-09,472.9588,475.1452,471.0,471.3264,3422991.0
2025-12-10,471.0395,477.5888,470.2778,476.2037,4355328.0
2025-12-11,477.0446,483.1586,476.8072,482.654,5390908.0
2025-12-12,483.4751,484.4249,478.9936,480.2104,5491602.0
2025-12-15,482.3275,482.5155,478.5385,479.9829,3523794.0
2025-12-16,479.2706,480.2896,475.1946,476.827,4008028.0
2025-12-17,477.6481,479.6069,474.3636,474.6703,4851587.0
2025-12-18,477.0185,479.4674,474.2821,475.3727,4783030.0
2025-12-19,476.5173,478.6787,476.329,477.0428,3595116.0
2025-12-22,477.7468,480.2948,477.7468,479.3331,3258240.0
2025-12-23,478.064,480.9789,478.064,480.0965,2633931.0
2025-12-24,480.047,483.408,479.462,482.8528,1257250.0
2025-12-26,482.6843,483.4576,481.5837,482.8726,1947614.0
2025-12-29,481.7523,482.7537,479.6206,480.4535,2763827.0
2025-12-30,480.4832,480.5328,478.6887,479.462,2489909.0
2025-12-31,479.5314,479.6801,476.2596,476.4678,2886750.0
2026-01-02,477.7368,479.8189,474.2965,479.5017,5678127.0
2026-01-05,480.2651,487.8399,480.1064,485.5892,6149839.0
2026-01-06,485.153,490.8936,484.7862,490.3879,5032008.0
2026-01-07,491.419,492.0139,485.3215,485.7776,4637826.0
2026-01-08,483.6658,489.3072,483.646,488.3257,5244840.0
2026-01-09,488.6529,491.4686,487.711,490.7944,5003488.0
2026-01-12,488.1274,492.1032,485.8669,491.6669,4757636.0
2026-01-13,491.3199,491.7264,486.4419,487.7407,4318597.0
2026-01-14,486.4716,487.7407,484.3797,487.3838,5728148.0
2026-01-15,488.1663,491.598,488.0076,490.259,6450578.0
2026-01-16,490.456,491.9437,488.2442,489.3848,4345527.0
2026-01-20,482.214,485.0605,480.2799,480.9147,6021558.0
2026-01-21,481.6982,488.879,481.5891,486.7863,5402385.0
2026-01-22,489.4344,491.9537,488.4327,489.6526,4306334.0
2026-01-23,487.7979,488.1054,485.5564,486.9152,4201157.0
2026-01-26,487.8872,490.8031,487.4508,490.0196,3017462.0
2026-01-27,486.6772,487.5698,484.5646,486.0523,4704299.0
2026-01-28,486.3003,487.3714,484.9316,486.1217,4005945.0
2026-01-29,486.0622,488.9286,481.9164,486.2011,8286055.0
2026-01-30,485.1101,486.4689,480.5973,485.0307,6950377.0
2026-02-02,484.8721,490.7734,482.9975,489.9899,4785159.0
2026-02-03,489.0774,492.4595,484.2869,488.2839,7288989.0
2026-02-04,489.8808,492.4397,487.0937,490.704,6945046.0
2026-02-05,488.4823,489.4047,484.2373,484.9117,6248441.0
2026-02-06,488.3434,497.5773,488.1054,496.9326,8375150.0
2026-02-09,496.0201,498.0534,494.2249,497.1211,5196687.0
2026-02-10,498.2418,501.1677,497.1607,497.7955,6256036.0
2026-02-11,500.0866,500.9892,495.0481,497.2302,4812766.0
2026-02-12,499.0154,500.4139,490.2775,490.6246,7749735.0
2026-02-13,490.9916,493.7092,487.183,491.2296,7206755.0
2026-02-17,491.2792,493.5108,488.0856,491.795,5660667.0
2026-02-18,492.7174,495.2564,490.6048,492.9356,3667743.0
2026-02-19,491.5088,492.4323,488.3807,490.337,4004855.0
2026-02-20,489.1186,493.5476,487.9766,492.634,5254540.0
2026-02-23,491.0749,493.5377,483.7661,484.6201,6931201.0
2026-02-24,484.9875,489.4265,484.064,488.3738,4369587.0
2026-02-25,490.201,491.6906,488.4831,491.3828,3549204.0
2026-02-26,493.5675,494.7492,488.8108,491.4225,5559614.0
2026-02-27,486.2487,487.5397,483.3788,486.2586,5909605.0
2026-03-02,480.9756,487.5695,480.7869,485.782,6276526.0
2026-03-03,476.8246,484.0044,473.4184,482.1474,9779652.0
2026-03-04,483.1702,485.633,480.5883,484.352,6470729.0
2026-03-05,480.4691,482.1176,472.8425,476.5068,7360334.0
2026-03-06,470.4293,472.9219,467.192,471.9289,6770644.0
2026-03-09,467.619,476.05,463.4383,474.5605,8381394.0
2026-03-10,474.4314,479.5158,471.7104,474.3817,5137376.0
2026-03-11,474.0441,474.4512,469.1781,471.5118,5505969.0
2026-03-12,467.0629,468.2049,464.1632,464.2327,6640316.0
2026-03-13,466.6955,468.8206,462.5445,463.1701,5885462.0
2026-03-16,466.8047,469.4164,465.7223,467.0331,5062454.0
2026-03-17,470.1016,471.8296,467.3509,467.6289,3988596.0
2026-03-18,465.5137,466.4869,459.5455,459.7838,5193428.0
2026-03-19,456.7725,460.1562,454.9712,457.8573,6074251.0
2026-03-20,456.5274,458.3586,451.3623,453.701,6404764.0
2026-03-23,461.0755,464.7975,458.7069,459.7518,7151730.0
2026-03-24,456.2189,461.7124,455.2436,458.9557,6569627.0
2026-03-25,463.4938,464.9965,459.5827,461.9114,5306742.0
2026-03-26,459.3239,463.1952,456.7364,457.1046,6171899.0
2026-03-27,455.164,455.3033,448.327,449.2226,5586377.0
2026-03-30,453.4124,453.9299,448.2772,449.8894,7351407.0
2026-03-31,454.6465,461.593,452.4869,460.966,9270495.0
2026-04-01,463.7725,465.6534,462.2697,463.245,5981224.0
2026-04-02,457.9605,465.2752,456.6767,462.827,2908570.0
2026-04-06,461.9313,464.7776,461.2347,464.5288,2167881.0
2026-04-07,463.5137,464.071,459.8912,463.6431,2781369.0
2026-04-08,476.6105,477.8943,473.2766,476.8593,2906847.0
2026-04-09,475.1973,480.9496,474.7196,479.5862,3350417.0
2026-04-10,479.8847,480.0838,476.3319,476.9489,1979217.0
2026-04-13,473.8339,479.9643,472.8686,479.815,2914990.0
2026-04-14,480.0937,483.6366,479.5463,483.1589,3313648.0
2026-04-15,484.174,484.7512,480.5415,482.3926,2860734.0
2026-04-16,483.4874,484.4432,481.0282,483.2982,3543200.0
2026-04-17,488.5215,494.8636,488.2128,492.0559,7866576.0
2026-04-20,491.2993,492.6135,490.1543,492.1654,2904182.0
2026-04-21,495.0627,496.1977,488.163,489.2085,3278207.0
2026-04-22,493.1511,493.9675,491.0703,492.5936,3070514.0
2026-04-23,490.3932,492.9619,486.3709,490.8413,3256914.0
2026-04-24,490.8512,491.3291,488.621,490.0547,2627849.0
2026-04-27,489.4474,491.3889,488.1431,489.6764,1661692.0
2026-04-28,491.2993,491.6577,488.621,489.2682,2359249.0
2026-04-29,488.7704,489.3379,484.8675,486.5302,2515647.0
2026-04-30,488.8301,495.4012,488.2427,494.4753,3876307.0
2026-05-01,496.6557,497.7409,492.7429,492.8524,3444870.0
2026-05-04,491.3689,492.1654,486.8588,487.4163,2302267.0
2026-05-05,489.7361,491.4287,487.8843,490.8014,2500127.0
2026-05-06,494.8138,497.8903,494.7242,496.8648,3007895.0
2026-05-07,498.3184,499.0054,492.6035,493.7385,3432484.0
2026-05-08,496.2973,496.367,492.7628,493.9576,2739604.0
2026-05-11,493.6688,495.6601,492.5936,494.9333,3350453.0
2026-05-12,494.3359,496.2276,491.0304,495.7099,5358104.0
2026-05-13,493.9874,495.4311,492.4641,494.9631,2595814.0
2026-05-14,499.1849,499.9619,496.6646,498.6071,3853166.0
2026-05-15,495.3851,495.8334,493.1836,493.4725,4015465.0
2026-05-18,493.7514,495.7338,491.7092,495.1062,3821060.0
2026-05-19,492.9345,494.4387,490.6931,492.0878,4144202.0
2026-05-20,493.9705,499.0112,490.6035,498.3238,5204743.0
2026-05-21,496.8694,502.1192,495.3054,501.1828,5336591.0
2026-05-22,505.0679,506.7912,503.7529,504.1813,3914082.0
2026-05-26,505.5759,506.2932,502.0395,503.3146,3033199.0
2026-05-27,503.992,506.7514,503.8725,504.9384,3439756.0
2026-05-28,503.4043,506.2633,501.7108,505.1077,2887078.0
2026-05-29,505.9545,509.3514,505.2571,508.8234,4416811.0
2026-06-01,507.897,509.8993,506.3828,509.4809,3336779.0
2026-06-02,507.1299,512.5192,506.9805,512.0809,4107053.0
2026-06-03,509.2119,510.8855,506.0441,506.3131,2634848.0
2026-06-04,511.6326,515.5974,510.7759,514.7208,4682576.0
2026-06-05,515.7468,515.7667,506.8012,507.7476,4892392.0
2026-06-08,508.8135,511.792,506.3729,506.9606,3624135.0
2026-06-09,509.5905,511.5729,501.1529,507.4587,5171727.0
2026-06-10,505.546,506.7912,498.1843,498.3338,3947588.0
2026-06-11,501.2625,508.8035,499.6487,507.4089,5011073.0
2026-06-12,510.9253,513.3261,507.5284,511.0947,5005807.0
2026-06-15,517.2411,518.8449,515.8763,516.4541,4092185.0
2026-06-16,518.3767,521.2955,518.0679,519.4426,3780944.0
2026-06-17,519.2768,522.1835,513.3234,514.3223,5364452.0
2026-06-18,517.9237,518.9425,514.8571,514.947,4722839.0
2026-06-22,516.2655,518.3332,515.4165,516.5053,3312510.0
2026-06-23,514.1079,518.1434,512.3998,516.0458,4077764.0
2026-06-24,515.6162,521.8493,515.4364,517.9437,3571811.0
2026-06-25,520.7106,525.9847,517.9736,518.6828,4106308.0
2026-06-26,516.3754,520.7006,515.5263,517.1745,3069475.0
2026-06-29,520.0513,522.3987,518.8227,521.1001,4675697.0
2026-06-30,521.7694,522.5585,519.0125,521.8094,2380697.0
2026-07-01,520.8504,526.1345,519.0424,521.8193,2737348.0
2026-07-02,524.9559,527.6728,523.1479,527.2933,2567659.0
2026-07-06,528.2722,529.5008,525.2655,529.5008,2447331.0
2026-07-07,531.8682,531.9481,526.5241,527.8626,3509753.0
2026-07-08,522.7583,523.8771,519.452,522.1889,2759187.0
2026-07-09,523.068,524.5663,521.5496,523.6074,1931612.0
2026-07-10,525.2455,525.8848,521.1601,525.1956,2522903.0
2026-07-13,525.2056,527.2733,522.3188,523.887,2132664.0
2026-07-14,522.7983,526.1345,521.9792,524.1068,2533686.0
2026-07-15,525.3055,527.1434,523.1179,525.3654,2434135.0
2026-07-16,526.225,527.3441,522.4881,524.2466,2272549.0
2026-07-17,519.2195,524.9248,518.4701,520.3786,3477596.0
2026-07-20,521.5476,522.9664,516.7316,517.5109,1731265.0
2026-07-21,519.1995,522.5767,517.6908,521.078,2421734.0
2026-07-22,521.1679,523.9356,520.5784,521.038,2550806.0
2026-07-23,514.6433,517.7407,514.2936,515.8323,3020245.0
2026-07-24,516.8515,520.1288,515.8423,518.3302,2764388.0
2026-07-27,524.2653,524.9048,518.8598,520.8282,2450726.0
2026-07-28,525.7541,528.0322,523.2362,526.4535,3686493.0
2026-07-29,521.9872,522.7366,514.3935,514.983,5251862.0
2026-07-30,518.4102,521.5476,515.4426,521.078,2312027.0
2026-07-31,523.6458,525.1746,518.8198,523.8856,3251801.0
2026-08-03,529.1213,531.2096,528.252,530.7799,3265584.0
2026-08-04,537.4444,541.6409,535.546,539.9823,5035885.0
2026-08-05,542.76,546.2971,542.2005,542.3603,4072843.0
2026-08-06,543.3495,544.1189,537.2446,537.7442,2859658.0
2026-08-07,538.2637,539.7725,536.9848,539.173,1716580.0
2026-08-10,538.1838,539.5726,537.4344,538.5435,2661619.0
2026-08-11,539.4627,541.2712,536.4652,536.8349,2339799.0
2026-08-12,538.5335,538.7433,536.4153,536.705,2201113.0
2026-08-13,538.2537,539.5227,535.2462,537.4644,1516363.0
2026-08-14,536.9648,537.8341,535.7558,536.3553,1684764.0
2026-08-17,534.0772,535.536,533.048,533.7475,1948600.0
2026-08-18,532.9681,533.8174,531.5793,532.4685,2731690.0
2026-08-19,534.8466,536.2354,533.138,533.8274,2423926.0
2026-08-20,529.913,531.343,526.763,527.073,2128706.0
2026-08-21,530.03,532.91,529.43,532.22,2399787.0
2026-08-24,531.84,534.48,531.83,533.65,3714949.0
2026-08-25,536.37,536.56,533.18,535.24,1992559.0
2026-08-26,535.33,535.95,533.31,534.23,1411055.0
2026-08-27,533.57,536.63,532.92,535.22,1953783.0
2026-08-28,536.53,537.73,534.4,535.06,2116146.0
2026-08-31,533.56,533.56,530.78,531.57,1360118.0
2026-09-01,528.64,531.65,526.84,527.75,2619596.0
2026-09-02,529.51,532.17,529.24,530.62,2445346.0
2026-09-03,534.04,537.62,532.94,536.93,3932469.0
2026-09-04,535.12,536.37,532.93,534.08,1762107.0
2026-09-08,530.22,530.39,527.35,528.03,3004188.0
2026-09-09,525.64,525.74,523.25,524.07,2992891.0
2026-09-10,522.29,523.02,519.8,520.75,3847324.0
2026-09-11,525.37,527.36,524.29,525.79,2576458.0
2026-09-14,524.55,526.79,523.09,524.49,2095484.0
