timestamp,open,high,low,close,volume
2006-09-18,44.1076,44.4548,43.8992,43.9473,4114000.0
2006-09-19,43.7924,43.8565,43.4985,43.755,5002400.0
2006-09-20,44.0061,44.7647,43.9152,44.5617,7016500.0
2006-09-21,44.1343,44.4762,43.4611,43.6481,8551000.0
2006-09-22,43.6748,43.8725,43.2795,43.3863,4092000.0
2006-09-25,43.6214,43.958,43.4237,43.7977,5005200.0
2006-09-26,43.755,44.161,43.6481,44.0702,4237400.0
2006-09-27,43.8084,44.1663,43.6535,43.8725,5333800.0
2006-09-28,43.7283,43.9954,43.6214,43.787,4288400.0
2006-09-29,43.755,44.2304,43.6855,43.7763,4239500.0
2006-10-02,43.6802,44.0595,43.584,43.7496,4201000.0
2006-10-03,43.7443,43.9473,43.5733,43.6321,4520700.0
2006-10-04,43.6214,44.4762,43.6107,44.4014,5730000.0
2006-10-05,44.2411,44.4548,44.1289,44.3213,4717100.0
2006-10-06,44.3052,44.7594,44.0755,44.4281,4894500.0
2006-10-09,44.4174,44.9196,44.3426,44.8822,4199300.0
2006-10-10,44.722,45.2135,44.6418,44.9784,4390100.0
2006-10-11,44.957,45.2455,44.7647,44.9944,4893800.0
2006-10-12,44.9837,45.3577,44.9303,45.2829,4230300.0
2006-10-13,45.1173,46.0576,45.112,45.9614,7469400.0
2006-10-16,45.9881,46.8002,45.8118,46.3568,7816300.0
2006-10-17,46.1217,46.9818,46.0629,46.5705,9679600.0
2006-10-18,48.3548,49.1722,47.9381,47.9969,25627800.0
2006-10-19,47.9755,48.6059,47.7138,48.0183,9933400.0
2006-10-20,48.1038,48.4564,47.842,48.3335,6830600.0
2006-10-23,48.1091,49.1509,48.0877,48.9158,8347400.0
2006-10-24,48.5685,49.1242,48.5098,48.8838,8229800.0
2006-10-25,48.7288,49.1455,48.5846,49.1028,5469800.0
2006-10-26,49.0601,49.1135,48.7502,48.9105,4626500.0
2006-10-27,48.5685,49.0921,48.3922,48.5258,5271900.0
2006-10-30,47.9755,49.1509,47.9755,48.8784,5068300.0
2006-10-31,48.8838,49.5142,48.8838,49.2577,8231500.0
2006-11-01,49.418,49.5142,48.8838,49.044,5397200.0
2006-11-02,49.044,49.1242,48.7502,48.9799,4396000.0
2006-11-03,49.0227,49.3325,48.7128,48.8464,4140600.0
2006-11-06,48.8838,49.5462,48.8838,49.4768,5533900.0
2006-11-07,49.3747,49.9,49.3694,49.5409,6918400.0
2006-11-08,49.4444,49.8035,49.3158,49.6266,5816300.0
2006-11-09,49.6266,50.302,49.5087,49.5677,4219600.0
2006-11-10,49.4712,49.7392,48.7744,49.1979,4952800.0
2006-11-13,49.0692,49.5409,48.9942,49.3372,4128900.0
2006-11-14,49.3104,50.0018,49.1228,49.9965,4474300.0
2006-11-15,49.8893,49.9965,49.5998,49.9268,3935100.0
2006-11-16,49.8839,50.168,49.632,50.0608,3766000.0
2006-11-17,50.0715,50.4092,50.0125,50.2591,4624300.0
2006-11-20,50.168,50.2752,49.8518,49.975,4364600.0
2006-11-21,49.8518,50.0769,49.766,49.8785,2635000.0
2006-11-22,49.7928,50.243,49.7392,50.1573,2644000.0
2006-11-24,49.8732,50.2698,49.8357,50.2484,1793900.0
2006-11-27,49.691,49.975,48.8387,49.021,5761700.0
2006-11-28,48.5868,49.0799,48.4689,48.9513,4677000.0
2006-11-29,48.962,49.1282,48.7798,49.0478,4198600.0
2006-11-30,48.962,49.5677,48.9084,49.2782,5357600.0
2006-12-01,49.2568,49.2622,48.5332,48.9084,4730600.0
2006-12-04,49.5784,50.3556,49.4444,50.1197,6970700.0
2006-12-05,50.1197,50.7254,50.0822,50.6128,6360100.0
2006-12-06,50.6396,50.8487,50.3877,50.4842,5391100.0
2006-12-07,50.3824,50.6128,50.1412,50.4949,4028700.0
2006-12-08,50.1948,50.5914,50.0983,50.302,3922400.0
2006-12-11,50.2323,50.57,50.1465,50.2001,3278500.0
2006-12-12,50.168,50.838,50.0072,50.436,7078900.0
2006-12-13,50.8004,51.0952,50.6504,50.8004,6119900.0
2006-12-14,50.9023,51.3043,50.6718,51.106,4161000.0
2006-12-15,51.2453,51.3471,50.9452,51.0631,7805600.0
2006-12-18,50.8916,51.5401,50.8112,51.1649,7627400.0
2006-12-19,50.972,51.6634,50.8701,51.5079,4422100.0
2006-12-20,51.5079,51.7223,51.2935,51.4329,3289500.0
2006-12-21,51.3364,51.7223,51.2024,51.4543,4040200.0
2006-12-22,51.3203,51.4436,51.047,51.0684,2863700.0
2006-12-26,50.9184,51.3525,50.8755,51.2935,1954700.0
2006-12-27,51.6151,52.1136,51.5991,52.0975,4050900.0
2006-12-28,52.0493,52.2047,51.9206,51.9528,4113500.0
2006-12-29,51.9903,52.462,51.8992,52.0761,3976800.0
2007-01-03,52.0868,52.7407,51.5937,52.135,8863900.0
2007-01-04,52.1243,52.9497,51.926,52.7139,9922800.0
2007-01-05,52.3119,52.4995,51.9421,52.2262,6889100.0
2007-01-08,52.7943,53.3303,52.7139,53.0087,10058400.0
2007-01-09,53.1052,53.7751,53.0998,53.6251,10737500.0
2007-01-10,52.7943,53.0891,52.4888,53.0087,8513400.0
2007-01-11,53.0623,53.5447,52.7943,52.8854,7620500.0
2007-01-12,53.0569,53.4321,52.7943,53.2016,6375900.0
2007-01-16,53.2767,54.0485,53.2231,54.0003,8981600.0
2007-01-17,53.9681,54.0807,53.3839,53.6519,7943100.0
2007-01-18,53.4911,53.5715,53.014,53.2392,9490000.0
2007-01-19,50.9184,51.9099,49.2354,51.5401,24253500.0
2007-01-22,51.6795,52.1136,49.4819,52.0493,10329900.0
2007-01-23,51.9421,52.6603,51.5615,52.0546,8599900.0
2007-01-24,52.0332,52.3012,51.7652,52.1672,4899300.0
2007-01-25,52.1082,52.4834,52.1082,52.2798,5791500.0
2007-01-26,52.269,52.4352,51.9046,52.2315,5091700.0
2007-01-29,52.3655,52.8801,52.2315,52.8265,6145700.0
2007-01-30,52.8318,53.3035,52.7943,53.2606,6214500.0
2007-01-31,52.9551,53.3196,52.7139,53.132,5595700.0
2007-02-01,53.0462,53.1588,52.5049,53.073,6129700.0
2007-02-02,53.1159,53.4536,52.998,53.1856,6147900.0
2007-02-05,53.1534,53.8341,53.0087,53.7591,7377900.0
2007-02-06,53.5985,53.8136,52.9319,53.5179,5899800.0
2007-02-07,53.6523,53.9533,53.2867,53.5125,6500500.0
2007-02-09,53.5017,53.5985,52.5825,52.9964,5707400.0
2007-02-12,53.1147,53.3297,52.8029,53.0287,4772700.0
2007-02-13,53.0072,53.0824,52.5771,52.8405,5476000.0
2007-02-14,52.9534,53.4534,52.819,53.362,5415300.0
2007-02-15,53.2544,53.5017,52.9426,53.2276,5126600.0
2007-02-16,53.2867,53.3566,53.0233,53.2168,4243400.0
2007-02-20,53.0394,53.4695,52.9803,53.4104,3825200.0
2007-02-21,53.1684,53.4211,53.0609,53.2706,3741800.0
2007-02-22,53.1147,53.491,52.5609,52.9695,5588300.0
2007-02-23,52.8996,52.9211,52.3674,52.5287,5541300.0
2007-02-26,52.6093,52.6093,51.8567,52.0986,5463100.0
2007-02-27,51.6094,51.6148,49.9321,50.5073,10463300.0
2007-02-28,50.3783,50.5826,49.7117,49.9644,10877400.0
2007-03-01,48.5182,50.0235,47.7226,49.5988,11709300.0
2007-03-02,49.459,49.6579,48.8354,48.9053,9003400.0
2007-03-05,48.5182,49.5396,48.4376,49.3354,9605400.0
2007-03-06,49.674,50.4751,49.5988,50.4159,8723000.0
2007-03-07,50.5181,50.9912,50.3299,50.5235,8866600.0
2007-03-08,50.803,50.975,49.7386,49.9912,7039300.0
2007-03-09,50.2547,50.5342,49.8998,50.1633,5880600.0
2007-03-12,50.1525,50.6256,49.9805,50.6095,5146500.0
2007-03-13,50.4589,50.7869,49.7923,49.8353,7256400.0
2007-03-14,49.8084,50.5503,49.5128,50.4052,8346400.0
2007-03-15,50.2116,50.5181,50.0504,50.2331,5418100.0
2007-03-16,50.7761,50.7761,50.0074,50.1418,7643700.0
2007-03-19,50.5073,50.7062,50.2063,50.5503,4305200.0
2007-03-20,50.5342,50.8191,50.2923,50.7976,4228000.0
2007-03-21,50.803,51.5073,50.4428,51.26,7336500.0
2007-03-22,51.1256,51.3083,50.8836,51.1578,5407600.0
2007-03-23,50.975,51.1901,50.8836,51.0826,4135300.0
2007-03-26,51.0718,51.2062,50.7062,51.0718,6080400.0
2007-03-27,50.9159,51.0879,50.6417,50.9159,4285100.0
2007-03-28,50.4804,51.0826,50.4267,50.6417,7839800.0
2007-03-29,50.889,51.1309,50.5127,50.8353,6473300.0
2007-03-30,50.6632,50.9374,50.303,50.6632,6872200.0
2007-04-02,50.8084,51.3406,50.5665,51.1901,5483400.0
2007-04-03,51.3137,51.733,51.2492,51.6578,5203100.0
2007-04-04,51.5019,51.8513,51.3782,51.7115,3900800.0
2007-04-05,51.5986,52.0126,51.475,51.889,3125400.0
2007-04-09,51.8406,52.1147,51.6739,51.9266,4774700.0
2007-04-10,51.8244,52.0395,51.6954,51.8567,3514700.0
2007-04-11,51.8836,51.9857,51.0449,51.1524,5751500.0
2007-04-12,51.0879,51.5126,50.8191,51.4374,4659800.0
2007-04-13,51.475,51.475,50.8514,51.0288,5725300.0
2007-04-16,51.0664,51.7707,50.9213,51.6685,6350900.0
2007-04-17,51.7707,52.5018,51.6202,52.2276,8626200.0
2007-04-18,50.9643,51.561,50.7492,50.9589,14801400.0
2007-04-19,50.803,51.0019,50.5342,50.6847,8445500.0
2007-04-20,51.0826,51.1524,50.4858,50.8568,8764000.0
2007-04-23,51.1578,51.4642,51.0987,51.2116,6041100.0
2007-04-24,52.2706,53.706,52.2706,52.9803,20002200.0
2007-04-25,53.0824,54.6737,53.077,54.5501,13211100.0
2007-04-26,54.2974,54.5662,53.8727,54.2436,7985200.0
2007-04-27,53.9211,54.3727,53.792,54.3619,5369800.0
2007-04-30,54.3565,55.3726,54.2813,54.9533,9350100.0
2007-05-01,54.8672,55.464,54.8619,55.464,8037400.0
2007-05-02,55.2651,55.4478,54.9049,54.9425,6425200.0
2007-05-03,54.7006,55.3726,54.4855,55.2597,6935800.0
2007-05-04,55.2382,55.3887,54.9694,55.3511,5100000.0
2007-05-07,55.2427,55.464,55.0484,55.4586,5148200.0
2007-05-08,55.2751,55.7986,55.1618,55.7608,5465000.0
2007-05-09,56.09,56.5326,55.9659,56.3491,8016100.0
2007-05-10,56.0307,56.7269,55.9713,56.5164,8709400.0
2007-05-11,56.5002,57.2018,56.4894,57.2018,5813500.0
2007-05-14,57.1047,57.3421,56.5542,56.9643,4686700.0
2007-05-15,56.8834,57.0993,56.5056,56.5758,5658000.0
2007-05-16,56.7215,57.1478,56.4139,57.1316,5079300.0
2007-05-17,56.9967,57.3313,56.5218,56.8186,7235000.0
2007-05-18,57.1208,58.3136,56.9913,58.2866,9173400.0
2007-05-21,58.1085,58.2866,57.6767,57.6929,5169500.0
2007-05-22,57.7199,57.8818,57.2126,57.5688,5098200.0
2007-05-23,57.639,57.7469,56.8024,56.905,4038200.0
2007-05-24,56.9104,57.1964,55.8958,56.0846,6141000.0
2007-05-25,56.0738,56.8996,56.0469,56.7215,4339700.0
2007-05-29,56.9751,57.5472,56.8294,57.0885,5103600.0
2007-05-30,56.8834,57.8009,56.7808,57.7361,6720900.0
2007-05-31,57.8872,58.1085,57.2072,57.5418,4268900.0
2007-06-01,57.5418,57.8764,57.218,57.4986,4631900.0
2007-06-04,57.477,57.5256,56.9805,57.3259,4454700.0
2007-06-05,57.504,57.504,56.9589,57.1208,4911800.0
2007-06-06,56.9374,56.9427,55.2589,55.3291,15478100.0
2007-06-07,55.2967,55.6799,54.811,54.9081,11991700.0
2007-06-08,54.9405,55.7015,54.9135,55.6313,7533000.0
2007-06-11,55.518,56.1278,55.3183,55.6691,4697000.0
2007-06-12,55.6475,55.6853,55.1294,55.2265,5240100.0
2007-06-13,55.5072,55.7284,55.1024,55.6475,6189400.0
2007-06-14,55.6421,56.2573,55.4856,56.0199,4738100.0
2007-06-15,56.2465,56.77,56.0631,56.7107,8203400.0
2007-06-18,56.8132,57.0183,56.6081,56.8402,5960300.0
2007-06-19,56.6297,57.5634,56.6135,57.5472,5487800.0
2007-06-20,57.477,57.7577,57.1802,57.2072,6041200.0
2007-06-21,57.0831,57.7469,56.9967,57.531,5442800.0
2007-06-22,57.1856,57.4447,56.5704,56.7215,7316600.0
2007-06-25,56.5218,57.0831,56.3977,56.7323,7728500.0
2007-06-26,56.7215,57.2396,56.5704,56.8618,4859600.0
2007-06-27,56.5326,56.9212,56.3437,56.878,5016100.0
2007-06-28,56.9481,57.7037,56.7862,57.2126,5190900.0
2007-06-29,57.1856,57.5202,56.1818,56.7862,6133100.0
2007-07-02,56.878,57.0993,56.4408,56.6513,4264900.0
2007-07-03,56.9374,57.7901,56.797,57.6228,3947000.0
2007-07-05,57.3745,58.4971,57.1964,58.3513,6327900.0
2007-07-06,58.1732,59.1825,58.1031,58.8694,7125300.0
2007-07-09,58.6806,59.0152,58.3945,58.8371,5714800.0
2007-07-10,58.5834,58.9072,58.4215,58.5996,5612700.0
2007-07-11,58.4485,59.1501,58.4215,58.8802,4986900.0
2007-07-12,59.0152,59.1771,58.4053,58.9666,8163000.0
2007-07-13,58.6913,58.9342,58.3405,58.5888,6747600.0
2007-07-16,58.5942,59.3875,58.5132,59.1879,7215500.0
2007-07-17,59.1825,60.1593,59.0691,59.7977,6591300.0
2007-07-18,59.5009,60.3806,59.3875,59.9542,8930200.0
2007-07-19,62.0644,62.8632,61.8755,62.6311,16170700.0
2007-07-20,61.9835,62.5285,61.4923,62.0482,10500100.0
2007-07-23,61.9997,62.8362,61.9835,62.7876,7459900.0
2007-07-24,62.2371,63.1438,62.0752,62.8578,9125600.0
2007-07-25,62.7066,65.7883,62.1939,63.6619,11097800.0
2007-07-26,63.1492,64.126,62.3451,63.1222,15942500.0
2007-07-27,62.9387,63.6565,62.4368,62.4368,10332900.0
2007-07-30,62.0644,62.4692,61.2657,61.6974,9356200.0
2007-07-31,61.9133,61.9133,59.3768,59.5387,11894900.0
2007-08-01,59.5764,60.8393,59.3983,60.4723,11958200.0
2007-08-02,60.4993,61.5517,60.1755,61.1793,7769600.0
2007-08-03,61.1146,61.6219,60.2834,60.3698,8843000.0
2007-08-06,60.4292,61.4222,60.2834,61.3628,6671900.0
2007-08-07,60.9951,61.6179,60.5781,61.2009,7571100.0
2007-08-08,61.905,62.0675,60.8001,61.1901,6922900.0
2007-08-09,59.9931,62.0079,59.9931,60.0635,8285100.0
2007-08-10,59.4407,61.4717,59.4136,60.9139,9004600.0
2007-08-13,61.1955,61.7154,60.8272,61.1251,5748800.0
2007-08-14,61.1088,61.2821,60.5185,60.6322,5136400.0
2007-08-15,60.1177,61.1197,59.5274,60.2423,8129600.0
2007-08-16,60.1069,60.3452,56.164,59.4245,13538200.0
2007-08-17,60.5889,61.0222,58.8504,59.9173,11401000.0
2007-08-20,60.1394,60.1719,59.1049,59.197,6132900.0
2007-08-21,58.9803,59.6357,58.5362,59.0941,6771900.0
2007-08-22,59.6248,59.8469,59.1157,59.5761,5346000.0
2007-08-23,59.7927,60.486,59.5815,60.4048,7112800.0
2007-08-24,60.3614,61.3255,60.0148,61.3146,5829000.0
2007-08-27,61.2009,61.6613,61.0926,61.3309,3921700.0
2007-08-28,61.1467,61.5205,60.4589,60.6268,5422400.0
2007-08-29,61.1359,62.2733,60.6972,62.0675,5915800.0
2007-08-30,61.5367,62.8257,61.5367,62.4466,6590400.0
2007-08-31,62.8203,63.5569,62.582,63.1778,5448300.0
2007-09-04,63.0099,64.3909,62.907,64.0064,6504500.0
2007-09-05,63.6273,63.9902,60.5347,63.8764,5997100.0
2007-09-06,63.8656,64.3151,62.9557,63.7031,6292200.0
2007-09-07,62.934,63.3511,62.4628,62.5874,7075100.0
2007-09-10,62.907,63.6381,62.4574,62.7174,5752200.0
2007-09-11,63.0153,63.7898,62.8474,63.5623,6999400.0
2007-09-12,63.3402,63.584,62.6578,62.8311,5665700.0
2007-09-13,62.9882,63.3673,62.6849,62.804,4418300.0
2007-09-14,62.3112,62.8257,62.0945,62.4033,6095500.0
2007-09-17,62.1216,62.4195,61.905,62.0187,4484800.0
2007-09-18,62.2841,63.2482,62.192,63.1128,7159400.0
2007-09-19,63.3132,63.4702,62.7066,63.1886,8961400.0
2007-09-20,62.9719,63.7194,62.934,63.2644,5523600.0
2007-09-21,63.8493,63.9631,63.0153,63.2211,8507400.0
2007-09-24,63.3132,63.6002,62.7445,62.9503,5413300.0
2007-09-25,62.8365,63.6869,62.712,63.1128,6168700.0
2007-09-26,63.3348,63.9522,63.2319,63.5569,6042000.0
2007-09-27,63.6381,64.0226,63.389,63.7573,5354300.0
2007-09-28,63.4431,64.1797,63.4215,63.8493,5880600.0
2007-10-01,63.6977,64.7213,63.6381,64.4993,6120900.0
2007-10-02,64.6184,64.7755,63.9847,64.0443,6451400.0
2007-10-03,63.7194,63.8223,62.9774,63.064,7157400.0
2007-10-04,62.934,63.2319,62.2841,62.6199,5893500.0
2007-10-05,62.9178,63.2102,62.5387,62.9394,5338500.0
2007-10-08,62.8799,64.0335,62.7607,63.8006,4474500.0
2007-10-09,63.8277,64.1797,63.0532,64.0931,5233300.0
2007-10-10,63.9089,64.3422,63.7356,64.1851,5673000.0
2007-10-11,64.4451,65.7829,63.5677,63.9252,12634300.0
2007-10-12,64.1797,64.3909,63.519,63.7681,5441000.0
2007-10-15,63.8818,64.1093,63.2319,63.9197,5564000.0
2007-10-16,63.9197,64.9596,63.6381,64.7592,9429700.0
2007-10-17,63.9143,63.9143,61.8237,62.3491,16821900.0
2007-10-18,62.1866,63.0478,61.9808,62.1541,7368600.0
2007-10-19,61.7317,62.2462,60.551,60.7297,9444100.0
2007-10-22,60.1015,61.6775,60.096,61.4717,7133900.0
2007-10-23,61.6234,62.1758,61.4717,62.1433,5228800.0
2007-10-24,61.8508,62.1108,60.486,61.2009,7495000.0
2007-10-25,61.3742,61.9591,60.4914,61.0276,6088700.0
2007-10-26,61.2009,61.7425,60.6972,61.6504,4629800.0
2007-10-29,61.6883,62.2895,61.6613,62.1758,4544300.0
2007-10-30,62.0133,62.2299,61.6071,61.8671,3713700.0
2007-10-31,62.1487,62.9611,61.3526,62.9015,6331600.0
2007-11-01,62.5549,62.8745,61.3742,61.58,6915100.0
2007-11-02,61.97,62.3654,61.5096,62.1433,5826700.0
2007-11-05,62.3437,62.3437,61.1088,61.4175,6388700.0
2007-11-06,61.4668,61.7168,60.4776,61.3309,6585500.0
2007-11-07,61.7222,61.7657,60.2765,60.2982,6564300.0
2007-11-08,59.8416,59.9612,56.5207,57.6676,17936500.0
2007-11-09,57.0262,57.0262,53.9553,54.4988,16731700.0
2007-11-12,55.3793,56.6294,54.7325,55.0967,12623000.0
2007-11-13,56.124,57.4719,55.7109,57.2327,9808300.0
2007-11-14,57.6784,57.8415,55.9283,55.9283,7840000.0
2007-11-15,56.1131,57.4175,56.0098,56.3468,7413200.0
2007-11-16,56.8034,57.0697,56.1185,56.874,8195700.0
2007-11-19,56.711,57.2817,55.0804,55.5587,8291600.0
2007-11-20,55.7598,57.0534,55.1021,56.2544,8046200.0
2007-11-21,55.1184,56.5751,55.1184,55.4772,5587400.0
2007-11-23,56.037,56.6023,55.6131,56.5479,2469600.0
2007-11-26,56.6675,57.1512,55.3032,55.325,6199900.0
2007-11-27,55.8196,56.8414,55.1674,56.4664,8171900.0
2007-11-28,56.9719,58.847,56.7218,58.347,8074300.0
2007-11-29,58.2872,58.6296,57.7491,58.4394,7243600.0
2007-11-30,59.0101,59.347,56.4881,57.4773,9841900.0
2007-12-03,57.3686,58.2328,56.8414,57.5371,7393000.0
2007-12-04,57.2925,58.385,56.9175,57.9937,6042200.0
2007-12-05,58.6079,58.9829,58.1459,58.8035,5579800.0
2007-12-06,58.7003,59.7873,58.6622,59.6514,4939900.0
2007-12-07,59.6134,59.7873,58.6731,59.1405,5333400.0
2007-12-10,59.4503,59.9286,59.2438,59.4938,4170200.0
2007-12-11,59.4286,60.0047,57.8632,58.1024,7693100.0
2007-12-12,59.3362,59.896,58.3633,58.9938,7290900.0
2007-12-13,58.7003,59.0481,58.1241,58.8687,5903500.0
2007-12-14,58.3252,58.4611,56.5805,57.4447,8926100.0
2007-12-17,57.2708,57.6078,56.5262,56.8577,6461600.0
2007-12-18,57.1132,58.1404,56.5968,57.7763,7231300.0
2007-12-19,57.9067,58.9068,57.5426,58.1513,6537000.0
2007-12-20,58.5807,59.5101,58.4883,59.2438,6285200.0
2007-12-21,59.7329,60.4178,59.3253,60.2928,9845000.0
2007-12-24,60.4395,60.8743,60.0862,60.733,2319300.0
2007-12-26,60.2765,60.9776,60.2765,60.6461,3754500.0
2007-12-27,60.0754,60.4939,59.5101,59.5862,4137900.0
2007-12-28,60.2004,60.2004,59.3036,59.809,3775400.0
2007-12-31,59.5264,59.7873,58.298,58.6513,4805600.0
2008-01-02,59.2383,59.2383,56.6186,56.9555,8809900.0
2008-01-03,56.9773,57.3795,56.5153,57.0153,7213400.0
2008-01-04,56.499,56.499,54.613,54.9663,8744600.0
2008-01-07,54.488,54.8956,53.8249,54.3793,10771800.0
2008-01-08,54.3793,54.5586,52.8139,52.9933,8665300.0
2008-01-09,53.1346,53.8901,52.8085,53.4335,10424400.0
2008-01-10,52.9335,54.8195,52.8031,54.3086,9519400.0
2008-01-11,53.9173,54.0586,52.7433,53.0857,8176600.0
2008-01-14,57.0751,57.3904,55.075,55.9446,15865200.0
2008-01-15,55.4554,56.874,55.0206,55.3467,10903000.0
2008-01-16,54.4282,55.9066,54.4282,55.238,12142800.0
2008-01-17,55.4391,56.2272,54.3793,54.95,10130900.0
2008-01-18,57.8904,57.9774,55.7109,56.2001,21804700.0
2008-01-22,53.564,56.0316,53.564,55.0641,13986100.0
2008-01-23,54.151,57.7491,53.5368,57.7491,16879700.0
2008-01-24,57.8197,58.4339,56.8958,58.1078,11927500.0
2008-01-25,58.5861,58.5861,56.5805,56.8088,9426300.0
2008-01-28,56.7653,57.4882,56.4338,57.0588,7377600.0
2008-01-29,57.3414,58.048,56.8523,57.6676,5728200.0
2008-01-30,57.5317,58.51,56.9936,57.4338,6911700.0
2008-01-31,56.6457,58.6839,56.3631,58.3415,7754100.0
2008-02-01,58.2437,59.4612,57.5371,59.2873,7523700.0
2008-02-04,59.0644,59.2438,57.8632,58.6622,5598800.0
2008-02-05,58.1936,58.7337,56.8951,57.0806,8561000.0
2008-02-06,57.4243,58.1008,56.5131,56.5186,7714400.0
2008-02-07,56.1367,56.7423,54.8873,55.8366,10707700.0
2008-02-08,55.8366,56.5622,55.6893,56.344,5802700.0
2008-02-11,56.224,57.588,56.1258,57.3643,5834700.0
2008-02-12,57.3752,58.5591,57.1242,58.1227,7185000.0
2008-02-13,58.45,59.4321,58.27,59.1538,5678400.0
2008-02-14,58.8919,59.1975,57.5607,57.9044,6894900.0
2008-02-15,57.4352,57.9699,57.2879,57.9208,5870300.0
2008-02-19,58.3463,58.7174,57.0915,57.2879,6891200.0
2008-02-20,57.5225,59.0393,57.0315,58.8428,7318800.0
2008-02-21,58.9792,59.7976,58.0681,58.3409,7480200.0
2008-02-22,58.4555,59.1866,57.6753,58.9629,7546500.0
2008-02-25,58.6137,60.1905,58.6137,60.0595,7272200.0
2008-02-26,59.754,62.7384,59.4976,62.4056,17877600.0
2008-02-27,62.111,63.6332,61.6036,63.5405,11449100.0
2008-02-28,63.0712,63.2349,62.5038,62.8748,6680000.0
2008-02-29,62.231,62.8203,61.8436,62.1219,7132100.0
2008-03-03,62.1219,62.6402,61.9146,62.3238,6036200.0
2008-03-04,61.8709,63.1367,61.5163,63.1313,8249800.0
2008-03-05,63.5132,63.5132,62.3347,62.9567,7993300.0
2008-03-06,62.7766,62.8257,61.2435,61.3908,7477000.0
2008-03-07,61.0252,62.6075,60.998,62.1655,7586400.0
2008-03-10,61.7182,63.284,61.7182,62.2037,9262700.0
2008-03-11,63.1804,63.595,62.2201,63.5568,9146100.0
2008-03-12,63.5295,64.3807,62.8039,63.8733,8679000.0
2008-03-13,63.1203,63.715,62.0019,63.2404,9117300.0
2008-03-14,63.3331,63.5732,61.4835,62.8039,8979400.0
2008-03-17,61.6527,63.8569,61.6527,63.044,8592700.0
2008-03-18,63.6168,64.6044,62.0946,64.6044,9256800.0
2008-03-19,64.5389,64.6535,63.6441,63.8023,8683200.0
2008-03-20,63.8842,64.6426,63.6441,64.5607,9489900.0
2008-03-24,64.6917,65.3573,64.4516,64.959,8069500.0
2008-03-25,64.9808,64.9808,63.9169,64.3643,7462200.0
2008-03-26,64.157,64.3643,62.7221,63.786,9093200.0
2008-03-27,63.3004,63.3986,62.4765,63.0276,7641200.0
2008-03-28,63.2131,63.6987,62.3129,62.5093,6306600.0
2008-03-31,62.4001,63.2185,61.8382,62.8203,6897800.0
2008-04-01,62.7439,64.5825,62.2092,63.5568,10536800.0
2008-04-02,63.5623,63.8242,62.1874,62.6402,7696100.0
2008-04-03,62.3892,63.7369,62.1219,63.3004,6475900.0
2008-04-04,63.3168,63.6059,62.5256,63.1585,4965800.0
2008-04-07,63.4913,64.0369,63.1913,63.4586,5097300.0
2008-04-08,62.9676,63.7696,62.8966,63.4368,6545600.0
2008-04-09,63.5623,64.2279,63.1367,63.7096,6516900.0
2008-04-10,63.7969,65.0463,63.7696,64.8062,8803700.0
2008-04-11,64.0042,64.2716,63.0221,63.2895,8886500.0
2008-04-14,63.3986,64.3479,63.2622,63.9878,7379600.0
2008-04-15,63.8896,64.2006,63.0385,63.9278,8287600.0
2008-04-16,64.4625,65.7283,63.9278,65.7283,14638500.0
2008-04-17,66.7813,67.5015,65.8538,67.1523,17535500.0
2008-04-18,67.567,68.1999,67.1905,67.8725,11878600.0
2008-04-21,67.4469,67.9325,66.5903,67.8452,6564600.0
2008-04-22,67.5833,67.8452,67.1141,67.4742,5155500.0
2008-04-23,67.4851,68.0798,66.9123,67.436,7149500.0
2008-04-24,67.316,68.1453,66.9614,67.7579,5527700.0
2008-04-25,67.9271,67.9271,66.5958,67.1523,6025000.0
2008-04-28,66.8959,67.1359,66.3667,66.3939,5192900.0
2008-04-29,66.5849,67.2178,66.5849,67.0268,4841400.0
2008-04-30,67.2942,67.3815,65.7447,65.8538,7223000.0
2008-05-01,66.0502,67.8889,66.0502,67.4415,7825200.0
2008-05-02,67.2723,67.6543,66.4321,67.2069,6401900.0
2008-05-05,66.7213,67.2451,66.4212,66.5794,5007900.0
2008-05-06,66.2873,67.2953,65.8929,67.0105,5315100.0
2008-05-07,67.2625,68.4677,67.0598,68.0075,10387400.0
2008-05-08,68.0404,68.5718,67.7665,68.4348,9550500.0
2008-05-09,68.1335,68.2869,67.7281,67.9637,5261700.0
2008-05-12,67.8267,69.021,67.6898,68.6101,8280700.0
2008-05-13,68.5444,69.41,68.4951,69.3442,8790300.0
2008-05-14,69.3113,70.5768,69.136,69.8592,8469700.0
2008-05-15,69.7551,70.4947,69.5195,70.3741,6482200.0
2008-05-16,70.3741,70.3851,69.4647,70.0235,6057600.0
2008-05-19,69.9468,70.2372,69.0539,69.2949,6006300.0
2008-05-20,69.0539,69.0539,68.1773,68.5773,6307900.0
2008-05-21,68.506,69.2456,67.3939,67.7226,7210000.0
2008-05-22,67.6843,68.6704,67.6843,68.3143,4759400.0
2008-05-23,68.1226,68.4293,67.8048,68.0404,4366100.0
2008-05-27,67.9363,69.7825,67.9308,69.7496,6270200.0
2008-05-28,69.8482,70.9658,69.5688,70.9658,8977600.0
2008-05-29,70.7083,71.2123,70.4837,71.0589,7243900.0
2008-05-30,70.7905,71.2123,70.5604,70.9055,7823600.0
2008-06-02,70.3906,70.8727,69.41,69.7715,7133800.0
2008-06-03,69.8318,70.67,69.8263,70.0345,6766300.0
2008-06-04,70.0509,70.396,69.273,69.8756,6063100.0
2008-06-05,69.7989,70.6919,69.6839,70.3796,5657000.0
2008-06-06,69.9961,70.1988,68.3362,68.4458,7225600.0
2008-06-09,68.6868,69.1251,67.9637,68.9498,5182800.0
2008-06-10,68.4129,69.4209,68.2759,68.9936,5047700.0
2008-06-11,68.9717,68.9717,67.3063,67.5199,6761300.0
2008-06-12,67.8486,68.5279,67.4542,67.8486,6405700.0
2008-06-13,68.1609,69.3387,68.013,69.1086,6088500.0
2008-06-16,68.643,69.651,68.2869,69.4154,5859800.0
2008-06-17,69.6291,69.6291,68.2705,68.5334,4933600.0
2008-06-18,68.2321,68.7142,67.7665,68.0185,5952700.0
2008-06-19,67.75,68.8183,67.0324,68.4896,6956100.0
2008-06-20,68.3746,68.4896,67.1091,67.2405,8325400.0
2008-06-23,67.383,68.2047,67.0543,67.635,5500500.0
2008-06-24,67.4268,68.0678,66.7804,67.635,6753900.0
2008-06-25,67.75,68.9333,67.4925,68.2486,6346100.0
2008-06-26,67.6186,67.8322,66.1558,66.3585,8820800.0
2008-06-27,66.2983,66.8625,64.7863,65.7669,9281300.0
2008-06-30,65.7559,65.86,64.726,64.9342,7041400.0
2008-07-01,64.3699,65.3889,63.8769,65.3396,9509500.0
2008-07-02,64.8684,66.0408,64.7096,65.2464,7532600.0
2008-07-03,65.0273,66.1668,64.5836,65.4875,5406300.0
2008-07-07,65.5313,67.1858,65.5258,66.5612,8643500.0
2008-07-08,66.0408,67.9253,66.0408,67.8651,9313500.0
2008-07-09,68.0459,68.2047,65.9586,65.9586,8854100.0
2008-07-10,66.1011,67.6788,66.1011,67.4816,9556800.0
2008-07-11,66.7256,67.7884,66.0518,66.9009,8278500.0
2008-07-14,67.6624,68.0678,66.4188,66.5832,8034900.0
2008-07-15,66.2599,68.2047,65.6847,67.4925,10213300.0
2008-07-16,67.2789,69.514,66.9721,68.9936,9163700.0
2008-07-17,69.2401,69.5524,67.9308,69.3113,10822700.0
2008-07-18,68.9553,71.2178,68.7087,71.1575,17338700.0
2008-07-21,71.1247,71.163,69.9249,70.4837,7192200.0
2008-07-22,69.8482,71.2178,69.7167,71.2178,10351000.0
2008-07-23,71.0973,71.3986,70.281,70.9548,9852900.0
2008-07-24,70.9439,71.7273,70.5604,71.2178,8245000.0
2008-07-25,70.67,71.163,70.1221,70.4125,6898100.0
2008-07-28,69.9523,70.3632,69.0977,69.1634,5542000.0
2008-07-29,69.3223,70.2153,69.1634,69.9359,5383400.0
2008-07-30,70.1879,70.67,69.6236,70.5933,5466200.0
2008-07-31,70.1769,70.9439,69.9797,70.1112,5202400.0
2008-08-01,70.407,70.8343,69.1799,69.3771,4651200.0
2008-08-04,69.4483,70.1769,69.1634,69.8811,5361600.0
2008-08-05,70.2303,70.6152,69.6143,70.5987,6502200.0
2008-08-06,70.6427,71.2202,70.2578,71.0332,5833500.0
2008-08-07,70.5437,71.4787,70.3403,70.9727,6120700.0
2008-08-08,70.6702,71.4292,70.1918,70.8407,7493600.0
2008-08-11,70.6317,70.6317,69.1578,69.6253,7021000.0
2008-08-12,69.3008,69.5703,68.4154,68.8664,6522100.0
2008-08-13,68.7399,69.8398,68.6079,69.1853,5392200.0
2008-08-14,68.7509,70.5327,68.6354,69.8123,6387900.0
2008-08-15,69.8838,69.9498,68.9379,69.4933,5219100.0
2008-08-18,69.5648,69.8453,68.0194,68.5199,5452200.0
2008-08-19,67.9919,68.6299,67.101,67.4035,8779700.0
2008-08-20,67.9204,68.1789,67.101,67.376,6546800.0
2008-08-21,66.87,67.8819,66.848,67.6399,5938000.0
2008-08-22,67.8104,68.9379,67.5354,68.7069,5480000.0
2008-08-25,68.4594,68.7069,67.4805,67.5684,5097800.0
2008-08-26,67.4145,67.5629,66.8205,67.3705,5382900.0
2008-08-27,67.3265,68.6629,67.1945,67.8544,4824200.0
2008-08-28,68.2284,68.9928,67.9644,68.5144,4947900.0
2008-08-29,68.0359,68.1899,66.892,66.947,5637900.0
2008-09-02,67.5739,68.1954,64.8406,65.1211,11152400.0
2008-09-03,65.0826,65.2256,63.3282,65.0826,10316500.0
2008-09-04,64.8901,65.3906,63.1907,63.2457,9412800.0
2008-09-05,62.7783,63.2952,62.2393,62.8773,8464600.0
2008-09-08,64.8956,65.0496,63.3227,64.5052,9716400.0
2008-09-09,64.7746,64.9506,63.2512,63.2677,7431100.0
2008-09-10,64.0157,65.9681,63.8507,64.9176,10743700.0
2008-09-11,64.1257,65.6491,63.8562,65.5556,8567400.0
2008-09-12,65.2586,65.5996,64.2467,65.4291,6194800.0
2008-09-15,63.4437,65.1211,63.3502,63.3502,8859100.0
2008-09-16,62.5473,64.6976,62.3218,63.9332,12316200.0
2008-09-17,63.1302,63.5207,60.8314,61.3044,10978900.0
2008-09-18,61.8983,65.2201,61.0679,63.3117,14658200.0
2008-09-19,65.7701,68.1954,64.6206,65.3631,12149800.0
2008-09-22,65.1431,66.0725,63.8067,63.9112,8308200.0
2008-09-23,63.9112,64.9891,62.7728,63.4437,7780600.0
2008-09-24,64.3072,64.9891,62.8388,64.0487,5935700.0
2008-09-25,64.4557,67.09,63.8617,66.056,5913400.0
2008-09-26,64.4612,66.551,64.3512,65.6766,4090200.0
2008-09-29,64.5876,65.1321,60.4684,62.9488,8127800.0
2008-09-30,62.1513,64.3237,61.4914,64.3237,6505300.0
2008-10-01,63.5262,64.2357,59.2585,60.5674,12165900.0
2008-10-02,59.66,60.4794,56.6682,57.6031,10255400.0
2008-10-03,57.8341,61.0184,56.6627,56.8882,8730800.0
2008-10-06,55.6617,56.6462,53.1264,55.3373,10312100.0
2008-10-07,55.8982,56.4372,51.8285,52.604,9811600.0
2008-10-08,50.3271,53.6104,49.4857,49.7991,16612400.0
2008-10-09,52.406,52.4445,48.5232,48.9467,18829200.0
2008-10-10,48.0723,50.4096,45.9274,48.2592,21967700.0
2008-10-13,49.7386,51.482,47.8193,50.7121,14800300.0
2008-10-14,53.0274,54.4463,50.5966,51.4765,13630700.0
2008-10-15,51.0201,52.406,48.2372,48.5562,9626300.0
2008-10-16,49.1557,50.5966,46.3894,50.3326,14995600.0
2008-10-17,50.4591,52.7469,49.2272,49.9256,13437800.0
2008-10-20,50.7121,51.317,49.1282,50.8771,8747400.0
2008-10-21,50.7176,50.8496,48.7102,48.8697,8911900.0
2008-10-22,47.8468,48.1713,44.437,45.9769,12007800.0
2008-10-23,46.3509,47.2363,44.547,46.3894,11508100.0
2008-10-24,43.4471,46.3674,43.3481,45.1355,11334700.0
2008-10-27,44.1455,46.4719,43.4526,43.81,10234000.0
2008-10-28,44.789,48.1823,43.7331,48.0008,11274900.0
2008-10-29,48.2537,50.0466,47.4343,48.5067,11604000.0
2008-10-30,50.0521,50.8166,48.8917,49.8761,11285600.0
2008-10-31,49.9916,51.801,48.9632,51.1301,8935000.0
2008-11-03,50.9486,52.065,50.6901,50.9706,6939900.0
2008-11-04,52.1145,52.1145,50.6351,51.3665,8990300.0
2008-11-05,51.1062,51.3772,49.3309,49.4637,7749400.0
2008-11-06,48.4903,49.1263,46.61,47.0911,11041800.0
2008-11-07,47.4395,47.9539,46.5934,47.7105,7058000.0
2008-11-10,48.4848,48.7226,45.7583,46.3832,8238800.0
2008-11-11,46.0404,46.6155,44.3813,45.7583,8564800.0
2008-11-12,44.6467,45.5703,44.0052,44.0992,8035000.0
2008-11-13,44.0328,46.6708,41.699,46.5713,13584000.0
2008-11-14,45.6975,47.2294,43.9665,44.4255,9893000.0
2008-11-17,43.9112,44.0992,42.6724,42.8493,9345600.0
2008-11-18,43.7618,44.7573,42.5839,44.2872,11440800.0
2008-11-19,44.16,44.796,41.8815,42.0143,11285100.0
2008-11-20,41.4778,43.3526,38.9947,39.6749,16453900.0
2008-11-21,40.2058,42.5728,38.4361,41.4114,18057000.0
2008-11-24,41.9977,45.3988,41.4778,44.1822,12584100.0
2008-11-25,45.1279,45.5703,43.2586,44.6025,10810700.0
2008-11-26,43.8835,45.2329,43.4743,45.1666,7309700.0
2008-11-28,44.796,45.2938,44.2983,45.1279,3726500.0
2008-12-01,44.7684,44.9951,42.4677,42.5286,8011400.0
2008-12-02,43.0263,44.243,42.1083,44.1545,8168200.0
2008-12-03,43.4798,44.796,42.5783,44.6135,9008600.0
2008-12-04,44.2596,44.702,42.1304,42.8272,9393300.0
2008-12-05,42.4843,45.0725,41.6492,44.5693,9270400.0
2008-12-08,45.6643,47.4949,45.1997,46.9308,9490000.0
2008-12-09,46.3556,47.246,45.4597,45.7307,7427600.0
2008-12-10,46.4551,47.0026,45.2551,45.8247,7445900.0
2008-12-11,45.0725,45.8247,44.1158,44.5638,9124900.0
2008-12-12,43.5738,45.8689,43.1701,45.4597,9360400.0
2008-12-15,45.6311,46.2007,44.7684,45.7749,7430900.0
2008-12-16,45.9629,48.0258,45.8302,47.7824,8943300.0
2008-12-17,47.2515,48.2636,46.8201,47.4727,7194600.0
2008-12-18,47.434,47.9152,45.88,46.4551,6749000.0
2008-12-19,47.1298,47.1298,45.8855,46.1897,10919000.0
2008-12-22,46.0514,46.151,44.42,45.3435,5910800.0
2008-12-23,45.6532,45.797,44.3149,44.5748,5829500.0
2008-12-24,44.4642,44.9177,44.1987,44.5306,2118700.0
2008-12-26,44.7573,45.2385,44.5472,44.9785,2585000.0
2008-12-29,45.1942,45.1997,44.066,44.9343,5110600.0
2008-12-30,45.2551,46.256,45.0836,46.2063,5182700.0
2008-12-31,46.1786,47.0082,46.1786,46.5436,5433800.0
2009-01-02,46.3943,48.4405,46.3943,48.3189,6605900.0
2009-01-05,47.7935,48.4848,47.6608,48.0147,7424600.0
2009-01-06,48.1751,50.0001,47.7658,49.3475,9010000.0
2009-01-07,48.5733,49.1097,48.1806,48.5512,7049700.0
2009-01-08,48.5622,48.7447,47.5502,48.2138,6779700.0
2009-01-09,48.1419,48.3908,46.5934,46.8423,6730000.0
2009-01-12,46.7704,47.893,46.6874,47.4008,7119900.0
2009-01-13,47.3732,47.8875,46.892,47.1962,6875800.0
2009-01-14,46.5657,46.9086,45.4099,46.0072,8216800.0
2009-01-15,46.2395,46.9142,45.4929,46.5215,9599100.0
2009-01-16,46.7925,47.4174,45.9463,46.9639,9915200.0
2009-01-20,46.5657,46.9639,45.2163,45.338,10794200.0
2009-01-21,47.8599,50.6582,47.5612,50.5587,23166900.0
2009-01-22,49.6683,50.1826,48.7281,49.8121,11503300.0
2009-01-23,48.8885,50.1605,48.5622,49.4913,9525800.0
2009-01-26,49.6462,51.25,49.5079,50.6582,8909600.0
2009-01-27,50.7522,50.8629,50.0499,50.6914,8025100.0
2009-01-28,51.2666,52.5054,50.8297,52.439,11541000.0
2009-01-29,51.7532,52.3063,50.8905,51.1615,8174400.0
2009-01-30,51.0066,51.6979,50.4647,50.6859,7968500.0
2009-02-02,50.1052,50.802,49.6019,50.2877,9279200.0
2009-02-03,50.3651,51.8362,49.8619,51.6979,7940400.0
2009-02-04,51.8417,52.4888,50.7799,51.3385,9660100.0
2009-02-05,50.9505,51.5455,50.4445,51.1062,10644900.0
2009-02-06,51.4343,53.9921,50.9616,53.4583,12167200.0
2009-02-09,53.2748,53.9253,52.6687,53.8364,7572300.0
2009-02-10,53.1469,53.7974,51.69,51.8624,11853600.0
2009-02-11,51.9792,53.2525,51.7123,52.9133,9926000.0
2009-02-12,52.4963,52.9356,51.2674,52.8633,9341700.0
2009-02-13,52.7076,52.9245,52.0292,52.1794,5872900.0
2009-02-17,51.0061,51.4287,50.35,50.4167,8218000.0
2009-02-18,50.6947,51.2952,50.2888,50.8838,7365900.0
2009-02-19,50.6892,51.2452,49.1823,49.4492,11680700.0
2009-02-20,48.9598,49.9885,48.5651,49.3713,11669100.0
2009-02-23,49.6549,49.6716,46.8135,46.9136,12262800.0
2009-02-24,47.0471,48.4205,46.7635,48.0424,12358000.0
2009-02-25,47.82,48.4427,46.0684,47.7644,11837800.0
2009-02-26,48.2926,50.1553,48.0034,49.4714,16628900.0
2009-02-27,48.9988,51.868,48.9376,51.1729,19281900.0
2009-03-02,50.6947,51.1006,49.3491,49.5159,14310400.0
2009-03-03,50.0608,50.1442,48.4816,48.8042,12978100.0
2009-03-04,49.4714,50.7336,48.7096,49.7606,14217600.0
2009-03-05,48.8876,50.1331,48.3871,48.6429,13239500.0
2009-03-06,48.6429,49.0711,46.6022,47.7143,14144800.0
2009-03-09,47.0971,48.2648,46.1629,46.4187,12506300.0
2009-03-10,47.3251,48.515,46.5077,48.515,14102700.0
2009-03-11,48.6596,49.7884,48.2203,49.2768,11221400.0
2009-03-12,49.1044,50.3778,48.6485,50.2666,11009200.0
2009-03-13,50.311,50.4056,49.6493,50.2443,8455000.0
2009-03-16,50.9672,51.7123,50.3444,50.7225,11072600.0
2009-03-17,50.6613,51.6622,50.2944,51.6622,9847000.0
2009-03-18,49.7439,51.6567,49.7161,51.1284,16420800.0
2009-03-19,51.6233,51.9069,50.8838,51.5232,8867400.0
2009-03-20,51.8958,52.8244,51.2563,51.4398,11206800.0
2009-03-23,52.0848,54.8873,52.0848,54.8873,11241100.0
2009-03-24,54.3201,55.3544,54.2256,54.6927,8733900.0
2009-03-25,54.7538,55.5268,53.4305,54.4647,11000400.0
2009-03-26,54.7538,55.1598,54.3535,54.9262,10171800.0
2009-03-27,53.3749,53.3804,51.5733,52.3517,14790300.0
2009-03-30,51.1562,52.6798,51.045,52.5575,10038500.0
2009-03-31,52.791,54.8595,52.741,53.8753,12998200.0
2009-04-01,53.4527,54.4925,53.2136,54.2756,11322700.0
2009-04-02,55.0319,56.7111,54.7038,56.0606,14748300.0
2009-04-03,55.3655,57.0837,55.3655,56.839,10008700.0
2009-04-06,56.105,56.6333,55.6046,56.472,8254000.0
2009-04-07,55.6991,55.8826,54.7817,54.9095,8085100.0
2009-04-08,55.2988,56.4665,55.0486,56.2663,6927400.0
2009-04-09,56.7223,56.9669,55.7436,56.5499,7224400.0
2009-04-13,56.1384,56.5221,55.0708,55.5768,7408500.0
2009-04-14,55.093,55.5768,54.6426,55.1987,5938300.0
2009-04-15,54.6204,55.0819,53.6251,54.9651,7789100.0
2009-04-16,55.46,56.6722,55.1486,56.3997,8223600.0
2009-04-17,56.3553,56.7389,55.4322,56.3108,9329500.0
2009-04-20,55.7659,56.2663,55.1653,55.8437,9479400.0
2009-04-21,54.6927,56.9836,54.6037,56.8891,14469300.0
2009-04-22,56.194,57.7509,56.194,57.0225,11328100.0
2009-04-23,57.0781,57.1504,55.4934,56.3942,8817500.0
2009-04-24,56.2552,56.4832,55.3266,55.6491,9358000.0
2009-04-27,55.3877,56.5443,55.2098,55.5768,7724800.0
2009-04-28,55.2487,57.1226,55.1876,56.6833,10657300.0
2009-04-29,56.7056,58.3848,56.5332,57.851,9249200.0
2009-04-30,58.1346,58.9687,57.1893,57.3895,9576500.0
2009-05-01,57.7065,58.307,57.2394,58.168,5805200.0
2009-05-04,58.5294,59.3579,58.168,59.0465,7591400.0
2009-05-05,58.9413,59.3996,58.6674,58.8575,5943900.0
2009-05-06,58.8183,58.9693,57.9687,58.4774,7063500.0
2009-05-07,58.4941,58.578,56.9179,57.3427,7686700.0
2009-05-08,57.8961,57.9911,55.8,56.7279,10992600.0
2009-05-11,56.5043,58.0638,56.426,57.516,7132100.0
2009-05-12,57.6334,58.3432,57.2197,58.0973,6767000.0
2009-05-13,57.5048,57.6278,56.6496,57.1583,7710500.0
2009-05-14,57.0129,57.4098,56.3254,56.4819,8296700.0
2009-05-15,56.3981,57.611,56.2136,56.6608,7469000.0
2009-05-18,57.0129,58.5277,56.9794,58.455,6665300.0
2009-05-19,58.3153,59.3158,58.1308,58.9748,6426200.0
2009-05-20,59.0363,59.2376,58.0246,58.1588,6519800.0
2009-05-21,57.611,57.7116,56.8676,57.4713,6900500.0
2009-05-22,57.3874,57.7452,56.8732,56.9514,5320100.0
2009-05-26,56.6328,59.0419,56.4652,58.701,6695500.0
2009-05-27,58.3824,58.7848,57.5216,57.5328,6387100.0
2009-05-28,57.7619,58.768,57.393,58.5165,5600200.0
2009-05-29,58.3991,59.5226,58.1029,59.4052,5184000.0
2009-06-01,59.7574,60.7411,59.6232,60.5734,7241500.0
2009-06-02,60.0927,60.8138,59.6176,59.7127,6472300.0
2009-06-03,59.545,59.5841,58.7513,59.5226,6715600.0
2009-06-04,59.3438,59.735,59.0252,59.4332,4851400.0
2009-06-05,59.9921,60.5902,59.6679,59.9418,6947800.0
2009-06-08,59.6065,60.3555,58.9693,60.0816,5879200.0
2009-06-09,60.4505,61.0038,60.361,60.4449,8080500.0
2009-06-10,61.015,61.0821,59.8356,60.5623,6897400.0
2009-06-11,60.6796,61.8423,60.6796,61.1492,8583200.0
2009-06-12,60.6014,61.0821,60.2269,60.484,6833100.0
2009-06-15,60.1598,60.8306,59.9418,60.1542,6964600.0
2009-06-16,60.6293,61.0038,59.9586,59.9865,6639400.0
2009-06-17,60.0648,60.2996,59.7406,59.8077,6831400.0
2009-06-18,59.7686,60.1039,59.3158,59.4332,5480600.0
2009-06-19,59.422,59.6121,58.9693,59.1872,10871700.0
2009-06-22,58.7401,59.1817,58.2594,58.4215,6279400.0
2009-06-23,58.55,58.6171,58.0135,58.3768,4750100.0
2009-06-24,58.9078,59.517,57.9743,58.2147,5972700.0
2009-06-25,57.9631,59.6903,57.8569,59.2823,6186900.0
2009-06-26,59.5282,59.5282,58.7177,59.0699,3366200.0
2009-06-29,59.2431,59.3493,58.7792,59.1537,4145400.0
2009-06-30,59.0755,59.2655,58.0246,58.3656,5897800.0
2009-07-01,58.6898,59.3996,58.5389,58.6004,4813200.0
2009-07-02,58.019,58.0805,56.862,56.862,6326200.0
2009-07-06,56.7726,57.1415,56.1577,56.8173,5588800.0
2009-07-07,56.644,56.9906,55.9118,56.0012,5769300.0
2009-07-08,56.018,56.549,55.6156,56.2751,6505100.0
2009-07-09,56.5211,57.4489,56.3701,57.0576,5888600.0
2009-07-10,56.4372,56.8564,55.7832,56.359,6823400.0
2009-07-13,56.4316,57.9352,56.0012,57.9184,8652100.0
2009-07-14,57.8066,57.9184,57.3036,57.7116,4934000.0
2009-07-15,58.55,59.9307,58.4662,59.9307,7562600.0
2009-07-16,59.7183,62.0267,59.6903,61.8423,12278800.0
2009-07-17,63.4017,64.5755,63.2508,64.514,19205600.0
2009-07-20,64.0501,65.3301,63.9383,65.0842,9783400.0
2009-07-21,64.7656,65.4195,64.4917,65.4195,7466200.0
2009-07-22,64.9612,65.509,64.3296,64.5979,7809700.0
2009-07-23,64.3128,65.9561,64.3072,65.4698,7434400.0
2009-07-24,65.2183,66.04,65.1904,65.7549,5808900.0
2009-07-27,65.3692,65.9114,65.1568,65.7493,4408300.0
2009-07-28,65.1904,65.6878,65.0283,65.5537,5237600.0
2009-07-29,65.0618,65.5537,64.8662,65.5425,4678200.0
2009-07-30,65.9561,66.7219,65.7717,65.8779,5959000.0
2009-07-31,65.7102,66.5095,65.7102,65.917,4417100.0
2009-08-03,66.448,67.0517,66.3418,67.0293,5648600.0
2009-08-04,66.6101,66.9622,66.2859,66.8505,4566100.0
2009-08-05,66.2413,66.5165,65.8763,66.2188,4486900.0
2009-08-06,66.4379,66.4884,65.5337,65.9156,5186200.0
2009-08-07,66.2975,67.3363,66.2975,67.0106,5092300.0
2009-08-10,66.3592,66.932,66.2469,66.6569,3652900.0
2009-08-11,66.2806,66.5445,65.8819,66.1458,3860700.0
2009-08-12,66.0391,67.3644,65.9381,66.9882,5770200.0
2009-08-13,66.9826,67.2633,66.6175,67.151,5051800.0
2009-08-14,66.9882,67.2409,66.0504,66.5839,4154100.0
2009-08-17,65.5281,65.9493,65.2586,65.6236,4497300.0
2009-08-18,65.5955,66.2638,65.5506,66.056,3937200.0
2009-08-19,65.3428,66.6962,65.208,66.5839,4408300.0
2009-08-20,66.5165,67.0556,66.3199,66.7972,4386100.0
2009-08-21,67.2184,67.3925,66.5726,67.3307,7518900.0
2009-08-24,67.342,67.8811,66.8815,67.005,5701900.0
2009-08-25,66.9657,67.4711,66.6625,66.7299,4089000.0
2009-08-26,66.6232,67.3026,65.9886,67.0893,4042500.0
2009-08-27,66.6737,67.1566,66.1795,67.0668,3994000.0
2009-08-28,67.443,67.516,66.1346,66.3873,5614900.0
2009-08-31,65.7584,66.2975,65.6573,66.2918,3959900.0
2009-09-01,66.0335,66.786,65.4214,65.5281,5492500.0
2009-09-02,65.3316,65.837,65.1407,65.1912,4591600.0
2009-09-03,65.3709,65.5506,64.6633,65.326,4458500.0
2009-09-04,65.4664,65.983,65.2586,65.9605,3056500.0
2009-09-08,66.2132,66.3592,65.4944,65.7921,4672500.0
2009-09-09,65.7191,66.0785,65.2305,65.5674,4602600.0
2009-09-10,65.7134,66.1683,65.5618,66.0785,4050100.0
2009-09-11,66.2132,66.9657,65.9661,66.2918,5471000.0
2009-09-14,65.7471,66.8197,65.6685,66.7579,4225800.0
2009-09-15,66.5895,67.078,66.3536,67.0219,5515000.0
2009-09-16,67.1061,68.51,66.9938,68.4089,9907300.0
2009-09-17,68.0439,68.948,67.9765,68.4426,7381700.0
2009-09-18,68.7627,69.0042,68.2966,68.5718,7247100.0
2009-09-21,67.999,68.5549,67.8811,68.2685,4021500.0
2009-09-22,68.5605,68.5774,67.9372,68.291,3527800.0
2009-09-23,68.1338,68.9255,67.7856,67.8474,5089700.0
2009-09-24,67.78,68.3135,67.6115,67.9147,4617100.0
2009-09-25,67.5385,68.3135,67.443,67.9934,4423700.0
2009-09-28,67.6789,68.51,66.7916,67.0106,7672100.0
2009-09-29,67.0275,67.3532,66.6007,66.7186,6099200.0
2009-09-30,66.932,67.3869,66.0111,67.1679,6381200.0
2009-10-01,67.0443,67.1679,66.0167,66.2076,6277900.0
2009-10-02,65.9268,67.196,65.8482,66.8366,6868700.0
2009-10-05,66.8141,67.488,66.3368,67.2465,5254000.0
2009-10-06,67.6059,68.2798,67.5104,68.145,5465000.0
2009-10-07,68.0158,68.9873,67.9147,68.948,5204800.0
2009-10-08,68.802,69.0603,68.4258,68.6728,5723300.0
2009-10-09,68.7515,70.7562,68.6785,70.7169,12253700.0
2009-10-12,70.4418,71.3739,70.307,71.3402,7150700.0
2009-10-13,70.8798,71.5368,70.8685,71.329,5910800.0
2009-10-14,71.7333,72.2219,71.0932,72.0759,8575800.0
2009-10-15,71.694,71.8793,70.9359,71.8681,8457200.0
2009-10-16,69.1389,69.4646,68.0888,68.3078,16810400.0
2009-10-19,68.3752,69.2737,68.291,69.1052,6838400.0
2009-10-20,69.2737,69.3523,68.2292,68.9705,7505100.0
2009-10-21,68.656,69.6949,67.8698,67.8754,6585200.0
2009-10-22,67.8081,69.0716,67.5778,68.8975,5420600.0
2009-10-23,69.0435,69.1052,67.3869,67.589,6356700.0
2009-10-26,67.735,68.7571,67.1342,67.4487,6145600.0
2009-10-27,67.488,68.5886,66.9096,67.7519,8133900.0
2009-10-28,67.6452,68.3303,67.3139,68.2292,8178300.0
2009-10-29,68.5942,69.0884,68.2854,68.9986,5573600.0
2009-10-30,68.8694,69.8016,67.6564,67.7294,6296000.0
2009-11-02,67.8193,68.4707,67.1061,67.7014,6578900.0
2009-11-03,67.123,68.0551,67.123,68.0383,4523900.0
2009-11-04,68.2068,68.7908,68.0383,68.1113,5886100.0
2009-11-05,68.5749,69.3533,68.5072,69.1277,6112400.0
2009-11-06,69.1051,69.6579,68.9472,69.6579,4194100.0
2009-11-09,69.9005,71.0738,69.6579,71.0738,6151800.0
2009-11-10,70.6789,71.6661,70.6056,71.5871,6043600.0
2009-11-11,71.384,71.8071,71.0399,71.745,6146200.0
2009-11-12,71.4179,72.0045,71.1358,71.2204,4718400.0
2009-11-13,71.305,72.0891,71.2261,71.6548,4434000.0
2009-11-16,71.7337,72.3373,71.6548,72.3204,6124700.0
2009-11-17,71.8804,72.5686,71.8635,72.5573,4935600.0
2009-11-18,72.2978,72.3994,71.9481,72.2865,3714800.0
2009-11-19,71.7845,72.1117,71.3615,71.9425,4833100.0
2009-11-20,71.762,72.0271,71.3333,71.6153,4951700.0
2009-11-23,72.0327,72.7322,72.0045,72.3147,5417900.0
2009-11-24,72.1455,72.3824,71.7168,72.1624,4382500.0
2009-11-25,72.1963,72.326,71.683,71.7958,3678500.0
2009-11-27,70.2784,71.4235,70.0923,70.9046,2917000.0
2009-11-30,70.521,71.4122,70.4646,71.2712,5149000.0
2009-12-01,71.7676,72.4219,71.5532,72.1681,5740700.0
2009-12-02,71.8184,72.4219,71.7281,71.7563,4133200.0
2009-12-03,71.9763,72.467,71.7789,71.9481,5253600.0
2009-12-04,72.4276,72.7096,71.0738,71.7789,6646400.0
2009-12-07,71.5702,71.9368,71.4066,71.6604,3830700.0
2009-12-08,71.6209,71.8353,71.164,71.525,4711000.0
2009-12-09,71.4686,72.4219,71.1358,72.4219,5374300.0
2009-12-10,72.405,73.0311,72.2527,72.9578,6328700.0
2009-12-11,72.7717,73.2004,72.6024,73.1496,5908800.0
2009-12-14,73.1327,73.3188,73.1045,73.2906,4689900.0
2009-12-15,73.0255,73.2511,72.1681,72.4783,7308300.0
2009-12-16,72.6194,73.1045,72.3994,72.6024,4628000.0
2009-12-17,72.1963,72.5178,71.7055,71.8635,5211000.0
2009-12-18,72.185,72.4219,71.6379,72.1512,6267700.0
2009-12-21,72.0891,72.7322,72.0214,72.5686,4140900.0
2009-12-22,72.9352,73.3188,72.8732,73.2906,5122800.0
2009-12-23,73.1609,73.3301,72.9352,73.3301,3790400.0
2009-12-24,73.268,73.6516,73.0368,73.6516,4080700.0
2009-12-28,73.8885,74.6331,73.7362,74.6331,4956800.0
2009-12-29,74.6162,74.667,74.3511,74.3736,3721100.0
2009-12-30,74.0239,74.8418,73.7137,74.7798,3534100.0
2009-12-31,74.6895,74.9377,73.7814,73.8378,3575300.0
2010-01-04,73.9957,75.0054,73.8096,74.7121,5401200.0
2010-01-05,74.2777,74.3736,73.3865,73.8096,6426000.0
2010-01-06,73.7137,74.1706,73.2229,73.3301,5280100.0
2010-01-07,73.2568,73.4711,72.7152,73.0763,5519200.0
2010-01-08,72.8055,73.849,72.7942,73.8096,3824800.0
2010-01-11,73.928,73.928,72.5799,73.0368,5200900.0
2010-01-12,72.7829,74.0803,72.766,73.6178,7287900.0
2010-01-13,73.5501,73.9619,72.8563,73.4598,5805600.0
2010-01-14,73.6967,74.8587,73.2793,74.6331,6617800.0
2010-01-15,74.4752,74.9603,73.9449,74.3341,7949200.0
2010-01-19,74.2495,75.7274,74.21,75.6654,11087600.0
2010-01-20,73.5896,73.9788,72.7378,73.4711,14195500.0
2010-01-21,73.5952,73.7193,72.2358,72.766,9131000.0
2010-01-22,72.5799,72.704,70.7184,70.7917,9419200.0
2010-01-25,71.3558,71.5758,70.9102,71.1415,5410400.0
2010-01-26,71.0287,72.0609,70.741,70.9328,6779100.0
2010-01-27,70.9722,71.6153,70.5323,71.2599,8144200.0
2010-01-28,71.7168,71.7394,69.4097,69.8046,9075700.0
2010-01-29,69.9456,70.5097,68.7611,69.0375,10195800.0
2010-02-01,69.5113,70.4815,69.2574,70.3236,5658200.0
2010-02-02,70.3912,70.9666,69.9174,70.8087,5474500.0
2010-02-03,70.6,71.1133,70.5492,70.882,3963400.0
2010-02-04,70.6169,70.7579,69.3251,69.3815,7957100.0
2010-02-05,69.4029,69.7882,68.7173,69.6749,7905000.0
2010-02-08,69.7769,69.8165,68.9779,69.0573,5077600.0
2010-02-09,69.4936,70.3718,69.3859,69.8108,5350900.0
2010-02-10,69.6579,70.0602,69.2442,69.5842,4849000.0
2010-02-11,69.4539,70.3718,69.1593,70.1055,4415800.0
2010-02-12,69.6975,70.2868,68.9043,70.2585,6713600.0
2010-02-16,70.7741,70.9554,70.3208,70.9554,4694800.0
2010-02-17,71.1084,71.692,70.9441,71.5786,4962000.0
2010-02-18,71.488,72.5249,71.3917,72.4172,5170400.0
2010-02-19,72.1566,72.5589,71.8846,72.0659,5747600.0
2010-02-22,72.1282,72.2019,71.5673,71.8733,3408700.0
2010-02-23,71.6636,72.3322,71.3917,71.6523,4145000.0
2010-02-24,71.9469,72.6778,71.8506,72.2926,4436700.0
2010-02-25,71.42,72.0942,71.148,71.9979,5459400.0
2010-02-26,71.9639,72.5249,71.8109,72.0489,4017600.0
2010-03-01,72.2416,72.9951,72.2246,72.8478,4144100.0
2010-03-02,72.9215,73.1425,72.0319,72.1962,5648500.0
2010-03-03,72.3719,72.5362,71.777,71.8903,5453600.0
2010-03-04,71.9979,71.9979,71.0914,71.7996,5276100.0
2010-03-05,72.0546,72.2699,71.9809,72.0999,5515000.0
2010-03-08,71.9923,72.2416,71.5956,71.624,5709700.0
2010-03-09,71.5446,71.556,70.9384,71.1367,7179100.0
2010-03-10,71.3973,71.5956,70.9441,71.1764,6365200.0
2010-03-11,71.2274,72.4172,71.2274,72.2982,7007600.0
2010-03-12,72.4682,72.7345,72.2472,72.4909,4951200.0
2010-03-15,72.1849,72.7175,72.1169,72.4285,4195200.0
2010-03-16,72.5249,73.0235,72.2132,72.9045,5715100.0
2010-03-17,73.0348,73.0518,72.1622,72.3889,5980900.0
2010-03-18,72.2189,72.9498,72.2132,72.7402,4588200.0
2010-03-19,73.0008,73.0518,71.8336,72.3606,8271900.0
2010-03-22,72.0206,72.7458,71.7146,72.5135,5030800.0
2010-03-23,72.4909,73.3351,72.3209,73.3011,5470400.0
2010-03-24,72.8818,73.6297,72.7912,72.8252,6236800.0
2010-03-25,73.2954,74.0717,73.1651,73.2275,7012500.0
2010-03-26,73.0518,73.5334,72.9328,73.2388,5084800.0
2010-03-29,73.2614,73.6297,72.6722,72.8592,4383400.0
2010-03-30,72.9611,73.1651,72.6665,72.9611,3124000.0
2010-03-31,72.6552,72.9498,72.3266,72.6665,3981800.0
2010-04-01,73.0631,73.2671,72.2699,72.6665,4581400.0
2010-04-05,72.7402,73.5447,72.6042,73.2898,3694600.0
2010-04-06,72.8592,73.2614,72.5532,73.0518,3656800.0
2010-04-07,72.8252,73.2444,72.5305,72.7968,4346500.0
2010-04-08,72.5475,72.6552,72.0716,72.3039,5307500.0
2010-04-09,72.4569,73.0178,72.0263,72.9555,4892000.0
2010-04-12,72.8478,73.0688,72.6609,72.7288,3829100.0
2010-04-13,72.6892,73.3351,72.4342,73.1085,6394500.0
2010-04-14,73.5051,74.4626,73.3521,74.3663,8068500.0
2010-04-15,73.9584,74.304,73.7657,74.1623,6042300.0
2010-04-16,74.0434,74.8876,73.7997,74.015,8851900.0
2010-04-19,73.8734,74.9499,73.8734,74.9216,8946700.0
2010-04-20,73.1708,73.845,72.6722,73.4824,14413400.0
2010-04-21,73.6014,73.811,72.8082,73.0858,7165200.0
2010-04-22,72.8875,73.2954,72.3945,73.1651,5657600.0
2010-04-23,73.1481,73.7147,72.9272,73.6524,5421000.0
2010-04-26,73.5221,74.2473,73.3974,74.0717,4895100.0
2010-04-27,73.6014,74.7913,72.9272,72.9895,10356700.0
2010-04-28,73.3181,73.9244,73.1085,73.7147,6137500.0
2010-04-29,73.9697,74.3437,73.7431,73.9187,4970300.0
2010-04-30,73.9017,74.0207,73.0008,73.0915,4839500.0
2010-05-03,73.3124,73.7374,72.9781,73.4314,4111600.0
2010-05-04,73.0291,73.0518,71.7203,72.5929,7583400.0
2010-05-05,72.0253,72.6574,71.8829,72.2189,5467900.0
2010-05-06,71.9228,72.8567,66.0626,70.573,12436200.0
2010-05-07,70.2541,70.8407,68.3406,69.5365,9901400.0
2010-05-10,71.9285,72.1392,71.2223,71.9114,7480900.0
2010-05-11,71.3077,73.1358,71.2735,72.2645,5963800.0
2010-05-12,72.4182,75.6587,72.3328,75.5619,15643000.0
2010-05-13,74.5767,75.8011,74.5197,74.8785,9877700.0
2010-05-14,74.6393,74.9867,73.6996,74.7133,8879000.0
2010-05-17,74.4229,75.038,73.2953,74.2862,8347500.0
2010-05-18,74.7703,75.1689,73.9787,74.0071,8457400.0
2010-05-19,73.8534,74.3204,72.7941,73.3864,8145700.0
2010-05-20,72.4524,72.8738,70.4364,70.5275,12176400.0
2010-05-21,69.1037,71.5355,69.098,71.4273,11953100.0
2010-05-24,71.3362,71.769,70.6414,70.8749,6487600.0
2010-05-25,69.1777,71.1596,69.1777,70.9147,8712200.0
2010-05-26,71.1255,71.7234,70.0491,70.1801,7688600.0
2010-05-27,71.2166,71.9797,71.0571,71.9797,7049700.0
2010-05-28,71.7234,71.9171,70.7837,71.3362,6243800.0
2010-06-01,71.0116,72.2588,70.7325,70.8122,6600800.0
2010-06-02,71.1027,72.6119,70.8179,72.5606,6745800.0
2010-06-03,72.7542,73.0219,72.0196,72.8738,6323600.0
2010-06-04,71.9683,72.3841,71.0002,71.3476,8371500.0
2010-06-07,71.5127,71.6779,70.6926,70.6926,5861300.0
2010-06-08,70.7154,70.8806,69.9466,70.4591,7511500.0
2010-06-09,71.0913,71.6665,70.3794,70.5616,7215300.0
2010-06-10,71.7519,73.0219,71.6437,72.7144,6589200.0
2010-06-11,72.1733,73.3522,72.0082,73.1529,5332900.0
2010-06-14,73.1814,74.0185,73.1757,73.1814,6131500.0
2010-06-15,73.4263,74.0071,73.1073,73.916,6076500.0
2010-06-16,73.0902,74.4229,73.0902,74.2349,5952100.0
2010-06-17,74.0755,74.6222,73.9559,74.5937,4993900.0
2010-06-18,74.6165,74.7475,74.1097,74.121,7295400.0
2010-06-21,74.8443,75.1405,74.1609,74.4058,6359800.0
2010-06-22,74.2463,74.8728,73.506,73.637,5492900.0
2010-06-23,73.6085,74.8728,73.5174,74.0983,6512100.0
2010-06-24,73.7907,73.8819,72.7258,73.0048,5089100.0
2010-06-25,73.0902,73.5231,72.3954,72.3954,5799500.0
2010-06-28,72.6973,73.7338,72.4524,73.4547,5789400.0
2010-06-29,72.5264,73.1244,70.6869,71.2394,8633900.0
2010-06-30,71.0913,71.3134,70.0491,70.3225,7029800.0
2010-07-01,70.3623,70.7382,69.2575,69.8042,9058600.0
2010-07-02,70.2142,70.2142,68.688,69.3999,5898700.0
2010-07-06,70.3908,70.9774,69.5764,70.3111,5634100.0
2010-07-07,70.3168,72.3954,70.3168,72.3271,6325400.0
2010-07-08,72.5378,72.982,72.179,72.8795,5031200.0
2010-07-09,72.8397,73.0105,72.4923,72.8738,3669500.0
2010-07-12,72.5378,73.3693,72.4182,73.2782,3896100.0
2010-07-13,73.449,74.5937,73.2896,74.309,6294900.0
2010-07-14,73.6085,74.9468,73.5458,74.4457,6278400.0
2010-07-15,73.9616,74.5596,73.7793,74.4457,5715400.0
2010-07-16,74.0128,74.121,72.8112,72.9137,6398800.0
2010-07-19,73.2782,74.252,73.1073,73.916,6266300.0
2010-07-20,70.032,72.0765,70.0092,72.0708,15093500.0
2010-07-21,71.9114,72.0424,70.9717,71.3419,7753000.0
2010-07-22,71.9398,72.7713,71.7861,72.5948,6181000.0
2010-07-23,72.498,73.3522,72.3271,73.113,4672900.0
2010-07-26,72.9991,73.1415,72.4068,73.1301,4464700.0
2010-07-27,73.3408,73.5629,72.834,73.2554,4217000.0
2010-07-28,73.2782,73.6654,72.8283,73.1415,3894300.0
2010-07-29,73.5003,73.7509,72.4068,72.908,5505000.0
2010-07-30,72.572,73.4547,72.3499,73.1244,4567900.0
2010-08-02,73.6939,74.719,73.6085,74.4684,5747800.0
2010-08-03,74.0527,74.6279,73.6541,74.2463,4279200.0
2010-08-04,74.2976,74.8899,73.9502,74.7589,4228800.0
2010-08-05,74.4483,75.1637,74.3338,75.0778,4198900.0
2010-08-06,74.6371,74.6772,73.6928,74.4826,5671000.0
2010-08-09,74.8031,75.7417,74.6314,75.5471,5725300.0
2010-08-10,75.1866,75.8276,74.8432,75.4556,5037000.0
2010-08-11,74.4883,74.7974,74.0934,74.3052,5605800.0
2010-08-12,73.0804,73.7042,72.9831,73.4295,4620700.0
2010-08-13,73.1262,73.5211,72.8744,73.1834,4230300.0
2010-08-16,72.9545,73.3895,72.6626,73.1262,3770100.0
2010-08-17,73.7328,74.3166,73.2006,73.5154,3770500.0
2010-08-18,73.7557,74.5169,73.1434,74.0648,4465200.0
2010-08-19,73.6413,74.1678,73.2693,73.7729,4972700.0
2010-08-20,73.6699,73.8187,72.6626,72.9717,5791800.0
2010-08-23,73.0117,73.275,72.365,72.3822,3489200.0
2010-08-24,71.661,72.1246,71.2947,71.4836,4846000.0
2010-08-25,71.2203,71.8842,70.9685,71.6954,4847800.0
2010-08-26,71.9186,71.9873,70.2703,70.2703,6866900.0
2010-08-27,70.8712,71.4264,70.0642,71.3863,5671500.0
2010-08-30,71.5752,71.6954,70.6251,70.6251,3232300.0
2010-08-31,70.5736,70.9628,69.9841,70.5278,4325800.0
2010-09-01,71.7183,72.2906,71.2661,71.9815,4977800.0
2010-09-02,71.9586,72.2448,71.3405,71.5637,4754200.0
2010-09-03,72.1246,73.0289,72.0559,73.0174,4546600.0
2010-09-07,72.6798,72.8915,72.0445,72.0845,3883100.0
2010-09-08,72.1246,72.4108,71.764,72.1589,4098000.0
2010-09-09,72.84,73.0117,72.199,72.3192,3063400.0
2010-09-10,72.6798,73.4238,72.262,73.2521,3953700.0
2010-09-13,73.6184,74.4025,73.5554,74.1793,4568500.0
2010-09-14,73.5039,74.3567,73.5039,73.7443,4485400.0
2010-09-15,73.6298,74.3796,73.5669,74.0762,3927000.0
2010-09-16,73.9446,74.3739,73.7157,74.2136,4037000.0
2010-09-17,74.3739,74.7459,74.2308,74.5112,7150600.0
2010-09-20,74.5398,75.5986,74.4654,75.4269,5778000.0
2010-09-21,75.2323,76.005,74.8489,75.5357,4847400.0
2010-09-22,75.3239,75.8791,75.2037,75.8733,4392700.0
2010-09-23,75.2152,75.9935,75.1007,75.3583,3616000.0
2010-09-24,75.7245,76.7776,75.6673,76.7776,6412400.0
2010-09-27,76.4113,77.2641,76.4113,77.0638,5659000.0
2010-09-28,77.0752,77.3442,76.5258,77.2011,7036600.0
2010-09-29,76.8692,77.722,76.8692,77.5388,4585300.0
2010-09-30,77.5503,77.8994,76.5029,76.7719,5367600.0
2010-10-01,77.4358,77.9967,77.3156,77.6304,5185700.0
2010-10-04,77.1725,77.7906,76.915,77.4072,3717900.0
2010-10-05,77.9337,78.9239,77.9051,78.7865,5235300.0
2010-10-06,78.3344,78.9582,78.3115,78.8895,4367100.0
2010-10-07,78.9353,79.4847,78.7064,79.3932,5997700.0
2010-10-08,79.2157,79.6049,79.0154,79.4676,4042500.0
2010-10-11,79.4103,80.0914,79.3474,79.9311,3843500.0
2010-10-12,79.21,80.12,79.1356,80.0399,4836900.0
2010-10-13,80.017,80.9728,79.9998,80.3375,7732400.0
2010-10-14,80.3261,80.9842,79.9483,80.9842,5254500.0
2010-10-15,81.3276,81.3276,80.4348,80.7324,6771100.0
2010-10-18,80.6408,81.8599,80.6065,81.7454,8529700.0
2010-10-19,78.5805,79.748,78.2371,78.9983,13093000.0
2010-10-20,79.1413,80.0513,79.0555,79.5935,6343500.0
2010-10-21,80.0227,80.4062,79.21,80.0284,5788400.0
2010-10-22,80.2116,80.555,79.8167,79.9827,3714700.0
2010-10-25,80.3661,80.927,80.017,80.0342,4281900.0
2010-10-26,79.7194,81.2704,79.2844,80.5092,6960100.0
2010-10-27,79.851,81.0243,79.5534,80.9442,5850100.0
2010-10-28,81.1788,81.2418,80.3661,80.6408,5155500.0
2010-10-29,80.6408,82.415,80.555,82.1861,7568900.0
2010-11-01,82.2777,82.5638,81.4535,82.0259,5253500.0
2010-11-02,82.3292,82.8214,82.2491,82.3235,4091700.0
2010-11-03,82.5524,82.6783,81.631,82.5123,4887500.0
2010-11-04,82.8844,84.0405,82.8214,84.0118,5646800.0
2010-11-05,83.4654,84.092,83.3677,84.0862,4242900.0
2010-11-08,83.5631,84.2644,83.4999,84.1955,3850700.0
2010-11-09,84.2989,84.8106,83.7183,84.0115,4932800.0
2010-11-10,83.9828,84.3852,83.7183,84.2472,4573000.0
2010-11-11,83.1837,83.6436,82.4076,83.6033,4379300.0
2010-11-12,83.1205,83.7988,82.5226,82.6318,4377800.0
2010-11-15,82.718,83.2124,82.3616,82.5743,3392300.0
2010-11-16,82.1777,82.4249,81.1601,81.7695,5239000.0
2010-11-17,81.9132,81.9132,81.2809,81.6028,4318500.0
2010-11-18,82.2294,83.3504,82.0627,82.9882,3772700.0
2010-11-19,82.9997,83.5574,82.7755,83.3849,4619100.0
2010-11-22,82.7813,83.6033,82.5283,83.5804,3387900.0
2010-11-23,82.9193,83.086,81.8213,82.3099,4081400.0
2010-11-24,82.6663,84.184,82.6663,83.8218,4174700.0
2010-11-26,82.8848,83.5286,82.5341,82.8445,1789100.0
2010-11-29,82.4536,82.5916,81.3441,82.1432,4549800.0
2010-11-30,81.9592,82.0684,81.2176,81.3211,5934300.0
2010-12-01,82.5571,83.4309,82.4996,83.017,5905300.0
2010-12-02,82.971,83.8448,82.9537,83.4596,4616200.0
2010-12-03,82.925,83.7471,82.925,83.5746,3388800.0
2010-12-06,83.0917,83.8563,83.0802,83.3562,2926200.0
2010-12-07,83.9425,84.1035,82.7123,82.7928,4390900.0
2010-12-08,82.9825,83.7298,82.6893,83.3447,4555200.0
2010-12-09,83.8965,83.8965,82.5053,82.9537,4038200.0
2010-12-10,83.2872,83.3274,82.6261,83.2527,3029600.0
2010-12-13,83.4366,83.5861,82.902,82.9422,4080600.0
2010-12-14,82.9307,83.9368,82.9307,83.8275,4325000.0
2010-12-15,83.4309,83.7701,82.9595,83.1952,3373400.0
2010-12-16,83.2584,83.5401,82.8675,83.1032,3742300.0
2010-12-17,83.1779,83.6436,83.0112,83.3562,6654200.0
2010-12-20,83.5804,83.6666,83.0055,83.0745,3568700.0
2010-12-21,83.3504,83.9253,82.971,83.7816,3414100.0
2010-12-22,83.7356,84.161,83.6896,83.9023,3142900.0
2010-12-23,83.8678,84.1207,83.5459,83.8678,2163400.0
2010-12-27,83.4251,83.7586,83.3562,83.5516,2047000.0
2010-12-28,83.5344,84.0173,83.3906,83.7643,2415100.0
2010-12-29,83.931,84.7933,83.7643,84.23,3184200.0
2010-12-30,84.138,84.5691,84.0747,84.3162,2832300.0
2010-12-31,84.3507,84.5461,83.908,84.3679,2355000.0
2011-01-03,84.5864,85.1957,84.5634,84.7818,3930100.0
2011-01-04,84.8278,85.2072,84.2989,84.8738,4241900.0
2011-01-05,84.7013,84.7818,84.3507,84.5346,4679700.0
2011-01-06,84.5806,85.5349,84.4024,85.4602,4288000.0
2011-01-07,85.4084,85.5752,84.4714,85.0405,3782500.0
2011-01-10,84.8393,85.1153,84.6381,84.8738,3087200.0
2011-01-11,85.144,85.282,84.3622,84.6669,3612800.0
2011-01-12,85.075,85.8223,84.8911,85.7131,3672000.0
2011-01-13,85.6326,85.8223,85.2245,85.5522,3090300.0
2011-01-14,85.5866,86.2305,85.351,86.2305,3965900.0
2011-01-18,86.127,87.0698,85.8741,86.6042,7137100.0
2011-01-19,88.1333,89.7545,87.8574,89.5015,11404700.0
2011-01-20,88.8347,89.6567,88.7887,89.5647,6780200.0
2011-01-21,89.9959,90.1281,89.0819,89.3923,6552300.0
2011-01-24,89.2831,91.8585,89.2831,91.7665,6632700.0
2011-01-25,91.4791,94.4799,91.4043,92.807,7500700.0
2011-01-26,92.9392,93.0715,92.2206,92.5771,4984300.0
2011-01-27,92.8013,93.2324,92.4736,92.5943,4558500.0
2011-01-28,92.7208,93.083,91.2146,91.5251,6122500.0
2011-01-31,91.5078,93.1289,91.2204,93.1289,5619700.0
2011-02-01,93.1577,94.2442,93.1289,94.0257,5335800.0
2011-02-02,93.7843,94.0487,93.4796,93.8763,3609700.0
2011-02-03,93.7958,94.3937,93.5946,94.0085,4412100.0
2011-02-04,93.9453,94.3592,93.8303,94.2787,3100300.0
2011-02-07,94.398,94.8482,94.2884,94.7501,4466900.0
2011-02-08,95.1252,95.9505,94.8366,95.8351,4769900.0
2011-02-09,95.5869,95.7889,94.7097,95.0271,4162200.0
2011-02-10,94.6289,95.2291,94.1787,94.7039,5230400.0
2011-02-11,94.6404,95.2349,94.2537,94.5654,4825000.0
2011-02-14,94.7558,94.8713,93.9882,94.2018,3845100.0
2011-02-15,94.0113,94.4038,93.7978,93.9825,3462300.0
2011-02-16,94.4269,94.4269,93.9305,94.3057,2936900.0
2011-02-17,94.2768,95.0386,93.9882,94.7905,2934700.0
2011-02-18,94.9174,95.1368,94.7097,95.1368,3575100.0
2011-02-22,94.4038,94.802,93.3707,93.4688,4659900.0
2011-02-23,93.388,93.8901,92.4242,92.4473,5199900.0
2011-02-24,92.1298,93.0764,91.7835,92.7878,5211300.0
2011-02-25,92.9667,93.6939,92.8397,93.6593,3862500.0
2011-02-28,93.7054,94.069,93.059,93.4284,3500200.0
2011-03-01,94.1614,94.1614,92.2741,92.3491,3857800.0
2011-03-02,92.0144,92.984,92.0029,92.4357,2966300.0
2011-03-03,93.1629,94.652,93.0764,94.3518,3671400.0
2011-03-04,94.3057,94.8309,92.7185,93.4342,4215300.0
2011-03-07,93.2668,94.0633,91.6797,92.303,4393000.0
2011-03-08,92.1702,94.323,91.8874,93.6593,4776100.0
2011-03-09,94.3345,96.7989,94.2364,95.7255,8618300.0
2011-03-10,95.0271,95.0386,93.1398,93.5092,6266200.0
2011-03-11,93.7285,94.2133,92.8282,93.7458,3892400.0
2011-03-14,93.0129,93.4861,92.3953,93.1456,3921900.0
2011-03-15,90.762,92.1356,90.5427,91.7778,5827000.0
2011-03-16,90.283,90.6004,87.5588,88.3034,11194600.0
2011-03-17,88.8805,89.1691,88.1302,88.9844,6678500.0
2011-03-18,90.3234,90.5831,89.0652,89.9713,9044300.0
2011-03-21,90.9813,92.1298,90.6523,91.0044,5420600.0
2011-03-22,91.5123,91.5411,90.9121,91.1891,3454200.0
2011-03-23,91.1891,92.3895,90.9178,92.0721,4297900.0
2011-03-24,92.4761,92.7532,91.6739,92.3665,4798000.0
2011-03-25,92.909,93.9248,92.782,93.6016,4852700.0
2011-03-28,93.2322,93.8324,92.9898,93.1341,3480000.0
2011-03-29,93.1168,94.1268,93.0071,94.0056,3090400.0
2011-03-30,94.3749,94.6462,94.0864,94.4211,2918900.0
2011-03-31,94.323,94.6866,94.1152,94.1152,2778500.0
2011-04-01,94.4788,94.8944,94.0979,94.8078,3940600.0
2011-04-04,94.8944,95.0733,94.4096,94.7962,2895800.0
2011-04-05,94.5423,95.056,94.4326,94.6462,3173500.0
2011-04-06,94.8482,95.0848,94.5423,94.675,3071900.0
2011-04-07,94.7097,94.9694,94.2364,94.8713,3399300.0
2011-04-08,94.854,94.8713,94.1672,94.6808,3033600.0
2011-04-11,94.271,94.652,94.1383,94.6231,3766600.0
2011-04-12,94.3576,94.5192,93.6708,94.2191,3439600.0
2011-04-13,94.6346,95.1887,94.4557,94.6231,3875300.0
2011-04-14,94.5596,95.4369,94.1672,95.2118,4376900.0
2011-04-15,95.2291,95.9967,95.1541,95.9275,4780100.0
2011-04-18,95.0213,95.8986,93.994,95.7716,5559100.0
2011-04-19,95.6389,96.0256,94.9059,95.46,4960300.0
2011-04-20,94.1037,95.7428,93.6073,95.0848,10151900.0
2011-04-21,95.5927,97.2203,95.1483,97.1221,5664900.0
2011-04-25,96.7585,97.4049,96.5161,96.7701,3216900.0
2011-04-26,96.9548,97.6531,96.6143,97.2433,6481100.0
2011-04-27,97.3126,98.4554,97.226,98.3284,4843700.0
2011-04-28,98.1091,98.9113,97.9417,98.5766,4572200.0
2011-04-29,98.7497,99.8463,98.3919,98.4496,4556200.0
2011-05-02,99.3326,100.1579,98.9748,99.3557,4958300.0
2011-05-03,99.2691,100.1233,98.8247,99.7712,4616000.0
2011-05-04,99.4769,99.627,97.8782,98.4727,6346600.0
2011-05-05,98.3913,98.6232,96.6695,97.226,6727100.0
2011-05-06,97.9913,98.6406,97.5333,97.9101,4340900.0
2011-05-09,97.6202,98.4666,97.5681,98.0319,2936200.0
2011-05-10,98.1188,99.0754,98.1014,98.7739,4078000.0
2011-05-11,98.7043,98.8551,97.2898,98.2637,4365500.0
2011-05-12,98.3507,100.1595,97.771,99.8522,4807800.0
2011-05-13,99.5391,99.8,98.229,98.5072,4672400.0
2011-05-16,98.4435,98.9246,97.5739,97.8927,3860600.0
2011-05-17,97.3072,99.371,96.542,98.8435,8363300.0
2011-05-18,98.6116,99.2435,98.2406,98.8087,3832500.0
2011-05-19,99.0522,99.3652,98.1594,98.8956,3243800.0
2011-05-20,98.7855,99.2203,98.1942,98.6464,4383400.0
2011-05-23,97.742,97.7942,96.855,97.5449,4297500.0
2011-05-24,97.684,97.7826,97.1101,97.3478,4141700.0
2011-05-25,97.1797,97.626,97.1101,97.2492,3389300.0
2011-05-26,97.0811,97.1043,96.1767,96.9188,5341900.0
2011-05-27,97.342,97.6666,96.8144,97.1043,2932200.0
2011-05-31,97.6492,98.4898,97.2898,97.9333,5250400.0
2011-06-01,97.9159,98.3101,96.5246,96.5593,4521300.0
2011-06-02,96.4898,96.8724,96.0666,96.2869,3588700.0
2011-06-03,95.2492,96.1709,95.1506,95.684,4721600.0
2011-06-06,95.5158,95.9912,95.2318,95.51,3105300.0
2011-06-07,95.7187,95.7941,94.8492,94.8955,3739100.0
2011-06-08,94.7216,95.568,94.6462,95.2724,3556700.0
2011-06-09,95.6608,96.2115,95.5158,95.5622,3783100.0
2011-06-10,95.4057,95.5622,94.4202,94.5999,3919400.0
2011-06-13,95.3303,95.3419,94.339,94.5941,4093000.0
2011-06-14,95.0173,95.4057,94.8723,95.1448,5512900.0
2011-06-15,94.3506,94.7332,93.6375,94.1071,4565900.0
2011-06-16,93.9506,94.8607,93.7883,94.3042,4332200.0
2011-06-17,95.2144,95.7129,94.8318,95.3303,6097400.0
2011-06-20,94.9013,96.0086,94.8376,95.6666,3594600.0
2011-06-21,95.7709,96.6695,95.0752,96.3622,4883300.0
2011-06-22,95.997,96.7043,95.7129,96.0492,3468700.0
2011-06-23,95.1506,96.6579,94.9593,96.3043,4280700.0
2011-06-24,96.1477,96.1999,95.4057,95.6956,3488700.0
2011-06-27,96.084,97.5333,95.7767,97.1739,3748900.0
2011-06-28,97.626,98.9594,97.4,98.5594,4261600.0
2011-06-29,98.9072,99.0522,98.4493,98.8667,3473700.0
2011-06-30,99.0464,99.9739,98.9884,99.4522,4231600.0
2011-07-01,99.4812,101.2493,99.4116,101.1856,4514000.0
2011-07-05,100.5942,101.7015,100.5942,101.7015,3916700.0
2011-07-06,101.5972,103.0581,101.5044,103.0233,5369200.0
2011-07-07,102.4668,102.7682,102.1015,102.3102,5330400.0
2011-07-08,101.574,102.316,101.458,102.316,3982300.0
2011-07-11,101.3943,102.1189,101.2262,101.4464,4314400.0
2011-07-12,101.3769,101.6667,100.8087,100.9015,4358800.0
2011-07-13,101.3943,102.2175,100.8725,101.058,3271500.0
2011-07-14,101.1044,102.0899,100.7798,101.0059,4282300.0
2011-07-15,101.4986,101.9972,100.9131,101.7653,4712400.0
2011-07-18,101.2957,102.2986,100.629,101.6146,6920900.0
2011-07-19,103.6378,107.3713,103.5682,107.3713,12181700.0
2011-07-20,106.577,106.9133,106.0901,106.4669,5337400.0
2011-07-21,106.4321,107.5394,106.0321,107.1915,4383900.0
2011-07-22,107.0408,107.6147,106.8205,107.3539,4079500.0
2011-07-25,106.5712,107.2263,106.2524,106.4959,4471700.0
2011-07-26,106.0553,106.6988,105.8872,106.0495,3702000.0
2011-07-27,105.5161,106.0379,104.89,105.1103,4979800.0
2011-07-28,105.035,106.2466,104.861,105.3944,4029200.0
2011-07-29,104.5016,106.3393,104.1944,105.4234,5610600.0
2011-08-01,105.9045,106.4901,103.4813,104.7857,5357800.0
2011-08-02,104.3219,105.6785,103.1103,103.2204,5235900.0
2011-08-03,103.0929,103.9045,101.6899,103.6726,6139300.0
2011-08-04,102.2697,103.145,99.2377,99.4116,10050300.0
2011-08-05,99.7688,101.0032,96.5199,100.2812,10923300.0
2011-08-08,98.3015,100.5025,96.6538,96.7819,14490100.0
2011-08-09,97.4282,99.4311,94.3248,99.3379,11384400.0
2011-08-10,97.9231,98.5344,94.2374,94.6392,12817200.0
2011-08-11,95.5475,98.2666,94.8721,97.0788,7882200.0
2011-08-12,98.255,98.6218,96.5548,97.9347,4790600.0
2011-08-15,99.7513,101.3118,99.2099,100.7237,6740100.0
2011-08-16,100.2579,100.2579,98.4005,99.7048,4984400.0
2011-08-17,99.8969,100.7237,98.9187,99.8445,4627200.0
2011-08-18,96.8459,96.9274,93.2534,95.3903,13895700.0
2011-08-19,94.4237,95.4543,91.4892,91.7279,13233300.0
2011-08-22,94.0045,94.1384,91.7745,92.5664,6446200.0
2011-08-23,93.5387,95.8328,92.8866,95.6756,6218000.0
2011-08-24,95.5184,97.137,95.1108,97.0963,5308400.0
2011-08-25,97.5388,98.1269,95.9842,96.4092,6401800.0
2011-08-26,96.054,98.5927,95.07,98.482,5686600.0
2011-08-29,99.3205,100.5665,99.1924,100.5083,4657600.0
2011-08-30,100.1822,101.0265,99.4952,100.3802,4125400.0
2011-08-31,100.8984,101.1488,99.3962,100.0949,5014500.0
2011-09-01,100.5607,101.1255,99.0526,99.1749,5019200.0
2011-09-02,97.6378,98.3598,96.6538,97.2244,4249400.0
2011-09-06,94.9419,96.3918,94.4412,96.1356,5223900.0
2011-09-07,97.3991,97.76,96.7469,97.4864,5887300.0
2011-09-08,97.236,98.7382,96.1297,96.2869,5578500.0
2011-09-09,95.8328,96.1821,93.6319,93.9579,6014600.0
2011-09-12,93.1835,94.581,92.4383,94.5693,4843600.0
2011-09-13,95.2797,95.4427,94.0569,95.1574,4249600.0
2011-09-14,95.5067,98.7848,94.3189,97.3758,6416600.0
2011-09-15,98.1909,99.0759,97.3699,99.0352,4956000.0
2011-09-16,99.7572,100.7237,98.8314,100.7237,8840000.0
2011-09-19,98.6916,101.2361,98.6509,100.8052,4023000.0
2011-09-20,101.0614,103.3089,100.5549,101.731,5471100.0
2011-09-21,101.8416,103.4486,100.5898,100.7412,6067400.0
2011-09-22,98.0104,98.9653,96.9449,98.1793,7305800.0
2011-09-23,97.2535,98.7149,96.514,98.5985,4924000.0
2011-09-26,99.5417,101.7194,98.9013,101.6087,6077500.0
2011-09-27,102.814,104.584,102.7267,103.4719,6748100.0
2011-09-28,103.6233,105.242,103.1051,103.3788,7099200.0
2011-09-29,104.6248,105.3351,102.2026,104.322,6449400.0
2011-09-30,102.4821,103.798,101.7659,101.9115,6366600.0
2011-10-03,101.5214,103.5942,100.7528,100.8984,8064500.0
2011-10-04,99.8794,101.9348,98.3307,101.7426,8274800.0
2011-10-05,101.6437,103.2332,100.5432,102.9712,5204700.0
2011-10-06,102.9479,105.964,102.2783,105.7893,6542200.0
2011-10-07,106.0746,106.9713,105.7602,106.1969,6089700.0
2011-10-10,106.552,108.6656,106.4938,108.6598,5211900.0
2011-10-11,107.4778,108.2988,107.1983,107.7165,4819400.0
2011-10-12,108.3454,109.4633,108.095,108.3687,4709200.0
2011-10-13,107.6991,109.1722,107.4254,108.7762,3622300.0
2011-10-14,109.5739,110.9364,109.3061,110.9364,4563900.0
2011-10-17,110.459,110.721,108.2406,108.6423,6833000.0
2011-10-18,103.6175,104.4443,102.6218,104.1648,14456300.0
2011-10-19,104.6248,104.6947,103.0644,103.2856,6247100.0
2011-10-20,103.7165,104.3628,102.5753,103.2041,7040200.0
2011-10-21,104.2871,105.7777,104.0775,105.7544,7102800.0
2011-10-24,105.6845,106.7791,105.1663,106.1154,5133300.0
2011-10-25,105.7777,106.5346,104.8111,105.0149,4655100.0
2011-10-26,105.8184,106.1328,104.2405,105.9523,4625700.0
2011-10-27,107.7107,108.8811,106.6569,108.2289,6267600.0
2011-10-28,108.0484,109.5041,107.8796,109.1431,4107400.0
2011-10-31,108.0601,108.8286,107.5011,107.5011,3702900.0
2011-11-01,105.7078,106.7034,105.2362,105.5913,5187600.0
2011-11-02,107.1343,107.8621,106.5695,107.0877,3614600.0
2011-11-03,107.7922,109.3352,107.1459,109.0557,4369000.0
2011-11-04,108.456,108.9626,107.5652,108.5201,2744200.0
2011-11-07,108.4243,109.3071,107.565,109.0674,3249300.0
2011-11-08,109.5994,109.8332,108.4477,109.4649,3927800.0
2011-11-09,107.6819,108.2899,105.9047,106.5361,4644200.0
2011-11-10,107.3136,108.0151,106.3198,107.185,3641200.0
2011-11-11,108.2256,109.804,108.2256,109.5409,3144700.0
2011-11-14,110.5172,110.979,109.2311,109.5234,4993700.0
2011-11-15,109.6052,111.055,108.5237,110.3418,4181900.0
2011-11-16,109.7981,111.0141,108.9095,109.0966,4139700.0
2011-11-17,109.2077,110.3886,107.2084,108.5763,5295600.0
2011-11-18,109.1492,109.3012,107.9508,108.2899,3885300.0
2011-11-21,107.1967,107.5416,105.2266,106.0918,4586300.0
2011-11-22,106.5244,106.9687,105.3961,105.9924,3700700.0
2011-11-23,105.6183,106.0976,103.7768,104.0282,4282800.0
2011-11-25,104.0633,104.9694,103.5079,103.5079,1819400.0
2011-11-28,106.8342,106.9395,105.6183,106.5186,3721600.0
2011-11-29,106.4075,107.1616,105.7177,105.7761,3131200.0
2011-11-30,107.8923,110.1079,107.6877,109.9033,5709600.0
2011-12-01,109.2661,111.0667,109.1843,110.751,4358600.0
2011-12-02,111.0141,111.85,110.751,110.8738,4187900.0
2011-12-05,111.7623,113.1829,111.2947,111.5636,5025000.0
2011-12-06,111.4525,113.1361,111.2596,112.7912,3575800.0
2011-12-07,112.2359,113.937,111.8208,113.4401,4556600.0
2011-12-08,112.5165,113.294,111.698,111.9962,3713600.0
2011-12-09,112.7912,113.9195,112.4755,113.7383,4107100.0
2011-12-12,113.2004,113.3524,111.7857,112.3469,3218200.0
2011-12-13,113.0952,113.5863,111.4467,111.7448,4347200.0
2011-12-14,110.979,111.2362,109.9033,110.3242,4443100.0
2011-12-15,111.3531,111.774,109.2544,109.5994,3969300.0
2011-12-16,109.9092,109.9092,106.3432,107.3136,10046200.0
2011-12-19,107.8631,107.9683,106.5419,106.9161,4277700.0
2011-12-20,108.4419,109.5117,108.0034,109.459,4069900.0
2011-12-21,107.109,107.2727,104.6654,106.086,8388800.0
2011-12-22,106.8108,106.8635,105.8112,106.4192,3970100.0
2011-12-23,107.0447,108.0619,106.3315,108.0034,2703100.0
2011-12-27,108.132,108.6465,107.793,108.1203,2468000.0
2011-12-28,108.2606,108.3834,107.1791,107.5591,2485300.0
2011-12-29,107.6059,108.8686,107.5708,108.8394,2562900.0
2011-12-30,108.9271,109.0148,107.4831,107.4948,3047100.0
2012-01-03,109.1609,110.3184,108.7342,108.9095,4779400.0
2012-01-04,108.4828,108.9271,108.1145,108.4652,4016500.0
2012-01-05,108.0385,108.1671,107.0388,107.9508,4142600.0
2012-01-06,107.793,107.8456,106.577,106.7115,4445400.0
2012-01-09,106.4601,106.5595,105.3844,106.1561,4527300.0
2012-01-10,107.1441,107.4013,105.9281,105.9924,4560600.0
2012-01-11,105.6534,106.8693,105.5189,106.5829,3784600.0
2012-01-12,106.3198,106.3432,104.2796,105.5481,6002600.0
2012-01-13,104.9226,104.9986,103.6774,104.7355,4455800.0
2012-01-17,105.4371,106.3315,104.8291,105.2266,4932200.0
2012-01-18,105.1272,106.1619,104.9343,105.8521,4084900.0
2012-01-19,106.273,106.6062,105.4312,105.5306,7148000.0
2012-01-20,108.5997,110.4704,108.0034,110.2073,11815500.0
2012-01-23,109.728,111.3765,109.7104,111.0608,4945700.0
2012-01-24,110.2716,112.4229,110.2073,112.2008,4657500.0
2012-01-25,111.85,112.382,110.8445,112.0839,3722500.0
2012-01-26,112.2183,112.7035,111.3473,111.6454,3579900.0
2012-01-27,111.0784,112.1073,110.9615,111.3414,2803000.0
2012-01-30,110.3301,112.6685,110.0319,112.534,3988500.0
2012-01-31,112.8672,112.8848,111.6571,112.5925,3909700.0
2012-02-01,112.9491,113.8844,112.4814,112.6042,4805500.0
2012-02-02,112.6626,113.0192,111.85,111.9669,3332500.0
2012-02-03,112.9023,113.4869,112.5574,113.2004,4019400.0
2012-02-06,112.5223,113.2706,112.2417,112.7211,3133600.0
2012-02-07,112.5027,113.4945,112.221,113.0309,3172300.0
2012-02-08,113.1365,113.606,112.5203,113.2363,3429900.0
2012-02-09,113.6119,114.1225,113.0016,113.3419,3602900.0
2012-02-10,112.5379,112.9311,112.2562,112.9253,2936500.0
2012-02-13,113.4476,113.6706,112.5262,113.0426,2211700.0
2012-02-14,112.5379,113.0309,111.9922,112.8079,3078400.0
2012-02-15,112.7844,113.5239,112.2445,112.8255,3500500.0
2012-02-16,113.0368,113.4124,112.6788,113.2774,3089800.0
2012-02-17,113.6823,113.7704,112.8548,113.5121,3377000.0
2012-02-21,113.6941,113.9934,112.9487,113.4945,2782800.0
2012-02-22,113.2833,114.2868,113.1189,113.7762,2542200.0
2012-02-23,113.7762,116.9218,113.43,115.9711,7388900.0
2012-02-24,116.423,116.5286,115.3843,116.0592,2839100.0
2012-02-27,115.484,116.6167,115.0849,115.9242,3390300.0
2012-02-28,116.0533,116.7634,115.8655,116.1883,2775400.0
2012-02-29,116.1178,116.8866,115.2904,115.4547,3865600.0
2012-03-01,115.7481,116.4758,115.572,115.9242,3234700.0
2012-03-02,115.7364,116.7223,115.6483,116.6754,3207500.0
2012-03-05,116.4113,118.0721,116.3761,117.7611,6578600.0
2012-03-06,116.9864,117.1625,115.5016,115.7657,4675600.0
2012-03-07,116.2528,116.5345,115.7951,116.065,2756400.0
2012-03-08,116.9277,117.3679,116.5815,117.2622,2672800.0
2012-03-09,117.362,118.0193,117.2094,117.7376,2798700.0
2012-03-12,117.9195,118.2951,117.5087,117.9606,2700600.0
2012-03-13,118.3832,119.6625,118.3186,119.5921,3719600.0
2012-03-14,119.5921,120.3961,119.5099,120.1438,3476100.0
2012-03-15,120.2729,121.0006,120.1555,120.8949,2911100.0
2012-03-16,121.4994,121.787,120.9008,120.9008,6233600.0
2012-03-19,120.7248,121.206,120.0146,120.7306,3216400.0
2012-03-20,120.1555,120.3081,119.5452,119.8679,3175600.0
2012-03-21,119.909,120.76,119.8973,120.1262,2926600.0
2012-03-22,119.6449,120.8891,119.6449,120.5956,2766400.0
2012-03-23,120.8304,120.8715,120.0499,120.5898,2455400.0
2012-03-26,121.159,122.0217,121.0827,121.9337,2774100.0
2012-03-27,122.3386,122.456,121.4818,121.5875,2261000.0
2012-03-28,121.74,122.4736,121.0534,121.652,2556200.0
2012-03-29,120.9478,122.3621,120.9067,122.2271,3027500.0
2012-03-30,122.503,122.726,122.0746,122.4502,2330000.0
2012-04-02,122.5793,123.0605,122.1215,122.9314,2875400.0
2012-04-03,122.8551,123.6474,122.3856,122.949,3639300.0
2012-04-04,121.0241,121.4701,120.4196,120.9243,4029600.0
2012-04-05,120.3961,120.7072,119.9912,120.5839,3374800.0
2012-04-09,119.956,120.9947,119.3515,120.2729,2988600.0
2012-04-10,120.2729,120.7424,118.6472,118.7411,3507500.0
2012-04-11,119.7153,119.909,118.8174,118.8879,2929700.0
2012-04-12,119.017,120.6367,118.9231,120.4959,2593400.0
2012-04-13,119.909,120.1027,119.017,119.017,3129900.0
2012-04-16,120.1555,120.8773,118.97,118.97,3058800.0
2012-04-17,120.0557,121.8574,119.8092,121.7459,4795900.0
2012-04-18,118.7998,119.7623,117.3737,117.45,9555300.0
2012-04-19,117.3913,118.1132,115.9183,117.0862,5294100.0
2012-04-20,117.2798,117.4442,116.8397,117.139,4228500.0
2012-04-23,116.1354,116.8456,115.4899,116.5639,3111100.0
2012-04-24,116.8221,118.8292,116.7106,117.3737,5160500.0
2012-04-25,118.5592,119.5393,118.4301,119.4689,3247800.0
2012-04-26,119.3632,121.0182,119.3632,120.6485,2901400.0
2012-04-27,121.1708,122.1685,120.8421,121.3703,2859200.0
2012-04-30,121.3116,122.0452,121.0827,121.5288,2230400.0
2012-05-01,121.5875,122.6145,121.3116,122.0687,2436600.0
2012-05-02,121.4642,122.2271,121.429,122.1039,2088500.0
2012-05-03,122.2271,122.6086,121.2177,121.6227,2566500.0
2012-05-04,121.1708,121.5464,119.956,120.3022,3207300.0
2012-05-07,119.6983,120.1756,119.0736,119.5745,3075900.0
2012-05-08,119.3034,119.6688,117.7004,118.7376,3364800.0
2012-05-09,117.6415,119.6334,117.3115,118.5903,3436500.0
2012-05-10,118.4548,119.7808,117.8772,118.219,3419500.0
2012-05-11,117.8419,119.1148,117.836,118.555,2026300.0
2012-05-14,117.8183,118.2839,117.0168,117.5354,2643300.0
2012-05-15,117.6002,118.7318,117.1347,117.2997,2669400.0
2012-05-16,117.5236,118.661,116.7929,117.7063,4600600.0
2012-05-17,117.671,118.331,116.4746,116.622,4756000.0
2012-05-18,117.1465,117.1465,115.0131,115.4374,5008200.0
2012-05-21,115.4963,116.6455,114.7008,116.5454,3355500.0
2012-05-22,116.787,116.84,115.5435,115.9914,3117900.0
2012-05-23,115.3903,115.7969,113.858,115.5789,3762600.0
2012-05-24,115.5022,115.6731,114.3295,115.5612,3200800.0
2012-05-25,114.9836,115.5081,114.3295,114.5063,2537200.0
2012-05-29,115.0485,116.7339,115.0485,115.7792,3103500.0
2012-05-30,114.8009,115.1958,114.1939,114.6418,3231700.0
2012-05-31,114.4591,114.8776,113.1508,113.6812,4713100.0
2012-06-01,112.037,112.9858,111.1471,111.43,4637700.0
2012-06-04,110.9939,111.6068,110.2042,111.1118,3998500.0
2012-06-05,110.7523,111.8838,110.5342,111.5007,3075500.0
2012-06-06,112.4318,114.3295,111.984,114.3236,3270700.0
2012-06-07,115.0838,115.408,114.2941,114.5888,3297700.0
2012-06-08,114.1409,115.0013,113.5634,115.0013,2098100.0
2012-06-11,115.8087,115.9207,113.3689,113.4514,2894600.0
2012-06-12,113.2333,114.7243,113.2333,114.6536,2521600.0
2012-06-13,114.5416,115.0308,113.3512,113.7991,2454300.0
2012-06-14,113.7402,115.408,113.5869,114.9777,3139900.0
2012-06-15,115.3313,117.4352,115.1545,117.3351,5204100.0
2012-06-18,116.4334,117.6533,116.1976,116.8577,3056900.0
2012-06-19,117.1759,117.8596,117.1583,117.2349,2833700.0
2012-06-20,117.0993,117.7122,116.3921,117.1465,3035800.0
2012-06-21,117.3174,117.5413,113.8521,113.97,3847500.0
2012-06-22,114.0879,114.8481,113.8698,114.1527,3965500.0
2012-06-25,113.4337,113.97,112.9622,113.6576,2895200.0
2012-06-26,114.0584,114.1409,112.4142,113.1214,3027900.0
2012-06-27,113.5575,114.1527,112.5026,113.7402,2429500.0
2012-06-28,112.697,113.198,111.3239,112.7972,3455700.0
2012-06-29,114.5829,115.3962,113.3925,115.2606,4080500.0
2012-07-02,115.7203,116.2153,114.8304,115.408,2529200.0
2012-07-03,115.1899,115.7085,114.8658,115.4669,1267500.0
2012-07-05,114.3472,116.0091,114.1114,115.0897,2471400.0
2012-07-06,114.2823,114.2941,111.8189,112.8031,4517400.0
2012-07-09,112.4201,112.5615,110.823,111.7777,3603200.0
2012-07-10,112.0606,112.644,109.3791,109.7681,4175100.0
2012-07-11,109.7445,110.4163,108.1474,109.1729,4885700.0
2012-07-12,108.5835,108.666,107.1692,107.8999,4635000.0
2012-07-13,108.118,109.8093,107.8646,109.6208,3502100.0
2012-07-16,109.3673,109.6738,108.778,108.9018,2832700.0
2012-07-17,109.4557,109.7858,107.9647,108.2299,4309000.0
2012-07-18,108.5246,111.1412,108.171,110.9408,6944500.0
2012-07-19,113.9759,116.0091,113.7225,115.1192,9610800.0
2012-07-20,114.3825,114.8599,113.251,113.416,4286600.0
2012-07-23,111.8425,112.7383,110.9114,112.4613,3596200.0
2012-07-24,112.5144,112.7501,111.1235,112.1725,3252200.0
2012-07-25,112.1549,113.6046,111.5714,112.6086,3394700.0
2012-07-26,114.0289,114.8893,113.4867,114.3,2937000.0
2012-07-27,114.9777,116.3391,114.3,115.738,3617500.0
2012-07-30,115.6967,116.5925,115.461,115.9089,2329000.0
2012-07-31,115.8028,116.4393,115.4374,115.4963,2733300.0
2012-08-01,116.0975,116.5984,114.7538,115.0249,2275900.0
2012-08-02,114.4886,115.8617,113.7519,114.5947,2582100.0
2012-08-03,115.791,117.2467,115.6024,116.9932,2882900.0
2012-08-06,117.1347,117.8301,116.9932,117.1347,2096700.0
2012-08-07,117.5283,118.3864,117.1554,117.8242,2947400.0
2012-08-08,117.3448,118.1852,117.2797,117.7946,1857600.0
2012-08-09,117.5519,118.0491,117.1199,117.4336,1728200.0
2012-08-10,117.1081,117.9958,116.7352,117.9485,2211800.0
2012-08-13,117.7058,118.3569,117.0607,117.7828,2044700.0
2012-08-14,117.7058,117.9722,117.0193,117.3566,2093900.0
2012-08-15,117.7177,117.9722,117.1377,117.4217,1668400.0
2012-08-16,117.6407,119.1499,117.256,118.8658,2449600.0
2012-08-17,119.0079,119.5524,118.7593,119.0907,2261700.0
2012-08-20,118.7771,119.0375,118.3864,118.6646,1944600.0
2012-08-21,118.9546,118.9605,117.404,117.5697,2447000.0
2012-08-22,117.5638,117.5697,116.5399,116.7411,2707600.0
2012-08-23,116.6168,116.8121,115.6699,115.8238,2432300.0
2012-08-24,115.3858,117.2501,114.936,117.0489,2305900.0
2012-08-27,117.1613,117.3626,115.7705,115.8178,2147700.0
2012-08-28,115.7409,116.0664,115.1135,115.3325,2292300.0
2012-08-29,115.4864,116.025,115.3503,115.4568,1696100.0
2012-08-30,115.2733,115.6876,114.3323,114.4448,2100400.0
2012-08-31,115.0011,115.9717,114.498,115.3207,2484800.0
2012-09-04,116.3683,116.6938,114.3737,115.1372,3849700.0
2012-09-05,115.0603,115.9125,114.7525,115.4331,2950200.0
2012-09-06,116.0901,118.0491,116.0664,117.836,3521900.0
2012-09-07,117.8479,118.0728,117.2323,118.0728,2815300.0
2012-09-10,118.0077,119.4458,117.617,118.9309,3607700.0
2012-09-11,118.6942,120.4165,118.6705,120.304,3398700.0
2012-09-12,120.4105,121.1208,120.1205,120.5999,2747500.0
2012-09-13,120.961,122.3991,120.4165,122.1328,3245200.0
2012-09-14,122.0618,122.8963,121.9493,122.3991,2985600.0
2012-09-17,121.6534,123.0975,121.6534,122.6004,2295900.0
2012-09-18,122.4406,123.0324,122.2038,122.553,2129300.0
2012-09-19,122.8371,122.8489,121.9257,122.1742,2241900.0
2012-09-20,121.831,122.5057,121.5055,122.0263,3166400.0
2012-09-21,122.7247,123.0679,121.8724,121.9079,6695600.0
2012-09-24,121.3397,121.9553,121.2687,121.4995,2599900.0
2012-09-25,121.683,122.701,121.2983,121.3161,2916000.0
2012-09-26,121.3575,121.9079,120.6769,120.7361,3090500.0
2012-09-27,120.955,122.4524,120.8189,121.8665,2435800.0
2012-09-28,121.8014,123.2928,121.5114,122.7779,3859600.0
2012-10-01,123.1094,125.3228,123.0679,124.5653,4880900.0
2012-10-02,124.8553,125.1571,123.3994,124.1924,2836000.0
2012-10-03,124.2516,125.0624,123.8728,124.589,2515000.0
2012-10-04,124.4528,124.8612,123.4171,124.5179,2605300.0
2012-10-05,124.95,125.3465,124.3226,124.6363,2604300.0
2012-10-08,124.299,124.6659,123.8196,124.1806,1832900.0
2012-10-09,124.2575,124.7251,122.9259,123.0975,3224200.0
2012-10-10,122.9969,123.2396,121.3575,121.8132,3612900.0
2012-10-11,122.2571,122.6714,121.7008,121.7777,2504300.0
2012-10-12,121.7067,123.0798,121.6593,122.9851,2266500.0
2012-10-15,123.6243,123.932,122.9969,123.6538,2596800.0
2012-10-16,124.1392,124.879,123.9734,124.879,3933000.0
2012-10-17,119.2446,120.3869,117.5105,118.7415,11366700.0
2012-10-18,118.3154,118.4515,114.8591,115.3858,8617500.0
2012-10-19,115.5811,116.0487,114.3323,114.4388,5915200.0
2012-10-22,114.646,115.2201,113.8944,115.0544,3809200.0
2012-10-23,114.5395,114.8176,113.0066,113.1901,3999800.0
2012-10-24,113.9003,114.3974,112.7817,112.8764,3339600.0
2012-10-25,113.2848,113.8944,112.8705,113.3972,2722200.0
2012-10-26,113.3321,114.7407,113.3203,114.3856,3384800.0
2012-10-31,115.2911,116.244,114.5986,115.1313,5326000.0
2012-11-01,115.2201,117.1199,115.1431,116.6819,3201500.0
2012-11-02,116.9068,117.185,114.3974,114.4803,3543000.0
2012-11-05,113.847,115.3917,113.6399,114.9005,2363500.0
2012-11-06,115.5638,116.4495,115.2191,115.4509,2841800.0
2012-11-07,114.9397,115.1299,113.6319,113.6319,4064700.0
2012-11-08,113.7746,114.0183,112.9959,113.0018,3127200.0
2012-11-09,112.8532,113.9173,112.2766,112.7284,3125600.0
2012-11-12,112.9602,113.4001,111.4028,112.4966,2728400.0
2012-11-13,112.021,113.4655,111.9021,111.9437,2987900.0
2012-11-14,112.4312,112.5085,110.1367,110.2734,3804300.0
2012-11-15,110.4636,111.278,109.8394,110.4755,3022200.0
2012-11-16,110.7608,111.492,110.0297,111.1234,4155700.0
2012-11-19,112.1221,113.1742,111.9319,113.1504,3143200.0
2012-11-20,112.8711,113.0078,111.9021,112.4668,2805000.0
2012-11-21,112.5263,113.4714,112.3182,113.1148,2247600.0
2012-11-23,113.5368,115.017,113.4179,115.017,1537200.0
2012-11-26,114.2501,114.9456,113.9945,114.6544,2699600.0
2012-11-27,114.2085,114.7554,113.5368,113.6735,2957400.0
2012-11-28,113.5249,114.155,112.5085,114.1194,3142700.0
2012-11-29,114.6425,114.6662,113.0613,113.8519,3650300.0
2012-11-30,113.9291,114.1313,112.6452,112.984,3517000.0
2012-12-03,113.3466,113.7152,111.9675,112.6333,2878300.0
2012-12-04,112.77,113.3882,112.3598,112.562,3237100.0
2012-12-05,112.3539,112.6214,111.1234,112.1399,3689300.0
2012-12-06,112.449,113.0494,111.9972,112.7641,2806400.0
2012-12-07,113.0197,114.2501,113.0078,114.1015,3772600.0
2012-12-10,114.2323,115.0467,113.9232,114.4998,2962800.0
2012-12-11,114.8327,115.7957,114.8149,115.439,3566000.0
2012-12-12,115.6055,115.7659,114.4047,114.696,3898600.0
2012-12-13,114.2383,114.7554,113.7568,114.1253,3354500.0
2012-12-14,113.947,114.9635,113.6914,113.9886,3141600.0
2012-12-17,113.9886,115.2666,113.9886,115.0942,2969900.0
2012-12-18,115.231,116.4614,115.225,116.3247,3671400.0
2012-12-19,116.188,116.7765,115.9146,115.9621,3460600.0
2012-12-20,115.5817,115.8848,114.8208,115.7778,3668800.0
2012-12-21,114.7851,115.6173,113.8757,114.9754,5841400.0
2012-12-24,114.7554,115.2191,114.1431,114.369,1406000.0
2012-12-26,114.2561,115.0407,113.5071,114.1015,2301900.0
2012-12-27,113.8519,114.8921,113.3585,114.5533,3588300.0
2012-12-28,113.6022,114.262,112.8413,112.8413,3156200.0
2012-12-31,112.4847,113.941,112.2528,113.8638,3905300.0
2013-01-02,115.3736,116.717,115.2012,116.717,3603700.0
2013-01-03,116.3128,116.6814,115.5817,116.0751,2839300.0
2013-01-04,115.4806,115.5936,114.5949,115.3142,2982000.0
2013-01-07,114.9635,115.1893,114.3334,114.8089,2404800.0
2013-01-08,114.6781,114.904,113.8994,114.6484,2682900.0
2013-01-09,114.8802,115.017,113.9232,114.3215,2851400.0
2013-01-10,114.6246,114.7019,113.7033,114.6544,3159000.0
2013-01-11,115.3201,115.9146,114.6662,115.5876,3397500.0
2013-01-14,114.6187,114.8921,113.9826,114.4998,3602100.0
2013-01-15,113.7211,114.5652,113.1742,114.4285,3722300.0
2013-01-16,114.1313,114.8327,113.7449,114.482,2562600.0
2013-01-17,115.231,115.5936,114.8684,115.1121,3356100.0
2013-01-18,115.2607,115.9146,115.2012,115.5995,4053900.0
2013-01-22,115.5341,116.5565,115.3261,116.5565,5591000.0
2013-01-23,120.9672,123.987,120.884,121.6925,11383400.0
2013-01-24,121.098,121.8946,120.7176,121.5141,4026100.0
2013-01-25,121.532,121.9659,121.3417,121.8411,2842300.0
2013-01-28,121.8232,122.5841,121.4368,121.8173,2332100.0
2013-01-29,121.4666,122.2928,121.0505,121.205,2941500.0
2013-01-30,121.0802,121.7876,120.783,120.9791,2597000.0
2013-01-31,120.8602,121.5438,120.6462,120.7116,2349800.0
2013-02-01,121.6508,122.0669,121.1694,121.9659,2791400.0
2013-02-04,121.1277,121.8708,121.0089,121.1396,2568700.0
2013-02-05,121.4884,121.7152,120.3781,120.5452,3171800.0
2013-02-06,119.6199,120.1572,119.1245,119.996,3194300.0
2013-02-07,119.7572,119.9304,118.5992,119.2319,2678500.0
2013-02-08,119.3692,120.6347,119.1961,120.39,2416000.0
2013-02-11,119.7871,120.5512,119.2379,119.4827,2550600.0
2013-02-12,119.3931,119.8289,118.8021,119.411,2156600.0
2013-02-13,119.7751,119.9542,119.1305,119.4409,1854000.0
2013-02-14,119.0409,119.5782,118.9454,119.1782,1957600.0
2013-02-15,119.3752,120.1333,119.2797,119.9721,3242100.0
2013-02-19,119.7453,120.5153,119.5185,119.5782,2472100.0
2013-02-20,119.7572,120.4139,118.7066,118.9753,2704800.0
2013-02-21,118.5693,118.832,118.2589,118.3903,2556200.0
2013-02-22,118.9275,120.0378,118.6947,120.0378,2670100.0
2013-02-25,120.384,120.8735,117.9008,117.9008,3241000.0
2013-02-26,118.5693,119.3274,118.0978,118.8738,2980900.0
2013-02-27,118.7245,121.0287,118.5514,120.778,3618100.0
2013-02-28,120.6885,121.2496,119.8587,119.8826,3528900.0
2013-03-01,119.7751,121.1421,119.0051,121.1242,2752500.0
2013-03-04,120.9332,122.4852,120.9093,122.4852,3098900.0
2013-03-05,122.8852,123.9835,122.7837,123.2851,3083700.0
2013-03-06,123.5836,124.4551,123.3627,124.3895,3157800.0
2013-03-07,124.3357,125.1177,124.3059,125.0103,3356900.0
2013-03-08,125.2311,125.7982,125.0162,125.5833,3276900.0
2013-03-11,125.3505,125.4759,124.7834,125.4043,2571200.0
2013-03-12,124.9983,125.7923,124.8133,125.6848,2769500.0
2013-03-13,125.4759,126.7653,125.2192,126.5862,2764700.0
2013-03-14,126.6399,128.8545,126.6399,128.8187,4931700.0
2013-03-15,128.568,128.8784,127.392,128.2934,5876800.0
2013-03-18,127.0876,128.0427,126.9324,127.2727,2446900.0
2013-03-19,127.8218,128.4128,126.4489,127.41,2775700.0
2013-03-20,128.1979,128.8307,127.9233,128.377,2499100.0
2013-03-21,127.1234,127.1473,125.4222,126.7056,4884100.0
2013-03-22,126.8847,127.2488,126.3235,126.5981,2444800.0
2013-03-25,126.8727,127.0339,125.3863,125.7982,2794200.0
2013-03-26,126.4131,126.8488,126.2519,126.7653,1926100.0
2013-03-27,125.9475,126.6459,125.4162,125.8878,2874800.0
2013-03-28,125.267,127.41,125.2013,127.3264,2677300.0
2013-04-01,127.1175,127.4458,126.1027,126.7772,1786200.0
2013-04-02,127.0995,128.1681,126.2937,127.9591,2277000.0
2013-04-03,127.9353,128.2755,126.9264,126.9443,2675600.0
2013-04-04,127.01,127.1055,125.3804,126.1385,2953000.0
2013-04-05,124.7596,125.261,123.1717,125.0043,3288100.0
2013-04-08,124.8013,124.9506,123.7627,124.9506,2091200.0
2013-04-09,125.0938,125.3565,124.5268,124.8909,2117700.0
2013-04-10,126.5504,126.8548,125.6371,126.5504,3162800.0
2013-04-11,126.2519,127.201,125.8639,127.0995,2920200.0
2013-04-12,125.8281,126.2459,125.2252,126.1803,2630600.0
2013-04-15,125.6191,126.3653,124.9148,124.9148,3474200.0
2013-04-16,125.8579,126.5504,124.8789,126.5504,2516700.0
2013-04-17,125.6729,126.0072,125.058,125.1595,2916400.0
2013-04-18,125.4222,125.5057,123.0583,123.6552,4275300.0
2013-04-19,116.9994,117.2979,113.2745,113.4178,17208900.0
2013-04-22,114.0147,114.2416,112.0329,112.1224,8327500.0
2013-04-23,113.1193,114.9459,112.588,114.3788,5848100.0
2013-04-24,114.7072,114.9101,114.0684,114.4385,3094900.0
2013-04-25,115.0235,116.5039,114.8027,115.7757,4015900.0
2013-04-26,115.901,116.2294,115.3578,115.9906,2948900.0
2013-04-29,116.3428,119.1961,116.1935,118.8797,5317300.0
2013-04-30,119.029,120.9332,117.8053,120.9034,6390700.0
2013-05-01,120.4915,120.6825,118.9096,119.1663,4508000.0
2013-05-02,119.4588,120.8377,119.2379,120.8138,3504000.0
2013-05-03,121.7092,122.5628,121.6256,122.0793,3957700.0
2013-05-06,121.6495,121.7689,120.2945,121.0466,3979100.0
2013-05-07,121.0622,121.614,120.3665,121.554,2975500.0
2013-05-08,121.7099,122.8554,121.4521,122.8374,3100000.0
2013-05-09,122.8015,122.9454,121.578,121.8899,3211300.0
2013-05-10,121.9259,122.6635,121.638,122.6275,2745900.0
2013-05-13,122.4536,122.6275,121.2781,121.4281,3014800.0
2013-05-14,121.2002,122.1478,121.1942,121.8719,3173600.0
2013-05-15,121.2961,122.1538,121.1702,121.9378,3427300.0
2013-05-16,122.4956,123.899,122.3457,122.7595,3863400.0
2013-05-17,123.0953,125.6442,122.9394,125.0085,4709600.0
2013-05-20,124.7146,125.4343,124.3968,124.5047,3154100.0
2013-05-21,124.2888,125.6322,124.1449,125.1344,2613800.0
2013-05-22,125.0445,126.034,123.6171,124.1389,4680100.0
2013-05-23,123.2333,125.1104,123.0234,123.6411,4665700.0
2013-05-24,122.7595,123.803,122.5976,123.3772,2934500.0
2013-05-28,124.4087,125.0984,124.2408,124.6127,3295100.0
2013-05-29,123.6771,124.9965,123.5691,124.6966,3045200.0
2013-05-30,124.1269,126.5378,124.0429,125.5602,3856300.0
2013-05-31,125.1104,127.1315,124.7566,124.7566,3605400.0
2013-06-03,124.9845,125.9741,124.3428,125.3143,2988300.0
2013-06-04,125.1044,125.3443,122.9934,123.6591,3188800.0
2013-06-05,123.0414,123.7191,121.3861,121.59,3878000.0
2013-06-06,121.7459,122.4656,120.8283,122.2257,3103300.0
2013-06-07,122.8554,123.755,122.4116,123.755,2451500.0
2013-06-10,124.1269,124.1329,122.8854,122.9574,2255700.0
2013-06-11,121.8479,123.5151,121.4521,122.3337,2361600.0
2013-06-12,122.6995,123.0833,120.2526,120.6664,3087200.0
2013-06-13,120.5525,122.5856,120.1506,122.2077,2442900.0
2013-06-14,122.3277,122.7955,121.0322,121.2661,1997500.0
2013-06-17,122.0158,123.0474,121.4761,121.7699,2710100.0
2013-06-18,121.7579,123.5991,121.668,122.8674,2711400.0
2013-06-19,122.6455,122.9634,121.1042,121.1102,2414100.0
2013-06-20,120.3486,120.9663,118.3155,118.3574,3824000.0
2013-06-21,118.9932,119.0591,116.0725,117.2239,7590200.0
2013-06-24,116.3243,116.8941,114.753,116.0725,3883000.0
2013-06-25,117.134,117.3019,115.8386,116.9361,3203100.0
2013-06-26,117.5298,117.6857,116.6482,116.8641,2780000.0
2013-06-27,117.5778,118.0876,117.122,117.3379,2885200.0
2013-06-28,114.9869,115.5447,112.9958,114.6151,6783900.0
2013-07-01,115.2508,116.2284,114.6211,114.7171,3976500.0
2013-07-02,114.4172,115.8865,114.1053,114.849,2797100.0
2013-07-03,114.4232,116.4803,114.2553,115.8985,1696300.0
2013-07-05,116.6422,117.044,115.3588,116.9061,2118300.0
2013-07-08,117.3139,117.4159,116.7142,116.9361,2396400.0
2013-07-09,115.0349,115.6286,114.4172,114.729,4741800.0
2013-07-10,114.9569,116.0065,114.7111,115.2988,3455600.0
2013-07-11,116.2164,116.4143,115.5147,115.6286,3769700.0
2013-07-12,115.7906,116.1684,114.903,115.1908,3899500.0
2013-07-15,115.4007,116.8821,114.9569,116.3483,5126100.0
2013-07-16,116.3723,116.6962,115.5627,116.2584,3339300.0
2013-07-17,116.8881,116.8881,115.7666,116.6782,5070200.0
2013-07-18,118.9092,120.5105,117.5418,118.7413,7695000.0
2013-07-19,118.6933,118.7413,115.8925,116.0725,5869600.0
2013-07-22,115.9885,117.4219,115.9165,116.4023,2967700.0
2013-07-23,116.5582,117.8057,116.4083,116.9361,2593800.0
2013-07-24,117.5478,118.3275,117.4638,117.9136,2715500.0
2013-07-25,117.7277,118.6453,117.3439,118.2795,2736100.0
2013-07-26,117.8597,118.3694,116.9481,118.3574,2037000.0
2013-07-29,118.0396,118.2615,117.2659,117.6737,1856800.0
2013-07-30,118.1415,118.6453,117.4338,117.5538,2193900.0
2013-07-31,116.6362,118.0936,116.6362,116.9721,3045000.0
2013-08-01,117.9376,118.2495,117.194,117.4338,2450100.0
2013-08-02,117.188,117.2479,115.8805,117.044,3400300.0
2013-08-05,117.044,117.4758,116.5582,117.2479,2287700.0
2013-08-06,115.3086,115.4593,114.1092,114.5431,5109500.0
2013-08-07,114.2779,114.4768,113.3437,113.6511,3507600.0
2013-08-08,114.1875,114.4407,112.5843,113.2714,4188300.0
2013-08-09,113.3136,114.0127,112.7108,113.2051,2864300.0
2013-08-12,112.741,114.2538,112.6445,113.9705,2599600.0
2013-08-13,114.2418,114.513,113.0484,113.5667,3093600.0
2013-08-14,113.6812,113.8741,112.8916,113.0303,2532400.0
2013-08-15,112.2467,112.7108,111.7766,111.9815,3347200.0
2013-08-16,111.867,112.3854,111.7103,111.7103,2774100.0
2013-08-19,111.6862,112.4095,110.8906,111.0413,2864000.0
2013-08-20,111.1256,111.8851,110.4024,111.2402,2823800.0
2013-08-21,111.3065,112.4517,111.0714,111.421,3206600.0
2013-08-22,111.8971,112.2588,111.0533,111.6199,2093100.0
2013-08-23,111.7103,111.9514,111.2462,111.7585,1988100.0
2013-08-26,111.6681,112.7108,111.3125,111.3487,1912700.0
2013-08-27,110.758,111.204,110.0407,110.1432,2915200.0
2013-08-28,110.107,110.5832,109.1547,109.7936,3445500.0
2013-08-29,109.6731,110.7218,109.3596,110.0829,2440700.0
2013-08-30,110.1492,110.2939,109.4018,109.8599,2045800.0
2013-09-03,110.6856,111.0955,110.0046,110.8785,2970300.0
2013-09-04,110.6495,111.0172,109.884,110.3783,1987500.0
2013-09-05,110.4687,111.5054,110.3421,110.993,2230300.0
2013-09-06,111.2944,111.4993,110.0889,110.318,2486900.0
2013-09-09,110.7459,111.8007,110.4867,111.4933,2413600.0
2013-09-10,113.0664,113.1026,112.3311,112.4697,2657400.0
2013-09-11,112.6084,115.0434,112.6023,114.9409,4333400.0
2013-09-12,115.0976,115.3146,114.4286,114.959,3054700.0
2013-09-13,115.2483,116.3875,115.1218,115.8269,3337600.0
2013-09-16,116.7491,117.4182,116.0922,116.4176,3333000.0
2013-09-17,116.5804,117.0204,115.622,115.8209,2619700.0
2013-09-18,116.0861,117.4664,115.7245,117.1831,3429400.0
2013-09-19,117.0384,117.4664,116.4598,116.5623,2668300.0
2013-09-20,116.942,117.1891,114.5311,114.5311,5367700.0
2013-09-23,114.5552,115.9716,114.1152,115.1157,2783400.0
2013-09-24,115.0796,115.4593,114.3141,114.5009,2440400.0
2013-09-25,114.6034,114.8927,113.6149,114.1996,2354700.0
2013-09-26,114.5793,115.5798,114.1935,114.6516,1795600.0
2013-09-27,113.7234,113.8801,112.3793,112.6626,3413800.0
2013-09-30,111.8308,112.5541,111.1076,111.6139,3034500.0
2013-10-01,111.7103,112.4999,111.2944,112.3371,2286100.0
2013-10-02,111.8308,112.2949,111.1498,111.4813,3067900.0
2013-10-03,111.3245,111.4813,110.2999,110.8182,2906100.0
2013-10-04,111.0352,111.5837,110.6495,110.9629,2433100.0
2013-10-07,109.6369,110.4867,109.6068,109.7032,3645400.0
2013-10-08,109.6309,109.6911,107.7142,107.7202,5045800.0
2013-10-09,108.112,109.4983,107.9492,109.2873,4044000.0
2013-10-10,110.4024,111.3667,109.9142,111.3667,3205900.0
2013-10-11,111.656,112.2467,110.975,112.2045,2859900.0
2013-10-14,111.7525,112.7048,111.1558,112.6927,2284300.0
2013-10-15,111.9514,112.0719,111.0352,111.3004,3020500.0
2013-10-16,111.8007,112.5481,111.4993,112.5481,3747800.0
2013-10-17,104.7548,106.6835,104.0134,105.3756,20041100.0
2013-10-18,105.3575,105.478,104.4233,104.7427,9593600.0
2013-10-21,105.1285,105.3274,104.0496,104.1882,6459100.0
2013-10-22,104.4534,105.8216,104.2424,105.46,6220900.0
2013-10-23,105.5323,106.0748,105.1164,105.9421,4975500.0
2013-10-24,106.34,107.2199,106.2315,107.1657,4864300.0
2013-10-25,107.5213,107.9492,106.2375,106.5931,4299100.0
2013-10-28,106.7076,107.2199,106.2013,106.8945,3201200.0
2013-10-29,107.1235,109.89,106.9849,109.7695,8320000.0
2013-10-30,109.6309,109.8057,108.4073,108.5821,4869100.0
2013-10-31,108.2807,109.4983,107.9131,108.0155,3513600.0
2013-11-01,108.3772,108.6966,107.8166,108.0276,3208200.0
2013-11-04,108.4314,108.9739,108.0939,108.6544,3137000.0
2013-11-05,108.2017,108.3775,107.111,107.1958,5023300.0
2013-11-06,107.8018,108.9228,107.7291,108.5835,4113600.0
2013-11-07,108.9107,109.9166,108.8319,109.0743,4705500.0
2013-11-08,108.3654,109.1228,107.4685,109.0683,5732000.0
2013-11-11,109.1955,111.1286,109.0986,110.8195,4839100.0
2013-11-12,110.6074,111.5285,110.4438,110.9347,3993200.0
2013-11-13,110.4499,111.2255,110.0378,111.2255,4197600.0
2013-11-14,109.3894,111.0134,108.8683,110.4135,5465700.0
2013-11-15,110.4681,111.0619,109.7773,111.0074,4620300.0
2013-11-18,111.2073,112.0981,111.0559,111.783,4786700.0
2013-11-19,111.88,112.8313,111.5891,112.2557,4139200.0
2013-11-20,112.2375,112.8556,111.8921,112.2193,3169300.0
2013-11-21,112.4314,112.5587,111.1407,111.577,4118500.0
2013-11-22,111.1952,112.0981,109.0259,109.8621,7179000.0
2013-11-25,109.2258,109.5288,107.7533,108.432,6360200.0
2013-11-26,108.3351,108.432,107.4443,107.4443,4595400.0
2013-11-27,107.8563,109.1834,107.7533,108.4502,4155300.0
2013-11-29,108.7047,109.5349,108.4684,108.8804,2091500.0
2013-12-02,108.7592,108.8259,107.3291,107.5473,3774600.0
2013-12-03,107.2564,108.0018,106.4323,106.6989,5078900.0
2013-12-04,106.202,107.5594,106.1414,106.4929,4473700.0
2013-12-05,106.7414,107.1716,106.2142,106.6989,3823000.0
2013-12-06,107.0746,107.8624,106.6565,107.6624,3769800.0
2013-12-09,107.8563,107.9715,107.1534,107.5352,3873500.0
2013-12-10,107.2443,107.6624,106.6868,107.3291,4498700.0
2013-12-11,107.1777,107.717,106.099,106.1657,4324300.0
2013-12-12,106.1354,106.5293,105.0143,105.0568,5754100.0
2013-12-13,105.1174,105.6688,104.6689,104.7114,4477700.0
2013-12-16,104.978,108.0745,104.6689,107.7715,7905300.0
2013-12-17,107.5594,107.5594,106.1051,106.505,5425400.0
2013-12-18,106.9231,108.3108,105.9536,108.2866,6463600.0
2013-12-19,107.8624,109.4016,107.7897,109.2076,5957000.0
2013-12-20,109.147,110.2863,109.0865,109.0865,6118600.0
2013-12-23,109.6682,110.8498,109.444,110.4256,4378100.0
2013-12-24,110.262,111.1952,110.2317,111.0256,1793100.0
2013-12-26,111.2316,112.4435,111.2013,112.3163,3714100.0
2013-12-27,112.6132,113.0131,111.8315,112.1527,3835500.0
2013-12-30,112.3344,113.1343,111.9042,112.9586,3407600.0
2013-12-31,113.0677,113.7948,112.8919,113.6615,3599300.0
2014-01-02,113.4373,113.5585,112.2254,112.4253,4908700.0
2014-01-03,112.6071,113.5282,112.286,113.098,3998800.0
2014-01-06,113.5646,113.5646,112.286,112.7101,3013000.0
2014-01-07,112.9465,115.3461,112.9404,114.9583,4872500.0
2014-01-08,114.7401,114.7826,113.4737,113.9039,3693400.0
2014-01-09,114.5583,114.831,113.0434,113.5464,3472100.0
2014-01-10,114.1099,114.2675,112.8798,113.4737,3081200.0
2014-01-13,112.8859,113.2858,111.4134,111.5952,4609800.0
2014-01-14,112.1405,112.9707,111.4255,112.6617,3675800.0
2014-01-15,112.5768,114.316,112.4011,113.7645,3854800.0
2014-01-16,113.6979,114.522,113.1949,114.3826,3916900.0
2014-01-17,113.9463,115.6249,113.8372,115.1886,6033900.0
2014-01-21,115.3158,115.3703,113.1889,114.1826,7522500.0
2014-01-22,109.8318,111.1952,108.8744,110.4378,11339200.0
2014-01-23,109.9409,111.3285,109.5046,110.7286,5791900.0
2014-01-24,109.7712,110.7771,108.8562,108.8562,5131400.0
2014-01-27,108.8016,108.8622,107.6564,107.8018,4029100.0
2014-01-28,107.8624,108.1351,106.7474,107.1655,4180100.0
2014-01-29,106.6202,108.1836,106.5838,106.8928,3966300.0
2014-01-30,107.3594,107.7776,106.8686,107.4746,3655400.0
2014-01-31,106.7474,107.7654,106.2505,107.0625,3953300.0
2014-02-03,106.6626,106.6626,104.6629,104.772,5786300.0
2014-02-04,105.1658,105.287,104.4447,104.7356,3496100.0
2014-02-05,104.3593,106.0287,104.3044,105.584,3485000.0
2014-02-06,105.9983,106.5344,105.8886,106.4248,3219600.0
2014-02-07,107.0036,108.1856,106.6685,107.9967,3819300.0
2014-02-10,107.8261,108.2405,107.3875,107.9297,2924000.0
2014-02-11,107.7287,109.9099,107.7226,109.4895,3784900.0
2014-02-12,109.3798,110.4339,109.2214,109.8185,3365000.0
2014-02-13,108.5878,111.1102,108.3684,110.7934,3760300.0
2014-02-14,110.4522,112.3715,110.2755,111.9206,3891700.0
2014-02-18,111.5306,112.1095,111.0858,111.6159,3598800.0
2014-02-19,111.3418,112.7127,111.1407,111.4697,3788300.0
2014-02-20,111.4758,112.6334,111.3722,112.2679,3979200.0
2014-02-21,112.2557,113.1513,111.2686,111.3722,4435500.0
2014-02-24,111.3905,112.8162,111.3905,111.7743,3669200.0
2014-02-25,111.817,112.475,111.4271,111.6403,3179500.0
2014-02-26,112.0729,112.8893,111.8414,112.146,3054100.0
2014-02-27,112.0059,113.2976,111.9937,112.8833,2952800.0
2014-02-28,112.9503,113.4012,111.8962,112.8223,3378600.0
2014-03-03,111.7012,112.4994,111.3905,112.2679,3117800.0
2014-03-04,113.2915,114.0348,113.1331,113.5961,3355200.0
2014-03-05,113.7241,114.5162,113.5718,114.0226,2736600.0
2014-03-06,114.181,114.7842,113.8764,114.3273,3003000.0
2014-03-07,114.7599,115.1072,114.047,114.3516,3335200.0
2014-03-10,114.242,114.7721,113.2366,113.5657,3896300.0
2014-03-11,114.1871,114.8208,113.3524,113.7911,3562700.0
2014-03-12,113.3341,114.2115,113.261,113.4621,3967500.0
2014-03-13,113.5778,113.9373,111.9328,112.0485,4037100.0
2014-03-14,112.0424,112.2862,111.0188,111.0188,4059300.0
2014-03-17,111.2808,113.5413,111.2808,113.2123,3845200.0
2014-03-18,113.3219,114.4857,113.0478,113.8216,3180200.0
2014-03-19,113.0843,113.7545,111.8048,112.5421,3370100.0
2014-03-20,112.3958,114.705,112.213,114.4857,4186200.0
2014-03-21,114.8513,114.9731,113.5718,113.7363,6662300.0
2014-03-24,114.1993,115.424,114.1628,114.6989,4729500.0
2014-03-25,115.0097,119.0554,114.9731,118.836,9145900.0
2014-03-26,118.7995,119.1955,116.9594,117.3615,5592500.0
2014-03-27,116.9289,117.392,115.3509,115.6616,5547100.0
2014-03-28,115.7286,117.3615,115.2229,116.0394,4340300.0
2014-03-31,116.7644,118.0622,116.6182,117.2823,4724100.0
2014-04-01,117.6662,118.8909,117.459,118.507,4403500.0
2014-04-02,118.3486,118.507,117.2823,117.9282,4165400.0
2014-04-03,117.7149,117.8246,117.197,117.4042,3342200.0
2014-04-04,117.6174,118.1841,116.5451,116.8436,5006000.0
2014-04-07,116.7888,119.0005,116.7218,118.5192,5482700.0
2014-04-08,118.1353,118.3059,117.4042,117.7698,3966300.0
2014-04-09,118.1292,120.0302,117.9586,119.8109,4509600.0
2014-04-10,119.4575,121.3768,119.2138,119.226,7073400.0
2014-04-11,118.836,120.0302,118.3669,118.9274,3841300.0
2014-04-14,119.5672,120.7858,119.3478,120.4994,4509800.0
2014-04-15,119.4088,120.28,119.0676,120.0424,4005300.0
2014-04-16,120.67,121.0721,118.8117,119.6647,5836000.0
2014-04-17,114.0897,116.1917,113.9434,115.7713,9286500.0
2014-04-21,115.6433,117.4773,115.6068,117.1483,4574100.0
2014-04-22,116.9838,117.5931,116.4963,117.0752,3115600.0
2014-04-23,116.8558,117.2336,115.8322,116.8193,3906300.0
2014-04-24,117.1178,117.1178,115.7835,115.8992,3711400.0
2014-04-25,116.0942,116.1734,115.2229,115.5398,3150400.0
2014-04-28,116.4598,118.1963,116.1186,117.6784,4675400.0
2014-04-29,117.9526,119.3844,117.8429,118.8787,3841400.0
2014-04-30,118.4339,119.9449,118.4156,119.7073,3026500.0
2014-05-01,119.6098,119.8718,117.6845,117.916,2979100.0
2014-05-02,118.05,118.1049,116.5268,116.6426,2307700.0
2014-05-05,116.405,116.673,115.6433,116.5329,1653700.0
2014-05-06,116.335,116.3473,115.3055,115.7835,2265600.0
2014-05-07,116.0347,116.6231,114.5578,116.0102,2973700.0
2014-05-08,115.9244,116.7885,115.3545,115.7712,1857000.0
2014-05-09,115.8141,116.7824,115.4403,116.4882,1636400.0
2014-05-12,117.1685,118.29,117.0153,118.0142,3115000.0
2014-05-13,118.149,118.2961,117.5178,117.7813,1570800.0
2014-05-14,117.6097,117.6588,115.3177,115.6548,3730100.0
2014-05-15,115.8693,115.8754,114.0982,114.2698,3326800.0
2014-05-16,114.1533,114.852,113.945,114.6375,2929500.0
2014-05-19,114.3617,114.6804,114.0124,114.6007,2349300.0
2014-05-20,114.1411,114.4168,113.1912,113.3076,2124700.0
2014-05-21,113.8959,114.6988,113.3444,114.2269,2016200.0
2014-05-22,114.2636,114.2636,113.3934,113.7918,1692000.0
2014-05-23,113.8898,114.0737,113.565,113.9511,1871000.0
2014-05-27,113.2463,113.7734,112.7193,113.2402,3724900.0
2014-05-28,113.0563,113.3015,112.1126,112.1984,2761100.0
2014-05-29,112.5416,112.6274,111.7387,112.6151,2207700.0
2014-05-30,112.3822,113.1115,111.8368,112.9828,2531400.0
2014-06-02,113.2279,114.1595,113.1728,113.7979,2467900.0
2014-06-03,113.7121,113.8408,112.8357,112.9889,1752500.0
2014-06-04,113.1973,113.6508,112.8848,113.0747,1624900.0
2014-06-05,113.1667,114.043,112.7132,113.9756,2042800.0
2014-06-06,114.2759,114.999,113.9266,114.2146,2392300.0
2014-06-09,114.1227,114.9929,113.9633,114.1227,1756800.0
2014-06-10,113.7672,114.1227,112.6519,112.9399,3286300.0
2014-06-11,112.5232,112.8848,111.5426,111.6897,3246100.0
2014-06-12,111.8307,111.8736,110.8685,111.0585,3650800.0
2014-06-13,111.5365,112.1493,111.2423,111.8797,2024700.0
2014-06-16,111.7816,111.9716,111.0708,111.751,2418900.0
2014-06-17,111.4752,112.0329,111.2669,111.6958,1883600.0
2014-06-18,111.561,112.5232,111.4078,112.5171,2630500.0
2014-06-19,112.8357,113.0502,111.7571,112.039,2711100.0
2014-06-20,111.941,111.9471,111.1688,111.2607,5294300.0
2014-06-23,111.4875,111.6897,110.9237,111.6223,2508700.0
2014-06-24,111.2301,112.1493,110.7092,110.8501,2772000.0
2014-06-25,110.4395,110.9053,110.3476,110.7521,2107900.0
2014-06-26,110.844,111.1504,109.8635,110.5376,2664700.0
2014-06-27,110.1699,111.8184,110.1025,111.3588,2800200.0
2014-06-30,111.1259,111.4936,110.4702,111.0891,2921800.0
2014-07-01,111.3527,114.7662,111.3527,114.2024,5290100.0
2014-07-02,114.1962,115.8202,114.092,115.4525,4241200.0
2014-07-03,115.4525,115.7099,114.8152,115.5383,1721700.0
2014-07-07,114.9745,115.379,114.8703,115.2381,2129900.0
2014-07-08,114.999,115.2626,114.2146,114.7355,2449800.0
2014-07-09,115.0174,115.7651,114.5333,115.4709,2397200.0
2014-07-10,114.2575,115.2442,114.1166,115.0297,2590200.0
2014-07-11,115.0481,115.428,114.423,115.2135,1860800.0
2014-07-14,115.5506,116.7089,115.5383,116.3534,3723400.0
2014-07-15,116.1757,116.4882,115.3422,115.5138,3213000.0
2014-07-16,117.812,118.4984,116.905,117.8855,6507300.0
2014-07-17,117.8855,120.0856,117.6649,117.9652,6354500.0
2014-07-18,117.6404,118.5474,116.4392,117.9713,6611700.0
2014-07-21,117.2359,117.481,115.9796,116.9601,3463100.0
2014-07-22,117.4136,119.3318,117.3952,118.9457,4040400.0
2014-07-23,118.958,119.4421,118.627,118.6638,2991900.0
2014-07-24,118.8599,119.8834,118.7374,119.6505,2737700.0
2014-07-25,119.6873,120.055,118.7619,119.1357,2697300.0
2014-07-28,119.0744,120.3614,118.6761,119.9814,2604800.0
2014-07-29,119.6873,120.0488,119.2215,119.2399,2663000.0
2014-07-30,119.626,120.1101,118.2164,118.8906,3146100.0
2014-07-31,118.1797,119.0683,117.383,117.4627,3340300.0
2014-08-01,116.7456,117.3585,115.7406,115.9183,4032000.0
2014-08-04,116.0409,116.4086,115.5812,116.2186,1520700.0
2014-08-05,115.6791,115.9566,114.2551,114.662,2623200.0
2014-08-06,114.2674,115.2045,113.7003,114.6435,2654500.0
2014-08-07,115.0565,115.0812,113.1701,113.614,2159500.0
2014-08-08,113.6756,115.075,113.1701,115.0504,2017700.0
2014-08-11,115.7778,116.1168,114.8346,115.5682,1863400.0
2014-08-12,115.5559,116.3203,115.1613,115.488,1334500.0
2014-08-13,115.8949,116.1908,115.5065,115.8641,1372300.0
2014-08-14,115.6298,115.9997,115.2353,115.8209,1482400.0
2014-08-15,115.8024,116.4374,115.149,115.5127,1877100.0
2014-08-18,115.9566,117.0107,115.747,116.7333,1797500.0
2014-08-19,117.1525,117.2819,116.7333,117.171,1311300.0
2014-08-20,117.0415,117.3683,116.6655,117.1895,1462700.0
2014-08-21,117.6827,118.4039,117.4361,117.8861,1927200.0
2014-08-22,117.6025,118.2868,117.3066,117.3806,1303200.0
2014-08-25,117.9847,118.2436,117.5655,117.8429,1283700.0
2014-08-26,117.7566,119.3039,117.7566,118.9711,2224800.0
2014-08-27,118.9957,119.6738,118.0895,118.5149,1607400.0
2014-08-28,118.034,118.5457,117.5347,118.3608,1049300.0
2014-08-29,118.5334,118.8231,117.8306,118.5457,1604000.0
2014-09-02,118.78,118.9587,117.7011,118.0895,2114900.0
2014-09-03,118.6012,118.9464,118.2745,118.3299,1331100.0
2014-09-04,118.1697,118.7861,117.1648,117.547,2016300.0
2014-09-05,117.4546,118.2066,117.1833,117.8676,1538500.0
2014-09-08,117.5779,117.8676,116.8258,117.2141,1717700.0
2014-09-09,117.3374,117.584,116.9922,117.1217,1682700.0
2014-09-10,117.2018,118.4532,117.1895,118.0772,2048100.0
2014-09-11,117.7936,118.8416,117.2018,118.1881,1771900.0
2014-09-12,118.034,118.1142,117.4792,117.9169,2170900.0
2014-09-15,118.0032,118.6628,117.4854,118.2436,1808100.0
2014-09-16,117.8984,119.3286,117.6333,118.9526,1998400.0
2014-09-17,119.1128,119.3718,118.5457,118.8539,1960200.0
2014-09-18,118.8478,119.6738,118.7984,119.4396,2068500.0
2014-09-19,119.9266,120.2101,119.0943,119.5937,4577400.0
2014-09-22,119.4211,119.68,118.7491,119.045,2404100.0
2014-09-23,118.8231,119.0204,118.0649,118.1265,2347700.0
2014-09-24,117.7443,118.6382,117.0539,118.5519,2226500.0
2014-09-25,118.3916,118.669,116.4929,116.5175,3154800.0
2014-09-26,116.4682,117.3313,116.271,117.1648,1853000.0
2014-09-29,116.2093,117.1032,115.9689,116.9059,1811800.0
2014-09-30,116.9059,117.6518,116.6038,117.023,1939200.0
2014-10-01,117.0724,117.3744,115.149,115.3832,2452300.0
2014-10-02,115.6853,115.7593,114.8099,115.223,1774400.0
2014-10-03,115.9627,116.7395,115.6237,116.3079,2163900.0
2014-10-06,116.9367,117.6765,116.3326,116.536,1667600.0
2014-10-07,115.7531,115.9689,114.3784,114.4832,2257000.0
2014-10-08,114.6435,116.8812,114.4216,116.7333,2021700.0
2014-10-09,116.5853,116.8196,114.7175,114.9209,1811400.0
2014-10-10,114.5757,115.7346,114.1072,114.6188,4039100.0
2014-10-13,114.3476,115.0627,113.0715,113.1332,2718600.0
2014-10-14,113.9777,114.4894,113.1763,113.3058,2808500.0
2014-10-15,112.4797,113.2996,110.1926,112.042,5293100.0
2014-10-16,110.8399,111.8756,110.1556,110.8646,4388100.0
2014-10-17,111.7276,112.714,111.0988,112.227,3324700.0
2014-10-20,102.8506,105.002,102.7581,104.2438,19058600.0
2014-10-21,102.5793,102.7519,99.6696,100.6251,17609500.0
2014-10-22,100.1135,101.969,99.3121,99.7374,9551200.0
2014-10-23,99.9409,100.3786,99.5833,99.9779,6490200.0
2014-10-24,99.9162,100.1381,99.5278,99.9162,5340500.0
2014-10-27,99.8669,100.4279,99.7498,99.7868,4161100.0
2014-10-28,99.8669,100.8532,99.7436,100.8532,6666200.0
2014-10-29,101.3032,101.482,100.3354,100.7669,3968700.0
2014-10-30,100.7916,101.482,100.4957,101.3156,3029100.0
2014-10-31,102.0122,102.08,100.8656,101.3464,4335700.0
2014-11-03,101.2539,101.4327,100.7176,101.3217,3341600.0
2014-11-04,101.3094,101.3217,100.0148,100.2676,3269600.0
2014-11-05,100.569,100.8235,99.5945,99.7559,3196000.0
2014-11-06,100.1035,100.2587,99.3401,100.2152,3149000.0
2014-11-07,100.1904,100.6807,99.8366,100.5938,2529700.0
2014-11-10,100.4883,102.0835,100.3083,101.4752,4154100.0
2014-11-11,101.6056,101.7297,100.9228,101.3573,2839900.0
2014-11-12,100.7242,101.1711,100.4014,100.5007,2656200.0
2014-11-13,100.5504,101.0469,100.4263,101.0407,2610400.0
2014-11-14,100.6125,102.0959,100.358,101.8911,3818600.0
2014-11-17,101.8911,102.3938,101.618,101.8911,3302700.0
2014-11-18,102.2449,102.2573,100.4821,100.4821,4066700.0
2014-11-19,100.5814,100.6125,99.9049,100.1966,2858100.0
2014-11-20,99.8987,100.2401,99.1849,99.7063,3317200.0
2014-11-21,100.4449,100.5194,99.7745,99.8801,3162800.0
2014-11-24,100.2649,101.7049,99.967,100.6435,5724200.0
2014-11-25,100.9538,101.4814,100.2773,100.4014,2676600.0
2014-11-26,100.507,100.6125,99.9359,100.5194,3226600.0
2014-11-28,101.0159,101.4007,100.2028,100.6559,1700400.0
2014-12-01,100.327,101.1835,100.147,100.2649,3035200.0
2014-12-02,100.8421,101.0035,100.327,100.9663,2389100.0
2014-12-03,100.8421,102.1145,100.5504,102.1145,3850500.0
2014-12-04,101.798,102.1021,101.1773,101.8228,2873000.0
2014-12-05,101.5497,102.1021,101.1152,101.3387,2032100.0
2014-12-08,101.3511,101.3511,100.2649,100.4635,2226800.0
2014-12-09,99.8304,101.1835,99.8056,101.1649,2802900.0
2014-12-10,101.1773,101.3759,99.3277,99.6256,3134500.0
2014-12-11,99.818,101.1276,99.6318,99.9732,3190900.0
2014-12-12,99.4642,99.6194,96.4105,96.4415,7021600.0
2014-12-15,96.7829,97.2856,94.865,95.0015,4647000.0
2014-12-16,94.3622,96.1374,93.4126,93.9774,4811100.0
2014-12-17,94.0457,95.1567,93.7912,94.3001,4003400.0
2014-12-18,95.3243,97.8691,95.1505,97.8691,5038800.0
2014-12-19,97.7511,99.5635,97.7511,98.3842,6376500.0
2014-12-22,98.2725,100.4945,98.2725,100.2028,3856200.0
2014-12-23,100.6932,101.109,100.3083,100.6994,3238500.0
2014-12-24,101.0966,101.1649,100.3083,100.4387,1434700.0
2014-12-26,100.718,101.2269,100.5566,100.7614,1447600.0
2014-12-29,100.5504,100.7614,98.9677,99.6256,2616900.0
2014-12-30,99.3214,99.818,99.1787,99.3401,2171000.0
2014-12-31,99.5635,100.2401,99.5449,99.5821,3009200.0
2015-01-02,100.1221,101.3635,99.9297,100.5876,3851800.0
2015-01-05,100.0973,100.0973,98.8063,99.0049,3712100.0
2015-01-06,99.1042,99.2842,96.3111,96.8698,5091700.0
2015-01-07,97.5711,97.5711,95.6036,96.2367,3812900.0
2015-01-08,96.9753,98.7194,96.547,98.3284,3403000.0
2015-01-09,98.1359,99.5201,97.6022,98.7566,3686800.0
2015-01-12,98.6884,98.8435,96.6773,97.0994,3509600.0
2015-01-13,97.6084,99.2904,96.6277,97.3291,3638700.0
2015-01-14,96.1187,97.1304,95.4236,96.7022,3911300.0
2015-01-15,97.2546,97.4284,95.6843,95.9387,2985800.0
2015-01-16,95.4732,97.838,95.4732,97.5339,4052000.0
2015-01-20,97.2608,97.6518,95.6036,97.416,5780100.0
2015-01-21,94.9829,95.8953,93.7664,94.3994,10147000.0
2015-01-22,94.3063,96.6525,94.1946,96.4477,5036800.0
2015-01-23,96.2242,97.8194,96.1374,96.7456,3522700.0
2015-01-26,98.2291,98.9739,96.6836,97.0498,6837000.0
2015-01-27,96.4911,96.4911,94.7098,95.3801,4667800.0
2015-01-28,95.5849,95.9139,94.0643,94.0643,3485800.0
2015-01-29,93.9588,96.5656,92.8043,96.5036,7283200.0
2015-01-30,95.678,96.3546,94.9891,95.1567,4152200.0
2015-02-02,95.5849,95.9946,94.0395,95.9946,3624200.0
2015-02-03,96.0505,98.4401,96.0505,98.3594,4516000.0
2015-02-04,97.5773,98.5084,97.2608,97.4222,2943800.0
2015-02-05,97.6243,98.4368,97.5368,98.0118,2920900.0
2015-02-06,98.3431,98.8056,97.6493,97.9556,2340300.0
2015-02-09,97.5055,98.4431,97.1305,97.3493,1831000.0
2015-02-10,97.9681,99.1056,96.9305,99.1056,3259000.0
2015-02-11,98.6056,99.4369,98.2368,98.8806,2428100.0
2015-02-12,99.2056,99.6932,98.8119,99.0806,2587300.0
2015-02-13,99.2431,100.5057,99.1556,100.2557,2769700.0
2015-02-17,99.8494,100.887,99.8369,100.6057,2029900.0
2015-02-18,101.1682,101.5495,100.4057,101.3745,3448300.0
2015-02-19,101.287,102.8121,100.9057,102.4371,2865500.0
2015-02-20,102.2808,102.7183,101.312,102.2871,2541600.0
2015-02-23,102.6496,102.7558,101.5683,101.8245,2035100.0
2015-02-24,101.562,103.1246,100.9495,103.0246,3239800.0
2015-02-25,103.0934,103.1059,101.6183,101.762,3204600.0
2015-02-26,102.3433,102.5933,99.8619,100.5495,5697000.0
2015-02-27,100.662,101.437,100.1057,101.2182,3268800.0
2015-03-02,101.0557,101.187,99.8869,100.3057,4741700.0
2015-03-03,100.1744,101.0995,100.0057,100.6495,2557100.0
2015-03-04,100.3432,100.3557,99.2056,99.6432,2835600.0
2015-03-05,99.9182,100.9432,99.8182,100.7432,2723600.0
2015-03-06,100.1244,100.9057,98.7931,99.0681,3409200.0
2015-03-09,98.8806,100.7245,98.8806,100.487,3365700.0
2015-03-10,99.7557,100.1494,98.6368,98.6368,3385000.0
2015-03-11,99.1119,99.4681,97.4618,98.0056,3734900.0
2015-03-12,97.6743,99.2056,97.6743,98.7431,2414600.0
2015-03-13,98.4181,98.4556,95.8804,96.4305,4237500.0
2015-03-16,96.9117,98.1868,96.7555,98.1806,2724600.0
2015-03-17,97.5743,98.3118,97.1118,98.1056,2329800.0
2015-03-18,98.0368,100.4432,97.3805,99.8869,3638200.0
2015-03-19,99.7307,100.5807,99.2619,99.8869,2900300.0
2015-03-20,100.5995,101.8808,100.2244,101.8058,5134400.0
2015-03-23,101.737,103.3496,101.712,102.8996,4265800.0
2015-03-24,102.9996,103.0621,101.8183,101.8808,3209000.0
2015-03-25,101.9308,101.9308,99.5056,99.5056,3990400.0
2015-03-26,99.5494,100.787,99.3244,100.3744,3386400.0
2015-03-27,100.4995,100.5682,99.5244,100.2557,2605800.0
2015-03-30,100.8245,102.2558,100.787,101.6745,3204000.0
2015-03-31,100.6807,101.462,100.2557,100.3182,3086700.0
2015-04-01,100.1494,100.3932,98.9994,99.4931,2837600.0
2015-04-02,99.6619,101.5933,99.3119,100.2869,3905200.0
2015-04-06,99.8119,101.7558,99.1931,101.2807,2630100.0
2015-04-07,101.0495,102.4058,101.0182,101.2995,2286100.0
2015-04-08,101.0807,102.2246,100.637,101.162,1979400.0
2015-04-09,101.0682,101.5495,100.4557,101.4683,1624900.0
2015-04-10,101.4683,102.087,100.787,101.7933,1870100.0
2015-04-13,101.487,102.5058,101.4808,101.4933,1860100.0
2015-04-14,101.5183,101.7183,100.4995,101.4433,2233400.0
2015-04-15,101.6495,103.1059,101.5683,102.5871,2732900.0
2015-04-16,102.0745,102.4933,101.5933,101.962,2311400.0
2015-04-17,101.0995,101.1682,100.0244,100.4244,3319300.0
2015-04-20,101.3182,104.1559,101.1932,103.8559,6723500.0
2015-04-21,103.7996,104.6184,102.5371,102.6683,7892700.0
2015-04-22,102.7496,103.7559,101.812,103.3559,3151300.0
2015-04-23,103.2746,107.4498,103.2184,106.406,6748400.0
2015-04-24,106.3998,106.7873,105.4685,106.1185,3001300.0
2015-04-27,106.8123,107.1873,106.4435,106.7123,2516700.0
2015-04-28,106.7748,109.1874,106.2685,108.7062,4599000.0
2015-04-29,108.3812,109.4687,108.0061,109.0062,3599700.0
2015-04-30,108.6124,108.9312,106.4435,107.0623,3843800.0
2015-05-01,108.2561,108.7562,107.7686,108.5499,2539100.0
2015-05-04,109.0499,110.1938,108.5687,108.7374,2931900.0
2015-05-05,108.4519,108.8991,107.4758,108.1811,2591100.0
2015-05-06,108.8865,109.6107,106.3422,107.0916,2737600.0
2015-05-07,106.8271,108.3071,106.4556,107.6836,1815600.0
2015-05-08,108.9117,109.1573,108.4708,108.7479,2000100.0
2015-05-11,108.729,108.9432,107.6018,107.7655,2019700.0
2015-05-12,107.4065,107.9985,106.3296,107.4065,2173900.0
2015-05-13,107.8411,108.7857,107.5325,108.496,1831600.0
2015-05-14,109.2643,109.8311,109.088,109.6107,1762400.0
2015-05-15,109.5225,109.8374,108.6975,109.1132,1951800.0
2015-05-18,109.2265,109.258,108.5086,108.9872,1421300.0
2015-05-19,108.9306,109.4218,108.2756,109.2517,1932700.0
2015-05-20,109.1573,109.8563,108.6094,109.4281,1797700.0
2015-05-21,109.151,109.6674,108.9683,109.1636,1413400.0
2015-05-22,108.9746,109.1951,108.4393,108.4582,1907400.0
2015-05-26,108.389,108.3953,106.5123,107.142,2842500.0
2015-05-27,107.7907,108.622,107.3687,108.3197,2081400.0
2015-05-28,107.9733,108.2189,107.4758,108.1371,1242200.0
2015-05-29,107.9103,107.9103,106.8397,106.8397,2566600.0
2015-06-01,107.1924,107.7151,106.4493,107.1735,2280612.0
2015-06-02,106.846,107.3436,106.0714,106.8397,1724403.0
2015-06-03,107.375,108.0489,106.8271,107.0098,1646003.0
2015-06-04,106.7642,107.438,105.7565,106.0399,2498182.0
2015-06-05,105.9581,106.38,105.2968,105.4228,2351681.0
2015-06-08,105.2779,105.3472,103.9239,104.1254,2997211.0
2015-06-09,104.1254,104.5537,102.8848,104.3396,2677021.0
2015-06-10,104.8497,106.676,104.5789,106.38,3522635.0
2015-06-11,106.5941,107.3373,106.1407,106.2918,2697302.0
2015-06-12,105.9455,105.9896,104.9756,105.1646,2336500.0
2015-06-15,104.1192,104.8182,103.439,104.7048,3323936.0
2015-06-16,104.7489,105.4228,104.4844,105.0701,2617380.0
2015-06-17,105.1709,105.7062,104.6041,105.2779,2101939.0
2015-06-18,105.2023,106.2541,105.2023,105.9581,2596303.0
2015-06-19,105.5613,106.0651,105.026,105.1646,3316386.0
2015-06-22,105.5802,106.0147,105.2968,105.6306,1728318.0
2015-06-23,106.0399,107.0413,105.5298,106.1911,2909652.0
2015-06-24,106.2478,106.3296,105.0638,105.152,2806632.0
2015-06-25,105.6747,105.8825,104.5915,104.5915,1773708.0
2015-06-26,104.6859,105.0575,104.0562,104.201,2573337.0
2015-06-29,103.2312,104.1317,102.5825,102.6329,2599060.0
2015-06-30,103.2753,103.2816,102.0976,102.4377,2543756.0
2015-07-01,103.2627,104.2955,103.0297,103.5901,2494967.0
2015-07-02,103.9428,104.1129,103.5461,103.968,2109431.0
2015-07-06,103.1745,104.0562,102.9793,103.7413,2142798.0
2015-07-07,103.8735,104.1317,102.1669,103.9113,2653109.0
2015-07-08,103.2816,103.8735,102.4503,102.7526,2135268.0
2015-07-09,104.1254,104.2325,103.0926,103.1871,3175802.0
2015-07-10,104.327,105.4228,104.2325,105.1394,3402704.0
2015-07-13,105.7565,106.9909,105.4983,106.6697,3568325.0
2015-07-14,106.7012,106.7705,105.9518,106.1848,2343265.0
2015-07-15,106.1029,106.6004,105.8006,106.1344,1550360.0
2015-07-16,106.6949,107.7466,106.5312,107.6899,2894771.0
2015-07-17,107.268,108.6472,107.1231,108.6409,3446669.0
2015-07-20,108.8172,109.4407,108.4079,109.088,5098002.0
2015-07-21,103.4957,104.7615,102.0346,102.6959,11473362.0
2015-07-22,102.4818,102.6959,100.5736,100.9829,6073559.0
2015-07-23,100.9325,102.4944,100.6554,101.852,4229182.0
2015-07-24,101.5749,101.9779,100.3909,100.6051,2844828.0
2015-07-27,100.1327,100.8759,99.8808,100.1768,2988066.0
2015-07-28,100.7058,100.8822,99.8179,100.794,2023063.0
2015-07-29,100.7625,101.7071,100.3783,101.4489,2224519.0
2015-07-30,101.0774,101.6442,100.6051,101.3671,1589571.0
2015-07-31,101.6442,102.0598,101.1593,102.0157,2712432.0
2015-08-03,101.7134,101.9276,99.44,99.9501,3806634.0
2015-08-04,99.7549,99.9942,98.7913,99.2511,3058644.0
2015-08-05,100.202,100.4814,99.1733,99.44,2348415.0
2015-08-06,99.7067,100.0369,99.1733,99.2622,2391255.0
2015-08-07,98.9891,99.2177,97.9986,98.5002,3037240.0
2015-08-10,99.5479,99.9924,99.1352,99.5352,3299748.0
2015-08-11,99.0336,99.0526,98.3351,98.7478,2454350.0
2015-08-12,97.9541,99.3892,97.7573,99.1606,2924845.0
2015-08-13,99.0971,99.1161,97.9859,98.4685,1958392.0
2015-08-14,98.424,99.1923,98.1573,98.9002,2091163.0
2015-08-17,98.551,99.4971,98.2335,99.2558,1832902.0
2015-08-18,99.0399,99.3892,98.5828,99.0653,1598249.0
2015-08-19,98.5193,98.8494,97.4144,97.7509,3154526.0
2015-08-20,96.9889,97.7319,96.8365,96.9381,3150945.0
2015-08-21,96.2015,97.2747,94.4235,94.5188,5777072.0
2015-08-24,91.1025,93.8266,90.3723,91.1025,7530163.0
2015-08-25,93.0266,93.4139,89.2928,89.5087,5392750.0
2015-08-26,91.4962,93.3314,90.258,93.1536,4601719.0
2015-08-27,94.2965,94.595,92.4932,94.3219,3919579.0
2015-08-28,93.8203,94.106,93.4584,93.9663,3223806.0
2015-08-31,93.5854,94.233,92.8742,93.9092,2860809.0
2015-09-01,92.0169,92.0614,90.0738,90.6009,4127989.0
2015-09-02,91.909,92.1249,90.9184,92.1058,3300398.0
2015-09-03,92.7408,93.9981,92.563,93.2044,2965417.0
2015-09-04,91.801,92.3281,91.0073,91.2486,2871984.0
2015-09-08,92.6202,93.56,92.4932,93.4901,3078258.0
2015-09-09,94.4489,94.6394,91.9788,92.1058,2628784.0
2015-09-10,92.3217,93.4457,91.7629,92.8361,2525332.0
2015-09-11,92.6519,93.6616,92.4995,93.579,2339953.0
2015-09-14,93.579,93.579,92.3344,92.4868,1969230.0
2015-09-15,93.0901,93.9346,92.5567,93.6806,2169243.0
2015-09-16,93.8774,94.5442,93.687,94.2394,2072369.0
2015-09-17,94.0425,95.0458,93.5346,94.0679,2860563.0
2015-09-18,92.7408,92.9567,91.4264,91.7629,5075073.0
2015-09-21,92.3217,93.3314,92.0233,93.0139,2398161.0
2015-09-22,91.8328,92.1122,91.2867,91.7121,2050242.0
2015-09-23,91.5724,91.801,90.6453,91.2232,1874637.0
2015-09-24,90.4612,92.1185,90.1373,91.6994,2552788.0
2015-09-25,92.4233,92.8805,91.7756,92.3408,2440896.0
2015-09-28,91.7248,92.3154,90.4675,90.4993,3360260.0
2015-09-29,90.1627,90.5882,89.6293,90.4675,3637392.0
2015-09-30,91.2422,92.5249,91.2232,92.055,2700628.0
2015-10-01,92.2709,92.4995,89.9087,91.1787,3184700.0
2015-10-02,89.5658,91.8137,89.2547,91.8074,2441868.0
2015-10-05,92.5948,95.1855,92.417,94.6394,4153197.0
2015-10-06,94.6521,95.3443,94.2902,94.4743,2441129.0
2015-10-07,95.2744,95.7126,94.5188,95.3062,2512436.0
2015-10-08,95.0522,97.1667,94.7982,96.6968,3768664.0
2015-10-09,96.8111,97.2493,96.0555,96.7667,2830806.0
2015-10-12,96.773,96.8873,95.7888,95.9729,2435564.0
2015-10-13,95.7443,95.7443,94.7283,95.0077,3220167.0
2015-10-14,94.6077,95.6618,94.6077,95.2554,2819723.0
2015-10-15,95.8269,96.0364,94.3473,95.3062,2574206.0
2015-10-16,95.5348,96.011,94.7791,95.4967,2766217.0
2015-10-19,95.1538,95.23,94.2203,94.7537,4441077.0
2015-10-20,90.4802,90.7279,89.0705,89.3055,13680256.0
2015-10-21,89.0578,90.5882,88.4546,89.4833,6061749.0
2015-10-22,90.004,92.1185,89.9278,91.4962,4398305.0
2015-10-23,91.8264,92.3852,91.2486,91.8709,3967395.0
2015-10-26,91.9153,92.0741,90.9374,91.2232,2535554.0
2015-10-27,91.1279,91.3311,87.2037,87.5402,13161471.0
2015-10-28,87.5783,89.6801,87.3116,89.4261,7359612.0
2015-10-29,89.1277,89.4198,88.2768,89.2483,3130833.0
2015-10-30,89.1785,89.7436,88.8356,88.9499,2948793.0
2015-11-02,89.2166,89.2293,88.6261,89.134,2820827.0
2015-11-03,88.9118,90.6771,88.8356,90.0929,3064057.0
2015-11-04,90.5183,90.5818,89.7246,89.9341,2758678.0
2015-11-05,89.9317,90.4252,88.6626,88.8292,3510389.0
2015-11-06,88.8357,89.4446,88.3678,88.6113,3992923.0
2015-11-09,88.419,88.5024,86.4513,86.7269,6617254.0
2015-11-10,86.759,87.0025,85.9642,86.8295,3720812.0
2015-11-11,87.2269,87.2974,86.2078,86.5411,2572826.0
2015-11-12,86.336,86.336,85.2527,85.272,3628568.0
2015-11-13,85.2143,85.2463,84.3811,84.4452,3770349.0
2015-11-16,84.4708,85.945,84.4708,85.7014,3382518.0
2015-11-17,86.0283,86.4129,85.445,85.7719,2282815.0
2015-11-18,86.3936,87.1115,86.0539,87.0538,3392188.0
2015-11-19,87.3038,88.2844,87.1756,87.6435,2923212.0
2015-11-20,88.0473,89.0408,87.9704,88.7716,4330032.0
2015-11-23,88.7908,89.0087,87.8871,88.7459,3329264.0
2015-11-24,88.2268,89.31,88.0088,88.8357,2746346.0
2015-11-25,88.6882,88.7267,88.0473,88.4511,2572377.0
2015-11-27,88.4511,88.9703,87.9447,88.7459,1129449.0
2015-11-30,88.8421,89.6689,88.7844,89.3612,2790644.0
2015-12-01,89.5407,90.6303,89.4638,90.5534,3231536.0
2015-12-02,90.3291,90.5085,89.4125,89.5407,2938807.0
2015-12-03,89.7971,90.2009,88.5729,89.0408,4129671.0
2015-12-04,88.5088,90.3868,88.4447,90.0086,3627188.0
2015-12-07,89.8355,89.9958,88.9703,89.4446,2471998.0
2015-12-08,88.6306,89.1305,88.1498,88.4831,3036947.0
2015-12-09,88.0537,89.6304,87.3166,87.5602,3670838.0
2015-12-10,87.8294,88.3549,86.9897,87.6691,3423785.0
2015-12-11,86.6757,86.8103,85.8296,86.2526,3755604.0
2015-12-14,86.7205,87.2589,85.9001,87.1243,3235434.0
2015-12-15,88.0665,89.0728,87.9896,88.3165,3056329.0
2015-12-16,89.169,89.5087,88.3165,89.2779,3544306.0
2015-12-17,89.3164,89.4125,87.3615,87.6499,3222117.0
2015-12-18,87.323,87.7845,86.0603,86.4641,6170821.0
2015-12-21,87.0602,87.0602,85.9001,86.8487,3745519.0
2015-12-22,87.0923,88.5729,86.9449,88.4062,3292847.0
2015-12-23,88.6434,89.2907,88.5216,88.7972,3901475.0
2015-12-24,88.7267,89.0151,88.5216,88.6113,1169235.0
2015-12-28,88.2844,88.4831,87.5153,88.2011,2313435.0
2015-12-29,88.6113,89.7714,88.5793,89.592,3021302.0
2015-12-30,89.4638,90.015,89.233,89.31,2441656.0
2015-12-31,89.1369,89.1561,88.1755,88.2075,2529044.0
2016-01-04,86.9128,87.15,86.0411,87.1371,3981195.0
2016-01-05,87.6563,87.7396,86.4321,87.073,2769953.0
2016-01-06,86.1309,86.9,85.6437,86.6372,3278711.0
2016-01-07,85.695,86.5411,84.881,85.1566,5308616.0
2016-01-08,85.3617,85.7719,84.1695,84.3682,3593956.0
2016-01-11,84.4836,85.7719,84.4516,85.3938,3847687.0
2016-01-12,85.663,85.7463,84.0478,85.1822,4077657.0
2016-01-13,85.5668,86.0668,84.0285,84.0734,3865860.0
2016-01-14,84.5605,85.7527,84.1054,85.1887,4540319.0
2016-01-15,83.3299,83.8875,82.5992,83.3427,7167915.0
2016-01-19,83.394,84.6695,82.08,82.1121,7468445.0
2016-01-20,75.9269,79.4714,75.6321,78.1062,13917431.0
2016-01-21,77.7472,80.1828,77.2793,78.7792,7427501.0
2016-01-22,79.9072,79.9521,78.0485,78.5164,6475810.0
2016-01-25,78.26,79.6252,77.9651,78.2472,4363490.0
2016-01-26,78.3561,79.2278,78.3497,78.5741,3710638.0
2016-01-27,78.6638,79.074,77.3306,77.5293,4093861.0
2016-01-28,77.8946,78.7279,77.5614,78.3369,3111356.0
2016-01-29,79.0163,79.9841,78.8112,79.9841,4508630.0
2016-02-01,79.7342,80.3046,79.2919,80.0098,2801684.0
2016-02-02,79.2663,79.5675,78.6061,78.7984,2518185.0
2016-02-03,79.4714,80.4072,78.3818,79.9393,3462114.0
2016-02-04,80.17,82.3621,80.1187,81.8173,4250283.0
2016-02-05,81.5328,82.4523,80.6457,82.4069,5791272.0
2016-02-08,81.5846,82.5623,80.3738,82.2192,5411136.0
2016-02-09,81.6623,82.1868,80.1407,80.3349,4972838.0
2016-02-10,80.9371,81.1249,77.596,77.8227,5480005.0
2016-02-11,76.9097,77.4795,75.6924,76.3075,5957972.0
2016-02-12,77.2205,78.3795,76.6313,78.373,3776924.0
2016-02-16,78.8845,79.7004,78.5673,79.4738,2641981.0
2016-02-17,80.1018,81.9537,79.804,81.6494,3808752.0
2016-02-18,84.1746,86.7646,84.0127,85.761,8432311.0
2016-02-19,85.7027,86.538,84.7185,86.1689,3899884.0
2016-02-22,86.661,86.9653,85.7351,86.6157,3295527.0
2016-02-23,86.2077,86.3826,85.4761,85.7286,2685738.0
2016-02-24,85.1782,86.4344,83.9674,85.9876,3263190.0
2016-02-25,86.3049,87.0948,84.7444,87.0883,3484791.0
2016-02-26,87.0948,87.3603,85.4372,85.489,3551207.0
2016-02-29,85.4696,86.3502,84.7573,84.8415,2854686.0
2016-03-01,85.625,87.179,85.489,87.0042,3033566.0
2016-03-02,86.5703,88.992,86.2595,88.2538,4082838.0
2016-03-03,88.8495,89.3351,88.1049,89.2251,4143098.0
2016-03-04,89.0502,90.274,88.72,89.2251,3117611.0
2016-03-07,88.8884,90.9798,88.6229,90.7467,4138897.0
2016-03-08,90.4618,90.8762,88.979,90.0474,4230582.0
2016-03-09,90.2028,92.0546,90.151,90.915,3355926.0
2016-03-10,91.4525,91.6014,89.4128,90.7726,3138903.0
2016-03-11,91.7697,92.5467,90.9798,92.1777,3391527.0
2016-03-14,91.951,92.7151,91.323,92.4496,2999279.0
2016-03-15,91.7762,92.8057,91.6467,92.5662,2639410.0
2016-03-16,92.346,93.8094,92.0158,93.7511,3381017.0
2016-03-17,93.7446,95.3892,93.5309,95.2079,4533911.0
2016-03-18,95.441,95.5123,94.2173,95.2403,4599766.0
2016-03-21,95.3763,96.2893,95.0007,96.2375,2726538.0
2016-03-22,95.8684,96.6583,95.7259,95.8943,2624813.0
2016-03-23,95.8295,95.849,93.9712,94.1461,3575390.0
2016-03-24,93.8741,95.972,93.5568,95.7972,3873232.0
2016-03-28,95.6677,96.2504,95.331,96.0885,2643520.0
2016-03-29,95.5641,96.9691,95.5058,96.6907,2427097.0
2016-03-30,97.0922,97.39,96.0367,96.095,2583887.0
2016-03-31,96.9886,99.1318,96.7101,98.0634,5162663.0
2016-04-01,97.4548,99.0411,97.2864,98.7562,2984705.0
2016-04-04,98.6397,99.4037,98.3613,98.4649,2556600.0
2016-04-05,98.0505,98.1605,96.8979,97.1245,2603092.0
2016-04-06,97.0598,97.2217,95.7065,97.1375,3079957.0
2016-04-07,96.5224,96.8655,95.8295,95.9914,2564840.0
2016-04-08,96.5159,97.1181,95.9072,96.7037,2447282.0
2016-04-11,97.2929,98.3872,96.6195,96.6389,2663252.0
2016-04-12,96.872,97.1958,96.2051,96.885,2703578.0
2016-04-13,97.6102,97.921,96.885,97.921,2331442.0
2016-04-14,98.0958,98.9116,97.3706,97.8756,2427337.0
2016-04-15,97.7979,98.4843,97.7461,98.2382,2564097.0
2016-04-18,98.2577,99.1577,98.0893,98.7627,4489500.0
2016-04-19,94.8389,95.1497,92.3395,93.2396,11165663.0
2016-04-20,93.395,95.3115,93.2396,94.6058,5561877.0
2016-04-21,94.9101,97.2022,94.8324,96.6713,4882958.0
2016-04-22,96.7619,97.772,95.5058,96.1533,3662792.0
2016-04-25,95.6871,96.4123,95.2533,96.354,2061455.0
2016-04-26,96.2504,96.9886,95.7648,96.5288,2374250.0
2016-04-27,96.7037,97.6296,96.4576,97.4289,2375230.0
2016-04-28,96.9627,97.2411,95.0007,95.2274,2797345.0
2016-04-29,94.8518,95.4022,93.3626,94.4957,3071925.0
2016-05-02,94.8453,95.182,93.518,94.0619,2495293.0
2016-05-03,93.6604,93.8223,92.5273,93.3237,2615323.0
2016-05-04,92.8252,93.8871,92.7928,93.4014,1996995.0
2016-05-05,94.4989,95.3815,94.1721,94.8389,5405611.0
2016-05-06,94.7016,96.7347,94.4466,96.2902,3898275.0
2016-05-09,96.5582,96.8851,96.1071,96.3229,2819585.0
2016-05-10,96.9112,98.088,96.5844,98.0422,2770773.0
2016-05-11,97.8723,98.7744,97.2381,97.3754,2409640.0
2016-05-12,97.5454,97.6631,96.1725,97.3035,2284644.0
2016-05-13,97.2708,97.9703,96.3752,96.5713,1776523.0
2016-05-16,96.5255,98.0553,96.3882,97.7088,1718102.0
2016-05-17,97.5454,97.735,96.2902,96.7543,2133916.0
2016-05-18,96.7478,97.0943,95.6822,96.3229,1851002.0
2016-05-19,95.7607,96.0548,94.1067,94.7473,2930702.0
2016-05-20,95.2442,96.434,95.1527,96.264,2659472.0
2016-05-23,96.4994,96.7217,95.8783,95.9502,1413511.0
2016-05-24,96.0222,97.2447,96.0222,96.957,1936089.0
2016-05-25,97.2708,99.4282,97.0812,99.1667,3556118.0
2016-05-26,99.0751,99.7027,98.7483,99.657,2419915.0
2016-05-27,99.5981,99.9773,99.4674,99.9185,1932452.0
2016-05-31,99.7354,100.5526,99.5458,100.5068,2769760.0
2016-06-01,100.0231,100.1996,99.0686,99.7027,1955618.0
2016-06-02,99.755,100.3499,99.4478,100.3499,1931744.0
2016-06-03,99.6308,100.0492,99.1732,99.9512,1768267.0
2016-06-06,100.0819,100.6441,99.5916,99.8466,1852578.0
2016-06-07,100.1865,100.6311,99.8008,100.2388,3628210.0
2016-06-08,100.3696,100.7357,100.0492,100.6768,2322167.0
2016-06-09,99.9708,100.5199,99.8466,100.2976,1568690.0
2016-06-10,100.0231,100.2388,99.2778,99.6112,2389260.0
2016-06-13,99.1274,99.6962,98.2449,98.8986,2551652.0
2016-06-14,98.8986,99.232,98.3233,98.7548,2279270.0
2016-06-15,99.0163,99.2386,98.4541,98.5064,1547159.0
2016-06-16,98.186,98.9117,97.4081,98.7548,1869270.0
2016-06-17,98.9052,99.84,98.4541,99.3628,3060495.0
2016-06-20,99.7616,101.1148,99.7093,100.4219,2620947.0
2016-06-21,100.7814,101.0495,100.4742,100.7095,1930433.0
2016-06-22,100.5134,101.141,99.5458,99.9708,2156328.0
2016-06-23,100.3173,101.6444,99.7616,101.5594,3175625.0
2016-06-24,98.0422,98.4606,95.5645,95.8326,5781963.0
2016-06-27,95.5645,95.8391,93.1587,93.8125,3870355.0
2016-06-28,94.6493,95.2703,94.2832,95.2507,2882483.0
2016-06-29,95.7737,97.0681,95.741,97.0551,2426293.0
2016-06-30,97.3166,99.3105,97.1924,99.2255,2703781.0
2016-07-01,99.5981,100.0035,98.9771,99.5981,1938180.0
2016-07-05,98.8398,99.3693,98.5587,99.1601,1792648.0
2016-07-06,99.3366,99.6374,98.0095,99.6112,1962896.0
2016-07-07,99.8596,100.4742,99.2974,99.7616,1611222.0
2016-07-08,100.6768,101.0691,100.0754,100.9775,2292329.0
2016-07-11,101.0691,102.0105,101.0037,101.5463,2047208.0
2016-07-12,101.9843,102.7165,101.6705,102.6642,2938089.0
2016-07-13,103.1284,103.5141,102.6773,103.3049,2062717.0
2016-07-14,103.8213,105.5145,103.671,104.7823,3691716.0
2016-07-15,104.5339,104.5862,103.6187,104.4555,3173135.0
2016-07-18,104.1417,105.0896,103.769,104.5078,4482345.0
2016-07-19,105.763,105.9983,103.2199,104.3247,6078741.0
2016-07-20,104.5797,105.7172,104.3378,105.4884,3470675.0
2016-07-21,105.0896,105.8087,104.5274,104.8935,2232179.0
2016-07-22,105.1092,106.0179,104.9066,105.9525,1913893.0
2016-07-25,105.8872,106.4821,105.7433,106.3317,1887753.0
2016-07-26,106.3317,106.9528,105.4949,105.9852,2311384.0
2016-07-27,105.9852,106.2794,105.3707,105.7956,1601755.0
2016-07-28,105.5015,105.7826,105.0635,105.4949,1378226.0
2016-07-29,105.5799,105.691,104.6189,105.0046,2245378.0
2016-08-01,105.0242,105.678,104.4947,105.5472,2197642.0
2016-08-02,105.4296,105.5472,104.8346,104.9785,2395416.0
2016-08-03,104.6843,105.1615,104.4685,105.0373,2284939.0
2016-08-04,105.1615,105.7107,104.6777,105.6126,1798145.0
2016-08-05,105.8983,106.894,105.6148,106.8874,2493080.0
2016-08-08,107.3028,107.6589,106.5445,106.8478,2047652.0
2016-08-09,106.9665,107.3358,106.5841,106.6698,1845046.0
2016-08-10,106.9467,107.2567,106.7885,106.8742,1831576.0
2016-08-11,106.9863,108.7667,106.9402,107.8303,7770137.0
2016-08-12,107.6061,107.7842,106.505,106.7885,1946233.0
2016-08-15,107.0852,107.4611,106.6764,106.7423,1706261.0
2016-08-16,106.2346,106.7753,105.9577,105.9643,1658679.0
2016-08-17,106.1423,106.2676,105.3972,105.7928,2330043.0
2016-08-18,106.0895,106.8215,105.7928,106.3995,2297872.0
2016-08-19,106.0566,106.1027,105.1862,105.5291,2044412.0
2016-08-22,105.5027,105.8785,104.929,105.5027,1344854.0
2016-08-23,105.7203,106.3863,105.6543,105.6741,1749656.0
2016-08-24,105.5027,105.6214,104.3949,104.8763,2853722.0
2016-08-25,104.8433,105.1994,104.4608,104.5993,1956904.0
2016-08-26,104.7642,105.7928,104.085,104.3949,1933916.0
2016-08-29,104.7378,105.6412,104.5136,105.3181,1525581.0
2016-08-30,105.3444,105.6016,104.718,105.107,1203835.0
2016-08-31,105.2785,105.2785,104.3553,104.7642,1545883.0
2016-09-01,104.3949,105.2521,104.2498,105.1994,1793530.0
2016-09-02,105.4236,105.8785,104.9422,105.206,1737994.0
2016-09-06,105.4236,106.0698,104.9158,105.7335,2058931.0
2016-09-07,105.628,106.6632,105.5027,106.5841,2199144.0
2016-09-08,105.8653,106.3005,104.685,104.8433,2930972.0
2016-09-09,104.2498,104.4477,102.6343,102.6607,3473760.0
2016-09-12,102.3772,104.5334,102.1002,104.3751,3017370.0
2016-09-13,103.9399,104.1377,102.5354,102.7398,2868041.0
2016-09-14,102.6673,102.7794,101.1441,101.5793,3186754.0
2016-09-15,101.7441,103.0827,101.0254,102.6409,2891878.0
2016-09-16,102.2321,102.4695,101.1969,101.4408,4148771.0
2016-09-19,102.12,102.9904,101.909,102.12,1861485.0
2016-09-20,102.7794,103.241,101.8431,101.8431,1704745.0
2016-09-21,102.1464,102.6541,101.4606,102.5552,1896550.0
2016-09-22,102.964,103.6696,102.6607,102.9376,2037460.0
2016-09-23,102.6145,102.8915,102.0145,102.1925,1634921.0
2016-09-26,101.8497,101.8497,101.1903,101.5331,1810271.0
2016-09-27,101.7376,103.3728,101.421,103.3728,2207314.0
2016-09-28,103.5179,104.5993,103.0168,104.3751,2511035.0
2016-09-29,104.5993,108.7996,103.8278,104.2564,2576160.0
2016-09-30,104.7246,105.3972,104.2235,104.7444,2249495.0
2016-10-03,104.2235,104.4279,103.5377,103.9267,1643468.0
2016-10-04,103.9663,104.5334,102.7464,103.1684,2239380.0
2016-10-05,103.5707,104.0718,103.3399,103.5773,1180424.0
2016-10-06,103.419,103.808,102.7926,103.4454,1415544.0
2016-10-07,103.6168,103.9861,102.1134,102.6475,2038967.0
2016-10-10,103.2871,104.507,103.2871,103.5377,1959778.0
2016-10-11,103.3465,103.4915,101.4738,102.0672,1988675.0
2016-10-12,102.1859,102.1859,100.9397,101.7376,2138452.0
2016-10-13,101.3485,101.6914,100.4056,101.3617,2100038.0
2016-10-14,101.8035,102.5552,101.6057,101.8431,2531567.0
2016-10-17,101.8431,102.7926,101.7705,102.0541,3674413.0
2016-10-18,98.922,99.5682,97.4515,99.3835,11080712.0
2016-10-19,99.7462,100.5243,99.4561,99.7396,3618658.0
2016-10-20,99.7528,100.821,99.5813,99.911,2906943.0
2016-10-21,99.2912,99.6671,98.6186,98.6648,3490056.0
2016-10-24,99.1725,99.911,99.1725,99.2846,1937648.0
2016-10-25,99.3637,99.6737,98.7967,99.489,2095925.0
2016-10-26,99.3769,100.8474,99.0736,100.1023,2129280.0
2016-10-27,100.7682,101.5859,100.2407,101.1177,3172886.0
2016-10-28,101.5793,101.8365,100.3462,100.6298,2576646.0
2016-10-31,100.7287,101.7639,100.7287,101.3419,2442184.0
2016-11-01,101.2166,101.487,100.0561,100.7485,2418875.0
2016-11-02,100.5441,101.1177,100.0099,100.1946,2019723.0
2016-11-03,100.5638,101.3749,100.0957,100.4715,2238988.0
2016-11-04,100.4913,101.3089,100.1418,100.5111,1795886.0
2016-11-07,101.4762,102.94,101.4296,102.6805,2463065.0
2016-11-08,102.8601,103.7517,101.8421,103.2461,2208999.0
2016-11-09,101.7756,103.5055,100.4714,103.0065,3952394.0
2016-11-10,104.9028,107.2316,104.8563,106.6062,6315568.0
2016-11-11,106.4398,107.3514,106.014,107.3048,3254406.0
2016-11-14,107.2915,107.6974,104.8496,105.2688,3363190.0
2016-11-15,105.4085,105.8942,104.8296,105.5749,2172103.0
2016-11-16,105.4351,106.1604,105.149,105.9874,1671857.0
2016-11-17,105.9408,106.4132,105.6946,106.3267,1692700.0
2016-11-18,106.34,106.9389,105.9342,106.7193,1961528.0
2016-11-21,106.9189,108.4559,106.6993,108.3029,3475015.0
2016-11-22,108.4559,108.4559,107.7573,108.2364,1833259.0
2016-11-23,107.7506,108.0434,107.3581,107.7772,1538111.0
2016-11-25,107.6109,108.5823,107.6109,108.5491,1224496.0
2016-11-28,108.4892,109.5604,108.2563,109.4673,3455527.0
2016-11-29,109.1213,109.3941,108.4759,108.8086,2061176.0
2016-11-30,108.6888,108.9882,107.9303,107.9369,2224255.0
2016-12-01,107.7573,107.9236,105.3287,106.34,3579950.0
2016-12-02,105.7345,106.6528,105.4019,106.4731,2033064.0
2016-12-05,106.9123,107.225,106.1804,106.3533,2575257.0
2016-12-06,106.5463,106.9855,105.7479,106.6927,2168987.0
2016-12-07,106.859,109.9064,106.7193,109.6469,3162631.0
2016-12-08,109.7002,110.452,109.2677,110.0262,2382774.0
2016-12-09,109.9064,110.9311,109.5205,110.798,2405022.0
2016-12-12,110.9311,110.9777,109.8333,110.1194,2583878.0
2016-12-13,110.2391,113.0869,110.2391,111.9758,4427464.0
2016-12-14,112.029,113.0404,111.4168,112.1221,2997805.0
2016-12-15,111.7895,113.0137,111.6364,111.7961,2372468.0
2016-12-16,112.4282,112.5214,110.492,110.9378,4551315.0
2016-12-19,111.0043,111.2904,110.452,110.9045,1951667.0
2016-12-20,111.4435,111.9491,110.7515,111.5166,1490069.0
2016-12-21,110.6184,111.7429,109.953,111.337,2687510.0
2016-12-22,111.357,111.9358,110.838,111.1573,1903649.0
2016-12-23,111.1174,111.4435,110.7515,110.9245,846500.0
2016-12-27,111.1041,111.7695,111.0176,111.2106,1998746.0
2016-12-28,111.3104,111.6098,110.452,110.5785,1249558.0
2016-12-29,110.4654,111.1108,110.452,110.8513,1176097.0
2016-12-30,110.7448,110.9178,110.1194,110.4454,1903916.0
2017-01-03,111.1174,111.6963,110.4587,111.2438,1928804.0
2017-01-04,111.6298,113.027,111.357,112.6212,2453919.0
2017-01-05,112.6145,112.7077,111.2904,112.2486,2086980.0
2017-01-06,112.2419,113.0603,111.4634,112.8008,1846664.0
2017-01-09,112.701,112.9805,111.53,111.5499,2117094.0
2017-01-10,111.7695,111.8427,110.0129,110.1327,3025468.0
2017-01-11,110.4853,111.6231,110.1859,111.6165,2272378.0
2017-01-12,111.6298,111.7895,110.1593,111.7495,2210293.0
2017-01-13,111.7628,112.1022,111.0309,111.3437,2135480.0
2017-01-17,110.9112,111.9026,110.5319,111.7096,2432533.0
2017-01-18,111.4168,112.1754,110.9112,110.9843,3065455.0
2017-01-19,111.0376,111.4168,110.319,110.991,4244751.0
2017-01-20,111.6431,113.5394,110.452,113.4795,10051397.0
2017-01-23,113.1668,113.9453,113.1202,113.7989,3901906.0
2017-01-24,113.9918,117.1058,113.8854,117.0393,5552520.0
2017-01-25,117.2788,119.2683,117.1923,118.6295,4876033.0
2017-01-26,118.4765,119.0221,118.1105,118.8757,2323694.0
2017-01-27,118.7825,119.235,117.9708,117.9708,2563447.0
2017-01-30,117.7579,117.8177,116.1543,116.9727,3104369.0
2017-01-31,116.4737,116.8263,115.5155,116.121,2347052.0
2017-02-01,116.4138,116.9128,115.0365,115.968,2102661.0
2017-02-02,115.9281,116.4205,115.4756,116.161,1875010.0
2017-02-03,116.3672,117.332,116.3672,116.986,1956624.0
2017-02-06,116.7132,117.0925,116.0279,117.0126,1926471.0
2017-02-07,117.1532,118.8499,117.0258,118.7426,2973415.0
2017-02-08,119.0377,119.0377,117.9513,118.1457,2083956.0
2017-02-09,118.1457,119.2389,117.9714,118.8432,1936114.0
2017-02-10,118.9505,119.9632,118.5414,119.829,1708627.0
2017-02-13,120.2046,120.6472,119.9363,120.2851,1884351.0
2017-02-14,119.7553,120.8015,119.6077,120.8015,1788356.0
2017-02-15,120.8484,122.0019,120.5869,121.8409,2210474.0
2017-02-16,121.6867,122.5853,121.2977,121.6733,2418766.0
2017-02-17,121.5526,121.7672,120.7143,121.1636,2618171.0
2017-02-21,121.1167,121.2441,120.1241,120.8886,3085611.0
2017-02-22,120.7746,121.6129,120.7746,121.4855,1934025.0
2017-02-23,121.9952,122.3909,121.3313,121.8208,1655042.0
2017-02-24,120.8551,121.7135,120.6405,121.6196,2459325.0
2017-02-27,121.452,121.5526,120.2314,120.3119,2646732.0
2017-02-28,120.2851,121.1368,120.2784,120.5936,2016542.0
2017-03-01,121.0362,122.4244,120.7344,122.022,1987785.0
2017-03-02,121.794,121.9751,121.0026,121.0697,1657350.0
2017-03-03,120.7411,121.5995,120.5533,120.7478,1251417.0
2017-03-06,120.5265,121.3782,120.4259,121.0295,1995197.0
2017-03-07,121.1904,121.5794,120.8417,120.9691,1881100.0
2017-03-08,121.2172,121.3514,120.2448,120.3454,2245558.0
2017-03-09,120.1442,120.2113,117.9513,118.8231,4250816.0
2017-03-10,119.5138,120.3722,118.984,119.259,2326724.0
2017-03-13,119.2724,119.4132,118.3067,118.3402,2474507.0
2017-03-14,118.1524,118.5817,117.5019,117.844,2120075.0
2017-03-15,117.8373,118.2195,117.1934,117.9043,2663137.0
2017-03-16,119.648,120.0436,118.5817,118.8633,3045828.0
2017-03-17,118.2262,118.5615,117.797,117.797,3992280.0
2017-03-20,117.797,118.1524,117.455,117.8305,1648555.0
2017-03-21,118.0384,118.186,116.5832,116.61,2796346.0
2017-03-22,116.7173,117.4013,115.8857,117.2136,2562318.0
2017-03-23,116.9788,117.8104,116.3954,117.2404,2303554.0
2017-03-24,117.4416,117.6964,116.2814,116.5765,2180683.0
2017-03-27,115.8119,116.7978,115.4096,116.5362,1762272.0
2017-03-28,116.6502,117.3611,116.0198,117.0325,2273907.0
2017-03-29,116.9587,117.0191,116.3283,116.6502,1744932.0
2017-03-30,116.5966,117.0861,116.4826,116.5966,1590452.0
2017-03-31,116.6368,117.3276,116.4826,116.7844,1719088.0
2017-04-03,116.5698,117.2739,116.2747,117.0258,2917791.0
2017-04-04,116.3686,117.3343,116.1942,117.0392,2233403.0
2017-04-05,117.1599,118.253,115.8924,115.9394,4930008.0
2017-04-06,116.4222,116.4222,115.5169,115.651,2450606.0
2017-04-07,115.4028,115.9729,114.8663,115.4431,2665711.0
2017-04-10,115.8186,115.8186,114.6786,114.8127,2600573.0
2017-04-11,114.4438,114.8328,113.3239,114.3969,3511361.0
2017-04-12,114.7054,114.8127,114.0213,114.4505,2230424.0
2017-04-13,113.9543,114.92,113.6927,113.6927,2386454.0
2017-04-17,113.8403,114.8798,113.8336,114.7456,2529871.0
2017-04-18,114.5377,115.1413,113.9945,114.0415,3585831.0
2017-04-19,108.4819,109.0721,107.0333,108.4349,16113509.0
2017-04-20,108.1868,108.9111,107.6369,108.844,5315216.0
2017-04-21,108.6764,108.7166,107.5564,107.5564,4286009.0
2017-04-24,108.1667,108.3545,107.5832,107.8046,3761460.0
2017-04-25,108.4349,108.6697,107.5564,107.5631,3739614.0
2017-04-26,107.6704,108.0393,107.2278,107.3418,3156344.0
2017-04-27,107.4961,107.6235,107.0534,107.5162,2595208.0
2017-04-28,107.6369,107.6973,107.1004,107.4961,2486712.0
2017-05-01,107.3351,107.5832,106.4298,106.5236,3833635.0
2017-05-02,106.926,106.9596,106.3895,106.698,2482940.0
2017-05-03,106.4566,106.9327,106.309,106.3828,2828543.0
2017-05-04,106.5572,106.7248,106.2017,106.6645,2634012.0
2017-05-05,102.9458,104.4763,102.5937,103.9819,9911907.0
2017-05-08,103.474,103.9278,103.0677,103.6298,6013860.0
2017-05-09,103.3386,103.6772,102.6276,103.0068,4904252.0
2017-05-10,102.7021,103.1829,102.3431,102.4244,3155887.0
2017-05-11,102.289,102.3567,101.4357,102.0181,3456353.0
2017-05-12,101.7811,102.4379,101.5779,101.8285,2695743.0
2017-05-15,101.9978,102.8172,101.8827,102.6005,2540029.0
2017-05-16,102.7359,104.2799,102.7021,104.07,4304552.0
2017-05-17,103.8126,104.3815,102.1806,102.2077,3854519.0
2017-05-18,102.2145,102.4786,101.6524,102.1061,2417434.0
2017-05-19,102.0926,103.2438,102.0926,102.9188,3327195.0
2017-05-22,103.0,103.5011,102.6546,103.3657,2022332.0
2017-05-23,103.3183,104.07,102.8781,102.9526,1869038.0
2017-05-24,103.0745,103.447,102.4109,103.2777,2297469.0
2017-05-25,103.7788,104.1038,103.5689,103.7449,1800333.0
2017-05-26,103.5079,103.6095,102.9729,103.2641,1499346.0
2017-05-30,102.8984,103.386,102.6546,102.7495,1916454.0
2017-05-31,102.9526,103.474,102.6953,103.3589,2054888.0
2017-06-01,103.474,103.5214,102.6817,103.386,2054474.0
2017-06-02,103.6569,103.7449,102.7969,102.9662,2613586.0
2017-06-05,102.8104,103.5621,102.763,103.2099,2064391.0
2017-06-06,102.9323,103.535,102.9323,103.1829,2096168.0
2017-06-07,103.6433,104.4221,102.1197,102.2416,3939300.0
2017-06-08,102.2551,103.4876,102.2009,103.0,2796706.0
2017-06-09,102.9323,104.4695,102.851,104.3544,3467686.0
2017-06-12,104.4153,106.4537,104.3002,105.0857,4426792.0
2017-06-13,105.2957,105.2957,104.3882,104.456,2614402.0
2017-06-14,104.2122,104.9232,103.5689,104.158,2022724.0
2017-06-15,103.8059,104.7539,103.8059,104.4356,3987094.0
2017-06-16,104.4424,105.2483,103.5824,105.2212,3220735.0
2017-06-19,105.4717,105.5462,104.6523,104.8555,2257878.0
2017-06-20,104.6117,105.228,104.456,104.93,1756976.0
2017-06-21,105.4988,105.4988,103.8736,104.1445,2218739.0
2017-06-22,104.6591,104.9571,104.0767,104.5575,1394323.0
2017-06-23,104.5169,104.7472,104.1512,104.3612,1688414.0
2017-06-26,104.7675,105.4717,104.7133,105.1196,1486246.0
2017-06-27,104.9639,105.1941,104.6253,104.7946,1817288.0
2017-06-28,105.0654,105.3363,104.8149,105.1806,1569107.0
2017-06-29,105.2212,105.465,104.0293,104.3747,2488044.0
2017-06-30,104.4898,104.6253,103.7043,104.1715,2506947.0
2017-07-03,104.0022,105.6614,103.9616,105.3566,2082805.0
2017-07-05,105.4853,105.5665,104.0361,104.0632,2776253.0
2017-07-06,103.8533,104.1715,103.088,103.1761,2076788.0
2017-07-07,103.3522,103.9413,103.0271,103.5689,1733886.0
2017-07-10,103.5485,104.2122,103.3589,103.8939,1448676.0
2017-07-11,103.7856,104.0497,102.9662,103.7381,2169436.0
2017-07-12,103.9345,104.4492,103.6433,104.0835,2406686.0
2017-07-13,104.0835,104.4153,103.7381,104.0361,1556188.0
2017-07-14,104.2122,104.7065,103.8804,104.4492,2287240.0
2017-07-17,104.009,104.2054,103.088,103.6163,3838348.0
2017-07-18,103.1558,104.4831,102.9323,104.2867,5197420.0
2017-07-19,101.5915,101.7472,99.35,99.9053,11335362.0
2017-07-20,99.9053,100.7856,99.5667,99.9933,4110254.0
2017-07-21,99.9459,100.1355,99.2145,99.6005,3458402.0
2017-07-24,99.5464,99.5735,98.7337,98.8624,2744165.0
2017-07-25,99.2552,99.8782,98.8895,98.9978,3466616.0
2017-07-26,99.052,99.1807,97.8331,98.4358,3059759.0
2017-07-27,98.192,98.4629,97.271,98.2394,3714712.0
2017-07-28,98.0633,98.2191,97.4065,97.7112,2383685.0
2017-07-31,97.7721,98.1446,97.6299,97.9685,2577906.0
2017-08-01,98.192,98.6457,98.0024,98.3951,2335920.0
2017-08-02,98.2733,98.3884,97.6638,97.8195,2270573.0
2017-08-03,97.806,98.4222,97.806,98.1514,2302839.0
2017-08-04,98.192,98.4561,97.7857,98.3003,1949714.0
2017-08-07,98.2029,98.2645,96.6632,97.1559,3644901.0
2017-08-08,97.1764,97.6965,97.1764,97.2517,2485040.0
2017-08-09,97.0053,97.197,96.6221,97.019,2278700.0
2017-08-10,96.9301,97.4639,96.6495,97.0669,3070593.0
2017-08-11,97.4844,97.5802,96.8479,97.0669,2349398.0
2017-08-14,97.1764,97.6965,97.1354,97.3954,1639527.0
2017-08-15,97.5528,98.0934,96.2047,97.2243,4015932.0
2017-08-16,97.0327,97.7992,96.9095,97.5186,2536327.0
2017-08-17,97.5323,97.7855,96.2868,96.2868,2745263.0
2017-08-18,96.4031,96.5947,95.5203,95.6024,3259993.0
2017-08-21,95.5272,96.0952,95.2124,96.0336,2040530.0
2017-08-22,96.3073,96.5947,96.0678,96.4989,1734603.0
2017-08-23,96.2868,97.895,96.2731,97.2722,2990986.0
2017-08-24,97.5186,98.3261,97.3475,97.8197,2793122.0
2017-08-25,98.0661,98.6751,98.0319,98.3672,2188316.0
2017-08-28,98.6204,98.9283,97.4433,97.5254,2442514.0
2017-08-29,97.2449,98.155,97.108,97.9566,1970790.0
2017-08-30,98.0387,98.0524,97.457,97.5597,2050072.0
2017-08-31,97.8745,98.3124,97.6076,97.8813,2308289.0
2017-09-01,97.8471,98.8873,97.8471,98.5999,2530314.0
2017-09-05,98.2029,98.7915,97.6555,97.8881,2313939.0
2017-09-06,98.463,98.8668,98.2029,98.4219,2265524.0
2017-09-07,98.6135,98.9831,97.457,97.7923,2626773.0
2017-09-08,97.9634,97.9634,96.9301,97.4844,2594456.0
2017-09-11,98.2166,99.3184,97.8676,99.1336,3179041.0
2017-09-12,99.3047,100.167,98.8941,99.7496,3805418.0
2017-09-13,99.469,100.1123,99.4621,99.9069,2820291.0
2017-09-14,99.818,100.1738,99.5785,99.599,2574457.0
2017-09-15,99.1747,99.3458,98.5999,99.1063,4097810.0
2017-09-18,99.0994,99.5579,98.7299,98.9215,2032467.0
2017-09-19,99.0857,99.2158,98.6957,98.812,2535610.0
2017-09-20,99.1815,99.8317,98.8325,99.8317,2643185.0
2017-09-21,99.6743,99.8454,99.2979,99.4074,1667988.0
2017-09-22,99.6332,99.6332,98.9489,99.3184,1854872.0
2017-09-25,99.3116,99.9343,99.1679,99.8248,3594993.0
2017-09-26,100.1602,100.8856,99.8727,100.297,2796773.0
2017-09-27,100.3791,100.5297,99.25,99.6811,2042753.0
2017-09-28,99.4553,99.818,98.6888,99.6811,2108259.0
2017-09-29,99.5374,99.7016,99.1747,99.2842,1632849.0
2017-10-02,99.469,100.5092,99.3732,100.3655,2143556.0
2017-10-03,100.386,100.735,100.1465,100.4476,1726203.0
2017-10-04,100.5981,100.6118,99.9891,100.2423,1700522.0
2017-10-05,100.3791,100.9677,100.2423,100.4065,1797534.0
2017-10-06,100.3518,100.4955,100.1328,100.2423,1237760.0
2017-10-09,100.2902,101.1388,100.1533,100.865,2025582.0
2017-10-10,101.084,101.9326,101.043,101.6246,2818264.0
2017-10-11,101.5562,101.6041,100.7897,101.0224,2109868.0
2017-10-12,100.9814,101.2072,100.4407,100.6187,2546322.0
2017-10-13,100.9266,101.1798,100.5571,100.6666,1829897.0
2017-10-16,100.8513,101.0566,100.2628,100.4818,2296919.0
2017-10-17,100.3449,100.6803,100.037,100.2833,3564352.0
2017-10-18,107.5305,110.3363,107.4073,109.1729,26509816.0
2017-10-19,109.4056,110.1515,108.865,110.1105,8115255.0
2017-10-20,110.2268,111.1917,109.3372,110.9112,5861864.0
2017-10-23,110.8975,111.2123,109.1798,109.1866,3919215.0
2017-10-24,109.303,109.303,106.1892,106.6751,6915761.0
2017-10-25,106.764,107.0104,104.7452,105.0463,4792737.0
2017-10-26,105.6007,106.155,105.0943,105.1148,2876178.0
2017-10-27,105.7581,105.8197,104.6426,105.1695,3357249.0
2017-10-30,105.2243,105.7923,104.5057,105.6349,2803371.0
2017-10-31,105.6144,106.025,104.6563,105.4296,3018902.0
2017-11-01,105.457,106.0044,105.2722,105.4091,2306283.0
2017-11-02,105.5117,105.7238,104.6426,104.9437,2534387.0
2017-11-03,104.9916,105.0258,103.6708,103.7324,3615353.0
2017-11-06,103.8624,103.8967,102.8428,103.226,3156669.0
2017-11-07,103.5887,103.6845,102.9933,103.575,2436882.0
2017-11-08,103.7463,103.8776,102.8339,103.7256,3047094.0
2017-11-09,103.6288,104.9213,103.5804,103.8845,3178724.0
2017-11-10,104.1265,104.2923,103.0828,103.0966,3355999.0
2017-11-13,102.9031,102.986,102.2395,102.5713,3026364.0
2017-11-14,102.2603,102.9653,101.9423,102.91,2874357.0
2017-11-15,102.0736,102.7856,101.0576,101.6728,3749844.0
2017-11-16,102.1082,103.4353,101.9492,103.0689,4227831.0
2017-11-17,103.221,103.7809,102.8685,102.9653,3471256.0
2017-11-20,104.1195,105.025,103.6081,104.0297,4385531.0
2017-11-21,104.5757,105.3706,104.5688,105.025,2698044.0
2017-11-22,105.0596,105.3291,104.5965,104.9006,1949714.0
2017-11-24,105.025,105.1978,104.5965,104.949,878538.0
2017-11-27,105.101,105.3982,104.7969,105.0457,2409766.0
2017-11-28,105.3015,105.7024,104.8522,105.3844,2726322.0
2017-11-29,105.6194,106.1724,105.1771,106.1309,4050766.0
2017-11-30,106.2,106.7253,105.806,106.4212,3568713.0
2017-12-01,106.7184,107.1469,105.6885,106.9672,3923442.0
2017-12-04,107.5962,108.3772,107.1815,108.1422,3664676.0
2017-12-05,108.1353,108.3358,106.9119,107.375,3517348.0
2017-12-06,107.61,107.9763,106.5041,106.511,2256185.0
2017-12-07,106.4626,106.7529,105.9304,106.1447,2343937.0
2017-12-08,106.4004,107.1538,106.1309,107.0018,2277469.0
2017-12-11,107.1124,107.7482,106.8359,107.4165,2688494.0
2017-12-12,107.2713,109.103,107.2437,108.3358,4528105.0
2017-12-13,108.239,108.3288,106.3659,106.3797,3930009.0
2017-12-14,106.7875,107.2091,106.2346,106.4419,2778348.0
2017-12-15,106.1724,106.3037,105.0803,105.4051,6458831.0
2017-12-18,106.1585,106.5663,105.8959,105.9788,3746532.0
2017-12-19,106.4765,106.5594,105.8129,105.9097,3054170.0
2017-12-20,106.2,106.3659,105.5987,105.7162,2666439.0
2017-12-21,105.8682,106.0687,104.707,104.714,3157402.0
2017-12-22,104.9351,105.7507,104.714,105.4051,2077597.0
2017-12-26,105.4121,106.3451,105.4051,105.6332,1910768.0
2017-12-27,105.7162,105.8751,105.4812,105.8406,1527817.0
2017-12-28,105.889,106.5249,105.889,106.4696,2029921.0
2017-12-29,106.5594,106.9396,106.0341,106.041,2191032.0
2018-01-02,106.7875,107.0018,106.124,106.6147,2621262.0
2018-01-03,108.7505,110.4577,108.0524,109.5453,7421699.0
2018-01-04,110.3747,112.1995,110.1536,111.764,5902892.0
2018-01-05,112.2755,112.5934,111.3493,112.31,3739547.0
2018-01-08,112.4275,113.2915,111.764,112.9874,3159186.0
2018-01-09,113.2846,113.7201,112.704,113.2362,3243710.0
2018-01-10,112.6003,113.5818,112.317,113.4781,2289017.0
2018-01-11,113.9067,114.0034,112.8699,113.492,2655144.0
2018-01-12,113.3676,113.8652,112.6833,112.7593,3509411.0
2018-01-16,114.1071,114.2454,112.9045,113.25,4990747.0
2018-01-17,116.1254,116.8995,115.607,116.5677,8149848.0
2018-01-18,117.5008,118.2818,116.2221,116.8926,8370868.0
2018-01-19,113.6371,114.3214,111.4875,112.2271,17424544.0
2018-01-22,111.6327,113.3399,111.3562,112.3861,6298260.0
2018-01-23,112.3792,114.9158,112.3239,114.9089,5378096.0
2018-01-24,115.2545,116.6161,113.9205,114.3006,4123698.0
2018-01-25,114.6739,115.2752,114.1762,114.3698,2409631.0
2018-01-26,114.819,115.7176,114.5909,115.6623,2541223.0
2018-01-29,115.6968,116.388,114.743,115.289,2379456.0
2018-01-30,114.8812,115.2683,112.7662,113.0911,3216358.0
2018-01-31,113.1809,114.038,112.4967,113.1464,2313349.0
2018-02-01,112.7939,113.4436,111.9022,112.2478,2653741.0
2018-02-02,111.764,111.8746,109.8011,109.9186,3471169.0
2018-02-05,109.3449,109.5522,103.6772,105.4259,6392448.0
2018-02-06,103.8776,107.4718,103.062,107.3681,7328369.0
2018-02-07,106.6942,107.3782,105.9404,106.3382,4336090.0
2018-02-08,106.429,106.9036,102.953,103.0158,4472937.0
2018-02-09,103.7557,105.0749,100.7823,104.356,6017053.0
2018-02-12,105.3262,106.3731,104.9074,105.6751,3059285.0
2018-02-13,105.3262,105.5216,104.4467,105.2215,3014845.0
2018-02-14,104.8306,108.1879,104.698,108.0204,3052003.0
2018-02-15,108.5369,109.4862,107.2805,108.8929,3466037.0
2018-02-16,108.6835,110.1423,108.6765,109.0115,2607290.0
2018-02-20,108.7393,108.858,107.3992,108.2996,2895382.0
2018-02-21,108.488,109.4373,107.4201,107.462,2239854.0
2018-02-22,107.8389,108.2158,106.6454,106.9176,2648293.0
2018-02-23,107.6993,108.7882,107.5388,108.5509,2413924.0
2018-02-26,108.7533,110.8961,108.7533,110.6867,2553104.0
2018-02-27,110.6029,111.5243,109.2558,109.2698,2918489.0
2018-02-28,109.9329,110.3796,108.7463,108.7672,2262594.0
2018-03-01,108.5578,109.5699,106.6454,107.3573,2855897.0
2018-03-02,106.6454,108.0204,106.0102,107.8319,2223097.0
2018-03-05,107.5737,109.9259,107.3154,109.549,2252246.0
2018-03-06,109.7793,110.2051,108.2926,108.6905,2612526.0
2018-03-07,108.1879,110.8612,107.9994,110.5052,2862752.0
2018-03-08,110.9798,111.3777,108.2368,109.0325,4203215.0
2018-03-09,109.9119,111.3917,109.7933,111.1962,3634117.0
2018-03-12,111.4266,112.3898,110.8891,111.8593,4003479.0
2018-03-13,111.7407,113.1576,110.8472,111.2032,3141083.0
2018-03-14,111.7965,112.1525,110.1004,110.3656,2394365.0
2018-03-15,110.7774,112.5503,110.6448,111.4056,2597610.0
2018-03-16,111.7197,113.0598,111.4266,111.8593,4293980.0
2018-03-19,111.4754,111.6011,109.2,109.8282,3040557.0
2018-03-20,109.9468,110.233,108.3903,109.0255,3230982.0
2018-03-21,109.2837,110.4215,108.83,109.3675,2200939.0
2018-03-22,108.1879,108.3624,106.0939,106.1568,3124401.0
2018-03-23,106.2684,106.4988,103.6789,103.9232,3124848.0
2018-03-26,105.5425,107.2526,104.8934,107.0502,2798119.0
2018-03-27,107.455,108.0972,105.5076,106.0311,2754529.0
2018-03-28,106.1428,107.3922,106.0172,106.4569,2535166.0
2018-03-29,106.8408,107.4131,105.4518,107.0921,2330730.0
2018-04-02,107.0292,107.0572,103.6021,104.7468,3529659.0
2018-04-03,105.2564,105.396,103.5114,104.5933,2863602.0
2018-04-04,103.2252,107.818,102.9181,107.5737,3509275.0
2018-04-05,107.797,108.1321,107.0292,107.5109,2103842.0
2018-04-06,107.113,107.455,104.3769,105.0958,2464054.0
2018-04-09,105.9543,107.9506,105.9125,106.5756,3062284.0
2018-04-10,108.2088,109.3117,108.0134,108.4601,2771301.0
2018-04-11,107.7482,108.7323,107.4062,108.4392,2354013.0
2018-04-12,109.4094,110.9659,109.3535,110.3307,3947922.0
2018-04-13,110.7495,111.1334,108.8231,109.3815,2781770.0
2018-04-16,110.2749,111.0776,110.0515,110.2051,3181937.0
2018-04-17,110.8542,113.0738,110.6378,112.313,6633517.0
2018-04-18,106.1917,106.5337,103.4835,103.8534,17080262.0
2018-04-19,104.1326,104.1466,102.3388,103.0926,6559994.0
2018-04-20,103.2322,103.2811,100.866,101.1382,5838108.0
2018-04-23,101.229,101.8781,100.7404,101.8083,3831071.0
2018-04-24,102.262,102.8134,100.88,101.5989,3625293.0
2018-04-25,101.7594,102.1852,100.5868,101.8641,3874019.0
2018-04-26,102.3248,102.8553,102.0456,102.4086,2788134.0
2018-04-27,102.4923,102.7785,101.6687,102.2411,2038387.0
2018-04-30,102.5063,102.8692,101.1801,101.1801,2438634.0
2018-05-01,100.9637,101.222,100.1401,101.208,3072539.0
2018-05-02,100.8311,101.0824,99.1629,99.4282,3706576.0
2018-05-03,99.2118,99.2746,97.6483,99.1071,3333557.0
2018-05-04,98.4859,100.7543,97.9135,100.4472,3196291.0
2018-05-07,100.51,100.7334,99.5608,99.9656,2882084.0
2018-05-08,99.8121,100.172,99.1487,99.8121,3185895.0
2018-05-09,100.1438,100.9342,99.7062,100.6448,2883118.0
2018-05-10,101.0259,101.8587,100.9271,101.7952,2793759.0
2018-05-11,101.7034,102.2257,101.3294,101.7246,1979727.0
2018-05-14,101.9575,102.4162,101.7246,101.8375,2164113.0
2018-05-15,101.2729,101.6187,100.8636,101.4423,2995562.0
2018-05-16,101.4141,102.3527,101.1106,102.0704,1960082.0
2018-05-17,101.9787,102.4656,101.4635,101.9787,2136273.0
2018-05-18,101.9575,102.2892,101.6187,101.6823,1700495.0
2018-05-21,102.2962,103.0655,102.1057,102.6773,1943414.0
2018-05-22,102.6985,103.1855,102.3315,102.3951,1623311.0
2018-05-23,101.8728,102.1198,101.2588,102.0986,2032416.0
2018-05-24,101.901,101.9646,100.8848,101.6752,2396468.0
2018-05-25,101.5552,102.0281,101.2447,101.3717,1894313.0
2018-05-29,100.5884,100.8424,98.9511,99.6639,3198643.0
2018-05-30,100.1438,100.9906,100.0873,100.6519,2652593.0
2018-05-31,100.786,100.786,99.5439,99.7274,3199294.0
2018-06-01,100.5178,100.8071,99.9462,100.179,2961635.0
2018-06-04,100.4261,101.04,100.3414,100.9483,2171172.0
2018-06-05,100.9554,101.6823,100.9483,101.4141,1920959.0
2018-06-06,101.8658,102.1339,101.3012,102.1269,2131797.0
2018-06-07,102.3315,103.5313,102.2821,102.5856,2898928.0
2018-06-08,102.3315,103.3407,101.8869,103.1361,3350075.0
2018-06-11,103.4748,104.0324,103.1361,103.4466,2432259.0
2018-06-12,103.8136,104.11,103.4748,103.6513,1895568.0
2018-06-13,103.5948,104.0747,103.1784,103.2843,1708401.0
2018-06-14,103.496,103.7289,102.3951,102.4727,2117327.0
2018-06-15,102.261,102.6632,101.4141,102.6068,3843139.0
2018-06-18,101.7528,101.9928,101.0189,101.9646,2143183.0
2018-06-19,101.0048,101.7811,100.8848,101.5552,2247739.0
2018-06-20,101.7811,101.9928,100.5037,100.6589,2198216.0
2018-06-21,100.6307,101.0189,99.3886,99.685,2643406.0
2018-06-22,99.9603,100.0802,99.3533,99.7062,2283965.0
2018-06-25,99.0852,99.0852,97.589,97.9489,6781297.0
2018-06-26,98.3512,98.697,97.6243,98.1536,2638310.0
2018-06-27,98.1748,98.6476,97.0032,97.0244,2866481.0
2018-06-28,97.462,99.184,97.349,98.8311,3272135.0
2018-06-29,99.0287,99.7627,98.5276,98.5911,2245790.0
2018-07-02,97.589,98.9581,97.5325,98.7041,2401602.0
2018-07-03,99.2616,99.4663,98.3512,98.4994,1431196.0
2018-07-05,99.1416,99.8121,98.7535,99.8121,2308945.0
2018-07-06,99.8826,100.8777,99.6286,100.5531,1998146.0
2018-07-09,100.6307,102.1339,100.546,101.901,2640167.0
2018-07-10,101.9857,102.7479,101.8022,102.1269,2468868.0
2018-07-11,101.6258,103.1714,101.6258,102.2892,2615732.0
2018-07-12,102.9314,103.623,102.8538,103.3549,2101229.0
2018-07-13,103.3549,103.7289,102.8961,102.9667,2249387.0
2018-07-16,102.8044,102.8891,101.774,102.6562,2326669.0
2018-07-17,102.1551,102.3315,101.16,101.2659,3878988.0
2018-07-18,101.28,102.1904,100.7295,101.9928,4496407.0
2018-07-19,104.3429,106.2413,103.9194,105.3239,12004291.0
2018-07-20,104.8581,105.0557,103.2208,103.2843,5060371.0
2018-07-23,103.2843,103.5313,102.3386,102.8256,2787845.0
2018-07-24,103.5313,103.7712,102.9808,103.3055,2972173.0
2018-07-25,103.0443,103.496,102.6844,103.4748,2754886.0
2018-07-26,104.0465,105.345,103.4819,103.5383,3587974.0
2018-07-27,103.6654,103.8418,102.0916,102.4374,2790320.0
2018-07-30,102.1904,103.2066,102.1128,102.6773,2331918.0
2018-07-31,102.8538,102.8961,101.7317,102.2821,3137881.0
2018-08-01,102.1622,102.4656,101.16,101.2729,2395180.0
2018-08-02,100.8213,101.1741,100.4472,100.8918,2639078.0
2018-08-03,101.0894,104.3923,100.9201,104.237,6156275.0
2018-08-06,103.7642,103.8842,102.7338,103.0584,2764168.0
2018-08-07,103.496,104.1947,103.2843,103.7501,2734720.0
2018-08-08,103.8009,104.0506,103.2017,103.6654,2031770.0
2018-08-09,103.8152,104.1077,103.2445,103.273,1984700.0
2018-08-10,103.0804,103.487,102.6381,103.0662,1896187.0
2018-08-13,102.8307,102.9377,101.6751,101.8035,2051381.0
2018-08-14,102.0104,102.5953,101.9604,102.2672,2072733.0
2018-08-15,101.6894,102.7237,101.297,102.6595,3242610.0
2018-08-16,102.9877,103.9222,102.9877,103.6796,2154432.0
2018-08-17,103.2873,104.4287,103.216,104.1933,1899589.0
2018-08-20,104.4144,104.978,104.2575,104.5143,1670232.0
2018-08-21,104.8638,104.9494,104.072,104.1291,1988781.0
2018-08-22,104.1576,104.2646,103.5726,103.6083,1522760.0
2018-08-23,103.4656,103.808,103.2588,103.701,1580611.0
2018-08-24,103.7652,104.2147,103.3444,104.179,1600151.0
2018-08-27,104.821,105.3061,104.5214,104.6427,2128232.0
2018-08-28,104.8282,104.8567,104.286,104.5713,1512351.0
2018-08-29,104.6855,105.5272,104.5785,105.249,1831734.0
2018-08-30,104.8852,105.0778,103.6154,104.1005,2010388.0
2018-08-31,103.9507,104.7069,103.8223,104.4929,2103170.0
2018-09-04,104.1362,104.286,103.3016,103.9222,1955857.0
2018-09-05,103.5726,104.6855,103.4728,104.6213,2018291.0
2018-09-06,104.7782,105.3346,103.8223,104.4287,2474464.0
2018-09-07,104.1077,104.5143,103.5227,103.7581,3062346.0
2018-09-10,104.5785,105.0778,103.8366,103.9008,2531547.0
2018-09-11,104.1505,104.8567,103.6154,104.5,2274869.0
2018-09-12,104.4144,105.5629,104.1719,104.5571,2865401.0
2018-09-13,105.1135,106.2905,104.9423,106.2549,3765940.0
2018-09-14,106.1835,106.5045,105.4202,105.8126,2168420.0
2018-09-17,105.8911,106.3405,105.4131,105.5344,1946535.0
2018-09-18,105.406,106.2834,105.1991,105.9767,2312600.0
2018-09-19,105.9909,106.9754,105.7413,106.3333,2937759.0
2018-09-20,106.7043,107.9883,106.6044,107.8243,3968896.0
2018-09-21,108.0597,108.8586,107.5318,107.9669,6180126.0
2018-09-24,107.7886,107.8599,106.6187,107.0253,2798698.0
2018-09-25,106.9397,107.2964,105.834,106.2263,2646549.0
2018-09-26,108.6304,109.3937,107.9598,108.1524,4590087.0
2018-09-27,108.4377,108.7088,107.8314,108.0739,2212378.0
2018-09-28,107.8314,108.1667,107.5675,107.8671,1884592.0
2018-10-01,108.2237,109.4436,108.2237,109.144,2374618.0
2018-10-02,109.1368,109.7432,108.7873,109.679,2094732.0
2018-10-03,109.8573,110.1141,109.0013,109.3009,1923060.0
2018-10-04,108.2095,109.0013,107.2607,107.9384,3103936.0
2018-10-05,107.6459,108.2808,105.4844,106.3119,3322970.0
2018-10-08,105.9339,106.3405,104.9922,105.8554,2126436.0
2018-10-09,105.6342,105.834,104.8139,105.035,2260159.0
2018-10-10,105.2205,105.356,101.6537,101.7892,3750004.0
2018-10-11,101.7393,102.8593,99.0,99.1712,6331429.0
2018-10-12,100.6693,100.9689,99.214,100.4767,4589857.0
2018-10-15,100.1414,101.4825,99.9702,100.6764,3006372.0
2018-10-16,101.9176,103.7581,100.9974,103.5227,6083513.0
2018-10-17,96.9384,97.8372,95.1693,95.6258,15653145.0
2018-10-18,94.6842,95.1621,92.7652,93.1291,7606006.0
2018-10-19,93.2004,94.085,91.2815,92.0947,5679367.0
2018-10-22,92.4371,93.0506,91.5953,92.751,4384331.0
2018-10-23,92.0376,94.0921,91.6025,93.5999,5029002.0
2018-10-24,93.5713,93.9423,90.5966,90.7464,4078619.0
2018-10-25,90.775,91.1602,89.2698,90.2043,8436561.0
2018-10-26,89.3197,89.7263,88.2497,89.0201,6294384.0
2018-10-29,85.1323,88.4209,84.3904,85.3463,16095807.0
2018-10-30,85.9455,86.6732,82.1433,82.3217,16561511.0
2018-10-31,83.0992,83.1064,81.3872,82.3431,18338488.0
2018-11-01,82.393,83.463,82.1148,83.3418,11792513.0
2018-11-02,83.8269,83.9981,81.701,82.5143,7141922.0
2018-11-05,82.821,86.1524,82.7497,85.6459,6964024.0
2018-11-06,86.1025,88.321,85.8243,87.8288,7378680.0
2018-11-07,88.2972,89.2147,87.2424,89.0558,5737585.0
2018-11-08,88.6151,89.8794,88.5934,89.1352,8341591.0
2018-11-09,89.3014,89.995,88.1094,89.2508,4333945.0
2018-11-12,89.2219,89.2725,87.163,87.3436,3806353.0
2018-11-13,87.5531,88.3261,86.6211,87.3002,3109826.0
2018-11-14,87.4953,88.0877,86.5272,86.8379,3347529.0
2018-11-15,86.4478,87.7337,86.3394,87.7337,3740341.0
2018-11-16,87.3364,88.0299,87.0835,87.8276,3131467.0
2018-11-19,87.871,88.2683,86.5272,86.9173,3059566.0
2018-11-20,85.6025,86.3249,84.3021,84.6705,4824234.0
2018-11-21,84.9667,86.3394,84.8078,85.6603,4353014.0
2018-11-23,85.3135,85.4941,84.461,84.6633,1801097.0
2018-11-26,85.5158,86.874,85.2918,86.3755,3549350.0
2018-11-27,85.523,86.7223,85.5158,86.7151,3059701.0
2018-11-28,87.4231,88.9257,86.8523,88.8607,3867626.0
2018-11-29,88.4561,88.9546,87.7048,87.7626,3918946.0
2018-11-30,87.8926,90.0816,87.7626,89.7782,4204986.0
2018-12-03,90.7896,91.4543,89.8432,90.5296,4509154.0
2018-12-04,89.9372,90.2767,87.6542,87.8493,4034865.0
2018-12-06,86.4911,89.5181,86.1877,89.5181,4988721.0
2018-12-07,89.5109,89.6193,85.877,86.2166,5289500.0
2018-12-10,86.5055,87.9143,85.6242,87.5097,4447475.0
2018-12-11,89.0413,89.4459,86.6934,87.3364,3422541.0
2018-12-12,88.5067,88.774,87.4158,87.5314,2583173.0
2018-12-13,87.6037,87.9866,86.8162,87.2208,2765353.0
2018-12-14,86.3322,87.4953,86.2888,86.6211,2948811.0
2018-12-17,86.0215,86.5344,83.1317,83.8758,5362788.0
2018-12-18,84.4538,85.4147,83.8181,84.2732,4719171.0
2018-12-19,84.6344,86.8884,83.7819,84.1143,5183971.0
2018-12-20,83.5869,84.1287,80.6971,81.6507,5661053.0
2018-12-21,81.275,83.2834,79.7868,80.148,6623822.0
2018-12-24,79.375,80.1914,77.6628,77.7134,2832430.0
2018-12-26,78.024,80.4731,76.5358,80.4731,4958529.0
2018-12-27,79.4617,82.1998,79.0788,82.1998,3999509.0
2018-12-28,82.5177,82.9367,81.275,81.6579,3730404.0
2018-12-31,81.8747,82.6116,81.2172,82.1203,3477118.0
2019-01-02,80.921,83.7892,80.6899,83.2329,2702778.0
2019-01-03,82.7416,82.9945,81.4123,81.5712,2798978.0
2019-01-04,83.0161,84.88,82.6766,84.7572,3113592.0
2019-01-07,84.8873,85.8481,84.2876,85.3569,2603128.0
2019-01-08,86.4478,87.1052,85.9565,86.5706,3277910.0
2019-01-09,87.3508,87.7048,86.5995,87.1919,2564765.0
2019-01-10,86.7512,88.0371,86.6573,87.9866,2630290.0
2019-01-11,87.8348,87.8637,86.8379,87.7482,2443185.0
2019-01-14,87.0618,87.1702,86.52,86.9751,3780437.0
2019-01-15,87.3869,88.0877,87.2858,87.9432,2565436.0
2019-01-16,87.8348,88.1383,87.293,87.8637,2704974.0
2019-01-17,87.098,88.4345,87.0907,88.2755,3285050.0
2019-01-18,89.0558,90.1033,88.6512,89.4531,4349523.0
2019-01-22,89.0774,89.4387,87.8059,88.5139,5799309.0
2019-01-23,94.9076,97.5301,94.1418,96.0057,18685982.0
2019-01-24,95.8034,96.2369,94.9509,95.7456,4666323.0
2019-01-25,95.9912,97.1255,95.6734,96.7859,4200610.0
2019-01-28,96.1574,97.3928,95.7817,97.0027,3668564.0
2019-01-29,97.0171,97.8335,96.5186,97.046,3304134.0
2019-01-30,96.8076,97.5517,96.2658,97.0821,3329599.0
2019-01-31,97.1327,97.3278,96.6198,97.111,2786316.0
2019-02-01,97.5084,97.6745,96.338,96.8799,2746899.0
2019-02-04,96.8221,97.6745,96.0779,97.6673,2799736.0
2019-02-05,97.7323,98.1225,97.4723,97.9274,2670568.0
2019-02-06,97.6797,98.7249,97.6432,98.4837,3532586.0
2019-02-07,97.6066,98.279,96.5615,97.3435,3128669.0
2019-02-08,96.7223,97.7236,96.6127,97.7236,1918573.0
2019-02-11,98.1475,98.776,97.8698,97.9282,2000431.0
2019-02-12,98.776,99.5434,98.5641,99.4338,2458217.0
2019-02-13,100.0843,100.8005,99.6969,100.5082,3213876.0
2019-02-14,100.2524,100.5739,99.5507,99.7481,1962872.0
2019-02-15,100.552,100.9978,100.4058,100.8809,2443659.0
2019-02-19,100.7201,101.3706,100.3912,101.3706,2183932.0
2019-02-20,101.4144,101.7653,100.2889,100.859,2375407.0
2019-02-21,100.7274,101.1148,100.3839,100.742,1730343.0
2019-02-22,101.3925,101.8676,101.1733,101.7726,2126717.0
2019-02-25,102.3207,102.6642,101.8237,101.926,2069355.0
2019-02-26,102.0795,102.6788,101.9334,102.1161,1949314.0
2019-02-27,101.7726,102.0064,101.1513,101.7141,1693687.0
2019-02-28,101.4071,101.6337,100.6543,100.954,2049105.0
2019-03-01,101.8164,102.3499,101.3267,101.736,2118882.0
2019-03-04,102.3134,102.3792,100.2524,101.1733,2094590.0
2019-03-05,101.1294,101.3998,100.5301,100.7713,1858851.0
2019-03-06,100.9467,101.144,99.9235,100.1135,1913397.0
2019-03-07,99.8431,100.0477,98.396,98.9295,3000067.0
2019-03-08,98.1183,98.8418,97.6286,98.7322,2578537.0
2019-03-11,99.4192,100.6617,99.2803,100.647,2639516.0
2019-03-12,101.2756,102.1014,100.7567,101.0636,2553054.0
2019-03-13,100.8955,101.831,100.7494,101.2683,1948928.0
2019-03-14,101.2317,101.546,100.9028,101.4364,1743016.0
2019-03-15,101.8603,102.5619,101.7579,101.9041,3081383.0
2019-03-18,102.1965,102.5911,101.3852,102.4742,2218025.0
2019-03-19,103.0223,103.5705,102.3207,102.6788,2090013.0
2019-03-20,102.7081,102.8323,101.5752,102.0284,1982959.0
2019-03-21,101.6629,103.8701,101.5021,103.3731,2331564.0
2019-03-22,103.0296,103.3731,101.5168,101.9187,2525759.0
2019-03-25,101.6337,102.2549,101.1148,101.7214,1870406.0
2019-03-26,102.2695,103.0662,101.8968,102.4815,1586012.0
2019-03-27,102.6204,102.6788,101.1513,101.7653,1921156.0
2019-03-28,102.2549,102.6423,101.6629,102.2622,1528890.0
2019-03-29,102.6861,103.2124,102.4303,103.1247,1605649.0
2019-04-01,103.4243,104.8129,103.4243,104.7326,2495665.0
2019-04-02,104.7691,105.2076,104.2209,104.5133,1646462.0
2019-04-03,104.9884,105.4049,104.5206,104.9737,1877679.0
2019-04-04,104.9664,105.3465,104.1771,104.3525,1950422.0
2019-04-05,104.7252,104.8787,104.1186,104.7179,1884902.0
2019-04-08,104.5279,104.8203,104.4183,104.7983,1385906.0
2019-04-09,104.2648,104.4768,103.6655,103.8628,1988591.0
2019-04-10,103.9286,104.8787,103.7678,104.5279,1618228.0
2019-04-11,105.098,105.3246,104.5645,105.0834,2003904.0
2019-04-12,105.4342,105.5657,105.0249,105.5,1854027.0
2019-04-15,105.5365,105.5804,104.7106,105.1711,2197312.0
2019-04-16,105.5365,106.2601,105.2588,106.0773,4628949.0
2019-04-17,100.3985,103.7678,99.5873,101.6702,10075489.0
2019-04-18,101.5898,102.6788,101.3706,102.5619,2917391.0
2019-04-22,101.8968,102.73,101.2098,101.5095,2820003.0
2019-04-23,101.6995,102.9931,101.5387,102.6423,2424067.0
2019-04-24,102.7592,103.2781,102.1599,102.2842,1578448.0
2019-04-25,102.1014,102.138,100.647,101.3194,1940627.0
2019-04-26,101.8383,102.2403,101.451,101.9114,1529645.0
2019-04-29,101.6995,102.0503,101.451,101.6264,1590712.0
2019-04-30,101.6775,102.6423,101.356,102.518,2016174.0
2019-05-01,102.7885,103.6436,102.445,102.73,2098606.0
2019-05-02,102.6861,103.2562,101.8895,102.0211,2222487.0
2019-05-03,102.1014,103.0516,102.0503,102.5034,1502214.0
2019-05-06,101.0782,102.825,100.7859,102.5984,1746141.0
2019-05-07,101.6995,101.9626,99.5361,100.5959,3310243.0
2019-05-08,100.6889,101.3767,100.2156,100.859,2110478.0
2019-05-09,99.7571,100.2747,98.3815,100.0899,2525637.0
2019-05-10,99.7497,100.3931,97.9304,100.0751,2616415.0
2019-05-13,98.5664,98.7809,96.8507,97.1908,2649565.0
2019-05-14,97.4867,99.3355,97.3831,98.5886,2183223.0
2019-05-15,98.0561,99.5352,97.8934,99.3947,1653855.0
2019-05-16,99.6461,100.6593,99.5722,100.4892,1849585.0
2019-05-17,99.6018,100.1416,99.0545,99.3355,1694386.0
2019-05-20,98.7513,100.1564,98.3076,99.9272,2402180.0
2019-05-21,100.6667,101.3619,100.4227,100.9108,1532295.0
2019-05-22,100.578,101.1326,100.3635,100.8368,1070331.0
2019-05-23,99.9346,99.9346,96.4661,97.9082,3684494.0
2019-05-24,98.7513,99.2838,97.3166,97.8269,1802501.0
2019-05-28,97.7159,98.0931,96.3404,96.4809,1884723.0
2019-05-29,96.1407,96.3478,94.8983,95.9114,2625116.0
2019-05-30,95.9484,96.1185,95.3494,95.8227,1791451.0
2019-05-31,94.987,94.987,93.8111,93.9147,1985502.0
2019-06-03,93.996,95.0758,93.9664,94.8613,2589196.0
2019-06-04,95.8153,98.167,95.4603,98.1301,2300959.0
2019-06-05,98.522,98.8104,96.4883,97.2426,2183480.0
2019-06-06,97.7603,98.1005,96.8063,97.7825,1487726.0
2019-06-07,97.9674,99.6313,97.7751,98.5886,1632284.0
2019-06-10,99.3799,100.1046,99.0323,99.6461,1914439.0
2019-06-11,100.0751,100.9181,99.8754,100.541,2214341.0
2019-06-12,100.2008,100.5336,99.4021,99.7423,1313234.0
2019-06-13,99.9346,100.7776,99.905,100.4005,1539676.0
2019-06-14,100.1638,100.4892,99.4169,99.9493,1202156.0
2019-06-17,100.1268,100.6001,99.6166,99.8014,1398107.0
2019-06-18,99.9863,101.458,99.9863,100.859,1725812.0
2019-06-19,100.896,102.3233,100.7554,101.3767,1510706.0
2019-06-20,102.7448,103.1959,102.205,102.6857,1751541.0
2019-06-21,102.3824,103.1959,102.3455,102.9445,2630679.0
2019-06-24,102.9445,103.6471,102.8336,103.0554,1357376.0
2019-06-25,103.1368,103.2033,102.1532,102.3233,1692398.0
2019-06-26,102.7004,103.2995,102.3529,102.4416,1206809.0
2019-06-27,102.5895,103.0185,102.0201,102.4416,1335338.0
2019-06-28,102.4786,102.9001,101.9387,101.9831,2048904.0
2019-07-01,103.2403,104.6381,103.0037,103.4474,2142984.0
2019-07-02,103.2921,103.8541,103.1442,103.6988,1582860.0
2019-07-03,104.0686,104.8821,103.8541,104.675,1191950.0
2019-07-05,104.1795,104.6381,103.4696,104.5567,1471270.0
2019-07-08,104.3127,104.4901,103.7358,103.9577,1365479.0
2019-07-09,103.9873,104.2683,102.8927,103.0406,2292541.0
2019-07-10,103.5361,104.9487,103.3808,103.8837,1754687.0
2019-07-11,104.1204,104.7046,103.758,104.4532,1477369.0
2019-07-12,104.9561,105.6956,104.7638,105.5625,1811202.0
2019-07-15,105.6734,106.1319,105.104,105.9914,1671615.0
2019-07-16,105.8805,106.5239,105.7696,106.1467,2358388.0
2019-07-17,106.2059,106.3464,104.9782,105.8065,3931036.0
2019-07-18,105.348,111.1608,105.1631,110.6579,10277738.0
2019-07-19,110.902,112.1,110.5988,110.6949,4899123.0
2019-07-22,111.0499,112.3663,110.7097,110.7393,2972400.0
2019-07-23,111.3531,111.464,109.7335,111.2126,2264157.0
2019-07-24,111.0203,112.0039,110.3325,110.9538,2044204.0
2019-07-25,110.7837,111.3901,109.9036,111.22,1902663.0
2019-07-26,111.6711,111.9743,111.0055,111.9374,1568509.0
2019-07-29,111.7525,112.0261,111.1682,111.5824,1257206.0
2019-07-30,110.9316,111.2274,110.3547,110.7615,1752461.0
2019-07-31,110.7097,111.0647,108.2618,109.63,2166338.0
2019-08-01,110.1181,113.0171,109.8223,111.1682,4716430.0
2019-08-02,110.2142,113.1132,107.6702,108.8978,6363707.0
2019-08-05,107.2191,107.3078,102.9075,104.0982,4969705.0
2019-08-06,105.0152,105.3628,103.0258,104.076,3473049.0
2019-08-07,102.6011,103.2296,100.8576,102.8779,4058258.0
2019-08-08,103.5963,105.0703,103.08,104.8309,3665094.0
2019-08-09,104.2098,104.2398,101.2767,101.8603,3953356.0
2019-08-12,101.5086,101.6658,99.6529,100.3563,2694459.0
2019-08-13,100.1169,102.1895,99.3686,101.6059,3210889.0
2019-08-14,100.1992,100.3862,98.0068,98.2088,3207862.0
2019-08-15,98.1864,99.0469,97.4606,98.7101,2774331.0
2019-08-16,99.5482,100.708,99.4808,100.0869,1975695.0
2019-08-19,100.925,102.01,100.925,101.0447,2330229.0
2019-08-20,101.1944,101.2243,99.3761,99.5183,2032071.0
2019-08-21,100.9848,101.7181,100.1169,100.4536,1993170.0
2019-08-22,100.7828,101.5236,100.1244,100.506,1765929.0
2019-08-23,99.9897,100.4611,96.398,96.9517,2909814.0
2019-08-26,98.0592,98.2462,96.645,97.266,1747662.0
2019-08-27,98.1714,98.5455,97.5054,98.149,3130664.0
2019-08-28,97.6027,99.436,97.3034,99.3387,1753134.0
2019-08-29,100.4012,101.5311,100.2964,100.925,1992065.0
2019-08-30,101.4488,101.8154,100.5359,101.4114,1550754.0
2019-09-03,100.9025,100.9474,99.7652,100.3413,1538040.0
2019-09-04,101.546,102.0848,101.127,102.0025,1189070.0
2019-09-05,103.484,106.0281,103.297,105.4819,3353935.0
2019-09-06,105.8934,105.9009,105.1003,105.1826,1752041.0
2019-09-09,105.1975,107.0158,105.1003,106.7015,2797644.0
2019-09-10,107.0008,108.8416,106.9709,108.5348,3405570.0
2019-09-11,108.3851,108.5871,106.7764,107.4498,2305836.0
2019-09-12,107.7715,107.779,106.1628,107.4648,1468317.0
2019-09-13,107.9885,108.2355,107.1954,107.5022,1209585.0
2019-09-16,106.6716,107.4797,106.4546,106.6117,1104363.0
2019-09-17,106.6117,106.6117,105.2499,106.4022,1484269.0
2019-09-18,106.29,106.4771,105.1377,106.4172,1367414.0
2019-09-19,106.5968,108.5198,106.5893,106.9784,2225983.0
2019-09-20,107.1879,107.6219,106.1179,106.1628,2910179.0
2019-09-23,105.6465,106.4172,105.1676,106.305,1065566.0
2019-09-24,106.6267,106.9185,105.5567,106.0131,2026009.0
2019-09-25,106.058,107.4722,105.3921,107.1206,1468237.0
2019-09-26,107.128,107.6593,105.8111,107.4124,1436007.0
2019-09-27,108.0559,108.5647,106.5369,107.1804,1366616.0
2019-09-30,107.5471,109.6721,107.5471,108.8116,2523321.0
2019-10-01,108.9388,110.2558,107.4049,107.4947,1908677.0
2019-10-02,106.3947,106.4546,105.1826,106.0206,2032771.0
2019-10-03,105.9682,106.305,104.1425,106.2675,1849024.0
2019-10-04,106.2975,107.0457,105.5268,106.9934,1316175.0
2019-10-07,106.4471,106.7764,105.6689,105.7138,1268734.0
2019-10-08,104.9356,105.1152,103.4466,103.5439,1907592.0
2019-10-09,104.584,105.003,103.8507,104.5091,1707325.0
2019-10-10,104.584,106.088,104.4268,105.6016,1664501.0
2019-10-11,106.8287,108.1232,106.709,106.8213,1957309.0
2019-10-14,106.4845,106.5743,105.7438,106.2825,1507534.0
2019-10-15,106.6566,107.5396,106.1104,107.0008,2018892.0
2019-10-16,106.6192,106.9634,105.7961,106.3349,3465024.0
2019-10-17,101.0148,101.763,99.4509,100.4611,12178406.0
2019-10-18,100.4311,100.6332,98.9571,100.3339,5131575.0
2019-10-21,99.2264,99.5931,97.9469,99.204,4435395.0
2019-10-22,99.1815,100.3039,98.4782,100.2366,3024547.0
2019-10-23,99.9074,100.693,99.2938,100.5509,2547197.0
2019-10-24,100.8876,101.0672,99.7427,100.3189,1711140.0
2019-10-25,100.3563,101.7107,100.3413,101.344,1789850.0
2019-10-28,101.763,102.2344,101.344,101.7406,2049988.0
2019-10-29,101.329,101.4413,99.8475,100.1318,3028941.0
2019-10-30,100.1393,101.2243,99.6679,101.2018,1533460.0
2019-10-31,101.0971,101.0971,99.6904,100.0645,1893651.0
2019-11-01,100.6406,101.4338,100.3339,101.4114,2044127.0
2019-11-04,101.9426,103.065,101.9351,103.0126,2106266.0
2019-11-05,103.1099,103.8282,102.9827,103.1772,1686537.0
2019-11-06,103.2527,103.8432,102.912,103.8432,2411392.0
2019-11-07,104.3807,105.3422,104.1612,104.2445,1891235.0
2019-11-08,104.1612,104.1839,103.0861,104.1839,1408964.0
2019-11-11,103.8735,103.8735,102.2079,102.5637,1672060.0
2019-11-12,102.8665,103.4646,102.223,102.6546,1816262.0
2019-11-13,102.4199,102.647,101.3296,101.8142,1889821.0
2019-11-14,101.5492,101.7006,100.9435,101.4508,2886691.0
2019-11-15,101.746,102.2987,101.4735,101.7536,2229389.0
2019-11-18,101.6779,101.8142,100.8678,101.6855,1881052.0
2019-11-19,102.117,102.4956,101.799,101.8445,1637928.0
2019-11-20,101.4962,101.8066,100.5044,100.8451,2083874.0
2019-11-21,100.9965,101.5795,100.6785,101.3296,1424976.0
2019-11-22,101.5946,101.9429,101.1404,101.7082,1430599.0
2019-11-25,101.8066,102.965,101.7158,102.9422,1531037.0
2019-11-26,103.0785,103.0785,102.0337,102.276,1619910.0
2019-11-27,102.4728,102.7454,101.1631,101.2766,2287608.0
2019-11-29,101.1479,101.8445,100.7164,101.7915,989511.0
2019-12-02,101.7915,101.8293,100.3,100.6255,1816633.0
2019-12-03,99.9366,100.2697,98.9372,100.0274,2062218.0
2019-12-04,100.5877,101.2085,99.9063,99.929,2072062.0
2019-12-05,100.6861,100.8754,99.6489,99.8684,2478609.0
2019-12-06,100.5044,101.3675,100.4665,100.8602,2476085.0
2019-12-09,100.9587,101.8975,100.8905,101.3902,1762934.0
2019-12-10,101.3902,102.0867,101.1176,101.3826,2089581.0
2019-12-11,101.5341,101.8369,101.2009,101.2691,2103223.0
2019-12-12,101.2236,102.7151,101.1934,102.4501,2119152.0
2019-12-13,102.0186,102.5864,101.4583,101.6098,1580327.0
2019-12-16,102.1624,102.5486,101.3372,101.5492,1706785.0
2019-12-17,101.6628,101.9732,101.0419,101.6173,1715327.0
2019-12-18,101.8672,102.2079,101.5643,101.7612,1572774.0
2019-12-19,101.799,102.0034,101.5946,101.8747,1902038.0
2019-12-20,102.7681,103.2829,102.17,102.6546,3598918.0
2019-12-23,102.7984,103.0785,102.2079,102.6243,1516114.0
2019-12-24,102.6697,102.6773,101.9126,102.1927,771104.0
2019-12-26,102.1927,102.4426,101.9429,102.1397,1119375.0
2019-12-27,102.2079,102.7757,102.1094,102.4123,1776499.0
2019-12-30,102.3593,102.435,100.3151,100.5498,2722522.0
2019-12-31,100.3378,101.5416,100.2394,101.4811,2311078.0
2020-01-02,102.2079,102.9044,102.0337,102.5258,2069228.0
2020-01-03,101.1252,102.1019,101.1176,101.7082,1378348.0
2020-01-06,101.0117,101.6325,100.8451,101.5265,1574173.0
2020-01-07,101.2161,102.1776,100.9965,101.5946,1616912.0
2020-01-08,101.8369,102.859,101.3902,102.4426,3066207.0
2020-01-09,102.7681,103.5631,102.4426,103.5252,1965850.0
2020-01-10,103.7221,104.3807,103.1997,103.4874,1893135.0
2020-01-13,102.6318,103.4495,102.2609,103.4192,2115299.0
2020-01-14,103.1769,103.828,102.6243,102.8287,1955503.0
2020-01-15,102.965,104.5246,102.7454,103.4344,2666001.0
2020-01-16,103.9643,104.623,103.7296,104.464,2582125.0
2020-01-17,103.4495,104.729,103.0861,104.7139,3725514.0
2020-01-21,104.4262,105.5012,104.1763,105.365,4242239.0
2020-01-22,108.3479,110.3769,107.9239,108.9384,11798846.0
2020-01-23,109.2489,109.3321,107.6211,108.1662,3197199.0
2020-01-24,108.5599,108.9612,106.3416,106.4173,3792289.0
2020-01-27,104.8577,106.0463,104.5549,104.9485,2711407.0
2020-01-28,105.6148,106.3492,105.047,105.6526,1790571.0
2020-01-29,105.365,105.6754,104.1687,104.2445,2134069.0
2020-01-30,103.5404,103.6993,102.1852,103.5479,3186585.0
2020-01-31,108.1889,109.0596,106.5914,108.8173,14964132.0
2020-02-03,109.211,111.505,108.946,110.7403,6230848.0
2020-02-04,111.8835,113.0949,111.2022,112.8905,3767159.0
2020-02-05,113.7233,119.1971,113.6779,118.3567,10775230.0
2020-02-06,118.7282,120.2046,117.6572,118.6823,6044799.0
2020-02-07,118.2309,118.9883,116.984,117.3588,4629260.0
2020-02-10,117.0069,118.1468,115.9589,118.1391,3438434.0
2020-02-11,118.667,118.7435,116.8386,117.4124,2804593.0
2020-02-12,117.6189,119.0342,117.443,118.8123,3031560.0
2020-02-13,118.0932,118.4451,117.3588,118.0473,2285354.0
2020-02-14,118.1315,118.2386,114.5742,115.2857,4380483.0
2020-02-18,114.5895,115.8059,114.4748,115.5917,2028688.0
2020-02-19,115.9283,116.196,114.9873,115.4081,1798482.0
2020-02-20,115.3698,115.9895,114.3983,115.6835,1724698.0
2020-02-21,115.5458,115.5458,113.8628,114.6278,2079413.0
2020-02-24,111.3153,113.2584,111.2158,112.0191,3615680.0
2020-02-25,112.0803,112.5087,108.064,108.4083,4082684.0
2020-02-26,109.3186,110.206,106.7941,106.9089,3438034.0
2020-02-27,104.9887,106.098,101.7528,101.8293,5694102.0
2020-02-28,99.4348,100.284,96.6655,99.5649,8416562.0
2020-03-02,100.0239,102.8467,97.8819,102.7396,5031551.0
2020-03-03,102.8773,104.1166,97.7671,98.6086,4806203.0
2020-03-04,100.6588,102.7243,98.6851,102.6784,3129220.0
2020-03-05,99.7944,101.202,98.2644,99.1059,3355566.0
2020-03-06,96.9256,98.1726,95.2579,97.7136,5757395.0
2020-03-09,91.9225,93.6438,89.7193,90.1248,7389353.0
2020-03-10,93.9268,95.5333,88.5565,95.4492,8109602.0
2020-03-11,92.5728,93.7738,89.0308,90.2472,5936027.0
2020-03-12,83.89,83.9971,78.2443,78.6498,9125131.0
2020-03-13,83.1403,83.5075,77.1198,82.5819,9026365.0
2020-03-16,74.9701,82.1688,72.6751,75.7963,7247171.0
2020-03-17,76.9668,82.1611,74.2816,81.5874,6481009.0
2020-03-18,76.0488,81.8092,76.0411,79.2159,5536464.0
2020-03-19,78.2826,79.323,75.1461,76.7602,5841668.0
2020-03-20,77.2039,77.2575,72.4532,72.9734,7565750.0
2020-03-23,72.3691,74.7712,69.2785,72.4991,6753072.0
2020-03-24,76.4925,81.1207,75.934,80.6923,5014803.0
2020-03-25,80.6923,86.0473,78.6651,80.9754,5347650.0
2020-03-26,81.7863,86.5599,80.7612,86.361,4478781.0
2020-03-27,82.972,85.2976,82.3447,82.6431,4312532.0
2020-03-30,82.689,86.797,82.4748,86.3916,3435871.0
2020-03-31,85.6801,87.0648,84.2802,84.8616,3708904.0
2020-04-01,81.3655,84.0889,79.9579,80.4322,3737186.0
2020-04-02,80.6082,84.3949,80.4322,84.1501,4107629.0
2020-04-03,83.3239,84.2037,80.2639,81.3502,2559973.0
2020-04-06,84.4179,88.4571,84.2496,87.8374,4418948.0
2020-04-07,90.8821,91.4712,87.8757,87.9292,3633844.0
2020-04-08,88.9773,91.7695,88.0287,91.257,3196930.0
2020-04-09,92.0908,94.0339,91.9225,92.9476,3753399.0
2020-04-13,93.0471,93.1771,90.3007,92.6799,3718205.0
2020-04-14,94.447,95.7628,93.8044,94.7913,3243116.0
2020-04-15,91.1269,91.9455,89.3215,90.798,3836303.0
2020-04-16,91.0428,91.6089,87.5314,88.5336,4354444.0
2020-04-17,91.2646,92.0985,90.2089,91.8919,3358402.0
2020-04-20,91.1499,93.9957,90.3772,92.1138,4803795.0
2020-04-21,87.2101,89.6199,85.726,89.3215,11190397.0
2020-04-22,91.7007,92.0526,89.9259,91.2723,4467641.0
2020-04-23,91.4712,94.1181,91.1269,92.8329,5121247.0
2020-04-24,93.6438,95.6251,92.3815,95.4109,3417161.0
2020-04-27,96.0535,97.1475,95.9847,96.3289,3376471.0
2020-04-28,97.9431,98.0731,95.9158,96.5967,3246453.0
2020-04-29,98.5933,98.9223,97.5606,98.448,3410342.0
2020-04-30,96.8185,97.3617,95.7934,96.0535,3816753.0
2020-05-01,94.2405,94.4547,92.8635,93.2307,3396918.0
2020-05-04,92.4274,93.3072,91.3335,93.0853,2916908.0
2020-05-05,94.3935,95.1049,93.6897,93.7738,2880088.0
2020-05-06,94.2794,94.9074,93.636,94.2252,2489768.0
2020-05-07,95.3416,95.5586,93.6902,93.9848,2803136.0
2020-05-08,95.1012,95.5354,93.8531,95.3493,3475642.0
2020-05-11,94.4345,95.7059,93.5507,95.0392,2208884.0
2020-05-12,95.3648,96.3804,93.2328,93.2328,3472914.0
2020-05-13,92.9925,93.0235,89.0387,89.7209,4118419.0
2020-05-14,88.8216,90.7132,86.6819,90.6667,3907115.0
2020-05-15,89.876,91.0078,89.3488,90.69,2447556.0
2020-05-18,92.9382,94.8609,92.8375,94.2407,2804346.0
2020-05-19,93.9538,94.7136,93.1631,93.2561,2285133.0
2020-05-20,93.7523,94.9462,93.4964,94.1011,2411904.0
2020-05-21,93.7988,94.3647,92.2328,92.349,2787624.0
2020-05-22,92.5506,92.6204,91.1629,91.7831,2622707.0
2020-05-26,94.0391,95.0625,93.8143,94.3957,3587046.0
2020-05-27,96.0858,97.551,95.7214,97.3262,4161295.0
2020-05-28,98.3573,98.4348,96.3029,96.5432,2600513.0
2020-05-29,95.8765,97.0084,94.7679,96.8301,3115855.0
2020-06-01,96.6285,97.489,96.1556,96.8223,1771254.0
2020-06-02,97.427,97.6828,96.644,97.6828,1623916.0
2020-06-03,98.5744,100.4738,98.4581,100.0474,2579874.0
2020-06-04,99.0628,99.9699,98.4736,99.9233,2559381.0
2020-06-05,103.6213,104.0632,102.1406,102.3809,3900261.0
2020-06-08,102.4274,105.3424,102.4274,105.2416,3527621.0
2020-06-09,103.5128,103.5748,101.5746,102.2336,3358112.0
2020-06-10,102.4507,102.5127,100.6288,100.6831,3055022.0
2020-06-11,97.7061,97.7604,91.349,91.4885,8365245.0
2020-06-12,94.0469,95.4501,92.4731,94.512,4243878.0
2020-06-15,92.5118,94.8686,91.7056,94.3105,3259706.0
2020-06-16,96.9076,98.8457,95.4811,97.0239,3502101.0
2020-06-17,97.551,97.8767,95.6672,96.2486,2039949.0
2020-06-18,95.4346,96.4424,94.8376,96.2564,1887797.0
2020-06-19,97.8146,98.3186,94.7756,94.9462,4021658.0
2020-06-22,94.6748,94.9694,93.4422,93.8608,3239169.0
2020-06-23,94.5895,95.2795,92.4343,92.5739,4433906.0
2020-06-24,91.7288,91.7288,89.8372,90.2558,4787945.0
2020-06-25,90.5194,92.4188,90.0078,92.2793,4401117.0
2020-06-26,91.6823,92.2483,90.1318,90.8528,2687386.0
2020-06-29,91.4652,92.8607,90.9923,92.8375,2447944.0
2020-06-30,92.4033,93.9616,92.256,93.6282,2201280.0
2020-07-01,93.2406,93.9848,91.7676,91.8994,3405926.0
2020-07-02,92.7754,94.1321,92.4576,92.7987,2393096.0
2020-07-06,94.0004,94.4655,92.6126,93.1786,2368115.0
2020-07-07,92.256,92.6514,90.9613,91.1551,2784990.0
2020-07-08,91.5273,91.9769,90.3024,91.2559,3556594.0
2020-07-09,91.4808,91.4808,89.31,89.7054,3302414.0
2020-07-10,89.5426,91.9227,89.3798,91.7521,3187600.0
2020-07-13,92.8607,93.7988,91.9924,92.4111,3207003.0
2020-07-14,91.9614,93.7213,91.4187,93.4964,2825341.0
2020-07-15,94.8919,96.1013,94.6981,95.3571,3029743.0
2020-07-16,95.1943,96.5044,94.7058,96.1401,3122995.0
2020-07-17,96.4347,97.396,95.5121,96.9929,2635456.0
2020-07-20,97.7371,98.5124,97.0161,97.9697,4832613.0
2020-07-21,101.6677,102.4662,97.5278,97.7294,12685408.0
2020-07-22,97.6053,100.373,97.5278,99.7528,5877788.0
2020-07-23,100.0861,100.2955,98.5744,98.7139,2864186.0
2020-07-24,98.055,98.962,97.2952,97.52,2478558.0
2020-07-27,96.799,97.9309,96.6828,97.8456,2452130.0
2020-07-28,97.5433,97.9464,96.2486,96.4967,2481200.0
2020-07-29,96.5665,97.6751,96.1866,97.1557,1649790.0
2020-07-30,95.9075,96.0625,94.3027,95.2795,2822771.0
2020-07-31,95.0702,95.3493,93.8763,95.3105,3157876.0
2020-08-03,95.7447,96.4502,94.6981,96.3726,2241042.0
2020-08-04,95.9928,97.5743,95.9928,97.5588,2459879.0
2020-08-05,98.2488,98.2643,96.6052,97.2564,2360161.0
2020-08-06,96.8962,97.8858,96.8962,97.7759,2155917.0
2020-08-07,96.9983,98.2314,96.7705,98.145,2133875.0
2020-08-10,98.5063,99.9358,98.3178,99.8336,2772130.0
2020-08-11,101.1296,102.4726,99.4409,99.5509,3200462.0
2020-08-12,100.2264,100.3677,98.8597,99.5116,2008850.0
2020-08-13,99.0639,99.2682,97.9958,98.2,2177128.0
2020-08-14,97.5481,98.6163,97.3203,98.3885,1523307.0
2020-08-17,98.3728,98.6398,97.713,97.7366,2266956.0
2020-08-18,98.1764,98.5691,97.5795,98.1136,1641096.0
2020-08-19,98.0429,98.5691,96.9983,97.2654,2610885.0
2020-08-20,96.7627,97.4224,96.4564,96.7234,1579328.0
2020-08-21,96.5585,96.9905,96.0637,96.7313,1828750.0
2020-08-24,97.2261,99.009,96.8884,98.7105,2671642.0
2020-08-25,98.9618,99.6059,97.7759,97.8937,1786059.0
2020-08-26,98.1372,98.2707,97.3517,97.5245,2045885.0
2020-08-27,97.8623,98.255,97.3753,97.9015,2154798.0
2020-08-28,98.145,98.4121,97.556,98.2314,1875410.0
2020-08-31,98.3728,98.3728,96.6292,96.8491,2729303.0
2020-09-01,96.4878,97.3517,95.938,96.9198,2018855.0
2020-09-02,97.1711,101.0825,97.0533,100.674,4513350.0
2020-09-03,100.7918,102.0642,97.1161,97.7445,3589322.0
2020-09-04,97.6659,98.4513,95.2233,96.0558,3937286.0
2020-09-08,95.9459,96.5035,94.807,95.1997,3232515.0
2020-09-09,95.9223,97.1554,95.2626,96.0244,2414940.0
2020-09-10,96.2365,97.0611,94.4379,94.6892,2633397.0
2020-09-11,95.3411,96.37,94.8227,95.3961,2391063.0
2020-09-14,96.1029,96.9041,95.6317,95.8909,2154431.0
2020-09-15,96.4642,96.9198,96.0087,96.1658,1723154.0
2020-09-16,96.3778,98.8205,96.3778,97.5638,2253408.0
2020-09-17,96.3857,98.6084,95.7966,98.1136,1827542.0
2020-09-18,97.5952,98.1136,96.3307,96.4171,2967845.0
2020-09-21,94.6264,94.7992,93.1341,94.4457,3476846.0
2020-09-22,94.5086,95.3882,93.8802,94.6499,1798267.0
2020-09-23,94.8777,95.4982,93.0163,93.3304,2322162.0
2020-09-24,92.7257,93.8724,91.4847,92.7492,2417920.0
2020-09-25,92.3644,93.786,91.846,93.4247,1818743.0
2020-09-28,94.6971,96.0794,94.5714,95.6081,2009220.0
2020-09-29,95.2783,95.9694,94.4143,94.9877,1327899.0
2020-09-30,95.3332,96.5349,94.8777,95.561,1739886.0
2020-10-01,96.1029,96.8412,94.5243,95.1055,1859231.0
2020-10-02,93.4954,95.6238,93.3226,94.6971,1717827.0
2020-10-05,95.6945,96.4093,95.0741,95.828,1891025.0
2020-10-06,96.2757,98.0429,95.4982,95.7966,2195175.0
2020-10-07,96.3464,97.6973,96.0715,97.446,1651898.0
2020-10-08,102.7789,106.4232,101.9228,103.2737,18234437.0
2020-10-09,103.6743,103.6743,100.2185,100.3677,6318473.0
2020-10-12,100.5876,100.729,99.3074,99.9122,3109065.0
2020-10-13,99.4095,99.8651,97.7523,98.255,3815929.0
2020-10-14,98.2785,99.7001,98.2785,98.9147,2228267.0
2020-10-15,97.5245,98.3492,97.2732,98.09,2122703.0
2020-10-16,98.3099,99.2996,97.9015,98.9069,2634682.0
2020-10-19,99.5902,100.0221,98.2393,98.5848,4440348.0
2020-10-20,94.0923,94.3672,91.7675,92.1837,17351827.0
2020-10-21,91.6732,92.4351,90.1574,90.3694,7154771.0
2020-10-22,90.3223,91.1549,88.7358,90.9192,5737072.0
2020-10-23,91.5004,91.5947,90.7386,91.1077,2619937.0
2020-10-26,89.8589,90.2438,87.8404,88.1389,5284488.0
2020-10-27,88.0839,88.1389,86.4188,86.8351,4281852.0
2020-10-28,85.3428,86.1832,83.1908,83.7641,6422609.0
2020-10-29,84.2354,86.1125,83.6856,85.5392,4643082.0
2020-10-30,84.7459,87.809,84.6281,87.699,5347978.0
2020-11-02,88.4766,89.4034,88.1624,88.6808,3278859.0
2020-11-03,89.5369,90.8328,89.2463,89.6626,2791627.0
2020-11-04,88.2253,89.4662,87.3063,87.8875,3872945.0
2020-11-05,88.9871,90.5501,88.7593,90.1417,3360948.0
2020-11-06,90.397,90.4129,89.0504,89.5683,3013943.0
2020-11-09,93.9268,95.4089,91.8472,92.0543,5241175.0
2020-11-10,92.9786,94.1579,92.628,93.9507,4111675.0
2020-11-11,94.1659,94.3013,92.6041,93.385,2633518.0
2020-11-12,92.134,92.7236,90.4209,91.2336,4544960.0
2020-11-13,91.7834,93.5204,91.64,93.1061,3147805.0
2020-11-16,94.3252,94.4607,93.3212,94.3093,3482960.0
2020-11-17,93.7037,94.4527,93.2814,93.7834,2699777.0
2020-11-18,93.7993,94.7236,93.0264,93.0424,2632520.0
2020-11-19,92.8591,93.5842,92.3412,93.3691,2239702.0
2020-11-20,93.7037,94.0543,92.9786,93.1778,2993442.0
2020-11-23,93.5683,96.0304,93.4408,95.6877,3849668.0
2020-11-24,96.3013,99.3849,96.2535,99.1379,5129297.0
2020-11-25,97.9507,99.0662,97.2973,98.9626,2793680.0
2020-11-27,98.9626,99.855,98.7315,99.0821,1244847.0
2020-11-30,98.8829,99.6,98.0781,98.4208,3309347.0
2020-12-01,98.7236,100.2614,98.0702,98.1339,3315970.0
2020-12-02,97.8869,99.3132,97.5363,99.2973,2273126.0
2020-12-03,98.9148,99.4885,98.2375,98.4925,3122613.0
2020-12-04,98.7793,101.4964,98.5164,101.353,3993970.0
2020-12-07,101.0741,101.1936,99.2574,99.361,3153041.0
2020-12-08,100.0542,100.6598,99.3132,100.1658,3005063.0
2020-12-09,100.2375,101.7434,100.1578,101.0263,3393322.0
2020-12-10,100.6757,101.1379,99.5522,99.5682,3151340.0
2020-12-11,98.9546,100.0064,98.4925,99.0184,2572585.0
2020-12-14,99.855,100.596,98.3809,98.4287,2357374.0
2020-12-15,99.114,100.3411,98.357,100.3411,2524951.0
2020-12-16,100.3411,100.859,99.8231,100.0383,2611121.0
2020-12-17,100.4606,100.4685,99.5283,100.0383,2158626.0
2020-12-18,100.0701,100.7156,99.5761,100.2773,3026090.0
2020-12-21,98.7395,98.9467,96.9865,98.3172,4092119.0
2020-12-22,98.2534,98.9785,97.5363,98.4925,2278635.0
2020-12-23,98.7156,99.7674,98.5961,98.7236,1762692.0
2020-12-24,99.5602,99.6797,98.9706,99.353,1286011.0
2020-12-28,99.6797,100.8749,99.1698,99.4566,2143128.0
2020-12-29,99.8789,99.9825,98.1977,98.6439,2352669.0
2020-12-30,98.6439,99.4805,98.5084,99.0741,2264192.0
2020-12-31,98.9785,100.4207,98.7953,100.3012,2257995.0
2021-01-04,100.2773,100.3331,98.0383,98.7554,3067107.0
2021-01-05,99.6957,100.9387,99.2893,100.5084,3542861.0
2021-01-06,101.114,105.082,100.9705,103.0183,5467313.0
2021-01-07,103.6159,103.9506,102.1976,102.7793,2799405.0
2021-01-08,102.4446,103.0422,101.1777,102.4127,2977729.0
2021-01-11,101.9506,103.3291,101.7195,102.4526,2734537.0
2021-01-12,102.8589,103.4645,101.9426,102.9546,2611219.0
2021-01-13,102.9068,103.3848,100.7554,101.1299,4268646.0
2021-01-14,102.0064,103.7115,101.6319,102.7633,4755800.0
2021-01-15,102.2135,102.9785,101.7275,102.3012,2816383.0
2021-01-19,103.0103,103.2573,102.0542,102.8032,3397026.0
2021-01-20,103.345,104.4286,102.4366,103.6478,3996662.0
2021-01-21,103.6797,105.3689,103.6239,104.8988,6659472.0
2021-01-22,96.1738,96.1738,93.5125,94.5085,31205436.0
2021-01-25,94.628,95.2495,93.5842,94.4846,10172405.0
2021-01-26,95.0264,97.6797,94.3571,97.6001,8306962.0
2021-01-27,97.2734,99.4327,96.9069,97.5841,8344193.0
2021-01-28,97.8471,98.1658,95.6718,95.6798,5545407.0
2021-01-29,95.7913,96.6519,94.7396,94.9069,5529279.0
2021-02-01,95.5364,96.373,94.6041,96.0463,4515317.0
2021-02-02,95.1061,96.4128,95.0423,95.1698,4358016.0
2021-02-03,94.8511,95.4567,94.118,94.9148,4638138.0
2021-02-04,95.5443,96.4925,94.7156,96.4288,3101773.0
2021-02-05,96.4128,97.0582,96.0304,97.0423,2785515.0
2021-02-08,97.6931,98.7912,97.5155,98.4925,3891082.0
2021-02-09,98.4279,98.9931,97.7416,98.5894,3193775.0
2021-02-10,99.3403,99.6471,97.8707,98.7024,3631964.0
2021-02-11,98.5086,98.6782,97.4024,97.6285,2800577.0
2021-02-12,97.7012,97.9919,96.9664,97.5397,2412396.0
2021-02-16,97.1279,97.3782,96.377,96.9503,4205869.0
2021-02-17,96.3043,97.3459,96.1024,96.8695,2530296.0
2021-02-18,97.2975,97.6527,96.6515,97.4832,2978862.0
2021-02-19,97.5316,97.5316,95.5857,96.0782,4601459.0
2021-02-22,95.6826,97.8062,95.6341,97.5881,3942613.0
2021-02-23,97.6366,97.9838,96.7322,97.467,3096606.0
2021-02-24,97.5397,99.7117,97.3136,99.4856,3979113.0
2021-02-25,99.6148,100.4061,98.7751,98.8881,3643678.0
2021-02-26,98.7105,98.7105,95.9975,96.0298,5175727.0
2021-03-01,97.1763,98.767,96.7807,97.4912,3586689.0
2021-03-02,97.4912,98.4279,97.1037,97.1602,2969293.0
2021-03-03,97.2975,99.0254,96.8776,98.7993,4882274.0
2021-03-04,98.5086,99.4937,95.8844,96.9826,5769779.0
2021-03-05,97.4105,99.9217,97.0956,99.1788,4790938.0
2021-03-08,99.308,102.4248,99.2192,100.7776,5173411.0
2021-03-09,101.254,102.0856,100.2527,100.2689,3647633.0
2021-03-10,100.9713,103.5471,100.6161,103.2484,5031637.0
2021-03-11,103.426,103.8701,102.3682,102.6589,3413066.0
2021-03-12,102.6993,103.0949,102.231,103.0384,2412520.0
2021-03-15,103.1676,103.9589,102.9819,103.8216,2208486.0
2021-03-16,103.5794,103.7732,102.8204,103.5471,2507612.0
2021-03-17,103.7247,104.5564,102.9415,104.185,2616387.0
2021-03-18,104.1123,105.7757,103.1838,105.0167,3977410.0
2021-03-19,104.9844,105.3235,103.7813,104.08,4408470.0
2021-03-22,103.757,105.5496,103.2645,105.4123,2418555.0
2021-03-23,105.3235,106.2278,104.8067,105.3396,2881978.0
2021-03-24,105.7353,106.6719,105.4285,105.4688,2185675.0
2021-03-25,105.2347,107.5843,104.7825,107.4471,3472974.0
2021-03-26,107.6247,110.2005,107.4875,110.1197,3708900.0
2021-03-29,109.7968,110.6769,109.4173,109.6999,2861345.0
2021-03-30,109.6999,110.0309,108.2142,108.7794,2670057.0
2021-03-31,108.634,108.7713,107.1564,107.6005,2915931.0
2021-04-01,108.0042,108.1415,106.8011,107.5763,2658216.0
2021-04-05,107.9073,110.37,107.7135,109.7564,3099773.0
2021-04-06,109.4738,109.5222,108.2707,108.3756,2252400.0
2021-04-07,108.0688,108.957,108.0204,108.9489,1610533.0
2021-04-08,108.6583,109.5141,108.3272,109.1023,2317091.0
2021-04-09,108.9005,109.603,108.7713,109.5949,1909333.0
2021-04-12,109.0216,109.3042,108.0769,108.6744,2251227.0
2021-04-13,107.3906,107.8912,105.275,105.921,5311243.0
2021-04-14,106.026,107.2129,105.3881,107.0918,3447341.0
2021-04-15,107.6166,108.093,106.7607,107.0514,2246492.0
2021-04-16,107.3906,108.2788,107.3502,107.867,2989786.0
2021-04-19,107.875,108.0527,107.0514,107.4875,4228041.0
2021-04-20,110.6769,112.857,110.3781,111.557,12528106.0
2021-04-21,111.4762,116.0545,111.1936,115.9091,8948678.0
2021-04-22,116.0302,116.87,113.8501,114.0762,5229626.0
2021-04-23,114.1004,115.9576,113.8098,115.0048,3036944.0
2021-04-26,114.9967,115.9737,114.2377,114.3104,2986046.0
2021-04-27,114.4073,115.1098,113.6483,114.6657,2447426.0
2021-04-28,115.4004,115.788,114.7383,115.465,2302535.0
2021-04-29,116.3775,120.0998,115.4489,116.4663,2805963.0
2021-04-30,116.0302,116.1352,113.4868,114.5607,5733064.0
2021-05-03,116.1191,117.6855,115.9091,116.8781,3971055.0
2021-05-04,116.6035,118.3638,116.5389,117.6855,4039329.0
2021-05-05,117.8389,117.8874,116.5551,117.2576,2835926.0
2021-05-06,117.2614,119.9231,117.196,119.8414,5373394.0
2021-05-07,119.1392,119.3189,118.037,118.7637,4459181.0
2021-05-10,119.0413,121.1478,119.0413,119.3434,4892166.0
2021-05-11,118.3799,118.5432,116.6735,117.7512,4595238.0
2021-05-12,117.441,117.6941,115.2365,115.3671,3626994.0
2021-05-13,115.4896,118.3064,115.3508,117.7104,3071748.0
2021-05-14,118.3718,118.9515,117.539,118.1268,1706328.0
2021-05-17,117.9309,119.0413,117.8411,118.4779,2505506.0
2021-05-18,118.2085,118.633,116.9429,117.4981,2200671.0
2021-05-19,116.1999,116.9184,115.0569,116.9103,2603679.0
2021-05-20,116.8531,118.3146,116.0693,117.4736,2708018.0
2021-05-21,117.8002,118.9596,117.8002,118.1758,2678167.0
2021-05-24,118.3963,118.7065,117.7186,118.1595,2121637.0
2021-05-25,118.3228,118.3881,116.9184,117.4002,1750179.0
2021-05-26,117.1634,117.5635,116.7878,117.0654,1590490.0
2021-05-27,117.4328,118.2003,117.2695,117.4247,2032467.0
2021-05-28,117.7431,117.8411,117.1471,117.3593,1326736.0
2021-06-01,118.3881,119.0658,117.3675,117.7267,1486991.0
2021-06-02,118.0778,119.0004,117.6614,118.9759,1695238.0
2021-06-03,118.3146,119.1066,117.6043,118.8371,2331701.0
2021-06-04,119.2046,120.4701,119.0086,120.3639,2035891.0
2021-06-07,120.4701,121.4417,120.1598,120.8538,2149977.0
2021-06-08,120.9355,122.6337,120.9355,121.7111,3406770.0
2021-06-09,121.6785,123.3441,121.507,123.0175,3381582.0
2021-06-10,123.6706,124.7892,122.2745,122.9113,2828469.0
2021-06-11,122.8215,123.9809,122.7725,123.5155,2223425.0
2021-06-14,123.0501,123.3114,121.3682,122.4949,1947026.0
2021-06-15,122.348,122.397,121.3274,121.9479,1367550.0
2021-06-16,122.2745,122.2745,120.2006,120.6987,2329002.0
2021-06-17,120.4701,120.8865,118.6167,118.878,2659147.0
2021-06-18,117.9635,118.1268,116.7878,116.8531,3850754.0
2021-06-21,117.6614,120.0782,117.6206,119.7353,2670261.0
2021-06-22,119.6291,119.8659,118.6739,119.4985,1303938.0
2021-06-23,119.5556,119.6128,118.037,118.0697,1805155.0
2021-06-24,119.0413,119.3597,118.135,118.7473,2077789.0
2021-06-25,118.6983,119.9639,118.3391,119.8904,1823078.0
2021-06-28,120.0292,120.266,118.3146,118.6249,1834958.0
2021-06-29,118.6004,119.8087,118.4697,118.8371,1376471.0
2021-06-30,118.4942,119.9639,118.1513,119.6863,1702845.0
2021-07-01,119.9884,120.4293,119.6699,119.8904,1544464.0
2021-07-02,119.9475,119.9802,113.8648,114.3221,13222199.0
2021-07-06,114.2976,114.6487,111.938,113.3096,5154447.0
2021-07-07,113.2933,114.5752,113.2933,114.1588,2518240.0
2021-07-08,112.4932,115.3753,112.3952,114.9099,3744476.0
2021-07-09,115.4896,115.9223,114.9916,115.5468,2430215.0
2021-07-12,115.4733,115.906,114.3956,115.0569,1843940.0
2021-07-13,115.0569,115.0569,114.0036,114.5344,2026735.0
2021-07-14,114.8936,114.9181,113.424,114.1588,2827034.0
2021-07-15,113.7505,114.6813,113.326,114.6732,2151321.0
2021-07-16,115.1222,115.1222,113.1545,113.4076,2664999.0
2021-07-19,111.4073,113.0729,111.2032,112.6075,4909602.0
2021-07-20,116.7551,118.3228,113.2443,114.2812,9962343.0
2021-07-21,114.2812,115.4406,114.02,115.3671,2940627.0
2021-07-22,115.6611,115.7835,114.6405,114.8854,1913014.0
2021-07-23,115.0896,115.6937,114.5752,115.3998,1941030.0
2021-07-26,115.4406,116.7551,115.2284,116.5674,1816973.0
2021-07-27,116.3714,117.2777,115.6121,116.551,2072477.0
2021-07-28,116.7633,116.8368,115.6447,115.7509,1555313.0
2021-07-29,116.2081,116.7225,115.6121,115.8815,1690190.0
2021-07-30,115.5059,115.8162,114.9508,115.0896,1716171.0
2021-08-02,115.4896,116.8041,115.1467,115.4651,1846538.0
2021-08-03,115.857,118.1431,115.6529,117.6288,2804970.0
2021-08-04,117.4083,117.7186,116.3224,116.5592,1811796.0
2021-08-05,116.7796,117.0899,116.1183,116.5674,1853249.0
2021-08-06,116.7449,117.8929,116.6541,117.6451,2450164.0
2021-08-09,117.4386,117.6864,116.4228,116.6541,3110362.0
2021-08-10,116.621,117.1248,115.9025,116.7614,2208060.0
2021-08-11,117.0918,117.9094,116.8605,117.3808,3043679.0
2021-08-12,117.4882,118.2232,117.3313,118.1571,1208568.0
2021-08-13,117.802,118.5783,117.6368,118.248,1249850.0
2021-08-16,118.2893,118.7105,117.4634,118.5866,1354763.0
2021-08-17,118.0993,118.2315,116.5219,117.6203,1684512.0
2021-08-18,117.0009,117.2074,115.1179,115.184,1941216.0
2021-08-19,114.5398,115.1675,113.3175,113.9865,2451483.0
2021-08-20,113.7553,115.1097,113.3671,114.8867,1637563.0
2021-08-23,115.3079,115.7456,114.6307,115.3079,1794060.0
2021-08-24,115.44,115.8117,115.0601,115.4896,1413968.0
2021-08-25,115.5557,116.2824,115.1758,115.5061,1034043.0
2021-08-26,115.5969,116.2824,114.5729,114.6142,1557375.0
2021-08-27,114.5563,115.2831,114.3003,115.1345,1485516.0
2021-08-30,115.2088,115.5226,114.6389,114.7711,1223027.0
2021-08-31,115.2418,116.398,114.7546,115.9025,2449103.0
2021-09-01,115.6052,115.6795,114.9528,115.0436,1530306.0
2021-09-02,115.3905,115.663,114.8206,115.63,1430223.0
2021-09-03,115.3574,116.0099,115.0436,115.2749,1020768.0
2021-09-07,115.3327,115.4483,113.7718,114.0195,1989032.0
2021-09-08,114.0856,114.8702,113.6396,114.5233,1927138.0
2021-09-09,113.8461,114.7628,113.5983,113.7553,1548012.0
2021-09-10,114.6472,115.1014,113.1441,113.1606,2229663.0
2021-09-13,114.3003,114.7876,113.5653,114.0939,2151502.0
2021-09-14,114.3003,114.4407,111.7732,112.4999,2647293.0
2021-09-15,112.4999,113.8048,112.0457,113.3093,1903460.0
2021-09-16,113.3754,113.9287,112.0787,112.6734,1441763.0
2021-09-17,112.1118,112.2522,111.5419,111.6823,2518665.0
2021-09-20,110.5839,111.641,109.6589,110.9225,2859075.0
2021-09-21,111.5832,112.0292,109.7911,109.8159,1956737.0
2021-09-22,110.4353,111.7979,110.2288,111.1868,1919803.0
2021-09-23,111.6988,113.491,111.5171,112.9211,1826237.0
2021-09-24,113.1689,114.3664,112.9376,113.5488,1738900.0
2021-09-27,113.9369,114.8537,113.5405,114.4325,1953808.0
2021-09-28,114.9362,115.3657,113.3175,113.5323,2409198.0
2021-09-29,113.747,115.5639,112.6816,114.9445,2340608.0
2021-09-30,115.6217,116.0925,114.3829,114.738,3297428.0
2021-10-01,116.4476,118.9004,115.9273,118.3636,4088308.0
2021-10-04,117.8846,120.5769,117.5625,119.016,4820635.0
2021-10-05,119.5446,119.7511,117.802,118.2232,4726981.0
2021-10-06,117.6699,118.4049,116.3567,117.5708,3157406.0
2021-10-07,117.8763,118.4297,116.8853,117.1165,2464834.0
2021-10-08,117.1165,118.6361,116.4889,118.281,2383510.0
2021-10-11,118.5123,118.9913,117.6203,117.6286,1612026.0
2021-10-12,117.4469,117.5212,115.8695,116.0099,1900744.0
2021-10-13,116.0512,116.7862,115.3409,116.2494,1671894.0
2021-10-14,116.4806,118.8591,116.4558,118.4214,2707299.0
2021-10-15,118.4214,119.6272,117.9259,119.429,1896588.0
2021-10-18,118.9252,119.7015,117.067,117.5377,4242087.0
2021-10-19,116.5137,118.0498,116.0512,117.2569,2897061.0
2021-10-20,117.0092,117.4386,116.1998,117.1909,3374677.0
2021-10-21,110.2618,110.4683,105.7939,105.9838,24035905.0
2021-10-22,105.7526,107.5695,104.5633,105.6122,8515979.0
2021-10-25,105.3231,106.2481,104.8359,105.414,4184158.0
2021-10-26,105.3149,105.959,104.679,104.9928,4426742.0
2021-10-27,105.2488,105.6122,103.2419,103.3741,4312102.0
2021-10-28,103.3741,104.3156,102.9198,103.9274,4573749.0
2021-10-29,103.5888,104.3238,103.1594,103.3163,2940898.0
2021-11-01,103.275,104.3156,102.2674,104.2908,3544203.0
2021-11-02,104.3073,105.0258,103.1594,104.2082,2733482.0
2021-11-03,104.2495,105.1249,103.7953,104.9928,2924376.0
2021-11-04,101.6232,101.8627,99.0217,99.8063,4859328.0
2021-11-05,100.2853,102.2179,100.2853,102.0857,4861084.0
2021-11-08,102.3851,103.0546,102.0085,102.8538,3807796.0
2021-11-09,102.5692,102.8538,100.6444,101.1382,4888591.0
2021-11-10,101.2637,102.4604,100.3682,100.6109,4005546.0
2021-11-11,101.18,101.9248,100.4937,100.6528,3481455.0
2021-11-12,100.4854,100.9624,99.4058,99.5564,3442024.0
2021-11-15,100.0418,100.5607,99.0125,99.4811,3320729.0
2021-11-16,99.523,100.3431,99.1045,99.138,2531691.0
2021-11-17,99.071,99.8661,98.5689,98.8032,2798379.0
2021-11-18,99.0543,99.0543,97.3387,97.6316,3630939.0
2021-11-19,97.4893,97.5479,96.4683,97.1211,3699989.0
2021-11-22,97.0792,99.4309,96.4014,97.4726,3939316.0
2021-11-23,97.7404,98.7028,97.1127,97.7404,3185474.0
2021-11-24,97.2131,98.1421,97.1462,97.6902,1964099.0
2021-11-26,96.2423,97.3638,95.8741,96.9202,2136911.0
2021-11-29,99.2719,100.1004,98.3597,99.1715,6296247.0
2021-11-30,98.3346,99.7908,97.4558,97.9998,4764138.0
2021-12-01,98.9622,99.5313,97.7906,97.8492,3748694.0
2021-12-02,98.2258,98.7363,97.5479,97.8324,3431396.0
2021-12-03,98.2174,99.8912,98.2174,99.456,3823376.0
2021-12-06,99.9247,101.3892,99.9247,100.3515,3240734.0
2021-12-07,100.8285,102.1675,100.4854,101.7491,3398697.0
2021-12-08,102.1006,103.2555,101.6989,102.9542,3569376.0
2021-12-09,102.2261,103.7325,101.9248,103.4145,3175254.0
2021-12-10,104.0254,104.8874,103.2387,103.8497,3490262.0
2021-12-13,103.5735,104.0756,101.0879,102.586,3979671.0
2021-12-14,102.3935,104.6364,102.3516,103.5735,3229341.0
2021-12-15,103.607,104.4606,102.2512,103.0295,3363378.0
2021-12-16,103.3643,105.9837,103.3308,105.3896,4960520.0
2021-12-17,105.3393,107.6575,104.7786,106.6198,5335027.0
2021-12-20,105.2557,106.4524,104.3602,106.3352,2853436.0
2021-12-21,106.8374,108.2434,106.8374,107.9337,3350893.0
2021-12-22,108.009,108.62,106.7872,108.5865,2579944.0
2021-12-23,108.7957,109.5991,108.394,109.3229,2111803.0
2021-12-27,109.4568,110.1766,108.7539,110.1515,2129030.0
2021-12-28,110.1347,111.4905,110.1264,110.9967,2181699.0
2021-12-29,110.8042,112.319,110.7205,111.5993,2659694.0
2021-12-30,111.934,112.4529,111.5825,112.0679,2153363.0
2021-12-31,112.1433,112.9718,111.8169,111.8587,2051888.0
2022-01-03,112.2018,114.0681,111.8336,113.8505,3267548.0
2022-01-04,113.9007,117.1228,113.7333,115.5076,5134209.0
2022-01-05,115.7503,119.0058,115.3904,115.6749,6394424.0
2022-01-06,115.6582,115.8339,110.8963,113.2647,6702506.0
2022-01-07,112.8965,113.5409,111.7332,112.8379,3134427.0
2022-01-10,112.4948,113.9844,111.6244,113.0053,3322449.0
2022-01-11,109.2309,111.5156,107.0968,111.1976,7558056.0
2022-01-12,111.5156,112.5366,109.9422,111.8001,3225848.0
2022-01-13,112.0596,113.8589,111.775,112.7793,3044122.0
2022-01-14,112.6035,113.0973,111.5574,112.319,3230299.0
2022-01-18,111.2645,112.0512,110.2854,111.2562,2781705.0
2022-01-19,111.2227,112.0596,110.051,110.118,2643002.0
2022-01-20,109.8502,111.2059,109.2727,109.4819,3221865.0
2022-01-21,110.1766,110.3607,108.1848,108.2517,3734795.0
2022-01-24,107.1135,108.0843,103.9334,107.8082,7073136.0
2022-01-25,108.076,114.9385,107.373,113.9007,14529869.0
2022-01-26,114.2104,114.7125,111.4152,112.3608,5408425.0
2022-01-27,112.0261,112.7709,110.5364,110.9047,3424913.0
2022-01-28,111.4654,112.5868,110.2937,112.5617,2993525.0
2022-01-31,112.2186,112.2186,110.7205,111.7834,3177812.0
2022-02-01,111.9424,113.7836,110.8879,113.4237,3783092.0
2022-02-02,113.566,115.1226,113.1977,114.8631,3149780.0
2022-02-03,114.6539,116.1269,113.6748,115.3067,4251500.0
2022-02-04,115.3737,116.1771,113.9928,114.7795,2631067.0
2022-02-07,115.0305,115.3485,114.043,114.8548,2022775.0
2022-02-08,114.8464,115.0891,113.6329,114.6707,2162498.0
2022-02-09,115.3574,115.7894,114.502,115.3151,2773899.0
2022-02-10,114.7391,115.6623,112.7911,113.0875,3791032.0
2022-02-11,113.4094,114.0954,112.122,112.3846,2327831.0
2022-02-14,112.2999,112.3507,109.3185,110.2332,3405854.0
2022-02-15,110.6483,111.5291,109.7759,110.0554,2692915.0
2022-02-16,109.6404,110.4789,108.6325,109.4117,3006411.0
2022-02-17,108.48,108.8357,105.7443,105.8459,4383656.0
2022-02-18,105.8205,106.244,104.6941,105.3208,2735940.0
2022-02-22,105.1938,105.8713,103.9064,104.9566,2971960.0
2022-02-23,105.3462,105.6173,103.2203,103.3897,2339157.0
2022-02-24,101.6365,103.4151,100.6286,103.305,3970025.0
2022-02-25,103.3728,105.2531,102.8646,105.1768,2758848.0
2022-02-28,103.5083,104.5077,102.5089,103.7624,2854441.0
2022-03-01,103.8979,104.5077,102.2294,102.7799,2176867.0
2022-03-02,103.8301,105.5664,103.161,104.9058,2779995.0
2022-03-03,105.8375,107.2858,105.2192,106.659,3231227.0
2022-03-04,105.3632,107.8617,105.2022,107.2434,2666409.0
2022-03-07,107.1164,108.336,106.3965,106.7776,2923740.0
2022-03-08,107.2434,108.7087,105.7189,106.4473,2760019.0
2022-03-09,107.9125,108.497,106.6421,106.9047,2132073.0
2022-03-10,106.5066,106.7437,104.279,105.3208,3484368.0
2022-03-11,105.8713,107.3705,104.9481,104.9905,2287137.0
2022-03-14,105.4055,106.0069,103.9064,104.9736,1882653.0
2022-03-15,105.0244,106.6675,104.3637,106.4134,2354167.0
2022-03-16,107.1418,107.8109,105.6257,107.5992,2403121.0
2022-03-17,107.65,108.6579,107.1672,108.3784,2109619.0
2022-03-18,107.8871,109.1999,107.0317,109.056,3002703.0
2022-03-21,109.2592,109.886,107.9041,108.497,1749474.0
2022-03-22,108.8357,109.5133,108.2852,109.31,1581471.0
2022-03-23,109.327,109.5303,108.624,108.6663,1598528.0
2022-03-24,108.6918,109.5726,108.2429,109.471,1599349.0
2022-03-25,109.6827,111.292,109.5218,111.2496,2130287.0
2022-03-28,110.8007,111.3767,109.7674,111.3512,1399589.0
2022-03-29,111.834,112.5116,110.4704,111.7493,3257146.0
2022-03-30,111.8086,112.7149,111.2835,111.9102,1394525.0
2022-03-31,110.716,111.6985,110.1062,110.1231,2229145.0
2022-04-01,109.8182,110.3349,108.4631,110.2332,2409262.0
2022-04-04,110.3264,110.4873,109.1999,110.3349,1485678.0
2022-04-05,109.9792,111.148,108.9713,109.1661,1826852.0
2022-04-06,108.2259,109.6997,107.777,109.5895,2183231.0
2022-04-07,109.1491,109.471,107.3366,108.8781,2131500.0
2022-04-08,108.4207,109.0729,107.794,108.1836,1712339.0
2022-04-11,108.3699,108.5647,106.8708,107.0317,1836387.0
2022-04-12,107.074,107.8533,106.3626,106.7014,1558126.0
2022-04-13,106.4134,107.2858,105.7951,106.8369,1756131.0
2022-04-14,109.1999,110.5974,107.0402,107.1926,4583149.0
2022-04-18,107.2265,107.8956,106.3202,106.8623,3428831.0
2022-04-19,106.7861,109.598,106.7183,109.3863,4611477.0
2022-04-20,114.3411,118.2032,112.969,117.153,12811334.0
2022-04-21,117.0768,120.1682,116.3314,118.4489,7006752.0
2022-04-22,118.3218,118.9486,116.3314,117.0937,4318554.0
2022-04-25,116.5347,118.2795,114.502,117.8136,3833125.0
2022-04-26,117.7289,118.4658,115.332,115.3489,3288106.0
2022-04-27,115.0017,116.1366,114.0277,114.3919,2742102.0
2022-04-28,115.9079,116.0265,114.1801,114.9678,2921982.0
2022-04-29,114.4512,114.8154,111.8001,111.978,2515685.0
2022-05-02,112.6471,113.2993,110.86,112.681,2564215.0
2022-05-03,112.6471,113.1553,111.7917,112.2406,2279150.0
2022-05-04,112.537,116.721,111.9187,116.3738,3524146.0
2022-05-05,115.5438,116.2552,114.1378,115.1203,3811238.0
2022-05-06,114.7165,116.8768,114.7165,116.6025,4601525.0
2022-05-09,115.2223,116.8854,114.2793,115.248,4960397.0
2022-05-10,115.7281,116.0795,110.096,110.696,5835431.0
2022-05-11,111.3218,113.9793,111.3218,112.0848,3244998.0
2022-05-12,112.5306,114.5451,111.7933,113.9279,3252750.0
2022-05-13,114.0136,114.6994,112.342,114.5279,2656487.0
2022-05-16,114.0993,117.0225,113.5078,115.7538,2574971.0
2022-05-17,117.6054,118.617,116.2767,118.617,2630451.0
2022-05-18,117.5283,117.9741,113.3021,113.9622,3861117.0
2022-05-19,113.1563,113.4307,110.336,111.1504,3484163.0
2022-05-20,111.5962,111.759,107.8414,110.1388,3757370.0
2022-05-23,111.0132,113.1135,110.9446,112.4448,2096449.0
2022-05-24,111.9305,115.188,111.8019,114.6994,2478796.0
2022-05-25,113.8936,115.5738,113.8936,115.2052,1858600.0
2022-05-26,115.7281,117.9141,115.3166,117.3483,2466146.0
2022-05-27,117.7769,119.7914,117.6483,119.3885,2973206.0
2022-05-31,118.4713,119.8686,117.2797,119.0199,3053604.0
2022-06-01,119.7314,120.4172,118.7456,119.5257,2500618.0
2022-06-02,119.5428,120.2629,117.314,120.1429,2143050.0
2022-06-03,120.2372,122.226,119.7914,121.0259,2667394.0
2022-06-06,122.5689,124.0691,121.7288,122.4832,3095212.0
2022-06-07,122.2431,122.5689,120.8373,122.3974,1654392.0
2022-06-08,121.7888,122.4146,120.1429,120.7258,1755958.0
2022-06-09,120.1429,120.9058,118.2398,118.2655,2035985.0
2022-06-10,118.1284,118.1284,115.9424,116.7482,2973103.0
2022-06-13,114.8451,117.9312,114.6651,115.8224,4107941.0
2022-06-14,115.7281,117.4083,115.6081,116.3453,3011056.0
2022-06-15,116.5939,118.6856,116.2253,117.494,2868232.0
2022-06-16,115.9852,116.7911,115.2052,116.3024,3554276.0
2022-06-17,116.5767,117.4254,113.885,115.7452,4271825.0
2022-06-21,116.4996,118.7284,116.4996,118.1712,2387429.0
2022-06-22,116.671,118.4541,116.611,117.5111,2120327.0
2022-06-23,117.5626,118.8313,117.0139,118.677,2699259.0
2022-06-24,119.3285,122.046,119.2685,121.7802,3194805.0
2022-06-27,121.9517,123.2975,121.6859,122.4146,2449359.0
2022-06-28,122.5175,123.5804,121.1459,121.6088,2498643.0
2022-06-29,122.3632,123.0404,119.5857,120.6229,2506373.0
2022-06-30,119.6543,122.1231,119.3971,121.0344,2592927.0
2022-07-01,120.8715,121.4459,119.3799,120.9744,2369077.0
2022-07-05,119.9886,119.9886,115.9595,117.9741,4056118.0
2022-07-06,118.2998,119.2771,117.554,118.3684,1906916.0
2022-07-07,119.0799,121.1544,119.0113,120.7258,2459793.0
2022-07-08,120.6658,121.1544,119.86,120.4172,1483387.0
2022-07-11,120.5458,121.6173,120.1257,120.8715,2682434.0
2022-07-12,120.7344,121.343,118.7799,119.3114,1990395.0
2022-07-13,117.5969,119.0713,117.2711,117.5969,2420450.0
2022-07-14,116.2424,119.5257,115.7452,119.2085,2821058.0
2022-07-15,120.5972,120.5972,118.8227,119.9457,2595968.0
2022-07-18,120.1429,120.28,118.1112,118.4113,3061656.0
2022-07-19,112.7963,113.6364,109.4873,112.1962,20308798.0
2022-07-20,112.0419,112.0591,109.7788,110.7389,7056886.0
2022-07-21,110.3703,110.4217,107.2671,108.9987,8731919.0
2022-07-22,108.8958,110.0017,107.7643,109.9417,4181822.0
2022-07-25,110.1045,110.696,109.6416,110.1903,3273457.0
2022-07-26,109.9502,110.8418,109.4102,109.7959,2316659.0
2022-07-27,109.7016,110.9532,109.3673,110.6875,2619769.0
2022-07-28,110.3703,111.279,110.2417,110.7732,2412562.0
2022-07-29,111.0304,112.2991,110.8504,112.1191,2751797.0
2022-08-01,112.0848,113.7564,112.0419,113.1906,2667994.0
2022-08-02,113.3278,113.825,111.879,112.9935,2822686.0
2022-08-03,113.002,113.9021,112.5734,113.4478,1856865.0
2022-08-04,113.2849,113.4049,112.3162,112.8477,1941348.0
2022-08-05,112.5134,113.7307,112.3591,113.5678,1541942.0
2022-08-08,114.1654,114.3216,113.1671,113.6793,2484369.0
2022-08-09,112.7765,113.5317,112.0821,112.3859,2127366.0
2022-08-10,113.497,114.3911,113.1411,114.148,2063314.0
2022-08-11,114.8945,115.6497,114.582,115.0508,2187187.0
2022-08-12,115.1202,116.3962,114.5647,116.3268,1529736.0
2022-08-15,115.4154,117.3511,114.7904,117.1254,1533659.0
2022-08-16,116.8389,119.2434,116.7087,118.5403,2559390.0
2022-08-17,118.4535,120.1549,118.3146,119.608,2241309.0
2022-08-18,119.608,120.7625,119.5733,120.7191,1955850.0
2022-08-19,120.4413,120.9535,119.4952,120.1115,1819072.0
2022-08-22,119.4865,119.6601,117.5941,117.6636,1803950.0
2022-08-23,117.5073,118.141,116.9431,116.9605,1378556.0
2022-08-24,117.0907,117.2816,115.5456,115.6497,1610276.0
2022-08-25,116.0143,116.6914,115.5108,116.3008,1566487.0
2022-08-26,116.4049,116.4744,113.1411,113.1758,2522646.0
2022-08-29,112.8112,114.0786,112.4727,113.115,1527768.0
2022-08-30,113.332,113.5143,112.2296,112.4814,1337889.0
2022-08-31,112.7765,112.8459,111.4571,111.5005,1520103.0
2022-09-01,111.4571,112.6897,110.8842,112.5508,2053450.0
2022-09-02,113.1064,113.332,110.4501,110.9276,1747914.0
2022-09-06,110.9362,111.1619,109.6342,109.9987,2032049.0
2022-09-07,109.9727,110.997,109.6168,110.8581,1368819.0
2022-09-08,110.4154,111.5786,109.8859,111.5178,1710217.0
2022-09-09,111.8911,112.4032,111.1619,112.1428,1957669.0
2022-09-12,113.1324,113.7053,112.7505,113.4188,2237910.0
2022-09-13,112.0994,112.7678,110.0421,110.4588,2537578.0
2022-09-14,110.6758,111.9779,110.1029,110.8408,1962604.0
2022-09-15,110.5803,110.6498,108.4189,108.9311,3100159.0
2022-09-16,108.0022,110.7019,107.4901,110.4762,4064112.0
2022-09-19,109.7991,111.1619,109.6168,110.8755,2193932.0
2022-09-20,110.155,110.2331,108.9571,109.6342,1754088.0
2022-09-21,110.1463,110.971,108.4363,108.4449,1978045.0
2022-09-22,108.2974,109.8165,107.9936,108.7748,2357797.0
2022-09-23,108.0977,108.5057,105.6759,106.5179,3257801.0
2022-09-26,106.162,107.8634,105.6846,105.9103,2308564.0
2022-09-27,106.4224,107.5943,105.103,105.6759,2475862.0
2022-09-28,105.5978,106.9693,104.0006,106.5613,2656353.0
2022-09-29,105.7714,106.4398,104.6603,105.5804,1893111.0
2022-09-30,105.6064,106.2748,102.9589,103.1325,2976808.0
2022-10-03,104.3044,106.0839,103.8183,105.4762,2376948.0
2022-10-04,106.596,109.0699,106.353,108.9397,2737391.0
2022-10-05,108.254,109.7731,107.8373,109.1481,1944707.0
2022-10-06,108.4015,108.7661,105.7019,106.1012,3311314.0
2022-10-07,105.4675,105.7366,102.4902,103.1412,2660631.0
2022-10-10,103.9832,104.1308,101.5961,102.2124,2292976.0
2022-10-11,101.9606,103.4971,101.5093,102.2558,2596203.0
2022-10-12,102.4294,103.1325,101.735,102.0561,1942004.0
2022-10-13,100.7801,106.0318,100.294,105.7193,3527140.0
2022-10-14,105.728,106.3703,104.0266,104.2002,2179021.0
2022-10-17,105.728,106.6655,105.4068,105.4849,3025999.0
2022-10-18,106.7696,107.5856,105.7453,106.7175,3057872.0
2022-10-19,106.2141,107.5856,105.8842,106.3443,2863801.0
2022-10-20,109.5908,111.9432,108.6359,111.3703,10145285.0
2022-10-21,111.4484,113.5838,110.7539,112.7591,4681412.0
2022-10-24,113.6272,115.5456,112.7157,115.181,3388920.0
2022-10-25,114.582,115.7105,113.9744,115.3893,3751048.0
2022-10-26,116.0751,117.9414,115.2851,117.1948,3271917.0
2022-10-27,117.6636,118.4014,116.7001,116.9865,2260823.0
2022-10-28,117.6723,120.5455,117.3771,120.233,3697168.0
2022-10-31,119.8424,120.4587,118.5664,120.042,2389559.0
2022-11-01,120.0073,120.3545,118.6618,119.9639,2016567.0
2022-11-02,119.5733,121.674,118.7486,118.7747,2991138.0
2022-11-03,118.4188,118.4709,116.2921,116.7261,2670886.0
2022-11-04,117.7504,119.5559,117.1341,118.8875,2391167.0
2022-11-07,118.6098,120.3979,118.4969,120.0854,2236390.0
2022-11-08,120.6476,122.3429,120.4016,121.5611,3227413.0
2022-11-09,121.1746,122.0091,120.2874,120.6827,2765676.0
2022-11-10,123.2037,124.1787,121.4733,124.0558,3263477.0
2022-11-11,124.2929,126.6031,123.8186,125.7598,3446868.0
2022-11-14,125.2855,128.316,124.8902,126.6646,3554127.0
2022-11-15,126.568,128.395,124.7321,126.7876,2852051.0
2022-11-16,126.6031,127.3234,126.4889,126.9457,1736861.0
2022-11-17,125.9707,128.4038,125.8301,128.3248,2294314.0
2022-11-18,128.5004,130.2748,128.193,129.6863,2729384.0
2022-11-21,129.6072,129.941,128.641,128.843,2009049.0
2022-11-22,129.6511,131.1883,129.1417,130.9687,2935280.0
2022-11-23,130.9687,132.1633,130.266,130.6613,2285776.0
2022-11-25,130.2397,131.3113,130.0903,130.3275,871287.0
2022-11-28,129.9849,130.2133,128.1842,128.4038,1819039.0
2022-11-29,128.1666,129.2734,127.9822,128.6761,1440878.0
2022-11-30,128.4126,131.4431,127.9558,130.793,1814337.0
2022-12-01,131.7417,131.7681,129.4228,131.0214,2651147.0
2022-12-02,130.1167,131.0214,129.7653,130.591,1759099.0
2022-12-05,129.9498,130.8194,128.9484,129.4842,1459683.0
2022-12-06,129.3876,129.8268,128.8606,129.5633,1486004.0
2022-12-07,129.414,130.0991,128.5004,129.3613,2157845.0
2022-12-08,129.9147,131.0214,129.4403,129.8092,1585004.0
2022-12-09,129.4755,130.3011,129.0977,129.168,1534277.0
2022-12-12,129.8444,131.0654,129.0714,131.0654,2111115.0
2022-12-13,132.0843,134.5789,131.7154,132.26,4768058.0
2022-12-14,132.1721,133.437,130.3978,131.6363,2052556.0
2022-12-15,130.4593,130.8633,124.3632,125.0483,3921108.0
2022-12-16,124.0558,124.6619,122.0706,123.1159,4022267.0
2022-12-19,123.1159,123.3618,120.507,121.9827,2894701.0
2022-12-20,121.9564,124.2314,121.5172,124.0997,2503922.0
2022-12-21,124.5916,125.6896,123.8274,124.8551,1839296.0
2022-12-22,123.8098,124.2402,121.7631,123.7483,1779597.0
2022-12-23,123.4936,124.6091,122.624,124.4247,1159069.0
2022-12-27,124.495,125.3646,124.0558,125.101,1357674.0
2022-12-28,125.0835,125.4436,122.9314,122.9929,1321620.0
2022-12-29,123.4848,124.9605,123.3706,123.9064,1300805.0
2022-12-30,123.4497,123.7659,122.4922,123.7571,1480379.0
2023-01-03,123.9416,124.6443,123.397,124.3368,1768510.0
2023-01-04,124.7936,126.1551,124.1699,125.2592,2027203.0
2023-01-05,125.1186,125.1713,122.9841,123.9504,1516267.0
2023-01-06,125.0659,126.7085,124.3632,126.2254,1750478.0
2023-01-09,126.5592,127.7802,125.9619,126.0936,2063722.0
2023-01-10,126.1463,127.2355,125.5227,127.1916,1179047.0
2023-01-11,127.3673,127.8329,126.0058,127.5957,1652423.0
2023-01-12,127.2619,128.8254,126.9457,127.8504,1605360.0
2023-01-13,126.5416,128.3335,126.4977,128.1491,1325420.0
2023-01-17,128.6146,129.2822,127.3761,127.5342,1674574.0
2023-01-18,126.8403,127.0862,123.1686,123.3355,3935636.0
2023-01-19,122.9753,124.9342,122.7557,123.5199,2337924.0
2023-01-20,124.4423,124.6091,123.4233,124.0294,3271883.0
2023-01-23,124.2051,125.6017,123.9064,124.6091,3581066.0
2023-01-24,124.0733,125.3909,122.9753,124.2841,2577196.0
2023-01-25,123.3882,123.8801,122.4132,123.6429,4552080.0
2023-01-26,120.8057,121.4557,116.809,118.1002,12639368.0
2023-01-27,118.0915,119.0138,117.5029,118.0475,5270326.0
2023-01-30,117.986,119.5584,117.6874,118.8469,3258546.0
2023-01-31,119.0226,119.1543,117.4941,118.3462,3560197.0
2023-02-01,118.1354,119.2773,116.6509,118.6624,3228933.0
2023-02-02,119.4266,120.0942,118.4516,119.8043,3521658.0
2023-02-03,119.7692,120.2962,119.0489,120.2874,2190345.0
2023-02-06,119.3124,119.7428,118.5394,119.6199,2698468.0
2023-02-07,119.1719,119.8131,118.1002,119.3212,2280300.0
2023-02-08,119.2041,120.12,118.7151,119.4442,2577770.0
2023-02-09,120.031,120.689,118.5639,118.9285,2098820.0
2023-02-10,118.9551,120.7246,118.7062,120.5734,2445060.0
2023-02-13,120.9291,122.1651,120.7957,122.1295,2796411.0
2023-02-14,121.8628,122.0317,120.0844,120.938,1710329.0
2023-02-15,120.2178,121.3293,120.1022,121.2848,1469931.0
2023-02-16,120.5468,120.9024,119.6754,120.0399,1530601.0
2023-02-17,119.5953,120.5557,119.0529,120.0577,1947489.0
2023-02-21,119.1508,119.4975,117.0701,117.1145,2539311.0
2023-02-22,117.2835,117.3635,115.8519,116.4565,1941095.0
2023-02-23,116.9278,117.1056,114.5803,116.2965,2443327.0
2023-02-24,115.2561,116.1898,114.9004,116.1008,1692645.0
2023-02-27,116.8567,117.2568,115.7096,116.0297,1669442.0
2023-02-28,116.1275,116.1364,114.8293,114.9716,2023903.0
2023-03-01,114.6159,115.1316,113.5845,113.9846,2194050.0
2023-03-02,114.1624,114.9004,113.5578,114.6426,1877345.0
2023-03-03,115.016,115.514,114.5003,115.2739,1382153.0
2023-03-06,115.2739,116.3587,115.2294,115.763,1610998.0
2023-03-07,115.843,115.9675,113.9846,114.0379,1830255.0
2023-03-08,114.2425,114.4736,113.4066,113.8601,1632915.0
2023-03-09,114.0824,114.2869,112.0195,112.1795,2034811.0
2023-03-10,112.144,113.1843,111.2637,111.5482,3670401.0
2023-03-13,111.2815,113.9846,111.0147,111.6638,5094760.0
2023-03-14,112.473,112.6064,109.5476,110.8369,4616960.0
2023-03-15,109.3608,109.6809,108.2227,109.6187,3472917.0
2023-03-16,109.3342,110.988,108.4094,110.8813,4048008.0
2023-03-17,110.33,110.7213,109.3075,109.9833,6686302.0
2023-03-20,110.5346,112.1795,110.4278,111.9839,2706111.0
2023-03-21,112.8375,113.0598,111.735,112.5441,2055585.0
2023-03-22,112.9265,113.1221,110.2678,110.3034,2105041.0
2023-03-23,110.09,111.0858,109.014,109.6987,2835752.0
2023-03-24,109.6898,111.5038,109.263,111.406,2313948.0
2023-03-27,112.4552,115.8252,112.4552,114.9805,4080027.0
2023-03-28,114.8649,115.2917,114.527,115.0072,1723385.0
2023-03-29,115.6829,115.9052,114.8649,115.3361,1913801.0
2023-03-30,115.7363,116.91,114.7937,114.9004,2106305.0
2023-03-31,115.1227,116.6877,115.0783,116.5632,2277975.0
2023-04-03,116.4565,117.9148,116.2787,117.4257,1913532.0
2023-04-04,117.3635,117.5058,116.3854,117.0167,1784547.0
2023-04-05,116.8122,117.9148,116.8122,117.4969,1596004.0
2023-04-06,117.5147,117.9059,115.8697,116.0386,1746889.0
2023-04-10,115.4429,116.5543,114.9182,116.5099,1429393.0
2023-04-11,116.1097,116.581,115.7541,115.9675,1840342.0
2023-04-12,115.9497,116.3854,113.9668,114.2958,2373488.0
2023-04-13,113.8245,114.1624,112.0373,113.7267,3548014.0
2023-04-14,114.2247,115.4517,113.2021,113.9401,2467942.0
2023-04-17,114.0824,114.4559,112.7486,113.6556,1929483.0
2023-04-18,113.9401,114.4203,113.2377,113.62,1695124.0
2023-04-19,112.4819,112.9087,111.4148,112.3218,3470386.0
2023-04-20,115.7274,116.4654,111.895,112.3574,6445284.0
2023-04-21,112.0373,112.6597,111.3882,111.7972,2500763.0
2023-04-24,111.6371,112.0817,110.7568,111.5038,2523066.0
2023-04-25,111.0592,112.2062,110.9347,111.9395,2904059.0
2023-04-26,112.1618,112.5263,111.2548,111.9039,2403326.0
2023-04-27,112.3663,112.9442,111.5482,112.8998,1899096.0
2023-04-28,112.553,113.1488,111.7172,112.4018,2336503.0
2023-05-01,112.3485,112.7042,112.0906,112.1173,1500817.0
2023-05-02,112.304,112.4374,109.6098,111.2904,2829962.0
2023-05-03,111.5571,111.6549,109.6009,109.7699,2590741.0
2023-05-04,109.3964,109.8321,108.2582,108.9874,2813344.0
2023-05-05,109.4675,110.3478,109.1919,109.9477,2469785.0
2023-05-08,110.0499,110.1941,108.9593,109.7254,2449022.0
2023-05-09,109.8696,109.9597,108.752,109.2116,2758591.0
2023-05-10,109.9507,110.4014,109.1486,109.9778,2202463.0
2023-05-11,109.9778,110.176,108.6528,108.9683,1862107.0
2023-05-12,109.428,110.7349,109.1576,110.7168,2790056.0
2023-05-15,110.861,111.4829,110.2662,111.1855,1701233.0
2023-05-16,111.1765,111.6362,110.3653,111.2756,1700518.0
2023-05-17,111.7083,113.4298,111.2847,113.3036,2704707.0
2023-05-18,112.9341,114.0246,112.8259,113.7002,2182849.0
2023-05-19,114.277,115.629,114.0607,114.7006,2576152.0
2023-05-22,114.9169,115.5388,114.6015,114.9169,1607416.0
2023-05-23,114.6826,116.35,114.5835,115.5298,2612959.0
2023-05-24,115.2054,115.2775,113.0873,113.2766,2233643.0
2023-05-25,113.2135,114.6736,112.6727,114.25,2340167.0
2023-05-26,114.5204,116.8638,114.295,116.1698,3389584.0
2023-05-30,116.7736,117.2333,115.6019,116.7015,2180127.0
2023-05-31,115.8273,116.6655,114.8809,115.8994,3527600.0
2023-06-01,115.7642,117.3054,115.1693,117.008,2170295.0
2023-06-02,117.5127,119.9823,117.3054,119.3514,3208085.0
2023-06-05,119.9823,120.5231,119.2162,119.5497,2650382.0
2023-06-06,119.3604,119.8201,118.8647,119.5947,1938564.0
2023-06-07,119.4235,121.172,119.1441,121.1179,3409725.0
2023-06-08,121.2622,122.56,120.7845,121.145,2548909.0
2023-06-09,121.0999,122.6682,120.9287,121.9471,2272999.0
2023-06-12,122.5781,123.1369,122.4158,122.9566,2881164.0
2023-06-13,123.0377,124.5339,122.5781,124.0202,2377654.0
2023-06-14,124.2004,125.2189,123.4253,123.6596,2430652.0
2023-06-15,123.5244,125.1017,123.5244,124.7412,2196023.0
2023-06-16,125.4893,125.7056,123.903,123.912,2922690.0
2023-06-20,122.9025,123.6867,122.4789,122.542,2432222.0
2023-06-21,121.7759,122.0283,120.1355,120.496,3001064.0
2023-06-22,118.6844,119.8381,117.7831,118.2247,3591615.0
2023-06-23,117.5307,117.729,116.4311,116.6565,2265525.0
2023-06-26,116.6204,118.4411,116.5483,118.378,2695700.0
2023-06-27,118.3419,119.8291,117.9183,119.2793,1646280.0
2023-06-28,119.0539,119.126,117.9904,118.7565,1475952.0
2023-06-29,118.7475,121.0909,118.6934,120.8295,2171239.0
2023-06-30,121.3973,121.7038,120.2527,120.6042,2245768.0
2023-07-03,120.2527,121.0909,119.757,120.478,750602.0
2023-07-05,120.1626,121.0549,119.5046,120.9918,1646648.0
2023-07-06,120.0905,120.6853,118.5672,119.117,1901551.0
2023-07-07,118.7745,120.6493,118.7475,119.0449,1783092.0
2023-07-10,118.7565,119.9192,118.6934,119.784,1412848.0
2023-07-11,120.469,121.2802,120.0814,121.172,1659503.0
2023-07-12,121.857,121.9742,119.4866,119.7299,1948039.0
2023-07-13,120.3338,121.7398,120.1986,120.7033,1965590.0
2023-07-14,120.7214,120.7214,119.8201,120.2347,1751263.0
2023-07-17,120.1085,121.3252,119.9643,120.9918,1935106.0
2023-07-18,121.4154,122.533,121.0368,122.0012,2208898.0
2023-07-19,122.1544,122.9837,121.848,122.1094,3331353.0
2023-07-20,123.6506,126.4717,123.0828,124.7232,7203322.0
2023-07-21,124.57,125.985,124.1644,125.2279,3467317.0
2023-07-24,125.5975,126.2915,125.0747,125.7687,2127097.0
2023-07-25,125.6605,126.5709,125.318,126.4807,1940652.0
2023-07-26,126.5799,127.3099,126.0751,127.1477,2045943.0
2023-07-27,128.2563,129.2297,127.8958,128.8602,3473801.0
2023-07-28,129.2838,129.7435,128.752,129.2928,3376207.0
2023-07-31,129.6173,130.3383,129.3649,129.9508,2944978.0
2023-08-01,130.0139,130.2212,128.1391,129.1847,2757937.0
2023-08-02,128.6889,130.0589,128.2653,129.9418,3090039.0
2023-08-03,129.5903,130.8881,129.1666,130.1941,2537094.0
2023-08-04,130.771,131.6723,129.7795,130.0049,2734312.0
2023-08-07,130.6898,132.0418,130.6268,131.7534,1976070.0
2023-08-08,131.3186,131.7288,129.869,131.51,2126969.0
2023-08-09,132.1391,132.1391,129.7323,129.9055,2083624.0
2023-08-10,130.4069,131.8109,130.0878,130.5984,2745609.0
2023-08-11,130.4798,130.7807,129.6411,130.4798,1442796.0
2023-08-14,130.416,130.7078,129.2764,129.3767,1781917.0
2023-08-15,129.0029,129.7414,128.7294,129.3402,1749504.0
2023-08-16,129.1853,129.5408,128.1459,128.2189,1931574.0
2023-08-17,128.5562,130.0605,128.1824,128.2371,1941608.0
2023-08-18,127.6354,129.3038,127.4166,128.9209,1917913.0
2023-08-21,128.93,129.8143,128.6474,129.714,1374552.0
2023-08-22,130.0605,130.5801,128.8206,128.9938,1746167.0
2023-08-23,129.2035,130.808,129.0759,130.7442,1236053.0
2023-08-24,130.8263,131.7106,130.571,130.8719,1719587.0
2023-08-25,131.4462,132.6223,130.8263,132.5129,2122258.0
2023-08-28,132.5676,133.7801,132.3853,133.1237,1821205.0
2023-08-29,133.379,133.771,132.759,133.5157,1479593.0
2023-08-30,133.4884,133.9442,132.8684,133.8895,1232550.0
2023-08-31,133.9625,134.6827,133.5978,133.8622,1649426.0
2023-09-01,134.2542,135.02,133.9442,134.8741,1454623.0
2023-09-05,134.8468,135.8405,134.5368,135.0474,2065743.0
2023-09-06,134.6189,135.2297,134.1266,134.9835,1527582.0
2023-09-07,135.0474,135.64,134.3818,134.4912,1396624.0
2023-09-08,134.3363,135.4667,134.2542,134.6371,1557069.0
2023-09-11,135.4485,135.64,134.5459,135.2753,1789876.0
2023-09-12,134.8559,134.9288,132.9231,133.379,2517292.0
2023-09-13,133.0599,133.9989,133.0325,133.6069,1350901.0
2023-09-14,134.3636,134.6827,133.5431,134.3363,1310216.0
2023-09-15,134.1174,134.7921,132.677,133.0964,2377442.0
2023-09-18,132.8958,133.5431,132.2485,132.2759,1292441.0
2023-09-19,132.1938,133.7619,131.8838,133.5796,2314295.0
2023-09-20,135.257,138.5118,135.0474,136.5972,7064969.0
2023-09-21,135.8405,136.0684,134.2998,134.3636,2669009.0
2023-09-22,134.391,135.02,133.8531,133.9351,1342111.0
2023-09-25,133.6251,134.4092,133.3334,133.5431,1388068.0
2023-09-26,132.6588,133.2605,130.3887,130.5892,2615747.0
2023-09-27,130.9813,131.118,129.24,130.5254,2148259.0
2023-09-28,129.5864,129.7231,127.8177,129.0759,3344179.0
2023-09-29,129.4588,129.5773,127.2798,127.9089,3103608.0
2023-10-02,127.6719,128.9573,127.5078,128.3647,1807192.0
2023-10-03,128.4286,129.1306,127.6354,127.9909,1873805.0
2023-10-04,127.9727,128.7385,127.6263,128.6109,1301933.0
2023-10-05,128.4559,129.1853,127.8086,129.0211,1608495.0
2023-10-06,128.9117,130.3157,127.7357,129.4861,1915310.0
2023-10-09,129.7323,129.8234,128.2553,129.6411,1244881.0
2023-10-10,130.0058,130.7533,129.2035,129.559,1565119.0
2023-10-11,129.9237,130.6804,129.5864,130.5801,1420418.0
2023-10-12,129.9237,130.3066,128.5015,128.7659,2345697.0
2023-10-13,127.4257,127.7448,126.0582,126.2314,2487232.0
2023-10-16,126.979,127.4348,126.2861,126.9152,1891162.0
2023-10-17,125.0098,128.2006,124.2713,127.9271,2330137.0
2023-10-18,127.6354,128.0274,127.2525,127.608,2036416.0
2023-10-19,126.3955,127.0975,125.7482,125.8211,3210206.0
2023-10-20,125.9488,126.9699,125.0098,125.0462,2639266.0
2023-10-23,124.563,125.5203,123.8701,124.3351,2046668.0
2023-10-24,124.6633,125.7938,124.0343,125.6206,2172971.0
2023-10-25,125.3562,126.2588,124.2895,124.9733,3698475.0
2023-10-26,129.6411,131.6559,129.0759,131.0633,7116816.0
2023-10-27,130.9357,131.9203,129.1944,129.9328,3164993.0
2023-10-30,130.5437,131.738,129.9875,130.0331,2391565.0
2023-10-31,130.3704,131.975,129.9966,131.8656,2281473.0
2023-11-01,132.1938,133.5704,131.6924,132.5585,2056059.0
2023-11-02,132.8958,134.1083,132.0479,134.0263,1900290.0
2023-11-03,134.4274,135.3391,134.2724,134.8377,2074327.0
2023-11-06,134.8286,136.0502,134.7921,135.8132,2643736.0
2023-11-07,135.8679,136.0958,134.9562,135.6855,2220414.0
2023-11-08,136.0811,136.4775,134.5413,134.9562,1832808.0
2023-11-09,135.1222,135.5278,133.9512,135.1867,1834403.0
2023-11-10,135.9428,137.5379,135.3988,137.3996,1766265.0
2023-11-13,136.8832,136.9109,135.8598,136.5513,1466806.0
2023-11-14,137.796,139.05,137.4272,138.6812,2356105.0
2023-11-15,138.6719,141.272,138.6719,140.6819,2432093.0
2023-11-16,141.0692,141.3919,140.267,141.1245,1869958.0
2023-11-17,141.3366,141.5302,140.5713,140.9678,2181660.0
2023-11-20,140.6174,142.6182,140.4699,142.3139,2185679.0
2023-11-21,142.5444,142.5997,141.5394,141.9082,1627389.0
2023-11-22,142.4522,143.5679,142.1387,143.0331,1814410.0
2023-11-24,143.0331,143.282,141.9175,143.0792,1035801.0
2023-11-27,142.904,143.9643,142.6827,143.4388,1979938.0
2023-11-28,143.3189,143.6048,142.7842,143.5125,1205628.0
2023-11-29,143.9736,145.2275,143.8537,144.2133,2008478.0
2023-11-30,144.7112,146.2325,144.6559,146.1956,2382641.0
2023-12-01,146.0573,148.0673,145.6793,148.0305,2901380.0
2023-12-04,147.7907,150.0958,147.7907,148.5376,3516761.0
2023-12-05,148.2241,149.8007,148.1872,148.8049,2315281.0
2023-12-06,148.9894,149.6993,147.5326,147.7815,1943633.0
2023-12-07,148.4454,148.8787,147.4957,147.7262,2153574.0
2023-12-08,147.5233,149.4043,147.5233,149.3305,1893961.0
2023-12-11,149.9944,150.8887,149.3213,150.7596,2564331.0
2023-12-12,150.5383,153.369,150.2156,151.8661,3184319.0
2023-12-13,151.5526,152.1058,150.0405,150.8611,2566248.0
2023-12-14,150.2249,150.7504,147.6524,150.2064,3432841.0
2023-12-15,149.644,151.2944,149.4043,149.5794,3500800.0
2023-12-18,149.5794,150.5937,148.9709,150.0497,1673869.0
2023-12-19,149.183,149.6255,148.7404,148.9617,1978985.0
2023-12-20,148.7127,149.183,147.5326,147.5694,1988868.0
2023-12-21,148.0673,148.5191,147.09,148.2425,1673488.0
2023-12-22,148.5376,149.7454,148.4454,149.4965,1360281.0
2023-12-26,149.5794,150.5752,149.4135,150.483,891060.0
2023-12-27,150.4185,150.8795,149.9944,150.7135,1186510.0
2023-12-28,151.1745,151.1745,150.6582,150.9809,1169837.0
2023-12-29,150.9809,151.3774,150.1327,150.7965,1204540.0
2024-01-02,150.1327,150.5568,147.9475,148.9064,2039833.0
2024-01-03,148.4454,149.1184,147.5971,147.6155,1833831.0
2024-01-04,147.7262,149.1922,147.6801,148.3163,1517100.0
2024-01-05,147.4404,148.0305,146.2971,146.7488,2003962.0
2024-01-08,146.3155,148.6482,145.5687,148.5744,1517546.0
2024-01-09,147.5233,147.9751,147.0715,147.5971,1252840.0
2024-01-10,147.7815,148.7588,147.2836,148.6574,1356495.0
2024-01-11,148.4638,149.5794,147.7907,149.5149,1467748.0
2024-01-12,150.2617,153.037,149.6901,152.8711,2585467.0
2024-01-16,152.8711,154.208,152.4469,153.9406,2584219.0
2024-01-17,153.7839,154.7335,152.5852,153.1292,2235646.0
2024-01-18,153.5073,153.9683,152.1703,153.83,1717961.0
2024-01-19,157.2875,158.2003,155.9875,158.1081,4268671.0
2024-01-22,159.3436,160.8465,158.9564,159.3529,2531036.0
2024-01-23,159.4174,160.4501,159.0302,160.3763,2151137.0
2024-01-24,161.1324,161.2246,159.4174,160.3671,4281239.0
2024-01-25,170.537,181.5459,170.4171,175.5804,21562171.0
2024-01-26,176.3918,177.3876,171.6434,172.8052,5566774.0
2024-01-29,172.842,174.6861,171.542,172.547,2770891.0
2024-01-30,173.0725,173.9392,172.2058,173.2201,2491184.0
2024-01-31,172.464,173.0172,168.8589,169.3384,3106243.0
2024-02-01,169.3107,172.8881,168.4624,172.3257,2677834.0
2024-02-02,172.5101,172.7775,171.1363,171.3023,2197696.0
2024-02-05,171.0441,171.293,168.9603,169.1171,2283311.0
2024-02-06,169.2369,170.2788,168.7667,169.1078,1994156.0
2024-02-07,169.0399,169.6726,168.37,169.4121,2600412.0
2024-02-08,169.9238,171.7103,168.8632,171.5335,2716228.0
2024-02-09,171.6079,174.1573,171.059,173.3757,2792167.0
2024-02-12,172.9663,173.506,171.2264,173.2083,2386211.0
2024-02-13,171.4591,171.915,169.6726,170.9194,2160110.0
2024-02-14,172.129,172.129,169.5796,170.7985,1750134.0
2024-02-15,170.845,173.9712,170.845,173.8689,2609882.0
2024-02-16,173.6456,175.8041,173.0036,174.5853,2314347.0
2024-02-20,174.5853,175.6367,170.3239,170.6775,2210190.0
2024-02-21,169.8587,170.296,166.3138,167.1977,2741497.0
2024-02-22,169.7564,171.7103,169.2726,171.3939,2730382.0
2024-02-23,172.0359,173.4874,171.7289,172.7989,1969289.0
2024-02-26,172.6872,173.1803,171.2544,171.3195,1868751.0
2024-02-27,171.3474,172.2499,169.9145,172.008,1911286.0
2024-02-28,171.7847,172.4732,170.7798,172.4081,1732734.0
2024-02-29,173.199,173.8503,171.8405,172.1569,1950340.0
2024-03-01,172.5849,175.2738,172.2964,175.1063,2332824.0
2024-03-04,174.6969,180.4098,174.5481,179.6282,4825600.0
2024-03-05,178.6419,180.447,177.3114,178.5954,3119781.0
2024-03-06,180.0376,184.3455,179.5352,182.5125,3894312.0
2024-03-07,183.8337,184.9037,182.4939,182.8661,2680115.0
2024-03-08,182.4195,184.0105,180.8564,182.3171,2159919.0
2024-03-11,181.517,181.7868,177.5999,178.3907,2664707.0
2024-03-12,179.0699,185.3224,178.7815,184.0198,3302386.0
2024-03-13,183.8058,184.3176,181.731,183.015,1866921.0
2024-03-14,183.2476,183.9919,178.7536,179.9725,2107540.0
2024-03-15,178.6326,179.6282,177.4324,177.7767,2325170.0
2024-03-18,178.3628,179.7864,177.0788,178.3535,1890303.0
2024-03-19,178.1302,180.112,177.0416,179.8887,1816719.0
2024-03-20,179.4514,180.4842,178.0,180.4656,1618521.0
2024-03-21,179.5724,179.9166,176.7904,178.5489,2806237.0
2024-03-22,178.6419,179.5631,177.2556,177.5627,2003941.0
2024-03-25,177.023,177.544,175.6181,175.6553,1884521.0
2024-03-26,175.8693,176.7811,175.3855,175.3855,1877511.0
2024-03-27,176.4089,177.6743,175.4785,177.5254,1641474.0
2024-03-28,178.0558,178.5768,177.0974,177.6743,1498581.0
2024-04-01,176.7811,177.2091,175.4041,176.6229,1200260.0
2024-04-02,175.9809,176.595,174.5481,175.739,1238846.0
2024-04-03,175.4785,178.0372,175.3668,177.6185,1401767.0
2024-04-04,178.6419,179.8329,174.3062,174.8644,1491349.0
2024-04-05,175.4134,177.0788,174.9389,175.9809,939903.0
2024-04-08,176.074,177.0044,175.7669,176.6136,1144467.0
2024-04-09,177.2835,177.9441,173.6735,176.1391,1160209.0
2024-04-10,174.3806,174.8458,172.6128,173.0966,1427933.0
2024-04-11,173.0966,173.8037,171.7382,172.9663,1456511.0
2024-04-12,171.1985,172.2871,169.0399,169.5889,1811026.0
2024-04-15,172.6593,174.4364,168.2956,168.6399,1967309.0
2024-04-16,172.6779,172.7896,170.1378,170.9659,2470708.0
2024-04-17,171.3474,171.8219,169.133,170.3612,1530030.0
2024-04-18,169.6633,170.6961,167.635,168.8446,1459836.0
2024-04-19,169.7378,170.082,168.0072,168.9469,1679692.0
2024-04-22,169.7564,170.5658,167.8955,169.2446,1495457.0
2024-04-23,170.0169,171.8312,166.5464,169.5145,3616988.0
2024-04-24,170.4263,171.4684,168.7794,171.2916,3918635.0
2024-04-25,156.4978,160.4521,154.1345,157.1584,11003189.0
2024-04-26,155.8465,156.1907,154.1996,155.5022,5293019.0
2024-04-29,155.7534,156.5164,154.6555,155.7814,2276966.0
2024-04-30,154.9068,155.158,153.7623,154.6369,2399560.0
2024-05-01,154.1624,154.7021,152.8691,152.9901,2217575.0
2024-05-02,152.9156,153.4088,151.306,153.232,2104738.0
2024-05-03,153.5204,155.0184,153.446,154.181,1779627.0
2024-05-06,154.9161,156.9351,154.8044,156.8793,2112109.0
2024-05-07,157.2421,157.512,156.2559,156.6653,1610502.0
2024-05-08,156.3036,158.4178,156.2002,158.0795,1734958.0
2024-05-09,157.3936,157.4405,155.8713,156.2378,2134893.0
2024-05-10,157.0459,157.9292,156.2848,157.0647,1172746.0
2024-05-13,157.3936,157.9198,156.6982,157.4499,1197927.0
2024-05-14,157.7318,157.9856,156.4351,157.262,1403410.0
2024-05-15,157.807,158.1923,157.2432,158.1077,2290832.0
2024-05-16,158.1077,159.395,157.6661,158.7749,1446801.0
2024-05-17,158.7749,158.9064,157.2338,158.8312,1116104.0
2024-05-20,158.8031,159.8931,158.2205,159.6675,1514383.0
2024-05-21,159.6863,164.4128,159.6863,163.0034,3076051.0
2024-05-22,162.9282,164.4316,162.3362,163.2101,1485957.0
2024-05-23,164.8075,164.8733,160.1468,160.3723,1497122.0
2024-05-24,161.1334,161.6314,159.94,160.579,1266293.0
2024-05-28,160.1562,160.767,158.4742,159.4232,1372797.0
2024-05-29,157.8634,158.4554,156.1814,156.9707,2130639.0
2024-05-30,155.5706,156.67,154.3209,155.6364,2101093.0
2024-05-31,155.7022,156.8955,153.9544,156.7828,1556170.0
2024-06-03,156.4915,156.717,153.6631,155.3075,1407487.0
2024-06-04,154.6685,156.3599,153.992,155.8055,1121040.0
2024-06-05,156.3693,157.6661,155.7773,157.2808,1508946.0
2024-06-06,157.2808,158.2768,156.7358,158.0513,1121907.0
2024-06-07,158.0325,160.9737,157.9198,159.7521,1935583.0
2024-06-10,159.3199,160.4569,158.6903,160.0998,1570168.0
2024-06-11,159.7239,159.7427,156.7452,159.1037,1368770.0
2024-06-12,161.0113,162.0637,157.9574,158.8031,1905974.0
2024-06-13,158.8125,159.3575,158.1735,158.9158,1412511.0
2024-06-14,158.1359,159.2447,157.1399,159.0004,1385759.0
2024-06-17,158.5775,159.4796,157.3936,159.2729,1480541.0
2024-06-18,159.7427,160.4475,158.2205,160.2595,1790088.0
2024-06-20,163.5765,163.7645,160.8891,163.4262,2359818.0
2024-06-21,163.4732,164.4034,161.0582,162.0543,2850107.0
2024-06-24,164.441,167.6923,163.6423,164.4504,2690284.0
2024-06-25,164.5726,165.1552,161.077,162.1858,1947548.0
2024-06-26,160.9455,162.261,160.128,161.4999,1086729.0
2024-06-27,160.7951,162.0919,160.1938,160.5414,1319619.0
2024-06-28,160.5414,162.994,160.2407,162.5147,1275507.0
2024-07-01,162.9846,165.8129,162.9188,164.535,1677098.0
2024-07-02,164.2907,166.7808,163.8021,166.6023,1294695.0
2024-07-03,167.1473,167.2412,164.6008,165.127,761029.0
2024-07-05,165.1364,165.4653,163.4544,165.3995,985394.0
2024-07-08,165.766,167.8144,165.3901,166.9217,1088262.0
2024-07-09,166.8842,166.9781,164.986,165.8317,1217023.0
2024-07-10,165.9445,167.4668,163.9242,167.1097,1625054.0
2024-07-11,166.9311,168.6131,165.9633,167.5513,1340911.0
2024-07-12,167.7862,173.0483,167.7299,171.7986,2557459.0
2024-07-15,172.3154,173.7437,171.5825,171.8456,1490341.0
2024-07-16,173.5276,175.3411,173.3866,174.5988,1658766.0
2024-07-17,174.2511,176.6003,173.9034,176.1398,1902472.0
2024-07-18,175.3787,178.038,173.9316,174.0444,1834872.0
2024-07-19,175.0874,175.717,170.9717,172.1933,1771951.0
2024-07-22,172.3342,173.8095,171.8268,173.039,1062997.0
2024-07-23,173.2363,174.1947,171.9677,172.992,1108993.0
2024-07-24,173.0296,173.9128,172.0899,172.9168,3042722.0
2024-07-25,175.5291,184.4183,174.1196,180.3965,5944844.0
2024-07-26,179.0152,181.8906,178.1789,180.1804,2387688.0
2024-07-29,182.0503,182.0503,177.7655,179.9455,1563557.0
2024-07-30,179.9267,181.1388,177.6809,179.5132,1544395.0
2024-07-31,179.4756,182.8114,178.5266,180.5469,1958919.0
2024-08-01,181.1764,181.9564,176.9292,178.2165,2092378.0
2024-08-02,177.3896,177.8406,174.4954,177.7091,2382014.0
2024-08-05,173.4148,174.082,170.8401,172.2496,2664570.0
2024-08-06,173.5558,177.5024,172.5597,175.5291,1711069.0
2024-08-07,176.7318,178.4138,175.4351,175.5291,1741778.0
2024-08-08,176.1448,181.2444,175.6709,180.9885,1960187.0
2024-08-09,181.216,182.5904,179.1875,181.4719,1247862.0
2024-08-12,181.2823,181.5951,179.1496,179.6046,980195.0
2024-08-13,180.3724,181.3392,179.3487,181.0359,1011228.0
2024-08-14,181.1876,183.0264,180.7894,182.2966,758417.0
2024-08-15,183.4246,184.126,183.2065,183.8416,882454.0
2024-08-16,183.4909,184.2208,182.8084,183.6805,971921.0
2024-08-19,183.7374,185.3393,183.6141,184.581,1311176.0
2024-08-20,184.4483,185.9838,183.652,185.8132,866722.0
2024-08-21,185.7563,187.0455,183.9933,186.9317,1335628.0
2024-08-22,186.9696,187.6047,185.3772,185.7469,799700.0
2024-08-23,186.5336,187.0929,184.2587,185.8796,816807.0
2024-08-26,185.7848,188.0123,185.69,187.6616,1283265.0
2024-08-27,187.1497,189.0076,186.7042,188.3725,1515037.0
2024-08-28,188.5052,189.5763,187.1971,188.1166,1282044.0
2024-08-29,188.9128,190.6379,187.9365,188.5336,1762618.0
2024-08-30,188.7327,191.6332,188.3725,191.5953,1484256.0
2024-09-03,191.3868,194.0503,189.7754,190.7896,1838016.0
2024-09-04,190.2967,193.7091,190.0502,193.4721,1440433.0
2024-09-05,193.4437,195.2162,190.4863,192.0313,1539025.0
2024-09-06,191.8323,193.4626,188.9412,190.2777,1818539.0
2024-09-09,191.4152,194.3631,190.9318,192.9223,1745956.0
2024-09-10,193.5574,195.1025,192.2967,194.619,1733642.0
2024-09-11,196.9319,199.1689,192.4579,198.9509,3054109.0
2024-09-12,199.0551,201.567,197.4058,200.5812,2683010.0
2024-09-13,201.4059,204.8277,201.0741,203.5955,2780676.0
2024-09-16,204.6287,206.5434,204.2874,205.842,2137303.0
2024-09-17,205.9273,207.4344,201.8988,202.9699,2575132.0
2024-09-18,202.9699,205.5576,202.458,203.7377,1857815.0
2024-09-19,206.6477,207.0932,199.4058,202.7424,3092207.0
2024-09-20,203.1595,206.496,202.6002,206.3538,2791317.0
2024-09-23,206.6382,209.1216,205.9462,209.0079,1841665.0
2024-09-24,208.3254,209.6619,206.7898,209.4534,1474852.0
2024-09-25,209.643,210.2875,208.6856,209.6998,1103263.0
2024-09-26,210.534,212.3255,209.8136,211.7852,1282608.0
2024-09-27,211.3776,212.4676,209.2638,209.3302,1914099.0
2024-09-30,209.1501,209.7851,207.605,209.5577,1487018.0
2024-10-01,208.9889,209.5766,204.7614,207.9178,1693491.0
2024-10-02,206.932,208.7235,204.5434,208.278,1469976.0
2024-10-03,208.06,211.2164,207.842,211.1122,2028593.0
2024-10-04,212.0885,214.2971,211.6335,214.2212,1793310.0
2024-10-07,213.6335,215.8042,213.2923,215.2829,1642383.0
2024-10-08,216.2213,217.3966,215.207,216.7047,1522060.0
2024-10-09,217.2544,222.7048,216.5909,222.0886,2635556.0
2024-10-10,222.847,223.5389,219.7284,220.8754,1489950.0
2024-10-11,221.0934,221.2735,218.4488,221.1028,1782036.0
2024-10-14,221.3967,223.8138,221.0175,222.9986,1230785.0
2024-10-15,224.0792,224.9986,220.5815,220.8185,1811410.0
2024-10-16,220.0128,221.6905,219.0744,221.4915,1321428.0
2024-10-17,219.9085,220.9986,218.6289,220.7427,1400876.0
2024-10-18,219.8327,220.5246,218.1739,220.0981,1820582.0
2024-10-21,219.1597,220.3066,218.2592,219.6715,1343465.0
2024-10-22,219.899,220.828,218.6478,220.1455,1492662.0
2024-10-23,218.4014,221.1787,218.2592,220.6194,2855480.0
2024-10-24,209.2922,209.7851,204.8941,207.0079,6740736.0
2024-10-25,205.5007,207.2543,203.2068,203.4817,3853089.0
2024-10-28,204.2685,204.9794,201.6144,201.8135,2628932.0
2024-10-29,200.9414,202.221,198.9129,199.4627,3095525.0
2024-10-30,198.5622,200.1168,193.6143,194.2209,3947620.0
2024-10-31,193.4911,197.2826,192.9034,195.9461,2324576.0
2024-11-01,196.9413,198.9035,196.6001,197.3963,1615501.0
2024-11-04,196.8276,196.875,195.074,195.5669,1174760.0
2024-11-05,195.4247,197.2731,194.856,196.7518,1037949.0
2024-11-06,202.3538,203.1595,199.4058,202.4675,1822278.0
2024-11-07,202.5054,203.3395,200.8845,202.5528,1354960.0
2024-11-08,202.9983,205.4059,201.6902,202.5812,1558365.0
2024-11-11,203.232,204.1969,202.3531,202.4391,1288624.0
2024-11-12,202.4391,203.5186,199.7259,201.4455,1347823.0
2024-11-13,200.1462,201.9709,199.7354,201.5028,1325718.0
2024-11-14,200.6239,201.1016,197.1369,199.659,2679794.0
2024-11-15,198.1973,199.1813,194.9587,195.8376,1950453.0
2024-11-18,197.7578,199.1144,196.2006,198.7992,1840619.0
2024-11-19,197.2802,200.9392,196.984,200.8627,1317379.0
2024-11-20,201.5792,205.3624,200.4042,205.0185,2448030.0
2024-11-21,206.1745,212.69,205.6586,212.4703,3004345.0
2024-11-22,213.3778,217.0559,211.0277,213.0148,2954899.0
2024-11-25,213.3778,216.3108,212.7091,216.0337,2465169.0
2024-11-26,216.6069,218.7565,215.4414,218.6132,1903549.0
2024-11-27,218.6132,218.9571,214.2568,216.7884,1649523.0
2024-11-29,217.5814,220.0749,217.0464,217.2566,1036421.0
2024-12-02,217.3426,218.1833,215.4414,217.2375,1243545.0
2024-12-03,217.0942,218.8807,216.5496,218.7756,1383861.0
2024-12-04,219.7309,223.3039,219.11,223.0651,2154129.0
2024-12-05,223.1224,225.9598,223.0364,224.2689,2756775.0
2024-12-06,223.9631,227.7368,223.7625,227.412,1960834.0
2024-12-09,227.3737,228.6635,218.6896,219.7309,2599903.0
2024-12-10,218.2024,223.9249,217.6292,221.3741,2658870.0
2024-12-11,222.3008,222.597,218.8998,219.8456,1922960.0
2024-12-12,220.3615,223.4472,220.094,221.89,1481047.0
2024-12-13,221.8805,223.3422,219.9793,220.5143,1030599.0
2024-12-16,220.4283,220.7149,216.7502,219.0908,1667562.0
2024-12-17,218.9953,219.922,217.4572,218.7469,1116258.0
2024-12-18,218.8138,218.8138,210.2061,210.3398,1780412.0
2024-12-19,214.4001,216.1006,213.0244,213.9224,1586851.0
2024-12-20,212.7855,217.5241,211.7824,213.3874,2462187.0
2024-12-23,212.8619,213.7504,211.2092,212.0212,1276688.0
2024-12-24,212.3461,214.4287,211.6487,214.3905,524041.0
2024-12-26,213.3396,215.3363,212.6136,214.8491,718847.0
2024-12-27,213.1772,214.4001,211.5149,212.8333,775357.0
2024-12-30,210.6933,211.706,207.9323,210.4162,928258.0
2024-12-31,210.8653,211.1805,208.6871,210.015,922201.0
2025-01-02,211.9162,212.5562,207.8846,210.1201,1104998.0
2025-01-03,210.7029,213.674,210.7029,212.7091,1117871.0
2025-01-06,213.0435,214.3332,210.8939,212.7282,1320132.0
2025-01-07,213.3778,216.5974,212.8811,213.9606,1344525.0
2025-01-08,213.9128,214.8586,210.9704,213.2154,1067366.0
2025-01-10,212.0881,212.4989,207.1203,209.9386,1348876.0
2025-01-13,208.4005,209.7857,205.1618,207.6935,1345862.0
2025-01-14,208.2667,208.3909,205.0281,208.0279,1645309.0
2025-01-15,211.0086,211.7824,208.2763,210.2061,1122038.0
2025-01-16,209.8813,212.7378,207.6744,212.7186,1782537.0
2025-01-17,215.8713,215.8713,213.6549,214.7535,1768797.0
2025-01-21,214.9446,217.2948,212.8811,214.2472,2080301.0
2025-01-22,211.171,214.381,210.5118,213.2919,1921314.0
2025-01-23,213.9415,215.9477,213.1868,215.9477,1444380.0
2025-01-24,215.2121,216.6929,213.8077,214.7631,1100261.0
2025-01-27,213.0244,214.2854,210.0246,214.123,1797938.0
2025-01-28,214.3045,215.6898,211.8684,215.5847,1709944.0
2025-01-29,215.5465,219.2246,213.7409,218.4221,3379184.0
2025-01-30,238.838,250.1111,235.9815,246.7387,9687527.0
2025-01-31,244.6178,245.7547,240.6436,244.2835,2845765.0
2025-02-03,241.1308,250.3595,240.5958,249.0889,4367026.0
2025-02-04,248.3915,253.4071,246.5954,252.6524,2808148.0
2025-02-05,253.8465,253.8561,249.5188,251.5441,2546571.0
2025-02-06,251.2384,251.6206,241.4461,242.1244,2857287.0
2025-02-07,243.9009,245.4878,240.7657,241.0735,1521527.0
2025-02-10,241.2562,242.3045,237.419,239.7271,1754710.0
2025-02-11,241.487,246.9207,240.9869,244.9492,2749565.0
2025-02-12,243.045,246.5841,242.3718,246.0167,1453725.0
2025-02-13,245.8725,249.3539,244.6703,249.2673,1597225.0
2025-02-14,249.0846,251.912,248.0363,251.2773,1765111.0
2025-02-18,251.9024,253.8643,249.8828,252.9988,1897627.0
2025-02-19,251.9697,254.2394,250.1329,254.2009,1530136.0
2025-02-20,253.5566,254.9414,252.114,254.6048,2202382.0
2025-02-21,253.7489,254.6914,251.1042,251.4696,2741549.0
2025-02-24,251.4889,253.7489,249.6424,251.8447,1612617.0
2025-02-25,251.085,253.3931,246.94,247.8824,2541323.0
2025-02-26,248.219,248.4402,244.6703,246.0456,1853410.0
2025-02-27,245.4493,247.767,243.3624,243.5355,1803689.0
2025-02-28,241.2562,243.1316,237.1016,242.7757,2974844.0
2025-03-03,244.9877,246.1898,238.7365,240.6119,1363580.0
2025-03-04,239.227,245.6993,238.6019,243.5163,2599300.0
2025-03-05,241.9487,243.0642,237.5536,241.7275,1656873.0
2025-03-06,240.1887,242.4487,237.3516,239.1693,1551641.0
2025-03-07,236.5342,251.9313,235.7937,251.5273,3990000.0
2025-03-10,251.5466,256.2494,244.9877,247.065,4742784.0
2025-03-11,246.1898,246.8726,236.4476,239.4193,3039321.0
2025-03-12,240.7657,242.0448,236.1303,240.0733,2140889.0
2025-03-13,239.2751,239.7271,233.7356,236.3899,1951250.0
2025-03-14,233.4567,239.4193,232.4277,238.8423,2202959.0
2025-03-17,239.7079,244.8819,239.4674,243.2854,1590702.0
2025-03-18,242.843,242.9008,235.736,237.4959,2250518.0
2025-03-19,238.8231,243.949,237.1978,242.6315,2002374.0
2025-03-20,234.8897,237.3516,228.1384,234.0049,4153346.0
2025-03-21,232.4373,235.8225,229.3694,234.5338,4010920.0
2025-03-24,237.8421,239.2943,236.5438,238.9385,1986321.0
2025-03-25,238.8519,241.2947,238.6981,240.333,1607992.0
2025-03-26,241.6313,244.5838,239.9771,240.7561,2080206.0
2025-03-27,240.1502,240.7177,236.313,236.7842,1521672.0
2025-03-28,236.8419,238.0922,232.8027,234.6588,1621181.0
2025-03-31,233.4471,241.2851,233.2066,239.1404,3346253.0
2025-04-01,238.5346,241.0254,234.1684,240.7561,1833173.0
2025-04-02,238.7173,243.1123,237.7652,240.4099,1821933.0
2025-04-03,233.4182,241.0158,233.2451,234.1684,2738948.0
2025-04-04,228.8885,230.9658,218.1943,218.7713,3923706.0
2025-04-07,210.8467,223.3971,206.2882,217.1364,4112381.0
2025-04-08,223.6568,224.128,208.9618,212.5682,3035639.0
2025-04-09,208.8079,227.2536,206.9229,226.3015,3842156.0
2025-04-10,222.1565,223.6664,213.5203,220.762,2847025.0
2025-04-11,220.9255,228.4846,218.8001,226.465,2013817.0
2025-04-14,230.5908,232.5142,227.6672,229.908,1387262.0
2025-04-15,230.3792,232.2834,229.1482,231.4852,1603193.0
2025-04-16,231.0813,233.9856,226.8593,229.4367,2611021.0
2025-04-17,230.5042,232.5238,228.3115,229.6675,2536812.0
2025-04-21,228.9462,231.591,224.0126,227.1767,2596100.0
2025-04-22,229.3694,233.3509,228.9078,231.6775,2093543.0
2025-04-23,236.5823,239.7944,234.3319,236.0822,3528287.0
2025-04-24,222.3296,223.8684,215.8477,220.5505,9621422.0
2025-04-25,220.185,224.4262,217.6557,223.5125,3701541.0
2025-04-28,223.9453,227.571,223.1856,227.119,1830866.0
2025-04-29,227.9268,230.7927,227.0997,230.2253,1754011.0
2025-04-30,227.6672,233.1874,225.3687,232.5623,1833973.0
2025-05-01,232.1968,233.0912,228.8308,230.485,1791343.0
2025-05-02,233.8221,236.2841,232.0911,236.1495,1786327.0
2025-05-05,234.4088,240.2368,234.3126,239.6405,1724370.0
2025-05-06,238.2749,240.6119,236.6881,239.5828,1195270.0
2025-05-07,239.9002,244.728,239.3039,243.6701,1526958.0
2025-05-08,245.2432,246.7148,243.549,244.4106,1649317.0
2025-05-09,244.4591,244.9334,239.7443,241.2546,1416467.0
2025-05-12,244.4494,245.7176,236.8497,245.6014,1643878.0
2025-05-13,246.3178,251.3036,244.8173,250.3452,1592830.0
2025-05-14,249.3868,252.2427,248.0508,249.5998,1485434.0
2025-05-15,250.7518,258.9033,250.3646,258.1773,2388450.0
2025-05-16,257.8578,259.4358,256.1539,258.2547,1841859.0
2025-05-19,256.9865,260.5588,256.6283,259.8521,1363853.0
2025-05-20,258.8743,260.6944,257.1511,258.4387,1183398.0
2025-05-21,256.5218,257.1801,252.1072,252.5525,1658121.0
2025-05-22,252.4557,252.9494,249.6869,250.1322,1502060.0
2025-05-23,250.3355,251.5844,247.6345,250.3839,1242813.0
2025-05-27,252.6784,255.3794,251.352,254.8373,1306850.0
2025-05-28,254.7695,256.5508,251.6522,251.9426,923098.0
2025-05-29,252.4363,252.8042,248.5832,250.442,1034724.0
2025-05-30,250.5001,251.8264,248.9027,250.8002,1699801.0
2025-06-02,249.6288,255.5633,249.0189,255.4859,1220919.0
2025-06-03,254.9534,257.093,254.208,256.7444,989298.0
2025-06-04,256.454,258.4871,256.3475,257.0542,1012268.0
2025-06-05,256.7444,258.9808,256.6476,258.3515,1108790.0
2025-06-06,259.4455,261.556,259.0002,260.2974,1016499.0
2025-06-09,259.552,264.7508,258.2063,263.4051,1603230.0
2025-06-10,264.4797,268.6232,263.8698,267.4325,2406036.0
2025-06-11,267.8778,272.7668,266.3385,272.5441,2162853.0
2025-06-12,272.5538,274.035,270.908,272.0697,1373204.0
2025-06-13,269.3396,270.9177,267.0355,268.3812,1502421.0
2025-06-16,269.7269,275.4291,269.7269,272.8442,1339169.0
2025-06-17,272.1859,275.7098,272.0407,274.0253,1210419.0
2025-06-18,275.9132,277.7623,273.9188,274.1802,1640833.0
2025-06-20,270.3755,275.0612,268.3618,272.0116,2373022.0
2025-06-23,272.67,280.3471,271.2759,279.9599,1575016.0
2025-06-24,281.1991,284.9554,279.2144,284.4229,1618238.0
2025-06-25,285.1006,286.7173,280.2697,281.7799,1831815.0
2025-06-26,282.4963,283.571,280.9086,282.6222,1290723.0
2025-06-27,282.8545,283.7743,279.3209,280.4633,1165008.0
2025-06-30,281.6541,285.4104,280.7537,285.3813,1111634.0
2025-07-01,285.1587,285.7008,280.8312,281.9155,1231067.0
2025-07-02,280.7537,280.9377,277.7526,278.4787,1440724.0
2025-07-03,278.7594,282.9998,278.7207,282.6609,813658.0
2025-07-07,283.174,285.8073,281.1023,283.145,2294665.0
2025-07-08,283.7549,286.1849,280.26,281.1603,1203806.0
2025-07-09,282.1285,282.3027,279.4274,280.8893,1288583.0
2025-07-10,279.6888,279.6888,273.2121,278.2657,1608701.0
2025-07-11,276.6199,278.2657,273.8995,274.5481,1728951.0
2025-07-14,273.8123,275.8454,272.728,274.7417,1173840.0
2025-07-15,274.7224,275.0999,271.7793,273.6865,1346453.0
2025-07-16,273.7349,274.8192,270.9467,272.9314,1195337.0
2025-07-17,272.5247,274.4223,271.9439,273.0088,1467455.0
2025-07-18,274.3448,278.0043,273.2218,276.7554,1831745.0
2025-07-21,277.162,278.5561,275.3129,275.6324,1285103.0
2025-07-22,275.6614,275.797,272.2827,272.9701,2764251.0
2025-07-23,275.2355,278.895,272.4667,273.0185,3813912.0
2025-07-24,252.9204,253.6949,244.6914,252.204,15040039.0
2025-07-25,251.7296,252.4847,248.1766,251.4392,4459600.0
2025-07-28,252.0007,255.5827,251.3327,254.8179,2841550.0
2025-07-29,255.8731,257.3253,252.6977,254.0434,2197913.0
2025-07-30,253.2592,253.6465,250.6453,251.962,1785456.0
2025-07-31,251.294,251.7006,244.1783,245.0786,3125381.0
2025-08-01,243.3941,243.4619,237.7791,242.0775,5953697.0
2025-08-04,243.0456,244.0428,240.1993,243.946,2974991.0
2025-08-05,243.9653,244.7398,241.0513,242.6777,1901743.0
2025-08-06,243.5103,246.2113,241.332,244.2364,1883847.0
2025-08-07,244.7668,246.9013,240.9267,242.184,3482496.0
2025-08-08,242.5738,243.1586,235.527,236.1313,3931621.0
2025-08-11,236.1021,236.989,228.7531,230.3126,5567750.0
2025-08-12,230.5368,231.9305,227.4471,228.8214,4538898.0
2025-08-13,230.2151,234.7473,230.2151,233.9871,2889939.0
2025-08-14,232.2132,232.9442,229.6498,231.1021,1845450.0
2025-08-15,231.5894,234.5231,230.7707,233.6459,2202882.0
2025-08-18,233.4997,235.3029,233.0514,233.3828,1526937.0
2025-08-19,233.9188,236.6771,233.4218,235.1664,1574033.0
2025-08-20,235.9754,236.7259,234.2502,236.4042,1582444.0
2025-08-21,236.0728,236.3555,232.6031,233.334,1649192.0
2025-08-22,234.6401,237.5056,234.1333,235.9559,1632435.0
2025-08-25,236.414,236.4237,233.3633,233.3633,1734467.0
2025-08-26,235.7122,238.7727,234.2892,236.4822,2025997.0
2025-08-27,236.7161,239.7278,235.8682,238.6362,1772865.0
2025-08-28,239.2113,239.6499,237.1937,239.5037,1092641.0
2025-08-29,239.0163,239.2405,235.5953,237.3204,1246694.0
2025-09-02,234.796,235.4296,232.2132,235.3808,1543056.0
2025-09-03,233.9383,238.0612,233.3438,237.915,1506991.0
2025-09-04,239.2015,242.9637,236.6966,240.9169,2471032.0
2025-09-05,241.9403,242.72,239.2308,242.2327,1331609.0
2025-09-08,242.3302,250.6343,240.761,249.6012,3359239.0
2025-09-09,249.6304,254.0554,248.4218,252.5446,2318672.0
2025-09-10,253.071,253.4901,248.1099,250.3711,2114550.0
2025-09-11,251.0339,251.9988,249.1723,250.4978,1366353.0
2025-09-12,250.4394,250.7318,246.0241,247.0183,1529410.0
2025-09-15,247.5836,252.4862,247.5544,249.7474,1898905.0
2025-09-16,249.7668,251.4628,247.9637,250.9949,1077448.0
2025-09-17,250.9754,254.3575,250.4978,252.5154,1823463.0
2025-09-18,252.301,258.5096,250.2932,258.2854,2396240.0
2025-09-19,259.3088,261.0827,256.9599,259.6499,3464425.0
2025-09-22,259.8643,265.4102,259.2601,264.494,2203501.0
2025-09-23,265.7903,266.3751,262.4375,265.3419,1721460.0
2025-09-24,265.7123,266.7162,260.5271,260.7513,1324876.0
2025-09-25,266.0242,277.0281,264.2698,274.3088,6107616.0
2025-09-26,273.4024,281.5311,273.0125,277.1061,4967279.0
2025-09-29,278.7533,278.7533,272.5739,272.7104,1929316.0
2025-09-30,273.763,278.7825,273.4121,275.0106,2289731.0
2025-10-01,273.1003,279.3283,273.0515,279.2309,2053068.0
2025-10-02,278.5486,281.2289,275.6246,279.455,1684036.0
2025-10-03,280.2153,285.8878,280.0204,281.0632,2171282.0
2025-10-06,281.1899,284.0652,280.5077,282.0866,1256740.0
2025-10-07,288.0613,293.422,285.8488,286.4239,3711461.0
2025-10-08,286.7065,286.7455,279.2114,282.1256,2492919.0
2025-10-09,282.4765,282.7786,276.1412,280.9268,2149891.0
2025-10-10,281.648,283.0321,270.4687,270.7806,2017531.0
2025-10-13,272.7006,275.2835,267.6811,270.1958,1817168.0
2025-10-14,268.5388,270.4979,265.6343,269.1529,1515082.0
2025-10-15,271.3264,278.2172,269.9813,273.6363,1491083.0
2025-10-16,273.9872,275.4005,268.6168,268.9774,1229569.0
2025-10-17,269.1529,276.2192,268.3731,274.1529,1783034.0
2025-10-20,274.1236,278.266,273.841,276.4628,1569272.0
2025-10-21,276.1315,278.0808,274.4648,274.9034,2037148.0
2025-10-22,274.8449,281.843,274.2211,280.225,4740212.0
2025-10-23,258.2367,278.3439,256.8819,277.7786,10659573.0
2025-10-24,276.5798,302.8762,275.0593,299.6695,10930741.0
2025-10-27,300.0009,305.5565,295.2056,305.1569,4126048.0
2025-10-28,304.6793,311.2583,303.5195,304.6501,3127015.0
2025-10-29,304.8645,306.3655,299.728,300.4005,1961348.0
2025-10-30,298.8801,305.8002,297.2914,302.2037,2381688.0
2025-10-31,304.0945,305.5565,293.9873,299.6208,3182593.0
2025-11-03,300.1959,304.2407,296.5214,297.0087,2427396.0
2025-11-04,292.3986,295.4882,288.4999,293.227,2860833.0
2025-11-05,293.7436,299.4161,292.1159,298.997,1761193.0
2025-11-06,298.9775,307.4473,293.4609,304.5039,3164023.0
2025-11-07,301.851,302.1646,294.9418,298.6169,3136602.0
2025-11-10,300.6946,303.7523,298.1563,302.9585,1539469.0
2025-11-11,302.8311,311.5632,302.2724,307.4568,2486380.0
2025-11-12,313.5036,318.4136,308.2507,308.6917,3836166.0
2025-11-13,307.0256,308.3193,297.6173,298.7737,2736294.0
2025-11-14,294.0107,301.5766,291.6488,299.5871,1966888.0
2025-11-17,299.4891,299.8909,290.5904,291.2372,2240148.0
2025-11-18,291.0706,291.0706,284.132,284.1614,2888770.0
2025-11-19,284.7004,285.2982,282.3189,282.7697,1764958.0
2025-11-20,289.1106,294.7066,284.3672,284.6024,3257008.0
2025-11-21,287.6209,294.4812,286.0626,291.5018,3154710.0
2025-11-24,293.2071,301.0474,291.5704,298.0485,2443484.0
2025-11-25,298.0583,299.8909,291.1294,298.4013,1486547.0
2025-11-26,299.0873,300.479,295.618,297.1566,1102161.0
2025-11-28,297.9897,303.0075,297.5389,302.4194,887360.0
2025-12-01,300.381,300.9886,296.7548,299.5675,1595376.0
2025-12-02,300.871,304.2717,295.5494,295.7552,2283475.0
2025-12-03,296.8332,297.9015,292.9327,296.5784,1739021.0
2025-12-04,297.1076,303.4289,296.5,301.8412,1508098.0
2025-12-05,302.4292,305.6046,301.0474,301.7922,1099757.0
2025-12-08,303.4387,309.0543,301.802,303.0075,1990674.0
2025-12-09,303.4485,307.7018,302.586,304.2815,1367999.0
2025-12-10,304.0365,308.4075,300.528,306.4278,1461228.0
2025-12-11,305.7712,307.1824,302.243,304.5363,1224625.0
2025-12-12,304.3697,304.8401,297.2743,303.0663,1609710.0
2025-12-15,302.8213,305.1537,300.234,302.4978,1446132.0
2025-12-16,301.1748,301.2434,294.4223,297.1272,1630468.0
2025-12-17,297.7251,300.136,297.0292,297.2645,1191779.0
2025-12-18,297.0978,298.3719,289.7966,294.4517,2313909.0
2025-12-19,294.3537,300.7338,293.1287,294.9712,2725540.0
2025-12-22,295.0202,297.1272,292.3643,296.745,1327752.0
2025-12-23,295.324,299.0383,294.6478,297.7153,1527380.0
2025-12-24,297.6957,299.0579,296.2648,298.4797,597521.0
2025-12-26,298.6071,299.6459,297.5977,298.9991,751607.0
2025-12-29,298.5679,303.8111,297.6859,299.6361,1678996.0
2025-12-30,299.6263,300.1262,295.9708,296.0198,965590.0
2025-12-31,295.7356,295.8238,289.9632,290.2964,1715492.0
2026-01-02,291.6194,291.6292,283.2303,285.6804,2412216.0
2026-01-05,289.8652,293.2169,288.3755,289.0812,2272674.0
2026-01-06,289.1106,296.99,288.5421,296.4314,2185236.0
2026-01-07,296.4608,298.2347,290.4238,290.806,1474313.0
2026-01-08,289.1106,297.6075,289.1106,296.6764,1892384.0
2026-01-09,296.5686,300.871,295.9708,298.1465,1483888.0
2026-01-12,296.5784,306.0946,293.9715,305.9476,1978761.0
2026-01-13,305.3791,306.565,295.8434,297.1076,2228385.0
2026-01-14,297.4409,303.0173,295.4808,302.8605,1886634.0
2026-01-15,302.8311,305.6536,291.1098,292.0017,2716566.0
2026-01-16,294.9908,301.312,294.7752,299.5675,2370506.0
2026-01-20,295.3338,295.5788,284.3672,285.5334,3947348.0
2026-01-21,286.9153,291.7272,286.6703,291.5998,2644734.0
2026-01-22,293.4423,294.9222,287.6699,288.7871,2297845.0
2026-01-23,288.1991,288.4637,284.0046,286.6017,1610458.0
2026-01-26,287.3073,290.8942,287.2877,290.414,2117825.0
2026-01-27,291.2274,291.394,287.4151,287.9933,1655827.0
2026-01-28,288.2971,290.0416,285.4452,288.2873,3027447.0
2026-01-29,311.5142,313.5134,297.4115,303.0663,6548154.0
2026-01-30,301.459,301.6452,293.7461,300.577,2534352.0
2026-02-02,301.3708,310.3185,300.2928,308.4467,2805651.0
2026-02-03,306.1632,306.7316,278.1832,288.4343,7897803.0
2026-02-04,285.5922,285.5922,273.3908,283.2793,5672272.0
2026-02-05,280.3882,285.9842,279.4082,284.1026,3189838.0
2026-02-06,286.6605,293.9029,284.8474,292.9621,2152359.0
2026-02-09,289.4283,291.784,285.5745,290.4238,2599581.0
2026-02-10,290.7491,293.3314,286.1561,287.5655,1984107.0
2026-02-11,288.1372,289.2805,268.4444,268.8879,5075511.0
2026-02-12,266.414,267.3996,253.5221,255.789,9012212.0
2026-02-13,256.2621,260.8551,252.9504,258.6079,3197073.0
2026-02-17,255.4736,256.952,250.989,254.5964,2990898.0
2026-02-18,254.9216,257.3561,252.566,257.0407,2048279.0
2026-02-19,252.3196,254.5668,249.8654,252.5956,3008466.0
2026-02-20,251.5311,255.3159,250.1512,253.4629,2697862.0
2026-02-23,250.713,251.5212,217.5468,220.139,14846639.0
2026-02-24,224.525,233.1985,220.415,226.0232,9223808.0
2026-02-25,229.8671,236.1061,227.8959,234.125,5567868.0
2026-02-26,236.2638,243.9319,235.5147,238.5307,5098592.0
2026-02-27,234.6474,236.7566,231.1878,236.7566,3111563.0
2026-03-02,232.3114,237.3184,230.419,235.9287,3241432.0
2026-03-03,232.9521,242.5521,230.9217,241.7537,3974338.0
2026-03-04,242.217,247.2436,241.4285,246.465,3554981.0
2026-03-05,245.7356,256.6366,245.4202,252.8617,6211392.0
2026-03-06,252.7533,255.6707,248.5841,255.1286,3720965.0
2026-03-09,251.7085,254.3697,247.9533,249.688,3788253.0
2026-03-10,249.619,249.7964,243.0055,246.603,3020861.0
2026-03-11,246.4157,250.0724,243.6461,245.2921,2112315.0
2026-03-12,243.5476,246.4551,242.1085,244.1192,2707892.0
2026-03-13,244.1094,246.1299,241.1919,242.7393,2888031.0
2026-03-16,244.3065,248.5742,242.5619,245.6666,2625127.0
2026-03-17,246.9085,252.704,246.4059,252.428,2793057.0
2026-03-18,250.5061,254.5668,246.5636,247.9829,2568677.0
2026-03-19,245.8441,248.5644,244.681,246.7705,2386374.0
2026-03-20,245.4202,246.6818,238.2942,238.2942,3467243.0
2026-03-23,242.9562,247.7365,241.1919,244.8683,2719434.0
2026-03-24,242.9069,243.5574,234.5784,237.1311,2482655.0
2026-03-25,240.0979,242.6506,234.5784,237.9196,1875776.0
2026-03-26,237.1016,243.1336,236.3525,238.1956,2024284.0
2026-03-27,235.4162,235.9977,230.3895,232.9422,2432902.0
2026-03-30,234.3813,236.7566,232.7353,233.8392,1551731.0
2026-03-31,236.8157,239.3587,232.9817,238.9053,2128818.0
2026-04-01,238.6391,242.7295,236.6876,239.6445,1973941.0
2026-04-02,239.5065,244.6514,238.0083,244.5923,1660316.0
2026-04-06,244.5726,245.3217,241.2215,243.1927,1634400.0
2026-04-07,241.7931,242.2268,237.6338,241.5467,1277493.0
2026-04-08,245.0556,246.4059,237.3381,238.2646,2899382.0
2026-04-09,237.417,238.2646,230.3993,233.7702,3116012.0
2026-04-10,235.7513,235.8301,227.1961,227.4425,3509434.0
2026-04-13,230.2712,234.6474,228.369,234.401,3148013.0
2026-04-14,235.3176,238.0675,234.6967,236.8157,2101577.0
2026-04-15,238.7673,242.5225,237.5155,241.2806,2216950.0
2026-04-16,245.1738,247.6083,242.5816,247.3915,2869208.0
2026-04-17,251.0087,251.9746,247.4309,249.826,2872736.0
2026-04-20,251.334,254.7837,248.9291,250.0625,2693115.0
2026-04-21,250.3484,254.3796,248.2391,252.0042,2807009.0
2026-04-22,250.851,253.8375,243.656,248.2391,6872004.0
2026-04-23,228.9308,229.5616,218.5423,227.7579,16643586.0
2026-04-24,228.5956,229.4531,221.7653,228.6449,6782267.0
2026-04-27,226.6441,227.9944,223.8548,224.7714,4198718.0
2026-04-28,227.1862,230.2022,225.1755,229.6897,3125184.0
2026-04-29,227.0285,228.1521,223.5591,223.8351,3797561.0
2026-04-30,223.2733,228.2704,221.6667,227.6593,3163355.0
2026-05-01,231.178,232.5579,228.4182,228.8618,1683580.0
2026-05-04,228.6646,230.7246,225.3234,226.1809,1657263.0
2026-05-05,226.8511,227.679,223.8844,225.7373,1863981.0
2026-05-06,225.4614,225.7078,221.1542,222.4946,4432247.0
2026-05-07,224.2017,228.4909,224.1123,227.9846,2864610.0
2026-05-08,228.0938,229.0668,223.2287,228.1236,2684000.0
2026-05-11,227.0314,228.5902,220.9649,221.9578,3468538.0
2026-05-12,222.8315,222.8315,217.6586,217.6586,3165637.0
2026-05-13,216.7154,216.7551,210.8276,213.1113,4479546.0
2026-05-14,214.0148,219.3862,213.4687,216.8147,3005353.0
2026-05-15,216.6459,219.3366,216.0601,217.7381,2291583.0
2026-05-18,216.9934,221.7394,216.1991,221.1635,2708852.0
2026-05-19,222.901,225.7307,220.3394,220.7465,2435670.0
2026-05-20,219.4756,223.3975,215.236,223.3975,1841796.0
2026-05-21,230.9235,251.8235,229.2852,251.1682,15228800.0
2026-05-22,260.1836,262.497,251.5853,252.0321,11179989.0
2026-05-26,253.1441,253.1441,243.7018,248.9045,4444164.0
2026-05-27,248.6662,255.7851,248.6662,253.3824,4084354.0
2026-05-28,259.1411,266.9749,255.1695,262.3381,7119176.0
2026-05-29,275.325,298.8562,271.3832,295.679,15249320.0
2026-06-01,320.2527,325.644,305.8063,318.1378,18144404.0
2026-06-02,311.5154,330.0921,307.8913,326.8851,9428776.0
2026-06-03,316.0329,316.0329,300.3753,303.4532,7393611.0
2026-06-04,305.2404,308.2289,298.042,299.6207,5192653.0
2026-06-05,297.8633,300.1469,279.0681,282.8113,6453266.0
2026-06-08,283.4864,288.4309,277.4398,278.8199,3018174.0
2026-06-09,279.1376,281.5702,269.3578,275.5136,4372529.0
2026-06-10,271.8697,278.5121,269.3975,270.4201,2260887.0
2026-06-11,266.0912,274.5108,264.6019,272.8924,2675432.0
2026-06-12,276.9533,276.9533,265.7735,270.301,2712275.0
2026-06-15,270.0627,270.3109,262.914,266.7961,3500939.0
2026-06-16,268.9408,274.6498,266.6969,268.8812,2334657.0
2026-06-17,264.453,266.955,260.0148,260.4814,2452292.0
2026-06-18,249.4109,250.6718,241.9444,247.3258,7522180.0
2026-06-22,246.6606,251.5058,242.0735,250.4236,4191433.0
2026-06-23,259.7169,265.6245,253.4419,263.053,8300805.0
2026-06-24,259.9751,263.1821,254.3554,261.0871,4046483.0
2026-06-25,265.7636,266.8458,254.1767,256.4305,3805726.0
2026-06-26,257.0957,271.1946,256.4404,269.6953,4158179.0
2026-06-29,272.3463,276.1689,267.1437,276.02,3063123.0
2026-06-30,271.2641,280.5574,269.189,279.2071,2746616.0
2026-07-01,277.6682,292.3925,276.9731,284.2112,3758891.0
2026-07-02,281.1234,288.8579,280.2695,287.4579,2578106.0
2026-07-06,286.2863,298.6774,285.6012,297.3867,3708349.0
2026-07-07,303.483,309.5792,298.3498,303.9496,4751534.0
2026-07-08,298.6278,301.6561,293.4847,299.8987,2156186.0
2026-07-09,283.8041,295.1726,282.4042,293.1968,2939974.0
2026-07-10,295.1428,296.642,285.4523,285.5119,1595046.0
2026-07-13,288.4309,295.3811,287.0409,288.1629,2430842.0
2026-07-14,224.8669,228.2824,211.7014,215.5239,42942751.0
2026-07-15,219.6345,222.2259,209.527,209.6958,18994587.0
2026-07-16,207.3327,218.3834,202.9839,217.4898,14791041.0
2026-07-17,214.0843,215.6232,208.7227,211.1553,7610154.0
2026-07-20,208.5738,214.7396,207.3327,211.4829,5611116.0
2026-07-21,209.2192,213.4389,207.6901,209.0007,7112654.0
2026-07-22,206.2008,210.8376,203.2718,204.3044,7658858.0
2026-07-23,201.1967,206.0717,197.7713,205.1782,9186017.0
2026-07-24,207.7894,214.5609,205.3271,212.6645,6234056.0
2026-07-27,216.1991,218.0657,213.7566,214.7396,5091900.0
2026-07-28,218.165,227.3491,213.5779,225.9293,8237469.0
2026-07-29,226.0782,229.3249,222.3549,224.8272,3980856.0
2026-07-30,220.4188,223.2585,218.6317,220.1607,3497078.0
2026-07-31,219.5749,223.1592,215.0374,222.0571,5108816.0
2026-08-03,226.7037,226.9222,223.2684,224.6981,3501581.0
2026-08-04,223.1592,233.634,221.7096,233.4752,3873892.0
2026-08-05,234.4184,237.268,231.7972,234.2397,3253887.0
2026-08-06,227.9746,232.8,226.813,231.7674,1719724.0
2026-08-07,233.69,235.63,231.03,235.59,2170330.0
2026-08-10,235.0,240.74,234.13,236.31,2994835.0
2026-08-11,236.31,241.8,235.44,238.42,2067559.0
2026-08-12,236.95,237.46,231.68,235.98,2512752.0
2026-08-13,238.92,239.71,233.61,237.14,2897185.0
2026-08-14,238.37,239.15,233.73,234.32,1974271.0
2026-08-17,231.59,233.65,227.4,228.85,3853837.0
2026-08-18,229.73,234.45,229.41,232.67,1948765.0
2026-08-19,232.26,238.62,230.51,237.16,2289692.0
2026-08-20,236.0,237.5,233.03,233.69,1872851.0
2026-08-21,233.71,238.72,233.12,235.68,1933477.0
2026-08-24,234.37,234.49,230.47,231.04,1802622.0
2026-08-25,230.0,234.44,229.52,234.19,1498355.0
2026-08-26,230.7,234.23,228.96,229.87,1846795.0
2026-08-27,232.8,240.81,231.45,238.79,3108861.0
2026-08-28,238.3,239.08,235.09,235.59,1446741.0
2026-08-31,232.73,235.94,232.18,233.87,1725299.0
2026-09-01,231.0,233.09,229.9,231.4,1453412.0
2026-09-02,230.55,232.88,229.1,231.7,1567144.0
2026-09-03,234.38,238.29,232.81,234.71,1734393.0
2026-09-04,233.33,236.17,231.68,234.89,1246507.0
2026-09-08,232.95,233.4,230.2,232.09,1910448.0
2026-09-09,232.65,241.5,230.36,239.94,3383001.0
2026-09-10,238.18,242.31,231.83,234.02,2583848.0
2026-09-11,235.78,242.12,235.0,238.64,1053739.0
