timestamp,open,high,low,close,volume
2006-09-18,11.5799,11.7525,11.568,11.687,51445400.0
2006-09-19,11.693,11.7227,11.449,11.5561,59975500.0
2006-09-20,11.6097,11.7168,11.568,11.5859,55511500.0
2006-09-21,11.6216,11.6989,11.3895,11.4371,56220600.0
2006-09-22,11.4133,11.5204,11.324,11.3538,46006800.0
2006-09-25,11.4014,11.6097,11.324,11.5561,52762500.0
2006-09-26,11.5264,11.8894,11.4966,11.8656,90082200.0
2006-09-27,11.937,12.7522,11.9251,12.1333,124480100.0
2006-09-28,12.175,12.3952,12.169,12.3773,94347100.0
2006-09-29,12.4309,12.4666,12.2107,12.2345,64981400.0
2006-10-02,12.2345,12.3476,12.1452,12.1571,46952400.0
2006-10-03,12.1393,12.3714,12.0024,12.2285,77477500.0
2006-10-04,12.1988,12.4249,12.1928,12.419,74778200.0
2006-10-05,12.3773,12.4844,12.294,12.3535,48237000.0
2006-10-06,12.2702,12.3178,12.1452,12.294,60255800.0
2006-10-09,12.2107,12.3714,12.175,12.2702,43898800.0
2006-10-10,12.2523,12.5082,12.1512,12.4368,69381200.0
2006-10-11,12.3476,12.6629,12.3416,12.419,100346300.0
2006-10-12,12.5618,12.8236,12.4666,12.7879,78155100.0
2006-10-13,12.7581,13.0021,12.7224,12.8831,76266400.0
2006-10-16,13.0497,13.1092,12.8296,12.8534,86599100.0
2006-10-17,12.6094,12.6332,12.3952,12.4368,99789400.0
2006-10-18,12.8534,12.8712,12.5142,12.5796,109161500.0
2006-10-19,12.5023,12.6094,12.2761,12.538,69931100.0
2006-10-20,12.6094,12.7641,12.5261,12.6986,55948600.0
2006-10-23,12.6689,12.8534,12.5677,12.7641,48451700.0
2006-10-24,12.77,12.9962,12.7641,12.8534,56350300.0
2006-10-25,12.8236,12.9962,12.8117,12.9426,48185600.0
2006-10-26,12.9307,12.9902,12.8593,12.9605,41360000.0
2006-10-27,12.901,12.9545,12.4368,12.5677,96106100.0
2006-10-30,12.538,12.6927,12.4725,12.651,36630600.0
2006-10-31,12.7046,12.7522,12.6094,12.6808,50001500.0
2006-11-01,12.6867,12.7462,12.4725,12.532,54421700.0
2006-11-02,12.294,12.4495,12.2402,12.294,63434200.0
2006-11-03,12.3658,12.3717,11.8694,12.2701,44836400.0
2006-11-06,12.2043,12.5033,12.1505,12.4554,45848900.0
2006-11-07,12.4255,12.6588,12.3956,12.4375,45197500.0
2006-11-08,12.3897,12.4973,12.2581,12.3956,50265300.0
2006-11-09,12.4614,12.5392,12.1864,12.2282,49515300.0
2006-11-10,12.2521,12.3418,12.2103,12.282,28809200.0
2006-11-13,12.3299,12.599,12.306,12.5631,42679700.0
2006-11-14,12.6707,13.1132,12.6229,13.0833,69389700.0
2006-11-15,13.1132,13.3763,12.6229,13.3524,98455900.0
2006-11-16,13.3524,13.4002,13.1909,13.3285,59838100.0
2006-11-17,13.2746,13.454,13.0594,13.2149,54815700.0
2006-11-20,13.0893,13.3643,12.8561,13.3344,61266000.0
2006-11-21,13.2627,13.3165,12.7843,12.8979,82409800.0
2006-11-22,13.0414,13.0594,12.88,12.9996,39166700.0
2006-11-24,12.8202,13.0056,12.8082,12.9099,18772800.0
2006-11-27,12.8381,12.8501,12.5272,12.575,48790600.0
2006-11-28,12.5093,12.6348,12.4136,12.5392,50902900.0
2006-11-29,12.6827,12.8262,12.6169,12.7006,51562500.0
2006-11-30,12.7066,12.8501,12.599,12.7963,42138800.0
2006-12-01,12.7484,12.7963,12.3179,12.5033,62408300.0
2006-12-04,12.6109,12.8561,12.4435,12.6946,58283800.0
2006-12-05,12.6767,12.7963,12.6229,12.6348,32092000.0
2006-12-06,12.6528,12.6827,11.9771,12.4973,43126700.0
2006-12-07,12.5631,12.7066,12.3418,12.3418,52570600.0
2006-12-08,12.3538,12.4674,12.282,12.3598,39504800.0
2006-12-11,12.3119,12.9816,12.3119,12.3658,34574400.0
2006-12-12,12.3658,12.4614,12.2402,12.3897,41884100.0
2006-12-13,12.4853,12.4913,12.3538,12.3777,43569400.0
2006-12-14,12.4016,12.6408,12.2043,12.4136,46216000.0
2006-12-15,12.5511,12.6767,12.4734,12.5212,81850700.0
2006-12-18,12.6109,12.7365,12.3538,12.4435,47046700.0
2006-12-19,12.3359,12.3897,12.2342,12.3359,44664700.0
2006-12-20,12.3777,12.5212,12.3,12.3179,29328800.0
2006-12-21,12.3179,12.3598,12.0847,12.1804,45452500.0
2006-12-22,12.1744,12.2163,12.013,12.013,33075200.0
2006-12-26,11.9831,12.1325,11.9771,12.0488,24672900.0
2006-12-27,12.1146,12.2581,12.0907,12.1983,29897900.0
2006-12-28,12.1983,12.2462,12.1565,12.2043,28375400.0
2006-12-29,12.1624,12.2761,12.0967,12.0967,32992100.0
2007-01-03,12.2282,12.4973,12.0429,12.1684,62812200.0
2007-01-04,12.3418,12.7544,12.294,12.6707,78743200.0
2007-01-05,12.6109,12.6468,12.4136,12.6049,53109500.0
2007-01-08,12.7126,12.7604,12.5272,12.5511,50251800.0
2007-01-09,12.6707,12.6827,12.4734,12.5691,51193000.0
2007-01-10,12.6109,12.9278,12.575,12.868,73236600.0
2007-01-11,12.9278,13.185,12.575,13.1072,96102900.0
2007-01-12,13.0355,13.6334,12.4674,13.2328,85728800.0
2007-01-16,13.2208,13.3344,13.0235,13.3225,103603600.0
2007-01-17,12.7066,13.3045,12.4255,12.587,170796700.0
2007-01-18,12.4913,12.4973,12.2581,12.3538,96342900.0
2007-01-19,12.3418,12.4794,12.3179,12.4554,62952300.0
2007-01-22,12.5093,12.5691,12.3478,12.4375,54433500.0
2007-01-23,12.4674,12.4853,12.2342,12.282,64597800.0
2007-01-24,12.3179,12.4853,12.3,12.4674,53951300.0
2007-01-25,12.4853,12.581,12.3179,12.3179,54556100.0
2007-01-26,12.3717,12.4973,12.2641,12.282,58250900.0
2007-01-29,12.4435,12.6408,12.3777,12.4913,77050000.0
2007-01-30,12.6109,12.6348,12.4495,12.5093,56399600.0
2007-01-31,12.5332,12.5691,12.3717,12.5272,43514000.0
2007-02-01,12.5332,12.6408,12.4794,12.6169,46358700.0
2007-02-02,12.6405,12.7066,12.5743,12.7066,46385300.0
2007-02-05,12.7562,13.0147,12.7261,12.7802,47309000.0
2007-02-06,12.8403,12.9185,12.672,12.8043,53250900.0
2007-02-07,12.8584,13.0267,12.7682,12.9305,55670500.0
2007-02-08,12.8043,12.8764,12.7321,12.8343,37316800.0
2007-02-09,12.8764,13.2371,12.5758,12.636,77079300.0
2007-02-12,12.6059,12.6119,12.4736,12.4977,46561000.0
2007-02-13,12.5578,12.5939,12.4436,12.5578,51232000.0
2007-02-14,12.6059,12.8043,12.5879,12.7261,51380300.0
2007-02-15,12.7562,12.8343,12.7021,12.8163,41980100.0
2007-02-16,12.7802,12.8644,12.5578,12.7742,46473700.0
2007-02-20,12.66,12.8163,12.5638,12.7321,45412800.0
2007-02-21,12.6059,12.6179,12.4616,12.5518,59661100.0
2007-02-22,12.6179,12.666,12.4917,12.6179,48524000.0
2007-02-23,12.5037,12.6239,12.4736,12.4736,65756900.0
2007-02-26,12.5097,12.6239,12.3354,12.5398,64419200.0
2007-02-27,12.3173,12.3835,12.0288,12.0408,92187700.0
2007-02-28,12.0528,12.143,11.9206,11.9326,95762900.0
2007-03-01,11.7222,11.9026,11.626,11.7703,99994300.0
2007-03-02,11.7222,11.7823,11.5419,11.5539,91601400.0
2007-03-05,11.4096,11.6982,11.3615,11.4818,67313300.0
2007-03-06,11.626,11.6621,11.5118,11.6561,60817600.0
2007-03-07,11.6381,11.6922,11.4697,11.4878,61965500.0
2007-03-08,11.59,11.614,11.5178,11.5539,43325300.0
2007-03-09,11.6381,11.6741,11.4517,11.4878,42936500.0
2007-03-12,11.4878,11.8064,11.4758,11.7162,65161300.0
2007-03-13,11.602,11.7162,11.4938,11.4938,63257300.0
2007-03-14,11.5238,11.5659,11.3976,11.5599,66698900.0
2007-03-15,11.5539,11.602,11.4277,11.4998,48669900.0
2007-03-16,11.5118,11.5539,11.4517,11.4998,61683300.0
2007-03-19,11.5359,11.59,11.3916,11.4878,55724400.0
2007-03-20,11.4517,11.4998,11.3736,11.3976,59543400.0
2007-03-21,11.4457,11.6381,11.3675,11.626,58060400.0
2007-03-22,11.5659,11.626,11.4878,11.5178,46669300.0
2007-03-23,11.5539,11.6381,11.5178,11.5779,31750700.0
2007-03-26,11.5779,11.626,11.4517,11.596,36172200.0
2007-03-27,11.5719,11.584,11.4457,11.4517,47498500.0
2007-03-28,11.4096,11.4517,11.3375,11.3375,47232000.0
2007-03-29,11.4277,11.4818,11.2714,11.4758,67827000.0
2007-03-30,11.4697,11.5299,11.3615,11.4938,54629100.0
2007-04-02,11.5118,11.5659,11.4397,11.4998,51898100.0
2007-04-03,11.5539,11.6621,11.5359,11.608,50913900.0
2007-04-04,11.6381,11.6862,11.5599,11.6501,45563700.0
2007-04-05,11.602,11.7703,11.5779,11.7703,35136400.0
2007-04-09,11.9507,12.1671,11.9326,12.0889,98384200.0
2007-04-10,12.0769,12.4676,12.0649,12.4436,91548800.0
2007-04-11,12.3775,12.4616,12.2753,12.3053,87013400.0
2007-04-12,12.2512,12.3534,12.1731,12.3234,61193000.0
2007-04-13,12.2693,12.3113,12.1731,12.2933,42294200.0
2007-04-16,12.2632,12.4616,12.2572,12.4436,53904900.0
2007-04-17,12.4316,12.6239,12.4195,12.6179,87379000.0
2007-04-18,12.8283,12.9125,12.6119,12.8343,107007100.0
2007-04-19,12.7261,13.165,12.7081,13.1229,93672000.0
2007-04-20,13.2551,13.3453,13.0207,13.3152,120786900.0
2007-04-23,13.2431,13.3032,13.0988,13.171,51063400.0
2007-04-24,13.195,13.2792,13.0688,13.195,66877800.0
2007-04-25,13.2191,13.4054,13.1048,13.3814,61627500.0
2007-04-26,13.3092,13.3814,13.2251,13.2792,48190000.0
2007-04-27,13.177,13.2792,13.1169,13.165,46227200.0
2007-04-30,13.1048,13.1349,12.9125,12.9245,45933600.0
2007-05-01,12.9666,13.1229,12.8944,13.1109,46874900.0
2007-05-02,13.0923,13.2676,13.0742,13.189,56935500.0
2007-05-03,13.3597,13.3778,13.118,13.1301,68058600.0
2007-05-04,13.263,13.3053,13.1784,13.2389,47295500.0
2007-05-07,13.2449,13.3718,13.2026,13.2509,34463500.0
2007-05-08,13.2811,13.4141,13.1724,13.3899,42145700.0
2007-05-09,13.3174,13.6014,13.263,13.5772,69098100.0
2007-05-10,13.5168,13.7162,13.3234,13.4201,62779100.0
2007-05-11,13.4866,13.5349,13.3778,13.4624,44250500.0
2007-05-14,13.5108,13.5591,13.2872,13.3778,47032100.0
2007-05-15,13.3416,13.5108,13.2328,13.2872,55311200.0
2007-05-16,13.3234,13.4382,13.2389,13.396,51173600.0
2007-05-17,13.4745,13.5712,13.402,13.4322,54369500.0
2007-05-18,13.7102,13.7464,13.4322,13.7162,67641300.0
2007-05-21,13.7162,13.831,13.6135,13.6739,47434500.0
2007-05-22,13.831,13.9458,13.7102,13.8975,62376400.0
2007-05-23,13.8914,13.9821,13.686,13.686,54674500.0
2007-05-24,13.7283,13.7464,13.1845,13.2691,73574100.0
2007-05-25,13.3657,13.4745,13.3174,13.3778,35312500.0
2007-05-29,13.396,13.5531,13.3657,13.4805,40332500.0
2007-05-30,13.3355,13.4745,13.2026,13.3718,54038000.0
2007-05-31,13.3778,13.408,12.689,13.402,41590800.0
2007-06-01,13.4987,13.6558,13.396,13.5168,45612500.0
2007-06-04,13.4382,13.6195,13.3657,13.3839,40629500.0
2007-06-05,13.3657,13.4382,13.2086,13.257,51792900.0
2007-06-06,13.2207,13.2751,12.9669,12.979,64320600.0
2007-06-07,12.8944,13.0697,12.8642,12.8763,61764300.0
2007-06-08,12.9911,13.2207,12.8763,13.1905,57436600.0
2007-06-11,13.1422,13.3416,13.1059,13.2509,38078600.0
2007-06-12,13.2268,13.5954,12.8219,13.4141,56429300.0
2007-06-13,13.4564,13.825,13.4141,13.6981,71676100.0
2007-06-14,13.6799,14.2177,13.6739,14.0485,79463300.0
2007-06-15,14.4896,14.6528,14.0244,14.6528,147446200.0
2007-06-18,14.6105,14.689,14.3869,14.6044,53852500.0
2007-06-19,14.5259,15.3174,14.4775,14.5682,64379600.0
2007-06-20,14.6346,14.7132,14.4413,14.4715,59556400.0
2007-06-21,14.4232,14.7313,14.3748,14.6769,52537200.0
2007-06-22,14.6165,14.6407,14.3144,14.3325,54379800.0
2007-06-25,14.3506,14.4352,14.0787,14.1875,46891800.0
2007-06-26,14.2479,14.3325,14.1029,14.1331,40584200.0
2007-06-27,14.0727,14.4111,14.0667,14.3748,47043500.0
2007-06-28,14.5803,14.6044,14.1996,14.4534,43916300.0
2007-06-29,14.4775,14.6346,14.2298,14.3506,44875600.0
2007-07-02,14.4292,14.683,14.4171,14.6649,40973400.0
2007-07-03,14.689,14.8643,14.6528,14.8643,27678700.0
2007-07-05,14.7917,14.9186,14.7615,14.8582,32665900.0
2007-07-06,14.8461,15.0153,14.8099,14.9247,38020200.0
2007-07-09,14.9911,15.118,14.9126,15.0636,69194000.0
2007-07-10,14.973,15.2147,14.9549,15.0939,59902400.0
2007-07-11,14.9972,15.0455,14.7736,14.8461,49494300.0
2007-07-12,14.9549,15.7102,14.8461,15.7102,106503000.0
2007-07-13,15.5833,15.7102,15.5168,15.686,59454400.0
2007-07-16,15.6679,15.7344,15.6075,15.6739,47357300.0
2007-07-17,15.7464,16.0244,15.6981,15.9035,104149600.0
2007-07-18,15.0818,15.7344,14.9911,15.1362,126479200.0
2007-07-19,15.1845,15.2993,15.1603,15.263,57482200.0
2007-07-20,15.2751,15.2872,14.7917,14.834,88281700.0
2007-07-23,14.8824,15.0878,14.8461,14.9307,52333600.0
2007-07-24,14.7494,15.0455,14.7434,14.822,55837600.0
2007-07-25,14.9126,14.9368,14.7253,14.7978,47477100.0
2007-07-26,14.7071,14.7676,14.2781,14.544,76177800.0
2007-07-27,14.4413,14.5319,14.2177,14.2177,74472700.0
2007-07-30,14.2721,14.5923,14.2298,14.4171,64092800.0
2007-07-31,14.5621,14.6105,14.254,14.2661,55283600.0
2007-08-01,14.2358,14.4775,14.0304,14.399,84732700.0
2007-08-02,14.3612,14.7619,14.252,14.683,71208700.0
2007-08-03,14.7513,14.8666,14.4963,14.4963,68922500.0
2007-08-06,14.6056,14.6906,14.4356,14.642,59219200.0
2007-08-07,14.5934,14.7634,14.4174,14.6359,51523100.0
2007-08-08,14.7452,15.0366,14.6784,14.982,71078000.0
2007-08-09,14.7513,15.0184,14.5267,14.5267,66855300.0
2007-08-10,14.5145,14.7756,14.2656,14.5692,64883600.0
2007-08-13,14.6966,14.7634,14.5449,14.5874,41985900.0
2007-08-14,14.6056,14.7998,14.4356,14.4477,51939500.0
2007-08-15,14.4295,14.5631,14.0896,14.1017,54832200.0
2007-08-16,14.1017,14.3203,13.4097,14.035,108946500.0
2007-08-17,14.5145,14.5692,14.1685,14.3931,82909200.0
2007-08-20,14.4477,14.7452,14.3628,14.6359,51069600.0
2007-08-21,14.5145,14.5995,14.3931,14.5024,53517700.0
2007-08-22,14.5752,14.6906,14.5327,14.6663,46347100.0
2007-08-23,14.7452,14.7634,14.5692,14.7148,36597900.0
2007-08-24,14.6845,15.1034,14.6117,15.0427,46608200.0
2007-08-27,14.9941,15.0002,14.7938,14.8484,41155000.0
2007-08-28,14.7209,14.8788,14.5267,14.5509,45788800.0
2007-08-29,14.7513,15.2976,14.7027,15.2369,76121100.0
2007-08-30,15.1216,15.5526,15.1094,15.3523,64010800.0
2007-08-31,15.5162,15.6618,15.4858,15.6072,48898100.0
2007-09-04,15.6922,16.0443,15.6315,15.8865,70528700.0
2007-09-05,15.7833,15.9047,15.6558,15.765,54209600.0
2007-09-06,15.7954,15.9229,15.7104,15.8865,46307000.0
2007-09-07,15.589,15.6254,15.334,15.4737,61177600.0
2007-09-10,15.7408,15.9168,15.3219,15.3826,98533700.0
2007-09-11,15.4858,15.7165,15.334,15.589,59215400.0
2007-09-12,15.4979,15.6922,15.3765,15.4494,54555100.0
2007-09-13,15.5162,15.5647,15.328,15.3826,60725500.0
2007-09-14,15.1398,15.2915,14.9334,15.1276,61222100.0
2007-09-17,15.0912,15.2248,15.0305,15.0851,41766100.0
2007-09-18,15.1459,15.4737,15.1094,15.419,67179000.0
2007-09-19,15.5586,15.6497,15.4372,15.5829,63684800.0
2007-09-20,15.4858,15.759,15.4676,15.6679,46992300.0
2007-09-21,15.7954,15.8136,15.6376,15.6983,58868100.0
2007-09-24,15.7711,15.9289,15.674,15.7711,45362700.0
2007-09-25,15.7165,15.8865,15.6376,15.7286,46989700.0
2007-09-26,15.7711,16.0018,15.6618,15.7225,62183000.0
2007-09-27,15.8318,15.844,15.6011,15.6436,45294800.0
2007-09-28,15.6194,15.7954,15.5829,15.7043,37264000.0
2007-10-01,15.8075,16.1171,15.7954,16.0261,50176600.0
2007-10-02,15.9532,16.1353,15.8804,16.0139,41831700.0
2007-10-03,15.7165,15.8136,15.5222,15.6679,71578600.0
2007-10-04,15.6618,15.6801,15.4008,15.5526,40788900.0
2007-10-05,15.6618,15.7468,15.4737,15.5222,65885100.0
2007-10-08,15.4919,15.6376,15.4615,15.5769,31852000.0
2007-10-09,15.5951,15.6983,15.5101,15.6861,39877800.0
2007-10-10,15.7165,15.7408,15.5586,15.7104,35760200.0
2007-10-11,15.7043,15.8925,15.2733,15.4372,82964600.0
2007-10-12,15.5526,15.589,15.3765,15.5101,45176400.0
2007-10-15,15.5708,15.8257,15.5222,15.6497,69444000.0
2007-10-16,15.6436,15.7711,13.6889,15.4797,81677600.0
2007-10-17,16.2568,16.3782,15.935,16.2264,162525500.0
2007-10-18,16.0989,16.3782,16.0686,16.3478,60479900.0
2007-10-19,16.2932,16.3053,15.9472,15.9836,70864100.0
2007-10-22,15.759,16.2021,15.6922,16.1778,58269600.0
2007-10-23,16.1596,16.281,15.8804,16.2628,59998700.0
2007-10-24,16.0018,16.02,15.4554,15.7954,84422400.0
2007-10-25,15.8743,15.935,15.4979,15.7347,52973300.0
2007-10-26,15.9593,16.0564,15.6497,15.7408,57942700.0
2007-10-29,15.844,15.9957,15.7833,15.9411,49259500.0
2007-10-30,15.8561,16.0079,15.844,15.9411,38412400.0
2007-10-31,16.0382,16.3296,15.9957,16.3235,54893300.0
2007-11-01,16.2203,16.4389,16.0868,16.0868,81027700.0
2007-11-02,16.2201,16.3664,16.025,16.275,54774000.0
2007-11-05,16.1546,16.4777,16.118,16.3618,52234600.0
2007-11-06,16.4594,16.7764,16.435,16.7581,64902500.0
2007-11-07,16.5935,16.7886,16.3801,16.3984,65965300.0
2007-11-08,16.3862,16.4411,15.4169,15.8193,85209700.0
2007-11-09,15.4901,15.6364,15.2402,15.3072,66274800.0
2007-11-12,15.5206,15.5876,15.3011,15.4169,64865200.0
2007-11-13,15.5815,15.9351,15.5389,15.9168,55535200.0
2007-11-14,16.1607,16.1729,15.7096,15.7583,56674900.0
2007-11-15,15.6974,15.8863,15.4108,15.5328,61282800.0
2007-11-16,15.5632,15.7157,15.3438,15.545,76160100.0
2007-11-19,15.5328,15.6059,15.3011,15.3621,47246900.0
2007-11-20,15.4596,15.6974,15.1853,15.5632,70087300.0
2007-11-21,15.3804,15.4169,14.9597,15.0085,63146300.0
2007-11-23,15.0878,15.3011,14.9658,15.2767,23057700.0
2007-11-26,15.2645,15.4352,14.8256,14.8561,47337300.0
2007-11-27,15.0939,15.3377,14.9293,15.3133,55497300.0
2007-11-28,15.5632,16.0387,15.545,15.9595,53426200.0
2007-11-29,15.8924,16.1363,15.8559,16.057,37827600.0
2007-11-30,16.2399,16.2582,15.6791,15.8681,56442500.0
2007-12-03,15.8681,16.3253,15.8559,16.0144,51239200.0
2007-12-04,15.7461,16.1668,15.7461,16.0387,39129400.0
2007-12-05,16.3984,16.7398,16.3923,16.5996,63645900.0
2007-12-06,16.5935,17.0629,16.563,17.0568,56278700.0
2007-12-07,16.9288,17.008,16.8068,16.8922,43167100.0
2007-12-10,16.8007,16.9958,16.6118,16.9227,37211100.0
2007-12-11,16.941,16.9592,16.4045,16.4228,54930300.0
2007-12-12,16.7337,16.8983,16.3923,16.6423,51654500.0
2007-12-13,16.4533,16.7642,16.3435,16.5569,50285700.0
2007-12-14,16.3496,16.3618,15.9656,16.0387,59411200.0
2007-12-17,15.9961,16.0144,15.4718,15.6852,56460200.0
2007-12-18,15.8559,15.9351,15.5998,15.7888,40327200.0
2007-12-19,15.7644,16.0022,15.74,15.9534,31276600.0
2007-12-20,16.1729,16.2033,15.8559,16.1241,36389300.0
2007-12-21,16.3131,16.4289,16.2033,16.4289,44673300.0
2007-12-24,16.3496,16.6849,16.3009,16.6727,19249900.0
2007-12-26,16.5813,16.7459,16.5386,16.7398,19909900.0
2007-12-27,16.6849,16.7154,16.3192,16.3496,26877300.0
2007-12-28,16.5264,16.624,16.246,16.2948,32612700.0
2007-12-31,16.2155,16.4594,16.1911,16.2521,20385400.0
2008-01-02,16.0326,16.057,15.2097,15.4474,78811000.0
2008-01-03,15.4779,15.484,14.8622,15.039,77964400.0
2008-01-04,14.3075,14.3867,13.6247,13.8198,159683000.0
2008-01-07,13.8746,14.0392,13.6308,13.9478,100202300.0
2008-01-08,13.9844,14.1002,13.5515,13.5698,74680400.0
2008-01-09,13.6308,13.9417,13.5698,13.8685,68749000.0
2008-01-10,13.7649,13.8381,13.5333,13.7405,71077400.0
2008-01-11,13.5698,13.6308,13.2711,13.4052,70425500.0
2008-01-14,13.9539,14.1429,13.6613,14.0697,77940700.0
2008-01-15,14.0209,14.1429,13.7222,13.832,90404300.0
2008-01-16,12.2165,12.4299,12.0092,12.119,259564900.0
2008-01-17,12.1799,12.2226,11.7105,11.7837,163291300.0
2008-01-18,11.8142,11.9788,11.552,11.5825,129578200.0
2008-01-22,11.0948,11.5825,11.0034,11.357,132667700.0
2008-01-23,11.1802,12.3201,11.1192,12.1799,162174300.0
2008-01-24,12.2836,12.6432,12.2348,12.6128,82714600.0
2008-01-25,12.9541,12.9663,12.1921,12.1921,96242900.0
2008-01-28,12.1312,12.375,11.9605,12.3689,64987300.0
2008-01-29,12.436,12.564,12.3445,12.4969,70741200.0
2008-01-30,12.3994,12.9358,12.3689,12.6128,90761300.0
2008-01-31,12.4604,13.009,12.4116,12.8627,89952000.0
2008-02-01,13.0517,13.3016,12.9358,13.2711,60193600.0
2008-02-04,13.2548,13.261,12.8991,12.9237,62311100.0
2008-02-05,12.6768,12.7995,12.3334,12.3395,80044100.0
2008-02-06,12.3579,12.5296,12.2046,12.2168,68795700.0
2008-02-07,12.0635,12.4867,11.9592,12.2966,72921500.0
2008-02-08,12.2352,12.4683,12.2352,12.4315,51097100.0
2008-02-11,12.5235,12.7688,12.3579,12.6829,51299400.0
2008-02-12,12.6952,12.8731,12.6093,12.8179,54402700.0
2008-02-13,12.916,13.0509,12.7933,13.008,44838400.0
2008-02-14,12.8547,12.8731,12.548,12.548,66677800.0
2008-02-15,12.4499,12.5971,12.2536,12.3334,70506900.0
2008-02-19,12.5051,12.6829,12.2966,12.364,61792300.0
2008-02-20,12.407,12.5787,12.364,12.4989,67549800.0
2008-02-21,12.64,12.8731,12.3456,12.4499,69870300.0
2008-02-22,12.5541,12.5725,11.9654,12.1555,120421500.0
2008-02-25,12.1003,12.2536,11.9715,12.2291,74663600.0
2008-02-26,12.1432,12.7995,12.1248,12.6891,74974400.0
2008-02-27,12.4131,12.8117,12.407,12.7381,75310800.0
2008-02-28,12.6032,12.7075,12.4621,12.5664,50798300.0
2008-02-29,12.4499,12.5051,12.2291,12.2475,65699100.0
2008-03-03,12.3027,12.4989,12.223,12.272,71541300.0
2008-03-04,12.0512,12.2966,11.9224,12.2659,116563500.0
2008-03-05,12.2904,12.407,12.1678,12.3886,57080200.0
2008-03-06,12.315,12.4008,12.1616,12.1862,58380200.0
2008-03-07,12.1494,12.5051,12.1126,12.3088,69173000.0
2008-03-10,12.315,12.5725,12.2475,12.3395,63112300.0
2008-03-11,12.5603,13.0141,12.5419,13.0018,71546800.0
2008-03-12,12.9834,13.1797,12.8669,12.9528,48673300.0
2008-03-13,12.7565,13.1797,12.7197,13.0509,62473800.0
2008-03-14,13.0509,13.149,12.5909,12.6707,74453900.0
2008-03-17,12.3702,12.9712,12.3702,12.7872,60679700.0
2008-03-18,13.0816,13.3392,12.9957,13.3392,66351600.0
2008-03-19,13.2042,13.3269,12.9283,12.9344,63619400.0
2008-03-20,13.1674,13.3453,13.0509,13.3392,57981000.0
2008-03-24,13.3453,13.7685,13.3392,13.5722,49808300.0
2008-03-25,13.6887,13.7378,13.5109,13.6581,43113800.0
2008-03-26,13.5109,13.5354,13.3146,13.4066,44647800.0
2008-03-27,13.4189,13.4373,12.9344,12.9344,66234200.0
2008-03-28,13.0018,13.1429,12.7136,12.7504,54476800.0
2008-03-31,12.7013,13.0816,12.6768,12.9896,39793700.0
2008-04-01,13.192,13.4925,13.1245,13.4741,48790700.0
2008-04-02,13.5047,13.5109,13.2778,13.4005,40618300.0
2008-04-03,13.3085,13.5538,13.2042,13.4496,41344400.0
2008-04-04,13.468,13.6029,13.2901,13.4128,34982300.0
2008-04-07,13.4434,13.5477,13.284,13.3392,36086600.0
2008-04-08,13.1184,13.2104,12.9037,12.9283,50668500.0
2008-04-09,12.916,13.1429,12.7381,13.1368,56704600.0
2008-04-10,13.2226,13.7623,13.2165,13.5415,68013100.0
2008-04-11,13.3821,13.4373,12.9467,13.0264,57928400.0
2008-04-14,12.9528,13.0632,12.6584,12.6891,53684900.0
2008-04-15,12.8117,12.8424,12.5725,12.824,67418900.0
2008-04-16,13.7562,13.7869,13.4066,13.5722,98782100.0
2008-04-17,13.5906,13.6765,13.4434,13.5599,53104900.0
2008-04-18,13.8359,13.8789,13.6335,13.8298,62012400.0
2008-04-21,13.8298,13.8482,13.6949,13.7746,41868200.0
2008-04-22,13.6642,13.7317,13.4128,13.4864,51880500.0
2008-04-23,13.5845,13.8421,13.4925,13.8359,51718200.0
2008-04-24,13.8359,14.118,13.701,13.9157,48447700.0
2008-04-25,13.8789,13.885,13.5293,13.8359,42661400.0
2008-04-28,13.7623,14.0077,13.6949,13.9279,37629100.0
2008-04-29,13.8666,13.9831,13.7685,13.8727,37698300.0
2008-04-30,13.9279,13.9586,13.5783,13.6519,48000100.0
2008-05-01,13.7133,14.3572,13.7133,14.2836,60087400.0
2008-05-02,14.4923,14.5108,14.1839,14.4615,54949100.0
2008-05-05,14.4245,14.5725,14.3011,14.3443,34618300.0
2008-05-06,14.2394,14.6281,14.2394,14.5479,40796500.0
2008-05-07,14.5725,14.6466,14.2764,14.2949,51036900.0
2008-05-08,14.4121,14.5664,14.2641,14.4368,46149800.0
2008-05-09,14.2826,14.5417,14.2702,14.4183,37234800.0
2008-05-12,14.4245,14.6281,14.3134,14.5849,31953700.0
2008-05-13,14.5911,14.7638,14.5602,14.6589,36793600.0
2008-05-14,14.7391,14.9859,14.6898,14.7083,55325500.0
2008-05-15,14.7576,15.4178,14.7144,15.4054,72258600.0
2008-05-16,15.4178,15.4239,15.1278,15.4239,56523800.0
2008-05-19,15.5412,15.6029,15.2944,15.3499,55546100.0
2008-05-20,15.1525,15.1895,14.6836,14.8625,64975800.0
2008-05-21,14.7391,14.9304,14.5108,14.5972,59495500.0
2008-05-22,14.7021,14.8872,14.6404,14.733,35703200.0
2008-05-23,14.6527,14.6959,14.2394,14.443,50667100.0
2008-05-27,14.3628,14.6342,14.3504,14.5602,43241200.0
2008-05-28,14.6836,14.6898,14.2764,14.48,41477700.0
2008-05-29,14.3381,14.3875,14.0666,14.2764,50947800.0
2008-05-30,14.3689,14.5294,14.2332,14.3011,43773200.0
2008-06-02,14.2456,14.4245,14.079,14.3134,45786200.0
2008-06-03,14.3813,14.6157,14.0975,14.153,60898400.0
2008-06-04,14.079,14.6096,14.0728,14.4862,52548500.0
2008-06-05,14.5787,14.807,14.406,14.7268,48954200.0
2008-06-06,14.6034,14.6219,14.1283,14.1283,62785200.0
2008-06-09,14.2147,14.2517,13.7828,14.042,53166800.0
2008-06-10,13.7643,14.1283,13.7643,13.9926,47536700.0
2008-06-11,13.9062,13.9679,13.4435,13.4558,55531200.0
2008-06-12,13.6039,13.9494,13.499,13.6039,53404100.0
2008-06-13,13.7088,14.0049,13.6903,13.9803,38850600.0
2008-06-16,13.863,14.2394,13.826,14.1037,39473100.0
2008-06-17,14.1777,14.1962,13.9247,13.9309,37482600.0
2008-06-18,13.789,13.9926,13.7026,13.7458,36918100.0
2008-06-19,13.6841,14.2517,13.6594,14.0975,44400900.0
2008-06-20,14.0234,14.0296,13.7643,13.8013,54579100.0
2008-06-23,13.8877,14.0111,13.7643,13.7952,37368900.0
2008-06-24,13.7026,14.0728,13.6841,13.826,42546900.0
2008-06-25,13.8322,14.19,13.826,13.9741,44175600.0
2008-06-26,13.7828,13.8939,13.3201,13.3201,47920300.0
2008-06-27,13.3386,13.4744,13.0918,13.2584,42574400.0
2008-06-30,13.2029,13.5114,13.1659,13.2523,40653600.0
2008-07-01,13.1042,13.4682,13.0301,13.3078,60628500.0
2008-07-02,13.3448,13.4558,12.8759,12.9129,43493900.0
2008-07-03,12.7217,12.8327,12.4996,12.7463,37134700.0
2008-07-07,12.8266,13.1165,12.5181,12.7772,43626200.0
2008-07-08,12.7525,13.0363,12.5304,12.9068,54538500.0
2008-07-09,12.8697,12.8944,12.1911,12.2219,62433100.0
2008-07-10,12.2466,12.8142,12.1602,12.7217,87976100.0
2008-07-11,12.5119,13.0672,12.333,12.734,67490800.0
2008-07-14,12.9685,13.0487,12.5366,12.6291,46016400.0
2008-07-15,12.4934,13.0672,12.4749,12.7772,85339900.0
2008-07-16,12.9623,13.0487,12.4811,12.9006,72507700.0
2008-07-17,13.1042,13.8199,12.9808,13.5669,86733000.0
2008-07-18,13.499,13.678,13.2461,13.6286,50701500.0
2008-07-21,13.6903,13.7273,13.5422,13.6286,41404700.0
2008-07-22,13.4127,13.6471,13.3448,13.6286,61582900.0
2008-07-23,13.6718,13.9556,13.5854,13.7582,45832400.0
2008-07-24,13.6224,13.6594,13.3386,13.3695,55656900.0
2008-07-25,13.4497,13.6224,13.3016,13.5792,35869000.0
2008-07-28,13.499,13.5731,13.3325,13.3695,44284600.0
2008-07-29,13.3695,13.7273,13.351,13.715,41177800.0
2008-07-30,13.7643,13.8507,13.5607,13.715,43437300.0
2008-07-31,13.5422,13.9432,13.5237,13.6903,48518400.0
2008-08-01,13.8322,13.8939,13.5607,13.789,37051800.0
2008-08-04,13.8194,13.9746,13.6766,13.8939,34635200.0
2008-08-05,14.1236,14.3098,13.9436,14.2912,44344900.0
2008-08-06,14.2478,14.2974,13.9436,14.1546,42021100.0
2008-08-07,14.1112,14.9307,14.0926,14.6947,105659000.0
2008-08-08,14.7382,15.0859,14.6513,15.0424,55616300.0
2008-08-11,14.9617,15.359,14.8562,15.1355,45421200.0
2008-08-12,15.0921,15.2659,14.9307,15.2224,49507500.0
2008-08-13,15.0921,15.3652,14.9244,14.9741,43634100.0
2008-08-14,14.8499,15.2038,14.7506,15.1231,47461400.0
2008-08-15,15.1417,15.21,15.0114,15.061,38894700.0
2008-08-18,15.0921,15.1355,14.8251,14.9058,36921900.0
2008-08-19,14.7817,14.9493,14.5768,14.6451,58354700.0
2008-08-20,14.7568,14.7754,14.3719,14.5209,50072900.0
2008-08-21,14.3533,14.4464,14.1546,14.3098,52967900.0
2008-08-22,14.4216,14.6016,14.2291,14.583,32788800.0
2008-08-25,14.4464,14.5023,14.2353,14.2602,38359000.0
2008-08-26,14.2229,14.3905,14.0615,14.3719,31762000.0
2008-08-27,14.3347,14.6389,14.2912,14.5333,36090800.0
2008-08-28,14.6327,14.7196,14.5644,14.6451,27278300.0
2008-08-29,14.4402,14.5271,14.1857,14.1981,43415500.0
2008-09-02,14.465,14.5768,13.9498,14.0181,40878000.0
2008-09-03,14.0181,14.0243,13.3538,13.3724,66656600.0
2008-09-04,13.3352,13.3538,12.7268,12.7392,81447900.0
2008-09-05,12.615,12.9378,12.5095,12.795,63394100.0
2008-09-08,13.0061,13.0992,12.7392,13.0185,58881000.0
2008-09-09,12.9192,12.9751,12.5529,12.6212,66356800.0
2008-09-10,12.8633,12.8633,12.5033,12.5157,59750100.0
2008-09-11,12.4039,12.5405,12.2115,12.5343,79758200.0
2008-09-12,12.3294,12.5467,12.1556,12.5157,58098600.0
2008-09-15,12.0873,12.5281,12.0004,12.019,68786300.0
2008-09-16,11.6403,12.3232,11.5162,12.0935,92385800.0
2008-09-17,11.9569,12.1059,11.5162,11.5162,85816600.0
2008-09-18,11.6589,12.2239,11.1188,11.9569,116782400.0
2008-09-19,12.5343,12.5529,11.3982,11.9383,89590900.0
2008-09-22,11.8824,12.1121,11.4789,11.4851,44866000.0
2008-09-23,11.5534,11.9259,11.4851,11.5658,61101400.0
2008-09-24,11.6465,11.8079,11.4975,11.6093,55731100.0
2008-09-25,11.7583,11.7955,11.4975,11.5286,65675800.0
2008-09-26,11.3237,12.0439,11.2927,11.9197,63428300.0
2008-09-29,11.6776,11.7955,10.7215,10.7215,79833800.0
2008-09-30,11.1933,11.6714,11.0505,11.6279,73080600.0
2008-10-01,11.5224,11.6031,11.212,11.4975,62444800.0
2008-10-02,11.3237,11.3361,10.6346,10.6781,74450100.0
2008-10-03,10.8643,11.1188,10.6781,10.7463,77550600.0
2008-10-06,10.5353,10.8146,10.051,10.5104,102938200.0
2008-10-07,10.5849,10.8022,9.9331,9.9455,82312800.0
2008-10-08,9.6661,10.4484,9.6165,10.0883,116790800.0
2008-10-09,10.3428,10.5849,9.6475,9.6847,97287400.0
2008-10-10,9.3185,9.8648,8.8529,9.4302,152741400.0
2008-10-13,10.051,10.6036,9.7406,10.5477,86622300.0
2008-10-14,10.8208,10.8395,9.7034,9.8896,108239000.0
2008-10-15,10.0076,10.1938,9.2998,9.306,128593500.0
2008-10-16,9.455,9.9145,8.9894,9.8586,111135300.0
2008-10-17,9.5358,10.1255,9.4799,9.6227,87299300.0
2008-10-20,9.6165,9.9703,9.5854,9.9579,67989400.0
2008-10-21,9.7468,9.8648,9.4426,9.4675,70797600.0
2008-10-22,9.4302,9.4302,8.8466,9.0515,71823900.0
2008-10-23,9.0639,9.2812,8.6294,9.0081,79921600.0
2008-10-24,8.3376,9.2191,8.2941,8.8653,88893400.0
2008-10-27,8.7349,9.2253,8.6045,8.8466,75099500.0
2008-10-28,9.0515,9.871,8.9149,9.8462,86869200.0
2008-10-29,9.6785,9.7903,9.2564,9.275,81661200.0
2008-10-30,9.6103,10.2,9.4861,10.0386,126892200.0
2008-10-31,9.9145,10.2373,9.6972,9.9517,84942500.0
2008-11-03,10.02,10.1442,9.691,9.7096,48799500.0
2008-11-04,10.0256,10.1759,9.8127,10.0945,66709300.0
2008-11-05,10.0444,10.0945,9.3618,9.4307,61413200.0
2008-11-06,9.1489,9.2554,8.6292,8.6855,98714500.0
2008-11-07,8.8233,9.2428,8.7794,9.1614,62926200.0
2008-11-10,9.3931,9.4307,8.911,8.9861,46848200.0
2008-11-11,8.7857,8.8796,8.4288,8.7231,81393800.0
2008-11-12,8.4851,8.7481,8.4601,8.4663,55642100.0
2008-11-13,8.172,9.0425,8.0593,9.0362,131106000.0
2008-11-14,8.8045,8.8421,8.291,8.3411,69819000.0
2008-11-17,8.2722,8.4413,8.1407,8.1407,54647100.0
2008-11-18,8.2096,8.2847,7.8339,8.2096,87497200.0
2008-11-19,8.147,8.3035,7.8088,7.8213,69037300.0
2008-11-20,7.7024,8.2346,7.621,7.6585,106848200.0
2008-11-21,7.7963,8.2346,7.5521,8.2096,96135500.0
2008-11-24,8.3474,8.5791,8.2159,8.4914,86225200.0
2008-11-25,8.6292,8.673,8.2096,8.2221,70943400.0
2008-11-26,8.1658,8.7544,8.147,8.7481,62616800.0
2008-11-28,8.6354,8.7857,8.5665,8.6417,21386600.0
2008-12-01,8.4413,8.4977,7.8652,7.8652,51224600.0
2008-12-02,8.0906,8.3474,7.9028,8.3161,49954500.0
2008-12-03,7.9842,8.5603,7.9654,8.554,71900300.0
2008-12-04,8.3787,8.4476,7.9654,7.9967,63417900.0
2008-12-05,7.9779,8.3599,7.7525,8.3223,75536500.0
2008-12-08,8.4914,8.7732,8.4225,8.7294,69950500.0
2008-12-09,8.5415,9.199,8.4476,8.9548,81409000.0
2008-12-10,8.9297,9.2679,8.6104,8.936,70689800.0
2008-12-11,8.911,9.1426,8.7544,8.7732,64104500.0
2008-12-12,8.5853,9.2867,8.5728,9.2366,64951700.0
2008-12-15,9.2616,9.3556,8.9673,9.1364,49514200.0
2008-12-16,9.2115,9.819,9.1552,9.7939,90684200.0
2008-12-17,9.6374,9.7188,9.4057,9.5559,62750600.0
2008-12-18,9.437,9.5121,8.8233,8.9297,67065700.0
2008-12-19,9.0487,9.2804,8.9297,9.0425,60782400.0
2008-12-22,9.0612,9.1301,8.7669,8.9798,37092100.0
2008-12-23,9.0425,9.0738,8.7794,8.8108,31476600.0
2008-12-24,8.8045,8.9736,8.7982,8.911,10346500.0
2008-12-26,8.9047,8.961,8.8045,8.8796,13949900.0
2008-12-29,8.8922,8.9861,8.7106,8.8483,26697300.0
2008-12-30,8.9673,9.2679,8.961,9.199,30640400.0
2008-12-31,9.2053,9.343,9.1176,9.1802,28431800.0
2009-01-02,9.199,9.5497,9.0612,9.5184,48100800.0
2009-01-05,9.4432,9.5747,9.2742,9.3368,52912200.0
2009-01-06,9.4432,9.7125,9.4432,9.6248,57598100.0
2009-01-07,9.2616,9.4307,8.9798,9.0425,116175600.0
2009-01-08,9.0425,9.1239,8.9235,9.1113,58229000.0
2009-01-09,9.1364,9.1426,8.7794,8.8609,42171500.0
2009-01-12,8.8671,8.9548,8.529,8.6354,48929300.0
2009-01-13,8.5102,8.8796,8.4225,8.5603,60415400.0
2009-01-14,8.4288,8.5352,8.1219,8.1908,63809600.0
2009-01-15,8.147,8.4225,7.9591,8.3223,60645100.0
2009-01-16,8.698,8.7419,8.3098,8.6041,76731900.0
2009-01-20,8.5164,8.6041,8.028,8.053,55886600.0
2009-01-21,8.147,8.3035,7.8276,8.3035,49802700.0
2009-01-22,8.0343,8.1846,7.8589,8.028,67580000.0
2009-01-23,7.8902,8.3849,7.8777,8.2159,57006600.0
2009-01-26,8.2033,8.5039,8.1595,8.3787,35198900.0
2009-01-27,8.4789,8.7356,8.4538,8.6479,42031400.0
2009-01-28,8.8734,8.936,8.6354,8.7732,52712600.0
2009-01-29,8.6667,8.673,8.3348,8.3724,36464100.0
2009-01-30,8.4162,8.4538,8.0781,8.0781,38958100.0
2009-02-02,8.028,8.5853,7.9842,8.5352,64387800.0
2009-02-03,8.5346,8.6358,8.3195,8.5978,51893900.0
2009-02-04,8.7054,9.2115,8.6738,8.7813,74420300.0
2009-02-05,8.6358,9.1103,8.5599,9.0154,54056200.0
2009-02-06,9.1419,9.414,8.9901,9.3191,57428800.0
2009-02-09,9.2558,9.5215,9.1989,9.433,60343300.0
2009-02-10,9.3507,9.5848,8.8952,8.9079,78832000.0
2009-02-11,9.0154,9.0597,8.6864,8.9079,53474300.0
2009-02-12,8.737,8.8572,8.5346,8.8572,73328700.0
2009-02-13,8.794,9.0217,8.7623,8.7813,49272600.0
2009-02-17,8.5789,8.6864,8.3574,8.3574,56596100.0
2009-02-18,8.427,8.6674,8.2815,8.4523,47545700.0
2009-02-19,8.4397,8.465,8.0158,8.0221,52067300.0
2009-02-20,7.9272,8.2372,7.9272,8.0854,69322300.0
2009-02-23,8.1613,8.1676,7.6236,7.6425,81925300.0
2009-02-24,7.6995,8.1044,7.6489,8.0538,70170300.0
2009-02-25,8.0538,8.5283,7.9589,8.2436,94362600.0
2009-02-26,8.427,8.6042,8.0095,8.0411,67536200.0
2009-02-27,7.9082,8.3132,7.9019,8.0601,66089800.0
2009-03-02,7.9146,8.2372,7.7817,7.788,63090200.0
2009-03-03,7.8956,7.9905,7.6109,7.7691,74678900.0
2009-03-04,8.0348,8.2562,7.8197,8.0727,81452500.0
2009-03-05,7.9462,8.136,7.7817,7.788,73540100.0
2009-03-06,7.864,8.174,7.6362,7.8513,77331500.0
2009-03-09,7.8133,8.2246,7.7817,7.9399,84007800.0
2009-03-10,8.1107,8.8256,7.9399,8.8066,89279500.0
2009-03-11,8.8952,8.9395,8.6295,8.8319,78888600.0
2009-03-12,9.0217,9.2368,8.7813,9.1862,81652600.0
2009-03-13,9.2179,9.3191,8.9901,9.3001,65636000.0
2009-03-16,9.3191,9.395,8.9458,9.0154,70963500.0
2009-03-17,9.0597,9.4266,9.0154,9.4266,63532300.0
2009-03-18,9.4266,9.7493,9.3128,9.6417,88968900.0
2009-03-19,9.7366,9.743,9.3128,9.5848,64540800.0
2009-03-20,9.6101,9.743,9.0787,9.2685,82149800.0
2009-03-23,9.4899,9.8315,9.2685,9.8189,62770000.0
2009-03-24,9.6544,9.7493,9.4899,9.4899,57908100.0
2009-03-25,9.5342,9.9391,9.3064,9.4519,91363100.0
2009-03-26,9.6291,10.053,9.6038,10.0087,75442700.0
2009-03-27,9.7936,9.9075,9.6544,9.7556,44338100.0
2009-03-30,9.5468,9.5532,9.1609,9.3128,53587100.0
2009-03-31,9.4583,9.724,9.4013,9.5089,60224300.0
2009-04-01,9.3507,9.6923,9.2495,9.5089,72763300.0
2009-04-02,9.7303,10.1226,9.6544,9.9328,74676300.0
2009-04-03,9.8885,10.0973,9.7113,10.0909,49565000.0
2009-04-06,9.9075,10.0403,9.7746,10.034,45547200.0
2009-04-07,9.8189,10.1289,9.6544,9.7746,50745100.0
2009-04-08,9.7113,9.9517,9.5848,9.6607,65882000.0
2009-04-09,9.8885,10.1668,9.6607,10.1099,55561400.0
2009-04-13,9.996,10.1795,9.8442,10.1099,44302300.0
2009-04-14,10.1036,10.4136,9.6164,10.1289,86576500.0
2009-04-15,9.7113,9.9264,9.5595,9.8821,147578300.0
2009-04-16,10.0213,10.0783,9.743,10.053,66824700.0
2009-04-17,10.0403,10.053,9.7746,9.8695,62991100.0
2009-04-20,9.7113,9.724,9.4899,9.4899,59012300.0
2009-04-21,9.4772,9.8189,9.4646,9.7177,81502100.0
2009-04-22,9.6101,10.1922,9.5405,9.9138,89005500.0
2009-04-23,9.9454,9.9897,9.5532,9.8252,70198400.0
2009-04-24,9.8758,9.9581,9.6797,9.8821,63991800.0
2009-04-27,9.6987,9.8885,9.6228,9.667,59608900.0
2009-04-28,9.5658,9.7493,9.5152,9.5215,50879800.0
2009-04-29,9.6164,9.8379,9.5342,9.7113,57782000.0
2009-04-30,9.8821,10.2238,9.8062,9.9834,67874800.0
2009-05-01,9.9707,10.0277,9.7936,10.0024,46376400.0
2009-05-04,10.304,10.5912,10.2083,10.5401,76466200.0
2009-05-05,10.5401,10.5465,10.1637,10.3104,58848100.0
2009-05-06,10.4827,10.4891,10.1892,10.2849,62086800.0
2009-05-07,10.3934,10.4444,9.8766,10.0616,82587200.0
2009-05-08,10.1254,10.1637,9.6979,9.7553,84040200.0
2009-05-11,9.6341,9.9723,9.5703,9.8064,65430400.0
2009-05-12,9.8702,9.9085,9.5703,9.7043,66795200.0
2009-05-13,9.8191,9.8702,9.6277,9.6533,70855200.0
2009-05-14,9.6724,10.0106,9.666,9.9149,65161200.0
2009-05-15,9.9149,9.9595,9.666,9.6915,55139700.0
2009-05-18,9.7745,9.9212,9.6852,9.9021,38446100.0
2009-05-19,9.8766,10.1509,9.7426,9.985,55024200.0
2009-05-20,10.0935,10.2402,9.883,9.9404,55110800.0
2009-05-21,9.7936,9.8447,9.6022,9.6852,53938700.0
2009-05-22,9.7171,9.7362,9.5767,9.6022,40763400.0
2009-05-26,9.5703,9.8957,9.5703,9.8766,56994400.0
2009-05-27,9.9021,10.119,9.7872,9.8638,57310200.0
2009-05-28,9.9085,10.0297,9.666,10.0297,55566300.0
2009-05-29,10.0488,10.0744,9.7234,10.0297,64355500.0
2009-06-01,10.2275,10.5848,10.1892,10.5274,70330200.0
2009-06-02,10.3678,10.5529,10.2402,10.3296,55424600.0
2009-06-03,10.1764,10.2339,10.0297,10.1701,45146600.0
2009-06-04,10.1956,10.3678,10.1318,10.2913,44139300.0
2009-06-05,10.4061,10.4955,10.0744,10.1573,58390300.0
2009-06-08,10.119,10.2721,9.9595,10.1573,39460000.0
2009-06-09,10.3423,10.5975,10.2913,10.4763,59838200.0
2009-06-10,10.5784,10.5975,10.304,10.5018,44487700.0
2009-06-11,10.521,10.655,10.3997,10.4317,49060800.0
2009-06-12,10.3551,10.4061,10.2211,10.4061,45410500.0
2009-06-15,10.2402,10.3168,10.0297,10.1956,47484200.0
2009-06-16,10.2402,10.3296,10.0807,10.119,50533400.0
2009-06-17,10.0999,10.3934,10.0871,10.2977,54846800.0
2009-06-18,10.2977,10.3487,10.1126,10.1254,54139600.0
2009-06-19,10.2083,10.3232,10.1126,10.2147,64678900.0
2009-06-22,10.1509,10.3168,9.9723,10.0042,60043500.0
2009-06-23,10.1254,10.202,9.9595,10.0871,65148100.0
2009-06-24,10.2339,10.4061,10.202,10.2721,49675200.0
2009-06-25,10.2402,10.4317,10.1509,10.4061,51285000.0
2009-06-26,10.3232,10.4827,10.2977,10.3934,36404200.0
2009-06-29,10.5018,10.6294,10.3806,10.4508,55485000.0
2009-06-30,10.4572,10.6167,10.3615,10.5593,56775400.0
2009-07-01,10.6358,11.0442,10.6358,10.8719,86297700.0
2009-07-02,10.7634,10.8145,10.6422,10.6677,50897200.0
2009-07-06,10.5975,10.7443,10.4444,10.5529,44159300.0
2009-07-07,10.7443,10.8017,10.3359,10.3678,65340200.0
2009-07-08,10.4061,10.438,10.068,10.1701,75865700.0
2009-07-09,10.2658,10.387,10.1828,10.2211,61795100.0
2009-07-10,10.1892,10.3487,10.119,10.2339,47464100.0
2009-07-13,10.304,10.5529,10.1445,10.521,55548000.0
2009-07-14,10.5401,10.7762,10.5018,10.7379,77056700.0
2009-07-15,11.478,11.6056,11.3057,11.5163,168545400.0
2009-07-16,11.4525,11.8608,11.4461,11.8034,84581000.0
2009-07-17,11.8098,12.0012,11.6439,11.9884,80773100.0
2009-07-20,12.0395,12.0777,11.8162,12.0586,72298400.0
2009-07-21,12.0586,12.0714,11.8098,12.0586,58859600.0
2009-07-22,12.0395,12.3011,12.0203,12.2117,105577000.0
2009-07-23,12.1798,12.4925,12.116,12.4287,80795800.0
2009-07-24,12.199,12.3776,12.1288,12.3521,47560100.0
2009-07-27,12.3074,12.435,12.2181,12.4223,39071800.0
2009-07-28,12.3074,12.4159,12.1543,12.3585,56032000.0
2009-07-29,12.3074,12.4031,12.1926,12.3776,46611900.0
2009-07-30,12.4861,12.6328,12.3138,12.333,56627000.0
2009-07-31,12.3393,12.4797,12.2819,12.2819,40479600.0
2009-08-03,12.4414,12.4797,12.2373,12.3585,39832700.0
2009-08-04,12.2623,12.3651,12.2173,12.3266,43585500.0
2009-08-05,12.3844,12.4037,12.1209,12.1209,55732600.0
2009-08-06,12.1659,12.3266,11.9281,12.0181,62238600.0
2009-08-07,12.1723,12.2109,11.8896,11.8896,55680200.0
2009-08-10,11.9538,12.1016,11.9281,12.0566,45225900.0
2009-08-11,12.0181,12.1788,11.9667,11.9795,29678500.0
2009-08-12,12.0052,12.2687,11.9924,12.0888,50156100.0
2009-08-13,12.1916,12.2623,12.0695,12.243,41530300.0
2009-08-14,12.1916,12.2109,11.941,12.0631,39979300.0
2009-08-17,11.851,11.941,11.8317,11.8574,41515800.0
2009-08-18,11.8831,12.1273,11.8638,12.0631,39401100.0
2009-08-19,11.9217,12.1402,11.896,12.0824,44984600.0
2009-08-20,12.0374,12.0888,11.9281,12.0245,41086600.0
2009-08-21,12.1402,12.1595,11.9217,12.1402,50594000.0
2009-08-24,12.1916,12.2109,11.9924,12.0566,36715800.0
2009-08-25,12.0566,12.3716,12.0438,12.2752,55482000.0
2009-08-26,12.3459,12.5258,12.2944,12.4872,52938500.0
2009-08-27,12.4358,12.5515,12.3137,12.513,47796600.0
2009-08-28,13.0207,13.2713,12.9628,13.0142,92344000.0
2009-08-31,12.9114,13.0978,12.8343,13.0592,47876600.0
2009-09-01,12.995,13.2263,12.6351,12.6736,68101000.0
2009-09-02,12.6094,12.7443,12.513,12.513,39433300.0
2009-09-03,12.6094,12.6158,12.3587,12.4808,45280100.0
2009-09-04,12.4872,12.6543,12.3908,12.6222,43978300.0
2009-09-08,12.7764,12.8471,12.5644,12.725,41278100.0
2009-09-09,12.7315,12.95,12.6029,12.8086,46206800.0
2009-09-10,12.7764,12.905,12.6286,12.6993,44859200.0
2009-09-11,12.7893,12.815,12.4487,12.5387,56117800.0
2009-09-14,12.4165,12.5258,12.3908,12.4423,50255800.0
2009-09-15,12.5579,12.6608,12.468,12.5644,44177400.0
2009-09-16,12.6608,12.6929,12.4937,12.6286,44213000.0
2009-09-17,12.6158,12.7829,12.3523,12.4744,57821100.0
2009-09-18,12.5515,12.6608,12.4487,12.5708,48051900.0
2009-09-21,12.513,12.6929,12.4808,12.5579,33842400.0
2009-09-22,12.6158,12.68,12.5001,12.5515,34849900.0
2009-09-23,12.6158,13.0078,12.5965,12.7764,67114800.0
2009-09-24,12.77,12.8536,12.5001,12.5579,48280700.0
2009-09-25,12.5001,12.5901,12.4037,12.4487,32897500.0
2009-09-28,12.5387,12.8086,12.513,12.6865,30979500.0
2009-09-29,12.6415,12.7122,12.4937,12.5194,38094700.0
2009-09-30,12.6029,12.7186,12.3716,12.5772,56642700.0
2009-10-01,12.5194,12.5515,12.1402,12.1466,65122000.0
2009-10-02,12.1788,12.3523,12.1788,12.1916,53041500.0
2009-10-05,12.288,12.3844,12.1788,12.2752,53969600.0
2009-10-06,12.4037,12.7122,12.3908,12.6158,68265600.0
2009-10-07,12.6158,12.77,12.513,12.6929,46705300.0
2009-10-08,12.6865,12.8407,12.5322,12.7764,68680200.0
2009-10-09,12.7507,13.0592,12.7315,12.9628,51644700.0
2009-10-12,13.0914,13.2713,13.0078,13.1106,61493400.0
2009-10-13,13.1813,13.297,13.0785,13.1685,92633800.0
2009-10-14,13.6633,13.6698,13.3549,13.387,151932700.0
2009-10-15,13.3741,13.4513,13.2006,13.2842,73168800.0
2009-10-16,13.1556,13.2199,12.8664,12.9693,72023300.0
2009-10-19,13.0399,13.1621,12.8857,13.1171,64987900.0
2009-10-20,13.1556,13.2263,12.9243,12.9693,62180100.0
2009-10-21,12.9628,13.1235,12.6351,12.7636,84443200.0
2009-10-22,12.77,12.9693,12.6094,12.9307,63355700.0
2009-10-23,13.1106,13.1106,12.6029,12.7122,79415300.0
2009-10-26,12.7186,12.8793,12.5708,12.7443,60271300.0
2009-10-27,12.8664,12.9371,12.6415,12.6865,64551400.0
2009-10-28,12.5965,12.6929,12.2237,12.2302,83610600.0
2009-10-29,12.3201,12.4744,12.2752,12.3523,72900000.0
2009-10-30,12.4101,12.4294,12.0438,12.2816,79165000.0
2009-11-02,12.2495,12.3073,12.0502,12.2173,60613100.0
2009-11-03,11.9802,11.9867,11.7665,11.8896,94198900.0
2009-11-04,12.0514,12.1939,11.9802,12.0385,82456800.0
2009-11-05,12.1227,12.3688,12.0579,12.2328,60705000.0
2009-11-06,12.181,12.3752,12.1356,12.2587,41462400.0
2009-11-09,12.4011,12.6019,12.3817,12.6019,45695100.0
2009-11-10,12.576,12.7508,12.576,12.6278,53766600.0
2009-11-11,12.7249,12.8868,12.7185,12.848,58758200.0
2009-11-12,12.9516,13.2754,12.712,12.7444,73931300.0
2009-11-13,12.7703,12.9192,12.6796,12.835,41460600.0
2009-11-16,13.0228,13.1588,12.9581,13.1005,59385300.0
2009-11-17,13.0163,13.1782,12.9516,13.1588,33444000.0
2009-11-18,13.107,13.1329,12.9516,13.0293,40634900.0
2009-11-19,12.5566,12.563,12.2716,12.4983,102377600.0
2009-11-20,12.4141,12.5048,12.3558,12.4594,46492900.0
2009-11-23,12.6148,12.6278,12.5112,12.563,40189600.0
2009-11-24,12.5954,12.6278,12.4659,12.5566,45417900.0
2009-11-25,12.6213,12.6278,12.4853,12.5242,43641100.0
2009-11-27,12.2457,12.4659,12.1874,12.3752,34490800.0
2009-11-30,12.3752,12.4724,12.304,12.4335,42583800.0
2009-12-01,12.6084,12.7508,12.5954,12.7314,43387900.0
2009-12-02,12.7508,12.848,12.6602,12.7703,33648000.0
2009-12-03,12.7962,13.0034,12.7573,12.8674,47159500.0
2009-12-04,13.0746,13.3337,13.0487,13.2495,81743200.0
2009-12-07,13.0876,13.2818,13.0746,13.1912,44314600.0
2009-12-08,13.1135,13.1329,12.8221,12.9451,59384900.0
2009-12-09,12.9386,13.0034,12.7638,12.9581,50581400.0
2009-12-10,13.0552,13.6898,12.971,13.0487,41100300.0
2009-12-11,13.0811,13.1005,12.8285,12.8868,35932700.0
2009-12-14,12.9645,13.0228,12.8868,12.9386,33501700.0
2009-12-15,12.848,12.9904,12.7444,12.8221,40073400.0
2009-12-16,12.6278,12.7573,12.4853,12.5501,83053200.0
2009-12-17,12.4594,12.4918,12.3493,12.3493,47439400.0
2009-12-18,12.44,12.7638,12.3688,12.712,76302400.0
2009-12-21,12.9386,13.1653,12.304,13.0099,52671400.0
2009-12-22,13.0617,13.1459,12.9192,12.9775,33810700.0
2009-12-23,12.9904,13.107,12.971,13.0163,27640900.0
2009-12-24,13.0811,13.1782,13.0681,13.1653,11198100.0
2009-12-28,13.2171,13.2754,13.0552,13.1459,23832600.0
2009-12-29,13.2106,13.2624,13.1005,13.2106,26903200.0
2009-12-30,13.1135,13.3401,13.1135,13.3337,23640200.0
2009-12-31,13.3337,13.4178,13.2106,13.2106,20406300.0
2010-01-04,13.4632,13.6186,13.4243,13.5215,44774700.0
2010-01-05,13.5668,13.5927,13.3401,13.515,48826000.0
2010-01-06,13.4761,13.5538,13.3855,13.4696,37877700.0
2010-01-07,13.4308,13.4437,13.1718,13.3401,51486600.0
2010-01-08,13.2948,13.5279,13.2106,13.4891,45158500.0
2010-01-11,13.6704,13.6963,13.4826,13.5668,49234600.0
2010-01-12,13.515,13.5344,13.1977,13.3466,65961600.0
2010-01-13,13.4178,13.651,13.2365,13.5733,68539000.0
2010-01-14,13.6704,13.9553,13.6315,13.91,126308300.0
2010-01-15,13.8517,13.8582,13.4502,13.4696,181711500.0
2010-01-19,13.5344,13.7093,13.502,13.6315,72448500.0
2010-01-20,13.5927,13.6898,13.502,13.651,62093500.0
2010-01-21,13.6963,13.7999,13.3919,13.4955,70465600.0
2010-01-22,13.4502,13.4632,12.8285,12.8933,110579700.0
2010-01-25,13.107,13.3272,13.0422,13.1588,67781600.0
2010-01-26,13.0617,13.1977,12.9192,12.9516,61566800.0
2010-01-27,12.9516,13.1653,12.835,13.107,66255600.0
2010-01-28,13.1459,13.2041,12.7444,12.8998,73340300.0
2010-01-29,13.0358,13.1005,12.4983,12.563,89141500.0
2010-02-01,12.6084,12.7897,12.5889,12.699,45740600.0
2010-02-02,12.7432,12.9782,12.6648,12.8933,56183000.0
2010-02-03,12.9113,12.9765,12.7089,12.846,43669900.0
2010-02-04,12.7807,12.7807,12.3695,12.4152,86017000.0
2010-02-05,12.4674,12.7807,12.4021,12.7089,84865300.0
2010-02-08,12.7089,12.9178,12.5979,12.6306,57644000.0
2010-02-09,12.8068,12.9831,12.6893,12.8264,65067800.0
2010-02-10,12.7872,12.97,12.6958,12.8525,53395900.0
2010-02-11,12.8199,13.1854,12.7611,13.094,55288600.0
2010-02-12,13.0287,13.4922,12.9113,13.3355,79084100.0
2010-02-16,13.4596,13.6097,13.4139,13.5248,59132300.0
2010-02-17,13.6097,13.6162,13.4008,13.4857,43855200.0
2010-02-18,13.4791,13.6097,13.4139,13.6032,40512700.0
2010-02-19,13.5183,13.688,13.4334,13.5901,38206300.0
2010-02-22,13.675,13.6815,13.4791,13.6227,37038500.0
2010-02-23,13.6032,13.675,13.2441,13.3094,57178400.0
2010-02-24,13.3943,13.5836,13.3812,13.5118,47940300.0
2010-02-25,13.2898,13.4857,13.1985,13.4661,47026800.0
2010-02-26,13.453,13.4987,13.3355,13.4008,38967700.0
2010-03-01,13.4987,13.6684,13.4596,13.6227,48642200.0
2010-03-02,13.7011,13.7663,13.4334,13.5118,55282300.0
2010-03-03,13.5509,13.5901,13.3421,13.3943,47884100.0
2010-03-04,13.4465,13.453,13.2246,13.4008,54852000.0
2010-03-05,13.4922,13.6032,13.3486,13.5705,42630200.0
2010-03-08,13.5836,13.6293,13.5118,13.5575,33694000.0
2010-03-09,13.4987,13.8381,13.4857,13.6684,80143100.0
2010-03-10,13.675,13.8969,13.6489,13.8316,56434900.0
2010-03-11,13.7925,13.8838,13.7011,13.8708,49970800.0
2010-03-12,13.9099,13.9491,13.8251,13.8838,38145500.0
2010-03-15,13.812,13.9165,13.7402,13.8186,32576500.0
2010-03-16,13.8577,14.3864,13.8381,14.3669,118385300.0
2010-03-17,14.3995,14.5888,14.3016,14.517,74431000.0
2010-03-18,14.4844,14.5888,14.3669,14.4909,51415000.0
2010-03-19,14.5235,14.6149,14.2363,14.3538,69628400.0
2010-03-22,14.2755,14.5562,14.2559,14.517,43092800.0
2010-03-23,14.6149,14.8499,14.5953,14.7977,61979900.0
2010-03-24,14.7128,14.7977,14.5692,14.641,51460600.0
2010-03-25,14.8173,14.8368,14.5627,14.5888,49805200.0
2010-03-26,14.641,14.7455,14.406,14.517,43058100.0
2010-03-29,14.628,14.6802,14.5301,14.5757,32742900.0
2010-03-30,14.6149,14.7128,14.4778,14.5823,35351500.0
2010-03-31,14.5692,14.6867,14.4909,14.5496,36865900.0
2010-04-01,14.628,14.7781,14.4909,14.6149,42996500.0
2010-04-05,14.6737,14.7846,14.5823,14.7455,32859100.0
2010-04-06,14.6541,14.6737,14.5301,14.6214,44340500.0
2010-04-07,14.6345,14.8042,14.5235,14.6541,56498900.0
2010-04-08,14.6084,14.628,14.4648,14.5627,38116900.0
2010-04-09,14.6149,14.7324,14.5953,14.7193,43565600.0
2010-04-12,14.8042,14.8368,14.6475,14.7193,44010600.0
2010-04-13,14.7846,14.8956,14.6671,14.863,98583800.0
2010-04-14,15.3851,15.4635,15.1893,15.3525,147180500.0
2010-04-15,15.5549,15.9073,15.5353,15.8094,102730200.0
2010-04-16,15.705,15.7703,15.5157,15.6136,96321900.0
2010-04-19,15.6071,15.6919,15.3656,15.6658,68596400.0
2010-04-20,15.7964,15.829,15.6006,15.7442,62372400.0
2010-04-21,15.7376,15.7507,15.3656,15.5353,70513300.0
2010-04-22,15.3786,15.705,15.222,15.6593,69989700.0
2010-04-23,15.6332,15.705,15.4896,15.6919,52337000.0
2010-04-26,15.718,15.7507,15.5418,15.5483,51812400.0
2010-04-27,15.4896,15.5875,15.2089,15.2415,75435500.0
2010-04-28,15.2742,15.3133,14.9543,15.1828,102049000.0
2010-04-29,15.2285,15.346,15.2089,15.3329,55802600.0
2010-04-30,15.3068,15.3133,14.8891,14.9086,75756800.0
2010-05-03,15.0,15.3003,14.9478,15.1828,52374800.0
2010-05-04,14.9757,14.9822,14.6207,14.7259,85962700.0
2010-05-05,14.527,14.7111,14.3956,14.573,92461600.0
2010-05-06,14.5599,14.7111,13.0809,14.1392,151319600.0
2010-05-07,13.9617,14.2641,13.449,14.0077,130302100.0
2010-05-10,14.6519,14.8294,14.5665,14.8228,98531900.0
2010-05-11,14.6716,15.0266,14.527,14.6454,99192600.0
2010-05-12,14.8557,15.2107,14.7834,15.1778,79412700.0
2010-05-13,15.1318,15.2304,14.6979,14.79,57863500.0
2010-05-14,14.5862,14.5993,14.1524,14.389,79069300.0
2010-05-17,14.297,14.4942,14.0735,14.4744,62006800.0
2010-05-18,14.5665,14.6125,14.0209,14.0866,71783900.0
2010-05-19,14.1392,14.2707,13.804,14.1984,86120500.0
2010-05-20,13.8171,13.9617,13.5608,13.6659,98418300.0
2010-05-21,13.3898,13.9157,13.265,13.7448,102811300.0
2010-05-24,13.7711,13.9486,13.5476,13.587,54251100.0
2010-05-25,13.2189,13.7185,13.1664,13.7054,87651000.0
2010-05-26,13.8697,14.1326,13.6068,13.6068,80838500.0
2010-05-27,13.9157,14.3298,13.8828,14.3035,74590300.0
2010-05-28,14.251,14.297,13.9552,14.08,67208900.0
2010-06-01,14.0012,14.2904,13.8894,13.9223,52564200.0
2010-06-02,14.0472,14.3496,13.9091,14.3364,56321000.0
2010-06-03,14.435,14.4613,14.1129,14.3956,52212900.0
2010-06-04,14.1589,14.1984,13.6659,13.7711,62582200.0
2010-06-07,13.7645,13.8237,13.3044,13.3504,59290200.0
2010-06-08,13.2912,13.2978,12.9757,13.265,88003000.0
2010-06-09,13.403,13.541,13.0546,13.1006,54790200.0
2010-06-10,13.3504,13.541,13.311,13.5082,53182200.0
2010-06-11,13.357,13.6396,13.3307,13.5673,43661200.0
2010-06-14,13.7711,13.896,13.6856,13.7317,64571300.0
2010-06-15,13.8631,14.1721,13.8105,14.1195,55581800.0
2010-06-16,14.0735,14.2312,13.942,14.1261,40601600.0
2010-06-17,14.1984,14.2575,13.9354,14.1458,33598800.0
2010-06-18,14.1655,14.2312,13.9223,14.0669,53226000.0
2010-06-21,14.2444,14.2575,13.8434,13.9289,45395500.0
2010-06-22,13.9157,14.0209,13.7119,13.7908,56616100.0
2010-06-23,13.7645,13.8171,13.5805,13.6791,58898000.0
2010-06-24,13.5608,13.6659,13.2781,13.357,57755100.0
2010-06-25,13.4096,13.4161,13.0743,13.1664,71941000.0
2010-06-28,13.2058,13.5345,13.0875,13.3833,50766200.0
2010-06-29,13.1466,13.1795,12.9166,13.0086,70633800.0
2010-06-30,12.9429,13.1664,12.7522,12.7851,58962600.0
2010-07-01,12.772,12.8903,12.4893,12.6536,83847900.0
2010-07-02,12.6602,12.7325,12.463,12.6208,54845500.0
2010-07-06,12.8508,12.9889,12.6536,12.8048,55042200.0
2010-07-07,12.7917,13.2584,12.7457,13.2387,66757000.0
2010-07-08,13.3438,13.3833,13.0349,13.2124,62249900.0
2010-07-09,13.1861,13.3307,13.1203,13.3044,49547200.0
2010-07-12,13.3701,13.5739,13.3438,13.5213,53975400.0
2010-07-13,13.7777,13.8828,13.6856,13.8105,81690000.0
2010-07-14,14.5007,14.6256,13.988,14.0406,184327000.0
2010-07-15,14.0209,14.1918,13.8105,14.1392,114289500.0
2010-07-16,14.0866,14.1195,13.8105,13.8171,75102600.0
2010-07-19,13.9157,14.2049,13.9091,14.1918,58628700.0
2010-07-20,13.9091,14.2838,13.8697,14.2312,68105600.0
2010-07-21,14.1655,14.2312,13.9223,13.9749,68505600.0
2010-07-22,14.0275,14.4482,14.0275,14.3167,68511100.0
2010-07-23,14.2247,14.2772,14.0209,14.2575,59376300.0
2010-07-26,14.2378,14.2904,14.0735,14.2707,44550200.0
2010-07-27,14.251,14.2904,14.0603,14.1852,50309200.0
2010-07-28,14.2247,14.2575,13.9946,14.0209,46247900.0
2010-07-29,14.0603,14.1195,13.6462,13.8237,73891700.0
2010-07-30,13.6594,13.7514,13.5279,13.541,62336500.0
2010-08-02,13.7382,13.988,13.6265,13.9026,46592500.0
2010-08-03,13.8046,13.8245,13.6125,13.7185,57944200.0
2010-08-04,13.7831,13.8162,13.5447,13.7301,80973700.0
2010-08-05,13.6705,13.7698,13.5513,13.6904,42813500.0
2010-08-06,13.5447,13.7831,13.5182,13.6771,49174100.0
2010-08-09,13.7632,13.7698,13.5182,13.6771,43505300.0
2010-08-10,13.3195,13.3592,13.0479,13.1274,127500400.0
2010-08-11,12.9353,12.9684,12.783,12.8691,93665900.0
2010-08-12,12.6969,13.0678,12.6373,12.8823,81543900.0
2010-08-13,12.8028,12.9088,12.6836,12.6836,53783900.0
2010-08-16,12.6836,12.9552,12.6571,12.8956,45899100.0
2010-08-17,13.0612,13.1605,12.9154,12.9353,57068800.0
2010-08-18,12.9353,13.1009,12.8956,12.975,52434800.0
2010-08-19,12.5644,12.6704,12.4584,12.518,140204700.0
2010-08-20,12.5313,12.5843,12.4253,12.5247,90514200.0
2010-08-23,12.5313,12.571,12.3193,12.3856,68782100.0
2010-08-24,12.2928,12.3723,12.1803,12.1935,70058700.0
2010-08-25,12.0941,12.3127,12.0412,12.2399,58866000.0
2010-08-26,12.3193,12.326,12.0014,12.0412,65562100.0
2010-08-27,12.0743,12.2664,11.7961,12.167,130597300.0
2010-08-30,12.0875,12.1273,11.8822,11.8955,69517100.0
2010-08-31,11.8491,11.869,11.657,11.6968,97041900.0
2010-09-01,11.8822,12.1008,11.8491,12.0147,68351500.0
2010-09-02,12.0743,12.1405,11.9749,12.1074,49384300.0
2010-09-03,12.2796,12.3127,12.0544,12.2067,55281600.0
2010-09-07,12.1604,12.1935,11.9551,12.0014,52670300.0
2010-09-08,11.9484,11.9551,11.7564,11.8557,96193700.0
2010-09-09,11.9683,11.9749,11.8756,11.9219,59842400.0
2010-09-10,11.8888,11.9882,11.816,11.9021,65893900.0
2010-09-13,12.0677,12.2928,12.0544,12.2928,67720900.0
2010-09-14,12.2664,12.4518,12.1471,12.4121,60654800.0
2010-09-15,12.3988,12.4319,12.2796,12.3988,47957700.0
2010-09-16,12.3856,12.571,12.3061,12.5644,59000700.0
2010-09-17,12.6108,12.6373,12.3657,12.4584,62530400.0
2010-09-20,12.5114,12.5578,12.379,12.5379,42359500.0
2010-09-21,12.5048,12.7631,12.4783,12.677,64533600.0
2010-09-22,12.6108,12.7499,12.5114,12.5909,57899800.0
2010-09-23,12.4915,12.7896,12.4187,12.571,49850900.0
2010-09-24,12.7366,12.8823,12.7035,12.8625,52031900.0
2010-09-27,12.8492,12.8691,12.7035,12.7366,48251600.0
2010-09-28,12.7896,12.9618,12.6505,12.9154,57992400.0
2010-09-29,12.9022,12.9949,12.6638,12.7432,58596700.0
2010-09-30,12.8227,12.9817,12.6571,12.7167,63914500.0
2010-10-01,12.8956,13.4784,12.5048,12.7962,38809500.0
2010-10-04,12.7499,12.783,12.4319,12.4982,64291100.0
2010-10-05,12.6373,12.7763,12.6041,12.6836,56085400.0
2010-10-06,12.7234,12.8293,12.6704,12.7896,51562700.0
2010-10-07,12.8426,12.9419,12.7234,12.8492,49638600.0
2010-10-08,12.8426,12.9684,12.7234,12.9287,44026400.0
2010-10-11,12.975,13.081,12.9353,12.9552,50770500.0
2010-10-12,13.0148,13.1141,12.8757,13.0943,80144600.0
2010-10-13,13.2267,13.2665,12.6902,12.7432,161773000.0
2010-10-14,12.8028,12.8889,12.7167,12.7962,55396900.0
2010-10-15,12.8757,12.8956,12.7167,12.7962,57968500.0
2010-10-18,12.7499,12.7962,12.5644,12.7101,51911600.0
2010-10-19,12.6041,12.8426,12.518,12.7234,80821800.0
2010-10-20,12.783,13.1009,12.7763,13.0082,78436600.0
2010-10-21,13.081,13.1539,12.9618,13.0876,64449900.0
2010-10-22,13.1075,13.2002,13.081,13.1406,39974000.0
2010-10-25,13.2135,13.2466,13.1141,13.1605,36835700.0
2010-10-26,13.1075,13.3195,13.0678,13.2731,53673700.0
2010-10-27,13.2069,13.3791,13.1208,13.3724,45609700.0
2010-10-28,13.4387,13.5976,13.2599,13.5579,66493600.0
2010-10-29,13.538,13.6175,13.2532,13.2797,50676000.0
2010-11-01,13.4784,13.6904,13.4718,13.6241,47069800.0
2010-11-02,13.672,13.7054,13.4384,13.4718,55222500.0
2010-11-03,13.5636,13.6971,13.4968,13.6704,50589700.0
2010-11-04,13.7972,14.0308,13.7238,13.9975,59461600.0
2010-11-05,14.0108,14.2111,13.9975,14.1777,51443900.0
2010-11-08,14.2645,14.3512,14.131,14.171,44492400.0
2010-11-09,14.151,14.2511,14.0375,14.1243,43021400.0
2010-11-10,14.1176,14.131,13.8973,14.0442,44717700.0
2010-11-11,13.8373,14.171,13.7171,14.1577,64752300.0
2010-11-12,14.3179,14.5582,14.2378,14.3713,94598800.0
2010-11-15,14.4313,14.458,14.191,14.2177,44309100.0
2010-11-16,14.0976,14.1977,13.9374,14.0642,56290600.0
2010-11-17,14.0308,14.1643,13.9708,14.0709,40359700.0
2010-11-18,14.0509,14.1777,13.9641,14.0308,62689700.0
2010-11-19,13.9841,14.151,13.9374,14.1109,45657200.0
2010-11-22,13.9708,14.2044,13.9374,14.1844,37894000.0
2010-11-23,14.0575,14.1643,13.8907,14.0776,40754700.0
2010-11-24,14.171,14.398,14.131,14.2778,38728900.0
2010-11-26,14.171,14.2978,14.0842,14.2378,17777800.0
2010-11-29,14.1176,14.3179,14.0976,14.2378,42542300.0
2010-11-30,14.151,14.2177,14.0642,14.1243,44600300.0
2010-12-01,14.3245,14.418,14.2978,14.3379,47424900.0
2010-12-02,14.3446,14.5315,14.3379,14.4847,44134700.0
2010-12-03,14.438,14.5381,14.4313,14.4781,40315100.0
2010-12-06,14.4447,14.5248,14.3846,14.4847,29219300.0
2010-12-07,14.5782,14.5915,14.4046,14.4046,42441300.0
2010-12-08,14.4781,14.6182,14.458,14.5648,66072100.0
2010-12-09,14.6983,14.7317,14.4981,14.5582,76321100.0
2010-12-10,14.6249,14.6716,14.5515,14.6249,48825800.0
2010-12-13,14.6783,14.6983,14.2444,14.3512,72932400.0
2010-12-14,14.2845,14.3913,14.2177,14.3312,38485700.0
2010-12-15,14.2578,14.3512,14.2044,14.2044,37869500.0
2010-12-16,14.2511,14.2778,14.1844,14.2177,30460400.0
2010-12-17,14.2244,14.3446,14.1977,14.3245,43313000.0
2010-12-20,14.2778,14.3045,14.151,14.171,31186000.0
2010-12-21,14.191,14.1977,14.0709,14.0842,30932300.0
2010-12-22,13.9908,14.0308,13.8907,13.9441,45153400.0
2010-12-23,13.9107,13.9641,13.8172,13.9107,26303300.0
2010-12-27,13.8506,13.924,13.7839,13.9107,17615400.0
2010-12-28,13.904,13.9708,13.8573,13.9374,15728700.0
2010-12-29,13.9841,14.0575,13.9374,13.9774,17775200.0
2010-12-30,13.9708,14.0709,13.9708,14.0308,17425900.0
2010-12-31,14.0375,14.0575,13.9774,14.0375,13341700.0
2011-01-03,14.0242,14.0509,13.8706,13.9174,49806300.0
2011-01-04,14.0909,14.151,14.0509,14.1176,67494400.0
2011-01-05,14.1376,14.1577,13.9507,13.9774,56820500.0
2011-01-06,13.7972,13.8973,13.7171,13.864,108801800.0
2011-01-07,13.8239,13.864,13.5302,13.7905,69974700.0
2011-01-10,13.8172,13.864,13.7305,13.8106,47438200.0
2011-01-11,13.904,14.0976,13.8439,14.0509,59708900.0
2011-01-12,14.1844,14.2378,14.0642,14.2177,48745000.0
2011-01-13,14.1844,14.2311,14.0709,14.2111,84747100.0
2011-01-14,14.2511,14.2978,13.9975,14.0709,140839300.0
2011-01-18,14.0442,14.151,13.9774,14.0709,47797400.0
2011-01-19,14.0709,14.1043,13.9841,14.0242,39748700.0
2011-01-20,13.9708,13.9841,13.7638,13.9841,52755300.0
2011-01-21,13.9841,14.0442,13.8907,13.8973,58615600.0
2011-01-24,14.0442,14.1777,13.9708,14.1777,65782600.0
2011-01-25,14.2044,14.398,14.131,14.3846,68372900.0
2011-01-26,14.5315,14.6182,14.458,14.5181,54430500.0
2011-01-27,14.5181,14.6449,14.4514,14.5181,54651700.0
2011-01-28,14.5248,14.6116,14.2511,14.3245,50637700.0
2011-01-31,14.3913,14.4447,14.0375,14.3245,83005300.0
2011-02-01,14.3379,14.4847,14.2044,14.3379,57250900.0
2011-02-02,14.3442,14.4922,14.3307,14.3913,41352500.0
2011-02-03,14.419,14.5738,14.3382,14.52,38124700.0
2011-02-04,14.4594,14.6075,14.4257,14.594,35824400.0
2011-02-07,14.6479,14.7152,14.5604,14.6008,40579900.0
2011-02-08,14.5806,14.594,14.4055,14.5671,45356600.0
2011-02-09,14.4863,14.5402,14.419,14.4459,41826300.0
2011-02-10,14.4325,14.7017,14.3719,14.6748,53205900.0
2011-02-11,14.5536,14.7085,14.4863,14.6479,41354700.0
2011-02-14,14.5738,14.6748,14.4729,14.52,42766000.0
2011-02-15,14.4661,14.5065,14.3248,14.4392,47742400.0
2011-02-16,14.52,14.7287,14.4257,14.6412,52205400.0
2011-02-17,14.594,14.8498,14.5873,14.7892,48098900.0
2011-02-18,14.8566,14.9508,14.8162,14.9037,51281100.0
2011-02-22,14.7691,14.9373,14.6277,14.6815,60682700.0
2011-02-23,14.6075,14.621,14.143,14.2373,78955000.0
2011-02-24,14.2036,14.4123,14.1565,14.3315,51013300.0
2011-02-25,14.4729,14.8094,14.4459,14.7152,49883100.0
2011-02-28,14.6412,14.7017,14.3854,14.4527,58157100.0
2011-03-01,14.5536,14.6008,14.3719,14.3988,51938400.0
2011-03-02,14.419,14.6075,14.4055,14.4661,50035300.0
2011-03-03,14.5806,14.7287,14.5738,14.6681,46464700.0
2011-03-04,14.7287,14.8633,14.4055,14.5133,61214100.0
2011-03-07,14.6008,14.6344,14.1901,14.2776,52847300.0
2011-03-08,14.3248,14.3248,14.1497,14.2238,54048300.0
2011-03-09,14.1901,14.3652,14.0959,14.2709,58041200.0
2011-03-10,14.0892,14.1497,13.9478,13.9949,64700100.0
2011-03-11,13.8872,14.1094,13.8738,14.0488,42138200.0
2011-03-14,13.9343,14.0555,13.8805,14.0286,35644300.0
2011-03-15,13.6314,13.6853,13.4699,13.5843,75048300.0
2011-03-16,13.4833,13.7122,13.2679,13.3352,80042300.0
2011-03-17,13.4766,13.5035,13.3285,13.3958,54941800.0
2011-03-18,13.4766,13.5641,13.3823,13.416,59064000.0
2011-03-21,13.3823,13.7257,13.3756,13.591,40644300.0
2011-03-22,13.5843,13.6045,13.4497,13.5574,42078000.0
2011-03-23,13.5237,13.7055,13.4699,13.6583,36020700.0
2011-03-24,13.7997,13.8199,13.6516,13.7189,46612500.0
2011-03-25,13.6651,13.867,13.6045,13.7122,49641000.0
2011-03-28,13.7593,13.9074,13.6853,13.692,34237500.0
2011-03-29,13.6314,13.6583,13.4497,13.6516,53585900.0
2011-03-30,13.7257,13.7728,13.5776,13.7728,47839700.0
2011-03-31,13.6449,13.7122,13.4227,13.5843,81215800.0
2011-04-01,13.7257,13.7257,13.1669,13.2746,77906900.0
2011-04-04,13.3285,13.342,13.0323,13.1198,64779900.0
2011-04-05,13.1669,13.3823,13.1602,13.2679,58431500.0
2011-04-06,13.3622,13.4295,13.2679,13.4295,49405200.0
2011-04-07,13.416,13.5237,13.342,13.4833,48540700.0
2011-04-08,13.4901,13.5978,13.4295,13.4766,43653100.0
2011-04-11,13.4968,13.5978,13.4699,13.5439,40278800.0
2011-04-12,13.4631,13.5102,13.2544,13.3016,48908900.0
2011-04-13,13.3823,13.4295,13.2746,13.315,35701900.0
2011-04-14,13.241,13.241,13.066,13.1804,49225800.0
2011-04-15,13.2073,13.2948,13.1467,13.2948,41259200.0
2011-04-18,13.14,13.2881,13.0929,13.2073,43198100.0
2011-04-19,13.2275,13.4497,13.2073,13.3689,62643900.0
2011-04-20,14.2844,14.4325,14.0959,14.4123,152204600.0
2011-04-21,14.3988,14.4661,14.2642,14.4459,72819200.0
2011-04-25,14.3584,14.8162,14.3584,14.7691,76971600.0
2011-04-26,14.6883,15.1662,14.6815,15.1326,91979100.0
2011-04-27,15.1797,15.2672,15.0316,15.2335,64125000.0
2011-04-28,15.1258,15.3951,15.1124,15.348,51333300.0
2011-04-29,15.3547,15.6105,15.2335,15.5836,77517700.0
2011-05-02,15.5028,15.6038,15.3547,15.422,68003900.0
2011-05-03,15.3525,15.7935,15.2575,15.6374,104219300.0
2011-05-04,15.6315,15.9842,15.4143,15.9435,131012300.0
2011-05-05,15.8893,16.1878,15.7197,16.0182,90531900.0
2011-05-06,15.9164,16.0046,15.6925,15.7739,90560500.0
2011-05-09,15.7061,15.74,15.3669,15.4415,69690800.0
2011-05-10,15.5025,15.74,15.4822,15.6247,61945500.0
2011-05-11,15.8011,16.0317,15.74,15.8825,80793400.0
2011-05-12,15.7739,16.1674,15.7604,16.086,63541800.0
2011-05-13,16.0589,16.1471,15.8486,15.8825,49948800.0
2011-05-16,15.7943,16.2488,15.7875,16.0385,70410000.0
2011-05-17,15.8553,15.991,15.6586,15.9775,81635200.0
2011-05-18,16.0317,16.2556,15.9571,16.2013,62030300.0
2011-05-19,15.8214,16.0453,15.74,15.9707,92998000.0
2011-05-20,15.9096,15.9707,15.7061,15.7536,59958500.0
2011-05-23,15.5433,15.6247,15.4415,15.5093,57804000.0
2011-05-24,15.5297,15.5433,15.3262,15.3397,46685300.0
2011-05-25,15.2854,15.489,15.204,15.3872,45528300.0
2011-05-26,15.3465,15.3601,15.2312,15.2651,40931000.0
2011-05-27,15.238,15.2787,15.0005,15.0683,64339700.0
2011-05-31,15.2312,15.3601,15.143,15.2719,47986100.0
2011-06-01,15.238,15.2515,14.9123,14.9259,51642800.0
2011-06-02,14.9259,15.1498,14.8309,14.9869,51103500.0
2011-06-03,14.7902,14.9937,14.702,14.7427,49908600.0
2011-06-06,14.7495,14.8919,14.6952,14.8105,43756000.0
2011-06-07,14.9598,15.2244,14.9259,14.9666,55978500.0
2011-06-08,14.8987,15.0141,14.7427,14.8037,46611300.0
2011-06-09,14.8377,14.9327,14.7223,14.763,33399600.0
2011-06-10,14.7223,14.7902,14.4238,14.5052,50085800.0
2011-06-13,14.5392,14.6545,14.4374,14.512,39819200.0
2011-06-14,14.6545,14.8716,14.6206,14.8037,46365400.0
2011-06-15,14.702,14.8105,14.5188,14.5324,44826700.0
2011-06-16,14.5595,14.6952,14.4306,14.5324,49910500.0
2011-06-17,14.6884,14.7088,14.2949,14.3763,61358700.0
2011-06-20,14.356,14.5324,14.356,14.4645,34069000.0
2011-06-21,14.5663,14.7155,14.3967,14.6884,40639700.0
2011-06-22,14.6138,14.6613,14.5052,14.512,34290600.0
2011-06-23,14.3899,14.7359,14.2881,14.7291,50787400.0
2011-06-24,14.6748,14.7495,14.3831,14.3831,47952600.0
2011-06-27,14.3628,14.5731,14.2474,14.4781,39026500.0
2011-06-28,14.5256,14.6138,14.4238,14.5799,32815300.0
2011-06-29,14.6002,14.6341,14.4577,14.512,28625200.0
2011-06-30,14.5731,15.0751,14.5731,15.0344,48376900.0
2011-07-01,15.0616,15.3194,14.9937,15.2854,32903100.0
2011-07-05,15.394,15.394,15.1701,15.2244,29666500.0
2011-07-06,15.2244,15.4822,15.2244,15.4347,40604500.0
2011-07-07,15.5433,15.8689,15.5093,15.7604,49574400.0
2011-07-08,15.5772,15.74,15.4754,15.6654,32444000.0
2011-07-11,15.4958,15.5907,15.4211,15.5025,31766200.0
2011-07-12,15.3669,15.4143,15.0887,15.2312,47120400.0
2011-07-13,15.3058,15.4211,15.143,15.2515,39390400.0
2011-07-14,15.3262,15.4008,15.0683,15.109,45239300.0
2011-07-15,15.1226,15.3058,15.0616,15.1769,45905100.0
2011-07-18,15.0955,15.2176,14.9801,15.1158,41940700.0
2011-07-19,15.2244,15.6722,15.2244,15.645,49766800.0
2011-07-20,15.6722,15.7536,15.5365,15.5975,47238100.0
2011-07-21,15.1633,15.5229,15.0412,15.4754,75190300.0
2011-07-22,15.5636,15.7739,15.4551,15.6925,40564200.0
2011-07-25,15.5772,15.7943,15.4686,15.6247,36784100.0
2011-07-26,15.6586,15.7061,15.489,15.5297,42883200.0
2011-07-27,15.3669,15.4347,15.1633,15.2854,51947600.0
2011-07-28,15.2447,15.5229,15.1498,15.299,34080100.0
2011-07-29,15.1362,15.3465,15.0751,15.1498,45871100.0
2011-08-01,15.3058,15.394,14.858,15.0887,47794400.0
2011-08-02,14.9483,15.0579,14.7291,14.7359,51690500.0
2011-08-03,14.7907,15.051,14.6263,14.9414,56940800.0
2011-08-04,14.7291,14.9414,14.2769,14.2838,81107600.0
2011-08-05,14.3934,14.5235,13.8453,14.2426,94371200.0
2011-08-08,13.8796,14.2975,13.7562,13.7768,118524800.0
2011-08-09,13.907,14.1262,13.3726,14.1125,106691900.0
2011-08-10,13.8796,14.0508,13.5439,13.6535,89746400.0
2011-08-11,13.7837,14.3865,13.7494,14.2221,67680700.0
2011-08-12,14.2221,14.3249,14.0851,14.1467,50999900.0
2011-08-15,14.1947,14.3386,14.133,14.3112,43407600.0
2011-08-16,14.2084,14.4345,14.044,14.2426,40530000.0
2011-08-17,14.1056,14.3728,13.9755,14.1604,46553200.0
2011-08-18,13.8248,13.8248,13.3932,13.5439,86105800.0
2011-08-19,13.4343,13.674,13.126,13.1465,73913400.0
2011-08-22,13.4069,13.4822,13.1945,13.2767,45135100.0
2011-08-23,13.2698,13.5028,13.2219,13.5028,49546400.0
2011-08-24,13.4137,13.6192,13.2698,13.5644,50772300.0
2011-08-25,13.585,13.6192,13.2904,13.3041,44525600.0
2011-08-26,13.311,13.6809,13.2013,13.5439,50150400.0
2011-08-29,13.6809,13.9138,13.585,13.907,35691100.0
2011-08-30,13.8316,13.9412,13.6466,13.8659,36356900.0
2011-08-31,13.859,13.9823,13.7151,13.7905,42897700.0
2011-09-01,13.8933,13.9412,13.6946,13.6946,37679200.0
2011-09-02,13.5644,13.6535,13.4069,13.4548,38612000.0
2011-09-06,13.1876,13.4137,13.126,13.3863,41663200.0
2011-09-07,13.7014,13.7974,13.6055,13.7562,39742100.0
2011-09-08,13.7357,13.907,13.5713,13.6261,40658800.0
2011-09-09,13.5644,13.8522,13.4685,13.4959,56340900.0
2011-09-12,13.3863,13.9001,13.3726,13.8933,49616000.0
2011-09-13,13.9207,14.318,13.8453,14.2221,56054300.0
2011-09-14,14.2975,14.6605,14.1878,14.4687,54277600.0
2011-09-15,14.5989,14.8455,14.5372,14.7565,48685400.0
2011-09-16,14.7976,15.1332,14.6811,15.051,78570400.0
2011-09-19,14.914,15.1127,14.8181,15.0236,52293400.0
2011-09-20,15.0647,15.3936,14.9757,15.2086,65880300.0
2011-09-21,15.1949,15.4141,15.0031,15.0305,57435300.0
2011-09-22,14.7633,15.0031,14.6194,14.8113,87743100.0
2011-09-23,14.6605,15.2566,14.5372,15.1812,68569600.0
2011-09-26,15.1949,15.373,14.9277,15.236,58483500.0
2011-09-27,15.4073,15.743,15.3251,15.4415,82952400.0
2011-09-28,15.4963,15.558,15.2771,15.284,66542400.0
2011-09-29,15.3456,15.4826,14.9825,15.2155,64746800.0
2011-09-30,15.0305,15.1195,14.6126,14.6194,55124800.0
2011-10-03,14.5098,14.6605,14.0919,14.1262,89480600.0
2011-10-04,13.996,14.5715,13.9755,14.5372,72643300.0
2011-10-05,14.5715,15.051,14.4276,14.9688,66500000.0
2011-10-06,15.0168,15.1058,14.8455,15.0921,55333000.0
2011-10-07,15.0921,15.4141,15.0099,15.2703,55261000.0
2011-10-10,15.4004,15.6813,15.3936,15.6744,36938400.0
2011-10-11,15.6196,15.7567,15.4895,15.7498,48587600.0
2011-10-12,15.7635,15.9485,15.743,15.8389,55031100.0
2011-10-13,15.7704,16.0718,15.7293,16.0238,47805400.0
2011-10-14,16.017,16.0992,15.9279,16.0992,39985800.0
2011-10-17,15.9759,16.1677,15.8526,15.9485,43305000.0
2011-10-18,15.8868,16.0855,15.8046,16.0307,70347200.0
2011-10-19,16.4486,16.7706,16.3458,16.6061,128087300.0
2011-10-20,16.3595,16.3595,15.9964,16.1746,75039200.0
2011-10-21,16.3527,16.613,16.3047,16.4623,61182600.0
2011-10-24,16.4623,16.9829,16.4554,16.8459,58386700.0
2011-10-25,16.7637,17.024,16.7089,16.8733,54298000.0
2011-10-26,16.9898,17.0172,16.6747,16.9213,53559800.0
2011-10-27,17.0651,17.2638,17.024,17.2159,78418800.0
2011-10-28,17.0377,17.1474,16.9418,17.1131,39347900.0
2011-10-31,16.8322,17.072,16.7774,16.8117,37491700.0
2011-11-01,16.5239,16.6815,16.3184,16.3732,63704000.0
2011-11-02,16.4496,16.4841,16.1316,16.339,51515000.0
2011-11-03,16.4496,16.7468,16.0902,16.726,53851100.0
2011-11-04,16.6223,16.6362,16.3528,16.4081,43568400.0
2011-11-07,16.3804,16.802,16.3321,16.7813,46161400.0
2011-11-08,16.9195,17.12,16.7675,17.1062,52398400.0
2011-11-09,16.7537,16.809,16.4496,16.4772,52712000.0
2011-11-10,16.6845,16.7606,16.4081,16.6293,42668400.0
2011-11-11,16.802,17.2098,16.7882,17.1753,40296000.0
2011-11-14,17.1338,17.2098,16.9195,17.0232,35554700.0
2011-11-15,17.037,17.5969,17.0163,17.5139,71602400.0
2011-11-16,17.3895,17.6245,17.196,17.2375,66454000.0
2011-11-17,17.2098,17.2444,16.6707,16.8228,56718900.0
2011-11-18,16.6984,16.885,16.6016,16.7882,43135500.0
2011-11-21,16.6016,16.6915,16.1385,16.2906,53384900.0
2011-11-22,16.1593,16.2629,15.9588,16.0625,45123600.0
2011-11-23,15.9243,15.9934,15.6824,15.6893,49383900.0
2011-11-25,15.5718,16.0487,15.558,15.71,24910200.0
2011-11-28,16.0832,16.2906,16.0694,16.2146,34822500.0
2011-11-29,16.256,16.5187,16.1869,16.2975,39777900.0
2011-11-30,16.7951,17.2375,16.7468,17.2167,62578400.0
2011-12-01,17.2098,17.2582,16.8642,17.2237,48081200.0
2011-12-02,17.2997,17.3757,17.0025,17.0301,37237800.0
2011-12-05,17.2997,17.4172,17.1338,17.2859,39266600.0
2011-12-06,17.3411,17.6107,17.2789,17.5208,45340000.0
2011-12-07,17.507,17.818,17.3688,17.7351,51339500.0
2011-12-08,17.59,17.6453,17.0232,17.0785,52647300.0
2011-12-09,16.8781,17.3481,16.8504,17.2859,41222000.0
2011-12-12,16.7122,16.7882,16.3182,16.5878,86334400.0
2011-12-13,16.6223,16.6293,16.1869,16.2837,72389300.0
2011-12-14,16.2076,16.2768,15.9934,16.1109,49491900.0
2011-12-15,16.2975,16.3597,16.0694,16.1109,36164100.0
2011-12-16,16.2215,16.5118,16.0556,16.0556,61361200.0
2011-12-19,16.1593,16.2284,15.9312,15.9588,38716200.0
2011-12-20,16.2284,16.574,16.2007,16.4772,41447700.0
2011-12-21,16.574,16.65,16.1938,16.3666,39904100.0
2011-12-22,16.4565,16.6569,16.4219,16.6016,28842500.0
2011-12-23,16.6776,16.8642,16.6154,16.8642,22546600.0
2011-12-27,16.8988,17.0716,16.8642,16.9748,22671200.0
2011-12-28,16.9472,16.9748,16.7122,16.7468,21145200.0
2011-12-29,16.8366,16.9887,16.7813,16.9679,20050200.0
2011-12-30,16.9057,17.0163,16.7606,16.7606,17820800.0
2012-01-03,17.0232,17.2029,16.8573,16.961,39653700.0
2012-01-04,16.9817,17.3688,16.9541,17.355,42649500.0
2012-01-05,17.3204,17.59,17.2651,17.5554,42827000.0
2012-01-06,17.4241,17.5554,17.2859,17.4517,32392600.0
2012-01-09,17.5761,17.666,17.431,17.5969,34812300.0
2012-01-10,17.7904,17.9148,17.6314,17.6867,38884400.0
2012-01-11,17.5761,17.8941,17.5139,17.8319,51743400.0
2012-01-12,17.8733,17.901,17.6522,17.7973,39518900.0
2012-01-13,17.7351,17.7766,17.3481,17.3757,59079600.0
2012-01-17,17.4034,17.5554,17.2582,17.3066,53747200.0
2012-01-18,17.3688,17.6107,17.2859,17.5485,55879600.0
2012-01-19,17.6383,17.7489,17.5347,17.7144,56543800.0
2012-01-20,17.901,18.2949,17.6245,18.2327,89425000.0
2012-01-23,18.2189,18.5852,18.2051,18.4608,64260800.0
2012-01-24,18.4401,18.6474,18.3917,18.5852,52402000.0
2012-01-25,18.5507,18.6267,18.3157,18.5921,51331500.0
2012-01-26,18.6129,18.6613,18.3848,18.4885,41677600.0
2012-01-27,18.4055,18.5507,18.3779,18.4746,32051100.0
2012-01-30,18.3226,18.523,18.1567,18.4816,49252700.0
2012-01-31,18.523,18.5369,18.1636,18.2604,38173700.0
2012-02-01,18.4539,18.5507,18.3226,18.3502,40348700.0
2012-02-02,18.3715,18.4829,18.2879,18.3088,32796400.0
2012-02-03,18.5805,18.7755,18.5178,18.6292,37586600.0
2012-02-06,18.4969,18.6223,18.3645,18.6153,32911200.0
2012-02-07,18.5526,18.6292,18.4133,18.5596,30842500.0
2012-02-08,18.5805,18.8034,18.5387,18.7059,32274000.0
2012-02-09,18.7337,18.8104,18.6641,18.7128,31386700.0
2012-02-10,18.6153,18.6641,18.4272,18.6014,30380100.0
2012-02-13,18.6919,18.6989,18.476,18.6014,22413100.0
2012-02-14,18.5178,18.6571,18.462,18.6571,22567400.0
2012-02-15,18.7268,18.7268,18.462,18.5178,32381800.0
2012-02-16,18.3924,18.7755,18.3575,18.685,39018700.0
2012-02-17,18.7198,19.1587,18.685,19.0682,68459900.0
2012-02-21,19.0403,19.0682,18.8173,18.9218,30761100.0
2012-02-22,18.8591,19.0542,18.469,18.6223,47728000.0
2012-02-23,18.5108,18.7128,18.3575,18.5735,31762200.0
2012-02-24,18.6153,18.671,18.4272,18.6014,28288300.0
2012-02-27,18.476,18.9497,18.4272,18.7337,43033300.0
2012-02-28,18.7616,19.0194,18.685,18.9776,29999900.0
2012-02-29,18.9985,19.0194,18.6989,18.7268,33594300.0
2012-03-01,18.8522,18.9079,18.6083,18.7128,35098200.0
2012-03-02,18.7407,18.8313,18.6501,18.7477,27542200.0
2012-03-05,18.7407,18.7546,18.3645,18.4899,30175900.0
2012-03-06,18.2809,18.5526,18.253,18.5387,34538000.0
2012-03-07,18.5178,18.8104,18.476,18.7477,29588500.0
2012-03-08,18.8313,18.8382,18.6362,18.6989,28940600.0
2012-03-09,18.7546,18.9288,18.7198,18.8591,26639300.0
2012-03-12,18.8452,18.8661,18.7477,18.7964,21939800.0
2012-03-13,18.8731,19.1587,18.8731,19.1518,30607000.0
2012-03-14,19.1378,19.4374,19.0473,19.1309,39920900.0
2012-03-15,19.1587,19.4026,19.11,19.3329,30042500.0
2012-03-16,19.3817,19.4792,19.2981,19.319,35865300.0
2012-03-19,19.2632,19.4304,19.1866,19.3259,24495900.0
2012-03-20,19.2563,19.4374,19.2005,19.3329,20357300.0
2012-03-21,19.3608,19.4304,19.2981,19.3538,20365800.0
2012-03-22,19.2981,19.4722,19.2354,19.4304,19392500.0
2012-03-23,19.4583,19.5001,19.2841,19.4235,20575100.0
2012-03-26,19.5071,19.6882,19.4792,19.6394,28736900.0
2012-03-27,19.6812,19.7021,19.5558,19.6394,21823700.0
2012-03-28,19.6046,19.6812,19.3677,19.3677,27924800.0
2012-03-29,19.3329,19.6325,19.2772,19.6185,36137100.0
2012-03-30,19.7788,19.8206,19.521,19.5907,27005300.0
2012-04-02,19.5349,19.8206,19.5001,19.7718,26310700.0
2012-04-03,19.723,19.7648,19.4722,19.5837,30951400.0
2012-04-04,19.4165,19.514,19.2284,19.4583,28797500.0
2012-04-05,19.4165,19.5767,19.3677,19.5558,20439900.0
2012-04-09,19.3329,19.4374,19.2214,19.3399,21290600.0
2012-04-10,19.305,19.4095,19.096,19.1239,32278800.0
2012-04-11,19.2772,19.5071,19.2493,19.4026,23254800.0
2012-04-12,19.4931,19.8693,19.4583,19.8415,33518300.0
2012-04-13,19.7439,19.7788,19.5628,19.5698,30792800.0
2012-04-16,19.6882,19.8902,19.6046,19.7927,33058500.0
2012-04-17,19.8206,20.0505,19.7927,19.8345,49972000.0
2012-04-18,19.2145,19.5837,19.1309,19.4722,66071600.0
2012-04-19,19.4165,19.5698,19.1169,19.2911,39992800.0
2012-04-20,19.312,19.4862,19.2075,19.2284,33611600.0
2012-04-23,19.0612,19.2075,18.9915,19.1239,35648500.0
2012-04-24,19.0542,19.2284,18.9776,19.0264,31845600.0
2012-04-25,19.103,19.4444,19.0542,19.4095,35837700.0
2012-04-26,19.3677,19.7161,19.3329,19.6603,30054800.0
2012-04-27,19.5907,19.8763,19.5767,19.7718,30048000.0
2012-04-30,19.8066,19.8833,19.7091,19.7788,25029900.0
2012-05-01,19.8206,20.2386,19.7648,20.1689,40015000.0
2012-05-02,20.0765,20.3923,20.0063,20.3291,34573000.0
2012-05-03,20.5256,20.5397,19.9432,20.0414,38745000.0
2012-05-04,19.8871,19.9151,19.5362,19.5783,31334200.0
2012-05-07,19.5292,19.6344,19.4029,19.48,35724300.0
2012-05-08,19.3187,19.3678,18.9538,19.2064,50006400.0
2012-05-09,19.0239,19.1923,18.7713,19.0801,37279800.0
2012-05-10,19.1853,19.2695,18.9187,19.1151,34207800.0
2012-05-11,19.0941,19.6134,19.0871,19.3888,32491000.0
2012-05-14,19.1923,19.2274,18.8625,18.9608,35111800.0
2012-05-15,18.9818,19.1222,18.8204,18.8625,32496200.0
2012-05-16,18.8976,18.9397,18.5889,18.5959,39759900.0
2012-05-17,18.5748,18.7081,18.3783,18.3783,29052100.0
2012-05-18,18.4134,18.645,18.2801,18.2941,39931900.0
2012-05-21,18.2941,18.3783,18.0204,18.3503,38221200.0
2012-05-22,18.4345,18.4415,18.0906,18.2661,43008400.0
2012-05-23,17.8731,17.9012,17.4871,17.852,55834400.0
2012-05-24,17.9433,18.0906,17.7608,17.9994,34764600.0
2012-05-25,18.0345,18.1397,17.9433,18.0626,17317200.0
2012-05-29,18.2731,18.4696,18.1468,18.3082,30955500.0
2012-05-30,18.1748,18.3783,18.1047,18.3362,30177900.0
2012-05-31,18.0906,18.2941,18.0345,18.1327,33334400.0
2012-06-01,17.8591,18.0415,17.6275,17.6415,36492700.0
2012-06-04,17.7257,17.7959,17.431,17.5713,36340100.0
2012-06-05,17.5643,17.9433,17.5433,17.845,27287000.0
2012-06-06,17.8941,18.3222,17.845,18.2941,29974900.0
2012-06-07,18.5046,18.5467,18.1678,18.2029,26999300.0
2012-06-08,18.1538,18.5818,18.1397,18.5327,24708800.0
2012-06-11,18.631,18.6871,18.2169,18.231,25358100.0
2012-06-12,18.3432,18.6239,18.2801,18.6099,25930500.0
2012-06-13,18.5748,18.8555,18.4836,18.6239,28593000.0
2012-06-14,18.652,18.9888,18.5397,18.9327,34742500.0
2012-06-15,18.9116,19.2555,18.8625,19.1853,38930000.0
2012-06-18,19.1432,19.3748,19.1011,19.2415,27626300.0
2012-06-19,19.3678,19.3888,19.1222,19.3046,27214600.0
2012-06-20,19.3116,19.473,19.2134,19.3958,24606000.0
2012-06-21,19.3046,19.3608,18.6731,18.7432,43736300.0
2012-06-22,18.8555,18.9187,18.7152,18.9046,35967900.0
2012-06-25,18.6731,18.7011,18.1608,18.2801,39026500.0
2012-06-26,18.3573,18.4415,18.0626,18.245,32282200.0
2012-06-27,18.3222,18.4836,18.2871,18.3994,21920300.0
2012-06-28,18.231,18.2661,17.8591,18.1257,36137100.0
2012-06-29,18.4485,18.7011,18.3924,18.7011,28908000.0
2012-07-02,18.6029,18.7573,18.5187,18.7081,19677900.0
2012-07-03,18.7362,18.8485,18.638,18.8485,11361600.0
2012-07-05,18.7994,18.8345,18.5046,18.631,18734000.0
2012-07-06,18.5467,18.5959,18.1959,18.3573,30253900.0
2012-07-09,18.2801,18.3924,18.1117,18.3643,25566100.0
2012-07-10,18.1397,18.5397,17.852,17.9362,44156800.0
2012-07-11,17.9433,17.9783,17.6977,17.8169,32339400.0
2012-07-12,17.6415,17.6626,17.3187,17.3608,50581500.0
2012-07-13,17.3959,17.8169,17.3749,17.7187,33717400.0
2012-07-16,17.7047,17.7608,17.5433,17.6345,33364200.0
2012-07-17,17.7678,18.0064,17.438,17.8099,54715400.0
2012-07-18,17.6836,18.5397,17.5784,18.3924,63429900.0
2012-07-19,18.4625,18.4906,18.1187,18.2871,33686600.0
2012-07-20,18.1608,18.245,17.8941,17.9082,37495800.0
2012-07-23,17.5784,17.7959,17.4029,17.7257,31365900.0
2012-07-24,17.6766,17.6977,17.3959,17.5433,28951600.0
2012-07-25,17.5573,17.9152,17.5433,17.6345,31107600.0
2012-07-26,17.9783,18.1327,17.7819,17.8941,33452900.0
2012-07-27,18.0275,18.2941,17.8731,18.259,30573100.0
2012-07-30,18.238,18.3853,18.0204,18.0766,23860100.0
2012-07-31,18.0766,18.2731,18.0345,18.0345,22968700.0
2012-08-01,18.1257,18.245,18.0134,18.1959,26016000.0
2012-08-02,18.0544,18.4296,18.019,18.1818,30993600.0
2012-08-03,18.5889,18.6526,18.3907,18.5676,28147500.0
2012-08-06,18.5606,18.8012,18.5464,18.6243,22986000.0
2012-08-07,18.7092,18.8579,18.6526,18.7588,25404000.0
2012-08-08,18.7446,18.9287,18.6172,18.8296,24514100.0
2012-08-09,18.8579,19.0348,18.8083,18.9003,22913600.0
2012-08-10,18.8791,19.0419,18.78,19.0278,22759900.0
2012-08-13,18.9641,18.9924,18.6951,18.8933,21713900.0
2012-08-14,18.9711,18.9782,18.6738,18.7446,23791600.0
2012-08-15,18.5676,18.7375,18.5393,18.596,24466300.0
2012-08-16,18.7092,18.8649,18.6455,18.8225,23300700.0
2012-08-17,18.8083,18.8508,18.5535,18.6384,27536600.0
2012-08-20,18.5606,18.6384,18.4756,18.5676,23593600.0
2012-08-21,18.6384,18.6455,18.3977,18.4827,27811900.0
2012-08-22,18.327,18.4119,18.1642,18.2137,30629700.0
2012-08-23,18.1075,18.1146,17.6474,17.7253,46338200.0
2012-08-24,17.7323,17.7465,17.4846,17.6332,42262700.0
2012-08-27,17.6049,17.6545,17.52,17.5837,32090500.0
2012-08-28,17.5412,17.704,17.4704,17.697,30114400.0
2012-08-29,17.6474,17.6686,17.3713,17.4634,56735000.0
2012-08-30,17.3996,17.4421,17.0953,17.1802,33898900.0
2012-08-31,17.343,17.697,17.3289,17.5766,37717600.0
2012-09-04,17.7111,17.7394,17.1802,17.2793,37458600.0
2012-09-05,17.2722,17.5412,17.1236,17.2651,35716800.0
2012-09-06,17.3218,17.7677,17.3147,17.7607,37309200.0
2012-09-07,17.0811,17.4846,16.9962,17.1236,72538300.0
2012-09-10,16.9678,17.4138,16.4015,16.4652,75062700.0
2012-09-11,16.4936,16.7413,16.4228,16.5219,50000400.0
2012-09-12,16.5785,16.6918,16.3237,16.4157,40983800.0
2012-09-13,16.2883,16.5714,16.1609,16.536,49312700.0
2012-09-14,16.5997,16.6634,16.444,16.5431,44088300.0
2012-09-17,16.4936,16.5927,16.3945,16.5006,27356600.0
2012-09-18,16.5006,16.6493,16.3803,16.5431,36450100.0
2012-09-19,16.6493,16.6493,16.3803,16.3874,32778700.0
2012-09-20,16.3449,16.4086,16.2741,16.4086,30230600.0
2012-09-21,16.4298,16.4723,16.2883,16.3732,43985900.0
2012-09-24,16.2387,16.2458,15.9414,16.1396,44684600.0
2012-09-25,16.2458,16.2529,15.9343,15.9556,44693000.0
2012-09-26,15.9768,16.1042,15.9131,16.0264,45788500.0
2012-09-27,16.1113,16.3803,16.0334,16.3449,39828600.0
2012-09-28,16.3237,16.3237,15.991,16.0405,41819100.0
2012-10-01,16.1042,16.4015,16.0547,16.1042,50857600.0
2012-10-02,16.2033,16.2812,16.0405,16.1679,31620900.0
2012-10-03,16.175,16.26,15.9202,15.9626,42093800.0
2012-10-04,15.9839,16.0122,15.7644,15.8989,50355600.0
2012-10-05,16.0193,16.2033,15.9839,16.0547,35750700.0
2012-10-08,16.0193,16.0193,15.8565,15.9343,26979500.0
2012-10-09,15.6866,15.7078,15.4671,15.5025,62580600.0
2012-10-10,15.5167,15.5733,15.361,15.4034,44075000.0
2012-10-11,15.4742,15.4884,15.2335,15.3468,34816000.0
2012-10-12,15.2831,15.4671,15.1486,15.2052,42681400.0
2012-10-15,15.2406,15.5025,15.2194,15.3822,45383200.0
2012-10-16,15.5592,15.906,15.5379,15.8211,65384600.0
2012-10-17,15.0566,15.5592,15.0566,15.4247,85619500.0
2012-10-18,15.4459,15.4742,15.2902,15.3397,39196700.0
2012-10-19,15.3114,15.3539,15.0212,15.0566,49396600.0
2012-10-22,15.1486,15.2689,15.0778,15.1911,32871900.0
2012-10-23,15.092,15.4105,15.0778,15.2831,44870100.0
2012-10-24,15.3963,15.3963,15.1557,15.1911,29758500.0
2012-10-25,15.276,15.3963,15.2265,15.3539,30274900.0
2012-10-26,15.4105,15.5875,15.2902,15.5379,43147300.0
2012-10-31,15.5946,15.637,15.2831,15.3114,34354400.0
2012-11-01,15.3822,15.8635,15.3751,15.7574,44650300.0
2012-11-02,15.8518,15.9591,15.5872,15.6158,47294300.0
2012-11-05,15.7409,15.8125,15.5335,15.6194,46066400.0
2012-11-06,15.5335,15.7338,15.4692,15.5407,47003200.0
2012-11-07,15.4048,15.412,14.9471,14.9543,66282900.0
2012-11-08,14.9471,15.1116,14.8899,14.897,35611200.0
2012-11-09,14.9042,15.1187,14.8756,14.8756,32258600.0
2012-11-12,14.9256,14.9543,14.7683,14.8541,24000200.0
2012-11-13,14.7039,14.8899,14.4322,14.5037,51718700.0
2012-11-14,14.6253,14.661,14.2677,14.2748,50889100.0
2012-11-15,14.3178,14.5108,14.2891,14.3249,40651000.0
2012-11-16,14.3678,14.4894,14.139,14.4393,47948800.0
2012-11-19,14.2963,14.6253,14.1104,14.4822,65071600.0
2012-11-20,14.2033,14.2176,13.8386,13.9602,80561800.0
2012-11-21,13.9602,13.9816,13.7528,13.8457,65732700.0
2012-11-23,13.9673,14.189,13.953,14.1032,21860300.0
2012-11-26,14.0746,14.2462,14.0317,14.2248,30951500.0
2012-11-27,14.2677,14.4393,14.2462,14.2534,39225800.0
2012-11-28,14.2248,14.3821,14.046,14.3678,39187500.0
2012-11-29,14.1747,14.3321,13.9173,13.9673,58830200.0
2012-11-30,14.0317,14.139,13.8886,13.9959,45088300.0
2012-12-03,14.1962,14.2462,13.9459,13.9745,40460400.0
2012-12-04,14.0388,14.3392,14.0245,14.282,48883700.0
2012-12-05,14.2534,14.3178,14.1175,14.1962,42758100.0
2012-12-06,14.282,14.5108,14.2748,14.4179,39507500.0
2012-12-07,14.518,14.5609,14.3249,14.4179,33176000.0
2012-12-10,14.3964,14.425,14.2891,14.3607,24729200.0
2012-12-11,14.4179,14.8327,14.4107,14.7683,46747500.0
2012-12-12,14.9256,15.0115,14.6896,14.7826,44877700.0
2012-12-13,14.7397,14.9614,14.6181,14.6539,37458200.0
2012-12-14,14.661,14.8327,14.5538,14.6825,30697400.0
2012-12-17,14.6968,14.7969,14.5609,14.7111,29865300.0
2012-12-18,14.7826,15.0115,14.7111,14.99,38429300.0
2012-12-19,15.0687,15.2403,14.9185,15.0901,46912900.0
2012-12-20,15.1545,15.1903,14.9328,15.0401,30312900.0
2012-12-21,14.7469,14.9113,14.6467,14.8541,47809500.0
2012-12-24,14.7826,14.8255,14.6682,14.7612,12114500.0
2012-12-26,14.8255,14.9686,14.7612,14.7683,20697300.0
2012-12-27,14.8041,14.847,14.5252,14.6682,29413500.0
2012-12-28,14.5681,14.6539,14.4536,14.4679,23413700.0
2012-12-31,14.4751,14.7755,14.4179,14.7469,35358200.0
2013-01-02,15.1187,15.2904,15.0544,15.2904,42895500.0
2013-01-03,15.3047,15.3619,15.1187,15.2475,35190300.0
2013-01-04,15.2761,15.2975,15.0544,15.133,27950200.0
2013-01-07,15.2117,15.3404,15.1474,15.1974,29693700.0
2013-01-08,15.1831,15.4191,15.0329,15.083,43972900.0
2013-01-09,15.176,15.3548,15.1617,15.3404,32053300.0
2013-01-10,15.4549,15.6051,15.3977,15.5908,39998400.0
2013-01-11,15.5908,15.7839,15.5693,15.7338,38011600.0
2013-01-14,15.7195,15.8268,15.555,15.7338,32236600.0
2013-01-15,15.7052,15.8268,15.5765,15.648,31221300.0
2013-01-16,15.6766,15.8768,15.6265,15.8125,33169900.0
2013-01-17,15.7982,16.4919,15.7839,16.2201,78629100.0
2013-01-18,15.2761,15.3333,15.0401,15.1974,124352200.0
2013-01-22,15.226,15.226,15.0401,15.1402,46614800.0
2013-01-23,15.1617,15.176,15.0472,15.0973,37928300.0
2013-01-24,15.0901,15.1474,14.9686,14.9829,54194400.0
2013-01-25,15.0472,15.0687,14.9328,14.99,31317000.0
2013-01-28,15.0258,15.083,15.0115,15.0544,26299600.0
2013-01-29,15.083,15.2332,15.0258,15.2189,29284300.0
2013-01-30,15.2117,15.3476,15.176,15.2832,32210100.0
2013-01-31,15.2332,15.2475,15.0329,15.0472,31579000.0
2013-02-01,15.1545,15.2761,15.083,15.2761,27490400.0
2013-02-04,15.2559,15.2921,15.1258,15.133,31201300.0
2013-02-05,15.274,15.4186,15.2234,15.3101,26078000.0
2013-02-06,15.2885,15.3246,15.115,15.1728,29684200.0
2013-02-07,15.1511,15.1583,14.9632,15.0427,35543000.0
2013-02-08,15.1367,15.2451,15.0933,15.18,24705200.0
2013-02-11,15.18,15.2234,15.1222,15.2017,17345200.0
2013-02-12,15.2017,15.3607,15.1728,15.3174,25661600.0
2013-02-13,15.3318,15.3969,15.2812,15.3607,19696500.0
2013-02-14,15.274,15.3824,15.2017,15.3463,22950200.0
2013-02-15,15.3391,15.3969,15.1728,15.2668,29911000.0
2013-02-19,15.3029,15.3318,15.2234,15.2451,26846600.0
2013-02-20,15.2523,15.2595,14.9632,14.9849,41546600.0
2013-02-21,15.0065,15.0065,14.5439,14.6379,55133400.0
2013-02-22,14.6813,14.8114,14.5295,14.7608,31226900.0
2013-02-25,14.8692,14.927,14.6234,14.6234,37237500.0
2013-02-26,14.8114,15.0716,14.7535,14.8764,61851700.0
2013-02-27,14.9053,15.2089,14.8258,15.1294,44791600.0
2013-02-28,15.115,15.2379,15.0499,15.0933,28646200.0
2013-03-01,15.0282,15.3174,14.9343,15.2017,42652000.0
2013-03-04,15.2957,15.3897,15.1511,15.3752,40511800.0
2013-03-05,15.433,15.6065,15.3969,15.5487,35593900.0
2013-03-06,15.5631,15.7511,15.5487,15.7222,34053900.0
2013-03-07,15.7583,15.8957,15.7222,15.8234,33489900.0
2013-03-08,15.8667,15.9318,15.5125,15.5993,41946300.0
2013-03-11,15.5704,15.7149,15.3824,15.6788,38981400.0
2013-03-12,15.6571,15.7077,15.5053,15.6427,26404600.0
2013-03-13,15.5848,15.686,15.5125,15.6571,21625600.0
2013-03-14,15.7149,15.7945,15.5487,15.6499,25397800.0
2013-03-15,15.621,15.686,15.3752,15.4547,42839400.0
2013-03-18,15.3535,15.5342,15.3174,15.368,30947200.0
2013-03-19,15.3752,15.4403,15.1873,15.2812,39656000.0
2013-03-20,15.4113,15.4403,15.2595,15.3101,26672600.0
2013-03-21,15.18,15.2812,15.1077,15.2089,29706500.0
2013-03-22,15.274,15.4258,15.2379,15.4186,24493700.0
2013-03-25,15.4619,15.4836,15.2379,15.2885,29744200.0
2013-03-26,15.3824,15.7366,15.3607,15.7366,36900900.0
2013-03-27,15.6137,15.8884,15.5487,15.78,41426400.0
2013-03-28,15.7945,15.8378,15.6137,15.7872,27466800.0
2013-04-01,15.6716,15.686,15.4113,15.4909,30504600.0
2013-04-02,15.5559,15.5993,15.4113,15.5125,25215500.0
2013-04-03,15.5053,15.5415,15.1873,15.2162,32331500.0
2013-04-04,15.2234,15.3174,15.1511,15.2812,23925400.0
2013-04-05,15.1367,15.1583,14.9993,15.1367,33143600.0
2013-04-08,15.115,15.2451,15.0355,15.2451,28171600.0
2013-04-09,15.2668,15.8234,15.2234,15.7222,56362000.0
2013-04-10,15.7005,16.2065,15.6933,16.0908,62663100.0
2013-04-11,15.6933,15.8378,15.5342,15.7728,53635000.0
2013-04-12,15.7149,15.7583,15.5198,15.6716,30780600.0
2013-04-15,15.5631,15.6933,15.4403,15.4547,34441000.0
2013-04-16,15.5125,15.8523,15.4836,15.8378,51975500.0
2013-04-17,15.7511,16.0041,15.5921,15.8523,73541100.0
2013-04-18,15.939,16.192,15.8306,16.0764,72033100.0
2013-04-19,16.1053,16.2282,16.0547,16.221,44924000.0
2013-04-22,16.2499,16.5824,16.1559,16.539,50574300.0
2013-04-23,16.6113,16.951,16.5752,16.9004,58235700.0
2013-04-24,16.8498,17.1968,16.8065,17.1028,42419500.0
2013-04-25,17.0956,17.2546,16.8571,16.9004,39737900.0
2013-04-26,16.8426,17.0306,16.727,16.9149,31020600.0
2013-04-29,16.9438,17.2257,16.9149,17.1751,30864400.0
2013-04-30,17.1462,17.3486,17.0884,17.3125,35576000.0
2013-05-01,17.2185,17.4715,17.2113,17.3414,35321300.0
2013-05-02,17.1581,17.4573,17.1071,17.4281,29465500.0
2013-05-03,17.6726,17.6726,17.4756,17.4828,26798700.0
2013-05-06,17.6434,17.6653,17.4026,17.4464,28569000.0
2013-05-07,17.4974,17.6945,17.4683,17.6215,31183200.0
2013-05-08,17.5266,17.7236,17.4828,17.6945,22615400.0
2013-05-09,17.6507,17.9279,17.585,17.7747,28267400.0
2013-05-10,17.8039,17.9061,17.7674,17.8769,19150600.0
2013-05-13,17.8112,17.8696,17.5339,17.5704,26102600.0
2013-05-14,17.5704,17.6361,17.3515,17.3953,33493700.0
2013-05-15,17.4245,17.658,17.3734,17.658,30151200.0
2013-05-16,17.585,17.8039,17.461,17.4683,26577800.0
2013-05-17,17.5923,17.6726,17.4391,17.5412,32412500.0
2013-05-20,17.5631,17.6945,17.512,17.5704,27645900.0
2013-05-21,17.6142,17.6945,17.512,17.6215,32324800.0
2013-05-22,17.6069,17.8988,17.4683,17.5631,44449000.0
2013-05-23,17.4318,17.5996,17.3953,17.5485,32739300.0
2013-05-24,17.4537,17.5412,17.2056,17.461,27947600.0
2013-05-28,17.6288,17.8039,17.512,17.5704,27172500.0
2013-05-29,17.5047,17.7893,17.4318,17.709,28859400.0
2013-05-30,17.7163,17.8769,17.6653,17.6653,23482400.0
2013-05-31,17.6945,18.0301,17.6069,17.7163,40751200.0
2013-06-03,18.1614,18.5701,18.1104,18.4168,71263900.0
2013-06-04,18.643,18.9568,18.4971,18.5044,63608600.0
2013-06-05,18.322,18.446,17.9863,18.0228,50401600.0
2013-06-06,18.0666,18.1979,17.709,17.9863,36381700.0
2013-06-07,17.8039,18.0228,17.6653,17.9425,30523300.0
2013-06-10,18.0301,18.3074,17.979,18.249,25751000.0
2013-06-11,18.1323,18.3001,17.9717,18.0301,24225600.0
2013-06-12,18.2271,18.2417,17.8112,17.8477,22880400.0
2013-06-13,17.8477,18.249,17.8039,18.2344,24362200.0
2013-06-14,18.2563,18.3439,18.125,18.1833,21247700.0
2013-06-17,18.3366,18.4971,18.176,18.3147,40282400.0
2013-06-18,18.2928,18.716,18.2928,18.5774,28999300.0
2013-06-19,18.5992,18.7379,18.2417,18.2417,26059300.0
2013-06-20,18.0447,18.0593,17.585,17.6507,55676600.0
2013-06-21,17.7309,17.7674,17.5777,17.658,52163400.0
2013-06-24,17.5704,17.6726,17.0815,17.2056,41981800.0
2013-06-25,17.388,17.4683,17.1983,17.4245,31432200.0
2013-06-26,17.658,17.6872,17.4318,17.512,30906500.0
2013-06-27,17.5777,17.7674,17.5193,17.5485,22771900.0
2013-06-28,17.461,17.8112,17.315,17.6799,33502400.0
2013-07-01,17.7455,17.8185,17.3953,17.4318,26447800.0
2013-07-02,17.4172,17.5412,17.1764,17.3077,25378100.0
2013-07-03,17.2931,17.4391,17.1107,17.3369,16951700.0
2013-07-05,17.4756,17.5704,17.2785,17.5558,16126000.0
2013-07-08,17.4026,17.4464,16.8043,16.9137,56773500.0
2013-07-09,17.0013,17.0888,16.8626,16.8845,30741900.0
2013-07-10,16.8772,17.0013,16.5197,16.9648,46969700.0
2013-07-11,17.1983,17.512,17.1253,17.5047,37161500.0
2013-07-12,17.4683,17.512,17.2567,17.4391,28832800.0
2013-07-15,17.3953,17.4901,17.3369,17.4683,22199500.0
2013-07-16,17.512,17.7309,17.4391,17.6945,31115300.0
2013-07-17,17.7309,17.8258,17.5412,17.6215,36980300.0
2013-07-18,17.118,17.2275,16.8991,16.9648,70708400.0
2013-07-19,16.8553,16.8918,16.6437,16.8116,42685000.0
2013-07-22,16.8189,16.8699,16.5854,16.6145,32816200.0
2013-07-23,16.6729,16.7751,16.5197,16.6,26370100.0
2013-07-24,16.724,16.7824,16.5124,16.7313,30824800.0
2013-07-25,16.6729,16.8261,16.651,16.8261,24962600.0
2013-07-26,16.7313,16.9721,16.7094,16.9721,21021400.0
2013-07-29,16.8772,17.0013,16.8334,16.9575,17630500.0
2013-07-30,17.0013,17.1472,16.9867,17.0596,25157600.0
2013-07-31,17.0596,17.118,16.9721,17.0305,23479200.0
2013-08-01,17.0815,17.1399,16.797,16.9283,33648600.0
2013-08-02,16.9208,16.9429,16.7808,16.9429,32326400.0
2013-08-05,16.9466,16.9613,16.8361,16.895,19156500.0
2013-08-06,16.8655,16.895,16.7329,16.7992,26424700.0
2013-08-07,16.7329,16.7918,16.615,16.7255,21553000.0
2013-08-08,16.7624,16.7845,16.5119,16.5413,31437100.0
2013-08-09,16.5119,16.615,16.4382,16.5855,23140100.0
2013-08-12,16.5634,16.7255,16.5413,16.6813,21334400.0
2013-08-13,16.7255,16.7255,16.4971,16.5929,24295900.0
2013-08-14,16.5045,16.755,16.4677,16.6298,21524300.0
2013-08-15,16.4161,16.5119,16.1877,16.2319,37274300.0
2013-08-16,16.2613,16.3498,16.1287,16.1435,27318800.0
2013-08-19,16.2687,16.7255,16.2466,16.4161,40128300.0
2013-08-20,16.4382,16.7108,16.4308,16.6003,26785800.0
2013-08-21,16.6003,16.6371,16.254,16.335,29953900.0
2013-08-22,16.4013,16.4971,16.335,16.4013,15571800.0
2013-08-23,16.4603,16.6298,16.4529,16.534,19339200.0
2013-08-26,16.5119,16.5929,16.3792,16.4161,20953700.0
2013-08-27,16.3203,16.3719,16.2098,16.3498,35185800.0
2013-08-28,16.3719,16.5119,16.3056,16.4234,25009200.0
2013-08-29,16.3719,16.534,16.2466,16.254,26031000.0
2013-08-30,16.3866,16.394,16.1361,16.195,28856800.0
2013-09-03,16.3424,16.3866,16.1877,16.2613,23362800.0
2013-09-04,16.4898,16.7845,16.4161,16.6813,32408700.0
2013-09-05,16.7182,16.7476,16.5708,16.6519,20213400.0
2013-09-06,16.7255,16.814,16.5045,16.7034,25390900.0
2013-09-09,16.7329,16.9687,16.7255,16.8803,24797100.0
2013-09-10,16.9982,17.0424,16.895,16.9318,27404400.0
2013-09-11,16.8803,16.9318,16.7329,16.8066,27773600.0
2013-09-12,16.7918,16.8287,16.6519,16.674,26700400.0
2013-09-13,16.9908,17.2855,16.9761,17.2708,56762000.0
2013-09-16,17.4181,17.4697,17.2045,17.2339,28223200.0
2013-09-17,17.4623,17.6023,17.4402,17.4918,33885700.0
2013-09-18,17.5729,17.6244,17.3592,17.6097,27991200.0
2013-09-19,17.6539,17.7497,17.5655,17.6171,25470500.0
2013-09-20,17.6392,17.6539,17.3666,17.5139,33888100.0
2013-09-23,17.4844,17.5729,17.396,17.4034,20009900.0
2013-09-24,17.3739,17.5729,17.3739,17.4697,20699400.0
2013-09-25,17.5213,17.5434,17.3739,17.4623,17660600.0
2013-09-26,17.4992,17.536,17.0939,17.2487,27842000.0
2013-09-27,17.1013,17.2339,16.8582,16.9318,25857700.0
2013-09-30,16.7403,17.0718,16.6519,16.8876,26403600.0
2013-10-01,16.9024,16.9761,16.7255,16.8213,21571800.0
2013-10-02,16.7329,16.8729,16.7034,16.8655,20338900.0
2013-10-03,16.8066,16.8287,16.5782,16.6519,29526800.0
2013-10-04,16.6519,16.8361,16.6519,16.8066,19836300.0
2013-10-07,16.7182,16.9466,16.6298,16.8213,19758700.0
2013-10-08,16.8434,16.8582,16.5634,16.5634,32768500.0
2013-10-09,16.5929,16.9171,16.5634,16.6445,38073100.0
2013-10-10,16.9318,17.1087,16.8876,17.0203,32832500.0
2013-10-11,16.8213,17.1381,16.814,17.1308,21150400.0
2013-10-14,17.0129,17.3076,16.9687,17.2781,24387400.0
2013-10-15,17.2413,17.3813,17.1824,17.2339,36521600.0
2013-10-16,17.1381,17.4918,17.1087,17.4623,43258200.0
2013-10-17,17.3739,17.6392,17.3076,17.6244,26129100.0
2013-10-18,17.5802,17.6687,17.4476,17.595,24390500.0
2013-10-21,17.6465,17.8086,17.5508,17.7865,30854600.0
2013-10-22,17.8086,17.8307,17.6908,17.735,26369900.0
2013-10-23,17.6244,17.7202,17.3592,17.4844,28503500.0
2013-10-24,17.5729,17.6613,17.5213,17.5213,16403900.0
2013-10-25,17.7423,17.8602,17.6981,17.8529,27011000.0
2013-10-28,17.816,18.0444,17.8086,17.9486,27570800.0
2013-10-29,17.9781,18.177,17.9413,18.0739,25564000.0
2013-10-30,18.0739,18.1844,17.9781,18.0518,21559700.0
2013-10-31,18.0665,18.2213,18.0002,18.0297,23524000.0
2013-11-01,18.0592,18.1623,17.8455,17.9192,25536700.0
2013-11-04,17.9122,17.9791,17.7932,17.8676,23770500.0
2013-11-05,17.7895,17.9308,17.6779,17.8713,20131700.0
2013-11-06,17.9234,18.0795,17.7672,18.0349,23233700.0
2013-11-07,18.1242,18.1316,17.849,17.8936,23000400.0
2013-11-08,17.8787,17.9382,17.73,17.9159,27675200.0
2013-11-11,17.8787,18.0647,17.7969,17.9754,17794500.0
2013-11-12,17.8341,18.2209,17.8267,18.1688,29762700.0
2013-11-13,18.0424,18.3101,17.9977,18.2952,20278100.0
2013-11-14,18.1688,18.2209,18.1093,18.139,18037500.0
2013-11-15,18.1465,18.258,18.0349,18.2357,19556900.0
2013-11-18,18.2952,18.3696,18.206,18.2952,21146000.0
2013-11-19,18.3993,18.496,18.3027,18.3696,22543000.0
2013-11-20,18.3696,18.4588,18.1911,18.2655,18415600.0
2013-11-21,18.3027,18.8084,18.2357,18.7638,40502500.0
2013-11-22,18.2209,18.2283,17.73,17.7523,71053200.0
2013-11-25,17.8639,17.8639,17.4771,17.6631,40076700.0
2013-11-26,17.6928,17.73,17.492,17.5887,26632500.0
2013-11-27,17.5813,17.7895,17.492,17.7746,24836500.0
2013-11-29,17.7523,17.8416,17.6705,17.73,10653000.0
2013-12-02,17.8416,17.849,17.5887,17.6259,22434400.0
2013-12-03,17.6184,17.6482,17.4028,17.5143,31382900.0
2013-12-04,17.492,17.7374,17.492,17.6556,37050200.0
2013-12-05,17.7523,18.1093,17.6631,18.0424,38545400.0
2013-12-06,18.563,18.7786,18.4068,18.4588,47943400.0
2013-12-09,18.4663,18.6522,18.3547,18.5406,25311500.0
2013-12-10,18.4811,18.5704,18.3398,18.4588,16757700.0
2013-12-11,18.4068,18.5035,18.1465,18.1614,22493200.0
2013-12-12,18.3473,18.5109,18.1614,18.1985,18638800.0
2013-12-13,18.02,18.2134,17.968,18.0647,18823800.0
2013-12-16,18.139,18.377,18.0944,18.1837,23214000.0
2013-12-17,18.1614,18.4217,18.1316,18.3398,24338900.0
2013-12-18,18.3845,18.7414,18.2432,18.7043,38369800.0
2013-12-19,18.6819,18.7712,18.5109,18.6968,22462500.0
2013-12-20,18.6745,18.853,18.6225,18.6299,35440500.0
2013-12-23,18.8009,18.9125,18.7266,18.8307,25193600.0
2013-12-24,18.8753,19.0538,18.853,18.9125,11796300.0
2013-12-26,18.9571,19.1133,18.9125,19.1133,15176100.0
2013-12-27,19.143,19.1877,18.9497,19.0389,12341600.0
2013-12-30,19.091,19.2249,19.0389,19.2249,18738800.0
2013-12-31,19.1802,19.3662,19.1654,19.3067,20055300.0
2014-01-02,19.1728,19.2025,18.9422,19.1802,30509800.0
2014-01-03,19.1951,19.262,19.0389,19.1728,24758400.0
2014-01-06,19.1654,19.1802,18.9274,18.9348,23574700.0
2014-01-07,19.0017,19.1356,18.9348,19.0315,17413100.0
2014-01-08,19.0836,19.1207,18.8158,18.9125,25192700.0
2014-01-09,18.9051,19.0017,18.7786,18.8233,18728000.0
2014-01-10,18.9646,19.2249,18.9646,18.9869,28044900.0
2014-01-13,19.0687,19.329,18.9051,18.9646,35589300.0
2014-01-14,19.3364,19.7455,19.262,19.7157,62499000.0
2014-01-15,19.8793,20.0652,19.7901,19.8347,52810300.0
2014-01-16,19.8347,19.8868,19.5818,19.738,38300400.0
2014-01-17,18.8604,19.2323,18.7786,19.2249,100223900.0
2014-01-21,19.1802,19.1877,18.7935,19.0315,38270000.0
2014-01-22,18.8828,18.9943,18.7043,18.8233,44642300.0
2014-01-23,18.7191,18.7786,18.5183,18.6894,37302800.0
2014-01-24,18.5035,18.734,18.4365,18.4514,30718200.0
2014-01-27,18.4217,18.5853,18.3398,18.3845,26466700.0
2014-01-28,18.3696,18.6299,18.2729,18.5183,29148000.0
2014-01-29,18.4068,18.563,18.3175,18.3547,24491800.0
2014-01-30,18.4068,18.5109,18.2506,18.3993,21649400.0
2014-01-31,18.1911,18.3324,18.1465,18.2506,23738700.0
2014-02-03,18.2209,18.2283,17.7672,17.8118,46221200.0
2014-02-04,17.8353,17.8803,17.5349,17.7151,43341200.0
2014-02-05,17.794,17.839,17.6438,17.6588,29059100.0
2014-02-06,17.6964,18.0793,17.6813,18.0117,24879700.0
2014-02-07,18.1619,18.2144,17.8465,18.1769,27066800.0
2014-02-10,18.1018,18.297,18.0643,18.2369,21743000.0
2014-02-11,18.282,18.4096,18.267,18.3721,15403800.0
2014-02-12,18.4096,18.5373,18.297,18.4321,22119900.0
2014-02-13,18.327,18.5748,18.252,18.5448,19801900.0
2014-02-14,18.4472,18.5898,18.327,18.5823,16968600.0
2014-02-18,18.5222,18.6048,18.4321,18.5898,15694500.0
2014-02-19,18.5072,18.5598,18.3345,18.3946,23298600.0
2014-02-20,18.4246,18.6574,18.3946,18.5748,17348700.0
2014-02-21,18.7174,18.74,18.282,18.3345,26646700.0
2014-02-24,18.3721,18.6799,18.327,18.4922,20054600.0
2014-02-25,18.5297,18.5523,18.3646,18.4847,18030700.0
2014-02-26,18.5748,18.755,18.4772,18.6198,17720400.0
2014-02-27,18.6198,18.6198,18.4021,18.5898,17367300.0
2014-02-28,18.6274,18.6574,18.4472,18.5898,18929600.0
2014-03-03,18.4171,18.4622,18.2444,18.3946,22323700.0
2014-03-04,18.5448,18.6048,18.3946,18.4772,20694300.0
2014-03-05,18.5297,18.5523,18.3195,18.3946,18174600.0
2014-03-06,18.4397,18.5072,18.3045,18.4922,20035000.0
2014-03-07,18.5448,18.6574,18.4472,18.4997,21897900.0
2014-03-10,18.4772,18.6874,18.4547,18.6499,22151800.0
2014-03-11,18.5823,18.6574,18.4772,18.5673,23307800.0
2014-03-12,18.5072,18.6799,18.4772,18.5898,19233800.0
2014-03-13,18.6198,18.77,18.342,18.4472,23781100.0
2014-03-14,18.3796,18.4997,18.3195,18.3946,18932500.0
2014-03-17,18.4997,18.6349,18.3871,18.5448,15637900.0
2014-03-18,18.5297,18.6949,18.4321,18.6349,15724100.0
2014-03-19,18.6574,18.9577,18.5973,18.785,30605700.0
2014-03-20,18.77,19.213,18.725,19.0928,33802000.0
2014-03-21,19.228,19.2805,18.8901,18.8976,34962500.0
2014-03-24,18.9277,19.0553,18.7099,18.8601,28932500.0
2014-03-25,18.9051,19.273,18.8901,19.1154,26613000.0
2014-03-26,19.228,19.3256,19.0103,19.0553,23610900.0
2014-03-27,19.0403,19.3331,18.9877,19.0028,23973000.0
2014-03-28,19.0778,19.3782,19.0103,19.2355,20529900.0
2014-03-31,19.2655,19.5659,19.2355,19.3857,25113700.0
2014-04-01,19.3857,19.5208,19.2505,19.5133,20418800.0
2014-04-02,19.4908,19.5583,19.2505,19.4382,19323800.0
2014-04-03,19.6334,19.8662,19.6259,19.8286,35384200.0
2014-04-04,19.8887,20.0689,19.6034,19.6409,41264800.0
2014-04-07,19.746,20.0764,19.671,19.8812,45973600.0
2014-04-08,19.7911,20.2566,19.7836,20.204,50913000.0
2014-04-09,20.219,20.2866,20.0689,20.2566,30644300.0
2014-04-10,20.2791,20.3392,19.7911,19.8436,36624600.0
2014-04-11,19.7235,19.9638,19.6484,19.6559,32310400.0
2014-04-14,19.746,20.0088,19.6259,19.9413,23630400.0
2014-04-15,19.9037,20.144,19.7911,20.0989,37426600.0
2014-04-16,20.2641,20.4518,19.9713,20.219,47162400.0
2014-04-17,20.144,20.3917,20.1139,20.3016,31130000.0
2014-04-21,20.2716,20.3091,20.0689,20.2341,18253800.0
2014-04-22,20.2115,20.2566,20.0163,20.1515,25389500.0
2014-04-23,20.1214,20.2491,20.0614,20.0839,21142700.0
2014-04-24,20.1665,20.2416,20.0013,20.0839,23009300.0
2014-04-25,20.0088,20.0614,19.6635,19.716,30556900.0
2014-04-28,19.6484,19.8136,19.5283,19.7686,29941300.0
2014-04-29,19.7911,20.0163,19.7836,19.8812,19297900.0
2014-04-30,19.7611,20.0464,19.686,20.0389,21224900.0
2014-05-01,19.9563,20.0238,19.8136,19.8587,17147000.0
2014-05-02,19.9422,20.0028,19.8211,19.8286,20975900.0
2014-05-05,19.8097,19.8854,19.681,19.8173,15271800.0
2014-05-06,19.8097,19.9763,19.6885,19.84,18911700.0
2014-05-07,19.9006,20.0293,19.8551,19.9687,22009200.0
2014-05-08,19.9309,20.0899,19.8551,19.946,19342100.0
2014-05-09,20.0217,20.0217,19.8551,19.9157,14954700.0
2014-05-12,19.999,20.0975,19.9157,19.9687,17305800.0
2014-05-13,20.0596,20.0975,19.9384,20.0293,16995800.0
2014-05-14,20.0596,20.0823,19.9384,19.9384,14602600.0
2014-05-15,19.9612,20.0672,19.6961,19.6961,27895800.0
2014-05-16,19.734,19.7415,19.4917,19.5522,26361600.0
2014-05-19,19.5295,19.7567,19.4992,19.7188,19748500.0
2014-05-20,19.7037,19.8173,19.5977,19.7188,19461300.0
2014-05-21,19.7643,19.8779,19.6885,19.84,16351900.0
2014-05-22,19.84,19.893,19.7491,19.8021,13003000.0
2014-05-23,19.8021,19.9157,19.7946,19.9081,14888600.0
2014-05-27,19.8854,20.2489,19.8248,20.2262,22876500.0
2014-05-28,20.2186,20.4004,20.1883,20.3549,22630800.0
2014-05-29,20.3852,20.4155,20.2338,20.4155,17098500.0
2014-05-30,20.4382,20.6881,20.3928,20.6881,33942400.0
2014-06-02,20.6805,20.7108,20.5367,20.6427,17667400.0
2014-06-03,20.6124,20.9759,20.5367,20.9456,29530500.0
2014-06-04,20.832,21.0213,20.8244,20.9001,18724300.0
2014-06-05,20.8926,20.9456,20.7714,20.9456,22787700.0
2014-06-06,21.0364,21.3621,20.9986,21.3318,30435600.0
2014-06-09,21.2788,21.5211,21.0743,21.1349,32862500.0
2014-06-10,21.0819,21.4529,20.991,21.3848,29969000.0
2014-06-11,21.3318,21.3621,21.0516,21.15,24606900.0
2014-06-12,21.097,21.2788,21.0289,21.1728,19585600.0
2014-06-13,22.5131,22.763,22.3844,22.6191,103679800.0
2014-06-16,22.4752,22.8311,22.4677,22.7251,32871100.0
2014-06-17,22.6191,22.7933,22.5964,22.6797,24863800.0
2014-06-18,22.6267,22.7024,22.4677,22.6645,29185400.0
2014-06-19,22.6948,22.7857,22.6342,22.7857,22206200.0
2014-06-20,22.763,22.869,22.7403,22.869,31210000.0
2014-06-23,22.7933,22.9523,22.604,22.8917,24308900.0
2014-06-24,22.8387,23.3461,22.7857,23.0962,48854300.0
2014-06-25,23.0886,23.4748,23.0583,23.3839,34446200.0
2014-06-26,23.3612,23.3991,23.1795,23.3082,22624200.0
2014-06-27,23.3764,23.4748,23.2476,23.4218,21990300.0
2014-06-30,23.3764,23.4748,23.2173,23.3991,17053200.0
2014-07-01,23.4672,23.5429,23.3764,23.4597,24131900.0
2014-07-02,23.4748,23.5127,23.3233,23.4597,14444700.0
2014-07-03,23.5354,23.7474,23.4899,23.5808,16510300.0
2014-07-07,23.5429,23.6262,23.4142,23.4975,18733500.0
2014-07-08,23.4748,23.5354,23.2476,23.3158,30080800.0
2014-07-09,23.4218,23.4597,23.24,23.3915,20919100.0
2014-07-10,23.1719,23.7247,23.0507,23.6717,28943500.0
2014-07-11,23.7095,23.8156,23.5051,23.6641,17766100.0
2014-07-14,23.7853,23.914,23.7323,23.8459,21793700.0
2014-07-15,23.914,24.0806,23.596,24.0124,47602200.0
2014-07-16,25.224,26.3069,25.1483,26.2388,121568400.0
2014-07-17,25.898,26.0192,25.4664,25.5194,64687000.0
2014-07-18,25.5951,25.6254,25.2846,25.5194,40197000.0
2014-07-21,25.4058,25.9207,25.3982,25.792,27396700.0
2014-07-22,25.8753,26.3751,25.7996,26.3448,37507600.0
2014-07-23,26.2615,26.2842,25.9737,26.1252,23697400.0
2014-07-24,26.0419,26.2615,25.8298,25.9359,26185900.0
2014-07-25,25.8601,26.0267,25.6935,25.9359,25185300.0
2014-07-28,25.9207,25.9889,25.6557,25.9207,28697800.0
2014-07-29,25.951,26.0267,25.8147,25.8904,21100500.0
2014-07-30,25.9813,26.1782,25.7768,26.0116,23749100.0
2014-07-31,25.7996,25.9359,25.6027,25.6633,29963100.0
2014-08-01,25.5572,25.7693,25.4512,25.5497,26164700.0
2014-08-04,25.5862,25.8149,25.4033,25.7844,20882300.0
2014-08-05,25.7349,25.7501,24.843,25.0183,44827800.0
2014-08-06,24.8506,25.3004,24.6905,25.0336,25171500.0
2014-08-07,25.125,25.2699,24.8049,24.9116,23226000.0
2014-08-08,24.9878,25.1555,24.8049,24.8506,29406800.0
2014-08-11,25.0183,25.3385,25.0107,25.1708,24980600.0
2014-08-12,25.125,25.2699,24.9116,25.2546,22294000.0
2014-08-13,25.3309,26.0322,25.3309,25.994,32833600.0
2014-08-14,25.9559,26.0931,25.7196,25.8721,23787600.0
2014-08-15,26.0017,26.0779,25.6968,26.0474,25572400.0
2014-08-18,26.116,26.2761,25.9026,26.2304,22622100.0
2014-08-19,26.299,26.299,26.1084,26.177,22965900.0
2014-08-20,26.0931,26.3066,26.055,26.299,21784600.0
2014-08-21,26.2685,26.8249,26.2608,26.7944,33025500.0
2014-08-22,26.8326,26.8402,26.6115,26.6344,16519300.0
2014-08-25,26.7563,26.7944,26.4133,26.5353,16248800.0
2014-08-26,26.52,26.7182,26.4514,26.5276,17303600.0
2014-08-27,26.5963,26.6344,26.3981,26.52,14507600.0
2014-08-28,26.3828,26.5353,26.3828,26.4133,17229900.0
2014-08-29,26.5353,26.6344,26.4285,26.6191,26853200.0
2014-09-02,26.4972,26.6115,26.2456,26.3523,25454500.0
2014-09-03,26.5124,26.5886,26.2608,26.3523,22448700.0
2014-09-04,26.3218,26.7487,26.3142,26.6115,22494200.0
2014-09-05,26.6191,26.7716,26.5505,26.6801,16722500.0
2014-09-08,26.581,27.107,26.581,26.9317,18535900.0
2014-09-09,26.9012,26.9012,26.5658,26.6115,16710900.0
2014-09-10,26.5658,26.7792,26.4285,26.6953,12713300.0
2014-09-11,26.5353,26.6953,26.3218,26.6953,16090900.0
2014-09-12,26.6039,26.6115,26.299,26.3904,21390600.0
2014-09-15,26.459,26.5048,26.0931,26.3295,20414300.0
2014-09-16,26.2761,26.7411,26.2761,26.6267,17634700.0
2014-09-17,26.6191,26.8326,26.4819,26.6649,20456200.0
2014-09-18,26.7716,26.8097,26.5734,26.8097,17245800.0
2014-09-19,26.8021,26.8478,26.5429,26.5429,33635100.0
2014-09-22,26.5124,26.703,26.3371,26.459,22091500.0
2014-09-23,26.459,26.459,26.2075,26.238,21004500.0
2014-09-24,26.2227,26.5658,26.1999,26.4895,15987600.0
2014-09-25,26.4362,26.52,25.8263,26.0245,30245500.0
2014-09-26,26.116,26.1922,25.6358,26.116,21462900.0
2014-09-29,25.9636,26.6725,25.8721,26.6039,25916600.0
2014-09-30,26.6267,26.6801,26.2304,26.5429,26883900.0
2014-10-01,26.3828,26.5124,25.7958,25.9102,30902500.0
2014-10-02,25.8873,25.9178,25.3537,25.5519,29492400.0
2014-10-03,25.6586,26.055,25.5138,25.9407,22327400.0
2014-10-06,26.0322,26.2837,25.8187,26.0017,21273600.0
2014-10-07,25.9483,25.9559,25.4681,25.5138,21667600.0
2014-10-08,25.529,26.1999,25.2622,26.1236,29043300.0
2014-10-09,26.0322,26.2456,25.5977,25.6281,22690000.0
2014-10-10,24.8659,25.0488,23.2498,24.3246,70825700.0
2014-10-13,24.1798,24.6753,23.9892,23.9892,34812900.0
2014-10-14,24.3856,24.8963,24.1722,24.5,54886100.0
2014-10-15,23.2803,24.1264,22.6019,23.8444,79994400.0
2014-10-16,23.5471,24.0197,23.4404,23.5166,42191900.0
2014-10-17,23.7682,24.1722,23.6081,23.9206,31003700.0
2014-10-20,23.6614,24.1646,23.5547,24.0731,23166700.0
2014-10-21,24.1417,24.8659,24.0731,24.8582,28140100.0
2014-10-22,24.9192,25.0564,24.5609,24.5991,23699700.0
2014-10-23,24.904,25.0869,24.8506,24.9192,18071900.0
2014-10-24,24.9421,25.4071,24.8277,25.2927,23999900.0
2014-10-27,25.2165,25.3842,24.9802,25.308,19978800.0
2014-10-28,25.3309,25.7272,25.3309,25.7196,18827200.0
2014-10-29,25.7272,25.8949,25.5443,25.8568,18995900.0
2014-10-30,25.59,25.6205,24.6982,24.8354,49633200.0
2014-10-31,25.7272,25.9254,25.2927,25.9254,40693500.0
2014-11-03,25.773,26.2837,25.7577,26.1541,22724000.0
2014-11-04,26.1069,26.5136,26.0686,26.3295,24060900.0
2014-11-05,26.1645,26.1645,25.7808,25.9036,28629000.0
2014-11-06,25.8499,26.2642,25.6351,25.9496,22730700.0
2014-11-07,26.0724,26.0878,25.4663,25.7655,23291900.0
2014-11-10,25.6657,25.6964,25.3819,25.52,23948900.0
2014-11-11,25.5967,25.7348,25.4739,25.5583,17638900.0
2014-11-12,25.4739,25.6427,25.3205,25.612,18186900.0
2014-11-13,25.589,25.9803,25.5813,25.8422,20511800.0
2014-11-14,25.8959,26.0647,25.589,26.0494,14976500.0
2014-11-17,25.9496,26.2796,25.9036,26.2719,15165000.0
2014-11-18,26.2335,26.7783,26.2105,26.6325,23521000.0
2014-11-19,26.6172,26.6939,26.2796,26.3563,18646500.0
2014-11-20,26.1952,27.5993,26.0878,27.584,56616300.0
2014-11-21,27.6607,27.9753,27.2387,27.3077,49719600.0
2014-11-24,27.5149,27.9523,27.4996,27.8142,30447400.0
2014-11-25,27.8909,27.9906,27.7374,27.8679,21444000.0
2014-11-26,27.9062,28.3819,27.8372,28.3129,20378000.0
2014-11-28,28.3896,28.919,28.3436,28.5814,15566400.0
2014-12-01,28.5507,28.8653,28.3129,28.5201,27176100.0
2014-12-02,28.5891,28.85,28.5277,28.85,24989000.0
2014-12-03,28.9114,29.0725,28.7042,28.7195,25579400.0
2014-12-04,28.6965,28.7426,28.4203,28.7426,18995500.0
2014-12-05,28.827,29.0802,28.7886,28.9037,17637900.0
2014-12-08,28.7426,28.9497,28.3359,28.5431,23066100.0
2014-12-09,28.1364,28.4587,27.8525,28.3052,25059600.0
2014-12-10,28.2975,28.405,27.8525,27.9446,23215800.0
2014-12-11,28.006,28.5507,27.9599,28.1594,20382900.0
2014-12-12,27.9676,28.2515,27.7911,27.7988,23564000.0
2014-12-15,27.9062,28.2285,27.5456,27.5609,24883300.0
2014-12-16,27.5149,28.006,27.2847,27.2847,27199100.0
2014-12-17,27.3308,27.8755,27.1082,27.8065,26682200.0
2014-12-18,28.2131,28.405,27.9523,28.405,26495400.0
2014-12-19,28.405,28.5124,27.7988,27.9062,46880000.0
2014-12-22,27.9753,28.5891,27.9216,28.5507,22601900.0
2014-12-23,28.6965,28.9267,28.6198,28.7195,17095800.0
2014-12-24,28.7502,28.85,28.5277,28.7272,10183000.0
2014-12-26,28.8193,28.9651,28.7886,28.8116,8869300.0
2014-12-29,28.7195,28.7886,28.5201,28.5277,10105900.0
2014-12-30,28.451,28.5354,28.2055,28.2055,12719200.0
2014-12-31,28.1057,28.4203,27.8448,27.8448,16942000.0
2015-01-02,28.1364,28.5124,27.7067,27.8986,20479400.0
2015-01-05,27.7758,27.9676,27.5763,27.584,23787000.0
2015-01-06,27.6837,27.7988,27.0545,27.0699,26741200.0
2015-01-07,27.3001,27.676,27.0622,27.6377,23389100.0
2015-01-08,27.9062,28.3896,27.8218,28.1518,23445600.0
2015-01-09,28.2055,28.474,27.9292,28.2055,19887500.0
2015-01-12,28.2669,28.3896,27.7988,28.0827,21679900.0
2015-01-13,28.2899,28.7656,27.8448,28.006,28080300.0
2015-01-14,27.8142,28.3206,27.5533,27.8909,30797000.0
2015-01-15,28.0213,28.2975,27.6453,27.7681,36309000.0
2015-01-16,27.6991,28.1287,27.2464,27.9676,55152000.0
2015-01-20,27.6453,27.9753,27.2847,27.6914,29351700.0
2015-01-21,27.5072,28.1441,27.4459,27.9906,21361700.0
2015-01-22,28.052,28.3896,27.7297,28.3206,24781000.0
2015-01-23,28.4126,28.4126,27.9139,27.9676,22421400.0
2015-01-26,27.7681,27.8525,27.2924,27.4689,27669000.0
2015-01-27,26.3947,26.6402,25.7425,26.2335,52397100.0
2015-01-28,26.433,26.6249,25.8729,25.9113,29484400.0
2015-01-29,25.9573,26.3026,25.6734,26.2489,25600500.0
2015-01-30,25.8576,26.0801,25.3205,25.3512,31905400.0
2015-02-02,25.3665,25.8959,25.0519,25.8192,34881200.0
2015-02-03,25.8962,26.128,25.4325,25.8576,29744500.0
2015-02-04,26.0199,26.1512,25.7339,25.9658,21585500.0
2015-02-05,26.0276,26.2671,25.8421,26.2285,17538100.0
2015-02-06,26.2285,26.2749,25.6103,25.7339,25050000.0
2015-02-09,25.5098,25.6876,25.2471,25.448,25480700.0
2015-02-10,25.6566,26.0662,25.5407,26.043,17506100.0
2015-02-11,26.0585,26.0894,25.7494,25.9271,15955200.0
2015-02-12,26.2517,26.3753,26.0894,26.3753,16516600.0
2015-02-13,26.4294,26.5608,26.2285,26.5531,14878200.0
2015-02-17,26.6226,26.8545,26.4758,26.839,15772300.0
2015-02-18,26.7772,26.8236,26.4217,26.4835,17661600.0
2015-02-19,26.4681,26.5994,26.3135,26.4372,9475200.0
2015-02-20,26.4217,26.7154,26.2053,26.5917,17590100.0
2015-02-23,26.584,26.6613,25.9503,26.0894,21696200.0
2015-02-24,25.9735,26.6535,25.8962,26.5917,24747300.0
2015-02-25,26.2981,26.3908,26.0662,26.2362,22187800.0
2015-02-26,25.9812,26.1821,25.8344,26.0044,22817100.0
2015-02-27,25.9889,26.0044,25.6644,25.6953,18221500.0
2015-03-02,25.7262,26.3753,25.5948,26.3212,21334300.0
2015-03-03,26.2362,26.5685,26.2053,26.3444,23301800.0
2015-03-04,26.1435,26.5917,26.0585,26.3676,19815800.0
2015-03-05,26.4835,26.6613,25.958,26.0662,17630800.0
2015-03-06,25.9194,26.0276,25.5639,25.6489,27397600.0
2015-03-09,25.6566,25.7107,25.1002,25.2857,28230400.0
2015-03-10,24.9148,25.0461,24.3429,24.4975,44557600.0
2015-03-11,24.7061,25.4712,24.6907,24.9843,41921500.0
2015-03-12,23.9565,24.4202,23.6319,23.8019,91934100.0
2015-03-13,23.6706,23.941,23.4619,23.9024,42895700.0
2015-03-16,23.9024,24.0415,23.686,23.8251,28545200.0
2015-03-17,23.6397,23.7479,23.5006,23.6397,26121600.0
2015-03-18,23.5006,24.1111,23.4156,23.8715,31749500.0
2015-03-19,23.7942,24.0338,23.7169,23.7556,22229700.0
2015-03-20,23.9642,24.4356,23.9024,24.1961,37008600.0
2015-03-23,24.1806,24.567,24.1111,24.1111,20580000.0
2015-03-24,24.0261,24.2038,23.7556,23.7942,23015600.0
2015-03-25,23.8097,23.8715,23.0755,23.0987,33430200.0
2015-03-26,22.7973,23.4928,22.6505,23.2455,40298000.0
2015-03-27,23.1914,25.5021,23.0678,24.7293,65712500.0
2015-03-30,24.4665,24.8066,24.1883,24.312,45179100.0
2015-03-31,24.2888,24.6752,24.1111,24.1652,25497700.0
2015-04-01,24.057,24.2038,23.686,23.8097,27870900.0
2015-04-02,23.8019,24.1342,23.7015,23.8097,18380800.0
2015-04-06,23.8097,24.1497,23.5315,23.9874,18193700.0
2015-04-07,24.0106,24.4125,23.9565,24.1574,19878400.0
2015-04-08,24.1342,24.3893,24.0029,24.1961,15296100.0
2015-04-09,23.7092,24.4356,23.6242,24.142,29531400.0
2015-04-10,24.2115,24.6829,24.2115,24.6752,24238900.0
2015-04-13,24.5825,24.7679,24.5052,24.5206,20023600.0
2015-04-14,24.482,24.6829,24.1652,24.3352,31000500.0
2015-04-15,24.9225,25.4944,24.7757,25.3707,53438100.0
2015-04-16,25.363,25.4944,25.2625,25.4016,25910000.0
2015-04-17,25.1234,25.2702,24.8993,25.0925,26356000.0
2015-04-20,25.2471,25.3398,25.1389,25.2934,14748900.0
2015-04-21,25.448,25.4789,24.9457,25.0616,16838100.0
2015-04-22,25.0461,25.2857,24.7525,25.2702,17403700.0
2015-04-23,24.7602,25.0461,24.737,24.9998,19639300.0
2015-04-24,25.0925,25.1002,24.7448,24.7911,20118600.0
2015-04-27,24.7911,25.2625,24.7911,25.1157,21462000.0
2015-04-28,24.9611,25.533,24.907,25.5175,24832000.0
2015-04-29,25.1621,25.5021,25.1543,25.4094,19395700.0
2015-04-30,25.278,25.3862,24.9534,25.1543,17344100.0
2015-05-01,25.2702,25.8808,25.2084,25.8267,24022800.0
2015-05-04,25.7254,25.8889,25.6709,25.8344,17242000.0
2015-05-05,25.6865,25.7643,25.344,25.4063,26032200.0
2015-05-06,25.2973,25.523,24.8536,25.0794,27154700.0
2015-05-07,25.1183,25.3985,25.0482,25.0949,18110200.0
2015-05-08,25.2973,25.5931,25.1728,25.5308,23019100.0
2015-05-11,25.4374,25.4608,25.2428,25.4452,15720600.0
2015-05-12,25.2506,25.2973,24.9081,25.1027,21756700.0
2015-05-13,25.1183,25.6087,25.1183,25.4063,17327700.0
2015-05-14,25.5697,25.7877,25.5075,25.6631,17662100.0
2015-05-15,25.7332,25.7799,25.4919,25.6787,14722200.0
2015-05-18,25.6709,26.0056,25.5697,26.0056,18988200.0
2015-05-19,25.9667,25.9823,25.6787,25.8033,16770600.0
2015-05-20,25.7332,26.0757,25.6943,25.9745,18519200.0
2015-05-21,25.85,26.1224,25.741,26.1146,17376800.0
2015-05-22,26.0601,26.0835,25.9356,26.0368,14398900.0
2015-05-26,25.8967,25.9122,25.562,25.7721,23244300.0
2015-05-27,25.8266,26.3481,25.7877,26.2391,21237400.0
2015-05-28,26.2625,26.5816,26.2158,26.4727,23236400.0
2015-05-29,26.6517,27.0487,26.6283,26.8229,32969800.0
2015-06-01,26.7529,26.9241,26.2158,26.3948,42924021.0
2015-06-02,26.1847,26.2703,25.7955,25.8967,33249425.0
2015-06-03,25.8188,25.8733,25.3674,25.4763,34718916.0
2015-06-04,25.3051,25.4685,25.0638,25.1494,30603011.0
2015-06-05,25.1261,25.1416,24.7758,24.7836,25217317.0
2015-06-08,24.7602,24.8692,24.2932,24.3632,34832129.0
2015-06-09,24.3866,24.6435,24.2465,24.3243,31171269.0
2015-06-10,24.4722,25.0327,24.4177,24.768,29959444.0
2015-06-11,24.8692,24.986,24.7836,24.7914,21073208.0
2015-06-12,24.6902,24.986,24.2854,24.3788,28443785.0
2015-06-15,24.2231,24.5267,24.083,24.4333,20979245.0
2015-06-16,24.3321,24.7213,24.2309,24.6279,18552053.0
2015-06-17,24.7057,24.9782,24.6668,24.8692,24731388.0
2015-06-18,24.9704,25.2973,24.9081,25.2039,24544513.0
2015-06-19,25.2195,25.3518,24.877,24.9626,29606423.0
2015-06-22,25.1105,25.2117,24.9704,25.1105,21425582.0
2015-06-23,25.1494,25.1728,24.8536,24.9782,16061288.0
2015-06-24,25.0249,25.0249,24.8147,24.8381,16980034.0
2015-06-25,24.9237,25.1572,24.9003,24.9003,19916607.0
2015-06-26,24.5267,24.5423,23.9429,24.1453,43032681.0
2015-06-29,23.8962,24.1142,23.5849,23.6549,31865833.0
2015-06-30,23.8417,23.8884,23.4681,23.6705,29255459.0
2015-07-01,23.6705,23.7795,23.3591,23.4915,24087122.0
2015-07-02,23.4915,24.0675,23.4292,23.7795,23205362.0
2015-07-06,23.5382,23.7016,23.2268,23.3825,26923807.0
2015-07-07,23.2502,23.2969,22.643,23.2735,39528246.0
2015-07-08,22.8843,23.0945,22.6897,22.9622,41708701.0
2015-07-09,23.1412,23.2657,22.4329,22.5185,42973109.0
2015-07-10,22.7287,22.8454,22.5263,22.7053,28392486.0
2015-07-13,22.7754,23.2112,22.7209,23.1412,23003737.0
2015-07-14,23.0322,23.437,22.9155,23.0789,35566944.0
2015-07-15,23.0789,23.3436,22.931,23.1101,33507811.0
2015-07-16,23.7172,23.725,22.6508,23.2735,74406885.0
2015-07-17,23.0945,23.1957,22.6508,22.9388,39547878.0
2015-07-20,23.0556,23.0556,22.6197,22.6508,29869641.0
2015-07-21,22.6197,22.7754,22.3161,22.355,38637884.0
2015-07-22,22.2461,22.4562,22.1293,22.2694,33871058.0
2015-07-23,22.3239,22.5496,22.1293,22.2538,30452263.0
2015-07-24,22.285,22.2928,21.8413,21.8413,28178369.0
2015-07-27,21.8024,22.1215,21.4988,22.067,33098574.0
2015-07-28,22.1916,22.7131,22.1371,22.5418,29216800.0
2015-07-29,22.5341,22.6742,22.4095,22.5808,23485530.0
2015-07-30,22.6508,22.9232,22.4562,22.5029,24517109.0
2015-07-31,22.6664,22.6664,22.394,22.5341,23731567.0
2015-08-03,22.573,22.8454,22.4951,22.6119,24573312.0
2015-08-04,22.5564,22.6899,22.4623,22.6742,22775308.0
2015-08-05,22.9096,23.0666,22.7762,22.8547,21082127.0
2015-08-06,22.8861,22.941,22.6349,22.7683,25538679.0
2015-08-07,22.6035,22.7291,22.5172,22.6663,23450522.0
2015-08-10,22.8154,23.2942,22.8076,23.2628,19543709.0
2015-08-11,23.1215,23.1372,22.7291,22.737,20913280.0
2015-08-12,22.5094,23.2079,22.4937,23.1215,29997251.0
2015-08-13,23.0744,23.1137,22.6585,22.6585,16364020.0
2015-08-14,22.6977,22.7919,22.6192,22.7762,12575785.0
2015-08-17,22.6742,22.9175,22.5329,22.8233,12914153.0
2015-08-18,22.7213,22.7997,22.6035,22.6899,17116126.0
2015-08-19,22.4858,22.6035,22.1954,22.2582,27173448.0
2015-08-20,22.0227,22.164,21.6068,21.6068,27954145.0
2015-08-21,21.4498,21.6853,20.8455,20.8455,46464415.0
2015-08-24,19.7781,21.6853,19.5191,20.6022,76377669.0
2015-08-25,21.2222,21.3085,20.3039,20.3039,51386451.0
2015-08-26,20.8298,21.4577,20.4688,21.4263,41728672.0
2015-08-27,21.7559,21.905,21.1987,21.7559,34034598.0
2015-08-28,21.6696,22.4544,21.5675,22.3053,37463822.0
2015-08-31,22.2896,22.8625,22.1012,22.3995,35131405.0
2015-09-01,21.905,22.1091,21.7088,21.8344,39333719.0
2015-09-02,22.2504,22.4466,22.0855,22.4466,30124077.0
2015-09-03,22.6035,23.0901,22.5172,22.8233,34372618.0
2015-09-04,22.423,22.682,22.2974,22.3838,24591720.0
2015-09-08,22.7448,23.1529,22.7213,23.1529,23838241.0
2015-09-09,23.3256,23.6395,22.8939,22.9489,27783655.0
2015-09-10,22.9018,23.2785,22.6742,22.9724,21613577.0
2015-09-11,22.8233,23.1686,22.7919,23.1294,18681726.0
2015-09-14,23.1294,23.1765,22.8311,23.0666,19096518.0
2015-09-15,23.1922,23.4983,23.1372,23.3334,26262967.0
2015-09-16,23.2628,23.3805,23.0744,23.3648,19381371.0
2015-09-17,23.3099,23.7023,23.1922,23.3177,26447424.0
2015-09-18,22.9881,23.0901,22.6035,22.7762,37492109.0
2015-09-21,22.8233,23.0273,22.7134,22.8861,18937066.0
2015-09-22,22.5015,22.682,22.3524,22.5015,21279766.0
2015-09-23,22.7762,22.8311,22.4387,22.5564,23201221.0
2015-09-24,22.2739,22.5015,21.8736,22.3524,28813395.0
2015-09-25,22.6977,22.8547,22.4701,22.6114,26223525.0
2015-09-28,22.5094,23.043,22.478,22.5721,31404420.0
2015-09-29,22.6271,23.0352,22.5721,22.9489,31381955.0
2015-09-30,23.2,23.7965,23.1843,23.6552,33978248.0
2015-10-01,23.7102,23.7651,23.1215,23.5453,26725663.0
2015-10-02,23.2863,23.9613,23.1765,23.9456,24498134.0
2015-10-05,24.1183,24.6284,23.9849,24.495,27722042.0
2015-10-06,24.4558,24.9973,24.4165,24.911,31096679.0
2015-10-07,25.115,25.4447,24.8953,25.3583,34125676.0
2015-10-08,25.2956,25.5859,25.0993,25.5232,24003858.0
2015-10-09,25.4054,25.5467,25.0679,25.2249,20889964.0
2015-10-12,25.2406,25.3662,25.115,25.2799,16508495.0
2015-10-13,25.17,25.4918,25.0993,25.1464,26031186.0
2015-10-14,24.6363,25.8449,24.2125,25.7429,71192031.0
2015-10-15,25.7743,25.947,25.4761,25.7037,32868600.0
2015-10-16,25.7037,26.0568,25.4918,25.9313,24677859.0
2015-10-19,25.8057,26.3865,25.7979,26.3629,25999419.0
2015-10-20,26.2138,26.4493,26.1432,26.2452,21928360.0
2015-10-21,26.4257,26.724,26.151,26.1903,30016421.0
2015-10-22,26.4257,27.0771,26.3629,26.9987,31829790.0
2015-10-23,27.1085,27.4774,26.9987,27.3911,33905383.0
2015-10-26,27.2891,27.4382,27.1164,27.1478,19771950.0
2015-10-27,27.0065,27.1164,26.928,27.0536,18845765.0
2015-10-28,27.0536,27.242,26.7789,27.242,19412228.0
2015-10-29,26.8495,26.9123,26.5042,26.7083,19148023.0
2015-10-30,26.7632,26.9123,26.5748,26.5748,20254622.0
2015-11-02,26.4728,26.9045,26.4022,26.7711,19355297.0
2015-11-03,26.7146,27.0071,26.6672,26.928,14637368.0
2015-11-04,27.0861,27.0861,26.7937,26.9913,16247727.0
2015-11-05,26.9517,27.0308,26.6593,26.8727,13257852.0
2015-11-06,26.8174,26.849,26.4064,26.7462,20901604.0
2015-11-09,26.5566,26.7383,26.1456,26.359,20404229.0
2015-11-10,26.2167,26.2957,25.9322,26.2483,19317715.0
2015-11-11,26.2088,26.3827,25.9243,25.9717,16706029.0
2015-11-12,25.9005,26.0191,25.6002,25.6081,18602003.0
2015-11-13,25.5686,25.5923,25.2603,25.3789,19906160.0
2015-11-16,25.3631,25.4975,25.2366,25.371,25152911.0
2015-11-17,25.4421,25.9875,25.2999,25.7978,19362492.0
2015-11-18,25.8689,26.2799,25.782,26.2088,15942391.0
2015-11-19,26.2562,27.4497,26.1851,27.1098,39921562.0
2015-11-20,27.2679,27.8923,27.2521,27.3943,32421785.0
2015-11-23,27.426,27.5445,27.1968,27.2521,16116391.0
2015-11-24,27.1177,27.2205,26.7937,27.1572,19149363.0
2015-11-25,27.0782,27.4576,26.9834,27.2284,13205168.0
2015-11-27,27.2995,27.4102,27.1889,27.2363,5700936.0
2015-11-30,27.2995,27.584,27.2126,27.4813,15141076.0
2015-12-01,27.6631,27.8211,27.4339,27.7342,19251062.0
2015-12-02,27.7342,27.9871,27.505,27.5287,15440136.0
2015-12-03,27.6394,27.6552,26.8727,26.9043,23147192.0
2015-12-04,26.9596,27.6868,26.8727,27.6157,20815857.0
2015-12-07,27.4971,27.7974,27.4655,27.6473,13957912.0
2015-12-08,27.4023,27.6236,27.2047,27.4655,11426775.0
2015-12-09,27.5682,27.837,27.2758,27.5129,18208276.0
2015-12-10,27.5445,27.7184,27.3943,27.4813,13086101.0
2015-12-11,27.173,27.3864,27.0308,27.0861,17205125.0
2015-12-14,27.1809,27.2521,26.7779,27.2442,16082370.0
2015-12-15,27.3864,27.9397,27.3706,27.8053,20838200.0
2015-12-16,27.9476,28.0346,27.4813,27.9002,20040920.0
2015-12-17,27.916,27.9555,27.4734,27.5919,21781335.0
2015-12-18,27.3864,27.4655,26.762,26.77,25150044.0
2015-12-21,26.9596,27.1098,26.7225,27.0624,13794900.0
2015-12-22,27.1572,27.4892,27.0861,27.4497,15142896.0
2015-12-23,27.6236,27.7026,27.4892,27.6631,9652397.0
2015-12-24,27.7105,27.8686,27.6315,27.6473,4889841.0
2015-12-28,27.6236,27.6631,27.3232,27.6077,8091297.0
2015-12-29,27.671,28.1294,27.671,28.0108,11668615.0
2015-12-30,27.9634,28.0187,27.6157,27.6552,8890646.0
2015-12-31,27.5208,27.6315,27.2205,27.2284,10447152.0
2016-01-04,26.7779,26.8806,26.4459,26.8648,21798453.0
2016-01-05,26.8411,26.8727,26.5012,26.7383,14302196.0
2016-01-06,26.2799,26.4933,25.9243,26.1456,22198034.0
2016-01-07,25.5133,26.0902,25.1655,25.1655,29986007.0
2016-01-08,25.3631,25.4658,24.8414,24.9047,26221416.0
2016-01-11,25.1023,25.4658,25.039,25.3394,23503193.0
2016-01-12,25.8926,25.9954,25.5054,25.8294,24466732.0
2016-01-13,25.8768,26.027,25.1576,25.2208,29600408.0
2016-01-14,25.3552,25.9796,25.1339,25.8768,39098034.0
2016-01-15,23.4978,24.1064,23.2765,23.5215,64845905.0
2016-01-19,23.6954,23.7586,23.3002,23.5531,24319267.0
2016-01-20,23.1975,23.6085,23.0868,23.3872,35427135.0
2016-01-21,23.4662,23.7349,23.1105,23.4425,26168947.0
2016-01-22,23.8061,23.9009,23.3239,23.6559,20878251.0
2016-01-25,23.7033,23.8851,23.3713,23.3951,21724685.0
2016-01-26,23.482,23.7507,23.403,23.6638,20591824.0
2016-01-27,23.6164,23.8851,23.4267,23.561,21200849.0
2016-01-28,23.7349,23.8535,23.5136,23.6875,19214104.0
2016-01-29,23.9404,24.5253,23.7902,24.5174,27277008.0
2016-02-01,24.2803,24.5964,24.217,24.3593,16006899.0
2016-02-02,24.0076,24.1033,23.4176,23.5531,20695205.0
2016-02-03,23.6568,23.6967,22.7399,23.3937,38741621.0
2016-02-04,23.2342,23.8242,23.2103,23.7365,25934654.0
2016-02-05,23.585,23.7285,23.0508,23.1545,22461292.0
2016-02-08,22.9153,23.1066,22.5644,22.9791,23140113.0
2016-02-09,22.7159,23.2422,22.6521,22.9711,20439676.0
2016-02-10,23.0269,23.1226,22.4767,22.5086,24646469.0
2016-02-11,22.1897,22.6521,22.0701,22.5007,24789670.0
2016-02-12,22.7957,22.8834,22.4369,22.8355,16539157.0
2016-02-16,22.9232,23.0827,22.6123,22.9472,26264734.0
2016-02-17,23.0508,23.6169,22.9073,23.4973,23026931.0
2016-02-18,23.5372,23.7285,23.4256,23.4575,17674970.0
2016-02-19,23.282,23.3857,22.8913,22.8913,35000361.0
2016-02-22,23.2342,23.5531,23.1226,23.4016,18585575.0
2016-02-23,23.3618,23.4016,22.8036,22.9631,19439933.0
2016-02-24,22.7399,23.3618,22.6203,23.2741,18778936.0
2016-02-25,23.3777,23.6169,23.0827,23.6169,15424613.0
2016-02-26,23.8242,23.9837,23.6807,23.7604,17066238.0
2016-02-29,23.6967,24.0315,23.585,23.593,15049511.0
2016-03-01,23.8641,24.3425,23.7206,24.2149,22443589.0
2016-03-02,24.1591,24.6136,24.0156,24.3505,20711442.0
2016-03-03,24.8209,24.9963,24.3505,24.3824,22132225.0
2016-03-04,24.3186,24.6056,23.9598,24.4222,17255977.0
2016-03-07,24.3983,24.8129,24.3186,24.6694,15969404.0
2016-03-08,24.6056,24.6216,24.2229,24.3664,15494569.0
2016-03-09,24.5817,24.7491,24.4541,24.6136,12575703.0
2016-03-10,24.8289,25.0362,24.2229,24.9166,26202145.0
2016-03-11,25.2514,25.3471,25.1398,25.3232,18349100.0
2016-03-14,25.2594,25.2674,24.9564,25.0601,14272871.0
2016-03-15,24.9883,25.2355,24.7651,25.2355,14019912.0
2016-03-16,25.084,25.3551,24.8528,25.2674,19786979.0
2016-03-17,25.3232,25.6501,25.2754,25.4986,18589142.0
2016-03-18,25.674,26.0647,25.5624,26.0567,34999912.0
2016-03-21,25.698,25.8494,25.4747,25.7857,17419869.0
2016-03-22,25.6421,25.8813,25.4747,25.7697,14134481.0
2016-03-23,25.8893,25.8893,25.4986,25.5146,14393926.0
2016-03-24,25.4109,25.4747,25.2754,25.4189,10852796.0
2016-03-28,25.395,25.5146,25.2116,25.4348,8857107.0
2016-03-29,25.4588,25.8654,25.2913,25.8176,12251781.0
2016-03-30,25.8734,26.1126,25.7378,26.0807,13153880.0
2016-03-31,26.0009,26.0408,25.7617,25.7936,13122049.0
2016-04-01,25.7298,25.8893,25.5943,25.8734,14370400.0
2016-04-04,25.674,25.8176,25.3073,25.5146,18538262.0
2016-04-05,25.4269,25.6102,25.2913,25.4348,17587453.0
2016-04-06,25.4906,25.698,25.3312,25.5784,13324525.0
2016-04-07,25.4269,25.4348,24.9963,25.1558,20294683.0
2016-04-08,25.3232,25.5305,25.1,25.2196,13621647.0
2016-04-11,25.4348,25.7857,25.2435,25.2514,17071814.0
2016-04-12,25.4029,25.4667,25.0202,25.4029,14867774.0
2016-04-13,25.5225,25.6581,25.4747,25.6182,17436008.0
2016-04-14,25.3392,25.4269,25.1558,25.3551,18830749.0
2016-04-15,25.3471,25.4269,25.0202,25.084,24288036.0
2016-04-18,25.0601,25.2913,25.0202,25.2355,18335944.0
2016-04-19,25.2754,25.3631,25.0362,25.1956,26034424.0
2016-04-20,25.0122,25.7219,24.9166,25.5146,51338172.0
2016-04-21,25.4667,25.5624,25.3631,25.4906,25246990.0
2016-04-22,25.3073,25.4029,24.8926,25.2275,23261348.0
2016-04-25,25.0043,25.1159,24.8687,25.0282,15969851.0
2016-04-26,25.0282,25.2754,24.8528,25.0362,17724073.0
2016-04-27,24.9166,25.3551,24.8687,25.3152,16622446.0
2016-04-28,25.076,25.2833,24.7412,24.8049,21860034.0
2016-04-29,24.6056,24.6136,23.9996,24.1432,30754641.0
2016-05-02,24.2787,24.4701,24.2069,24.4063,18513375.0
2016-05-03,24.2472,24.3678,23.9898,24.2069,24499652.0
2016-05-04,24.2632,24.2874,23.8853,24.0059,20558890.0
2016-05-05,24.022,24.1426,23.9255,24.0461,18251097.0
2016-05-06,23.8129,24.215,23.7405,24.1587,17053444.0
2016-05-09,24.1909,24.2632,23.9335,23.9657,13198765.0
2016-05-10,24.1265,24.2713,23.9818,24.2391,14344051.0
2016-05-11,24.2552,24.3276,24.1024,24.1748,13333488.0
2016-05-12,24.1828,24.3195,23.7807,23.9335,17787360.0
2016-05-13,24.0139,24.2874,23.9978,24.0541,17539702.0
2016-05-16,24.0461,24.5769,24.03,24.4402,16209400.0
2016-05-17,24.5769,24.5849,24.0139,24.1104,21649112.0
2016-05-18,24.1506,24.3276,23.9496,24.1185,20429814.0
2016-05-19,23.9416,24.0702,23.7244,23.829,19077825.0
2016-05-20,23.9013,24.4321,23.8853,24.2472,19887426.0
2016-05-23,24.3115,24.5206,24.2311,24.3115,12705533.0
2016-05-24,24.5286,25.0272,24.4884,24.979,19905335.0
2016-05-25,25.0916,25.3891,25.0514,25.2444,15114976.0
2016-05-26,25.3007,25.4374,25.2524,25.3248,11105530.0
2016-05-27,25.4133,25.4535,25.2926,25.3891,10064465.0
2016-05-31,25.3409,25.4535,25.18,25.4052,13858160.0
2016-06-01,25.4294,25.5098,25.3087,25.4615,14967376.0
2016-06-02,25.3811,25.5419,25.2926,25.5419,11600274.0
2016-06-03,25.5098,25.5259,25.2444,25.4294,13784617.0
2016-06-06,25.4454,25.5902,25.3972,25.4776,13583711.0
2016-06-07,25.5339,25.751,25.4937,25.6385,16823423.0
2016-06-08,25.5741,25.735,25.5661,25.6465,10253178.0
2016-06-09,25.4776,25.735,25.4776,25.6867,9752537.0
2016-06-10,25.4937,25.928,25.4535,25.7671,31287635.0
2016-06-13,25.7752,26.1371,25.7671,25.8717,19887468.0
2016-06-14,25.743,25.928,25.5661,25.8475,16300904.0
2016-06-15,25.936,25.9441,25.4052,25.4213,18910443.0
2016-06-16,25.2846,25.55,25.1077,25.4856,15432525.0
2016-06-17,25.5178,25.5822,25.3087,25.5419,18350922.0
2016-06-20,25.7913,26.0888,25.751,25.8717,16971610.0
2016-06-21,25.9119,26.0406,25.8073,25.9923,12478879.0
2016-06-22,25.9762,26.2416,25.936,25.9682,15388639.0
2016-06-23,26.2014,26.5392,26.1371,26.5311,19167027.0
2016-06-24,25.5741,25.9923,25.2524,25.3731,28557560.0
2016-06-27,25.2605,25.2605,24.4804,24.7056,29604615.0
2016-06-28,24.8744,25.0916,24.7779,25.0835,19189401.0
2016-06-29,25.2042,25.7189,25.18,25.6787,18817166.0
2016-06-30,25.735,26.4427,25.7108,26.3783,28647689.0
2016-07-01,26.2255,26.4507,26.1129,26.3381,14281416.0
2016-07-05,26.1371,26.322,26.0969,26.2818,15803369.0
2016-07-06,26.3783,26.5392,26.0406,26.515,17802845.0
2016-07-07,26.507,26.9815,26.507,26.7,21030295.0
2016-07-08,27.0619,27.3434,26.9413,27.3434,19905735.0
2016-07-11,27.3836,27.7455,27.3756,27.649,20739151.0
2016-07-12,27.7535,28.1235,27.7294,28.0994,23606333.0
2016-07-13,28.1717,28.3487,28.0511,28.1557,24994658.0
2016-07-14,28.2924,28.3889,28.1154,28.3085,21263944.0
2016-07-15,28.2763,28.3808,28.0672,28.2039,18726921.0
2016-07-18,28.2924,28.3085,28.1074,28.1878,14708458.0
2016-07-19,28.0672,28.2763,28.027,28.2682,14778116.0
2016-07-20,28.3889,28.8955,28.1959,28.7025,33979639.0
2016-07-21,27.6088,27.7375,27.2308,27.5605,56167713.0
2016-07-22,27.649,27.9063,27.5525,27.8742,29990162.0
2016-07-25,27.8018,27.9546,27.8018,27.8983,17554203.0
2016-07-26,27.9466,28.3326,27.9063,28.22,23482480.0
2016-07-27,28.1476,28.3728,27.85,28.0109,19985101.0
2016-07-28,28.0109,28.0109,27.7616,27.9626,13690272.0
2016-07-29,27.9626,28.0833,27.8259,28.035,11884493.0
2016-08-01,27.9787,28.0752,27.7938,28.027,14460181.0
2016-08-02,27.9963,28.0449,27.5993,27.7938,15992154.0
2016-08-03,27.6641,27.7775,27.5426,27.7532,15325728.0
2016-08-04,27.7856,28.0531,27.7289,28.0206,13130595.0
2016-08-05,28.1989,28.4663,28.1179,28.3448,16481209.0
2016-08-08,28.2799,28.4987,28.2475,28.3934,15526644.0
2016-08-09,28.3934,28.4906,28.2313,28.2961,11022916.0
2016-08-10,28.3772,28.3772,27.9558,27.9801,17380554.0
2016-08-11,28.0855,28.1503,27.9477,28.1017,14835228.0
2016-08-12,27.9801,28.1665,27.9072,28.0125,13551022.0
2016-08-15,28.1098,28.4906,28.0612,28.288,16174340.0
2016-08-16,28.1746,28.5311,28.1746,28.5311,13791795.0
2016-08-17,28.4906,28.5311,28.1746,28.3772,15065164.0
2016-08-18,28.3286,28.4339,28.1584,28.3367,12972858.0
2016-08-19,28.2313,28.5798,28.1422,28.5554,14472668.0
2016-08-22,28.523,28.7256,28.4582,28.6527,12222262.0
2016-08-23,28.7661,28.9201,28.6041,28.6851,15080010.0
2016-08-24,28.6203,28.6932,28.3772,28.4825,12145784.0
2016-08-25,28.3934,28.5392,28.2718,28.4339,10713896.0
2016-08-26,28.4501,28.831,28.4015,28.5717,12564583.0
2016-08-29,28.7499,28.9039,28.4825,28.8066,11841248.0
2016-08-30,28.8229,28.9606,28.7823,28.9282,12420714.0
2016-08-31,28.8634,29.0903,28.831,29.0822,15543632.0
2016-09-01,29.1632,29.2037,28.831,29.1875,16469488.0
2016-09-02,29.3252,29.4387,29.1308,29.2361,14061258.0
2016-09-06,29.4792,29.6575,29.309,29.6332,17588430.0
2016-09-07,29.617,29.698,29.4792,29.544,15774349.0
2016-09-08,29.4549,29.6494,29.2685,29.5278,16491347.0
2016-09-09,29.2523,29.4873,28.7175,28.7175,23962467.0
2016-09-12,28.5149,29.2685,28.4096,29.2361,18266934.0
2016-09-13,28.9849,29.074,28.6203,28.8553,19474752.0
2016-09-14,28.7742,29.0254,28.677,28.8634,12281980.0
2016-09-15,28.8796,29.698,28.7985,29.6251,19711633.0
2016-09-16,30.5731,30.8324,30.1842,30.5245,55102480.0
2016-09-19,30.5407,30.8081,30.0545,30.1112,24931454.0
2016-09-20,30.3219,30.33,29.933,30.095,18699260.0
2016-09-21,30.168,30.3543,29.8682,30.3462,17063185.0
2016-09-22,30.4678,30.6542,30.3381,30.4273,14550929.0
2016-09-23,30.4921,30.5083,30.0788,30.1356,14348851.0
2016-09-26,29.9168,29.933,29.6575,29.698,19846608.0
2016-09-27,29.7628,30.1599,29.6818,30.1275,16251104.0
2016-09-28,30.2328,30.3868,30.1031,30.3381,11074098.0
2016-09-29,30.3462,30.4111,29.9816,30.2409,15605625.0
2016-09-30,30.3624,30.7271,30.3381,30.5893,17564045.0
2016-10-03,30.5407,30.7514,30.4111,30.5164,11503843.0
2016-10-04,30.6055,30.7433,30.249,30.4192,11714845.0
2016-10-05,30.6136,31.0431,30.5002,30.7838,17904661.0
2016-10-06,30.6623,30.9216,30.4435,30.8486,12337095.0
2016-10-07,30.9054,30.9702,30.6136,30.8729,11573014.0
2016-10-10,30.9945,31.0836,30.7109,30.8081,11702699.0
2016-10-11,30.719,30.7919,29.8357,30.2004,22657914.0
2016-10-12,30.1437,30.1842,29.8276,30.0869,11709965.0
2016-10-13,29.8601,30.0869,29.544,29.9573,14170382.0
2016-10-14,30.1356,30.5488,30.1031,30.3462,15349520.0
2016-10-17,30.4273,30.565,30.1761,30.2166,12875561.0
2016-10-18,30.7676,30.8324,30.4111,30.5893,28767627.0
2016-10-19,29.2361,29.2442,28.5473,28.7742,63240200.0
2016-10-20,28.7175,28.9039,28.442,28.7094,22175144.0
2016-10-21,28.5149,28.6851,28.207,28.4825,17192743.0
2016-10-24,28.7094,28.758,28.4501,28.5717,16971500.0
2016-10-25,28.4744,28.5636,28.3691,28.442,13631600.0
2016-10-26,28.3934,28.5311,28.1503,28.2961,16974257.0
2016-10-27,28.442,28.5473,28.1584,28.207,12240146.0
2016-10-28,28.2637,28.4987,28.126,28.1503,15463389.0
2016-10-31,28.3124,28.4258,28.2313,28.2556,13845819.0
2016-11-01,28.2799,28.4906,27.7694,27.972,20765306.0
2016-11-02,28.0368,28.2818,27.9307,28.0368,16065097.0
2016-11-03,28.1267,28.1838,27.6531,27.7021,15548818.0
2016-11-04,27.3755,27.7021,27.2857,27.4408,17617407.0
2016-11-07,27.9552,28.3716,27.8817,28.3226,15790924.0
2016-11-08,28.2491,28.5349,28.1593,28.3634,12009434.0
2016-11-09,27.645,28.4532,27.4898,28.3716,22204279.0
2016-11-10,28.5349,28.5349,27.7756,28.1675,23863539.0
2016-11-11,28.2246,28.4696,28.0368,28.2573,18245520.0
2016-11-14,28.2165,28.3553,27.9225,28.1511,18529476.0
2016-11-15,28.2818,28.8125,28.2573,28.5022,16804791.0
2016-11-16,28.4941,28.5104,28.2001,28.4451,13700961.0
2016-11-17,28.4859,28.592,28.2736,28.592,12627611.0
2016-11-18,28.5349,28.5757,28.2818,28.5349,11731065.0
2016-11-21,28.6573,28.739,28.4451,28.5594,11812941.0
2016-11-22,28.7227,28.9839,28.6655,28.9676,16654692.0
2016-11-23,28.9676,29.0003,28.6573,28.739,12710461.0
2016-11-25,28.6655,28.9431,28.6655,28.9349,4561614.0
2016-11-28,28.8696,29.1146,28.7472,28.9921,9725058.0
2016-11-29,29.0982,29.0982,28.7961,28.8288,16673915.0
2016-11-30,28.739,28.8206,28.3308,28.3308,19058300.0
2016-12-01,28.4614,28.5186,27.4,27.5633,25035357.0
2016-12-02,27.5306,27.9715,27.4327,27.8899,18216690.0
2016-12-05,28.0287,28.1022,27.7266,28.0777,10852250.0
2016-12-06,28.0777,28.3716,28.0042,28.3471,11628855.0
2016-12-07,28.3063,29.0411,28.1267,28.9839,17343064.0
2016-12-08,28.9676,29.4166,28.7553,29.1472,17465293.0
2016-12-09,29.188,29.3105,29.0574,29.1962,13873265.0
2016-12-12,29.188,29.4656,29.1227,29.3677,18936236.0
2016-12-13,29.4248,30.1188,29.335,30.0453,27906797.0
2016-12-14,30.0045,30.1188,29.7677,29.8412,24883709.0
2016-12-15,29.9963,30.3392,29.8249,30.0371,18352037.0
2016-12-16,30.0208,30.1025,29.4575,29.6453,23640757.0
2016-12-19,29.6697,30.1678,29.6126,30.1188,15298399.0
2016-12-20,30.1678,30.4045,30.1188,30.3801,13344528.0
2016-12-21,30.4127,30.4944,30.1351,30.1923,9858114.0
2016-12-22,30.3964,30.4045,30.0535,30.1514,8826887.0
2016-12-23,30.1514,30.1923,30.0208,30.1841,4745504.0
2016-12-27,30.1351,30.478,30.1351,30.2658,7209027.0
2016-12-28,30.2902,30.3719,29.8657,29.9065,8530820.0
2016-12-29,29.8085,29.98,29.7432,29.931,6924587.0
2016-12-30,30.0371,30.0453,29.5554,29.6126,12698812.0
2017-01-03,29.833,30.1514,29.6126,29.882,16608947.0
2017-01-04,29.9718,30.0208,29.6697,29.7269,12505521.0
2017-01-05,29.7596,29.98,29.6371,29.6779,11598890.0
2017-01-06,29.7677,29.9473,29.5473,29.784,11511331.0
2017-01-09,29.784,30.1188,29.7759,29.8902,16619483.0
2017-01-10,29.8412,30.1514,29.8249,29.833,13394268.0
2017-01-11,29.8085,30.2086,29.8085,30.1678,16283853.0
2017-01-12,30.0698,30.0698,29.6534,29.9718,17634852.0
2017-01-13,29.9718,30.0943,29.8983,30.0371,11250877.0
2017-01-17,29.9392,30.0698,29.8739,30.0453,15220902.0
2017-01-18,30.1188,30.2168,29.8902,30.0127,12548863.0
2017-01-19,29.8085,30.1351,29.8085,29.8575,10875578.0
2017-01-20,30.0127,30.2331,29.8657,30.1596,18218273.0
2017-01-23,30.2658,30.3801,29.8412,30.0208,21874675.0
2017-01-24,30.0698,30.8128,30.0535,30.7148,28667679.0
2017-01-25,30.9189,31.025,30.625,30.8618,27085962.0
2017-01-26,30.8699,30.9679,30.5515,30.6658,26508353.0
2017-01-27,31.0169,31.3925,30.8699,31.0087,38955268.0
2017-01-30,30.8373,30.8944,30.478,30.5515,20929184.0
2017-01-31,30.3882,30.5107,29.9147,30.0616,20761579.0
2017-02-01,30.0616,30.1678,29.4166,29.8167,24101769.0
2017-02-02,29.602,29.9638,29.5526,29.9473,28511197.0
2017-02-03,30.1694,30.2762,29.972,30.0296,16176672.0
2017-02-06,30.0213,30.0213,29.7253,29.824,16225329.0
2017-02-07,29.972,30.0296,29.7993,29.8898,16306666.0
2017-02-08,29.8816,30.1365,29.7171,29.9144,18109882.0
2017-02-09,30.0131,30.0131,29.1086,29.158,43003757.0
2017-02-10,29.0182,29.1333,28.6481,29.0593,39944631.0
2017-02-13,29.2484,29.4786,29.0593,29.4375,17326476.0
2017-02-14,29.5198,29.5691,29.2155,29.5444,18571304.0
2017-02-15,29.5855,29.6513,29.3306,29.6431,15263915.0
2017-02-16,29.75,30.0625,29.6842,29.9391,17496014.0
2017-02-17,29.8651,29.9967,29.6842,29.9967,14739226.0
2017-02-21,30.0296,30.1365,29.8733,30.0296,15815556.0
2017-02-22,29.8733,29.9309,29.4293,29.6595,25904175.0
2017-02-23,29.75,29.8487,29.5198,29.75,17299925.0
2017-02-24,29.6924,30.0378,29.5609,30.0378,14939015.0
2017-02-27,29.9473,30.1611,29.824,30.0213,11736271.0
2017-02-28,29.9473,29.972,29.602,29.7664,18504617.0
2017-03-01,29.5362,29.6842,29.1415,29.5444,28308625.0
2017-03-02,29.5362,29.6184,29.3142,29.528,19277541.0
2017-03-03,29.5526,29.676,29.3306,29.5198,15183432.0
2017-03-06,29.4293,29.4375,29.1251,29.2484,20413921.0
2017-03-07,29.1662,29.4375,29.0922,29.4375,19095597.0
2017-03-08,29.3471,29.5198,29.2073,29.2895,17608043.0
2017-03-09,29.2731,29.5526,29.1908,29.454,20003624.0
2017-03-10,29.6842,29.8487,29.4211,29.528,17889205.0
2017-03-13,29.4622,29.6349,28.7304,28.9113,46143797.0
2017-03-14,28.829,28.9688,28.5001,28.9277,24728012.0
2017-03-15,28.7304,28.9195,28.5166,28.8619,23399610.0
2017-03-16,28.8784,29.0757,28.8373,28.8948,16738597.0
2017-03-17,28.9935,29.0511,28.8619,29.0017,22807820.0
2017-03-20,29.0839,29.2977,28.9935,29.1333,13946422.0
2017-03-21,29.2648,29.2731,28.7797,28.8126,18778465.0
2017-03-22,28.9113,29.158,28.7797,29.0839,15568172.0
2017-03-23,29.1826,29.1826,28.7961,29.0017,17212765.0
2017-03-24,29.3142,29.38,28.8784,28.9113,18676647.0
2017-03-27,28.8373,29.1908,28.7304,29.1004,14374776.0
2017-03-28,29.0593,29.3635,28.9524,29.2731,15815027.0
2017-03-29,29.2073,29.3553,29.1333,29.2484,13816490.0
2017-03-30,29.2155,29.5115,29.2073,29.3964,13679764.0
2017-03-31,29.4129,29.8075,29.3882,29.6595,15866596.0
2017-04-03,29.7582,30.2105,29.7007,29.7335,27094251.0
2017-04-04,29.7007,29.9144,29.5938,29.8322,15661620.0
2017-04-05,29.9556,30.2269,29.7418,29.7829,18447376.0
2017-04-06,29.7171,29.8404,29.6266,29.6266,14208591.0
2017-04-07,29.6595,29.8651,29.5855,29.6266,11164810.0
2017-04-10,29.6349,29.676,29.2813,29.4375,12991723.0
2017-04-11,29.4129,29.4293,28.9524,29.3882,19856909.0
2017-04-12,29.4951,29.6102,29.1908,29.2977,13641639.0
2017-04-13,29.232,29.4046,28.9853,28.9853,13137847.0
2017-04-17,29.1415,29.2648,29.0511,29.1744,9610847.0
2017-04-18,29.1333,29.4457,29.0182,29.4129,10419978.0
2017-04-19,29.5773,29.7829,29.5115,29.528,12976584.0
2017-04-20,29.75,29.824,29.4869,29.75,17681555.0
2017-04-21,29.7664,29.9473,29.4786,29.8651,16533006.0
2017-04-24,30.1529,30.3009,29.9802,30.2187,17719135.0
2017-04-25,30.2351,30.4243,30.1447,30.3174,18357888.0
2017-04-26,30.2434,30.6134,30.2434,30.3667,23768559.0
2017-04-27,30.3749,30.8354,30.2434,30.7778,32504014.0
2017-04-28,29.6349,30.0049,29.5033,29.7253,44668925.0
2017-05-01,29.6924,29.9309,29.5526,29.8569,21579395.0
2017-05-02,29.9026,30.4493,29.886,30.3996,30028787.0
2017-05-03,30.4182,30.791,30.3354,30.6336,17837339.0
2017-05-04,30.6419,30.7413,30.352,30.5259,13553795.0
2017-05-05,30.5342,30.5922,30.236,30.5011,14182341.0
2017-05-08,30.4265,30.5259,30.2194,30.2691,13424556.0
2017-05-09,30.2526,30.4431,30.0537,30.1283,14202768.0
2017-05-10,30.0455,30.1366,29.7638,29.8301,19469528.0
2017-05-11,29.7472,29.8218,29.3662,29.565,17833703.0
2017-05-12,29.565,29.6064,29.3248,29.4325,15543138.0
2017-05-15,29.4407,29.5898,29.3413,29.5153,19327682.0
2017-05-16,29.6147,29.7307,29.3413,29.6727,19151090.0
2017-05-17,29.507,29.8135,29.01,29.0265,22165411.0
2017-05-18,29.1508,29.3827,29.0597,29.1757,13835784.0
2017-05-19,29.1177,29.449,29.1011,29.3248,14861469.0
2017-05-22,29.391,29.681,29.3082,29.6313,9992974.0
2017-05-23,29.7141,29.8135,29.4573,29.7058,14451245.0
2017-05-24,29.8052,29.9709,29.7307,29.9212,12886143.0
2017-05-25,29.9046,30.1449,29.8715,30.0372,10338897.0
2017-05-26,30.0372,30.0952,29.9295,30.0372,8254206.0
2017-05-30,30.0455,30.1863,29.8963,29.9709,10728336.0
2017-05-31,30.0786,30.1366,29.7141,29.9129,12393605.0
2017-06-01,29.9212,29.9295,29.6561,29.9212,11923406.0
2017-06-02,30.0952,30.1034,29.8218,30.0869,15984280.0
2017-06-05,30.0703,30.236,29.9875,30.1034,9296877.0
2017-06-06,29.9543,30.1946,29.8052,29.9295,15372176.0
2017-06-07,29.9378,30.294,29.9046,30.0372,12262727.0
2017-06-08,30.1034,30.2608,29.9543,30.2194,13219190.0
2017-06-09,30.236,30.2857,29.2502,29.5816,28011434.0
2017-06-12,29.4822,29.8301,29.333,29.5981,18984547.0
2017-06-13,29.5567,29.7804,29.4325,29.7224,17802158.0
2017-06-14,29.8135,29.8632,29.1757,29.4325,16172058.0
2017-06-15,29.1674,29.391,29.1094,29.2502,14971168.0
2017-06-16,29.2254,29.2668,29.0017,29.1674,21096374.0
2017-06-19,29.4987,29.5567,29.2585,29.4159,13820669.0
2017-06-20,29.3662,29.3662,28.8609,28.8774,18091804.0
2017-06-21,28.4715,28.6621,28.2396,28.6455,21670124.0
2017-06-22,28.6289,28.6869,28.4053,28.4632,17823807.0
2017-06-23,28.3473,28.6206,28.2396,28.3224,18067400.0
2017-06-26,28.3804,28.5875,28.1899,28.223,16603269.0
2017-06-27,28.165,28.2893,27.8751,27.8751,23380063.0
2017-06-28,27.9745,28.3638,27.9496,28.3307,15667753.0
2017-06-29,28.0988,28.2479,27.6183,27.784,20443150.0
2017-06-30,28.0573,28.107,27.7757,27.9496,19768768.0
2017-07-03,27.7591,28.1899,27.6928,27.7177,9758384.0
2017-07-05,27.7674,28.5212,27.7343,28.4467,24603600.0
2017-07-06,28.2644,28.4053,27.8005,27.8585,17578745.0
2017-07-07,27.9165,28.2644,27.9165,28.0656,14786154.0
2017-07-10,27.5437,27.9496,27.5272,27.8751,21650037.0
2017-07-11,27.8668,28.107,27.6928,28.0988,15790029.0
2017-07-12,28.397,28.4881,28.1153,28.3721,19399572.0
2017-07-13,28.4384,28.4964,28.2644,28.3638,10187689.0
2017-07-14,28.5461,28.7532,28.3804,28.7283,12008325.0
2017-07-17,28.778,28.778,28.4632,28.5544,11425967.0
2017-07-18,28.5212,28.6455,28.3721,28.6041,11720585.0
2017-07-19,28.7283,28.7283,28.5461,28.6289,9766932.0
2017-07-20,28.6124,28.8609,28.5544,28.7863,10650802.0
2017-07-21,28.6621,28.8443,28.4881,28.7697,14560421.0
2017-07-24,28.7946,28.8277,28.4798,28.5792,12443351.0
2017-07-25,28.6206,28.778,28.4964,28.72,13663101.0
2017-07-26,28.7449,28.9686,28.6538,28.7863,13342657.0
2017-07-27,28.8112,29.2005,28.72,28.9686,28391746.0
2017-07-28,29.0845,29.7058,28.9934,29.2502,31476671.0
2017-07-31,29.3745,29.6064,29.2585,29.3827,17505101.0
2017-08-01,29.5236,30.178,29.4656,30.1117,34263336.0
2017-08-02,30.0599,30.377,29.8595,30.352,28622790.0
2017-08-03,30.4625,30.5377,30.1704,30.4542,21715081.0
2017-08-04,30.5043,30.5126,30.1287,30.2956,16528008.0
2017-08-07,30.3791,30.5043,30.2289,30.4041,13864084.0
2017-08-08,30.354,30.6295,30.2956,30.3874,18819770.0
2017-08-09,30.2789,30.5961,30.0619,30.5377,20315554.0
2017-08-10,30.3791,30.5126,30.137,30.1621,19442745.0
2017-08-11,30.1871,30.3791,29.87,29.9367,15590568.0
2017-08-14,30.1454,30.4375,30.112,30.329,13560084.0
2017-08-15,30.2956,30.3123,29.8867,30.0452,16078036.0
2017-08-16,30.0703,30.1037,29.678,29.8867,17778303.0
2017-08-17,29.7114,29.7782,29.3525,29.3525,15929932.0
2017-08-18,29.4527,29.4694,29.2023,29.219,13271413.0
2017-08-21,29.2858,29.4443,28.9603,29.1439,15757532.0
2017-08-22,29.219,29.3692,28.8935,28.9185,21679988.0
2017-08-23,28.8267,29.0521,28.6932,28.9269,13966665.0
2017-08-24,28.9603,29.1189,28.8351,28.9686,10948608.0
2017-08-25,29.0604,29.1522,28.8601,28.9352,10230682.0
2017-08-28,29.027,29.0437,28.8685,28.9185,11399051.0
2017-08-29,28.8017,29.002,28.7516,28.9853,13811473.0
2017-08-30,28.9937,29.1773,28.9019,29.1189,11159809.0
2017-08-31,29.1606,29.3609,29.1022,29.2691,11921509.0
2017-09-01,29.411,29.5361,29.2691,29.2858,9258219.0
2017-09-05,29.2273,29.4861,29.1522,29.2273,15951878.0
2017-09-06,29.3943,29.9952,29.3025,29.8449,21157484.0
2017-09-07,29.9451,30.0035,29.4861,29.6613,12676683.0
2017-09-08,29.5612,29.6613,29.2774,29.3692,11104446.0
2017-09-11,29.6029,30.0452,29.3275,29.8533,13212544.0
2017-09-12,29.9117,30.329,29.8283,30.1204,14124574.0
2017-09-13,30.0452,30.3791,30.0202,30.3207,11588370.0
2017-09-14,30.2038,30.6295,30.1788,30.4458,11541845.0
2017-09-15,30.4876,30.9466,30.2289,30.8798,23092619.0
2017-09-18,30.8798,31.1552,30.7129,30.8798,15449804.0
2017-09-19,31.0801,31.1302,30.8965,31.0718,16611193.0
2017-09-20,31.0718,31.1219,30.5877,30.9383,14120385.0
2017-09-21,30.8715,31.1052,30.7546,31.0468,14900284.0
2017-09-22,30.8381,31.0634,30.8381,31.0301,17335526.0
2017-09-25,30.9216,31.0718,30.7546,31.0134,14890198.0
2017-09-26,31.0718,31.414,30.8798,31.2721,23961595.0
2017-09-27,31.3973,31.4557,30.9633,31.3305,21793118.0
2017-09-28,31.1469,31.6143,31.1219,31.5725,14954380.0
2017-09-29,31.5725,31.8396,31.464,31.7812,17750369.0
2017-10-02,31.8146,32.6241,31.7812,32.5824,31961456.0
2017-10-03,32.5073,33.1332,32.5073,32.8662,28466151.0
2017-10-04,32.8745,32.8829,32.4322,32.8328,24183638.0
2017-10-05,32.9747,33.0915,32.7243,32.9913,13390872.0
2017-10-06,33.0164,33.2918,32.8995,33.0748,14205902.0
2017-10-09,33.1165,33.2835,32.983,33.2668,11179629.0
2017-10-10,33.3252,33.3419,32.8662,33.0915,21302730.0
2017-10-11,32.983,33.1082,32.5991,32.7994,24962224.0
2017-10-12,32.8411,32.8745,32.5323,32.7076,13087172.0
2017-10-13,32.9162,33.225,32.7827,33.1082,12591940.0
2017-10-16,33.1416,33.2083,32.9162,33.1833,10074141.0
2017-10-17,33.0164,33.2751,32.8578,33.2083,12046647.0
2017-10-18,33.2167,33.6256,33.0498,33.5923,17177378.0
2017-10-19,33.3669,33.659,33.2417,33.4587,15047035.0
2017-10-20,33.6674,33.7592,33.4671,33.7425,13080283.0
2017-10-23,33.7926,34.2516,33.7091,34.0763,20989889.0
2017-10-24,34.1932,34.2599,33.9845,34.1765,15647495.0
2017-10-25,34.1097,34.2683,33.7926,34.0346,19414131.0
2017-10-26,34.2015,34.7023,33.9762,34.5103,29254854.0
2017-10-27,36.1378,37.5566,35.9708,37.0558,72833211.0
2017-10-30,37.1226,37.7151,36.6218,37.0308,37819688.0
2017-10-31,37.7235,38.2242,37.2644,37.9655,38277526.0
2017-11-01,38.3661,38.9837,38.049,38.9837,39420525.0
2017-11-02,38.9002,39.4177,38.5664,39.3092,29711102.0
2017-11-03,39.4221,39.4809,38.0537,38.6749,30099739.0
2017-11-06,39.122,39.2395,38.6938,39.2059,24403480.0
2017-11-07,39.2059,39.5333,38.9457,39.2731,16865936.0
2017-11-08,39.1387,39.2059,38.8533,39.2059,13927092.0
2017-11-09,38.6602,38.9457,38.3244,38.8701,20597387.0
2017-11-10,38.6854,38.6938,38.0977,38.2656,19405211.0
2017-11-13,37.997,38.5679,37.9886,38.4084,13462768.0
2017-11-14,38.3664,38.5511,38.0474,38.5007,14060952.0
2017-11-15,38.1061,38.4587,37.9214,38.1649,13392672.0
2017-11-16,38.316,38.677,38.1649,38.3244,16604506.0
2017-11-17,38.3076,38.3076,37.4597,37.4681,29044995.0
2017-11-20,37.552,37.8795,37.3589,37.4597,18215032.0
2017-11-21,37.5436,37.9634,37.5352,37.7283,13027092.0
2017-11-22,37.7283,37.7367,37.3841,37.4849,11061111.0
2017-11-24,37.4009,37.594,37.3002,37.5688,4677036.0
2017-11-27,37.2918,37.4513,37.1659,37.3506,10579246.0
2017-11-28,37.4849,37.6444,37.2078,37.552,15847938.0
2017-11-29,37.6528,37.8543,36.7461,36.8972,22060796.0
2017-11-30,37.2414,37.9466,37.2162,37.6444,21236129.0
2017-12-01,37.4933,37.6444,36.5446,37.5101,20402749.0
2017-12-04,37.7955,38.0306,37.2162,37.3506,22207078.0
2017-12-05,37.4429,37.6948,36.2927,36.4691,22772126.0
2017-12-06,36.2172,36.7041,35.8226,36.4774,16620708.0
2017-12-07,36.4858,36.6034,35.915,36.1668,19395176.0
2017-12-08,36.3935,36.5866,36.192,36.3935,15423641.0
2017-12-11,36.3347,36.7545,36.3095,36.6537,14199557.0
2017-12-12,36.4942,36.6202,36.1668,36.3767,12247261.0
2017-12-13,36.6454,36.6537,36.3011,36.3851,14389628.0
2017-12-14,36.4607,36.5782,36.1081,36.3179,14160238.0
2017-12-15,36.4439,37.6444,36.1584,37.4093,31649188.0
2017-12-18,37.8627,38.9121,37.8123,38.8365,36067925.0
2017-12-19,38.8197,39.676,38.5259,39.4913,31521865.0
2017-12-20,39.8523,39.9951,39.1723,39.9279,31888616.0
2017-12-21,39.9111,39.9531,39.0884,39.2563,31878953.0
2017-12-22,38.8953,39.4746,38.635,39.2059,28162629.0
2017-12-26,38.8533,39.0128,38.5763,38.6854,11004526.0
2017-12-27,38.7106,38.9205,38.6182,38.7106,8001808.0
2017-12-28,38.9205,38.9205,38.5763,38.8029,7297523.0
2017-12-29,38.7945,39.0296,38.6938,38.7526,10118722.0
2018-01-02,38.9624,39.3738,38.7945,39.3318,14093148.0
2018-01-03,38.1733,38.7945,36.6454,37.997,102911569.0
2018-01-04,36.5866,37.4849,35.8394,37.3002,79697664.0
2018-01-05,37.3589,37.9046,36.8552,37.5604,36328589.0
2018-01-08,37.1659,37.6444,36.9056,37.5604,23813459.0
2018-01-09,37.5185,37.6444,36.511,36.6202,34478311.0
2018-01-10,36.4103,36.6034,35.6295,35.6799,39025852.0
2018-01-11,35.9318,36.5866,35.6379,36.4439,24177802.0
2018-01-12,36.4774,36.6034,36.1081,36.3011,23984966.0
2018-01-16,36.5614,36.7629,35.9989,36.2172,22586525.0
2018-01-17,36.553,37.317,36.5278,37.2666,23084402.0
2018-01-18,37.275,37.5604,37.0819,37.3422,17248950.0
2018-01-19,37.4093,37.6864,37.1491,37.6276,18592270.0
2018-01-22,37.6108,38.4419,37.6024,38.4084,19786995.0
2018-01-23,38.4587,38.6938,38.3076,38.6686,14801804.0
2018-01-24,38.5343,38.7274,37.7451,38.2069,22947139.0
2018-01-25,38.5175,38.9289,37.9214,38.0306,26821093.0
2018-01-26,40.6163,42.1023,40.398,42.0435,69943847.0
2018-01-29,41.6657,42.6899,41.4474,41.9596,34636675.0
2018-01-30,41.5398,42.0267,40.9185,40.9605,25524036.0
2018-01-31,41.3215,41.3467,39.9279,40.4148,31233254.0
2018-02-01,40.0454,40.6919,39.8356,40.0035,20459519.0
2018-02-02,39.7264,40.121,38.7022,38.7442,21794727.0
2018-02-05,38.9225,39.6916,37.3588,37.3757,39177306.0
2018-02-06,37.2067,37.9758,36.3699,37.9589,49650308.0
2018-02-07,37.68,39.1338,37.4772,38.2041,32382261.0
2018-02-08,38.2717,38.39,36.1248,36.1333,36191178.0
2018-02-09,36.7672,37.4265,35.5332,37.1475,40839693.0
2018-02-12,37.325,38.1702,37.2659,37.8913,23087541.0
2018-02-13,37.6885,37.8491,37.4011,37.5786,15490511.0
2018-02-14,37.249,38.4661,37.2236,38.3562,16200120.0
2018-02-15,38.7704,38.8718,37.9928,38.8126,16081108.0
2018-02-16,38.7365,39.3789,38.4661,38.5083,18089030.0
2018-02-20,38.4238,39.4803,38.3646,39.1507,20348435.0
2018-02-21,39.4465,39.7762,38.8126,38.8295,19769346.0
2018-02-22,38.9986,39.3536,38.5591,38.7112,13997026.0
2018-02-23,39.1676,40.3932,39.1338,40.3425,20759220.0
2018-02-26,40.7566,41.5258,40.6552,41.5089,21031645.0
2018-02-27,41.7202,43.0218,41.6779,42.1851,34818781.0
2018-02-28,42.4133,42.5485,41.6526,41.661,23868012.0
2018-03-01,41.8385,42.0245,40.1227,40.4354,31241761.0
2018-03-02,39.8945,41.4582,39.6916,41.399,28541794.0
2018-03-05,40.9848,42.0921,40.6045,42.0498,24414613.0
2018-03-06,42.3964,43.3853,42.3879,42.8612,32894761.0
2018-03-07,42.4133,43.5205,42.3456,43.3768,25181632.0
2018-03-08,43.7487,44.0192,42.6584,42.8866,23778858.0
2018-03-09,43.3007,44.2051,43.1063,44.1122,25112929.0
2018-03-12,43.8332,43.9093,42.6837,43.5459,25202170.0
2018-03-13,44.3911,45.4561,43.436,43.7656,36014704.0
2018-03-14,44.0023,44.1037,43.3684,43.8332,19757497.0
2018-03-15,44.1291,44.2051,43.0049,43.0049,19721545.0
2018-03-16,43.0979,43.698,43.0979,43.25,24155285.0
2018-03-19,42.895,43.3007,42.202,42.9627,22681646.0
2018-03-20,43.0049,43.791,42.9796,43.5712,17416328.0
2018-03-21,43.5712,44.0953,43.25,43.5797,18088320.0
2018-03-22,42.8781,43.9178,42.7683,42.9627,25874213.0
2018-03-23,42.7598,43.0979,41.7202,41.7202,31762456.0
2018-03-26,42.8866,44.3657,42.5316,44.3573,31560663.0
2018-03-27,44.7883,45.0081,42.9204,43.2669,32159366.0
2018-03-28,42.7683,42.8528,41.4244,41.923,32494636.0
2018-03-29,42.2358,44.0192,42.1512,44.0192,27749427.0
2018-04-02,43.6896,43.9854,39.9706,41.3483,56576051.0
2018-04-03,41.4159,42.2273,40.9172,42.0498,31547250.0
2018-04-04,40.6552,42.3964,40.5791,42.2527,24845890.0
2018-04-05,42.2696,42.8697,42.2358,42.5823,19876280.0
2018-04-06,42.0836,42.5992,40.9933,41.2384,21894918.0
2018-04-09,41.5511,43.1993,41.5511,41.8808,20817085.0
2018-04-10,43.2162,43.5205,42.5485,43.3346,20143190.0
2018-04-11,43.0979,43.7234,42.9542,43.1909,13078125.0
2018-04-12,43.5205,45.025,43.4867,44.5601,23125566.0
2018-04-13,44.8475,44.9743,43.6135,43.8332,17391238.0
2018-04-16,44.1967,44.3995,43.7741,44.2897,12691110.0
2018-04-17,44.7292,45.3884,44.7123,45.2532,15564373.0
2018-04-18,45.2363,45.9463,45.0842,45.3124,17838926.0
2018-04-19,44.7545,44.763,43.6219,44.1375,21017534.0
2018-04-20,44.0953,44.1882,43.0049,43.5543,21404415.0
2018-04-23,43.6896,43.8586,42.9796,43.1909,15572495.0
2018-04-24,43.8417,45.3377,43.2247,43.4867,37724485.0
2018-04-25,43.8332,44.0361,42.7683,43.4275,21074830.0
2018-04-26,44.1713,45.025,44.0107,44.8391,26484227.0
2018-04-27,46.7831,47.155,44.146,44.5686,59602943.0
2018-04-30,44.4249,45.1095,43.2838,43.6304,28025850.0
2018-05-01,43.6473,45.1518,43.4782,45.0757,23547232.0
2018-05-02,44.8644,44.9658,44.0784,44.2136,19762017.0
2018-05-03,43.8652,44.4263,43.2786,44.1882,20797757.0
2018-05-04,43.9077,44.9193,43.3551,44.8683,18998567.0
2018-05-07,44.9533,45.5484,44.9108,45.3359,15721635.0
2018-05-08,45.2849,45.5909,44.8853,45.5909,13850101.0
2018-05-09,45.7014,46.22,45.2169,46.1945,15453078.0
2018-05-10,46.39,46.7555,45.9904,46.7385,14778704.0
2018-05-11,46.4325,46.9171,46.271,46.475,11355787.0
2018-05-14,46.6535,46.9681,46.5345,46.6705,11832921.0
2018-05-15,46.407,46.543,45.5314,45.8374,16186326.0
2018-05-16,46.05,46.5005,45.8629,46.4495,12002174.0
2018-05-17,46.373,47.1296,46.2625,46.594,12987987.0
2018-05-18,46.237,46.3645,45.4549,45.4804,18898347.0
2018-05-21,46.2115,46.9426,45.7864,46.1775,20270406.0
2018-05-22,46.526,46.798,45.9479,46.288,15849540.0
2018-05-23,45.9054,46.9511,45.7694,46.9341,15903856.0
2018-05-24,46.8746,47.0106,46.0159,46.543,16456902.0
2018-05-25,46.5855,47.1806,46.3645,47.1296,14430348.0
2018-05-29,46.8575,47.4441,46.594,47.0276,19675996.0
2018-05-30,47.5121,47.7757,47.2741,47.3336,20496243.0
2018-05-31,47.3336,47.4866,46.8065,46.9256,16193564.0
2018-06-01,47.4526,48.5407,47.4356,48.5237,22271728.0
2018-06-04,48.5918,48.9658,48.2602,48.3112,18529235.0
2018-06-05,48.3707,48.5578,47.7842,48.0562,16772675.0
2018-06-06,48.0562,48.5067,47.6736,48.4812,17144814.0
2018-06-07,48.3877,48.4557,47.2826,47.5036,21232897.0
2018-06-08,47.1976,47.3506,46.4665,46.798,25400197.0
2018-06-11,46.543,46.832,46.1265,46.3475,21493008.0
2018-06-12,46.6535,46.7895,46.0925,46.6025,18461481.0
2018-06-13,46.7385,47.3506,46.679,46.781,17108201.0
2018-06-14,47.1126,47.4866,46.9086,47.2146,16054477.0
2018-06-15,46.9086,47.0786,46.3985,46.849,25428587.0
2018-06-18,46.084,46.1605,44.4943,45.2424,32139606.0
2018-06-19,44.3072,45.0128,44.1032,44.9958,22967738.0
2018-06-20,45.2169,45.6929,44.7918,45.4464,16982921.0
2018-06-21,46.2285,46.356,44.1542,44.3668,36702484.0
2018-06-22,44.7068,45.1318,44.4603,44.6303,22292547.0
2018-06-25,43.4741,43.9927,42.4285,43.1086,35270276.0
2018-06-26,42.4625,42.8536,41.961,42.2245,31455789.0
2018-06-27,41.8165,42.556,41.4424,41.4509,27828297.0
2018-06-28,41.3064,42.0715,41.2299,41.8675,24076176.0
2018-06-29,42.08,42.5985,42.08,42.2585,22537881.0
2018-07-02,41.7909,42.7346,41.5104,42.6751,20828502.0
2018-07-03,42.9641,43.2361,42.0205,42.0545,13809885.0
2018-07-05,42.488,43.3211,42.2925,43.1426,21924249.0
2018-07-06,43.1766,43.7802,42.8451,43.6697,16767751.0
2018-07-09,43.8992,44.1117,43.3551,44.0862,17078581.0
2018-07-10,44.2647,44.4263,44.0692,44.3413,13421670.0
2018-07-11,43.8312,44.0947,43.5167,43.5252,15355603.0
2018-07-12,44.2222,44.6133,43.9757,44.5028,15647609.0
2018-07-13,44.5453,44.5623,44.0012,44.3923,10480322.0
2018-07-16,44.3327,44.4773,44.0947,44.2137,8094002.0
2018-07-17,43.3976,44.1032,43.3636,43.9927,11323173.0
2018-07-18,44.0947,44.1797,43.7462,43.9672,9943062.0
2018-07-19,43.8397,44.2137,43.3976,44.1882,11920630.0
2018-07-20,44.0607,44.2647,43.6357,44.1287,12155272.0
2018-07-23,44.0012,44.6303,43.6357,44.4688,13024075.0
2018-07-24,44.8513,45.3104,44.2647,44.3583,13386608.0
2018-07-25,44.3838,44.5878,43.4316,44.5708,14980743.0
2018-07-26,44.5538,45.2084,44.0947,44.3413,18800765.0
2018-07-27,41.5019,41.825,40.3628,40.5328,57501166.0
2018-07-30,40.4903,40.7963,39.4702,40.5413,29235034.0
2018-07-31,41.0259,41.3829,40.5413,40.8898,28617474.0
2018-08-01,40.8473,41.5784,40.8048,41.4934,23718076.0
2018-08-02,41.2129,42.097,40.9749,42.063,22375766.0
2018-08-03,42.0708,42.3188,41.7971,42.1905,16063651.0
2018-08-06,41.6517,42.1734,41.3267,42.1648,21812163.0
2018-08-07,42.276,42.6181,42.2589,42.5069,20506273.0
2018-08-08,42.4214,42.8747,42.2846,42.7293,18635650.0
2018-08-09,42.6438,43.2767,42.5241,42.8833,23550326.0
2018-08-10,41.4892,42.0537,41.3096,41.78,23390497.0
2018-08-13,41.9339,42.1135,41.378,41.4379,13109274.0
2018-08-14,41.626,41.703,40.7536,41.1556,18746112.0
2018-08-15,40.8306,41.053,40.1122,40.5911,21884533.0
2018-08-16,40.9161,41.0102,40.2405,40.3431,19746181.0
2018-08-17,40.1977,40.5313,39.6247,40.2832,21796741.0
2018-08-20,40.2405,40.3003,39.5049,39.7701,20466890.0
2018-08-21,39.9069,40.9247,39.8898,40.728,15098492.0
2018-08-22,40.3517,40.4971,40.1293,40.2405,17983255.0
2018-08-23,40.078,40.3431,39.9497,40.1806,20202192.0
2018-08-24,40.4457,40.9589,40.2661,40.7622,12981725.0
2018-08-27,41.053,41.3865,40.7365,41.3523,12676498.0
2018-08-28,41.5234,41.7286,41.3181,41.5405,10686815.0
2018-08-29,41.6517,41.7885,41.3951,41.6944,10057978.0
2018-08-30,41.4977,41.7629,41.13,41.2583,13052472.0
2018-08-31,41.0188,41.5319,40.9846,41.4208,11276029.0
2018-09-04,41.378,41.4208,40.6767,41.0188,12549790.0
2018-09-05,40.8392,41.1556,40.5997,40.8135,12579561.0
2018-09-06,40.8477,41.0188,40.3773,40.4201,14710633.0
2018-09-07,40.1806,40.6082,39.6503,39.7273,17751350.0
2018-09-10,39.8214,39.9925,39.5392,39.599,15182614.0
2018-09-11,39.3424,39.3681,38.3931,38.4273,26055246.0
2018-09-12,38.1109,38.4701,37.6832,38.4273,24785908.0
2018-09-13,39.0517,39.2142,38.5813,38.9747,14072380.0
2018-09-14,39.1628,39.3168,38.7865,38.949,15812802.0
2018-09-17,38.7352,39.2569,38.6497,38.8464,12526903.0
2018-09-18,38.9832,39.7957,38.8378,39.428,15260155.0
2018-09-19,39.4194,39.7188,39.2484,39.4707,11850612.0
2018-09-20,39.9668,40.5056,39.7872,40.3688,16798907.0
2018-09-21,40.403,40.5569,39.6589,39.9069,28142075.0
2018-09-24,39.6076,40.1977,39.4707,40.1207,11078751.0
2018-09-25,39.5306,39.676,39.1714,39.2655,17690232.0
2018-09-26,39.3767,39.599,38.9832,39.0859,17126176.0
2018-09-27,39.2655,39.4878,39.1115,39.2398,11000238.0
2018-09-28,39.0174,40.8392,38.8806,40.4457,37905829.0
2018-10-01,39.9668,40.3859,39.5135,39.7273,20010927.0
2018-10-02,40.6339,41.8056,40.4714,41.1385,34023506.0
2018-10-03,41.5918,42.5241,41.5319,41.703,32111032.0
2018-10-04,41.7714,41.7885,40.728,41.1642,20395802.0
2018-10-05,41.2583,41.3438,39.9069,40.2234,21773456.0
2018-10-08,40.1635,40.4971,39.7872,40.2234,14761657.0
2018-10-09,40.3688,40.728,39.8043,39.8128,18366976.0
2018-10-10,39.3938,39.4451,38.3161,38.3161,32610137.0
2018-10-11,38.6155,39.0089,37.401,37.8286,34915690.0
2018-10-12,38.7181,38.7865,37.8286,38.3845,24062573.0
2018-10-15,38.1707,38.6069,38.0082,38.0852,14086512.0
2018-10-16,38.4016,39.351,38.3332,39.2911,16229835.0
2018-10-17,39.3424,39.6247,38.949,39.2484,14170442.0
2018-10-18,39.0431,39.1286,38.3418,38.4615,19996557.0
2018-10-19,38.701,38.701,37.5122,37.6319,22541322.0
2018-10-22,38.0595,38.778,37.7174,38.4957,29487616.0
2018-10-23,37.7944,38.5641,37.5549,38.0595,33100227.0
2018-10-24,37.7687,37.9398,36.2293,36.2806,26370535.0
2018-10-25,37.247,38.4359,37.0161,37.897,35770776.0
2018-10-26,38.9747,39.7188,38.2306,39.0773,53522598.0
2018-10-29,39.7615,39.9839,38.0082,38.8293,29386674.0
2018-10-30,38.9405,40.9504,38.8806,40.8477,34447023.0
2018-10-31,41.301,41.5319,40.0523,40.0951,25124342.0
2018-11-01,40.1635,41.455,40.078,41.2411,22111110.0
2018-11-02,41.1727,41.2668,39.9839,40.2918,25395946.0
2018-11-05,40.5023,41.2683,40.1236,41.0273,16725857.0
2018-11-06,41.0531,41.2425,40.4765,40.6659,19218450.0
2018-11-07,40.9929,41.9568,40.9585,41.931,16739052.0
2018-11-08,41.7331,42.4216,41.7072,42.1634,18009629.0
2018-11-09,41.9913,42.1978,41.1995,41.406,16344978.0
2018-11-12,41.0618,41.1392,40.1064,40.1495,17234364.0
2018-11-13,40.4421,41.5265,40.4421,40.7863,20972781.0
2018-11-14,41.1909,41.2855,40.356,40.5281,19506868.0
2018-11-15,40.4937,41.5179,40.2097,41.406,20040153.0
2018-11-16,41.079,42.215,41.0445,42.0257,24704347.0
2018-11-19,41.8363,42.3011,41.122,41.3113,21274934.0
2018-11-20,40.8122,41.4146,40.5281,40.7863,23009964.0
2018-11-21,41.2253,41.2253,40.4679,40.4765,13383184.0
2018-11-23,40.1925,40.5109,40.0376,40.0548,6791063.0
2018-11-26,40.6831,40.8466,40.1925,40.838,13652560.0
2018-11-27,40.3991,41.5007,40.0978,41.3716,20030625.0
2018-11-28,41.2253,42.0687,41.0101,42.0515,21071887.0
2018-11-29,41.7331,41.7933,40.9929,41.0531,19154654.0
2018-11-30,41.3113,42.4474,40.9327,42.4388,24289467.0
2018-12-03,43.0929,43.463,42.6281,43.1445,22691205.0
2018-12-04,42.6281,42.6884,41.0273,41.0962,24960503.0
2018-12-06,40.2786,41.647,40.0376,41.6298,24736380.0
2018-12-07,41.2941,41.363,39.788,39.7966,25045826.0
2018-12-10,39.831,40.8466,39.5986,40.6314,18461940.0
2018-12-11,41.2425,41.8191,40.5626,40.7777,17622549.0
2018-12-12,41.8105,41.8622,40.8036,41.165,18977964.0
2018-12-13,41.5351,41.8105,41.1822,41.5609,14139626.0
2018-12-14,41.2167,41.9654,41.1822,41.1909,17683576.0
2018-12-17,41.1909,41.6642,40.1581,40.5195,19845626.0
2018-12-18,40.8638,41.6986,40.7605,41.0876,21622960.0
2018-12-19,40.8552,41.079,39.0564,39.22,31349247.0
2018-12-20,39.0823,39.8568,38.738,39.1941,28490080.0
2018-12-21,39.504,40.1495,38.5573,38.5917,32361762.0
2018-12-24,38.4195,38.8757,37.4728,37.5159,15518118.0
2018-12-26,37.9548,39.7622,37.447,39.7536,22461962.0
2018-12-27,39.1769,39.9171,38.4454,39.8999,20861922.0
2018-12-28,40.029,41.0876,39.8482,40.2355,20697505.0
2018-12-31,40.5281,40.8638,40.0634,40.3904,15081415.0
2019-01-02,39.5814,40.8552,39.3921,40.5195,13692045.0
2019-01-03,39.7191,39.831,38.2044,38.2905,25398340.0
2019-01-04,39.4609,40.9413,39.1941,40.64,28360160.0
2019-01-07,40.5368,41.3113,40.2355,40.8294,16694155.0
2019-01-08,41.1392,41.3372,40.2613,41.0876,18145443.0
2019-01-09,41.2769,41.8019,41.122,41.32,16716738.0
2019-01-10,41.0962,41.8708,40.8036,41.7933,15771410.0
2019-01-11,41.3974,42.4302,41.32,42.1118,16697113.0
2019-01-14,41.7072,42.0257,41.5695,41.6126,10815475.0
2019-01-15,41.8966,42.2839,41.69,41.8277,12054017.0
2019-01-16,41.8105,42.0773,41.3802,41.4232,13059742.0
2019-01-17,41.3113,42.0343,41.2253,41.7159,13861642.0
2019-01-18,42.2753,42.499,41.9052,42.3355,21566347.0
2019-01-22,42.0945,42.1548,41.1995,41.5437,17211905.0
2019-01-23,41.7503,41.9999,40.8982,41.2597,14576588.0
2019-01-24,41.9052,43.0671,41.8277,42.8261,36015415.0
2019-01-25,40.3216,40.8208,39.3749,40.4851,74422898.0
2019-01-28,39.7019,40.2183,39.6331,40.2011,26122974.0
2019-01-29,40.2183,40.4249,39.8741,40.0548,15590294.0
2019-01-30,40.1753,41.0359,39.9773,40.9154,21173731.0
2019-01-31,40.1839,40.6056,39.6761,40.554,33720686.0
2019-02-01,40.5023,42.215,40.4593,41.9396,29995593.0
2019-02-04,41.8449,42.3786,41.5179,42.3613,16832152.0
2019-02-05,42.3744,43.6562,42.3224,43.0413,26597020.0
2019-02-06,43.2621,43.8597,43.1495,43.2188,17498958.0
2019-02-07,42.8724,43.1755,42.1622,42.6385,23255131.0
2019-02-08,42.2401,42.4566,41.5819,42.3007,15495938.0
2019-02-11,42.4566,42.7165,42.0755,42.2401,14391776.0
2019-02-12,42.7511,43.4267,42.6732,43.3141,13517708.0
2019-02-13,43.418,44.007,43.3054,43.7125,14170448.0
2019-02-14,43.6778,44.2062,43.5912,44.007,14642649.0
2019-02-15,44.3621,44.7518,44.2495,44.7432,17271914.0
2019-02-19,44.4747,44.7865,44.466,44.518,12191497.0
2019-02-20,44.7172,44.8038,44.2235,44.5093,16042434.0
2019-02-21,44.44,44.8991,44.3534,44.5266,13466346.0
2019-02-22,45.6872,45.8864,45.0809,45.462,26315162.0
2019-02-25,45.9557,46.4321,45.7825,45.9904,17079879.0
2019-02-26,45.9037,46.2242,45.8258,46.1029,12567339.0
2019-02-27,45.7045,46.2329,45.4794,46.1116,14334394.0
2019-02-28,45.8691,46.0596,45.7392,45.8691,11805811.0
2019-03-01,46.2762,46.4927,45.8085,46.1636,14172109.0
2019-03-04,46.5533,46.8565,46.077,46.7179,16831107.0
2019-03-05,46.6399,46.7612,45.999,46.4927,17152887.0
2019-03-06,46.4494,46.4667,45.8518,45.8604,12311415.0
2019-03-07,45.6872,45.8951,45.3494,45.5573,13305403.0
2019-03-08,45.0117,45.5227,44.7778,45.4534,13667758.0
2019-03-11,45.6959,46.4667,45.5313,46.2069,13653869.0
2019-03-12,46.1636,46.7352,46.051,46.3974,13939469.0
2019-03-13,46.7612,47.2635,46.4667,47.0903,19303304.0
2019-03-14,47.0297,47.1596,46.1896,46.2848,19838613.0
2019-03-15,46.4927,47.3675,46.4927,47.0557,25895884.0
2019-03-18,47.073,47.2116,46.6573,46.8565,11826172.0
2019-03-19,47.1769,47.3328,46.7699,46.9171,12257156.0
2019-03-20,46.8824,47.1163,46.4321,46.614,19335279.0
2019-03-21,46.7006,47.6273,46.6313,47.3242,13284617.0
2019-03-22,47.1163,47.3068,46.0856,46.1289,16260069.0
2019-03-25,46.0683,46.3801,45.3581,45.7132,13465716.0
2019-03-26,46.1982,46.5706,45.9384,46.2848,14831017.0
2019-03-27,46.4147,46.6486,45.8518,46.0423,15937862.0
2019-03-28,46.1116,46.2848,45.7045,45.999,10516557.0
2019-03-29,46.5706,46.8045,46.3195,46.51,13014121.0
2019-04-01,47.0557,47.2635,46.8565,47.2116,13080473.0
2019-04-02,47.2289,47.4627,46.9604,47.0817,10266886.0
2019-04-03,47.6619,48.4934,47.5407,48.0517,19911826.0
2019-04-04,47.8611,48.6233,47.8611,48.4328,12881695.0
2019-04-05,48.2163,48.4588,47.5234,48.1556,15190306.0
2019-04-08,47.8871,48.2769,47.8092,48.2249,9016929.0
2019-04-09,47.9911,48.0084,47.5494,47.9131,10481961.0
2019-04-10,47.9131,48.3808,47.9131,48.2855,10225865.0
2019-04-11,48.4328,48.5627,48.1816,48.3288,8503765.0
2019-04-12,48.6753,48.9265,48.3635,48.8658,9454509.0
2019-04-15,48.9005,48.9871,48.4328,48.7446,8214870.0
2019-04-16,49.0737,49.7752,48.5627,49.117,26362261.0
2019-04-17,50.5461,51.6114,50.3382,50.7193,31025911.0
2019-04-18,50.7713,50.9965,50.3382,50.6587,16064281.0
2019-04-22,50.3642,50.9532,50.1304,50.9445,9030779.0
2019-04-23,51.0051,51.0831,50.6673,50.9099,12611551.0
2019-04-24,50.728,51.3516,50.3555,50.8579,13576377.0
2019-04-25,50.4595,50.5634,49.5674,49.8965,19136902.0
2019-04-26,45.6266,45.9817,44.6219,45.4101,62100009.0
2019-04-29,45.1762,45.4101,44.1715,44.2668,34300614.0
2019-04-30,44.1715,44.544,44.0589,44.2062,19427367.0
2019-05-01,44.2062,44.6912,43.9463,43.9637,16685083.0
2019-05-02,44.0416,44.4573,43.4094,43.7818,18867592.0
2019-05-03,44.2024,44.8821,43.9323,44.8211,21585433.0
2019-05-06,43.7711,44.686,43.7362,44.6338,18269923.0
2019-05-07,44.0935,44.3375,43.5096,43.9889,24241290.0
2019-05-08,43.7623,44.259,42.7602,42.9084,30071139.0
2019-05-09,41.7407,42.0805,40.1286,40.6253,52319783.0
2019-05-10,40.4684,40.7821,39.3007,40.2593,36311531.0
2019-05-13,39.2659,39.7713,38.9521,39.0044,30300838.0
2019-05-14,39.3791,39.6406,39.1003,39.3617,20342168.0
2019-05-15,39.0654,39.8671,39.0044,39.7538,18883337.0
2019-05-16,39.6231,40.0414,39.5796,39.6754,16202900.0
2019-05-17,39.353,39.8497,39.0044,39.1177,16299179.0
2019-05-20,38.255,38.7953,37.8629,37.9587,23258990.0
2019-05-21,38.6384,39.0219,38.4903,38.743,20366633.0
2019-05-22,38.5513,38.743,38.2027,38.3422,13928844.0
2019-05-23,37.7757,38.987,37.3487,38.804,29911415.0
2019-05-24,38.8563,39.2571,38.7691,38.8389,24348031.0
2019-05-28,38.9086,38.9434,37.7322,37.9674,21137233.0
2019-05-29,37.7757,38.804,37.7583,38.5426,23544043.0
2019-05-30,38.6036,39.2397,38.5426,38.9783,17812103.0
2019-05-31,38.4903,39.0306,38.2812,38.377,19555258.0
2019-06-03,38.56,38.8563,37.645,37.8716,23928612.0
2019-06-04,38.4729,39.0916,38.1417,39.0306,23025635.0
2019-06-05,39.3007,39.3704,38.5077,38.8214,17039994.0
2019-06-06,38.9783,39.3617,38.7779,39.3007,14443364.0
2019-06-07,39.4314,40.1896,39.3007,40.1111,19677542.0
2019-06-10,40.2854,41.122,40.2593,40.7821,16540724.0
2019-06-11,41.1742,41.2352,40.5381,40.8257,15153248.0
2019-06-12,40.6078,40.6688,40.3028,40.3638,12120416.0
2019-06-13,40.6253,40.9215,40.5468,40.695,9397537.0
2019-06-14,39.9368,40.451,39.6841,40.2505,11425468.0
2019-06-17,40.207,40.5468,39.9107,40.1983,9093791.0
2019-06-18,40.756,41.8278,40.6078,41.2788,19802622.0
2019-06-19,41.366,41.4618,40.9564,41.0174,13438225.0
2019-06-20,41.7145,41.8714,40.8431,41.122,15490120.0
2019-06-21,40.9041,41.5925,40.7821,41.3572,18594724.0
2019-06-24,41.305,41.6971,41.1045,41.5054,11133636.0
2019-06-25,41.4444,41.549,40.7821,40.8257,12082129.0
2019-06-26,41.5228,42.2461,41.4444,41.9934,16231632.0
2019-06-27,41.9585,42.1938,41.1655,41.3572,19278865.0
2019-06-28,41.6274,42.0021,41.549,41.7145,16450755.0
2019-07-01,42.8474,43.0914,41.6012,41.8714,22042248.0
2019-07-02,41.7494,42.0195,41.5577,41.9324,12634057.0
2019-07-03,41.9672,42.3158,41.8191,42.2809,7777918.0
2019-07-05,41.8801,41.9847,41.3398,41.8975,10316414.0
2019-07-08,41.4792,41.7842,41.0174,41.671,13005259.0
2019-07-09,41.1742,41.6535,41.0697,41.61,14595616.0
2019-07-10,41.8017,42.3594,41.7407,42.0108,12358361.0
2019-07-11,42.2374,42.5075,42.0979,42.3507,13202762.0
2019-07-12,42.6905,43.5096,42.5337,43.5009,15674180.0
2019-07-15,43.5706,43.7885,43.3615,43.6752,11069471.0
2019-07-16,43.4922,43.5706,42.6644,42.8474,13468885.0
2019-07-17,43.0914,43.3092,42.9084,43.0391,8805160.0
2019-07-18,42.9432,43.5619,42.6034,43.5183,11511251.0
2019-07-19,43.5358,44.1458,43.4922,43.8059,17104870.0
2019-07-22,43.5532,44.8952,43.4748,44.747,16154197.0
2019-07-23,45.2525,45.3135,44.7035,45.0956,14175094.0
2019-07-24,45.2263,46.1587,45.1392,46.1152,15821032.0
2019-07-25,45.784,45.8363,45.2089,45.4529,18964602.0
2019-07-26,45.9147,46.6206,44.9039,44.9562,28559967.0
2019-07-29,44.93,45.8014,44.2503,45.7579,16793679.0
2019-07-30,45.1043,45.5836,44.93,45.052,13348397.0
2019-07-31,44.8778,45.0695,43.6142,44.0499,18859443.0
2019-08-01,44.0238,45.2176,43.1088,43.1349,26443235.0
2019-08-02,42.8648,43.0129,42.2635,42.4204,23212848.0
2019-08-05,41.6409,41.7988,40.5793,40.9303,29386767.0
2019-08-06,41.3645,41.7242,41.0224,41.1978,20384868.0
2019-08-07,40.6188,41.1276,40.3293,40.996,24591094.0
2019-08-08,40.4521,41.5575,40.2767,41.3821,24801991.0
2019-08-09,41.1803,41.2329,40.1626,40.3381,19904721.0
2019-08-12,40.1451,40.417,39.8643,40.0047,14542759.0
2019-08-13,39.9082,41.2768,39.7942,41.0926,23544395.0
2019-08-14,40.3644,40.9083,40.0486,40.2416,19246207.0
2019-08-15,40.5048,40.5135,39.8556,40.0924,18607186.0
2019-08-16,40.6451,40.9522,40.4083,40.7943,18316790.0
2019-08-19,41.6189,41.7593,41.268,41.4347,17285483.0
2019-08-20,41.2592,41.3382,40.7592,40.882,18786154.0
2019-08-21,41.3031,41.4873,41.1364,41.3645,13035494.0
2019-08-22,41.4786,41.6102,40.961,41.0399,15505734.0
2019-08-23,40.6627,40.9083,39.3029,39.4432,24813768.0
2019-08-26,40.1363,40.1977,39.6977,39.9696,18057841.0
2019-08-27,40.2942,40.4609,39.917,40.1714,11660803.0
2019-08-28,40.0924,40.2767,39.8029,40.1714,11461813.0
2019-08-29,40.7241,41.4259,40.7065,41.1189,14233822.0
2019-08-30,41.4873,41.926,41.3733,41.5926,11786988.0
2019-09-03,41.3294,41.4259,40.7855,41.2154,11589452.0
2019-09-04,41.7505,42.9436,41.7067,42.9173,16335297.0
2019-09-05,43.8209,44.8912,43.7508,43.9525,24631700.0
2019-09-06,44.0841,44.7333,43.9262,44.6719,13663780.0
2019-09-09,44.7947,45.6457,44.7596,45.2597,16024125.0
2019-09-10,45.0316,45.479,44.5842,45.4615,14896808.0
2019-09-11,45.2685,46.3125,45.0755,46.3125,13612788.0
2019-09-12,46.523,46.7862,45.672,46.5055,16281114.0
2019-09-13,46.2861,46.4967,45.8212,46.0931,13001546.0
2019-09-16,45.5404,45.8738,45.3562,45.7949,9843835.0
2019-09-17,45.6808,45.751,45.0492,45.5755,13758322.0
2019-09-18,45.7334,45.7773,44.8825,45.3913,11793670.0
2019-09-19,45.365,45.6106,45.1808,45.2422,8726223.0
2019-09-20,45.2422,45.5141,44.3912,44.4965,19608082.0
2019-09-23,44.593,44.9439,44.207,44.6544,13511270.0
2019-09-24,44.8298,44.9,43.549,43.7069,21283468.0
2019-09-25,43.6455,44.9263,43.356,44.7596,14894275.0
2019-09-26,44.7246,44.8737,44.1631,44.6719,8853235.0
2019-09-27,44.4175,44.9351,44.1631,44.5491,10831234.0
2019-09-30,44.8912,45.2685,44.6807,45.2071,9375185.0
2019-10-01,45.5931,45.83,44.242,44.5316,14505784.0
2019-10-02,44.1368,44.1894,42.97,43.3297,15639875.0
2019-10-03,43.4262,43.9262,42.5752,43.8911,12434249.0
2019-10-04,44.207,44.7158,43.8911,44.6719,9475188.0
2019-10-07,44.5228,44.9439,44.3561,44.4087,8758516.0
2019-10-08,44.0052,44.2859,43.5227,43.6279,13428649.0
2019-10-09,44.435,44.5579,43.9964,44.2859,8853983.0
2019-10-10,44.2596,45.4264,44.2157,44.8386,10915151.0
2019-10-11,45.6194,46.3125,45.4615,45.6984,17278355.0
2019-10-14,45.5317,45.5755,45.1281,45.3036,9902993.0
2019-10-15,45.5492,46.5581,45.4527,46.1896,15260560.0
2019-10-16,45.9352,46.1107,45.7247,46.0142,10002050.0
2019-10-17,46.1195,46.3563,45.0755,45.4966,13717478.0
2019-10-18,45.4001,45.4615,44.7596,45.0579,13368211.0
2019-10-21,45.2597,45.7685,45.0404,45.7334,8988941.0
2019-10-22,45.5317,45.9001,45.5229,45.6282,10344685.0
2019-10-23,45.1106,45.5843,44.9176,45.3738,12015653.0
2019-10-24,45.6984,45.9966,45.1193,45.8212,15386947.0
2019-10-25,47.567,49.6637,47.3038,49.5321,50859343.0
2019-10-28,49.5321,49.8392,49.1812,49.7953,20679531.0
2019-10-29,49.4883,50.2164,49.3391,49.4269,13408989.0
2019-10-30,49.4883,49.6813,48.7864,49.655,11954746.0
2019-10-31,49.4005,49.6374,48.7952,49.5936,13158729.0
2019-11-01,49.2251,49.6988,48.7952,49.576,12809831.0
2019-11-04,50.0059,50.7077,49.8743,50.541,13443441.0
2019-11-05,50.3825,51.1941,50.1885,50.4884,14717002.0
2019-11-06,50.7133,50.9074,50.2635,50.8104,12317862.0
2019-11-07,51.2073,51.6484,51.0309,51.2073,12454390.0
2019-11-08,51.0221,51.4279,50.5546,51.4014,8723264.0
2019-11-11,51.1103,51.6043,51.0662,51.472,8732832.0
2019-11-12,51.5072,51.8689,51.1897,51.3396,8673227.0
2019-11-13,51.0485,51.1368,50.5898,51.0662,10311301.0
2019-11-14,50.8192,51.1985,50.7839,50.9956,8646719.0
2019-11-15,51.2955,51.7807,50.828,51.1279,11502830.0
2019-11-18,50.8986,51.5866,50.7839,51.3837,11846632.0
2019-11-19,51.5866,51.7366,50.9427,51.472,10246538.0
2019-11-20,51.3308,51.4808,50.5987,51.075,13013541.0
2019-11-21,50.7133,51.4279,50.6428,51.3573,12069740.0
2019-11-22,51.4631,51.7366,50.7133,50.8192,11244688.0
2019-11-25,51.1985,51.9042,51.1632,51.8777,10472521.0
2019-11-26,52.0012,52.16,51.5602,51.9571,12496977.0
2019-11-27,51.5866,51.6837,51.075,51.6131,10627654.0
2019-11-29,51.2603,51.4279,50.978,51.2073,5265817.0
2019-12-02,51.5955,51.7719,50.6957,50.8633,13242640.0
2019-12-03,50.1576,50.1576,49.1784,49.4607,20585732.0
2019-12-04,49.9812,49.9812,49.2755,49.4166,14742230.0
2019-12-05,49.7606,49.7606,49.1873,49.4695,14074911.0
2019-12-06,49.9812,50.2723,49.7695,50.1135,12176900.0
2019-12-09,49.8753,50.2458,49.84,49.8665,8731633.0
2019-12-10,50.0253,50.1311,49.7871,49.9194,12505700.0
2019-12-11,50.1929,50.4311,49.9106,50.3428,14931805.0
2019-12-12,50.0606,51.2073,49.9371,50.7663,22881593.0
2019-12-13,50.7663,51.4631,50.6163,50.978,16440840.0
2019-12-16,51.3485,51.666,50.8545,50.8986,12333566.0
2019-12-17,51.1279,51.2514,50.3958,50.5457,16180380.0
2019-12-18,50.6251,50.6869,50.2282,50.4311,15509704.0
2019-12-19,50.4311,51.1544,50.2458,51.1279,12209508.0
2019-12-20,51.4455,52.0894,51.0662,52.0012,22251877.0
2019-12-23,52.1336,52.7334,52.0806,52.2482,11848012.0
2019-12-24,52.2571,52.4688,52.1865,52.407,4154028.0
2019-12-26,52.407,52.7951,52.3541,52.7687,6951483.0
2019-12-27,52.8569,53.3509,52.8393,52.998,9822562.0
2019-12-30,52.9186,52.9716,52.3805,52.5923,8981486.0
2019-12-31,52.5923,52.8657,52.3629,52.7951,9362613.0
2020-01-02,53.1392,53.7831,53.1215,53.6685,12083525.0
2020-01-03,52.7951,53.545,52.7599,53.0157,10516537.0
2020-01-06,52.5658,53.1039,52.3364,52.8657,11726576.0
2020-01-07,52.7334,52.8128,51.9483,51.9836,15774115.0
2020-01-08,51.9218,52.3276,51.6219,52.0189,16962166.0
2020-01-09,52.1336,52.4952,51.8954,52.31,12508780.0
2020-01-10,52.5482,52.998,51.9307,51.9924,11955082.0
2020-01-13,52.1953,52.7334,52.1159,52.5658,12329476.0
2020-01-14,52.4688,52.6981,52.2041,52.4247,11698386.0
2020-01-15,52.31,52.6187,51.8248,51.9924,13045724.0
2020-01-16,52.2659,52.7863,52.1071,52.6275,14695632.0
2020-01-17,52.8569,52.9275,52.2571,52.5746,15285916.0
2020-01-21,52.7599,54.0301,52.7422,53.4126,20894768.0
2020-01-22,53.8096,55.4415,53.7831,55.3357,22638394.0
2020-01-23,55.4415,56.2001,55.4062,55.8561,27937189.0
2020-01-24,58.7054,61.1224,58.626,60.3991,71686271.0
2020-01-27,58.8553,59.4728,57.8674,57.9468,23159107.0
2020-01-28,58.6436,59.614,58.1673,59.3758,22316321.0
2020-01-29,59.5875,60.0374,58.3702,58.5113,13601585.0
2020-01-30,57.9291,58.6613,57.2763,58.6348,13833924.0
2020-01-31,58.0261,58.2026,56.1649,56.3942,19105254.0
2020-02-03,56.8529,57.3734,56.7206,56.8265,11782678.0
2020-02-04,58.0085,58.2731,57.2675,57.7439,16098784.0
2020-02-05,58.8261,59.6327,58.3296,59.4023,17653860.0
2020-02-06,59.6593,59.748,59.1895,59.4732,12685887.0
2020-02-07,59.2693,59.6593,58.5158,58.5247,11773998.0
2020-02-10,58.1169,58.8615,58.0105,58.8526,11330697.0
2020-02-11,59.1895,60.0228,59.0122,59.7568,12015201.0
2020-02-12,59.9696,60.3596,59.6682,59.8012,10535843.0
2020-02-13,59.3668,59.9696,59.154,59.7834,8067588.0
2020-02-14,59.8189,60.1646,59.2338,59.6327,9615899.0
2020-02-18,59.2072,59.2072,58.4006,58.631,9333913.0
2020-02-19,58.7817,59.5707,58.6665,59.4909,9751513.0
2020-02-20,59.4289,59.6505,57.2304,58.0194,20738142.0
2020-02-21,57.7357,57.8421,56.7694,57.0354,12774590.0
2020-02-24,54.7217,55.6436,54.3583,54.7483,19553533.0
2020-02-25,54.9522,55.2093,52.7094,52.9488,27156849.0
2020-02-26,53.4009,53.915,52.541,52.8779,20082760.0
2020-02-27,51.3974,51.8673,49.4649,49.4915,31489661.0
2020-02-28,48.0466,49.9791,47.5147,49.2167,46354544.0
2020-03-02,49.4738,51.6102,48.3303,51.5747,32603042.0
2020-03-03,51.4506,52.3194,49.1104,49.6156,38765656.0
2020-03-04,50.511,52.0446,49.7841,52.018,20518914.0
2020-03-05,50.5287,52.0002,50.183,50.4933,21378527.0
2020-03-06,48.9153,49.6511,48.348,49.4384,29051279.0
2020-03-09,46.052,46.7258,44.3234,45.0769,43202857.0
2020-03-10,46.8144,47.8693,44.7046,47.8516,27948608.0
2020-03-11,46.4332,47.4615,45.2188,45.795,29262327.0
2020-03-12,42.5505,44.4121,40.2191,40.3698,38838274.0
2020-03-13,42.5239,48.7558,42.32,48.2505,36606637.0
2020-03-16,42.1161,46.318,38.6766,39.5454,40412700.0
2020-03-17,40.5648,45.7684,40.0684,44.3943,37625505.0
2020-03-18,41.3626,44.3678,40.0684,42.2048,39279535.0
2020-03-19,42.3821,43.6408,40.0329,40.7244,34530239.0
2020-03-20,41.2297,43.8093,40.3077,40.6269,39501828.0
2020-03-23,40.8485,44.7578,40.6978,43.9511,37424249.0
2020-03-24,47.0094,48.4366,45.5202,46.451,35792875.0
2020-03-25,46.6017,47.6831,44.2436,45.4404,30552491.0
2020-03-26,45.8659,49.5979,45.795,49.2345,27871303.0
2020-03-27,47.3286,48.4366,46.1496,46.4244,22195158.0
2020-03-30,46.974,49.7309,46.8321,49.1901,23796058.0
2020-03-31,48.5873,49.4649,47.1779,47.9757,28301978.0
2020-04-01,46.4332,48.481,45.5911,45.99,20766024.0
2020-04-02,45.6443,48.3657,45.4049,48.1796,20491482.0
2020-04-03,47.7718,48.871,46.7435,47.9845,16220580.0
2020-04-06,50.1741,52.0978,49.7486,51.7964,22396467.0
2020-04-07,52.7626,54.509,51.6013,51.7698,29258656.0
2020-04-08,52.213,52.7537,51.3354,52.2839,20704817.0
2020-04-09,52.7626,52.9399,49.6954,50.6528,32095685.0
2020-04-13,50.2096,52.0978,50.1475,52.0357,18616518.0
2020-04-14,53.2236,53.9859,52.7537,53.7732,18168620.0
2020-04-15,52.9576,53.0374,51.752,52.1864,15286388.0
2020-04-16,52.9044,54.0391,52.1332,53.8884,17125088.0
2020-04-17,54.9699,55.0763,53.0286,53.5072,18703440.0
2020-04-20,52.6828,53.2236,52.2041,52.4612,14854697.0
2020-04-21,51.7432,51.9471,49.5802,49.9614,19205629.0
2020-04-22,51.6545,53.6313,51.2467,53.2768,16994225.0
2020-04-23,52.9754,53.2768,52.1332,52.3371,20424557.0
2020-04-24,49.8195,52.6562,49.7309,52.5321,41757675.0
2020-04-27,53.002,53.0374,51.752,52.7183,20149165.0
2020-04-28,53.1438,53.3831,51.6457,52.08,19830149.0
2020-04-29,52.6562,54.9876,52.5853,54.7838,23685759.0
2020-04-30,54.4469,54.5533,52.9665,53.1704,15176866.0
2020-05-01,52.213,52.5853,50.8035,50.9454,15136218.0
2020-05-04,50.6351,51.4772,49.917,51.4063,14095639.0
2020-05-05,52.1157,52.5703,51.7234,52.08,13302387.0
2020-05-06,52.6327,53.444,52.5436,52.7576,12348833.0
2020-05-07,53.4262,53.5777,52.5258,52.7486,11280554.0
2020-05-08,53.1587,53.2924,52.6417,53.1944,11224750.0
2020-05-11,53.3103,54.2374,53.23,53.6045,13591171.0
2020-05-12,53.6847,54.0591,52.0176,52.0533,12050812.0
2020-05-13,52.187,52.8021,50.725,51.4738,16041131.0
2020-05-14,51.0994,52.7308,50.0118,52.6684,16998382.0
2020-05-15,51.1796,52.0355,50.7785,51.9552,16190253.0
2020-05-18,53.2924,53.7382,52.918,53.4172,12661592.0
2020-05-19,53.6045,55.0665,53.3548,53.7471,16117226.0
2020-05-20,54.5227,56.5998,54.3979,56.2521,24028740.0
2020-05-21,56.1719,56.8762,55.111,55.2537,17046887.0
2020-05-22,55.2626,55.5568,54.7545,55.5033,11349485.0
2020-05-26,56.7692,57.1793,55.3785,55.5746,16087385.0
2020-05-27,55.5568,56.689,54.4424,56.6622,15615435.0
2020-05-28,56.163,56.5642,54.8169,55.0041,12522379.0
2020-05-29,54.9862,56.7514,54.9328,56.1006,17106905.0
2020-06-01,55.7083,55.8599,54.9684,55.1467,10937967.0
2020-06-02,55.0041,55.4231,54.2196,55.3785,12815958.0
2020-06-03,55.6548,55.7529,54.8525,55.2091,12467998.0
2020-06-04,55.0308,56.582,54.6831,56.1362,16159329.0
2020-06-05,56.4839,58.044,56.3056,57.3576,19472470.0
2020-06-08,57.2684,57.2684,56.1095,56.7603,15027065.0
2020-06-09,56.163,56.7959,56.0738,56.1986,12852166.0
2020-06-10,56.0649,57.313,55.9401,56.9386,14593083.0
2020-06-11,56.1897,56.4304,53.0607,53.2211,19368934.0
2020-06-12,53.551,54.3444,51.8126,52.8913,23398402.0
2020-06-15,52.8913,53.8095,52.2227,53.5777,19397648.0
2020-06-16,54.8258,54.9952,53.0339,53.8452,17137682.0
2020-06-17,54.1483,54.6297,53.5421,53.9254,12066218.0
2020-06-18,53.8006,53.9432,52.8824,53.5599,15325560.0
2020-06-19,54.068,54.282,52.6862,53.1498,25335530.0
2020-06-22,53.0874,53.9789,52.4455,53.5688,16849666.0
2020-06-23,53.6223,53.9076,53.3638,53.4172,16524410.0
2020-06-24,53.1676,53.3192,52.3029,52.6773,17942337.0
2020-06-25,52.5793,52.6773,51.242,52.1603,16857283.0
2020-06-26,52.1424,52.3564,50.8765,51.2599,18227313.0
2020-06-29,51.251,52.0176,50.6002,51.9463,12744229.0
2020-06-30,52.3386,53.4707,52.187,53.337,16517390.0
2020-07-01,53.337,53.5153,52.3831,52.4277,10853254.0
2020-07-02,52.8556,53.3192,52.5703,52.713,10563575.0
2020-07-06,52.294,53.1498,52.2405,53.0785,13403966.0
2020-07-07,52.6862,53.1052,51.8304,51.982,11480614.0
2020-07-08,52.1068,52.3296,51.6432,52.2494,10137407.0
2020-07-09,51.9017,52.3742,51.4382,52.08,15808501.0
2020-07-10,51.6165,53.2122,51.5541,53.0696,13401841.0
2020-07-13,53.3014,54.0413,52.0533,52.2227,14946444.0
2020-07-14,51.7056,52.82,51.1172,52.5793,15858745.0
2020-07-15,52.6238,52.9002,52.08,52.6238,13461893.0
2020-07-16,52.1603,52.918,52.0622,52.7219,9641127.0
2020-07-17,52.9715,53.8986,52.8467,53.4886,12181861.0
2020-07-20,53.5777,54.7188,52.9002,54.5138,12694335.0
2020-07-21,54.8169,55.2091,53.8808,54.1126,13894460.0
2020-07-22,54.6029,55.0665,54.0413,54.4246,13597283.0
2020-07-23,54.6118,55.0397,53.4707,53.8452,21183185.0
2020-07-24,46.4905,46.5172,44.1281,45.0998,155131741.0
2020-07-27,45.4831,45.5901,44.0924,44.1905,88659532.0
2020-07-28,44.1102,44.7788,43.8071,43.8963,46640079.0
2020-07-29,44.1191,44.1281,42.7017,42.8533,51312883.0
2020-07-30,42.6571,43.2366,42.4253,42.7819,33818990.0
2020-07-31,42.9067,43.085,41.8815,42.5502,34932570.0
2020-08-03,43.0672,43.3525,42.5591,43.0583,24539793.0
2020-08-04,43.3525,43.8071,43.2366,43.7982,23039708.0
2020-08-05,44.329,44.329,43.3776,43.611,21207110.0
2020-08-06,43.7995,43.8174,43.1712,43.5931,18040353.0
2020-08-07,43.5661,43.6649,42.8122,43.1084,23298048.0
2020-08-10,43.261,44.329,43.1353,44.1765,22407872.0
2020-08-11,44.5355,44.6342,43.1353,43.252,28667228.0
2020-08-12,43.6828,44.2124,43.2969,44.1495,24410181.0
2020-08-13,44.2034,44.2752,43.4225,43.5841,19027793.0
2020-08-14,43.7367,44.1675,43.6649,43.8803,17680310.0
2020-08-17,44.0777,44.2572,43.7367,43.9162,15820283.0
2020-08-18,44.2034,44.4906,43.6379,43.6649,14594574.0
2020-08-19,43.7905,43.961,43.3058,43.3776,18612190.0
2020-08-20,44.706,45.056,43.979,44.1316,46527826.0
2020-08-21,43.988,44.2572,43.6649,44.2303,20750820.0
2020-08-24,44.2303,44.338,43.8174,44.1046,21325374.0
2020-08-25,44.2483,44.7688,44.1675,44.3649,20856673.0
2020-08-26,44.2931,44.5803,44.1854,44.4726,17191698.0
2020-08-27,44.6701,44.8137,44.1316,44.338,19304823.0
2020-08-28,44.4547,45.5945,44.3919,45.2625,29587202.0
2020-08-31,45.7741,46.2228,45.1637,45.7292,31066788.0
2020-09-01,45.6933,45.7741,45.074,45.5856,20573870.0
2020-09-02,45.9087,47.2819,45.8548,46.896,43983205.0
2020-09-03,47.1563,47.2281,44.9932,45.2266,36660155.0
2020-09-04,45.3343,45.9805,44.4188,44.9483,34128886.0
2020-09-08,44.356,44.7868,43.8444,43.8982,29426357.0
2020-09-09,44.4457,44.8496,44.0149,44.5355,20698945.0
2020-09-10,44.8945,44.9573,43.7187,43.9431,23879149.0
2020-09-11,44.2752,44.9214,43.9341,44.2303,23259765.0
2020-09-14,43.8713,44.6252,43.8444,44.347,18516059.0
2020-09-15,44.6521,45.415,44.6342,44.8765,22780143.0
2020-09-16,45.3343,45.801,45.0201,45.2086,21012124.0
2020-09-17,44.338,45.3163,44.2483,45.1637,20315675.0
2020-09-18,45.1637,45.3253,44.0149,44.7778,28417545.0
2020-09-21,44.2752,44.6521,43.8264,44.6252,19983843.0
2020-09-22,44.7239,45.065,44.4008,44.8316,17151486.0
2020-09-23,44.7329,45.0112,43.6738,43.8174,22061689.0
2020-09-24,43.5751,44.5534,43.4584,44.1226,20030205.0
2020-09-25,43.9521,45.1278,43.7546,44.8227,18524635.0
2020-09-28,45.3343,46.1869,45.0201,46.16,21744545.0
2020-09-29,46.0433,46.4382,45.7292,45.9446,15982938.0
2020-09-30,45.9446,47.0126,45.9087,46.4741,19630254.0
2020-10-01,47.0126,47.3178,46.6626,46.887,16114803.0
2020-10-02,46.2228,46.6536,45.7651,45.783,19551371.0
2020-10-05,46.1151,46.5011,46.0164,46.3934,15485558.0
2020-10-06,46.3934,47.2999,45.9805,46.1061,20041836.0
2020-10-07,46.537,47.4794,46.4831,47.2729,16427638.0
2020-10-08,47.4614,48.0897,47.2729,47.9012,18516818.0
2020-10-09,48.1076,48.332,47.2729,47.4076,19151166.0
2020-10-12,48.0628,48.6462,47.7576,48.3589,20343999.0
2020-10-13,48.709,48.7269,48.1256,48.3141,14933571.0
2020-10-14,48.4846,48.8257,48.0269,48.0628,16406220.0
2020-10-15,47.255,48.4487,47.2281,48.332,13096838.0
2020-10-16,48.3589,49.0949,48.3589,48.6103,17088908.0
2020-10-19,48.9064,50.4681,48.323,48.9872,35248429.0
2020-10-20,49.0052,49.0949,47.8115,47.9551,20939022.0
2020-10-21,47.6678,48.5295,47.4076,48.0179,15253044.0
2020-10-22,47.6768,48.6641,47.6319,48.3769,23176603.0
2020-10-23,43.4136,43.6828,42.7763,43.261,82382354.0
2020-10-26,42.9468,42.9558,41.5108,41.9326,41357290.0
2020-10-27,41.2864,41.6544,40.712,40.9633,39026722.0
2020-10-28,40.353,40.6492,39.6708,39.7157,32510235.0
2020-10-29,39.7516,39.9132,39.4195,39.5901,26991584.0
2020-10-30,39.5721,40.2094,39.1413,39.7427,34463910.0
2020-11-02,40.353,40.4427,39.7067,39.9042,25590808.0
2020-11-03,40.1645,40.8017,40.1196,40.2542,24238814.0
2020-11-04,40.4837,41.424,40.1854,41.0171,25997452.0
2020-11-05,41.7223,41.9302,41.1528,41.2974,24643530.0
2020-11-06,41.1708,41.4059,40.5922,41.0352,25982752.0
2020-11-09,42.1653,42.8072,41.1708,41.2251,37369235.0
2020-11-10,41.1166,42.0206,40.9087,41.0804,28718405.0
2020-11-11,41.5415,42.0026,41.4601,41.9031,22847408.0
2020-11-12,41.7042,41.7585,40.2758,40.6374,34822279.0
2020-11-13,40.6555,41.207,40.6555,41.0985,25646348.0
2020-11-16,41.5957,42.2647,41.3968,41.7585,27585691.0
2020-11-17,41.3788,41.6952,41.0443,41.1618,23853267.0
2020-11-18,41.1799,41.3064,40.7188,40.7369,25689576.0
2020-11-19,40.6103,41.2884,40.4114,41.2432,18210078.0
2020-11-20,41.2793,41.4782,40.981,41.0352,16405852.0
2020-11-23,41.1166,41.7766,41.0895,41.6409,21176047.0
2020-11-24,41.8489,42.762,41.5957,42.4998,24173803.0
2020-11-25,42.5269,42.6535,42.102,42.536,17414522.0
2020-11-27,42.8253,43.4852,42.8162,42.8976,12833610.0
2020-11-30,42.8976,43.8468,42.7258,43.7112,24812462.0
2020-12-01,44.1181,45.4109,44.0367,44.8052,39956743.0
2020-12-02,44.3712,45.2572,44.3712,45.1125,24658835.0
2020-12-03,45.1306,46.2064,45.004,46.098,30059242.0
2020-12-04,46.1251,47.5987,46.107,46.993,29933204.0
2020-12-07,46.0799,46.3692,44.8052,45.3837,32843652.0
2020-12-08,45.0854,45.8539,45.0312,45.8267,21084771.0
2020-12-09,45.438,45.9623,44.9588,45.2662,24140464.0
2020-12-10,44.8684,45.8539,44.8323,45.438,20209042.0
2020-12-11,45.3385,45.3385,44.3983,44.9588,20524360.0
2020-12-14,45.0131,46.4144,44.9679,45.6278,20154215.0
2020-12-15,46.0799,46.116,45.3928,45.7996,18016084.0
2020-12-16,45.8448,46.5229,45.8177,46.2155,18839955.0
2020-12-17,46.2878,46.3963,45.4018,45.7906,14433969.0
2020-12-18,45.7092,45.8177,42.5902,42.9066,55738195.0
2020-12-21,41.8579,41.9935,40.8996,41.9122,43214466.0
2020-12-22,41.8398,41.8941,41.3697,41.7404,21753157.0
2020-12-23,41.7675,42.5179,41.65,42.102,17342240.0
2020-12-24,42.1291,42.5721,41.8941,42.554,9611962.0
2020-12-28,42.7077,43.0694,42.3642,42.554,15886801.0
2020-12-29,42.6625,45.8087,42.0297,44.6515,74951524.0
2020-12-30,44.4706,44.4706,43.9011,44.0729,26296204.0
2020-12-31,44.0457,45.3747,44.0457,45.0402,21977495.0
2021-01-04,45.1035,46.4596,44.6605,44.9046,30227227.0
2021-01-05,44.7057,45.9533,44.5972,45.7544,18597354.0
2021-01-06,45.5555,47.1467,45.3837,46.1974,26490450.0
2021-01-07,46.6042,47.6349,46.3782,47.1828,21900691.0
2021-01-08,47.4179,47.4902,46.3511,46.6946,24489639.0
2021-01-11,46.3692,47.228,46.333,46.5952,19300677.0
2021-01-12,46.9206,48.6836,46.6133,48.1321,30950892.0
2021-01-13,53.7915,54.4695,51.4409,51.4861,92400268.0
2021-01-14,52.7518,54.3701,52.2908,53.5655,59395611.0
2021-01-15,53.2039,53.9271,51.9834,52.0557,37746562.0
2021-01-19,52.4264,52.7428,51.6218,52.4264,21947742.0
2021-01-20,52.7157,53.5384,52.5168,53.0411,20015013.0
2021-01-21,53.4208,57.8146,52.6343,56.4675,62141886.0
2021-01-22,53.1677,53.9,51.2149,51.224,70859716.0
2021-01-25,50.998,51.0793,48.8734,50.121,48939487.0
2021-01-26,49.9764,50.8081,49.5876,49.9131,24956214.0
2021-01-27,49.3797,49.5876,48.1863,48.4485,34046593.0
2021-01-28,49.5334,51.893,49.452,50.6815,39461721.0
2021-01-29,50.6273,51.676,50.0397,50.1843,27728918.0
2021-02-01,50.5821,51.8839,50.3651,51.2511,20085364.0
2021-02-02,51.7031,52.6885,51.4229,52.4354,17552355.0
2021-02-03,52.3644,52.7373,51.8732,52.1461,14013719.0
2021-02-04,52.3985,53.5536,52.0165,53.4718,18455780.0
2021-02-05,53.6628,53.7355,52.8624,52.9169,15090399.0
2021-02-08,53.0988,53.8629,52.7077,53.8083,17792218.0
2021-02-09,53.4536,53.9447,52.6896,53.4627,19019362.0
2021-02-10,53.9174,54.0448,52.8624,53.5354,11910058.0
2021-02-11,53.7446,55.4727,53.5354,55.1726,21499488.0
2021-02-12,55.0998,56.8552,54.9634,56.2186,20661682.0
2021-02-16,56.3914,57.1827,56.1185,56.8189,17474803.0
2021-02-17,55.9366,56.5642,55.6728,56.2549,13286546.0
2021-02-18,55.0725,56.3732,55.0725,56.0367,13919275.0
2021-02-19,56.3186,57.5374,56.2549,57.31,20908592.0
2021-02-22,56.3004,57.0281,55.1726,55.2181,24961365.0
2021-02-23,55.0089,55.9366,53.8174,55.591,21317992.0
2021-02-24,55.0725,57.5556,54.9179,57.4737,18175611.0
2021-02-25,56.7643,57.7921,54.6905,54.9361,26716170.0
2021-02-26,55.3909,56.1094,54.2812,55.2817,22289532.0
2021-03-01,56.0912,57.3737,56.073,57.1918,20587758.0
2021-03-02,57.1918,57.4283,55.5819,55.7001,16684212.0
2021-03-03,55.2635,55.9548,54.2994,54.4813,20655510.0
2021-03-04,54.4268,54.7906,52.6623,53.0534,29530049.0
2021-03-05,53.8992,55.6456,53.2171,55.2454,28779093.0
2021-03-08,54.9543,56.1185,54.3176,54.4359,20860034.0
2021-03-09,55.6456,57.4555,55.3363,57.0008,24055105.0
2021-03-10,57.5374,58.3196,56.5096,56.6188,20115211.0
2021-03-11,57.2463,58.2923,56.7461,57.5829,21488462.0
2021-03-12,56.8916,57.5738,56.6097,57.21,14871402.0
2021-03-15,57.692,58.1013,56.828,58.0195,13504409.0
2021-03-16,58.3469,59.7931,58.2832,58.9199,22541507.0
2021-03-17,58.3924,60.2933,57.9467,59.8294,22561614.0
2021-03-18,59.693,59.7567,57.8921,57.9649,20576094.0
2021-03-19,57.4828,59.1109,57.2282,57.9922,27195612.0
2021-03-22,58.9563,60.3752,58.7198,59.693,21923255.0
2021-03-23,60.075,60.075,57.4555,57.7375,21690784.0
2021-03-24,60.5662,61.3393,56.3823,56.4278,60145298.0
2021-03-25,56.1185,56.7916,55.4546,56.4096,25495936.0
2021-03-26,56.2004,59.0927,56.1822,59.0018,26112381.0
2021-03-29,58.2832,59.2382,57.8557,58.6652,18431961.0
2021-03-30,58.0013,58.2105,57.4373,58.0013,14570404.0
2021-03-31,58.2195,58.6561,57.8284,58.2105,22029599.0
2021-04-01,58.8744,59.0199,57.8194,58.7107,20377224.0
2021-04-05,59.0199,60.7026,58.8471,60.5207,17339455.0
2021-04-06,60.0841,60.5571,59.3838,59.6293,15100477.0
2021-04-07,59.7294,60.548,59.4474,60.2569,13294711.0
2021-04-08,60.9027,61.2028,60.357,60.9845,12781013.0
2021-04-09,60.8754,62.2124,60.6025,62.0851,18830730.0
2021-04-12,61.9487,62.2943,58.8562,59.4929,40706425.0
2021-04-13,59.693,59.7021,58.4015,59.3201,19783922.0
2021-04-14,59.4383,59.4656,58.0649,58.3833,16422380.0
2021-04-15,58.165,59.3201,57.9103,59.1382,18045785.0
2021-04-16,59.4201,59.593,58.7289,58.8926,13974388.0
2021-04-19,58.8471,58.8835,57.3646,57.8739,15428578.0
2021-04-20,57.883,57.9922,56.7643,57.0281,12995133.0
2021-04-21,57.0008,58.0104,56.6642,57.9376,11413724.0
2021-04-22,57.692,58.1286,56.646,56.9098,24845012.0
2021-04-23,53.8901,54.5723,52.6623,53.8811,65066379.0
2021-04-26,53.781,54.1357,53.1716,53.4445,30577452.0
2021-04-27,53.2808,53.3262,52.544,52.7259,26310074.0
2021-04-28,52.2985,52.8988,51.9801,52.4076,23873484.0
2021-04-29,52.7259,53.0261,52.2712,53.0079,17232574.0
2021-04-30,52.3985,53.1443,51.9074,52.3257,20884165.0
2021-05-03,52.5986,52.6441,51.6982,52.0802,17194053.0
2021-05-04,51.7345,51.8255,50.7613,51.7527,26298279.0
2021-05-05,51.8537,52.1191,51.3504,51.7073,14138044.0
2021-05-06,51.7599,52.3913,51.467,52.3364,15440502.0
2021-05-07,52.7848,53.0868,52.3822,52.7757,14871938.0
2021-05-10,52.2998,52.373,51.1376,51.2199,19643391.0
2021-05-11,50.3689,50.9088,49.6917,50.3689,26728068.0
2021-05-12,49.8198,50.012,48.8864,49.0694,22436353.0
2021-05-13,49.4629,49.774,48.923,49.4263,22617999.0
2021-05-14,50.0028,51.1101,49.6459,50.6526,20465819.0
2021-05-17,50.5977,51.1467,50.1126,50.6343,11776921.0
2021-05-18,51.2016,51.3755,50.1492,50.1858,13122433.0
2021-05-19,49.4812,50.7258,49.2707,50.6617,15818432.0
2021-05-20,50.918,51.467,50.6617,51.2016,15396011.0
2021-05-21,51.6501,51.8971,51.2291,51.3206,13030265.0
2021-05-24,51.7324,52.5194,51.6135,52.1259,13798445.0
2021-05-25,52.675,52.675,51.6318,52.0436,12369789.0
2021-05-26,52.2357,52.373,51.7782,52.0893,10950721.0
2021-05-27,52.2632,52.9678,52.1625,52.8306,17042148.0
2021-05-28,52.7482,52.7574,52.1076,52.2723,14489440.0
2021-06-01,52.7208,52.9129,51.7873,52.0619,15343750.0
2021-06-02,52.0802,52.794,51.9338,52.6018,11781963.0
2021-06-03,52.1442,52.254,51.3206,51.467,15260970.0
2021-06-04,51.8056,52.8489,51.7507,52.5011,14918994.0
2021-06-07,52.5377,52.5652,51.9521,52.2449,10309152.0
2021-06-08,52.5011,52.7482,51.7965,52.1625,17843186.0
2021-06-09,52.4828,52.6018,52.1351,52.1625,9580724.0
2021-06-10,52.3364,53.1051,52.0893,52.5103,14488244.0
2021-06-11,52.5926,53.0228,52.1168,52.9404,12480954.0
2021-06-14,53.096,53.2607,52.373,53.2515,11444044.0
2021-06-15,53.2332,53.462,52.8946,53.0685,14739478.0
2021-06-16,53.2149,53.4163,51.9429,52.3639,15275826.0
2021-06-17,52.1991,52.9862,51.888,52.3273,14063681.0
2021-06-18,51.888,51.9429,50.4238,50.9454,32064932.0
2021-06-21,50.8905,51.284,50.6709,51.1284,13894174.0
2021-06-22,51.1742,51.5036,50.7898,51.1284,13575331.0
2021-06-23,51.101,51.2291,50.5427,50.5702,15856964.0
2021-06-24,50.7807,51.3389,50.6434,51.3115,15287153.0
2021-06-25,51.2657,51.6226,51.0095,51.165,13237147.0
2021-06-28,51.5768,52.8306,51.5585,52.6018,17725583.0
2021-06-29,52.6567,52.9221,51.1376,51.9338,21469225.0
2021-06-30,51.5677,51.5952,50.6892,51.3755,22597325.0
2021-07-01,51.3298,51.8331,51.1284,51.2566,18064035.0
2021-07-02,51.7507,52.1534,51.5402,51.9429,12269708.0
2021-07-06,52.0893,52.1717,50.9729,51.3298,14145830.0
2021-07-07,51.5219,51.6592,50.9729,51.2108,10551943.0
2021-07-08,50.497,50.9912,50.1401,50.6892,13573434.0
2021-07-09,50.7715,51.3481,50.616,51.2382,12656975.0
2021-07-12,51.4853,51.9429,51.3481,51.9154,11155086.0
2021-07-13,51.7324,52.4371,51.5585,52.0436,11970895.0
2021-07-14,52.3181,52.5835,51.5494,51.7233,9785574.0
2021-07-15,51.4945,51.6135,50.8539,51.0735,13813856.0
2021-07-16,51.3298,52.0985,50.2408,50.3048,18062956.0
2021-07-19,49.71,50.1584,49.408,50.0028,17811532.0
2021-07-20,50.2316,50.8447,49.6551,50.5519,14235695.0
2021-07-21,50.497,51.5036,50.3414,51.4579,12395787.0
2021-07-22,51.3023,51.7416,50.9546,51.2108,19182382.0
2021-07-23,50.0303,50.0669,47.8797,48.502,58365843.0
2021-07-26,48.319,49.9113,48.2824,49.7008,22811254.0
2021-07-27,48.6759,48.685,47.8706,48.6667,29082949.0
2021-07-28,48.5386,49.3439,48.4471,48.5661,21354001.0
2021-07-29,48.8498,49.5086,48.7948,49.1426,12928588.0
2021-07-30,49.0968,49.3256,48.7308,49.1609,11123750.0
2021-08-02,49.4354,49.8472,48.987,49.1243,12759525.0
2021-08-03,49.3165,49.5636,48.7399,49.472,11311477.0
2021-08-04,49.648,49.823,49.1414,49.3256,12395530.0
2021-08-05,49.7194,49.7562,49.351,49.6365,10832167.0
2021-08-06,49.5904,49.8575,49.4891,49.6641,11651681.0
2021-08-09,49.8115,50.1154,49.5812,49.7839,11250756.0
2021-08-10,49.9589,50.097,49.2865,49.6825,12134657.0
2021-08-11,49.9773,50.0694,49.5904,49.8668,10932808.0
2021-08-12,49.8944,49.9036,49.047,49.3141,11729961.0
2021-08-13,49.2957,49.3325,48.8628,49.2681,12195809.0
2021-08-16,49.0286,49.2681,48.8167,49.2496,11648543.0
2021-08-17,48.9733,48.9825,48.0983,48.5312,16721779.0
2021-08-18,48.4483,48.8444,47.997,48.0707,10769242.0
2021-08-19,47.9693,48.5128,47.5088,48.3009,16713280.0
2021-08-20,48.043,48.2457,47.3614,47.9049,20498396.0
2021-08-23,48.4299,49.3141,48.3378,49.0286,16583565.0
2021-08-24,49.3233,49.7102,49.1023,49.5628,13513037.0
2021-08-25,49.8575,49.9496,49.4891,49.5628,11010815.0
2021-08-26,49.5075,49.5075,48.7891,48.9365,13240174.0
2021-08-27,49.0654,49.6825,48.743,49.6365,11087362.0
2021-08-30,49.9681,50.5391,49.5167,49.6825,10615136.0
2021-08-31,50.1339,50.1983,49.4246,49.7931,12492996.0
2021-09-01,49.8391,49.8852,49.3049,49.4338,13973462.0
2021-09-02,49.5628,49.6365,49.1391,49.4891,10312463.0
2021-09-03,49.2128,49.8115,49.1023,49.2865,9778179.0
2021-09-07,49.3602,49.6917,49.222,49.4154,10432111.0
2021-09-08,49.4615,49.6641,48.8075,49.3417,14572102.0
2021-09-09,49.4246,49.6365,49.1299,49.1852,10100332.0
2021-09-10,49.5996,50.6405,49.5628,49.5904,15091763.0
2021-09-13,50.2904,51.1102,50.1154,50.6497,16656662.0
2021-09-14,50.9997,51.0641,49.9865,50.2168,13779024.0
2021-09-15,50.3549,50.797,50.1247,50.7694,11239463.0
2021-09-16,50.4747,50.6128,49.9589,50.5023,13100319.0
2021-09-17,50.1983,50.2812,49.4246,49.9773,18361252.0
2021-09-20,49.0746,49.2773,48.1904,48.7983,20960008.0
2021-09-21,49.0838,49.2312,48.6602,48.697,12229352.0
2021-09-22,49.1299,49.6181,48.8167,49.2773,11733860.0
2021-09-23,49.4523,50.0141,49.3694,49.7654,11589774.0
2021-09-24,49.5352,50.1339,49.4891,49.9404,8589916.0
2021-09-27,49.6733,50.5391,49.572,50.3457,9716553.0
2021-09-28,49.8944,50.2812,49.701,49.7378,16501446.0
2021-09-29,49.7378,49.7839,48.9825,49.2681,14917588.0
2021-09-30,49.4983,49.7194,49.0562,49.0746,14153527.0
2021-10-01,49.397,49.8391,48.8628,49.6089,12323273.0
2021-10-04,49.6733,50.0418,48.8904,49.2496,16271483.0
2021-10-05,49.3233,50.051,49.2496,49.6917,13027119.0
2021-10-06,49.2588,49.8023,48.8812,49.7194,13636912.0
2021-10-07,50.0418,50.6497,49.8483,49.9036,13516906.0
2021-10-08,50.2444,50.272,49.4615,49.5628,11575011.0
2021-10-11,49.6733,50.1154,49.2036,49.222,10089955.0
2021-10-12,49.3786,49.4799,47.9049,48.0522,21325439.0
2021-10-13,48.2825,48.4299,47.7667,48.1351,12600342.0
2021-10-14,48.7615,49.7378,48.568,49.6457,18051457.0
2021-10-15,49.7931,50.1891,49.5536,50.1615,14086845.0
2021-10-18,49.9128,50.2536,49.4799,50.1707,11414334.0
2021-10-19,50.3181,50.8615,50.0786,50.8523,13444200.0
2021-10-20,50.8891,51.1102,50.7326,50.9997,13199482.0
2021-10-21,50.6497,51.6444,50.5023,51.5799,20275124.0
2021-10-22,46.3667,46.5601,45.2614,45.5561,90017161.0
2021-10-25,45.8969,46.118,45.418,45.5101,35544942.0
2021-10-26,45.5285,45.5561,44.1469,44.4693,50678093.0
2021-10-27,44.6903,44.9667,44.0916,44.1101,31959867.0
2021-10-28,44.3864,44.543,44.1009,44.2851,22931306.0
2021-10-29,44.3127,45.3904,44.1377,45.1325,33018753.0
2021-11-01,45.5009,45.6851,45.1325,45.639,21314307.0
2021-11-02,45.7035,45.9614,45.3443,45.9246,20268413.0
2021-11-03,45.9861,46.4684,45.7821,46.4127,16789254.0
2021-11-04,46.5681,46.6979,46.1229,46.6608,17439126.0
2021-11-05,46.8834,47.8387,46.8742,47.2266,23964544.0
2021-11-08,47.7181,48.219,47.3564,47.8109,22653522.0
2021-11-09,47.8016,48.0149,47.0782,47.4863,15601155.0
2021-11-10,47.2544,47.6625,47.0318,47.0782,17595169.0
2021-11-11,47.3101,47.3657,46.7536,46.8649,19508765.0
2021-11-12,46.9298,47.208,46.5403,46.6608,15466207.0
2021-11-15,46.7443,46.9576,46.4846,46.6701,17986656.0
2021-11-16,46.7165,47.4399,46.6887,46.9391,20174835.0
2021-11-17,46.9113,47.2451,46.3733,46.5866,17010261.0
2021-11-18,46.5959,46.5959,45.418,46.0765,23693934.0
2021-11-19,46.0487,46.1229,45.6684,45.9281,18762351.0
2021-11-22,45.956,47.1617,45.8261,46.2157,24043036.0
2021-11-23,46.5124,46.7907,45.112,45.5386,29357286.0
2021-11-24,45.3067,46.1693,45.1027,46.1507,18180135.0
2021-11-26,45.3438,45.6128,44.6204,45.2418,18199016.0
2021-11-29,45.7241,46.4939,45.1862,46.3733,23492132.0
2021-11-30,45.9096,46.7443,45.1491,45.6313,25331265.0
2021-12-01,46.2249,46.6608,45.0007,45.0749,26680829.0
2021-12-02,45.1212,46.1878,44.8245,45.9096,24438097.0
2021-12-03,46.0487,46.429,45.2233,45.6777,22176568.0
2021-12-06,45.891,47.4956,45.6128,47.2915,29043597.0
2021-12-07,50.6953,51.0107,48.423,48.7569,71964227.0
2021-12-08,48.7569,49.0444,47.6532,47.9964,27824974.0
2021-12-09,47.5883,47.848,46.7721,46.8185,21760511.0
2021-12-10,47.1709,47.3657,46.4197,46.9205,15839879.0
2021-12-13,47.1617,47.3193,46.3269,46.3733,19408025.0
2021-12-14,46.2064,46.6237,45.7426,46.0951,21930561.0
2021-12-15,46.2528,47.0967,45.7426,46.9947,23138790.0
2021-12-16,47.0504,47.6718,46.902,47.1431,24121533.0
2021-12-17,46.9205,47.3193,46.3826,46.9484,23746824.0
2021-12-20,46.2991,46.4939,45.4088,46.0023,22297364.0
2021-12-21,46.3362,47.1524,46.3177,47.0875,24360647.0
2021-12-22,46.9576,47.3193,46.5681,47.273,12225679.0
2021-12-23,47.375,47.9778,47.3472,47.5883,13476173.0
2021-12-27,47.6625,48.2839,47.579,48.1726,13496479.0
2021-12-28,48.2375,48.3395,47.8851,48.0057,11940265.0
2021-12-29,48.052,48.3581,47.9129,48.0706,10729194.0
2021-12-30,48.1633,48.3581,47.9036,47.9871,11950889.0
2021-12-31,48.117,48.3766,47.7274,47.7645,10221556.0
2022-01-03,47.8758,49.369,47.8573,49.3505,23486270.0
2022-01-04,49.6658,50.0275,48.8311,49.2856,36286272.0
2022-01-05,50.2594,52.0958,49.9255,49.9626,48077885.0
2022-01-06,50.6397,50.7046,49.536,50.0925,23312058.0
2022-01-07,50.2872,50.4449,49.2948,49.5638,21339839.0
2022-01-10,50.0554,51.2982,49.4432,51.2054,33124440.0
2022-01-11,51.4744,52.0123,50.7602,51.8546,31310365.0
2022-01-12,52.0865,52.1978,50.8344,51.697,22826105.0
2022-01-13,51.9196,52.1329,50.7973,50.955,22333034.0
2022-01-14,50.8715,51.7248,50.5747,51.6599,18238246.0
2022-01-18,51.3167,51.6135,50.7139,50.7881,20924179.0
2022-01-19,50.6675,50.8715,49.6751,49.7307,18547537.0
2022-01-20,49.9533,50.1667,48.1726,48.2654,19837828.0
2022-01-21,48.3674,49.2763,48.1819,48.2654,32455457.0
2022-01-24,47.746,48.3488,46.262,48.1726,44063145.0
2022-01-25,47.3101,47.8758,46.6052,47.3008,31209029.0
2022-01-26,47.4214,48.896,47.0689,47.9407,38369216.0
2022-01-27,46.3548,46.429,44.3143,44.5648,71938637.0
2022-01-28,44.2494,44.7039,42.9417,44.268,49037010.0
2022-01-31,44.2216,45.3253,43.8692,45.2789,29784116.0
2022-02-01,45.2418,45.4737,44.8523,45.3995,24464104.0
2022-02-02,44.7503,45.9838,44.6019,45.9189,26258427.0
2022-02-03,45.6939,46.0958,44.75,44.7781,28286678.0
2022-02-04,44.736,45.0818,44.0445,44.8669,23195811.0
2022-02-07,44.979,45.4743,44.8201,45.0257,17168784.0
2022-02-08,44.8388,45.736,44.7641,45.6145,16950688.0
2022-02-09,46.1004,46.6985,45.6238,46.6425,21070630.0
2022-02-10,45.8855,46.6705,45.5678,45.6612,22717445.0
2022-02-11,45.7453,45.8948,44.3902,44.5117,25706346.0
2022-02-14,44.7828,45.0257,44.0258,44.465,20042495.0
2022-02-15,44.5772,45.2874,44.1005,45.2687,25192541.0
2022-02-16,44.9229,45.3154,44.4837,45.0725,20047460.0
2022-02-17,44.7267,45.1005,44.2781,44.4557,21879570.0
2022-02-18,43.1006,43.1847,41.596,42.0913,59886909.0
2022-02-22,41.7642,42.4371,40.9792,41.7642,43455578.0
2022-02-23,42.2128,42.7174,41.6334,41.7268,29744107.0
2022-02-24,41.0259,43.7267,40.7643,43.6613,55003180.0
2022-02-25,43.8576,44.6613,43.2221,44.5865,31578748.0
2022-02-28,43.923,44.6893,43.7828,44.5772,26648704.0
2022-03-01,44.4089,44.7641,43.194,43.7548,40703273.0
2022-03-02,44.4089,45.7827,44.3716,45.6706,38560498.0
2022-03-03,45.0164,45.3715,44.5024,44.7921,27347823.0
2022-03-04,44.2688,45.1098,44.2688,44.9229,29686035.0
2022-03-07,44.8295,45.3622,44.4837,44.5585,31640047.0
2022-03-08,44.5772,45.5304,43.8202,44.3902,34227894.0
2022-03-09,45.2407,45.2874,43.8108,44.5117,26868387.0
2022-03-10,44.1473,44.2314,43.1286,43.6052,22747201.0
2022-03-11,44.0538,44.1847,42.7642,42.8296,18915187.0
2022-03-14,42.895,42.9698,41.3997,41.4932,23863449.0
2022-03-15,41.5867,41.9605,41.1848,41.8764,25053032.0
2022-03-16,42.3343,43.5772,42.3062,43.5772,27979773.0
2022-03-17,43.3249,44.194,42.7361,44.0538,20097859.0
2022-03-18,43.7548,44.4837,43.3155,44.3435,23890930.0
2022-03-21,44.3622,44.7547,43.9791,44.2874,20854995.0
2022-03-22,44.3809,45.2967,44.2968,45.222,20156660.0
2022-03-23,45.3154,46.3341,44.9136,45.1098,30014614.0
2022-03-24,45.4743,48.2686,45.4089,48.2405,41487045.0
2022-03-25,47.3714,48.5769,47.1471,48.4368,25807537.0
2022-03-28,47.9975,48.1938,47.2499,48.1377,17419347.0
2022-03-29,48.5956,48.8667,47.9134,48.8293,19387119.0
2022-03-30,48.8199,49.0723,47.8667,48.063,16679277.0
2022-03-31,47.848,47.9041,46.2687,46.3154,30726271.0
2022-04-01,46.5677,46.6331,44.222,44.9603,38019333.0
2022-04-04,45.0538,46.007,44.7734,45.979,15143953.0
2022-04-05,45.6332,45.7734,44.8762,44.979,18169707.0
2022-04-06,44.3342,45.0164,44.1473,44.4276,21069034.0
2022-04-07,44.3622,44.7734,43.708,44.4463,17958340.0
2022-04-08,44.1847,44.465,43.7735,43.9417,15435200.0
2022-04-11,43.8669,44.2033,43.4838,43.5211,22110730.0
2022-04-12,44.222,44.7734,43.3716,43.4557,20050257.0
2022-04-13,43.6893,44.1753,43.5024,43.9323,15029745.0
2022-04-14,43.68,43.6893,42.6333,42.6801,26121969.0
2022-04-18,42.5492,43.8202,42.5399,43.5866,19078271.0
2022-04-19,43.5492,44.8575,43.3062,44.7921,22696179.0
2022-04-20,45.1939,45.5584,44.8295,44.9603,16708088.0
2022-04-21,45.4369,45.6986,44.2968,44.3902,20146739.0
2022-04-22,44.3996,44.5304,43.4557,43.4931,18641670.0
2022-04-25,43.1847,44.0538,43.1567,43.9791,27522362.0
2022-04-26,43.6333,43.7735,42.5305,42.5399,22516072.0
2022-04-27,42.4745,43.0445,42.0633,42.2595,21235050.0
2022-04-28,42.7922,44.1753,42.5586,43.7735,26955272.0
2022-04-29,42.0446,42.3904,40.6521,40.7362,53009092.0
2022-05-02,40.8577,42.0446,40.6615,42.0165,34029397.0
2022-05-03,41.8483,42.5118,41.3343,42.11,30890115.0
2022-05-04,42.0991,43.5873,41.4868,43.4931,35422417.0
2022-05-05,42.9515,43.2435,41.5669,42.0096,38401193.0
2022-05-06,41.906,42.5276,41.2937,41.727,31344126.0
2022-05-09,41.2655,41.6328,40.3801,40.5684,31994218.0
2022-05-10,41.7835,42.1414,40.9735,41.4538,32097689.0
2022-05-11,41.4633,41.7176,40.2953,40.3424,28703104.0
2022-05-12,40.2482,40.4177,39.57,40.3518,31942393.0
2022-05-13,40.8981,41.2937,40.4742,41.0677,21779082.0
2022-05-16,40.8699,41.0771,40.2953,40.5779,18689498.0
2022-05-17,41.2749,41.84,41.1148,41.8212,20406422.0
2022-05-18,41.4256,41.4256,39.7678,39.8903,24223632.0
2022-05-19,39.7961,40.2199,39.2968,39.57,22595606.0
2022-05-20,39.7961,39.8337,37.9687,39.2309,33722282.0
2022-05-23,39.2592,39.7961,38.9201,39.5606,18915451.0
2022-05-24,39.2592,39.457,38.7129,39.2498,19918617.0
2022-05-25,39.0331,40.0504,38.986,39.749,18924781.0
2022-05-26,39.8243,41.143,39.6359,40.9546,20526737.0
2022-05-27,41.0865,41.9625,41.0206,41.9625,18505277.0
2022-05-31,41.6799,42.1509,41.1053,41.84,22152821.0
2022-06-01,42.3016,42.3204,40.9923,41.548,22227415.0
2022-06-02,41.6234,42.2733,41.3879,42.2356,19777205.0
2022-06-03,41.5386,41.6799,40.8228,40.8699,23274126.0
2022-06-06,41.2655,41.4821,40.5779,40.8228,17543163.0
2022-06-07,40.5779,41.0582,40.1823,41.0017,19102165.0
2022-06-08,39.7961,39.8149,38.6469,38.8353,48703596.0
2022-06-09,38.6281,38.9483,37.6862,37.6862,30683835.0
2022-06-10,37.5449,37.7521,36.9044,36.9044,32540068.0
2022-06-13,36.311,36.5559,35.4821,35.5763,34923517.0
2022-06-14,35.8023,35.9813,35.3596,35.727,23307072.0
2022-06-15,36.2827,36.895,35.7176,36.4052,29037713.0
2022-06-16,35.5103,35.5951,34.7851,35.1712,33921720.0
2022-06-17,35.3125,35.9059,34.4742,34.8227,40065696.0
2022-06-21,35.2183,35.8212,35.1524,35.5386,21361125.0
2022-06-22,35.1524,35.5763,35.0582,35.2089,23072148.0
2022-06-23,35.4256,35.435,34.7662,35.2372,22833108.0
2022-06-24,35.6422,36.3957,35.548,36.3675,22916656.0
2022-06-27,36.6124,36.7913,36.2356,36.3863,19778747.0
2022-06-28,36.3392,36.7537,35.548,35.5857,27042540.0
2022-06-29,35.3596,35.4161,34.8698,35.1241,19337791.0
2022-06-30,35.0488,35.7929,34.5873,35.2372,25906067.0
2022-07-01,34.9358,35.0394,33.796,34.2293,31861542.0
2022-07-05,33.8431,34.6061,33.4758,34.559,23843993.0
2022-07-06,34.6814,35.256,34.3424,34.8416,18998961.0
2022-07-07,35.6893,36.1037,35.5386,35.9248,23475493.0
2022-07-08,35.4538,35.9248,35.2183,35.7835,17456340.0
2022-07-11,35.4915,35.5009,34.8793,35.0394,17799383.0
2022-07-12,35.4821,35.5103,34.8416,35.0488,22913263.0
2022-07-13,34.6061,35.256,34.4931,35.0488,21330827.0
2022-07-14,34.8604,35.9436,34.1822,35.5198,29163699.0
2022-07-15,36.0378,36.424,35.5386,36.3769,21902578.0
2022-07-18,36.8196,37.0551,36.2827,36.4617,21718845.0
2022-07-19,37.0268,38.3644,36.9609,37.884,40718233.0
2022-07-20,37.8746,38.3078,37.2623,38.2042,24682613.0
2022-07-21,38.1571,38.289,37.5072,38.2513,22385593.0
2022-07-22,38.0253,38.1571,36.6783,36.9232,31673541.0
2022-07-25,36.9232,37.121,36.311,36.8855,24683677.0
2022-07-26,36.8384,37.2717,36.6218,36.6972,24764174.0
2022-07-27,36.9891,38.0818,36.9515,37.8463,29546310.0
2022-07-28,37.7615,37.7898,36.7725,37.4036,35769332.0
2022-07-29,33.5417,34.4931,33.1932,34.2011,100181292.0
2022-08-01,33.9562,35.5009,33.9562,34.8133,40838915.0
2022-08-02,34.4742,34.5307,33.9091,33.9185,39272980.0
2022-08-03,33.9898,34.4655,33.2001,34.3989,47002077.0
2022-08-04,34.2609,34.3465,33.6425,33.9279,41681958.0
2022-08-05,33.6425,33.9565,33.4712,33.671,29083050.0
2022-08-08,33.6425,34.2133,33.4903,33.6615,33101292.0
2022-08-09,33.5093,33.5854,32.7291,32.8433,36271294.0
2022-08-10,33.2619,33.6805,32.9099,33.652,30325486.0
2022-08-11,33.8994,34.5273,33.7567,33.8613,26065047.0
2022-08-12,34.0611,34.3846,33.9374,34.3561,26996669.0
2022-08-15,34.3465,34.6605,33.9755,34.5749,19508252.0
2022-08-16,34.4036,34.8032,33.966,34.4322,18862264.0
2022-08-17,34.0706,34.3275,33.5569,34.0421,22882480.0
2022-08-18,33.9565,34.5654,33.8423,34.4417,19167027.0
2022-08-19,34.0611,34.2799,33.4807,33.6615,20673271.0
2022-08-22,33.2905,33.3571,32.0917,32.1963,38253039.0
2022-08-23,32.339,32.7196,32.2629,32.301,23256212.0
2022-08-24,32.32,32.339,31.968,32.2153,18188683.0
2022-08-25,32.2249,33.2334,32.1773,33.1953,21848694.0
2022-08-26,33.2524,33.3285,31.7301,31.7396,29467005.0
2022-08-29,31.6159,31.7872,31.2163,31.34,25187560.0
2022-08-30,31.4352,31.4637,30.5884,30.6931,30827164.0
2022-08-31,30.8263,30.8263,30.2269,30.3696,29513188.0
2022-09-01,30.0556,30.2839,29.6179,30.2173,28394442.0
2022-09-02,30.5979,30.8072,29.5513,29.7036,26566164.0
2022-09-06,29.8653,29.8653,28.8568,28.8853,35030778.0
2022-09-07,28.9234,29.2945,28.5904,29.1613,28859673.0
2022-09-08,28.8949,29.3515,28.4572,29.2564,30203211.0
2022-09-09,29.637,29.97,29.5609,29.9319,26232493.0
2022-09-12,30.1983,30.3125,29.5894,30.0271,30885907.0
2022-09-13,29.3325,29.4277,27.8293,27.8673,49162369.0
2022-09-14,28.1147,28.324,27.6009,27.7627,29766970.0
2022-09-15,27.7341,27.9815,27.3155,27.4392,29612211.0
2022-09-16,27.306,27.8959,27.0396,27.8197,37843952.0
2022-09-19,27.6104,28.0671,27.4963,28.01,25042427.0
2022-09-20,27.6675,27.7531,27.3155,27.5533,24411303.0
2022-09-21,27.6961,28.1527,27.0776,27.0871,32458768.0
2022-09-22,27.0301,27.1157,26.678,26.7066,28044502.0
2022-09-23,26.5639,26.5734,25.8693,26.1833,33576699.0
2022-09-26,26.2214,26.3546,25.5554,25.66,35062878.0
2022-09-27,26.0691,26.2594,25.327,25.5839,34251226.0
2022-09-28,25.5649,25.955,25.308,25.8122,29107430.0
2022-09-29,25.4792,25.5078,24.9084,25.0987,32345289.0
2022-09-30,25.0321,25.2794,24.4898,24.5183,33409300.0
2022-10-03,25.0511,25.9264,24.7942,25.66,32977361.0
2022-10-04,26.0691,26.4497,25.7742,26.3546,31672630.0
2022-10-05,26.0406,26.4878,25.5839,26.2975,23821592.0
2022-10-06,26.1357,26.4116,25.6886,25.8598,24730264.0
2022-10-07,24.8989,25.0035,24.4041,24.4707,42167345.0
2022-10-10,24.68,24.7276,23.8713,23.976,35294061.0
2022-10-11,23.7952,24.2424,23.4908,23.8238,38836988.0
2022-10-12,23.8238,24.2804,23.4622,24.0997,31648140.0
2022-10-13,23.6049,25.5363,23.3956,25.1367,53237903.0
2022-10-14,25.1748,25.3365,24.5088,24.6515,38388930.0
2022-10-17,25.0321,25.4507,24.8989,25.1367,29689450.0
2022-10-18,25.4317,25.6505,24.2995,24.6134,43927016.0
2022-10-19,24.4802,24.975,24.4422,24.7371,26871091.0
2022-10-20,24.8798,25.641,24.68,24.8132,27723414.0
2022-10-21,24.5944,25.7361,24.5373,25.66,39911911.0
2022-10-24,25.4507,26.1452,25.2319,25.8598,35013597.0
2022-10-25,25.8788,26.2214,25.6886,26.0786,25160072.0
2022-10-26,25.8693,26.4497,25.679,25.8884,29639192.0
2022-10-27,26.1357,26.2499,24.8608,24.994,39650227.0
2022-10-28,26.8112,27.8007,26.5068,27.658,73707890.0
2022-10-31,27.6865,27.7627,26.6876,27.0491,43119933.0
2022-11-01,27.4011,27.4487,26.5353,26.9254,36801419.0
2022-11-02,26.8969,27.4487,26.0786,26.0882,40660235.0
2022-11-03,26.1271,26.5321,25.8475,26.0596,30449309.0
2022-11-04,26.5851,27.2312,26.4309,27.1926,34015063.0
2022-11-07,27.3469,27.453,26.8937,27.3951,26105271.0
2022-11-08,27.7423,27.9158,26.9323,27.4626,26553395.0
2022-11-09,27.2119,27.2891,26.5369,26.5369,21198368.0
2022-11-10,27.8483,28.7644,27.6169,28.6969,42098414.0
2022-11-11,27.8869,29.5358,27.8387,29.343,38063921.0
2022-11-14,29.2562,29.883,29.1019,29.2658,29777113.0
2022-11-15,29.9794,30.2205,29.0826,29.613,28739936.0
2022-11-16,29.0633,29.1501,28.3883,28.4751,24011555.0
2022-11-17,28.0316,28.8801,27.9641,28.8223,24501899.0
2022-11-18,29.1598,29.179,28.5523,28.803,17646193.0
2022-11-21,28.6101,28.6583,27.8773,27.9062,25324175.0
2022-11-22,28.0991,28.7933,28.0123,28.7548,18581947.0
2022-11-23,28.668,29.0055,28.4366,28.6101,17653920.0
2022-11-25,28.6101,28.6198,28.2823,28.2919,8521883.0
2022-11-28,28.0701,28.1473,27.5205,27.7037,20588173.0
2022-11-29,27.8194,28.1376,27.7133,27.8676,18250288.0
2022-11-30,27.8291,29.0055,27.2119,28.9958,39759322.0
2022-12-01,29.1405,29.3912,28.4655,28.7644,27448766.0
2022-12-02,28.128,28.3787,27.6844,28.3594,25486663.0
2022-12-05,28.3594,28.6873,27.858,28.128,22671723.0
2022-12-06,28.1666,28.263,27.3276,27.5783,21602377.0
2022-12-07,27.2891,27.5301,27.1444,27.318,19374586.0
2022-12-08,27.3083,27.5783,27.0576,27.4241,20592934.0
2022-12-09,27.3758,27.7519,27.183,27.2312,18896769.0
2022-12-12,27.1251,27.6844,26.8551,27.6651,21726130.0
2022-12-13,28.7258,29.0151,27.3566,27.7037,34204100.0
2022-12-14,27.4916,28.0798,27.0094,27.2505,27931241.0
2022-12-15,26.9805,26.9998,26.1512,26.1801,34437374.0
2022-12-16,26.0451,26.1705,25.5051,25.9584,37577838.0
2022-12-19,25.9391,26.0066,25.5534,25.833,25934910.0
2022-12-20,25.5919,25.9101,25.4762,25.4955,23163446.0
2022-12-21,25.6401,26.0066,25.6305,25.8716,21767070.0
2022-12-22,25.5051,25.5148,24.4444,25.0423,35501195.0
2022-12-23,24.9844,25.2544,24.7627,25.158,19281477.0
2022-12-27,24.9266,25.1677,24.7337,25.0134,20962953.0
2022-12-28,24.9459,25.1869,24.5891,24.6277,20067924.0
2022-12-29,24.8109,25.3509,24.8109,25.2737,22828057.0
2022-12-30,24.9748,25.5148,24.8784,25.4859,24416224.0
2023-01-03,26.0644,26.103,25.428,25.7751,23798290.0
2023-01-04,26.4309,26.9226,26.1898,26.6912,27712594.0
2023-01-05,26.4598,26.7876,26.4019,26.5755,18280044.0
2023-01-06,26.9226,27.8001,26.4019,27.7037,22490799.0
2023-01-09,27.8098,28.803,27.8098,28.263,26284903.0
2023-01-10,28.2148,28.4558,27.8773,28.3883,16080318.0
2023-01-11,28.6005,28.8126,27.9641,28.7837,21771566.0
2023-01-12,28.909,29.2948,28.4173,29.208,20827113.0
2023-01-13,28.8898,29.0923,28.7451,29.0344,18140716.0
2023-01-17,29.1019,29.179,28.4655,28.5426,25514527.0
2023-01-18,28.7355,28.7548,27.6073,27.7808,33804884.0
2023-01-19,27.6073,27.7326,27.2312,27.4048,25599134.0
2023-01-20,27.3469,28.1858,27.2408,28.1762,24803828.0
2023-01-23,28.2726,29.4008,28.1376,29.1887,28654243.0
2023-01-24,28.8705,29.1115,28.668,28.8512,19305444.0
2023-01-25,28.4655,28.8223,28.128,28.6391,21891612.0
2023-01-26,28.9862,29.0344,28.2823,29.0151,32935271.0
2023-01-27,26.1126,27.2312,25.8234,27.1541,124899639.0
2023-01-30,26.7298,27.4916,26.6816,26.9516,45981289.0
2023-01-31,26.7876,27.2794,26.5466,27.2505,32898536.0
2023-02-01,26.8648,28.3787,26.6912,28.0316,48591219.0
2023-02-02,28.2051,29.2176,27.7616,29.1115,46299865.0
2023-02-03,28.5439,30.0665,28.4658,29.2369,44858621.0
2023-02-06,28.8416,28.9392,27.9241,28.0022,38894508.0
2023-02-07,27.9241,28.5683,27.7485,28.3536,41030864.0
2023-02-08,28.256,28.4219,27.5337,27.563,26666558.0
2023-02-09,28.0217,28.1291,26.8993,27.0652,30165155.0
2023-02-10,26.9579,27.319,26.6748,27.1336,24837782.0
2023-02-13,27.2019,27.8656,27.0457,27.8656,20850349.0
2023-02-14,27.7192,28.0315,27.319,27.9534,21711295.0
2023-02-15,27.6801,28.1877,27.4849,28.1584,18331673.0
2023-02-16,27.8168,28.1389,27.4557,27.524,20985893.0
2023-02-17,27.2604,27.3971,26.7236,26.9481,24207404.0
2023-02-21,26.4601,26.6163,25.4158,25.4353,51579243.0
2023-02-22,25.3084,26.2551,24.6935,24.8594,76125135.0
2023-02-23,25.1815,25.4548,24.713,24.9961,44640809.0
2023-02-24,24.6154,24.7423,24.3226,24.5373,34775476.0
2023-02-27,24.9375,24.9765,24.2836,24.3031,31085406.0
2023-02-28,24.3421,24.5178,24.1372,24.3324,34791905.0
2023-03-01,24.4495,25.2986,24.3714,24.7228,40809778.0
2023-03-02,24.6252,25.6695,24.5178,25.5719,39405632.0
2023-03-03,25.5622,25.8452,25.3865,25.7671,27309587.0
2023-03-06,25.8354,25.9038,25.3084,25.367,30586094.0
2023-03-07,25.2206,25.367,24.8887,24.918,28389856.0
2023-03-08,24.9668,25.3865,24.8399,25.3572,27951942.0
2023-03-09,25.3572,26.3332,25.3474,25.8062,45258317.0
2023-03-10,25.894,26.8603,25.6793,26.5675,52887018.0
2023-03-13,26.099,26.6553,25.9721,26.3039,38467131.0
2023-03-14,26.6748,27.4264,26.5967,27.3385,36686333.0
2023-03-15,27.0262,27.8168,26.9969,27.7289,39634043.0
2023-03-16,27.6997,29.5444,27.6997,29.4565,60934109.0
2023-03-17,29.2711,30.2569,28.7342,29.0954,42836314.0
2023-03-20,29.0759,29.1832,27.9437,28.461,30387024.0
2023-03-21,28.295,28.4707,27.2995,27.7777,44383506.0
2023-03-22,27.7777,28.4219,27.4264,27.4557,30161945.0
2023-03-23,27.7192,28.461,27.5435,28.3341,35131550.0
2023-03-24,28.3438,29.0954,28.2267,28.6562,44696123.0
2023-03-27,28.6269,29.0173,28.3829,28.4805,26379041.0
2023-03-28,28.3731,28.6269,27.9437,28.5878,28088792.0
2023-03-29,29.0563,31.1255,29.0368,30.7644,70278078.0
2023-03-30,31.0572,31.799,31.0474,31.3207,58684420.0
2023-03-31,31.0377,32.1113,30.9694,31.8868,45538625.0
2023-04-03,32.1503,32.7555,31.7599,32.1015,46476776.0
2023-04-04,32.0625,33.0288,32.0527,32.3065,42720683.0
2023-04-05,32.0137,32.1991,31.555,32.043,30527251.0
2023-04-06,31.8283,32.2089,31.6819,32.0235,22299644.0
2023-04-10,31.799,31.9747,31.4281,31.7404,20722719.0
2023-04-11,31.8771,32.3163,31.5452,31.5745,20669400.0
2023-04-12,31.9844,32.1015,31.1938,31.2524,26067333.0
2023-04-13,31.106,31.6526,30.8913,31.3598,20967521.0
2023-04-14,31.2426,31.4671,30.9303,31.1255,18089663.0
2023-04-17,31.1841,31.8575,31.0084,31.3695,22521882.0
2023-04-18,31.5842,31.6819,31.0182,31.067,20701039.0
2023-04-19,30.3545,30.7644,30.3349,30.4033,18707004.0
2023-04-20,30.0519,30.5009,29.9738,30.1202,22208574.0
2023-04-21,30.1007,30.1007,29.4956,29.5736,20995249.0
2023-04-24,29.4272,29.642,28.9002,28.949,28747984.0
2023-04-25,28.744,28.8611,28.1779,28.1877,26904436.0
2023-04-26,28.5,29.0954,28.1389,28.3536,29451239.0
2023-04-27,28.0901,29.232,27.8265,29.1442,40650132.0
2023-04-28,31.2134,31.7892,30.0714,30.3154,66072490.0
2023-05-01,30.3642,30.4911,29.5541,29.5736,29870269.0
2023-05-02,29.6127,29.8469,29.0368,29.0563,26720241.0
2023-05-03,29.9054,30.3661,29.5134,29.9152,37402994.0
2023-05-04,29.8515,31.0864,29.7731,30.616,35414647.0
2023-05-05,30.7532,30.7826,30.1161,30.371,26413577.0
2023-05-08,30.1357,30.2239,29.7829,30.1553,20371700.0
2023-05-09,29.7731,29.9691,29.3125,29.4987,21548598.0
2023-05-10,29.6849,29.7927,28.9009,29.3713,26741884.0
2023-05-11,29.0087,29.0871,28.2443,28.2835,32051786.0
2023-05-12,28.4599,28.5187,28.1463,28.3717,18920024.0
2023-05-15,28.3227,29.2341,28.3031,29.2047,20145690.0
2023-05-16,29.0381,29.3027,28.6265,28.6363,16339295.0
2023-05-17,28.9303,28.9695,28.1071,28.2933,31172018.0
2023-05-18,28.4207,29.1655,28.2933,29.0871,27223377.0
2023-05-19,29.0087,29.6359,28.9107,29.3321,28672739.0
2023-05-22,29.2537,29.8417,29.2145,29.6751,20471494.0
2023-05-23,29.4497,29.5967,28.9009,28.9205,22772284.0
2023-05-24,28.7147,28.9009,28.2443,28.4207,19975305.0
2023-05-25,27.6857,27.7249,26.3137,26.8527,62803703.0
2023-05-26,26.8919,28.5089,26.5587,28.4207,55028846.0
2023-05-30,29.1067,29.4399,28.4109,29.3909,41716474.0
2023-05-31,29.1067,31.645,29.0773,30.812,96947010.0
2023-06-01,31.1452,31.302,30.4004,30.5082,42067615.0
2023-06-02,30.7434,30.959,30.2043,30.6846,27657007.0
2023-06-05,30.6944,30.7728,29.2341,29.2635,36892558.0
2023-06-06,29.1753,30.8218,29.0969,30.3416,33921517.0
2023-06-07,30.42,30.7434,30.3122,30.6552,23793536.0
2023-06-08,30.8022,31.2138,30.4396,31.1844,27450228.0
2023-06-09,31.2922,31.351,30.0671,30.714,32036376.0
2023-06-12,30.7728,32.6348,30.7336,32.4094,46570724.0
2023-06-13,33.0856,33.2718,32.4094,33.2326,40597590.0
2023-06-14,33.1836,34.8889,33.1248,34.8693,60991893.0
2023-06-15,34.5263,35.6925,34.5067,35.1045,52640787.0
2023-06-16,35.5749,36.0649,34.8791,35.6435,62930174.0
2023-06-20,36.0551,36.3687,34.0166,34.3009,46895761.0
2023-06-21,34.2322,34.3499,32.1742,32.2428,56637562.0
2023-06-22,32.037,32.576,31.4784,32.0566,35552358.0
2023-06-23,31.5666,32.7818,31.3902,32.3408,35633478.0
2023-06-26,32.5172,33.311,32.429,32.674,30762916.0
2023-06-27,32.625,33.5462,32.3506,33.4188,21260755.0
2023-06-28,32.9386,33.1346,32.3702,32.8994,23146372.0
2023-06-29,32.674,32.674,31.841,32.2526,28084427.0
2023-06-30,32.6936,32.8896,32.4976,32.772,21167232.0
2023-07-03,32.87,33.213,32.478,32.9484,12172998.0
2023-07-05,32.6446,32.6642,31.8508,31.8606,27453628.0
2023-07-06,31.2628,31.4,30.7532,31.3314,27463082.0
2023-07-07,31.3804,31.7626,31.1844,31.2138,16323192.0
2023-07-10,31.2138,32.1742,31.1354,32.086,25903488.0
2023-07-11,32.1546,32.6936,31.8508,32.6348,21737343.0
2023-07-12,33.0072,33.3992,32.3996,33.3012,25130194.0
2023-07-13,33.4678,33.6148,32.9484,33.1934,20818139.0
2023-07-14,33.115,33.1934,32.3408,32.4878,20006174.0
2023-07-17,32.4976,33.9088,32.4094,33.6834,24638710.0
2023-07-18,33.5952,34.0068,33.1542,33.8108,21807087.0
2023-07-19,33.752,34.144,33.6442,33.7716,15973403.0
2023-07-20,33.066,33.5266,32.5662,32.7034,23513258.0
2023-07-21,33.0954,33.5658,32.7524,33.3404,27223911.0
2023-07-24,33.164,33.7716,32.8896,32.9582,19072030.0
2023-07-25,33.0268,33.654,32.7328,33.4188,23875592.0
2023-07-26,33.0464,33.8402,33.0268,33.6736,19255079.0
2023-07-27,34.1048,34.3303,33.4286,33.8598,36636939.0
2023-07-28,36.0159,36.2511,34.8007,36.0943,73130501.0
2023-07-31,36.1433,36.4471,34.9575,35.0555,31238804.0
2023-08-01,35.0849,35.3005,34.5753,35.0849,19343267.0
2023-08-02,34.4479,34.4773,33.5952,33.703,28030044.0
2023-08-03,33.6227,34.3308,33.4456,34.1734,17305402.0
2023-08-04,33.9521,34.975,33.9128,34.562,21124525.0
2023-08-07,34.8177,34.9652,34.1784,34.6505,16373949.0
2023-08-08,34.0997,34.5226,33.303,34.4439,25462903.0
2023-08-09,34.4341,34.5226,33.6669,33.7161,20455314.0
2023-08-10,34.139,34.5128,33.9128,34.1095,20123768.0
2023-08-11,33.8833,34.3751,33.7948,34.3161,21280187.0
2023-08-14,34.0997,35.1226,33.903,35.0931,24412185.0
2023-08-15,34.8275,35.0439,34.1784,34.198,18863404.0
2023-08-16,33.962,34.0603,32.9096,32.9784,25656320.0
2023-08-17,33.0178,33.0374,31.8178,32.0441,28835027.0
2023-08-18,31.7293,32.3686,31.6506,32.2113,16749839.0
2023-08-21,32.0637,32.6244,31.4933,32.5948,34388604.0
2023-08-22,32.6932,33.244,32.2899,32.349,18452438.0
2023-08-23,32.3588,33.5882,32.2604,33.421,20681427.0
2023-08-24,33.1555,33.5292,31.9555,32.0539,24671767.0
2023-08-25,31.9949,32.8506,31.8178,32.703,19180544.0
2023-08-28,32.9391,33.2243,32.6637,33.067,15376207.0
2023-08-29,32.9391,33.9128,32.9194,33.7456,19818367.0
2023-08-30,33.5292,34.0898,33.2145,33.962,15856961.0
2023-08-31,33.7849,34.975,33.7358,34.562,32346552.0
2023-09-01,35.1816,36.1455,35.1422,36.0078,34201765.0
2023-09-05,35.9389,36.7946,35.8602,36.1061,29469808.0
2023-09-06,35.9783,36.4307,35.4373,36.3717,27453708.0
2023-09-07,36.2241,37.7093,36.1455,37.5519,50477591.0
2023-09-08,37.4929,38.1912,37.0897,37.3847,33984043.0
2023-09-11,37.6011,38.1027,37.2175,37.9552,25165976.0
2023-09-12,38.0339,39.4109,38.0142,38.2208,43208102.0
2023-09-13,38.2109,38.506,37.6208,38.0732,23032182.0
2023-09-14,38.1716,38.2601,37.6601,38.0339,22549294.0
2023-09-15,37.7782,37.8863,37.0012,37.2569,33225026.0
2023-09-18,37.0012,37.7585,36.893,37.3651,19687927.0
2023-09-19,37.4044,37.4733,35.4275,35.7422,41766760.0
2023-09-20,35.6242,35.6537,34.0603,34.1194,41269382.0
2023-09-21,33.9817,34.6701,33.8931,34.08,32221864.0
2023-09-22,34.257,34.3161,33.5784,33.6177,19785906.0
2023-09-25,33.4407,33.8046,33.2047,33.7259,16067960.0
2023-09-26,33.5784,34.2079,33.0866,33.2735,22075850.0
2023-09-27,33.362,34.257,33.3227,34.0407,23746886.0
2023-09-28,34.0997,35.0734,33.8145,34.6013,23069010.0
2023-09-29,35.0045,35.3193,34.5718,34.9652,20631173.0
2023-10-02,35.0242,35.3881,34.4046,34.8767,19900939.0
2023-10-03,34.6603,35.9389,34.6603,35.1029,33650884.0
2023-10-04,35.9192,35.9192,34.739,35.339,29652739.0
2023-10-05,35.3783,35.5062,35.0144,35.2996,18499258.0
2023-10-06,35.2603,35.8602,34.6013,35.5947,23773158.0
2023-10-09,35.1127,35.575,34.916,35.4668,14408375.0
2023-10-10,35.5455,36.1356,35.2111,35.8307,17104229.0
2023-10-11,36.0176,36.4209,35.7816,36.2733,13014603.0
2023-10-12,36.1651,36.6077,35.7914,36.234,15488906.0
2023-10-13,36.1258,36.1848,35.2701,35.3783,16058346.0
2023-10-16,35.5455,36.3323,35.4865,35.9586,20142189.0
2023-10-17,35.3291,35.752,34.4931,35.4668,18911223.0
2023-10-18,34.9849,35.4275,34.8669,35.0537,16391523.0
2023-10-19,35.3685,35.7619,34.9357,35.0832,18887575.0
2023-10-20,35.0832,35.6832,34.2964,34.3456,22631330.0
2023-10-23,34.1194,34.6111,32.8407,33.2932,42775488.0
2023-10-24,33.0866,34.139,33.0866,34.021,33626866.0
2023-10-25,33.6079,33.8833,32.0146,32.2899,32628531.0
2023-10-26,32.349,32.6735,31.6113,31.985,35451111.0
2023-10-27,34.0898,35.7816,34.0308,34.9554,66354032.0
2023-10-30,34.8865,35.3685,34.3456,35.1029,28673611.0
2023-10-31,35.0832,35.9684,35.0341,35.8996,28698463.0
2023-11-01,35.8996,36.7061,35.6832,36.6766,26203974.0
2023-11-02,36.9913,37.1979,36.3028,37.0798,24659533.0
2023-11-03,37.3745,37.6902,37.0389,37.5126,20520908.0
2023-11-06,37.5175,37.6952,37.3498,37.4485,16812478.0
2023-11-07,37.7544,38.3859,37.4781,38.2576,22513384.0
2023-11-08,38.2872,38.376,37.2412,37.4189,19168816.0
2023-11-09,37.5471,38.0109,37.2708,37.3004,22621973.0
2023-11-10,37.7346,38.4747,37.7346,38.3464,23423608.0
2023-11-13,37.8728,38.0603,37.6359,37.7248,17288933.0
2023-11-14,38.2774,38.9681,37.5669,38.8892,30868776.0
2023-11-15,39.0964,40.3003,39.047,40.0733,32736398.0
2023-11-16,40.4582,42.8264,40.2805,42.7771,65710555.0
2023-11-17,42.3528,43.231,41.9975,43.231,36495726.0
2023-11-20,43.1817,44.3362,43.1817,44.1487,32039710.0
2023-11-21,43.9612,44.0796,42.7278,43.0633,27654893.0
2023-11-22,43.4481,44.0402,42.9646,43.0929,22824939.0
2023-11-24,43.1027,43.4185,43.0337,43.379,9255052.0
2023-11-27,43.0633,43.9612,43.0633,43.4974,18411557.0
2023-11-28,43.1126,43.8033,43.083,43.6455,17070670.0
2023-11-29,44.0007,44.7408,44.0007,44.3461,26634838.0
2023-11-30,44.0599,44.4941,43.8231,44.1093,21419039.0
2023-12-01,43.7639,43.7737,42.2936,43.1619,30904956.0
2023-12-04,42.7179,42.7376,41.1292,41.7903,33969075.0
2023-12-05,41.3561,41.7311,41.0601,41.366,22016742.0
2023-12-06,41.9186,42.0271,40.6259,40.7246,20247920.0
2023-12-07,41.1982,41.8791,40.6358,41.593,19490096.0
2023-12-08,41.3463,42.3922,41.2574,42.1357,20049693.0
2023-12-11,42.6093,44.1389,42.5107,43.9514,30094567.0
2023-12-12,43.7935,43.8527,43.0534,43.458,20970226.0
2023-12-13,43.4777,44.129,42.7574,43.981,23891461.0
2023-12-14,44.4053,46.4479,44.0599,44.5829,53231013.0
2023-12-15,45.3329,46.6453,45.0664,45.55,50265688.0
2023-12-18,45.55,45.619,44.8,45.0862,19726229.0
2023-12-19,44.9974,46.0631,44.9085,46.0433,22585600.0
2023-12-20,46.0335,46.3295,45.096,45.1552,23293981.0
2023-12-21,45.846,46.4973,45.4118,46.4578,19341252.0
2023-12-22,46.6256,47.5235,46.5762,47.3656,22854849.0
2023-12-26,48.2833,49.8523,48.0663,49.8326,47142499.0
2023-12-27,49.9609,50.6023,49.5267,50.0892,35791203.0
2023-12-28,50.1286,50.1977,49.4971,49.7241,20476064.0
2023-12-29,49.6352,49.9017,49.1122,49.5859,22301546.0
2024-01-02,48.5991,48.7274,46.8229,47.1683,31447690.0
2024-01-03,46.4775,47.1782,46.1815,46.4282,26434871.0
2024-01-04,45.1059,46.5367,44.6421,46.2506,34945412.0
2024-01-05,46.4085,47.1979,46.0137,46.2703,25320183.0
2024-01-08,46.4775,48.1156,46.3493,47.8097,27503701.0
2024-01-09,47.3755,47.9182,47.1584,47.415,21882346.0
2024-01-10,47.5433,47.6617,46.3196,46.8426,24206624.0
2024-01-11,46.8229,47.2078,46.1124,47.0104,20954993.0
2024-01-12,46.9709,47.04,45.994,46.4973,19597777.0
2024-01-16,46.4183,46.5959,45.767,46.4381,24425251.0
2024-01-17,45.7473,45.8065,45.0467,45.4513,24812617.0
2024-01-18,46.4282,46.9413,45.5598,46.1223,32157306.0
2024-01-19,46.4085,48.1156,45.8263,47.5137,39414548.0
2024-01-22,48.2143,48.5202,47.0104,47.5827,29081189.0
2024-01-23,47.5137,48.2932,46.6946,48.2439,25743429.0
2024-01-24,48.5202,49.1122,47.6222,48.4412,37506744.0
2024-01-25,49.3491,49.6352,48.3228,48.8952,50637185.0
2024-01-26,43.5863,44.8099,42.7771,43.0731,105704090.0
2024-01-29,43.1915,43.4086,42.2442,43.2606,41321701.0
2024-01-30,43.0337,43.2409,42.3232,42.3528,32741275.0
2024-01-31,42.0567,43.2113,41.8002,42.5107,38604979.0
2024-02-01,42.5403,42.9942,41.9186,42.787,29120612.0
2024-02-02,42.4317,42.5699,41.0502,42.037,39449683.0
2024-02-05,42.0959,42.5808,41.8584,42.2048,21065935.0
2024-02-06,42.2592,42.3384,41.705,42.2988,20435420.0
2024-02-07,42.4274,42.6551,42.1107,42.3384,19318399.0
2024-02-08,42.279,42.5264,41.893,42.0613,20480871.0
2024-02-09,42.0909,43.0707,41.9524,42.8629,37301424.0
2024-02-12,42.9718,44.575,42.8728,43.5755,30470656.0
2024-02-13,42.5561,43.1796,42.3186,42.7144,23666189.0
2024-02-14,43.3676,43.8328,42.9421,43.7338,19618262.0
2024-02-15,44.2286,44.8027,43.5656,43.5953,29738188.0
2024-02-16,43.5755,43.7635,42.6749,43.0608,20305974.0
2024-02-20,43.8031,44.7037,42.9718,44.0604,42077437.0
2024-02-21,44.0208,44.2286,42.6353,43.0212,40982259.0
2024-02-22,44.2188,44.2188,42.0909,42.5363,45998695.0
2024-02-23,42.6848,43.0608,42.2196,42.5462,23015021.0
2024-02-26,43.0509,43.2291,42.378,42.5462,19451282.0
2024-02-27,42.8035,42.8233,42.0712,42.2889,18824536.0
2024-02-28,42.0118,42.0118,41.4773,41.5565,18836288.0
2024-02-29,41.9524,42.7045,41.9128,42.6056,23720250.0
2024-03-01,42.9619,43.813,42.6848,43.3676,31708090.0
2024-03-04,43.8526,46.1288,43.3973,45.1392,45388847.0
2024-03-05,44.1,44.4068,42.2493,42.7144,41010125.0
2024-03-06,43.4765,45.0402,43.1004,44.0505,38086022.0
2024-03-07,45.0798,45.9408,44.7136,45.6736,35008897.0
2024-03-08,45.921,46.1486,43.5458,43.5458,40038321.0
2024-03-11,43.427,44.4662,43.2093,44.3969,24077965.0
2024-03-12,44.5849,44.8027,44.001,44.773,21016223.0
2024-03-13,44.0505,44.5157,42.754,42.7837,33669078.0
2024-03-14,42.7837,42.9025,42.0712,42.3087,24504355.0
2024-03-15,42.0118,42.7045,41.9128,42.1998,28040499.0
2024-03-18,42.6452,42.9322,42.1503,42.2691,16501926.0
2024-03-19,41.8138,41.8534,41.0122,41.6159,23994990.0
2024-03-20,42.5462,42.566,40.9825,41.7644,55681483.0
2024-03-21,42.5264,43.1499,41.8831,41.9821,34140069.0
2024-03-22,41.8138,42.3582,41.6555,42.1305,19893805.0
2024-03-25,40.458,41.7841,40.1512,41.3982,35153950.0
2024-03-26,41.5169,41.8336,41.22,41.5565,26279524.0
2024-03-27,42.1305,43.3775,42.0613,43.3181,38195795.0
2024-03-28,43.3082,44.1396,43.2588,43.714,38442800.0
2024-04-01,43.8724,44.9412,43.7239,44.0604,22150111.0
2024-04-02,43.4765,43.6249,43.0509,43.4864,20743578.0
2024-04-03,40.9528,41.22,39.8048,39.9137,66616415.0
2024-04-04,40.171,40.359,39.2902,39.3199,38412451.0
2024-04-05,38.9438,39.0526,38.1124,38.3104,48381070.0
2024-04-08,38.2114,38.4588,37.5186,37.5879,42685266.0
2024-04-09,37.6572,38.1817,36.9347,37.9343,65880530.0
2024-04-10,37.5978,37.8353,36.6378,36.816,36782126.0
2024-04-11,37.0238,37.2811,36.6972,37.2415,29629107.0
2024-04-12,36.2815,36.3211,35.2325,35.3216,51866149.0
2024-04-15,35.6976,36.3211,35.5195,35.9352,33482826.0
2024-04-16,35.8956,36.1331,35.3908,35.8857,19396284.0
2024-04-17,35.7372,35.7867,35.0049,35.3117,25987640.0
2024-04-18,35.0543,35.2919,34.4111,34.6783,29433794.0
2024-04-19,34.7673,34.7673,33.8271,33.8469,42460520.0
2024-04-22,34.1043,34.2131,33.7183,34.0548,27398766.0
2024-04-23,33.9558,34.2428,33.8271,33.9261,28882335.0
2024-04-24,34.51,34.8168,33.9855,34.1438,35208826.0
2024-04-25,34.2032,34.9356,34.1438,34.7475,45743309.0
2024-04-26,31.4123,31.9072,30.3237,31.5509,97478853.0
2024-04-29,31.5311,31.5806,30.7493,31.0363,46957570.0
2024-04-30,30.7196,30.8581,30.106,30.1554,43349045.0
2024-05-01,29.8783,30.7196,29.7101,30.0565,41933207.0
2024-05-02,30.2742,30.3534,29.8783,30.195,37775986.0
2024-05-03,30.6605,30.74,30.3823,30.581,26042748.0
2024-05-06,30.9238,31.0033,30.5363,30.7748,24923173.0
2024-05-07,30.9139,31.2518,30.417,30.4866,29362612.0
2024-05-08,29.8109,29.9599,29.5426,29.8109,40859361.0
2024-05-09,29.7314,30.1984,29.6122,29.9003,30420936.0
2024-05-10,30.1289,30.268,29.6519,29.6618,27886962.0
2024-05-13,29.8606,30.9338,29.8109,30.3177,37374867.0
2024-05-14,30.427,30.9139,30.417,30.8543,26758836.0
2024-05-15,31.1822,31.2021,30.6158,31.0729,23836293.0
2024-05-16,31.4406,32.0566,31.3213,31.8281,35522012.0
2024-05-17,31.8579,31.9076,31.3909,31.6294,32015397.0
2024-05-20,31.6492,32.2156,31.5598,31.8977,22824589.0
2024-05-21,31.7784,32.0368,31.4207,31.5399,22228363.0
2024-05-22,31.7089,31.8678,30.894,31.2219,26820152.0
2024-05-23,31.2518,31.371,29.6817,29.8904,43273395.0
2024-05-24,30.0991,30.8245,29.9401,30.5264,24853308.0
2024-05-28,30.745,31.1723,30.4568,30.8642,24891239.0
2024-05-29,30.268,30.4767,29.9103,29.9401,22668796.0
2024-05-30,30.0196,30.3077,29.8904,29.9997,21456564.0
2024-05-31,30.0295,30.7648,29.7513,30.6555,34230885.0
2024-06-03,30.8344,30.8741,29.8606,30.0991,25397178.0
2024-06-04,30.5562,30.5562,29.7513,29.8407,35859913.0
2024-06-05,30.0792,30.6456,29.8208,30.586,31767598.0
2024-06-06,30.3674,30.3972,29.9699,30.2282,22333725.0
2024-06-07,30.0593,30.586,30.0096,30.5462,21858555.0
2024-06-10,30.3475,30.7549,30.0891,30.7152,22968176.0
2024-06-11,30.586,30.8344,30.3376,30.7251,18191870.0
2024-06-12,31.2518,31.2816,30.1885,30.5661,33500725.0
2024-06-13,30.1984,30.3872,29.95,30.268,23482256.0
2024-06-14,30.0891,30.3674,30.0196,30.2581,19525988.0
2024-06-17,30.1487,30.8046,29.9898,30.7847,23370330.0
2024-06-18,30.7947,31.2716,30.3077,30.4369,22443411.0
2024-06-20,30.3773,30.9139,30.2581,30.427,32684598.0
2024-06-21,30.6655,31.1623,30.4767,30.894,36293833.0
2024-06-24,30.9636,31.2219,30.3376,30.3773,26113454.0
2024-06-25,30.4965,30.6357,30.0991,30.5462,19046989.0
2024-06-26,30.4866,30.4866,30.0792,30.3475,18177406.0
2024-06-27,30.2183,30.4667,30.0891,30.3972,18506448.0
2024-06-28,30.5562,31.1126,30.5264,30.7748,25784717.0
2024-07-01,30.7152,30.8245,30.417,30.6456,18412211.0
2024-07-02,30.6655,31.1126,30.3872,30.8741,22136077.0
2024-07-03,30.9437,31.1424,30.7152,31.0331,17990693.0
2024-07-05,31.2021,32.1361,31.1126,31.8182,32987810.0
2024-07-08,32.8218,33.8751,32.6131,33.7757,61041776.0
2024-07-09,34.7992,34.998,33.5074,34.372,76214050.0
2024-07-10,34.2229,34.7496,33.9149,34.6502,35832002.0
2024-07-11,34.7992,34.9284,33.1,33.2888,40779738.0
2024-07-12,33.5671,35.2563,33.5571,34.2726,47166777.0
2024-07-15,34.4813,35.0079,34.0937,34.2428,31258461.0
2024-07-16,34.1434,34.2328,33.6167,34.1235,21705242.0
2024-07-17,35.8526,36.9258,34.1832,34.2428,82372129.0
2024-07-18,34.7396,36.0712,34.3123,34.6502,64700798.0
2024-07-19,34.3322,34.362,32.6429,32.7721,52842252.0
2024-07-22,33.0702,33.1994,32.5535,33.1596,30223121.0
2024-07-23,32.7522,33.0205,32.6231,32.7423,19821354.0
2024-07-24,32.3349,32.5932,31.4604,31.5002,35640922.0
2024-07-25,31.212,31.7883,30.7549,30.904,38611346.0
2024-07-26,31.212,31.3611,30.8245,31.1524,26524925.0
2024-07-29,31.2219,31.2716,30.5959,30.6357,22853053.0
2024-07-30,30.6456,30.7152,29.8109,29.9401,32997133.0
2024-07-31,30.268,30.6754,30.0891,30.5462,37691179.0
2024-08-01,30.2481,30.5164,28.7079,28.8669,57736591.0
2024-08-02,21.8017,21.8414,20.2913,21.3446,238750470.0
2024-08-05,20.0727,20.2615,19.1684,19.9832,121929670.0
2024-08-06,20.205,20.505,19.625,19.705,84669899.0
2024-08-07,19.92,20.25,18.95,18.99,77019447.0
2024-08-08,19.1,20.55,18.84,20.49,73497505.0
2024-08-09,20.09,20.15,19.5,19.71,62953234.0
2024-08-12,19.87,19.97,19.0,19.36,43740911.0
2024-08-13,19.48,20.48,19.47,20.47,57184152.0
2024-08-14,20.48,20.5,19.78,19.92,46220148.0
2024-08-15,20.32,21.06,20.23,20.69,68061581.0
2024-08-16,20.45,20.9,20.41,20.87,35179754.0
2024-08-19,20.89,21.86,20.83,21.52,54237234.0
2024-08-20,21.23,21.23,20.82,20.99,66632290.0
2024-08-21,21.08,21.44,21.07,21.41,42556460.0
2024-08-22,21.39,21.4,20.04,20.1,61635611.0
2024-08-23,20.32,20.93,20.26,20.54,55393551.0
2024-08-26,20.52,20.56,19.95,20.13,38973338.0
2024-08-27,20.14,20.26,19.84,20.07,35749266.0
2024-08-28,19.98,20.11,19.51,19.61,39181455.0
2024-08-29,19.77,20.6,19.75,20.13,52303868.0
2024-08-30,21.25,22.12,21.0,22.04,133606699.0
2024-09-03,21.54,21.69,19.99,20.1,85683695.0
2024-09-04,19.78,20.05,19.28,19.43,69070592.0
2024-09-05,19.3,19.9,19.24,19.4,48851708.0
2024-09-06,19.43,19.49,18.64,18.89,65320415.0
2024-09-09,18.99,19.54,18.95,19.07,41168965.0
2024-09-10,19.03,19.11,18.51,18.98,44201713.0
2024-09-11,18.98,19.69,18.52,19.64,53301122.0
2024-09-12,19.45,19.54,19.04,19.36,41780229.0
2024-09-13,19.5,19.8,19.49,19.66,34722904.0
2024-09-16,20.02,21.07,19.76,20.91,97732703.0
2024-09-17,21.71,22.58,21.24,21.47,165159573.0
2024-09-18,21.39,21.74,20.71,20.77,95559759.0
2024-09-19,21.28,21.69,21.03,21.14,77708331.0
2024-09-20,20.89,23.14,20.35,21.84,166391269.0
2024-09-23,22.42,22.82,22.03,22.56,141440511.0
2024-09-24,22.53,23.11,22.28,22.81,78471951.0
2024-09-25,22.8,24.06,22.73,23.54,94973199.0
2024-09-26,24.28,24.42,23.25,23.92,74598548.0
2024-09-27,24.16,24.66,23.7,23.91,59967829.0
2024-09-30,23.74,23.95,23.09,23.46,48299104.0
2024-10-01,23.47,23.72,22.25,22.69,58151929.0
2024-10-02,22.67,23.07,22.35,22.39,44424819.0
2024-10-03,22.15,22.73,21.65,22.26,39901718.0
2024-10-04,22.69,22.91,22.3,22.59,38244987.0
2024-10-07,22.41,22.65,22.02,22.38,33969055.0
2024-10-08,22.25,23.42,22.04,23.32,45487960.0
2024-10-09,23.24,23.48,23.06,23.46,33967890.0
2024-10-10,23.17,23.53,22.96,23.22,32382363.0
2024-10-11,23.05,23.82,22.98,23.56,35163745.0
2024-10-14,23.57,23.77,23.27,23.44,27979556.0
2024-10-15,23.41,23.72,22.47,22.66,49486323.0
2024-10-16,22.38,22.54,21.74,22.31,48936031.0
2024-10-17,22.72,22.82,22.4,22.44,33405170.0
2024-10-18,22.61,22.82,22.5,22.77,25431614.0
2024-10-21,22.61,22.88,22.25,22.84,27404072.0
2024-10-22,22.73,22.82,22.17,22.4,32197119.0
2024-10-23,22.3,22.43,21.57,21.98,36495245.0
2024-10-24,22.09,22.37,21.97,22.34,28123406.0
2024-10-25,22.43,23.34,22.41,22.68,44351875.0
2024-10-28,22.67,23.27,22.56,22.92,29470640.0
2024-10-29,22.87,23.14,22.43,22.9,42400599.0
2024-10-30,22.42,22.93,22.26,22.3,37251845.0
2024-10-31,22.17,22.25,21.47,21.52,58313775.0
2024-11-01,22.99,23.58,21.91,23.2,127241614.0
2024-11-04,22.96,23.0,22.13,22.52,71306697.0
2024-11-05,22.58,23.58,22.4,23.32,48114085.0
2024-11-06,24.31,25.12,24.05,25.05,90531829.0
2024-11-07,25.42,26.38,25.19,26.23,72607178.0
2024-11-08,26.0,26.43,25.83,26.2,61211664.0
2024-11-11,25.97,26.29,24.83,25.05,53298761.0
2024-11-12,24.71,24.96,23.89,24.16,44931077.0
2024-11-13,24.12,25.14,24.02,24.92,44064830.0
2024-11-14,25.13,25.61,24.93,25.03,33583110.0
2024-11-15,24.81,24.82,24.23,24.35,36495707.0
2024-11-18,24.33,25.02,24.16,24.84,40657580.0
2024-11-19,24.5,24.54,24.09,24.2,32439126.0
2024-11-20,24.07,24.21,23.55,24.01,37662752.0
2024-11-21,24.09,24.77,23.83,24.44,37923444.0
2024-11-22,24.35,24.68,24.14,24.5,23824663.0
2024-11-25,25.04,25.57,24.76,24.87,53209554.0
2024-11-26,24.95,24.99,23.81,24.05,48242877.0
2024-11-27,23.82,23.93,23.06,23.65,44198936.0
2024-11-29,23.72,24.28,23.6,24.05,25590954.0
2024-12-02,24.87,25.48,23.44,23.93,111519072.0
2024-12-03,23.68,23.75,22.44,22.47,105225725.0
2024-12-04,22.52,22.54,21.81,21.96,81848757.0
2024-12-05,22.04,22.19,20.66,20.8,144561478.0
2024-12-06,20.95,21.05,20.66,20.92,62820611.0
2024-12-09,20.92,21.06,20.73,20.81,57454441.0
2024-12-10,20.83,20.86,19.96,20.16,70046329.0
2024-12-11,20.15,20.25,19.87,20.12,56841746.0
2024-12-12,20.02,20.9,19.92,20.78,59610467.0
2024-12-13,20.59,20.8,20.25,20.34,39134604.0
2024-12-16,20.16,21.1,20.0,20.83,57842961.0
2024-12-17,20.65,20.77,20.29,20.44,34518187.0
2024-12-18,20.48,20.58,19.21,19.3,54873623.0
2024-12-19,19.53,19.69,19.03,19.06,51603704.0
2024-12-20,18.98,19.76,18.9,19.52,58149537.0
2024-12-23,19.58,20.23,19.52,20.2,43281863.0
2024-12-24,20.22,20.4,19.96,20.4,21552062.0
2024-12-26,20.23,20.67,20.08,20.44,31397084.0
2024-12-27,20.23,20.61,20.09,20.3,33145245.0
2024-12-30,20.01,20.12,19.73,19.82,38872383.0
2024-12-31,19.99,20.4,19.88,20.05,40889350.0
2025-01-02,20.23,20.43,20.0,20.22,34324994.0
2025-01-03,20.4,20.67,20.06,20.56,39120541.0
2025-01-06,20.82,20.98,19.78,19.87,65245742.0
2025-01-07,20.01,20.34,19.9,20.01,44907209.0
2025-01-08,19.83,20.12,19.71,19.88,35034572.0
2025-01-10,19.61,19.66,18.91,19.15,53994797.0
2025-01-13,18.92,19.25,18.73,19.2,38103923.0
2025-01-14,19.35,19.52,18.82,19.2,33808722.0
2025-01-15,19.4,19.77,19.17,19.72,41914861.0
2025-01-16,19.76,19.95,19.4,19.67,31393929.0
2025-01-17,21.25,21.62,20.79,21.49,119378752.0
2025-01-21,22.03,22.41,21.75,21.77,64936658.0
2025-01-22,21.73,22.29,21.57,21.86,46172080.0
2025-01-23,21.69,21.75,21.35,21.57,39939073.0
2025-01-24,21.36,21.41,20.75,20.83,51044198.0
2025-01-27,20.83,21.06,20.14,20.29,58929274.0
2025-01-28,20.34,20.35,19.74,19.8,49353254.0
2025-01-29,19.88,20.08,19.66,19.75,37023638.0
2025-01-30,19.73,20.1,19.43,20.01,74648747.0
2025-01-31,20.12,20.33,19.38,19.43,90364723.0
2025-02-03,18.98,19.75,18.78,19.38,58183020.0
2025-02-04,19.1,19.53,19.02,19.29,33760028.0
2025-02-05,19.19,19.77,18.91,19.65,46495343.0
2025-02-06,19.51,19.7,19.22,19.38,35802260.0
2025-02-07,19.35,19.36,19.03,19.1,36414102.0
2025-02-10,19.25,20.08,19.24,19.77,47674724.0
2025-02-11,19.88,21.88,19.86,20.97,131044606.0
2025-02-12,21.99,22.56,20.93,22.48,125921084.0
2025-02-13,22.84,24.83,22.79,24.13,206305527.0
2025-02-14,24.35,25.19,22.86,23.6,194454208.0
2025-02-18,24.61,27.55,24.49,27.39,223264362.0
2025-02-19,25.96,26.33,25.46,25.72,123327424.0
2025-02-20,25.56,26.12,24.48,26.09,122545099.0
2025-02-21,25.96,26.29,24.84,24.87,82638336.0
2025-02-24,24.54,24.8,23.62,24.27,73308143.0
2025-02-25,24.2,24.28,22.77,22.99,71861050.0
2025-02-26,23.25,23.82,23.21,23.52,55250481.0
2025-02-27,23.7,24.4,23.07,23.09,73800694.0
2025-02-28,23.02,24.44,22.64,23.73,80565941.0
2025-03-03,25.0,25.04,22.52,22.74,109619422.0
2025-03-04,22.55,22.63,20.76,21.33,125629339.0
2025-03-05,21.33,21.36,20.18,20.81,106234983.0
2025-03-06,20.25,21.13,20.0,20.75,75612344.0
2025-03-07,20.27,21.2,20.11,20.64,64755527.0
2025-03-10,20.25,20.51,19.65,19.93,62277636.0
2025-03-11,19.97,20.06,19.29,19.78,64095886.0
2025-03-12,20.81,21.17,20.21,20.68,73664597.0
2025-03-13,23.5,24.53,23.13,23.7,200777704.0
2025-03-14,23.68,24.37,23.52,24.05,94259516.0
2025-03-17,24.41,26.15,24.37,25.69,134889974.0
2025-03-18,25.55,26.41,25.39,25.92,101495458.0
2025-03-19,24.89,25.23,24.03,24.12,112931717.0
2025-03-20,23.76,24.31,23.73,23.96,56039534.0
2025-03-21,23.6,24.7,23.49,24.26,64271956.0
2025-03-24,24.72,24.99,24.13,24.22,52588221.0
2025-03-25,24.18,24.75,24.11,24.2,41540917.0
2025-03-26,24.24,24.42,23.25,23.42,47824001.0
2025-03-27,23.29,23.76,22.85,23.62,46198328.0
2025-03-28,23.35,23.58,22.56,22.71,43649881.0
2025-03-31,22.37,22.75,21.75,22.71,49740638.0
2025-04-01,22.56,22.62,21.66,22.05,51205717.0
2025-04-02,21.89,22.38,21.7,21.98,46370104.0
2025-04-03,21.4,23.9,20.86,22.43,202669532.0
2025-04-04,21.73,22.2,19.7,19.85,139708237.0
2025-04-07,19.2,20.67,18.56,19.57,113989917.0
2025-04-08,20.05,20.39,17.66,18.13,129827993.0
2025-04-09,18.07,21.73,17.97,21.53,169744137.0
2025-04-10,20.69,20.82,19.16,19.88,101450156.0
2025-04-11,19.25,19.8,18.17,19.74,105920347.0
2025-04-14,20.59,21.05,19.98,20.31,80406929.0
2025-04-15,20.21,20.47,19.81,19.85,50791545.0
2025-04-16,19.32,19.43,18.72,19.23,67484467.0
2025-04-17,18.91,19.1,18.56,18.93,60242771.0
2025-04-21,18.92,18.99,18.25,18.84,52007222.0
2025-04-22,19.07,19.74,19.04,19.51,64183743.0
2025-04-23,20.72,21.03,20.31,20.59,77925566.0
2025-04-24,21.04,21.55,20.88,21.49,74585805.0
2025-04-25,19.73,20.18,19.34,20.05,124682444.0
2025-04-28,20.12,21.08,20.05,20.51,70570316.0
2025-04-29,20.31,20.85,20.22,20.34,50315638.0
2025-04-30,19.68,20.18,19.55,20.1,46662055.0
2025-05-01,20.21,20.65,19.94,19.98,59349048.0
2025-05-02,20.26,20.78,20.21,20.62,44388595.0
2025-05-05,20.39,20.58,20.23,20.27,31382020.0
2025-05-06,19.92,20.12,19.77,19.94,38079862.0
2025-05-07,19.97,20.37,19.82,20.31,43542880.0
2025-05-08,21.01,21.24,20.64,21.0,50698152.0
2025-05-09,21.19,21.45,20.83,21.42,37627139.0
2025-05-12,22.18,22.67,21.88,22.18,67157101.0
2025-05-13,22.36,22.88,22.3,22.56,56454753.0
2025-05-14,22.35,22.46,21.46,21.52,70536213.0
2025-05-15,21.23,21.63,21.18,21.55,50221023.0
2025-05-16,21.53,21.76,21.35,21.66,43912469.0
2025-05-19,21.18,21.56,21.05,21.38,39504512.0
2025-05-20,21.32,21.41,21.12,21.27,38227587.0
2025-05-21,21.19,21.63,20.59,20.69,51853636.0
2025-05-22,20.73,20.9,20.51,20.55,37245417.0
2025-05-23,20.17,20.27,19.94,20.05,53479236.0
2025-05-27,20.44,20.67,20.18,20.55,46414070.0
2025-05-28,20.57,20.64,20.33,20.37,36426807.0
2025-05-29,20.55,20.6,20.1,20.25,55875771.0
2025-05-30,20.26,20.26,19.31,19.55,81750613.0
2025-06-02,19.49,19.82,19.37,19.74,52842089.0
2025-06-03,19.75,20.41,19.4,20.29,65929366.0
2025-06-04,20.34,20.5,20.01,20.25,59313731.0
2025-06-05,20.27,20.55,19.85,19.99,59332595.0
2025-06-06,20.17,20.44,20.03,20.06,51866406.0
2025-06-09,20.23,20.96,20.22,20.48,78260475.0
2025-06-10,20.5,22.44,20.28,22.08,146289209.0
2025-06-11,21.78,21.83,20.38,20.68,124624248.0
2025-06-12,20.5,20.98,20.41,20.77,63596460.0
2025-06-13,20.33,20.6,20.1,20.14,72122434.0
2025-06-16,20.41,20.93,20.3,20.74,71533072.0
2025-06-17,20.63,21.48,20.62,20.8,76196220.0
2025-06-18,20.8,21.6,20.66,21.49,81277057.0
2025-06-20,21.71,21.89,20.88,21.08,77901875.0
2025-06-23,21.07,21.58,20.73,21.19,63698202.0
2025-06-24,21.34,22.69,21.32,22.55,95269297.0
2025-06-25,22.57,22.77,22.12,22.2,53138736.0
2025-06-26,22.39,22.63,22.21,22.5,46825044.0
2025-06-27,22.69,23.38,22.42,22.69,75150270.0
2025-06-30,22.97,22.97,22.26,22.4,53568664.0
2025-07-01,22.32,23.16,22.28,22.85,68801522.0
2025-07-02,22.53,22.77,21.52,21.88,120566370.0
2025-07-03,22.15,22.63,21.99,22.49,50821649.0
2025-07-07,22.2,22.39,21.86,22.0,60879779.0
2025-07-08,22.19,23.79,22.13,23.59,101547141.0
2025-07-09,23.29,23.53,23.13,23.44,47337114.0
2025-07-10,23.63,24.04,23.48,23.82,44203729.0
2025-07-11,23.56,23.66,23.16,23.43,37792663.0
2025-07-14,23.24,23.4,22.88,23.3,35985841.0
2025-07-15,23.57,23.78,22.9,22.92,52968314.0
2025-07-16,23.01,23.13,22.25,22.69,47011073.0
2025-07-17,22.67,23.05,22.59,22.8,40650758.0
2025-07-18,23.21,23.59,22.9,23.1,49063978.0
2025-07-21,23.43,23.83,23.16,23.26,47430429.0
2025-07-22,23.36,23.54,23.08,23.24,44231700.0
2025-07-23,23.25,23.62,22.92,23.49,51058414.0
2025-07-24,23.49,23.58,22.6,22.63,92004100.0
2025-07-25,20.67,21.05,20.37,20.7,189422359.0
2025-07-28,20.81,21.29,20.65,20.68,70361051.0
2025-07-29,20.69,20.85,20.34,20.41,58094533.0
2025-07-30,20.43,20.62,20.08,20.34,50358012.0
2025-07-31,20.17,20.23,19.66,19.8,63717944.0
2025-08-01,19.5,19.55,18.96,19.31,65823429.0
2025-08-04,19.52,19.59,19.35,19.5,44460607.0
2025-08-05,19.7,20.54,19.68,20.19,78009504.0
2025-08-06,20.11,20.48,19.87,20.41,47187532.0
2025-08-07,20.0,20.44,19.6,19.77,93982547.0
2025-08-08,20.01,20.02,19.61,19.95,55807699.0
2025-08-11,20.45,21.6,20.44,20.65,132760486.0
2025-08-12,21.21,21.86,20.76,21.81,103596052.0
2025-08-13,21.62,22.3,21.36,22.22,68418215.0
2025-08-14,21.99,24.2,21.9,23.86,139110361.0
2025-08-15,25.01,25.65,24.11,24.56,260294045.0
2025-08-18,24.0,24.9,23.21,23.66,173100595.0
2025-08-19,24.94,26.52,24.94,25.31,253016303.0
2025-08-20,24.88,24.94,23.33,23.54,138863825.0
2025-08-21,23.53,23.57,22.77,23.5,83446443.0
2025-08-22,23.65,25.23,23.65,24.8,165350049.0
2025-08-25,25.51,25.88,24.44,24.55,130408289.0
2025-08-26,24.58,24.74,24.1,24.35,59114583.0
2025-08-27,24.19,24.99,24.05,24.85,72354600.0
2025-08-28,24.96,25.14,24.61,24.93,48772902.0
2025-08-29,24.76,24.97,24.28,24.35,46769661.0
2025-09-02,23.88,24.24,23.68,24.21,41282542.0
2025-09-03,24.09,24.1,23.72,24.0,35755911.0
2025-09-04,23.84,24.64,23.75,24.61,46405442.0
2025-09-05,24.6,24.71,24.17,24.49,44486400.0
2025-09-08,24.48,24.74,24.12,24.48,38601074.0
2025-09-09,24.52,24.81,24.27,24.44,32094226.0
2025-09-10,24.41,24.87,24.28,24.77,49522222.0
2025-09-11,24.75,24.93,24.57,24.61,41141532.0
2025-09-12,24.61,24.63,24.05,24.08,42452362.0
2025-09-15,24.33,25.46,24.22,24.77,69347104.0
2025-09-16,24.82,25.34,24.69,25.27,49255203.0
2025-09-17,25.06,25.26,24.45,24.9,49462759.0
2025-09-18,31.76,32.38,30.16,30.57,384865423.0
2025-09-19,30.38,30.63,29.33,29.58,166798752.0
2025-09-22,29.67,30.1,28.73,28.76,104086812.0
2025-09-23,28.99,30.2,28.81,29.34,105229802.0
2025-09-24,29.38,31.7,29.23,31.22,132995888.0
2025-09-25,31.61,34.25,31.21,33.99,245954518.0
2025-09-26,35.02,36.3,34.49,35.5,214994070.0
2025-09-29,34.52,35.05,33.73,34.48,119207982.0
2025-09-30,33.93,34.24,33.02,33.55,98474385.0
2025-10-01,33.54,36.06,33.5,35.94,136180609.0
2025-10-02,35.76,37.57,35.44,37.3,124724909.0
2025-10-03,37.95,38.08,36.45,36.83,102256935.0
2025-10-06,37.17,38.68,36.43,36.59,87309178.0
2025-10-07,36.64,38.05,36.35,37.17,94361202.0
2025-10-08,36.52,37.79,35.91,37.43,80639364.0
2025-10-09,37.53,38.1,36.86,37.8,70782202.0
2025-10-10,38.46,39.65,36.3,36.37,140243954.0
2025-10-13,36.44,37.51,36.28,37.22,72496349.0
2025-10-14,36.0,36.55,34.69,35.63,92358383.0
2025-10-15,36.4,37.49,35.64,37.15,82306455.0
2025-10-16,37.15,38.02,36.41,36.84,69523110.0
2025-10-17,36.36,38.38,36.08,37.01,98163369.0
2025-10-20,37.57,38.52,37.56,38.1,63252339.0
2025-10-21,38.14,38.35,37.67,38.12,60897788.0
2025-10-22,37.84,37.93,36.04,36.92,68766318.0
2025-10-23,36.58,38.4,36.43,38.16,66455065.0
2025-10-24,40.02,41.12,37.83,38.28,197371226.0
2025-10-27,38.39,40.67,38.23,39.54,122218965.0
2025-10-28,39.59,42.48,39.54,41.53,156284096.0
2025-10-29,41.6,42.04,40.92,41.34,79980389.0
2025-10-30,40.97,41.43,40.11,40.16,59871321.0
2025-10-31,40.68,40.83,39.79,39.99,54613773.0
2025-11-03,40.25,40.45,39.05,39.5,48938236.0
2025-11-04,38.14,38.25,36.63,37.03,68125496.0
2025-11-05,37.41,38.69,37.11,38.38,54228041.0
2025-11-06,38.34,38.51,36.8,37.24,55755116.0
2025-11-07,37.29,38.27,36.97,38.13,77941736.0
2025-11-10,38.93,39.53,37.96,38.45,54511730.0
2025-11-11,38.14,38.22,37.49,37.88,39751760.0
2025-11-12,38.06,38.2,37.35,37.89,38603413.0
2025-11-13,37.32,37.32,35.45,35.91,66792920.0
2025-11-14,35.02,36.1,34.62,35.52,56282900.0
2025-11-17,35.45,35.73,34.23,34.71,54746336.0
2025-11-18,34.29,34.76,33.57,34.33,47106829.0
2025-11-19,34.36,35.75,34.25,35.11,52182387.0
2025-11-20,36.01,36.68,33.48,33.62,70459001.0
2025-11-21,33.51,34.98,32.89,34.5,71546740.0
2025-11-24,35.02,36.16,34.68,35.79,56333975.0
2025-11-25,35.55,36.13,34.68,35.83,38380905.0
2025-11-26,36.22,37.24,36.13,36.81,38827148.0
2025-11-28,37.4,40.59,37.34,40.56,78034650.0
2025-12-01,39.86,40.38,39.6,40.01,55000832.0
2025-12-02,40.42,43.68,40.05,43.47,119077898.0
2025-12-03,43.39,44.02,42.51,43.76,63352239.0
2025-12-04,43.26,43.29,40.14,40.5,85340835.0
2025-12-05,41.15,42.83,41.15,41.41,78570402.0
2025-12-08,41.94,42.12,39.7,40.3,75127063.0
2025-12-09,40.73,41.27,40.03,40.5,42669136.0
2025-12-10,40.11,40.99,38.89,40.78,62122881.0
2025-12-11,40.07,40.19,39.07,39.51,42164679.0
2025-12-12,39.25,40.03,37.62,37.81,55769918.0
2025-12-15,38.34,38.48,37.32,37.51,42598257.0
2025-12-16,37.58,37.96,36.92,37.31,31300757.0
2025-12-17,37.6,37.84,35.96,36.05,34818238.0
2025-12-18,37.39,37.49,35.67,36.28,40005302.0
2025-12-19,36.48,37.58,36.44,36.82,52792615.0
2025-12-22,37.89,37.9,36.29,36.37,34282708.0
2025-12-23,36.24,36.8,36.03,36.35,24161584.0
2025-12-24,35.17,36.18,34.95,36.16,26343027.0
2025-12-26,36.17,36.49,35.85,36.2,20616388.0
2025-12-29,36.01,36.8,35.82,36.68,26185287.0
2025-12-30,36.91,38.26,36.82,37.3,46568579.0
2025-12-31,37.41,37.58,36.87,36.9,39263754.0
2026-01-02,37.77,39.86,37.76,39.38,72439308.0
2026-01-05,41.59,42.1,39.27,39.37,70728916.0
2026-01-06,39.86,40.31,38.95,40.04,50469730.0
2026-01-07,40.18,44.57,40.12,42.63,138950875.0
2026-01-08,42.62,43.34,40.68,41.11,64370409.0
2026-01-09,41.83,45.73,41.57,45.55,155936926.0
2026-01-12,44.25,45.45,43.91,44.06,79619862.0
2026-01-13,45.89,48.24,45.21,47.29,134060389.0
2026-01-14,48.93,49.0,47.42,48.72,112244343.0
2026-01-15,49.35,50.39,47.82,48.32,102821970.0
2026-01-16,49.27,50.21,46.71,46.96,93900027.0
2026-01-20,47.3,50.23,47.0,48.56,118261999.0
2026-01-21,50.31,54.41,50.15,54.25,175328507.0
2026-01-22,54.21,54.57,53.08,54.32,109740676.0
2026-01-23,46.86,48.13,44.45,45.07,229262349.0
2026-01-26,44.3,44.46,42.27,42.49,121885897.0
2026-01-27,43.98,44.53,43.09,43.93,80621141.0
2026-01-28,46.62,49.29,46.32,48.78,157480981.0
2026-01-29,47.56,48.77,46.99,48.66,90618321.0
2026-01-30,48.98,49.58,45.96,46.47,84715180.0
2026-02-02,45.63,49.84,45.5,48.81,80632385.0
2026-02-03,50.05,51.49,48.43,49.25,87180194.0
2026-02-04,49.54,49.7,47.0,48.6,100968950.0
2026-02-05,47.59,50.86,46.78,48.24,89342300.0
2026-02-06,49.1,51.3,48.83,50.59,87449909.0
2026-02-09,49.59,51.22,47.59,50.24,73714650.0
2026-02-10,50.41,50.54,46.76,47.13,80436752.0
2026-02-11,48.11,49.55,46.86,48.29,87751629.0
2026-02-12,47.8,48.95,46.19,46.48,63773340.0
2026-02-13,45.76,47.69,44.97,46.79,53493759.0
2026-02-17,45.92,46.83,45.45,46.18,50231315.0
2026-02-18,45.92,46.77,44.88,45.46,49422821.0
2026-02-19,44.95,45.17,43.92,44.62,55869488.0
2026-02-20,43.89,44.39,42.88,44.11,73839102.0
2026-02-23,44.12,44.55,43.18,43.63,42672523.0
2026-02-24,44.09,46.6,43.54,46.12,79555235.0
2026-02-25,46.09,46.97,45.08,46.88,59134188.0
2026-02-26,46.75,46.95,44.39,45.46,52781405.0
2026-02-27,44.44,46.56,44.4,45.61,47626177.0
2026-03-02,44.17,45.81,43.95,45.5,48220907.0
2026-03-03,43.44,43.69,42.14,43.1,59038625.0
2026-03-04,44.07,46.13,43.27,45.58,73496032.0
2026-03-05,44.87,46.48,44.7,45.95,57825057.0
2026-03-06,44.69,45.18,43.28,43.42,56322496.0
2026-03-09,42.74,45.76,41.64,45.58,60096970.0
2026-03-10,45.41,47.88,45.41,46.78,68042553.0
2026-03-11,46.8,48.83,46.66,47.98,56256634.0
2026-03-12,47.38,47.44,45.17,45.25,62720514.0
2026-03-13,45.97,46.65,45.39,45.77,54450543.0
2026-03-16,47.91,49.15,45.69,45.76,87683838.0
2026-03-17,46.08,46.09,43.91,44.06,70043545.0
2026-03-18,44.23,45.71,44.05,45.03,60457800.0
2026-03-19,44.01,46.44,43.65,46.18,57772498.0
2026-03-20,46.87,47.55,43.64,43.87,75340663.0
2026-03-23,44.52,45.46,43.74,44.01,57849368.0
2026-03-24,43.54,44.31,43.2,44.06,49310460.0
2026-03-25,45.91,47.85,45.45,47.18,74476670.0
2026-03-26,46.33,46.6,43.91,44.1,61662615.0
2026-03-27,43.67,44.13,42.86,43.13,51013923.0
2026-03-30,43.72,43.99,40.63,41.19,62622425.0
2026-03-31,41.99,44.23,41.6,44.13,65790947.0
2026-04-01,44.98,48.77,44.96,48.03,101386753.0
2026-04-02,46.06,50.49,46.04,50.38,92733391.0
2026-04-06,50.86,52.39,49.87,50.78,63133298.0
2026-04-07,51.88,53.27,51.21,52.91,96537297.0
2026-04-08,55.37,59.17,54.78,58.95,145288671.0
2026-04-09,58.4,62.07,58.39,61.72,114493540.0
2026-04-10,61.52,63.39,60.75,62.38,79940321.0
2026-04-13,62.18,65.65,62.18,65.18,87543912.0
2026-04-14,65.22,65.22,62.08,63.81,88340293.0
2026-04-15,63.77,65.84,62.87,64.94,73337416.0
2026-04-16,64.93,68.61,64.27,68.5,85158531.0
2026-04-17,68.85,70.33,67.73,68.5,92255091.0
2026-04-20,68.45,69.19,64.47,65.7,73030997.0
2026-04-21,67.14,67.67,65.64,66.26,68127040.0
2026-04-22,67.94,68.77,64.98,65.27,64440952.0
2026-04-23,66.1,68.28,65.42,66.78,89957218.0
2026-04-24,82.11,85.22,79.62,82.54,197025208.0
2026-04-27,83.7,87.1,82.61,84.99,134646802.0
2026-04-28,81.28,84.59,80.8,84.52,102807259.0
2026-04-29,86.14,94.95,86.09,94.75,188805069.0
2026-04-30,95.6,95.69,91.5,94.48,115784152.0
2026-05-01,93.2,100.45,92.61,99.62,128074979.0
2026-05-04,99.19,99.82,95.6,95.78,88625080.0
2026-05-05,100.51,110.48,100.1,108.15,143320456.0
2026-05-06,110.97,113.5,106.58,113.01,110212613.0
2026-05-07,111.06,114.51,109.15,109.62,88635161.0
2026-05-08,111.81,130.57,111.8,124.92,168233638.0
2026-05-11,131.05,132.75,123.92,129.44,113695981.0
2026-05-12,124.22,127.79,115.0,120.61,121445469.0
2026-05-13,124.1,124.99,116.41,120.29,77788262.0
2026-05-14,114.66,118.57,113.17,115.93,84644214.0
2026-05-15,109.66,110.57,105.02,108.77,90052956.0
2026-05-18,113.58,115.54,103.85,108.17,100440998.0
2026-05-19,106.98,113.07,102.4,110.8,110911129.0
2026-05-20,116.22,121.94,114.8,118.96,119156623.0
2026-05-21,116.58,119.41,113.17,118.5,74286176.0
2026-05-22,120.26,122.78,118.09,119.84,60339194.0
2026-05-26,122.1,125.62,117.35,123.52,74836769.0
2026-05-27,124.35,125.27,117.0,121.77,66927963.0
2026-05-28,121.44,123.08,116.31,120.89,70087429.0
2026-05-29,123.85,126.64,113.54,114.68,79397549.0
2026-06-01,109.44,113.3,106.33,109.33,91595060.0
2026-06-02,107.45,109.0,104.17,107.93,70379713.0
2026-06-03,116.42,118.29,110.86,112.71,80332727.0
2026-06-04,108.4,113.14,107.48,111.78,54599724.0
2026-06-05,106.38,106.48,98.33,99.17,100664877.0
2026-06-08,111.0,112.54,106.66,110.27,94725707.0
2026-06-09,112.99,114.0,99.46,107.92,110265957.0
2026-06-10,106.02,111.5,104.92,107.04,89047295.0
2026-06-11,113.52,119.44,110.51,116.96,130486405.0
2026-06-12,117.44,127.6,115.33,124.57,108232537.0
2026-06-15,129.49,132.61,126.66,127.86,85553821.0
2026-06-16,125.11,128.7,116.0,117.05,91495359.0
2026-06-17,121.89,125.2,118.06,121.1,79674773.0
2026-06-18,131.67,135.48,127.9,133.99,126754054.0
2026-06-22,139.12,141.45,136.21,140.94,83930544.0
2026-06-23,129.71,137.98,128.3,132.28,85775654.0
2026-06-24,133.05,136.08,128.0,131.65,70359508.0
2026-06-25,139.72,140.72,125.41,132.87,91769099.0
2026-06-26,128.67,131.23,125.5,128.32,62218057.0
2026-06-29,126.99,132.05,118.5,131.72,72982672.0
2026-06-30,131.99,142.35,131.52,139.63,76559924.0
2026-07-01,135.0,135.74,126.68,127.02,76422205.0
2026-07-02,129.0,130.74,117.63,120.35,83372504.0
2026-07-06,122.57,127.3,121.52,122.2,58416987.0
2026-07-07,116.3,116.47,108.3,110.39,96889747.0
2026-07-08,108.5,110.49,104.41,110.24,73306290.0
2026-07-09,114.88,116.77,111.51,112.54,67120054.0
2026-07-10,109.43,110.85,107.45,109.84,49786448.0
2026-07-13,105.77,106.17,101.79,103.12,64646065.0
2026-07-14,107.98,109.19,103.59,107.76,62832253.0
2026-07-15,109.3,109.61,99.2,102.99,84169808.0
2026-07-16,101.13,101.85,95.48,96.98,70934809.0
2026-07-17,92.14,98.05,89.59,95.04,87359105.0
2026-07-20,97.58,100.98,96.92,97.06,58382086.0
2026-07-21,103.19,106.34,101.22,105.45,69374084.0
2026-07-22,101.55,106.85,101.48,102.62,51460752.0
2026-07-23,101.05,104.18,99.23,100.23,67309638.0
2026-07-24,100.36,101.74,91.58,92.32,128278716.0
2026-07-27,92.46,94.98,86.94,91.67,92004776.0
2026-07-28,86.62,88.28,83.1,86.3,102984999.0
2026-07-29,86.57,88.47,81.79,81.88,93132710.0
2026-07-30,86.45,94.1,85.97,91.13,93862849.0
2026-07-31,96.8,97.9,90.13,90.2,74873260.0
2026-08-03,88.25,91.68,85.62,91.0,60834697.0
2026-08-04,95.24,101.39,94.32,100.86,72826908.0
2026-08-05,99.43,102.83,97.89,101.06,59617437.0
2026-08-06,98.22,103.38,95.6,99.81,56393873.0
2026-08-07,102.33,103.66,98.03,101.65,53784007.0
2026-08-10,98.24,100.03,96.3,97.52,69574001.0
2026-08-11,96.71,98.35,95.35,97.71,100847256.0
2026-08-12,101.33,103.16,100.12,100.95,87086584.0
2026-08-13,101.57,107.57,100.33,104.56,74547410.0
2026-08-14,104.48,106.87,102.07,102.5,60401684.0
2026-08-17,103.82,105.97,101.8,103.49,63555732.0
2026-08-18,99.22,99.31,95.25,96.69,75623857.0
2026-08-19,97.41,98.2,91.28,92.8,71477309.0
2026-08-20,91.87,92.68,89.85,92.13,58602988.0
2026-08-21,92.88,92.88,89.75,90.07,60482384.0
2026-08-24,88.79,88.91,85.14,87.26,66427963.0
2026-08-25,90.06,90.19,87.29,87.48,58239676.0
2026-08-26,86.8,88.28,85.63,88.24,50691722.0
2026-08-27,89.91,92.95,88.46,92.09,70149394.0
2026-08-28,90.3,93.7,89.05,89.47,58434089.0
2026-08-31,89.99,91.85,88.97,89.51,41384017.0
2026-09-01,86.97,89.41,85.72,88.97,50511182.0
2026-09-02,88.77,90.43,87.5,90.05,39547885.0
2026-09-03,89.35,92.37,87.72,91.67,56158313.0
2026-09-04,92.45,95.94,91.87,95.8,67421780.0
2026-09-08,100.85,106.09,100.35,104.47,100460446.0
2026-09-09,102.71,106.69,102.7,106.24,74574785.0
2026-09-10,102.45,103.23,99.34,100.32,63880607.0
2026-09-11,102.49,104.9,101.07,102.37,41508557.0
