timestamp,open,high,low,close,volume
2006-09-21,28.8645,28.9432,27.9463,28.4098,3416300.0
2006-09-22,28.4535,28.5934,28.025,28.2524,1552000.0
2006-09-25,28.5409,28.6284,27.7452,28.5497,2054700.0
2006-09-26,28.6109,28.6109,28.06,28.3311,2042400.0
2006-09-27,28.4185,28.8557,28.1212,28.6196,2149100.0
2006-09-28,28.6196,28.7683,28.2961,28.7508,1201500.0
2006-09-29,28.7595,28.7683,28.0075,28.0075,1704300.0
2006-10-02,28.1999,28.7333,27.9463,27.9726,1854700.0
2006-10-03,28.1387,28.8645,27.9376,28.6896,2488300.0
2006-10-04,28.6109,29.975,28.3923,29.975,4922100.0
2006-10-05,29.7914,29.9662,29.7739,29.905,4164000.0
2006-10-06,29.8613,30.2373,29.6602,30.0012,2009500.0
2006-10-09,29.8875,30.3073,29.7564,30.0012,1149800.0
2006-10-10,29.6427,29.7651,29.3804,29.6602,3322900.0
2006-10-11,29.7651,30.1236,29.599,29.8875,2606300.0
2006-10-12,30.1674,30.692,29.9487,30.692,2165500.0
2006-10-13,30.4559,31.0155,30.4559,30.9019,2111600.0
2006-10-16,30.9106,31.1904,30.6833,30.8407,1650200.0
2006-10-17,30.9368,31.1292,30.5871,30.9106,1325900.0
2006-10-18,31.2691,31.4615,31.1205,31.2953,2796000.0
2006-10-19,30.9543,31.2691,30.762,30.9806,1870000.0
2006-10-20,31.2429,31.2516,30.727,30.8407,2872200.0
2006-10-23,29.8263,30.9718,29.7739,30.5259,2793600.0
2006-10-24,30.5084,30.692,29.9575,30.2635,2514800.0
2006-10-25,30.1499,30.3947,29.8613,30.3247,1750900.0
2006-10-26,30.3685,30.7794,29.5378,30.6483,2601900.0
2006-10-27,30.5084,30.727,29.7651,30.1149,2019200.0
2006-10-30,30.2548,30.7969,29.7826,30.6745,2631600.0
2006-10-31,30.8057,30.9718,30.351,30.8669,1627500.0
2006-11-01,31.0068,31.0068,30.0187,30.2023,1553900.0
2006-11-02,30.2373,30.4472,30.0187,30.1674,1497500.0
2006-11-03,30.0974,30.6046,29.7214,29.8438,1796400.0
2006-11-06,30.0274,30.8581,30.0012,30.762,1919100.0
2006-11-07,30.7969,30.7969,29.905,30.0799,2289400.0
2006-11-08,30.3073,30.3247,29.7301,30.1149,2144800.0
2006-11-09,30.1936,30.2548,29.5815,29.5815,1774900.0
2006-11-10,29.6165,30.0362,29.5378,30.0012,1483200.0
2006-11-13,30.0449,30.246,29.6427,29.905,1701900.0
2006-11-14,29.8176,30.3247,29.4853,30.1761,2107300.0
2006-11-15,30.2373,30.3772,29.9225,30.0887,2190700.0
2006-11-16,30.3335,30.5521,30.01,30.4297,2078600.0
2006-11-17,29.529,29.6952,28.0163,28.3835,6895000.0
2006-11-20,28.1999,28.2349,27.5616,27.9288,3631600.0
2006-11-21,27.9201,28.1125,27.4916,27.754,2893600.0
2006-11-22,27.719,27.719,27.0632,27.5616,2980500.0
2006-11-24,27.4479,28.1475,27.3342,27.7977,850800.0
2006-11-27,27.6578,28.1649,27.5791,27.8327,2986800.0
2006-11-28,27.8327,27.9026,27.6053,27.649,2472400.0
2006-11-29,27.8676,27.9463,27.3867,27.9026,1802800.0
2006-11-30,27.343,27.9376,27.343,27.5616,2735500.0
2006-12-01,27.649,27.6928,26.4423,26.932,3213800.0
2006-12-04,26.9582,27.5791,26.8533,27.4217,2440400.0
2006-12-05,27.3342,27.4304,27.002,27.1768,2506600.0
2006-12-06,27.2118,27.5091,27.0544,27.3867,2019300.0
2006-12-07,27.5004,27.7102,26.8096,26.932,3749300.0
2006-12-08,26.7571,27.2818,26.4511,26.9932,2673300.0
2006-12-11,27.0282,27.3955,26.7834,26.9757,2062800.0
2006-12-12,26.9932,27.0894,26.5298,26.7484,2045200.0
2006-12-13,26.8008,27.1856,26.7134,27.1419,2148700.0
2006-12-14,27.273,27.8414,27.2118,27.4741,2282100.0
2006-12-15,27.7365,28.0775,27.4304,27.5266,4941600.0
2006-12-18,27.6141,27.6753,26.7746,26.932,2626300.0
2006-12-19,26.7834,26.9058,26.145,26.8358,2606500.0
2006-12-20,27.0107,27.0807,26.591,26.7134,1983700.0
2006-12-21,26.6959,26.9145,26.5997,26.7746,2078700.0
2006-12-22,26.8708,26.8708,26.3287,26.4948,1585700.0
2006-12-26,26.3811,26.5473,26.25,26.5123,1398300.0
2006-12-27,26.8708,27.0982,26.6872,26.9058,1256700.0
2006-12-28,26.8533,26.8883,26.4948,26.6172,1269100.0
2006-12-29,26.4948,27.0632,26.4948,26.6784,1291000.0
2007-01-03,26.8358,27.1594,25.4455,25.7953,3776200.0
2007-01-04,25.8477,26.3549,25.5155,26.1188,2968300.0
2007-01-05,26.2237,26.2587,25.7865,26.1101,2171200.0
2007-01-08,25.8915,26.0751,25.0608,25.2007,6234900.0
2007-01-09,25.2794,25.6729,25.0433,25.2969,4591300.0
2007-01-10,24.9821,25.7865,24.9558,25.7253,3403800.0
2007-01-11,25.8477,26.1625,25.7603,25.9439,3040700.0
2007-01-12,26.1538,27.0807,26.1538,26.4861,4532100.0
2007-01-16,26.4948,26.5648,26.2325,26.4423,3865400.0
2007-01-17,26.4249,26.9145,26.2325,26.7484,4855500.0
2007-01-18,27.2993,27.4042,26.8621,27.2468,5941600.0
2007-01-19,27.0282,27.5703,27.0107,27.4217,5204100.0
2007-01-22,27.3255,27.5004,26.7309,27.1331,3448400.0
2007-01-23,27.4829,28.0862,27.4042,27.7715,3745100.0
2007-01-24,27.9638,28.1824,27.8327,27.9551,2288400.0
2007-01-25,27.9114,28.0163,27.2993,27.4392,3180800.0
2007-01-26,27.3605,27.5703,27.002,27.2031,3000700.0
2007-01-29,27.002,27.5441,26.9845,27.308,2512500.0
2007-01-30,27.2468,27.3692,26.7659,27.0282,3243400.0
2007-01-31,27.0894,27.7102,26.6435,27.5004,2148300.0
2007-02-01,27.4567,27.7015,27.1506,27.378,1700800.0
2007-02-02,27.4916,27.5791,27.0719,27.2643,1893600.0
2007-02-05,27.2993,27.7102,27.2993,27.6053,2158100.0
2007-02-06,27.6141,27.684,27.2643,27.378,2560700.0
2007-02-07,27.5791,27.754,27.2905,27.6928,2112400.0
2007-02-08,27.7277,28.0688,27.719,27.8676,3718400.0
2007-02-09,27.8414,27.9726,27.3342,27.4916,2308600.0
2007-02-12,27.5179,27.7102,27.0544,27.1069,2352300.0
2007-02-13,27.2031,27.3692,27.0107,27.1506,1814600.0
2007-02-14,27.1943,27.5791,27.0982,27.5441,1523000.0
2007-02-15,27.4829,27.6578,27.2555,27.3517,2038300.0
2007-02-16,27.3605,27.4042,27.0457,27.0457,2980300.0
2007-02-20,27.0632,27.2293,26.897,27.1594,2987500.0
2007-02-21,27.1506,27.6141,27.0457,27.3255,2574000.0
2007-02-22,27.308,27.8239,26.9233,26.9932,3696900.0
2007-02-23,26.2325,27.4567,25.7078,27.343,5658400.0
2007-02-26,27.5179,27.5179,26.9145,27.0107,3745100.0
2007-02-27,26.8883,27.0195,25.5242,25.7778,5089200.0
2007-02-28,25.3581,25.9789,25.2969,25.804,4042800.0
2007-03-01,25.0782,25.6029,24.5274,25.4105,4857000.0
2007-03-02,25.6466,26.0838,25.4018,25.463,4549100.0
2007-03-05,25.3581,25.5329,24.9558,24.9733,3454100.0
2007-03-06,24.9471,25.2794,24.676,25.087,4531700.0
2007-03-07,25.1132,25.1132,24.6498,24.6673,4590300.0
2007-03-08,24.7197,24.8072,24.4049,24.4574,3887100.0
2007-03-09,24.9821,25.0782,24.5361,24.676,3790800.0
2007-03-12,24.5011,24.641,24.4399,24.5886,3191100.0
2007-03-13,24.3437,24.4924,24.1339,24.1339,3447200.0
2007-03-14,24.1863,24.6236,24.1339,24.6061,4184600.0
2007-03-15,25.052,25.3406,24.6498,25.3056,5242900.0
2007-03-16,25.3581,25.3668,24.9558,25.1045,5516700.0
2007-03-19,25.3231,25.3843,25.017,25.3581,2559800.0
2007-03-20,25.4717,25.7166,25.3756,25.6116,2703800.0
2007-03-21,25.5417,26.3374,25.3843,26.2675,4337000.0
2007-03-22,24.6323,25.1832,23.9328,24.0552,10665300.0
2007-03-23,24.0027,24.1863,23.8278,23.9503,5159200.0
2007-03-26,23.889,23.9765,23.618,23.924,4266200.0
2007-03-27,23.8191,24.2476,23.6442,24.0902,3715300.0
2007-03-28,23.959,24.0639,23.5917,23.5917,5119100.0
2007-03-29,23.6704,23.7666,23.3819,23.6792,3156100.0
2007-03-30,23.6967,23.9415,23.513,23.924,2744900.0
2007-04-02,23.8191,24.0027,23.5655,23.6792,2685500.0
2007-04-03,23.7929,24.6148,23.653,23.9765,2612300.0
2007-04-04,23.8978,24.1863,23.8191,23.9065,2924300.0
2007-04-05,23.8628,24.1951,23.7666,24.1951,3265300.0
2007-04-09,24.1339,24.6585,24.0727,24.6061,4488400.0
2007-04-10,24.5274,24.8072,24.4399,24.7897,4575400.0
2007-04-11,24.7285,24.8859,24.5973,24.8072,5630000.0
2007-04-12,24.8334,24.9996,24.711,24.9821,3779100.0
2007-04-13,24.9209,25.0433,24.8159,25.0433,3947400.0
2007-04-16,25.1395,25.6029,25.122,25.5417,5083200.0
2007-04-17,25.5767,25.7428,25.393,25.7166,3777400.0
2007-04-18,25.2531,25.8215,25.2531,25.7778,3760400.0
2007-04-19,25.5767,25.8215,25.4193,25.8215,3248600.0
2007-04-20,25.4542,25.9439,25.2007,25.874,5993700.0
2007-04-23,25.6903,26.0139,25.5767,25.9614,3519300.0
2007-04-24,25.8565,25.9702,25.4542,25.4805,4081000.0
2007-04-25,25.4542,25.6903,25.2007,25.6816,3104000.0
2007-04-26,25.3493,25.5767,25.3231,25.498,3292300.0
2007-04-27,25.3581,25.4892,25.0957,25.4805,5516600.0
2007-04-30,25.4805,25.4892,24.8596,24.8771,3616900.0
2007-05-01,24.8946,25.0083,24.6323,24.676,3248000.0
2007-05-02,24.7372,24.9646,24.676,24.8771,2269500.0
2007-05-03,24.9821,25.1395,24.746,24.9558,2109200.0
2007-05-04,25.1132,25.1307,24.6061,24.7285,2366300.0
2007-05-07,24.8771,25.1045,24.7197,24.7722,1543000.0
2007-05-08,24.6673,24.8072,24.5011,24.7023,3381100.0
2007-05-09,24.676,24.7372,24.4574,24.5886,2645500.0
2007-05-10,24.4487,24.6498,24.2476,24.4662,2953000.0
2007-05-11,24.37,24.4749,24.1863,24.3875,2533300.0
2007-05-14,24.4487,24.4662,24.1863,24.3088,4093300.0
2007-05-15,24.2913,24.5623,23.9503,23.9677,3002500.0
2007-05-16,24.1689,24.5099,23.9677,24.4574,3314500.0
2007-05-17,24.3962,24.4836,24.1251,24.2563,2904300.0
2007-05-18,26.6872,27.8327,24.2388,27.5966,10735800.0
2007-05-21,27.1768,27.6315,27.0632,27.2993,5509800.0
2007-05-22,26.9233,27.1419,26.8883,27.0807,3730200.0
2007-05-23,27.0982,27.2468,26.8621,26.9495,2368800.0
2007-05-24,27.002,27.0719,26.4773,26.5648,3719000.0
2007-05-25,26.5648,26.7047,26.3462,26.4686,2506900.0
2007-05-29,26.4511,26.9408,26.4336,26.5298,3185400.0
2007-05-30,26.4074,26.6959,26.0314,26.6959,2976400.0
2007-05-31,26.5997,26.7484,26.4598,26.6697,1959700.0
2007-06-01,26.6609,27.0894,26.5997,26.9058,2241800.0
2007-06-04,26.6959,26.7222,26.4074,26.4423,2592100.0
2007-06-05,26.4249,26.4423,26.0139,26.1888,2720600.0
2007-06-06,26.2062,26.2062,25.8477,26.0401,2796400.0
2007-06-07,25.5067,25.8477,25.4193,25.428,2874400.0
2007-06-08,25.3143,25.804,25.2706,25.7865,2483300.0
2007-06-11,25.7778,26.2937,25.5942,26.0926,3127700.0
2007-06-12,25.7341,26.1363,25.393,25.7341,2727300.0
2007-06-13,25.7253,25.9876,25.4542,25.9876,2764500.0
2007-06-14,25.9439,26.2325,25.9264,26.1538,2538400.0
2007-06-15,26.4511,26.4598,25.8128,26.0838,4954700.0
2007-06-18,25.9002,26.0751,25.5067,25.6816,2662400.0
2007-06-19,25.6116,25.8215,25.4368,25.7166,2349400.0
2007-06-20,25.7253,25.8477,25.5067,25.6466,2427500.0
2007-06-21,25.5854,26.215,25.4542,26.18,3240000.0
2007-06-22,26.1888,26.2325,25.7865,26.1188,3194900.0
2007-06-25,26.1013,26.3462,25.8827,26.145,3467500.0
2007-06-26,26.3374,26.6697,26.2062,26.3024,2836100.0
2007-06-27,26.0489,26.556,25.9876,26.5473,2460600.0
2007-06-28,26.3724,26.8096,26.3287,26.5648,2686000.0
2007-06-29,26.6872,26.6959,26.1013,26.2849,2346700.0
2007-07-02,26.4511,26.4511,25.804,25.9002,3613900.0
2007-07-03,25.8827,26.0139,25.7865,26.0139,1885100.0
2007-07-05,25.9439,26.2062,25.9352,26.0838,3186300.0
2007-07-06,26.0838,26.215,25.7166,25.8477,2665900.0
2007-07-09,25.8477,25.9089,25.5067,25.7603,3743000.0
2007-07-10,25.7603,26.1363,25.5417,25.8827,3776000.0
2007-07-11,25.8827,26.0314,25.7078,26.0051,2697200.0
2007-07-12,26.0838,26.6172,26.0051,26.6172,2803700.0
2007-07-13,26.5035,26.6872,26.2937,26.3899,2534800.0
2007-07-16,26.2849,26.3986,26.1713,26.2937,2127100.0
2007-07-17,26.18,26.3549,25.9439,26.1625,3326600.0
2007-07-18,26.0401,26.4423,25.804,26.0751,2527500.0
2007-07-19,26.1975,26.215,25.839,26.0926,2861800.0
2007-07-20,26.2325,26.3899,25.8652,26.2762,4140800.0
2007-07-23,26.3112,26.7484,26.2587,26.4598,2080000.0
2007-07-24,26.3636,26.9757,26.0926,26.215,3631900.0
2007-07-25,26.25,26.556,26.145,26.2762,2960700.0
2007-07-26,25.9264,26.6609,25.5067,25.7953,3809000.0
2007-07-27,25.8128,26.1275,25.3493,25.3493,2843300.0
2007-07-30,25.3231,25.5329,25.1395,25.393,2865900.0
2007-07-31,25.3493,25.7253,25.0433,25.0433,3172700.0
2007-08-01,25.0433,25.3581,24.8334,25.1832,3877200.0
2007-08-02,24.9383,25.5067,24.8072,25.1569,2750200.0
2007-08-03,25.1657,25.428,24.5711,24.5711,3496200.0
2007-08-06,24.9646,26.4686,24.9296,26.4686,4951800.0
2007-08-07,26.2412,26.3549,25.5155,25.8915,3979800.0
2007-08-08,25.9876,26.0838,24.5361,24.8247,3727300.0
2007-08-09,24.7197,24.8159,22.8572,23.2245,6740200.0
2007-08-10,23.0846,24.9296,22.866,24.7285,4733100.0
2007-08-13,24.7023,24.9996,24.2913,24.6323,3114200.0
2007-08-14,24.7372,24.8684,24.3,24.3175,3004100.0
2007-08-15,24.335,24.9821,24.2913,24.6848,3508300.0
2007-08-16,24.5886,25.769,24.5099,25.498,4261200.0
2007-08-17,25.3668,25.7865,24.7023,25.052,3486300.0
2007-08-20,24.9383,25.0083,24.0552,24.4662,2881600.0
2007-08-21,24.3875,24.9646,24.3525,24.9383,2335100.0
2007-08-22,25.1395,25.3581,24.6585,25.2881,2894600.0
2007-08-23,25.052,25.5155,24.1426,24.4836,4228100.0
2007-08-24,24.37,24.5886,24.2126,24.3875,2501000.0
2007-08-27,24.2476,24.3525,23.8628,23.9415,3253200.0
2007-08-28,23.7316,23.8366,23.277,23.2857,2192100.0
2007-08-29,23.3819,23.7579,23.0321,23.6879,3391600.0
2007-08-30,23.6092,23.924,23.5218,23.7579,1935000.0
2007-08-31,23.9503,24.0202,23.7666,23.8803,2119700.0
2007-09-04,23.8278,24.4312,23.7491,24.3,2917800.0
2007-09-05,24.3088,24.3088,23.7142,23.7929,2200000.0
2007-09-06,23.9328,24.1776,23.7229,23.8103,1843400.0
2007-09-07,23.513,23.7754,23.0409,23.3469,2083200.0
2007-09-10,23.4956,23.6967,23.2507,23.3906,2397900.0
2007-09-11,23.5218,23.9328,23.4256,23.9153,1966900.0
2007-09-12,23.7929,24.6236,23.7929,24.5011,3537300.0
2007-09-13,24.7023,24.9646,24.5536,24.9209,4570600.0
2007-09-14,24.8596,24.9733,24.5973,24.8684,4493600.0
2007-09-17,24.9121,24.9296,24.6935,24.8159,3061500.0
2007-09-18,24.9209,25.7078,24.8509,25.7078,3417700.0
2007-09-19,25.7953,26.0576,25.6641,26.0139,3528600.0
2007-09-20,25.9352,26.2062,25.8477,26.1363,3497900.0
2007-09-21,26.2412,26.2675,25.9002,25.9352,4101100.0
2007-09-24,25.8915,26.0489,25.6116,25.6641,2515900.0
2007-09-25,25.5767,25.8477,25.498,25.7253,3343300.0
2007-09-26,25.804,25.874,25.4542,25.6903,2257100.0
2007-09-27,25.7953,25.874,25.6379,25.7953,1814900.0
2007-09-28,25.8565,26.5298,25.769,26.5035,3237700.0
2007-10-01,26.6172,27.4129,26.4773,27.2381,4088700.0
2007-10-02,27.343,27.343,26.9408,27.1594,2367900.0
2007-10-03,27.1156,27.4479,26.9233,27.2293,1987500.0
2007-10-04,27.2643,27.4916,27.0544,27.308,1886300.0
2007-10-05,27.4304,27.7802,27.0632,27.7715,2101300.0
2007-10-08,27.5616,27.9288,27.4829,27.9201,1462400.0
2007-10-09,27.9288,28.2261,27.6141,28.1824,2555200.0
2007-10-10,28.2087,28.4535,28.0862,28.4273,2006400.0
2007-10-11,28.3748,28.8033,28.2786,28.3136,2824700.0
2007-10-12,28.4448,28.8557,28.3223,28.5934,2212400.0
2007-10-15,28.401,29.3804,27.6053,27.8501,2919100.0
2007-10-16,27.9551,27.9726,27.6228,27.9026,2369100.0
2007-10-17,27.8589,28.2349,27.5703,28.0425,2212800.0
2007-10-18,28.0513,28.6721,27.9376,28.5672,1697900.0
2007-10-19,28.5847,28.6808,27.3867,27.4129,3584300.0
2007-10-22,27.3867,27.719,27.2905,27.649,3068400.0
2007-10-23,27.2818,27.5878,27.0894,27.5004,1967100.0
2007-10-24,27.3605,27.5528,26.9495,27.4567,2261400.0
2007-10-25,28.1562,28.1562,27.0719,27.4479,2514400.0
2007-10-26,27.4829,27.7627,27.2381,27.3955,1715400.0
2007-10-29,27.4829,27.7277,27.2468,27.343,1421600.0
2007-10-30,27.0457,27.378,27.0282,27.2381,2317800.0
2007-10-31,27.2818,28.13,27.2818,28.1212,2478900.0
2007-11-01,27.7715,28.2436,27.7715,27.8327,2209500.0
2007-11-02,27.9726,28.5847,27.8676,28.4273,2360600.0
2007-11-05,28.5147,28.5234,27.9026,28.2961,1688700.0
2007-11-06,28.2874,28.8732,27.7277,28.1562,2630800.0
2007-11-07,27.8414,27.9288,27.0807,27.1331,2678700.0
2007-11-08,27.3342,27.3342,26.2675,26.5822,4102900.0
2007-11-09,26.2062,26.5822,25.9614,25.9964,3417000.0
2007-11-12,26.2237,27.3692,25.9614,26.7571,3493500.0
2007-11-13,26.7571,26.8795,25.8652,26.6959,3145200.0
2007-11-14,26.7834,26.7921,25.6379,25.7603,2949700.0
2007-11-15,25.874,26.2412,25.4542,25.5854,2574300.0
2007-11-16,25.7865,27.1069,25.769,26.4686,4982500.0
2007-11-19,26.4074,26.5735,25.9177,26.0226,2307500.0
2007-11-20,26.1013,26.1625,25.0608,25.6816,4165800.0
2007-11-21,25.6641,25.7166,25.2094,25.3406,2121800.0
2007-11-23,25.2794,25.6466,25.2444,25.5155,823800.0
2007-11-26,25.2794,25.498,24.8072,24.8596,2149400.0
2007-11-27,24.8596,26.0226,24.8247,25.5155,2747200.0
2007-11-28,25.4542,26.3112,25.3581,26.2237,2329600.0
2007-11-29,26.0751,26.3199,25.7341,26.1101,1650900.0
2007-11-30,26.2325,26.2325,25.5854,25.6816,3079600.0
2007-12-03,25.4368,25.9177,25.4018,25.5679,2459500.0
2007-12-04,25.3143,25.7603,25.3056,25.498,2232400.0
2007-12-05,25.7253,26.0751,25.7253,25.9352,1885000.0
2007-12-06,26.0663,26.0663,25.6466,26.0314,2176100.0
2007-12-07,26.0926,26.1188,25.7428,25.9614,1919700.0
2007-12-10,26.1275,26.3811,25.9002,26.3811,1942200.0
2007-12-11,26.3024,26.5385,25.7953,25.9614,2247200.0
2007-12-12,26.2412,26.3811,25.7253,26.1275,2381500.0
2007-12-13,25.7778,26.7047,25.7341,26.4861,1794800.0
2007-12-14,26.0576,26.3724,26.0051,26.0576,1660800.0
2007-12-17,26.0401,26.2062,25.6554,25.6816,2302000.0
2007-12-18,25.874,26.2237,25.8302,26.0489,2043000.0
2007-12-19,26.0226,26.4423,26.0051,26.2937,2125500.0
2007-12-20,26.5997,26.7047,26.2062,26.5997,1969100.0
2007-12-21,27.0982,27.7102,26.6435,27.7102,4765000.0
2007-12-24,27.4042,27.7802,27.4042,27.719,1062000.0
2007-12-26,27.4741,28.1212,27.4741,28.0688,1813700.0
2007-12-27,27.5179,27.9813,27.5179,27.684,1850300.0
2007-12-28,27.7627,27.9813,27.6053,27.7977,1585100.0
2007-12-31,27.5004,27.8764,27.5004,27.684,1718100.0
2008-01-02,27.5528,27.9288,27.0719,27.2206,3417400.0
2008-01-03,27.2206,27.6315,26.932,27.0807,2937100.0
2008-01-04,27.343,27.343,26.2325,26.3462,2597000.0
2008-01-07,26.4423,27.9813,26.3636,27.4392,4026100.0
2008-01-08,27.4392,27.5441,26.6697,26.7134,3694700.0
2008-01-09,26.7921,27.308,26.4948,26.8533,3582100.0
2008-01-10,26.8621,27.2031,26.5298,27.0107,2357100.0
2008-01-11,26.9495,27.2118,26.4336,26.4948,2471200.0
2008-01-14,26.5298,26.8708,26.3636,26.6784,1526100.0
2008-01-15,26.5648,27.0457,26.4773,26.7571,2587800.0
2008-01-16,26.7571,27.9813,26.7571,27.7889,5246400.0
2008-01-17,27.7802,27.9726,26.5822,26.6872,4483900.0
2008-01-18,26.3899,27.4567,26.3811,26.7484,5341400.0
2008-01-22,26.3462,26.8096,25.1569,25.2881,4873000.0
2008-01-23,24.6498,25.769,24.265,25.7603,5148300.0
2008-01-24,25.2794,25.8565,25.0695,25.8302,3257500.0
2008-01-25,25.9789,26.591,25.8128,25.8915,4024700.0
2008-01-28,25.7253,26.3287,25.4542,25.8827,2037700.0
2008-01-29,25.5242,26.4423,25.498,26.3199,2532600.0
2008-01-30,25.9876,27.1069,25.8827,26.626,2701100.0
2008-01-31,26.3112,27.0632,26.1888,26.8358,2210900.0
2008-02-01,26.3724,27.4042,26.3199,27.2468,2191400.0
2008-02-04,27.4042,27.4479,27.0544,27.2031,1837900.0
2008-02-05,26.7746,26.9145,26.0838,26.1188,2371000.0
2008-02-06,26.2937,26.5298,25.5854,25.6379,2220100.0
2008-02-07,25.6729,25.9527,25.2007,25.5854,3102100.0
2008-02-08,25.4018,26.0663,25.3668,26.0139,2445300.0
2008-02-11,26.0314,26.4511,25.9964,26.2325,2001200.0
2008-02-12,26.4773,26.6347,26.2325,26.2849,2144500.0
2008-02-13,26.7484,27.5441,26.4161,27.5354,3175000.0
2008-02-14,27.5266,27.5354,26.6085,26.6435,2783700.0
2008-02-15,26.4423,26.6872,26.3462,26.5648,2271000.0
2008-02-19,26.897,27.1069,26.3636,26.4336,2636900.0
2008-02-20,26.7396,26.8708,26.4511,26.6347,4195400.0
2008-02-21,26.6872,26.7921,25.9352,26.0489,4454500.0
2008-02-22,24.4399,24.5361,22.6124,23.653,16942600.0
2008-02-25,23.4693,24.029,23.0671,23.924,6943300.0
2008-02-26,24.029,24.4137,23.6879,24.2476,4623900.0
2008-02-27,24.1251,24.6061,23.924,24.1426,4381600.0
2008-02-28,23.959,24.4399,23.8103,24.265,4288700.0
2008-02-29,23.7666,23.9677,23.1983,23.2245,4460900.0
2008-03-03,23.2507,23.6704,23.242,23.513,3758000.0
2008-03-04,23.4081,23.7579,23.1633,23.6879,4471700.0
2008-03-05,23.8366,24.1251,23.513,23.7579,3387800.0
2008-03-06,23.7404,23.7666,23.3994,23.5043,3404900.0
2008-03-07,23.3557,23.9328,23.0583,23.3994,3850400.0
2008-03-10,23.5393,23.548,23.0758,23.1545,3073500.0
2008-03-11,23.3469,23.4868,22.9447,23.242,4030800.0
2008-03-12,23.9153,23.9765,23.1108,23.1983,3785400.0
2008-03-13,22.8747,23.3119,22.6736,23.0583,3891400.0
2008-03-14,22.5862,23.2332,22.1839,22.3151,5089300.0
2008-03-17,22.2976,22.5424,21.9304,22.2277,5516100.0
2008-03-18,22.9971,23.7579,22.761,23.6617,6156500.0
2008-03-19,24.3088,24.6061,23.7054,23.7054,6408000.0
2008-03-20,23.6704,23.8103,23.0234,23.4431,5616100.0
2008-03-24,23.4606,24.2301,23.3469,24.0115,3334300.0
2008-03-25,24.0989,24.4574,23.8628,24.2913,3301400.0
2008-03-26,24.1076,24.335,23.9677,24.2213,3716400.0
2008-03-27,24.1339,24.1776,23.6704,23.6704,2554800.0
2008-03-28,23.9677,24.5011,23.4693,23.5568,2874700.0
2008-03-31,23.7666,23.9328,23.4081,23.618,2829900.0
2008-04-01,23.9677,24.6848,23.8366,24.6848,2434300.0
2008-04-02,24.8072,25.2969,24.7197,24.8422,2809300.0
2008-04-03,24.5536,24.9558,24.5186,24.8509,2187900.0
2008-04-04,24.8771,25.087,24.4836,24.711,1895900.0
2008-04-07,24.676,24.8596,24.4836,24.5711,1539100.0
2008-04-08,24.5274,24.6935,24.1164,24.3962,2037100.0
2008-04-09,24.5623,24.641,24.0377,24.2388,1829500.0
2008-04-10,23.959,24.6498,23.959,24.5011,1609900.0
2008-04-11,24.4836,24.5011,23.7666,23.8103,1618000.0
2008-04-14,23.9065,24.0027,23.6355,23.653,1703100.0
2008-04-15,23.653,24.0464,23.6267,24.029,2694500.0
2008-04-16,24.0902,24.5711,23.9503,24.5186,1947900.0
2008-04-17,24.7547,24.8422,24.2301,24.2563,3454300.0
2008-04-18,24.9121,25.3756,24.746,25.3581,4360500.0
2008-04-21,25.0608,25.122,24.8247,24.9558,2478400.0
2008-04-22,24.7547,24.9471,24.0989,24.265,2612600.0
2008-04-23,24.4312,24.8422,24.2213,24.641,3382600.0
2008-04-24,24.3088,24.641,24.1076,24.4399,3557200.0
2008-04-25,24.4574,24.4836,23.8278,24.1339,2524900.0
2008-04-28,24.3962,24.4312,24.0902,24.1863,2060700.0
2008-04-29,24.1164,24.2825,23.889,24.0464,2536700.0
2008-04-30,24.3088,24.3525,23.4343,23.583,3636700.0
2008-05-01,23.5568,24.4224,23.3731,24.3875,3434000.0
2008-05-02,24.7197,24.7984,24.4049,24.641,2353000.0
2008-05-05,24.4312,24.5886,24.1689,24.2038,2078300.0
2008-05-06,24.1076,24.4662,24.029,24.2825,3601500.0
2008-05-07,24.1863,24.4137,23.7316,23.7754,2858200.0
2008-05-08,23.9765,24.3175,23.9065,24.2563,3140500.0
2008-05-09,23.959,24.1776,23.4169,23.513,3824900.0
2008-05-12,23.513,24.2301,23.242,24.1251,4171200.0
2008-05-13,24.0115,24.0115,23.4868,23.9328,3177000.0
2008-05-14,24.0377,24.4574,23.9065,24.1689,2310500.0
2008-05-15,24.0989,24.5798,24.0027,24.4487,2180800.0
2008-05-16,24.4924,24.5973,24.0639,24.2913,3854700.0
2008-05-19,24.2825,24.4224,23.8366,23.959,3269900.0
2008-05-20,24.1689,24.2825,23.6442,23.7929,3713600.0
2008-05-21,24.3263,25.6116,24.0989,24.6061,10402000.0
2008-05-22,24.7023,25.2531,24.6498,24.9034,4885000.0
2008-05-23,24.5623,24.6935,24.0464,24.0639,4856800.0
2008-05-27,24.1164,25.0433,24.029,25.0258,3803500.0
2008-05-28,25.052,25.0957,24.6848,25.087,3400400.0
2008-05-29,25.1307,25.4892,25.0608,25.2969,3032200.0
2008-05-30,25.2619,25.428,25.0695,25.3231,2357200.0
2008-06-02,25.122,25.3231,24.746,25.0345,2947800.0
2008-06-03,25.1832,25.5329,24.9121,25.2531,3459900.0
2008-06-04,25.2182,26.0401,25.2182,25.9089,4109200.0
2008-06-05,25.874,26.2849,25.6554,26.2412,3444600.0
2008-06-06,25.9614,26.0576,25.3843,25.428,3849400.0
2008-06-09,25.6379,25.6379,24.9121,25.393,3463200.0
2008-06-10,25.428,25.428,24.9908,25.2531,3449900.0
2008-06-11,25.0957,25.2269,24.7372,24.8072,3717900.0
2008-06-12,24.7023,25.3143,24.7023,25.122,3662900.0
2008-06-13,25.1395,25.839,25.1132,25.7078,3813000.0
2008-06-16,25.4717,26.2325,25.4018,26.1625,3764500.0
2008-06-17,26.145,26.145,25.4018,25.428,3365500.0
2008-06-18,25.2531,25.428,25.0083,25.1045,2812800.0
2008-06-19,25.0083,25.7865,24.9209,25.6729,3103900.0
2008-06-20,25.3843,25.6116,24.9209,24.9821,3962500.0
2008-06-23,25.1919,25.3406,24.8946,25.017,3525600.0
2008-06-24,24.8509,25.0345,24.4137,24.5798,3777400.0
2008-06-25,24.8334,25.6029,24.5798,25.2794,4448800.0
2008-06-26,25.1832,25.2794,24.7547,24.8072,4535900.0
2008-06-27,24.7547,25.052,24.3263,24.5798,4081000.0
2008-06-30,24.7635,24.7722,24.0552,24.1076,2887700.0
2008-07-01,23.9415,24.5011,23.6879,24.3962,4503200.0
2008-07-02,24.5011,24.6061,23.7841,23.8191,3748500.0
2008-07-03,23.8628,24.5886,23.8628,24.3,2312300.0
2008-07-07,24.5623,24.6585,23.8978,24.3263,3426000.0
2008-07-08,24.6061,24.8684,24.2126,24.6585,4097300.0
2008-07-09,23.6879,24.2213,23.2332,23.2332,9182100.0
2008-07-10,23.4956,23.8541,23.1108,23.5043,4722300.0
2008-07-11,23.1458,23.5568,22.9097,23.2682,4616700.0
2008-07-14,23.172,23.5305,23.0846,23.207,3765200.0
2008-07-15,23.4606,23.5305,22.8922,23.1895,3977700.0
2008-07-16,23.207,23.8803,22.9534,23.7754,3611200.0
2008-07-17,23.8541,24.5186,23.7491,24.2738,2825800.0
2008-07-18,24.2476,24.5623,23.9677,24.4924,2941400.0
2008-07-21,24.5099,24.5186,23.7841,24.0115,2351600.0
2008-07-22,24.5536,24.676,24.0727,24.3,3425200.0
2008-07-23,23.9503,24.3962,23.8453,24.2038,4739400.0
2008-07-24,23.5917,23.959,23.3557,23.7054,3310600.0
2008-07-25,23.8016,23.9765,23.583,23.9065,1811500.0
2008-07-28,23.7054,23.8453,23.277,23.3994,2270400.0
2008-07-29,23.583,24.1514,23.4606,23.9328,2309600.0
2008-07-30,23.4518,24.1076,23.4518,23.9153,3879000.0
2008-07-31,23.9153,24.3612,23.6267,23.8978,3381000.0
2008-08-01,23.8541,24.1339,23.0758,23.994,3546600.0
2008-08-04,24.1339,24.5711,23.9153,24.4224,3943200.0
2008-08-05,24.676,25.4717,24.4749,25.4455,5060600.0
2008-08-06,25.2269,25.7865,25.0782,25.6204,3027100.0
2008-08-07,25.5504,26.0314,25.4368,25.8215,3981700.0
2008-08-08,26.0489,26.2325,25.6903,26.1188,3931700.0
2008-08-11,26.1013,26.7659,26.0926,26.5123,4322700.0
2008-08-12,26.5648,26.8621,26.3374,26.6435,3723400.0
2008-08-13,26.5035,26.6435,26.0838,26.3287,3537500.0
2008-08-14,26.4161,26.9582,26.1101,26.7921,3122800.0
2008-08-15,26.9233,27.002,26.5298,26.7309,3094300.0
2008-08-18,26.9845,26.9845,26.4074,26.5648,3162500.0
2008-08-19,26.5298,26.8795,25.9352,26.0926,3884600.0
2008-08-20,26.3287,26.7571,26.1363,26.521,3678200.0
2008-08-21,26.1101,26.3636,25.7516,26.2587,4663100.0
2008-08-22,26.3024,27.7627,26.3024,27.2468,6062000.0
2008-08-25,26.6609,27.1943,26.4249,26.6784,4077200.0
2008-08-26,26.6522,26.8271,26.2587,26.3899,3562000.0
2008-08-27,26.3549,26.8358,26.2675,26.5735,3081800.0
2008-08-28,26.7921,27.1069,26.7134,27.0719,2708100.0
2008-08-29,26.9582,27.002,26.2587,26.2937,2654300.0
2008-09-02,26.6172,27.1069,26.5123,26.6347,4477400.0
2008-09-03,26.897,27.1069,26.5035,26.6872,5895400.0
2008-09-04,26.4423,26.8183,25.8827,25.8827,3604600.0
2008-09-05,25.839,26.3462,25.6729,26.1013,4925300.0
2008-09-08,26.5648,27.9288,26.2325,26.7134,4638700.0
2008-09-09,26.8708,27.0632,26.4511,26.4948,4878700.0
2008-09-10,26.7571,26.7571,26.2675,26.3811,3878700.0
2008-09-11,26.2325,26.7396,26.0576,26.7047,4088200.0
2008-09-12,26.3986,26.6609,26.2237,26.6172,3607400.0
2008-09-15,26.3374,26.8795,25.839,25.9352,4896400.0
2008-09-16,25.7865,26.5997,25.5592,26.0139,6192600.0
2008-09-17,25.9789,26.3199,25.4717,25.5155,5908300.0
2008-09-18,25.8215,27.1069,25.5679,26.6784,5987300.0
2008-09-19,27.1594,27.9813,25.6116,27.754,6868900.0
2008-09-22,27.2206,27.9638,26.8183,26.8271,4033400.0
2008-09-23,27.1069,27.8851,26.9058,27.002,4664900.0
2008-09-24,27.0107,27.5091,26.8183,27.3168,3657700.0
2008-09-25,27.7889,27.9813,27.2468,27.5179,3484500.0
2008-09-26,27.0369,27.9813,26.9233,27.9288,3534600.0
2008-09-29,27.6403,27.9551,26.1625,26.1625,5959100.0
2008-09-30,26.8358,27.754,26.7047,27.6403,6303600.0
2008-10-01,27.2818,27.4567,26.3287,26.626,4416300.0
2008-10-02,26.6085,26.8708,25.9876,26.1713,5225900.0
2008-10-03,25.6116,26.0663,24.2563,24.335,8562100.0
2008-10-06,23.959,24.4487,22.6911,23.4956,6943900.0
2008-10-07,23.4518,23.8191,22.0877,22.0877,5932700.0
2008-10-08,22.6736,23.6442,21.9216,22.525,7045100.0
2008-10-09,22.455,23.0146,21.3532,21.4844,6622100.0
2008-10-10,21.1434,22.9272,20.4176,21.9041,8136500.0
2008-10-13,22.1577,23.4693,21.8866,23.4431,4724900.0
2008-10-14,23.7841,24.1076,22.3151,22.455,5859700.0
2008-10-15,22.149,23.0933,20.6275,20.7586,4509100.0
2008-10-16,20.0066,21.8429,19.8667,21.7992,6319600.0
2008-10-17,21.2833,22.4025,21.0035,21.6593,6880100.0
2008-10-20,21.7904,22.7348,21.6156,22.7173,3480200.0
2008-10-21,22.3763,22.6824,21.8167,21.8954,3799900.0
2008-10-22,21.6418,21.8342,20.2952,20.645,5361400.0
2008-10-23,20.3389,20.9685,19.447,20.5838,6490800.0
2008-10-24,19.6219,20.4963,19.2634,19.9454,4772700.0
2008-10-27,19.5957,20.4176,19.0273,19.6306,3919500.0
2008-10-28,20.5313,21.3183,19.5345,21.2658,5628900.0
2008-10-29,21.1521,22.1052,20.8024,21.3183,4940100.0
2008-10-30,22.079,22.0877,21.3357,21.6768,3846000.0
2008-10-31,21.6243,22.1227,21.2133,21.9129,4554100.0
2008-11-03,21.2833,22.5162,21.2658,22.3151,2743800.0
2008-11-04,22.6736,22.9447,22.1839,22.3151,4785800.0
2008-11-05,22.3151,22.9184,21.9916,22.1402,3386600.0
2008-11-06,22.1402,22.2539,20.7761,20.9073,3687900.0
2008-11-07,21.0472,21.2396,20.7324,20.986,3667800.0
2008-11-10,21.7992,21.8079,20.5051,20.7586,2591200.0
2008-11-11,20.7499,20.7761,19.9017,20.0941,2955600.0
2008-11-12,19.8842,19.893,18.7475,18.7999,4329800.0
2008-11-13,18.9398,20.0678,17.9255,20.0678,4950700.0
2008-11-14,19.3683,19.9367,18.7912,18.8699,4218200.0
2008-11-17,18.6863,19.1235,18.2491,18.6338,3288200.0
2008-11-18,18.4939,19.0623,17.943,18.5988,3969100.0
2008-11-19,18.2928,19.2984,17.9692,17.9692,5659300.0
2008-11-20,17.8293,19.6219,17.6982,18.0217,6691100.0
2008-11-21,18.6775,20.1116,18.354,19.7618,6679200.0
2008-11-24,20.1203,20.1378,19.2896,19.893,5565200.0
2008-11-25,19.9717,20.1116,18.7387,19.0798,4384200.0
2008-11-26,18.8961,19.5957,18.8786,19.5957,2746700.0
2008-11-28,19.3945,19.7181,19.0273,19.3771,1142700.0
2008-12-01,19.106,19.1759,17.6545,17.6545,3356200.0
2008-12-02,17.9605,19.1759,17.6545,19.1322,4095700.0
2008-12-03,18.9224,20.1203,18.7212,20.1116,6029400.0
2008-12-04,19.7793,20.4963,19.2459,19.5257,5354500.0
2008-12-05,19.7356,20.4963,18.8612,20.4176,4220700.0
2008-12-08,20.4701,20.986,20.4176,20.7674,3730800.0
2008-12-09,20.54,20.916,20.1028,20.4264,3201500.0
2008-12-10,20.6799,20.916,20.3127,20.6887,2554400.0
2008-12-11,20.4963,20.6887,19.482,19.5694,2620100.0
2008-12-12,19.7006,20.1815,19.1934,20.1028,2977400.0
2008-12-15,20.2777,20.3914,19.4558,19.9629,3279300.0
2008-12-16,20.4176,20.9073,19.8492,20.8461,3247300.0
2008-12-17,20.6187,20.8286,20.1465,20.2777,2805600.0
2008-12-18,19.9192,20.6799,19.5432,19.8143,2486600.0
2008-12-19,20.1378,20.6624,19.8143,20.3302,3899700.0
2008-12-22,20.0853,20.2777,19.6219,19.8492,2626300.0
2008-12-23,20.3039,20.4089,19.5432,19.7181,1923000.0
2008-12-24,19.7705,19.7705,19.5782,19.7093,632200.0
2008-12-26,19.9279,19.9804,19.7531,19.8842,808000.0
2008-12-29,19.5082,19.858,19.5082,19.8055,1573000.0
2008-12-30,19.823,20.6974,19.8055,20.6275,2002600.0
2008-12-31,20.2078,21.1696,20.2078,20.8024,2069000.0
2009-01-02,20.7149,21.4319,20.6712,21.3357,1890700.0
2009-01-05,21.1609,21.7992,21.0035,21.7467,3140400.0
2009-01-06,21.6156,22.3238,21.6156,22.1577,2744300.0
2009-01-07,22.044,22.149,21.7642,22.0265,2661700.0
2009-01-08,21.7817,22.2189,21.6505,22.1577,2787600.0
2009-01-09,22.2014,22.2014,21.4232,21.4407,2746000.0
2009-01-12,21.2396,21.3183,20.8898,21.1434,2572800.0
2009-01-13,21.2221,21.5194,20.8111,21.0297,2541200.0
2009-01-14,20.7936,20.986,20.234,20.4176,2559400.0
2009-01-15,20.2515,20.9073,20.2078,20.8286,3469000.0
2009-01-16,20.8898,21.1609,20.5051,20.9947,3872100.0
2009-01-20,21.1696,21.2046,19.9017,19.9192,3708000.0
2009-01-21,20.234,20.5663,19.6569,20.54,3436100.0
2009-01-22,20.6187,20.6187,19.823,20.199,3182500.0
2009-01-23,20.1116,20.54,19.7356,20.4438,4908600.0
2009-01-26,20.3477,20.7849,20.1815,20.3039,4689100.0
2009-01-27,20.199,20.4788,20.0678,20.2865,3708300.0
2009-01-28,20.5138,21.0384,20.199,20.8723,3802900.0
2009-01-29,20.5925,20.8636,20.3739,20.6362,3168200.0
2009-01-30,20.4526,20.7062,19.788,19.8055,3161100.0
2009-02-02,19.7531,20.2777,19.6831,20.1553,2961000.0
2009-02-03,20.1465,20.6887,19.7356,20.6362,2788900.0
2009-02-04,20.6799,21.2571,20.5051,20.61,3647900.0
2009-02-05,20.3389,20.9947,20.2602,20.8985,3769200.0
2009-02-06,20.5051,21.5456,20.5051,21.4582,3359200.0
2009-02-09,21.4057,21.7205,21.292,21.6593,2295100.0
2009-02-10,21.2833,21.4757,20.199,20.3214,4806600.0
2009-02-11,20.5225,20.5925,19.9804,20.2602,3017700.0
2009-02-12,20.199,20.4351,19.6306,20.3302,3953000.0
2009-02-13,20.54,20.5663,20.0591,20.0853,3852200.0
2009-02-17,19.2984,19.4645,18.8699,18.9923,4677600.0
2009-02-18,19.0885,19.4907,18.6688,19.1322,4551100.0
2009-02-19,19.2721,19.2721,18.4239,18.5988,7166000.0
2009-02-20,19.8492,21.4407,19.0185,20.9772,11647500.0
2009-02-23,20.9772,21.2046,20.0766,20.1728,5151300.0
2009-02-24,20.3914,20.916,20.0853,20.8286,6335500.0
2009-02-25,20.9598,21.0647,19.9891,20.7324,5936700.0
2009-02-26,20.916,20.916,20.0504,20.0591,4120800.0
2009-02-27,20.2952,20.4701,19.8842,19.9279,4735600.0
2009-03-02,19.7705,19.8842,19.2372,19.4033,7227900.0
2009-03-03,19.4558,20.3127,19.2459,19.9629,6588600.0
2009-03-04,20.1291,20.6974,20.0329,20.4526,4342000.0
2009-03-05,19.9367,20.4089,19.893,19.9454,4567600.0
2009-03-06,19.9629,20.3914,19.9105,20.3127,5413200.0
2009-03-09,19.9279,20.7237,19.9105,20.1203,4525600.0
2009-03-10,20.4876,21.4494,20.1203,21.362,5119200.0
2009-03-11,21.3795,21.773,21.0997,21.5981,4989900.0
2009-03-12,21.4757,22.3938,21.3532,22.1664,3465100.0
2009-03-13,22.2014,22.2889,21.8691,22.1577,3686800.0
2009-03-16,22.2801,22.42,21.9216,21.9216,4367100.0
2009-03-17,22.1839,22.7436,21.9129,22.7436,4824900.0
2009-03-18,22.4725,23.6005,22.2714,23.3382,6034500.0
2009-03-19,23.5043,23.5917,23.0671,23.3382,4774600.0
2009-03-20,23.4956,23.5655,21.9304,22.2364,9223300.0
2009-03-23,22.8048,23.6092,22.455,23.4431,5720500.0
2009-03-24,23.1283,23.2857,22.8485,23.0758,3605300.0
2009-03-25,23.137,23.7929,22.8048,23.2857,5537800.0
2009-03-26,23.5393,24.1076,23.3382,24.1076,4722700.0
2009-03-27,23.6355,23.8278,23.3906,23.4606,3185500.0
2009-03-30,23.0583,23.4868,22.9709,23.4518,3520600.0
2009-03-31,23.5393,23.9765,23.3906,23.6092,3477700.0
2009-04-01,23.3469,24.0902,23.277,23.8978,3268700.0
2009-04-02,23.8453,24.7635,23.6442,24.2738,4543200.0
2009-04-03,24.2738,24.4749,23.9153,24.2476,3004800.0
2009-04-06,24.3,24.3,23.4343,23.8803,3416100.0
2009-04-07,23.4606,23.7054,23.1196,23.3119,4018400.0
2009-04-08,23.4343,23.7404,23.1808,23.3994,4263000.0
2009-04-09,24.0115,24.0115,23.1808,23.2944,4333600.0
2009-04-13,22.6561,22.7873,22.2976,22.5512,5366300.0
2009-04-14,22.7261,22.7348,21.9391,22.2014,5441600.0
2009-04-15,22.114,22.3151,21.8779,22.1664,4556100.0
2009-04-16,22.5687,22.8048,22.2539,22.6037,4596400.0
2009-04-17,22.8135,22.9184,22.2976,22.3676,4155800.0
2009-04-20,21.0997,21.668,20.9772,21.3008,7022400.0
2009-04-21,21.2658,21.7205,21.1434,21.6768,4561800.0
2009-04-22,21.4407,21.8604,21.3008,21.5019,3320700.0
2009-04-23,21.4144,21.4144,20.7499,21.2308,3689600.0
2009-04-24,21.3008,21.5893,21.0909,21.3095,3359900.0
2009-04-27,20.4089,20.6537,20.0591,20.3477,4536100.0
2009-04-28,20.2952,20.4788,20.1028,20.2078,3177400.0
2009-04-29,20.3302,20.4701,19.8842,20.2427,3955400.0
2009-04-30,20.2865,20.3564,19.9454,20.2252,4748500.0
2009-05-01,19.9804,20.3127,19.9017,20.1028,3226400.0
2009-05-04,19.9454,20.6012,19.9017,20.4438,2932900.0
2009-05-05,20.3739,21.0559,20.3302,21.0384,4685500.0
2009-05-06,20.8548,21.292,20.8373,21.2308,3609200.0
2009-05-07,21.0472,21.362,20.7411,20.8636,4158200.0
2009-05-08,20.8461,21.4844,20.6887,21.0384,3361000.0
2009-05-11,21.0734,21.397,20.7324,21.1871,2169400.0
2009-05-12,21.4319,21.668,21.0647,21.5106,3357300.0
2009-05-13,21.3357,21.5718,20.951,21.0734,2264100.0
2009-05-14,21.3532,21.4844,21.0822,21.2658,1650400.0
2009-05-15,21.4582,21.4582,20.9598,20.9685,2661500.0
2009-05-18,21.1521,21.4407,21.0035,21.4407,2086400.0
2009-05-19,21.5369,22.1315,21.2133,22.0003,3115900.0
2009-05-20,22.0178,22.4113,21.8866,22.0528,3973800.0
2009-05-21,22.761,24.335,22.7173,23.8453,8606000.0
2009-05-22,23.9153,23.9153,23.1808,23.2944,3804800.0
2009-05-26,23.1983,24.265,23.1808,24.2388,5408200.0
2009-05-27,24.265,24.4049,23.3294,23.3294,4152000.0
2009-05-28,23.618,23.6355,23.2332,23.3207,4927900.0
2009-05-29,23.3644,23.8016,23.1808,23.8016,2898000.0
2009-06-01,24.0552,24.2563,23.8016,24.1601,3368900.0
2009-06-02,24.1076,24.3875,23.6442,24.2388,4221500.0
2009-06-03,23.7229,24.3175,23.7229,24.2388,2596300.0
2009-06-04,23.8103,24.2301,23.8103,24.1601,2797400.0
2009-06-05,24.4312,24.4749,24.0377,24.3875,3283400.0
2009-06-08,24.7197,24.7809,24.3,24.5798,4330600.0
2009-06-09,24.5274,25.1832,24.4836,24.9996,3549300.0
2009-06-10,25.0608,25.1657,24.4487,24.8596,3245300.0
2009-06-11,24.711,25.087,24.5361,24.8509,3078400.0
2009-06-12,24.7809,25.0433,24.4924,25.0433,2161300.0
2009-06-15,24.5886,24.8247,23.9065,24.3175,3054300.0
2009-06-16,24.4574,24.6148,24.2301,24.2388,3633200.0
2009-06-17,24.5536,24.9733,24.1514,24.7197,3649700.0
2009-06-18,24.3088,24.6935,24.1076,24.3875,2754600.0
2009-06-19,24.6935,24.8334,24.1776,24.5623,3496100.0
2009-06-22,24.0027,24.0902,23.7579,23.8103,3648500.0
2009-06-23,24.0202,24.1601,23.7142,23.8541,3021200.0
2009-06-24,23.924,24.37,23.889,24.2301,2811100.0
2009-06-25,24.1951,24.7197,24.0202,24.7197,2271400.0
2009-06-26,24.5711,24.7897,24.3962,24.7897,2077700.0
2009-06-29,24.5798,24.8684,24.335,24.7197,2419500.0
2009-06-30,24.8334,24.8771,24.4312,24.6498,2516700.0
2009-07-01,24.6673,25.0957,24.6498,24.8509,2794300.0
2009-07-02,24.6236,24.711,24.2213,24.3525,2224900.0
2009-07-06,24.5536,24.5623,24.1339,24.4399,2160900.0
2009-07-07,24.3263,24.4487,23.6442,23.6442,3299300.0
2009-07-08,23.7229,24.0464,23.5043,23.6617,3352400.0
2009-07-09,23.6704,24.029,23.583,23.8541,2549700.0
2009-07-10,23.6967,24.2301,23.6967,24.0115,2455500.0
2009-07-13,23.9677,24.3175,23.548,24.2913,2631400.0
2009-07-14,24.1776,24.2913,23.9765,24.0727,3236700.0
2009-07-15,24.1863,24.9034,23.994,24.8159,2474300.0
2009-07-16,24.8946,24.8946,24.2913,24.3437,5211900.0
2009-07-17,24.4662,24.5886,24.1601,24.4399,4148700.0
2009-07-20,24.4399,24.7809,24.4224,24.746,2605800.0
2009-07-21,24.8596,24.9034,24.4574,24.7197,2522200.0
2009-07-22,24.6061,24.8509,24.2738,24.746,2072400.0
2009-07-23,24.7547,25.3581,24.4574,25.2881,3564400.0
2009-07-24,25.0433,25.6291,24.9821,25.5592,2843600.0
2009-07-27,25.5942,25.6554,25.3318,25.6554,2143800.0
2009-07-28,25.6204,25.9964,25.4542,25.8915,2618000.0
2009-07-29,25.7953,26.0139,25.6379,25.9614,2184600.0
2009-07-30,26.1275,26.2412,25.9614,26.0489,2557500.0
2009-07-31,25.9789,26.2237,25.9439,25.9702,1593300.0
2009-08-03,25.9702,26.1713,25.8565,26.0051,2317800.0
2009-08-04,26.1275,26.2325,25.9177,26.2325,2253600.0
2009-08-05,25.9352,26.1013,25.5767,25.9089,4009700.0
2009-08-06,25.874,26.0576,25.6903,25.9876,2780400.0
2009-08-07,26.3287,26.4948,26.1188,26.4074,2879500.0
2009-08-10,26.215,26.5997,26.18,26.4948,2563900.0
2009-08-11,26.4686,26.556,26.2675,26.4161,2115200.0
2009-08-12,26.3724,27.3605,26.3724,27.1244,3530400.0
2009-08-13,27.1594,27.308,26.7396,26.9845,1706000.0
2009-08-14,26.8183,27.0632,26.2762,26.5735,3365100.0
2009-08-17,26.3462,26.5735,26.1713,26.3549,2988800.0
2009-08-18,26.4861,26.6872,26.1888,26.6085,3240600.0
2009-08-19,26.3549,26.8533,26.2325,26.8271,2937100.0
2009-08-20,26.6959,27.1856,26.6697,26.9757,4289500.0
2009-08-21,26.1275,26.145,24.1426,25.0258,12856500.0
2009-08-24,25.0782,25.087,24.5886,24.9209,4516700.0
2009-08-25,24.8247,24.9383,24.6323,24.7635,4303500.0
2009-08-26,24.6935,25.0345,24.5536,24.6585,4223200.0
2009-08-27,24.6498,24.7635,24.4924,24.6848,3975800.0
2009-08-28,24.7984,24.9733,24.4924,24.5973,3427000.0
2009-08-31,24.5623,24.6498,24.0464,24.2825,4457700.0
2009-09-01,24.2825,24.7285,23.994,24.0639,4799200.0
2009-09-02,23.9328,24.4049,23.924,24.2126,4127800.0
2009-09-03,24.0464,24.3612,23.9415,24.3,2564000.0
2009-09-04,24.2913,24.6935,24.1689,24.6673,2595600.0
2009-09-08,24.5886,24.746,24.4749,24.6323,2201100.0
2009-09-09,24.4924,24.8247,24.4049,24.6935,2937800.0
2009-09-10,24.641,24.6848,24.4137,24.5886,3460700.0
2009-09-11,24.5798,24.5973,24.2563,24.3437,3844900.0
2009-09-14,24.2126,24.5711,24.1863,24.3612,2688200.0
2009-09-15,24.2476,24.3175,23.7316,24.2913,2377700.0
2009-09-16,24.1514,24.4574,23.9503,24.3875,4528300.0
2009-09-17,24.4749,24.4749,24.0902,24.1689,3178900.0
2009-09-18,24.1426,24.4224,23.959,24.2825,3369900.0
2009-09-21,24.2913,24.3437,23.9153,24.0202,3254000.0
2009-09-22,24.1776,24.4836,23.8453,24.37,4975500.0
2009-09-23,24.3,24.711,24.1514,24.3088,4458000.0
2009-09-24,24.335,24.4662,24.0115,24.1689,4156000.0
2009-09-25,24.1251,24.3263,24.0902,24.1776,2879200.0
2009-09-28,24.3612,24.9209,24.3612,24.6848,2936400.0
2009-09-29,24.7372,24.9034,24.5361,24.7023,2520500.0
2009-09-30,24.711,24.9908,24.4137,24.9209,3771500.0
2009-10-01,24.6848,24.8334,24.1689,24.3263,3352900.0
2009-10-02,24.2038,24.5449,24.0989,24.2825,2159400.0
2009-10-05,24.1951,24.7197,24.1339,24.7023,2818200.0
2009-10-06,24.711,24.7809,24.5099,24.7197,5746600.0
2009-10-07,24.7372,24.8072,24.3263,24.4487,3994800.0
2009-10-08,24.5536,24.746,24.5186,24.5623,5522600.0
2009-10-09,24.3962,25.0957,24.3787,25.0608,4183600.0
2009-10-12,25.0345,25.3581,25.0345,25.2706,3043200.0
2009-10-13,25.2269,25.9264,25.1919,25.839,5194400.0
2009-10-14,26.0139,26.1975,25.874,26.1625,4593500.0
2009-10-15,25.7778,26.1625,25.7778,26.0576,3459100.0
2009-10-16,26.0051,26.1888,25.7428,26.0838,3272500.0
2009-10-19,26.1713,26.25,25.9702,26.2062,2706600.0
2009-10-20,25.9177,25.9789,25.6641,25.9002,2444100.0
2009-10-21,25.7253,26.3199,25.7253,25.8827,3093900.0
2009-10-22,25.7778,26.4773,25.6029,26.3811,4662400.0
2009-10-23,26.2412,26.521,25.9702,26.1188,3875200.0
2009-10-26,26.0489,26.6085,26.0051,26.1625,4325600.0
2009-10-27,26.2937,26.4948,25.9702,26.1625,4539900.0
2009-10-28,26.1275,26.2675,25.6466,25.7341,4186500.0
2009-10-29,25.7428,26.0314,25.6554,25.9964,1971300.0
2009-10-30,25.9614,26.0139,25.4193,25.4193,4541200.0
2009-11-02,25.3581,25.6641,25.1744,25.4805,3498800.0
2009-11-03,25.463,25.5417,25.2182,25.4455,2627000.0
2009-11-04,25.428,25.6466,25.3231,25.4193,2713900.0
2009-11-05,25.6729,26.0489,25.5242,25.9614,1555800.0
2009-11-06,25.9177,26.18,25.804,25.9614,1909500.0
2009-11-09,26.0401,26.4861,25.8652,26.4686,2701900.0
2009-11-10,26.5648,26.6609,26.2587,26.3287,3528700.0
2009-11-11,26.3636,26.5997,26.1975,26.2762,5237000.0
2009-11-12,26.3374,26.4511,26.0838,26.1275,1854200.0
2009-11-13,26.2237,26.2325,26.0489,26.145,2712400.0
2009-11-16,26.1538,26.6697,26.1013,26.5997,3442100.0
2009-11-17,26.4686,26.591,26.3986,26.5298,2142600.0
2009-11-18,26.4161,26.556,26.1975,26.5298,2364700.0
2009-11-19,26.3374,26.5822,26.2325,26.4686,3757300.0
2009-11-20,25.8215,26.2325,25.5942,25.9352,4314700.0
2009-11-23,26.18,26.3724,25.9614,26.1713,2646000.0
2009-11-24,26.0926,26.215,25.6729,25.7603,2845400.0
2009-11-25,25.7078,26.0139,25.7078,25.9352,1965800.0
2009-11-27,25.4193,25.8215,25.3843,25.5942,1094000.0
2009-11-30,25.4717,25.6029,25.2269,25.5417,2074800.0
2009-12-01,25.6729,26.0576,25.6729,25.7516,2615400.0
2009-12-02,25.6729,26.0139,25.6729,25.9439,1820300.0
2009-12-03,26.0576,26.0838,25.6379,25.6379,1835200.0
2009-12-04,25.7953,26.1188,25.7603,26.0139,3174600.0
2009-12-07,25.9964,26.0838,25.6816,25.8827,1522500.0
2009-12-08,25.7428,25.8565,25.3406,25.6379,2515400.0
2009-12-09,25.498,26.0139,25.4018,25.9964,2726800.0
2009-12-10,25.9964,26.3374,25.9089,26.2587,3077100.0
2009-12-11,26.3462,26.4423,25.8565,26.0226,2844400.0
2009-12-14,26.3199,26.6085,26.1538,26.5735,2769500.0
2009-12-15,26.3724,26.6172,26.3374,26.4249,2610400.0
2009-12-16,26.4336,26.5735,26.4161,26.4336,2861400.0
2009-12-17,26.3374,26.4161,26.0926,26.3024,2827800.0
2009-12-18,26.3287,26.6697,26.2849,26.6435,4326000.0
2009-12-21,26.7047,26.9145,26.6872,26.8096,2041800.0
2009-12-22,26.7659,27.0195,26.7134,26.8708,1862100.0
2009-12-23,26.8183,26.9145,26.6959,26.8795,1431200.0
2009-12-24,26.8708,27.0982,26.7484,27.0544,673100.0
2009-12-28,27.002,27.1506,26.9145,27.1069,1343700.0
2009-12-29,27.0719,27.1419,26.9058,27.0719,1133000.0
2009-12-30,26.9757,27.3255,26.967,27.1594,1237500.0
2009-12-31,27.1594,27.2031,26.8533,26.8708,1031400.0
2010-01-04,26.9845,27.2381,26.9058,26.9408,2139300.0
2010-01-05,26.897,27.0195,26.591,26.9408,2783700.0
2010-01-06,26.8096,26.9757,26.5123,26.5648,2714200.0
2010-01-07,26.4861,26.7571,26.3374,26.4773,2899900.0
2010-01-08,26.7571,27.2118,26.3374,27.1768,3889100.0
2010-01-11,27.2118,27.4654,27.0457,27.2993,3502200.0
2010-01-12,27.0982,27.4654,27.002,27.2993,2725100.0
2010-01-13,27.4392,27.7102,27.2818,27.6141,2430600.0
2010-01-14,27.7102,27.8764,27.4741,27.7889,2506700.0
2010-01-15,27.7365,27.9551,27.1856,27.5091,3594100.0
2010-01-19,27.4392,27.9114,27.3692,27.7452,2014900.0
2010-01-20,27.5703,27.6578,26.8883,27.2993,2585700.0
2010-01-21,27.2905,27.4654,26.8096,26.967,2981800.0
2010-01-22,27.0719,27.0894,26.2849,26.3199,2394400.0
2010-01-25,26.3899,26.7134,26.2849,26.5473,2677000.0
2010-01-26,26.5648,26.6609,26.215,26.2587,3680300.0
2010-01-27,26.1275,26.3024,25.9002,26.2412,3787600.0
2010-01-28,26.0663,26.2937,25.7078,25.9352,3552700.0
2010-01-29,25.9439,26.2325,25.8215,25.8915,3574000.0
2010-02-01,25.9527,26.3199,25.804,26.1538,2506900.0
2010-02-02,26.145,26.2587,25.9177,26.1975,3068600.0
2010-02-03,26.1013,26.3636,25.9876,26.2237,1967000.0
2010-02-04,26.145,26.1888,25.5854,25.5854,2912200.0
2010-02-05,25.6903,25.9702,25.3843,25.7428,4161400.0
2010-02-08,25.7078,25.839,25.4542,25.6729,2056400.0
2010-02-09,25.8565,25.9789,25.3668,25.6291,3634900.0
2010-02-10,25.4805,25.7516,25.4193,25.6991,1985600.0
2010-02-11,25.6204,25.9527,25.3581,25.8827,2246600.0
2010-02-12,25.4542,25.7516,25.393,25.6991,2238400.0
2010-02-16,25.769,26.0576,25.5854,26.0489,1868200.0
2010-02-17,26.0838,26.2237,25.8565,26.1538,2327800.0
2010-02-18,26.1975,26.5385,26.1275,26.5123,2269500.0
2010-02-19,28.2174,28.9869,28.1562,28.6109,9407800.0
2010-02-22,28.506,28.7071,28.1475,28.2961,4500100.0
2010-02-23,28.1999,28.401,27.6141,27.8676,5612100.0
2010-02-24,27.9288,28.3223,27.9114,28.2174,4491400.0
2010-02-25,27.8064,28.5234,27.7277,28.3835,5037800.0
2010-02-26,28.4098,28.4098,28.1212,28.2961,2578100.0
2010-03-01,28.2699,28.812,28.2349,28.7683,2655700.0
2010-03-02,28.6546,29.1093,28.6371,28.9694,4238600.0
2010-03-03,28.9169,29.258,28.882,29.0394,3389400.0
2010-03-04,29.1006,29.2842,28.8208,29.2317,2801500.0
2010-03-05,29.1705,29.6689,29.1705,29.6514,3284300.0
2010-03-08,29.5465,29.7301,29.5028,29.7127,2797400.0
2010-03-09,29.6864,29.7389,29.5115,29.6864,3130800.0
2010-03-10,29.7826,30.2111,29.6077,30.1411,4530100.0
2010-03-11,29.9925,30.2111,29.9487,30.2023,2556600.0
2010-03-12,30.1761,30.316,30.01,30.2635,2478600.0
2010-03-15,30.1848,30.316,30.1149,30.2898,1724600.0
2010-03-16,30.3422,30.3947,30.1499,30.2898,2266900.0
2010-03-17,30.1586,30.4647,29.975,30.1936,3215100.0
2010-03-18,30.0799,30.4384,30.0799,30.2985,2591600.0
2010-03-19,30.4647,30.5783,30.0362,30.2635,3549700.0
2010-03-22,30.0274,30.5433,30.0274,30.5259,2700500.0
2010-03-23,30.4034,30.4647,30.0974,30.2548,2247800.0
2010-03-24,30.2198,30.4821,30.2198,30.3772,2829700.0
2010-03-25,30.4297,30.5084,30.0799,30.0799,2862000.0
2010-03-26,30.281,30.281,29.7826,29.94,2579800.0
2010-03-29,30.01,30.1586,29.8263,30.01,2664900.0
2010-03-30,30.0362,30.1761,29.8963,30.0449,1866700.0
2010-03-31,29.9225,30.2286,29.8788,30.01,2027900.0
2010-04-01,30.1848,30.5171,29.8613,30.1761,2206900.0
2010-04-05,30.2111,30.5346,30.0974,30.4996,1418100.0
2010-04-06,30.4821,30.6046,30.4122,30.5783,2170100.0
2010-04-07,30.5084,30.5171,30.0974,30.2373,2077400.0
2010-04-08,30.2023,30.2373,29.8526,30.1761,2164800.0
2010-04-09,30.1324,30.1936,29.9662,30.1936,2097800.0
2010-04-12,30.1586,30.2985,30.0624,30.1936,2532400.0
2010-04-13,30.2023,30.6833,29.9487,30.6483,3214500.0
2010-04-14,30.5608,30.7707,30.4909,30.7445,2624900.0
2010-04-15,30.5871,30.9806,30.5084,30.9106,3107300.0
2010-04-16,30.8232,31.1205,30.7882,31.0155,4395700.0
2010-04-19,31.103,31.103,30.727,30.8756,4107700.0
2010-04-20,30.9019,31.0418,30.8232,30.9806,3397000.0
2010-04-21,30.9806,31.2604,30.8407,31.2341,2379000.0
2010-04-22,31.0855,31.479,30.8057,31.4702,2433300.0
2010-04-23,31.3478,31.6713,31.1117,31.6451,2225700.0
2010-04-26,31.5839,31.7675,31.444,31.6364,1645400.0
2010-04-27,31.7238,31.855,31.2254,31.2691,3229500.0
2010-04-28,31.3653,31.5839,31.2079,31.2866,2291800.0
2010-04-29,31.3478,31.7588,31.1729,31.6276,1807500.0
2010-04-30,31.785,31.8375,31.4527,31.6451,2881700.0
2010-05-03,32.1523,32.8081,32.0911,32.6594,5828900.0
2010-05-04,32.3097,32.4146,31.2604,31.5577,3340000.0
2010-05-05,31.8113,32.0823,31.6014,32.0386,3634700.0
2010-05-06,31.8637,32.0036,29.7301,30.7882,4790600.0
2010-05-07,30.762,30.9193,29.7389,29.7389,6302100.0
2010-05-10,30.7007,31.4003,30.5084,31.2254,3191800.0
2010-05-11,31.0855,31.8462,30.762,31.444,3503400.0
2010-05-12,31.4178,32.4671,31.2866,32.4059,3362700.0
2010-05-13,32.1435,32.3971,31.75,31.785,3061200.0
2010-05-14,31.6276,31.6451,30.8669,31.068,4845400.0
2010-05-17,31.2516,31.6539,30.9893,31.5402,4672200.0
2010-05-18,32.4059,32.5633,31.9337,32.0036,6035100.0
2010-05-19,31.9949,32.196,30.9456,31.103,6069800.0
2010-05-20,30.6046,30.7882,29.3891,29.5115,8470600.0
2010-05-21,29.2667,30.8407,29.0656,30.6133,10509400.0
2010-05-24,30.4821,30.7182,29.7564,30.1848,5130600.0
2010-05-25,29.1967,30.4472,29.1967,30.4472,6473200.0
2010-05-26,30.4647,30.6395,29.9925,30.0974,5798700.0
2010-05-27,30.4821,31.2254,30.386,31.1904,5113000.0
2010-05-28,31.0155,31.5227,30.8144,31.2516,5345800.0
2010-06-01,30.9193,31.4003,30.7357,30.8144,4268200.0
2010-06-02,30.9893,31.89,30.5958,31.855,5298900.0
2010-06-03,31.7763,32.3534,31.6189,32.2397,3737700.0
2010-06-04,31.7763,31.7938,30.9106,30.9631,4787000.0
2010-06-07,31.0593,31.3303,30.4122,30.4384,3472500.0
2010-06-08,30.4297,30.9106,30.1761,30.8232,4739400.0
2010-06-09,30.998,31.2691,30.6395,30.727,3184700.0
2010-06-10,30.998,31.5752,30.7969,31.5577,3198600.0
2010-06-11,31.0942,31.8025,31.0942,31.7588,2646400.0
2010-06-14,32.2485,32.3359,31.75,31.9599,2968200.0
2010-06-15,32.0911,32.7469,32.0648,32.7381,3126900.0
2010-06-16,32.4496,33.1579,32.4059,32.8256,3597300.0
2010-06-17,32.7906,33.0179,32.5633,32.9917,2892000.0
2010-06-18,33.0005,33.1229,32.6419,32.8431,3266500.0
2010-06-21,32.8868,33.1404,32.3709,32.5283,2679000.0
2010-06-22,32.5283,33.0617,32.0823,32.1523,2968300.0
2010-06-23,32.2659,32.4059,31.9162,32.126,2536300.0
2010-06-24,31.9162,32.0911,31.4702,31.6976,2692200.0
2010-06-25,31.7151,32.1173,31.5052,31.785,3030300.0
2010-06-28,31.7413,31.75,31.3303,31.5052,3314000.0
2010-06-29,31.2516,31.2516,30.3947,30.5871,5398700.0
2010-06-30,30.4821,30.8232,30.2898,30.4034,3108700.0
2010-07-01,30.4209,30.5259,29.7301,30.2286,5143500.0
2010-07-02,30.0712,30.3335,29.7826,29.9925,2691300.0
2010-07-06,30.4734,30.6395,30.0362,30.4122,3540600.0
2010-07-07,30.6483,31.5052,30.4734,31.4527,3934700.0
2010-07-08,31.5664,31.6276,31.0855,31.409,2816900.0
2010-07-09,31.4353,31.82,31.3041,31.7238,1843600.0
2010-07-12,31.5489,31.9774,31.5489,31.9599,2409700.0
2010-07-13,32.1785,32.9218,32.1785,32.7556,2791300.0
2010-07-14,32.8868,32.9742,32.2747,32.572,3325800.0
2010-07-15,32.5195,32.8606,32.2747,32.7993,2504600.0
2010-07-16,32.7644,32.7644,31.9599,32.0124,3434000.0
2010-07-19,31.9599,32.4146,31.9599,32.3534,2272200.0
2010-07-20,31.9686,32.9742,31.7588,32.8868,3187800.0
2010-07-21,32.983,33.2278,32.537,32.7032,3524300.0
2010-07-22,32.9742,33.63,32.7906,33.2103,3901300.0
2010-07-23,33.0354,33.8574,33.0092,33.7962,2736100.0
2010-07-26,34.006,34.4345,33.7612,34.4345,2919100.0
2010-07-27,34.417,34.863,34.3208,34.5919,2766800.0
2010-07-28,34.5919,34.9242,34.5045,34.6094,2685500.0
2010-07-29,34.6094,34.9766,34.2159,34.6094,3471800.0
2010-07-30,34.2946,34.9592,34.1459,34.758,2876900.0
2010-08-02,34.9679,35.3002,34.758,35.169,2804500.0
2010-08-03,34.9504,35.3876,34.863,35.2215,1978700.0
2010-08-04,35.1865,35.7286,35.169,35.6499,2611300.0
2010-08-05,35.2914,35.545,35.1515,35.3526,1979000.0
2010-08-06,34.9854,35.6237,34.7231,35.5625,2216800.0
2010-08-09,35.5887,35.7636,35.4401,35.5363,1739900.0
2010-08-10,35.1865,35.5538,34.8805,35.3526,2542200.0
2010-08-11,34.9067,35.0204,34.2246,34.3208,2247600.0
2010-08-12,33.8486,33.9273,33.5164,33.7612,3658900.0
2010-08-13,33.7437,34.041,33.63,33.7175,2002600.0
2010-08-16,33.6475,33.6825,33.2715,33.5776,3339800.0
2010-08-17,33.9011,34.5569,33.6825,34.3645,3192400.0
2010-08-18,34.2334,34.6269,33.7962,34.4083,2065900.0
2010-08-19,34.1547,34.417,33.6738,33.9011,3006800.0
2010-08-20,36.1746,39.2176,36.1571,38.999,17958700.0
2010-08-23,38.0633,38.2382,37.1452,37.4512,10442200.0
2010-08-24,37.2501,37.7923,36.6555,37.3201,6771300.0
2010-08-25,36.9441,37.2938,36.708,37.2501,5542300.0
2010-08-26,37.2938,37.8185,36.9878,37.0053,5535700.0
2010-08-27,37.2064,37.6698,36.6817,37.5474,4505600.0
2010-08-30,37.1452,37.7223,36.9178,36.9178,3449700.0
2010-08-31,36.7954,37.495,36.5768,37.3638,4031800.0
2010-09-01,37.5649,38.2994,37.5474,38.142,5910900.0
2010-09-02,38.2032,38.4743,37.6261,38.4743,3442400.0
2010-09-03,38.5705,38.8328,37.8884,38.483,3992600.0
2010-09-07,38.623,39.0776,38.5005,38.8328,4045700.0
2010-09-08,38.7978,39.4362,38.6929,38.7629,4091900.0
2010-09-09,39.0164,39.1913,38.2994,38.4568,2798800.0
2010-09-10,37.8884,38.177,37.7748,38.0109,4015600.0
2010-09-13,38.5792,38.8153,38.3344,38.5443,4185600.0
2010-09-14,38.4743,38.6142,38.2907,38.3869,4017100.0
2010-09-15,38.247,38.623,38.0896,38.5617,3584400.0
2010-09-16,38.5617,39.3487,38.5443,39.235,3489300.0
2010-09-17,39.3487,39.4362,38.964,39.2438,4427500.0
2010-09-20,39.3312,40.2144,39.2963,39.8034,4996300.0
2010-09-21,39.6985,40.4155,39.5936,40.0745,5051200.0
2010-09-22,40.0395,40.5991,39.3837,39.9521,4988000.0
2010-09-23,39.8384,40.092,39.235,39.4099,3348600.0
2010-09-24,39.8384,39.9608,39.5411,39.7509,3955000.0
2010-09-27,39.5848,39.7422,39.2176,39.3137,2406500.0
2010-09-28,39.7509,39.7509,38.9727,39.1826,5193400.0
2010-09-29,39.2088,39.27,38.7978,38.8678,3293000.0
2010-09-30,38.894,39.2438,38.1595,38.3082,3953100.0
2010-10-01,38.7454,39.4974,38.6754,39.27,3310300.0
2010-10-04,39.2963,39.34,38.1945,38.6055,3298100.0
2010-10-05,39.235,39.9521,38.999,39.7422,2865600.0
2010-10-06,39.5761,39.8734,38.9203,39.2788,3409300.0
2010-10-07,39.5411,40.2319,39.1476,40.1444,4741500.0
2010-10-08,40.1095,40.2231,39.4012,40.0745,2664100.0
2010-10-11,39.9258,40.4505,39.7947,40.1007,3246900.0
2010-10-12,40.1095,41.0713,39.7335,41.0189,3947900.0
2010-10-13,41.1238,41.8845,40.9751,41.596,4390600.0
2010-10-14,41.1413,41.3861,40.8177,41.3686,3598700.0
2010-10-15,41.1762,41.1762,40.2581,40.774,4807600.0
2010-10-18,40.7828,40.844,40.1969,40.2144,2991500.0
2010-10-19,40.0308,40.5379,39.6548,40.092,3319700.0
2010-10-20,40.1357,40.4942,39.8384,40.2406,3212600.0
2010-10-21,40.3193,40.809,39.9521,40.3281,2315300.0
2010-10-22,40.2144,41.2812,40.0395,41.2812,2259300.0
2010-10-25,41.4473,41.9195,41.2637,41.2637,2748300.0
2010-10-26,41.1063,41.7796,40.8615,41.6484,2327500.0
2010-10-27,41.3162,41.7796,41.1937,41.7184,1898900.0
2010-10-28,41.8495,42.1906,41.2112,42.1731,3210000.0
2010-10-29,42.1468,42.243,41.7271,41.9545,2239900.0
2010-11-01,42.0244,42.4092,41.8758,42.1119,2390900.0
2010-11-02,42.4092,42.6365,42.2255,42.3567,1438700.0
2010-11-03,42.348,42.4267,41.6135,42.1294,1970000.0
2010-11-04,42.4267,42.7939,42.2343,42.5841,2185600.0
2010-11-05,42.724,42.8027,41.937,42.3655,1594700.0
2010-11-08,42.1556,42.6278,42.0769,42.4529,1000800.0
2010-11-09,42.5141,42.7502,42.1993,42.4267,1704000.0
2010-11-10,42.4442,42.7764,41.9895,42.6977,1803900.0
2010-11-11,42.278,42.7327,41.7534,42.6715,2039700.0
2010-11-12,42.3742,42.4704,41.7184,42.0069,2504600.0
2010-11-15,42.2605,42.4529,41.9457,42.1731,1874400.0
2010-11-16,41.8058,41.8058,40.8177,41.0014,2856900.0
2010-11-17,40.7828,41.867,40.774,41.5785,3172800.0
2010-11-18,42.2081,42.6628,41.8233,42.1468,2251500.0
2010-11-19,40.2231,40.5904,38.8241,39.2875,12214600.0
2010-11-22,39.2613,39.9433,38.6842,39.8296,5199400.0
2010-11-23,39.5411,39.646,38.6404,39.0514,4486600.0
2010-11-24,39.4012,40.4505,39.2788,39.9171,4975900.0
2010-11-26,39.5149,40.1269,39.4099,39.8296,1034100.0
2010-11-29,39.4624,39.8821,38.9203,39.7422,2347200.0
2010-11-30,39.2788,39.5586,38.9902,39.2525,2700600.0
2010-12-01,39.8209,41.0626,39.7597,40.4068,4900600.0
2010-12-02,40.3018,40.8002,40.1882,40.5904,2695600.0
2010-12-03,40.4942,41.0976,40.4942,41.0363,2062600.0
2010-12-06,40.9402,40.9839,40.4767,40.9314,2116400.0
2010-12-07,41.1937,41.4735,40.844,40.8964,2715100.0
2010-12-08,40.9227,41.8758,40.6691,41.7096,2970800.0
2010-12-09,41.7446,42.0419,41.5522,41.7271,2024900.0
2010-12-10,41.7883,42.4529,41.4823,42.313,3513800.0
2010-12-13,42.5316,42.5753,42.0069,42.2343,2662200.0
2010-12-14,42.4004,42.5491,42.0944,42.3917,2029600.0
2010-12-15,42.3392,42.6365,41.6484,41.8933,2468700.0
2010-12-16,42.0157,43.2748,41.9545,43.1437,5401500.0
2010-12-17,43.0737,43.4672,42.6977,43.1874,4489800.0
2010-12-20,43.3011,43.7121,42.9338,43.3973,2177800.0
2010-12-21,43.3973,44.0094,43.3623,43.7908,2340600.0
2010-12-22,43.7645,43.8957,43.2311,43.6421,1634900.0
2010-12-23,43.5284,43.852,43.441,43.5372,1171500.0
2010-12-27,43.3361,43.6071,42.724,43.5109,1394000.0
2010-12-28,43.4672,43.6246,43.2661,43.5197,1107100.0
2010-12-29,43.5109,43.852,43.5109,43.6771,1199100.0
2010-12-30,43.7295,43.8432,43.2574,43.3098,998800.0
2010-12-31,43.2311,43.4235,42.8901,43.1087,1182600.0
2011-01-03,43.5197,44.193,43.441,43.5721,2625400.0
2011-01-04,43.5372,43.8957,42.7065,43.1,2078300.0
2011-01-05,42.8726,43.3011,42.1818,42.619,3290400.0
2011-01-06,42.7327,42.7589,42.1206,42.2343,2957700.0
2011-01-07,42.3305,42.619,41.937,42.313,2098300.0
2011-01-10,42.0594,42.1294,41.6747,41.7534,2490100.0
2011-01-11,41.8146,41.8321,41.0626,41.1413,4028900.0
2011-01-12,41.2375,41.3424,40.5904,40.7303,4160400.0
2011-01-13,40.6691,41.1325,40.3543,40.5379,3070900.0
2011-01-14,40.3805,41.0976,40.1357,41.0801,2330200.0
2011-01-18,40.9402,41.5348,40.6603,41.4036,4208500.0
2011-01-19,41.3162,41.7621,41.1588,41.4473,2753500.0
2011-01-20,41.5173,41.5697,40.9664,41.2549,2991100.0
2011-01-21,41.2987,41.5085,40.9314,40.9751,2396900.0
2011-01-24,41.0976,41.4123,40.7915,41.2025,1643900.0
2011-01-25,41.0101,41.0101,40.3718,40.6603,2722200.0
2011-01-26,40.6254,41.3861,40.3718,41.2025,2849100.0
2011-01-27,41.2637,41.561,41.1675,41.3686,1815300.0
2011-01-28,41.5697,41.6834,40.2406,40.8964,2548600.0
2011-01-31,40.8265,41.0451,40.2756,41.0363,2018400.0
2011-02-01,41.2462,41.6834,41.0801,41.596,1982100.0
2011-02-02,41.5348,41.972,41.4823,41.8058,1747600.0
2011-02-03,41.596,42.2343,41.526,42.1468,1740500.0
2011-02-04,41.902,42.4442,41.6484,42.3217,1855900.0
2011-02-07,42.2693,42.7589,42.0856,42.6628,1542800.0
2011-02-08,42.8027,43.0125,42.4966,42.8726,1544300.0
2011-02-09,43.0912,43.1874,42.4791,42.7327,1825500.0
2011-02-10,42.5491,44.3504,42.5491,44.193,3267600.0
2011-02-11,44.0618,44.3329,43.782,44.2629,1872300.0
2011-02-14,44.123,44.6827,43.8869,44.4116,2218100.0
2011-02-15,44.1055,44.534,43.476,43.5284,3283400.0
2011-02-16,43.6334,44.2017,43.2136,43.8257,3011600.0
2011-02-17,43.9307,44.2979,43.4847,44.1055,2777800.0
2011-02-18,45.0412,47.8131,45.0412,47.3146,7771300.0
2011-02-22,46.6588,46.9386,45.8194,46.2041,4304400.0
2011-02-23,46.0555,46.2479,44.875,45.4696,2839800.0
2011-02-24,45.356,45.6882,44.3067,45.1898,3961200.0
2011-02-25,45.356,46.1692,45.1986,45.8194,1967400.0
2011-02-28,45.8806,46.3178,45.6358,45.9768,2057100.0
2011-03-01,45.9943,46.2566,44.7001,44.9625,1992400.0
2011-03-02,45.0674,45.4871,44.8925,45.2773,1214900.0
2011-03-03,45.6445,46.8774,45.6095,46.2566,2585200.0
2011-03-04,46.2129,46.5014,45.5658,46.1779,1474200.0
2011-03-07,46.4402,46.5539,44.7526,45.4084,1926800.0
2011-03-08,45.4434,45.9506,45.0499,45.5658,1697100.0
2011-03-09,45.4609,45.5134,44.5515,45.1723,1923100.0
2011-03-10,44.4728,44.5427,43.371,43.5896,4691900.0
2011-03-11,43.476,43.7208,43.0737,43.2486,2685900.0
2011-03-14,43.0562,43.7033,42.7065,43.2224,2024900.0
2011-03-15,42.0157,43.0737,41.8408,42.8289,1869200.0
2011-03-16,42.5578,42.8639,42.1993,42.4179,2539700.0
2011-03-17,43.0562,43.0562,42.313,42.348,2408400.0
2011-03-18,43.7033,45.1811,43.4672,43.6508,6235700.0
2011-03-21,44.1143,44.9013,43.7908,44.123,2178000.0
2011-03-22,44.0531,44.0706,43.4847,43.5547,1655700.0
2011-03-23,43.5809,44.2542,43.2836,44.0881,2066600.0
2011-03-24,44.3067,44.91,44.2892,44.7351,1895000.0
2011-03-25,44.8313,45.3385,44.5165,44.9187,1812600.0
2011-03-28,44.9275,45.1461,44.6302,44.6477,1652000.0
2011-03-29,44.5777,45.321,44.4815,45.251,1380300.0
2011-03-30,45.4434,45.7932,45.286,45.627,1467700.0
2011-03-31,45.5483,46.4577,45.5134,46.4402,3013900.0
2011-04-01,46.755,47.4196,46.5801,47.1747,2789000.0
2011-04-04,47.1747,47.3409,47.0086,47.2884,1435300.0
2011-04-05,47.0873,47.2272,46.6676,46.7725,2231700.0
2011-04-06,47.0086,47.3409,46.4053,46.9212,1795700.0
2011-04-07,46.755,47.507,46.484,46.9561,2318100.0
2011-04-08,47.1747,47.2272,46.2041,46.4665,1688700.0
2011-04-11,46.5452,47.131,46.5452,46.8337,1400800.0
2011-04-12,46.6326,46.7026,45.9768,46.1517,1545000.0
2011-04-13,46.3878,46.79,45.9331,46.4665,1539000.0
2011-04-14,46.1429,47.542,46.0992,47.4633,2391600.0
2011-04-15,47.6469,48.1978,47.1835,47.6207,3086900.0
2011-04-18,47.0873,47.4021,46.4577,47.3496,1876300.0
2011-04-19,47.3146,47.918,47.2797,47.6207,2392000.0
2011-04-20,48.224,49.2034,48.224,49.0285,2475900.0
2011-04-21,48.8973,49.3171,47.9093,48.3989,2559700.0
2011-04-25,48.294,48.7662,48.0317,48.1191,1149900.0
2011-04-26,48.2328,48.3639,47.7431,48.0841,1756100.0
2011-04-27,48.3115,48.7749,47.8306,48.7399,1600400.0
2011-04-28,48.67,48.8799,48.2765,48.6175,1351500.0
2011-04-29,48.5826,48.9148,48.0666,48.5826,1962400.0
2011-05-02,48.7924,48.9498,48.0754,48.1978,1275100.0
2011-05-03,48.1191,48.5039,47.6819,48.294,1525900.0
2011-05-04,48.2678,48.3902,46.8337,47.6994,1972000.0
2011-05-05,47.5333,48.0929,47.0523,47.201,1687800.0
2011-05-06,47.6469,47.9879,46.825,47.0261,2190000.0
2011-05-09,47.1835,47.5595,46.8949,47.3409,1275200.0
2011-05-10,47.577,48.2415,47.4633,47.9967,1232500.0
2011-05-11,48.0054,48.2852,47.1048,47.6032,1782100.0
2011-05-12,47.5857,48.9586,47.3234,48.8711,2265300.0
2011-05-13,48.8274,49.3695,48.3727,48.3989,2220700.0
2011-05-16,48.3727,48.3727,47.3234,47.4808,1770200.0
2011-05-17,47.3933,47.9355,47.2709,47.8568,1526600.0
2011-05-18,47.8743,47.8743,47.1573,47.4633,2297900.0
2011-05-19,47.7693,48.9673,47.4546,48.8799,3113600.0
2011-05-20,47.3321,48.5563,47.2185,48.0754,4877300.0
2011-05-23,47.2972,47.2972,46.0467,46.2828,3135300.0
2011-05-24,46.344,46.7288,45.9418,46.1692,2859600.0
2011-05-25,46.1342,46.6851,46.038,46.4053,2216000.0
2011-05-26,46.1867,47.0611,46.1342,46.8774,1412200.0
2011-05-27,46.7813,47.1048,46.5539,46.6676,1594000.0
2011-05-31,47.1135,47.201,46.6938,47.1922,2053300.0
2011-06-01,47.096,47.2272,46.5801,46.6239,2189900.0
2011-06-02,46.5627,46.5714,45.8194,45.8894,2569600.0
2011-06-03,45.5396,45.7407,44.9362,44.9625,2201900.0
2011-06-06,44.6389,44.9887,44.4903,44.7526,2265200.0
2011-06-07,44.91,45.4521,44.5515,45.0849,2292600.0
2011-06-08,44.8138,45.0761,44.4553,44.5952,2359500.0
2011-06-09,44.7351,44.7614,44.2192,44.4203,2208900.0
2011-06-10,44.3679,44.534,43.9132,44.0356,2121100.0
2011-06-13,44.0268,44.193,43.817,44.0531,1934100.0
2011-06-14,44.3679,44.5427,44.1318,44.3679,1792300.0
2011-06-15,43.9831,44.2804,43.3623,43.4235,2340200.0
2011-06-16,43.4235,43.7908,42.5928,43.0213,2581200.0
2011-06-17,43.6508,43.8782,42.9601,42.9863,2779800.0
2011-06-20,43.0038,43.6596,43.0038,43.1961,1986700.0
2011-06-21,43.2486,44.2192,42.9513,44.0618,2344900.0
2011-06-22,43.7908,44.4815,43.6159,44.0443,2536700.0
2011-06-23,43.747,44.4028,43.2399,44.3504,2425700.0
2011-06-24,44.2367,44.3154,43.8345,44.158,1938300.0
2011-06-27,43.817,44.6564,43.6421,44.4378,1929300.0
2011-06-28,44.6914,45.3035,44.5078,45.0237,1880700.0
2011-06-29,45.0499,45.4172,44.7526,45.251,2057600.0
2011-06-30,45.4696,45.662,45.0761,45.3472,1683000.0
2011-07-01,45.4434,45.7932,45.1461,45.6795,1427600.0
2011-07-05,45.7232,46.0817,45.4609,45.7844,1918400.0
2011-07-06,45.1723,45.9506,44.7176,45.7669,2886400.0
2011-07-07,46.0992,46.1254,45.4871,45.6882,2565400.0
2011-07-08,45.356,45.5746,44.7963,45.1986,2554500.0
2011-07-11,44.7264,45.0936,44.3941,44.499,1466200.0
2011-07-12,44.2979,44.5602,43.9132,43.9481,1979100.0
2011-07-13,44.1493,44.5427,43.4497,43.5984,2429000.0
2011-07-14,43.6071,44.1055,42.8901,43.0125,2026100.0
2011-07-15,43.3973,43.3973,42.4879,43.1524,2204100.0
2011-07-18,42.8901,43.0213,42.1031,42.3217,2344900.0
2011-07-19,42.689,43.0562,42.4092,42.8114,2533100.0
2011-07-20,42.7327,42.8114,41.7446,41.7883,2826000.0
2011-07-21,41.972,42.0769,41.4211,41.491,3380900.0
2011-07-22,41.4823,41.9807,41.3686,41.937,3094300.0
2011-07-25,42.1381,42.9775,41.937,42.5666,4760200.0
2011-07-26,42.5666,42.8027,42.2343,42.5054,3716700.0
2011-07-27,42.1119,42.243,41.2375,41.3162,3395100.0
2011-07-28,41.1937,41.6135,41.0276,41.2375,2152300.0
2011-07-29,40.9489,41.1325,40.5379,40.8352,3760200.0
2011-08-01,41.0801,41.2112,39.7072,40.3106,2961300.0
2011-08-02,40.0483,40.5292,39.6635,39.6985,3490700.0
2011-08-03,39.7422,40.2056,38.9203,40.1444,3703200.0
2011-08-04,39.6985,40.0308,38.7978,38.8153,4546000.0
2011-08-05,39.0689,39.2001,37.2589,38.1245,5747900.0
2011-08-08,37.2239,37.5387,35.6762,35.7986,6506700.0
2011-08-09,36.2883,37.7748,35.1428,37.4075,5472700.0
2011-08-10,36.7342,36.7342,34.8805,34.9242,7221300.0
2011-08-11,35.2302,37.084,35.2127,36.7692,4198200.0
2011-08-12,36.8741,37.2938,36.4631,37.0665,2672400.0
2011-08-15,37.1802,37.7136,37.1364,37.7136,1863500.0
2011-08-16,37.3813,37.7223,36.9441,37.495,2627500.0
2011-08-17,37.425,38.0633,36.4894,37.0577,2672100.0
2011-08-18,35.886,36.3932,34.863,35.239,4862600.0
2011-08-19,36.9004,39.7947,36.8654,38.1683,10057100.0
2011-08-22,38.859,39.3137,37.9584,38.3869,6949800.0
2011-08-23,38.0458,39.716,38.0458,39.716,5609900.0
2011-08-24,39.5673,40.1182,39.1913,40.092,3710300.0
2011-08-25,40.1532,40.1969,38.8765,39.0164,3164900.0
2011-08-26,38.859,40.809,38.859,40.7128,4490700.0
2011-08-29,41.1588,42.3567,40.9926,42.3217,4660100.0
2011-08-30,42.0419,42.9426,41.9632,42.6103,3666000.0
2011-08-31,42.8901,43.4585,42.5753,43.1349,3174600.0
2011-09-01,43.1524,43.5984,42.3305,42.4791,3153600.0
2011-09-02,41.6397,42.1468,41.15,41.4036,2459700.0
2011-09-06,40.3106,41.5348,40.2756,41.185,4879700.0
2011-09-07,41.8321,41.9632,41.1937,41.7359,5018100.0
2011-09-08,41.6484,41.7534,41.0101,41.0538,3681100.0
2011-09-09,40.6341,41.1238,40.0832,40.433,3630200.0
2011-09-12,39.7509,40.9314,39.5236,40.9227,3103100.0
2011-09-13,40.6778,41.1325,40.468,40.6516,4705900.0
2011-09-14,40.8789,41.972,40.4855,41.526,5571400.0
2011-09-15,41.972,42.4879,41.4473,42.348,2766100.0
2011-09-16,42.4791,43.3361,42.2255,43.1175,4753800.0
2011-09-19,42.8114,43.3011,42.2955,43.1612,3410500.0
2011-09-20,43.1874,43.6334,42.7589,42.7939,2264100.0
2011-09-21,43.0475,43.2748,41.6834,41.7009,2850900.0
2011-09-22,40.7303,41.5697,40.2056,40.8352,5010100.0
2011-09-23,40.6341,41.4386,40.0483,41.3336,3148500.0
2011-09-26,41.5697,42.0769,40.844,41.9982,2960200.0
2011-09-27,42.6015,43.2836,42.4354,42.6453,2783200.0
2011-09-28,42.9338,43.1262,41.9545,42.2605,2763400.0
2011-09-29,42.8464,43.2486,41.4561,42.3567,3038700.0
2011-09-30,41.9108,43.0737,41.4561,41.4823,3509900.0
2011-10-03,41.2899,41.7359,40.0483,40.0832,2619900.0
2011-10-04,38.6241,41.0364,38.0363,41.0101,2674300.0
2011-10-05,41.1066,41.7645,40.7031,41.4399,3047400.0
2011-10-06,41.3961,42.7909,41.3961,42.7821,2043400.0
2011-10-07,42.747,43.2558,42.3347,42.5716,1372700.0
2011-10-10,43.2032,44.1067,42.4751,44.0979,1489300.0
2011-10-11,43.8611,45.098,43.8611,44.8962,2770500.0
2011-10-12,45.1769,45.8787,45.019,45.6155,2142500.0
2011-10-13,45.3611,45.7383,45.098,45.6068,1882200.0
2011-10-14,46.1331,46.5015,45.8611,46.5015,1374000.0
2011-10-17,46.2471,46.6506,45.5366,45.8611,1427100.0
2011-10-18,45.8261,46.2734,45.2383,46.0541,2799700.0
2011-10-19,45.8875,46.3612,45.4664,45.5629,1533200.0
2011-10-20,45.712,46.1331,45.0892,45.8611,1611400.0
2011-10-21,46.3436,46.9314,46.1068,46.9314,2178200.0
2011-10-24,46.8963,47.6244,46.7822,47.37,1957300.0
2011-10-25,48.2384,48.2384,46.7033,46.7735,1360300.0
2011-10-26,47.2208,47.2208,45.4138,46.4664,2359700.0
2011-10-27,47.4577,48.6244,47.37,48.4314,2191900.0
2011-10-28,47.2647,48.2384,47.1507,47.9051,1994700.0
2011-10-31,47.3086,47.9138,47.0805,47.0805,1648300.0
2011-11-01,45.8787,46.5454,45.3962,45.5278,2710900.0
2011-11-02,46.2296,46.6506,45.6331,45.9752,2362200.0
2011-11-03,46.5717,47.4138,46.0103,47.3261,1945200.0
2011-11-04,46.8963,47.291,46.5454,47.1243,1016400.0
2011-11-07,46.8349,47.0191,46.1506,46.7822,1730700.0
2011-11-08,47.2472,47.4752,46.6331,47.4314,1562400.0
2011-11-09,46.4577,46.9664,45.6594,45.9138,1813800.0
2011-11-10,46.4313,46.6419,45.8524,46.3173,1442200.0
2011-11-11,46.8085,47.4314,46.8085,47.3875,1459900.0
2011-11-14,47.2033,47.9314,46.6419,46.7208,1897000.0
2011-11-15,46.5103,47.5103,46.2383,47.2735,1538100.0
2011-11-16,46.9226,48.1595,46.6419,46.8875,2446900.0
2011-11-17,46.598,46.8612,44.9927,45.3962,2545900.0
2011-11-18,45.1857,46.2647,45.1857,45.6506,2813200.0
2011-11-21,44.9401,45.1681,43.9751,44.5278,2737300.0
2011-11-22,44.5541,44.826,43.6681,44.2032,2238000.0
2011-11-23,43.8172,43.9488,43.1944,43.2383,1650900.0
2011-11-25,42.9926,43.5891,42.9049,43.2207,697100.0
2011-11-28,44.4225,45.0453,44.1769,44.6681,1385600.0
2011-11-29,44.6769,45.1769,44.3786,44.6155,1377500.0
2011-11-30,45.5278,46.7384,45.5278,46.7033,1936100.0
2011-12-01,46.4927,47.0103,46.3085,46.4226,2023300.0
2011-12-02,46.5366,47.0805,46.2208,46.2471,1712700.0
2011-12-05,46.9752,47.87,46.5541,47.8612,2257500.0
2011-12-06,47.7209,48.063,47.3524,47.5103,1779300.0
2011-12-07,47.3963,47.4314,46.5015,47.0629,1987700.0
2011-12-08,46.7296,47.2384,46.019,46.1068,1886600.0
2011-12-09,46.2998,46.9314,46.2559,46.7296,1830600.0
2011-12-12,46.212,46.4489,45.598,46.3524,1742500.0
2011-12-13,46.7998,47.6507,46.5278,46.8173,2456900.0
2011-12-14,46.6594,46.7033,45.405,45.4401,1961500.0
2011-12-15,45.8348,46.2471,44.7822,44.9927,1750400.0
2011-12-16,45.2559,45.9927,45.0366,45.4225,2265500.0
2011-12-19,45.6331,45.8085,44.6418,44.7558,1437900.0
2011-12-20,45.6945,47.2296,45.5541,47.1682,3419300.0
2011-12-21,47.0015,47.2472,46.3261,46.5541,2589200.0
2011-12-22,46.5366,46.8085,46.4226,46.677,1752900.0
2011-12-23,46.7208,46.9138,46.3962,46.5805,1340300.0
2011-12-27,46.5015,46.8524,46.3261,46.6419,1044800.0
2011-12-28,46.4401,46.5103,45.8611,45.9752,1283200.0
2011-12-29,46.2559,46.4313,46.0892,46.291,1131100.0
2011-12-30,46.4313,46.4577,46.1331,46.1331,885600.0
2012-01-03,46.6945,47.2647,45.9752,46.019,1730100.0
2012-01-04,45.9313,46.0804,45.5103,45.8787,1942300.0
2012-01-05,45.6845,46.2476,45.5438,46.0892,1636400.0
2012-01-06,46.0892,46.8986,45.8253,46.7314,1555600.0
2012-01-09,46.8018,47.0129,46.5291,46.7842,1838400.0
2012-01-10,47.0921,48.3149,46.9426,48.1654,2426100.0
2012-01-11,48.1918,48.8428,48.1126,48.5437,2017500.0
2012-01-12,48.702,48.9132,48.2182,48.6404,1270900.0
2012-01-13,48.4909,48.5789,47.6288,48.2358,1517400.0
2012-01-17,48.8252,49.1331,48.4117,48.6053,1245300.0
2012-01-18,48.8164,49.6697,48.6229,49.6609,1596900.0
2012-01-19,49.7313,50.268,49.5818,50.2328,1879100.0
2012-01-20,50.1096,50.5407,50.0304,50.224,1867900.0
2012-01-23,50.0656,50.6726,49.7665,50.5055,1509700.0
2012-01-24,50.3471,50.6726,50.224,50.4351,1476100.0
2012-01-25,50.6023,50.7342,49.8193,50.6023,1438900.0
2012-01-26,50.8134,51.0773,50.4087,50.5759,1396800.0
2012-01-27,50.4615,50.9102,50.1976,50.4527,1262700.0
2012-01-30,49.9425,50.0304,49.5906,49.7577,2194300.0
2012-01-31,49.96,50.0304,48.8428,49.6521,2417600.0
2012-02-01,50.136,51.4116,49.8281,50.919,2168900.0
2012-02-02,50.919,51.4204,50.7518,50.9014,981500.0
2012-02-03,51.4468,51.8163,51.1741,51.438,1399400.0
2012-02-06,50.919,51.4204,50.8662,50.9366,1977100.0
2012-02-07,50.7694,50.8838,50.3911,50.6902,1901100.0
2012-02-08,50.7342,50.743,49.6521,50.6374,1523400.0
2012-02-09,50.6286,50.9629,50.3383,50.6726,1518500.0
2012-02-10,50.1272,50.2328,49.5554,49.8633,1976900.0
2012-02-13,50.1888,50.2943,49.7753,49.7841,1664900.0
2012-02-14,49.6345,49.9513,49.617,49.9425,1634600.0
2012-02-15,50.1888,50.3471,49.6433,49.8369,1582600.0
2012-02-16,49.9776,51.1037,49.8809,51.0333,1468800.0
2012-02-17,50.9278,51.0333,50.4175,50.4791,1667500.0
2012-02-21,50.8398,50.9717,50.3295,50.6023,1931700.0
2012-02-22,51.9746,54.8338,51.3588,53.5933,6242700.0
2012-02-23,51.8163,52.784,51.4908,51.6227,5829000.0
2012-02-24,51.8691,52.0538,51.0509,51.0773,2173500.0
2012-02-27,50.7694,51.2709,50.6286,50.9278,1639600.0
2012-02-28,51.0157,51.2181,50.5495,50.831,1468200.0
2012-02-29,50.8398,51.0333,50.5495,50.8838,2037900.0
2012-03-01,51.2005,51.3324,50.7782,50.9717,2082300.0
2012-03-02,50.9278,50.9629,50.3031,50.3823,1323200.0
2012-03-05,50.2592,50.5055,49.6521,50.0304,1276500.0
2012-03-06,49.7137,50.2064,49.2123,49.3354,1467500.0
2012-03-07,49.6521,50.5847,49.4938,50.2592,2731600.0
2012-03-08,50.4703,50.6111,50.2064,50.3383,1396300.0
2012-03-09,50.6374,51.1741,50.2768,51.1741,1430800.0
2012-03-12,51.2884,51.6843,51.1653,51.57,943000.0
2012-03-13,51.7107,52.6256,51.4556,52.6168,1301100.0
2012-03-14,52.4585,52.6696,52.2913,52.5113,1160100.0
2012-03-15,52.4937,52.9687,52.0538,52.9423,1276900.0
2012-03-16,52.828,53.2766,52.696,52.9072,2282600.0
2012-03-19,52.6256,53.4526,52.6256,53.0743,997800.0
2012-03-20,52.6784,52.8896,52.4761,52.8192,859900.0
2012-03-21,52.8192,53.0303,52.5817,52.8896,868100.0
2012-03-22,51.4556,51.9658,50.7254,50.787,4081300.0
2012-03-23,50.9014,51.0509,50.1184,50.7694,2630800.0
2012-03-26,51.2533,51.7899,51.0157,51.6667,1690800.0
2012-03-27,51.8603,52.4761,51.4644,52.3265,2292700.0
2012-03-28,52.089,52.3793,51.8251,52.3529,1871500.0
2012-03-29,52.1682,52.7312,51.8251,52.6344,2111600.0
2012-03-30,52.916,53.1447,52.5289,52.9247,2031800.0
2012-04-02,52.8456,53.5933,52.5465,53.3294,1584200.0
2012-04-03,53.1271,53.1447,52.608,53.0743,1411900.0
2012-04-04,52.6531,52.7677,51.9563,52.2386,886500.0
2012-04-05,52.0269,52.7942,51.9299,52.7148,1279000.0
2012-04-09,51.9475,52.3091,51.6829,52.1327,1322800.0
2012-04-10,51.9122,52.2297,51.4801,51.6741,1950900.0
2012-04-11,52.1415,52.9706,51.727,52.9441,2382900.0
2012-04-12,53.0235,53.4998,52.8912,53.4468,1432400.0
2012-04-13,53.0941,53.6673,52.7148,53.2175,2123200.0
2012-04-16,53.4204,53.4557,52.7766,53.1911,1773400.0
2012-04-17,53.5703,54.417,53.4468,54.2759,1682400.0
2012-04-18,54.2406,54.5228,53.8349,54.1789,1451200.0
2012-04-19,54.0642,54.4876,53.2793,53.7114,1915700.0
2012-04-20,50.9333,52.0269,49.3545,50.4923,12399400.0
2012-04-23,49.8573,50.1659,49.478,50.0513,4223700.0
2012-04-24,49.9984,50.0601,49.4604,49.6456,2985200.0
2012-04-25,50.1307,50.9509,49.9807,50.6246,2582700.0
2012-04-26,50.5364,50.9862,50.4129,50.801,1598800.0
2012-04-27,50.8539,51.3478,50.8451,51.1361,1582400.0
2012-04-30,51.0832,51.3125,50.7569,51.1273,1828100.0
2012-05-01,51.2596,51.9211,50.9774,51.3742,1472100.0
2012-05-02,51.0038,51.7799,50.4835,51.7182,1636400.0
2012-05-03,51.8505,52.0357,51.3125,51.4977,2080900.0
2012-05-04,50.8627,51.0655,50.0072,50.1836,2317200.0
2012-05-07,49.8132,50.1219,49.5045,49.9014,1941200.0
2012-05-08,49.6015,49.8132,48.9136,49.6368,2072300.0
2012-05-09,49.2752,50.21,48.8695,49.8484,1863900.0
2012-05-10,50.113,50.1924,48.6137,48.8871,2041000.0
2012-05-11,48.8606,49.5927,48.6225,49.2399,1520900.0
2012-05-14,48.7548,49.2487,48.5608,48.8165,1097000.0
2012-05-15,48.8606,49.8043,48.7813,48.94,1611600.0
2012-05-16,49.09,49.4868,48.5961,48.5961,1920100.0
2012-05-17,48.5079,48.7636,47.8111,47.9875,2681200.0
2012-05-18,48.0845,50.1836,47.0791,48.0757,4958500.0
2012-05-21,48.111,48.8518,47.1761,48.7284,3448700.0
2012-05-22,48.8077,49.7073,48.5696,49.381,1786700.0
2012-05-23,49.1605,49.9455,48.7195,49.8043,1752400.0
2012-05-24,49.7955,49.8484,49.2222,49.7338,1807200.0
2012-05-25,49.8308,50.0601,49.5045,49.7867,1228300.0
2012-05-29,49.8308,50.4482,49.6191,49.9455,1424900.0
2012-05-30,49.6015,49.7514,49.0547,49.5662,2013000.0
2012-05-31,49.725,50.0248,49.1782,49.5927,1855400.0
2012-06-01,48.6313,49.0282,48.305,48.3315,2148300.0
2012-06-04,48.7548,49.037,47.8905,48.4373,1591900.0
2012-06-05,48.2433,49.1517,48.2345,49.09,1117700.0
2012-06-06,49.3898,50.9068,49.1429,50.8892,1752600.0
2012-06-07,51.2331,51.3301,50.2189,50.2189,1818100.0
2012-06-08,50.2012,50.3688,49.8308,50.2718,2521100.0
2012-06-11,50.4835,50.6069,48.8342,48.8871,2238900.0
2012-06-12,49.1782,50.0689,48.9136,50.0689,1708500.0
2012-06-13,49.8925,50.554,49.7338,49.8132,1958100.0
2012-06-14,50.0337,50.7304,49.6015,50.5981,1918300.0
2012-06-15,50.5717,51.4977,50.4129,51.436,1596700.0
2012-06-18,51.2155,51.9387,50.9509,51.7711,1146900.0
2012-06-19,52.1415,52.1415,51.5859,52.0092,1534500.0
2012-06-20,52.0357,52.1856,51.4713,51.8858,1258500.0
2012-06-21,51.877,51.9651,50.1307,50.1748,1746600.0
2012-06-22,50.3688,50.9421,50.1307,50.8539,1163500.0
2012-06-25,50.2806,50.4923,49.5662,49.6985,1103700.0
2012-06-26,49.9543,50.5099,49.7779,50.2806,1081100.0
2012-06-27,50.6246,51.0215,50.3512,50.7304,622200.0
2012-06-28,50.554,50.5805,49.5574,50.2718,1184900.0
2012-06-29,50.9156,52.3532,50.9156,52.3444,1609800.0
2012-07-02,52.2386,52.8383,52.168,52.6354,1247800.0
2012-07-03,52.5825,53.1029,52.5561,53.05,858500.0
2012-07-05,52.0867,52.9709,52.0602,52.8471,1592100.0
2012-07-06,52.52,52.8471,50.7339,51.1937,1909300.0
2012-07-09,51.2644,51.4413,50.23,50.787,1218200.0
2012-07-10,51.1937,51.4678,50.3272,50.7958,1066200.0
2012-07-11,50.7958,51.0522,50.2034,50.6986,1123000.0
2012-07-12,50.2565,50.3714,49.3811,50.062,1223600.0
2012-07-13,50.0354,50.7958,49.9735,50.5925,885900.0
2012-07-16,50.5748,50.8666,50.0266,50.5129,635500.0
2012-07-17,50.8931,51.6093,50.1681,51.4324,1434700.0
2012-07-18,51.3263,52.856,51.2468,52.8383,1623200.0
2012-07-19,52.7764,53.0505,52.5553,52.7145,2439500.0
2012-07-20,52.688,52.8294,51.7154,51.8922,1976000.0
2012-07-23,50.8754,50.8754,50.0531,50.4775,2248700.0
2012-07-24,50.4068,50.4775,49.9117,50.1857,2450100.0
2012-07-25,50.23,50.7605,49.7879,49.9735,1695400.0
2012-07-26,50.9019,51.5032,50.3095,50.672,1826700.0
2012-07-27,51.0611,52.237,51.0434,52.0602,1404100.0
2012-07-30,52.0602,52.2901,51.5032,51.7331,994600.0
2012-07-31,51.8126,51.9099,51.176,51.2998,952600.0
2012-08-01,51.3882,51.6269,51.1318,51.2202,1388500.0
2012-08-02,50.8577,51.4324,50.5483,51.0964,1054200.0
2012-08-03,51.0964,52.3078,50.4775,52.2282,1628700.0
2012-08-06,52.2989,52.9444,52.1044,52.7145,1253500.0
2012-08-07,53.0063,53.3157,52.8029,52.8471,1896900.0
2012-08-08,52.9267,53.2273,52.2636,52.7145,1496500.0
2012-08-09,52.7587,52.8294,52.1309,52.2547,1899500.0
2012-08-10,52.2724,52.405,51.9364,52.1928,1168200.0
2012-08-13,51.9453,52.1486,51.512,51.5474,1765200.0
2012-08-14,51.8834,51.9187,51.1495,51.2998,1686200.0
2012-08-15,51.4236,52.4492,51.2291,52.3431,1147100.0
2012-08-16,52.352,53.2185,52.2989,53.1124,1932200.0
2012-08-17,53.1389,53.413,52.6526,52.8383,2762000.0
2012-08-20,52.7145,52.9621,52.2812,52.4758,1448600.0
2012-08-21,52.7056,52.909,51.9099,52.1221,2336300.0
2012-08-22,52.0956,52.9886,51.2202,52.741,4919100.0
2012-08-23,52.2105,52.3343,51.1407,51.4501,2928700.0
2012-08-24,51.512,51.7949,51.2202,51.6623,1837000.0
2012-08-27,51.5474,52.4758,51.5032,52.1044,2114800.0
2012-08-28,51.9983,52.3078,51.7949,51.9718,1558000.0
2012-08-29,51.9895,52.2459,51.9276,52.1751,1809500.0
2012-08-30,51.7861,51.9453,51.2998,51.4678,1352200.0
2012-08-31,51.9806,52.184,51.2379,51.7596,1133400.0
2012-09-04,51.6712,52.016,51.3086,51.7684,1342200.0
2012-09-05,51.9099,51.9099,51.291,51.5385,1679600.0
2012-09-06,51.7419,52.8383,51.7154,52.8206,1392000.0
2012-09-07,52.5907,52.9267,52.4404,52.573,971700.0
2012-09-10,52.5819,52.9621,52.4758,52.7145,1585200.0
2012-09-11,52.4315,53.2096,52.2636,53.0063,1500400.0
2012-09-12,53.0416,53.1919,52.7322,52.9797,1344400.0
2012-09-13,52.6261,53.4041,52.6261,53.0239,1986900.0
2012-09-14,53.0328,53.749,52.8648,53.298,2181000.0
2012-09-17,53.1389,53.3953,52.7852,53.1831,1336500.0
2012-09-18,53.2361,53.4926,52.4404,52.4846,1691900.0
2012-09-19,52.6791,52.7233,51.5827,51.8392,2023200.0
2012-09-20,51.459,52.0337,51.4501,52.0071,1987600.0
2012-09-21,52.2017,52.2724,51.459,51.6181,3287800.0
2012-09-24,51.9187,51.9187,51.2114,51.4324,2067000.0
2012-09-25,51.7065,51.7242,51.1053,51.1672,1795500.0
2012-09-26,51.0964,51.3086,50.8842,51.2556,3364900.0
2012-09-27,51.4236,52.1044,51.1318,52.0248,1680200.0
2012-09-28,51.6888,52.1221,51.6181,52.0602,1422600.0
2012-10-01,52.2724,52.4846,51.901,52.4669,2157500.0
2012-10-02,52.688,52.9532,52.3962,52.9178,2051400.0
2012-10-03,53.0416,54.1911,52.9355,53.9877,2699300.0
2012-10-04,53.9788,54.0941,53.5887,53.9965,1526000.0
2012-10-05,54.4576,54.7059,54.0231,54.1916,1413400.0
2012-10-08,53.8635,54.0409,53.5975,53.7039,968300.0
2012-10-09,53.6241,53.7394,53.0478,53.0744,1482900.0
2012-10-10,53.2252,53.2252,52.5779,52.8794,2047700.0
2012-10-11,53.3759,53.4557,52.7286,52.8616,1403800.0
2012-10-12,52.9769,53.4291,52.8616,53.101,1387000.0
2012-10-15,53.1188,53.3582,52.8705,53.2961,1463800.0
2012-10-16,53.4823,54.2182,53.305,53.899,1234200.0
2012-10-17,53.6153,54.2891,53.5709,54.0054,1181000.0
2012-10-18,53.9522,54.2093,53.6064,53.7483,1098600.0
2012-10-19,53.8724,54.165,52.9237,53.039,1712100.0
2012-10-22,53.0567,53.234,52.7198,53.1454,1306100.0
2012-10-23,52.5336,53.0212,52.2853,52.8262,1473600.0
2012-10-24,53.0744,53.101,52.7818,52.8439,1729600.0
2012-10-25,53.1808,53.2695,52.6488,52.702,1178500.0
2012-10-26,52.7286,52.8616,52.1878,52.6577,1254500.0
2012-10-31,52.8262,52.9769,52.3474,52.6932,1341000.0
2012-11-01,52.9326,54.5108,52.7198,54.4665,1501300.0
2012-11-02,54.5285,54.6349,53.8103,54.2537,1488800.0
2012-11-05,54.1384,54.1916,53.7571,54.032,1068500.0
2012-11-06,54.3069,55.0605,53.8724,54.7768,977000.0
2012-11-07,54.2093,54.5817,53.4646,53.6685,1508300.0
2012-11-08,53.438,53.7217,53.039,53.039,1055100.0
2012-11-09,53.1276,53.6241,52.6932,53.1631,921700.0
2012-11-12,53.234,53.5975,52.6134,52.6222,1423000.0
2012-11-13,52.2853,53.0124,52.2765,52.5158,1778300.0
2012-11-14,52.7198,53.0567,51.7799,51.842,2205500.0
2012-11-15,51.8331,52.6843,51.7888,52.108,2128600.0
2012-11-16,52.0548,52.6932,51.0706,52.5602,3028200.0
2012-11-19,53.039,53.101,51.8863,52.2676,2180500.0
2012-11-20,52.2233,52.2233,51.3632,51.576,1735300.0
2012-11-21,51.7179,52.2853,51.6558,51.9218,791300.0
2012-11-23,52.2587,52.64,52.1257,52.4538,623800.0
2012-11-26,52.1346,52.303,51.5671,51.8065,1727600.0
2012-11-27,51.8509,51.9041,51.3277,51.6026,1548800.0
2012-11-28,51.4519,51.9484,51.2834,51.9395,1313200.0
2012-11-29,52.1701,52.7109,52.0903,52.4715,1460800.0
2012-11-30,52.4892,53.172,52.436,53.1188,1621500.0
2012-12-03,53.1986,53.4202,52.4981,52.6843,1136600.0
2012-12-04,52.7286,53.0656,52.4006,52.9592,1054900.0
2012-12-05,52.9414,53.4557,52.3651,53.1188,1824300.0
2012-12-06,53.0124,53.4202,52.569,52.9592,1325500.0
2012-12-07,53.1188,53.1986,52.4892,52.8084,1109600.0
2012-12-10,52.8794,53.1986,52.7286,52.8528,1133000.0
2012-12-11,53.0212,53.8281,52.9237,53.5887,1228500.0
2012-12-12,53.5798,54.165,53.3138,53.4468,1763000.0
2012-12-13,53.5266,53.7039,52.8528,53.2518,1099500.0
2012-12-14,53.1099,53.5443,52.9148,53.3582,1064500.0
2012-12-17,53.4025,54.2891,53.234,54.2359,1307800.0
2012-12-18,54.2714,55.0605,54.2537,54.9807,1354800.0
2012-12-19,55.0694,55.7344,54.9807,55.0871,1679900.0
2012-12-20,54.9452,55.0871,54.4753,55.0162,1664800.0
2012-12-21,54.3335,54.9452,54.0852,54.4753,2328200.0
2012-12-24,54.2093,54.3867,53.8547,54.3423,471200.0
2012-12-26,54.1739,54.5197,53.8015,53.9699,691300.0
2012-12-27,53.9965,54.0497,52.8705,53.5,1432600.0
2012-12-28,53.1454,53.4114,52.6045,52.6045,1086100.0
2012-12-31,52.3917,52.906,52.0991,52.7375,1837300.0
2013-01-02,53.3582,54.9275,53.3138,54.9275,3116500.0
2013-01-03,54.8832,54.9807,54.5374,54.7413,2380000.0
2013-01-04,54.9718,55.2999,54.7413,55.1669,1661900.0
2013-01-07,54.8111,55.4157,54.8111,55.229,1310500.0
2013-01-08,55.0956,55.2468,54.6866,54.7844,781700.0
2013-01-09,54.9267,55.4157,54.8556,55.2645,732700.0
2013-01-10,55.5579,55.8246,54.9267,55.4868,894800.0
2013-01-11,55.3801,55.798,55.2912,55.6735,716100.0
2013-01-14,55.4779,55.8869,55.389,55.7268,941800.0
2013-01-15,55.5579,56.2514,55.3623,55.9669,1419000.0
2013-01-16,55.8335,56.3581,55.4068,55.9669,1035800.0
2013-01-17,56.0469,56.6693,55.8246,56.5804,1078800.0
2013-01-18,56.447,56.6248,55.9936,56.6159,1131000.0
2013-01-22,56.5448,56.7048,55.9669,56.7048,1001700.0
2013-01-23,56.7315,56.9538,56.5892,56.607,1224300.0
2013-01-24,56.9093,57.2916,56.447,56.7404,1597500.0
2013-01-25,56.5715,57.0249,56.4381,56.6426,1346000.0
2013-01-28,56.856,57.3183,56.7848,56.7937,1067100.0
2013-01-29,56.687,57.0605,56.0202,56.7937,1115100.0
2013-01-30,56.6426,56.8382,55.9136,56.0647,1674800.0
2013-01-31,56.3047,56.4914,55.3623,55.4601,3138100.0
2013-02-01,56.1625,56.1625,55.4779,55.9224,2039900.0
2013-02-04,55.4868,56.0114,54.9978,55.2023,1826500.0
2013-02-05,55.6291,56.1981,54.9622,56.0736,1665000.0
2013-02-06,55.7535,56.0825,55.2379,55.9313,1751800.0
2013-02-07,55.9491,56.1536,55.1845,55.3445,3348700.0
2013-02-08,55.6913,55.7091,53.4508,54.6866,4706300.0
2013-02-11,54.8111,55.0067,54.3844,54.6066,2082500.0
2013-02-12,54.5799,54.7755,54.3755,54.6244,1315400.0
2013-02-13,54.8822,55.1223,54.171,54.6244,1583600.0
2013-02-14,54.4288,54.66,53.8776,54.0198,2621300.0
2013-02-15,54.1977,55.2201,54.0198,55.1845,1908900.0
2013-02-19,55.5757,55.6202,55.1045,55.309,1121500.0
2013-02-20,55.5935,55.5935,54.5622,54.6066,1836300.0
2013-02-21,54.0198,54.7844,54.0198,54.4999,1790500.0
2013-02-22,54.5533,56.0736,54.2777,55.8158,2913000.0
2013-02-25,55.9491,56.2247,55.1312,55.1401,2260700.0
2013-02-26,55.1312,55.798,55.0067,55.6913,1897600.0
2013-02-27,55.8158,57.0605,55.3534,56.687,1965500.0
2013-02-28,56.6426,57.4872,56.527,57.3183,2060100.0
2013-03-01,56.9449,57.8873,56.7048,57.8251,2052200.0
2013-03-04,57.6739,58.9275,57.5761,58.9186,2368400.0
2013-03-05,59.1853,60.3767,59.0609,60.35,2461800.0
2013-03-06,60.4478,60.8212,60.2522,60.4478,2136700.0
2013-03-07,60.5723,60.7234,60.1277,60.3945,1282700.0
2013-03-08,60.3856,60.6967,59.8255,60.2344,1758200.0
2013-03-11,59.3898,59.7721,58.7675,59.1764,2931100.0
2013-03-12,59.2209,59.3987,58.8564,58.9986,1320500.0
2013-03-13,59.2209,59.3987,58.8653,58.9008,1419600.0
2013-03-14,59.212,59.3009,58.6786,58.8475,2488900.0
2013-03-15,58.6608,58.9808,58.1629,58.1718,2042100.0
2013-03-18,57.6828,58.3585,57.4339,58.154,1142000.0
2013-03-19,58.0562,58.3496,57.4961,58.0473,1697400.0
2013-03-20,58.4652,58.6519,57.8606,57.9406,1427500.0
2013-03-21,57.5672,58.2607,57.176,58.0562,2416600.0
2013-03-22,58.0651,58.5808,57.7095,58.2696,1212600.0
2013-03-25,58.3229,58.4563,57.5583,57.6472,2133000.0
2013-03-26,58.0384,58.6163,57.7895,58.4385,1882400.0
2013-03-27,58.6963,58.8742,57.7806,58.2074,996700.0
2013-03-28,57.8873,58.4118,57.8784,58.3763,1425400.0
2013-04-01,58.3763,58.6252,57.665,57.8784,1131300.0
2013-04-02,57.9762,58.7764,57.9495,58.1273,1416700.0
2013-04-03,58.0562,58.1273,57.2738,57.425,1217600.0
2013-04-04,57.4961,57.665,57.0249,57.5317,814400.0
2013-04-05,56.5873,57.3985,56.0079,57.3094,1214600.0
2013-04-08,57.5144,57.5144,56.623,56.9083,986400.0
2013-04-09,57.1668,57.1846,56.3199,56.8726,1972700.0
2013-04-10,57.0687,57.9423,56.8369,57.7818,923400.0
2013-04-11,57.969,58.2097,57.6927,57.8799,1334000.0
2013-04-12,58.076,58.0938,57.2916,57.6749,1239100.0
2013-04-15,57.6125,57.6125,56.1773,56.2308,1567200.0
2013-04-16,56.3021,57.2648,56.2219,57.247,1695100.0
2013-04-17,56.8637,56.9439,55.7583,56.1951,1832700.0
2013-04-18,56.4358,56.4358,55.4374,55.7227,1927900.0
2013-04-19,55.3394,56.311,55.1343,56.1327,2517400.0
2013-04-22,56.2932,56.3734,55.3661,56.0347,1401300.0
2013-04-23,56.4893,57.2737,56.2753,57.0331,1603200.0
2013-04-24,57.3094,57.5857,56.7745,57.2202,1317900.0
2013-04-25,49.6967,51.6756,49.5095,50.8912,14151500.0
2013-04-26,50.8109,53.3069,50.6505,52.9058,8606100.0
2013-04-29,53.0395,54.4658,52.9325,54.3231,3853200.0
2013-04-30,54.2162,54.2162,52.6918,53.1643,4725000.0
2013-05-01,53.0484,53.9042,52.8166,53.4585,2376600.0
2013-05-02,53.405,54.0557,52.8879,53.5476,2266200.0
2013-05-03,54.0825,54.1538,53.5833,53.717,2189200.0
2013-05-06,54.1627,54.3588,53.6011,54.1538,1837600.0
2013-05-07,54.0022,54.1092,53.6367,53.9844,1457800.0
2013-05-08,53.7437,53.9755,53.503,53.922,1861800.0
2013-05-09,53.191,53.717,52.4868,52.5938,3689000.0
2013-05-10,53.0751,53.6902,52.8434,53.6635,2229500.0
2013-05-13,53.3871,53.4585,52.5314,52.5849,2068700.0
2013-05-14,52.7186,53.1019,52.4779,52.6918,1820800.0
2013-05-15,52.7186,54.2518,52.6027,54.0111,3119200.0
2013-05-16,53.8507,54.2875,53.3426,53.3515,2295800.0
2013-05-17,53.4495,54.2251,53.0127,54.0468,2058100.0
2013-05-20,53.7883,54.1538,53.0573,53.1643,1635100.0
2013-05-21,53.1643,53.4852,51.5062,51.6043,4881000.0
2013-05-22,52.5403,54.332,51.7469,52.2283,7594300.0
2013-05-23,51.8093,52.781,51.1051,52.3798,4127400.0
2013-05-24,51.845,52.0857,51.1586,51.6132,4100400.0
2013-05-28,52.0678,52.8701,51.7024,52.6918,2604400.0
2013-05-29,52.3174,53.1465,51.9609,52.8166,2901300.0
2013-05-30,52.4333,53.1465,52.4333,52.8879,2048400.0
2013-05-31,52.4512,53.0395,51.9698,52.0946,1591300.0
2013-06-03,52.1035,52.3174,51.3458,51.7648,2450800.0
2013-06-04,51.7558,52.1748,51.319,51.5062,1729700.0
2013-06-05,51.0784,51.5865,50.8199,51.319,2978100.0
2013-06-06,51.5152,52.1124,51.2388,52.1035,2350200.0
2013-06-07,52.4422,53.2267,52.1837,53.0038,2652100.0
2013-06-10,52.986,53.1465,52.2461,52.567,1939500.0
2013-06-11,51.9787,52.264,51.3725,51.4617,2211500.0
2013-06-12,51.8717,51.8896,51.2567,51.5062,1252200.0
2013-06-13,51.6043,51.7826,50.9625,51.6756,2241500.0
2013-06-14,51.6043,51.8985,51.0695,51.2567,1155300.0
2013-06-17,51.5062,51.8361,50.9803,51.7291,2115800.0
2013-06-18,51.64,52.4066,51.64,52.3264,2084600.0
2013-06-19,52.1659,52.6651,52.0144,52.0946,1986900.0
2013-06-20,51.7024,52.2194,51.4795,51.5686,2010900.0
2013-06-21,51.7469,51.8985,50.9625,51.5776,2134800.0
2013-06-24,51.5062,51.7024,50.5792,51.2656,1794000.0
2013-06-25,51.5419,52.6294,51.319,52.4244,3033200.0
2013-06-26,52.7721,53.2713,52.3709,52.9949,2926000.0
2013-06-27,53.4941,54.7064,53.3782,54.1894,2628300.0
2013-06-28,53.7526,54.7064,53.6546,54.4123,2788400.0
2013-07-01,55.8742,56.8993,55.1789,56.2932,4122700.0
2013-07-02,56.0525,56.204,54.8491,55.5979,3396000.0
2013-07-03,55.2859,55.892,55.17,55.6068,1518200.0
2013-07-05,54.9002,55.8924,54.9002,55.7583,1465700.0
2013-07-08,56.0622,56.6164,55.6779,56.2857,2289000.0
2013-07-09,56.5628,56.8131,56.4019,56.527,1498300.0
2013-07-10,56.5538,56.7594,56.3661,56.6343,1341300.0
2013-07-11,56.9203,57.5818,56.8846,57.546,1718300.0
2013-07-12,57.6175,57.9661,57.403,57.8499,1455500.0
2013-07-15,57.7248,57.9572,57.5192,57.9483,1850900.0
2013-07-16,58.0466,58.2611,57.8231,57.9929,1442500.0
2013-07-17,58.1002,58.3862,57.9304,58.1091,1639400.0
2013-07-18,58.0734,58.7527,57.9572,57.984,1006600.0
2013-07-19,57.5639,57.9036,57.1527,57.2779,1923100.0
2013-07-22,57.5639,57.841,57.2242,57.5728,1029600.0
2013-07-23,58.3147,58.3147,56.8935,57.0008,1171100.0
2013-07-24,57.3762,57.7874,56.3661,56.4108,1833800.0
2013-07-25,56.5449,56.6611,56.2231,56.4645,1608000.0
2013-07-26,56.3393,57.1706,56.0801,57.1348,1572800.0
2013-07-29,56.4645,57.6801,55.4991,56.7952,1550700.0
2013-07-30,56.8756,57.1885,56.5449,56.6164,1031500.0
2013-07-31,56.8846,57.3851,56.7058,57.1348,896400.0
2013-08-01,57.4119,57.8857,56.9918,57.6443,1344200.0
2013-08-02,57.3672,57.4835,56.6164,57.108,1511400.0
2013-08-05,57.0186,57.403,56.965,57.1348,1185600.0
2013-08-06,56.8846,57.1348,56.6522,56.8935,1013500.0
2013-08-07,56.6254,57.6265,56.6254,57.3136,1919300.0
2013-08-08,57.6265,57.6265,57.0455,57.3851,2019000.0
2013-08-09,57.1259,57.8231,57.1259,57.6086,1408500.0
2013-08-12,57.6622,57.9572,57.2153,57.8052,1006800.0
2013-08-13,57.9214,58.3862,57.4209,58.1002,1068800.0
2013-08-14,58.1091,58.1717,57.4656,57.8946,1234800.0
2013-08-15,57.26,57.5728,56.9114,57.0544,1543800.0
2013-08-16,57.0186,57.5728,56.9024,57.4209,1433800.0
2013-08-19,57.2242,57.4566,56.6254,56.6879,1203100.0
2013-08-20,56.6075,56.9293,56.384,56.4376,1787000.0
2013-08-21,56.0801,57.2064,55.9728,56.3304,2928700.0
2013-08-22,56.4198,56.9203,55.9639,56.8578,1508500.0
2013-08-23,56.8131,57.5192,56.536,57.3672,2156900.0
2013-08-26,54.9717,58.1985,54.9717,57.4924,2452500.0
2013-08-27,56.7684,57.1706,56.536,56.9471,2646800.0
2013-08-28,57.1348,57.1974,56.536,56.67,3034900.0
2013-08-29,56.4198,57.0991,56.2142,56.8399,1423500.0
2013-08-30,57.0723,57.1527,56.5896,56.7862,1033900.0
2013-09-03,57.1438,57.7427,56.8399,56.9829,1557200.0
2013-09-04,57.26,57.8321,56.9471,57.3494,2566700.0
2013-09-05,57.5103,57.7159,57.2242,57.3672,1297000.0
2013-09-06,57.26,58.0555,56.7952,57.6086,1762700.0
2013-09-09,57.6086,58.6276,57.4298,58.5024,1898900.0
2013-09-10,58.9404,59.289,58.5739,59.2801,1406900.0
2013-09-11,59.3427,59.6466,59.0924,59.2801,1693700.0
2013-09-12,59.0924,59.0924,58.4935,58.5024,2234700.0
2013-09-13,58.7795,59.0477,58.5293,58.9494,1405300.0
2013-09-16,59.7002,59.7717,58.7885,58.9136,1975100.0
2013-09-17,58.8957,59.584,58.8332,59.2622,1570100.0
2013-09-18,58.3505,59.1728,58.1807,59.0656,2660800.0
2013-09-19,59.0477,59.4857,58.7617,59.3695,2966700.0
2013-09-20,59.5661,60.1918,59.441,59.7449,3657700.0
2013-09-23,59.5214,59.8611,59.2801,59.3605,1693000.0
2013-09-24,59.9505,59.9505,58.7527,58.9583,2224600.0
2013-09-25,59.0387,59.3873,58.8153,59.2265,2802500.0
2013-09-26,59.5125,59.584,58.9941,59.3158,2252100.0
2013-09-27,58.9047,59.6913,58.6365,59.4499,2978000.0
2013-09-30,58.7706,59.5929,58.7438,59.2711,2342800.0
2013-10-01,59.1103,59.9684,59.1103,59.3963,1866900.0
2013-10-02,59.1549,59.4857,58.8242,59.3963,1310700.0
2013-10-03,59.3248,59.441,58.3326,58.8421,2982800.0
2013-10-04,58.8957,59.4767,58.5114,59.2622,1990100.0
2013-10-07,58.7604,59.4058,58.3032,59.2086,2074500.0
2013-10-08,59.2534,59.3789,58.3749,58.6259,2055100.0
2013-10-09,58.7424,58.859,58.3839,58.5273,2007200.0
2013-10-10,59.092,59.2803,58.6887,58.9845,1920800.0
2013-10-11,58.608,59.9974,58.608,59.9974,1941800.0
2013-10-14,59.6299,60.4905,59.1727,60.4456,1870500.0
2013-10-15,60.1588,60.4277,59.8181,59.845,2047800.0
2013-10-16,60.0602,60.365,59.7464,60.0602,1681800.0
2013-10-17,59.9616,60.9835,59.7913,60.9566,1617700.0
2013-10-18,61.611,61.9606,61.5124,61.62,2364800.0
2013-10-21,61.5662,62.0233,61.4765,61.862,1134500.0
2013-10-22,62.0592,62.3281,61.7006,62.2743,1709100.0
2013-10-23,61.9516,62.3012,61.8351,62.0144,1141800.0
2013-10-24,62.0323,62.9287,61.9606,62.5881,1451200.0
2013-10-25,62.9198,63.2066,62.5702,63.1439,1600000.0
2013-10-28,63.2066,63.6459,62.9646,63.5024,1024400.0
2013-10-29,63.8072,64.363,63.2604,64.0761,1325800.0
2013-10-30,64.0941,64.363,63.8251,64.0582,1353500.0
2013-10-31,64.2644,64.5154,63.9686,64.0134,1546400.0
2013-11-01,64.372,64.5423,63.7714,63.9417,1996800.0
2013-11-04,63.9775,64.0851,63.4755,64.0134,1414600.0
2013-11-05,63.8072,64.3989,63.6279,64.3271,1559700.0
2013-11-06,64.2554,64.9457,64.103,64.7574,1234700.0
2013-11-07,64.8202,65.107,64.2285,64.2554,1072800.0
2013-11-08,64.4168,64.9815,64.4078,64.9726,1730700.0
2013-11-11,64.7754,65.107,64.372,64.7933,1207500.0
2013-11-12,64.7216,64.9457,64.4975,64.9098,917100.0
2013-11-13,65.0532,65.4028,64.4885,65.4028,2373900.0
2013-11-14,65.376,65.6987,64.7843,65.5821,1450700.0
2013-11-15,65.8062,66.0931,65.3132,66.0393,1564600.0
2013-11-18,66.1021,66.2813,65.5732,65.8062,1647800.0
2013-11-19,65.9676,66.2276,65.4746,65.7614,1032700.0
2013-11-20,66.0214,66.0214,65.4208,65.5642,1713500.0
2013-11-21,65.5373,65.7883,64.8381,65.5821,2152000.0
2013-11-22,65.376,65.5821,63.5293,64.5692,3826200.0
2013-11-25,64.8112,65.4297,64.3182,65.1967,2094800.0
2013-11-26,65.0532,65.8331,65.0443,65.2953,1621600.0
2013-11-27,65.4925,66.0124,65.3849,65.9228,1291700.0
2013-11-29,66.1558,66.6309,66.0931,66.5413,1145500.0
2013-12-02,66.4786,67.0433,66.2186,66.5413,1707400.0
2013-12-03,66.5054,67.0343,66.2634,66.6578,1351100.0
2013-12-04,66.1738,66.8282,65.86,66.6399,1086000.0
2013-12-05,66.5234,66.6758,66.1917,66.3441,1179600.0
2013-12-06,67.0433,67.2584,66.5772,67.1509,1281300.0
2013-12-09,67.115,67.1509,66.4427,66.6937,1612300.0
2013-12-10,67.4377,67.7873,66.5592,67.2315,2120600.0
2013-12-11,67.4646,67.7694,66.7385,66.8102,1906100.0
2013-12-12,66.6668,66.8909,66.0841,66.5413,1650800.0
2013-12-13,66.8909,67.4556,66.7833,67.2495,1736200.0
2013-12-16,67.1778,67.6529,66.8819,67.106,2103200.0
2013-12-17,67.2136,67.2764,66.8013,66.9537,1611900.0
2013-12-18,66.8461,67.9756,66.3441,67.9576,2388600.0
2013-12-19,68.1011,68.3162,67.6977,67.8501,1883300.0
2013-12-20,68.11,68.4327,67.4556,67.4825,3513000.0
2013-12-23,67.9308,68.7106,67.6439,68.4148,1314500.0
2013-12-24,68.5762,68.6479,68.3252,68.5045,409300.0
2013-12-26,68.3162,68.8092,68.11,68.4417,710100.0
2013-12-27,68.4507,68.9258,68.119,68.2086,775700.0
2013-12-30,68.6927,68.881,68.2983,68.6389,922500.0
2013-12-31,68.6927,68.8092,68.1907,68.4148,950100.0
2014-01-02,67.8859,68.2804,67.5901,68.0742,1326300.0
2014-01-03,67.9039,68.4686,67.6977,67.9487,1022100.0
2014-01-06,67.9487,68.128,67.6529,67.8949,889100.0
2014-01-07,68.0178,69.3388,67.892,69.0782,1255600.0
2014-01-08,69.2399,69.2399,68.3053,68.6918,1926600.0
2014-01-09,69.0332,69.195,68.5839,68.8625,938000.0
2014-01-10,69.1051,69.159,68.1526,68.512,994300.0
2014-01-13,68.2784,68.4941,67.236,67.4067,810600.0
2014-01-14,67.5864,68.3682,67.5325,68.3503,880400.0
2014-01-15,68.503,69.3927,68.2514,68.9973,1023600.0
2014-01-16,68.7097,69.3298,68.6199,69.0063,1167700.0
2014-01-17,68.3503,69.7162,68.3503,69.186,1420000.0
2014-01-21,69.851,69.8959,68.3952,68.4581,998700.0
2014-01-22,68.3053,68.4401,67.5505,67.9099,2302300.0
2014-01-23,67.4516,68.0627,67.2629,67.6853,915800.0
2014-01-24,67.5864,67.7841,65.7532,65.8161,1418500.0
2014-01-27,65.7622,66.0408,65.4477,65.6544,1390200.0
2014-01-28,65.915,66.6069,65.7622,66.0318,1305200.0
2014-01-29,65.6544,66.4901,65.5016,65.7622,1338500.0
2014-01-30,66.0228,67.0023,65.7802,66.6698,907900.0
2014-01-31,65.8341,66.0947,65.2949,65.8251,1651700.0
2014-02-03,66.0408,66.3104,63.5426,63.6324,2091100.0
2014-02-04,63.7672,63.9559,63.5336,63.7223,1500300.0
2014-02-05,63.3898,63.8122,63.228,63.5785,1235400.0
2014-02-06,63.5066,64.1267,63.5066,63.8301,1329900.0
2014-02-07,64.0638,64.4592,63.8122,64.2076,1848000.0
2014-02-10,64.2884,64.3154,63.7942,64.2076,1503200.0
2014-02-11,64.1626,65.6004,64.1626,65.3488,1471100.0
2014-02-12,64.2525,64.3334,62.0239,62.6529,4472700.0
2014-02-13,62.3833,63.5875,62.1137,63.5516,2741500.0
2014-02-14,63.3988,64.585,63.1921,64.4232,2194600.0
2014-02-18,64.1177,65.8341,64.1177,65.6454,2125800.0
2014-02-19,65.7712,66.4092,65.4746,65.9779,2052700.0
2014-02-20,66.2025,66.6698,65.6364,66.3643,1538300.0
2014-02-21,67.8201,70.7586,66.6788,69.4107,4571800.0
2014-02-24,68.8984,70.2554,68.6648,69.5634,1891300.0
2014-02-25,69.6892,69.7881,68.8805,69.4915,1187600.0
2014-02-26,73.1939,73.1939,69.4017,69.824,1033400.0
2014-02-27,69.5904,70.2374,69.2759,70.1835,1018800.0
2014-02-28,69.5455,70.3632,69.4376,70.2284,1464900.0
2014-03-03,70.6238,70.7586,69.4017,69.9768,1213800.0
2014-03-04,70.6238,73.0052,70.5429,72.7087,2541500.0
2014-03-05,72.6727,72.6907,71.9987,72.457,1591100.0
2014-03-06,72.2953,72.8974,72.2863,72.5469,1089800.0
2014-03-07,73.0501,74.0297,72.4031,73.8679,2445400.0
2014-03-10,73.6163,73.9847,73.0681,73.5264,1642100.0
2014-03-11,73.5624,74.0476,72.6368,73.0322,1430700.0
2014-03-12,72.8704,72.9603,72.3312,72.7266,1828100.0
2014-03-13,72.9333,73.1849,71.837,72.0257,1258500.0
2014-03-14,72.0257,72.2414,71.5225,71.81,1015600.0
2014-03-17,72.1066,72.9513,71.8999,72.3852,911500.0
2014-03-18,72.3312,72.6547,72.0616,72.484,849900.0
2014-03-19,72.1425,72.5649,71.5674,72.0796,920000.0
2014-03-20,71.837,72.5199,71.7202,72.511,642500.0
2014-03-21,73.2748,73.2748,71.3427,71.3877,1686500.0
2014-03-24,71.3158,71.7202,70.1026,70.8215,1356000.0
2014-03-25,71.3337,71.6303,70.0487,70.6957,1141500.0
2014-03-26,71.0731,71.0731,69.824,69.842,1284200.0
2014-03-27,69.5634,70.0577,69.1141,69.7162,1615200.0
2014-03-28,69.8869,70.3183,69.5724,69.8869,804300.0
2014-03-31,70.3363,70.6957,69.6892,69.851,1450600.0
2014-04-01,70.2913,70.9204,69.851,70.8934,1634500.0
2014-04-02,70.7137,71.19,70.3722,70.9653,1156000.0
2014-04-03,70.9923,71.3787,70.1655,70.6148,1621800.0
2014-04-04,71.0731,71.3158,69.3118,69.3657,1908400.0
2014-04-07,69.164,69.3712,66.7676,67.209,2156400.0
2014-04-08,67.3802,68.2451,67.0378,67.155,1989300.0
2014-04-09,67.1009,67.6865,66.7766,67.6685,1042800.0
2014-04-10,67.6054,67.7135,66.1639,66.2991,1461300.0
2014-04-11,66.0468,66.4162,65.263,65.3351,1872300.0
2014-04-14,66.1189,66.5423,65.5964,66.1099,1687900.0
2014-04-15,66.0738,66.7225,65.5964,66.4342,1663300.0
2014-04-16,66.7585,67.1099,66.218,66.9117,892700.0
2014-04-17,66.7585,67.3441,66.3621,66.6955,1221700.0
2014-04-21,66.8126,67.1099,66.3982,66.6685,1505200.0
2014-04-22,67.209,68.2811,67.0649,67.4252,1825700.0
2014-04-23,67.0558,67.3802,66.7225,67.0198,936500.0
2014-04-24,67.6415,69.6145,66.6775,66.8126,1248500.0
2014-04-25,67.2721,69.5064,67.173,67.8757,3283800.0
2014-04-28,68.0288,68.4793,66.6955,67.2901,1721700.0
2014-04-29,67.7045,68.3081,67.4342,67.9297,1510100.0
2014-04-30,67.5063,68.3262,67.4973,68.2451,1053600.0
2014-05-01,68.191,69.164,67.9478,68.4072,1105400.0
2014-05-02,68.6144,68.6955,67.8036,67.8306,682800.0
2014-05-05,67.4252,68.137,67.0378,68.0829,651600.0
2014-05-06,68.0288,68.209,67.245,67.2721,654800.0
2014-05-07,67.1189,67.5694,66.3621,66.9567,855500.0
2014-05-08,66.9567,68.0018,66.4973,67.227,989900.0
2014-05-09,67.1279,67.8216,66.6955,67.4973,692600.0
2014-05-12,67.7315,68.9208,67.6865,68.5694,929900.0
2014-05-13,68.5964,68.7316,67.9658,68.191,754500.0
2014-05-14,67.9658,68.155,67.4523,67.5604,729300.0
2014-05-15,67.5153,67.9838,66.4342,66.7405,1243100.0
2014-05-16,67.0919,68.1009,66.5153,68.0288,1675800.0
2014-05-19,67.8847,69.5154,67.8577,69.4343,1720200.0
2014-05-20,69.2001,69.6145,68.6054,69.2271,2371100.0
2014-05-21,66.6685,70.6325,66.218,69.7947,3320700.0
2014-05-22,69.7586,71.0109,69.5154,70.5604,1574400.0
2014-05-23,70.7857,71.8938,70.5875,71.7046,1468600.0
2014-05-27,71.8758,72.4704,71.5515,72.2001,1073500.0
2014-05-28,72.3713,72.3713,71.2271,71.2452,1151900.0
2014-05-29,71.2542,71.8308,71.083,71.2722,1146400.0
2014-05-30,71.5515,71.5875,71.074,71.4343,1118300.0
2014-06-02,71.5244,71.8127,71.1821,71.5605,515900.0
2014-06-03,71.3262,71.6145,71.2271,71.5244,766200.0
2014-06-04,71.2632,71.6055,71.2091,71.4434,677900.0
2014-06-05,71.3533,71.7677,71.0019,71.4974,1378200.0
2014-06-06,71.9299,72.119,71.5154,72.101,1107000.0
2014-06-09,71.8578,72.6326,71.6325,71.9299,919700.0
2014-06-10,71.6235,72.0199,70.9569,71.3172,991200.0
2014-06-11,70.8668,71.3623,70.5875,71.3262,1023600.0
2014-06-12,71.065,71.3623,70.9028,71.092,1154300.0
2014-06-13,71.2361,71.4253,70.9388,71.1641,799000.0
2014-06-16,70.7677,71.2722,70.7406,71.092,1040700.0
2014-06-17,70.8758,71.2902,70.8217,71.0289,1132100.0
2014-06-18,70.8397,71.5695,70.8397,71.4704,1094200.0
2014-06-19,71.7407,73.8668,71.0289,71.4343,755900.0
2014-06-20,71.8217,71.8217,71.0019,71.6235,1299800.0
2014-06-23,71.4974,71.8037,71.3262,71.7767,815800.0
2014-06-24,71.7947,72.9119,71.5244,72.5695,1475100.0
2014-06-25,72.11,73.1371,72.101,73.083,893800.0
2014-06-26,73.2002,73.2002,72.2632,72.9389,1058700.0
2014-06-27,72.6055,73.3083,72.6055,73.2632,798500.0
2014-06-30,72.9569,73.1641,72.4434,72.5515,1054200.0
2014-07-01,72.5245,73.4704,72.4974,73.2272,997000.0
2014-07-02,72.8938,73.4164,72.8398,73.2452,744600.0
2014-07-03,73.1551,74.2903,73.047,74.0831,777600.0
2014-07-07,73.2363,73.8233,72.7939,73.1731,1129200.0
2014-07-08,73.0557,73.4982,72.9564,73.2815,1222700.0
2014-07-09,73.6066,73.7511,72.9022,73.2002,720200.0
2014-07-10,72.3423,72.9383,72.2972,72.6223,837200.0
2014-07-11,72.8661,72.9474,72.3965,72.6494,774300.0
2014-07-14,73.0557,73.6517,72.6855,73.444,766100.0
2014-07-15,73.4982,73.7962,73.1099,73.2996,669900.0
2014-07-16,73.3628,73.9588,73.3266,73.6246,718800.0
2014-07-17,73.2544,73.7059,72.9022,72.9474,931400.0
2014-07-18,73.3718,74.013,72.9654,73.9768,833400.0
2014-07-21,73.733,73.9768,72.9925,73.5343,908200.0
2014-07-22,73.8685,74.907,73.7511,74.1665,753400.0
2014-07-23,74.022,74.32,73.7691,74.0762,645600.0
2014-07-24,74.0671,75.0334,74.04,74.5819,907000.0
2014-07-25,74.3561,74.8076,74.2658,74.627,395900.0
2014-07-28,74.6631,75.0244,74.2116,74.8167,392600.0
2014-07-29,74.9521,75.3946,74.5187,74.6631,752500.0
2014-07-30,75.0334,75.4398,74.4916,75.214,747700.0
2014-07-31,74.9702,75.1237,73.9407,74.022,1318700.0
2014-08-01,73.6698,74.1755,71.945,72.7487,968700.0
2014-08-04,72.8029,73.2905,72.4778,73.1641,671300.0
2014-08-05,73.0828,73.4079,72.4326,72.6494,634500.0
2014-08-06,72.5952,73.2815,72.3423,73.1099,695600.0
2014-08-07,73.3086,73.8323,72.7668,73.0016,502900.0
2014-08-08,73.0828,73.5795,72.7036,73.4892,559500.0
2014-08-11,73.7782,74.3019,73.417,73.8685,365800.0
2014-08-12,73.715,74.1845,73.444,74.0762,968400.0
2014-08-13,74.3651,75.5391,73.9949,75.2953,991500.0
2014-08-14,75.3856,75.7468,75.1237,75.6836,915900.0
2014-08-15,76.0809,76.6498,75.0605,75.6023,1770400.0
2014-08-18,76.0538,76.4602,75.7648,76.2435,1076500.0
2014-08-19,76.1622,77.282,76.1622,77.1104,1317900.0
2014-08-20,76.9478,77.2007,76.3338,77.002,1042500.0
2014-08-21,76.8936,77.5619,76.5144,77.4896,1200000.0
2014-08-22,77.0743,78.3837,74.1484,75.4668,4457100.0
2014-08-25,75.1508,75.3495,73.6879,74.8618,2909300.0
2014-08-26,74.8708,75.521,74.609,74.627,1360800.0
2014-08-27,74.907,74.9521,74.2116,74.6451,1396600.0
2014-08-28,74.5819,75.4939,74.2387,75.2772,1445100.0
2014-08-29,75.5662,75.5662,74.5909,75.1147,685700.0
2014-09-02,75.2682,75.5571,74.7083,74.8437,1112700.0
2014-09-03,74.9611,75.1056,74.0491,74.1574,1133700.0
2014-09-04,74.8889,74.8889,74.0581,74.2839,919000.0
2014-09-05,74.4013,75.8461,74.2658,75.8371,1123900.0
2014-09-08,75.4759,76.3789,75.3765,75.9996,854600.0
2014-09-09,75.7197,75.8642,75.205,75.3585,643600.0
2014-09-10,75.6023,76.4873,75.4307,76.3789,1243800.0
2014-09-11,76.1802,77.0923,76.099,76.9027,1106000.0
2014-09-12,76.5866,76.8575,75.7016,75.8461,1614500.0
2014-09-15,75.8552,76.0358,75.1056,75.512,985700.0
2014-09-16,75.4939,75.7287,75.3585,75.6565,1163200.0
2014-09-17,75.503,76.4692,75.4849,76.1351,1223500.0
2014-09-18,76.3428,77.3723,76.1893,77.3542,933000.0
2014-09-19,77.7786,78.4559,77.5348,78.3114,2472800.0
2014-09-22,77.8328,78.1127,76.7221,77.2278,1476900.0
2014-09-23,77.3813,77.8599,77.1284,77.1375,1007000.0
2014-09-24,77.2097,78.8442,77.1284,78.2843,1715400.0
2014-09-25,77.905,78.1127,76.5866,76.6227,1677500.0
2014-09-26,76.9117,77.7786,76.415,77.7064,2159600.0
2014-09-29,76.8575,79.4312,76.8033,79.2686,2013800.0
2014-09-30,79.1964,80.1807,78.8623,79.1512,2401600.0
2014-10-01,78.8894,79.2145,77.2278,77.4084,1624300.0
2014-10-02,76.7853,77.1555,75.2411,76.3247,2171000.0
2014-10-03,76.6498,77.1646,76.5595,76.993,1415500.0
2014-10-06,77.3181,77.5348,76.1802,76.4512,878500.0
2014-10-07,75.8865,76.4481,74.4463,74.4735,1320200.0
2014-10-08,74.555,75.9952,73.9391,75.9046,1271300.0
2014-10-09,75.7959,75.7959,73.7489,74.1021,1329200.0
2014-10-10,73.9844,75.3793,72.6166,72.6166,1323500.0
2014-10-13,72.4355,72.825,71.3576,72.1728,2300100.0
2014-10-14,72.7163,73.0152,71.729,71.9101,1419800.0
2014-10-15,70.8775,72.4536,70.6149,72.0098,1702600.0
2014-10-16,70.5877,71.8467,70.5877,71.2308,1049200.0
2014-10-17,72.1547,73.7036,71.7833,73.3956,1951200.0
2014-10-20,73.1148,73.5949,72.6257,73.4047,861200.0
2014-10-21,73.9119,75.5242,73.4228,75.5152,1253000.0
2014-10-22,75.6238,75.805,74.2199,74.238,871500.0
2014-10-23,75.1438,75.9771,74.3286,75.6601,996900.0
2014-10-24,76.1673,77.0278,75.7778,76.9554,858400.0
2014-10-27,76.8829,77.5713,76.7198,77.0006,1068300.0
2014-10-28,77.4082,78.2959,77.3539,78.1963,1352000.0
2014-10-29,77.9155,78.305,77.3901,77.7887,762200.0
2014-10-30,77.6437,78.8666,77.5169,78.6492,662600.0
2014-10-31,80.2615,80.4698,79.3919,79.718,987100.0
2014-11-03,79.6908,80.4426,79.5912,80.0169,624400.0
2014-11-04,79.7995,80.5875,79.7542,80.1165,667100.0
2014-11-05,80.1709,80.7506,79.8991,80.3702,818000.0
2014-11-06,80.497,80.7868,80.1437,80.7325,726600.0
2014-11-07,80.8865,80.9499,80.2615,80.4426,527900.0
2014-11-10,80.3883,81.5205,80.189,81.4118,827400.0
2014-11-11,81.5205,82.3448,81.448,82.1636,1119700.0
2014-11-12,81.91,82.1545,81.0404,81.1763,1018100.0
2014-11-13,81.4027,81.9281,81.0585,81.919,716000.0
2014-11-14,81.8556,82.1636,81.2669,82.1455,710900.0
2014-11-17,82.1636,82.7886,81.91,82.3629,1412400.0
2014-11-18,82.4353,83.1147,82.3719,82.7342,1253300.0
2014-11-19,82.6074,82.8973,82.0821,82.8067,1009300.0
2014-11-20,82.4806,82.4897,81.8919,82.1817,1366300.0
2014-11-21,86.3574,86.4298,83.0694,83.0784,2545600.0
2014-11-24,83.3411,84.2288,83.1419,83.9389,1395900.0
2014-11-25,83.5495,84.4462,83.3592,83.9299,809800.0
2014-11-26,83.3321,84.1744,83.3321,83.5495,1146200.0
2014-11-28,84.0295,85.4516,83.948,85.0259,552400.0
2014-12-01,84.4643,85.9588,84.4552,85.2523,1404000.0
2014-12-02,85.2795,85.3701,84.4281,84.5368,1634300.0
2014-12-03,84.4552,85.1527,84.256,84.8719,718900.0
2014-12-04,84.6545,85.0621,84.2107,85.0259,661900.0
2014-12-05,85.2614,85.2614,84.4281,84.8538,752700.0
2014-12-08,84.6636,85.1436,83.9661,84.5639,789800.0
2014-12-09,83.4136,84.2288,81.9281,83.9842,1026000.0
2014-12-10,83.9661,84.6636,82.9426,83.8393,1158700.0
2014-12-11,84.3647,85.198,83.8484,84.573,1765000.0
2014-12-12,83.5313,84.5458,82.1545,83.486,1459700.0
2014-12-15,84.256,84.5096,82.9698,83.9389,1649600.0
2014-12-16,83.8484,85.0349,83.2777,83.4317,1753300.0
2014-12-17,83.3592,84.419,82.7795,84.1292,1714000.0
2014-12-18,84.0476,85.5784,83.4136,85.5784,2364400.0
2014-12-19,85.3791,86.8103,84.9806,85.0712,1967500.0
2014-12-22,85.5512,86.2668,85.2161,85.7686,887700.0
2014-12-23,86.14,86.3846,85.7596,86.1853,745200.0
2014-12-24,86.3212,86.4389,85.669,85.678,261100.0
2014-12-26,85.6146,86.0041,85.2433,85.3157,362800.0
2014-12-29,85.2161,85.5603,84.8991,84.9262,494300.0
2014-12-30,84.3918,85.1799,83.9118,84.3375,697400.0
2014-12-31,84.4009,85.044,83.477,83.5042,757800.0
2015-01-02,83.9118,84.3828,81.8556,82.6165,1434600.0
2015-01-05,81.7922,82.7342,81.285,82.2904,2074600.0
2015-01-06,82.2613,82.6155,79.3545,79.7633,1740500.0
2015-01-07,79.9086,80.8806,79.8178,80.5445,1298600.0
2015-01-08,81.0077,82.3249,80.9532,81.6254,1344700.0
2015-01-09,82.0524,82.2068,79.8087,79.9086,1780300.0
2015-01-12,79.845,80.1811,78.5552,78.7732,1449100.0
2015-01-13,79.5634,80.7716,77.783,78.4007,1276300.0
2015-01-14,77.3925,78.3553,77.2835,78.3281,1146700.0
2015-01-15,78.2554,78.7005,77.1109,77.2835,685900.0
2015-01-16,77.1654,78.5188,76.9837,78.5007,898000.0
2015-01-20,78.8549,79.9086,78.2736,79.409,1423900.0
2015-01-21,78.0465,79.8723,78.0465,78.4825,1348400.0
2015-01-22,78.9639,81.0804,78.3644,80.6535,2548400.0
2015-01-23,81.1985,81.8525,80.7534,81.2257,1763700.0
2015-01-26,81.2621,81.4074,80.5172,81.1712,1790900.0
2015-01-27,80.1085,81.2984,79.4817,80.3446,1144700.0
2015-01-28,81.1258,81.3257,79.4726,79.4817,1149900.0
2015-01-29,79.3182,80.6535,79.0638,80.3446,1241700.0
2015-01-30,79.8995,80.39,78.7822,78.864,1386600.0
2015-02-02,79.4908,80.7171,77.9102,80.1902,1283800.0
2015-02-03,80.4264,82.2249,80.4264,82.2068,1616400.0
2015-02-04,81.7253,82.7881,81.5709,82.2431,1202000.0
2015-02-05,82.1795,83.3876,81.9343,83.3059,864300.0
2015-02-06,82.3521,82.7972,79.3273,79.7814,3404200.0
2015-02-09,79.4999,80.7625,79.0003,79.7905,1715200.0
2015-02-10,80.0903,81.0895,80.0358,80.9714,1548300.0
2015-02-11,81.1803,81.5528,80.4355,80.6535,1425700.0
2015-02-12,81.0077,81.471,80.5445,81.1985,1639200.0
2015-02-13,81.4165,82.0069,81.253,81.9797,2065600.0
2015-02-17,81.7617,82.0251,81.3075,81.8343,2252900.0
2015-02-18,81.7526,82.016,80.8987,81.5346,2139600.0
2015-02-19,81.4983,82.888,81.0895,82.7609,2345500.0
2015-02-20,86.2126,88.0112,85.4769,87.8568,4208500.0
2015-02-23,87.6842,87.8568,87.1392,87.5116,1503200.0
2015-02-24,87.3935,88.5108,87.1392,88.4563,1113100.0
2015-02-25,88.2655,89.1012,88.1293,88.6925,911000.0
2015-02-26,88.5926,89.0831,88.3655,88.7288,814900.0
2015-02-27,88.3927,88.9377,88.2201,88.6834,803600.0
2015-03-02,88.6198,89.6463,88.3291,89.6372,730300.0
2015-03-03,89.3192,89.5191,88.6561,89.0195,1011100.0
2015-03-04,88.4836,89.0922,88.0021,88.5199,893700.0
2015-03-05,88.638,89.183,87.9567,89.1285,891100.0
2015-03-06,88.6925,89.2557,88.2292,88.4836,1312300.0
2015-03-09,88.7106,88.9287,88.0294,88.6925,976300.0
2015-03-10,87.8023,88.0657,86.6396,86.6487,995500.0
2015-03-11,86.6941,87.3118,86.3035,86.4579,800900.0
2015-03-12,86.6577,87.875,86.5124,87.8114,582500.0
2015-03-13,87.5116,89.0104,87.4934,88.8106,1336100.0
2015-03-16,89.1739,90.6091,88.8378,90.273,1095200.0
2015-03-17,89.7008,90.273,89.3919,89.9097,1180400.0
2015-03-18,89.6099,91.4357,89.4192,90.7726,1138600.0
2015-03-19,90.6636,91.1814,90.6364,90.6364,874000.0
2015-03-20,91.2177,91.6356,90.9725,91.2268,1398300.0
2015-03-23,91.6174,91.6174,90.8907,90.9543,730900.0
2015-03-24,90.8544,91.4902,90.5546,90.5637,1205300.0
2015-03-25,90.5183,90.5637,88.3836,88.3927,1168100.0
2015-03-26,87.875,88.6561,87.4934,88.0657,568400.0
2015-03-27,87.7205,88.3746,87.2391,88.1656,778200.0
2015-03-30,88.8378,89.7008,88.8378,89.2284,666800.0
2015-03-31,88.42,89.5918,88.0748,88.0748,1389300.0
2015-04-01,87.9476,88.747,87.4299,88.7197,1038200.0
2015-04-02,88.7379,89.6644,88.4291,89.4737,865700.0
2015-04-06,88.5199,89.728,88.0385,88.8832,957700.0
2015-04-07,89.0848,89.5856,88.4017,88.4291,975000.0
2015-04-08,88.3562,89.5492,88.3562,89.1758,889000.0
2015-04-09,89.1394,89.613,88.6021,89.1758,603000.0
2015-04-10,89.103,90.2596,88.8571,90.0592,1387300.0
2015-04-13,89.2487,90.3233,89.1485,89.1485,857000.0
2015-04-14,89.0301,89.358,88.4291,89.1394,1566700.0
2015-04-15,89.613,89.8497,89.0848,89.2123,743800.0
2015-04-16,88.6021,88.7842,88.256,88.6932,1209400.0
2015-04-17,87.8917,88.0739,86.8171,87.0448,1190600.0
2015-04-20,87.7916,88.4837,87.4728,88.0192,938300.0
2015-04-21,88.6203,89.276,88.0648,88.5566,879300.0
2015-04-22,89.7496,91.2978,89.704,91.2158,2402900.0
2015-04-23,90.8697,92.846,90.6694,92.3906,1017300.0
2015-04-24,92.8095,92.8095,91.5072,92.1902,722900.0
2015-04-27,92.3997,92.8368,91.9808,92.5272,727300.0
2015-04-28,92.0901,93.0463,91.826,92.5727,600300.0
2015-04-29,91.9079,92.9735,91.7986,92.1447,821800.0
2015-04-30,91.7076,92.6365,90.8971,91.3706,866800.0
2015-05-01,91.3706,91.8533,91.1156,91.6074,710800.0
2015-05-04,91.5983,92.6001,91.3888,92.2449,636000.0
2015-05-05,91.7986,92.3815,90.9517,91.0792,689800.0
2015-05-06,91.4162,91.4617,90.1776,90.6512,666600.0
2015-05-07,90.8333,91.4617,90.5237,91.1338,570900.0
2015-05-08,92.2449,93.8933,91.7895,93.5745,1171700.0
2015-05-11,93.2558,93.7475,93.0554,93.192,441200.0
2015-05-12,92.7549,93.5654,91.9808,93.1192,534100.0
2015-05-13,92.7822,93.5836,92.2904,93.1101,407800.0
2015-05-14,93.6838,94.5763,93.3377,94.549,869200.0
2015-05-15,94.8677,94.9315,93.0463,93.192,1050000.0
2015-05-18,92.9461,93.3924,92.4817,93.2011,832700.0
2015-05-19,93.7384,94.5399,93.4379,94.0481,1149900.0
2015-05-20,94.385,94.6036,93.5927,94.1483,844100.0
2015-05-21,94.3668,95.3868,94.0025,94.8586,1644700.0
2015-05-22,96.0698,99.4576,95.9423,97.2264,3236900.0
2015-05-26,96.1245,96.7711,94.6947,95.3231,1870500.0
2015-05-27,95.4323,96.0516,95.0134,95.7966,926000.0
2015-05-28,95.3959,95.8239,95.1591,95.7056,791800.0
2015-05-29,95.5781,95.6236,94.2849,94.8495,1316000.0
2015-06-01,95.4141,97.4177,94.7949,96.9168,1412179.0
2015-06-02,96.3066,97.3175,95.8604,96.7346,857759.0
2015-06-03,96.7529,97.2993,96.2975,97.2993,625169.0
2015-06-04,97.108,97.3357,95.6691,96.0425,776634.0
2015-06-05,95.3231,96.6891,95.3231,96.17,913134.0
2015-06-08,95.9423,96.3522,95.1318,95.1682,734287.0
2015-06-09,95.1227,95.5507,94.6218,95.2957,1014412.0
2015-06-10,95.8604,98.2464,95.6236,97.8821,1410102.0
2015-06-11,98.2919,98.3102,96.3248,96.3795,1998258.0
2015-06-12,95.7693,96.1245,95.1409,95.3777,1017246.0
2015-06-15,94.7766,94.7766,93.4561,93.8477,1410187.0
2015-06-16,93.9388,94.7129,93.5927,94.467,1031461.0
2015-06-17,94.6036,95.0134,93.9843,94.5672,663994.0
2015-06-18,94.4852,95.1956,94.3668,95.0681,1135863.0
2015-06-19,94.7857,95.405,94.4397,95.0043,1035793.0
2015-06-22,95.6509,96.1518,94.294,96.0789,1012653.0
2015-06-23,96.2155,96.2338,94.9315,95.405,973172.0
2015-06-24,95.0225,95.4141,93.784,93.8477,1151718.0
2015-06-25,94.13,94.8768,93.7293,94.3486,1175435.0
2015-06-26,94.3486,94.6947,93.2011,94.0208,1083758.0
2015-06-29,93.0736,93.4834,91.826,91.999,1158162.0
2015-06-30,92.4544,92.7731,91.7531,91.7713,1169537.0
2015-07-01,92.5636,93.2376,91.7804,92.5454,944977.0
2015-07-02,92.9188,92.9188,91.6347,92.3542,573737.0
2015-07-06,91.3342,92.8551,91.1794,92.8186,1546598.0
2015-07-07,92.0481,94.4491,92.0481,94.3304,2151562.0
2015-07-08,93.0249,95.0698,93.0249,94.4217,2496991.0
2015-07-09,95.3894,95.9462,94.513,94.5586,1004409.0
2015-07-10,95.8002,95.8002,94.5769,95.2707,613100.0
2015-07-13,95.9828,96.8318,95.8549,96.2475,960106.0
2015-07-14,96.3297,96.8683,96.0467,96.6127,462440.0
2015-07-15,96.8135,97.3521,96.4666,97.0691,657488.0
2015-07-16,97.8907,98.6941,97.5712,98.6849,760282.0
2015-07-17,98.3654,98.7762,97.2791,97.4708,1062270.0
2015-07-20,97.5164,97.8359,97.206,97.343,722146.0
2015-07-21,97.0326,97.8177,96.8226,96.9048,740236.0
2015-07-22,96.9687,97.7903,96.9139,97.4251,657954.0
2015-07-23,97.3978,98.4932,97.2426,97.909,568340.0
2015-07-24,97.8725,98.4202,97.206,97.3978,482802.0
2015-07-27,96.8774,97.2152,95.645,95.8549,816627.0
2015-07-28,95.8915,96.5031,94.6317,96.4392,993143.0
2015-07-29,96.1836,96.5305,95.3255,96.3297,790656.0
2015-07-30,95.8002,96.8226,94.9238,96.5305,431560.0
2015-07-31,97.0326,97.206,96.2201,96.5579,649757.0
2015-08-03,95.5537,96.5488,95.2159,95.9006,747869.0
2015-08-04,96.074,96.6127,95.8184,96.3936,575233.0
2015-08-05,96.8044,98.3654,96.8044,97.4799,498962.0
2015-08-06,97.6716,98.0916,94.9877,95.0972,942373.0
2015-08-07,94.9877,96.2566,94.4399,96.2566,1340108.0
2015-08-10,94.1113,95.8458,93.1254,95.8458,1060362.0
2015-08-11,94.6682,95.5446,94.1022,95.508,957098.0
2015-08-12,94.9512,95.928,94.1296,95.5993,682237.0
2015-08-13,95.8732,96.1653,94.7229,95.7637,548940.0
2015-08-14,95.4624,96.9504,95.3437,96.4209,576817.0
2015-08-17,96.0375,96.5579,95.3985,96.3662,653470.0
2015-08-18,96.8044,97.4617,96.3205,96.5122,627231.0
2015-08-19,97.2152,97.7447,95.6541,97.0143,1475854.0
2015-08-20,96.1014,96.4209,93.7735,93.9652,1034040.0
2015-08-21,83.1473,84.9001,77.6973,81.5041,7859920.0
2015-08-24,75.1411,79.8791,73.8448,76.9122,5842602.0
2015-08-25,79.1671,79.2857,72.6946,72.9137,3842479.0
2015-08-26,75.5063,76.757,73.7627,76.0358,4679624.0
2015-08-27,77.04,79.0849,76.3462,79.0575,3642782.0
2015-08-28,77.606,79.9795,77.606,78.7015,2889570.0
2015-08-31,78.0168,78.4732,77.0948,78.2815,2670829.0
2015-09-01,76.0267,77.7703,75.8623,76.7752,3153525.0
2015-09-02,78.2268,78.4732,76.7296,78.3546,2170911.0
2015-09-03,78.4002,79.3953,78.0351,78.5463,2590460.0
2015-09-04,77.25,78.3454,76.7844,77.7155,2700013.0
2015-09-08,79.094,80.1439,78.0624,80.0982,1985410.0
2015-09-09,80.2352,80.6368,78.7928,79.094,2584604.0
2015-09-10,79.4227,81.1298,78.948,80.6094,3396245.0
2015-09-11,79.8426,81.6228,79.5596,81.5315,2280089.0
2015-09-14,81.2941,81.7323,80.5821,81.0842,1248600.0
2015-09-15,81.3672,81.9514,80.6642,81.2393,1410024.0
2015-09-16,81.3854,81.8053,80.3356,81.6775,1280847.0
2015-09-17,79.3314,79.7604,77.8525,78.2998,6223063.0
2015-09-18,77.3139,78.6923,77.0126,78.0442,4567956.0
2015-09-21,78.1081,79.6965,77.7521,79.2492,2858833.0
2015-09-22,78.0077,79.6418,77.962,79.2857,2537685.0
2015-09-23,78.9297,80.6733,78.7928,79.9613,1858826.0
2015-09-24,79.2675,80.7281,79.1032,80.2078,2376464.0
2015-09-25,80.9563,81.7871,79.8243,80.226,1846512.0
2015-09-28,79.5961,80.2717,78.6923,78.7106,1768945.0
2015-09-29,78.6741,79.587,78.3911,79.2675,1333259.0
2015-09-30,80.1165,81.0933,79.5231,81.0203,1746079.0
2015-10-01,80.9381,81.9058,80.1804,81.1207,2045248.0
2015-10-02,79.6326,81.7506,78.1537,81.7049,1420279.0
2015-10-05,82.1614,83.5307,81.6684,83.3573,1028947.0
2015-10-06,83.2672,84.1648,82.6719,82.9008,1320693.0
2015-10-07,83.258,83.7984,81.7742,83.313,1295298.0
2015-10-08,83.084,84.6503,82.4337,84.5312,1120090.0
2015-10-09,84.5678,85.4196,84.5312,84.9067,1062320.0
2015-10-12,84.9159,85.612,83.945,85.3738,1227390.0
2015-10-13,84.7327,85.3647,83.5878,83.6794,1448893.0
2015-10-14,83.6244,84.3938,82.8092,82.8092,1554457.0
2015-10-15,83.3771,84.7052,83.1848,84.6594,1780400.0
2015-10-16,84.7877,85.9051,83.5053,85.7494,1532101.0
2015-10-19,85.6669,86.4546,84.7144,86.1707,861647.0
2015-10-20,85.9967,86.7752,85.9967,86.3722,737163.0
2015-10-21,86.9218,86.995,85.5112,85.9784,1265404.0
2015-10-22,86.4913,89.12,86.4272,88.717,1123051.0
2015-10-23,89.3581,89.7612,88.0392,89.7062,882923.0
2015-10-26,89.8802,90.6771,89.4314,89.4955,1039781.0
2015-10-27,89.4406,89.9718,88.9826,89.7886,870317.0
2015-10-28,90.0451,90.1275,89.1108,89.752,1337016.0
2015-10-29,89.6696,90.0085,89.3673,89.5322,1110856.0
2015-10-30,89.7154,89.8711,89.1658,89.2391,863726.0
2015-11-02,89.8069,89.9443,89.1841,89.3123,1229883.0
2015-11-03,88.9918,89.7337,88.891,89.4955,1103995.0
2015-11-04,89.5047,90.8145,88.8452,90.5397,1059418.0
2015-11-05,90.8694,91.135,89.2208,89.5596,1116578.0
2015-11-06,89.5688,90.2558,88.9643,90.0176,785927.0
2015-11-09,89.926,89.9535,88.6162,89.3123,830180.0
2015-11-10,89.2482,90.6496,88.8635,90.5672,685185.0
2015-11-11,91.0618,92.17,90.4756,91.0343,1049214.0
2015-11-12,90.8328,91.4007,89.7612,89.8069,598283.0
2015-11-13,89.7886,90.3931,88.1674,88.4147,1114439.0
2015-11-16,88.7445,89.3765,87.911,88.7536,1213508.0
2015-11-17,88.4788,89.2665,87.9751,88.3231,1493928.0
2015-11-18,88.4147,88.7445,87.5812,88.4972,3209638.0
2015-11-19,88.7811,89.4681,87.7369,89.2299,3412672.0
2015-11-20,97.3451,98.9205,92.6646,94.524,5788662.0
2015-11-23,94.2309,95.101,92.4265,92.5364,2410584.0
2015-11-24,91.6296,92.28,89.5047,91.3732,2807472.0
2015-11-25,91.5747,92.3899,91.0709,91.4556,1581151.0
2015-11-27,91.6754,92.2891,91.2724,91.7579,917757.0
2015-11-30,91.9411,92.2891,90.6862,91.7762,1651253.0
2015-12-01,92.454,93.9561,92.1517,93.2325,1408927.0
2015-12-02,92.8112,93.2417,90.9152,91.135,1281229.0
2015-12-03,91.0984,91.5106,87.8743,88.2773,2213180.0
2015-12-04,88.6712,90.5489,88.5979,90.3382,1770583.0
2015-12-07,90.4206,90.6954,89.981,90.5214,1362988.0
2015-12-08,89.5963,90.6771,89.3032,90.0542,965488.0
2015-12-09,89.8619,91.3091,89.1566,89.5047,1146265.0
2015-12-10,89.7795,90.2649,88.8086,88.8361,1445152.0
2015-12-11,87.8011,88.7628,87.7919,88.0392,1789875.0
2015-12-14,88.259,88.7811,86.9401,88.2041,1660855.0
2015-12-15,89.2757,91.0068,88.7445,89.7428,1187627.0
2015-12-16,90.1825,90.8053,88.8452,90.7229,841473.0
2015-12-17,90.961,91.5839,89.6421,89.6421,1149726.0
2015-12-18,89.0284,89.4314,86.876,87.5354,1685679.0
2015-12-21,87.9476,88.5613,86.7111,87.6362,909512.0
2015-12-22,88.3598,89.0925,87.5171,89.0376,787017.0
2015-12-23,89.5413,89.9535,89.0834,89.7612,562985.0
2015-12-24,89.6696,89.8161,89.12,89.3856,219958.0
2015-12-28,88.9368,89.9901,88.7719,89.9627,535219.0
2015-12-29,90.3382,91.593,90.3382,90.9885,668552.0
2015-12-30,90.7778,91.0526,89.9627,90.0176,496702.0
2015-12-31,89.6054,90.0634,88.3689,88.3873,777674.0
2016-01-04,86.3447,86.9126,85.3097,86.4455,2208587.0
2016-01-05,87.3248,88.0392,86.6287,87.8835,1570469.0
2016-01-06,86.486,88.3695,86.2379,88.1949,1914364.0
2016-01-07,86.8259,88.5992,85.6682,86.7708,1966241.0
2016-01-08,87.2302,88.2041,85.4661,85.5764,1593557.0
2016-01-11,86.2011,86.6054,85.5764,86.3665,1592537.0
2016-01-12,87.0005,87.4323,85.9622,87.1475,970215.0
2016-01-13,87.3864,87.8366,84.1338,84.2533,1575495.0
2016-01-14,84.8138,87.7171,83.7388,86.6605,2032805.0
2016-01-15,84.0052,85.3834,83.2242,84.0603,1857699.0
2016-01-19,85.3834,85.5764,82.7281,83.4999,1695390.0
2016-01-20,82.2595,85.3375,81.4602,84.5197,2230706.0
2016-01-21,85.264,86.0633,83.8031,84.483,1067936.0
2016-01-22,85.512,86.3665,84.7127,86.0082,765014.0
2016-01-25,85.8796,86.0541,84.1522,84.2809,946586.0
2016-01-26,84.4738,85.1813,83.6377,85.117,884099.0
2016-01-27,84.8597,85.6866,83.1048,83.3988,652224.0
2016-01-28,84.336,84.7311,83.3345,84.5565,882498.0
2016-01-29,85.1721,87.8641,84.6116,87.7539,1281127.0
2016-02-01,87.4599,89.0953,86.6973,88.5441,961762.0
2016-02-02,87.5701,87.8917,86.3389,86.5043,1937313.0
2016-02-03,87.2853,88.5808,86.3665,88.103,1404750.0
2016-02-04,88.002,89.0586,87.1475,88.8932,1238155.0
2016-02-05,88.2868,88.4338,83.8306,84.336,2302887.0
2016-02-08,83.5274,83.8215,81.6623,83.5366,2246201.0
2016-02-09,82.7648,84.6576,82.2228,82.8108,1462652.0
2016-02-10,83.8674,84.9056,82.6454,82.9302,1523823.0
2016-02-11,81.01,84.5932,81.01,83.9868,1583970.0
2016-02-12,85.4753,87.0097,84.0695,86.881,1768123.0
2016-02-16,86.0909,88.0295,86.0725,87.6161,1511994.0
2016-02-17,88.0387,90.6665,87.662,90.3724,1238438.0
2016-02-18,89.8487,90.6481,88.2868,88.6359,1304678.0
2016-02-19,88.6635,89.6834,87.5701,89.2975,1502803.0
2016-02-22,90.2071,90.694,89.1229,90.2714,1306882.0
2016-02-23,89.5731,90.1519,88.4246,89.4537,1460785.0
2016-02-24,88.5257,90.9421,87.662,90.8043,1811304.0
2016-02-25,91.0524,92.0263,89.9866,91.9436,1870102.0
2016-02-26,92.7154,92.7981,86.4584,87.9744,3166535.0
2016-02-29,87.6253,89.4169,87.2486,88.7921,1778966.0
2016-03-01,89.7385,90.8318,88.737,90.8318,1723514.0
2016-03-02,90.5286,91.5485,90.0968,90.6205,1252752.0
2016-03-03,90.0968,90.4827,88.5624,89.7752,1497472.0
2016-03-04,90.1336,91.1994,89.1688,91.1259,1490477.0
2016-03-07,90.1795,91.6496,89.6558,91.3096,1600101.0
2016-03-08,90.6297,92.109,90.4092,91.2086,1524752.0
2016-03-09,91.3004,91.8885,90.8686,91.3923,1114827.0
2016-03-10,91.4658,92.1273,88.9851,90.0601,1275868.0
2016-03-11,90.9972,92.1365,90.0876,91.8425,1202935.0
2016-03-14,91.5209,92.0355,91.1534,91.3556,777336.0
2016-03-15,91.0891,91.5944,90.694,91.2637,714671.0
2016-03-16,91.328,92.3754,90.7216,92.1457,804260.0
2016-03-17,91.9803,93.0002,91.5118,92.6419,878350.0
2016-03-18,93.1105,93.9833,91.9068,93.726,1363662.0
2016-03-21,93.2207,93.726,92.7337,93.726,607872.0
2016-03-22,93.4137,94.1946,93.0645,93.8547,729155.0
2016-03-23,93.4137,93.7628,92.8532,93.4412,1153308.0
2016-03-24,93.1472,93.8271,92.5132,93.6158,920454.0
2016-03-28,93.5974,94.0017,93.2942,93.7628,764631.0
2016-03-29,93.3401,94.5713,92.9726,94.2406,642799.0
2016-03-30,94.6356,95.0032,94.1854,94.801,673394.0
2016-03-31,94.5346,96.023,94.1487,95.5636,1108048.0
2016-04-01,95.2788,96.2711,95.1134,96.1884,576513.0
2016-04-04,96.3905,96.7305,96.1333,96.4365,644976.0
2016-04-05,95.9495,96.3446,95.3523,95.4626,707676.0
2016-04-06,95.4778,96.7677,95.1737,96.5927,585930.0
2016-04-07,96.1412,96.2333,94.5748,95.0631,908322.0
2016-04-08,95.6989,95.9293,94.8328,95.2566,463018.0
2016-04-11,95.8832,95.8832,94.2615,94.5563,768742.0
2016-04-12,94.5748,94.9986,93.8376,94.6393,1195306.0
2016-04-13,94.8788,95.4133,94.6393,95.1921,1029607.0
2016-04-14,95.791,95.874,94.7406,94.842,983426.0
2016-04-15,94.9986,95.5054,94.068,94.7498,1357982.0
2016-04-18,94.501,95.8279,94.3075,95.6344,862570.0
2016-04-19,95.9108,96.1412,94.9986,95.7542,534317.0
2016-04-20,96.0583,96.2978,95.4133,95.5883,647004.0
2016-04-21,95.5883,95.7634,94.243,94.2615,945577.0
2016-04-22,94.0219,94.3905,92.8425,94.2891,1182946.0
2016-04-25,94.1233,94.5287,93.8837,94.3168,622105.0
2016-04-26,96.3715,96.7493,95.017,95.7542,972132.0
2016-04-27,95.791,96.261,94.5103,95.3764,759309.0
2016-04-28,94.5932,94.7314,93.1281,93.4046,1013476.0
2016-04-29,92.5845,93.1466,91.4051,92.9623,1153696.0
2016-05-02,93.4322,94.2891,92.7135,94.1785,1439261.0
2016-05-03,93.4598,93.8929,92.7872,93.4322,629834.0
2016-05-04,93.0913,93.294,91.7736,92.0409,889968.0
2016-05-05,92.2804,93.3769,92.1422,92.5108,789756.0
2016-05-06,91.746,93.2756,91.4511,93.1005,678727.0
2016-05-09,93.3953,94.372,93.2295,93.681,515173.0
2016-05-10,94.1693,94.7683,93.4598,94.7222,542487.0
2016-05-11,94.713,95.3856,94.197,94.2799,434855.0
2016-05-12,94.3628,94.9618,93.2571,94.1785,365179.0
2016-05-13,94.0956,95.0631,93.9851,94.0127,543799.0
2016-05-16,94.2154,96.3255,94.068,95.5791,739830.0
2016-05-17,95.3856,95.4778,93.8745,94.1233,578878.0
2016-05-18,94.1878,95.0078,93.81,94.63,753607.0
2016-05-19,93.7731,94.4181,92.8056,93.4506,589612.0
2016-05-20,93.8837,95.4409,93.6073,94.9341,906443.0
2016-05-23,95.4962,96.7862,95.4133,96.3992,1699721.0
2016-05-24,96.8783,99.016,96.8322,98.8778,2213009.0
2016-05-25,94.8973,97.6247,93.81,96.7677,4107357.0
2016-05-26,96.7493,99.274,96.6387,98.4355,2166553.0
2016-05-27,98.8594,99.4491,98.4447,99.4122,1072974.0
2016-05-31,99.5136,100.1402,97.5878,98.2789,1577478.0
2016-06-01,97.5325,99.016,97.3206,98.7764,974999.0
2016-06-02,98.5277,99.7439,98.1315,99.6242,820656.0
2016-06-03,99.1542,99.3017,98.3342,99.0068,1366872.0
2016-06-06,98.9239,99.8729,98.6659,99.6334,1189225.0
2016-06-07,99.79,100.3889,99.7347,99.9282,886546.0
2016-06-08,100.1494,100.2968,98.887,98.9884,1132072.0
2016-06-09,98.6659,99.1266,98.3157,99.0713,1216131.0
2016-06-10,97.5325,98.7396,97.4588,98.0762,1025866.0
2016-06-13,97.293,98.5645,97.293,97.3575,829025.0
2016-06-14,97.0257,98.0946,96.5558,97.8735,582209.0
2016-06-15,98.3987,98.4908,97.7905,97.9287,810771.0
2016-06-16,97.5233,98.3249,96.9705,98.1222,624332.0
2016-06-17,97.9287,98.0762,96.4913,97.081,1066507.0
2016-06-20,97.9748,99.274,97.7168,98.9147,1044138.0
2016-06-21,99.1727,99.7347,98.6935,99.4214,1439868.0
2016-06-22,99.2924,99.4122,98.0209,98.0854,1087391.0
2016-06-23,99.5412,100.3889,98.7027,100.3889,1138080.0
2016-06-24,95.6989,98.113,95.4593,97.0534,1975913.0
2016-06-27,96.049,96.5835,94.9341,95.9938,1292837.0
2016-06-28,96.9336,97.726,96.5005,97.6615,1198524.0
2016-06-29,98.2328,100.7759,98.2328,100.7022,1180476.0
2016-06-30,100.7759,103.0058,100.5271,102.8399,1428123.0
2016-07-01,102.9505,103.6416,102.6003,103.1163,726910.0
2016-07-05,102.7478,104.1391,102.4898,103.8811,1009537.0
2016-07-06,103.2361,104.4248,103.0795,104.3787,917814.0
2016-07-07,104.2932,105.2817,103.9883,105.2725,716872.0
2016-07-08,106.2425,107.1941,105.3002,106.686,1001247.0
2016-07-11,107.2126,107.5359,106.5659,106.8245,1107937.0
2016-07-12,107.5821,107.8315,106.7044,107.4805,823675.0
2016-07-13,108.0348,108.0625,107.0832,107.0925,666550.0
2016-07-14,107.6468,107.9701,106.8338,107.5267,631782.0
2016-07-15,107.7022,107.7022,105.7436,106.224,1695402.0
2016-07-18,106.1409,106.9354,105.8268,106.4735,520666.0
2016-07-19,106.3072,106.6952,105.836,106.0393,617305.0
2016-07-20,104.1916,106.5104,104.1361,106.0485,1232774.0
2016-07-21,105.7621,105.7713,104.1269,104.5703,698441.0
2016-07-22,104.9399,105.6328,104.3856,105.3741,452351.0
2016-07-25,105.2909,105.3556,104.8198,105.2725,383473.0
2016-07-26,105.4388,105.8914,104.5796,104.9676,586612.0
2016-07-27,104.9399,104.9399,103.4802,103.9698,1398966.0
2016-07-28,104.0715,104.3948,102.9351,103.5079,1864948.0
2016-07-29,103.6465,103.6742,101.9836,102.5379,2500509.0
2016-08-01,102.9351,103.2585,101.6233,102.3254,2966532.0
2016-08-02,102.1037,102.1961,100.4223,100.9027,1404368.0
2016-08-03,100.5978,101.4939,100.5608,101.4662,918055.0
2016-08-04,101.7803,102.1961,101.3554,101.5309,537909.0
2016-08-05,101.6695,103.3878,101.6695,102.9998,639961.0
2016-08-08,103.3047,103.8775,102.9998,103.4894,995879.0
2016-08-09,103.5079,104.1731,103.3047,103.5911,580130.0
2016-08-10,103.5911,104.4133,103.5541,104.2655,596339.0
2016-08-11,104.3486,104.9214,103.9237,104.5334,627492.0
2016-08-12,103.9976,104.3301,103.3324,103.5541,543871.0
2016-08-15,103.9606,105.3741,103.3693,104.6904,749512.0
2016-08-16,104.4225,104.4225,103.8497,103.9052,590022.0
2016-08-17,104.2008,104.3948,103.4802,104.1546,843088.0
2016-08-18,103.9514,104.5426,103.4617,103.9698,688046.0
2016-08-19,104.016,104.5703,103.6188,104.21,539150.0
2016-08-22,104.1546,104.7644,103.7666,103.9698,566607.0
2016-08-23,104.6258,105.3187,103.9329,105.1708,1124930.0
2016-08-24,100.1266,101.9281,99.7756,101.4847,3817173.0
2016-08-25,101.5771,102.4178,101.226,101.6233,1177794.0
2016-08-26,101.42,102.5841,101.3092,101.9189,773849.0
2016-08-29,102.002,102.6765,102.002,102.3254,946639.0
2016-08-30,102.2792,102.6949,101.7249,102.6857,1176292.0
2016-08-31,102.6487,103.0645,102.2145,102.9629,1027697.0
2016-09-01,102.8058,103.7943,102.4085,103.7851,1038010.0
2016-09-02,104.3117,104.4964,102.9536,103.5356,746369.0
2016-09-06,103.3601,103.5264,101.9928,102.8889,1320531.0
2016-09-07,102.9536,103.4433,102.4732,103.4433,1180165.0
2016-09-08,102.9536,103.4525,102.3901,102.5102,852958.0
2016-09-09,101.5494,102.0482,100.9211,100.9304,1124299.0
2016-09-12,100.5147,101.5494,99.9788,101.1983,1080673.0
2016-09-13,98.9256,99.9788,98.242,98.5746,1586952.0
2016-09-14,98.824,99.9511,98.5931,99.8772,1290259.0
2016-09-15,99.8218,101.5956,99.443,101.4015,1129517.0
2016-09-16,101.0505,101.0967,99.9234,100.6994,1641424.0
2016-09-19,101.0874,101.5956,100.6532,100.6809,886291.0
2016-09-20,101.3923,101.4847,100.4038,100.6717,714167.0
2016-09-21,101.1798,102.5471,100.607,102.3439,948004.0
2016-09-22,102.6765,102.9998,102.1683,102.3254,942953.0
2016-09-23,101.7803,102.1129,100.9396,101.5309,954055.0
2016-09-26,100.875,101.1521,100.3114,100.6809,902967.0
2016-09-27,100.607,102.0205,100.3114,101.7249,663783.0
2016-09-28,101.651,101.9097,101.0597,101.7896,807287.0
2016-09-29,101.4293,102.0298,100.6348,100.9858,572423.0
2016-09-30,101.1798,101.9281,100.8934,101.6325,796508.0
2016-10-03,101.4662,101.7341,100.607,100.8472,541695.0
2016-10-04,101.1154,101.5509,100.5872,101.0412,324806.0
2016-10-05,101.6992,101.727,100.5686,100.652,709787.0
2016-10-06,100.4481,100.9671,100.0311,100.8652,994206.0
2016-10-07,101.0134,101.0134,99.0951,99.577,1191600.0
2016-10-10,100.5315,100.8652,100.1979,100.2257,660324.0
2016-10-11,100.1609,100.2906,98.7337,99.1507,1424943.0
2016-10-12,99.1229,100.1053,98.6132,99.6512,1293754.0
2016-10-13,98.9746,99.4473,98.7059,98.9746,935854.0
2016-10-14,99.679,100.2443,99.1044,99.1507,773282.0
2016-10-17,99.1137,99.6697,98.8171,99.0488,509751.0
2016-10-18,100.0589,100.8281,99.2341,99.299,663759.0
2016-10-19,99.9199,100.615,99.299,100.2628,933983.0
2016-10-20,100.0867,100.3833,99.4473,99.994,581978.0
2016-10-21,99.818,100.9115,99.2341,100.5037,2800600.0
2016-10-24,101.2173,101.9309,100.8281,101.5973,687919.0
2016-10-25,101.6066,101.7641,100.1701,100.3833,828438.0
2016-10-26,100.2721,100.5686,99.7809,99.9199,708223.0
2016-10-27,100.4296,100.5501,99.3639,99.4473,963303.0
2016-10-28,99.6234,100.6984,99.4843,100.2443,784684.0
2016-10-31,100.754,101.1525,100.3462,100.7725,806407.0
2016-11-01,101.0412,101.1895,98.8171,99.5214,733143.0
2016-11-02,99.5399,99.7531,98.2611,98.4186,814877.0
2016-11-03,100.4574,100.4574,97.7514,97.8626,789741.0
2016-11-04,96.9451,98.5669,96.8988,97.566,692200.0
2016-11-07,98.7893,100.0774,98.5761,99.994,818158.0
2016-11-08,100.0311,100.9486,99.4936,100.4111,615563.0
2016-11-09,96.63,101.5417,95.657,101.3471,1690769.0
2016-11-10,101.5695,102.4777,99.3361,101.2266,1071202.0
2016-11-11,101.0134,103.3488,100.7354,103.2191,1763915.0
2016-11-14,103.3303,103.8492,101.866,101.9494,1345746.0
2016-11-15,102.3665,103.6268,102.1441,102.7742,916370.0
2016-11-16,102.7094,102.8854,101.9031,102.7372,1456991.0
2016-11-17,102.6908,105.4988,102.1441,105.4617,1441213.0
2016-11-18,105.4061,108.0751,105.3042,107.482,4165027.0
2016-11-21,106.8055,107.482,106.2865,107.1947,1509664.0
2016-11-22,107.723,108.1122,107.1484,107.899,989998.0
2016-11-23,107.7971,107.8527,107.0835,107.3337,1176703.0
2016-11-25,107.4079,107.6581,106.8704,107.5654,348471.0
2016-11-28,107.4079,107.9639,106.8333,107.2318,808157.0
2016-11-29,107.0743,108.0844,106.8796,107.6488,1125750.0
2016-11-30,107.6488,107.7322,105.3413,105.3505,941776.0
2016-12-01,105.4525,105.8324,104.1643,105.0633,1403061.0
2016-12-02,104.952,105.4895,104.0068,104.9613,530285.0
2016-12-05,105.5173,107.1113,103.3117,106.4719,728398.0
2016-12-06,106.3792,106.4441,105.3691,106.1383,558821.0
2016-12-07,105.9436,108.0937,105.851,108.0659,585492.0
2016-12-08,107.899,109.1131,107.621,109.0482,725466.0
2016-12-09,108.9648,109.0204,108.1215,108.4087,866469.0
2016-12-12,108.3439,108.3902,107.065,107.5283,708828.0
2016-12-13,107.6674,109.873,107.5469,109.1594,673249.0
2016-12-14,109.632,109.9656,108.937,109.0482,662093.0
2016-12-15,109.1594,109.5301,108.557,109.1501,510385.0
2016-12-16,109.6135,109.6135,108.1956,108.7146,891035.0
2016-12-19,108.5756,109.9193,108.4736,109.493,406175.0
2016-12-20,109.9378,109.9378,109.0482,109.7154,391539.0
2016-12-21,109.6135,109.6969,108.798,109.0667,363566.0
2016-12-22,108.6868,108.8443,107.7415,108.3439,485932.0
2016-12-23,108.418,108.8443,108.0566,108.3531,261212.0
2016-12-27,108.7609,109.2984,108.0751,108.3346,417836.0
2016-12-28,108.3161,108.3253,106.7406,107.0001,539494.0
2016-12-29,106.9538,107.3615,106.3977,106.4997,426952.0
2016-12-30,106.8796,107.2781,105.2208,106.2124,962122.0
2017-01-03,105.9622,106.8518,105.7398,106.3421,1096414.0
2017-01-04,106.3051,107.1577,105.9251,106.5553,606038.0
2017-01-05,106.3675,107.2597,106.1072,107.2133,727346.0
2017-01-06,107.4456,108.7748,107.0738,108.6167,728024.0
2017-01-09,108.6446,108.7283,107.6222,108.2914,481607.0
2017-01-10,108.2264,108.403,107.1296,107.9197,613407.0
2017-01-11,107.9104,108.4587,107.3341,108.1706,574990.0
2017-01-12,108.0405,108.8863,107.2319,108.784,524261.0
2017-01-13,108.7748,108.9978,108.2914,108.8398,399747.0
2017-01-17,108.7097,109.035,107.4363,107.9011,526791.0
2017-01-18,108.3751,108.6167,107.4642,107.6222,475591.0
2017-01-19,107.8825,108.1892,106.953,107.7709,755828.0
2017-01-20,108.2636,108.9421,107.6129,108.8398,1055935.0
2017-01-23,108.7933,109.1651,108.0312,108.8398,798467.0
2017-01-24,109.4161,110.4664,108.9978,110.3734,683382.0
2017-01-25,111.2006,112.0465,110.6801,111.5445,1121101.0
2017-01-26,111.5353,111.6375,110.0295,110.1039,828047.0
2017-01-27,110.7173,110.8475,109.8715,110.2247,505437.0
2017-01-30,110.1318,110.1875,109.035,110.1689,547365.0
2017-01-31,110.0667,110.2154,109.3138,110.2154,653908.0
2017-02-01,110.1318,110.5965,109.1094,109.4068,657066.0
2017-02-02,108.9421,109.8529,108.2171,109.5183,511453.0
2017-02-03,110.1782,110.8382,109.9738,110.0202,547650.0
2017-02-06,109.76,109.8343,109.0071,109.5741,498704.0
2017-02-07,109.8994,110.2247,108.9328,109.193,540047.0
2017-02-08,104.0624,109.3603,104.0066,108.3286,2444471.0
2017-02-09,108.3286,108.9978,107.6315,107.9011,1363613.0
2017-02-10,108.3379,109.2581,107.7152,109.2395,1073690.0
2017-02-13,109.8529,110.3084,108.9421,110.0481,866655.0
2017-02-14,109.825,110.485,109.2395,110.4571,1043142.0
2017-02-15,110.1782,110.5686,109.6113,110.5593,729709.0
2017-02-16,110.6058,110.9125,110.0202,110.8289,620113.0
2017-02-17,110.8289,111.4144,109.8529,111.4051,884719.0
2017-02-21,110.9962,112.0372,110.4292,111.4144,1067977.0
2017-02-22,111.3215,111.684,110.708,111.0055,921535.0
2017-02-23,111.0612,112.4461,110.6616,112.1859,1254132.0
2017-02-24,117.5767,119.3892,115.1323,118.9802,2738370.0
2017-02-27,117.995,118.5806,116.5265,116.9726,1769095.0
2017-02-28,116.8518,116.9819,115.6156,116.5915,1268416.0
2017-03-01,117.0098,117.0098,115.4204,115.7457,1990348.0
2017-03-02,115.1973,116.5729,115.123,116.3406,1193055.0
2017-03-03,116.5358,117.7348,115.913,117.5303,1146859.0
2017-03-06,116.8704,117.6232,116.5822,117.205,756991.0
2017-03-07,117.521,117.5675,116.4521,116.5543,720647.0
2017-03-08,116.229,116.7867,116.0431,116.7402,1140037.0
2017-03-09,117.047,117.112,115.504,115.9595,964124.0
2017-03-10,116.8239,116.8239,115.8665,116.1268,988539.0
2017-03-13,115.9688,116.2569,115.6714,116.1361,1599504.0
2017-03-14,116.071,116.2104,115.1137,115.5412,1598677.0
2017-03-15,116.1175,116.5172,115.4111,115.8758,1007107.0
2017-03-16,115.8479,116.1268,115.1601,115.5784,973972.0
2017-03-17,115.7178,115.8387,114.965,115.1787,1150917.0
2017-03-20,114.8534,115.4297,114.1099,114.6954,1004919.0
2017-03-21,114.8162,115.03,112.4182,112.5112,1269092.0
2017-03-22,112.7064,112.9201,112.2881,112.5762,1193347.0
2017-03-23,112.7436,113.4592,111.4423,111.526,1048541.0
2017-03-24,111.9349,112.1301,110.6987,111.275,1417100.0
2017-03-27,110.5872,110.6616,109.4811,110.0946,1623536.0
2017-03-28,110.3177,110.5128,109.3324,109.6763,2194195.0
2017-03-29,109.5183,109.8065,108.5331,109.5648,3666456.0
2017-03-30,109.2581,109.4811,107.2876,107.4642,1641924.0
2017-03-31,107.3527,108.1799,107.1668,107.8081,3726093.0
2017-04-03,107.8639,108.3007,106.7021,107.9754,3529410.0
2017-04-04,107.5293,108.5424,107.5293,107.8453,1200021.0
2017-04-05,108.3473,109.0091,107.8625,108.3286,1411311.0
2017-04-06,108.1701,109.8667,107.7227,109.8201,2576375.0
2017-04-07,109.9879,110.8921,109.8201,110.426,2010086.0
2017-04-10,110.5099,111.209,110.0345,110.5752,1588344.0
2017-04-11,110.3328,110.6964,109.4193,110.6311,1231363.0
2017-04-12,110.2116,110.3514,109.5404,109.8387,1326071.0
2017-04-13,110.0438,110.8269,109.7362,109.8947,792850.0
2017-04-17,110.2675,110.6218,109.932,110.5938,658354.0
2017-04-18,110.3981,111.3768,110.2489,111.2557,1335581.0
2017-04-19,111.5446,111.6099,110.6497,110.9014,1057227.0
2017-04-20,111.0319,111.0506,109.8481,110.2489,2207116.0
2017-04-21,110.4447,110.6777,109.9226,110.3328,1863311.0
2017-04-24,111.3209,111.3209,110.2303,110.7057,1335519.0
2017-04-25,110.7709,111.2836,110.5658,111.004,1669345.0
2017-04-26,110.8362,110.948,107.7786,107.9557,3205704.0
2017-04-27,114.9751,117.2123,114.7979,117.0911,4092790.0
2017-04-28,117.5292,117.5292,116.3547,116.7182,1438590.0
2017-05-01,117.0352,117.147,116.2615,117.0072,1063545.0
2017-05-02,117.2216,117.6318,116.5411,117.3708,945514.0
2017-05-03,117.2869,117.4547,116.6064,117.0818,602518.0
2017-05-04,117.3894,117.5665,116.9606,117.408,670177.0
2017-05-05,117.9021,117.9021,117.175,117.5852,519316.0
2017-05-08,117.5945,117.7809,117.0352,117.6131,544720.0
2017-05-09,117.6597,118.4614,117.3614,118.1351,828797.0
2017-05-10,117.8741,118.8156,117.8741,118.4707,784069.0
2017-05-11,118.0419,118.5639,117.5292,118.275,729590.0
2017-05-12,118.2657,118.2657,117.5852,117.9301,564108.0
2017-05-15,117.7623,118.9834,117.464,118.9741,1032883.0
2017-05-16,118.9275,118.9555,118.4894,118.8529,673748.0
2017-05-17,118.1631,118.7783,116.7928,116.8487,1068721.0
2017-05-18,116.7089,117.2962,115.7954,116.6623,1260335.0
2017-05-19,116.7835,118.0792,116.2428,116.8767,1483510.0
2017-05-22,116.9886,118.6478,116.6716,118.536,889077.0
2017-05-23,119.1326,121.2766,118.7504,120.391,1802072.0
2017-05-24,130.2348,130.7382,127.1586,128.4823,4420275.0
2017-05-25,128.2027,129.3959,126.2451,128.9764,2762289.0
2017-05-26,128.6688,130.3747,127.5502,129.1628,1836009.0
2017-05-30,129.0883,130.6916,128.6408,130.5518,1555250.0
2017-05-31,130.6916,131.5119,130.0577,131.1018,1501866.0
2017-06-01,131.0179,132.0712,130.7569,131.745,1255861.0
2017-06-02,131.6424,133.1992,131.5492,133.1246,1119405.0
2017-06-05,132.9475,133.7305,132.5466,132.9754,1081304.0
2017-06-06,132.5373,133.2458,131.9967,132.0246,1375529.0
2017-06-07,132.4814,133.1246,131.8382,132.3416,1033900.0
2017-06-08,132.5839,133.2924,132.006,133.0314,791147.0
2017-06-09,133.3017,134.0568,129.6662,130.7009,1310658.0
2017-06-12,129.5357,130.6357,128.6501,130.2628,1347403.0
2017-06-13,130.3187,131.167,129.9552,130.3933,1139266.0
2017-06-14,130.9713,131.4653,129.4425,130.6823,614702.0
2017-06-15,129.5357,130.9526,128.762,130.5052,1028358.0
2017-06-16,129.2467,130.934,129.2467,130.0298,1218836.0
2017-06-19,130.934,131.6984,130.2721,131.2043,1277741.0
2017-06-20,131.0272,131.3441,130.5331,130.6636,682160.0
2017-06-21,131.2323,131.9221,130.4865,130.7382,873582.0
2017-06-22,130.412,131.1018,130.1323,130.4958,779649.0
2017-06-23,130.6357,131.2323,130.095,130.878,908137.0
2017-06-26,129.1255,130.3653,128.3425,129.0137,1054082.0
2017-06-27,128.4357,129.023,126.0866,126.1146,1159055.0
2017-06-28,126.2638,128.2866,125.3689,126.1892,1187291.0
2017-06-29,125.8256,125.9655,123.374,124.0731,1287244.0
2017-06-30,124.6231,125.6392,123.7748,123.8028,1181084.0
2017-07-03,124.7443,124.7536,122.7121,122.7494,485256.0
2017-07-05,122.9637,123.8796,122.3562,123.0291,895023.0
2017-07-06,122.3281,123.188,121.7394,122.5244,938290.0
2017-07-07,123.3655,124.3001,123.0945,123.2721,805339.0
2017-07-10,122.9356,123.7674,122.431,123.244,653581.0
2017-07-11,123.5338,124.2814,123.0758,123.702,615506.0
2017-07-12,124.7581,125.0385,124.3282,124.7487,818522.0
2017-07-13,124.7207,125.2347,123.1693,123.7394,1224642.0
2017-07-14,124.1973,124.6646,124.0011,124.188,616521.0
2017-07-17,124.2627,125.0104,123.945,124.3655,778551.0
2017-07-18,123.9824,125.0665,123.973,124.9076,547961.0
2017-07-19,124.702,126.4123,124.5712,126.3469,680087.0
2017-07-20,126.3188,127.0198,125.4216,126.4964,568869.0
2017-07-21,125.8796,126.9076,125.4123,126.0198,534518.0
2017-07-24,126.1506,127.3469,125.9076,127.3375,579930.0
2017-07-25,127.8796,128.6647,127.0478,127.8889,642501.0
2017-07-26,128.0385,128.4123,127.4497,128.1693,491453.0
2017-07-27,127.945,128.702,126.3001,127.917,798573.0
2017-07-28,127.5525,128.0478,126.5431,126.7674,510320.0
2017-07-31,126.6927,128.4217,126.6459,128.2347,724486.0
2017-08-01,128.6366,129.6366,126.8329,128.4404,674524.0
2017-08-02,128.4964,128.5899,126.945,127.5992,871093.0
2017-08-03,127.9917,128.646,127.3375,128.1693,565647.0
2017-08-04,128.5525,128.7768,127.7488,127.945,437731.0
2017-08-07,127.3562,128.0852,127.0478,127.7114,571892.0
2017-08-08,127.1319,128.2347,126.9263,127.2721,527446.0
2017-08-09,127.1039,128.0104,126.4123,127.8703,521860.0
2017-08-10,127.0945,127.5525,125.9824,126.3188,603855.0
2017-08-11,127.1413,128.0759,126.2534,127.6646,479056.0
2017-08-14,128.4123,130.4591,128.4123,129.8048,544911.0
2017-08-15,129.3469,129.9918,126.9263,128.4777,1252003.0
2017-08-16,128.3562,129.1693,128.1039,128.8983,786945.0
2017-08-17,128.6927,128.8609,125.6366,125.6646,827424.0
2017-08-18,125.188,126.2534,125.0198,125.3375,937314.0
2017-08-21,125.6833,127.1787,125.216,127.0198,1192033.0
2017-08-22,127.2347,129.3002,126.7114,129.1133,1559765.0
2017-08-23,129.1974,130.2815,124.8609,126.6553,2027728.0
2017-08-24,126.4216,126.917,124.9637,126.4777,1468026.0
2017-08-25,126.7861,128.7768,126.7861,128.3656,1152986.0
2017-08-28,128.3843,129.1413,127.5525,128.8796,914933.0
2017-08-29,127.8142,129.5338,127.8048,128.9824,687809.0
2017-08-30,128.7768,130.9731,128.7488,130.8142,793121.0
2017-08-31,130.9077,132.4217,130.6179,132.1974,1088655.0
2017-09-01,132.5525,132.9544,131.8329,132.618,789693.0
2017-09-05,131.8422,133.132,131.6366,132.2815,951704.0
2017-09-06,132.8516,133.1694,131.5338,131.9077,894999.0
2017-09-07,131.7675,132.4871,130.9077,131.7768,1132963.0
2017-09-08,131.9357,132.431,131.7208,132.3002,682288.0
2017-09-11,133.1133,133.7208,132.5899,133.3096,713123.0
2017-09-12,133.5806,133.646,131.3376,133.0666,1341914.0
2017-09-13,132.431,132.9544,131.5432,132.7675,867901.0
2017-09-14,132.0946,132.7955,131.3843,132.7862,788748.0
2017-09-15,132.5712,133.0385,131.8796,132.8329,891952.0
2017-09-18,132.7768,134.6367,132.3469,134.3937,1039462.0
2017-09-19,134.861,136.4871,134.1974,135.8329,1261700.0
2017-09-20,135.8236,136.3657,134.5712,135.4871,841889.0
2017-09-21,136.2815,136.3563,134.6367,135.0385,782700.0
2017-09-22,134.646,137.1227,134.646,136.7488,983205.0
2017-09-25,136.0105,136.4404,134.3563,135.2722,913020.0
2017-09-26,135.7301,136.0853,134.674,135.3002,829242.0
2017-09-27,134.7675,136.1507,134.2815,134.917,1197518.0
2017-09-28,134.0759,134.5993,132.3376,133.0011,1398239.0
2017-09-29,132.8796,133.5712,131.188,132.8423,1742280.0
2017-10-02,132.9544,133.917,131.9451,132.4684,1238521.0
2017-10-03,132.4965,132.9918,132.0666,132.5712,981409.0
2017-10-04,132.4778,133.5432,131.0385,133.3376,1275478.0
2017-10-05,133.637,133.7682,132.728,133.5152,759627.0
2017-10-06,133.4027,135.1739,133.1122,135.1177,623975.0
2017-10-09,135.2676,135.2676,134.3961,134.9115,457748.0
2017-10-10,134.9021,135.6237,134.4429,135.1177,592149.0
2017-10-11,135.1083,135.5863,134.1805,134.6304,647838.0
2017-10-12,134.621,136.7577,134.4429,136.6921,821791.0
2017-10-13,137.5824,137.7511,136.1204,136.4953,634611.0
2017-10-16,136.8233,136.8233,135.5488,135.6425,485540.0
2017-10-17,135.68,136.4859,135.4363,136.3547,876118.0
2017-10-18,136.4578,137.2544,136.0173,136.6077,615659.0
2017-10-19,136.261,137.4324,136.2329,137.4043,590094.0
2017-10-20,137.8167,139.0912,137.2544,138.6695,709643.0
2017-10-23,139.1943,139.5316,137.7229,138.0603,494038.0
2017-10-24,137.8448,139.2786,136.664,139.2786,861140.0
2017-10-25,139.0256,140.3282,138.6695,140.0658,742074.0
2017-10-26,140.6187,142.3993,140.0377,141.8183,834494.0
2017-10-27,141.8839,144.1893,141.3403,143.8144,822595.0
2017-10-30,143.5426,143.627,140.928,141.9307,646250.0
2017-10-31,142.24,142.4368,141.0498,141.5278,516573.0
2017-11-01,142.3056,142.6523,141.0873,141.8464,609653.0
2017-11-02,141.8276,142.746,141.1342,142.5867,650076.0
2017-11-03,142.3431,144.3579,141.5465,143.9831,682984.0
2017-11-06,144.1893,144.4985,142.4836,143.0834,422654.0
2017-11-07,143.6176,143.6926,142.0526,142.9241,376672.0
2017-11-08,143.0178,143.5614,142.1369,143.3458,385536.0
2017-11-09,142.4555,142.9991,141.1154,142.8304,719600.0
2017-11-10,142.0526,143.805,142.0338,143.6644,403937.0
2017-11-13,143.3927,145.6043,143.3927,145.1545,702433.0
2017-11-14,144.3673,145.9886,143.8706,145.4544,596423.0
2017-11-15,145.4638,146.6258,143.7207,144.1893,1247670.0
2017-11-16,144.4048,146.2322,143.9362,145.8667,785088.0
2017-11-17,146.1854,146.8601,145.5106,146.7102,928287.0
2017-11-20,147.3381,148.9125,146.6914,147.8629,1324405.0
2017-11-21,143.3739,146.5602,141.6777,142.2494,1975122.0
2017-11-22,142.3899,142.8023,141.2466,142.0994,1430210.0
2017-11-24,141.6027,144.3017,141.5278,144.2361,785041.0
2017-11-27,144.0768,145.3701,143.7113,145.0421,1092320.0
2017-11-28,145.1826,146.0917,144.6297,145.9979,858134.0
2017-11-29,145.8667,146.1573,143.5426,144.5266,1357390.0
2017-11-30,145.0327,147.8816,144.2361,147.3381,1635183.0
2017-12-01,146.3259,148.069,142.9897,146.6071,1133910.0
2017-12-04,146.8507,147.0194,144.5173,144.8265,1290548.0
2017-12-05,144.9765,146.4946,144.4985,144.7609,677067.0
2017-12-06,144.7515,146.429,143.9081,146.3728,654148.0
2017-12-07,145.923,146.1854,144.5922,145.7824,877941.0
2017-12-08,146.2416,146.5602,144.461,145.4731,969629.0
2017-12-11,145.3419,146.0354,144.2642,145.8949,824665.0
2017-12-12,145.5669,146.579,144.8171,146.0542,728906.0
2017-12-13,146.5227,147.8441,146.2041,146.6446,967965.0
2017-12-14,146.9726,147.5817,145.8293,146.3728,769743.0
2017-12-15,146.9257,149.7278,146.2322,149.6153,1304908.0
2017-12-18,149.9433,151.2928,149.7559,151.0023,948198.0
2017-12-19,150.7493,151.1616,148.725,149.8309,1255450.0
2017-12-20,150.2245,150.3744,148.1721,149.3342,899980.0
2017-12-21,149.3717,149.8028,148.0878,148.6501,775190.0
2017-12-22,148.2939,148.7063,147.7598,148.5376,477216.0
2017-12-26,147.5161,149.2124,147.5161,148.9406,470259.0
2017-12-27,148.9781,149.4092,148.4908,148.7532,349935.0
2017-12-28,149.4654,149.4654,148.1159,148.6126,435234.0
2017-12-29,148.472,149.3998,147.8254,147.8629,371192.0
2018-01-02,148.2752,148.8656,147.1413,148.7438,1046003.0
2018-01-03,148.2846,149.3154,147.8254,149.1561,989693.0
2018-01-04,149.4373,153.5232,149.4373,151.827,1279554.0
2018-01-05,152.5673,154.2073,152.2862,153.795,727194.0
2018-01-08,153.7196,154.1893,153.0715,153.8887,489257.0
2018-01-09,154.1893,155.1193,152.9024,154.8563,609104.0
2018-01-10,154.4148,154.6026,152.6957,153.5975,746088.0
2018-01-11,153.6069,154.3208,152.4139,153.1184,424788.0
2018-01-12,153.1936,154.9408,153.0527,154.5369,371273.0
2018-01-16,154.9972,156.3968,152.0194,152.4515,942086.0
2018-01-17,153.9451,154.6966,153.0527,154.3302,494326.0
2018-01-18,153.9545,154.9596,153.6914,154.4335,556993.0
2018-01-19,154.9408,157.6462,154.6402,157.5711,862359.0
2018-01-22,157.5805,158.5668,157.0074,158.4447,374197.0
2018-01-23,158.7547,159.4968,157.5805,158.2474,706738.0
2018-01-24,158.4165,159.2995,156.7726,157.3926,498114.0
2018-01-25,157.8435,158.548,156.209,157.6462,467172.0
2018-01-26,158.3226,160.2483,157.9938,160.1074,407346.0
2018-01-29,159.6565,160.098,158.0595,158.952,582619.0
2018-01-30,159.4216,159.6941,157.1859,158.285,750971.0
2018-01-31,158.3789,158.7359,156.8477,157.7214,708582.0
2018-02-01,157.402,158.238,154.922,155.6078,914164.0
2018-02-02,154.5181,156.3217,153.5036,153.513,802865.0
2018-02-05,152.799,154.0484,148.0834,148.0928,1001975.0
2018-02-06,145.8007,151.1551,143.3865,151.1175,1319114.0
2018-02-07,150.0654,155.2884,149.4924,151.5121,1007052.0
2018-02-08,151.5027,151.5027,143.4053,143.4898,1073037.0
2018-02-09,143.4616,148.7785,141.3105,147.5385,1600270.0
2018-02-12,149.6333,151.033,147.9518,149.7179,805770.0
2018-02-13,147.4164,150.4882,147.2755,149.6991,713099.0
2018-02-14,149.22,154.1142,148.5437,153.9639,796194.0
2018-02-15,154.8657,159.0553,153.4754,159.0459,750239.0
2018-02-16,158.7735,162.5122,158.5762,161.2816,1187985.0
2018-02-20,160.6334,163.9682,160.2107,163.0476,1285225.0
2018-02-21,163.9213,165.5746,162.7095,162.8128,1008769.0
2018-02-22,163.3482,166.7488,161.1783,161.6668,1518717.0
2018-02-23,157.7214,161.8546,154.8563,161.3661,2613865.0
2018-02-26,161.338,162.3807,159.6283,162.2022,1045614.0
2018-02-27,161.911,162.6625,159.9383,160.0228,1026583.0
2018-02-28,160.981,161.6761,156.6881,156.7444,1054866.0
2018-03-01,157.2517,157.9468,153.3439,154.3772,1265047.0
2018-03-02,152.9681,158.952,152.7333,158.6044,1263980.0
2018-03-05,157.4302,161.0186,156.8759,159.8631,898589.0
2018-03-06,160.5395,160.718,158.5574,159.1868,748339.0
2018-03-07,158.3601,160.7837,158.0595,160.314,743071.0
2018-03-08,160.671,161.2158,159.525,161.0749,520445.0
2018-03-09,161.9298,166.5139,161.5916,166.4294,1221884.0
2018-03-12,166.6736,167.7821,165.8376,166.5797,1111708.0
2018-03-13,166.8991,168.3081,165.8658,166.9085,1063120.0
2018-03-14,167.9606,168.1391,165.5746,166.5421,722431.0
2018-03-15,166.5233,167.6036,166.0067,167.1433,922819.0
2018-03-16,167.3594,168.4303,166.7488,167.7633,961754.0
2018-03-19,166.8897,166.8897,162.9537,165.0861,890874.0
2018-03-20,165.4618,168.1391,164.607,167.35,877753.0
2018-03-21,166.8333,168.0357,165.1518,165.9503,824228.0
2018-03-22,164.1843,166.3542,163.4516,164.2312,1106916.0
2018-03-23,164.2031,165.9597,159.5438,159.5719,1204258.0
2018-03-26,162.5216,164.0716,161.2346,163.9494,1389948.0
2018-03-27,165.443,166.3542,161.7231,162.747,1232945.0
2018-03-28,162.9255,163.5079,160.051,160.5677,1137059.0
2018-03-29,161.864,164.5318,159.5719,162.841,631355.0
2018-04-02,162.5216,163.3294,157.5429,159.5813,1244100.0
2018-04-03,160.408,160.4174,157.5053,160.1356,972102.0
2018-04-04,158.1817,163.2543,157.2799,162.5592,1092543.0
2018-04-05,163.63,164.0246,160.6898,161.4131,1265061.0
2018-04-06,159.6238,160.8573,156.4131,157.5147,1424930.0
2018-04-09,158.9082,162.1001,158.1832,159.492,853452.0
2018-04-10,162.0813,162.0813,159.8969,161.2998,1193604.0
2018-04-11,159.7839,162.7875,159.2189,161.5634,539196.0
2018-04-12,162.119,163.9927,161.0644,163.4842,485352.0
2018-04-13,164.4541,164.4541,161.1115,161.9401,394868.0
2018-04-16,163.2206,165.4709,162.6462,165.0567,539515.0
2018-04-17,166.2901,170.8944,165.3109,170.4236,1432931.0
2018-04-18,170.546,171.3369,167.2693,170.6025,1145985.0
2018-04-19,170.1976,171.3369,168.484,168.9265,898160.0
2018-04-20,167.9096,169.4349,166.7232,167.7213,897097.0
2018-04-23,168.6346,171.2239,168.2109,169.7645,617029.0
2018-04-24,170.6025,172.2408,166.4408,168.1356,886171.0
2018-04-25,167.759,169.2749,164.1622,166.0641,1170371.0
2018-04-26,170.2259,175.4986,170.2164,174.3593,1518903.0
2018-04-27,174.6136,175.9223,173.4178,175.6869,817428.0
2018-04-30,176.2613,177.5418,173.9262,173.9921,762819.0
2018-05-01,174.0204,176.5532,173.5967,176.299,668401.0
2018-05-02,176.2425,177.0616,174.4252,175.0655,709443.0
2018-05-03,174.0957,176.6473,172.3256,175.4892,831555.0
2018-05-04,175.1126,179.3591,174.51,178.3798,887178.0
2018-05-07,179.3967,180.1217,177.6736,178.4834,772992.0
2018-05-08,177.2782,179.2743,177.1558,179.0578,650689.0
2018-05-09,179.5097,182.3627,178.7565,181.4117,618888.0
2018-05-10,183.1724,183.3607,181.487,182.9464,683302.0
2018-05-11,182.8429,184.8107,182.1555,182.8523,801981.0
2018-05-14,183.1442,184.5377,180.7432,181.3363,745812.0
2018-05-15,179.4532,179.7263,177.5889,178.6811,1620982.0
2018-05-16,179.2555,180.2441,177.7678,179.2837,1028528.0
2018-05-17,178.7188,180.0276,177.4477,178.6905,657671.0
2018-05-18,178.2198,179.8769,177.2499,179.4061,941337.0
2018-05-21,180.9785,181.487,179.7357,180.4889,802696.0
2018-05-22,181.3269,181.4023,178.6435,179.4061,1369810.0
2018-05-23,176.2331,185.4604,176.2331,184.7636,1617704.0
2018-05-24,184.0763,186.6185,183.2854,186.2325,1595929.0
2018-05-25,185.6581,187.8237,185.0461,185.5734,1000358.0
2018-05-29,184.2364,186.7598,183.436,185.2062,1277289.0
2018-05-30,186.4773,189.8104,186.2702,189.3491,1001436.0
2018-05-31,189.1608,191.5523,188.464,189.8199,1277854.0
2018-06-01,190.4601,192.315,189.2549,192.1549,842954.0
2018-06-04,192.2962,195.0361,192.0325,194.9043,1093278.0
2018-06-05,195.1397,196.3167,194.1699,196.0624,817308.0
2018-06-06,196.1189,197.2959,194.8196,197.2582,1098604.0
2018-06-07,197.1358,197.1358,191.4582,194.2076,726330.0
2018-06-08,194.0569,195.0832,192.5504,194.2076,664242.0
2018-06-11,194.6501,194.8855,193.8027,194.3017,448608.0
2018-06-12,194.7066,195.6011,193.9345,195.3657,508372.0
2018-06-13,195.1585,197.1923,194.9514,195.6482,535841.0
2018-06-14,196.5238,197.8514,195.6105,196.8628,500246.0
2018-06-15,196.4485,197.9079,194.6313,196.7498,1196230.0
2018-06-18,195.5446,197.569,193.7744,196.9381,508600.0
2018-06-19,197.5595,198.5294,195.0173,198.3034,1106168.0
2018-06-20,198.5294,201.2693,197.8797,201.0433,852695.0
2018-06-21,201.7307,203.9716,197.1923,197.5407,981316.0
2018-06-22,197.5125,198.181,193.8027,193.9439,1716695.0
2018-06-25,192.8988,193.0212,188.3228,189.9517,1561887.0
2018-06-26,190.14,191.5241,189.7257,190.3001,1288017.0
2018-06-27,190.6014,192.0514,186.4585,186.6374,930395.0
2018-06-28,186.8539,192.7858,186.8539,192.0985,1070134.0
2018-06-29,192.4186,194.4524,191.4299,192.3715,654415.0
2018-07-02,191.1475,194.1417,189.9234,193.4355,1321919.0
2018-07-03,194.5842,194.8572,192.4186,192.7952,567806.0
2018-07-05,194.4806,195.7894,191.8913,193.0777,654239.0
2018-07-06,193.6571,196.2135,192.5157,195.9871,981455.0
2018-07-09,197.3644,197.9021,194.808,195.9588,649249.0
2018-07-10,196.3362,197.4399,195.7985,196.6475,616274.0
2018-07-11,195.8362,197.6568,195.789,197.3361,679085.0
2018-07-12,198.7605,201.7415,198.053,201.6094,1246791.0
2018-07-13,201.7981,202.2131,200.2133,201.6,556964.0
2018-07-16,201.449,202.7414,201.3358,202.3075,366631.0
2018-07-17,201.4396,204.6941,198.9775,204.213,464493.0
2018-07-18,203.7602,206.2223,202.8923,205.9393,542657.0
2018-07-19,205.1846,205.8072,202.9489,203.7508,605328.0
2018-07-20,203.7979,204.3168,202.9206,203.081,438376.0
2018-07-23,203.0904,205.411,202.8357,205.0714,444596.0
2018-07-24,205.7884,207.0241,203.1376,203.5715,627070.0
2018-07-25,203.7602,205.1752,203.2225,204.9394,993603.0
2018-07-26,205.279,206.9109,203.996,204.3639,709534.0
2018-07-27,205.1752,205.8261,197.4587,200.2793,935290.0
2018-07-30,196.2701,200.1378,190.9309,191.195,1260906.0
2018-07-31,192.6289,194.7231,190.412,192.6666,1285330.0
2018-08-01,192.4968,193.9684,191.7893,192.6855,890808.0
2018-08-02,191.3554,194.1476,190.9214,194.0722,956163.0
2018-08-03,195.0721,195.2608,192.3647,193.525,635911.0
2018-08-06,192.9496,196.2041,192.7704,195.723,564459.0
2018-08-07,195.9683,198.2511,195.94,197.6097,786205.0
2018-08-08,197.8172,198.6473,196.3173,198.1379,504852.0
2018-08-09,200.5623,200.7793,198.6851,199.2228,505541.0
2018-08-10,197.7134,200.6566,197.2606,199.053,562312.0
2018-08-13,199.4114,200.6849,197.4399,197.6946,534293.0
2018-08-14,198.1002,199.5152,196.789,198.7511,746288.0
2018-08-15,197.638,199.6001,195.3645,197.6002,592499.0
2018-08-16,198.7511,199.2039,197.0342,197.8078,650613.0
2018-08-17,197.204,198.5719,194.525,196.1098,1514578.0
2018-08-20,196.5909,196.9871,195.3362,195.6475,1568664.0
2018-08-21,196.6003,198.4681,196.2324,197.1663,1517031.0
2018-08-22,197.1663,198.4681,196.7701,197.8078,1370018.0
2018-08-23,198.3926,201.3641,198.1096,200.4114,1382843.0
2018-08-24,200.7887,205.0431,199.4775,204.3545,2038414.0
2018-08-27,204.3639,205.1375,198.3077,199.9586,1608339.0
2018-08-28,200.2887,203.7885,200.185,203.6942,1114302.0
2018-08-29,203.3829,206.3544,203.2319,205.5525,925968.0
2018-08-30,204.8639,206.7883,204.0904,206.2412,834334.0
2018-08-31,205.6186,207.326,205.2695,207.0336,714464.0
2018-09-04,207.4769,208.5901,205.7035,208.2316,787751.0
2018-09-05,208.0995,208.5618,202.5433,206.2978,954954.0
2018-09-06,206.0336,208.2882,204.3262,207.4015,948460.0
2018-09-07,205.911,209.024,204.8733,207.8354,1154048.0
2018-09-10,208.1184,212.3634,207.5996,211.9861,1069667.0
2018-09-11,211.4106,213.9388,211.0333,213.2124,1069794.0
2018-09-12,213.3916,214.0708,210.4484,212.8917,667985.0
2018-09-13,213.5143,215.4387,213.1275,214.8727,831537.0
2018-09-14,215.7688,216.8348,213.9671,214.6463,902851.0
2018-09-17,214.618,215.2877,212.4483,212.6936,733459.0
2018-09-18,212.9954,216.6084,212.4483,215.25,689097.0
2018-09-19,214.8538,215.467,206.6468,208.3637,1410518.0
2018-09-20,209.4391,209.8258,207.9769,208.9014,839379.0
2018-09-21,209.7221,210.8541,207.3071,207.9486,1535267.0
2018-09-24,207.043,209.3919,205.3544,206.4959,940297.0
2018-09-25,206.5902,209.4013,206.5902,209.3825,1088830.0
2018-09-26,210.0334,211.8729,208.5335,209.59,796965.0
2018-09-27,210.0617,211.5993,209.8824,210.1937,523032.0
2018-09-28,211.2031,215.0142,210.8352,214.5142,956256.0
2018-10-01,215.882,216.7782,213.7784,214.8161,523445.0
2018-10-02,214.9576,215.6179,211.8446,214.7217,604325.0
2018-10-03,216.9669,218.7026,215.5802,218.2121,1028581.0
2018-10-04,217.2216,217.6932,210.7409,211.9389,936746.0
2018-10-05,212.2879,213.9105,207.8543,209.7126,771244.0
2018-10-08,209.8268,210.082,201.8478,205.0243,1128925.0
2018-10-09,206.8488,209.3825,205.4686,208.6073,1176923.0
2018-10-10,207.5106,207.9928,193.0558,193.2732,1864847.0
2018-10-11,193.4623,197.1682,188.1303,189.728,2126647.0
2018-10-12,196.8184,200.7984,194.3509,200.2501,1709755.0
2018-10-15,200.1272,200.1272,196.2322,197.3762,764317.0
2018-10-16,200.0705,204.0694,198.2364,203.1808,982412.0
2018-10-17,203.6724,206.9907,201.602,206.8772,1399146.0
2018-10-18,205.5631,206.206,200.7984,201.0631,1013428.0
2018-10-19,203.228,204.1545,198.6619,199.5694,1078166.0
2018-10-22,200.4392,202.9161,197.7448,201.6209,795976.0
2018-10-23,198.0852,198.8509,193.1598,197.4612,1115718.0
2018-10-24,196.8562,199.6262,190.2764,190.4276,1002098.0
2018-10-25,193.1598,196.8184,191.7133,196.3173,905466.0
2018-10-26,189.9927,194.0957,188.6503,190.9854,846363.0
2018-10-29,195.0789,196.8278,185.6724,189.7091,1019859.0
2018-10-30,189.9077,193.0558,188.5652,191.7228,983696.0
2018-10-31,194.1713,201.1482,193.8783,199.4749,994031.0
2018-11-01,199.2953,200.978,196.4591,200.7606,950277.0
2018-11-02,201.3184,203.9465,200.1177,201.3467,1575461.0
2018-11-05,202.2543,203.1335,199.7774,202.727,792838.0
2018-11-06,202.1409,204.3436,199.8247,202.0274,818341.0
2018-11-07,203.9087,209.7701,203.2753,209.7606,640103.0
2018-11-08,208.6545,211.1125,208.0495,211.0463,580820.0
2018-11-09,210.7154,211.207,207.0852,210.0348,1090056.0
2018-11-12,209.3825,209.3825,201.0064,201.2428,1193742.0
2018-11-13,202.2449,204.561,200.4675,201.2144,988427.0
2018-11-14,203.1335,204.4949,196.7995,197.9434,712448.0
2018-11-15,197.3856,203.436,196.3268,202.8215,787508.0
2018-11-16,201.3751,202.6419,198.936,199.8909,807217.0
2018-11-19,198.5768,199.6167,185.5495,188.3572,2312715.0
2018-11-20,186.8163,188.1114,180.2932,184.519,3244954.0
2018-11-21,187.5159,189.6146,183.7154,187.5631,1936492.0
2018-11-23,184.935,187.1188,184.3488,186.2869,1276140.0
2018-11-26,191.0327,191.0421,188.707,190.4182,1198881.0
2018-11-27,188.7921,188.8016,184.8499,187.894,1228298.0
2018-11-28,188.4329,197.603,188.4329,197.5085,1467348.0
2018-11-29,195.6556,198.4822,193.935,197.7638,1271506.0
2018-11-30,198.9171,203.143,197.5936,202.8121,1337284.0
2018-12-03,205.8278,207.8415,199.957,201.8572,1433067.0
2018-12-04,201.0442,202.415,194.1808,196.3079,952985.0
2018-12-06,192.1009,200.0138,188.5085,199.9949,1840207.0
2018-12-07,198.728,200.6661,191.1556,191.4014,1258863.0
2018-12-10,191.874,195.7028,190.2858,195.4948,1022760.0
2018-12-11,198.5295,198.936,192.914,194.852,1097426.0
2018-12-12,198.6335,201.3278,197.2722,197.7543,960433.0
2018-12-13,195.561,199.6356,193.5285,197.0547,1481918.0
2018-12-14,194.2564,195.3058,189.4066,189.9549,1615304.0
2018-12-17,189.3499,190.5127,185.0957,186.7028,1311363.0
2018-12-18,188.1587,189.7848,185.2942,187.3079,1329184.0
2018-12-19,187.7238,191.7984,182.7606,184.8877,1302746.0
2018-12-20,183.8667,185.4927,177.7974,181.5694,1315866.0
2018-12-21,182.2501,184.3394,174.8856,175.6608,1698401.0
2018-12-24,174.895,178.0904,172.6356,172.7679,613650.0
2018-12-26,174.0726,182.3257,173.0705,182.269,1321184.0
2018-12-27,179.206,186.6083,177.5799,186.4665,1443901.0
2018-12-28,186.9392,188.5936,183.8289,185.1524,801031.0
2018-12-31,186.769,187.9035,184.7553,186.0978,598886.0
2019-01-02,181.04,185.1146,180.6713,183.8478,794637.0
2019-01-03,180.8037,182.685,177.9297,178.2228,1205100.0
2019-01-04,181.3331,187.4497,179.3951,185.2942,1093353.0
2019-01-07,184.6608,189.4633,184.6608,188.1209,802459.0
2019-01-08,189.854,192.7251,187.2482,192.6304,1036561.0
2019-01-09,193.36,194.2507,189.835,192.0334,1106083.0
2019-01-10,191.1711,196.4206,190.5552,195.2551,976571.0
2019-01-11,194.6676,196.1458,193.36,195.3404,874871.0
2019-01-14,193.0662,195.5204,192.2703,194.3928,630416.0
2019-01-15,194.6108,199.2254,194.6108,198.8085,1091185.0
2019-01-16,199.9266,203.1388,198.2778,198.979,892969.0
2019-01-17,197.5766,200.9879,197.5766,200.6278,617481.0
2019-01-18,202.9493,204.0295,199.8318,202.6556,1105921.0
2019-01-22,201.6796,204.5033,199.8129,201.2058,693888.0
2019-01-23,201.8312,205.1382,198.8843,201.1111,676348.0
2019-01-24,201.2058,202.3713,199.2349,201.0352,502351.0
2019-01-25,203.3473,204.2096,201.6038,203.063,677054.0
2019-01-28,201.6701,201.7364,198.7516,199.9835,608892.0
2019-01-29,200.1351,200.7605,196.7996,197.4061,523072.0
2019-01-30,198.7232,203.3947,198.6095,202.8735,791657.0
2019-01-31,202.3997,206.0005,202.1155,204.5033,1587831.0
2019-02-01,204.4275,205.4888,201.5185,203.2052,1049597.0
2019-02-04,205.5078,210.7004,204.257,209.3264,1216071.0
2019-02-05,209.8192,213.6473,209.5918,212.7187,853756.0
2019-02-06,212.3965,213.0693,209.4875,212.804,570918.0
2019-02-07,210.7288,211.7238,208.9379,209.3833,660549.0
2019-02-08,207.8103,213.1167,207.3555,213.0409,864037.0
2019-02-11,214.936,215.4003,212.8798,213.6473,728000.0
2019-02-12,215.6467,217.2386,213.9695,216.9543,768591.0
2019-02-13,217.9398,218.4136,216.1773,216.6037,560997.0
2019-02-14,215.713,219.2664,214.6328,218.6789,873956.0
2019-02-15,221.1047,221.4742,219.1811,221.0857,613752.0
2019-02-19,221.1236,222.4597,220.4129,222.327,633416.0
2019-02-20,223.3788,224.0705,221.4647,223.5968,1299808.0
2019-02-21,222.706,224.3453,220.7446,222.706,1444474.0
2019-02-22,224.3074,238.3788,224.3074,237.7818,2400319.0
2019-02-25,234.1431,236.5689,232.2575,234.7306,1641166.0
2019-02-26,233.3851,236.2467,232.5418,235.8582,845877.0
2019-02-27,234.5695,236.7679,233.5557,236.7489,581884.0
2019-02-28,236.2752,237.2796,233.9347,234.1716,746626.0
2019-03-01,236.8816,238.8052,235.5929,237.2796,1062222.0
2019-03-04,237.5354,238.9757,232.1817,235.9435,742148.0
2019-03-05,235.176,235.7919,232.9966,234.1337,799749.0
2019-03-06,234.3706,235.9814,231.8785,233.9631,448747.0
2019-03-07,233.2619,234.4937,231.4521,232.5607,536029.0
2019-03-08,230.0876,233.1766,227.4249,232.9871,627114.0
2019-03-11,234.4843,237.5923,233.603,237.4028,848635.0
2019-03-12,236.6542,238.6725,235.375,237.1753,777546.0
2019-03-13,237.9239,242.3491,237.9239,240.3497,799172.0
2019-03-14,240.1033,243.4388,239.6295,243.3061,812169.0
2019-03-15,243.1261,246.2341,242.8228,244.5948,2148421.0
2019-03-18,245.0401,246.1298,242.9744,244.2063,934347.0
2019-03-19,245.0591,245.6561,241.2309,242.6333,833620.0
2019-03-20,242.747,244.1589,240.615,242.567,539942.0
2019-03-21,241.2783,247.0395,241.2783,246.9542,683317.0
2019-03-22,244.8127,246.0256,239.2316,239.4306,862675.0
2019-03-25,238.9662,240.7856,237.5733,240.5203,1066787.0
2019-03-26,242.169,244.0073,240.9467,242.567,519138.0
2019-03-27,244.2063,244.718,239.857,241.989,588185.0
2019-03-28,243.0976,246.1204,241.7995,245.6276,771159.0
2019-03-29,246.5941,247.9113,245.3907,247.7028,673630.0
2019-04-01,250.8108,252.3553,247.6175,251.8152,659259.0
2019-04-02,255.1696,255.1696,250.934,254.1936,766306.0
2019-04-03,255.9182,257.8702,254.3452,254.9706,1006458.0
2019-04-04,255.2265,255.776,245.0496,248.8588,1155475.0
2019-04-05,249.6074,250.7824,247.3048,247.9776,738947.0
2019-04-08,248.0741,248.5298,244.1061,247.0869,1048198.0
2019-04-09,245.3117,247.9697,245.3117,245.7674,586307.0
2019-04-10,246.7356,247.7609,244.6567,245.9477,1442674.0
2019-04-11,247.514,247.5235,245.587,246.4224,873842.0
2019-04-12,247.6944,248.5582,245.1788,246.8685,1360363.0
2019-04-15,247.2767,248.283,246.5173,247.6469,971933.0
2019-04-16,248.5203,248.8146,243.1474,244.9035,667387.0
2019-04-17,246.5458,246.859,242.2076,243.2708,871007.0
2019-04-18,245.1219,245.1219,241.6855,244.6947,830771.0
2019-04-22,243.1189,248.4823,242.8531,248.3209,713640.0
2019-04-23,248.7291,252.9059,248.7291,252.2035,875856.0
2019-04-24,252.8964,253.7793,250.4758,250.6467,526476.0
2019-04-25,250.6182,250.9789,247.2293,250.4568,557714.0
2019-04-26,233.9204,240.983,226.2028,240.7172,4432911.0
2019-04-29,240.9166,242.2551,233.6072,235.164,1591147.0
2019-04-30,235.781,238.9421,235.1165,238.3251,837875.0
2019-05-01,239.6825,239.8534,231.215,231.4808,825109.0
2019-05-02,231.2435,235.3254,230.7783,233.4743,932749.0
2019-05-03,233.6261,237.4897,233.5597,236.2367,765687.0
2019-05-06,231.7466,236.3126,231.177,235.8759,360624.0
2019-05-07,232.544,234.4995,229.3544,232.0124,662508.0
2019-05-08,231.0726,233.4743,229.6487,231.7371,656606.0
2019-05-09,229.4683,230.7878,225.6522,229.0601,948829.0
2019-05-10,228.1868,233.142,225.6048,232.2212,756779.0
2019-05-13,225.6712,228.8798,224.0575,224.9118,645695.0
2019-05-14,226.3167,231.0061,226.0225,228.7659,763160.0
2019-05-15,227.4084,231.9934,226.9148,230.8068,595220.0
2019-05-16,231.6232,236.7588,231.6232,234.9931,548881.0
2019-05-17,233.142,237.091,232.6959,232.9996,511232.0
2019-05-20,230.3606,232.8762,228.4241,231.3289,506012.0
2019-05-21,233.4363,234.6039,231.6706,233.5977,490542.0
2019-05-22,232.4016,235.5152,232.4016,234.9741,463278.0
2019-05-23,232.6484,234.1388,227.959,229.0696,742049.0
2019-05-24,238.4959,245.2927,236.0373,244.4194,1792247.0
2019-05-28,243.3942,246.1091,241.2773,242.7297,1217851.0
2019-05-29,241.078,242.6063,235.9709,236.9581,905050.0
2019-05-30,237.3188,238.7332,233.3888,235.4962,654141.0
2019-05-31,232.7623,234.1483,231.234,232.4301,540392.0
2019-06-03,232.7623,235.9519,224.7409,225.994,890878.0
2019-06-04,228.8228,234.7653,225.7187,234.5659,874207.0
2019-06-05,236.7588,239.673,235.7146,239.3313,574731.0
2019-06-06,240.0148,241.4767,237.4232,240.3565,579433.0
2019-06-07,241.1444,247.3811,240.9356,244.4099,729846.0
2019-06-10,246.6787,250.5802,246.0806,247.3052,536602.0
2019-06-11,249.8208,250.6087,242.0177,243.7075,576637.0
2019-06-12,243.698,245.6725,242.6727,244.334,386018.0
2019-06-13,245.6725,246.242,242.9955,244.1441,571792.0
2019-06-14,243.3657,244.2865,241.0685,241.2393,715593.0
2019-06-17,241.1444,243.2423,240.4989,241.8184,483329.0
2019-06-18,244.258,246.1946,243.1474,245.1219,618005.0
2019-06-19,246.1376,250.0296,244.9605,249.3272,471673.0
2019-06-20,252.3174,254.814,250.5992,253.1338,712697.0
2019-06-21,254.2539,254.4722,248.207,248.245,870938.0
2019-06-24,249.7259,250.7226,248.1121,249.0329,571566.0
2019-06-25,249.555,249.555,243.6315,244.4289,527350.0
2019-06-26,246.1376,247.2767,243.3752,243.4891,717746.0
2019-06-27,244.5903,246.0522,243.1189,244.9035,621314.0
2019-06-28,245.008,248.7196,244.6757,248.0741,480561.0
2019-07-01,252.8205,253.4375,250.0106,250.7985,530289.0
2019-07-02,251.7098,252.849,249.3746,252.8205,377330.0
2019-07-03,254.3109,257.0353,252.2889,256.4657,355590.0
2019-07-05,255.3551,257.0922,251.7478,256.8169,408642.0
2019-07-08,255.789,257.5482,254.2009,257.377,458020.0
2019-07-09,256.6733,257.5767,255.6654,257.396,590156.0
2019-07-10,259.6592,262.3789,259.3169,261.3234,641488.0
2019-07-11,262.4074,265.1175,260.7148,264.566,1042896.0
2019-07-12,264.7467,268.0083,264.5755,267.8277,742983.0
2019-07-15,268.1605,268.8832,266.2586,268.6835,440066.0
2019-07-16,267.685,269.0639,266.8767,267.0955,706450.0
2019-07-17,267.1145,268.5123,266.3632,266.8577,498351.0
2019-07-18,266.2396,269.1399,265.3362,268.9973,657641.0
2019-07-19,269.7295,270.5853,264.9654,265.612,1058317.0
2019-07-22,266.6961,268.6264,265.4599,267.3522,377777.0
2019-07-23,268.4458,269.1875,264.6231,268.0654,779999.0
2019-07-24,267.3712,268.7691,265.9829,267.5519,942357.0
2019-07-25,266.2396,268.5694,265.4599,267.7801,527118.0
2019-07-26,268.3126,270.9847,267.6375,269.8436,375684.0
2019-07-29,270.3476,270.8992,265.8022,267.5424,704443.0
2019-07-30,265.7832,268.0083,264.7086,265.8973,435126.0
2019-07-31,265.089,267.5329,261.6467,263.7007,628536.0
2019-08-01,264.9369,269.5964,263.4724,264.3188,692069.0
2019-08-02,264.1951,265.7737,259.7733,261.1617,866145.0
2019-08-05,255.7795,256.5022,249.085,250.5969,932361.0
2019-08-06,253.6494,257.3675,251.8712,256.835,620066.0
2019-08-07,252.8031,256.2644,250.8537,255.3896,647656.0
2019-08-08,257.5672,263.2442,257.3485,263.1206,474227.0
2019-08-09,262.531,265.1366,261.0381,262.997,764764.0
2019-08-12,261.2473,262.6642,258.1663,259.2694,517027.0
2019-08-13,259.0126,265.8212,258.5276,265.4504,664149.0
2019-08-14,261.4184,262.7688,254.2009,254.743,613385.0
2019-08-15,256.369,257.4055,252.8316,255.266,684721.0
2019-08-16,257.9571,260.9715,255.9506,257.6623,612945.0
2019-08-19,261.485,262.4169,258.3184,260.7718,626129.0
2019-08-20,259.8114,261.1332,257.9095,259.45,559737.0
2019-08-21,261.8559,264.1951,261.0666,262.6832,434474.0
2019-08-22,263.4059,264.3568,258.2709,262.1792,825460.0
2019-08-23,276.1197,281.2642,264.3473,265.0605,2050725.0
2019-08-26,266.2586,269.0163,262.0841,268.8927,1344469.0
2019-08-27,269.2065,271.0038,267.5519,269.3111,918483.0
2019-08-28,267.2856,269.0924,260.3629,268.1034,781923.0
2019-08-29,270.7946,274.4366,269.4442,272.8581,672048.0
2019-08-30,273.1528,274.8074,270.0338,274.2084,489057.0
2019-09-03,271.308,274.817,268.2936,270.2525,683222.0
2019-09-04,271.6028,272.3446,267.7991,272.259,456950.0
2019-09-05,275.34,278.5541,273.0673,277.9645,561886.0
2019-09-06,278.9915,279.0581,273.1338,273.6758,606920.0
2019-09-09,274.7504,274.7504,260.1537,262.3599,1271711.0
2019-09-10,260.3534,262.0936,250.9298,254.4292,1296167.0
2019-09-11,254.5623,256.5782,252.0138,253.0693,726074.0
2019-09-12,255.323,257.8905,254.2104,255.0853,755555.0
2019-09-13,254.1914,256.7589,251.7095,252.204,509881.0
2019-09-16,249.9123,254.1153,248.8377,252.7745,427710.0
2019-09-17,252.7841,255.5132,252.4893,255.3611,515321.0
2019-09-18,256.1693,256.1693,250.8727,255.1043,435003.0
2019-09-19,255.6939,259.0506,255.4276,256.7684,512626.0
2019-09-20,256.4641,259.5166,254.3341,255.9696,760636.0
2019-09-23,256.3215,257.6908,255.0473,255.7985,458071.0
2019-09-24,257.4721,258.3375,251.0534,251.8522,635391.0
2019-09-25,251.3577,253.9917,247.5635,253.3546,560844.0
2019-09-26,253.9727,257.3485,253.3451,256.4831,484721.0
2019-09-27,258.0046,258.0046,246.5365,250.2736,535501.0
2019-09-30,250.4448,254.1534,249.5319,252.8887,481223.0
2019-10-01,254.5528,255.1043,250.4543,251.3291,521989.0
2019-10-02,250.2926,250.2926,242.9325,247.6681,677324.0
2019-10-03,246.6981,250.6064,242.8754,250.0929,500623.0
2019-10-04,251.0914,254.6859,249.1515,253.9822,768609.0
2019-10-07,252.1184,254.9427,251.8617,253.6684,723743.0
2019-10-08,252.317,253.146,248.1816,248.1816,890651.0
2019-10-09,250.478,252.6219,250.0015,251.5547,550143.0
2019-10-10,249.992,256.2618,249.992,254.9183,628308.0
2019-10-11,257.653,260.9022,256.7192,257.3386,585869.0
2019-10-14,257.0813,258.8536,256.2237,256.3762,279553.0
2019-10-15,257.329,261.1881,256.4143,260.6069,476481.0
2019-10-16,257.996,258.8822,253.2794,256.4619,575303.0
2019-10-17,257.1289,258.0246,251.2974,253.9654,495212.0
2019-10-18,255.0422,255.0517,248.2578,250.0968,731310.0
2019-10-21,252.479,252.479,246.3807,249.8396,556218.0
2019-10-22,248.4484,251.1259,241.2448,241.3877,911670.0
2019-10-23,241.3877,246.7618,240.6349,243.9032,754268.0
2019-10-24,245.0086,248.5437,243.7794,246.6951,560842.0
2019-10-25,246.9143,248.0101,244.5988,245.5231,696316.0
2019-10-28,246.9905,247.324,244.1891,246.4188,621597.0
2019-10-29,246.3045,248.7819,245.7899,246.3045,433415.0
2019-10-30,247.5718,249.3345,246.0567,248.0196,1121189.0
2019-10-31,247.8767,249.2393,245.0181,245.3611,440387.0
2019-11-01,247.6575,248.5818,244.1605,244.3892,435070.0
2019-11-04,245.9995,246.4188,241.8165,242.0833,785813.0
2019-11-05,242.4073,243.5793,238.6054,241.2257,1053586.0
2019-11-06,241.3115,243.2934,240.1109,241.4735,600352.0
2019-11-07,241.1495,248.6675,240.8732,247.1239,711281.0
2019-11-08,246.333,247.2764,243.3982,244.7418,850197.0
2019-11-11,243.7127,247.1716,243.4268,245.8661,535811.0
2019-11-12,246.4569,250.0015,245.8376,247.7242,574507.0
2019-11-13,247.5336,250.5351,246.7904,249.4108,525494.0
2019-11-14,249.1154,252.479,248.2673,252.2979,519449.0
2019-11-15,253.3651,254.318,251.4213,253.5081,933074.0
2019-11-18,254.3752,256.0617,251.5833,255.7473,1170846.0
2019-11-19,257.1289,259.6731,255.328,259.4253,689641.0
2019-11-20,258.6154,261.6455,257.7864,260.5878,825730.0
2019-11-21,262.141,262.7032,257.2814,258.3676,684016.0
2019-11-22,255.3661,257.2719,243.2172,247.5622,2622982.0
2019-11-25,248.5627,248.7057,244.2463,244.9514,1422947.0
2019-11-26,245.2754,253.9369,244.8847,253.3461,1004024.0
2019-11-27,254.6801,254.9755,248.4007,249.7919,636186.0
2019-11-29,249.0201,250.0492,246.1615,246.6856,384688.0
2019-12-02,246.8952,247.6766,240.7398,244.4559,814872.0
2019-12-03,241.2543,244.2844,240.4634,241.7212,790897.0
2019-12-04,243.3315,243.5316,241.0161,242.2643,896703.0
2019-12-05,242.7693,243.6269,240.2729,241.8165,713013.0
2019-12-06,242.7598,244.2082,241.7688,244.1033,555037.0
2019-12-09,243.9318,244.7704,243.3696,243.7127,550977.0
2019-12-10,243.8937,244.7608,240.2538,240.4253,499095.0
2019-12-11,242.169,243.5602,236.1089,240.0251,929100.0
2019-12-12,239.5201,243.6364,238.2337,240.835,621288.0
2019-12-13,240.654,248.3722,238.2433,247.4002,1029185.0
2019-12-16,248.496,251.669,248.4579,251.0783,903659.0
2019-12-17,252.5076,252.5076,246.9238,248.1244,734849.0
2019-12-18,248.6675,251.8024,247.7433,250.7924,509262.0
2019-12-19,250.7924,252.0883,250.0015,251.6023,750134.0
2019-12-20,251.5928,254.8611,251.5928,254.5086,935173.0
2019-12-23,255.3185,256.2714,253.6701,253.7272,434816.0
2019-12-24,254.0321,254.6134,251.831,251.8691,153493.0
2019-12-26,252.0311,255.2709,251.9168,254.2894,367066.0
2019-12-27,254.8516,254.8516,252.0121,254.4705,288933.0
2019-12-30,254.5657,255.2518,250.0492,250.4494,575988.0
2019-12-31,250.316,251.6023,248.0863,249.5823,444676.0
2020-01-02,248.7724,254.0321,248.7724,253.6129,615087.0
2020-01-03,249.2774,252.8601,249.1154,251.9168,420264.0
2020-01-06,249.5442,254.0607,249.4298,253.8511,511592.0
2020-01-07,254.2322,254.9088,252.8411,253.9083,470807.0
2020-01-08,255.3571,261.8205,254.2114,260.0161,727332.0
2020-01-09,261.6773,264.7133,261.1808,262.4506,563560.0
2020-01-10,263.9686,263.9781,261.4195,262.7848,564824.0
2020-01-13,263.8158,265.267,262.3838,263.539,1134523.0
2020-01-14,263.1475,263.7968,259.7679,260.3311,629787.0
2020-01-15,261.4195,263.5772,260.2643,260.6367,752757.0
2020-01-16,262.2024,264.3505,260.9326,264.3314,452668.0
2020-01-17,265.6584,270.1838,263.8349,270.0406,1116747.0
2020-01-21,269.0477,272.3414,268.7899,272.1028,901189.0
2020-01-22,273.172,278.2893,272.9334,277.3632,1533686.0
2020-01-23,276.609,279.4254,275.301,275.5111,919146.0
2020-01-24,276.8668,279.7309,274.2509,275.0337,643789.0
2020-01-27,268.7326,273.0288,268.2839,270.9094,490588.0
2020-01-28,271.4536,275.4633,270.1265,275.1101,387364.0
2020-01-29,276.2367,276.6185,271.0335,272.9715,504088.0
2020-01-30,271.3199,273.8499,269.6587,273.6494,453279.0
2020-01-31,272.8761,273.5062,267.081,267.6824,680110.0
2020-02-03,270.728,272.8283,268.7135,269.9928,529390.0
2020-02-04,273.6685,279.54,271.5681,277.7451,569478.0
2020-02-05,282.2705,285.2873,273.6303,276.6854,597225.0
2020-02-06,278.633,281.0102,276.6854,280.8861,549390.0
2020-02-07,279.8932,282.3755,277.917,281.3635,473512.0
2020-02-10,281.6881,284.5236,280.762,284.2563,513544.0
2020-02-11,286.3184,286.3757,283.0724,283.4734,475339.0
2020-02-12,283.5498,285.3351,281.2871,285.125,371347.0
2020-02-13,283.8266,286.939,283.4066,284.3517,302264.0
2020-02-14,285.0391,290.6528,283.9889,290.5096,451490.0
2020-02-18,290.2328,291.0252,288.3424,289.8222,398546.0
2020-02-19,291.6648,292.9919,290.6051,291.7698,440248.0
2020-02-20,290.6051,292.3236,284.0176,287.5977,472253.0
2020-02-21,286.9867,290.2232,281.9936,284.094,608685.0
2020-02-24,275.9121,279.4445,265.4198,273.4584,1119684.0
2020-02-25,284.5713,287.9796,270.728,271.9023,2219886.0
2020-02-26,272.7806,277.7547,266.0403,267.4056,1379616.0
2020-02-27,261.8396,265.9735,256.245,256.5982,1301242.0
2020-02-28,247.853,254.0682,244.0151,253.8105,1528180.0
2020-03-02,254.6411,268.5894,251.7865,268.4462,1323768.0
2020-03-03,268.2362,271.7686,252.2161,256.0922,1041447.0
2020-03-04,261.8014,273.5444,258.269,272.6183,1704111.0
2020-03-05,263.6249,277.0768,262.6797,274.1745,1372146.0
2020-03-06,262.9948,269.0477,255.9967,263.6726,1035766.0
2020-03-09,246.5642,257.0374,238.6783,248.2636,1016031.0
2020-03-10,257.8298,257.8775,246.2873,257.4479,1403524.0
2020-03-11,251.0513,254.2305,244.4829,249.2947,957511.0
2020-03-12,233.7328,246.2969,225.2741,227.1644,1518524.0
2020-03-13,238.6878,249.562,224.3576,249.4188,1153701.0
2020-03-16,221.4934,233.8951,212.3091,213.3115,1416977.0
2020-03-17,218.1615,229.8758,206.3899,228.3387,1536711.0
2020-03-18,213.9607,221.7512,205.3301,214.8773,1132971.0
2020-03-19,214.1994,214.8009,200.9862,206.113,1340838.0
2020-03-20,207.8697,209.3017,190.3602,192.6993,2358019.0
2020-03-23,193.1766,193.1766,179.171,185.9017,2032087.0
2020-03-24,196.9573,224.8922,195.0861,223.231,2132067.0
2020-03-25,217.9705,229.8376,213.4165,222.0472,1509404.0
2020-03-26,223.9279,238.3632,218.1615,237.1412,1164732.0
2020-03-27,229.1311,236.3297,216.4143,219.288,1215397.0
2020-03-30,223.0114,229.5607,222.6677,227.2694,688119.0
2020-03-31,225.5891,227.6227,219.2212,219.584,905355.0
2020-04-01,213.1492,218.4861,206.2848,208.242,983168.0
2020-04-02,206.3135,217.9992,205.9602,215.0205,880955.0
2020-04-03,213.7125,215.0205,206.9818,208.4998,939227.0
2020-04-06,221.8849,230.7446,216.8822,229.2457,1393308.0
2020-04-07,236.406,237.7044,228.1955,228.902,865757.0
2020-04-08,230.5158,236.6391,229.4825,234.7926,627122.0
2020-04-09,236.1416,243.9202,235.2423,241.203,886356.0
2020-04-13,239.873,241.844,233.9889,239.2798,736010.0
2020-04-14,246.0634,251.0099,241.7388,250.0244,1118584.0
2020-04-15,245.8433,246.3408,239.8922,241.069,653879.0
2020-04-16,245.0779,248.2544,240.9542,246.3121,576889.0
2020-04-17,253.287,255.7746,247.8143,253.8898,850989.0
2020-04-20,249.2303,256.3391,249.2303,252.5886,562849.0
2020-04-21,248.5988,249.6034,235.7685,238.3805,849359.0
2020-04-22,243.8915,254.416,241.1169,252.4451,647307.0
2020-04-23,251.6605,256.2243,245.872,246.9053,721380.0
2020-04-24,248.9337,253.3923,245.4893,252.2633,492262.0
2020-04-27,255.8703,261.2761,253.7559,260.0801,532305.0
2020-04-28,261.5249,265.0075,254.2916,254.7987,507545.0
2020-04-29,257.736,263.0557,256.1191,261.611,547786.0
2020-04-30,260.9699,263.2088,256.6262,258.1474,616510.0
2020-05-01,253.8611,255.966,248.5223,249.8426,647077.0
2020-05-04,247.8047,256.4253,247.135,256.2052,584707.0
2020-05-05,258.4058,265.8304,257.8891,262.6156,603020.0
2020-05-06,264.1751,266.2131,262.0511,263.9455,386237.0
2020-05-07,266.9306,271.7624,266.2226,268.6624,463541.0
2020-05-08,269.667,270.729,265.1797,268.2414,749648.0
2020-05-11,268.3467,276.7759,267.543,275.3981,509516.0
2020-05-12,276.4984,277.2447,268.5954,269.5044,534440.0
2020-05-13,269.4087,273.8003,261.7258,265.1797,534900.0
2020-05-14,263.0557,268.4328,259.1999,268.1553,480248.0
2020-05-15,265.2563,272.7574,264.6344,272.0972,412321.0
2020-05-18,278.2397,282.6026,274.0299,277.8187,633927.0
2020-05-19,278.3163,280.3159,274.1543,274.3552,854688.0
2020-05-20,276.154,280.9378,276.154,277.9336,885418.0
2020-05-21,278.565,280.7847,274.0203,277.4647,796863.0
2020-05-22,273.8099,277.1299,268.4615,275.178,1129355.0
2020-05-26,278.0101,279.3209,268.8251,270.0019,951670.0
2020-05-27,268.9781,271.2457,259.8027,269.0547,837246.0
2020-05-28,269.8105,277.6944,269.2173,271.5997,1079656.0
2020-05-29,273.5037,278.2971,269.7627,277.7709,699993.0
2020-06-01,276.6132,279.1104,275.6182,277.4169,726262.0
2020-06-02,277.4169,277.4647,271.4371,274.7666,642687.0
2020-06-03,276.1348,278.1536,273.3028,277.5604,559818.0
2020-06-04,274.5274,275.9913,268.8155,270.6908,745229.0
2020-06-05,268.6337,276.508,263.7159,275.6564,1144238.0
2020-06-08,273.4463,280.6125,271.8293,280.3829,540247.0
2020-06-09,279.9811,282.4878,278.0388,278.6607,671493.0
2020-06-10,281.244,285.1189,278.5172,283.081,539071.0
2020-06-11,281.1962,282.2295,265.7155,265.8591,751912.0
2020-06-12,271.6762,274.6327,264.022,268.5476,627258.0
2020-06-15,263.1131,272.8148,262.3381,270.9013,485108.0
2020-06-16,277.4456,280.7178,273.0827,276.1061,676008.0
2020-06-17,278.7181,279.3304,273.6089,274.1065,462874.0
2020-06-18,273.1401,275.4651,270.1645,274.8145,622745.0
2020-06-19,277.0151,279.3687,272.9392,273.9438,1305801.0
2020-06-22,273.4463,281.4832,272.9583,281.4066,668108.0
2020-06-23,282.0094,283.6742,279.7993,281.1292,499279.0
2020-06-24,278.8425,283.2054,271.9154,273.762,473266.0
2020-06-25,274.0012,276.8333,269.7914,276.2688,390779.0
2020-06-26,274.116,277.4647,271.6475,274.1352,540605.0
2020-06-29,273.4558,277.2542,269.5713,275.4746,520007.0
2020-06-30,276.6515,285.0424,275.5512,283.3872,675511.0
2020-07-01,284.5544,291.7398,284.1813,289.501,953900.0
2020-07-02,291.6728,294.4762,290.0081,292.1034,689609.0
2020-07-06,294.6867,300.5613,294.6867,296.2654,603289.0
2020-07-07,295.9879,301.1258,293.9117,294.6197,588690.0
2020-07-08,297.1172,298.5835,294.4624,296.9638,419570.0
2020-07-09,296.8392,298.066,291.3092,295.1045,513486.0
2020-07-10,295.1237,295.8041,290.3891,294.7595,415254.0
2020-07-13,296.1492,298.2864,284.6291,285.2616,595586.0
2020-07-14,282.4439,282.4535,269.3041,273.5019,1884042.0
2020-07-15,276.2334,278.7827,272.9268,277.9106,874761.0
2020-07-16,275.9554,276.4155,269.4957,273.8182,681526.0
2020-07-17,275.9554,278.3419,272.7543,277.2397,489104.0
2020-07-20,277.4601,287.9164,276.9905,286.2967,543488.0
2020-07-21,286.9676,288.2039,284.5045,285.4916,489485.0
2020-07-22,287.6768,287.6768,281.9838,284.1115,703842.0
2020-07-23,283.6323,286.45,278.131,279.4249,708316.0
2020-07-24,278.3706,279.0032,274.4411,276.6742,677871.0
2020-07-27,278.3898,285.0603,278.3802,283.824,631355.0
2020-07-28,281.8976,288.1656,280.0574,284.4565,502404.0
2020-07-29,286.4404,292.5264,285.6258,289.6128,545717.0
2020-07-30,284.9549,292.3634,282.7793,291.2996,517341.0
2020-07-31,292.0951,293.7435,286.4404,293.6285,403708.0
2020-08-03,296.8871,300.4141,296.1204,298.7369,650087.0
2020-08-04,297.7593,299.3886,294.4624,297.721,532031.0
2020-08-05,298.3152,299.7144,295.8041,298.0181,412048.0
2020-08-06,297.558,299.4269,295.0566,299.2448,316559.0
2020-08-07,298.4398,299.4365,293.4848,296.5613,340091.0
2020-08-10,295.2866,295.9096,288.4915,291.5296,252492.0
2020-08-11,291.0025,292.4593,286.0571,286.7567,359517.0
2020-08-12,287.4564,292.8906,287.4084,292.0759,381555.0
2020-08-13,292.5551,297.788,292.5551,293.9544,327404.0
2020-08-14,294.7595,295.9,292.143,292.8331,298514.0
2020-08-17,295.0374,297.1267,294.0694,295.2003,320745.0
2020-08-18,297.1076,298.066,293.8298,296.0533,372540.0
2020-08-19,295.7179,300.8933,293.1397,297.6347,523958.0
2020-08-20,297.1076,307.3242,297.0501,306.7492,516948.0
2020-08-21,306.5575,309.1836,305.1582,308.8289,650901.0
2020-08-24,311.34,320.2532,311.1291,319.266,1398533.0
2020-08-25,318.6718,323.3393,316.2279,322.4288,1041757.0
2020-08-26,342.0187,345.0281,324.0102,328.1026,2109119.0
2020-08-27,327.6234,334.9744,324.959,330.652,1209935.0
2020-08-28,332.2525,332.933,329.5402,331.7158,642399.0
2020-08-31,330.1344,331.8404,327.8726,331.0258,466113.0
2020-09-01,330.9491,334.8019,329.2719,332.7413,558860.0
2020-09-02,334.1885,340.8782,333.0192,339.4502,785107.0
2020-09-03,338.4247,338.4247,322.6588,325.5053,701810.0
2020-09-04,323.7131,326.3679,311.11,319.2565,558968.0
2020-09-08,309.0877,315.6624,306.3467,307.4776,834883.0
2020-09-09,312.1642,317.5313,306.4329,314.5602,588139.0
2020-09-10,315.8733,318.8252,303.8835,307.0655,636831.0
2020-09-11,310.3528,311.8192,298.4589,301.8996,445200.0
2020-09-14,306.8546,307.8897,302.6376,305.072,382572.0
2020-09-15,307.9568,310.6691,306.0975,309.059,655067.0
2020-09-16,311.1291,312.6626,299.609,300.347,1003338.0
2020-09-17,291.5296,295.5741,288.8077,294.4528,1046682.0
2020-09-18,294.9032,299.9349,284.4278,287.648,1173760.0
2020-09-21,283.9677,295.2099,283.086,294.9032,910187.0
2020-09-22,296.9255,304.8899,293.9352,304.0848,1071574.0
2020-09-23,302.283,302.8389,290.4466,292.2484,756810.0
2020-09-24,291.9992,299.6282,289.3828,295.7562,751870.0
2020-09-25,297.0117,305.532,294.9703,305.2541,640325.0
2020-09-28,311.4933,312.5667,308.8577,312.0109,567688.0
2020-09-29,312.0013,315.5282,309.6148,310.1803,573514.0
2020-09-30,309.9024,315.4516,306.3754,312.6434,844575.0
2020-10-01,316.985,320.0903,316.132,318.5185,546467.0
2020-10-02,312.5955,315.7774,306.6054,308.5031,420733.0
2020-10-05,317.3492,318.1926,313.5156,317.5792,611072.0
2020-10-06,317.5313,319.9849,310.4391,311.8479,489155.0
2020-10-07,313.6176,322.9018,313.464,320.9816,595629.0
2020-10-08,322.7578,324.2844,319.9639,321.6249,395297.0
2020-10-09,323.1898,328.5472,322.3738,328.1728,375051.0
2020-10-12,331.4083,339.8572,328.5568,336.9289,679068.0
2020-10-13,338.2923,339.6268,333.6454,335.6424,575004.0
2020-10-14,337.4666,337.4666,327.6159,331.5235,386804.0
2020-10-15,327.5103,329.4881,324.5148,328.3264,412588.0
2020-10-16,330.8131,332.9829,327.3471,327.5391,368383.0
2020-10-19,328.8064,330.4962,320.7224,321.8937,381475.0
2020-10-20,324.0443,325.4461,320.1463,321.164,486630.0
2020-10-21,322.2969,323.2474,318.0917,319.5126,423381.0
2020-10-22,319.7623,320.588,312.3311,318.5813,465365.0
2020-10-23,320.0215,321.2408,316.834,321.0776,320411.0
2020-10-26,317.7076,318.8502,310.5357,315.0002,396420.0
2020-10-27,317.4292,320.0983,316.1715,317.0932,356812.0
2020-10-28,310.5645,312.1295,305.2743,305.8024,391771.0
2020-10-29,306.5993,316.2483,306.5897,312.6191,387026.0
2020-10-30,309.0667,312.1967,299.6001,302.1252,812984.0
2020-11-02,305.0823,309.0283,299.7153,303.7958,567358.0
2020-11-03,307.1465,313.896,305.1495,311.7742,561870.0
2020-11-04,326.1662,334.0294,320.78,329.3153,708945.0
2020-11-05,336.4873,337.9658,332.3972,336.9577,559132.0
2020-11-06,336.6217,339.7324,331.0435,338.2058,300523.0
2020-11-09,350.6104,362.1028,344.9746,345.7715,989343.0
2020-11-10,343.8609,343.8609,325.8109,328.6048,857152.0
2020-11-11,331.8596,342.3343,329.2481,338.3403,584041.0
2020-11-12,338.8875,342.4111,333.7798,335.5656,479939.0
2020-11-13,337.8026,344.0337,336.4489,342.7087,633802.0
2020-11-16,342.3151,346.8084,339.2332,342.8143,608164.0
2020-11-17,340.8173,345.637,339.3292,344.4081,498376.0
2020-11-18,341.4318,345.8867,339.646,340.5869,424234.0
2020-11-19,339.1083,347.8357,335.1239,347.0196,758272.0
2020-11-20,344.8306,345.6274,333.6454,333.8182,1460266.0
2020-11-23,334.5767,336.3432,324.246,329.6321,827795.0
2020-11-24,330.4098,333.8566,328.8544,331.4275,513611.0
2020-11-25,332.5988,338.4075,331.2451,336.4873,653304.0
2020-11-27,339.6556,343.7552,337.793,340.1069,259187.0
2020-11-30,338.1386,342.2191,334.2406,337.9754,470510.0
2020-12-01,340.1741,344.9554,338.2346,342.5839,457937.0
2020-12-02,340.9613,341.9406,336.084,341.307,360771.0
2020-12-03,341.0189,352.0505,339.3676,349.1894,795733.0
2020-12-04,350.7448,357.1007,349.5447,353.8939,730074.0
2020-12-07,353.145,359.0593,352.6266,357.3407,1073160.0
2020-12-08,357.5423,365.3192,355.7373,357.7247,1013784.0
2020-12-09,354.1916,355.3725,346.7028,349.6503,1506892.0
2020-12-10,346.7124,349.8615,343.1888,348.0373,811374.0
2020-12-11,347.6725,350.1015,343.7168,349.7847,540224.0
2020-12-14,350.2263,354.5756,349.0934,350.9272,749400.0
2020-12-15,351.2632,353.0874,345.7811,346.0499,847901.0
2020-12-16,346.0979,355.5837,345.6658,354.5276,935271.0
2020-12-17,357.0911,365.7896,355.5645,365.1463,1100969.0
2020-12-18,361.9684,365.6072,360.5474,364.9447,1042694.0
2020-12-21,359.7698,362.7461,353.7211,360.9315,478844.0
2020-12-22,360.4994,364.9735,358.6752,364.8103,487154.0
2020-12-23,364.119,368.6219,361.6804,361.882,486928.0
2020-12-24,362.4484,366.5577,362.3716,365.9528,207542.0
2020-12-28,371.5598,372.4623,362.9573,365.9144,469814.0
2020-12-29,367.9114,369.4668,362.266,363.2357,318091.0
2020-12-30,365.3288,366.7401,360.365,360.5666,371875.0
2020-12-31,360.0578,365.3,359.9906,364.6951,413489.0
2021-01-04,364.1862,369.2748,351.5609,356.8702,796105.0
2021-01-05,355.6605,359.0785,352.6554,354.1532,617282.0
2021-01-06,345.445,349.4871,343.4192,346.5971,685118.0
2021-01-07,348.7395,355.4614,345.9411,353.9227,617824.0
2021-01-08,355.5575,360.6446,354.4516,360.0965,645816.0
2021-01-11,361.7024,362.3082,352.3264,358.0578,880686.0
2021-01-12,357.5674,358.3367,348.451,351.6436,480129.0
2021-01-13,350.9705,353.24,346.672,350.9609,492055.0
2021-01-14,351.9994,355.4517,350.9705,351.4898,595638.0
2021-01-15,350.2589,359.5003,349.1049,356.7788,908720.0
2021-01-19,361.2889,371.5592,360.0003,370.1841,858256.0
2021-01-20,373.5306,382.8489,373.5306,374.5211,1288467.0
2021-01-21,371.3958,373.521,363.318,367.1068,1029317.0
2021-01-22,369.6552,369.6552,360.2696,360.4715,582689.0
2021-01-25,363.5007,364.3085,350.3358,360.0676,865239.0
2021-01-26,359.683,361.712,356.0768,360.4234,329305.0
2021-01-27,355.8075,360.6158,345.5468,349.1818,1086254.0
2021-01-28,352.4707,362.2217,351.6821,355.7595,727698.0
2021-01-29,352.3072,355.7018,345.893,347.3739,717420.0
2021-02-01,350.5089,363.9334,350.5089,359.2502,677540.0
2021-02-02,361.8947,370.6842,361.1254,369.3763,572398.0
2021-02-03,367.7704,368.9628,362.539,365.5682,418386.0
2021-02-04,367.2896,377.8772,365.424,377.6657,905754.0
2021-02-05,376.9348,381.2622,372.8478,374.4442,430789.0
2021-02-08,378.3869,379.9928,372.0401,374.7904,415411.0
2021-02-09,372.1843,377.7907,369.886,376.5309,413707.0
2021-02-10,380.6564,383.7336,375.6078,382.0508,551324.0
2021-02-11,384.5414,393.6001,381.3776,393.1385,746839.0
2021-02-12,394.2732,398.5718,391.5037,398.1102,607617.0
2021-02-16,401.524,407.4862,401.2644,406.063,787939.0
2021-02-17,403.8993,404.2839,396.2446,399.8604,655352.0
2021-02-18,398.4852,403.8897,392.7635,399.4565,567597.0
2021-02-19,397.4947,401.7837,393.4558,395.5714,757815.0
2021-02-22,392.5038,393.1577,385.8492,386.1474,603635.0
2021-02-23,382.8489,387.3494,375.2712,383.7817,1524106.0
2021-02-24,373.396,399.4949,368.1166,397.3313,2103226.0
2021-02-25,391.9557,393.2635,371.8189,373.0979,1214312.0
2021-02-26,375.4827,381.3968,370.2322,375.175,676804.0
2021-03-01,381.1276,392.2153,379.0985,390.8209,701429.0
2021-03-02,390.8979,390.9267,383.3778,386.3397,592901.0
2021-03-03,383.7721,385.6281,373.5595,373.7999,666291.0
2021-03-04,373.521,377.0406,359.2406,361.8947,1057203.0
2021-03-05,367.2799,369.2705,353.6727,367.5492,763566.0
2021-03-08,366.9049,373.2229,355.6152,356.2114,885277.0
2021-03-09,366.2702,373.7806,365.2124,369.8283,969836.0
2021-03-10,379.4351,379.4351,367.5877,368.1358,642228.0
2021-03-11,375.502,385.6473,375.3481,383.8586,763317.0
2021-03-12,379.0889,381.4161,372.5209,380.7622,620801.0
2021-03-15,378.7716,382.7335,375.4058,381.618,693822.0
2021-03-16,387.436,387.436,377.4349,380.2525,502802.0
2021-03-17,377.7811,380.6468,370.9534,376.6944,924157.0
2021-03-18,369.3379,370.838,359.1348,359.6253,967112.0
2021-03-19,359.1444,370.5303,358.9714,366.6549,1338574.0
2021-03-22,367.1645,371.2515,365.4913,368.3281,697151.0
2021-03-23,371.6266,372.9248,366.8953,368.5012,520213.0
2021-03-24,369.6744,371.3765,362.2794,362.8179,592846.0
2021-03-25,360.0869,361.4524,351.1436,358.1059,748226.0
2021-03-26,354.8459,362.5871,353.8266,362.1352,1307956.0
2021-03-29,363.1545,365.1259,355.1729,360.2503,856870.0
2021-03-30,356.8461,361.6928,354.5959,359.3272,475517.0
2021-03-31,363.568,371.1938,362.0198,368.3666,668462.0
2021-04-01,374.0018,382.1662,373.5883,380.0698,570228.0
2021-04-05,382.2046,387.436,381.1757,386.7147,650374.0
2021-04-06,384.2625,389.465,381.6276,385.8108,363734.0
2021-04-07,384.8107,387.6571,383.7144,385.6665,322707.0
2021-04-08,388.0503,396.6597,387.4339,395.5426,687666.0
2021-04-09,397.1605,402.9001,394.1558,402.1682,508522.0
2021-04-12,400.1651,401.7059,397.2279,400.5503,448260.0
2021-04-13,401.0415,404.0172,398.9902,403.449,354324.0
2021-04-14,407.1374,407.1374,395.2633,396.0819,429224.0
2021-04-15,399.3273,402.8808,397.8924,402.12,455033.0
2021-04-16,403.6801,404.6432,398.9517,400.4444,304787.0
2021-04-19,400.4444,401.5808,386.1435,387.4147,582902.0
2021-04-20,386.2013,391.8831,384.4775,390.3808,535523.0
2021-04-21,391.2957,394.6277,387.1161,393.8284,413833.0
2021-04-22,392.355,396.2938,389.2829,391.7387,320389.0
2021-04-23,394.0595,400.8103,393.3276,399.5777,414039.0
2021-04-26,399.1154,403.1986,395.7063,402.8231,307590.0
2021-04-27,404.9032,405.3269,398.6917,400.7333,262382.0
2021-04-28,399.934,402.0237,396.1878,400.4251,241563.0
2021-04-29,401.7734,402.6401,396.3419,400.7622,274684.0
2021-04-30,398.0272,402.6208,396.3901,396.9197,433050.0
2021-05-03,399.2695,400.2999,393.8766,396.13,302597.0
2021-05-04,394.021,394.021,381.2417,382.9174,501862.0
2021-05-05,386.2494,388.1755,376.3592,377.5437,442293.0
2021-05-06,376.3592,379.9224,371.8715,379.4986,474245.0
2021-05-07,385.0456,391.0549,381.7714,386.2109,598059.0
2021-05-10,385.4309,386.6635,377.7844,378.0252,435421.0
2021-05-11,375.9354,385.4116,371.3996,380.3846,460496.0
2021-05-12,379.123,387.3665,376.6192,385.1034,1100660.0
2021-05-13,387.9443,390.9779,382.3203,388.5992,631377.0
2021-05-14,391.8157,403.0734,388.6185,401.8311,616266.0
2021-05-17,399.8184,403.9883,394.3196,403.9113,574832.0
2021-05-18,405.4328,408.9383,401.6482,401.9949,535321.0
2021-05-19,394.3773,406.1551,393.6069,405.6255,682026.0
2021-05-20,407.85,420.8316,407.7152,419.1752,574461.0
2021-05-21,422.0835,425.04,415.795,417.4032,600935.0
2021-05-24,422.9599,426.3401,421.8717,424.1251,461870.0
2021-05-25,423.7399,425.6949,420.7257,422.7576,699805.0
2021-05-26,424.6163,429.181,421.4094,426.4364,1140027.0
2021-05-27,418.0773,421.5828,411.6155,416.132,1351341.0
2021-05-28,418.8767,425.6563,417.7788,422.8539,788696.0
2021-06-01,425.3674,425.6082,418.5781,422.4398,463703.0
2021-06-02,421.862,430.5485,419.8878,428.9691,757262.0
2021-06-03,423.2488,435.2192,421.8042,433.8998,817709.0
2021-06-04,438.1564,446.4769,437.2223,444.8494,705128.0
2021-06-07,442.567,444.7531,437.983,440.3039,405144.0
2021-06-08,443.8382,448.7689,441.8544,448.0563,798656.0
2021-06-09,448.8845,453.2084,448.2103,451.0127,424906.0
2021-06-10,450.0401,456.1938,449.0,453.9018,491371.0
2021-06-11,452.9099,457.0702,451.3594,454.7011,620067.0
2021-06-14,454.8648,459.3525,452.4958,459.3333,483245.0
2021-06-15,460.5082,460.5082,451.5135,453.3047,699292.0
2021-06-16,451.8506,456.2034,447.5362,451.9854,454639.0
2021-06-17,451.5424,458.871,450.0305,457.1761,712550.0
2021-06-18,458.0621,460.7971,454.8745,455.8953,578184.0
2021-06-21,459.5355,463.3298,454.547,460.2289,568428.0
2021-06-22,459.6607,462.0008,457.5517,459.9015,751603.0
2021-06-23,460.1133,464.3699,459.9015,460.8934,688215.0
2021-06-24,464.1773,468.2701,462.5401,464.7743,262674.0
2021-06-25,463.2046,472.0644,459.3622,468.116,596695.0
2021-06-28,467.6923,473.2201,467.6731,468.9828,442220.0
2021-06-29,467.2108,473.4801,466.5463,473.2297,333973.0
2021-06-30,472.4882,474.3853,469.4354,472.0452,390957.0
2021-07-01,471.8911,475.4254,469.2139,472.8926,489806.0
2021-07-02,476.5618,482.311,476.2921,479.239,502233.0
2021-07-06,482.3495,484.1022,479.7975,482.4458,607995.0
2021-07-07,486.8372,489.8226,484.5163,487.3765,445598.0
2021-07-08,482.71,488.1478,478.6895,487.3765,402708.0
2021-07-09,484.9083,487.4633,477.9664,485.8628,603815.0
2021-07-12,488.8131,489.4976,484.9661,486.9908,432287.0
2021-07-13,486.798,491.6862,485.5736,488.5238,479740.0
2021-07-14,490.5293,493.3446,486.4895,487.4344,514291.0
2021-07-15,488.4467,488.4467,482.4401,485.13,497547.0
2021-07-16,486.0749,486.8944,482.8932,483.5296,307673.0
2021-07-19,480.9553,484.4648,478.2171,480.8974,597561.0
2021-07-20,481.4084,494.2894,481.1192,490.3268,637568.0
2021-07-21,488.5431,496.1406,485.0433,496.0056,552659.0
2021-07-22,497.6061,503.3717,495.6682,502.6197,486810.0
2021-07-23,506.1003,513.2446,503.3042,509.4844,472230.0
2021-07-26,509.2723,511.2199,504.3744,510.3329,285251.0
2021-07-27,509.0891,511.4995,497.9243,504.1623,478131.0
2021-07-28,506.3413,508.3274,502.2533,504.3455,281854.0
2021-07-29,502.5233,510.4582,502.5233,506.6691,298156.0
2021-07-30,506.3702,511.8273,506.1967,510.9692,382661.0
2021-08-02,512.2612,515.5971,506.5341,508.5974,380267.0
2021-08-03,509.4362,513.0325,505.4639,511.1717,399610.0
2021-08-04,511.7984,517.9111,509.4941,516.8409,307252.0
2021-08-05,517.4965,521.247,515.3753,518.7209,444197.0
2021-08-06,515.6357,518.5956,511.0078,515.1343,465407.0
2021-08-09,515.0186,517.9785,512.8011,516.0406,367913.0
2021-08-10,518.9331,520.63,509.7544,511.1235,356686.0
2021-08-11,510.41,513.9291,507.7393,513.1482,398265.0
2021-08-12,513.206,518.8463,511.2199,517.67,207780.0
2021-08-13,517.1301,521.8062,515.3464,521.3531,228041.0
2021-08-16,521.0735,523.4935,516.6577,523.4742,374196.0
2021-08-17,523.4067,523.4067,514.9897,516.648,456521.0
2021-08-18,515.896,520.2443,513.0325,513.8713,314778.0
2021-08-19,509.6387,528.2564,508.9059,523.9563,754768.0
2021-08-20,527.5815,529.9725,523.5031,525.7496,646091.0
2021-08-23,529.1723,533.9448,528.5456,532.6818,773152.0
2021-08-24,533.7616,535.1307,529.153,534.1569,802258.0
2021-08-25,554.3944,562.0594,531.2549,535.6899,1302943.0
2021-08-26,529.3266,536.6541,526.5787,532.8264,848981.0
2021-08-27,535.0247,545.9485,533.8195,545.6496,653829.0
2021-08-30,546.8066,547.9346,543.326,545.2928,418304.0
2021-08-31,546.7776,546.7776,543.056,545.8135,389078.0
2021-09-01,546.9608,547.4236,542.4968,542.9403,643909.0
2021-09-02,544.1455,545.0229,535.7189,539.7201,489716.0
2021-09-03,539.4405,546.4209,538.0328,543.056,330872.0
2021-09-07,543.5381,543.5381,535.5935,540.3757,356231.0
2021-09-08,539.4405,548.0985,538.1582,547.2404,391901.0
2021-09-09,548.1467,552.3215,546.2666,547.3947,321299.0
2021-09-10,550.9235,552.4565,546.7005,547.0379,417506.0
2021-09-13,549.7472,550.9813,531.4863,537.435,532125.0
2021-09-14,545.6592,550.7306,542.8343,547.896,550544.0
2021-09-15,549.564,551.8587,544.348,551.5984,417736.0
2021-09-16,551.0006,554.1148,547.5779,552.3408,469853.0
2021-09-17,551.5502,552.3022,540.5685,541.7062,756307.0
2021-09-20,533.1832,540.125,527.8803,534.5233,539861.0
2021-09-21,540.395,540.395,533.6652,535.3428,286130.0
2021-09-22,540.501,544.7433,533.7906,542.6222,390485.0
2021-09-23,546.7005,557.5761,544.8204,556.6698,573416.0
2021-09-24,552.8325,558.4052,549.8918,557.2001,547611.0
2021-09-27,552.3118,553.2567,541.1759,546.6812,645295.0
2021-09-28,540.8963,542.6029,524.959,525.47,688320.0
2021-09-29,529.2012,533.3181,525.4989,527.3211,447907.0
2021-09-30,531.0813,534.6101,519.8779,520.1672,627601.0
2021-10-01,521.8351,526.4727,514.1605,524.4673,671877.0
2021-10-04,520.3407,522.1147,500.3925,506.5148,647123.0
2021-10-05,509.2144,517.6797,507.5272,514.228,355421.0
2021-10-06,507.5364,518.6479,507.1406,515.4428,410838.0
2021-10-07,520.1635,525.8882,518.4838,519.1113,349158.0
2021-10-08,520.3952,522.6445,511.1083,512.7301,370187.0
2021-10-11,510.9925,514.9891,506.8607,507.2178,434028.0
2021-10-12,508.7721,514.9312,505.9918,508.8011,334530.0
2021-10-13,515.7518,520.9551,513.8114,516.4179,372751.0
2021-10-14,524.5367,530.8792,523.2334,524.9518,480823.0
2021-10-15,526.2647,534.1229,524.4594,533.0416,522321.0
2021-10-18,533.6209,545.2536,529.2863,545.0123,471182.0
2021-10-19,548.478,553.2856,544.4331,552.967,400395.0
2021-10-20,554.4537,555.7473,549.2117,550.7756,365937.0
2021-10-21,550.2639,558.8847,545.7267,558.3248,306712.0
2021-10-22,560.7865,571.145,559.9177,570.3437,430727.0
2021-10-25,570.3437,583.3087,569.3301,581.6965,505300.0
2021-10-26,584.612,592.1226,581.6,587.5371,649577.0
2021-10-27,587.2378,595.9455,585.8863,591.9006,779652.0
2021-10-28,591.9199,598.9285,584.8437,594.1016,453365.0
2021-10-29,592.1226,604.9042,589.7285,604.3153,333788.0
2021-11-01,606.7673,608.1671,586.2821,587.7301,484899.0
2021-11-02,591.5337,603.9967,589.3616,596.9784,414524.0
2021-11-03,598.4458,603.9967,588.1646,601.3033,424949.0
2021-11-04,599.7684,609.6924,598.832,604.016,581158.0
2021-11-05,606.4391,607.5203,591.5723,593.6962,623598.0
2021-11-08,597.2391,598.6292,587.1509,593.9472,581005.0
2021-11-09,594.6229,596.7274,590.0567,591.5627,611812.0
2021-11-10,590.2208,596.5923,582.6619,583.0674,575856.0
2021-11-11,586.2242,589.4582,584.9306,585.8573,307093.0
2021-11-12,589.7767,606.6225,589.7767,605.2807,564761.0
2021-11-15,606.7867,611.0343,600.9944,604.4601,587896.0
2021-11-16,604.4794,624.0958,604.2767,623.4008,623663.0
2021-11-17,621.2962,622.2327,608.032,613.0712,639096.0
2021-11-18,614.4807,614.6738,604.7401,607.1631,543602.0
2021-11-19,690.5523,692.0389,657.8647,668.3679,2147892.0
2021-11-22,668.0011,669.4974,637.9297,638.7213,998904.0
2021-11-23,630.1487,648.8674,626.3355,647.4096,992961.0
2021-11-24,638.5958,660.9442,636.8291,660.3167,649737.0
2021-11-26,659.3224,667.1226,640.7292,643.8184,403236.0
2021-11-29,651.638,673.1272,650.9815,670.6076,752638.0
2021-11-30,645.7878,657.9709,629.4247,629.7143,1486287.0
2021-12-01,644.7742,651.5801,634.8308,640.903,1904404.0
2021-12-02,637.3408,654.341,637.3408,648.8481,895778.0
2021-12-03,648.1819,650.132,612.994,625.5246,918783.0
2021-12-06,627.4843,629.4826,617.3865,622.9953,711111.0
2021-12-07,631.5678,651.0974,631.3168,649.9872,684626.0
2021-12-08,649.8617,652.7868,643.6929,649.7555,598855.0
2021-12-09,650.6919,656.6966,639.7639,642.4669,396739.0
2021-12-10,645.8264,654.7465,643.7991,654.4762,461835.0
2021-12-13,654.5245,660.3843,645.2569,645.5851,482665.0
2021-12-14,631.6161,634.2902,605.1455,617.3382,826294.0
2021-12-15,623.3718,626.2776,603.6009,625.0709,1080256.0
2021-12-16,626.5286,627.4843,603.1761,612.0093,720638.0
2021-12-17,600.4248,609.8662,590.9931,598.7933,1322374.0
2021-12-20,588.0101,593.059,578.5205,583.6949,953585.0
2021-12-21,589.3906,601.5254,580.2388,599.5656,681681.0
2021-12-22,599.4981,610.5227,595.3663,609.789,323917.0
2021-12-23,609.789,616.6914,608.9105,613.6987,239085.0
2021-12-27,616.9617,631.0176,615.9094,630.168,308870.0
2021-12-28,635.0818,636.0279,624.984,627.2816,267392.0
2021-12-29,628.3049,628.3049,619.8482,625.5922,214055.0
2021-12-30,625.6018,628.1697,620.2054,621.0839,243899.0
2021-12-31,622.0203,624.9357,616.6045,620.9487,246449.0
2022-01-03,617.8692,623.256,599.7684,609.6055,533444.0
2022-01-04,609.5283,609.6055,585.1429,596.9109,994636.0
2022-01-05,588.3287,593.4065,572.6317,573.1433,1056439.0
2022-01-06,566.4827,575.2295,560.1135,566.0864,878289.0
2022-01-07,566.792,569.2565,544.8815,548.5445,1004728.0
2022-01-10,534.9749,551.763,525.6289,551.0864,1220021.0
2022-01-11,547.2301,560.1908,539.8074,559.3306,717735.0
2022-01-12,565.7095,569.8171,556.5085,557.9195,643590.0
2022-01-13,561.4279,563.013,533.2159,534.395,753215.0
2022-01-14,532.8583,538.6669,525.194,532.3364,736543.0
2022-01-18,521.1927,530.5097,518.1386,519.8009,721239.0
2022-01-19,523.9472,539.8557,522.6908,527.0786,785922.0
2022-01-20,533.6025,547.5007,525.5516,526.3731,858034.0
2022-01-21,527.8615,534.2404,510.136,510.8415,1008569.0
2022-01-24,508.5702,517.781,483.596,516.7661,1179799.0
2022-01-25,499.5915,511.1315,491.9658,498.7023,1157820.0
2022-01-26,514.2146,518.8634,483.0064,490.4774,1051192.0
2022-01-27,499.1082,508.3769,496.0928,499.8911,1309264.0
2022-01-28,501.9497,518.2642,489.2113,516.9014,758101.0
2022-01-31,517.8969,537.9904,514.2146,536.6276,1046391.0
2022-02-01,537.7584,543.0258,529.8235,542.04,723929.0
2022-02-02,543.6541,545.9446,535.8254,543.4608,474077.0
2022-02-03,526.5954,534.25,515.703,517.6456,555442.0
2022-02-04,512.6682,531.8435,512.5232,525.7932,685071.0
2022-02-07,526.0155,537.2752,524.3241,527.011,484485.0
2022-02-08,521.212,537.7681,520.3712,535.6611,362628.0
2022-02-09,545.4711,560.5291,545.4711,559.9878,717877.0
2022-02-10,543.77,556.6148,533.8248,538.8989,624767.0
2022-02-11,541.0445,542.8809,514.8235,517.8583,438316.0
2022-02-14,517.7423,520.2842,506.5889,511.3248,417388.0
2022-02-15,517.2011,521.27,498.48,510.0973,1108527.0
2022-02-16,508.348,512.6585,494.5561,510.4549,512270.0
2022-02-17,505.7481,508.2803,478.1449,479.556,1023454.0
2022-02-18,482.3879,482.3879,462.71,465.0779,1096441.0
2022-02-22,463.8505,477.8067,460.893,467.0592,1097710.0
2022-02-23,475.4291,475.4291,449.9523,451.3537,911911.0
2022-02-24,442.6455,481.605,435.1745,480.4742,1269060.0
2022-02-25,472.6456,475.6417,458.7087,470.8576,1499993.0
2022-02-28,462.797,468.2287,447.8646,458.4768,1107117.0
2022-03-01,459.6655,468.3253,450.2422,452.8807,1024539.0
2022-03-02,456.2925,472.9452,452.3202,469.7171,1040170.0
2022-03-03,473.7281,476.3569,453.2673,456.8627,687950.0
2022-03-04,455.036,458.728,445.516,449.3724,780405.0
2022-03-07,448.6668,451.1024,421.8852,422.7357,1015577.0
2022-03-08,423.7409,439.9973,417.6713,427.3942,1358695.0
2022-03-09,441.1861,454.2145,436.8562,449.1694,968658.0
2022-03-10,444.7332,444.7332,428.4864,437.2138,719675.0
2022-03-11,442.2396,446.4245,423.8182,424.6011,1198352.0
2022-03-14,425.181,430.3614,408.8568,410.4032,992489.0
2022-03-15,413.467,426.6984,411.2827,424.949,916613.0
2022-03-16,430.3807,442.5586,423.3156,442.5586,1187706.0
2022-03-17,439.5914,459.0856,438.045,457.8775,1249114.0
2022-03-18,459.2306,467.1269,452.1849,463.7925,1041352.0
2022-03-21,458.1965,460.5354,448.0289,450.8704,702090.0
2022-03-22,450.8318,462.6713,450.3679,460.0425,678234.0
2022-03-23,456.0605,456.1668,444.3466,445.98,735585.0
2022-03-24,448.6088,451.5663,437.8614,450.0296,709725.0
2022-03-25,451.8563,453.3253,437.6488,443.96,462040.0
2022-03-28,445.1101,465.5708,442.8485,464.4014,976395.0
2022-03-29,471.0605,473.6701,459.8588,469.0985,786649.0
2022-03-30,464.6913,466.1797,452.5328,456.1378,838508.0
2022-03-31,461.8885,472.4813,457.7036,464.73,1123599.0
2022-04-01,463.8311,471.1572,461.0863,467.7165,524105.0
2022-04-04,469.1179,490.6997,468.7506,488.7088,932442.0
2022-04-05,485.1617,489.395,474.5496,479.4304,557139.0
2022-04-06,468.7506,477.0528,465.9284,473.7861,1012002.0
2022-04-07,468.3502,481.7546,467.9921,478.4252,696499.0
2022-04-08,477.4477,477.4477,466.0177,467.3049,708174.0
2022-04-11,462.9787,463.2304,449.7873,458.1106,525012.0
2022-04-12,464.4498,468.9018,446.3321,446.7677,662223.0
2022-04-13,450.1938,458.0138,445.1998,455.2845,631505.0
2022-04-14,452.652,454.1812,445.0836,450.1454,666825.0
2022-04-18,446.8257,458.9139,445.7805,453.9489,447784.0
2022-04-19,451.2971,470.0342,449.9518,469.4632,453872.0
2022-04-20,471.8924,476.5283,465.7467,466.4436,499473.0
2022-04-21,468.3792,475.8121,448.6452,450.668,581886.0
2022-04-22,451.2584,452.9617,428.5338,429.0274,743030.0
2022-04-25,428.0306,433.0342,419.6492,432.5503,918936.0
2022-04-26,431.0405,431.0405,407.561,407.7933,1075726.0
2022-04-27,407.6191,415.023,402.7703,404.7931,830929.0
2022-04-28,410.1161,433.5956,408.2192,430.2759,816459.0
2022-04-29,427.3628,428.2628,404.193,405.277,784652.0
2022-05-02,405.7802,414.1326,399.9346,413.2712,751009.0
2022-05-03,416.1166,419.5911,411.9646,416.978,624678.0
2022-05-04,418.1007,433.9246,404.706,433.5084,647583.0
2022-05-05,423.7818,425.6013,391.7468,396.673,898483.0
2022-05-06,393.4598,393.4598,378.2359,382.9783,927800.0
2022-05-09,374.1227,378.3521,352.0562,355.2017,1864257.0
2022-05-10,369.39,371.1321,352.7724,359.2472,904726.0
2022-05-11,356.005,364.3186,343.1039,344.7104,1217631.0
2022-05-12,332.932,344.033,328.4413,342.5038,1622293.0
2022-05-13,350.4497,364.8219,349.0076,359.7988,899503.0
2022-05-16,358.6955,358.6955,344.9234,348.0204,675680.0
2022-05-17,357.2244,361.7055,347.6623,359.9053,781474.0
2022-05-18,352.4337,356.9728,340.5778,341.9425,783285.0
2022-05-19,344.1007,357.2438,343.249,350.6723,991812.0
2022-05-20,355.9856,359.8279,344.8072,355.9469,928726.0
2022-05-23,359.7795,360.0311,351.3207,359.4214,716483.0
2022-05-24,351.4272,353.9435,344.2943,347.4204,1383185.0
2022-05-25,358.8697,382.8525,351.8046,375.9519,3067083.0
2022-05-26,373.8614,400.6798,373.4355,393.3437,1618950.0
2022-05-27,397.7763,409.2257,397.4763,408.887,1205893.0
2022-05-31,408.6547,411.3259,399.2958,401.125,1394122.0
2022-06-01,406.69,410.9291,393.2759,395.2309,738726.0
2022-06-02,396.1891,413.5035,395.3374,413.126,649370.0
2022-06-03,403.2929,407.1449,392.3275,395.7923,671403.0
2022-06-06,403.1768,406.3513,393.6631,395.8116,358912.0
2022-06-07,391.108,405.277,390.1789,403.2445,487738.0
2022-06-08,401.9767,406.661,399.0829,401.125,519719.0
2022-06-09,397.3118,401.0863,387.2367,387.6625,518814.0
2022-06-10,377.4423,380.7426,366.6511,368.9545,1129234.0
2022-06-13,356.4405,360.9893,350.1206,352.2788,1029565.0
2022-06-14,355.0081,359.1698,348.2624,353.0434,618127.0
2022-06-15,358.4729,374.3453,356.6147,366.3607,808023.0
2022-06-16,353.7015,358.4826,343.791,348.0591,922775.0
2022-06-17,351.3691,363.0895,350.8755,357.8148,1269246.0
2022-06-21,365.1606,370.7062,362.3539,365.2864,929818.0
2022-06-22,359.8085,378.565,359.6053,368.5867,871975.0
2022-06-23,374.8485,388.5626,368.548,387.8561,1078297.0
2022-06-24,393.8373,406.1771,393.8373,404.1833,1097265.0
2022-06-27,401.996,406.4868,389.8595,391.6984,565074.0
2022-06-28,392.6952,396.5859,372.1193,373.8614,624371.0
2022-06-29,376.8519,379.9199,370.4256,377.1229,471161.0
2022-06-30,375.226,377.0455,364.0766,373.0387,648152.0
2022-07-01,370.1933,378.5456,365.9155,375.8164,449801.0
2022-07-05,371.916,387.4593,368.0931,387.3432,758391.0
2022-07-06,390.3628,395.4342,383.9655,391.8823,620261.0
2022-07-07,386.5021,398.3776,385.048,397.6215,684973.0
2022-07-08,389.963,397.2725,386.0465,394.3739,419382.0
2022-07-11,392.2799,394.4999,383.2836,390.2538,326492.0
2022-07-12,392.7355,393.5886,369.4789,374.074,719272.0
2022-07-13,365.7466,375.3246,362.5184,371.5923,512089.0
2022-07-14,368.9457,371.6407,359.4259,368.2574,602596.0
2022-07-15,376.1777,382.382,370.9718,380.9473,622516.0
2022-07-18,384.4566,387.7721,374.898,376.3813,438336.0
2022-07-19,385.1934,392.2217,379.1926,391.5141,550224.0
2022-07-20,395.8668,409.5261,393.482,407.5969,797562.0
2022-07-21,407.7229,423.515,407.7229,421.4113,1032776.0
2022-07-22,423.1466,432.3658,416.0406,421.4501,791787.0
2022-07-25,419.3367,419.4918,409.1674,413.1711,480502.0
2022-07-26,410.9027,411.5134,396.8944,401.5574,743151.0
2022-07-27,405.3284,423.7573,403.9712,419.9184,782347.0
2022-07-28,421.6149,436.389,417.8438,434.8767,918768.0
2022-07-29,431.4255,445.5307,431.4255,442.225,961717.0
2022-08-01,435.1772,442.5739,430.8632,434.7506,741732.0
2022-08-02,429.6611,437.4941,427.5381,433.3062,390663.0
2022-08-03,436.9125,452.6076,436.4472,451.5121,741111.0
2022-08-04,450.8335,453.5576,444.1929,452.0453,611403.0
2022-08-05,442.5255,456.2623,441.304,454.653,383553.0
2022-08-08,457.4062,461.7881,449.6508,452.4912,517939.0
2022-08-09,446.6843,451.832,444.5904,447.9446,454288.0
2022-08-10,462.2631,464.929,459.8977,463.4749,598395.0
2022-08-11,471.7538,474.3131,460.9834,464.1341,627539.0
2022-08-12,465.9469,472.7038,460.9253,471.7829,442184.0
2022-08-15,470.3675,475.2437,468.9134,474.2743,350606.0
2022-08-16,468.1281,475.8254,466.3444,473.2564,432699.0
2022-08-17,463.6881,469.0491,460.363,463.6784,703308.0
2022-08-18,462.709,466.0148,457.6486,463.1453,524080.0
2022-08-19,453.9454,456.3689,445.7149,449.7671,680839.0
2022-08-22,442.7678,443.4658,431.4061,432.4822,759752.0
2022-08-23,438.1533,439.1906,430.7954,435.817,1063591.0
2022-08-24,462.835,472.888,451.1049,451.5315,2094942.0
2022-08-25,450.5911,452.4234,443.6985,451.609,811434.0
2022-08-26,452.6754,453.5479,434.1496,434.7506,778413.0
2022-08-29,425.3084,432.7439,422.8364,423.4471,971901.0
2022-08-30,426.5493,430.2525,415.0712,419.9571,550013.0
2022-08-31,425.6671,427.7901,416.7192,418.5806,422968.0
2022-09-01,414.3248,415.11,402.9436,412.4925,1053288.0
2022-09-02,419.5112,420.7133,405.2218,407.2188,623953.0
2022-09-06,407.6454,409.7103,401.0823,405.9586,655744.0
2022-09-07,408.4112,425.3084,406.2009,421.9833,649081.0
2022-09-08,416.3896,427.3927,414.5574,425.6186,480325.0
2022-09-09,427.8774,438.7641,427.8289,436.2727,619392.0
2022-09-12,444.0378,445.9282,436.1272,441.4494,601122.0
2022-09-13,420.9847,426.2487,414.9258,416.1861,644455.0
2022-09-14,417.5723,423.893,412.7155,423.4859,718280.0
2022-09-15,419.9959,423.5731,406.8311,409.2159,603290.0
2022-09-16,404.5432,411.4165,401.3635,410.069,974457.0
2022-09-19,402.1196,411.2517,402.1196,410.7379,623285.0
2022-09-20,407.2188,408.3143,401.4216,405.0473,616716.0
2022-09-21,409.2352,414.8386,396.0122,396.1867,715597.0
2022-09-22,392.4447,394.2188,383.3612,384.5826,1256088.0
2022-09-23,382.828,383.3708,374.5587,381.9264,826551.0
2022-09-26,382.6535,392.4544,381.0733,383.7005,660981.0
2022-09-27,387.4812,394.8392,383.1479,388.5185,775637.0
2022-09-28,391.9891,399.4052,386.6184,396.7781,768109.0
2022-09-29,388.8772,392.4156,382.0718,384.6796,861081.0
2022-09-30,383.9525,390.6804,375.1792,375.4797,760747.0
2022-10-03,377.4185,387.3164,376.1389,384.6699,779755.0
2022-10-04,393.1524,402.0421,392.7937,399.4149,746403.0
2022-10-05,393.1863,404.686,388.5145,400.9369,570669.0
2022-10-06,400.5193,405.3076,395.5173,399.4995,582030.0
2022-10-07,390.6027,392.1179,380.1422,381.6671,573932.0
2022-10-10,382.2401,383.5708,368.7979,376.5,515732.0
2022-10-11,374.4215,378.258,363.7667,372.4595,878984.0
2022-10-12,376.7622,388.3008,372.0904,376.9079,1221982.0
2022-10-13,362.776,387.5238,360.3479,384.406,733740.0
2022-10-14,390.7969,391.4963,368.6619,369.1864,812570.0
2022-10-17,381.9293,393.4971,380.5307,392.1373,1226160.0
2022-10-18,403.8993,407.93,389.9714,396.9062,868115.0
2022-10-19,397.8289,400.3639,388.2911,390.5153,663002.0
2022-10-20,391.6322,396.8673,386.5331,389.6217,729998.0
2022-10-21,392.4092,406.58,384.4449,405.1911,805448.0
2022-10-24,407.93,408.9693,393.5068,405.7544,607003.0
2022-10-25,408.7362,421.3237,408.2602,419.6629,539099.0
2022-10-26,413.3788,424.5677,408.0174,412.1938,541725.0
2022-10-27,417.866,419.2646,408.0563,409.8725,367575.0
2022-10-28,409.8725,420.3719,404.6374,419.3812,460988.0
2022-10-31,415.2727,418.4196,411.6208,415.2145,342919.0
2022-11-01,421.042,421.6637,375.9366,383.4251,2478452.0
2022-11-02,390.7678,397.2364,373.761,373.965,1437219.0
2022-11-03,365.5344,371.6242,353.8599,354.5009,1583030.0
2022-11-04,360.9792,360.9792,342.4961,350.8101,1760311.0
2022-11-07,353.112,359.8525,347.2067,359.4738,816951.0
2022-11-08,361.6979,379.8605,359.4932,371.5757,1217271.0
2022-11-09,366.8845,368.7396,357.5507,357.9586,691774.0
2022-11-10,385.9309,392.147,376.8496,391.6517,1578745.0
2022-11-11,389.5343,400.1016,387.1839,396.3137,830894.0
2022-11-14,388.5533,391.9722,379.8023,386.232,913666.0
2022-11-15,403.2291,404.5112,390.2336,395.323,1169551.0
2022-11-16,394.7208,395.4007,379.5983,382.347,508721.0
2022-11-17,373.5473,377.3255,367.1564,370.9055,1135213.0
2022-11-18,377.5489,378.2385,359.3086,369.1475,1042395.0
2022-11-21,365.7481,369.468,361.4648,364.2232,569227.0
2022-11-22,369.0698,382.6772,364.2232,380.9581,1299836.0
2022-11-23,379.2001,388.6019,378.8504,384.474,794393.0
2022-11-25,383.5028,384.4546,380.2296,381.1912,478310.0
2022-11-28,381.9488,387.2421,372.4595,374.5574,835245.0
2022-11-29,371.0318,374.2661,366.5834,368.7979,716610.0
2022-11-30,365.5927,399.6646,363.252,395.8766,2109744.0
2022-12-01,396.168,406.2012,393.3611,404.113,941239.0
2022-12-02,390.321,397.4112,388.6602,396.1972,727920.0
2022-12-05,389.6314,392.5841,381.8808,383.7844,570716.0
2022-12-06,384.0855,384.1244,374.0912,378.5785,522810.0
2022-12-07,376.9079,382.8617,374.3146,377.4809,411144.0
2022-12-08,380.3462,395.0317,378.2677,393.7107,750651.0
2022-12-09,392.5744,394.1672,387.8055,388.3397,467776.0
2022-12-12,389.2138,399.1692,386.8828,398.975,915008.0
2022-12-13,419.6434,429.2783,410.0765,416.0789,1696896.0
2022-12-14,414.2723,421.7608,404.1907,406.881,737356.0
2022-12-15,399.1304,403.2291,382.9103,385.1345,742779.0
2022-12-16,381.4437,382.6675,369.604,373.9164,1100968.0
2022-12-19,377.5684,377.5684,366.6514,372.4984,696067.0
2022-12-20,370.8181,378.8504,369.876,375.9561,636942.0
2022-12-21,378.2385,384.9985,373.2171,382.0265,626014.0
2022-12-22,374.2758,376.6068,365.9326,372.916,618044.0
2022-12-23,372.2944,374.3535,367.6226,373.4405,288477.0
2022-12-27,372.4207,374.2661,366.6125,372.1002,334966.0
2022-12-28,373.4114,377.3353,364.0484,365.6801,361489.0
2022-12-29,369.4486,380.7153,366.6999,379.6371,404880.0
2022-12-30,374.9168,378.2482,371.6825,378.0346,365905.0
2023-01-03,385.2996,392.8269,374.1495,379.9382,734048.0
2023-01-04,386.504,388.2328,376.4611,380.317,511843.0
2023-01-05,375.247,376.3349,364.2232,364.8254,572411.0
2023-01-06,368.6093,378.1567,359.9379,375.4122,586163.0
2023-01-09,380.6287,391.8597,377.7674,384.7551,588641.0
2023-01-10,377.2029,384.3853,375.2078,378.2734,516989.0
2023-01-11,377.8842,385.232,374.001,384.7259,556579.0
2023-01-12,387.6067,387.6067,375.6944,386.0787,507327.0
2023-01-13,380.035,384.0641,376.1129,382.6822,653599.0
2023-01-17,381.5046,384.7065,376.3951,379.7527,645375.0
2023-01-18,381.6019,390.575,375.3148,375.7333,873742.0
2023-01-19,373.057,378.5557,368.0935,368.4633,438735.0
2023-01-20,372.6579,389.5921,372.3076,387.412,886508.0
2023-01-23,390.0008,399.519,388.4339,399.0226,1273873.0
2023-01-24,399.0226,399.0226,388.0641,390.7989,635996.0
2023-01-25,383.743,393.1346,375.1689,391.1395,582679.0
2023-01-26,398.5457,402.1564,391.3147,401.5043,656607.0
2023-01-27,396.9399,417.2219,396.3657,411.3047,863161.0
2023-01-30,404.9982,409.2707,401.2026,405.2999,705014.0
2023-01-31,405.2999,411.5967,403.9861,411.3534,481140.0
2023-02-01,409.0955,426.234,404.862,423.8885,692931.0
2023-02-02,432.3459,445.6791,430.2534,440.0538,963860.0
2023-02-03,428.959,429.105,410.3996,412.4142,846566.0
2023-02-06,406.4678,407.0615,401.6503,403.879,629004.0
2023-02-07,401.6893,418.3704,398.0591,416.2195,690895.0
2023-02-08,415.2268,419.1197,406.5165,410.4483,430965.0
2023-02-09,418.3995,420.4239,407.0809,408.5018,483636.0
2023-02-10,403.8888,404.969,397.9521,402.4484,422101.0
2023-02-13,404.8425,407.9958,402.8279,406.896,421019.0
2023-02-14,405.2805,414.8083,401.2221,410.6721,362719.0
2023-02-15,407.3729,411.8595,403.3437,409.9617,371875.0
2023-02-16,398.2148,405.4264,395.665,397.4265,605629.0
2023-02-17,394.8572,395.6261,386.2442,393.5531,758269.0
2023-02-21,385.7381,389.4461,383.1493,385.6505,571027.0
2023-02-22,389.8062,397.1638,387.1395,395.4995,793503.0
2023-02-23,399.8304,405.0956,393.2222,400.8523,1263792.0
2023-02-24,394.1565,418.4774,393.2903,408.57,2368691.0
2023-02-27,411.4604,411.4604,400.9983,401.5725,1204462.0
2023-02-28,399.0226,402.0299,394.5166,396.2781,885202.0
2023-03-01,394.7502,395.4995,385.8062,390.5264,765568.0
2023-03-02,388.1809,392.103,383.3245,389.6505,677177.0
2023-03-03,390.8378,399.7233,389.378,397.5822,534884.0
2023-03-06,397.6406,408.4726,395.8304,401.6601,718540.0
2023-03-07,402.0202,407.0031,397.5044,398.3316,582673.0
2023-03-08,397.2319,406.9836,397.0762,405.514,868687.0
2023-03-09,407.587,413.3096,392.9302,393.7477,859983.0
2023-03-10,392.0349,393.7964,378.4097,382.0982,1785768.0
2023-03-13,381.9036,387.1687,373.7674,381.0763,1427774.0
2023-03-14,389.9035,398.1856,388.2685,397.3681,1173650.0
2023-03-15,393.4558,397.3487,390.8767,395.4411,1020191.0
2023-03-16,394.6528,409.0274,390.4582,406.9544,954503.0
2023-03-17,405.6698,406.9544,397.5822,402.6138,1038463.0
2023-03-20,401.1248,402.7014,394.8961,400.8134,726046.0
2023-03-21,403.2464,411.3729,400.1808,410.7305,620938.0
2023-03-22,409.4653,416.7743,402.9253,403.1199,810844.0
2023-03-23,407.9568,423.3241,404.4532,420.9105,1636911.0
2023-03-24,417.2414,420.4336,411.1101,418.0687,757614.0
2023-03-27,418.1465,419.9762,411.9081,415.5091,821699.0
2023-03-28,415.5091,416.2779,405.7768,408.1028,567285.0
2023-03-29,415.6356,422.6039,412.6575,421.6891,645563.0
2023-03-30,427.6549,430.5649,425.7085,428.307,593403.0
2023-03-31,430.779,436.0441,429.6695,433.8933,600227.0
2023-04-03,431.1488,431.1488,424.4822,428.8715,583024.0
2023-04-04,428.3654,434.7692,425.4068,428.0345,494142.0
2023-04-05,427.2167,428.2696,420.2945,427.3922,739343.0
2023-04-06,422.9658,436.7225,421.5229,435.572,902604.0
2023-04-10,430.239,434.7921,425.0133,433.5831,570246.0
2023-04-11,430.785,432.5009,423.5118,426.5439,511172.0
2023-04-12,432.3644,433.4076,423.5606,424.1943,414185.0
2023-04-13,428.4646,432.4229,427.2069,430.746,410195.0
2023-04-14,427.4604,432.5789,425.3155,430.5608,429747.0
2023-04-17,432.7934,432.7934,425.0425,429.0691,467989.0
2023-04-18,433.8561,434.4898,428.5816,431.5065,378359.0
2023-04-19,426.5342,434.4606,426.0565,434.3339,334470.0
2023-04-20,429.1861,439.8229,428.8643,436.196,445256.0
2023-04-21,437.7267,441.373,432.1694,435.2211,591281.0
2023-04-24,438.7992,438.9552,428.5914,431.2432,576223.0
2023-04-25,426.0077,427.5969,408.361,409.3164,1030154.0
2023-04-26,407.8248,411.9391,402.599,403.34,1026001.0
2023-04-27,406.4208,419.612,403.9639,418.4128,658095.0
2023-04-28,417.9936,450.9179,414.1522,432.8324,1414596.0
2023-05-01,430.7265,435.5526,428.9521,431.4285,685426.0
2023-05-02,432.9202,434.2169,420.0117,425.53,550180.0
2023-05-03,429.1763,429.927,417.4768,418.8905,630823.0
2023-05-04,422.0786,422.0884,410.7594,411.8708,669738.0
2023-05-05,417.1649,428.2501,414.5325,415.2832,938605.0
2023-05-08,411.8513,417.0576,406.1381,416.1996,758316.0
2023-05-09,414.1912,419.7387,412.2218,416.9699,318526.0
2023-05-10,422.1371,425.3837,416.2386,420.7137,614051.0
2023-05-11,421.5034,422.1176,413.0408,414.2497,647501.0
2023-05-12,415.7122,419.2415,413.7525,416.9114,519734.0
2023-05-15,402.6575,416.5701,400.1908,415.5367,1110017.0
2023-05-16,411.3444,419.3098,408.5852,410.8569,787754.0
2023-05-17,412.719,422.0104,409.6284,421.0452,497769.0
2023-05-18,422.7026,437.4732,421.4839,436.4495,786187.0
2023-05-19,438.2629,438.9942,433.6806,434.8603,537948.0
2023-05-22,438.0582,443.9957,434.3241,442.738,1009979.0
2023-05-23,444.1712,449.2117,438.5359,438.5359,1333797.0
2023-05-24,410.4571,415.0687,403.0085,405.5044,4317943.0
2023-05-25,408.01,410.4571,397.3245,402.755,2395004.0
2023-05-26,403.6032,417.2818,402.7647,407.9515,1742705.0
2023-05-30,414.006,416.6676,395.4525,395.9205,1889275.0
2023-05-31,390.7532,409.7259,390.1975,408.6242,1903651.0
2023-06-01,407.1325,415.3319,405.8358,411.5491,900654.0
2023-06-02,412.6313,421.7764,412.6313,419.7095,811217.0
2023-06-05,420.041,433.6416,419.2025,431.7502,1070173.0
2023-06-06,435.4356,446.6476,434.8993,437.2587,978569.0
2023-06-07,436.898,441.5875,410.8861,411.7831,1307013.0
2023-06-08,410.8276,416.7944,408.7997,412.758,875082.0
2023-06-09,412.2218,421.2304,409.7259,420.7429,937288.0
2023-06-12,424.399,435.7475,423.6971,434.9481,963308.0
2023-06-13,440.3396,440.6711,430.9313,436.3423,662606.0
2023-06-14,436.1278,442.0165,429.4298,435.0456,742177.0
2023-06-15,431.1165,447.6615,429.9953,444.8829,775301.0
2023-06-16,449.7187,450.1282,438.9162,443.6349,1075539.0
2023-06-20,442.933,449.4554,439.8131,443.7324,640764.0
2023-06-21,443.3132,444.1127,438.0387,439.2476,402154.0
2023-06-22,437.5122,440.4468,434.4898,439.5499,504138.0
2023-06-23,432.7447,445.6434,431.6527,441.3535,570268.0
2023-06-26,440.3493,450.8399,440.3493,441.9483,700378.0
2023-06-27,444.4734,449.2702,441.9483,447.5348,567498.0
2023-06-28,447.6615,448.3927,441.1781,448.1198,661726.0
2023-06-29,449.1532,449.4067,442.0263,444.4052,542406.0
2023-06-30,445.6921,450.4109,442.7867,446.7158,802372.0
2023-07-03,441.4023,443.5862,437.7462,440.2616,618050.0
2023-07-05,436.781,446.7938,435.8158,446.3746,684965.0
2023-07-06,439.119,442.4982,433.0541,440.1933,497985.0
2023-07-07,440.2031,446.7369,437.3708,437.7224,381721.0
2023-07-10,436.8728,455.6927,436.57,453.4855,1082582.0
2023-07-11,454.7747,455.9759,444.9203,452.8702,565197.0
2023-07-12,461.2303,467.2562,458.271,465.7033,819398.0
2023-07-13,468.936,472.3152,467.471,470.108,729857.0
2023-07-14,467.8129,475.1182,467.2562,472.6863,529621.0
2023-07-17,470.694,481.232,469.2583,479.3568,567641.0
2023-07-18,479.3373,486.0664,477.091,483.8591,522847.0
2023-07-19,492.102,496.2235,486.6133,488.8693,954997.0
2023-07-20,486.4961,491.6332,479.4642,480.2944,497265.0
2023-07-21,484.8748,490.2171,480.4409,481.0171,707229.0
2023-07-24,484.6014,486.9258,474.5712,477.091,472078.0
2023-07-25,477.3742,488.1661,477.3742,484.8748,426059.0
2023-07-26,481.1929,487.1211,480.4116,485.2557,860985.0
2023-07-27,492.3559,493.9869,483.2341,484.9334,845583.0
2023-07-28,489.7776,501.2336,489.7776,499.8859,871899.0
2023-07-31,499.6027,502.1322,496.6825,499.7491,613371.0
2023-08-01,498.1377,498.6358,491.0863,496.6239,462549.0
2023-08-02,490.0511,491.5746,481.3101,486.4179,442482.0
2023-08-03,483.7712,488.6349,479.4935,485.3729,365611.0
2023-08-04,491.2816,496.9852,484.6795,485.3729,503061.0
2023-08-07,488.6642,494.1139,488.1466,493.4596,337682.0
2023-08-08,488.1173,489.7385,479.6498,489.1135,368210.0
2023-08-09,489.5725,491.3988,482.5504,485.0995,438637.0
2023-08-10,492.229,498.8213,486.7012,489.7581,483509.0
2023-08-11,486.1836,492.0434,484.6502,486.1445,452082.0
2023-08-14,485.9296,494.8659,483.6833,493.9869,733410.0
2023-08-15,490.6175,494.3385,484.2107,485.5683,495891.0
2023-08-16,485.1874,492.3169,483.9177,484.074,489309.0
2023-08-17,484.2693,485.2069,473.8192,475.0889,485944.0
2023-08-18,469.0044,477.3547,466.6018,474.6103,371191.0
2023-08-21,476.3878,478.556,470.6256,476.8566,474575.0
2023-08-22,478.7318,482.8825,474.6103,476.505,423528.0
2023-08-23,478.0286,491.3695,477.843,489.1623,675936.0
2023-08-24,492.6392,496.6727,484.8553,486.8574,1015606.0
2023-08-25,482.6969,509.6328,482.6969,506.9275,1208004.0
2023-08-28,506.9275,510.4727,501.8294,506.7517,710500.0
2023-08-29,505.7555,524.9173,504.564,523.9602,729745.0
2023-08-30,525.1419,530.3181,523.7551,527.9547,578045.0
2023-08-31,527.9547,532.2714,522.1045,529.1559,668838.0
2023-09-01,532.5937,537.0081,527.8375,536.764,623477.0
2023-09-05,535.7287,542.0379,532.7988,537.7211,627648.0
2023-09-06,536.5882,540.6901,532.8672,538.0825,553367.0
2023-09-07,536.8714,544.4404,535.1135,540.6803,514431.0
2023-09-08,539.4107,545.5929,536.93,537.7016,447286.0
2023-09-11,538.3364,540.7585,535.1721,536.471,501122.0
2023-09-12,530.3181,534.9279,527.398,533.2481,525572.0
2023-09-13,531.5292,532.9062,526.2748,529.2927,468221.0
2023-09-14,531.5878,536.6859,525.3958,534.8107,371990.0
2023-09-15,535.3381,535.3479,524.468,525.513,689984.0
2023-09-18,523.7941,525.8549,521.2842,522.5147,333949.0
2023-09-19,517.7487,518.4421,513.8324,516.8307,451289.0
2023-09-20,518.6961,519.0086,511.1857,511.3615,337385.0
2023-09-21,507.4451,509.1933,491.6039,492.5903,692485.0
2023-09-22,492.229,500.1789,488.967,496.6923,510836.0
2023-09-25,494.3874,499.2608,492.5708,496.4383,365245.0
2023-09-26,495.6863,496.9852,488.508,491.4379,430486.0
2023-09-27,495.3347,499.4855,491.2133,496.37,529013.0
2023-09-28,492.6782,505.5797,489.4748,500.2765,521824.0
2023-09-29,509.8379,511.8791,496.116,499.0069,628685.0
2023-10-02,498.333,506.1657,497.0243,505.7067,540165.0
2023-10-03,499.3487,506.361,492.6001,495.6277,888630.0
2023-10-04,501.3438,507.7618,496.775,505.3746,705636.0
2023-10-05,504.8267,508.8184,499.5045,505.1203,540043.0
2023-10-06,500.9134,523.0827,500.209,521.7521,822432.0
2023-10-09,516.3321,523.9534,514.8548,523.3273,459685.0
2023-10-10,520.627,533.4532,519.1693,528.4147,543543.0
2023-10-11,529.9213,532.8172,525.1372,529.8529,402770.0
2023-10-12,532.9933,538.2079,528.9136,531.6432,554372.0
2023-10-13,531.6432,533.8152,518.8171,521.5076,512002.0
2023-10-16,528.1505,531.7313,522.8968,529.1876,481462.0
2023-10-17,524.3643,534.2456,521.5173,527.1135,701144.0
2023-10-18,523.7088,525.5188,514.1797,515.9995,431158.0
2023-10-19,519.0128,522.525,508.6325,510.2272,473293.0
2023-10-20,509.3663,510.2468,493.8399,495.8357,908886.0
2023-10-23,494.0649,501.9993,487.6861,493.1159,804399.0
2023-10-24,495.5227,502.0287,488.6351,494.8672,453600.0
2023-10-25,489.5645,489.7602,471.8369,472.5707,1308568.0
2023-10-26,472.5413,476.3764,463.3057,469.0682,761581.0
2023-10-27,469.5867,472.0619,463.6286,469.1367,812092.0
2023-10-30,473.2555,479.0865,471.3575,476.9439,667328.0
2023-10-31,478.431,485.8468,474.9285,484.2326,415399.0
2023-11-01,482.0215,482.8237,471.5043,478.5777,1017978.0
2023-11-02,488.0285,493.0866,479.7322,489.5156,676921.0
2023-11-03,482.2074,492.0691,478.9495,487.7155,1321194.0
2023-11-06,489.0069,489.7798,483.6455,489.6624,634470.0
2023-11-07,497.2446,506.128,495.9923,502.782,607290.0
2023-11-08,509.9239,512.8883,504.1713,511.0686,620304.0
2023-11-09,507.4096,515.8527,502.8407,503.3984,580871.0
2023-11-10,507.5172,518.6019,505.0713,517.4376,359887.0
2023-11-13,514.2482,522.8577,511.9882,520.6564,471908.0
2023-11-14,529.6767,545.9075,529.6767,543.491,761326.0
2023-11-15,546.0641,554.7518,542.6692,543.5106,655025.0
2023-11-16,545.1444,548.3436,540.7125,544.89,411448.0
2023-11-17,544.5867,549.0382,542.0235,548.0305,416653.0
2023-11-20,550.9558,553.3429,546.7391,552.2766,367659.0
2023-11-21,547.962,552.6679,547.874,550.0068,406744.0
2023-11-22,554.7909,559.438,551.2884,552.0124,330530.0
2023-11-24,550.3101,552.6875,547.9229,551.8559,224909.0
2023-11-27,549.7426,554.018,546.8956,549.0774,608483.0
2023-11-28,547.4827,554.4289,545.8684,552.8342,603961.0
2023-11-29,570.3662,586.0295,563.4297,564.7309,1169186.0
2023-11-30,564.8874,569.5541,553.4408,559.0858,679896.0
2023-12-01,559.0271,564.1928,552.2178,561.8839,479392.0
2023-12-04,556.3073,558.8119,548.5393,558.1173,422439.0
2023-12-05,553.0984,559.8783,551.1906,559.3989,356893.0
2023-12-06,562.9405,563.7428,553.4506,553.9691,353967.0
2023-12-07,557.8825,560.5925,552.6385,559.1152,236897.0
2023-12-08,553.9006,562.1872,552.1689,561.473,346772.0
2023-12-11,564.819,576.3047,564.5059,573.9567,588343.0
2023-12-12,575.3949,581.9889,570.8945,581.3139,447874.0
2023-12-13,585.1001,597.212,580.8443,597.0065,562585.0
2023-12-14,601.3798,604.2365,583.0455,588.1623,796894.0
2023-12-15,589.8451,598.6208,589.0624,595.3336,968222.0
2023-12-18,597.1631,606.8585,596.5369,605.0388,480416.0
2023-12-19,602.1527,608.7369,601.3993,608.0032,405150.0
2023-12-20,605.616,614.2352,602.1722,602.3777,640107.0
2023-12-21,606.5748,610.1164,604.7942,607.5433,303959.0
2023-12-22,609.5587,611.6133,604.305,610.5566,262525.0
2023-12-26,611.6328,614.7244,609.2457,611.3198,198087.0
2023-12-27,610.4784,616.1626,608.7858,615.4973,188575.0
2023-12-28,617.0822,617.4051,613.5993,614.4211,227331.0
2023-12-29,614.4211,617.1703,608.9815,611.4959,179098.0
2024-01-02,608.6782,609.5685,586.6459,590.6864,568412.0
2024-01-03,585.3447,585.4229,576.6472,578.3397,474176.0
2024-01-04,577.8212,581.6367,573.1251,574.1132,279588.0
2024-01-05,574.1132,579.3474,573.4578,576.2656,283208.0
2024-01-08,580.2495,587.5491,579.0835,585.4229,662433.0
2024-01-09,579.2207,594.4961,578.231,592.9675,490244.0
2024-01-10,590.9491,600.9825,590.8511,596.4165,456950.0
2024-01-11,598.8367,603.2459,588.3918,596.4263,407326.0
2024-01-12,599.6499,601.5998,593.8494,599.454,304715.0
2024-01-16,595.4857,600.5905,589.0875,591.6448,361051.0
2024-01-17,588.4408,589.6949,581.3077,587.7353,638763.0
2024-01-18,591.2235,599.7675,589.6557,599.0228,341526.0
2024-01-19,602.4718,611.5547,598.6407,609.6245,430832.0
2024-01-22,613.9063,619.6774,613.3674,617.8844,337067.0
2024-01-23,617.8648,623.8417,611.5449,622.9892,316057.0
2024-01-24,628.7996,631.7194,621.9898,623.342,341671.0
2024-01-25,634.5707,636.3638,624.214,628.5448,328396.0
2024-01-26,629.8284,633.1598,626.7909,628.4174,247676.0
2024-01-29,630.0243,640.822,629.1229,639.705,267706.0
2024-01-30,634.8157,638.9799,633.0912,634.6491,488632.0
2024-01-31,628.8779,629.5638,613.5634,618.5898,401909.0
2024-02-01,618.776,622.0682,610.6141,620.089,383208.0
2024-02-02,615.5426,629.5638,615.5426,626.6734,350790.0
2024-02-05,625.7915,628.9073,616.5812,627.6728,235076.0
2024-02-06,631.5823,632.8168,618.2175,622.4797,354460.0
2024-02-07,627.614,636.207,624.116,630.1909,276575.0
2024-02-08,632.6307,641.0375,630.1909,639.8911,402714.0
2024-02-09,644.2611,649.4542,641.4784,644.8784,317708.0
2024-02-12,642.4877,646.4069,638.7349,643.732,365726.0
2024-02-13,621.7253,633.3557,616.0129,625.4094,595133.0
2024-02-14,630.0145,644.3787,630.0145,643.8692,374076.0
2024-02-15,649.2876,651.4138,643.7418,650.8749,395212.0
2024-02-16,649.2484,649.6207,637.9805,642.5072,444767.0
2024-02-20,637.5788,641.8018,628.1039,632.8756,512943.0
2024-02-21,627.5748,630.8474,617.7962,625.3898,408540.0
2024-02-22,636.9615,646.0738,636.4128,644.6433,622475.0
2024-02-23,639.5874,654.755,633.1108,646.4951,731451.0
2024-02-26,645.868,654.804,638.3038,650.4438,554642.0
2024-02-27,650.6887,657.1948,647.9844,655.8524,414068.0
2024-02-28,648.5429,652.2957,643.0168,645.8582,450255.0
2024-02-29,648.1706,654.0985,646.6813,649.513,417206.0
2024-03-01,645.7505,653.6478,642.9776,653.0697,387377.0
2024-03-04,650.9337,657.4691,647.2692,654.9216,311925.0
2024-03-05,651.2472,652.0899,618.8544,626.8203,522638.0
2024-03-06,632.7384,637.8433,627.3788,637.1574,427588.0
2024-03-07,642.762,643.7418,633.5125,636.2364,294720.0
2024-03-08,632.1016,643.9378,628.9269,638.5782,325086.0
2024-03-11,636.0306,639.9793,625.7229,637.7355,443997.0
2024-03-12,642.4974,653.0109,634.5609,649.268,455977.0
2024-03-13,646.6813,648.2,640.4888,641.8508,273430.0
2024-03-14,646.6813,646.6813,632.5327,636.9223,293146.0
2024-03-15,632.4641,635.9033,608.5075,612.8971,1090394.0
2024-03-18,617.4728,623.9005,616.2677,617.6688,664320.0
2024-03-19,618.7564,622.5189,612.9657,621.7449,542724.0
2024-03-20,622.7247,629.2209,620.5299,626.7419,562160.0
2024-03-21,630.524,645.819,627.5748,638.147,481165.0
2024-03-22,636.3736,637.4612,626.5166,630.7494,219656.0
2024-03-25,624.7137,629.0151,619.1679,626.1932,321882.0
2024-03-26,629.2013,631.1119,626.0659,627.1339,239984.0
2024-03-27,632.7874,636.8537,627.565,635.6485,299850.0
2024-03-28,637.7747,641.7822,634.6589,636.8831,307974.0
2024-04-01,639.9499,641.1943,623.048,626.9281,218032.0
2024-04-02,617.7178,617.7178,609.7323,613.9455,998940.0
2024-04-03,613.9455,620.089,608.9092,610.4279,568659.0
2024-04-04,620.9904,624.2042,607.8118,608.7426,501714.0
2024-04-05,610.9178,624.3904,609.0072,622.9108,509941.0
2024-04-08,625.8021,634.3286,624.2126,632.2583,317048.0
2024-04-09,637.7726,638.1847,624.3401,631.9738,272458.0
2024-04-10,618.8749,623.3295,614.7637,616.5397,352748.0
2024-04-11,619.0613,621.789,612.0949,615.9019,583542.0
2024-04-12,607.3165,614.4498,604.4907,609.4261,404249.0
2024-04-15,617.4424,618.1488,598.996,600.6052,377007.0
2024-04-16,602.1064,606.924,599.4278,599.987,352742.0
2024-04-17,603.5389,606.1783,600.3305,601.6747,268983.0
2024-04-18,605.2855,605.2855,594.875,596.9355,273961.0
2024-04-19,598.4269,599.6927,586.7606,593.7859,755809.0
2024-04-22,596.5431,602.5185,589.5962,598.2994,397815.0
2024-04-23,603.5487,620.9256,600.5561,619.0123,478042.0
2024-04-24,611.7711,630.031,610.8488,623.5356,502558.0
2024-04-25,618.9534,620.9158,608.1211,614.6067,415609.0
2024-04-26,615.274,628.0883,614.803,624.5756,464740.0
2024-04-29,625.3409,632.8569,622.4366,626.381,301071.0
2024-04-30,625.027,625.9199,613.4686,613.8512,309855.0
2024-05-01,613.3901,617.8152,598.5643,603.6272,437688.0
2024-05-02,606.0606,609.1808,595.8562,602.4891,400198.0
2024-05-03,612.0458,619.5127,610.4465,617.4326,365603.0
2024-05-06,620.3761,623.0548,615.7744,622.7016,287116.0
2024-05-07,623.1431,629.5404,619.4342,629.0891,226419.0
2024-05-08,629.0891,629.3638,617.6877,620.5331,308188.0
2024-05-09,620.5331,621.9558,612.4678,615.0679,553775.0
2024-05-10,616.7752,625.8806,616.1963,620.4154,336923.0
2024-05-13,626.1651,626.1651,614.0965,615.3917,246889.0
2024-05-14,612.9583,625.4685,611.4375,623.4669,274494.0
2024-05-15,631.7874,644.5428,629.9231,642.8061,317742.0
2024-05-16,642.3744,645.9067,639.5584,641.0792,295912.0
2024-05-17,642.2566,649.3016,642.2566,648.7423,286679.0
2024-05-20,647.7219,658.8584,647.0547,657.5436,305492.0
2024-05-21,657.9851,657.9851,652.618,655.2574,386114.0
2024-05-22,657.7692,660.9581,653.6679,657.6613,334141.0
2024-05-23,662.3023,663.8919,647.0939,649.802,566521.0
2024-05-24,610.0933,612.2617,589.1841,595.5717,2126994.0
2024-05-28,593.207,593.7271,581.001,588.7328,1266155.0
2024-05-29,582.2864,599.8006,582.0411,587.0255,668684.0
2024-05-30,578.813,578.813,550.3585,552.3798,1742333.0
2024-05-31,551.1827,566.5481,546.8066,565.5964,1043145.0
2024-06-03,564.782,565.6749,552.0265,556.5498,692953.0
2024-06-04,557.688,563.5457,553.0862,561.2988,501218.0
2024-06-05,561.1222,564.0265,549.9857,563.4672,636857.0
2024-06-06,562.9472,564.7722,559.2775,561.8777,695985.0
2024-06-07,561.8973,565.4492,555.8041,563.1042,363167.0
2024-06-10,558.7182,561.9464,555.1271,556.5694,633220.0
2024-06-11,555.2056,558.7084,551.9873,556.0396,533672.0
2024-06-12,568.2358,591.333,567.7648,581.0795,1295672.0
2024-06-13,583.3461,589.1155,575.006,583.4344,882649.0
2024-06-14,587.6339,588.6936,583.4049,584.4941,376216.0
2024-06-17,578.7443,593.2561,575.2218,591.1858,421720.0
2024-06-18,592.373,598.9666,590.5774,598.2111,463527.0
2024-06-20,599.0058,606.041,596.857,604.4907,674291.0
2024-06-21,614.332,622.2208,606.9142,620.2584,1084959.0
2024-06-24,618.8553,621.7989,610.7507,612.144,492492.0
2024-06-25,617.3344,618.6885,612.6444,618.61,317890.0
2024-06-26,616.1865,626.6361,612.7425,625.4881,323375.0
2024-06-27,627.058,644.7979,623.5552,639.1855,547343.0
2024-06-28,639.735,650.0473,635.7906,644.847,499538.0
2024-07-01,640.2354,640.8437,630.3941,638.5281,542875.0
2024-07-02,638.7538,644.6409,637.4684,643.8756,333941.0
2024-07-03,639.0187,649.9786,638.3123,647.4864,394152.0
2024-07-05,642.6786,661.6547,641.0694,656.1699,390516.0
2024-07-08,648.1536,650.6164,643.6009,647.1724,327946.0
2024-07-09,647.1848,647.5975,636.8779,638.1847,292324.0
2024-07-10,625.5786,625.5786,611.7836,621.7958,804363.0
2024-07-11,627.4455,631.9455,616.2739,618.4257,415688.0
2024-07-12,620.6167,634.8244,618.6123,630.7468,362690.0
2024-07-15,630.737,647.0473,629.0077,646.6936,383999.0
2024-07-16,648.4818,656.971,644.0898,654.5245,418023.0
2024-07-17,651.4982,654.6915,646.5757,647.4108,393397.0
2024-07-18,650.1128,650.1128,621.6582,626.345,539120.0
2024-07-19,627.6321,629.273,621.3537,625.4509,367500.0
2024-07-22,631.5623,634.7065,624.8122,633.272,404504.0
2024-07-23,632.4466,636.9467,625.5,625.9815,348222.0
2024-07-24,619.4672,625.9422,608.2956,609.4157,405921.0
2024-07-25,618.8776,629.9313,609.4452,615.3896,421952.0
2024-07-26,621.56,632.2698,617.4333,622.3067,312882.0
2024-07-29,626.3254,631.4248,618.6025,625.2544,211337.0
2024-07-30,628.8308,634.2152,618.5436,624.7041,247412.0
2024-07-31,640.6214,651.1052,630.6977,636.0526,474276.0
2024-08-01,635.7087,648.6881,619.0938,626.6889,366835.0
2024-08-02,615.9988,615.9988,600.4254,613.0315,562895.0
2024-08-05,597.6448,604.0412,586.7974,592.4471,695604.0
2024-08-06,599.4821,611.2039,596.4166,601.6044,438434.0
2024-08-07,612.0882,619.1233,597.4188,598.814,394050.0
2024-08-08,604.7781,617.5708,603.0291,615.1931,369467.0
2024-08-09,614.0926,623.7118,611.3317,619.2019,300879.0
2024-08-12,618.239,624.203,613.9256,616.4606,225381.0
2024-08-13,623.6135,637.2415,619.0152,634.5591,317933.0
2024-08-14,615.6352,629.0568,614.0926,625.6277,627767.0
2024-08-15,634.1268,641.5647,632.9576,640.759,329909.0
2024-08-16,641.2601,645.7307,639.5799,642.1247,256868.0
2024-08-19,643.0778,653.1096,641.6236,651.7242,423217.0
2024-08-20,651.7242,658.0125,650.329,655.6348,427318.0
2024-08-21,657.3935,660.8128,653.3651,658.7887,562326.0
2024-08-22,661.2648,663.0039,651.5572,653.6795,621219.0
2024-08-23,648.4818,648.4818,599.7474,609.0325,2080451.0
2024-08-26,612.1275,622.8864,604.9844,606.3501,821034.0
2024-08-27,604.7388,617.4136,601.0051,615.3896,489638.0
2024-08-28,613.4245,616.9125,603.6874,606.2715,322142.0
2024-08-29,611.7738,620.5185,610.3786,611.931,287891.0
2024-08-30,614.1123,620.1549,606.6253,619.2608,765141.0
2024-09-03,621.5993,627.7304,610.1624,613.9059,399421.0
2024-09-04,610.1919,615.4485,606.7333,612.2258,246362.0
2024-09-05,610.5162,612.0588,601.2409,610.6341,239580.0
2024-09-06,614.0926,615.1833,601.1328,604.3851,268903.0
2024-09-09,610.6439,617.7674,606.2322,616.0479,334792.0
2024-09-10,619.6047,622.6899,610.0249,622.5622,228679.0
2024-09-11,620.6659,634.4805,603.2256,632.6824,430484.0
2024-09-12,632.4958,635.6006,627.1998,635.0897,485900.0
2024-09-13,631.6802,649.3661,630.1769,643.8737,459957.0
2024-09-16,643.8049,644.5614,632.201,634.9718,332450.0
2024-09-17,638.6563,638.6563,632.9674,633.5667,359100.0
2024-09-18,631.7097,634.8539,621.0687,622.0218,342580.0
2024-09-19,639.6978,649.0812,634.7851,642.8223,649917.0
2024-09-20,633.3407,639.8649,627.6321,633.7338,804488.0
2024-09-23,638.1651,638.1651,628.3396,630.7665,274398.0
2024-09-24,629.7741,632.7414,624.429,627.0623,413007.0
2024-09-25,624.3799,631.9652,621.3045,623.6626,314048.0
2024-09-26,634.1857,634.6574,622.8078,625.7162,416739.0
2024-09-27,625.7162,627.3472,607.5292,608.2268,497795.0
2024-09-30,607.4113,612.8153,605.4462,610.1624,454715.0
2024-10-01,607.2344,607.8043,593.3117,595.6993,766257.0
2024-10-02,596.7998,601.9385,593.7146,596.6819,447723.0
2024-10-03,590.8161,596.4068,589.4208,593.2724,319400.0
2024-10-04,597.5858,603.6187,594.5596,600.0127,315681.0
2024-10-07,596.4362,599.885,590.2265,591.9165,523067.0
2024-10-08,597.3991,603.825,593.2823,602.6656,481391.0
2024-10-09,604.2563,611.1161,600.9198,610.7618,534858.0
2024-10-10,608.2324,611.6672,606.264,609.5119,453928.0
2024-10-11,609.3938,612.5137,604.0299,606.9333,550455.0
2024-10-14,610.5059,610.5059,603.1146,607.4057,274419.0
2024-10-15,610.0236,613.1927,606.0278,608.1241,419144.0
2024-10-16,606.8349,608.3013,597.859,599.7585,403497.0
2024-10-17,609.2953,609.3544,598.2428,599.601,420237.0
2024-10-18,591.9046,605.7129,590.6252,603.5968,369497.0
2024-10-21,598.6168,605.89,597.5145,604.2267,293063.0
2024-10-22,599.2959,603.5968,595.7134,599.9553,322485.0
2024-10-23,598.4101,600.349,590.1724,592.4951,427013.0
2024-10-24,593.3809,599.168,592.4853,594.434,335054.0
2024-10-25,599.4534,607.4647,598.2231,599.6404,316467.0
2024-10-28,603.154,604.0693,598.2822,602.4158,431321.0
2024-10-29,602.406,615.7123,599.7486,613.8423,344661.0
2024-10-30,613.0648,619.5211,610.1024,611.2933,350946.0
2024-10-31,610.3681,611.9133,598.9318,600.6541,515437.0
2024-11-01,595.4379,616.48,593.4695,611.9133,596518.0
2024-11-04,613.1534,614.6494,606.0967,609.2264,485417.0
2024-11-05,610.063,612.4546,601.0576,609.0493,724117.0
2024-11-06,632.2566,657.4421,632.2566,638.1421,1453881.0
2024-11-07,641.4391,664.4299,641.4391,663.4949,768718.0
2024-11-08,667.2841,677.9921,661.6053,673.4058,650841.0
2024-11-11,672.9826,687.9128,671.5161,686.3283,588207.0
2024-11-12,684.0154,692.7551,683.3265,688.4148,559119.0
2024-11-13,686.2298,703.4828,684.0351,695.0876,523603.0
2024-11-14,690.4914,694.8416,682.4407,689.6844,566309.0
2024-11-15,680.2361,681.8994,669.4592,676.9981,675383.0
2024-11-18,674.8033,677.2441,665.109,668.0813,633302.0
2024-11-19,626.0463,636.6461,622.4048,633.9888,1177700.0
2024-11-20,631.4299,641.9706,627.5226,640.3172,778720.0
2024-11-21,649.3521,670.8174,646.37,667.973,800412.0
2024-11-22,657.6193,664.3315,629.0481,630.0028,1479841.0
2024-11-25,631.4692,640.8191,622.8772,624.5897,908546.0
2024-11-26,622.9953,631.361,620.3675,628.7332,776112.0
2024-11-27,623.9008,630.9575,621.2238,626.1152,598814.0
2024-11-29,630.7508,635.16,626.2727,631.5874,264979.0
2024-12-02,626.9813,630.2685,621.6864,624.0484,550768.0
2024-12-03,619.6491,626.6172,616.4996,625.9676,409153.0
2024-12-04,628.9005,649.9524,626.8731,644.2933,621784.0
2024-12-05,641.6557,642.7383,631.3118,638.4472,454040.0
2024-12-06,638.9098,643.7717,635.6127,636.2524,368464.0
2024-12-09,633.4376,640.4943,630.052,636.3607,393142.0
2024-12-10,639.0279,648.8206,634.5104,636.843,516016.0
2024-12-11,636.843,660.1388,636.0458,659.9617,662864.0
2024-12-12,663.3768,665.4633,652.472,661.625,569952.0
2024-12-13,658.4165,662.0679,643.6339,646.0747,652231.0
2024-12-16,646.3995,662.2844,646.3995,660.8868,466294.0
2024-12-17,659.4105,669.1049,653.5447,667.0577,657194.0
2024-12-18,666.3097,666.3097,637.0792,639.5396,828077.0
2024-12-19,643.4272,651.4878,626.6467,626.8829,663992.0
2024-12-20,618.3499,638.7326,614.1671,633.2211,1128627.0
2024-12-23,630.5244,632.0991,623.7335,628.2116,385442.0
2024-12-24,628.9005,635.3371,626.0266,635.0911,142342.0
2024-12-26,631.2134,638.7326,630.672,635.9769,181351.0
2024-12-27,633.0735,633.0735,621.2041,628.4773,290919.0
2024-12-30,622.8477,624.1075,613.5569,620.338,232010.0
2024-12-31,620.9285,623.6449,616.4898,618.5665,391708.0
2025-01-02,625.9676,627.6506,609.6398,612.9467,385739.0
2025-01-03,618.5665,621.0269,614.6494,620.2691,292917.0
2025-01-06,617.0606,623.389,613.1534,615.2792,402151.0
2025-01-07,613.5077,616.7457,602.2485,605.703,347677.0
2025-01-08,606.6715,617.6931,603.99,616.1552,460916.0
2025-01-10,610.9993,624.6432,608.5445,614.5976,811091.0
2025-01-13,611.5908,613.1878,603.6252,604.5322,528445.0
2025-01-14,606.287,615.1496,605.5575,614.9623,656148.0
2025-01-15,614.9623,618.6099,601.9592,612.6456,730468.0
2025-01-16,614.4891,614.913,598.144,598.6665,1130190.0
2025-01-17,607.1447,607.1447,587.7533,595.571,1417815.0
2025-01-21,597.4046,602.4028,594.1415,600.7762,594106.0
2025-01-22,601.0424,608.791,601.0424,603.014,356069.0
2025-01-23,600.1748,600.1748,589.0251,589.8236,904882.0
2025-01-24,593.4613,593.9937,587.0041,589.4785,748351.0
2025-01-27,577.7669,605.6856,577.6978,598.0257,688391.0
2025-01-28,599.9974,605.0153,591.6868,592.1502,689739.0
2025-01-29,591.1545,594.9894,581.8285,584.5888,615838.0
2025-01-30,586.9055,597.0793,585.2888,596.0343,473897.0
2025-01-31,596.3104,602.2451,591.3615,592.9881,524612.0
2025-02-03,591.5882,593.3036,576.7219,592.2487,983377.0
2025-02-04,587.8914,599.8594,581.7595,583.3368,563805.0
2025-02-05,585.0127,585.1803,571.8716,579.9258,918085.0
2025-02-06,579.9258,586.7281,577.5007,581.8383,591379.0
2025-02-07,582.5186,587.7336,569.0422,570.6491,527444.0
2025-02-10,566.8537,580.4582,566.8537,578.5259,619914.0
2025-02-11,572.8574,583.5931,572.8574,577.5795,936528.0
2025-02-12,569.8802,572.749,560.6528,568.3719,774586.0
2025-02-13,572.3349,583.6128,570.797,575.6276,704725.0
2025-02-14,576.4064,583.0115,571.8716,579.0583,609352.0
2025-02-18,581.5032,581.6806,567.8987,571.7237,982558.0
2025-02-19,570.5407,574.6221,567.4353,573.9418,931074.0
2025-02-20,574.7601,577.7964,565.2665,570.8759,804843.0
2025-02-21,571.7927,573.9024,553.2985,557.4587,905100.0
2025-02-24,557.9418,564.6356,555.3096,559.2036,923980.0
2025-02-25,560.2683,563.3244,545.402,547.7581,1136731.0
2025-02-26,626.4966,629.9371,606.7109,616.6481,2487727.0
2025-02-27,616.1453,619.093,591.1347,591.9136,1073803.0
2025-02-28,592.4065,606.1391,589.8926,605.1434,1040635.0
2025-03-03,609.1065,612.0147,590.908,592.5741,535356.0
2025-03-04,600.2734,600.2734,578.9597,589.5968,695689.0
2025-03-05,600.2931,609.6388,592.6924,608.7614,668763.0
2025-03-06,604.335,611.0781,593.9247,597.7793,601825.0
2025-03-07,597.2765,605.9222,586.107,600.9734,779697.0
2025-03-10,595.3344,597.7595,567.2875,571.566,906371.0
2025-03-11,571.566,586.6788,569.1901,578.3978,900671.0
2025-03-12,580.6652,588.8082,577.2838,582.765,806505.0
2025-03-13,577.7767,577.8753,555.7335,573.0842,739964.0
2025-03-14,580.8722,593.0177,578.5161,590.3165,721439.0
2025-03-17,586.9844,596.754,583.534,593.5796,415254.0
2025-03-18,590.4151,593.0374,583.4157,590.5432,441557.0
2025-03-19,597.1976,600.4114,589.0349,594.5654,357130.0
2025-03-20,590.6221,597.0004,587.635,591.9136,357334.0
2025-03-21,584.5888,596.6751,581.6609,595.4823,689879.0
2025-03-24,601.3578,605.5871,596.7047,604.4041,593860.0
2025-03-25,602.8563,612.133,596.6357,609.9543,440784.0
2025-03-26,609.3332,611.4823,604.3843,606.149,425638.0
2025-03-27,605.8532,611.8175,603.6351,606.5827,469051.0
2025-03-28,602.9056,605.0941,587.1125,590.4348,534675.0
2025-03-31,591.8347,609.2445,585.3183,605.2913,1074732.0
2025-04-01,602.2155,608.377,597.5624,605.0843,618901.0
2025-04-02,596.4878,616.1453,596.3892,612.1133,737768.0
2025-04-03,595.4428,607.6967,589.725,590.0503,1080447.0
2025-04-04,579.7681,585.7915,552.9929,553.5745,1388806.0
2025-04-07,540.2461,567.7311,525.0938,548.3595,1349521.0
2025-04-08,556.6306,560.5542,529.9343,536.3619,1231407.0
2025-04-09,533.7731,590.0736,531.3734,588.0294,1151153.0
2025-04-10,575.8232,578.6772,551.6972,570.283,848979.0
2025-04-11,569.0288,581.1362,562.3727,579.7339,534723.0
2025-04-14,592.5326,592.5326,578.5192,586.1629,371388.0
2025-04-15,591.5154,593.0857,583.9903,586.6863,379853.0
2025-04-16,580.3363,590.6266,573.8481,580.761,771335.0
2025-04-17,585.4617,586.5184,577.5514,578.0946,718779.0
2025-04-21,571.2311,574.1345,552.1416,561.7604,636123.0
2025-04-22,568.3573,577.5613,564.3577,576.2972,493620.0
2025-04-23,589.1552,601.154,586.4197,588.6318,686881.0
2025-04-24,591.3772,609.4198,589.2441,607.1781,721433.0
2025-04-25,608.3927,617.4289,605.3412,616.3524,564368.0
2025-04-28,615.5624,620.7767,606.9213,610.5357,475470.0
2025-04-29,610.9801,616.4216,608.4125,615.3945,272587.0
2025-04-30,606.4473,621.4778,602.6254,619.6607,322176.0
2025-05-01,616.7277,627.2748,614.6736,615.434,483731.0
2025-05-02,625.5762,628.8845,619.7397,623.8183,544789.0
2025-05-05,622.8209,633.526,621.5568,624.3121,486438.0
2025-05-06,617.6066,626.0206,615.1871,618.7522,272643.0
2025-05-07,618.8016,634.4741,618.8016,633.1606,647420.0
2025-05-08,635.5209,654.2548,633.3285,647.9147,818922.0
2025-05-09,647.1049,649.9984,641.9696,645.7421,345774.0
2025-05-12,656.3978,662.254,646.7691,654.0573,709459.0
2025-05-13,652.2204,653.1586,643.6188,648.6257,574809.0
2025-05-14,647.8357,652.25,643.9941,644.7051,748268.0
2025-05-15,646.1766,657.0891,644.0435,653.0796,551860.0
2025-05-16,661.5725,664.4365,653.9486,661.9379,560453.0
2025-05-19,658.1655,666.5992,654.9362,662.5107,397169.0
2025-05-20,658.0667,663.1428,654.9757,662.807,301594.0
2025-05-21,660.4171,662.7181,651.3909,651.7661,509676.0
2025-05-22,654.2646,659.8345,650.7983,657.7803,635808.0
2025-05-23,711.5329,725.0427,705.1138,711.1675,2814025.0
2025-05-27,716.4114,742.6014,713.4587,742.6014,1816526.0
2025-05-28,742.6409,749.3266,741.6533,745.0604,1011195.0
2025-05-29,750.0475,750.0475,737.5155,747.7959,567376.0
2025-05-30,750.5413,751.5486,737.9698,744.0926,580139.0
2025-06-02,740.1819,755.5581,739.0264,755.4692,661473.0
2025-06-03,753.3361,758.5306,748.7242,755.1433,517301.0
2025-06-04,752.8423,758.501,752.5164,757.2666,443740.0
2025-06-05,756.5358,763.8239,754.3039,757.0987,447314.0
2025-06-06,760.5551,762.2537,754.7483,761.9772,566982.0
2025-06-09,760.6341,762.392,753.1485,754.8668,449850.0
2025-06-10,752.8719,756.6543,744.7246,752.6152,565912.0
2025-06-11,749.3661,755.9334,745.1394,755.2322,481852.0
2025-06-12,753.8496,761.1773,753.8496,756.674,454037.0
2025-06-13,749.8895,753.5139,742.9767,744.5962,447362.0
2025-06-16,752.3387,760.3379,748.1416,758.5208,479582.0
2025-06-17,758.896,760.0613,752.1708,755.3803,386243.0
2025-06-18,752.8818,756.0618,741.041,745.4357,814060.0
2025-06-20,751.1931,752.9016,745.6529,751.6671,714013.0
2025-06-23,750.2154,755.4791,745.011,753.0596,335295.0
2025-06-24,759.5676,761.5427,748.7045,749.5834,686204.0
2025-06-25,748.8032,750.1661,741.7126,748.428,462920.0
2025-06-26,749.929,763.7647,749.0896,763.2413,437654.0
2025-06-27,761.5624,777.4226,761.5624,766.9051,771033.0
2025-06-30,772.781,780.6617,769.4234,777.8274,500389.0
2025-07-01,778.8841,780.7605,756.279,769.9073,544431.0
2025-07-02,764.2683,765.6805,756.3679,764.0708,451388.0
2025-07-03,767.8927,774.7759,767.0236,770.9244,247281.0
2025-07-07,771.1417,778.3212,769.0678,773.8575,427345.0
2025-07-08,774.8055,774.8549,766.1842,771.754,371763.0
2025-07-09,772.9467,773.273,756.5113,760.012,486908.0
2025-07-10,759.8933,761.4261,736.8521,739.5914,703398.0
2025-07-11,737.2675,743.5074,735.2403,739.5914,296428.0
2025-07-14,740.8176,750.4395,739.1859,744.3875,418302.0
2025-07-15,742.5679,746.1181,734.637,737.663,491537.0
2025-07-16,743.448,743.448,734.1426,742.38,405183.0
2025-07-17,740.8868,748.0464,740.5902,746.9784,293515.0
2025-07-18,754.7511,754.7511,742.4987,744.2688,490576.0
2025-07-21,745.6137,759.4087,743.1613,755.206,438003.0
2025-07-22,758.9242,762.5534,751.8437,758.2616,369800.0
2025-07-23,757.2826,769.4163,751.0823,767.3792,957280.0
2025-07-24,769.357,775.4584,766.6573,772.5313,599923.0
2025-07-25,774.2124,781.7181,771.8292,777.2187,415146.0
2025-07-28,776.3089,791.607,774.3014,789.8567,550308.0
2025-07-29,795.5428,798.9545,786.0,797.3821,523880.0
2025-07-30,795.9285,804.6604,792.0619,798.4205,607628.0
2025-07-31,798.1831,798.1831,775.2211,776.4078,509217.0
2025-08-01,777.4066,778.6328,763.7698,767.5275,377910.0
2025-08-04,775.4683,781.7577,772.6302,776.1507,485280.0
2025-08-05,776.6946,785.2682,759.389,760.724,272302.0
2025-08-06,765.2729,771.0084,757.1739,770.8107,451800.0
2025-08-07,774.7761,777.545,743.6854,753.1491,495469.0
2025-08-08,754.2863,754.2863,738.9387,740.6792,579213.0
2025-08-11,739.3145,742.2119,694.8737,698.2459,1214685.0
2025-08-12,699.215,706.5328,691.2841,705.5538,864367.0
2025-08-13,706.6218,709.5785,696.1395,703.8034,474097.0
2025-08-14,704.0803,708.026,698.2755,702.7453,453620.0
2025-08-15,704.4264,712.1002,699.6402,708.7775,680872.0
2025-08-18,709.1335,713.5242,706.8986,709.2423,558853.0
2025-08-19,707.136,711.1113,691.0072,693.2421,993889.0
2025-08-20,696.1593,697.2669,687.9614,691.383,741503.0
2025-08-21,689.2667,693.2124,685.1233,690.0084,899409.0
2025-08-22,647.7234,662.9425,635.3722,655.2983,3385883.0
2025-08-25,657.6024,662.982,648.4651,649.6617,840567.0
2025-08-26,650.6901,659.0166,649.1474,652.213,1110958.0
2025-08-27,655.1302,656.9498,647.0905,655.8027,674526.0
2025-08-28,656.2872,667.1354,654.6259,660.7768,739559.0
2025-08-29,660.4999,666.2552,656.9696,659.5901,594079.0
2025-09-02,647.9805,657.286,647.7926,654.6358,615175.0
2025-09-03,656.9102,662.4777,650.9868,661.2515,850840.0
2025-09-04,657.464,664.3467,651.9064,660.8658,699424.0
2025-09-05,664.7521,669.479,659.8373,665.3455,625552.0
2025-09-08,669.0637,671.8622,660.5394,664.2181,427649.0
2025-09-09,661.8745,666.2157,657.375,663.4369,528062.0
2025-09-10,661.9536,662.4876,646.0918,648.9694,1611643.0
2025-09-11,652.9547,658.9869,649.6122,653.1821,1049538.0
2025-09-12,653.0634,653.0634,638.1411,638.8531,999730.0
2025-09-15,640.2474,645.3896,633.1373,644.0942,970912.0
2025-09-16,644.737,647.8322,637.3005,644.0645,629958.0
2025-09-17,646.4181,658.6309,645.2512,655.3181,737650.0
2025-09-18,659.6692,685.6771,658.1364,667.4617,1200651.0
2025-09-19,685.1628,692.2235,675.3629,680.2777,1497316.0
2025-09-22,678.9032,697.2471,677.934,694.2903,765096.0
2025-09-23,692.0257,694.7353,686.5077,691.4126,851455.0
2025-09-24,695.8923,695.8923,681.3062,687.0714,610718.0
2025-09-25,683.9069,688.0603,675.9266,684.9848,526932.0
2025-09-26,684.9947,692.2235,682.5423,690.5028,475347.0
2025-09-29,692.2828,696.1395,683.7883,686.9725,467203.0
2025-09-30,689.2766,694.32,672.5644,675.3234,665097.0
2025-10-01,672.4852,678.5669,666.5915,671.9512,846536.0
2025-10-02,669.2516,675.3629,660.935,674.285,1002481.0
2025-10-03,669.5384,680.7227,669.5384,672.3864,457113.0
2025-10-06,659.2143,668.6582,651.0164,662.6458,1091543.0
2025-10-07,663.4666,664.2676,647.0708,650.6802,561879.0
2025-10-08,652.2459,656.6346,647.9462,650.4923,604503.0
2025-10-09,648.9072,651.8793,637.1773,638.921,739334.0
2025-10-10,638.1779,647.1041,635.2653,635.8201,913169.0
2025-10-13,637.217,650.3635,636.6622,649.5809,421046.0
2025-10-14,639.8126,654.5641,638.4553,651.0471,260718.0
2025-10-15,650.9877,651.3047,641.7345,646.6187,340396.0
2025-10-16,652.7709,653.2663,636.7612,640.9717,432130.0
2025-10-17,641.5463,656.1195,640.8132,655.2378,553886.0
2025-10-20,657.1102,662.6383,652.3548,658.5863,284589.0
2025-10-21,659.478,670.5837,654.8514,668.7608,363878.0
2025-10-22,668.3348,676.1217,664.1937,664.5305,404026.0
2025-10-23,665.2141,674.6455,663.3318,671.4159,463577.0
2025-10-24,677.895,681.6002,673.8827,676.7359,326736.0
2025-10-27,680.5798,682.7594,670.9899,677.0331,381593.0
2025-10-28,678.3607,682.4919,671.931,672.6146,395335.0
2025-10-29,661.3702,663.3912,643.0621,649.9375,662183.0
2025-10-30,647.4509,659.7355,646.4305,650.0762,538043.0
2025-10-31,649.6403,665.6401,647.7085,661.3405,653103.0
2025-11-03,663.5002,670.8214,654.4254,669.9001,680602.0
2025-11-04,669.9001,669.9001,647.4608,654.2768,759923.0
2025-11-05,650.74,656.4266,647.6391,649.2341,685778.0
2025-11-06,642.8243,653.2266,634.6114,647.5599,1033937.0
2025-11-07,647.6688,648.5208,627.5775,642.8144,874369.0
2025-11-10,643.498,648.2038,639.4163,647.1933,488166.0
2025-11-11,647.0249,651.3641,642.7649,648.2335,544250.0
2025-11-12,649.3926,655.3566,645.6577,653.1672,678093.0
2025-11-13,649.4125,656.4167,642.963,644.0627,839432.0
2025-11-14,644.5184,660.6173,638.3662,656.2483,714689.0
2025-11-17,656.3374,658.2792,637.5043,639.9711,707654.0
2025-11-18,649.6998,655.8421,638.1581,643.6862,1396401.0
2025-11-19,642.5469,650.7004,639.8621,644.5679,607689.0
2025-11-20,647.54,658.3585,631.5105,631.5105,1287478.0
2025-11-21,663.3714,675.9235,653.3753,656.9814,2050143.0
2025-11-24,659.1906,664.7683,641.1302,647.1537,1297428.0
2025-11-25,645.4893,652.3449,634.3836,642.0417,945489.0
2025-11-26,641.4076,645.8162,614.0544,623.2778,1278320.0
2025-11-28,623.2778,629.0239,620.6624,628.1818,446535.0
2025-12-01,623.258,629.9948,621.3064,625.7447,976540.0
2025-12-02,626.9632,629.8264,618.1857,629.7174,681240.0
2025-12-03,624.9918,642.0714,624.0308,641.6553,986573.0
2025-12-04,642.5568,659.1312,641.4869,656.912,1229960.0
2025-12-05,658.299,670.3063,657.3678,667.3639,1431387.0
2025-12-08,664.798,665.5311,647.6589,650.1357,952055.0
2025-12-09,647.3023,654.6235,644.4193,649.6502,742225.0
2025-12-10,647.867,663.203,646.6781,656.2681,798864.0
2025-12-11,653.296,672.0202,651.8,669.7218,1083174.0
2025-12-12,673.0802,674.8635,660.6668,664.689,1087938.0
2025-12-15,663.8073,665.1249,646.9456,648.5109,847650.0
2025-12-16,648.1444,665.2636,642.1804,663.1237,945510.0
2025-12-17,666.1057,669.9199,654.0192,654.6334,1016863.0
2025-12-18,658.0811,670.2468,655.3467,662.6581,964096.0
2025-12-19,661.0036,669.3156,659.2501,665.0556,1053279.0
2025-12-22,668.9391,672.9415,664.7584,668.9292,523586.0
2025-12-23,665.3924,669.7119,660.2012,667.8692,427031.0
2025-12-24,666.4128,670.2072,665.7788,668.5527,143978.0
2025-12-26,668.0673,671.822,666.9577,670.2567,266697.0
2025-12-29,666.5416,672.258,664.7485,667.8791,386670.0
2025-12-30,665.442,667.998,662.3807,663.6488,509866.0
2025-12-31,661.8061,663.5695,656.0501,656.2582,378396.0
2026-01-02,654.8811,655.8322,616.442,623.6048,1416915.0
2026-01-05,623.8326,633.5712,613.9356,627.944,1112082.0
2026-01-06,625.3286,643.2008,621.881,641.1798,1457671.0
2026-01-07,643.9537,651.1264,639.5847,645.093,776840.0
2026-01-08,634.7877,651.7003,632.7828,646.6781,732491.0
2026-01-09,645.5864,647.8295,631.2444,642.0629,691148.0
2026-01-12,634.3609,638.1524,623.9394,630.6886,843777.0
2026-01-13,627.6217,632.495,599.8708,600.7541,1207065.0
2026-01-14,586.571,588.2285,552.4977,562.3633,3095975.0
2026-01-15,561.3708,567.0679,547.5053,550.4332,2205562.0
2026-01-16,548.6467,549.8575,531.0989,541.2127,2569629.0
2026-01-20,533.739,536.8654,522.8014,524.9949,1988445.0
2026-01-21,528.022,533.4114,516.7966,520.995,1463468.0
2026-01-22,524.5184,544.1505,522.9006,543.5947,1869833.0
2026-01-23,541.5402,560.3485,541.5402,559.753,2153560.0
2026-01-26,559.9317,565.1225,557.4702,557.5694,1210675.0
2026-01-27,554.7805,557.3709,533.3221,541.3219,1543267.0
2026-01-28,544.6567,548.865,533.332,534.672,1356025.0
2026-01-29,508.6282,509.8787,488.0432,499.219,3970453.0
2026-01-30,500.5192,502.3256,492.9463,495.1894,2047553.0
2026-02-02,496.6683,498.8617,482.9814,483.4776,1832423.0
2026-02-03,464.9969,466.4757,424.0553,430.8442,5115230.0
2026-02-04,424.7401,447.1215,408.036,442.3078,4740118.0
2026-02-05,444.8189,456.9773,427.9162,431.658,2989145.0
2026-02-06,433.8515,444.6501,432.1444,440.4518,2138003.0
2026-02-09,435.3899,437.8613,427.7177,434.2287,1996572.0
2026-02-10,431.4198,447.717,417.2168,418.2391,3390101.0
2026-02-11,416.4625,418.8446,389.446,396.7014,4264282.0
2026-02-12,394.9744,405.9418,388.2252,394.9843,2840122.0
2026-02-13,394.0315,404.3438,386.4089,396.4135,2751363.0
2026-02-17,390.1408,394.0315,372.593,376.3348,3726520.0
2026-02-18,377.4067,395.153,372.6923,386.657,3246845.0
2026-02-19,387.4511,387.5801,376.3249,378.6871,1862418.0
2026-02-20,378.2405,390.0217,376.047,377.7045,2853160.0
2026-02-23,372.1364,372.1464,346.3904,356.8615,3528474.0
2026-02-24,365.2583,370.0521,353.8542,356.0278,4318462.0
2026-02-25,353.884,378.7367,350.8865,378.3794,3460537.0
2026-02-26,384.4437,403.4208,382.677,391.4708,6868176.0
2026-02-27,381.8036,406.5671,381.7937,405.9715,4823732.0
2026-03-02,399.4407,426.4175,398.4482,415.9265,3728339.0
2026-03-03,411.49,435.2212,408.5223,430.1097,3822100.0
2026-03-04,429.4546,438.7446,423.956,436.8489,2437597.0
2026-03-05,435.648,467.8553,435.648,463.2996,5051683.0
2026-03-06,463.5081,479.5969,460.1335,477.5721,3531946.0
2026-03-09,472.1529,477.4034,462.6148,470.1282,2443569.0
2026-03-10,471.885,471.885,444.9181,450.5557,2725278.0
2026-03-11,454.5654,455.0716,432.2535,437.1566,1739271.0
2026-03-12,437.107,447.2803,431.1816,431.8764,2076096.0
2026-03-13,426.9733,438.6355,425.7823,436.6703,1327292.0
2026-03-16,441.9902,452.4812,438.8042,448.9279,1919973.0
2026-03-17,452.1338,471.22,451.1015,455.8458,1500264.0
2026-03-18,448.9378,455.558,439.9754,443.4492,1421431.0
2026-03-19,450.7542,466.4856,448.1637,451.836,1632321.0
2026-03-20,441.1664,459.399,437.375,452.1536,1829816.0
2026-03-23,453.027,461.5131,446.3573,453.6027,1581500.0
2026-03-24,447.9949,449.4639,427.9758,429.2164,1489155.0
2026-03-25,434.2981,439.1913,414.0904,423.6682,1289462.0
2026-03-26,420.6311,440.3029,420.6212,429.3157,1164635.0
2026-03-27,423.301,424.2737,406.438,413.3261,1247525.0
2026-03-30,416.2541,429.0576,415.2616,425.822,1136935.0
2026-03-31,425.0379,432.1543,417.5444,429.1469,1301791.0
2026-04-01,428.0254,428.3926,410.6562,422.6856,1448570.0
2026-04-02,426.0602,433.3255,417.3458,419.321,1477743.0
2026-04-06,416.7801,419.4599,408.1253,414.2393,1256853.0
2026-04-07,409.9119,415.8273,404.4629,407.1725,1244987.0
2026-04-08,413.7671,414.1654,383.3121,386.5975,2886093.0
2026-04-09,378.9315,380.3452,352.9864,360.0949,5145771.0
2026-04-10,358.2033,358.8106,340.5913,349.3923,5236550.0
2026-04-13,352.837,368.8163,350.4576,367.8107,2201734.0
2026-04-14,371.9822,376.8009,362.7233,365.1824,1288127.0
2026-04-15,373.3462,390.321,371.1161,388.0013,1726145.0
2026-04-16,398.7238,403.2139,383.999,385.4028,1528451.0
2026-04-17,394.5025,397.4395,387.4935,391.5157,1777894.0
2026-04-20,392.1628,403.0845,390.1816,403.0446,1694334.0
2026-04-21,405.7427,417.1521,398.903,403.0646,1681038.0
2026-04-22,403.7216,411.9552,400.9439,406.8777,2160685.0
2026-04-23,382.5156,384.1185,372.3008,381.6096,2529542.0
2026-04-24,380.0465,394.9804,379.3197,394.2038,1313728.0
2026-04-27,387.9814,397.2304,382.9736,388.2004,1128885.0
2026-04-28,395.6574,402.4274,394.8509,398.6143,1101570.0
2026-04-29,394.9405,395.1496,387.2845,393.3376,993954.0
2026-04-30,382.187,388.4692,378.3241,386.7867,1143367.0
2026-05-01,400.4262,406.6188,385.0742,397.2802,1159302.0
2026-05-04,398.4848,416.3059,397.6386,405.1951,1442243.0
2026-05-05,402.6564,402.8455,388.6185,396.5634,1210824.0
2026-05-06,387.3342,396.5235,379.8275,386.8364,1213937.0
2026-05-07,393.8354,409.9839,393.258,404.986,1344644.0
2026-05-08,393.7956,397.9472,383.5012,394.5622,1316559.0
2026-05-11,390.8387,398.3156,387.2845,391.5555,867573.0
2026-05-12,392.0732,394.4129,383.8895,386.03,1468195.0
2026-05-13,381.5001,383.1727,367.9302,370.0707,1822079.0
2026-05-14,369.9512,384.1284,364.6846,376.6217,1513506.0
2026-05-15,383.3419,397.6286,382.9636,391.2668,1645236.0
2026-05-18,389.8829,405.9617,385.811,401.382,1496786.0
2026-05-19,417.1521,422.1201,396.1552,397.9472,1779282.0
2026-05-20,381.3109,388.7778,374.3418,382.2368,2760526.0
2026-05-21,310.9128,314.1186,301.0265,305.7158,16991389.0
2026-05-22,306.3629,319.6242,305.1582,318.529,9754267.0
2026-05-26,313.8298,315.6617,301.0465,303.0078,6788992.0
2026-05-27,300.2599,313.3121,299.1748,306.3729,5369035.0
2026-05-28,306.6019,317.5932,301.7732,311.6196,4649372.0
2026-05-29,315.6319,331.0535,313.6108,330.0679,4767517.0
2026-06-01,337.2063,361.5783,336.0912,352.1999,4354676.0
2026-06-02,328.4252,330.9639,314.1086,320.7193,4960556.0
2026-06-03,318.5888,318.5888,308.9216,310.0665,3878359.0
2026-06-04,318.3996,319.6939,299.7223,300.6482,4894029.0
2026-06-05,302.3806,305.6461,292.3749,295.4512,3805578.0
2026-06-08,293.9081,304.6903,289.9556,304.1627,3091676.0
2026-06-09,297.4026,307.3784,289.8959,292.4844,3291668.0
2026-06-10,286.4212,291.1005,280.6866,282.9665,4382396.0
2026-06-11,278.9643,281.7519,272.0648,275.6888,3681741.0
2026-06-12,274.8027,275.639,266.828,275.5096,3608305.0
2026-06-15,276.535,286.4212,274.9919,280.5274,2458089.0
2026-06-16,280.9555,283.544,274.1655,279.7508,3106631.0
2026-06-17,278.6158,284.6391,267.296,267.8933,2989791.0
2026-06-18,259.829,268.6798,258.0868,265.8225,4487498.0
2026-06-22,258.2759,266.2506,251.7249,256.6332,4293202.0
2026-06-23,261.1731,262.4176,254.5225,256.912,3816963.0
2026-06-24,256.9817,269.2672,254.9307,261.0835,2968269.0
2026-06-25,255.1398,261.203,252.0933,253.9451,2332363.0
2026-06-26,259.3113,269.9243,258.2361,266.5393,3432527.0
2026-06-29,272.8414,276.3459,264.0603,265.2251,2997153.0
2026-06-30,262.3081,264.9364,257.9673,259.849,2442564.0
2026-07-01,269.7949,274.9321,265.265,265.9021,2749303.0
2026-07-02,269.2075,276.087,267.7639,274.1357,2313952.0
2026-07-06,270.8104,273.7474,262.4972,270.9398,2818784.0
2026-07-07,279.2928,282.5384,273.15,279.93,2726106.0
2026-07-08,277.97,277.97,267.86,270.9,2723636.0
2026-07-09,260.63,273.86,259.37,273.38,2452057.0
2026-07-10,278.17,280.35,272.35,274.96,1517145.0
2026-07-13,278.7,296.0,278.7,289.76,3417598.0
2026-07-14,273.48,287.62,271.7,282.43,2543261.0
2026-07-15,287.6,289.5,278.73,279.7,1835336.0
2026-07-16,286.0,298.45,277.56,294.79,2834266.0
2026-07-17,295.4,302.07,290.01,291.09,2162894.0
2026-07-20,286.01,295.41,279.44,293.82,2347634.0
2026-07-21,280.24,295.38,278.96,289.92,1853518.0
2026-07-22,295.18,296.44,284.0,284.47,1608394.0
2026-07-23,289.1,289.89,278.94,281.53,1382939.0
2026-07-24,286.64,296.7,286.3,296.33,1876485.0
2026-07-27,304.89,310.12,299.62,303.91,2131702.0
2026-07-28,305.73,319.99,305.73,312.99,3838343.0
2026-07-29,313.46,336.94,313.46,333.13,4076078.0
2026-07-30,317.28,318.99,303.8,315.5,3055072.0
2026-07-31,310.43,317.53,306.81,316.07,1745552.0
2026-08-03,324.69,331.15,317.77,318.39,2165224.0
2026-08-04,311.19,324.37,309.04,323.6,1599930.0
2026-08-05,327.31,328.79,320.44,327.94,1425975.0
2026-08-06,319.7,322.65,316.05,321.91,1718494.0
2026-08-07,327.23,336.3,324.64,325.25,1840769.0
2026-08-10,322.82,334.5,321.65,334.43,1503069.0
2026-08-11,332.27,338.09,330.18,336.44,1367824.0
2026-08-12,331.79,336.98,328.6,334.71,1414553.0
2026-08-13,336.66,361.1,336.66,358.29,2778684.0
2026-08-14,359.89,362.0,344.95,345.66,1885396.0
2026-08-17,339.08,344.58,332.1,335.6,2052701.0
2026-08-18,348.01,355.86,343.0,350.41,2286538.0
2026-08-19,349.32,365.38,349.32,362.47,2580795.0
2026-08-20,363.09,366.63,358.38,361.87,1562535.0
2026-08-21,364.9,371.7,360.07,367.0,1566151.0
2026-08-24,366.5,372.98,365.01,369.92,1607094.0
2026-08-25,364.51,367.85,356.02,357.46,3071070.0
2026-08-26,323.46,351.39,322.57,345.88,7510712.0
2026-08-27,353.54,355.5,335.0,348.0,3257870.0
2026-08-28,347.2,358.43,345.25,358.06,2659618.0
2026-08-31,355.34,365.78,355.07,359.3,1600472.0
2026-09-01,353.9,357.21,343.0,344.93,1514946.0
2026-09-02,345.38,348.4,339.32,342.94,1794365.0
2026-09-03,351.93,363.7,340.82,344.3,2299314.0
2026-09-04,341.48,346.0,330.12,332.7,2073285.0
2026-09-08,326.09,326.59,313.05,318.93,2138835.0
2026-09-09,319.07,321.31,312.8,313.94,1291316.0
2026-09-10,314.29,317.39,309.8,312.77,1300537.0
2026-09-11,313.71,323.09,312.77,321.57,1283263.0
2026-09-14,332.02,342.31,329.87,339.15,2080190.0
