timestamp,open,high,low,close,volume
2006-09-21,12.1231,12.1503,12.0194,12.0467,10491600.0
2006-09-22,12.0276,12.0549,11.984,11.9976,9147800.0
2006-09-25,12.0467,12.1667,12.0031,12.1094,11068000.0
2006-09-26,12.1285,12.1994,12.0849,12.1776,8815200.0
2006-09-27,12.1503,12.2458,12.0931,12.1994,9873400.0
2006-09-28,12.2213,12.2703,12.1831,12.2594,9082000.0
2006-09-29,12.2158,12.2594,12.1722,12.1858,7811000.0
2006-10-02,12.2458,12.254,12.1367,12.1394,8110400.0
2006-10-03,12.1367,12.224,12.1367,12.164,10106200.0
2006-10-04,11.9431,12.224,11.9431,12.2185,9233000.0
2006-10-05,12.1967,12.2594,12.1858,12.2131,7417000.0
2006-10-06,12.224,12.2431,12.1803,12.2103,9265200.0
2006-10-09,12.1503,12.1803,12.0467,12.1149,14803600.0
2006-10-10,12.1285,12.134,11.9867,12.0167,19150400.0
2006-10-11,11.9976,12.0412,11.9731,12.0276,9167400.0
2006-10-12,12.0549,12.0685,11.9894,12.014,10380000.0
2006-10-13,12.0331,12.0549,11.9622,12.0112,15112200.0
2006-10-16,12.0412,12.1312,12.0003,12.0712,12959200.0
2006-10-17,12.0276,12.0631,11.9322,11.9458,15402200.0
2006-10-18,11.9785,12.0412,11.924,11.9976,17952600.0
2006-10-19,12.1912,12.3113,12.164,12.2403,33631600.0
2006-10-20,12.3303,12.8513,12.3003,12.7504,49592000.0
2006-10-23,12.7504,12.9549,12.7367,12.8949,28605600.0
2006-10-24,12.8322,12.884,12.7885,12.8376,17769200.0
2006-10-25,12.8595,12.8949,12.8185,12.8595,12801400.0
2006-10-26,12.8622,12.8731,12.7885,12.854,15179200.0
2006-10-27,12.8076,12.824,12.7531,12.7913,11785200.0
2006-10-30,12.8104,12.8704,12.7258,12.7585,10198400.0
2006-10-31,12.7694,12.8022,12.6849,12.7394,9445600.0
2006-11-01,12.7476,12.7913,12.6822,12.7313,9164600.0
2006-11-02,12.6849,12.7722,12.6576,12.734,13598600.0
2006-11-03,12.764,12.7722,12.6549,12.6822,11141000.0
2006-11-06,12.7367,12.7913,12.6358,12.7722,15748000.0
2006-11-07,12.7285,12.8213,12.7013,12.7967,12702800.0
2006-11-08,12.7258,12.8185,12.6904,12.7858,14382600.0
2006-11-09,12.7367,12.8213,12.6904,12.7285,14897800.0
2006-11-10,12.7231,12.7504,12.6222,12.674,8691000.0
2006-11-13,12.6576,12.7094,12.5976,12.6522,12717600.0
2006-11-14,12.6358,12.7122,12.5894,12.6904,12147600.0
2006-11-15,12.674,12.7504,12.6467,12.7258,13006600.0
2006-11-16,12.764,12.8704,12.7504,12.854,14221600.0
2006-11-17,12.854,12.9195,12.8322,12.884,16362800.0
2006-11-20,12.8485,12.9167,12.8076,12.8349,11644600.0
2006-11-21,12.7831,12.8622,12.7694,12.8185,9693200.0
2006-11-22,12.8185,12.8676,12.7858,12.854,6856400.0
2006-11-24,12.7913,12.8704,12.7613,12.7613,4502000.0
2006-11-27,12.7804,12.8076,12.6494,12.7013,16023600.0
2006-11-28,12.6462,12.8054,12.6407,12.7285,11374800.0
2006-11-29,12.7944,12.8521,12.6297,12.8054,12336800.0
2006-11-30,12.7532,12.907,12.7423,12.8493,14332400.0
2006-12-01,12.8082,12.8274,12.6928,12.778,14647800.0
2006-12-04,12.8301,12.9756,12.7807,12.8631,11887600.0
2006-12-05,12.9015,13.1788,12.8631,13.1733,25549000.0
2006-12-06,13.1925,13.3271,13.1596,13.2886,25326800.0
2006-12-07,13.3381,13.4479,13.3133,13.3792,18027600.0
2006-12-08,13.393,13.4479,13.3573,13.4204,15283800.0
2006-12-11,13.4122,13.4973,13.3381,13.393,17552400.0
2006-12-12,13.3875,13.4973,13.371,13.4232,14417800.0
2006-12-13,13.4918,13.4918,13.36,13.4122,12233000.0
2006-12-14,13.4232,13.5,13.3792,13.4451,13823200.0
2006-12-15,13.4534,13.5495,13.2831,13.4287,20552400.0
2006-12-18,13.4122,13.4808,13.404,13.4314,9365800.0
2006-12-19,13.3628,13.4149,13.2886,13.3847,12754200.0
2006-12-20,13.3792,13.404,13.3545,13.3847,11243400.0
2006-12-21,13.3847,13.4177,13.3518,13.3683,12420600.0
2006-12-22,13.3792,13.3985,13.2475,13.2859,7209600.0
2006-12-26,13.2914,13.3435,13.2639,13.3326,4858400.0
2006-12-27,13.3683,13.393,13.2584,13.382,8702800.0
2006-12-28,13.3573,13.4012,13.3161,13.3326,7381600.0
2006-12-29,13.2969,13.3573,13.231,13.2337,10641400.0
2007-01-03,13.2777,13.4204,13.2557,13.3518,14659000.0
2007-01-04,13.2941,13.371,13.2475,13.3408,10833600.0
2007-01-05,13.3161,13.3353,13.2255,13.2365,10892800.0
2007-01-08,13.1816,13.3628,13.1816,13.3298,13458000.0
2007-01-09,13.3271,13.4067,13.3051,13.349,12030800.0
2007-01-10,13.3133,13.3957,13.2804,13.3655,8413600.0
2007-01-11,13.3847,13.4177,13.3435,13.382,10516000.0
2007-01-12,13.3435,13.3628,13.2475,13.3298,12565200.0
2007-01-16,13.3106,13.3683,13.2722,13.3133,10802000.0
2007-01-17,13.3243,13.4149,13.3106,13.3518,12712400.0
2007-01-18,13.2941,13.4534,13.2337,13.2749,14173200.0
2007-01-19,13.2914,13.2969,13.198,13.2502,12249600.0
2007-01-22,13.209,13.2749,13.1761,13.198,11404400.0
2007-01-23,13.22,13.242,13.1623,13.2173,11396600.0
2007-01-24,13.231,13.2337,13.1623,13.2035,8165600.0
2007-01-25,13.198,13.2392,13.1514,13.1678,10612800.0
2007-01-26,13.1788,13.2063,13.1239,13.1349,9347800.0
2007-01-29,13.1129,13.1568,13.058,13.1019,9301600.0
2007-01-30,13.1321,13.1651,13.08,13.1239,8350800.0
2007-01-31,13.1239,13.1706,13.0388,13.1486,8775600.0
2007-02-01,13.1761,13.2529,13.1376,13.2008,9609600.0
2007-02-02,13.2063,13.2914,13.1898,13.2392,10318800.0
2007-02-05,13.209,13.2447,13.1349,13.1514,8382600.0
2007-02-06,13.1788,13.2227,13.1404,13.1871,8175400.0
2007-02-07,13.1871,13.2145,13.1404,13.1816,6568000.0
2007-02-09,13.1019,13.1761,13.08,13.1157,9471000.0
2007-02-12,13.1376,13.2804,13.1239,13.1678,11053600.0
2007-02-13,13.2063,13.2941,13.2035,13.231,15760800.0
2007-02-14,13.3161,13.3298,13.1047,13.1376,30073200.0
2007-02-15,13.1761,13.2063,13.0635,13.1404,14624400.0
2007-02-16,13.1788,13.2063,13.1129,13.1431,16315000.0
2007-02-20,13.047,13.1459,13.0415,13.1074,16495200.0
2007-02-21,13.0553,13.1184,13.047,13.0662,11256600.0
2007-02-22,13.0937,13.1074,12.9647,12.9894,14545200.0
2007-02-23,13.0882,13.1596,12.9537,12.9784,25147400.0
2007-02-26,13.0964,13.1514,13.0635,13.1102,16860000.0
2007-02-27,13.0333,13.1349,12.5089,12.7587,23381000.0
2007-02-28,12.8356,12.8768,12.7176,12.8109,20194400.0
2007-03-01,12.745,12.885,12.7038,12.7615,21264800.0
2007-03-02,12.7532,12.885,12.5775,12.5885,29554600.0
2007-03-05,12.6022,12.8246,12.5665,12.7011,26874200.0
2007-03-06,12.8191,12.9207,12.7807,12.885,21851000.0
2007-03-07,12.8384,12.9043,12.8109,12.8384,20478600.0
2007-03-08,12.8768,13.0031,12.8741,12.9399,16003000.0
2007-03-09,12.9674,13.0882,12.9454,13.0608,21061200.0
2007-03-12,13.0601,13.1762,13.0324,13.1568,19068800.0
2007-03-13,13.0932,13.2619,12.9854,13.0048,27360400.0
2007-03-14,13.0656,13.0905,12.8831,13.002,30606000.0
2007-03-15,12.9826,13.0324,12.908,13.0158,17837200.0
2007-03-16,13.0656,13.0822,12.9467,13.0462,23851600.0
2007-03-19,13.0905,13.1347,13.0075,13.0932,13373600.0
2007-03-20,13.1126,13.2039,13.0628,13.1679,13479200.0
2007-03-21,13.19,13.3698,13.0988,13.3421,20979200.0
2007-03-22,13.2481,13.3947,13.2481,13.3421,14887000.0
2007-03-23,13.3089,13.3476,13.2647,13.2896,14945800.0
2007-03-26,13.2592,13.3255,13.1845,13.3255,13624600.0
2007-03-27,13.273,13.32,13.2315,13.2813,12721000.0
2007-03-28,13.2149,13.3559,13.1596,13.2426,14609400.0
2007-03-29,13.1651,13.3836,12.955,13.2979,16707200.0
2007-03-30,13.3449,13.4112,13.1624,13.273,14991600.0
2007-04-02,13.3283,13.4555,13.2868,13.4112,18043800.0
2007-04-03,13.4195,13.591,13.4195,13.5467,17971600.0
2007-04-04,13.5523,13.7265,13.5329,13.6767,21455800.0
2007-04-05,13.6435,13.7624,13.6325,13.6905,15760600.0
2007-04-09,13.7154,13.8122,13.6684,13.732,14249600.0
2007-04-10,13.7652,13.9118,13.7292,13.8537,22113800.0
2007-04-11,13.8482,13.8813,13.7154,13.7182,21659000.0
2007-04-12,13.7292,13.8122,13.6629,13.7292,15178200.0
2007-04-13,13.9062,13.9062,13.685,13.7956,13238200.0
2007-04-16,13.8288,13.9477,13.8067,13.8869,19323400.0
2007-04-17,14.1164,14.4288,13.6463,14.2685,45019400.0
2007-04-18,14.2657,14.3072,14.1993,14.2823,19772400.0
2007-04-19,14.2021,14.3514,14.1883,14.3155,17953000.0
2007-04-20,14.3929,14.4205,14.274,14.415,18954200.0
2007-04-23,14.3652,14.404,14.2657,14.2851,13309000.0
2007-04-24,14.3735,14.3735,14.2049,14.2933,15061800.0
2007-04-25,14.3763,14.3957,14.238,14.3072,13129600.0
2007-04-26,14.3763,14.4427,14.1164,14.4012,14309600.0
2007-04-27,14.3376,14.4123,14.3099,14.3984,13397600.0
2007-04-30,14.3569,14.4759,14.3376,14.4344,19891200.0
2007-05-01,14.4316,14.556,14.415,14.5477,19848200.0
2007-05-02,14.545,14.6362,14.5173,14.5809,16591400.0
2007-05-03,14.6003,14.6556,14.5422,14.6335,15589000.0
2007-05-04,14.6556,14.7441,14.6418,14.7247,17757000.0
2007-05-07,14.7137,14.8353,14.6971,14.8243,13742400.0
2007-05-08,14.7551,14.7994,14.6335,14.6805,13773200.0
2007-05-09,14.6805,14.7662,14.6141,14.6832,10439000.0
2007-05-10,14.6418,14.6667,14.498,14.5229,13851400.0
2007-05-11,14.5035,14.5809,14.4261,14.5782,12359400.0
2007-05-14,14.5284,14.6445,14.5173,14.5533,9959400.0
2007-05-15,14.462,14.5975,14.4233,14.509,19356800.0
2007-05-16,14.5173,14.5975,14.415,14.5865,13974000.0
2007-05-17,14.6501,14.6528,14.4067,14.4288,16057800.0
2007-05-18,14.4786,14.5588,14.404,14.5477,22637800.0
2007-05-21,14.5533,14.5865,14.3099,14.3514,18818000.0
2007-05-22,14.3652,14.3708,14.2187,14.2297,18077800.0
2007-05-23,14.2795,14.3155,14.1689,14.1827,14196200.0
2007-05-24,14.1772,14.3099,14.144,14.1772,16694400.0
2007-05-25,14.2574,14.4288,14.238,14.3487,17718200.0
2007-05-29,14.3874,14.4759,14.3542,14.4316,16138400.0
2007-05-30,14.4814,14.6694,14.3569,14.6584,26811000.0
2007-05-31,14.6445,14.7828,14.6224,14.6556,17709600.0
2007-06-01,14.6584,14.6915,14.498,14.5948,13217600.0
2007-06-04,14.5892,14.6003,14.4371,14.5588,12805200.0
2007-06-05,14.509,14.5588,14.4067,14.4676,17199000.0
2007-06-06,14.4482,14.4676,14.3348,14.3791,10376800.0
2007-06-07,14.3763,14.4012,14.1744,14.1883,17376000.0
2007-06-08,14.1717,14.3016,14.1108,14.2851,12558200.0
2007-06-11,14.2878,14.3376,14.191,14.2823,9768000.0
2007-06-12,14.1969,14.3166,14.119,14.144,16513800.0
2007-06-13,14.2442,14.3361,14.2136,14.2971,17611200.0
2007-06-14,14.2971,14.389,14.2164,14.2832,16189600.0
2007-06-15,14.3612,15.856,14.2971,14.3584,18768400.0
2007-06-18,14.3584,14.4781,14.3445,14.4113,10393400.0
2007-06-19,14.3584,14.3862,14.2275,14.3083,18584000.0
2007-06-20,14.3472,14.4976,14.286,14.3222,17891400.0
2007-06-21,14.3083,14.517,14.2971,14.5003,17645400.0
2007-06-22,14.4892,14.5477,14.3194,14.3779,21044200.0
2007-06-25,14.3834,14.4864,14.3361,14.4001,20651800.0
2007-06-26,14.4475,14.5699,14.3695,14.4614,20655600.0
2007-06-27,14.4057,14.62,14.4057,14.5978,17053800.0
2007-06-28,14.6729,14.7314,14.5365,14.6479,15001800.0
2007-06-29,14.7091,14.7397,14.4614,14.5588,15990400.0
2007-07-02,14.6562,14.7509,14.5644,14.634,15342200.0
2007-07-03,14.7008,14.7481,14.6145,14.737,7703400.0
2007-07-05,14.7258,14.7537,14.6061,14.659,8784200.0
2007-07-06,14.6284,14.6562,14.5588,14.6423,10222600.0
2007-07-09,14.6785,14.7537,14.634,14.6674,16365600.0
2007-07-10,14.737,14.737,14.4948,14.4948,13556200.0
2007-07-11,14.4781,14.5504,14.4196,14.5087,11255000.0
2007-07-12,14.517,14.6562,14.4892,14.6562,17513000.0
2007-07-13,14.6507,14.826,14.6117,14.7871,12280400.0
2007-07-16,14.865,15.1684,14.8539,14.9986,32088600.0
2007-07-17,15.1239,15.1378,14.7008,14.7759,31357400.0
2007-07-18,14.84,14.9151,14.7731,14.8706,23959800.0
2007-07-19,15.0042,15.0153,14.8734,14.9402,13871000.0
2007-07-20,14.9597,15.0042,14.7787,14.7954,20885000.0
2007-07-23,14.7982,14.9624,14.7954,14.9262,12952600.0
2007-07-24,14.7453,14.9764,14.7425,14.8233,16885000.0
2007-07-25,14.8845,15.0877,14.8038,15.0459,23252000.0
2007-07-26,14.7954,15.0933,14.6312,14.7704,26937000.0
2007-07-27,14.6507,14.7787,14.5365,14.5449,21906800.0
2007-07-30,14.7704,15.2547,14.4168,14.5839,18580000.0
2007-07-31,14.6813,14.7175,14.4864,14.4864,14999400.0
2007-08-01,14.5755,14.8873,14.5254,14.826,22766200.0
2007-08-02,14.7982,14.9764,14.7982,14.9262,18826000.0
2007-08-03,14.9819,15.1016,14.8205,14.8316,19913000.0
2007-08-06,14.7954,15.1016,14.7954,15.0961,21755600.0
2007-08-07,15.0181,15.2519,14.9513,15.1573,21262600.0
2007-08-08,15.1406,15.5554,15.1378,15.5554,23690200.0
2007-08-09,15.2575,15.7864,15.2575,15.6166,31395400.0
2007-08-10,15.4218,15.625,15.0599,15.2937,28214600.0
2007-08-13,15.3076,15.3382,15.0905,15.1768,17569600.0
2007-08-14,15.2492,15.2686,14.9764,15.0515,17590200.0
2007-08-15,15.0766,15.2185,14.9235,14.9764,12621200.0
2007-08-16,14.8928,15.1128,14.7063,14.9235,26733600.0
2007-08-17,15.2909,15.8254,14.7982,15.174,22677200.0
2007-08-20,15.1378,15.277,15.0738,15.1796,14569600.0
2007-08-21,15.1434,15.2686,15.0265,15.0404,11450200.0
2007-08-22,15.135,15.1712,14.9708,15.0181,14374800.0
2007-08-23,14.9986,15.0794,14.9262,15.0209,13250000.0
2007-08-24,14.9346,15.2352,14.9346,15.0292,11339800.0
2007-08-27,15.0265,15.0738,14.9485,15.0209,8830000.0
2007-08-28,15.032,15.032,14.8038,14.8427,12422000.0
2007-08-29,14.8873,14.9485,14.7759,14.9068,12618000.0
2007-08-30,14.8149,14.9318,14.7898,14.8678,11252600.0
2007-08-31,14.968,15.0265,14.8622,14.9597,9452600.0
2007-09-04,14.9402,15.1545,14.9402,15.1378,9355200.0
2007-09-05,15.0682,15.1295,14.8539,14.9402,16444200.0
2007-09-06,14.9068,15.3215,14.8093,15.2074,17277200.0
2007-09-07,15.1963,15.3104,15.0627,15.1963,17929400.0
2007-09-10,15.1991,15.316,15.1128,15.1824,14309400.0
2007-09-11,15.228,15.5725,15.2252,15.5053,22486400.0
2007-09-12,15.5725,15.7853,15.4829,15.6341,15843800.0
2007-09-13,15.6705,15.7405,15.5781,15.6509,13371200.0
2007-09-14,15.6061,15.8414,15.5893,15.8021,13582000.0
2007-09-17,15.6845,15.7125,15.4156,15.4913,17521000.0
2007-09-18,15.5193,15.8049,15.5193,15.7937,16955800.0
2007-09-19,15.8246,15.8974,15.6509,15.861,15765400.0
2007-09-20,15.8414,15.8666,15.7293,15.7573,11559800.0
2007-09-21,15.7909,15.9254,15.7713,15.8386,19115000.0
2007-09-24,15.8274,16.071,15.8274,15.889,16952200.0
2007-09-25,15.8778,16.0402,15.8358,15.9758,11440800.0
2007-09-26,16.0122,16.155,15.9394,16.0598,12755000.0
2007-09-27,16.0514,16.1298,16.001,16.057,10161400.0
2007-09-28,16.0486,16.1831,15.973,16.1046,10351600.0
2007-10-01,16.1354,16.3371,16.1214,16.2195,15258000.0
2007-10-02,16.2447,16.2895,16.1438,16.2195,12696400.0
2007-10-03,16.1747,16.2531,16.0682,16.1242,10224600.0
2007-10-04,16.1466,16.2811,16.1242,16.2027,10888200.0
2007-10-05,16.2363,16.3231,16.1971,16.2615,9544000.0
2007-10-08,16.2335,16.2811,16.1578,16.1831,5699400.0
2007-10-09,16.1326,16.2111,16.0486,16.2111,9832200.0
2007-10-10,16.2419,16.3007,16.1831,16.1887,10873800.0
2007-10-11,16.2447,16.2951,15.9422,16.0234,11732400.0
2007-10-12,16.0206,16.2251,16.0066,16.1943,9424200.0
2007-10-15,16.2699,16.3091,16.0094,16.1522,11629800.0
2007-10-16,16.1522,16.2727,16.085,16.1943,12336000.0
2007-10-17,16.3427,16.6452,16.2615,16.5051,27771800.0
2007-10-18,16.536,16.7068,16.4603,16.634,15676800.0
2007-10-19,16.6732,16.7348,16.4379,16.4435,21737200.0
2007-10-22,16.3959,16.6368,16.3539,16.6004,17421800.0
2007-10-23,16.6116,16.7432,16.5948,16.7432,10962200.0
2007-10-24,16.6648,16.8609,16.6256,16.8553,16378200.0
2007-10-25,16.8693,17.2138,16.83,17.1633,18321000.0
2007-10-26,17.1801,17.4266,17.0513,17.2362,14884400.0
2007-10-29,17.225,17.3734,17.1661,17.3202,14715200.0
2007-10-30,17.3174,17.407,17.1829,17.2838,12957000.0
2007-10-31,17.3622,17.3818,17.1213,17.2978,14492200.0
2007-11-01,17.2614,17.365,17.0345,17.0681,18034000.0
2007-11-02,17.1241,17.1269,16.8076,16.9477,16273400.0
2007-11-05,16.9449,17.0093,16.7824,16.9001,16453200.0
2007-11-06,16.9141,17.1045,16.8749,17.1045,12487000.0
2007-11-07,17.0569,17.0849,16.7852,16.7852,13271000.0
2007-11-08,17.0065,17.2642,16.7768,17.2166,21110600.0
2007-11-09,17.225,17.295,17.0233,17.0233,15576200.0
2007-11-12,16.9841,17.0457,16.7488,16.7516,15091000.0
2007-11-13,16.8721,17.1409,16.7068,17.1073,13577600.0
2007-11-14,17.1689,17.295,17.0149,17.1801,14960600.0
2007-11-15,17.0821,17.4798,17.0821,17.3538,17655800.0
2007-11-16,17.4322,17.5667,17.281,17.5611,19842800.0
2007-11-19,17.505,17.5218,17.3678,17.4378,14170800.0
2007-11-20,17.5106,17.6731,17.393,17.5919,18139800.0
2007-11-21,17.5863,17.7683,17.4042,17.4462,16414800.0
2007-11-23,17.5162,17.5751,17.3426,17.449,8091800.0
2007-11-26,17.463,17.6059,17.253,17.2866,15274000.0
2007-11-27,17.3494,17.7324,17.2734,17.6423,18495800.0
2007-11-28,17.8028,19.0559,17.5972,17.769,21431600.0
2007-11-29,17.7155,17.7887,17.6338,17.6789,13682400.0
2007-11-30,17.769,17.769,17.3804,17.4874,17810600.0
2007-12-03,17.4874,17.7408,17.448,17.5099,16197000.0
2007-12-04,17.4452,17.7239,17.3213,17.6676,14460600.0
2007-12-05,17.6958,17.7549,17.586,17.7465,12779400.0
2007-12-06,17.7155,17.7887,17.5662,17.7718,12270000.0
2007-12-07,17.7577,17.952,17.7577,17.7943,11979600.0
2007-12-10,17.7831,17.8816,17.707,17.8338,6630200.0
2007-12-11,17.8084,17.9915,17.7268,17.7324,15941000.0
2007-12-12,17.8056,18.0365,17.7268,17.9633,21288200.0
2007-12-13,17.9042,18.0619,17.8478,18.059,11027400.0
2007-12-14,17.9549,18.1125,17.9492,17.9717,13684600.0
2007-12-17,18.0224,18.0647,17.5381,17.5888,19972000.0
2007-12-18,17.6845,17.6873,17.4254,17.5184,17932600.0
2007-12-19,17.5156,17.7408,17.4874,17.7099,13163000.0
2007-12-20,17.6704,17.7296,17.4311,17.5465,13240600.0
2007-12-21,17.6,17.8732,17.5437,17.7746,19494000.0
2007-12-24,17.8535,17.8676,17.6845,17.8,4531800.0
2007-12-26,17.8676,17.8676,17.6733,17.7352,5914200.0
2007-12-27,17.7127,17.7972,17.5184,17.5465,6750400.0
2007-12-28,17.5493,17.6733,17.4592,17.524,7054800.0
2007-12-31,17.4761,17.5156,17.2396,17.2593,9743200.0
2008-01-02,17.3044,17.341,17.1016,17.2171,14085200.0
2008-01-03,17.2255,17.4874,17.1973,17.3832,12651600.0
2008-01-04,17.3691,17.6592,17.3663,17.417,16587400.0
2008-01-07,17.4874,17.8647,17.4311,17.8281,18748600.0
2008-01-08,17.876,18.1351,17.8281,17.9154,17345200.0
2008-01-09,17.9154,18.3885,17.9098,18.3801,32126000.0
2008-01-10,18.304,18.4702,18.2224,18.4617,27352400.0
2008-01-11,18.411,18.411,17.8704,17.9577,29966200.0
2008-01-14,17.952,18.1689,17.952,18.1069,20520200.0
2008-01-15,17.9182,18.0788,17.8985,17.9126,21671000.0
2008-01-16,17.8197,17.9802,17.5944,17.6423,23900200.0
2008-01-17,17.8338,17.8338,17.4311,17.4705,33806200.0
2008-01-18,17.555,17.586,16.9411,17.1044,31423200.0
2008-01-22,16.5384,16.7271,16.0512,16.5553,34359000.0
2008-01-23,16.2512,16.5975,15.9076,16.5666,29526600.0
2008-01-24,16.6595,16.9017,16.5975,16.8622,28474000.0
2008-01-25,16.9918,16.9918,16.3976,16.4483,24123800.0
2008-01-28,16.437,16.7327,16.3469,16.7299,16941600.0
2008-01-29,16.8003,16.8003,16.4117,16.4877,21839400.0
2008-01-30,16.4736,16.5694,16.2089,16.2681,21910000.0
2008-01-31,16.1357,16.7158,16.1188,16.6623,19300200.0
2008-02-01,16.6961,16.8876,16.4765,16.6877,14988800.0
2008-02-04,16.7327,16.7412,16.4652,16.5102,14686800.0
2008-02-05,16.468,16.4736,16.1385,16.1639,22774800.0
2008-02-06,16.3047,16.3863,16.2117,16.2512,14553800.0
2008-02-07,16.2878,16.5243,16.2878,16.4596,19996400.0
2008-02-08,16.6398,16.8341,16.6116,16.6848,19017000.0
2008-02-11,16.713,16.8116,16.5581,16.7552,13220200.0
2008-02-12,16.8397,17.0368,16.7975,16.8735,22559600.0
2008-02-13,17.0228,17.0228,16.6173,16.7243,27371400.0
2008-02-14,16.7609,16.8087,16.4455,16.4877,19095600.0
2008-02-15,16.4567,16.5637,16.3356,16.5469,18627000.0
2008-02-19,16.6144,16.6285,16.3244,16.361,16100000.0
2008-02-20,16.3554,16.4117,16.2061,16.3976,13950000.0
2008-02-21,16.4229,16.4905,16.2568,16.33,13720400.0
2008-02-22,16.3328,16.4258,16.1611,16.406,12729600.0
2008-02-25,16.3892,16.6341,16.3892,16.5497,14912600.0
2008-02-26,16.5018,16.7806,16.4229,16.7609,15376200.0
2008-02-27,16.6933,17.0115,16.6933,16.9101,18156200.0
2008-02-28,16.896,16.9298,16.6567,16.744,13638200.0
2008-02-29,16.6426,16.7074,16.3835,16.4624,12722600.0
2008-03-03,16.4314,16.6567,16.4314,16.6201,11503400.0
2008-03-04,16.5018,16.7778,16.4793,16.7186,18332400.0
2008-03-05,16.682,16.896,16.6229,16.8059,13623200.0
2008-03-06,16.7581,16.8538,16.6201,16.6426,12690600.0
2008-03-07,16.544,16.7271,16.4736,16.5722,14538000.0
2008-03-10,16.5722,16.7102,16.5159,16.5187,14880200.0
2008-03-11,16.6193,16.8063,16.5767,16.7468,25861400.0
2008-03-12,16.7638,16.8602,16.7099,16.7751,17066200.0
2008-03-13,16.6306,16.7496,16.5257,16.7014,16632000.0
2008-03-14,16.7014,16.7014,16.1913,16.3047,24623800.0
2008-03-17,16.1261,16.4435,16.0836,16.35,19627600.0
2008-03-18,16.4946,16.8375,16.4209,16.8375,16341400.0
2008-03-19,16.8261,17.2399,16.8261,16.9934,21539400.0
2008-03-20,17.05,17.3278,16.9934,17.2994,23611200.0
2008-03-24,17.359,17.4298,17.1577,17.3391,12370400.0
2008-03-25,17.3391,17.5205,17.3079,17.4043,14364200.0
2008-03-26,17.4043,17.4865,17.2881,17.3306,10086000.0
2008-03-27,17.3901,17.5432,17.3476,17.376,15266200.0
2008-03-28,17.4525,17.4581,17.2541,17.2711,12911600.0
2008-03-31,17.2314,17.3448,17.1861,17.2513,14753400.0
2008-04-01,17.2513,17.4298,17.2513,17.4128,23888600.0
2008-04-02,17.393,17.393,17.0642,17.1351,16314000.0
2008-04-03,17.0869,17.1861,17.0755,17.1634,14712200.0
2008-04-04,17.1549,17.2683,17.0614,17.0755,14222600.0
2008-04-07,17.0812,17.1776,17.0812,17.1096,13856200.0
2008-04-08,17.0812,17.1662,16.9678,17.1492,16434000.0
2008-04-09,17.1464,17.2399,17.0925,17.2258,11323800.0
2008-04-10,17.2541,17.4241,17.1379,17.3816,14289200.0
2008-04-11,17.2938,17.4298,17.0302,17.0869,13756400.0
2008-04-14,17.1152,17.3873,17.0472,17.2881,17233800.0
2008-04-15,17.2966,17.3505,17.1237,17.2711,18772600.0
2008-04-16,17.5007,17.5262,17.1577,17.3306,20523200.0
2008-04-17,17.2853,17.3958,17.1577,17.1974,15774800.0
2008-04-18,17.2172,17.3108,16.9055,17.0359,20785800.0
2008-04-21,16.982,17.1294,16.9055,17.1039,11858600.0
2008-04-22,17.067,17.1181,16.9197,16.9735,16577200.0
2008-04-23,16.9367,17.1152,16.9367,17.0954,15695800.0
2008-04-24,17.084,17.2881,16.9452,17.0755,12051800.0
2008-04-25,17.0755,17.1464,16.7099,16.8148,17348000.0
2008-04-28,16.8148,16.9763,16.6816,16.7156,15273400.0
2008-04-29,16.6646,16.7213,16.5427,16.6419,14148800.0
2008-04-30,16.6419,16.9395,16.6334,16.6844,18546000.0
2008-05-01,16.5994,16.7666,16.5512,16.7468,14197800.0
2008-05-02,16.7468,16.863,16.6079,16.6561,15704400.0
2008-05-05,16.6561,16.7156,16.4775,16.5456,11869600.0
2008-05-06,16.5087,16.5456,16.4039,16.5144,11710200.0
2008-05-07,16.5144,16.5172,16.1516,16.163,28321400.0
2008-05-08,16.2537,16.316,15.8852,15.9532,25134800.0
2008-05-09,15.8739,15.9674,15.8229,15.9136,19481400.0
2008-05-12,15.9051,16.0014,15.871,15.9844,16545000.0
2008-05-13,15.9532,16.0864,15.9476,16.0128,18631200.0
2008-05-14,16.0524,16.1545,15.9249,16.0241,19542200.0
2008-05-15,16.0128,16.2026,15.9447,16.1573,15216000.0
2008-05-16,16.1715,16.2678,16.0921,16.1743,16697800.0
2008-05-19,16.1828,16.3925,16.1375,16.3018,16818200.0
2008-05-20,16.2962,16.3387,16.1431,16.18,16524600.0
2008-05-21,16.1289,16.2395,15.9986,16.0553,21143800.0
2008-05-22,15.9872,16.5569,15.9844,16.5144,23832000.0
2008-05-23,16.4549,16.7326,16.4407,16.6164,26185800.0
2008-05-27,16.5909,16.6363,16.469,16.6051,11876400.0
2008-05-28,16.6759,16.6759,16.2508,16.2792,21636800.0
2008-05-29,16.3047,16.4747,16.1941,16.401,22138800.0
2008-05-30,16.35,16.435,16.1601,16.2281,20070400.0
2008-06-02,16.1686,16.2593,15.9986,16.1545,16461000.0
2008-06-03,16.1148,16.2253,15.9532,15.9844,16389800.0
2008-06-04,15.9419,16.146,15.9419,16.0694,13571200.0
2008-06-05,16.0836,16.2281,16.0014,16.2083,14308000.0
2008-06-06,16.1573,16.1856,15.7974,15.8144,21132200.0
2008-06-09,15.7293,15.9419,15.7293,15.8314,14954600.0
2008-06-10,15.9044,16.609,15.8673,16.4407,30109600.0
2008-06-11,16.4664,16.4978,16.2638,16.3009,18536200.0
2008-06-12,16.3494,16.4293,16.1897,16.3009,14897400.0
2008-06-13,16.2695,16.2895,15.3823,15.8102,55792800.0
2008-06-16,15.8102,15.8388,15.4165,15.4565,29001000.0
2008-06-17,15.562,15.6048,15.3937,15.3937,23495200.0
2008-06-18,15.3424,15.4051,15.1512,15.1655,23958600.0
2008-06-19,15.234,15.291,15.1199,15.2226,23570200.0
2008-06-20,15.1398,15.3738,15.0999,15.3081,29184000.0
2008-06-23,15.3081,15.3623,15.1256,15.194,16127000.0
2008-06-24,15.1199,15.2682,15.0143,15.2254,20145200.0
2008-06-25,15.2511,15.5706,15.234,15.4337,22436000.0
2008-06-26,15.3823,15.582,15.1569,15.1826,28188400.0
2008-06-27,15.1684,15.1883,14.7861,14.7889,29799800.0
2008-06-30,14.7946,15.0913,14.6748,14.8289,24654400.0
2008-07-01,14.8118,14.8118,14.5265,14.5493,32802600.0
2008-07-02,14.5521,14.7091,14.5122,14.6548,29408400.0
2008-07-03,14.6491,14.7633,14.6035,14.6862,14005600.0
2008-07-07,14.7404,14.7718,14.5493,14.632,21949400.0
2008-07-08,14.5721,14.7433,14.5493,14.6834,25265200.0
2008-07-09,14.729,14.7319,14.5094,14.5179,20930400.0
2008-07-10,14.535,14.535,14.1784,14.2754,27431400.0
2008-07-11,14.167,14.4067,14.1271,14.341,25422000.0
2008-07-14,14.4181,14.6235,14.4181,14.5379,21320800.0
2008-07-15,14.4494,14.8346,14.4323,14.7747,32958800.0
2008-07-16,14.8003,15.0057,14.6206,14.9316,24972000.0
2008-07-17,14.6064,14.652,14.1784,14.361,73279200.0
2008-07-18,14.4009,14.4009,14.1642,14.2726,33467200.0
2008-07-21,14.2925,14.2925,14.1043,14.1499,20766600.0
2008-07-22,14.3068,14.8688,14.2811,14.6491,40680200.0
2008-07-23,14.6976,14.9915,14.555,14.9772,23586600.0
2008-07-24,14.9572,15.0885,14.7005,14.7946,19332400.0
2008-07-25,14.9059,14.9059,14.7005,14.8517,14220000.0
2008-07-28,14.8346,14.8517,14.5807,14.5921,12374000.0
2008-07-29,14.6092,14.7804,14.5835,14.7119,14387200.0
2008-07-30,14.7918,14.8346,14.5493,14.6377,18228000.0
2008-07-31,14.6919,14.7918,14.6121,14.6919,19234000.0
2008-08-01,14.6919,15.1826,14.6919,15.1598,31047600.0
2008-08-04,15.1541,15.428,15.0913,15.3766,21009400.0
2008-08-05,15.4337,15.6904,15.4194,15.6647,23446000.0
2008-08-06,15.5506,15.8273,15.5506,15.7931,19259400.0
2008-08-07,15.7361,15.7361,15.3595,15.408,17796800.0
2008-08-08,15.4051,15.8416,15.3224,15.8074,17542600.0
2008-08-11,15.7503,15.9272,15.6476,15.7903,13342600.0
2008-08-12,15.7446,15.9243,15.4394,15.6305,14882000.0
2008-08-13,15.5649,15.8159,15.5192,15.7503,18026200.0
2008-08-14,15.7047,15.9301,15.6191,15.6961,11936200.0
2008-08-15,15.7532,15.8673,15.6191,15.7075,16904200.0
2008-08-18,15.7104,15.7931,15.388,15.4993,14164800.0
2008-08-19,15.4707,15.5735,15.3994,15.4993,15412600.0
2008-08-20,15.562,15.6162,15.3766,15.505,9541600.0
2008-08-21,15.4593,15.4736,15.1826,15.2653,10528600.0
2008-08-22,15.2967,15.5506,15.2368,15.5107,11106200.0
2008-08-25,15.4451,15.5735,15.2254,15.2825,10537000.0
2008-08-26,15.2825,15.3738,15.1626,15.2682,9068400.0
2008-08-27,15.2882,15.408,15.1826,15.3452,8307200.0
2008-08-28,15.1912,15.2825,15.0913,15.1541,16521800.0
2008-08-29,15.1455,15.1455,14.846,14.8545,14212000.0
2008-09-02,14.9145,15.1084,14.8089,14.8232,23733800.0
2008-09-03,14.7376,14.846,14.6263,14.7376,20467800.0
2008-09-04,14.7604,14.9145,14.6064,14.7518,22770200.0
2008-09-05,14.7461,14.866,14.6862,14.8146,15329400.0
2008-09-08,15.04,15.2711,14.9202,15.2283,21631800.0
2008-09-09,15.1684,15.5535,15.1684,15.3709,27056200.0
2008-09-10,15.4256,15.4343,15.2073,15.3509,21434400.0
2008-09-11,15.282,15.6813,15.2418,15.5578,23480400.0
2008-09-12,15.4716,15.6727,15.3854,15.6584,17034800.0
2008-09-15,15.4457,16.0232,15.3825,15.7302,27328800.0
2008-09-16,15.5923,15.8106,15.4285,15.7589,29590800.0
2008-09-17,15.6756,15.7704,15.1268,15.1297,33126000.0
2008-09-18,15.2906,15.5262,14.9688,15.3394,31054600.0
2008-09-19,15.7302,15.7302,14.3999,15.1469,44196600.0
2008-09-22,15.0866,15.1297,14.7418,14.7619,21998200.0
2008-09-23,14.7763,15.0378,14.5292,14.5608,24026600.0
2008-09-24,14.6528,14.6815,14.3281,14.42,19537200.0
2008-09-25,14.4804,15.0062,14.4689,14.7849,22840600.0
2008-09-26,14.6355,15.1297,14.6068,15.078,21070000.0
2008-09-29,14.9631,15.2159,14.4833,14.6614,34229600.0
2008-09-30,14.8855,15.1987,14.6556,15.1929,30155000.0
2008-10-01,15.1182,15.5951,15.0895,15.5607,26725800.0
2008-10-02,15.2418,15.5923,15.1987,15.3998,28783600.0
2008-10-03,15.4515,15.802,15.0521,15.1038,25436200.0
2008-10-06,14.7505,15.0234,13.9977,14.6298,42193400.0
2008-10-07,14.7246,14.8108,14.1011,14.1643,29311000.0
2008-10-08,13.9891,14.2505,13.3455,13.6213,45515400.0
2008-10-09,13.6041,13.6845,12.4405,12.4405,40455400.0
2008-10-10,12.0814,12.9433,11.5757,11.9233,66094800.0
2008-10-13,12.4778,13.6558,12.4146,13.5782,43711600.0
2008-10-14,13.5323,13.5323,12.2537,12.564,51809600.0
2008-10-15,13.4547,13.5983,12.6157,12.7019,49078200.0
2008-10-16,12.8715,13.1904,12.1043,13.153,48477800.0
2008-10-17,12.9174,13.2651,12.656,12.6991,37311400.0
2008-10-20,12.9548,13.4662,12.7939,13.3484,24319600.0
2008-10-21,13.3197,13.5409,13.2162,13.2248,20068000.0
2008-10-22,13.1013,13.2794,12.7048,13.0381,27316800.0
2008-10-23,13.1013,13.1013,11.9233,12.3715,52676400.0
2008-10-24,11.7797,12.3543,11.7797,11.9549,36116600.0
2008-10-27,11.8228,12.4175,11.7797,11.7826,27116200.0
2008-10-28,11.9406,13.0209,11.8142,13.0007,31020800.0
2008-10-29,12.814,13.1588,12.498,12.5985,26961000.0
2008-10-30,12.9117,13.0726,12.6043,12.8312,24056400.0
2008-10-31,12.9691,13.2162,12.498,12.6588,28229600.0
2008-11-03,12.7881,13.1157,12.6876,13.0582,16803600.0
2008-11-04,13.4173,13.5007,13.1042,13.2248,20756600.0
2008-11-05,13.1444,13.3426,12.814,12.8513,20970600.0
2008-11-06,12.8571,13.0611,12.6014,12.7824,30403200.0
2008-11-07,12.8829,13.4805,12.7824,13.2881,26264000.0
2008-11-10,13.4662,13.5869,12.9605,13.1875,20172600.0
2008-11-11,13.0984,13.153,12.6215,12.768,25715600.0
2008-11-12,12.5525,12.8054,12.2997,12.5928,32465800.0
2008-11-13,12.5985,13.3225,12.4462,13.2967,33559800.0
2008-11-14,13.0984,13.5552,12.9232,12.9347,30125000.0
2008-11-17,12.8197,12.9088,12.4118,12.633,28267600.0
2008-11-18,12.4462,12.5698,12.0756,12.4951,33856200.0
2008-11-19,12.541,12.814,12.1273,12.1446,30020400.0
2008-11-20,12.067,12.5727,11.7826,11.7998,39093600.0
2008-11-21,11.9636,12.7249,11.636,12.6416,45649400.0
2008-11-24,12.7824,13.2478,12.5554,12.995,31423200.0
2008-11-25,13.1692,13.3663,12.7143,12.949,26905200.0
2008-11-26,12.8244,13.1692,12.6767,13.149,18835000.0
2008-11-28,13.0968,13.5923,13.0968,13.5807,12064800.0
2008-12-01,13.3837,13.4764,12.836,12.8447,20434000.0
2008-12-02,13.0446,13.0446,12.442,12.7288,25385600.0
2008-12-03,12.6535,13.4445,12.6042,13.3692,36345200.0
2008-12-04,13.204,13.4938,12.8099,12.9664,28119600.0
2008-12-05,12.8447,13.3547,12.581,13.3228,25369400.0
2008-12-08,13.4706,13.6357,13.1663,13.3228,22978600.0
2008-12-09,13.1924,13.3228,12.8592,12.9896,21050200.0
2008-12-10,12.8853,13.2938,12.8853,13.1287,19042400.0
2008-12-11,13.091,13.2243,12.7201,12.8128,23394600.0
2008-12-12,12.6767,12.9345,12.4593,12.9143,21476200.0
2008-12-15,13.0041,13.1171,12.7027,13.0302,18061800.0
2008-12-16,13.1171,13.5575,12.9606,13.4619,29059600.0
2008-12-17,13.3518,13.459,13.0417,13.1779,22753800.0
2008-12-18,13.3489,13.459,12.9722,13.091,28225400.0
2008-12-19,13.1692,13.3315,12.8013,12.8737,38409200.0
2008-12-22,12.9606,12.9838,12.7491,12.9403,19904800.0
2008-12-23,12.9606,13.0765,12.7085,12.7404,18671800.0
2008-12-24,12.7636,12.8505,12.7491,12.7781,4674800.0
2008-12-26,12.8679,13.0186,12.8273,12.9172,7190200.0
2008-12-29,12.9983,12.9983,12.6709,12.8679,12574800.0
2008-12-30,12.9287,13.0794,12.9056,13.0186,14640000.0
2008-12-31,13.0794,13.1837,13.0562,13.1171,12854600.0
2009-01-02,13.1548,13.3286,13.0504,13.2996,13675600.0
2009-01-05,13.204,13.2967,13.091,13.1663,18594200.0
2009-01-06,13.2417,13.3199,12.8824,12.9548,19745000.0
2009-01-07,12.8128,13.091,12.8128,13.0186,19111000.0
2009-01-08,12.9925,13.12,12.9114,13.1084,18690200.0
2009-01-09,13.1055,13.1142,12.8215,12.9229,18188200.0
2009-01-12,12.8824,12.9432,12.6071,12.6709,17532000.0
2009-01-13,12.7346,12.8418,12.639,12.7549,20375800.0
2009-01-14,12.6042,12.6129,12.2478,12.3492,24767800.0
2009-01-15,12.3348,12.5723,12.2855,12.5637,25792800.0
2009-01-16,12.7201,12.8882,12.5955,12.7027,25739600.0
2009-01-20,12.6854,12.894,12.4246,12.4246,21653400.0
2009-01-21,12.5752,12.5897,12.216,12.5434,21654200.0
2009-01-22,12.355,12.526,12.2565,12.4941,19992800.0
2009-01-23,12.3579,12.3608,12.0421,12.2275,28920400.0
2009-01-26,12.2565,12.5695,12.2044,12.468,20935000.0
2009-01-27,12.468,12.7288,12.4593,12.555,18371000.0
2009-01-28,12.7491,12.7491,12.5318,12.7085,16622000.0
2009-01-29,12.6622,12.8911,12.5579,12.6187,18838000.0
2009-01-30,12.5868,12.6564,12.3232,12.3782,16496400.0
2009-02-02,12.2304,12.3145,12.0334,12.2391,14211400.0
2009-02-03,12.2044,12.6042,12.0392,12.5521,15824200.0
2009-02-04,12.5492,12.6187,12.2507,12.2855,16916400.0
2009-02-05,12.2333,12.4275,12.1435,12.3695,18994800.0
2009-02-06,12.3811,12.6593,12.3608,12.6187,17087400.0
2009-02-09,12.5521,12.5637,12.1696,12.2594,18585600.0
2009-02-10,12.1725,12.2275,11.6712,11.7842,34625400.0
2009-02-11,11.8683,12.0508,11.8654,11.9581,19997400.0
2009-02-12,12.3608,12.8795,12.2131,12.8621,59087800.0
2009-02-13,12.807,12.8592,12.6593,12.7056,21476800.0
2009-02-17,12.4593,12.5144,12.2971,12.3434,24738200.0
2009-02-18,12.3956,12.4709,12.242,12.3666,17131200.0
2009-02-19,12.413,12.668,12.3666,12.5463,18270200.0
2009-02-20,12.4507,12.5955,12.2797,12.413,28066000.0
2009-02-23,12.3811,12.5144,12.1464,12.1957,21025000.0
2009-02-24,12.2942,12.5173,12.2246,12.4767,25625800.0
2009-02-25,12.442,12.5405,12.216,12.2768,25665600.0
2009-02-26,12.3927,12.3927,11.8827,11.9001,19919000.0
2009-02-27,11.8683,11.9639,11.7205,11.8364,30489600.0
2009-03-02,11.6683,11.7987,11.48,11.5003,28945200.0
2009-03-03,11.535,11.677,11.2308,11.2511,34119400.0
2009-03-04,11.3786,11.6828,11.254,11.5119,30540400.0
2009-03-05,11.3467,11.4278,10.8483,10.9671,32798000.0
2009-03-06,11.054,11.3612,10.9584,11.3293,29475400.0
2009-03-09,11.4394,11.5524,11.2221,11.2279,30348000.0
2009-03-10,11.4843,11.496,11.1974,11.3467,29891000.0
2009-03-11,11.4697,11.6981,11.4199,11.5868,25677200.0
2009-03-12,11.5897,11.9645,11.5224,11.9587,23264000.0
2009-03-13,12.029,12.1373,11.8386,12.07,22432800.0
2009-03-16,12.0465,12.3013,12.0407,12.0846,21360800.0
2009-03-17,12.1051,12.2017,11.9528,12.1373,18631000.0
2009-03-18,12.0934,12.3716,12.0055,12.1959,26581200.0
2009-03-19,12.2544,12.3716,12.2398,12.3511,20312000.0
2009-03-20,12.4096,12.6322,12.3891,12.4858,32133800.0
2009-03-23,12.638,12.925,12.5912,12.925,23631000.0
2009-03-24,12.7669,12.9835,12.7112,12.8898,20254400.0
2009-03-25,13.0304,13.1446,12.8928,13.1036,22723400.0
2009-03-26,13.1622,13.1768,12.8313,13.1329,24592000.0
2009-03-27,13.0099,13.2354,13.0099,13.2061,21251200.0
2009-03-30,13.0304,13.0773,12.7171,12.8606,20895200.0
2009-03-31,12.9631,13.0948,12.843,12.8694,19819600.0
2009-04-01,12.7493,13.1739,12.7376,13.1358,19136400.0
2009-04-02,13.2647,13.4198,13.0743,13.2764,22060200.0
2009-04-03,13.2852,13.3994,13.0245,13.168,15575200.0
2009-04-06,13.089,13.2442,13.0421,13.1739,14798200.0
2009-04-07,13.13,13.2266,13.0187,13.0655,14021000.0
2009-04-08,13.086,13.2178,13.0363,13.1739,11474800.0
2009-04-09,13.3847,13.3935,13.1241,13.1739,14363600.0
2009-04-13,13.1622,13.168,13.0011,13.0977,12212000.0
2009-04-14,13.0597,13.0597,12.8284,12.9455,15167600.0
2009-04-15,12.9426,13.2119,12.9133,13.1856,15647400.0
2009-04-16,13.2852,13.3261,12.9835,13.2061,15817200.0
2009-04-17,13.25,13.3056,13.0773,13.1827,19884400.0
2009-04-20,13.1329,13.1768,12.8284,12.9806,24833200.0
2009-04-21,12.9308,13.1622,12.4799,12.6175,35442600.0
2009-04-22,12.6497,12.6556,12.474,12.5707,24922400.0
2009-04-23,12.5912,12.6351,12.5004,12.5677,26188200.0
2009-04-24,12.5765,12.6175,12.4653,12.5297,19628200.0
2009-04-27,12.4535,12.5824,12.3218,12.3686,22102200.0
2009-04-28,12.3364,12.4594,12.2984,12.3803,16813600.0
2009-04-29,12.4067,12.6175,12.4008,12.5063,18783200.0
2009-04-30,12.6292,12.9045,12.5326,12.6058,31649600.0
2009-05-01,12.6322,12.6527,12.3511,12.436,19770000.0
2009-05-04,12.474,12.6614,12.3657,12.641,23900200.0
2009-05-05,12.6878,12.8108,12.597,12.6322,20370200.0
2009-05-06,12.7347,12.7639,12.518,12.5736,18088400.0
2009-05-07,12.6849,12.6849,12.4653,12.5326,24594600.0
2009-05-08,12.5765,12.641,12.4477,12.5677,22158000.0
2009-05-11,12.5121,12.6468,12.4565,12.518,16760600.0
2009-05-12,12.5795,13.086,12.5502,13.0011,35505200.0
2009-05-13,12.8928,12.9982,12.72,12.7756,21967800.0
2009-05-14,12.8606,13.2266,12.8576,13.1475,30858800.0
2009-05-15,13.127,13.2002,13.1095,13.1651,24386600.0
2009-05-18,13.2178,13.5048,13.0831,13.4901,26320000.0
2009-05-19,13.4989,13.7419,13.4169,13.657,29553600.0
2009-05-20,13.7068,13.8474,13.6277,13.7624,31311200.0
2009-05-21,13.657,13.7097,13.5868,13.6687,26748800.0
2009-05-22,13.6658,13.9703,13.6365,13.8503,23446200.0
2009-05-26,13.7624,13.903,13.7273,13.8239,26392200.0
2009-05-27,13.8005,13.8181,13.6277,13.6541,17328400.0
2009-05-28,13.6717,13.821,13.575,13.7332,16932400.0
2009-05-29,13.7654,14.3949,13.7478,14.3949,36494600.0
2009-06-01,14.4213,14.4798,14.2661,14.3539,39794000.0
2009-06-02,14.351,14.6204,14.3129,14.5413,31082200.0
2009-06-03,14.4447,14.4945,14.2807,14.3744,22815200.0
2009-06-04,14.3891,14.5794,14.2632,14.5706,18333800.0
2009-06-05,14.6145,14.6233,14.4154,14.4769,17863200.0
2009-06-08,14.4154,14.5326,14.2924,14.4594,14711800.0
2009-06-09,14.4974,14.5238,14.3042,14.3744,16870000.0
2009-06-10,14.4382,14.4559,14.069,14.1753,22971200.0
2009-06-11,14.1989,14.5327,14.1989,14.3466,18152600.0
2009-06-12,14.3761,14.4825,14.3171,14.4382,16315400.0
2009-06-15,14.3555,14.3702,14.2049,14.2078,15224400.0
2009-06-16,14.2314,14.2728,14.1222,14.1251,14357000.0
2009-06-17,14.1399,14.3643,14.1281,14.1546,15009400.0
2009-06-18,14.1724,14.6596,14.1635,14.6331,22062000.0
2009-06-19,14.6862,14.7335,14.385,14.4145,27919400.0
2009-06-22,14.3289,14.4145,14.1724,14.1724,17540400.0
2009-06-23,14.2314,14.3318,14.1015,14.1163,17673800.0
2009-06-24,14.2108,14.32,13.9863,14.0277,16411200.0
2009-06-25,14.004,14.1842,13.9332,14.131,18308600.0
2009-06-26,14.0926,14.261,14.0661,14.2137,17227600.0
2009-06-29,14.2167,14.323,14.2108,14.261,16421400.0
2009-06-30,14.2373,14.2491,14.1192,14.1724,28084200.0
2009-07-01,14.3171,14.6478,14.2964,14.5238,22236000.0
2009-07-02,14.4027,14.5976,14.4027,14.4352,20496800.0
2009-07-06,14.3761,14.4854,14.2875,14.4706,15465400.0
2009-07-07,14.3939,14.5208,14.3377,14.3643,15916200.0
2009-07-08,14.3377,14.4352,14.2255,14.3259,18439000.0
2009-07-09,14.3879,14.4263,14.3259,14.385,16391600.0
2009-07-10,14.323,14.4322,14.1812,14.2669,14286000.0
2009-07-13,14.2875,14.5238,14.2049,14.4854,16601000.0
2009-07-14,14.4765,14.574,14.3939,14.5563,14304800.0
2009-07-15,14.6094,14.9372,14.5858,14.9225,17687800.0
2009-07-16,14.8693,15.0258,14.8132,14.9993,14580200.0
2009-07-17,14.8575,14.9284,14.7748,14.8605,18580600.0
2009-07-20,14.9461,15.0701,14.7866,15.0701,17681000.0
2009-07-21,15.0111,15.0111,14.7069,14.8693,26577000.0
2009-07-22,14.8546,14.8664,14.4263,14.509,26517400.0
2009-07-23,14.509,14.7719,14.4352,14.5238,22528400.0
2009-07-24,14.5917,14.6596,14.4234,14.577,15617800.0
2009-07-27,14.577,14.6449,14.5149,14.6242,14631800.0
2009-07-28,14.5976,14.6921,14.4706,14.5858,14273000.0
2009-07-29,14.5651,14.7482,14.4972,14.5533,16784000.0
2009-07-30,14.7128,14.9136,14.6331,14.6685,18059800.0
2009-07-31,14.6596,14.825,14.6183,14.7187,13775400.0
2009-08-03,14.7748,14.7955,14.5592,14.6478,16315600.0
2009-08-04,14.636,14.8103,14.574,14.6183,16207200.0
2009-08-05,14.6213,14.6449,14.4706,14.5208,13478400.0
2009-08-06,14.5917,14.6331,14.5297,14.5858,12126400.0
2009-08-07,14.6655,14.6921,14.5208,14.571,12141200.0
2009-08-10,14.5474,14.6124,14.4647,14.6006,11975600.0
2009-08-11,14.5947,14.6124,14.4559,14.4825,11104400.0
2009-08-12,14.4588,14.4972,14.3023,14.3112,19401000.0
2009-08-13,14.3023,14.3673,14.004,14.2108,25427000.0
2009-08-14,14.1901,14.3141,14.1753,14.3141,12880000.0
2009-08-17,14.3053,14.4086,14.2108,14.382,13995200.0
2009-08-18,14.3968,14.4559,14.3171,14.3555,14173000.0
2009-08-19,14.2698,14.6124,14.2698,14.577,15709600.0
2009-08-20,14.5858,14.6419,14.5061,14.5947,10727000.0
2009-08-21,14.6478,14.7601,14.5445,14.7394,15933600.0
2009-08-24,14.7069,14.7069,14.4145,14.4884,20655600.0
2009-08-25,14.5061,14.5149,14.3791,14.3939,19797800.0
2009-08-26,14.4234,14.5651,14.382,14.5238,12415000.0
2009-08-27,14.5238,14.6596,14.3998,14.6006,12030000.0
2009-08-28,14.6537,14.6596,14.447,14.4884,11835400.0
2009-08-31,14.4234,14.5799,14.323,14.4027,14796400.0
2009-09-01,14.3879,14.5445,14.2875,14.3318,18859400.0
2009-09-02,14.3791,14.8546,14.3377,14.7069,33499800.0
2009-09-03,14.6655,14.7217,14.5386,14.6419,19365000.0
2009-09-04,14.5592,14.7896,14.4854,14.7512,13862800.0
2009-09-08,14.7276,14.9993,14.6833,14.887,29090600.0
2009-09-09,14.8811,15.0052,14.8368,14.952,15079600.0
2009-09-10,14.9224,15.0027,14.8122,14.9372,19772400.0
2009-09-11,14.9343,15.4047,14.8866,15.3362,31212800.0
2009-09-14,15.2082,15.622,15.1576,15.5297,31750000.0
2009-09-15,15.5059,15.6548,15.3779,15.6161,26028800.0
2009-09-16,15.6131,15.7262,15.4523,15.6816,23146600.0
2009-09-17,15.631,15.9138,15.6071,15.9049,23496400.0
2009-09-18,15.9823,16.1133,15.8691,16.0061,53603200.0
2009-09-21,15.9227,16.0061,15.7143,15.7798,22953600.0
2009-09-22,15.8721,15.8721,15.6994,15.7352,16360400.0
2009-09-23,15.762,15.8245,15.5327,15.6548,18732400.0
2009-09-24,15.6548,15.8215,15.5506,15.5833,21160000.0
2009-09-25,15.5803,15.8632,15.5625,15.7709,19535600.0
2009-09-28,15.7888,15.9674,15.7501,15.8185,13845600.0
2009-09-29,15.8989,15.9406,15.8364,15.8721,15954800.0
2009-09-30,15.8751,16.0627,15.6607,15.9882,23508800.0
2009-10-01,15.8989,15.9882,15.7917,15.8156,25140000.0
2009-10-02,15.7977,16.1014,15.753,16.0389,23117000.0
2009-10-05,16.021,16.0776,15.8691,16.018,14021800.0
2009-10-06,16.021,16.2711,15.9763,16.1728,17999800.0
2009-10-07,16.3366,16.4587,16.2294,16.3187,15894400.0
2009-10-08,16.3783,16.3783,16.1728,16.2532,15896200.0
2009-10-09,16.277,16.3455,16.152,16.2711,10494600.0
2009-10-12,16.3247,16.4497,16.2354,16.3128,12635600.0
2009-10-13,16.3068,16.3634,16.2413,16.3157,9440400.0
2009-10-14,16.3515,16.3842,16.2532,16.3277,11837200.0
2009-10-15,16.2949,16.4378,16.1818,16.3515,20505400.0
2009-10-16,16.3515,16.4348,16.283,16.3783,17414200.0
2009-10-19,16.417,16.5242,16.277,16.3128,17523000.0
2009-10-20,15.9585,16.1222,15.8334,16.0984,24528000.0
2009-10-21,16.024,16.283,15.9882,16.0984,15360000.0
2009-10-22,15.9525,16.1579,15.9019,16.1222,13572000.0
2009-10-23,16.0508,16.1222,15.8156,15.8513,19940400.0
2009-10-26,15.8036,16.1669,15.6935,15.8483,20489600.0
2009-10-27,15.8513,16.0537,15.8066,15.9168,13026400.0
2009-10-28,15.8781,16.0776,15.8483,15.9317,14883800.0
2009-10-29,15.9346,16.1103,15.8245,16.1044,12488200.0
2009-10-30,16.0954,16.1579,15.8126,15.8721,17845600.0
2009-11-02,15.9317,16.0537,15.8275,15.9942,17203200.0
2009-11-03,15.9734,15.9823,15.7113,15.8156,14774200.0
2009-11-04,15.9049,16.0776,15.7888,15.9257,13023400.0
2009-11-05,15.9317,16.2205,15.9138,16.1967,14158800.0
2009-11-06,16.0686,16.2264,16.021,16.2234,9643000.0
2009-11-09,16.2532,16.5242,16.1282,16.5182,17222600.0
2009-11-10,16.4795,16.7296,16.4497,16.6165,14601600.0
2009-11-11,16.6879,16.7534,16.5956,16.7117,12847400.0
2009-11-12,16.7058,16.7862,16.6284,16.6552,13117600.0
2009-11-13,16.6909,16.8814,16.6432,16.81,15578600.0
2009-11-16,16.8665,16.9976,16.801,16.8933,14714800.0
2009-11-17,16.8636,16.9469,16.807,16.932,10064400.0
2009-11-18,16.9499,16.9708,16.7594,16.8457,14372000.0
2009-11-19,16.7445,16.9648,16.6849,16.935,16867000.0
2009-11-20,16.8785,17.1762,16.8785,17.1137,19236000.0
2009-11-23,17.1821,17.3727,17.1821,17.3399,17222600.0
2009-11-24,17.3727,17.3995,17.2268,17.3251,14680000.0
2009-11-25,17.3792,17.3792,17.2653,17.3012,12279400.0
2009-11-27,17.0853,17.2503,16.9114,17.1453,14060200.0
2009-11-30,17.1783,17.1873,17.0314,17.1513,14803000.0
2009-12-01,17.2653,17.4692,17.2053,17.4152,13855200.0
2009-12-02,17.3402,17.4512,17.2952,17.3792,12555000.0
2009-12-03,17.4182,17.4182,17.1393,17.1723,18978000.0
2009-12-04,17.2263,17.4002,17.0344,17.2383,23768600.0
2009-12-07,17.0823,17.4212,17.0014,17.3522,15193200.0
2009-12-08,17.2503,17.3132,17.1123,17.2952,17292800.0
2009-12-09,17.2263,17.3432,17.1003,17.3402,16521200.0
2009-12-10,17.3852,17.6671,17.3672,17.5651,27880800.0
2009-12-11,17.5711,17.811,17.5711,17.724,27293600.0
2009-12-14,17.724,17.826,17.6671,17.703,14867400.0
2009-12-15,17.736,17.748,17.6461,17.709,13280200.0
2009-12-16,17.676,17.751,17.5051,17.5171,14747600.0
2009-12-17,17.4512,17.4722,17.0734,17.0853,23705000.0
2009-12-18,17.1573,17.1693,16.8844,17.0674,26213600.0
2009-12-21,17.0973,17.2743,17.0614,17.1453,12337800.0
2009-12-22,17.1363,17.2653,17.1183,17.1723,10109400.0
2009-12-23,17.1513,17.2413,17.0883,17.1783,10212200.0
2009-12-24,17.2383,17.2443,17.1063,17.2233,4475000.0
2009-12-28,17.2143,17.2653,17.1753,17.2233,6826200.0
2009-12-29,17.2263,17.3822,17.2263,17.3132,8500800.0
2009-12-30,17.3132,17.3612,17.2353,17.2952,8571200.0
2009-12-31,17.2653,17.3162,17.0823,17.0913,8854200.0
2010-01-04,17.1393,17.1573,17.0614,17.1033,12392400.0
2010-01-05,17.0464,17.0883,16.8335,16.8964,21504600.0
2010-01-06,16.8964,16.9234,16.7855,16.8904,18321600.0
2010-01-07,16.8904,16.9024,16.7165,16.8485,12429000.0
2010-01-08,16.6296,16.6836,16.4167,16.5366,26301200.0
2010-01-11,16.5366,16.9264,16.4317,16.8725,26008400.0
2010-01-12,16.8365,17.0913,16.8095,17.0554,20303400.0
2010-01-13,17.0494,17.2203,16.9984,17.1003,13695600.0
2010-01-14,17.1033,17.1663,17.0224,17.1303,10448400.0
2010-01-15,17.0764,17.1963,16.8035,16.8785,24310200.0
2010-01-19,16.8575,16.9384,16.7675,16.9174,12468400.0
2010-01-20,16.8395,16.9084,16.5786,16.6416,17747800.0
2010-01-21,16.6566,16.6656,16.2488,16.3027,25201400.0
2010-01-22,16.2967,16.4497,16.1858,16.2638,21055400.0
2010-01-25,16.3387,16.3537,16.1558,16.2967,13398200.0
2010-01-26,16.2128,16.3417,16.1528,16.2338,13830200.0
2010-01-27,16.1918,16.3897,16.1018,16.3447,19228400.0
2010-01-28,16.4047,16.4437,16.2308,16.2458,19874400.0
2010-01-29,16.3237,16.4737,16.1618,16.2668,18610000.0
2010-02-01,16.3447,16.3597,16.1918,16.3057,13118400.0
2010-02-02,16.3507,16.5546,16.2368,16.5066,15403800.0
2010-02-03,16.4677,16.4797,16.3507,16.4527,13767600.0
2010-02-04,16.3567,16.3957,16.0119,16.0209,19454800.0
2010-02-05,15.9639,16.0209,15.751,15.9189,27727400.0
2010-02-08,15.9729,15.9729,15.763,15.787,14868600.0
2010-02-09,16.0988,16.4857,16.0029,16.1948,28698000.0
2010-02-10,16.3717,16.3717,15.9429,16.1288,17337800.0
2010-02-11,16.0719,16.2907,15.9729,16.2578,19107400.0
2010-02-12,16.1678,16.3117,16.0779,16.1858,19357200.0
2010-02-16,16.3447,16.4377,16.1708,16.4377,17574800.0
2010-02-17,16.4347,16.6566,16.4197,16.5906,16024800.0
2010-02-18,16.5366,16.7675,16.5366,16.7645,16494800.0
2010-02-19,16.7315,16.7615,16.5456,16.7075,17776000.0
2010-02-22,16.7315,16.7495,16.5726,16.6056,12584000.0
2010-02-23,16.6146,16.6716,16.4287,16.4407,13847200.0
2010-02-24,16.4916,16.5456,16.3987,16.5396,13507200.0
2010-02-25,15.9339,16.0659,15.775,15.9279,58768000.0
2010-02-26,15.9159,15.9189,15.6611,15.808,54320800.0
2010-03-01,15.9579,16.0029,15.829,15.9729,35326000.0
2010-03-02,16.0059,16.0988,15.9369,15.9819,23227200.0
2010-03-03,15.9819,16.2278,15.9459,16.1708,24181600.0
2010-03-04,16.4017,16.5036,16.2878,16.3327,27215000.0
2010-03-05,16.3987,16.4767,16.2997,16.4017,22617000.0
2010-03-08,16.4077,16.4527,16.2878,16.3297,17162000.0
2010-03-09,16.2937,16.3687,16.1768,16.2458,21309800.0
2010-03-10,16.2699,16.3032,16.2034,16.2518,18854600.0
2010-03-11,16.2578,16.2578,16.022,16.2034,26238800.0
2010-03-12,16.2306,16.2518,16.1006,16.1278,19475200.0
2010-03-15,16.2427,16.276,16.1339,16.2185,22978200.0
2010-03-16,16.2639,16.285,16.1943,16.2336,20095200.0
2010-03-17,16.2729,16.3213,16.2034,16.276,20280000.0
2010-03-18,16.2941,16.3364,16.2457,16.3092,22069800.0
2010-03-19,16.3666,16.6448,16.2034,16.551,37951600.0
2010-03-22,16.4725,16.5813,16.4452,16.4876,15831200.0
2010-03-23,16.539,16.7294,16.4483,16.7173,17181200.0
2010-03-24,16.6931,16.7355,16.5087,16.5117,15633200.0
2010-03-25,16.5994,16.681,16.5208,16.5662,15151200.0
2010-03-26,16.5631,16.6176,16.4755,16.5208,15085400.0
2010-03-29,16.5662,16.6145,16.5269,16.5571,12751000.0
2010-03-30,16.5964,16.6417,16.5087,16.5873,11917800.0
2010-03-31,16.5631,16.7143,16.4755,16.6266,19809600.0
2010-04-01,16.7324,16.7566,16.6659,16.7173,13119600.0
2010-04-05,16.7959,16.7959,16.5208,16.5843,17983600.0
2010-04-06,16.5783,16.5783,16.3908,16.412,16373000.0
2010-04-07,16.415,16.415,16.1913,16.2699,21247600.0
2010-04-08,16.2578,16.2578,16.155,16.2518,17805800.0
2010-04-09,16.2971,16.5087,16.279,16.5027,19246200.0
2010-04-12,16.5208,16.5843,16.4785,16.5541,14262800.0
2010-04-13,16.5299,16.6508,16.5208,16.6327,13196800.0
2010-04-14,16.6357,16.6448,16.5208,16.6115,12914800.0
2010-04-15,16.5541,16.5571,16.3636,16.4029,18628000.0
2010-04-16,16.3939,16.6689,16.3757,16.6176,32738400.0
2010-04-19,16.6206,16.7234,16.6024,16.7234,24510200.0
2010-04-20,16.6931,16.7143,16.4211,16.4664,29216800.0
2010-04-21,16.4966,16.4997,16.3243,16.3818,18065200.0
2010-04-22,16.3697,16.4785,16.3243,16.418,18780600.0
2010-04-23,16.4634,16.4634,16.2457,16.288,19416800.0
2010-04-26,16.3243,16.4301,16.2427,16.2427,16752200.0
2010-04-27,16.2215,16.282,15.9737,15.9827,25604200.0
2010-04-28,16.025,16.1943,15.889,16.1308,23337200.0
2010-04-29,16.2094,16.3818,16.1913,16.2457,15888000.0
2010-04-30,16.2094,16.3122,16.1429,16.1581,15614800.0
2010-05-03,16.2367,16.3092,16.1006,16.2518,13341800.0
2010-05-04,16.1399,16.2639,16.0371,16.0764,21814400.0
2010-05-05,16.152,16.2941,16.0825,16.2215,21747200.0
2010-05-06,16.2246,16.3848,15.4809,15.8104,44534800.0
2010-05-07,15.7772,15.9737,15.5807,15.9223,39350200.0
2010-05-10,16.2911,16.3515,16.0976,16.3364,31522200.0
2010-05-11,16.2094,16.3455,16.1732,16.2064,21396000.0
2010-05-12,16.2639,16.3546,16.149,16.3304,20904600.0
2010-05-13,16.3092,16.3243,16.1581,16.1701,18046200.0
2010-05-14,16.1308,16.2185,15.9797,16.1248,23873000.0
2010-05-17,16.1671,16.1883,15.9767,16.146,16270200.0
2010-05-18,16.2336,16.2397,16.0462,16.0523,18955000.0
2010-05-19,16.022,16.1278,15.8588,16.0583,19794200.0
2010-05-20,15.8709,15.8709,15.5776,15.5807,26685000.0
2010-05-21,15.369,15.6351,15.2058,15.5958,32321200.0
2010-05-24,15.4809,15.6804,15.4235,15.5565,15628600.0
2010-05-25,15.227,15.3358,15.097,15.3025,26862800.0
2010-05-26,15.366,15.3811,15.097,15.1393,27142000.0
2010-05-27,15.2995,15.493,15.1937,15.4869,20917800.0
2010-05-28,15.4718,15.7046,15.4174,15.5383,20014600.0
2010-06-01,15.4537,15.753,15.3358,15.5051,20711000.0
2010-06-02,15.5807,15.8437,15.4688,15.8437,16188000.0
2010-06-03,15.9223,16.022,15.8558,15.9464,21961000.0
2010-06-04,15.762,15.762,15.4235,15.499,21394000.0
2010-06-07,15.4869,15.5686,15.3479,15.357,18211400.0
2010-06-08,15.3539,15.6653,15.2723,15.5867,20107200.0
2010-06-09,15.5867,15.6744,15.4688,15.5232,15288800.0
2010-06-10,15.6759,15.871,15.6759,15.8558,16712400.0
2010-06-11,15.7643,15.7734,15.5875,15.746,13777800.0
2010-06-14,15.8344,15.8436,15.6881,15.7033,12801400.0
2010-06-15,15.8009,15.9137,15.7186,15.9076,13673600.0
2010-06-16,15.8009,15.9868,15.7795,15.9746,14513000.0
2010-06-17,16.0051,16.0661,15.8619,15.9625,16552200.0
2010-06-18,15.9716,16.0753,15.932,15.9472,24960000.0
2010-06-21,16.1027,16.1515,15.935,15.999,17022000.0
2010-06-22,15.9929,16.182,15.9838,15.9929,19324800.0
2010-06-23,16.0234,16.0509,15.8558,15.9259,16279800.0
2010-06-24,15.8862,15.999,15.7521,15.7917,15586000.0
2010-06-25,15.7887,15.8314,15.3222,15.3222,29411800.0
2010-06-28,15.4655,15.6637,15.429,15.5722,21664200.0
2010-06-29,15.4198,15.5326,15.2735,15.3436,21782800.0
2010-06-30,15.3588,15.4198,15.246,15.2796,18467800.0
2010-07-01,15.3344,15.3344,15.0814,15.2521,23580200.0
2010-07-02,15.3101,15.3832,15.1973,15.2582,14562000.0
2010-07-06,15.4229,15.4503,15.2491,15.3741,16366000.0
2010-07-07,15.4076,15.7277,15.3344,15.6911,19325800.0
2010-07-08,15.7551,15.9868,15.7186,15.9807,20026800.0
2010-07-09,15.9625,16.0021,15.874,15.9746,11791600.0
2010-07-12,15.9015,15.996,15.8375,15.9899,9789200.0
2010-07-13,16.0539,16.1423,16.0356,16.0722,12664400.0
2010-07-14,16.0234,16.1332,15.9807,16.1027,11347400.0
2010-07-15,16.0722,16.1423,15.9503,16.1118,13549600.0
2010-07-16,16.0874,16.182,15.9167,15.9686,17389600.0
2010-07-19,16.0173,16.0265,15.8679,15.935,9816600.0
2010-07-20,15.8436,16.2673,15.8283,16.2307,17662600.0
2010-07-21,16.31,16.7002,16.2429,16.4868,33715800.0
2010-07-22,16.4655,16.6697,16.4533,16.5417,18813200.0
2010-07-23,16.5234,16.7155,16.4502,16.6911,14924000.0
2010-07-26,16.7155,16.7612,16.6758,16.749,11798800.0
2010-07-27,16.7398,16.8435,16.7124,16.7825,16505200.0
2010-07-28,16.7825,16.8283,16.6972,16.7307,11162000.0
2010-07-29,16.7917,16.8618,16.6636,16.7642,16607400.0
2010-07-30,16.6789,16.8557,16.5935,16.8008,14524600.0
2010-08-02,17.0173,17.2215,16.9654,17.1971,28663600.0
2010-08-03,17.1849,17.2337,17.0904,17.188,14203400.0
2010-08-04,17.2307,17.2855,17.1362,17.2398,10903200.0
2010-08-05,17.1971,17.2002,17.0112,17.1849,13771600.0
2010-08-06,17.1026,17.313,16.9654,17.3008,16642600.0
2010-08-09,17.1849,17.4989,17.1819,17.4105,17342200.0
2010-08-10,17.2673,17.4989,17.2307,17.3709,14347000.0
2010-08-11,17.1453,17.3008,17.066,17.0843,20342600.0
2010-08-12,16.9289,17.0325,16.874,16.9776,17104400.0
2010-08-13,16.9624,17.066,16.8801,16.9898,13518200.0
2010-08-16,16.9228,17.0508,16.8039,17.0356,13090400.0
2010-08-17,17.0782,17.2002,16.9197,17.1087,12320200.0
2010-08-18,17.1636,17.1636,16.9532,17.0234,14775400.0
2010-08-19,16.9898,16.9898,16.7581,16.8526,15657600.0
2010-08-20,16.8161,16.9014,16.7429,16.8587,17864800.0
2010-08-23,16.9228,17.0325,16.8923,16.9502,14077000.0
2010-08-24,16.7947,17.0539,16.7947,16.9685,20286600.0
2010-08-25,16.8953,16.9837,16.7856,16.8862,14108800.0
2010-08-26,16.8984,16.9258,16.7581,16.8161,12978000.0
2010-08-27,16.9014,17.1331,16.7764,17.1209,17888400.0
2010-08-30,17.1331,17.1453,16.9228,16.935,8712200.0
2010-08-31,16.8283,17.0843,16.7673,17.0478,14927000.0
2010-09-01,17.188,17.4746,17.1545,17.4715,21239000.0
2010-09-02,17.438,17.5081,17.3343,17.4929,13705000.0
2010-09-03,17.4868,17.5599,17.4044,17.5477,13395400.0
2010-09-07,17.5355,17.6239,17.4989,17.5691,12068800.0
2010-09-08,17.6026,17.7459,17.5904,17.63,15978000.0
2010-09-09,17.7063,17.8312,17.6239,17.7703,15742200.0
2010-09-10,17.7114,17.8773,17.6807,17.8404,14108200.0
2010-09-13,17.9633,17.9694,17.739,17.825,15119000.0
2010-09-14,17.7697,17.8527,17.6776,17.6899,19677200.0
2010-09-15,17.6223,17.6929,17.5762,17.6377,15715400.0
2010-09-16,17.6315,17.7175,17.5854,17.6653,11852800.0
2010-09-17,17.7452,17.8097,17.6346,17.6837,16789600.0
2010-09-20,17.6991,17.8158,17.6776,17.8066,12934400.0
2010-09-21,17.7882,17.8773,17.7083,17.8496,13270200.0
2010-09-22,17.8619,17.9755,17.8465,17.8865,12727000.0
2010-09-23,17.822,17.9049,17.7298,17.7759,9836600.0
2010-09-24,17.8711,18.0616,17.8711,18.0063,12164200.0
2010-09-27,18.0462,18.08,17.9848,18.0001,9448400.0
2010-09-28,17.997,18.1936,17.9264,18.1537,18475200.0
2010-09-29,18.123,18.123,17.9448,18.0493,13967000.0
2010-09-30,18.08,18.1721,17.8926,17.9755,12857400.0
2010-10-01,18.1353,18.1967,17.9755,18.1598,15180200.0
2010-10-04,18.1015,18.1353,17.9848,18.0861,10561600.0
2010-10-05,18.1322,18.3441,18.1168,18.3257,17608000.0
2010-10-06,18.3165,18.3718,18.2336,18.3687,12266200.0
2010-10-07,18.2489,18.3319,18.1844,18.2581,13924600.0
2010-10-08,18.2704,18.338,18.1414,18.2489,15338800.0
2010-10-11,18.295,18.3134,18.2244,18.295,11667600.0
2010-10-12,18.2274,18.3687,18.2274,18.3073,14319400.0
2010-10-13,18.3441,18.4209,18.3257,18.4117,22388000.0
2010-10-14,18.4117,18.424,18.3319,18.4025,13244000.0
2010-10-15,18.4179,18.424,18.3503,18.4117,16636600.0
2010-10-18,18.3718,18.4302,18.3687,18.4302,15937200.0
2010-10-19,18.4179,18.5745,18.3779,18.5346,32719000.0
2010-10-20,18.5407,18.9462,18.5407,18.7834,30571400.0
2010-10-21,18.7404,18.9677,18.7404,18.8817,21707600.0
2010-10-22,18.8878,18.9646,18.8694,18.9247,8938400.0
2010-10-25,18.8264,18.9677,18.7343,18.7404,17941600.0
2010-10-26,18.6728,18.851,18.6667,18.811,14375800.0
2010-10-27,18.7435,18.7988,18.5223,18.7957,17681200.0
2010-10-28,18.8233,18.9093,18.7005,18.8018,15673400.0
2010-10-29,18.7834,18.8909,18.7465,18.8356,12050000.0
2010-11-01,18.851,19.0291,18.8018,18.9554,16681200.0
2010-11-02,18.9831,19.0261,18.9769,19.0015,11812000.0
2010-11-03,18.9923,19.0291,18.8233,19.0291,14756200.0
2010-11-04,19.0261,19.2442,19.0076,19.1827,24597200.0
2010-11-05,19.1735,19.2442,19.0445,19.2227,14597200.0
2010-11-08,19.1981,19.2196,19.1366,19.1858,9614400.0
2010-11-09,19.195,19.2626,19.152,19.2411,14837400.0
2010-11-10,19.2165,19.2411,19.1366,19.2134,16932600.0
2010-11-11,19.195,19.2902,19.1551,19.2902,14604000.0
2010-11-12,19.2657,19.3394,19.1643,19.3271,18809200.0
2010-11-15,19.3148,19.453,19.2964,19.3394,20547600.0
2010-11-16,19.324,19.3455,18.9892,19.0691,21324800.0
2010-11-17,19.0875,19.2657,19.0752,19.2042,15604400.0
2010-11-18,19.3148,19.6435,19.3056,19.6097,21919000.0
2010-11-19,19.536,19.7602,19.5206,19.7571,21996000.0
2010-11-22,19.665,19.7541,19.5298,19.7418,15201800.0
2010-11-23,19.6373,19.6588,19.4377,19.5421,16046800.0
2010-11-24,19.579,19.8523,19.579,19.8462,14209000.0
2010-11-26,19.6863,19.7729,19.6584,19.7172,7305400.0
2010-11-29,19.6553,19.6863,19.445,19.6059,21131800.0
2010-11-30,19.4852,19.6646,19.4605,19.5378,19227000.0
2010-12-01,19.776,20.0419,19.7419,20.011,18495400.0
2010-12-02,19.9956,20.0914,19.9523,20.0729,18329400.0
2010-12-03,20.0141,20.0852,19.943,19.9492,19191800.0
2010-12-06,19.909,19.9461,19.7914,19.7914,18912600.0
2010-12-07,19.878,19.9708,19.8316,19.8378,18205200.0
2010-12-08,19.8162,19.9306,19.8162,19.9151,14942800.0
2010-12-09,19.9832,20.076,19.9677,20.0512,17323000.0
2010-12-10,20.0636,20.0729,19.8811,19.9956,16683800.0
2010-12-13,19.9151,20.0945,19.8873,20.0574,15754800.0
2010-12-14,20.0512,20.0667,19.7017,19.7636,25011600.0
2010-12-15,19.7636,20.0883,19.7172,20.0234,23592400.0
2010-12-16,20.0574,20.2368,20.0079,20.209,25717000.0
2010-12-17,20.11,20.3358,20.0574,20.3203,22133600.0
2010-12-20,20.2461,20.3327,20.1626,20.1997,16959800.0
2010-12-21,20.2121,20.2894,20.1533,20.2554,15122800.0
2010-12-22,20.2306,20.2863,20.1131,20.2863,12310200.0
2010-12-23,20.2646,20.376,20.2492,20.2832,11022000.0
2010-12-27,20.2739,20.2739,20.1224,20.1255,9308600.0
2010-12-28,20.1409,20.2368,20.1224,20.2152,7921400.0
2010-12-29,20.2244,20.3079,20.2121,20.243,7801800.0
2010-12-30,20.2368,20.2894,20.2152,20.2585,8695800.0
2010-12-31,20.2152,20.3512,20.2152,20.342,8586000.0
2011-01-03,20.376,20.376,20.1378,20.1718,16604800.0
2011-01-04,20.11,20.1626,19.7358,19.7543,26160000.0
2011-01-05,19.7296,19.7791,19.4419,19.6368,32798200.0
2011-01-06,19.677,19.6894,19.4326,19.4945,20262800.0
2011-01-07,19.4172,19.4852,19.3491,19.4605,15342000.0
2011-01-10,19.3924,19.5471,19.3491,19.5038,12506200.0
2011-01-11,19.5904,19.6151,19.3832,19.3893,13492800.0
2011-01-12,19.5502,19.5966,19.3924,19.4976,13047400.0
2011-01-13,19.5625,19.7512,19.5254,19.6089,14115400.0
2011-01-14,19.5997,19.5997,19.479,19.5254,11021000.0
2011-01-18,19.5502,19.7141,19.5378,19.6337,13078600.0
2011-01-19,19.6955,19.7698,19.544,19.6151,14683000.0
2011-01-20,19.677,19.7574,19.4079,19.4636,18856000.0
2011-01-21,19.5409,19.5471,19.3986,19.411,15477000.0
2011-01-24,19.4326,19.5687,19.3863,19.5625,13571000.0
2011-01-25,19.5533,19.5811,19.343,19.4729,16247400.0
2011-01-26,19.5378,19.5749,19.4419,19.4729,12429800.0
2011-01-27,19.544,19.5502,19.3739,19.3924,12399000.0
2011-01-28,19.4388,19.5718,19.2192,19.2409,21232600.0
2011-01-31,19.2749,19.4388,19.1419,19.4388,12697000.0
2011-02-01,19.4481,19.5842,19.4388,19.5007,12906800.0
2011-02-02,19.5625,19.6337,19.3491,19.4419,14593000.0
2011-02-03,19.3924,19.479,19.2161,19.3522,12152200.0
2011-02-04,19.377,19.4419,19.2873,19.3491,8483800.0
2011-02-07,19.3832,19.3832,19.2749,19.3368,11003800.0
2011-02-08,19.3089,19.4605,19.2811,19.445,11286200.0
2011-02-09,19.8316,20.0265,19.445,19.5316,27468800.0
2011-02-10,19.5347,19.6522,19.4296,19.6522,16311000.0
2011-02-11,19.5564,19.6894,19.5223,19.6615,14346000.0
2011-02-14,19.6925,19.7172,19.4852,19.5285,11062000.0
2011-02-15,19.4605,19.5533,19.346,19.5533,12638800.0
2011-02-16,19.51,19.6368,19.4481,19.6089,11998800.0
2011-02-17,19.6028,20.0172,19.5687,19.9646,17192600.0
2011-02-18,19.9801,19.9956,19.8316,19.9646,16054600.0
2011-02-22,19.5966,19.878,19.5873,19.7203,15948400.0
2011-02-23,19.7265,19.8997,19.7017,19.7667,15846400.0
2011-02-24,19.8687,19.909,19.7048,19.7574,15754200.0
2011-02-25,19.7234,19.9182,19.7048,19.8904,9837400.0
2011-02-28,19.844,19.943,19.7512,19.7698,14199200.0
2011-03-01,19.8811,20.1811,19.8564,20.076,29009000.0
2011-03-02,19.9646,20.045,19.8347,19.9275,16827800.0
2011-03-03,20.045,20.376,20.0358,20.2801,19078200.0
2011-03-04,20.209,20.2739,20.0327,20.1688,14055400.0
2011-03-07,20.2028,20.3327,19.943,20.1718,14821400.0
2011-03-08,20.2275,20.3636,20.1718,20.3018,16157400.0
2011-03-09,20.2677,20.3141,20.1842,20.2956,13552800.0
2011-03-10,20.181,20.2714,20.0938,20.1935,15484800.0
2011-03-11,20.2247,20.2838,20.0845,20.1904,10957400.0
2011-03-14,20.044,20.1281,19.7916,19.9194,15724000.0
2011-03-15,19.6109,19.7106,19.424,19.6359,21764600.0
2011-03-16,19.5299,19.586,19.0938,19.1904,29101200.0
2011-03-17,19.4489,19.5611,19.2869,19.4022,17836400.0
2011-03-18,19.6265,19.72,19.4552,19.5331,18638800.0
2011-03-21,19.667,19.8944,19.6421,19.8041,11431400.0
2011-03-22,19.8165,19.8664,19.7044,19.7854,7641200.0
2011-03-23,19.7169,20.1032,19.7044,20.0222,11499400.0
2011-03-24,20.1592,20.2714,20.1125,20.153,11693000.0
2011-03-25,20.2091,20.3711,20.1935,20.3181,10478200.0
2011-03-28,20.3119,20.4022,20.2589,20.2589,10368400.0
2011-03-29,20.3119,20.477,20.2745,20.4739,10206000.0
2011-03-30,20.4739,20.7138,20.4396,20.5736,16783400.0
2011-03-31,20.5486,20.8259,20.5486,20.6701,13332800.0
2011-04-01,20.8259,21.0222,20.748,20.9412,16066000.0
2011-04-04,20.9568,21.1187,20.9225,21.0783,12148400.0
2011-04-05,21.0284,21.1125,20.9692,21.0191,10516600.0
2011-04-06,21.044,21.1281,20.9381,21.0689,11810000.0
2011-04-07,21.0066,21.1063,20.8539,21.0097,11621400.0
2011-04-08,20.9941,21.072,20.829,20.9568,9576800.0
2011-04-11,20.9536,21.1343,20.8103,20.9973,13277200.0
2011-04-12,20.8664,20.9131,20.6888,20.8415,13809600.0
2011-04-13,20.9443,21.0191,20.8633,20.9599,7660800.0
2011-04-14,20.9786,21.3306,20.9007,21.2807,22384200.0
2011-04-15,21.287,21.2932,21.1437,21.1873,15861600.0
2011-04-18,21.0502,21.0751,20.7636,20.9692,14580800.0
2011-04-19,20.9381,21.0284,20.8571,20.8944,10060600.0
2011-04-20,21.1187,21.1997,21.0627,21.1374,11684000.0
2011-04-21,21.1499,21.2371,21.0191,21.1468,9833000.0
2011-04-25,21.1686,21.1779,20.9723,21.1032,9827200.0
2011-04-26,20.7605,20.882,20.5019,20.8508,29870400.0
2011-04-27,20.9879,21.0035,20.7356,20.8726,15469400.0
2011-04-28,20.8539,21.0128,20.7667,21.0004,12590400.0
2011-04-29,21.0471,21.1125,20.9568,21.0159,12061600.0
2011-05-02,21.1094,21.1406,21.0502,21.0969,10701000.0
2011-05-03,21.0969,21.153,21.0502,21.1468,9641600.0
2011-05-04,21.1406,21.1624,20.9349,21.0159,12083400.0
2011-05-05,21.0907,21.1032,20.6857,20.7792,12868600.0
2011-05-06,21.0284,21.0533,20.7885,20.8415,15553000.0
2011-05-09,20.801,20.9599,20.801,20.8571,7696000.0
2011-05-10,20.8726,21.0159,20.8664,20.9786,9464600.0
2011-05-11,20.963,21.0814,20.8415,20.9723,9989800.0
2011-05-12,20.9848,21.3181,20.9256,21.2807,15004000.0
2011-05-13,21.2683,21.4241,21.1904,21.2402,14691200.0
2011-05-16,21.2153,21.2558,21.0969,21.1312,10763000.0
2011-05-17,21.1001,21.2402,21.0284,21.1811,12489200.0
2011-05-18,21.1842,21.2932,21.0751,21.2776,12255800.0
2011-05-19,21.3119,21.4022,21.1873,21.3275,11388200.0
2011-05-20,21.2839,21.3462,21.1499,21.2776,11848800.0
2011-05-23,21.0564,21.153,20.9287,21.0253,10908200.0
2011-05-24,21.0814,21.1156,20.9381,21.0159,9213400.0
2011-05-25,20.9599,21.0284,20.8166,20.8446,10916400.0
2011-05-26,20.7916,20.8446,20.6546,20.7792,12625200.0
2011-05-27,20.8321,20.9194,20.7106,20.72,7734600.0
2011-05-31,20.8539,20.9474,20.7605,20.8134,13552600.0
2011-06-01,20.7511,20.9287,20.748,20.7979,13150200.0
2011-06-02,20.7636,20.7979,20.4427,20.5611,13252000.0
2011-06-03,20.3337,20.5081,20.315,20.4147,11665000.0
2011-06-06,20.4085,20.4895,20.3617,20.3804,9043000.0
2011-06-07,20.4116,20.4739,20.3057,20.3119,10141800.0
2011-06-08,20.3212,20.4147,20.2714,20.3742,10451200.0
2011-06-09,20.4271,20.6608,20.3337,20.5268,11119600.0
2011-06-10,20.4621,20.506,20.324,20.3711,12545600.0
2011-06-13,20.4276,20.4746,20.3303,20.4338,15226800.0
2011-06-14,20.5186,20.6598,20.4903,20.5876,11723600.0
2011-06-15,20.5248,20.5531,20.2832,20.3868,14790000.0
2011-06-16,20.3868,20.6347,20.3334,20.5499,13858600.0
2011-06-17,20.6723,20.7821,20.5907,20.5907,18905400.0
2011-06-20,20.5123,20.7539,20.5123,20.6566,10036000.0
2011-06-21,20.7445,20.801,20.6378,20.7915,12232200.0
2011-06-22,20.801,20.9673,20.7445,20.8355,14061800.0
2011-06-23,20.688,20.7006,20.2173,20.3899,24120400.0
2011-06-24,20.4527,20.5154,20.3083,20.3742,17052200.0
2011-06-27,20.3491,20.5405,20.3491,20.4621,13199800.0
2011-06-28,20.5593,20.7413,20.506,20.7194,11430000.0
2011-06-29,20.7696,20.9704,20.7664,20.9328,15446600.0
2011-06-30,21.0175,21.1775,20.9673,21.1147,13153000.0
2011-07-01,21.03,21.3658,21.03,21.3658,14685800.0
2011-07-05,21.3626,21.5854,21.3626,21.4317,12953600.0
2011-07-06,21.4348,21.5729,21.4285,21.5038,10101600.0
2011-07-07,21.5948,21.6168,21.5195,21.5729,10687000.0
2011-07-08,21.4631,21.5509,21.3752,21.5509,11236000.0
2011-07-11,21.2591,21.4254,21.2465,21.3689,12182800.0
2011-07-12,21.303,21.4756,21.2528,21.2905,11860400.0
2011-07-13,21.3626,21.4725,21.2654,21.3564,12671000.0
2011-07-14,21.325,21.4411,21.1399,21.234,13547600.0
2011-07-15,21.2905,21.2967,21.1116,21.1901,15972400.0
2011-07-18,21.1053,21.1587,20.8951,21.0614,13280800.0
2011-07-19,21.2434,21.8961,21.1901,21.7517,34673800.0
2011-07-20,21.7298,21.758,21.5886,21.6105,14477000.0
2011-07-21,21.5948,21.8459,21.4944,21.758,20137600.0
2011-07-22,21.8239,21.9086,21.8019,21.8804,12206000.0
2011-07-25,21.689,21.827,21.6545,21.7329,12004200.0
2011-07-26,21.736,21.7957,21.6796,21.7109,10090800.0
2011-07-27,21.5792,21.7298,21.507,21.5509,16778200.0
2011-07-28,21.5446,21.7392,21.5321,21.5917,13601000.0
2011-07-29,21.4505,21.6043,21.3062,21.3407,16929200.0
2011-08-01,21.4944,21.4976,21.0363,21.2528,16253200.0
2011-08-02,21.1493,21.2152,21.0457,21.0457,16643400.0
2011-08-03,21.0238,21.5133,21.0081,21.4631,26244600.0
2011-08-04,21.2654,21.3783,20.6284,20.6535,29608400.0
2011-08-05,20.7947,21.1053,20.4087,20.9516,41297600.0
2011-08-08,20.7696,21.0896,20.3805,20.4338,45706400.0
2011-08-09,20.5782,20.9359,19.9537,20.9233,38681800.0
2011-08-10,20.8198,20.8669,19.9883,20.0698,34868000.0
2011-08-11,20.0824,21.121,20.0541,20.8574,31557600.0
2011-08-12,20.9516,21.2591,20.8355,21.0677,18554400.0
2011-08-15,21.1712,21.4693,21.1053,21.4003,20037400.0
2011-08-16,21.2403,21.4882,21.2026,21.3909,18763200.0
2011-08-17,21.4819,21.7612,21.3877,21.7392,20899200.0
2011-08-18,21.416,21.6325,21.0426,21.2622,34576200.0
2011-08-19,21.1901,21.4254,20.9798,21.0551,28344800.0
2011-08-22,21.3407,21.3564,21.0771,21.1085,18005000.0
2011-08-23,21.1712,21.6702,21.1242,21.6702,21520600.0
2011-08-24,21.598,21.8741,21.5101,21.8647,17492600.0
2011-08-25,21.8396,21.8396,21.2622,21.3281,23841200.0
2011-08-26,21.3124,21.5792,20.9296,21.4944,17971400.0
2011-08-29,21.6388,21.918,21.6105,21.8804,16047200.0
2011-08-30,21.8961,22.053,21.8145,21.9212,29210200.0
2011-08-31,21.9243,22.2067,21.8584,22.1063,19214400.0
2011-09-01,21.9683,22.3103,21.8961,22.1063,21348200.0
2011-09-02,21.8773,21.962,21.8082,21.8835,15691200.0
2011-09-06,21.1587,21.8208,21.1461,21.7863,22089200.0
2011-09-07,21.9275,22.2318,21.9243,22.2161,18587600.0
2011-09-08,22.1722,22.5205,22.1377,22.3322,22304400.0
2011-09-09,22.1565,22.1691,21.5666,21.7674,29449400.0
2011-09-12,21.4768,21.8211,21.3978,21.7706,25503600.0
2011-09-13,21.7864,21.9033,21.6663,21.8306,19552600.0
2011-09-14,21.9254,22.2729,21.6568,22.0423,20027600.0
2011-09-15,22.0865,22.4372,22.0675,22.4372,18904200.0
2011-09-16,22.5509,22.6457,22.4372,22.5035,27583800.0
2011-09-19,22.137,22.3329,22.0991,22.2697,22957000.0
2011-09-20,22.3645,22.5825,22.2792,22.3203,16634400.0
2011-09-21,22.4087,22.453,21.8843,21.8875,20186600.0
2011-09-22,21.284,21.5305,21.0471,21.4262,32906400.0
2011-09-23,21.2809,21.3915,21.1261,21.2998,22071600.0
2011-09-26,21.5052,21.7642,21.3757,21.7232,21463400.0
2011-09-27,22.1528,22.2445,21.8875,21.9791,20286600.0
2011-09-28,22.0581,22.1655,21.4483,21.502,17245800.0
2011-09-29,21.7706,22.0012,21.5431,21.8148,20180200.0
2011-09-30,21.6252,21.8306,21.3441,21.3441,20278800.0
2011-10-03,21.0376,21.1419,20.5732,20.668,34674400.0
2011-10-04,20.4974,20.6711,20.0108,20.608,27848000.0
2011-10-05,20.6838,20.7248,20.3931,20.7027,20791600.0
2011-10-06,20.8417,20.8512,20.3615,20.6585,22420800.0
2011-10-07,21.0123,21.0123,20.6585,20.8196,16793600.0
2011-10-10,21.0281,21.145,20.8544,21.1356,10698400.0
2011-10-11,21.0818,21.2303,21.0376,21.104,10319400.0
2011-10-12,21.2461,21.4736,21.1008,21.3188,15514600.0
2011-10-13,21.3219,21.3504,21.1324,21.2935,11663400.0
2011-10-14,21.5463,21.5463,21.2777,21.4357,11289800.0
2011-10-17,21.4262,21.4357,21.1103,21.1671,17813400.0
2011-10-18,21.2588,21.3219,20.9776,21.085,20802000.0
2011-10-19,21.1703,21.4262,21.1261,21.1766,14219400.0
2011-10-20,21.3219,21.3504,21.0345,21.2051,11898600.0
2011-10-21,21.4641,21.5842,21.3125,21.5431,20095200.0
2011-10-24,21.6094,21.6884,21.3599,21.442,11943800.0
2011-10-25,21.4546,21.4641,21.104,21.1513,12480800.0
2011-10-26,21.2588,21.3377,20.9807,21.3156,13393600.0
2011-10-27,21.7769,21.8274,21.5147,21.6631,24176400.0
2011-10-28,21.6474,21.7927,21.6063,21.7769,13971600.0
2011-10-31,21.6884,21.8148,21.5842,21.5842,15246000.0
2011-11-01,21.2145,21.3251,21.0976,21.1798,21440400.0
2011-11-02,21.2998,21.502,21.2777,21.4104,12623200.0
2011-11-03,21.5147,21.7421,21.4862,21.6884,15764400.0
2011-11-04,21.4704,21.5305,21.2588,21.4136,13342200.0
2011-11-07,21.3757,21.5684,21.2556,21.5494,11557800.0
2011-11-08,21.5684,21.7105,21.4199,21.6884,11211800.0
2011-11-09,21.4357,21.4799,21.1229,21.1766,15044400.0
2011-11-10,21.363,21.4041,21.1387,21.2904,14810000.0
2011-11-11,21.4673,21.6758,21.4673,21.521,11364400.0
2011-11-14,21.4136,21.4736,21.2998,21.4167,7399200.0
2011-11-15,21.4136,21.6252,21.3188,21.4831,10405000.0
2011-11-16,21.4041,21.4199,21.1387,21.1703,14942000.0
2011-11-17,21.1482,21.2904,20.8828,21.0471,15778200.0
2011-11-18,21.2335,21.3915,21.1356,21.2904,15740200.0
2011-11-21,21.0692,21.1292,20.6585,20.8354,16772800.0
2011-11-22,20.728,20.9649,20.7027,20.8417,10678000.0
2011-11-23,20.6806,20.6933,20.4721,20.4942,12510200.0
2011-11-25,20.5827,20.649,20.4531,20.4531,6034800.0
2011-11-28,20.624,20.7736,20.4553,20.589,18562600.0
2011-11-29,20.7386,21.1618,20.6876,21.0631,19147600.0
2011-11-30,21.3973,21.6264,21.2318,21.3941,19447000.0
2011-12-01,21.3209,21.5055,21.2191,21.2668,13576600.0
2011-12-02,21.4514,21.4959,21.0568,21.1236,19617000.0
2011-12-05,21.3241,21.3814,20.9645,21.1013,16523600.0
2011-12-06,21.1586,21.3273,21.0472,21.2191,14230000.0
2011-12-07,21.1904,21.3432,21.0663,21.2509,14996800.0
2011-12-08,21.2223,21.3973,21.1809,21.235,14456000.0
2011-12-09,21.3559,21.5596,21.2954,21.5023,13455600.0
2011-12-12,21.3909,21.48,21.1045,21.2859,11365200.0
2011-12-13,21.3495,21.4068,21.095,21.1554,12254800.0
2011-12-14,21.0822,21.2923,21.025,21.0854,14240000.0
2011-12-15,21.2923,21.445,21.2541,21.2859,11704000.0
2011-12-16,21.4705,21.55,21.4036,21.4609,19303600.0
2011-12-19,21.4673,21.5978,21.3909,21.4387,9594200.0
2011-12-20,21.6009,21.8428,21.585,21.7664,13970600.0
2011-12-21,21.8046,22.2119,21.741,22.1387,15971600.0
2011-12-22,22.0655,22.1483,21.9223,22.0178,12337400.0
2011-12-23,22.0305,22.266,22.0242,22.2565,8217800.0
2011-12-27,22.2151,22.3392,22.2151,22.2374,9250200.0
2011-12-28,22.2438,22.2915,22.0846,22.1196,7134800.0
2011-12-29,22.1483,22.336,22.1196,22.3265,7413200.0
2011-12-30,22.2756,22.3679,22.266,22.266,5255000.0
2012-01-03,22.3233,22.5015,22.3074,22.3201,13925400.0
2012-01-04,22.2469,22.2979,22.1165,22.1801,12210600.0
2012-01-05,22.1992,22.2342,22.0687,22.0751,12931200.0
2012-01-06,22.1069,22.1578,21.8364,21.9351,11611400.0
2012-01-09,21.9574,22.0115,21.8937,21.9351,9127200.0
2012-01-10,22.1069,22.1228,21.9924,22.0655,11077200.0
2012-01-11,21.7569,21.8842,21.4991,21.6582,21141200.0
2012-01-12,21.7728,21.7982,21.4323,21.5023,13378200.0
2012-01-13,21.4291,21.4577,21.1809,21.3177,15743800.0
2012-01-17,21.5564,21.6009,21.4227,21.4323,13538600.0
2012-01-18,21.4673,21.5819,21.3782,21.5087,11563000.0
2012-01-19,21.5278,21.5564,21.4036,21.4641,12072800.0
2012-01-20,21.4927,21.6773,21.4482,21.6678,15014000.0
2012-01-23,21.6391,21.8364,21.6105,21.8078,10304000.0
2012-01-24,21.69,21.7982,21.5468,21.6073,12094200.0
2012-01-25,21.6105,21.7982,21.4927,21.776,11578600.0
2012-01-26,21.8364,21.8364,21.5628,21.6423,13242800.0
2012-01-27,21.6105,21.6837,21.3941,21.4609,14168000.0
2012-01-30,21.4132,21.5023,21.3305,21.4673,9680800.0
2012-01-31,21.6328,21.6328,21.3782,21.4896,10147600.0
2012-02-01,21.6009,21.7473,21.5755,21.5914,13046800.0
2012-02-02,21.6614,21.7155,21.5596,21.585,11292800.0
2012-02-03,21.7219,21.7951,21.5882,21.6646,14133800.0
2012-02-06,21.5882,21.7123,21.5437,21.6487,12433000.0
2012-02-07,21.6678,22.1006,21.5214,21.8142,22672000.0
2012-02-08,21.916,21.916,21.7028,21.7441,13209000.0
2012-02-09,21.7537,21.7632,21.5659,21.6296,13431000.0
2012-02-10,21.4896,21.62,21.4546,21.62,9114200.0
2012-02-13,21.7728,21.8269,21.62,21.7791,9970600.0
2012-02-14,21.7887,21.9351,21.671,21.9255,11466600.0
2012-02-15,22.0115,22.0369,21.7123,21.7664,12113600.0
2012-02-16,21.8332,21.9542,21.7728,21.9128,10375000.0
2012-02-17,21.9764,22.0115,21.8301,21.9733,13545000.0
2012-02-21,21.9192,21.9733,21.7982,21.9001,10964200.0
2012-02-22,21.8301,22.0655,21.8301,22.0369,11512000.0
2012-02-23,21.986,22.0528,21.9319,22.0146,9750800.0
2012-02-24,22.0687,22.1165,21.9033,21.9574,10944200.0
2012-02-27,21.8587,21.9574,21.8046,21.9033,9642400.0
2012-02-28,21.9255,21.9892,21.8937,21.9096,7189800.0
2012-02-29,21.9542,22.2692,21.9255,22.231,19103200.0
2012-03-01,22.2215,22.2628,22.0815,22.1483,12776800.0
2012-03-02,22.0878,22.1483,21.9478,22.0146,10828400.0
2012-03-05,21.9637,22.0655,21.9574,22.0305,8400200.0
2012-03-06,21.9001,21.986,21.8428,21.881,11830800.0
2012-03-07,21.8619,21.9383,21.7982,21.8905,8754600.0
2012-03-08,22.0146,22.1165,21.9892,22.0433,11703200.0
2012-03-09,22.0878,22.1928,22.056,22.1196,9629000.0
2012-03-12,22.1149,22.3842,22.0637,22.3233,16028000.0
2012-03-13,22.2816,22.5317,22.2816,22.5188,15460600.0
2012-03-14,22.5221,22.6375,22.4708,22.5092,11537400.0
2012-03-15,22.5253,22.5477,22.3682,22.5445,15080200.0
2012-03-16,22.5733,22.5862,22.4002,22.49,18926200.0
2012-03-19,22.506,22.6086,22.4387,22.5669,9166000.0
2012-03-20,22.4483,22.6855,22.4163,22.6278,8977200.0
2012-03-21,22.5926,22.8875,22.5509,22.7977,18193400.0
2012-03-22,22.7625,22.9452,22.74,22.8939,12615400.0
2012-03-23,22.8618,22.9516,22.8522,22.9163,13526000.0
2012-03-26,22.9965,23.0478,22.9484,23.0478,9416200.0
2012-03-27,23.0221,23.0734,22.9676,23.0381,10121800.0
2012-03-28,23.067,23.3459,23.0478,23.2914,24367400.0
2012-03-29,23.192,23.8459,23.1664,23.66,30647800.0
2012-03-30,23.5991,23.7658,23.4997,23.7241,22509800.0
2012-04-02,23.6664,23.785,23.6055,23.7658,12971400.0
2012-04-03,23.6151,23.7466,23.5478,23.644,11535200.0
2012-04-04,23.4933,23.5927,23.4677,23.5478,10868400.0
2012-04-05,23.4869,23.5671,23.4228,23.551,9746400.0
2012-04-09,23.3875,23.4356,23.317,23.3587,8387600.0
2012-04-10,23.2593,23.2786,23.0638,23.0862,15073000.0
2012-04-11,23.2177,23.2305,23.0285,23.1183,9852600.0
2012-04-12,23.1279,23.1632,23.0221,23.1503,8823000.0
2012-04-13,23.1503,23.2721,23.0606,23.0606,8337600.0
2012-04-16,23.1503,23.3331,23.1247,23.2209,12446200.0
2012-04-17,23.4581,23.8748,23.4581,23.7049,20206400.0
2012-04-18,23.7017,23.8331,23.6344,23.7754,10272200.0
2012-04-19,23.8139,23.8299,23.535,23.6632,9530600.0
2012-04-20,23.7081,23.8331,23.6376,23.7626,11454000.0
2012-04-23,23.7145,23.7434,23.5061,23.6215,9116200.0
2012-04-24,23.6953,23.8331,23.628,23.7594,8964200.0
2012-04-25,23.8844,24.0575,23.8203,24.019,16988600.0
2012-04-26,24.0254,24.3524,23.9806,24.2691,14700600.0
2012-04-27,24.3492,24.7307,24.3364,24.564,21063200.0
2012-04-30,24.4967,24.6505,24.3396,24.4646,23909000.0
2012-05-01,24.5351,24.6826,24.4518,24.6601,12105400.0
2012-05-02,24.5992,24.7627,24.5672,24.7339,15015400.0
2012-05-03,24.7819,24.8877,24.7467,24.8236,13952200.0
2012-05-04,24.7819,24.8749,24.6698,24.6826,10626000.0
2012-05-07,24.673,24.8268,24.6345,24.7723,8180800.0
2012-05-08,24.6858,24.7723,24.5736,24.7275,9101800.0
2012-05-09,24.5512,24.7435,24.5191,24.6121,13045200.0
2012-05-10,24.7499,24.907,24.7467,24.814,11541000.0
2012-05-11,24.7467,24.9198,24.7467,24.8332,9165000.0
2012-05-14,24.721,24.7627,24.5608,24.6409,12094600.0
2012-05-15,24.5415,24.7307,24.4454,24.5447,14007600.0
2012-05-16,24.5736,24.6313,24.3364,24.4678,16104800.0
2012-05-17,24.4165,24.4582,24.0383,24.0799,20882200.0
2012-05-18,24.1505,24.1505,23.551,23.7369,29355800.0
2012-05-21,23.7882,23.9133,23.7626,23.8844,12132600.0
2012-05-22,23.9293,23.9293,23.6921,23.7818,13444200.0
2012-05-23,23.7209,23.9036,23.6632,23.8972,16559400.0
2012-05-24,23.9421,24.3139,23.9133,24.221,18508600.0
2012-05-25,24.2402,24.2627,24.0447,24.1152,7724800.0
2012-05-29,24.2755,24.2755,24.0607,24.1889,9435200.0
2012-05-30,24.0575,24.1216,23.987,24.0607,11087400.0
2012-05-31,24.0287,24.112,23.9325,23.9549,11305200.0
2012-06-01,23.7177,23.8652,23.4036,23.4292,18122400.0
2012-06-04,23.41,23.6376,23.2593,23.6055,10819000.0
2012-06-05,23.5061,23.6087,23.4164,23.4773,10310200.0
2012-06-06,23.5254,23.9165,23.4965,23.9165,10779000.0
2012-06-07,24.0383,24.0607,23.7914,23.8107,11906000.0
2012-06-08,23.8267,24.1601,23.769,24.1184,9872600.0
2012-06-11,24.2723,24.2915,23.9197,23.9325,9383400.0
2012-06-12,24.0346,24.1217,23.828,24.1056,10398200.0
2012-06-13,24.0798,24.2476,24.0346,24.1056,8296600.0
2012-06-14,24.1379,24.5284,24.1056,24.4445,12010200.0
2012-06-15,24.5703,24.5929,24.3412,24.5574,16265600.0
2012-06-18,24.5155,24.6639,24.4541,24.5219,9243400.0
2012-06-19,24.6091,24.6091,24.4186,24.4445,9682600.0
2012-06-20,24.4251,24.4509,24.154,24.3864,12968200.0
2012-06-21,24.4606,24.5251,24.083,24.0991,10693000.0
2012-06-22,24.1895,24.3025,24.1604,24.1863,10056200.0
2012-06-25,24.0314,24.154,23.9378,24.1314,8320000.0
2012-06-26,24.2024,24.3218,23.9474,24.2315,10475200.0
2012-06-27,24.2605,24.6833,24.2605,24.6381,11954000.0
2012-06-28,24.5606,24.7446,24.4283,24.7123,9292800.0
2012-06-29,24.8931,25.2352,24.8769,25.2352,13947800.0
2012-07-02,25.232,25.4966,25.1771,25.4708,11553400.0
2012-07-03,25.4611,25.6128,25.403,25.5482,6563800.0
2012-07-05,25.5031,25.5418,25.2384,25.3191,9386400.0
2012-07-06,25.1803,25.2675,25.1222,25.2223,8578000.0
2012-07-09,25.1932,25.2384,25.0803,25.1674,7196600.0
2012-07-10,25.3449,25.3675,25.1125,25.1674,10177400.0
2012-07-11,25.1416,25.1577,24.8995,24.9996,11729000.0
2012-07-12,24.8511,24.9383,24.6962,24.7349,13569200.0
2012-07-13,24.7543,25.0415,24.6381,24.9415,11904600.0
2012-07-16,24.8834,24.9802,24.5929,24.6833,16081600.0
2012-07-17,25.1932,25.3869,24.7737,25.0738,19171000.0
2012-07-18,25.0577,25.0706,24.793,24.9931,12751600.0
2012-07-19,25.0189,25.0448,24.6897,25.0286,16670600.0
2012-07-20,24.9383,24.9641,24.7833,24.8608,13844800.0
2012-07-23,24.7059,24.8511,24.6478,24.8124,9327200.0
2012-07-24,24.8188,24.835,24.5606,24.7414,9305200.0
2012-07-25,24.835,24.9221,24.764,24.8576,7822200.0
2012-07-26,25.077,25.4676,25.077,25.4482,12744400.0
2012-07-27,25.5127,25.8968,25.4643,25.8226,15686400.0
2012-07-30,25.7451,26.1969,25.6806,26.1808,13683200.0
2012-07-31,26.0453,26.2486,25.9452,26.0775,14216200.0
2012-08-01,26.155,26.2228,26.0098,26.1453,11878000.0
2012-08-02,26.0549,26.1421,25.6644,25.7387,11573800.0
2012-08-03,25.8807,26.1389,25.8226,26.0872,10173400.0
2012-08-06,26.1453,26.2228,26.0194,26.0259,7970400.0
2012-08-07,26.0904,26.1356,25.7387,25.7451,11552200.0
2012-08-08,25.7257,25.8193,25.6128,25.6773,7978600.0
2012-08-09,25.6483,25.7483,25.4417,25.5741,8433200.0
2012-08-10,25.5482,25.5644,25.3707,25.4288,12199000.0
2012-08-13,25.374,25.4256,25.2061,25.3675,7707300.0
2012-08-14,25.5805,25.6063,25.3352,25.4191,9121600.0
2012-08-15,25.445,25.5289,25.3223,25.3998,6421500.0
2012-08-16,25.4321,25.5805,25.374,25.5289,7927800.0
2012-08-17,25.5999,25.6451,25.3481,25.516,9281200.0
2012-08-20,25.5224,25.5547,25.3417,25.4772,7235300.0
2012-08-21,25.4514,25.6192,25.3223,25.3417,6959600.0
2012-08-22,25.2642,25.3352,24.9738,25.0254,10702000.0
2012-08-23,25.0512,25.0706,24.5413,24.5994,13127200.0
2012-08-24,24.5736,24.8834,24.5736,24.8318,7912700.0
2012-08-27,24.8898,24.8898,24.6058,24.6381,8533500.0
2012-08-28,24.6187,24.7349,24.3799,24.5284,14032400.0
2012-08-29,24.5606,24.5606,24.1282,24.1798,16698000.0
2012-08-30,24.1282,24.2895,23.9668,23.9733,14877900.0
2012-08-31,24.1669,24.2573,23.9797,24.1411,17712500.0
2012-09-04,24.2185,24.2637,24.0249,24.0636,14810800.0
2012-09-05,24.154,24.2831,23.9539,24.2121,17916700.0
2012-09-06,24.367,24.722,24.3347,24.6252,16240100.0
2012-09-07,24.7737,24.8511,24.3605,24.4638,13934800.0
2012-09-10,24.5026,24.5155,24.2637,24.3089,13540300.0
2012-09-11,24.2954,24.4189,24.2434,24.3799,12236100.0
2012-09-12,24.5586,24.5846,24.3767,24.4027,12884100.0
2012-09-13,24.5196,25.0135,24.4417,24.9226,21258400.0
2012-09-14,25.046,25.0525,24.7016,24.7731,18341100.0
2012-09-17,24.8251,24.9421,24.7146,24.9226,15685000.0
2012-09-18,24.9421,25.345,24.8901,25.098,17995000.0
2012-09-19,25.124,25.2215,24.9615,25.033,17342500.0
2012-09-20,24.9486,25.2605,24.9421,25.111,20704800.0
2012-09-21,25.1695,25.176,24.6171,24.7146,43141900.0
2012-09-24,24.5911,24.8511,24.5716,24.7731,15845000.0
2012-09-25,24.8316,24.8706,24.4741,24.4871,15266000.0
2012-09-26,24.5521,24.7991,24.5261,24.5391,13905900.0
2012-09-27,24.7341,24.9226,24.6301,24.8966,13673200.0
2012-09-28,24.8381,24.8381,24.6301,24.6496,13841700.0
2012-10-01,24.7991,25.085,24.7926,24.9421,15221900.0
2012-10-02,25.059,25.1435,24.7666,24.9161,9047500.0
2012-10-03,24.9031,25.033,24.7861,24.8511,10837300.0
2012-10-04,24.994,25.0525,24.8186,24.9096,8524800.0
2012-10-05,25.0135,25.085,24.8576,25.072,11088300.0
2012-10-08,25.046,25.137,24.981,25.072,8328700.0
2012-10-09,25.02,25.2345,24.994,25.059,11991800.0
2012-10-10,25.1175,25.1695,24.7276,24.7536,10910200.0
2012-10-11,24.8251,24.8771,24.7081,24.7666,10018600.0
2012-10-12,24.8641,24.9486,24.7666,24.8446,8981900.0
2012-10-15,24.7601,24.8576,24.7016,24.7796,12404500.0
2012-10-16,24.8121,24.8381,24.3312,24.6301,23997100.0
2012-10-17,24.7211,24.7926,24.5001,24.5261,13801500.0
2012-10-18,24.5391,24.7406,24.3442,24.5911,21921700.0
2012-10-19,24.6496,24.6561,24.3052,24.3052,15674200.0
2012-10-22,24.2857,24.3572,24.0192,24.1947,10526500.0
2012-10-23,24.0192,24.0322,23.7463,23.7918,11654600.0
2012-10-24,23.7853,24.0712,23.7853,23.9672,11845500.0
2012-10-25,24.0452,24.1687,23.9477,24.1037,8919900.0
2012-10-26,24.1232,24.2142,23.9023,24.0712,9705900.0
2012-10-31,24.1492,24.3117,23.9932,24.1622,9368000.0
2012-11-01,24.1427,24.4092,24.1427,24.2597,9086700.0
2012-11-02,24.4222,24.4676,24.0452,24.0972,9717800.0
2012-11-05,23.9802,24.0387,23.8048,23.8958,9816000.0
2012-11-06,23.9932,24.3572,23.9542,24.3182,9440600.0
2012-11-07,24.3052,24.3052,23.6553,23.8633,14969000.0
2012-11-08,23.8178,24.1167,23.6293,23.6293,11634400.0
2012-11-09,23.4279,23.7333,23.4279,23.5838,9899100.0
2012-11-12,23.5838,23.5838,23.3824,23.4473,9324700.0
2012-11-13,23.4149,23.7593,23.3824,23.4993,10590300.0
2012-11-14,23.5188,23.6293,23.3109,23.4019,12182900.0
2012-11-15,23.3304,23.7073,23.3044,23.6748,14913500.0
2012-11-16,23.7138,23.8178,23.5708,23.7593,14142800.0
2012-11-19,23.9477,24.2337,23.9218,24.2012,12438800.0
2012-11-20,24.1947,24.2207,23.9477,24.2077,9568800.0
2012-11-21,24.2597,24.3507,24.1882,24.2987,7686200.0
2012-11-23,24.4027,24.6626,24.3637,24.6496,4617200.0
2012-11-26,24.4222,24.5521,24.1947,24.2792,11654700.0
2012-11-27,24.3313,24.5603,24.2658,24.3182,10410200.0
2012-11-28,24.2495,24.5832,24.0793,24.5766,12526700.0
2012-11-29,24.6552,24.8449,24.5374,24.8449,11599200.0
2012-11-30,24.8253,24.8515,24.6421,24.8122,9219100.0
2012-12-03,24.7926,24.8253,24.4261,24.4589,10509700.0
2012-12-04,24.4131,24.5374,24.3018,24.3084,10611800.0
2012-12-05,24.3542,24.5374,24.2626,24.4131,13240600.0
2012-12-06,24.4327,24.4981,24.4065,24.4589,7149600.0
2012-12-07,24.4981,24.6944,24.4654,24.6748,9265800.0
2012-12-10,24.6682,24.7206,24.5439,24.629,6808000.0
2012-12-11,24.6224,24.858,24.5897,24.7729,9348800.0
2012-12-12,24.7926,24.8187,24.5374,24.629,13234700.0
2012-12-13,24.6682,24.7271,24.557,24.6028,10612000.0
2012-12-14,24.5505,24.714,24.5374,24.6421,10112900.0
2012-12-17,24.7271,24.7468,24.4589,24.5374,12192800.0
2012-12-18,24.485,24.6682,24.2953,24.3934,16191000.0
2012-12-19,24.3738,24.4,24.0597,24.0663,13914200.0
2012-12-20,24.0074,24.2756,23.9812,24.2429,13834800.0
2012-12-21,24.1971,24.3345,23.9027,24.1382,21823000.0
2012-12-24,24.027,24.0793,23.9288,24.0335,4244800.0
2012-12-26,24.0139,24.0793,23.7129,23.8307,9217700.0
2012-12-27,23.7849,23.9158,23.6867,23.8307,10186500.0
2012-12-28,23.6998,23.8307,23.5232,23.5363,11953700.0
2012-12-31,23.4774,23.7391,23.2811,23.7195,13505300.0
2013-01-02,24.2037,24.6028,23.9877,24.6028,19624600.0
2013-01-03,24.5047,24.6028,24.2822,24.6028,14392500.0
2013-01-04,24.6355,24.7795,24.5505,24.6421,13686600.0
2013-01-07,24.5505,24.5505,24.2756,24.4065,13454800.0
2013-01-08,24.3345,24.3934,24.1513,24.2364,13233100.0
2013-01-09,24.3084,24.3411,24.099,24.2298,9618300.0
2013-01-10,24.3018,24.3214,24.0532,24.184,13047800.0
2013-01-11,24.099,24.171,23.8961,24.1513,13260500.0
2013-01-14,24.1775,24.2822,24.0793,24.2037,10037100.0
2013-01-15,24.2037,24.4916,24.0793,24.4196,11691200.0
2013-01-16,24.3476,24.4785,24.2887,24.4196,7924600.0
2013-01-17,24.4916,24.6421,24.4261,24.5439,8778700.0
2013-01-18,24.5308,24.6748,24.4065,24.6682,12393400.0
2013-01-22,24.6944,24.6944,24.2429,24.2953,16536600.0
2013-01-23,24.2626,24.3803,24.2364,24.2953,11675400.0
2013-01-24,24.3411,24.3738,24.2102,24.2822,11329700.0
2013-01-25,24.328,24.3738,24.1513,24.2429,12040300.0
2013-01-28,24.256,24.2822,24.1186,24.2168,11581100.0
2013-01-29,24.1317,24.5832,24.1186,24.485,15039600.0
2013-01-30,24.4719,24.6094,24.4196,24.5374,11095000.0
2013-01-31,24.5177,24.557,24.2822,24.3673,10041900.0
2013-02-01,24.5635,24.6748,24.4523,24.5635,10294800.0
2013-02-04,24.5243,24.5897,24.4065,24.4392,7911400.0
2013-02-05,24.5635,24.9692,24.5635,24.9561,16361200.0
2013-02-06,24.9496,25.1459,24.8645,25.0674,14051600.0
2013-02-07,25.1066,25.5581,25.0936,25.46,17456900.0
2013-02-08,25.4207,25.4796,25.2571,25.3684,10764000.0
2013-02-11,25.3291,25.4076,25.1328,25.2637,11253400.0
2013-02-12,24.9365,24.9692,24.3934,24.5766,29216900.0
2013-02-13,24.6486,24.8253,24.2168,24.3476,16786500.0
2013-02-14,24.3673,24.5439,24.0139,24.1055,18212600.0
2013-02-15,24.171,24.485,23.9092,24.485,22769500.0
2013-02-19,24.5505,24.714,24.5112,24.6486,12887100.0
2013-02-20,24.6682,24.7926,24.4785,24.6879,11131000.0
2013-02-21,24.6159,24.7271,24.4916,24.6748,11718100.0
2013-02-22,24.7075,25.2048,24.6748,25.2048,17390100.0
2013-02-25,25.231,25.3357,24.6813,24.6813,13654600.0
2013-02-26,24.8318,24.9889,24.714,24.9365,14284800.0
2013-02-27,24.8449,25.2179,24.8122,25.159,12870100.0
2013-02-28,25.1459,25.4992,25.1394,25.3357,14186200.0
2013-03-01,25.1852,25.3815,25.1852,25.3226,12095300.0
2013-03-04,25.2571,25.4011,25.159,25.4011,8940300.0
2013-03-05,25.4534,25.5189,25.2244,25.3095,12015900.0
2013-03-06,25.388,25.545,25.3226,25.532,10780400.0
2013-03-07,25.545,25.6432,25.4142,25.5974,11596100.0
2013-03-08,25.6301,25.7871,25.5385,25.6628,10089900.0
2013-03-11,25.6497,25.7675,25.6367,25.7217,7998900.0
2013-03-12,25.6904,25.7234,25.3872,25.4927,9684500.0
2013-03-13,25.585,25.6179,25.407,25.4334,10289500.0
2013-03-14,25.585,25.7827,25.4795,25.7168,12421700.0
2013-03-15,25.585,25.6641,25.4795,25.5916,15370700.0
2013-03-18,25.4268,25.6641,25.4202,25.5454,10133800.0
2013-03-19,25.6311,25.9672,25.585,25.9211,13872400.0
2013-03-20,25.9672,26.3099,25.9409,26.277,17391800.0
2013-03-21,26.2638,26.6461,26.2045,26.4088,20959200.0
2013-03-22,26.2902,26.5406,26.2902,26.389,14462400.0
2013-03-25,26.4352,26.5274,26.3363,26.4418,13583900.0
2013-03-26,26.4483,26.824,26.4483,26.8174,12356100.0
2013-03-27,26.6592,26.7186,26.4022,26.5077,12983300.0
2013-03-28,26.567,26.7581,26.3758,26.6527,9838700.0
2013-04-01,26.6065,26.6856,26.4747,26.6592,7461000.0
2013-04-02,26.6461,26.9558,26.6395,26.8372,11253400.0
2013-04-03,26.8767,26.9031,26.4154,26.4747,12405500.0
2013-04-04,26.5406,26.7515,26.4945,26.7186,10420800.0
2013-04-05,26.5011,26.5999,26.3693,26.4154,9251800.0
2013-04-08,26.4022,26.9361,26.2111,26.9295,17661500.0
2013-04-09,26.9097,27.1074,26.6988,26.8306,18206900.0
2013-04-10,26.8833,27.1338,26.8306,27.0679,8171000.0
2013-04-11,27.0613,27.292,27.0613,27.1404,9336300.0
2013-04-12,26.9624,27.0942,26.8108,27.0745,8513800.0
2013-04-15,26.9229,27.0151,26.3956,26.422,14157100.0
2013-04-16,27.2854,27.9972,27.1865,27.9247,29569500.0
2013-04-17,27.7731,28.1421,27.7006,28.0433,21839700.0
2013-04-18,27.9972,28.1092,27.7401,27.7467,14193200.0
2013-04-19,27.8653,28.1883,27.8126,28.1158,12294600.0
2013-04-22,27.951,28.241,27.9312,28.1553,9385900.0
2013-04-23,28.1619,28.3135,27.8522,28.1421,10086200.0
2013-04-24,28.1026,28.274,27.7467,27.7797,9600300.0
2013-04-25,27.8192,28.0367,27.7335,27.9115,8933600.0
2013-04-26,27.7994,27.9642,27.7401,27.7467,12120600.0
2013-04-29,27.839,27.8719,27.6281,27.839,9415000.0
2013-04-30,27.7797,27.9378,27.6017,27.8983,11011000.0
2013-05-01,27.7797,28.0499,27.7731,27.8192,7960000.0
2013-05-02,27.4567,27.7863,27.3447,27.6544,17052000.0
2013-05-03,27.7928,27.9576,27.6544,27.839,10172300.0
2013-05-06,27.8719,27.8719,27.5951,27.7335,8394100.0
2013-05-07,27.8192,28.1487,27.7797,28.1421,11816500.0
2013-05-08,28.0301,28.129,27.7863,27.984,11067800.0
2013-05-09,28.0169,28.0499,27.6808,27.7599,8894000.0
2013-05-10,27.7533,27.839,27.5819,27.7797,8414100.0
2013-05-13,27.7731,27.9708,27.6808,27.806,6882400.0
2013-05-14,27.8522,28.1224,27.6874,28.0235,10910000.0
2013-05-15,28.0103,28.4058,27.9378,28.2871,10615200.0
2013-05-16,28.2806,28.6233,28.2015,28.3992,11244600.0
2013-05-17,28.3728,28.4255,28.0499,28.3201,10798300.0
2013-05-20,28.3069,28.3069,27.8785,27.9312,8750600.0
2013-05-21,27.9972,28.0565,27.7269,27.9049,7713200.0
2013-05-22,27.8653,28.2476,27.7072,27.8456,12015800.0
2013-05-23,27.6347,27.7269,27.3908,27.6347,9651900.0
2013-05-24,27.3776,27.9247,27.3513,27.839,10428700.0
2013-05-28,28.0762,28.3728,27.9444,28.0433,11129300.0
2013-05-29,27.9115,27.9642,27.226,27.2854,15052000.0
2013-05-30,27.3117,27.4172,26.857,26.8701,18795500.0
2013-05-31,26.7911,26.8701,26.3561,26.3561,21595500.0
2013-06-03,26.3297,26.9163,26.1188,26.8965,14861200.0
2013-06-04,27.4106,27.4963,26.9888,27.2985,17602600.0
2013-06-05,27.2854,27.2854,26.7581,26.7911,13802300.0
2013-06-06,26.7252,26.8833,26.567,26.8833,9598100.0
2013-06-07,27.1535,27.5029,27.0086,27.292,12863100.0
2013-06-10,27.3579,27.3644,27.0481,27.1404,9895600.0
2013-06-11,26.9431,27.0094,26.6245,26.8833,14996100.0
2013-06-12,27.0691,27.1687,26.7307,26.8037,10738400.0
2013-06-13,26.7506,26.8634,26.3325,26.817,16116600.0
2013-06-14,26.7971,27.0691,26.7174,26.7705,11913200.0
2013-06-17,26.9032,27.1488,26.8103,26.9961,10793000.0
2013-06-18,27.0161,27.2085,26.9231,27.1621,8545900.0
2013-06-19,27.2218,27.5005,26.817,26.817,15878200.0
2013-06-20,26.7307,26.7838,25.8614,25.9675,22896300.0
2013-06-21,26.3126,26.525,26.0803,26.3856,19459900.0
2013-06-24,26.1799,26.5515,25.9675,26.233,14735000.0
2013-06-25,26.4254,26.4984,26.1733,26.3591,11462900.0
2013-06-26,26.5913,26.8634,26.5847,26.7639,11082500.0
2013-06-27,26.9762,27.1289,26.7042,26.7174,10015900.0
2013-06-28,26.7108,26.8369,26.6112,26.6179,9457900.0
2013-07-01,26.8767,27.1554,26.7838,26.8501,9146300.0
2013-07-02,26.8568,27.036,26.6643,26.7904,10034200.0
2013-07-03,26.7174,26.9165,26.5648,26.8701,4787400.0
2013-07-05,27.0227,27.0758,26.6444,26.89,9412600.0
2013-07-08,26.9762,27.0492,26.8236,26.9032,8337900.0
2013-07-09,27.1156,27.255,27.0227,27.0957,7868500.0
2013-07-10,27.1554,27.182,26.8966,26.9961,8405600.0
2013-07-11,27.2085,27.308,27.036,27.2284,12547800.0
2013-07-12,27.2284,27.2948,27.0293,27.2284,9297800.0
2013-07-15,27.2483,27.3744,27.1621,27.2151,10019400.0
2013-07-16,26.3989,26.8767,26.2131,26.6975,30353000.0
2013-07-17,26.9099,27.1952,26.7506,27.1023,14520700.0
2013-07-18,27.1156,27.255,27.036,27.0824,8883000.0
2013-07-19,27.1289,27.2749,27.0691,27.2682,10016300.0
2013-07-22,27.255,27.3014,27.0492,27.1023,8286600.0
2013-07-23,27.1753,27.2948,27.0691,27.182,8443100.0
2013-07-24,27.2881,27.2948,27.0426,27.1156,8785800.0
2013-07-25,27.0824,27.1289,26.8634,27.1023,8202200.0
2013-07-26,26.9696,26.9762,26.5515,26.9696,10825100.0
2013-07-29,26.9497,26.9961,26.7174,26.7307,8783000.0
2013-07-30,26.7971,27.0293,26.7108,26.7572,9423000.0
2013-07-31,26.817,26.9298,26.5847,26.598,11342900.0
2013-08-01,26.8103,27.0426,26.8103,26.9231,10254000.0
2013-08-02,26.5515,26.817,26.4852,26.6909,23305000.0
2013-08-05,26.6643,26.8568,26.6643,26.7373,9106800.0
2013-08-06,26.6975,26.8302,26.5847,26.7904,7525200.0
2013-08-07,26.7506,26.7639,26.5847,26.6444,7942500.0
2013-08-08,26.7373,26.7838,26.5582,26.6776,8262600.0
2013-08-09,26.7108,26.7572,26.5781,26.6511,8235500.0
2013-08-12,26.5582,26.6112,26.3524,26.4321,13049000.0
2013-08-13,26.4984,26.5781,26.2131,26.3126,11986600.0
2013-08-14,26.2927,26.3325,26.1135,26.233,12736200.0
2013-08-15,26.0936,26.1467,25.8945,25.941,13144800.0
2013-08-16,25.9012,26.0007,25.6888,25.9144,17966500.0
2013-08-19,25.9144,25.941,25.6755,25.7353,10993900.0
2013-08-20,25.8016,25.9742,25.649,25.649,8827600.0
2013-08-21,25.6357,25.6822,25.3835,25.4035,14511200.0
2013-08-22,25.4831,25.5627,25.284,25.4234,8831500.0
2013-08-23,25.6291,25.6291,25.4632,25.5627,9467800.0
2013-08-26,25.6092,25.6158,25.2906,25.2973,11736600.0
2013-08-27,25.2044,25.3769,25.0849,25.3172,14945100.0
2013-08-28,25.2575,25.5694,25.2508,25.4499,17567500.0
2013-08-29,25.5229,25.5362,25.284,25.284,12711500.0
2013-08-30,25.3105,25.4035,25.2176,25.3371,11591800.0
2013-09-03,25.3968,25.4831,25.0849,25.1513,17462200.0
2013-09-04,25.138,25.7021,25.0915,25.576,17476300.0
2013-09-05,25.649,25.6755,25.2575,25.3769,12503600.0
2013-09-06,25.4698,25.6291,25.284,25.4499,12233000.0
2013-09-09,25.5561,25.5826,25.3968,25.5627,9418200.0
2013-09-10,25.7286,25.7353,25.5561,25.6357,10614000.0
2013-09-11,25.6684,25.7353,25.5748,25.7353,9681700.0
2013-09-12,25.7954,25.8088,25.5882,25.6952,10732700.0
2013-09-13,25.7754,25.8957,25.6818,25.8623,9997800.0
2013-09-16,26.0829,26.2032,25.8957,25.9759,11981200.0
2013-09-17,25.9425,26.1296,25.9291,25.9291,11187200.0
2013-09-18,25.9425,26.4706,25.7887,26.4639,15259100.0
2013-09-19,26.4973,26.5173,26.1698,26.2767,12609100.0
2013-09-20,26.2901,26.3369,25.9224,26.3369,19586000.0
2013-09-23,26.1564,26.1965,25.6952,25.8222,17078000.0
2013-09-24,25.8756,25.9826,25.7486,25.7553,13220700.0
2013-09-25,25.8623,25.8623,25.6016,25.6216,10333400.0
2013-09-26,25.7219,25.8957,25.6617,25.8957,9340600.0
2013-09-27,25.7553,25.7887,25.5013,25.6684,10847300.0
2013-09-30,25.528,25.6016,25.2339,25.3208,14476300.0
2013-10-01,25.4345,25.4612,25.147,25.3676,11648700.0
2013-10-02,25.274,25.3141,24.873,25.02,23351500.0
2013-10-03,25.0401,25.0401,24.8195,24.8395,13253900.0
2013-10-04,24.8997,24.9131,24.6724,24.8663,15752400.0
2013-10-07,24.7861,24.9866,24.619,24.766,15366700.0
2013-10-08,24.7994,25.0067,24.6657,24.9198,18865800.0
2013-10-09,25.0133,25.0133,24.7393,24.7861,17591100.0
2013-10-10,25.2473,25.3075,25.0334,25.254,15492600.0
2013-10-11,25.3476,25.3476,25.0802,25.2473,12535400.0
2013-10-14,25.1069,25.3676,25.0735,25.3409,13067100.0
2013-10-15,25.5214,25.6484,25.1337,25.1738,19912900.0
2013-10-16,25.4077,25.5615,25.254,25.401,16231500.0
2013-10-17,25.4411,25.7754,25.4077,25.7687,13747000.0
2013-10-18,25.8021,25.9224,25.6818,25.9224,15869500.0
2013-10-21,26.0361,26.0361,25.8021,25.9492,11669500.0
2013-10-22,25.9759,26.2366,25.8623,26.1296,14639400.0
2013-10-23,26.123,26.2366,25.9358,26.1296,11694900.0
2013-10-24,26.1698,26.3168,25.9091,25.9358,15018300.0
2013-10-25,25.9625,26.1564,25.8222,26.0895,12443400.0
2013-10-28,26.0561,26.5641,26.0561,26.4772,14847500.0
2013-10-29,26.4505,26.7112,26.3034,26.6042,13118600.0
2013-10-30,26.6577,26.6644,26.4104,26.4839,11105000.0
2013-10-31,26.4104,26.6444,26.4104,26.4505,12128900.0
2013-11-01,26.4505,26.5508,26.2901,26.4772,10716100.0
2013-11-04,26.5441,26.6109,26.27,26.4104,9259000.0
2013-11-05,26.3101,26.4973,26.2165,26.4037,9621600.0
2013-11-06,26.4772,26.885,26.3502,26.7714,14589900.0
2013-11-07,26.7914,26.905,26.5775,26.6243,13707100.0
2013-11-08,26.5641,26.7714,26.397,26.7714,10367200.0
2013-11-11,26.7446,26.7714,26.5842,26.651,8846100.0
2013-11-12,26.6778,26.7313,26.4839,26.6577,9546300.0
2013-11-13,26.6176,26.8181,26.504,26.8181,10625600.0
2013-11-14,26.7714,27.0321,26.758,26.8783,9728100.0
2013-11-15,26.8382,26.9518,26.7112,26.885,10702900.0
2013-11-18,26.8984,26.8984,26.7379,26.8516,8053200.0
2013-11-19,26.8315,26.8917,26.6845,26.8315,10115500.0
2013-11-20,26.7847,27.0387,26.6978,26.778,12749100.0
2013-11-21,26.8382,27.0722,26.8048,27.0254,10694700.0
2013-11-22,26.9652,27.0454,26.7981,27.0254,9871700.0
2013-11-25,27.0588,27.3262,26.9585,26.9853,11732800.0
2013-11-26,27.0666,27.1406,26.8983,26.905,11681700.0
2013-11-27,26.9858,27.181,26.7166,27.0531,8782400.0
2013-11-29,27.107,27.2483,26.9993,27.0531,6557400.0
2013-12-02,26.9926,27.0599,26.757,26.9791,14094900.0
2013-12-03,26.9589,27.1878,26.932,27.1608,13782600.0
2013-12-04,26.9993,27.2416,26.8849,27.1743,12263500.0
2013-12-05,27.1406,27.1945,26.7906,26.8108,12674100.0
2013-12-06,26.9589,27.2618,26.9589,27.2349,9779100.0
2013-12-09,27.1945,27.2618,27.0599,27.1945,10685900.0
2013-12-10,27.1003,27.1204,26.757,26.8243,14442200.0
2013-12-11,26.9185,27.1541,26.8512,27.0127,13544900.0
2013-12-12,26.9185,27.0666,26.3733,26.3935,16987000.0
2013-12-13,26.5887,26.6829,26.3935,26.4069,13188000.0
2013-12-16,26.5618,26.6358,26.3867,26.4339,12739200.0
2013-12-17,26.3329,26.4204,26.1646,26.3194,13807800.0
2013-12-18,26.4339,26.9791,26.2521,26.9387,21084600.0
2013-12-19,26.9252,26.9926,26.6291,26.831,12606300.0
2013-12-20,26.8916,27.0531,26.8243,26.9522,17893200.0
2013-12-23,26.9926,27.0935,26.8377,27.0329,10197800.0
2013-12-24,26.9724,27.1339,26.9724,27.0531,4164200.0
2013-12-26,27.0733,27.2887,27.0195,27.2551,7826300.0
2013-12-27,27.3897,27.457,27.282,27.3695,6401600.0
2013-12-30,27.4772,27.6926,27.4368,27.659,9899000.0
2013-12-31,27.6791,27.8609,27.5849,27.807,9108500.0
2014-01-02,27.6791,27.7532,27.2685,27.3695,12006300.0
2014-01-03,27.356,27.4166,27.1608,27.2349,9284600.0
2014-01-06,27.2483,27.3224,27.0329,27.107,8731000.0
2014-01-07,27.2282,27.4099,27.1204,27.1878,10470800.0
2014-01-08,27.2214,27.2214,26.8108,26.8849,13519100.0
2014-01-09,26.8916,26.9252,26.6021,26.7435,11691000.0
2014-01-10,26.8983,27.1204,26.8579,27.0127,11968100.0
2014-01-13,26.932,27.0127,26.5887,26.6089,12548000.0
2014-01-14,26.6829,26.8714,26.6425,26.7166,10985800.0
2014-01-15,26.831,26.8849,26.6425,26.7637,11315900.0
2014-01-16,26.7772,26.8041,26.6425,26.73,10026400.0
2014-01-17,26.7368,26.757,26.4406,26.4406,10994600.0
2014-01-21,26.6829,26.8714,26.6089,26.8714,14396600.0
2014-01-22,26.9185,26.9858,26.757,26.8579,8310000.0
2014-01-23,26.6627,26.6829,26.3329,26.4137,12821900.0
2014-01-24,26.306,26.4204,26.1309,26.1444,13371700.0
2014-01-27,26.1309,26.2386,26.0569,26.0704,11909200.0
2014-01-28,26.0906,26.306,25.9963,26.1646,7753000.0
2014-01-29,25.9627,25.9627,25.4578,25.5117,21334400.0
2014-01-30,25.5857,25.855,25.579,25.6934,10870300.0
2014-01-31,25.5453,25.6867,25.3905,25.4578,13426000.0
2014-02-03,25.5924,25.5924,24.9732,25.0405,19675000.0
2014-02-04,25.1953,25.2761,25.0472,25.229,15695100.0
2014-02-05,25.2761,25.3905,25.1616,25.3165,11582100.0
2014-02-06,26.0906,26.2117,25.5251,25.5992,18698600.0
2014-02-07,25.6934,25.8146,25.4915,25.5453,18321900.0
2014-02-10,25.6261,25.9963,25.4713,25.9627,18870700.0
2014-02-11,26.03,26.1108,25.9223,26.0098,12951700.0
2014-02-12,26.1108,26.1983,25.8482,25.9223,9373900.0
2014-02-13,25.653,26.0906,25.6463,26.0165,9159500.0
2014-02-14,25.9829,26.2656,25.7607,26.205,13806600.0
2014-02-18,25.5521,25.653,25.0809,25.2222,42235500.0
2014-02-19,25.2491,25.3097,24.9395,24.9732,24185000.0
2014-02-20,24.9462,25.2559,24.8318,25.1078,20583900.0
2014-02-21,25.303,25.3232,25.0001,25.027,17665700.0
2014-02-24,25.1078,25.3097,25.0539,25.2424,21704400.0
2014-02-25,25.3299,25.5386,25.2424,25.4242,20876700.0
2014-02-26,25.5117,25.5386,25.3905,25.4915,15272700.0
2014-02-27,25.4713,25.653,25.4444,25.6261,13795400.0
2014-02-28,25.6463,25.8415,25.6059,25.7136,12847000.0
2014-03-03,25.4982,25.6867,25.478,25.6598,15948900.0
2014-03-04,25.8078,25.8415,25.7338,25.7876,16322900.0
2014-03-05,25.8617,25.8819,25.7473,25.8146,13108600.0
2014-03-06,25.8415,25.9492,25.7607,25.8954,11992500.0
2014-03-07,25.9425,25.9896,25.8213,25.9492,15543600.0
2014-03-10,25.9357,26.0165,25.8752,26.0165,12071100.0
2014-03-11,26.1378,26.1582,25.9411,26.1175,12116200.0
2014-03-12,25.9852,26.1209,25.9241,26.1005,13021900.0
2014-03-13,26.1209,26.1209,25.7274,25.7613,16788800.0
2014-03-14,25.7477,25.9988,25.7002,25.897,12556300.0
2014-03-17,25.8834,26.0327,25.8156,25.9648,16802500.0
2014-03-18,25.9377,26.0937,25.8766,26.053,15017600.0
2014-03-19,26.0462,26.1819,25.8495,25.8766,16436600.0
2014-03-20,25.7884,26.1005,25.7477,26.087,11631800.0
2014-03-21,26.3108,26.3448,25.9716,26.0802,15103600.0
2014-03-24,26.1073,26.148,25.9173,26.053,11115100.0
2014-03-25,26.1141,26.3244,26.0937,26.2023,15114600.0
2014-03-26,26.2498,26.4194,26.1955,26.1955,9385800.0
2014-03-27,26.1277,26.4601,26.1073,26.338,11584300.0
2014-03-28,26.3855,26.4805,26.338,26.4262,10226300.0
2014-03-31,26.4533,26.4805,26.0937,26.2294,20288200.0
2014-04-01,26.1412,26.3855,26.0327,26.0598,18390100.0
2014-04-02,26.1141,26.148,25.9852,26.0055,13777900.0
2014-04-03,26.0462,26.1141,25.8088,25.8291,16258000.0
2014-04-04,25.9445,26.1073,25.8766,25.9309,13662300.0
2014-04-07,25.9648,26.3855,25.958,26.2023,14962300.0
2014-04-08,26.2362,26.3923,26.1073,26.3923,13153400.0
2014-04-09,26.3516,26.4533,26.2566,26.4533,10222300.0
2014-04-10,26.4465,26.7315,26.338,26.3855,18369300.0
2014-04-11,26.3448,26.6094,26.1684,26.2091,15155200.0
2014-04-14,26.2634,26.3244,26.053,26.2769,17691700.0
2014-04-15,27.0232,27.4575,26.7993,27.2607,42669400.0
2014-04-16,27.22,27.5389,27.22,27.5389,20108100.0
2014-04-17,27.4303,27.6271,27.3082,27.6271,15815300.0
2014-04-21,27.4575,27.6542,27.376,27.6474,9688700.0
2014-04-22,27.5796,27.6542,27.4235,27.6203,15281600.0
2014-04-23,27.6135,27.6881,27.5185,27.6339,9724100.0
2014-04-24,27.6135,27.7424,27.4507,27.6135,10354900.0
2014-04-25,27.4507,27.8238,27.4371,27.8238,14653200.0
2014-04-28,27.6949,28.007,27.6406,27.8374,18952800.0
2014-04-29,27.7967,27.8374,27.4914,27.5253,16448000.0
2014-04-30,27.5796,27.7356,27.5389,27.6746,10111600.0
2014-05-01,27.6746,27.6813,27.315,27.6678,14180600.0
2014-05-02,27.6746,27.7899,27.566,27.7831,12486300.0
2014-05-05,27.5796,27.7695,27.5117,27.6542,9211100.0
2014-05-06,27.4914,27.5864,27.4439,27.471,7646700.0
2014-05-07,27.6135,27.7967,27.566,27.756,9698800.0
2014-05-08,27.6881,27.7899,27.5796,27.6339,7539700.0
2014-05-09,27.6678,27.7831,27.6203,27.7288,7348100.0
2014-05-12,27.7356,27.7967,27.6067,27.6949,7711400.0
2014-05-13,27.7017,27.9663,27.6949,27.8917,10381900.0
2014-05-14,27.8306,27.9392,27.7017,27.7424,8820400.0
2014-05-15,27.5592,27.7899,27.4371,27.4914,11007900.0
2014-05-16,27.4914,27.756,27.4439,27.7424,12100200.0
2014-05-19,27.5457,27.6339,27.4235,27.6203,6247000.0
2014-05-20,27.6813,27.7695,27.5253,27.5321,8198000.0
2014-05-21,27.5117,27.7356,27.4778,27.7288,7250800.0
2014-05-22,27.661,27.7085,27.4982,27.5321,7363000.0
2014-05-23,27.566,27.6135,27.4982,27.5321,4957800.0
2014-05-27,27.5185,27.6949,27.4642,27.661,9175500.0
2014-05-28,27.6135,27.7424,27.4982,27.5321,6107000.0
2014-05-29,27.5999,27.7288,27.5457,27.5864,8200800.0
2014-05-30,27.5049,27.7695,27.471,27.756,7668500.0
2014-06-02,27.6474,27.7424,27.5999,27.7221,6396600.0
2014-06-03,27.6271,27.817,27.6203,27.7356,8628500.0
2014-06-04,27.756,27.7628,27.6203,27.6746,6672100.0
2014-06-05,27.6339,27.817,27.566,27.7424,7361300.0
2014-06-06,27.7763,27.8577,27.7085,27.8103,6920900.0
2014-06-09,27.7153,27.8781,27.7153,27.756,6256700.0
2014-06-10,27.7085,27.9188,27.6881,27.8645,7167200.0
2014-06-11,27.8041,27.8519,27.6742,27.7221,7802100.0
2014-06-12,27.6229,27.8075,27.5956,27.6298,9628800.0
2014-06-13,27.6093,27.7118,27.5136,27.5956,7451400.0
2014-06-16,27.4726,27.869,27.4452,27.7938,10495400.0
2014-06-17,28.1493,28.163,27.7596,27.9716,22811000.0
2014-06-18,27.8827,28.4159,27.8553,28.409,16687400.0
2014-06-19,28.3954,28.6209,28.3885,28.5663,11087600.0
2014-06-20,28.6209,28.6278,28.3885,28.4979,16457900.0
2014-06-23,28.3407,28.5321,28.2518,28.5252,11154300.0
2014-06-24,28.3817,28.6346,28.3475,28.6073,13089800.0
2014-06-25,28.4364,28.6961,28.3407,28.6825,15799300.0
2014-06-26,28.6483,28.744,28.5594,28.7303,15298300.0
2014-06-27,28.703,28.908,28.6483,28.8397,12503800.0
2014-06-30,28.6961,29.0448,28.5868,28.9559,10593600.0
2014-07-01,28.9764,29.0174,28.8123,28.908,9867500.0
2014-07-02,28.9217,28.9901,28.8123,28.908,5739800.0
2014-07-03,28.8875,28.9285,28.7166,28.867,5428600.0
2014-07-07,28.662,28.8465,28.662,28.8055,7567000.0
2014-07-08,28.662,28.8807,28.6483,28.6688,8797600.0
2014-07-09,28.662,28.8192,28.5663,28.6756,8883900.0
2014-07-10,28.409,28.908,28.4022,28.8875,11271200.0
2014-07-11,28.7918,28.8807,28.6278,28.6893,8707400.0
2014-07-14,28.703,28.9764,28.6961,28.9696,10381500.0
2014-07-15,28.9901,29.0037,28.6756,28.7782,8196100.0
2014-07-16,28.8875,28.9764,28.7235,28.7918,7774200.0
2014-07-17,28.662,28.8123,28.5936,28.7235,8141300.0
2014-07-18,28.8055,29.0311,28.7235,29.0037,16846400.0
2014-07-21,28.7918,29.0994,28.7713,28.9832,16435700.0
2014-07-22,28.0878,28.2518,27.7596,28.1561,22185300.0
2014-07-23,28.0126,28.0604,27.7733,27.8964,15821400.0
2014-07-24,28.0057,28.0946,27.7938,28.0057,12803900.0
2014-07-25,27.9716,28.0536,27.8964,28.0262,9145400.0
2014-07-28,28.0194,28.0262,27.7596,27.8075,9795000.0
2014-07-29,27.8553,27.8759,27.5819,27.5819,8931200.0
2014-07-30,27.6503,27.6845,27.0761,27.0829,18636200.0
2014-07-31,27.0214,27.1581,26.83,26.8573,13265600.0
2014-08-01,26.7411,26.9941,26.7001,26.8573,11426800.0
2014-08-04,26.9394,26.9735,26.7411,26.9325,8666700.0
2014-08-05,26.8915,27.0214,26.7275,26.7821,10249000.0
2014-08-06,26.748,27.3153,26.748,27.288,14052700.0
2014-08-07,27.3153,27.3495,26.8847,26.8984,12281500.0
2014-08-08,26.8915,27.0556,26.8368,26.9667,11213600.0
2014-08-11,27.0146,27.2538,27.0146,27.0487,12912100.0
2014-08-12,27.0419,27.2333,27.0282,27.1239,11697200.0
2014-08-13,27.1376,27.411,27.1376,27.3017,8467800.0
2014-08-14,27.2948,27.4726,27.2948,27.4657,5981700.0
2014-08-15,27.9237,28.1288,27.7938,27.9442,19112200.0
2014-08-18,27.8964,28.3133,27.8827,28.2655,12916000.0
2014-08-19,28.2655,28.3544,28.1356,28.204,8699800.0
2014-08-20,28.1288,28.2587,28.0878,28.1971,5946900.0
2014-08-21,28.2245,28.4979,28.1766,28.3065,9878700.0
2014-08-22,28.2245,28.3817,28.0946,28.1083,9149800.0
2014-08-25,28.245,28.3338,28.1083,28.3065,8313900.0
2014-08-26,28.3065,28.5047,28.3065,28.4364,7261900.0
2014-08-27,28.3885,28.5116,28.327,28.4364,5668800.0
2014-08-28,28.3749,28.5047,28.327,28.4569,8612000.0
2014-08-29,28.4364,28.5389,28.3475,28.5184,5337500.0
2014-09-02,28.3817,28.6004,28.2381,28.4637,8333500.0
2014-09-03,28.5389,28.6073,28.4774,28.5594,7104300.0
2014-09-04,28.5731,28.826,28.5252,28.6209,12843300.0
2014-09-05,28.6141,28.6141,28.4432,28.6004,9377600.0
2014-09-08,28.4842,28.6688,28.4569,28.5594,7474700.0
2014-09-09,28.5526,28.7303,28.5389,28.6688,10557100.0
2014-09-10,28.6401,28.8398,28.5919,28.826,14289600.0
2014-09-11,28.6986,28.9603,28.6849,28.8845,17130000.0
2014-09-12,28.8501,28.8639,28.4783,28.5472,10961700.0
2014-09-15,28.5403,28.6298,28.4576,28.5747,10711300.0
2014-09-16,28.4301,28.7813,28.3544,28.6711,13201300.0
2014-09-17,28.7606,28.7675,28.4508,28.6504,14826700.0
2014-09-18,28.7468,28.8363,28.6091,28.7744,9928300.0
2014-09-19,28.9052,29.1531,28.7468,28.9534,25834900.0
2014-09-22,28.8157,29.0911,28.7331,29.0704,10237400.0
2014-09-23,28.919,29.0291,28.8363,28.8432,7908800.0
2014-09-24,28.8157,29.1531,28.8157,29.1049,11514300.0
2014-09-25,28.9603,29.036,28.7606,28.7675,9177100.0
2014-09-26,28.919,29.0911,28.7193,29.0567,7966000.0
2014-09-29,28.8501,29.098,28.8363,29.0911,9914800.0
2014-09-30,28.9878,29.4767,28.9741,29.3734,19197800.0
2014-10-01,29.2977,29.5042,29.1737,29.4285,27251700.0
2014-10-02,29.3321,29.456,29.2082,29.3734,15372300.0
2014-10-03,29.5111,29.6557,29.3734,29.6075,11762100.0
2014-10-06,29.6282,30.0757,29.5869,30.0206,17252000.0
2014-10-07,29.9518,30.3925,29.938,30.241,22474800.0
2014-10-08,30.0069,30.6816,29.9587,30.6748,23432600.0
2014-10-09,30.599,30.8125,30.2065,30.2065,22264600.0
2014-10-10,30.2134,30.8951,30.1928,30.6197,22511900.0
2014-10-13,30.4889,30.7298,30.3167,30.3443,17688600.0
2014-10-14,30.3236,30.3787,29.9311,30.0482,18407700.0
2014-10-15,29.4009,29.9724,29.3528,29.7659,20184200.0
2014-10-16,29.3665,29.5662,29.1806,29.3046,18842000.0
2014-10-17,29.3941,29.6282,29.1324,29.5249,19756100.0
2014-10-20,29.4354,29.9311,29.4078,29.8072,15024900.0
2014-10-21,28.0927,28.3612,27.7209,28.0101,47876800.0
2014-10-22,27.6727,28.3062,27.6107,27.9688,25147000.0
2014-10-23,28.1891,28.4921,28.0514,28.134,20608100.0
2014-10-24,28.2166,28.4163,28.1753,28.2511,11778700.0
2014-10-27,28.0239,28.1685,27.9275,28.0652,13465600.0
2014-10-28,28.0652,28.134,27.893,27.9275,16136700.0
2014-10-29,27.9894,28.2511,27.8999,28.2029,22765000.0
2014-10-30,28.2304,28.6367,28.1134,28.5058,17153900.0
2014-10-31,28.8019,28.8432,28.5058,28.8363,14530300.0
2014-11-03,28.7744,29.1118,28.6367,28.7881,11718300.0
2014-11-04,28.7606,28.9534,28.6849,28.795,8464500.0
2014-11-05,29.1255,29.2908,28.9121,29.1324,15802800.0
2014-11-06,29.215,29.3459,28.9947,29.1186,9704700.0
2014-11-07,29.2288,29.2357,29.0154,29.1393,7897800.0
2014-11-10,29.0911,29.3114,28.9809,29.1875,7892100.0
2014-11-11,29.1806,29.4078,29.1668,29.2701,7260600.0
2014-11-12,29.2701,29.5318,29.1324,29.4078,10718800.0
2014-11-13,29.3665,29.6626,29.3528,29.4629,10139400.0
2014-11-14,29.4009,29.5869,29.2632,29.4216,8918500.0
2014-11-17,29.4354,29.6006,29.4216,29.5524,8874200.0
2014-11-18,29.5662,30.1997,29.4354,29.9724,23393700.0
2014-11-19,30.0688,30.5921,29.9931,30.4475,22415800.0
2014-11-20,30.2685,30.5852,30.1928,30.4682,11382900.0
2014-11-21,30.6954,30.8056,30.4889,30.6403,11673100.0
2014-11-24,30.6472,30.8331,30.4338,30.482,10794900.0
2014-11-25,30.4812,30.7031,30.3772,30.5921,7653500.0
2014-11-26,30.4985,30.762,30.4847,30.7065,6790700.0
2014-11-28,30.6441,31.1988,30.6095,31.0809,6613600.0
2014-12-01,30.6303,31.0393,30.5956,30.8868,8610900.0
2014-12-02,30.762,30.97,30.6649,30.8799,8419500.0
2014-12-03,30.7967,30.8105,30.3391,30.3668,11775600.0
2014-12-04,30.242,30.3945,30.0687,30.1588,11217400.0
2014-12-05,30.1588,30.2351,29.9508,30.1796,8011700.0
2014-12-08,30.1658,30.2489,29.8746,29.9092,10065100.0
2014-12-09,29.2229,29.4932,28.8901,29.1466,22551500.0
2014-12-10,29.1466,29.2853,28.8138,28.8415,15472100.0
2014-12-11,28.8554,29.1258,28.7722,28.793,13592100.0
2014-12-12,28.6959,28.8485,28.3354,28.3632,15565100.0
2014-12-15,28.5365,28.5503,28.1205,28.1274,20342900.0
2014-12-16,27.8709,28.6405,27.5936,28.0026,20516500.0
2014-12-17,28.0373,28.9525,27.9957,28.8069,17319500.0
2014-12-18,29.0218,29.3892,28.9455,29.3892,14931400.0
2014-12-19,29.4239,29.6666,29.0426,29.0842,18131400.0
2014-12-22,29.2159,29.4239,29.1813,29.3615,7623600.0
2014-12-23,29.4932,29.9092,29.4447,29.7914,11288400.0
2014-12-24,29.8815,29.9716,29.7567,29.7706,4599900.0
2014-12-26,29.7914,30.0202,29.7636,29.7844,4696300.0
2014-12-29,29.6735,29.8538,29.4586,29.7151,6484400.0
2014-12-30,29.6319,29.8052,29.5695,29.6458,6441500.0
2014-12-31,29.7567,29.7706,29.2714,29.2714,7069900.0
2015-01-02,29.2991,29.3962,28.9802,29.2159,7865600.0
2015-01-05,29.5972,29.7914,29.1743,29.2159,21574100.0
2015-01-06,29.4031,29.7706,29.2853,29.4378,14121200.0
2015-01-07,29.6735,29.8884,29.521,29.8052,11412800.0
2015-01-08,29.937,30.2074,29.8815,30.1658,17625500.0
2015-01-09,30.138,30.2004,29.7775,29.833,9403300.0
2015-01-12,29.8607,29.9508,29.4378,29.5626,9707200.0
2015-01-13,29.6943,29.9786,29.4308,29.5556,10846700.0
2015-01-14,29.1743,29.5348,29.1674,29.5071,11149900.0
2015-01-15,29.6943,29.7151,29.2367,29.3823,9386100.0
2015-01-16,29.3684,29.5279,29.2853,29.4863,12259200.0
2015-01-20,29.6042,30.041,29.5418,29.9231,12968900.0
2015-01-21,29.7359,30.1103,29.6458,30.0618,8230400.0
2015-01-22,30.0687,30.3876,29.8607,30.3529,12052900.0
2015-01-23,30.2281,30.3321,29.937,30.0271,10663100.0
2015-01-26,29.937,29.9716,29.6943,29.8122,8233500.0
2015-01-27,29.4932,29.5626,29.2229,29.3892,13245300.0
2015-01-28,29.5279,29.6735,29.0495,29.0634,11291900.0
2015-01-29,28.9594,29.2229,28.7514,29.1882,11601000.0
2015-01-30,29.001,29.0703,28.5018,28.5434,13368900.0
2015-02-02,28.5711,28.8623,28.3562,28.8346,13184500.0
2015-02-03,28.9455,29.0149,28.6821,28.8623,11162000.0
2015-02-04,28.9594,29.1813,28.8554,28.897,14172000.0
2015-02-05,28.9802,28.9941,28.7791,28.9733,9432300.0
2015-02-06,28.8623,28.9525,28.6474,28.7375,10002800.0
2015-02-09,28.6751,28.7375,28.4533,28.585,11679100.0
2015-02-10,29.7498,29.833,29.2575,29.3962,28690800.0
2015-02-11,29.1882,29.4586,28.9109,29.3754,18479700.0
2015-02-12,29.3962,29.5764,29.1674,29.2367,10609700.0
2015-02-13,29.1327,29.2783,28.9525,29.1119,8900500.0
2015-02-17,28.9871,29.0357,28.8693,28.9871,9893700.0
2015-02-18,28.9455,28.9802,28.7514,28.9317,8506600.0
2015-02-19,28.897,29.2853,28.793,29.1951,13652600.0
2015-02-20,29.1466,29.1951,28.8693,29.0981,13546600.0
2015-02-23,28.9178,29.2367,28.9039,29.0149,10296100.0
2015-02-24,29.0149,29.3477,28.9594,29.209,11383200.0
2015-02-25,29.2367,29.2853,28.9386,29.1535,8873000.0
2015-02-26,29.1466,29.5002,29.0981,29.4378,10971800.0
2015-02-27,29.4794,30.2697,29.4447,30.0202,21808500.0
2015-03-02,29.8954,30.0063,29.8676,29.9508,10577700.0
2015-03-03,29.8884,29.9231,29.7012,29.7775,7788200.0
2015-03-04,29.7567,29.7567,29.4447,29.4655,10424200.0
2015-03-05,29.5071,29.5418,29.2922,29.3962,7908000.0
2015-03-06,29.2021,29.2575,28.6543,28.7861,15299700.0
2015-03-09,28.793,28.8069,28.6474,28.6959,8437900.0
2015-03-10,28.5157,28.5295,28.2037,28.2106,11451800.0
2015-03-11,28.242,28.242,27.7876,27.8016,15233600.0
2015-03-12,28.0323,28.3608,27.9763,28.3608,14279400.0
2015-03-13,28.2839,28.3608,27.6897,27.8994,14303900.0
2015-03-16,27.9624,28.207,27.9554,28.1651,12335900.0
2015-03-17,28.4307,28.4727,28.1861,28.3189,17422500.0
2015-03-18,28.2979,28.5146,27.8225,28.3818,19795400.0
2015-03-19,28.2979,28.3259,27.9344,27.9763,13487200.0
2015-03-20,28.0113,28.4237,27.9694,28.4167,19179400.0
2015-03-23,28.4167,28.6195,28.3119,28.3958,14569800.0
2015-03-24,28.5985,28.6544,28.2909,28.2909,11758900.0
2015-03-25,28.3748,28.4517,28.1301,28.2769,18390700.0
2015-03-26,28.221,28.3538,28.1231,28.207,14184900.0
2015-03-27,28.2979,28.2979,27.9414,28.0183,12228800.0
2015-03-30,28.0393,28.3888,27.9204,28.3189,10545700.0
2015-03-31,28.3189,28.5915,28.207,28.3468,12633700.0
2015-04-01,28.5146,28.5286,28.1231,28.4377,12119700.0
2015-04-02,28.4727,28.5705,28.2979,28.4377,11819100.0
2015-04-06,28.5006,29.0878,28.3748,28.7803,13692800.0
2015-04-07,28.6964,28.9201,28.6404,28.6684,8038700.0
2015-04-08,28.6474,28.7243,28.4797,28.5845,7447300.0
2015-04-09,28.5216,28.7173,28.4028,28.6964,8815700.0
2015-04-10,28.7243,28.7733,28.5566,28.5775,7126300.0
2015-04-13,28.6404,28.6404,28.4517,28.4517,7672700.0
2015-04-14,28.3748,28.4167,28.1791,28.3189,9593800.0
2015-04-15,28.3748,28.5286,28.1861,28.242,9187300.0
2015-04-16,28.242,28.5636,28.1721,28.3818,10567900.0
2015-04-17,28.2909,28.4237,28.0323,28.1721,13291800.0
2015-04-20,28.256,28.5915,28.249,28.4237,11747800.0
2015-04-21,28.4307,28.6544,28.3399,28.5076,17593500.0
2015-04-22,29.0529,29.0599,28.7104,28.8781,22345000.0
2015-04-23,28.8222,28.948,28.6055,28.6265,13113400.0
2015-04-24,28.6894,28.7453,28.5286,28.5845,8949700.0
2015-04-27,28.6614,28.7663,28.5076,28.5426,8317400.0
2015-04-28,28.6265,28.6404,28.3818,28.5006,10403800.0
2015-04-29,28.4237,28.4867,28.242,28.3049,9947500.0
2015-04-30,28.242,28.3678,28.1581,28.3538,9553600.0
2015-05-01,28.3678,28.6125,28.3119,28.5985,9390200.0
2015-05-04,28.5775,28.7313,28.5006,28.6335,8188800.0
2015-05-05,28.7593,28.7593,28.4377,28.4867,10019000.0
2015-05-06,28.6894,28.7243,28.235,28.4237,9934400.0
2015-05-07,28.3329,28.5985,28.3189,28.4517,10870300.0
2015-05-08,28.6614,28.7803,28.5566,28.6474,9569500.0
2015-05-11,28.6474,28.9341,28.5775,28.6195,8390800.0
2015-05-12,28.5006,28.6335,28.3259,28.4447,8547300.0
2015-05-13,28.4867,28.9131,28.4657,28.6964,10883300.0
2015-05-14,28.8711,29.0809,28.8362,29.0109,8159900.0
2015-05-15,28.976,29.1438,28.962,29.0249,7015000.0
2015-05-18,29.004,29.004,28.8362,28.8851,10384900.0
2015-05-19,28.8222,28.9341,28.7523,28.8781,7052300.0
2015-05-20,28.9341,29.0739,28.8781,28.9061,9178600.0
2015-05-21,28.8432,28.8851,28.7104,28.8222,7052200.0
2015-05-22,28.7453,28.8292,28.6894,28.8082,10209800.0
2015-05-26,28.7453,28.7873,28.4797,28.6544,11988600.0
2015-05-27,28.6195,28.8012,28.5426,28.7453,7797500.0
2015-05-28,28.8012,28.8711,28.5775,28.7593,7785700.0
2015-05-29,28.7873,28.7873,28.4936,28.6335,11235500.0
2015-06-01,28.9131,28.948,28.5775,28.6195,10889080.0
2015-06-02,28.5496,28.7733,28.4377,28.6544,10712574.0
2015-06-03,28.7313,28.8082,28.5076,28.5705,6772547.0
2015-06-04,28.4587,28.6474,28.3329,28.3748,8807985.0
2015-06-05,28.2979,28.3259,28.0183,28.0323,12262781.0
2015-06-08,28.0323,28.1441,27.9763,28.0742,10378464.0
2015-06-09,28.0812,28.256,28.0393,28.1022,7771259.0
2015-06-10,28.186,28.3411,28.1578,28.1931,8725828.0
2015-06-11,28.2706,28.3693,28.2142,28.2635,8322709.0
2015-06-12,28.2212,28.2776,28.0803,28.1649,11891670.0
2015-06-15,28.0732,28.0944,27.89,27.9041,9529307.0
2015-06-16,27.9323,28.3058,27.9111,28.2494,10790263.0
2015-06-17,28.2494,28.4186,28.2001,28.3834,9966102.0
2015-06-18,28.3058,28.7146,28.3058,28.6512,14296469.0
2015-06-19,28.6089,28.6512,28.475,28.475,12546203.0
2015-06-22,28.5525,28.764,28.5173,28.5314,7587463.0
2015-06-23,28.4961,28.5596,28.4115,28.4609,7766890.0
2015-06-24,28.4538,28.5102,28.327,28.327,6400888.0
2015-06-25,28.3904,28.4327,28.2071,28.2071,9385915.0
2015-06-26,28.2635,28.4397,28.1931,28.1931,9228534.0
2015-06-29,28.0521,28.179,27.7702,27.7702,12410713.0
2015-06-30,27.9182,27.9182,27.5728,27.6503,12053062.0
2015-07-01,27.7561,27.9111,27.6856,27.8406,9387212.0
2015-07-02,27.9323,28.0591,27.7349,27.8336,7406266.0
2015-07-06,27.7138,27.9111,27.6433,27.7843,9020444.0
2015-07-07,27.8336,28.4609,27.7631,28.3693,17949541.0
2015-07-08,28.186,28.3552,28.0803,28.0944,10242314.0
2015-07-09,28.5173,28.6019,28.1226,28.1367,11411263.0
2015-07-10,28.327,28.5596,28.3058,28.4679,10601760.0
2015-07-13,28.5878,28.7358,28.5384,28.6582,8333586.0
2015-07-14,28.8274,29.0811,28.7851,29.0177,16105761.0
2015-07-15,29.0036,29.1516,28.9684,28.9895,9913806.0
2015-07-16,29.1657,29.3208,29.1446,29.2362,8709921.0
2015-07-17,29.1164,29.1234,28.9331,29.0741,7891032.0
2015-07-20,29.1446,29.2785,29.0529,29.1657,8829502.0
2015-07-21,29.1657,29.2644,28.9684,29.0318,11500304.0
2015-07-22,28.764,29.3137,28.6089,28.8274,13947421.0
2015-07-23,28.8979,28.912,28.5314,28.7851,12095139.0
2015-07-24,28.7287,28.7781,28.482,28.5032,8243726.0
2015-07-27,28.3904,28.6019,28.3058,28.5737,9498145.0
2015-07-28,28.6512,28.7076,28.5032,28.5807,9325455.0
2015-07-29,28.5666,28.6935,28.5384,28.6089,7372017.0
2015-07-30,28.5807,28.7217,28.4679,28.5878,7446188.0
2015-07-31,28.8133,29.0529,28.7358,28.9543,12487904.0
2015-08-03,28.7922,29.2855,28.7851,29.2785,12838863.0
2015-08-04,29.2573,29.5111,29.1375,29.497,15684054.0
2015-08-05,29.5463,29.7578,29.4758,29.6873,13746241.0
2015-08-06,29.6027,29.7789,29.504,29.5463,10008419.0
2015-08-07,29.4688,29.5816,29.2714,29.4406,8956290.0
2015-08-10,29.5252,29.6027,29.3067,29.3772,6349705.0
2015-08-11,29.1798,29.2996,29.0177,29.2362,9627765.0
2015-08-12,28.9895,29.0811,28.7922,29.0811,8403147.0
2015-08-13,29.1164,29.1657,28.9049,28.9684,9219896.0
2015-08-14,28.9049,29.0741,28.8697,29.0741,8098437.0
2015-08-17,28.919,29.215,28.8767,29.1446,6747055.0
2015-08-18,29.0952,29.2714,29.0318,29.1093,8954513.0
2015-08-19,28.9966,29.067,28.7428,28.7428,10935867.0
2015-08-20,28.5596,28.771,28.4891,28.5807,11692907.0
2015-08-21,28.3058,28.5314,27.8477,27.8618,21565561.0
2015-08-24,26.7904,27.4459,25.7684,27.0512,39794885.0
2015-08-25,27.5799,27.6856,26.7341,26.7764,27415658.0
2015-08-26,27.312,27.3684,26.7059,27.2979,19399966.0
2015-08-27,27.5305,27.7561,27.2063,27.6785,15169179.0
2015-08-28,27.5658,27.8195,27.5235,27.8054,11550212.0
2015-08-31,27.5939,27.8054,27.5235,27.7138,9789805.0
2015-09-01,27.2556,27.5094,27.164,27.312,21441640.0
2015-09-02,27.5094,27.5376,27.1781,27.4177,11264775.0
2015-09-03,27.4177,27.7279,27.3755,27.601,11709715.0
2015-09-04,27.2627,27.3402,27.0442,27.1499,12850607.0
2015-09-08,27.3966,27.5094,27.2063,27.4177,12573076.0
2015-09-09,27.5728,27.6362,26.9244,26.9948,10861816.0
2015-09-10,27.0297,27.2429,26.9586,27.0794,12326112.0
2015-09-11,27.0226,27.1505,26.9017,27.1079,8657811.0
2015-09-14,27.1718,27.1718,26.9088,27.0865,7235443.0
2015-09-15,27.0652,27.4633,26.9586,27.3709,11304691.0
2015-09-16,27.4918,27.8615,27.3496,27.833,19828390.0
2015-09-17,27.833,28.16,27.7548,27.9965,19083799.0
2015-09-18,27.6268,27.9397,27.5202,27.7122,22868441.0
2015-09-21,27.7619,27.9468,27.6837,27.8615,11644548.0
2015-09-22,27.4989,27.7193,27.4278,27.5771,13692994.0
2015-09-23,27.5771,27.6411,27.4065,27.5558,7644521.0
2015-09-24,27.3851,27.8686,27.378,27.833,16253197.0
2015-09-25,28.0321,28.4942,27.961,28.1672,19577734.0
2015-09-28,28.0961,28.3093,27.961,28.1032,17490185.0
2015-09-29,28.0961,28.2311,27.961,28.1956,12551749.0
2015-09-30,28.352,28.6008,28.2951,28.5226,15737946.0
2015-10-01,28.5937,28.7714,28.1529,28.2951,17733936.0
2015-10-02,28.1245,28.7146,27.9823,28.7146,13457697.0
2015-10-05,28.7572,29.1838,28.743,29.1553,13143557.0
2015-10-06,29.1767,29.39,29.0985,29.1198,12376267.0
2015-10-07,29.2478,29.5819,29.2193,29.5179,12525939.0
2015-10-08,29.3331,29.8521,29.3331,29.845,10760819.0
2015-10-09,29.7312,29.9445,29.7028,29.8734,12259175.0
2015-10-12,29.7383,30.0653,29.7241,29.8592,9140002.0
2015-10-13,29.717,29.7952,29.5321,29.6103,11627119.0
2015-10-14,29.5464,29.8307,29.5464,29.6317,11455711.0
2015-10-15,29.7881,29.8805,29.5748,29.8023,9793288.0
2015-10-16,29.9729,30.0085,29.7739,29.8734,17005122.0
2015-10-19,29.7881,29.9018,29.717,29.8521,13504112.0
2015-10-20,29.8592,30.1435,29.8592,30.0653,14278462.0
2015-10-21,29.845,30.2289,29.653,29.9942,17045696.0
2015-10-22,30.172,31.1744,30.1507,30.7407,33379737.0
2015-10-23,30.7905,30.7905,30.3924,30.4208,16624142.0
2015-10-26,30.3995,30.4919,30.1862,30.2786,13110020.0
2015-10-27,30.2146,30.4066,30.2004,30.2928,29391681.0
2015-10-28,30.3924,30.4564,30.0085,30.3782,12358565.0
2015-10-29,30.3284,30.499,30.0938,30.4208,8297757.0
2015-10-30,30.4279,30.4706,30.108,30.108,11243039.0
2015-11-02,30.0867,30.1151,29.7881,30.0298,14296245.0
2015-11-03,29.9871,30.0867,29.7241,29.9729,8664414.0
2015-11-04,30.0511,30.1364,29.781,29.8378,8307476.0
2015-11-05,29.8592,30.108,29.845,30.0938,8325115.0
2015-11-06,29.8378,30.0156,29.5819,29.8307,10485031.0
2015-11-09,29.6459,29.7099,29.39,29.5321,8524835.0
2015-11-10,29.461,29.7241,29.4539,29.6957,7354867.0
2015-11-11,29.8165,30.0014,29.8023,29.8876,7579918.0
2015-11-12,29.8663,29.8947,29.5535,29.5606,9037240.0
2015-11-13,29.4753,29.7099,29.4042,29.4184,9286497.0
2015-11-16,29.4539,29.8592,29.4255,29.8307,9277590.0
2015-11-17,29.7525,29.9658,29.5037,29.6246,11452759.0
2015-11-18,29.6957,30.108,29.6317,30.0582,10974823.0
2015-11-19,30.0867,30.7834,30.0867,30.6483,20151162.0
2015-11-20,30.8047,30.9824,30.1435,30.1649,17695605.0
2015-11-23,30.2502,30.6981,30.236,30.5417,10525042.0
2015-11-24,30.3568,30.9967,30.3284,30.826,13554710.0
2015-11-25,30.7974,30.9263,30.7401,30.826,8370290.0
2015-11-27,30.8332,30.9765,30.6613,30.912,5791247.0
2015-11-30,30.8905,30.912,30.518,30.5323,11789337.0
2015-12-01,30.6111,30.8762,30.6111,30.7257,9606554.0
2015-12-02,30.6828,30.7544,30.5108,30.6398,10886623.0
2015-12-03,30.6111,30.7257,30.3174,30.4177,12817161.0
2015-12-04,30.5037,31.1556,30.5037,31.0123,13929619.0
2015-12-07,31.0266,31.1198,30.8045,30.9478,10312890.0
2015-12-08,30.8404,30.9836,30.6541,30.8117,9177264.0
2015-12-09,30.6469,30.998,30.4464,30.561,11143237.0
2015-12-10,30.6111,30.8547,30.4607,30.6326,12983602.0
2015-12-11,30.5395,30.6828,30.1885,30.2816,14013678.0
2015-12-14,30.3102,30.6326,30.0667,30.4105,17901923.0
2015-12-15,30.6899,30.9765,30.6326,30.8547,15696021.0
2015-12-16,30.9836,31.4565,30.9836,31.4063,19790291.0
2015-12-17,31.3848,31.4421,31.1054,31.1556,12621122.0
2015-12-18,31.0624,31.1054,30.4464,30.4464,16500015.0
2015-12-21,30.6756,30.7616,30.4177,30.6469,7980923.0
2015-12-22,30.7043,31.0839,30.5968,31.0123,9443146.0
2015-12-23,31.0839,31.3275,31.0553,31.2845,7678093.0
2015-12-24,31.1556,31.3203,31.1054,31.1914,2270560.0
2015-12-28,31.1198,31.1771,31.0266,31.1556,5071233.0
2015-12-29,31.1914,31.3633,31.1627,31.3132,6434046.0
2015-12-30,31.3418,31.3562,31.1269,31.2129,4205297.0
2015-12-31,31.0195,31.0481,30.7114,30.7759,7397055.0
2016-01-04,30.3317,30.4464,30.0595,30.3747,12525020.0
2016-01-05,30.3102,30.5395,30.2099,30.4822,12112889.0
2016-01-06,30.2314,30.4535,30.1168,30.3174,14034311.0
2016-01-07,29.8374,30.167,29.687,29.8159,16262207.0
2016-01-08,29.8374,30.1741,29.6655,29.7371,12510445.0
2016-01-11,29.7873,29.9879,29.5795,29.7873,13544178.0
2016-01-12,30.3174,30.4105,29.995,30.1741,19557340.0
2016-01-13,30.2099,30.4965,29.9377,29.9807,15069978.0
2016-01-14,30.081,30.2099,29.8303,30.0022,13116595.0
2016-01-15,29.336,29.7944,29.3145,29.73,17195942.0
2016-01-19,29.9234,30.1741,29.8374,30.0309,12792389.0
2016-01-20,29.6942,29.8159,29.1927,29.644,17910896.0
2016-01-21,29.6942,29.7371,29.4291,29.6512,13714339.0
2016-01-22,29.8303,30.2601,29.6942,30.1311,11965145.0
2016-01-25,30.2601,30.4464,30.038,30.2028,10593293.0
2016-01-26,30.2028,30.4464,30.038,30.1455,10494833.0
2016-01-27,30.2171,30.4177,29.9521,30.1526,12575859.0
2016-01-28,30.2171,30.604,30.1311,30.4965,14841114.0
2016-01-29,30.7043,30.9908,30.5538,30.7472,14570704.0
2016-02-01,30.518,30.912,30.4965,30.8045,15015789.0
2016-02-02,30.5896,30.6541,30.3747,30.4034,10437042.0
2016-02-03,30.6613,30.7616,30.2888,30.604,14090319.0
2016-02-04,30.4607,30.7257,30.3747,30.4678,12705064.0
2016-02-05,30.7544,30.7974,30.2744,30.4034,14848000.0
2016-02-08,30.2099,30.5896,30.0165,30.5538,15274208.0
2016-02-09,30.2744,31.1556,30.2744,31.0195,22869596.0
2016-02-10,31.0481,31.0839,30.4535,30.4822,14399977.0
2016-02-11,30.1097,30.5252,30.0738,30.3819,14956286.0
2016-02-12,30.604,30.9048,30.4893,30.8834,12447179.0
2016-02-16,31.0338,31.1341,30.8189,31.0624,9806240.0
2016-02-17,31.1054,31.2487,31.0051,31.1556,10471644.0
2016-02-18,31.2559,31.3275,31.0195,31.2415,9422516.0
2016-02-19,31.2201,31.3562,31.0051,31.3562,10605837.0
2016-02-22,31.349,31.6356,31.2559,31.478,17583766.0
2016-02-23,31.3275,31.5568,31.2774,31.2989,9705427.0
2016-02-24,31.2057,31.478,31.0696,31.4565,9517352.0
2016-02-25,31.4923,31.6499,31.4206,31.6356,9717212.0
2016-02-26,31.5496,31.5639,30.8762,30.9048,15698732.0
2016-02-29,30.9263,31.2415,30.7472,30.8977,9610902.0
2016-03-01,31.0768,31.2989,30.9263,31.2989,10305230.0
2016-03-02,31.1412,31.3562,31.1054,31.3562,10667657.0
2016-03-03,31.2415,31.5066,31.1914,31.4923,11588602.0
2016-03-04,31.3633,31.6284,31.2917,31.5997,11926760.0
2016-03-07,31.4565,31.6212,31.4206,31.5281,8811227.0
2016-03-08,31.4636,31.8576,31.3848,31.7502,13202969.0
2016-03-09,31.8003,32.1155,31.7287,32.1012,16858000.0
2016-03-10,32.1205,32.4237,32.005,32.4021,27092394.0
2016-03-11,32.4887,32.6692,32.4382,32.6331,13556593.0
2016-03-14,32.5176,32.792,32.5176,32.6981,11254638.0
2016-03-15,32.5465,32.893,32.5393,32.662,12302830.0
2016-03-16,32.5248,32.6115,32.1638,32.5248,13648167.0
2016-03-17,32.5248,33.1457,32.4598,33.0446,16671467.0
2016-03-18,33.0952,33.1168,32.7703,32.9219,16110176.0
2016-03-21,32.792,33.1168,32.7486,32.9724,7781931.0
2016-03-22,32.8786,33.0158,32.7703,32.8497,8847822.0
2016-03-23,32.7775,33.0013,32.7414,32.8208,6501525.0
2016-03-24,32.8136,32.9219,32.6259,32.9075,8293146.0
2016-03-28,32.893,33.1602,32.8569,33.0663,10398107.0
2016-03-29,33.1241,33.5789,33.0735,33.5572,22824378.0
2016-03-30,33.6655,33.7377,33.4489,33.6294,12894727.0
2016-03-31,33.6078,33.846,33.4417,33.4923,12464512.0
2016-04-01,33.3118,33.8388,33.2901,33.8099,12223204.0
2016-04-04,33.8172,33.8821,33.5717,33.8533,8930212.0
2016-04-05,33.6583,33.7955,33.5284,33.5933,8872792.0
2016-04-06,33.6222,33.7377,33.485,33.7233,7519063.0
2016-04-07,33.5717,33.6294,33.3262,33.4706,7573575.0
2016-04-08,33.5284,33.9182,33.5284,33.8388,10037262.0
2016-04-11,33.8605,34.0265,33.5067,33.5284,10253171.0
2016-04-12,33.5067,33.7594,33.4634,33.68,9966907.0
2016-04-13,33.7666,33.7738,33.0807,33.2396,11629958.0
2016-04-14,33.2324,33.3695,33.023,33.088,11687324.0
2016-04-15,33.0807,33.3262,32.9797,33.2829,10764048.0
2016-04-18,33.3046,33.4128,33.0807,33.3695,10103515.0
2016-04-19,33.4345,33.6583,33.319,33.6439,12353421.0
2016-04-20,32.7342,32.7631,31.8101,32.0339,36686249.0
2016-04-21,31.9545,31.9689,30.9509,31.5213,34066920.0
2016-04-22,31.644,32.2433,31.6151,32.1566,19106520.0
2016-04-25,32.1277,32.2866,32.0411,32.2794,9755020.0
2016-04-26,32.431,32.4598,32.0772,32.1494,10630797.0
2016-04-27,32.2288,32.3876,31.9472,32.2577,9691437.0
2016-04-28,32.1277,32.4165,32.0989,32.2216,9359211.0
2016-04-29,32.1494,32.3876,32.1277,32.3443,8430437.0
2016-05-02,32.1783,32.6259,32.1566,32.4743,10402788.0
2016-05-03,32.3949,32.5393,32.236,32.3732,9118870.0
2016-05-04,32.2866,32.5681,32.1277,32.4743,7671474.0
2016-05-05,32.4382,32.8425,32.3949,32.532,7420836.0
2016-05-06,32.532,32.7847,32.4237,32.7198,7265601.0
2016-05-09,32.7198,32.8497,32.6115,32.662,6041891.0
2016-05-10,32.8064,33.0952,32.792,33.0302,7563347.0
2016-05-11,33.0158,33.1241,32.8136,32.8208,7331254.0
2016-05-12,32.8858,33.1385,32.8353,33.088,8541585.0
2016-05-13,33.0302,33.088,32.6548,32.7414,8566241.0
2016-05-16,32.6042,33.0158,32.5898,32.9363,7602541.0
2016-05-17,32.8136,32.893,32.2794,32.3082,13872991.0
2016-05-18,32.1711,32.366,31.9328,32.1133,10508827.0
2016-05-19,31.9472,32.0483,31.7956,31.9978,9511549.0
2016-05-20,32.135,32.1566,31.7234,31.7307,10364460.0
2016-05-23,31.8173,31.8823,31.7234,31.7451,10936292.0
2016-05-24,31.8389,32.07,31.7668,32.0339,10503649.0
2016-05-25,32.135,32.2216,31.9472,32.0411,7849663.0
2016-05-26,32.1494,32.3227,32.0844,32.2649,7091992.0
2016-05-27,32.2794,32.4598,32.236,32.3299,6348459.0
2016-05-31,32.4743,32.4743,31.9545,32.1999,11083730.0
2016-06-01,32.1999,32.3299,32.1205,32.2721,7608069.0
2016-06-02,32.2721,32.2866,32.1277,32.2866,5482057.0
2016-06-03,32.3082,32.5248,32.2577,32.5176,11504929.0
2016-06-06,32.5465,32.8425,32.5465,32.7559,9067541.0
2016-06-07,32.7414,32.8353,32.6331,32.7198,7883678.0
2016-06-08,32.662,32.9652,32.6259,32.8858,6543199.0
2016-06-09,32.727,33.0663,32.7125,33.0374,6729729.0
2016-06-10,32.9343,33.218,32.8906,33.2035,10459111.0
2016-06-13,33.0943,33.2253,32.8033,32.8252,9053351.0
2016-06-14,32.6287,32.8324,32.3305,32.767,10000882.0
2016-06-15,32.8252,32.9852,32.6433,32.7451,6796093.0
2016-06-16,32.6506,32.9852,32.5269,32.9634,9850294.0
2016-06-17,32.8543,32.8979,32.2868,32.5851,15832735.0
2016-06-20,32.8033,32.9634,32.7088,32.7233,8858894.0
2016-06-21,32.8543,32.9416,32.7379,32.8324,6114255.0
2016-06-22,32.9197,32.9779,32.5996,32.636,8807546.0
2016-06-23,32.7597,32.8615,32.6215,32.7961,8160919.0
2016-06-24,32.1559,32.4178,31.8794,31.9594,14512265.0
2016-06-27,31.7703,31.9303,31.5084,31.8503,13192784.0
2016-06-28,32.054,32.1486,31.7703,32.1413,14268262.0
2016-06-29,32.2941,32.5269,32.185,32.3305,10010924.0
2016-06-30,32.3887,32.9779,32.3668,32.9779,12596808.0
2016-07-01,32.9707,33.0361,32.7888,32.8252,9751157.0
2016-07-05,32.8543,33.2253,32.847,33.0507,9965882.0
2016-07-06,33.1016,33.138,32.6724,32.9343,8580724.0
2016-07-07,33.0434,33.1162,32.716,32.8033,8231301.0
2016-07-08,32.9561,33.1162,32.7815,33.0143,9259239.0
2016-07-11,32.9925,33.2981,32.8179,33.1526,9488676.0
2016-07-12,33.2035,33.2544,32.8688,33.1598,8067975.0
2016-07-13,33.1817,33.2908,33.0507,33.2762,6679301.0
2016-07-14,33.2617,33.4217,33.1598,33.2399,6305567.0
2016-07-15,33.3344,33.3926,33.058,33.1962,8701125.0
2016-07-18,33.2399,33.2471,33.0871,33.1962,6451388.0
2016-07-19,33.0725,33.2544,33.0507,33.1962,6538191.0
2016-07-20,33.2835,33.2981,33.0216,33.1089,6954010.0
2016-07-21,33.0289,33.1089,32.9197,33.0652,6901568.0
2016-07-22,33.1016,33.349,33.0725,33.3417,7261073.0
2016-07-25,33.3272,33.3417,33.0798,33.1526,7681540.0
2016-07-26,33.1234,33.2108,32.6142,32.6506,12539055.0
2016-07-27,31.9449,32.054,31.3556,31.5739,33140617.0
2016-07-28,31.4793,31.7848,31.4429,31.7557,10331980.0
2016-07-29,31.8067,31.8285,31.6321,31.7412,12854241.0
2016-08-01,31.7848,31.8867,31.5957,31.6102,10893219.0
2016-08-02,31.5375,31.7048,31.5084,31.6684,11441634.0
2016-08-03,31.763,31.7921,31.552,31.7485,10563705.0
2016-08-04,31.6903,31.8649,31.5739,31.6539,10088155.0
2016-08-05,31.7557,31.8285,31.5811,31.6321,8626384.0
2016-08-08,31.5957,31.6612,31.4429,31.603,5874727.0
2016-08-09,31.6466,31.7485,31.552,31.6248,6229102.0
2016-08-10,31.7485,31.7848,31.6466,31.7266,6833654.0
2016-08-11,31.8067,31.9158,31.7339,31.8285,9540774.0
2016-08-12,31.9449,32.1486,31.8576,32.0322,9437480.0
2016-08-15,32.0831,32.2504,32.0176,32.185,8323985.0
2016-08-16,32.1922,32.1922,31.8867,31.8867,8122500.0
2016-08-17,32.0176,32.0613,31.8503,32.054,9348070.0
2016-08-18,32.0467,32.1995,32.0104,32.0831,7555688.0
2016-08-19,32.0467,32.054,31.8212,31.9522,7934654.0
2016-08-22,31.9667,31.974,31.8067,31.8212,6844635.0
2016-08-23,31.9012,31.9958,31.8212,31.9012,6281706.0
2016-08-24,31.8794,31.9667,31.763,31.9012,10046905.0
2016-08-25,31.9012,31.9667,31.7412,31.7703,8733159.0
2016-08-26,31.8067,31.9522,31.5084,31.5157,10593141.0
2016-08-29,31.5302,31.7266,31.5229,31.6757,8211447.0
2016-08-30,31.6175,31.6684,31.3702,31.4575,8222317.0
2016-08-31,31.5957,31.6175,31.3411,31.5957,7251816.0
2016-09-01,31.4356,31.5811,31.4284,31.5375,7208516.0
2016-09-02,31.6612,31.8867,31.6248,31.763,6975562.0
2016-09-06,31.8212,31.8649,31.5666,31.8576,6574765.0
2016-09-07,31.8067,31.8649,31.6684,31.7485,6583386.0
2016-09-08,31.7776,31.8139,31.6102,31.7412,8462362.0
2016-09-09,31.5957,31.5957,30.7518,30.7518,20083719.0
2016-09-12,30.8123,31.4504,30.7976,31.4211,12411564.0
2016-09-13,31.3697,31.3697,30.959,31.0103,10358757.0
2016-09-14,31.003,31.1057,30.7976,30.8857,8238882.0
2016-09-15,30.8123,31.091,30.717,31.069,8383038.0
2016-09-16,30.9297,30.9957,30.7756,30.9077,12642697.0
2016-09-19,30.9223,31.0764,30.8637,30.8783,6504933.0
2016-09-20,31.0324,31.1937,30.981,31.0544,7339385.0
2016-09-21,31.0103,31.2524,30.8783,31.1937,11806004.0
2016-09-22,31.3257,31.5458,31.3111,31.5091,8068162.0
2016-09-23,31.3991,31.4944,31.2817,31.3477,6569429.0
2016-09-26,31.3257,31.3331,30.8123,30.8417,13326207.0
2016-09-27,30.9443,31.2671,30.805,31.2377,9379000.0
2016-09-28,31.2671,31.3624,30.827,30.915,13204375.0
2016-09-29,30.8197,31.091,30.695,30.827,11160358.0
2016-09-30,30.959,31.1717,30.849,31.0397,9828983.0
2016-10-03,31.0324,31.0324,30.717,30.827,9338005.0
2016-10-04,31.0544,31.0544,30.6436,30.6876,11893463.0
2016-10-05,30.7536,30.8563,30.5629,30.6656,7553979.0
2016-10-06,30.5703,30.761,30.4969,30.5923,7708104.0
2016-10-07,30.6803,30.761,30.4823,30.6069,6686595.0
2016-10-10,30.7463,30.7976,30.5116,30.6069,7325630.0
2016-10-11,30.5556,30.5849,30.3649,30.4676,10044217.0
2016-10-12,30.5336,30.6876,30.4383,30.6436,9473351.0
2016-10-13,30.5483,30.7243,30.4456,30.629,14403817.0
2016-10-14,30.695,30.739,30.5263,30.5629,7726694.0
2016-10-17,30.6069,30.7023,30.4896,30.5116,8871425.0
2016-10-18,30.6656,30.805,30.6069,30.783,10018333.0
2016-10-19,30.7536,30.893,30.6656,30.8417,14378025.0
2016-10-20,30.783,30.8857,30.7243,30.7536,8976939.0
2016-10-21,30.695,30.9297,30.5703,30.9003,11994218.0
2016-10-24,31.0397,31.3697,30.9883,31.2157,11278273.0
2016-10-25,31.2744,31.4504,31.1204,31.201,14269742.0
2016-10-26,31.5384,31.5604,31.1057,31.1277,15064376.0
2016-10-27,31.2524,31.2817,30.7316,30.893,12212803.0
2016-10-28,30.9957,31.1497,30.8783,30.9737,9183450.0
2016-10-31,30.893,31.1057,30.893,31.0984,8799280.0
2016-11-01,31.0984,31.1204,30.739,30.893,9990317.0
2016-11-02,30.8783,31.0544,30.8123,30.8417,10628723.0
2016-11-03,30.9517,30.9663,30.7756,30.827,9745948.0
2016-11-04,30.695,30.8343,30.5776,30.5776,12322958.0
2016-11-07,30.8343,31.1717,30.8343,31.1424,11079131.0
2016-11-08,31.0764,31.5238,31.0764,31.4504,9898107.0
2016-11-09,30.629,31.0397,30.5849,31.003,18482951.0
2016-11-10,30.7023,30.9957,29.9615,30.0275,29757946.0
2016-11-11,30.0349,30.1669,29.8002,30.0935,11862681.0
2016-11-14,30.1669,30.3796,29.9615,30.1962,16095028.0
2016-11-15,30.2036,30.4529,30.1962,30.3942,13587253.0
2016-11-16,30.3649,30.5483,30.1815,30.2622,10946744.0
2016-11-17,30.2769,30.2916,30.0715,30.1595,10861565.0
2016-11-18,30.0935,30.2182,29.9982,30.0055,13556336.0
2016-11-21,29.8808,30.3356,29.8735,30.3356,9740164.0
2016-11-22,30.4016,30.5849,30.2476,30.3429,10734868.0
2016-11-23,30.2256,30.2989,30.0935,30.1595,7796976.0
2016-11-25,30.3576,30.4969,30.2476,30.4603,4701589.0
2016-11-28,30.4441,30.6512,30.2666,30.6216,15311641.0
2016-11-29,30.7104,30.7104,30.4293,30.4367,9429620.0
2016-11-30,30.3258,30.4737,29.845,29.845,17251874.0
2016-12-01,29.8154,29.8746,29.4973,29.7118,17151237.0
2016-12-02,29.808,29.9559,29.7266,29.8524,8996790.0
2016-12-05,29.8376,30.0965,29.8154,30.0447,13345933.0
2016-12-06,30.1408,30.1556,29.8968,30.0077,9429296.0
2016-12-07,29.9855,30.5403,29.9633,30.5403,10234340.0
2016-12-08,30.3775,30.4811,30.2074,30.311,9743932.0
2016-12-09,30.6956,31.2281,30.5403,31.0654,24695658.0
2016-12-12,31.0654,31.0728,30.8583,30.9914,13582347.0
2016-12-13,30.8509,31.0358,30.7252,30.8879,15101072.0
2016-12-14,30.984,31.058,30.3701,30.4811,14015359.0
2016-12-15,30.4293,30.9249,30.3923,30.7326,12154580.0
2016-12-16,30.7769,30.8879,30.6808,30.8731,12634187.0
2016-12-19,30.8287,30.9175,30.7548,30.8213,7137559.0
2016-12-20,30.8361,30.8583,30.6512,30.8139,8760887.0
2016-12-21,30.7695,30.9471,30.7104,30.7474,8017315.0
2016-12-22,30.7695,30.7843,30.3849,30.7326,8755279.0
2016-12-23,30.7843,30.8361,30.5846,30.7695,5485628.0
2016-12-27,30.74,30.8879,30.7252,30.7769,5558309.0
2016-12-28,30.6882,30.8213,30.6142,30.6142,7021464.0
2016-12-29,30.6068,30.8361,30.6068,30.7695,5881157.0
2016-12-30,30.8361,30.9471,30.5846,30.666,8081395.0
2017-01-03,30.6956,30.9249,30.5329,30.9175,12704778.0
2017-01-04,30.9767,31.0432,30.7622,30.8065,8298966.0
2017-01-05,30.8139,30.9619,30.7104,30.8805,7694537.0
2017-01-06,30.8435,30.9249,30.7252,30.8731,8372956.0
2017-01-09,30.4959,30.7548,30.4811,30.5624,11699108.0
2017-01-10,30.6512,30.6512,30.2222,30.3553,12913845.0
2017-01-11,30.2148,30.4145,30.2,30.3627,7536777.0
2017-01-12,30.3332,30.3627,30.1778,30.2888,7291393.0
2017-01-13,30.3258,30.3553,30.0965,30.237,6777195.0
2017-01-17,30.2074,30.5477,30.1778,30.4885,10299601.0
2017-01-18,30.5107,30.6068,30.4293,30.5403,7502980.0
2017-01-19,30.4293,30.5403,30.3479,30.4293,9473752.0
2017-01-20,30.5255,30.6512,30.4219,30.5624,10324681.0
2017-01-23,30.555,30.6956,30.4811,30.6438,9339764.0
2017-01-24,30.6734,31.0432,30.6734,30.9914,14788566.0
2017-01-25,31.0062,31.2503,30.9914,31.1542,10500850.0
2017-01-26,31.0876,31.1468,30.9101,30.9249,7821686.0
2017-01-27,30.9988,31.0284,30.6364,30.6586,10985683.0
2017-01-30,30.5477,30.6808,30.4737,30.6068,9534907.0
2017-01-31,30.6142,30.8361,30.592,30.7474,8535420.0
2017-02-01,30.7104,30.8139,30.5107,30.5181,9182748.0
2017-02-02,30.629,30.6882,30.5107,30.6216,7678314.0
2017-02-03,30.7252,30.9101,30.6586,30.7252,9944243.0
2017-02-06,30.7178,30.8213,30.6216,30.74,13488150.0
2017-02-07,30.8361,31.0506,30.8213,30.9914,11604249.0
2017-02-08,30.9988,31.1764,30.9471,31.0802,12377231.0
2017-02-09,30.7104,30.8287,30.1187,30.5107,24049449.0
2017-02-10,30.3406,30.4737,29.9929,30.0151,23990711.0
2017-02-13,30.1261,30.2,29.9559,30.0447,21479703.0
2017-02-14,29.8672,30.0299,29.7488,29.9781,29888815.0
2017-02-15,29.8968,30.0521,29.8746,29.9116,23845463.0
2017-02-16,29.9929,30.5329,29.9559,30.4737,20163454.0
2017-02-17,30.3997,30.592,30.3627,30.4959,12156205.0
2017-02-21,30.4737,30.6956,30.4737,30.666,12431275.0
2017-02-22,30.703,30.8287,30.6216,30.7695,9239099.0
2017-02-23,30.8213,31.0654,30.7843,30.8139,11182036.0
2017-02-24,30.8139,30.9988,30.7695,30.9027,11240454.0
2017-02-27,30.8805,30.8805,30.7548,30.8213,8790640.0
2017-02-28,30.8287,31.1172,30.7991,31.0358,12075251.0
2017-03-01,31.0728,31.3243,30.9767,31.1838,12398705.0
2017-03-02,31.1246,31.4796,31.1172,31.413,13103097.0
2017-03-03,31.3909,31.4278,31.2503,31.4204,10351632.0
2017-03-06,31.3169,31.3835,31.1542,31.1985,11480238.0
2017-03-07,31.0654,31.2429,31.0284,31.058,9612198.0
2017-03-08,31.0654,31.0876,30.8731,31.058,10974619.0
2017-03-09,31.132,31.1468,31.0062,31.0876,9666968.0
2017-03-10,31.2351,31.362,31.1754,31.2799,10787525.0
2017-03-13,31.2799,31.4291,31.2202,31.362,10811269.0
2017-03-14,31.3247,31.4142,31.2128,31.3172,8162244.0
2017-03-15,31.3247,31.5485,31.3172,31.4291,18882090.0
2017-03-16,31.362,31.6306,31.265,31.5261,13741717.0
2017-03-17,31.5485,31.6008,31.3471,31.362,17359238.0
2017-03-20,31.4142,31.5933,31.3918,31.4739,9760868.0
2017-03-21,31.556,31.8097,31.4963,31.7127,13338971.0
2017-03-22,31.7575,31.8619,31.5261,31.6232,9928521.0
2017-03-23,31.5336,31.6306,31.3844,31.4665,9924286.0
2017-03-24,31.5112,31.5485,31.2724,31.4291,10718694.0
2017-03-27,31.4217,31.5933,31.3769,31.5784,9118600.0
2017-03-28,31.5187,31.7575,31.5187,31.6605,10606347.0
2017-03-29,31.7202,31.7351,31.556,31.653,7639035.0
2017-03-30,31.6008,31.8022,31.5336,31.7873,10720521.0
2017-03-31,31.75,31.8246,31.6605,31.6679,8341762.0
2017-04-03,31.7724,31.8097,31.5411,31.6455,9268150.0
2017-04-04,31.7202,31.8545,31.6157,31.847,9494931.0
2017-04-05,31.8321,31.9813,31.7351,31.7649,8263988.0
2017-04-06,31.7575,31.9067,31.6903,31.8395,11077299.0
2017-04-07,31.8172,31.8918,31.7202,31.7948,9416610.0
2017-04-10,31.8843,31.9365,31.75,31.8545,7485175.0
2017-04-11,31.847,31.8992,31.7202,31.8321,7112219.0
2017-04-12,31.7425,32.0783,31.7202,32.041,10163352.0
2017-04-13,31.9888,32.1455,31.9216,31.9291,8259284.0
2017-04-17,31.9291,32.138,31.9216,32.138,8004326.0
2017-04-18,32.1679,32.526,32.1529,32.444,11357298.0
2017-04-19,32.638,32.6753,32.2276,32.2574,11368903.0
2017-04-20,32.235,32.3096,32.1231,32.1529,9624251.0
2017-04-21,32.0709,32.1604,32.0037,32.138,11240104.0
2017-04-24,32.2649,32.4066,32.1977,32.2947,14174112.0
2017-04-25,31.9739,32.4066,31.9515,32.1679,13589945.0
2017-04-26,32.1306,32.4066,32.0709,32.2649,11662723.0
2017-04-27,32.2126,32.2947,32.0261,32.0932,9072965.0
2017-04-28,32.0559,32.235,31.9739,32.1977,7880813.0
2017-05-01,32.1977,32.4589,32.1604,32.2499,11475722.0
2017-05-02,32.2499,32.4141,32.2052,32.3768,9734452.0
2017-05-03,32.332,32.4514,32.1977,32.3246,8727620.0
2017-05-04,32.3992,32.6902,32.3843,32.5783,8638966.0
2017-05-05,32.6753,32.7126,32.5036,32.6006,6678133.0
2017-05-08,32.526,32.7648,32.4887,32.7499,9943122.0
2017-05-09,32.7499,32.7499,32.3693,32.4663,7296434.0
2017-05-10,32.444,32.5484,32.3544,32.5111,5817220.0
2017-05-11,32.4514,32.5857,32.4066,32.5857,5323354.0
2017-05-12,32.5633,32.5932,32.4216,32.526,5680078.0
2017-05-15,32.429,32.6529,32.429,32.6305,5719339.0
2017-05-16,32.735,32.914,32.6603,32.72,8577503.0
2017-05-17,32.6902,32.9588,32.6156,32.7797,11451229.0
2017-05-18,32.735,32.8021,32.5633,32.6827,11617857.0
2017-05-19,32.72,32.832,32.6529,32.7573,9099319.0
2017-05-22,32.7499,32.9961,32.6902,32.9663,8721231.0
2017-05-23,33.0185,33.2797,32.9887,33.123,9283749.0
2017-05-24,33.2498,33.6453,33.2125,33.6005,10818419.0
2017-05-25,33.5781,33.9363,33.5558,33.8841,11708610.0
2017-05-26,33.8468,33.996,33.8244,33.8692,9890167.0
2017-05-30,33.6975,33.9214,33.6602,33.899,8981289.0
2017-05-31,33.899,34.1005,33.8542,33.9289,10884561.0
2017-06-01,33.9139,34.1676,33.7498,34.1676,8899647.0
2017-06-02,34.1975,34.2422,34.0259,34.2422,7487461.0
2017-06-05,34.1602,34.3169,34.093,34.3169,7137375.0
2017-06-06,34.2497,34.3691,34.1602,34.3094,7910621.0
2017-06-07,33.9512,34.1005,33.8393,33.9587,10547190.0
2017-06-08,33.8692,33.9587,33.6005,33.6751,10715608.0
2017-06-09,33.6229,33.8393,33.5558,33.8169,7390315.0
2017-06-12,33.8394,33.9372,33.689,33.8244,9402202.0
2017-06-13,33.8695,33.9372,33.704,33.877,7851682.0
2017-06-14,33.9899,34.2081,33.9749,34.0802,8089835.0
2017-06-15,33.9899,34.1103,33.8846,34.0426,7727255.0
2017-06-16,34.0877,34.1178,33.862,34.0877,12670240.0
2017-06-19,34.1178,34.1404,33.9297,34.1404,6255961.0
2017-06-20,34.1103,34.509,34.0952,34.3134,12659182.0
2017-06-21,34.3209,34.3661,33.9749,34.02,7801312.0
2017-06-22,33.9824,34.0651,33.877,33.9071,5488101.0
2017-06-23,33.8921,34.1404,33.877,34.0426,5350544.0
2017-06-26,34.0877,34.2382,34.0802,34.178,5625606.0
2017-06-27,34.1103,34.1554,33.8545,33.8921,8629282.0
2017-06-28,34.0426,34.2306,34.0275,34.0952,7618486.0
2017-06-29,33.9523,34.035,33.5912,33.7266,7855659.0
2017-06-30,33.7717,33.9448,33.7416,33.7416,6295380.0
2017-07-03,33.9372,34.0576,33.6739,33.6739,5031525.0
2017-07-05,33.6965,33.847,33.6514,33.7191,5508877.0
2017-07-06,33.6438,33.7416,33.3203,33.4031,8933207.0
2017-07-07,33.4407,33.4934,33.2827,33.3956,7641122.0
2017-07-10,33.4407,33.5385,33.2752,33.388,8235628.0
2017-07-11,33.3429,33.4633,33.215,33.3504,8048325.0
2017-07-12,33.546,33.6814,33.4332,33.4858,6066825.0
2017-07-13,33.4708,33.5009,33.3805,33.4257,4480064.0
2017-07-14,33.4934,33.6438,33.4708,33.6137,5198259.0
2017-07-17,33.5987,33.6965,33.5611,33.6514,5827580.0
2017-07-18,33.689,33.7416,33.5611,33.6062,6386448.0
2017-07-19,33.6062,33.7341,33.5084,33.7266,4204744.0
2017-07-20,33.7792,33.8394,33.6664,33.7191,6100477.0
2017-07-21,33.6814,33.9071,33.6062,33.877,6761740.0
2017-07-24,33.8846,33.8921,33.7266,33.7341,5385069.0
2017-07-25,33.8695,34.0727,33.8018,34.035,11045644.0
2017-07-26,33.5159,34.4488,33.3354,34.4112,11733737.0
2017-07-27,34.4563,34.9303,34.3811,34.6971,13237685.0
2017-07-28,34.6068,34.6971,34.4037,34.6143,9389452.0
2017-07-31,34.6068,34.667,34.4488,34.4864,7098736.0
2017-08-01,34.5842,34.6519,34.336,34.3811,8562281.0
2017-08-02,34.3059,34.6068,34.1404,34.2983,7553239.0
2017-08-03,34.3435,34.5692,34.336,34.3585,11950809.0
2017-08-04,34.3585,34.4262,34.2081,34.2306,7715793.0
2017-08-07,34.2908,34.4262,34.2306,34.336,4978402.0
2017-08-08,34.336,34.4714,34.2607,34.3059,4966735.0
2017-08-09,34.2758,34.3585,34.0952,34.2983,7962394.0
2017-08-10,34.2758,34.4864,34.2005,34.4112,7403086.0
2017-08-11,34.5015,34.5316,34.2833,34.2983,6704621.0
2017-08-14,34.336,34.5617,34.3209,34.4563,5949263.0
2017-08-15,34.4563,34.7949,34.4563,34.7497,7647805.0
2017-08-16,34.7196,34.8626,34.6971,34.7573,6727542.0
2017-08-17,34.6971,34.8551,34.494,34.5015,6935238.0
2017-08-18,34.4563,34.5316,34.3284,34.3585,9510367.0
2017-08-21,34.3585,34.4563,34.2758,34.3661,7019538.0
2017-08-22,34.3811,34.4187,34.2607,34.3059,7519777.0
2017-08-23,34.3284,34.351,34.1855,34.2607,5259977.0
2017-08-24,34.2607,34.3134,34.0877,34.1629,5836236.0
2017-08-25,34.3059,34.4262,34.2758,34.2833,6535630.0
2017-08-28,34.3284,34.3736,34.1404,34.1705,4820708.0
2017-08-29,34.1554,34.2833,34.0426,34.193,5582425.0
2017-08-30,34.1253,34.2607,34.0727,34.1479,5754837.0
2017-08-31,34.1554,34.3435,34.1103,34.2683,9953199.0
2017-09-01,34.336,34.4563,34.2607,34.4413,5597198.0
2017-09-05,34.4187,34.5541,34.3435,34.5466,7566192.0
2017-09-06,34.5993,34.6369,34.4488,34.5767,6675406.0
2017-09-07,34.6143,34.8475,34.5767,34.8175,7666207.0
2017-09-08,34.7497,34.8852,34.6218,34.8325,8512864.0
2017-09-11,34.8701,35.0507,34.7723,34.998,8058226.0
2017-09-12,34.983,35.171,34.9453,35.1485,7294723.0
2017-09-13,35.1172,35.3447,35.0945,35.2613,8478179.0
2017-09-14,35.1855,35.2386,34.8367,34.9656,10164340.0
2017-09-15,35.1097,35.1552,34.8822,35.0187,11348437.0
2017-09-18,34.9959,35.0642,34.8139,34.9656,5426294.0
2017-09-19,34.9883,35.0262,34.7988,34.867,5709699.0
2017-09-20,34.7002,34.9959,34.5409,34.7153,8412659.0
2017-09-21,34.6623,34.7229,34.3968,34.4272,5358923.0
2017-09-22,34.4651,34.6016,34.4044,34.4954,5777361.0
2017-09-25,34.503,34.7002,34.3893,34.6471,6207085.0
2017-09-26,34.6471,34.7836,34.5485,34.5561,4915253.0
2017-09-27,34.4803,34.503,33.6537,33.8509,11816757.0
2017-09-28,33.8736,34.1239,33.8585,34.0556,7059570.0
2017-09-29,34.0177,34.2073,33.9646,34.1314,6786840.0
2017-10-02,34.1618,34.3286,33.9267,33.9722,7821687.0
2017-10-03,34.0177,34.321,33.9419,34.2679,9672196.0
2017-10-04,34.2073,34.5485,34.0708,34.503,10963822.0
2017-10-05,34.5106,34.6926,34.503,34.5182,7285155.0
2017-10-06,34.4196,34.5182,34.3665,34.4954,3941163.0
2017-10-09,34.5409,34.6168,34.3817,34.4348,4379933.0
2017-10-10,34.5788,34.8063,34.5182,34.7836,5008706.0
2017-10-11,34.7912,35.0338,34.7836,34.958,5377672.0
2017-10-12,34.867,34.9883,34.8367,34.9656,5933291.0
2017-10-13,35.0717,35.1703,34.9959,35.0187,5647930.0
2017-10-16,34.9732,35.4509,34.958,35.3523,9586235.0
2017-10-17,35.2841,35.3599,35.1172,35.2765,5174794.0
2017-10-18,35.1931,35.2917,35.0642,35.1855,4189901.0
2017-10-19,35.1627,35.4812,35.1248,35.3296,5662270.0
2017-10-20,35.322,35.3296,35.0945,35.1703,6314014.0
2017-10-23,35.1703,35.3751,35.0566,35.1248,5078637.0
2017-10-24,35.0793,35.1021,34.8443,35.0187,7817735.0
2017-10-25,35.1627,35.4585,34.8291,34.9201,8837461.0
2017-10-26,35.1248,35.4509,35.049,35.0566,9034899.0
2017-10-27,34.9807,35.1324,34.8139,34.9352,8299735.0
2017-10-30,34.8822,34.9352,34.7457,34.776,5124777.0
2017-10-31,34.8215,35.0111,34.7608,34.867,4464404.0
2017-11-01,34.6926,34.9504,34.6016,34.7305,5290305.0
2017-11-02,34.7381,34.8443,34.685,34.7912,4829587.0
2017-11-03,34.8594,35.0035,34.8139,34.8594,3701620.0
2017-11-06,34.8139,34.8215,34.4423,34.4803,5915110.0
2017-11-07,34.4348,34.8443,34.3589,34.8367,5980905.0
2017-11-08,34.867,35.0262,34.7836,35.0187,5683185.0
2017-11-09,34.9732,35.1779,34.8973,35.0566,5143505.0
2017-11-10,35.0338,35.3675,34.9807,35.2917,6365614.0
2017-11-13,35.3372,35.504,35.2917,35.4281,6300682.0
2017-11-14,35.4206,36.0045,35.3523,35.9665,15259929.0
2017-11-15,35.8831,35.9893,35.4736,35.4964,10625366.0
2017-11-16,35.6026,35.6253,35.2689,35.2992,9653122.0
2017-11-17,35.14,35.1703,34.3134,34.6623,15907385.0
2017-11-20,34.6319,34.7912,34.4423,34.4727,16883149.0
2017-11-21,34.5485,34.8443,34.5333,34.7153,7914459.0
2017-11-22,34.7988,34.8291,34.5333,34.7608,6466534.0
2017-11-24,34.7988,34.9201,34.776,34.7912,2104753.0
2017-11-27,34.7912,34.8746,34.7381,34.8063,4301698.0
2017-11-28,34.8746,34.9959,34.7153,34.7533,6631100.0
2017-11-29,34.7094,34.7477,34.2813,34.503,13947271.0
2017-11-30,34.5107,35.0458,34.4266,34.9923,9481432.0
2017-12-01,35.0152,35.1834,34.5642,35.1452,9288030.0
2017-12-04,35.1605,35.4587,34.9923,35.344,9652625.0
2017-12-05,35.3593,35.5045,35.214,35.3669,8184337.0
2017-12-06,35.4204,35.5351,35.3669,35.5122,6057387.0
2017-12-07,35.3899,35.4128,34.9541,35.0,7185284.0
2017-12-08,34.9388,34.9617,34.4419,34.6406,10303073.0
2017-12-11,34.5412,34.7171,34.3425,34.6559,7805367.0
2017-12-12,34.6177,34.8012,34.4495,34.6253,9111165.0
2017-12-13,34.7477,35.2064,34.7247,35.0917,8735714.0
2017-12-14,35.0611,35.2981,35.0152,35.1911,6917163.0
2017-12-15,35.3899,35.4892,35.1987,35.3134,13134940.0
2017-12-18,35.3211,35.4587,35.0993,35.1146,7844455.0
2017-12-19,35.1987,35.4587,35.0993,35.2675,5769059.0
2017-12-20,35.3287,35.3975,35.1299,35.2293,5641830.0
2017-12-21,35.2752,35.3363,34.8318,34.8623,6707418.0
2017-12-22,34.9311,34.9617,34.8241,34.8547,3630879.0
2017-12-26,34.9388,35.0611,34.87,35.0229,3082909.0
2017-12-27,35.0917,35.1223,34.9464,35.1146,3325730.0
2017-12-28,35.0993,35.1605,34.8929,34.9541,3876135.0
2017-12-29,34.9159,35.3058,34.9159,35.0764,5415255.0
2018-01-02,35.0993,35.1223,34.7859,34.8165,8059985.0
2018-01-03,34.7782,34.9311,34.6636,34.74,7324813.0
2018-01-04,34.8318,35.3363,34.7477,35.2293,9369364.0
2018-01-05,35.1834,35.3211,35.0076,35.2217,8377323.0
2018-01-08,35.1299,35.2446,35.0764,35.1681,5212481.0
2018-01-09,35.1681,35.4434,35.1146,35.344,7381344.0
2018-01-10,35.344,35.3669,35.1146,35.2217,7734931.0
2018-01-11,35.344,35.344,35.0611,35.1987,5979400.0
2018-01-12,35.3899,35.4663,35.1911,35.2828,10941908.0
2018-01-16,35.2828,35.6422,35.2752,35.5733,12004906.0
2018-01-17,35.6116,35.9327,35.5886,35.7951,10044007.0
2018-01-18,35.7415,35.9862,35.6345,35.8409,7851659.0
2018-01-19,35.925,36.1238,35.8333,36.055,11022710.0
2018-01-22,36.0397,36.3149,36.0015,36.2232,7428445.0
2018-01-23,36.0932,36.4678,36.0321,36.2767,8467240.0
2018-01-24,36.3379,36.659,36.2996,36.5672,13352347.0
2018-01-25,36.4678,36.6972,36.4678,36.5749,10046930.0
2018-01-26,36.529,37.1712,36.4984,37.1024,10752446.0
2018-01-29,36.8577,37.0489,36.3685,36.4678,8952865.0
2018-01-30,36.4908,36.8195,36.2385,36.2461,9807677.0
2018-01-31,36.2767,36.6207,36.2155,36.3837,6727392.0
2018-02-01,36.2385,36.4908,36.0168,36.2767,8518855.0
2018-02-02,36.2003,36.2461,35.6498,35.7263,9272544.0
2018-02-05,35.6651,35.8715,33.9526,34.3195,17148811.0
2018-02-06,33.5397,34.2048,33.211,34.1513,21133623.0
2018-02-07,34.0825,34.7859,33.8532,34.0672,14651442.0
2018-02-08,34.1131,34.1131,32.9281,32.951,18205100.0
2018-02-09,33.1498,33.2263,32.2553,32.974,19757404.0
2018-02-12,33.3027,33.8149,33.1574,33.6162,11888290.0
2018-02-13,33.5779,33.9526,33.4021,33.7844,11455494.0
2018-02-14,33.6544,33.7844,33.3562,33.7156,11213559.0
2018-02-15,33.8302,34.2737,33.7308,34.2354,10805374.0
2018-02-16,34.8394,34.9006,34.1896,34.3883,14292622.0
2018-02-20,34.2507,34.2737,33.5932,33.6315,11659269.0
2018-02-21,33.7232,33.8379,33.1269,33.1345,10684388.0
2018-02-22,33.2033,33.5015,33.0428,33.2721,10037020.0
2018-02-23,33.318,33.685,33.1957,33.6697,5764178.0
2018-02-26,33.8149,33.9373,33.4938,33.662,9526736.0
2018-02-27,33.7538,33.8837,33.3486,33.3486,10286071.0
2018-02-28,33.5091,33.5703,33.0428,33.0428,8081020.0
2018-03-01,32.951,33.3639,32.737,33.2033,14027537.0
2018-03-02,33.0657,33.4862,33.0581,33.425,11123552.0
2018-03-05,33.3104,33.5932,33.2568,33.555,7211454.0
2018-03-06,33.6009,33.6773,33.3256,33.5856,6206211.0
2018-03-07,33.3256,33.5779,33.2339,33.5015,6854899.0
2018-03-08,33.5626,33.9908,33.4862,33.9831,8826600.0
2018-03-09,34.0749,34.266,33.9373,34.266,6799723.0
2018-03-12,34.3654,34.4724,33.8914,34.0443,9118205.0
2018-03-13,34.152,34.2754,33.9438,34.0749,9169900.0
2018-03-14,34.2291,34.2677,33.7201,33.7664,9350716.0
2018-03-15,33.8435,33.936,33.589,33.6815,7584703.0
2018-03-16,33.7047,33.9515,33.5118,33.5196,10681476.0
2018-03-19,33.5196,33.7124,33.2959,33.3653,8117993.0
2018-03-20,33.4116,33.535,33.1725,33.2882,9110902.0
2018-03-21,33.265,33.5118,33.0028,33.1648,9645027.0
2018-03-22,33.0722,33.4501,32.9334,32.9797,10018375.0
2018-03-23,33.0259,33.2882,32.6172,32.648,10383638.0
2018-03-26,32.864,33.0182,32.5863,32.9257,8369685.0
2018-03-27,32.9334,33.4039,32.7946,33.0799,9151381.0
2018-03-28,33.1648,33.7047,33.1648,33.4116,13428176.0
2018-03-29,33.5813,33.8743,33.3884,33.4964,7353862.0
2018-04-02,33.5041,33.5504,32.756,32.9103,10946321.0
2018-04-03,33.1494,33.5813,33.0414,33.4579,11722565.0
2018-04-04,33.2728,34.2446,33.2496,34.1212,10090907.0
2018-04-05,34.152,34.4065,33.8898,34.2446,8928807.0
2018-04-06,34.152,34.3371,33.7124,33.8743,9279021.0
2018-04-09,33.9592,34.1751,33.7664,33.8049,6905099.0
2018-04-10,33.99,34.0749,33.7124,33.9283,7914043.0
2018-04-11,33.7895,34.044,33.7509,33.9283,6619998.0
2018-04-12,33.9978,34.2523,33.8975,33.9592,6533332.0
2018-04-13,34.0826,34.4682,34.044,34.3294,8276260.0
2018-04-16,34.4374,34.6225,34.2446,34.4605,6860383.0
2018-04-17,34.6688,34.7305,34.4374,34.6148,6750559.0
2018-04-18,34.6302,34.6842,34.1829,34.3294,5861891.0
2018-04-19,34.1983,34.2985,33.9438,34.1751,8288506.0
2018-04-20,34.1751,34.2523,33.6121,33.7355,10646589.0
2018-04-23,33.7355,33.9283,33.5967,33.9206,9277080.0
2018-04-24,33.936,34.0132,32.9565,33.2188,15521163.0
2018-04-25,32.9642,33.0799,32.3164,32.7251,16716348.0
2018-04-26,32.7251,33.2419,32.594,32.972,10737690.0
2018-04-27,32.9565,33.427,32.9411,33.4039,8372058.0
2018-04-30,33.5504,33.697,33.1416,33.3267,10106973.0
2018-05-01,33.1339,33.1571,32.5323,32.8486,9921049.0
2018-05-02,32.702,32.8486,32.3472,32.4398,11150859.0
2018-05-03,32.5632,32.702,32.0233,32.3087,13392200.0
2018-05-04,32.2315,32.7791,32.2161,32.6712,7510105.0
2018-05-07,32.6557,32.7714,32.3627,32.5015,7069805.0
2018-05-08,32.3704,32.4629,32.1544,32.247,9983550.0
2018-05-09,32.3704,32.5709,32.139,32.2238,7769083.0
2018-05-10,32.3858,32.6712,32.3472,32.5323,6520386.0
2018-05-11,32.5786,32.756,32.4244,32.5015,4896189.0
2018-05-14,32.5863,32.6403,32.3164,32.4244,6590594.0
2018-05-15,32.2238,32.3318,31.9693,32.1775,10821970.0
2018-05-16,32.193,32.3472,32.0387,32.0464,7809438.0
2018-05-17,32.4012,32.6634,32.2932,32.6249,11964697.0
2018-05-18,32.6249,32.6866,32.4552,32.5323,8410944.0
2018-05-21,32.6326,32.7946,32.6017,32.7097,6733262.0
2018-05-22,32.7791,32.8563,32.5478,32.5863,6659703.0
2018-05-23,32.5863,32.7406,32.3395,32.702,6412599.0
2018-05-24,32.702,32.756,32.5323,32.6403,5574416.0
2018-05-25,32.6557,32.8408,32.5478,32.702,7064310.0
2018-05-29,32.4861,33.0491,32.4706,32.918,11048703.0
2018-05-30,32.9874,33.3807,32.9334,33.265,7608540.0
2018-05-31,33.319,33.3267,32.918,33.1648,9883999.0
2018-06-01,33.2419,33.4116,33.1956,33.2573,8892629.0
2018-06-04,33.4424,33.6198,33.3884,33.5427,10307474.0
2018-06-05,33.5504,33.5813,33.2419,33.2496,7576047.0
2018-06-06,33.2111,33.5196,33.1956,33.5196,6390074.0
2018-06-07,33.4193,33.7278,33.4193,33.5041,8905369.0
2018-06-08,33.6044,33.936,33.5967,33.8975,8295407.0
2018-06-11,33.8975,34.1289,33.8512,34.0363,5882402.0
2018-06-12,34.0363,34.26,33.99,34.2523,6269273.0
2018-06-13,34.2072,34.3394,34.0515,34.0749,10040757.0
2018-06-14,34.0438,34.1216,33.8648,33.9115,7792994.0
2018-06-15,33.8959,34.355,33.8103,34.3317,13871087.0
2018-06-18,34.1449,34.2072,33.7714,33.8881,7735793.0
2018-06-19,33.6936,34.0438,33.6158,33.927,8169134.0
2018-06-20,33.9426,34.0671,33.6391,33.6625,7962556.0
2018-06-21,33.6702,33.6936,33.429,33.5302,8593544.0
2018-06-22,33.5769,33.7792,33.5146,33.6547,11306625.0
2018-06-25,33.5846,34.0438,33.5846,33.9115,9829748.0
2018-06-26,33.8959,34.1138,33.678,33.7169,10161563.0
2018-06-27,33.7169,33.9348,33.4524,33.5146,13386267.0
2018-06-28,33.6469,33.9893,33.5924,33.8259,10704417.0
2018-06-29,33.9037,34.3161,33.7014,34.1293,7982052.0
2018-07-02,34.0515,34.3628,33.9115,34.0438,7341343.0
2018-07-03,34.285,34.4951,34.2305,34.2305,5040442.0
2018-07-05,34.3628,34.7596,34.3394,34.7519,8550347.0
2018-07-06,34.7596,34.9697,34.6818,34.7363,6567004.0
2018-07-09,34.6585,34.8063,34.5029,34.5495,5949886.0
2018-07-10,34.6351,35.0164,34.6274,34.9931,7769365.0
2018-07-11,35.0087,35.0164,34.7363,34.853,6421518.0
2018-07-12,34.8841,34.9853,34.6196,34.7596,4991805.0
2018-07-13,34.783,34.8452,34.5962,34.8141,4084021.0
2018-07-16,34.8063,34.8608,34.6507,34.8063,4663964.0
2018-07-17,34.8219,35.3199,34.7674,35.211,9581252.0
2018-07-18,35.1643,35.2421,34.8919,35.1098,5378293.0
2018-07-19,35.0087,35.351,34.9542,35.102,8311597.0
2018-07-20,35.032,35.2343,34.9386,35.2343,6352305.0
2018-07-23,35.2343,35.2966,34.8375,34.9775,7557964.0
2018-07-24,34.8452,35.2265,34.713,35.2187,9439007.0
2018-07-25,35.7946,36.2459,35.6,35.8646,18495167.0
2018-07-26,36.0747,36.2537,35.9502,35.9813,9267991.0
2018-07-27,36.0436,36.1836,35.8413,35.958,7870877.0
2018-07-30,35.8724,36.137,35.849,35.9735,7497012.0
2018-07-31,36.1058,36.3159,36.0358,36.2848,8227963.0
2018-08-01,36.1447,36.1759,35.9269,36.0981,8242997.0
2018-08-02,36.1681,36.2848,35.9346,35.9346,9804306.0
2018-08-03,35.9735,36.386,35.9035,36.277,9770251.0
2018-08-06,36.2615,36.4716,36.2226,36.3004,6656649.0
2018-08-07,36.1992,36.2692,35.8957,36.1836,7120787.0
2018-08-08,36.1759,36.2303,35.888,35.9113,5603668.0
2018-08-09,35.9891,36.1214,35.849,36.0669,6061995.0
2018-08-10,35.958,36.1214,35.7634,35.8568,5876076.0
2018-08-13,35.8335,35.8957,35.5611,35.6623,6226861.0
2018-08-14,35.7245,35.8724,35.6934,35.709,5367936.0
2018-08-15,35.6156,35.9113,35.5222,35.8568,7797805.0
2018-08-16,35.8802,36.0903,35.7712,35.9658,8499830.0
2018-08-17,36.0202,36.3626,35.9813,36.2615,6639222.0
2018-08-20,36.3237,36.4716,36.2537,36.3626,4920516.0
2018-08-21,36.3626,36.3782,35.958,35.9658,8371889.0
2018-08-22,36.0591,36.0903,35.7323,35.7401,5958714.0
2018-08-23,35.709,35.8568,35.5534,35.5611,11425828.0
2018-08-24,35.5222,35.6389,35.4678,35.5067,8640049.0
2018-08-27,35.8335,35.8335,35.4522,35.5534,7233629.0
2018-08-28,35.5222,35.5845,35.2343,35.3043,7111526.0
2018-08-29,35.211,35.3433,35.1876,35.2732,10592264.0
2018-08-30,35.2343,35.2654,34.9231,34.9775,8267082.0
2018-08-31,35.0164,35.0709,34.5418,34.6818,15721860.0
2018-09-04,34.7052,34.9386,34.6351,34.8297,8995955.0
2018-09-05,34.7519,35.3433,34.7519,35.3121,7887149.0
2018-09-06,35.3277,35.7946,35.2499,35.6156,8925472.0
2018-09-07,35.4833,35.6545,35.2343,35.5767,8198757.0
2018-09-10,35.7245,36.0358,35.6312,35.8413,6645263.0
2018-09-11,35.8724,35.9113,35.7012,35.8101,7194617.0
2018-09-12,35.9185,36.0284,35.8087,35.9813,10472802.0
2018-09-13,36.1069,36.1932,35.8715,35.9656,6092348.0
2018-09-14,36.0363,36.1226,35.793,36.0912,5833298.0
2018-09-17,36.099,36.358,36.0284,36.3502,6810169.0
2018-09-18,36.4051,36.515,36.0441,36.0441,7871119.0
2018-09-19,36.099,36.1854,35.9892,36.0677,4935644.0
2018-09-20,36.2717,36.6327,36.2168,36.6013,7336524.0
2018-09-21,36.6013,36.6405,36.3894,36.5542,11623360.0
2018-09-24,36.4836,36.515,35.9735,36.154,7249960.0
2018-09-25,36.1461,36.2403,35.793,35.8479,6198461.0
2018-09-26,35.9185,36.154,35.7537,35.9813,7544469.0
2018-09-27,35.8872,36.2403,35.8479,36.1069,7883201.0
2018-09-28,36.099,36.2481,36.0755,36.2481,5587004.0
2018-10-01,36.2325,36.3737,36.1383,36.2795,6529120.0
2018-10-02,36.3188,36.5385,36.1461,36.4993,5402396.0
2018-10-03,36.46,36.5307,35.9421,35.997,7612324.0
2018-10-04,35.8322,36.0206,35.6439,35.9813,8297581.0
2018-10-05,36.052,36.2246,35.8558,36.0049,7139886.0
2018-10-08,36.0912,36.5542,36.0755,36.4757,6736076.0
2018-10-09,36.3973,36.5307,36.2717,36.4051,8568092.0
2018-10-10,36.3345,36.6484,35.8401,35.8479,10303630.0
2018-10-11,35.9421,36.0755,34.9219,35.0318,14800404.0
2018-10-12,34.9062,35.2201,34.7257,35.0632,8848349.0
2018-10-15,35.0318,35.5262,34.9925,35.2437,8168537.0
2018-10-16,35.33,35.7851,35.2044,35.6988,8083145.0
2018-10-17,35.636,36.0912,35.5968,35.9892,8032946.0
2018-10-18,36.0206,36.1618,35.6674,35.793,9402395.0
2018-10-19,35.9578,36.4836,35.9578,36.358,11067717.0
2018-10-22,36.3894,36.46,35.9499,36.0755,8837920.0
2018-10-23,35.8008,36.46,35.6674,36.3816,14138378.0
2018-10-24,36.3502,37.1899,36.2874,36.6719,18162704.0
2018-10-25,36.6091,36.6798,36.1932,36.4993,11450059.0
2018-10-26,36.3894,36.4757,35.6517,36.0363,18037626.0
2018-10-29,36.2168,36.5385,36.1383,36.46,16974683.0
2018-10-30,36.5856,37.4645,36.1226,37.3782,16988700.0
2018-10-31,37.2762,37.7313,37.0565,37.5744,18651836.0
2018-11-01,37.5195,37.7863,37.1114,37.4645,12792497.0
2018-11-02,37.5273,37.6686,37.2213,37.6686,13198534.0
2018-11-05,37.6686,38.2807,37.6058,38.2101,12105609.0
2018-11-06,38.1787,38.5553,38.1394,38.5397,10529456.0
2018-11-07,38.7594,38.8849,38.4769,38.7437,9697258.0
2018-11-08,38.5475,38.7437,38.5318,38.7123,7953559.0
2018-11-09,38.7594,39.1518,38.7358,38.987,9955206.0
2018-11-12,38.932,39.4264,38.8771,39.1361,12075543.0
2018-11-13,39.089,39.2381,38.9085,39.1282,11608404.0
2018-11-14,39.1204,39.191,38.9163,39.0497,9559653.0
2018-11-15,38.9713,39.0419,38.6652,39.0341,9302842.0
2018-11-16,38.9713,39.4343,38.9477,39.3715,10100491.0
2018-11-19,39.4814,39.8345,39.4343,39.6383,11384822.0
2018-11-20,39.8816,39.8973,38.6181,38.7515,13041874.0
2018-11-21,38.6338,38.7986,38.1316,38.2414,9148301.0
2018-11-23,38.2571,38.6338,38.1002,38.469,3768205.0
2018-11-26,38.4612,38.6338,38.1944,38.3513,5573124.0
2018-11-27,38.3592,38.7751,38.2414,38.7437,6957882.0
2018-11-28,38.6704,39.0184,38.615,39.0105,8444299.0
2018-11-29,38.9789,39.0975,38.7337,38.7416,9399225.0
2018-11-30,38.7574,39.9359,38.7495,39.8648,15465775.0
2018-12-03,39.4455,39.5167,38.6704,39.3032,11883390.0
2018-12-04,39.5246,39.9518,39.1529,39.2162,13530790.0
2018-12-06,39.1608,39.2557,38.4885,39.058,13421550.0
2018-12-07,39.2083,39.2953,38.6625,38.8286,12155754.0
2018-12-10,39.1133,39.1133,38.3303,38.9472,9025726.0
2018-12-11,39.2241,39.5563,38.8998,39.1845,13049824.0
2018-12-12,39.5088,39.5642,38.9077,38.9314,7509677.0
2018-12-13,38.5359,39.2399,38.4173,39.1292,10160223.0
2018-12-14,38.9393,39.1687,38.7732,39.0263,10351826.0
2018-12-17,39.0263,39.1766,37.9823,38.2275,13079981.0
2018-12-18,38.4489,38.6229,37.8478,38.2195,10909381.0
2018-12-19,38.1563,38.5676,37.6659,37.8873,14206892.0
2018-12-20,37.8161,38.0772,37.2546,37.6026,15160430.0
2018-12-21,37.3811,38.5597,37.3574,37.6263,20373774.0
2018-12-24,37.6659,37.8636,36.25,36.3529,8617348.0
2018-12-26,36.2896,37.1438,36.1156,37.128,10624862.0
2018-12-27,36.9698,37.6105,36.4082,37.5947,11804115.0
2018-12-28,37.8794,37.9743,37.1913,37.3337,10431022.0
2018-12-31,37.563,37.6026,37.1438,37.4523,7408262.0
2019-01-02,37.1201,37.3495,36.8195,37.1201,9131757.0
2019-01-03,37.0331,37.4681,36.8037,36.8907,9900183.0
2019-01-04,37.0173,37.6263,36.8907,37.6263,9401188.0
2019-01-07,37.6184,37.7687,37.0885,37.1359,9842881.0
2019-01-08,37.3732,37.6263,37.1992,37.5551,12324220.0
2019-01-09,37.2387,37.3969,36.7246,36.8353,15023856.0
2019-01-10,36.9065,37.2467,36.6534,37.2308,9336353.0
2019-01-11,37.4048,37.4602,37.1517,37.4444,6439034.0
2019-01-14,37.3732,37.4919,37.1676,37.2941,7620151.0
2019-01-15,37.0885,37.65,37.0252,37.6263,7068427.0
2019-01-16,37.4919,37.5472,37.0647,37.1122,13934199.0
2019-01-17,37.1122,37.2862,37.0805,37.2229,8559487.0
2019-01-18,37.3732,37.7212,37.2704,37.658,9414297.0
2019-01-22,37.7291,37.8003,37.3337,37.745,8097227.0
2019-01-23,37.8241,38.1958,37.6896,38.18,9241199.0
2019-01-24,38.0534,38.0534,37.4681,37.7212,8506517.0
2019-01-25,37.8715,37.9902,37.3653,37.4681,9138433.0
2019-01-28,37.3495,37.4128,37.128,37.3099,7935673.0
2019-01-29,37.3337,37.6738,37.2783,37.4919,9345495.0
2019-01-30,37.3732,37.8794,37.3257,37.8557,10069476.0
2019-01-31,37.8478,38.5834,37.5472,38.0693,19047598.0
2019-02-01,38.3461,38.5834,38.2828,38.5201,14219625.0
2019-02-04,38.5201,39.1133,38.3936,38.9551,11959940.0
2019-02-05,39.0738,39.1292,38.8365,38.9631,8593255.0
2019-02-06,38.9235,39.0421,38.7732,38.9631,5931966.0
2019-02-07,38.8919,39.1212,38.7574,39.0896,7854393.0
2019-02-08,39.0501,39.1529,38.8444,39.1529,6629260.0
2019-02-11,39.2083,39.4535,39.1292,39.2399,6839185.0
2019-02-12,39.3032,39.3902,39.1212,39.2794,7926929.0
2019-02-13,39.2399,39.5009,39.2003,39.3823,9620143.0
2019-02-14,36.9382,37.1438,35.989,36.0602,50849085.0
2019-02-15,36.3054,36.5901,35.7517,35.7834,28582835.0
2019-02-19,35.8466,36.0602,35.4116,35.4591,21216260.0
2019-02-20,35.5223,35.7834,35.4353,35.6726,19904579.0
2019-02-21,35.5935,36.3133,35.5619,36.2738,19736607.0
2019-02-22,36.1947,36.3449,35.7517,35.815,21508679.0
2019-02-25,35.9969,36.0444,35.467,35.5461,20289079.0
2019-02-26,35.6726,35.7043,35.3246,35.3483,17323665.0
2019-02-27,35.2771,35.6093,35.1348,35.5461,14531803.0
2019-02-28,35.6884,36.076,35.6805,35.8625,16788413.0
2019-03-01,35.9653,36.0997,35.7517,35.8941,12480859.0
2019-03-04,36.0127,36.1235,35.8308,36.1077,10229403.0
2019-03-05,36.1077,36.1472,35.9099,36.0681,9407140.0
2019-03-06,36.1235,36.2184,35.9416,35.9495,10653939.0
2019-03-07,35.9811,36.0127,35.6884,35.815,9305324.0
2019-03-08,35.7122,35.7913,35.2851,35.467,12890820.0
2019-03-11,35.7043,36.5743,35.6726,36.5269,18697123.0
2019-03-12,36.3449,36.5822,36.3054,36.424,14710379.0
2019-03-13,36.4867,36.6543,36.3112,36.5585,12996869.0
2019-03-14,36.5745,36.7899,36.4069,36.4628,15338156.0
2019-03-15,36.4787,36.6223,36.016,36.1436,19470765.0
2019-03-18,36.2473,36.4468,36.1915,36.2314,13990219.0
2019-03-19,36.3431,36.4548,36.1755,36.3511,10267438.0
2019-03-20,36.2713,36.6223,36.0479,36.3271,9549894.0
2019-03-21,36.3271,36.5106,36.2553,36.3112,16335200.0
2019-03-22,36.2713,36.7899,36.2713,36.6463,16013592.0
2019-03-25,36.5904,36.8617,36.5346,36.7261,9271698.0
2019-03-26,36.8378,37.3324,36.8378,37.2128,9348542.0
2019-03-27,37.2207,37.4282,36.9654,37.1888,7522732.0
2019-03-28,37.2447,37.4362,37.0851,37.1649,7799803.0
2019-03-29,37.2367,37.4282,37.0851,37.3883,11583695.0
2019-04-01,37.492,37.6356,37.1729,37.2766,8465804.0
2019-04-02,37.3005,37.4441,37.1569,37.1569,6766481.0
2019-04-03,37.0372,37.1729,36.7261,36.8457,10304710.0
2019-04-04,36.9734,37.133,36.7899,37.0851,6009465.0
2019-04-05,37.0931,37.1649,36.8617,37.0771,5636232.0
2019-04-08,37.133,37.1569,36.9096,37.141,6628962.0
2019-04-09,37.0612,37.2766,36.9176,37.2367,6829212.0
2019-04-10,37.3723,37.5,37.1489,37.2128,5759306.0
2019-04-11,37.2766,37.3005,37.133,37.2686,5263599.0
2019-04-12,37.2367,37.4441,37.1569,37.2926,7294449.0
2019-04-15,37.4043,37.5319,37.2606,37.5,7231994.0
2019-04-16,37.5399,37.5798,37.2606,37.4601,7781103.0
2019-04-17,37.6596,37.9388,37.6197,37.7234,8952411.0
2019-04-18,37.7633,37.9628,37.7154,37.883,8092947.0
2019-04-22,37.8191,37.9867,37.508,37.8191,7417584.0
2019-04-23,38.3936,38.8723,37.9388,38.4654,20201271.0
2019-04-24,38.3218,38.4814,38.2261,38.2819,11726038.0
2019-04-25,38.0904,38.2101,37.875,38.1702,9406744.0
2019-04-26,38.2899,38.6569,38.2819,38.5053,7986078.0
2019-04-29,38.4335,38.6569,38.3856,38.633,6212754.0
2019-04-30,38.7207,39.2394,38.609,39.1436,12722580.0
2019-05-01,39.0559,39.1596,38.7367,38.7686,7833458.0
2019-05-02,38.7207,38.9122,38.5133,38.609,6492488.0
2019-05-03,38.7766,39.0638,38.7128,38.8723,5278641.0
2019-05-06,38.5612,38.7846,38.5053,38.6729,6209013.0
2019-05-07,38.4814,38.5293,38.1144,38.2979,8175424.0
2019-05-08,38.3378,38.4814,38.1543,38.1782,6744239.0
2019-05-09,38.1383,38.2819,37.5559,37.8191,8760047.0
2019-05-10,37.8271,38.5372,37.8191,38.4495,7244121.0
2019-05-13,38.2261,38.4016,38.0824,38.3378,7774644.0
2019-05-14,38.7207,39.3511,38.5771,38.8484,10425922.0
2019-05-15,38.8324,39.3989,38.7766,39.2394,7846016.0
2019-05-16,39.3112,39.6223,39.2633,39.5585,14009966.0
2019-05-17,39.3112,39.5346,39.2314,39.2553,7723535.0
2019-05-20,39.1277,39.2074,38.9043,38.9761,7903124.0
2019-05-21,39.0957,39.1197,38.6489,38.7766,7906250.0
2019-05-22,38.9202,39.6622,38.8723,39.6144,13463407.0
2019-05-23,39.4947,39.8138,39.4628,39.7739,9800426.0
2019-05-24,39.75,39.8059,39.5186,39.5824,5370834.0
2019-05-28,39.5745,39.6303,39.1197,39.1755,7017870.0
2019-05-29,39.008,39.1197,38.625,38.7846,9233622.0
2019-05-30,38.8723,39.3431,38.8324,39.2952,7080153.0
2019-05-31,39.0957,39.3431,38.9202,39.1995,8466319.0
2019-06-03,39.2234,39.8777,39.1117,39.8777,9482485.0
2019-06-04,39.8936,40.117,39.5824,39.8936,9667914.0
2019-06-05,39.9016,40.8032,39.6383,40.516,12776022.0
2019-06-06,40.6197,41.1223,40.3644,41.0106,11402597.0
2019-06-07,41.0665,41.641,41.0505,41.0824,11756355.0
2019-06-10,41.1223,41.1223,40.7633,40.9947,7690254.0
2019-06-11,41.0505,41.1622,40.8351,40.9548,7701541.0
2019-06-12,41.0896,41.6042,41.0654,41.2021,8701564.0
2019-06-13,41.379,41.572,40.8242,41.1137,8464287.0
2019-06-14,41.0493,41.4353,41.0493,41.2584,5380868.0
2019-06-17,41.2102,41.3951,40.6955,40.9046,6808255.0
2019-06-18,41.2102,41.2504,40.6312,40.7197,6444336.0
2019-06-19,40.6393,41.2021,40.583,41.1056,6642286.0
2019-06-20,41.4112,41.6444,41.2906,41.5399,7544909.0
2019-06-21,41.4353,41.7248,41.3388,41.4514,11385475.0
2019-06-24,41.6042,41.9741,41.572,41.7489,7508541.0
2019-06-25,41.8132,41.8937,41.5238,41.6203,8641489.0
2019-06-26,41.4273,41.5238,41.0735,41.1056,6387584.0
2019-06-27,41.2423,41.3308,40.977,41.0735,6987758.0
2019-06-28,41.2263,41.3308,40.6232,40.9448,7604573.0
2019-07-01,41.0654,41.5157,40.8322,41.4916,7996895.0
2019-07-02,41.6363,41.8534,41.4514,41.7972,6241515.0
2019-07-03,41.8132,42.0786,41.8132,41.8937,5210060.0
2019-07-05,41.7248,41.9097,41.3951,41.9017,5487338.0
2019-07-08,41.9741,42.0786,41.7248,41.8132,7484259.0
2019-07-09,41.5881,41.7891,41.3549,41.4836,6196174.0
2019-07-10,41.6524,41.7891,41.5318,41.6685,5581647.0
2019-07-11,41.8052,41.8615,41.5399,41.8454,6986118.0
2019-07-12,42.0143,42.0464,41.7409,41.9097,4021797.0
2019-07-15,42.0384,42.0464,41.7007,41.9178,4336776.0
2019-07-16,41.7811,42.1912,41.6605,41.9258,5293968.0
2019-07-17,41.9901,42.0223,41.8213,41.958,5217916.0
2019-07-18,41.8454,41.9499,41.5479,41.8374,8029887.0
2019-07-19,41.9258,41.9339,41.3067,41.3227,5962775.0
2019-07-22,41.4273,41.4273,41.1137,41.186,9475213.0
2019-07-23,42.8184,43.9361,42.4244,43.6868,27172078.0
2019-07-24,43.5179,44.0808,43.1159,43.2445,11666808.0
2019-07-25,43.1239,43.2606,42.3842,42.6736,14061743.0
2019-07-26,42.8907,43.6707,42.7701,43.5581,8033011.0
2019-07-29,43.5581,43.6627,43.341,43.4134,8546327.0
2019-07-30,43.3893,43.6627,43.0676,43.1963,6370323.0
2019-07-31,43.0274,43.0274,41.8454,42.3198,11251136.0
2019-08-01,42.4404,42.7782,41.8213,41.8374,14426072.0
2019-08-02,41.7409,42.4002,41.7409,42.0786,9369344.0
2019-08-05,42.1268,42.344,41.3308,41.5318,12556831.0
2019-08-06,41.7087,42.4244,41.4996,42.0304,12911820.0
2019-08-07,42.0304,42.9309,41.6283,42.7621,13944497.0
2019-08-08,42.7862,43.2526,42.4967,43.1722,7718576.0
2019-08-09,43.2526,43.341,42.6817,42.9551,6206555.0
2019-08-12,42.8425,42.9711,42.6093,42.7621,3990204.0
2019-08-13,42.5369,43.1078,42.5128,43.0194,6850045.0
2019-08-14,42.8907,43.3973,42.5932,42.6093,11136027.0
2019-08-15,42.9631,43.4214,42.8023,43.3169,9357587.0
2019-08-16,43.4054,43.8155,43.3812,43.7511,8252085.0
2019-08-19,43.7753,44.0486,43.6707,43.9763,6252129.0
2019-08-20,43.92,43.9682,43.2928,43.325,4985428.0
2019-08-21,43.6225,43.7511,43.3008,43.5019,4523911.0
2019-08-22,43.5179,43.9361,43.5019,43.8155,4881041.0
2019-08-23,43.7592,43.9924,42.9309,43.2124,8483892.0
2019-08-26,43.4214,43.8557,43.2043,43.8557,6398381.0
2019-08-27,43.9843,44.1853,43.7511,44.0004,8005212.0
2019-08-28,43.9522,44.3462,43.7592,44.314,7629977.0
2019-08-29,44.4346,44.4989,43.9039,44.2658,6099881.0
2019-08-30,44.3542,44.4024,44.0728,44.2577,5228961.0
2019-09-03,44.2095,44.4909,44.121,44.4668,6183463.0
2019-09-04,44.507,44.9653,44.4668,44.8447,6474908.0
2019-09-05,44.8286,44.8447,44.2497,44.322,9586635.0
2019-09-06,44.5794,44.5794,44.0326,44.4105,6614523.0
2019-09-09,44.2497,44.2899,43.7109,43.8396,7572092.0
2019-09-10,43.6064,43.7753,43.3008,43.7431,8847447.0
2019-09-11,43.6546,44.0647,43.3893,44.0406,6889546.0
2019-09-12,44.3059,44.476,44.2087,44.314,7639423.0
2019-09-13,44.1277,44.3788,43.7956,43.9495,7389501.0
2019-09-16,43.8199,44.0143,43.4392,43.7065,6648761.0
2019-09-17,43.8199,44.3059,43.7065,43.9333,6827016.0
2019-09-18,43.9009,43.9738,43.5931,43.9252,5032035.0
2019-09-19,43.9252,44.2249,43.8442,44.1601,4512818.0
2019-09-20,44.2978,44.2978,43.6579,43.666,10758885.0
2019-09-23,43.666,44.0305,43.6417,43.8523,4080095.0
2019-09-24,43.9414,44.233,43.7713,43.9819,6005939.0
2019-09-25,44.0953,44.1277,43.7389,43.8766,5717695.0
2019-09-26,44.1196,44.2087,43.8442,44.0548,6962523.0
2019-09-27,44.1925,44.2573,43.7389,43.99,5204477.0
2019-09-30,43.8604,44.2897,43.8604,44.0953,6028988.0
2019-10-01,44.1682,44.3707,43.747,44.2654,9395446.0
2019-10-02,43.909,44.0953,42.8479,42.9937,9691400.0
2019-10-03,43.3339,43.7227,42.7831,43.6093,9623697.0
2019-10-04,43.7389,44.1763,43.6498,44.1763,5113915.0
2019-10-07,44.0062,44.0305,43.5526,43.6336,4226348.0
2019-10-08,43.6417,43.7956,43.2934,43.3987,8417351.0
2019-10-09,43.7875,43.7956,43.3582,43.6012,5393462.0
2019-10-10,43.3744,43.6417,43.2205,43.4635,5889524.0
2019-10-11,43.4554,43.4959,43.0828,43.1719,6687921.0
2019-10-14,43.3258,43.4797,43.1071,43.1719,5386757.0
2019-10-15,43.2772,43.4797,43.1476,43.342,5964163.0
2019-10-16,43.3015,43.3906,43.0342,43.3258,7081929.0
2019-10-17,43.4878,43.8361,43.3987,43.5688,9224759.0
2019-10-18,44.5489,44.8648,44.1034,44.3707,13838316.0
2019-10-21,44.1034,44.1925,43.4797,43.9252,9132903.0
2019-10-22,43.9252,44.0791,43.5283,43.6174,6916523.0
2019-10-23,43.7875,44.2735,43.747,44.2573,6470628.0
2019-10-24,44.2006,44.4031,44.1277,44.233,4353300.0
2019-10-25,44.1844,44.1925,43.4716,43.5364,7004254.0
2019-10-28,43.5283,43.6984,43.2286,43.3906,6595834.0
2019-10-29,43.2448,43.4635,43.1395,43.261,6174409.0
2019-10-30,43.3501,43.7794,43.0585,43.6903,6082705.0
2019-10-31,43.7065,44.1196,43.6174,44.0872,7059793.0
2019-11-01,44.2492,44.3383,43.6174,43.6579,7362997.0
2019-11-04,43.7065,43.7389,42.9046,43.0423,12774043.0
2019-11-05,42.8398,42.8398,42.2162,42.4591,15145180.0
2019-11-06,42.5482,42.7669,42.451,42.7669,9643973.0
2019-11-07,42.8317,42.9289,42.0866,42.3538,9158044.0
2019-11-08,42.4915,42.6049,42.1919,42.289,5171849.0
2019-11-11,42.3862,42.4186,41.9327,41.9894,6012076.0
2019-11-12,42.0461,42.0461,41.7788,41.8841,8935593.0
2019-11-13,42.2647,42.4834,42.0866,42.451,8857804.0
2019-11-14,42.5482,42.6616,42.4024,42.6292,6445893.0
2019-11-15,42.6373,42.6697,42.4186,42.6616,6408866.0
2019-11-18,42.6697,43.2853,42.6616,42.9532,7253753.0
2019-11-19,43.0504,43.18,42.8236,42.9937,4847458.0
2019-11-20,43.0099,43.2529,42.937,43.1071,7640143.0
2019-11-21,43.018,43.2043,42.7426,42.8965,4700564.0
2019-11-22,42.8965,43.0828,42.7264,42.9532,5141085.0
2019-11-25,43.1557,43.2448,42.7426,43.1071,6283656.0
2019-11-26,43.18,43.6903,43.1071,43.6579,7600696.0
2019-11-27,43.6821,43.8208,43.4128,43.6984,5991878.0
2019-11-29,43.8208,43.8453,43.4291,43.576,5041060.0
2019-12-02,43.5107,43.8616,43.1272,43.8616,8658927.0
2019-12-03,43.829,43.9351,43.576,43.9024,10024354.0
2019-12-04,43.9024,44.3186,43.8371,44.3023,8458138.0
2019-12-05,44.237,44.3023,43.9269,44.2207,6887164.0
2019-12-06,44.3186,44.4736,44.2044,44.4084,5212679.0
2019-12-09,44.3104,44.4818,44.0819,44.1227,7983709.0
2019-12-10,44.0983,44.1227,43.8453,43.8779,6356566.0
2019-12-11,44.0167,44.188,43.7882,44.0248,6296557.0
2019-12-12,44.0738,44.4328,44.0167,44.1799,8525485.0
2019-12-13,44.0167,44.5144,43.9351,44.4084,7049650.0
2019-12-16,44.6287,44.7429,44.3676,44.4084,6179115.0
2019-12-17,44.392,44.5389,44.3023,44.4084,5123172.0
2019-12-18,44.4981,44.6776,43.9677,43.9922,8548360.0
2019-12-19,44.0819,44.3431,44.0003,44.3268,6213662.0
2019-12-20,44.8327,45.0449,44.4492,44.8572,12981236.0
2019-12-23,44.8817,45.0775,44.7511,44.8082,4745750.0
2019-12-24,44.7185,44.8817,44.5879,44.645,2541381.0
2019-12-26,44.8164,44.898,44.7103,44.898,2982243.0
2019-12-27,44.8898,45.2489,44.8817,45.1673,4641475.0
2019-12-30,45.0285,45.1999,44.9306,45.102,4494635.0
2019-12-31,45.0449,45.1917,44.8653,45.1673,4908648.0
2020-01-02,45.1428,45.2326,44.6858,44.8735,7172472.0
2020-01-03,44.3268,44.8735,44.1391,44.6287,6229810.0
2020-01-06,44.596,44.8082,44.49,44.6124,6983154.0
2020-01-07,44.4328,44.5552,44.188,44.2696,6169189.0
2020-01-08,44.286,44.5879,44.188,44.3512,5440513.0
2020-01-09,44.8817,45.2081,44.7429,45.1591,9971119.0
2020-01-10,45.2734,45.6406,45.2489,45.3142,8651599.0
2020-01-13,45.3142,45.8854,45.2244,45.8038,9387322.0
2020-01-14,45.8935,45.9425,45.559,45.6977,9011109.0
2020-01-15,45.6977,46.4974,45.6977,46.2689,13098609.0
2020-01-16,46.3913,46.4729,46.1873,46.3668,6172361.0
2020-01-17,46.4076,46.6361,46.3505,46.4648,8234489.0
2020-01-21,46.3913,46.7177,46.1628,46.6524,7171681.0
2020-01-22,46.7177,47.036,46.6524,47.0115,7895726.0
2020-01-23,46.8238,47.2073,46.7096,47.191,7761394.0
2020-01-24,47.2073,47.2237,46.8891,47.0686,6017907.0
2020-01-27,46.6851,47.2073,46.6198,46.9054,10723528.0
2020-01-28,46.9054,47.1257,46.4892,46.5219,10002043.0
2020-01-29,46.5137,46.7259,46.2363,46.5219,8265773.0
2020-01-30,47.2726,48.1295,47.1339,48.0315,15230379.0
2020-01-31,48.1213,48.2111,47.444,47.6562,11783627.0
2020-02-03,47.9418,48.1213,47.7541,47.803,8193908.0
2020-02-04,47.9418,48.513,47.8357,48.0152,9616617.0
2020-02-05,48.0642,48.2111,47.7622,48.0234,8012791.0
2020-02-06,48.1295,48.4232,48.0152,48.1376,6975759.0
2020-02-07,48.0479,48.4069,48.0234,48.3008,5339772.0
2020-02-10,48.4069,48.8312,48.3743,48.7578,5718602.0
2020-02-11,48.7333,48.7986,48.4069,48.6272,5577654.0
2020-02-12,48.5375,48.7741,48.3987,48.4803,5810846.0
2020-02-13,48.4559,48.8312,48.3171,48.6436,5087709.0
2020-02-14,48.6599,49.0189,48.6517,48.921,6354029.0
2020-02-18,48.8068,48.9047,48.513,48.5783,5071620.0
2020-02-19,48.562,48.9618,48.5293,48.7741,4119550.0
2020-02-20,48.7007,48.8476,48.2355,48.7333,5599427.0
2020-02-21,48.562,49.0679,48.4967,49.0679,7159672.0
2020-02-24,48.2355,48.7986,47.7949,47.8602,10417685.0
2020-02-25,47.901,48.309,47.0197,47.1829,11449854.0
2020-02-26,47.3134,47.7133,46.8973,47.0033,9712979.0
2020-02-27,46.6361,47.24,44.7837,44.8245,17920234.0
2020-02-28,43.9269,43.9759,42.0908,43.6495,29955604.0
2020-03-02,44.0085,45.665,43.8208,45.6324,18086350.0
2020-03-03,46.3179,46.9136,45.4039,45.7466,20842955.0
2020-03-04,46.0323,48.1458,46.0323,48.0805,11900089.0
2020-03-05,47.1665,47.4685,45.8527,46.3015,13021077.0
2020-03-06,44.8327,45.6242,44.0493,45.0938,16682768.0
2020-03-09,42.4744,43.7229,42.0011,42.3193,21760583.0
2020-03-10,43.4128,43.9024,41.7563,43.7882,21632112.0
2020-03-11,42.7192,42.964,41.7318,42.6049,17139151.0
2020-03-12,39.62,40.7642,38.0971,38.484,24189473.0
2020-03-13,40.756,40.7971,38.3605,39.8999,21958089.0
2020-03-16,34.7714,39.4142,33.8906,37.2574,20330297.0
2020-03-17,37.7678,39.1014,37.348,38.838,22768686.0
2020-03-18,36.8294,37.1669,34.2363,36.9199,27750738.0
2020-03-19,36.5166,36.7635,33.7836,34.4339,34069986.0
2020-03-20,34.4998,34.6315,30.8777,31.5281,40039781.0
2020-03-23,32.022,32.022,29.857,30.9189,34640285.0
2020-03-24,33.9318,34.0799,31.9643,32.4747,39072552.0
2020-03-25,33.4625,35.7675,32.8534,34.2528,32061040.0
2020-03-26,35.2653,37.2657,34.9443,36.4589,27676452.0
2020-03-27,35.9403,36.2449,34.9031,35.2406,17251628.0
2020-03-30,35.43,37.5044,35.43,37.0434,18086252.0
2020-03-31,37.101,37.4632,36.2696,36.426,15940988.0
2020-04-01,34.969,35.9321,34.4092,34.6726,15449250.0
2020-04-02,34.7549,36.3766,34.4586,36.1791,13548184.0
2020-04-03,35.8745,36.5001,35.6522,36.0803,9084794.0
2020-04-06,37.3644,38.698,36.7882,38.4181,15582958.0
2020-04-07,39.9246,40.0069,38.2617,38.2864,13504379.0
2020-04-08,38.3934,39.5871,38.1382,39.3648,13447700.0
2020-04-09,39.8752,40.9371,39.8011,40.3362,14011954.0
2020-04-13,39.8011,40.0398,38.2782,38.6322,13793584.0
2020-04-14,39.4636,40.4679,38.6322,40.2703,16874744.0
2020-04-15,39.2742,39.8422,39.0273,39.1919,9287277.0
2020-04-16,39.0191,39.3895,38.4922,38.7721,13301368.0
2020-04-17,39.7599,39.7599,38.9944,39.5624,14990042.0
2020-04-20,39.3401,39.513,38.1218,38.3029,13346185.0
2020-04-21,37.7678,38.6157,36.4342,37.3562,21314547.0
2020-04-22,37.9078,37.9901,37.455,37.6032,11353122.0
2020-04-23,37.8254,37.9489,37.0187,37.101,13815599.0
2020-04-24,37.455,37.6608,37.1422,37.3974,11519783.0
2020-04-27,37.8666,38.6733,37.6279,38.5087,12986424.0
2020-04-28,39.4306,39.513,38.3358,38.4757,13806327.0
2020-04-29,38.9367,39.3977,38.591,38.7886,11718032.0
2020-04-30,38.6898,38.6898,37.6196,37.776,14097847.0
2020-05-01,37.5538,38.1876,37.2163,37.5373,10160643.0
2020-05-04,37.3068,37.4385,36.7141,37.1587,15167927.0
2020-05-05,37.3398,37.9489,37.1669,37.3727,10594844.0
2020-05-06,37.3727,37.562,36.8129,36.8376,8763720.0
2020-05-07,37.1669,37.241,36.6318,36.7141,12607545.0
2020-05-08,37.1093,38.0477,36.9446,37.9571,10672185.0
2020-05-11,37.6114,37.9571,37.4715,37.4879,8177472.0
2020-05-12,37.5373,37.7431,36.8788,36.8952,9280999.0
2020-05-13,36.8047,36.8623,35.8251,36.1708,12254306.0
2020-05-14,35.7098,36.2696,35.5864,35.9733,14184391.0
2020-05-15,36.1873,36.7882,35.5617,35.6111,20115765.0
2020-05-18,36.8952,37.3644,36.3272,37.0187,16887507.0
2020-05-19,37.0516,37.3151,36.426,36.6647,13787311.0
2020-05-20,37.208,38.0065,37.0599,37.776,16284715.0
2020-05-21,37.9324,37.9407,37.0681,37.1833,10132504.0
2020-05-22,37.2245,37.2986,36.7553,37.0681,10000942.0
2020-05-26,38.6239,38.6322,37.809,37.9407,17372362.0
2020-05-27,38.6898,38.7639,37.9983,38.4675,13643488.0
2020-05-28,38.9614,39.0684,38.5416,38.7639,11669315.0
2020-05-29,38.4264,38.8462,37.9818,38.4264,20062973.0
2020-06-01,38.4099,38.8791,38.3523,38.6815,10658942.0
2020-06-02,38.8215,38.9203,38.3276,38.6075,9654581.0
2020-06-03,38.912,39.6117,38.7886,39.4306,10785642.0
2020-06-04,39.4636,39.7352,39.0026,39.4471,10509547.0
2020-06-05,39.9575,40.7395,39.8916,40.4102,15153090.0
2020-06-08,40.7807,41.1346,40.723,41.0359,14424181.0
2020-06-09,40.8218,40.8218,40.0727,40.3362,12712734.0
2020-06-10,40.4679,40.5584,39.9822,40.0233,10251943.0
2020-06-11,39.3735,39.4649,37.4215,37.4879,19271883.0
2020-06-12,38.385,38.4183,37.3882,37.8783,14026232.0
2020-06-15,37.0228,38.5844,36.9397,38.4598,11152203.0
2020-06-16,39.5064,39.6144,38.3684,38.8502,11352886.0
2020-06-17,38.8585,39.0911,38.5761,38.6924,8276995.0
2020-06-18,38.4598,39.0745,38.2688,39.033,7133047.0
2020-06-19,39.631,39.6975,38.2272,38.2272,16546466.0
2020-06-22,38.2688,38.3352,37.6956,37.9946,14799928.0
2020-06-23,38.2106,38.4515,37.8617,37.9116,11599550.0
2020-06-24,37.6873,37.7454,36.9646,37.0892,13496555.0
2020-06-25,36.9397,37.3633,36.5742,37.3218,10454143.0
2020-06-26,37.3135,37.3882,36.1422,36.1921,14128486.0
2020-06-29,36.5493,37.0228,36.1755,36.8483,13280859.0
2020-06-30,36.7486,37.2387,36.5825,37.1141,16640603.0
2020-07-01,37.3218,37.8202,37.139,37.2304,11175998.0
2020-07-02,37.6208,37.7371,37.2138,37.2803,10605416.0
2020-07-06,37.4962,37.6042,37.0477,37.571,11458433.0
2020-07-07,37.3799,37.7953,37.2138,37.5544,9132859.0
2020-07-08,37.4962,37.5295,36.9397,37.4381,9996957.0
2020-07-09,37.4215,37.4215,36.3998,36.4745,12552804.0
2020-07-10,36.4496,37.5876,36.433,37.5045,12919564.0
2020-07-13,37.8202,37.9448,37.3467,37.5876,11834159.0
2020-07-14,37.3052,38.1608,37.1058,38.1026,13225906.0
2020-07-15,38.4598,39.1991,38.3767,38.5429,16911934.0
2020-07-16,38.4266,38.7838,38.1608,38.3352,10207035.0
2020-07-17,38.601,38.9665,38.3103,38.8917,10235420.0
2020-07-20,38.8087,38.9001,38.086,38.3103,12792120.0
2020-07-21,39.4732,39.8636,38.9831,39.2074,20873556.0
2020-07-22,39.847,40.3039,39.0662,40.2707,22703559.0
2020-07-23,40.2623,40.3454,39.8969,40.1045,11925753.0
2020-07-24,40.2042,40.5365,39.9301,40.279,13643350.0
2020-07-27,40.0796,40.2956,40.0215,40.2707,11176106.0
2020-07-28,40.1544,40.9352,39.955,40.0215,11083670.0
2020-07-29,39.9882,40.2873,39.7224,39.8885,10315670.0
2020-07-30,39.5978,40.063,39.2074,39.6144,14254116.0
2020-07-31,39.4068,39.6809,38.817,39.2406,10120544.0
2020-08-03,39.1576,39.3403,38.4017,38.4598,11288585.0
2020-08-04,38.4515,38.925,38.3934,38.7838,8769200.0
2020-08-05,38.9582,39.2655,38.8834,39.224,7648306.0
2020-08-06,38.7588,39.4815,38.709,39.44,8602800.0
2020-08-07,39.4317,39.9384,39.2157,39.7058,8565448.0
2020-08-10,39.9218,40.1045,39.5895,39.6393,7624252.0
2020-08-11,40.254,40.4202,39.6227,39.8138,11591319.0
2020-08-12,40.1211,40.4451,39.9716,40.2291,7052612.0
2020-08-13,40.1211,40.4783,39.9218,40.1876,7652508.0
2020-08-14,40.1544,40.4451,39.8969,40.2457,6164841.0
2020-08-17,40.1377,40.4949,40.0381,40.0464,6371188.0
2020-08-18,40.0381,40.2873,39.8387,40.2208,7540286.0
2020-08-19,39.9716,40.1876,39.224,39.3486,14406203.0
2020-08-20,39.2655,39.5397,39.116,39.332,8890590.0
2020-08-21,39.3237,39.4566,39.0163,39.2739,9860493.0
2020-08-24,39.3985,39.8553,39.1825,39.847,6647719.0
2020-08-25,39.8719,39.9135,39.5812,39.7972,5380170.0
2020-08-26,39.6726,40.0215,39.4317,40.0048,6896411.0
2020-08-27,40.0796,40.5531,40.0381,40.063,8709346.0
2020-08-28,40.4866,41.4087,40.3122,41.3921,13387078.0
2020-08-31,41.3671,41.5914,40.9933,41.1429,11275150.0
2020-09-01,40.9601,40.9933,40.5614,40.8023,9827868.0
2020-09-02,41.0016,42.663,41.0016,42.5218,20468057.0
2020-09-03,42.6962,43.3109,41.6163,41.932,17136872.0
2020-09-04,42.3141,42.7543,41.7659,42.3972,14949329.0
2020-09-08,42.3058,42.3972,41.0016,41.3754,13143778.0
2020-09-09,41.201,42.1646,41.1595,41.6911,9532609.0
2020-09-10,41.824,42.0981,41.4917,41.5333,12099513.0
2020-09-11,41.9281,42.531,41.6099,42.4138,14034925.0
2020-09-14,42.6817,42.8995,42.3468,42.464,8047616.0
2020-09-15,42.7571,43.0251,42.5729,42.7487,8559160.0
2020-09-16,42.665,43.0837,42.4891,42.531,8889418.0
2020-09-17,42.0286,42.397,41.8192,42.33,9850701.0
2020-09-18,42.4975,42.8408,42.0453,42.2463,15642426.0
2020-09-21,41.6517,41.8862,40.6971,41.1074,12061217.0
2020-09-22,41.1242,41.903,41.0907,41.5848,9164751.0
2020-09-23,41.6434,41.8025,40.337,40.3705,11216810.0
2020-09-24,40.3705,41.1158,39.8262,40.7809,13378489.0
2020-09-25,40.3622,40.8311,40.1779,40.7976,10163257.0
2020-09-28,41.2665,41.6266,41.1493,41.2665,8184148.0
2020-09-29,41.3587,41.501,40.9567,40.9651,8038292.0
2020-09-30,41.2582,41.5513,40.94,41.3419,8195561.0
2020-10-01,41.4005,41.5848,40.6887,41.1828,13699710.0
2020-10-02,40.8311,41.5178,40.6553,41.3335,9241555.0
2020-10-05,41.3922,41.4926,41.1326,41.3503,6894660.0
2020-10-06,41.4926,41.6434,40.8897,40.9818,6741167.0
2020-10-07,41.0488,41.6685,40.9902,41.501,6833364.0
2020-10-08,41.6266,42.3217,41.4759,42.2547,8688832.0
2020-10-09,42.4305,42.8995,42.3719,42.5478,8014894.0
2020-10-12,42.5729,43.1507,42.5645,42.7822,7626362.0
2020-10-13,42.6985,42.6985,41.7857,42.0537,9810952.0
2020-10-14,41.9113,42.2798,41.5764,41.97,8286245.0
2020-10-15,41.367,41.9783,41.2833,41.8611,7606094.0
2020-10-16,41.8611,42.1626,41.7606,41.8946,9957547.0
2020-10-19,41.8946,42.2714,41.4173,41.5513,6878803.0
2020-10-20,41.7774,42.3886,41.6936,42.0788,8736134.0
2020-10-21,41.8527,42.2295,41.6769,41.8611,9215612.0
2020-10-22,42.8492,42.8743,42.1877,42.4389,16384119.0
2020-10-23,42.7069,42.8576,42.2547,42.3049,10645686.0
2020-10-26,42.1542,42.2965,41.1996,41.702,11145496.0
2020-10-27,41.7104,42.1123,41.4926,41.7857,9591343.0
2020-10-28,41.0321,41.1577,40.0105,40.1612,14054586.0
2020-10-29,39.9686,40.5966,39.6085,40.2114,10588374.0
2020-10-30,40.0356,40.3035,39.6588,40.2449,10585831.0
2020-11-02,40.8227,40.9902,40.3957,40.7139,8668674.0
2020-11-03,41.2163,41.836,41.0321,41.3252,11139312.0
2020-11-04,41.3754,42.0453,41.0991,41.1744,8348203.0
2020-11-05,41.6685,42.0453,41.3168,41.4005,8186938.0
2020-11-06,41.5764,41.8611,41.2414,41.4089,6513522.0
2020-11-09,43.7452,44.5994,43.6029,44.0216,26342088.0
2020-11-10,44.0216,45.4535,43.9211,45.2023,20062626.0
2020-11-11,45.1604,45.4702,44.658,44.8673,11503843.0
2020-11-12,44.4235,44.5575,44.0467,44.39,11046127.0
2020-11-13,44.591,44.8003,44.2895,44.7585,7296944.0
2020-11-16,45.6377,45.7382,44.6161,45.0934,11321081.0
2020-11-17,44.9343,45.0097,44.3984,44.9511,8669820.0
2020-11-18,45.0013,45.2358,44.0216,44.0551,10850962.0
2020-11-19,43.9546,44.5742,43.5024,44.4905,13005732.0
2020-11-20,44.5407,44.591,44.0383,44.1053,11356860.0
2020-11-23,44.3398,44.524,43.7117,44.1137,9653743.0
2020-11-24,44.4989,44.8757,44.3984,44.5659,9430870.0
2020-11-25,44.4403,44.6161,44.2058,44.323,7261889.0
2020-11-27,44.4764,44.544,44.0545,44.1304,6085143.0
2020-11-30,43.9616,44.046,43.1092,43.5481,15863131.0
2020-12-01,44.0038,44.1642,43.7,43.9194,11026521.0
2020-12-02,43.7928,43.9954,43.5734,43.9785,10527429.0
2020-12-03,43.8013,44.679,43.8013,44.544,11245191.0
2020-12-04,44.544,45.4639,44.5271,45.447,11345728.0
2020-12-07,45.2698,45.3626,44.4764,44.7212,7286549.0
2020-12-08,44.679,45.1347,44.544,44.8815,7200358.0
2020-12-09,45.0419,45.236,44.7296,45.0081,6891572.0
2020-12-10,45.0672,45.16,44.7127,44.7718,5775701.0
2020-12-11,44.5608,45.1854,44.544,45.025,6973752.0
2020-12-14,45.2782,45.4385,44.8815,44.9575,11959828.0
2020-12-15,45.5314,45.7593,45.2276,45.4385,11009661.0
2020-12-16,45.236,45.4048,44.679,44.7803,9739518.0
2020-12-17,44.9828,45.3288,44.8562,44.9575,8013049.0
2020-12-18,44.7971,45.4385,44.4089,45.3542,14749507.0
2020-12-21,44.4596,44.7296,43.8688,44.5693,9004687.0
2020-12-22,44.5693,44.8815,44.2148,44.5271,6684671.0
2020-12-23,44.6874,45.0588,44.679,44.7971,5002866.0
2020-12-24,44.7465,45.1938,44.7465,45.101,2168985.0
2020-12-28,45.447,45.9449,45.3457,45.7086,5678488.0
2020-12-29,45.9534,45.9871,45.5905,45.6833,5745509.0
2020-12-30,45.6158,46.1053,45.5989,45.9449,5775040.0
2020-12-31,45.9534,46.3585,45.8014,46.2825,5278334.0
2021-01-04,45.8605,46.1053,43.911,44.5271,19068636.0
2021-01-05,44.1642,44.4089,43.911,44.0376,14341295.0
2021-01-06,43.8604,43.9026,42.3497,42.6366,28551021.0
2021-01-07,42.2737,42.4172,41.7927,42.164,44071602.0
2021-01-08,42.2231,43.1514,42.0627,43.1092,22161258.0
2021-01-11,42.721,42.9236,42.1556,42.3666,14867730.0
2021-01-12,42.2315,42.51,41.9952,42.2906,13738145.0
2021-01-13,42.1809,42.5016,42.1556,42.3328,13681716.0
2021-01-14,42.299,42.3497,41.5395,41.5479,24222523.0
2021-01-15,41.4973,41.5057,40.9571,41.1006,18639814.0
2021-01-19,41.1597,41.3876,40.7124,40.9403,20686296.0
2021-01-20,40.9656,41.2019,40.7715,41.0837,17327076.0
2021-01-21,41.1681,41.4298,40.8981,41.3116,15552085.0
2021-01-22,41.1935,41.3032,40.9234,40.9234,10951958.0
2021-01-25,40.8643,41.2188,40.7124,41.1681,11738465.0
2021-01-26,41.2525,41.6914,41.0247,41.5986,9718219.0
2021-01-27,41.261,41.6239,40.704,40.9571,16249158.0
2021-01-28,41.1428,41.7758,41.0247,41.4804,13350862.0
2021-01-29,41.3791,41.4551,40.6027,40.6364,12157828.0
2021-02-01,40.7377,41.0922,40.6618,40.9149,9269783.0
2021-02-02,41.185,41.6492,41.0415,41.32,9632384.0
2021-02-03,41.3116,41.4298,41.0753,41.1597,8366291.0
2021-02-04,41.32,41.4129,41.0584,41.3622,16810437.0
2021-02-05,41.7758,42.0121,41.5817,41.9024,9644249.0
2021-02-08,42.164,42.3412,41.7673,42.1302,14093375.0
2021-02-09,42.1218,42.2146,41.8855,41.9446,10671770.0
2021-02-10,42.5438,42.6873,41.8011,41.8602,17380690.0
2021-02-11,42.0374,42.6957,41.9783,42.4509,19219908.0
2021-02-12,42.6704,42.9151,42.5269,42.7801,10522391.0
2021-02-16,42.721,42.8054,42.3328,42.4256,10746585.0
2021-02-17,42.1978,42.6113,42.0965,42.3075,10125750.0
2021-02-18,42.3075,42.9151,42.2231,42.8476,9830581.0
2021-02-19,42.856,42.8982,42.1724,42.2906,11162607.0
2021-02-22,42.0712,42.9404,41.9193,42.7295,10081155.0
2021-02-23,43.0417,43.4721,42.5522,42.6535,13125827.0
2021-02-24,42.5269,42.9573,42.3075,42.797,11597571.0
2021-02-25,42.5944,42.8307,42.1809,42.3412,11038505.0
2021-02-26,42.3666,42.375,41.3369,41.3454,14808223.0
2021-03-01,41.7251,42.5691,41.6914,42.1134,10868888.0
2021-03-02,42.0627,42.6704,41.9446,42.2822,8482959.0
2021-03-03,41.9615,42.6704,41.953,42.1809,11614583.0
2021-03-04,42.4594,43.1177,41.8771,42.1471,17614904.0
2021-03-05,42.24,42.9995,42.1134,42.8645,16133213.0
2021-03-08,43.4384,44.2992,43.1767,43.5818,19668344.0
2021-03-09,43.6409,43.7844,42.9067,42.9236,18096761.0
2021-03-10,43.1936,43.5734,42.797,43.4131,16374147.0
2021-03-11,43.3915,43.4085,42.8809,42.9404,12042322.0
2021-03-12,43.0426,43.1277,42.7192,42.8553,14020832.0
2021-03-15,42.966,43.5021,42.949,43.4255,10122686.0
2021-03-16,43.5702,43.8425,43.434,43.5872,10024853.0
2021-03-17,43.6127,43.9276,43.5276,43.6042,11752388.0
2021-03-18,43.451,43.5617,42.9575,43.034,14309060.0
2021-03-19,42.9404,43.468,42.6937,43.2383,24523416.0
2021-03-22,42.8298,43.468,42.8213,43.4,11747677.0
2021-03-23,43.3915,43.9531,43.2468,43.7319,12143553.0
2021-03-24,43.5446,44.1573,43.5276,43.8425,11489457.0
2021-03-25,43.9957,44.302,43.5446,44.268,13658092.0
2021-03-26,44.3701,45.1955,44.0467,45.136,13648941.0
2021-03-29,44.8722,45.9019,44.8551,45.8253,12875599.0
2021-03-30,45.7402,45.7742,45.0339,45.2296,11225499.0
2021-03-31,45.1275,45.2466,44.6764,44.8551,10137279.0
2021-04-01,45.0679,45.2296,44.6339,44.685,11584507.0
2021-04-05,44.5488,45.2891,44.4977,44.9402,11152460.0
2021-04-06,45.136,45.6551,45.0168,45.2636,11302520.0
2021-04-07,45.3402,45.5274,45.204,45.3402,5958444.0
2021-04-08,45.2466,45.4253,45.0764,45.204,6466038.0
2021-04-09,45.2466,45.3402,44.9402,45.2551,7609757.0
2021-04-12,45.3828,45.57,45.1785,45.3998,6514619.0
2021-04-13,45.136,45.3487,44.9402,45.1785,7852445.0
2021-04-14,45.1019,45.2636,44.7956,45.17,7295610.0
2021-04-15,45.2211,45.6636,45.204,45.3828,8807033.0
2021-04-16,45.7317,45.7827,45.4168,45.6806,10524960.0
2021-04-19,45.9529,46.2593,45.3572,45.9529,14515322.0
2021-04-20,45.8168,46.455,45.7912,46.0976,11255433.0
2021-04-21,46.1571,46.5826,46.1571,46.472,8649319.0
2021-04-22,46.3529,46.6933,46.2167,46.3273,9323936.0
2021-04-23,46.2933,46.455,46.0976,46.3529,6625922.0
2021-04-26,46.3529,46.3869,45.5955,45.6636,8073672.0
2021-04-27,45.5785,45.6976,45.3742,45.5955,6510912.0
2021-04-28,45.9359,45.9955,45.4679,45.604,7891559.0
2021-04-29,45.5615,46.2593,45.4679,46.1742,11566172.0
2021-04-30,46.2082,46.2082,45.6891,45.9359,8823903.0
2021-05-03,46.1827,46.6337,46.0891,46.3614,7713815.0
2021-05-04,46.438,46.4805,45.9019,46.072,10198320.0
2021-05-05,46.072,46.1571,45.7061,45.9529,7082800.0
2021-05-06,46.004,46.472,45.9955,46.4124,8250784.0
2021-05-07,46.4124,46.6082,46.0891,46.3869,7384122.0
2021-05-10,46.7018,47.2294,46.6592,46.7273,10812514.0
2021-05-11,46.8294,46.923,45.9869,46.2252,10269128.0
2021-05-12,46.2593,46.4295,45.8423,45.9869,12089772.0
2021-05-13,45.8253,46.6167,45.8082,46.3869,11582172.0
2021-05-14,46.7188,46.889,46.5401,46.5741,9009470.0
2021-05-17,46.6677,46.8209,46.3784,46.4975,8153372.0
2021-05-18,46.2848,46.4295,46.038,46.2422,9180880.0
2021-05-19,46.055,46.1061,45.621,46.0976,10825588.0
2021-05-20,46.055,46.6337,46.055,46.506,7866268.0
2021-05-21,46.6337,46.906,46.1401,46.4805,11911161.0
2021-05-24,46.489,46.7443,46.3699,46.6337,6877691.0
2021-05-25,46.6507,46.6507,46.2422,46.6252,9201069.0
2021-05-26,46.7869,46.8464,46.455,46.8294,12095980.0
2021-05-27,46.9826,47.2889,46.6082,47.2209,18454047.0
2021-05-28,47.1017,47.4081,46.9741,47.0507,13097545.0
2021-06-01,47.0932,47.357,46.8805,47.0422,9135927.0
2021-06-02,47.2294,47.2804,47.0251,47.2294,7931876.0
2021-06-03,46.9571,47.4336,46.889,47.3485,9560265.0
2021-06-04,47.5698,48.0633,47.4677,47.8591,11035334.0
2021-06-07,47.9187,47.9442,47.4932,47.6889,6177140.0
2021-06-08,47.7655,47.8676,47.2634,47.357,7458411.0
2021-06-09,47.3996,47.5868,47.2124,47.2124,6389790.0
2021-06-10,47.5783,47.757,47.4506,47.5783,7404164.0
2021-06-11,47.6624,47.8339,47.3538,47.791,8548912.0
2021-06-14,47.7482,47.7653,47.328,47.6281,6919494.0
2021-06-15,47.8253,47.8339,47.3195,47.5081,7092037.0
2021-06-16,47.5081,47.551,46.8479,46.8736,10797968.0
2021-06-17,46.8736,47.2852,46.8479,47.1137,7916252.0
2021-06-18,46.7364,46.8307,46.0677,46.102,20172027.0
2021-06-21,46.4878,46.6678,46.2992,46.6078,10409090.0
2021-06-22,46.5907,47.0279,46.5135,46.7793,9431830.0
2021-06-23,46.7622,46.8136,46.3935,46.4021,9423491.0
2021-06-24,46.5221,46.6593,46.2992,46.6335,8572031.0
2021-06-25,46.5135,46.7021,46.3077,46.5735,8129230.0
2021-06-28,46.5135,46.6164,46.2992,46.5221,7592903.0
2021-06-29,46.4106,46.5907,46.0591,46.1791,10324073.0
2021-06-30,46.1277,46.4535,46.0848,46.3935,10807853.0
2021-07-01,46.5907,46.7107,46.1706,46.2649,10208563.0
2021-07-02,46.3077,46.685,46.2992,46.4535,7782604.0
2021-07-06,46.2906,46.3763,45.9133,46.1963,11491933.0
2021-07-07,46.0591,46.625,46.0591,46.5735,6757043.0
2021-07-08,46.3077,46.4449,46.0677,46.4106,8143595.0
2021-07-09,46.5135,46.745,46.4535,46.6936,6120237.0
2021-07-12,46.5735,46.8136,46.5307,46.7107,8192289.0
2021-07-13,47.1137,47.4138,46.9422,47.1737,11565810.0
2021-07-14,47.1737,48.314,47.1223,48.2369,17078602.0
2021-07-15,48.2197,48.4169,47.9368,48.3912,10935075.0
2021-07-16,48.3998,48.597,48.2369,48.3569,11027320.0
2021-07-19,48.0825,48.314,47.2937,47.7825,13903185.0
2021-07-20,47.7653,48.2969,47.6024,47.8682,11220961.0
2021-07-21,49.1371,49.3515,48.3741,48.4855,16669353.0
2021-07-22,48.5455,48.6484,48.0568,48.4169,11306244.0
2021-07-23,48.5198,49.1543,48.3998,48.8799,8714835.0
2021-07-26,48.777,48.9742,48.4941,48.9228,5972914.0
2021-07-27,48.9571,49.3343,48.8027,49.0943,9893921.0
2021-07-28,48.8628,49.0085,48.5455,48.6484,6784818.0
2021-07-29,48.9314,49.0857,48.7513,48.9142,5514947.0
2021-07-30,48.9999,49.0857,48.7856,48.8971,5940033.0
2021-08-02,49.0428,49.0771,48.6141,48.7685,6270269.0
2021-08-03,48.8713,48.8713,48.6484,48.8027,5471205.0
2021-08-04,48.6055,48.8285,48.0225,48.0997,9057532.0
2021-08-05,48.3912,48.5198,48.2626,48.4426,6389488.0
2021-08-06,48.5284,48.6484,48.3912,48.5627,7364735.0
2021-08-09,48.6999,48.7685,48.3826,48.5713,6129883.0
2021-08-10,48.7342,49.0171,48.5713,48.6999,7040961.0
2021-08-11,48.8199,49.0257,48.6227,48.6398,6082964.0
2021-08-12,48.6398,48.8542,48.6398,48.7342,4231404.0
2021-08-13,48.7084,49.1286,48.6741,49.0685,5767541.0
2021-08-16,49.0085,49.2915,48.8971,49.2829,5716268.0
2021-08-17,49.2657,49.3515,48.8799,49.1114,7281934.0
2021-08-18,49.0342,49.0685,48.3741,48.4426,10812044.0
2021-08-19,48.0568,48.8542,47.9711,48.7513,6864524.0
2021-08-20,48.7342,48.8971,48.5112,48.5627,8048969.0
2021-08-23,48.5884,48.657,48.3398,48.3912,6646358.0
2021-08-24,48.5627,48.5627,47.9282,48.0225,9125036.0
2021-08-25,48.0654,48.1597,47.7825,48.074,8898798.0
2021-08-26,47.9711,47.9968,47.5938,47.6195,8250405.0
2021-08-27,47.7224,47.8339,47.5424,47.7139,6600146.0
2021-08-30,47.8082,48.1854,47.7053,48.1683,7685078.0
2021-08-31,48.1511,48.4598,48.0139,48.2797,7635407.0
2021-09-01,48.3398,48.6999,48.254,48.6055,7034345.0
2021-09-02,48.6741,48.8971,48.3655,48.6741,8455062.0
2021-09-03,48.4083,48.6741,48.2197,48.6398,8151114.0
2021-09-07,48.5284,48.6055,47.5938,47.731,11489108.0
2021-09-08,47.6796,48.4255,47.6796,48.3741,8759681.0
2021-09-09,48.1683,48.3741,47.8425,47.8939,8233163.0
2021-09-10,48.0225,48.1254,47.5938,47.6796,8142513.0
2021-09-13,47.7889,48.359,47.7889,48.074,12225406.0
2021-09-14,48.3072,48.359,47.9876,48.1085,10342221.0
2021-09-15,48.0999,48.3763,47.8753,48.2727,9486503.0
2021-09-16,48.1344,48.3677,47.357,47.8148,12637256.0
2021-09-17,47.5297,47.6852,46.9682,47.0287,17819597.0
2021-09-20,46.6486,46.9941,46.4067,46.7004,14893994.0
2021-09-21,46.9855,47.357,46.5968,46.6918,9561613.0
2021-09-22,47.0892,47.1324,46.7004,46.7609,7707534.0
2021-09-23,46.8732,47.1842,46.6486,46.6831,9233424.0
2021-09-24,46.6486,46.8559,46.5277,46.5536,7290993.0
2021-09-27,46.519,46.8646,46.2771,46.3117,9081038.0
2021-09-28,46.1821,46.1821,45.2923,45.4737,15213722.0
2021-09-29,45.4737,45.9229,45.4046,45.7502,10147270.0
2021-09-30,45.9316,46.0698,45.3096,45.3269,12721161.0
2021-10-01,45.5947,45.9575,45.4133,45.802,12616124.0
2021-10-04,45.8366,46.2426,45.2664,45.7761,14932022.0
2021-10-05,45.802,46.1907,45.7243,45.8538,13595634.0
2021-10-06,45.586,46.4499,45.3614,46.3981,13201601.0
2021-10-07,46.64,46.8905,46.4845,46.5449,10079341.0
2021-10-08,46.6486,46.9855,46.5536,46.7523,10179308.0
2021-10-11,46.83,46.9855,46.6572,46.8473,9908373.0
2021-10-12,47.0114,47.3656,46.8386,46.8473,12385650.0
2021-10-13,46.7954,47.0201,46.4672,46.8559,9052920.0
2021-10-14,46.9855,47.3483,46.9164,47.1755,8538239.0
2021-10-15,47.2015,47.4088,46.8905,47.0632,12922628.0
2021-10-18,46.9509,46.9855,46.5277,46.5968,10573808.0
2021-10-19,46.5708,46.8214,46.4499,46.7782,9064942.0
2021-10-20,46.8041,47.3051,46.7436,47.1928,8912573.0
2021-10-21,47.1669,47.2274,46.83,46.9509,10502659.0
2021-10-22,46.9855,47.1064,46.7091,47.0373,10081716.0
2021-10-25,46.9769,47.0546,46.6572,46.8473,9403813.0
2021-10-26,46.925,47.1496,46.8473,47.0546,9756586.0
2021-10-27,48.3504,48.4454,47.7371,47.9617,17576618.0
2021-10-28,48.1258,48.4713,48.048,48.4109,12901156.0
2021-10-29,48.264,48.7823,48.1863,48.6959,18090528.0
2021-11-01,48.7132,48.7219,48.2899,48.5232,8977341.0
2021-11-02,48.7823,48.8082,48.3418,48.4627,8474835.0
2021-11-03,48.3763,48.6614,48.1776,48.6268,8476741.0
2021-11-04,48.4713,48.9206,48.4022,48.8946,8276836.0
2021-11-05,49.102,49.3784,48.886,49.102,9879091.0
2021-11-08,49.0242,49.1452,48.4886,48.6614,6917423.0
2021-11-09,48.7305,48.8255,48.4541,48.7996,6834017.0
2021-11-10,48.8428,49.1711,48.6268,48.9983,6730115.0
2021-11-11,49.1106,49.1365,48.8687,49.0156,5813687.0
2021-11-12,49.0242,49.2315,48.8428,48.9033,6267682.0
2021-11-15,48.8342,48.9637,48.6096,48.9119,6834625.0
2021-11-16,48.9119,49.1883,48.5318,48.5664,8328679.0
2021-11-17,48.4109,48.4195,48.074,48.2986,8423646.0
2021-11-18,48.2295,48.3158,47.6334,47.8666,10201528.0
2021-11-19,47.8926,47.9357,47.4261,47.6248,10924634.0
2021-11-22,47.5988,48.3936,47.5816,47.9185,12196431.0
2021-11-23,48.0826,48.4713,47.9444,48.2727,9291479.0
2021-11-24,48.1258,48.2381,47.5384,47.8839,9837904.0
2021-11-26,47.1583,47.2965,46.2858,46.4153,11475029.0
2021-11-29,46.6882,47.2802,46.5838,47.1496,14163133.0
2021-11-30,46.6621,46.6882,45.6523,45.661,18334252.0
2021-12-01,46.1224,46.5925,45.513,45.5304,14984039.0
2021-12-02,45.7916,46.4358,45.7045,46.2007,12006168.0
2021-12-03,46.4271,46.6708,46.1224,46.6099,15663806.0
2021-12-06,47.2802,48.0985,47.1322,47.8026,16916127.0
2021-12-07,47.8983,48.2465,47.7503,48.0637,16828947.0
2021-12-08,47.9854,48.1856,47.3237,47.8809,12078640.0
2021-12-09,47.6633,47.9941,47.5153,47.759,9462082.0
2021-12-10,48.0985,49.03,47.9418,48.9952,15589644.0
2021-12-13,49.6046,50.4317,49.5785,50.2837,23587540.0
2021-12-14,49.9703,50.6406,49.9703,50.3185,16653500.0
2021-12-15,50.4317,50.7102,50.1879,50.5448,20219241.0
2021-12-16,50.4752,51.2587,50.4055,51.0585,18571601.0
2021-12-17,50.9192,51.2935,50.2314,50.2575,22632306.0
2021-12-20,49.7961,50.3011,49.622,50.0921,15742380.0
2021-12-21,50.1531,50.4665,50.0834,50.2924,11850148.0
2021-12-22,50.2401,50.658,50.0486,50.6493,8481099.0
2021-12-23,50.9453,51.0236,50.4404,50.6841,7512269.0
2021-12-27,50.4926,51.0933,50.4926,51.0585,7049863.0
2021-12-28,50.8408,51.3109,50.7538,51.2587,7072804.0
2021-12-29,51.3196,51.4502,51.0672,51.3196,7328449.0
2021-12-30,51.4154,51.5634,51.1542,51.1716,5328654.0
2021-12-31,51.1455,51.6678,51.0933,51.546,6467929.0
2022-01-03,51.2065,51.633,50.8147,51.6243,14358928.0
2022-01-04,51.9987,52.7038,51.8768,52.4862,20117167.0
2022-01-05,52.3121,53.2784,52.2772,52.9215,15339735.0
2022-01-06,52.6429,53.2087,52.6081,52.6429,12931346.0
2022-01-07,52.4775,52.8605,52.2859,52.521,9006045.0
2022-01-10,52.7125,52.9476,52.3904,52.6081,12940808.0
2022-01-11,52.6081,52.6603,52.0944,52.6255,13251210.0
2022-01-12,52.6951,52.8344,52.3991,52.7038,10147783.0
2022-01-13,52.7038,53.1391,52.5645,53.0172,9971764.0
2022-01-14,53.052,53.496,52.5471,53.4438,11206982.0
2022-01-18,53.1565,53.2697,52.6255,53.0172,14533454.0
2022-01-19,52.8083,53.261,52.7125,53.1043,12889155.0
2022-01-20,53.1043,53.4873,52.8605,52.8866,18460926.0
2022-01-21,53.1739,53.3654,52.5732,52.6255,21453697.0
2022-01-24,52.1467,52.5384,50.9888,52.1989,22129242.0
2022-01-25,51.6504,52.2772,51.0933,52.077,13682007.0
2022-01-26,52.0509,52.5384,51.546,51.8855,14297269.0
2022-01-27,52.1292,53.0433,51.7984,51.929,14393472.0
2022-01-28,51.7027,53.0085,51.3109,52.965,14574203.0
2022-01-31,52.4949,53.2262,52.3643,53.113,14190472.0
2022-02-01,53.0259,53.2262,52.373,52.7212,15412412.0
2022-02-02,52.7735,53.3393,52.7212,53.261,15294614.0
2022-02-03,53.052,53.7833,52.7386,53.6353,16078056.0
2022-02-04,53.5309,53.6963,52.7299,53.0695,13195542.0
2022-02-07,53.3567,53.7311,52.9824,53.6266,13803746.0
2022-02-08,53.8268,54.2621,53.7485,53.9748,15351751.0
2022-02-09,54.1228,54.2534,53.0172,53.1391,19129533.0
2022-02-10,52.5471,54.236,52.4078,53.4351,17015224.0
2022-02-11,53.7746,53.9574,52.3643,52.4862,14725014.0
2022-02-14,52.373,52.9215,51.6069,52.8257,16299241.0
2022-02-15,53.0695,53.7833,52.7822,53.0259,9962825.0
2022-02-16,52.9824,53.4525,52.7125,53.0172,9041109.0
2022-02-17,52.7125,54.2186,52.5819,54.0793,17601769.0
2022-02-18,54.0793,54.6887,53.9661,54.4449,16697949.0
2022-02-22,54.3318,54.532,53.7311,54.2186,15946829.0
2022-02-23,54.1838,54.2621,53.4003,53.6179,14889346.0
2022-02-24,52.2076,52.7735,51.5547,52.6777,20325241.0
2022-02-25,53.052,54.7583,53.0346,54.7148,17007795.0
2022-02-28,53.6701,54.2708,53.4612,54.1838,17570272.0
2022-03-01,54.0967,54.6278,53.5483,53.9487,12344045.0
2022-03-02,54.1751,54.7409,53.7833,54.3492,12600666.0
2022-03-03,54.5059,54.8628,54.2186,54.384,14295054.0
2022-03-04,53.5047,54.4885,53.2784,54.4711,13188150.0
2022-03-07,53.9835,54.0358,52.8605,53.1739,19983350.0
2022-03-08,53.496,53.5744,51.0062,51.0672,25063327.0
2022-03-09,52.077,52.0944,51.0672,51.3283,14255599.0
2022-03-10,50.9105,51.0672,50.0573,50.3881,15696340.0
2022-03-11,50.458,51.2388,50.3703,50.4229,14543038.0
2022-03-14,50.8528,51.7914,50.8528,51.3528,11123163.0
2022-03-15,51.8265,52.5371,51.7388,52.3002,11176041.0
2022-03-16,52.4406,52.5809,51.4054,52.1599,12989459.0
2022-03-17,52.1599,52.7564,51.9581,52.7125,10256920.0
2022-03-18,52.8967,52.9055,52.3704,52.7213,12726897.0
2022-03-21,53.0722,53.5985,52.8441,53.1423,10338352.0
2022-03-22,53.4494,53.4669,52.6774,53.3353,10493346.0
2022-03-23,53.2915,53.4932,52.6248,52.9844,10568069.0
2022-03-24,53.195,53.5283,53.0283,53.4932,7688350.0
2022-03-25,53.616,54.0459,53.5546,53.9757,6233512.0
2022-03-28,53.9757,54.3354,53.695,54.3178,7843549.0
2022-03-29,54.5722,54.8529,54.1599,54.5284,10943756.0
2022-03-30,54.3968,54.5722,53.9933,54.5722,10104906.0
2022-03-31,54.581,54.9494,54.388,54.388,10293895.0
2022-04-01,54.6775,55.2214,54.4582,55.1512,8805735.0
2022-04-04,54.9143,55.081,54.1424,54.8617,7580147.0
2022-04-05,54.7389,55.4758,54.7126,54.8003,12101808.0
2022-04-06,55.0635,55.4933,54.6512,55.353,15146771.0
2022-04-07,55.3793,55.853,55.0108,55.6512,9789208.0
2022-04-08,55.6863,56.1775,55.4056,55.9933,9391977.0
2022-04-11,56.0284,56.4056,55.8179,55.9758,8622473.0
2022-04-12,56.4758,56.853,56.046,56.6337,13202140.0
2022-04-13,56.546,56.9056,56.3442,56.7828,8650247.0
2022-04-14,56.9846,57.5197,56.8618,57.0372,12643758.0
2022-04-18,56.8179,57.1776,56.3004,56.5284,7473824.0
2022-04-19,56.5811,57.239,56.5284,57.0811,7839446.0
2022-04-20,57.4057,58.1074,57.3706,57.8618,10344423.0
2022-04-21,57.8794,58.7741,57.6513,58.0811,10260696.0
2022-04-22,57.9671,58.1952,57.1776,57.239,9924496.0
2022-04-25,58.7741,58.9496,56.8267,57.8443,19491995.0
2022-04-26,57.432,58.2215,57.0548,57.0635,16036231.0
2022-04-27,57.0197,58.1425,57.0197,57.5109,11880704.0
2022-04-28,56.7214,58.1425,56.5811,58.0636,16377415.0
2022-04-29,57.7829,57.9232,56.5723,56.6776,13411060.0
2022-05-02,57.2653,57.2916,54.8968,55.6512,18745709.0
2022-05-03,55.8968,56.0898,54.9757,55.3354,14427615.0
2022-05-04,55.2652,57.125,55.2126,57.046,14124776.0
2022-05-05,56.7477,57.046,56.1512,56.5898,14161292.0
2022-05-06,56.3179,57.2916,56.2039,56.7916,14561426.0
2022-05-09,56.5548,57.3443,56.1775,56.6776,14403230.0
2022-05-10,56.5811,57.3004,56.0109,56.1512,14749118.0
2022-05-11,56.4319,57.1951,56.1074,56.4144,14239708.0
2022-05-12,56.2828,56.6074,55.4407,56.5898,16913642.0
2022-05-13,56.853,57.7215,56.2477,57.6513,11032606.0
2022-05-16,57.4057,58.2303,57.4057,57.8618,8920455.0
2022-05-17,57.9846,57.9846,57.0285,57.7039,16038415.0
2022-05-18,57.3881,57.4758,53.4757,53.6862,25087679.0
2022-05-19,53.4757,53.4757,52.3353,52.6336,25848532.0
2022-05-20,53.0634,53.7213,52.3353,53.4932,22648306.0
2022-05-23,54.081,55.353,54.0283,55.1424,14316115.0
2022-05-24,55.16,56.3091,55.0459,56.16,11867077.0
2022-05-25,56.1425,56.5635,55.7916,56.2039,11214777.0
2022-05-26,56.2039,57.1074,56.1074,56.4056,10741190.0
2022-05-27,56.3705,56.8706,56.2653,56.739,10680265.0
2022-05-31,56.2126,56.4232,55.3091,55.5986,15430476.0
2022-06-01,55.6337,55.8617,54.502,55.3266,11353288.0
2022-06-02,55.4231,55.9144,54.4845,55.9056,11093914.0
2022-06-03,55.7653,55.8179,55.0986,55.2389,9096845.0
2022-06-06,55.5547,55.9407,54.967,55.1512,8101509.0
2022-06-07,54.7214,55.5898,54.581,55.4845,7436174.0
2022-06-08,55.2565,55.4494,54.8705,55.1687,6345052.0
2022-06-09,55.1512,55.5723,54.195,54.2126,7916909.0
2022-06-10,53.5196,54.2915,53.0371,53.8704,9283226.0
2022-06-13,53.2877,54.6573,53.217,53.809,18260071.0
2022-06-14,53.6588,53.8002,51.821,52.3335,16241214.0
2022-06-15,53.0138,53.5793,52.1038,52.7223,13824647.0
2022-06-16,51.8122,52.5897,51.4676,52.1921,11454811.0
2022-06-17,52.7488,53.1287,52.2451,52.5102,18738845.0
2022-06-21,52.5632,53.7914,52.1391,53.6323,10847655.0
2022-06-22,53.544,54.295,53.2877,54.0299,10859347.0
2022-06-23,54.1625,54.7014,54.0918,54.6749,13027143.0
2022-06-24,54.8781,55.7175,54.8781,55.6999,10004970.0
2022-06-27,55.6468,55.9208,55.3376,55.585,8398282.0
2022-06-28,55.7352,56.336,54.8693,55.0284,9138997.0
2022-06-29,55.2581,55.7617,55.1609,55.426,8831870.0
2022-06-30,55.0637,55.7705,54.9223,55.585,9878149.0
2022-07-01,55.7705,56.9457,55.5055,56.8838,10672232.0
2022-07-05,56.7071,56.7071,55.1432,55.9119,9066642.0
2022-07-06,56.1947,56.6276,55.8324,56.0268,9597449.0
2022-07-07,55.8942,56.177,55.3995,55.585,10562116.0
2022-07-08,55.691,56.0356,55.5585,55.7882,7944515.0
2022-07-11,55.6557,56.071,55.2934,55.6115,6680195.0
2022-07-12,55.6645,56.0621,55.1962,55.3729,8634906.0
2022-07-13,55.0725,55.6645,54.7633,55.1167,9536748.0
2022-07-14,54.189,55.0018,54.1625,54.94,8739541.0
2022-07-15,55.4436,55.638,54.8428,55.2227,7835780.0
2022-07-18,55.2404,55.2758,54.348,54.4717,7227467.0
2022-07-19,54.8605,55.3553,54.7103,55.2492,7268903.0
2022-07-20,55.1344,55.2934,54.0211,54.3392,7495747.0
2022-07-21,54.1271,54.6749,53.7118,54.2155,8814485.0
2022-07-22,54.2331,54.6661,54.1801,54.4187,8069189.0
2022-07-25,54.3834,55.046,54.1713,54.9488,10645485.0
2022-07-26,55.4436,56.3714,55.2492,55.8501,14976187.0
2022-07-27,55.5585,55.8324,54.5866,55.6734,8546298.0
2022-07-28,55.5938,56.769,55.5673,56.6011,7916928.0
2022-07-29,56.2919,56.8043,56.2212,56.6983,7641925.0
2022-08-01,56.6276,57.467,56.5746,57.0075,7890206.0
2022-08-02,57.0694,57.0782,56.0445,56.23,8205821.0
2022-08-03,56.1505,56.6364,55.9384,56.4774,7045662.0
2022-08-04,56.23,56.3095,55.5938,56.2565,7919363.0
2022-08-05,56.2212,56.2212,55.3729,56.0003,7477640.0
2022-08-08,56.1063,56.3802,55.4436,55.638,5157312.0
2022-08-09,55.8236,55.9384,55.532,55.7087,4996068.0
2022-08-10,56.2212,56.3625,55.7529,56.2388,6276044.0
2022-08-11,56.2742,56.5392,55.7352,55.8589,5458747.0
2022-08-12,56.0445,56.336,55.744,56.283,5223651.0
2022-08-15,56.23,57.1577,56.1682,56.9899,5899971.0
2022-08-16,57.0517,57.6349,56.8397,57.4582,5754306.0
2022-08-17,57.2814,57.626,57.2196,57.3256,5864537.0
2022-08-18,57.3963,57.7409,57.1754,57.626,3785212.0
2022-08-19,57.6084,57.8469,57.3963,57.5819,5380853.0
2022-08-22,57.2903,57.361,56.5392,56.7248,6617014.0
2022-08-23,56.389,56.875,56.2653,56.7866,6197639.0
2022-08-24,56.7601,57.0606,56.5923,56.8662,4471689.0
2022-08-25,56.8662,57.1754,56.4597,57.1401,5074918.0
2022-08-26,57.1931,57.2549,55.6468,55.7617,6716900.0
2022-08-29,55.3906,55.691,55.1432,55.426,6263197.0
2022-08-30,55.585,55.585,54.7721,54.9135,5662130.0
2022-08-31,55.1167,55.2492,54.5159,54.5247,7027487.0
2022-09-01,54.4099,54.8163,54.1536,54.781,9786214.0
2022-09-02,55.1255,55.4613,53.8002,54.0299,7506547.0
2022-09-06,54.1536,54.7545,53.8886,54.0564,7932041.0
2022-09-07,54.1801,55.2139,54.1801,55.0549,8587909.0
2022-09-08,54.8516,55.046,54.1978,54.887,8201998.0
2022-09-09,54.9312,55.5585,54.6484,55.0637,7040183.0
2022-09-12,55.1609,55.4966,55.0195,55.2227,6762253.0
2022-09-13,54.9577,54.9753,53.2612,53.4291,10088420.0
2022-09-14,53.5783,53.9699,53.4003,53.7118,8818152.0
2022-09-15,53.7563,53.7563,52.8307,52.982,7627844.0
2022-09-16,53.0799,53.2223,52.6082,52.9909,11054798.0
2022-09-19,52.8574,53.4893,52.7061,53.3914,9120331.0
2022-09-20,53.1155,53.427,52.7862,53.3113,8062606.0
2022-09-21,53.5249,54.0233,52.8574,52.8663,10094954.0
2022-09-22,52.9998,53.16,52.6883,52.7417,8542149.0
2022-09-23,52.4747,52.5993,51.6203,52.1543,9439644.0
2022-09-26,52.0564,52.1276,51.3355,51.5046,11149693.0
2022-09-27,51.6915,51.9496,50.1162,50.1785,16021798.0
2022-09-28,50.4277,50.9528,49.7602,50.7125,15691472.0
2022-09-29,50.8104,50.9884,49.8403,50.3476,10260936.0
2022-09-30,50.4722,50.846,49.8403,49.8581,9538685.0
2022-10-03,50.1607,50.5968,49.8937,50.4188,10469232.0
2022-10-04,50.6858,51.4512,50.2497,50.5345,13763933.0
2022-10-05,50.2853,50.4188,49.4042,50.0539,10859614.0
2022-10-06,49.8403,49.9293,48.8346,48.977,12673816.0
2022-10-07,48.9414,49.0304,48.2828,48.5142,7704282.0
2022-10-10,48.5943,48.9147,48.0692,48.4074,7995220.0
2022-10-11,48.4697,49.1461,48.2739,48.4875,9995556.0
2022-10-12,49.155,49.8759,48.9859,49.0749,13483367.0
2022-10-13,48.4875,49.9115,48.2917,49.7246,9512062.0
2022-10-14,50.0984,50.2586,48.8969,48.9325,11895133.0
2022-10-17,49.511,50.0361,49.4576,49.5644,9504720.0
2022-10-18,50.1162,50.5345,49.9293,50.2319,7960738.0
2022-10-19,50.1162,50.3209,49.6,49.8047,6566356.0
2022-10-20,49.6356,49.7691,48.9147,49.0215,11783968.0
2022-10-21,48.9503,49.9382,48.9325,49.8047,11008139.0
2022-10-24,50.4099,51.38,50.3476,51.2376,12617481.0
2022-10-25,52.5459,52.6082,51.3978,52.4658,21560436.0
2022-10-26,52.5192,53.2045,52.3857,52.8574,12211545.0
2022-10-27,53.1956,53.2579,52.8396,52.982,10516711.0
2022-10-28,53.0176,54.2102,52.9286,54.0767,8795414.0
2022-10-31,53.8542,53.9076,53.1066,53.2668,7775529.0
2022-11-01,53.427,53.6584,52.8396,53.0799,6759474.0
2022-11-02,53.0799,53.605,52.3056,52.3412,9803371.0
2022-11-03,51.7182,52.5103,51.7093,52.3145,6336605.0
2022-11-04,52.7773,53.0354,52.1187,52.7417,7010919.0
2022-11-07,52.7417,53.1956,52.7239,52.9464,5594511.0
2022-11-08,53.1778,53.2134,52.4569,53.0443,6915267.0
2022-11-09,53.0354,53.0799,52.2878,52.3056,5878496.0
2022-11-10,53.6228,54.3259,53.1155,54.1835,11729526.0
2022-11-11,54.6197,54.6909,53.5872,54.5752,14551260.0
2022-11-14,54.5752,54.9312,54.0322,54.05,10430947.0
2022-11-15,54.406,54.6909,53.4003,53.961,9189034.0
2022-11-16,54.1034,54.317,53.6495,53.8631,9239058.0
2022-11-17,53.5694,54.0589,53.516,54.0322,6542238.0
2022-11-18,54.2814,54.6197,54.1123,54.4149,7121585.0
2022-11-21,54.6553,55.3673,54.4684,55.2516,7910050.0
2022-11-22,55.5987,55.6254,55.2249,55.4919,5558040.0
2022-11-23,55.6165,55.8835,55.4474,55.7411,4750736.0
2022-11-25,55.8301,55.9013,55.5186,55.7945,2852120.0
2022-11-28,55.7945,56.1594,55.6788,55.8034,6912654.0
2022-11-29,55.6434,55.6882,55.1594,55.6076,6072015.0
2022-11-30,55.5807,57.0775,55.3476,57.0148,11895414.0
2022-12-01,57.0148,57.4629,56.8534,57.1761,8029690.0
2022-12-02,57.0148,57.8304,56.8265,57.6781,7025049.0
2022-12-05,56.8355,57.1851,56.7011,56.8893,6362415.0
2022-12-06,56.9341,57.2568,56.6652,56.8624,6494374.0
2022-12-07,56.8714,57.1134,56.6921,56.952,6495613.0
2022-12-08,57.0058,57.2299,56.7728,57.194,6927874.0
2022-12-09,57.0148,57.2209,56.5487,56.5935,9004881.0
2022-12-12,56.7369,57.3733,56.477,57.3375,7208507.0
2022-12-13,57.8932,57.9918,57.1851,57.3554,10168009.0
2022-12-14,57.5346,57.9469,56.9789,57.3554,7924423.0
2022-12-15,57.0417,57.2657,56.0109,56.5666,7350789.0
2022-12-16,56.2439,56.5935,55.8585,56.2439,11866519.0
2022-12-19,56.3156,56.8355,55.993,56.3246,6730898.0
2022-12-20,56.3067,56.6025,56.2439,56.2798,5730062.0
2022-12-21,56.5308,57.4092,56.5308,57.1851,6538626.0
2022-12-22,56.8445,56.9968,56.1453,56.7728,6198876.0
2022-12-23,56.9162,57.2478,56.6473,57.203,4362856.0
2022-12-27,57.3016,57.6243,57.1044,57.5526,4898440.0
2022-12-28,57.7766,57.9469,56.8983,56.9789,4513962.0
2022-12-29,57.2209,57.4988,57.0954,57.3195,5287896.0
2022-12-30,57.2926,57.2926,56.6204,57.0148,4495664.0
2023-01-03,56.97,56.97,55.7241,56.4232,7918707.0
2023-01-04,56.6025,56.7638,56.0288,56.3963,8204299.0
2023-01-05,56.1095,56.2888,55.6434,55.751,5795432.0
2023-01-06,56.3874,57.0686,56.0916,56.8265,6662080.0
2023-01-09,56.7728,57.1134,56.0826,56.1185,6240256.0
2023-01-10,56.1095,56.226,55.5,55.6882,6614489.0
2023-01-11,55.9123,56.0736,55.0429,55.5807,6660086.0
2023-01-12,55.6703,55.733,54.6485,54.8636,8963919.0
2023-01-13,54.4065,55.0877,54.2989,55.0608,9475017.0
2023-01-17,55.3297,55.9123,55.1773,55.2849,11151171.0
2023-01-18,55.1325,55.2221,53.4922,53.6088,11223568.0
2023-01-19,53.5819,54.3527,53.5102,53.5281,10159251.0
2023-01-20,53.5281,53.8597,53.2413,53.8508,9000606.0
2023-01-23,54.03,54.29,53.8239,53.9852,8560372.0
2023-01-24,53.8328,56.7011,53.5998,54.272,7132701.0
2023-01-25,53.9583,54.6216,53.6715,54.6126,7881410.0
2023-01-26,54.5051,54.765,54.29,54.5051,8688910.0
2023-01-27,54.532,54.6395,54.1107,54.2183,9431769.0
2023-01-30,54.2631,54.8278,54.1914,54.3527,10986739.0
2023-01-31,54.6575,54.9801,54.2362,54.9622,6818808.0
2023-02-01,54.8009,55.1953,54.3348,54.9712,9379260.0
2023-02-02,54.4961,54.6933,53.6984,54.03,11445113.0
2023-02-03,54.0928,54.1555,53.0889,53.6267,10545420.0
2023-02-06,53.5908,54.0838,53.5281,53.9314,7441527.0
2023-02-07,53.4833,53.9942,53.3578,53.8418,10924421.0
2023-02-08,53.7074,53.7611,53.4116,53.5281,7218544.0
2023-02-09,53.8418,54.0659,53.4116,53.4385,8664296.0
2023-02-10,53.5281,53.6894,52.7752,53.4385,10551893.0
2023-02-13,53.6894,54.4603,53.5371,54.3169,11947276.0
2023-02-14,53.9673,54.5858,53.3847,53.4116,15137364.0
2023-02-15,53.6894,53.7163,53.0799,53.4116,9498182.0
2023-02-16,53.0889,53.6177,52.8379,53.0799,10197600.0
2023-02-17,53.3309,53.9852,53.2234,53.8866,11625389.0
2023-02-21,53.7701,53.9852,53.5281,53.5998,9272503.0
2023-02-22,53.6446,54.1017,53.555,53.7611,8203477.0
2023-02-23,53.788,54.1555,53.6088,53.8597,7314528.0
2023-02-24,53.4922,53.6984,53.2234,53.6357,5798469.0
2023-02-27,53.9404,54.048,53.546,53.6177,6250072.0
2023-02-28,53.5102,53.5102,53.0082,53.3399,7730930.0
2023-03-01,52.9724,53.0441,52.3181,52.7573,9835295.0
2023-03-02,52.7393,53.5819,52.6497,53.5281,7226895.0
2023-03-03,53.3757,53.4922,53.062,53.2771,8878165.0
2023-03-06,53.1158,54.1197,53.071,54.1017,10871649.0
2023-03-07,54.2183,54.29,53.555,53.788,10187016.0
2023-03-08,53.8149,54.0749,53.5281,53.8149,8309253.0
2023-03-09,54.2631,54.2631,53.1248,53.2951,7374731.0
2023-03-10,53.5102,53.9046,52.8738,53.071,8731545.0
2023-03-13,53.1427,54.5589,53.1068,53.6088,14830243.0
2023-03-14,53.7791,54.1914,53.1965,53.806,11864071.0
2023-03-15,53.2613,54.2096,53.0897,54.1645,11781395.0
2023-03-16,54.2729,54.4987,53.9206,54.4625,9406772.0
2023-03-17,54.4716,54.5077,53.8574,54.2096,12302398.0
2023-03-20,54.3361,54.7335,54.1645,54.7335,8432517.0
2023-03-21,54.7064,54.869,54.0832,54.4806,8626840.0
2023-03-22,54.5529,54.9774,54.2187,54.2367,7408845.0
2023-03-23,54.2729,54.5438,53.9387,54.1193,7768656.0
2023-03-24,54.3813,55.1128,54.1103,55.0045,8272258.0
2023-03-27,55.2212,55.5283,55.0496,55.4109,6991066.0
2023-03-28,55.447,55.7631,55.3386,55.4741,5576542.0
2023-03-29,55.7451,55.9528,55.6277,55.8715,5922764.0
2023-03-30,55.8896,56.0793,55.6909,55.8625,5374325.0
2023-03-31,56.0341,56.2238,55.8806,56.0251,7280396.0
2023-04-03,56.2689,56.4676,55.8715,56.3592,7757120.0
2023-04-04,56.3502,56.6663,56.0612,56.1876,6252903.0
2023-04-05,56.4767,56.9192,56.4496,56.7205,7880966.0
2023-04-06,56.7747,56.9373,56.3412,56.7566,5762684.0
2023-04-10,56.4405,56.6212,56.016,56.6212,5331772.0
2023-04-11,56.585,56.6392,56.3592,56.5218,7033252.0
2023-04-12,56.4315,56.9283,56.278,56.6212,5919270.0
2023-04-13,56.6754,57.0457,56.4315,57.0366,5621618.0
2023-04-14,56.9463,57.0366,56.6934,56.9463,5293990.0
2023-04-17,57.1902,57.3799,57.0276,57.3166,5548690.0
2023-04-18,57.3618,57.4431,57.0728,57.4069,5682863.0
2023-04-19,57.5605,57.6508,57.2805,57.5153,6779148.0
2023-04-20,57.4702,57.8044,57.2986,57.7682,6390124.0
2023-04-21,57.8044,58.0482,57.6237,57.8495,8557507.0
2023-04-24,58.4817,58.6985,57.4611,57.7592,11410475.0
2023-04-25,57.9579,57.9579,57.4702,57.6689,8437063.0
2023-04-26,57.4069,57.5966,57.2534,57.3979,7213506.0
2023-04-27,57.3799,57.5876,57.0005,57.5153,8931744.0
2023-04-28,57.4521,57.9489,57.3347,57.9398,9200923.0
2023-05-01,57.9127,58.4276,57.8585,58.0753,5836434.0
2023-05-02,57.9308,57.9308,57.145,57.8134,7970160.0
2023-05-03,57.8224,57.9669,57.425,57.4882,7552286.0
2023-05-04,57.5695,57.7411,57.3618,57.5515,7740594.0
2023-05-05,57.4792,57.994,57.4702,57.8224,6191157.0
2023-05-08,57.6327,57.8585,57.4521,57.7321,4974843.0
2023-05-09,57.4792,57.5786,57.1541,57.2534,5464296.0
2023-05-10,57.1902,57.4792,56.8921,57.3528,6154235.0
2023-05-11,57.425,57.7411,56.9102,57.6779,6184502.0
2023-05-12,57.6779,57.976,57.5334,57.9037,5771390.0
2023-05-15,58.0031,58.0302,57.5424,57.7502,5153197.0
2023-05-16,57.714,57.714,57.0457,57.0999,6125998.0
2023-05-17,57.2624,57.2805,56.6573,57.0366,7280160.0
2023-05-18,56.9102,56.9373,56.5128,56.7205,9162444.0
2023-05-19,56.9373,56.9915,56.5399,56.7476,6441262.0
2023-05-22,56.7115,56.7837,55.4922,55.5554,10130762.0
2023-05-23,55.5554,55.6999,55.2483,55.4561,9048882.0
2023-05-24,55.438,55.4831,54.8419,54.9864,6544534.0
2023-05-25,54.6161,54.8509,54.3271,54.5619,9002364.0
2023-05-26,54.598,54.7696,54.2909,54.4264,7909253.0
2023-05-30,54.2729,54.3722,53.758,53.9929,10419292.0
2023-05-31,54.1193,54.4445,53.6135,53.8845,16571809.0
2023-06-01,54.1374,54.3451,53.9838,54.1916,8255357.0
2023-06-02,54.4354,55.3838,54.2638,55.2393,9382437.0
2023-06-05,55.1128,55.4922,54.6883,54.869,8027013.0
2023-06-06,54.9683,55.0857,54.3,54.4716,7412068.0
2023-06-07,54.2006,54.5167,54.029,54.3903,8882089.0
2023-06-08,54.309,54.5619,54.1735,54.5258,8135982.0
2023-06-09,54.4354,54.7967,54.3451,54.6161,7685242.0
2023-06-12,54.7245,54.7787,54.2096,54.3813,9020226.0
2023-06-13,54.3813,54.7967,54.2277,54.598,7516507.0
2023-06-14,54.85,55.1685,54.7317,54.9683,8810038.0
2023-06-15,55.1594,55.7874,54.9137,55.7237,8986431.0
2023-06-16,56.0604,56.5792,55.9512,56.1241,14776739.0
2023-06-20,56.0513,56.388,55.7328,55.751,9128352.0
2023-06-21,55.7965,56.1696,55.4962,55.9057,6603086.0
2023-06-22,56.2515,56.5154,56.0422,56.2879,8147792.0
2023-06-23,56.3698,56.3971,55.6782,55.6964,8660765.0
2023-06-26,55.6964,55.7783,54.9592,55.7146,8702112.0
2023-06-27,55.7146,55.842,55.4962,55.5963,5969282.0
2023-06-28,55.4052,55.5508,54.9683,55.0775,6749806.0
2023-06-29,54.8045,54.9228,54.3859,54.6225,12935777.0
2023-06-30,54.6043,54.9228,54.486,54.8045,12801694.0
2023-07-03,54.7863,55.1776,54.6316,55.1321,6553569.0
2023-07-05,54.8591,55.6054,54.7499,55.5417,9198199.0
2023-07-06,55.2687,55.5326,55.0593,55.1139,7436113.0
2023-07-07,54.8864,55.0593,54.3586,54.3859,7856257.0
2023-07-10,54.577,54.7408,53.8216,53.9763,8674001.0
2023-07-11,54.1129,54.2039,53.5486,54.1675,9031211.0
2023-07-12,54.3313,54.6498,54.0947,54.4587,9369467.0
2023-07-13,54.7135,55.0229,54.5861,54.9228,7785985.0
2023-07-14,54.7317,55.5508,54.6862,55.4234,7477758.0
2023-07-17,55.296,55.6054,55.0502,55.3415,7015427.0
2023-07-18,55.478,55.7419,54.9774,55.123,6678318.0
2023-07-19,55.3051,56.2333,55.2231,56.0968,8537178.0
2023-07-20,56.1332,56.7976,56.1241,56.7794,8039576.0
2023-07-21,56.8431,57.0433,56.6429,56.8249,8198934.0
2023-07-24,56.8067,57.1616,56.7885,56.8431,6109370.0
2023-07-25,56.6975,56.7794,56.4608,56.652,9045963.0
2023-07-26,56.297,57.4892,55.8693,57.38,11160115.0
2023-07-27,57.38,57.5802,56.7703,56.8249,7394250.0
2023-07-28,56.8977,57.1252,56.6247,56.8613,5346950.0
2023-07-31,56.834,56.834,56.1787,56.3607,8213973.0
2023-08-01,56.5063,56.7521,56.0786,56.2151,5845455.0
2023-08-02,56.024,56.9614,56.024,56.388,7568479.0
2023-08-03,56.3061,56.5337,55.9876,56.0968,4543309.0
2023-08-04,56.2333,56.3243,55.1685,55.2504,6027257.0
2023-08-07,55.3233,55.8147,55.2778,55.6873,4559972.0
2023-08-08,55.6873,55.8329,55.1685,55.4416,4878709.0
2023-08-09,55.4325,56.0877,55.2869,55.569,4922425.0
2023-08-10,55.8329,56.1787,55.3233,55.4416,5239601.0
2023-08-11,55.3688,55.6964,55.2322,55.6691,4014813.0
2023-08-14,55.8056,55.9512,55.2869,55.4052,4079547.0
2023-08-15,55.2322,55.4234,54.941,55.032,4564654.0
2023-08-16,55.0957,55.3506,54.9683,55.0411,5261323.0
2023-08-17,55.1958,55.5326,55.0138,55.1594,8400394.0
2023-08-18,55.0957,55.5963,54.941,55.4689,6524003.0
2023-08-21,55.387,55.4507,54.8955,54.9956,5545110.0
2023-08-22,54.9137,55.1321,54.577,54.6589,6011484.0
2023-08-23,54.7863,55.0047,54.7499,54.85,4663191.0
2023-08-24,54.85,55.4052,54.6862,54.7044,5795724.0
2023-08-25,54.9774,55.123,54.6134,54.9592,4684188.0
2023-08-28,55.1048,55.2687,54.9319,55.1139,4169389.0
2023-08-29,55.1139,55.1776,54.7408,55.0593,5153672.0
2023-08-30,55.1867,55.2778,54.8682,55.032,5280831.0
2023-08-31,54.8773,55.032,54.4223,54.4496,7640062.0
2023-09-01,54.6043,54.7226,53.8034,53.9763,7223868.0
2023-09-05,53.9217,53.9855,53.3939,53.5304,8010635.0
2023-09-06,53.3484,53.5395,53.1664,53.494,9657903.0
2023-09-07,53.6487,53.8398,53.0572,53.0845,9729341.0
2023-09-08,53.0572,53.1573,52.7933,53.0845,8904745.0
2023-09-11,53.1482,53.6851,52.9844,53.585,8390806.0
2023-09-12,53.6851,53.6942,52.9571,53.0572,7769311.0
2023-09-13,53.1479,53.4047,53.0929,53.1846,7388317.0
2023-09-14,53.4231,53.7441,53.3772,53.6249,7545943.0
2023-09-15,53.579,53.79,52.9736,53.1479,14681843.0
2023-09-18,53.1938,53.524,52.8635,53.4781,7637248.0
2023-09-19,53.4414,53.5607,53.1295,53.368,6897560.0
2023-09-20,53.4781,53.9643,53.2763,53.6065,10393130.0
2023-09-21,53.5423,53.5882,52.6709,52.781,10920470.0
2023-09-22,53.0653,53.1754,52.7443,52.836,8934705.0
2023-09-25,52.6801,52.7351,52.0471,52.2856,7446861.0
2023-09-26,52.038,52.1939,51.7353,51.8545,6829532.0
2023-09-27,51.7536,51.8545,51.0748,51.3225,9171229.0
2023-09-28,51.5793,51.6619,51.0932,51.1941,8308704.0
2023-09-29,51.4968,51.616,51.0106,51.35,7440053.0
2023-10-02,51.2858,51.3775,50.5153,50.8914,8175546.0
2023-10-03,50.5978,50.8455,50.2493,50.341,9335195.0
2023-10-04,50.3502,50.7079,50.185,50.4877,7593940.0
2023-10-05,50.2034,50.4052,47.9102,48.0478,21728039.0
2023-10-06,47.7359,48.8825,47.2864,48.7449,22709528.0
2023-10-09,48.5798,48.7541,47.8001,48.5064,11192658.0
2023-10-10,49.653,49.8365,49.1302,49.5613,14475108.0
2023-10-11,49.7356,49.7906,48.6348,49.2678,13213535.0
2023-10-12,49.3136,49.3778,48.0844,48.4422,13524675.0
2023-10-13,48.378,49.0017,48.2862,48.5156,10143865.0
2023-10-16,48.6348,49.1302,48.4697,49.0109,9430661.0
2023-10-17,48.9008,49.6255,48.8091,49.598,11916011.0
2023-10-18,49.6255,50.0199,49.4604,49.5796,9284432.0
2023-10-19,49.6805,50.2309,49.4053,49.8548,10206334.0
2023-10-20,50.0199,50.4694,49.9374,50.0566,10044773.0
2023-10-23,49.8823,50.3502,49.5705,49.6071,15153012.0
2023-10-24,51.0473,51.5243,50.7262,51.0381,15831936.0
2023-10-25,51.1482,51.5702,50.9647,51.4784,11923506.0
2023-10-26,51.7077,51.9462,51.1115,51.1665,11753637.0
2023-10-27,50.9556,51.4968,50.5428,50.6712,9225517.0
2023-10-30,50.8455,51.6252,50.8363,51.5059,10905813.0
2023-10-31,51.8912,52.0288,51.5059,51.8178,9759199.0
2023-11-01,52.1022,52.1756,51.6068,51.772,9735061.0
2023-11-02,51.827,52.4232,51.6894,52.3682,8365615.0
2023-11-03,52.6526,52.8268,52.0105,52.0471,10266742.0
2023-11-06,52.0838,52.5425,52.0471,52.2581,8140575.0
2023-11-07,52.2123,52.6526,52.038,52.4508,7298337.0
2023-11-08,52.5792,52.7168,52.2123,52.3682,7082093.0
2023-11-09,52.3132,52.4141,51.7077,51.9738,8207327.0
2023-11-10,52.1664,52.2214,51.4142,52.0288,8050992.0
2023-11-13,51.9371,52.3774,51.9187,52.2214,6793666.0
2023-11-14,52.304,52.5058,52.1022,52.3774,7686916.0
2023-11-15,52.5608,52.5975,52.0563,52.4783,6544716.0
2023-11-16,52.515,52.7718,52.1114,52.4232,11934720.0
2023-11-17,52.4599,52.5975,52.0105,52.5241,9410175.0
2023-11-20,52.3315,52.8177,52.2398,52.6526,7291070.0
2023-11-21,52.7076,53.2396,52.5883,53.2305,9500283.0
2023-11-22,53.4414,53.6983,53.313,53.5882,7695252.0
2023-11-24,53.6249,53.8909,53.5056,53.7258,3241140.0
2023-11-27,53.6983,53.8359,53.4506,53.6249,6692449.0
2023-11-28,53.5698,53.9643,53.5332,53.735,7791052.0
2023-11-29,53.7375,53.8207,53.2937,53.4139,7577611.0
2023-11-30,53.5896,54.0519,53.2567,54.0334,9629005.0
2023-12-01,53.8762,54.2645,53.8485,54.2183,8367779.0
2023-12-04,54.1721,54.5142,54.0334,54.1536,8578152.0
2023-12-05,54.1351,54.394,54.0057,54.2368,6647223.0
2023-12-06,54.1443,54.3015,53.8115,54.1813,6751872.0
2023-12-07,54.246,54.4587,53.9872,54.3108,6631223.0
2023-12-08,54.3108,54.32,53.9594,54.1906,6651901.0
2023-12-11,54.394,54.6344,54.0889,54.5881,7534749.0
2023-12-12,54.7361,54.9395,54.4495,54.9395,8001716.0
2023-12-13,54.9672,55.4943,54.7916,55.411,9449948.0
2023-12-14,55.448,55.5127,54.3385,54.5881,15947535.0
2023-12-15,54.394,54.7083,53.4416,54.1813,22331896.0
2023-12-18,54.3662,55.0042,54.1998,54.5697,11260076.0
2023-12-19,54.5512,54.7361,54.2091,54.394,8870525.0
2023-12-20,54.0889,54.246,53.229,53.266,10818717.0
2023-12-21,53.4879,53.6913,53.1365,53.6173,7899287.0
2023-12-22,53.7375,54.0519,53.6451,53.9224,6178102.0
2023-12-26,53.682,54.283,53.682,54.1443,4180301.0
2023-12-27,54.2183,54.3385,53.9964,54.283,5236716.0
2023-12-28,54.2276,54.431,54.1074,54.32,5907034.0
2023-12-29,54.3108,54.5327,54.2091,54.4864,5602031.0
2024-01-02,54.3662,55.3648,54.246,55.3093,9458558.0
2024-01-03,55.411,55.6607,55.2539,55.4388,8710586.0
2024-01-04,55.5035,55.7162,55.1614,55.2539,7363575.0
2024-01-05,55.2908,55.4295,54.6344,55.1706,7144462.0
2024-01-08,55.1799,55.6422,54.9395,55.5775,6091481.0
2024-01-09,55.4665,55.6052,55.1244,55.4758,6405752.0
2024-01-10,55.6792,55.8548,55.4573,55.6607,7849362.0
2024-01-11,55.7069,55.7162,55.1891,55.3001,7995784.0
2024-01-12,55.5497,55.9011,55.3556,55.8364,8223795.0
2024-01-16,55.8364,55.8733,55.3371,55.4665,7976691.0
2024-01-17,55.3463,55.6699,55.3093,55.4665,5614261.0
2024-01-18,55.1891,55.6884,55.032,55.6237,6156944.0
2024-01-19,55.7162,55.7346,55.1429,55.3186,8345820.0
2024-01-22,55.2539,55.5405,54.958,55.0782,7656085.0
2024-01-23,55.0412,55.4758,54.9765,55.3371,8815409.0
2024-01-24,55.2908,55.3001,54.4495,54.4679,10448284.0
2024-01-25,54.5604,54.7083,54.2368,54.6991,9038124.0
2024-01-26,54.7546,55.0042,54.6621,54.8933,8905393.0
2024-01-29,54.8655,55.2816,54.7083,55.2261,10155566.0
2024-01-30,55.3371,55.4943,54.958,55.3833,13210714.0
2024-01-31,55.5682,55.8918,54.8193,55.0042,14927315.0
2024-02-01,55.0782,56.4096,54.884,56.3819,10635900.0
2024-02-02,56.2339,56.2802,55.6884,55.975,9979469.0
2024-02-05,55.8271,55.8271,55.3648,55.5127,7442697.0
2024-02-06,55.4388,55.522,55.1799,55.4203,8325022.0
2024-02-07,55.5405,55.6699,55.4203,55.4665,6389564.0
2024-02-08,55.3741,55.448,54.9302,55.3186,8400330.0
2024-02-09,54.9857,55.0874,54.5789,55.0689,9737824.0
2024-02-12,55.1614,55.2539,54.5142,55.1984,9390671.0
2024-02-13,55.0135,56.086,54.357,54.8748,17727255.0
2024-02-14,54.7083,55.0967,54.5789,54.8193,11147607.0
2024-02-15,54.9395,55.0967,54.6714,54.921,9395837.0
2024-02-16,54.8748,55.1244,54.5049,54.9118,8225747.0
2024-02-20,55.1059,56.2524,55.0227,56.123,12385239.0
2024-02-21,56.3911,56.6592,56.2432,56.6223,10236252.0
2024-02-22,56.3911,56.6315,55.9381,56.539,7325998.0
2024-02-23,56.4836,56.9736,56.4004,56.5853,7144274.0
2024-02-26,56.6223,56.65,56.086,56.1322,6178121.0
2024-02-27,55.975,56.1969,55.5867,55.7901,6344420.0
2024-02-28,55.8179,55.9288,55.5312,55.8456,5243289.0
2024-02-29,55.7994,56.0675,55.3833,55.4943,8101304.0
2024-03-01,55.3833,55.3833,54.8655,55.0412,7235201.0
2024-03-04,54.7638,55.4295,54.7546,55.3001,6887003.0
2024-03-05,55.3925,55.5775,54.9395,55.032,7364222.0
2024-03-06,55.032,55.4758,54.9025,55.0597,7167955.0
2024-03-07,55.1891,55.2631,54.7731,54.958,7043858.0
2024-03-08,54.8285,55.2816,54.5234,55.032,7622759.0
2024-03-11,55.2723,55.7439,55.0782,55.6977,8346801.0
2024-03-12,55.7716,56.1692,55.6699,55.9381,8380774.0
2024-03-13,56.2876,56.5952,56.2131,56.5113,9005157.0
2024-03-14,56.46,56.6651,56.2923,56.3855,8542086.0
2024-03-15,55.9381,56.3389,55.584,55.8077,13646763.0
2024-03-18,55.817,56.2923,55.7331,56.0407,7980327.0
2024-03-19,56.1432,56.2457,55.9754,56.1338,8006406.0
2024-03-20,56.0873,56.6744,56.0593,56.6185,6620300.0
2024-03-21,56.4414,56.8422,56.2177,56.3575,7021451.0
2024-03-22,56.4041,56.6558,56.3202,56.3762,5213615.0
2024-03-25,56.3668,56.5812,56.0313,56.2923,7460475.0
2024-03-26,56.3855,56.5812,56.2736,56.4228,5903356.0
2024-03-27,56.6558,57.2522,56.5719,56.8794,6666249.0
2024-03-28,56.982,57.0938,56.8422,57.0192,7452350.0
2024-04-01,57.0379,57.1311,56.5066,56.5532,7387267.0
2024-04-02,56.3389,56.5998,56.022,56.0593,8001235.0
2024-04-03,55.9661,56.283,55.7145,55.7611,9030537.0
2024-04-04,56.0034,56.0593,55.1459,55.2671,8545489.0
2024-04-05,55.2205,55.6213,54.9036,55.4628,6840558.0
2024-04-08,55.3603,55.4255,55.0527,55.2391,6291655.0
2024-04-09,55.4349,55.6772,55.1087,55.6585,6718951.0
2024-04-10,55.2857,55.351,54.6986,54.9129,8346026.0
2024-04-11,55.1273,55.3323,54.7825,55.0341,6126103.0
2024-04-12,54.9409,54.9968,54.1767,54.3165,7733973.0
2024-04-15,54.624,54.8104,54.0928,54.186,7540855.0
2024-04-16,54.2885,54.4097,53.9903,54.1114,7402857.0
2024-04-17,54.3165,54.5774,54.1487,54.5308,9840234.0
2024-04-18,54.6333,54.9689,54.5588,54.9036,7898261.0
2024-04-19,55.0807,56.255,54.9782,56.0779,13759708.0
2024-04-22,56.05,56.5066,55.6492,56.4321,9222513.0
2024-04-23,56.4134,56.5532,56.0407,56.516,9676436.0
2024-04-24,56.2177,57.4573,55.7704,57.3641,14766769.0
2024-04-25,57.6623,58.3334,57.1963,57.5412,13774890.0
2024-04-26,57.3641,57.7182,57.1777,57.5412,6720208.0
2024-04-29,57.7089,57.8301,57.3454,57.8208,8509223.0
2024-04-30,57.914,58.557,57.2802,57.5691,11914279.0
2024-05-01,57.5971,58.3147,57.0472,57.7182,10982015.0
2024-05-02,57.9512,58.1563,57.5225,57.7742,7290901.0
2024-05-03,57.7742,58.091,57.448,57.9419,6936099.0
2024-05-06,58.0631,58.1376,57.681,58.1097,5383806.0
2024-05-07,58.4918,58.5477,58.0165,58.3613,5881889.0
2024-05-08,58.5757,58.6875,58.2308,58.5757,6272860.0
2024-05-09,58.5384,58.8553,58.4825,58.6036,5420104.0
2024-05-10,58.6409,59.051,58.5197,58.9578,4965921.0
2024-05-13,58.9391,59.2933,58.8832,59.256,6769452.0
2024-05-14,59.256,59.4238,58.5291,58.8087,7167986.0
2024-05-15,58.7714,59.0883,58.7155,58.8366,5700958.0
2024-05-16,58.9391,59.3958,58.7807,59.0137,5415839.0
2024-05-17,59.0323,59.0603,58.6502,58.7434,6348209.0
2024-05-20,58.6502,58.7248,58.2122,58.3147,5605715.0
2024-05-21,58.5477,58.6968,58.1936,58.6316,4809110.0
2024-05-22,58.4452,58.7341,58.3986,58.7155,4363409.0
2024-05-23,58.2402,58.6036,57.8301,57.8674,6062150.0
2024-05-24,57.9885,58.1749,57.7555,57.7835,4410214.0
2024-05-28,57.5971,57.9046,57.2243,57.6157,7465364.0
2024-05-29,57.2895,57.6716,56.9167,57.5039,7192824.0
2024-05-30,57.6437,57.858,57.4107,57.7555,5302414.0
2024-05-31,57.7742,58.7434,57.4946,58.6502,7784619.0
2024-06-03,58.4452,58.7993,58.1936,58.6502,5838621.0
2024-06-04,58.9019,59.6195,58.6595,59.5915,6937205.0
2024-06-05,59.6381,59.7127,59.0417,59.5729,5626278.0
2024-06-06,59.5729,59.983,59.4983,59.7873,5022070.0
2024-06-07,59.7313,59.8618,59.4704,59.5636,5329861.0
2024-06-10,59.5915,59.6381,59.051,59.2653,6633483.0
2024-06-11,59.2653,59.3213,58.7807,59.2281,4757891.0
2024-06-12,59.3585,59.3585,58.4172,58.6036,5651360.0
2024-06-13,58.584,58.7531,58.199,58.7061,5918926.0
2024-06-14,58.5887,58.8799,58.3164,58.7484,4698255.0
2024-06-17,58.5794,59.0771,58.4009,58.8142,5952819.0
2024-06-18,58.7296,59.002,58.6451,58.8235,5174780.0
2024-06-20,58.6075,58.9269,58.1755,58.4009,7603675.0
2024-06-21,58.4009,59.265,58.4009,58.955,10216186.0
2024-06-24,59.1617,60.1666,59.0865,60.0821,6940063.0
2024-06-25,60.0539,60.176,59.6501,59.96,4939263.0
2024-06-26,59.5468,60.2136,59.3871,60.1572,5406012.0
2024-06-27,60.1572,60.3639,59.7534,60.0258,4918846.0
2024-06-28,60.0164,60.1666,59.6595,59.7816,5509802.0
2024-07-01,60.1385,60.3921,59.2838,59.434,6401358.0
2024-07-02,59.4153,59.528,59.0302,59.3119,4859260.0
2024-07-03,59.3495,59.8003,59.1053,59.481,6816138.0
2024-07-05,59.481,59.913,59.1617,59.8849,5444906.0
2024-07-08,59.7252,59.7252,59.0208,59.1335,7112998.0
2024-07-09,59.2274,59.3871,58.786,58.8799,7696272.0
2024-07-10,58.9081,59.0396,58.4948,59.0114,7834348.0
2024-07-11,58.8329,59.6031,58.5981,59.265,6492875.0
2024-07-12,59.6031,60.223,59.528,59.8285,5401492.0
2024-07-15,59.913,60.0539,59.4998,59.5561,4731485.0
2024-07-16,59.5749,60.4014,59.5374,60.3639,4970104.0
2024-07-17,60.5517,61.4158,60.486,61.2467,8011397.0
2024-07-18,60.8617,61.8103,60.7865,61.228,6717345.0
2024-07-19,61.6506,61.6506,60.8804,61.3219,8614760.0
2024-07-22,61.2843,61.3219,60.4014,60.8335,7986082.0
2024-07-23,61.4534,62.0263,60.8992,61.0119,7824128.0
2024-07-24,61.134,61.9606,60.8898,61.8103,8635370.0
2024-07-25,62.0263,62.8246,61.8572,62.0545,11611676.0
2024-07-26,62.139,63.0313,61.9981,62.9749,9529616.0
2024-07-29,62.8152,62.9561,62.355,62.7683,7772337.0
2024-07-30,62.4396,63.7075,62.3269,63.5666,8602256.0
2024-07-31,63.3976,63.5009,62.5617,62.6838,7829650.0
2024-08-01,62.928,63.9705,62.6462,63.8296,9970162.0
2024-08-02,64.365,65.4357,63.576,65.1163,15393833.0
2024-08-05,64.797,65.323,63.6136,63.9611,17064342.0
2024-08-06,64.0081,64.6561,63.6512,63.9141,7745504.0
2024-08-07,63.9141,64.9755,63.7075,64.2992,8755912.0
2024-08-08,63.8672,64.6843,63.7263,64.5528,7298358.0
2024-08-09,64.5246,64.6092,64.0926,64.5058,5256646.0
2024-08-12,64.2898,64.3744,63.7075,64.0268,5717095.0
2024-08-13,63.9423,64.4401,63.8766,64.2992,5760622.0
2024-08-14,64.0832,64.7031,63.9893,64.4119,9272048.0
2024-08-15,64.4495,64.7313,64.3368,64.4777,5826958.0
2024-08-16,64.6561,65.0882,64.4683,64.9755,7422529.0
2024-08-19,65.1351,65.2009,64.6561,64.7876,6284030.0
2024-08-20,64.797,65.1727,64.581,65.1633,6043979.0
2024-08-21,65.2572,65.8677,65.1163,65.3418,5289856.0
2024-08-22,65.6705,65.6705,64.6092,65.1163,6778116.0
2024-08-23,65.1821,65.6047,64.7407,65.5484,6481571.0
2024-08-26,65.586,66.6097,65.492,66.5346,8749505.0
2024-08-27,66.9478,67.1826,66.7318,67.1545,10431363.0
2024-08-28,67.2578,67.4456,66.9572,67.3893,8548595.0
2024-08-29,67.5301,67.8307,66.9009,67.671,12703063.0
2024-08-30,67.8119,68.1594,67.4174,68.0655,8618197.0
2024-09-03,68.0373,68.8357,67.8495,68.5727,8812387.0
2024-09-04,68.8263,69.0611,67.5395,68.15,10741211.0
2024-09-05,68.2064,68.2627,66.6661,66.8445,13205905.0
2024-09-06,66.6755,67.3141,66.5815,66.8163,8205827.0
2024-09-09,66.9009,67.9152,66.6661,67.4832,6327548.0
2024-09-10,67.5959,68.0185,67.1732,67.2014,5639178.0
2024-09-11,67.023,67.0324,66.281,66.76,7026554.0
2024-09-12,66.6834,67.0427,66.3524,66.9009,6369690.0
2024-09-13,67.0758,67.5865,66.6503,67.5297,6658204.0
2024-09-16,67.9364,68.3146,67.7283,68.1822,5888556.0
2024-09-17,67.9931,68.4187,67.8229,67.8985,4882907.0
2024-09-18,67.9837,68.447,67.3973,67.8513,5878935.0
2024-09-19,67.6716,68.0309,66.7637,66.7827,8436273.0
2024-09-20,66.5841,67.8985,66.5557,67.7472,12381730.0
2024-09-23,67.6621,68.2768,67.3122,67.8323,5912094.0
2024-09-24,67.3501,67.9175,66.7637,67.4541,7339334.0
2024-09-25,67.8134,68.012,67.4257,67.5676,4496985.0
2024-09-26,67.0096,67.7189,66.9907,67.5203,6239329.0
2024-09-27,67.6527,68.2768,67.577,67.8891,6031468.0
2024-09-30,68.0877,68.2768,67.7945,67.9553,5582222.0
2024-10-01,68.1822,68.7969,67.7378,67.8134,7411472.0
2024-10-02,67.5108,67.5486,66.5841,67.1515,6354463.0
2024-10-03,67.0096,67.1326,66.3855,66.6881,5262052.0
2024-10-04,66.1585,66.4611,65.9316,66.3571,7926921.0
2024-10-07,66.2436,66.2909,65.1278,65.2601,8071562.0
2024-10-08,65.2885,65.6668,65.1183,65.4209,8040183.0
2024-10-09,65.4304,65.9505,65.3169,65.7897,4524992.0
2024-10-10,66.0356,66.1112,65.2318,65.4871,4783340.0
2024-10-11,65.6857,65.8086,65.2412,65.7897,4349684.0
2024-10-14,65.7897,66.6408,65.6951,66.5179,3878814.0
2024-10-15,66.6314,67.3406,66.3477,66.5179,5712510.0
2024-10-16,66.2815,66.8583,66.168,66.7354,4585415.0
2024-10-17,66.7921,66.8489,65.7992,66.1018,5794422.0
2024-10-18,66.0734,66.7165,65.8181,66.6124,5371303.0
2024-10-21,66.1964,66.5084,65.5344,65.6762,7666712.0
2024-10-22,65.2507,65.9599,64.9481,65.6762,11649997.0
2024-10-23,63.3594,64.967,62.9622,64.3145,14977583.0
2024-10-24,63.974,64.3429,63.3121,63.6431,10401076.0
2024-10-25,63.4256,64.0213,63.1608,63.2837,6328517.0
2024-10-28,63.3215,63.7376,62.9811,63.0473,6003522.0
2024-10-29,62.6879,62.7352,61.9598,61.9976,10326565.0
2024-10-30,61.9503,62.9244,61.7707,62.338,8699434.0
2024-10-31,62.234,62.4042,61.7045,61.7612,6478816.0
2024-11-01,61.9125,62.0922,61.364,61.4775,6211480.0
2024-11-04,61.5437,61.8652,61.1371,61.5721,7027522.0
2024-11-05,61.1276,61.9125,61.1276,61.8179,4873885.0
2024-11-06,60.9196,61.3356,59.7469,60.2387,14763177.0
2024-11-07,60.7966,60.8912,60.1441,60.2009,8054871.0
2024-11-08,60.4373,60.7493,60.2765,60.4467,7532387.0
2024-11-11,60.5129,60.6359,59.8131,59.9172,8645525.0
2024-11-12,60.1347,60.286,59.6902,59.7658,8377536.0
2024-11-13,59.5294,59.8226,59.0944,59.5767,7070919.0
2024-11-14,59.6807,59.6807,59.0377,59.1512,10712068.0
2024-11-15,59.0944,59.2268,58.0542,58.3852,16788947.0
2024-11-18,58.4892,58.7634,58.215,58.4987,8044953.0
2024-11-19,58.5365,59.2174,58.2812,59.189,9056240.0
2024-11-20,59.293,59.5862,58.65,59.5673,8906910.0
2024-11-21,59.7186,60.3427,59.5294,60.2954,10290588.0
2024-11-22,60.7493,60.9763,60.1914,60.4467,11010150.0
2024-11-25,60.825,61.1938,60.3711,60.8817,8645069.0
2024-11-26,60.8155,61.1276,60.5791,61.0425,7491204.0
2024-11-27,61.434,61.5674,60.7575,60.929,7681899.0
2024-11-29,61.0005,61.2196,60.7623,61.0576,5113006.0
2024-12-02,61.0291,61.1625,60.3525,60.6479,7538235.0
2024-12-03,60.7146,61.0576,60.0476,60.5241,9964930.0
2024-12-04,60.2954,60.3621,58.9805,59.2758,15940225.0
2024-12-05,59.5236,60.1429,59.171,59.9524,14125943.0
2024-12-06,59.8666,60.3716,59.5617,59.5808,9095413.0
2024-12-09,59.7332,59.9619,58.9805,59.6474,14158100.0
2024-12-10,59.7427,60.0667,58.8757,59.9428,8880281.0
2024-12-11,60.0286,60.6289,59.4569,59.6856,12415183.0
2024-12-12,60.5526,60.9052,60.2382,60.829,9680400.0
2024-12-13,60.5717,60.829,60.1334,60.1429,6955199.0
2024-12-16,60.2477,60.848,59.4092,59.5998,13289897.0
2024-12-17,59.5045,60.5526,59.3807,60.4097,11646295.0
2024-12-18,59.9524,60.6384,59.8285,59.8857,10999791.0
2024-12-19,59.7427,60.1906,59.4569,59.5045,10248920.0
2024-12-20,59.5236,60.0858,59.3425,59.5998,12081038.0
2024-12-23,59.5522,59.7999,58.6279,59.4378,7289200.0
2024-12-24,59.2663,59.8761,59.0853,59.8761,2994364.0
2024-12-26,59.6665,59.7808,59.4569,59.6189,4293516.0
2024-12-27,59.5045,59.9809,59.2663,59.5045,4659720.0
2024-12-30,59.3997,59.3997,58.7708,59.1043,5469714.0
2024-12-31,59.0948,59.4855,58.8852,59.3235,4791985.0
2025-01-02,59.4092,59.7904,58.7137,58.9233,5392684.0
2025-01-03,58.9805,59.152,58.7137,58.8375,4897764.0
2025-01-06,58.5993,58.666,57.799,57.9419,11263527.0
2025-01-07,58.2277,58.809,57.7513,57.9705,11469145.0
2025-01-08,58.1134,58.8566,58.0562,58.7994,7445808.0
2025-01-10,58.6756,58.7423,57.8656,58.1896,11116592.0
2025-01-13,58.2468,58.9328,57.8466,58.7423,10335272.0
2025-01-14,58.7518,59.1424,58.4088,59.1139,9845200.0
2025-01-15,59.3902,59.6665,58.7708,58.8566,9441143.0
2025-01-16,58.5231,59.3616,58.4278,59.314,8080596.0
2025-01-17,59.3711,59.8094,59.2377,59.7523,10609144.0
2025-01-21,59.9333,60.2477,59.3616,59.4759,11577369.0
2025-01-22,59.1901,59.3521,58.7518,58.8661,9416759.0
2025-01-23,58.8852,59.0567,58.4755,58.6279,10515307.0
2025-01-24,58.809,59.0853,58.5326,58.9995,13185908.0
2025-01-27,59.8761,61.1529,59.5236,60.8576,13980611.0
2025-01-28,60.5145,61.0195,59.3425,59.4188,8949578.0
2025-01-29,59.6093,60.3716,59.5998,59.8666,7643357.0
2025-01-30,60.8385,61.2577,60.2477,61.0291,8227520.0
2025-01-31,60.6956,60.9147,60.4002,60.4859,6903240.0
2025-02-03,60.2287,60.6289,59.4855,60.3621,7622652.0
2025-02-04,60.6098,60.6289,59.4092,59.7141,10493278.0
2025-02-05,59.7618,60.3049,59.6284,60.1429,6806275.0
2025-02-06,60.6193,60.7337,59.9428,60.3716,6603125.0
2025-02-07,60.4383,60.9052,60.2858,60.829,7952574.0
2025-02-10,61.0767,61.6008,60.6575,61.5055,9974350.0
2025-02-11,64.3163,64.4783,63.2778,64.4116,21132711.0
2025-02-12,63.7161,65.5741,63.7161,65.4693,17018034.0
2025-02-13,65.7456,66.3268,65.5169,66.222,15554694.0
2025-02-14,66.0981,66.727,65.5169,65.6217,14435834.0
2025-02-18,65.3168,66.0981,65.1929,65.7932,10298918.0
2025-02-19,65.9457,66.8223,65.9076,66.7651,10868757.0
2025-02-20,66.4221,66.7651,66.1458,66.7365,6251446.0
2025-02-21,67.0033,68.223,66.8223,67.9848,12984625.0
2025-02-24,67.4988,68.3468,67.0129,67.2606,13562138.0
2025-02-25,67.5179,68.3849,67.394,68.1182,14014807.0
2025-02-26,67.9085,67.9181,67.1939,67.4607,9047403.0
2025-02-27,67.3845,68.1658,67.0986,67.5274,9697029.0
2025-02-28,68.08,68.1944,67.232,67.8514,10046009.0
2025-03-03,66.9271,68.9471,66.4412,68.909,12971248.0
2025-03-04,68.6041,69.2234,66.5841,66.8795,16489813.0
2025-03-05,66.6031,67.4035,66.546,66.7747,10172438.0
2025-03-06,66.7365,67.2034,66.1744,67.1367,9957294.0
2025-03-07,66.3649,68.4326,66.3649,68.061,14211665.0
2025-03-10,68.566,69.7666,67.9466,68.08,17391949.0
2025-03-11,68.4898,68.6422,67.2797,67.6894,16653712.0
2025-03-12,67.051,67.394,66.4507,66.6413,12822798.0
2025-03-13,66.9411,66.9411,66.01,66.3363,9576921.0
2025-03-14,65.7604,66.4803,65.6356,66.3843,9039284.0
2025-03-17,66.4611,67.3538,66.3076,67.3058,8787566.0
2025-03-18,67.2962,67.373,66.5187,66.5955,7703244.0
2025-03-19,65.7988,66.5955,65.7892,66.4995,7826827.0
2025-03-20,66.5283,67.0083,66.3172,66.9123,8146954.0
2025-03-21,66.9123,67.1618,65.4437,65.914,13792027.0
2025-03-24,66.0388,66.3076,65.5877,66.1828,6775840.0
2025-03-25,66.1828,66.3076,65.8468,66.0484,6337169.0
2025-03-26,66.2212,67.5266,66.1348,67.2098,8249006.0
2025-03-27,67.3634,68.1409,67.2578,67.9009,7432644.0
2025-03-28,67.9393,68.4577,66.7395,67.5458,12030428.0
2025-03-31,67.8913,69.0528,67.661,68.7456,12432924.0
2025-04-01,68.8032,69.024,68.3233,68.9856,8649561.0
2025-04-02,69.072,69.4559,68.1985,68.4673,8337303.0
2025-04-03,69.5711,70.9821,69.4175,70.243,17296974.0
2025-04-04,69.5135,70.0798,66.9891,67.1234,16797284.0
2025-04-07,63.5719,66.5955,63.3992,65.626,20000094.0
2025-04-08,66.1924,67.181,65.0405,65.674,14360165.0
2025-04-09,65.1941,67.6418,64.5798,67.1426,18639813.0
2025-04-10,67.373,68.3521,66.2116,67.9201,13597076.0
2025-04-11,68.0641,68.9664,67.709,68.5632,12213526.0
2025-04-14,68.4385,69.7439,68.0833,69.5423,8378332.0
2025-04-15,69.7055,69.7151,68.8416,68.976,9865357.0
2025-04-16,69.3983,69.7535,68.5152,68.8032,9402999.0
2025-04-17,69.0144,70.483,68.8416,70.0702,13310286.0
2025-04-21,70.435,70.531,68.9376,69.8495,10212053.0
2025-04-22,70.0702,71.3948,69.9934,70.9341,10088049.0
2025-04-23,70.3486,70.9821,69.4751,70.3582,10336697.0
2025-04-24,70.0894,70.483,69.3983,69.6095,11868313.0
2025-04-25,69.7343,69.9934,68.2657,69.024,11089564.0
2025-04-28,69.1872,69.3599,68.4481,68.9088,9712499.0
2025-04-29,68.3329,69.7919,67.4594,69.4463,10017857.0
2025-04-30,70.4062,70.531,68.8032,69.6383,10009292.0
2025-05-01,69.1104,69.1488,68.3713,68.4289,11025431.0
2025-05-02,68.6304,68.9376,68.2369,68.7744,6848573.0
2025-05-05,68.7936,68.9184,68.1601,68.8224,7012739.0
2025-05-06,68.7936,69.0144,68.3041,68.8416,7594589.0
2025-05-07,68.8416,69.7727,68.7936,69.4943,8956396.0
2025-05-08,69.3023,69.5615,68.2753,68.3137,8209476.0
2025-05-09,68.1409,68.2945,67.6322,67.6898,6374087.0
2025-05-12,67.3346,67.6706,65.9428,66.7395,14215802.0
2025-05-13,66.7971,66.8931,66.106,66.1924,8976269.0
2025-05-14,66.1156,66.5571,65.8276,66.3843,9844595.0
2025-05-15,66.9027,68.8512,66.8067,68.736,13421086.0
2025-05-16,68.976,69.3599,68.5632,69.1104,10732905.0
2025-05-19,69.1392,69.2735,68.7648,69.0432,6753994.0
2025-05-20,68.9184,69.2351,68.5632,68.8128,6919806.0
2025-05-21,68.8128,69.1872,68.7072,68.9664,7215508.0
2025-05-22,68.9568,69.1008,68.1121,68.2849,7113956.0
2025-05-23,68.6688,69.0912,67.8433,68.8896,7419895.0
2025-05-27,68.8608,69.3215,68.688,68.8992,6364331.0
2025-05-28,68.8224,69.0144,68.1985,68.2945,5304425.0
2025-05-29,68.1505,68.784,67.6322,68.6208,6201631.0
2025-05-30,68.736,69.5615,68.7264,69.2063,9559701.0
2025-06-02,69.1392,69.1488,68.496,69.1104,5368397.0
2025-06-03,68.832,68.8992,67.6418,68.3041,12144711.0
2025-06-04,68.4001,68.9664,67.8433,68.5056,7661165.0
2025-06-05,68.5152,68.592,67.9873,68.0641,7066071.0
2025-06-06,68.2369,68.6112,68.0929,68.4864,5222516.0
2025-06-09,68.4864,68.9472,68.2369,68.8896,7455180.0
2025-06-10,69.0144,69.7727,68.88,69.4463,7946280.0
2025-06-11,69.3695,69.4559,68.88,69.1776,7016130.0
2025-06-12,69.3504,69.4954,68.722,69.3407,7900601.0
2025-06-13,69.3794,69.4857,68.374,68.6544,9352792.0
2025-06-16,68.8284,69.2344,67.9004,68.171,9525755.0
2025-06-17,68.0357,68.113,67.2623,67.301,8687086.0
2025-06-18,67.6684,67.6684,66.7887,66.9047,11135004.0
2025-06-20,66.7887,67.243,66.489,66.547,12242758.0
2025-06-23,66.837,67.4847,66.6727,67.417,14237015.0
2025-06-24,67.62,68.0067,67.359,67.8714,8471826.0
2025-06-25,67.591,67.6877,67.1173,67.3107,7764246.0
2025-06-26,67.3783,67.591,66.837,67.156,8426073.0
2025-06-27,67.272,68.2097,67.156,67.9874,11006351.0
2025-06-30,67.794,68.432,67.7554,68.3934,8609024.0
2025-07-01,68.6254,70.0367,68.5384,69.2827,11213853.0
2025-07-02,69.3021,69.4374,68.374,68.548,9243118.0
2025-07-03,68.6737,69.0217,68.1034,68.9734,6171095.0
2025-07-07,68.9927,68.9927,68.4417,68.6447,7934763.0
2025-07-08,68.3257,68.3257,67.5524,67.9004,9523241.0
2025-07-09,67.823,67.91,66.6727,67.1657,26205995.0
2025-07-10,66.982,67.5234,66.8563,67.446,10187164.0
2025-07-11,67.243,67.823,66.9433,67.5427,7446240.0
2025-07-14,67.475,67.7457,66.9627,67.156,10454899.0
2025-07-15,67.1947,67.2333,66.8467,67.0497,7924963.0
2025-07-16,67.04,67.185,66.4987,66.9627,9100385.0
2025-07-17,67.4847,68.3354,67.1947,68.2387,14339089.0
2025-07-18,68.2097,68.345,67.504,67.5234,8828182.0
2025-07-21,67.8617,68.2677,67.6007,67.736,11946767.0
2025-07-22,67.1367,67.9197,66.402,67.3397,15380094.0
2025-07-23,67.3397,67.417,66.315,66.8563,14125249.0
2025-07-24,66.9917,67.2333,66.692,66.7983,7844694.0
2025-07-25,66.8273,66.924,66.46,66.866,8186597.0
2025-07-28,66.4503,66.605,65.793,65.822,9474468.0
2025-07-29,66.0636,67.1077,65.88,67.069,10323039.0
2025-07-30,66.808,67.0207,66.2377,66.46,6329041.0
2025-07-31,65.88,66.3633,65.4836,65.6286,8962049.0
2025-08-01,66.3053,66.7403,65.996,66.5663,9873582.0
2025-08-04,66.431,66.7887,66.0346,66.663,6675023.0
2025-08-05,66.605,67.1753,66.46,66.75,7366015.0
2025-08-06,66.8177,67.475,66.344,67.1947,7324507.0
2025-08-07,67.1463,68.3644,67.0207,68.084,10136471.0
2025-08-08,68.026,68.519,67.7457,67.997,6091194.0
2025-08-11,67.9584,68.4997,67.6297,68.3934,7210882.0
2025-08-12,68.4514,68.693,67.881,68.3547,6819314.0
2025-08-13,68.3354,68.4127,67.8907,68.113,5630336.0
2025-08-14,68.0357,68.113,67.0787,67.2333,6926816.0
2025-08-15,67.417,68.0454,67.2527,67.591,8012767.0
2025-08-18,67.649,67.7167,66.75,66.8273,8018793.0
2025-08-19,66.9917,67.881,66.9337,67.794,6400921.0
2025-08-20,68.3837,69.3214,68.055,68.345,10570094.0
2025-08-21,68.2484,68.548,67.9874,68.3064,4554223.0
2025-08-22,68.5964,68.6544,67.591,67.794,7783873.0
2025-08-25,67.7747,67.8907,66.4213,66.634,8257450.0
2025-08-26,66.7403,66.779,66.286,66.4407,7786184.0
2025-08-27,66.5277,66.576,66.1797,66.5373,7283710.0
2025-08-28,66.5857,66.605,66.0056,66.083,7954517.0
2025-08-29,66.3827,66.837,66.141,66.692,8938690.0
2025-09-02,66.663,67.0303,65.9766,66.7597,18331311.0
2025-09-03,66.373,66.7983,65.126,66.692,27250115.0
2025-09-04,66.808,67.1463,65.8413,65.9766,10833647.0
2025-09-05,65.7446,66.2957,65.6093,65.6963,10225542.0
2025-09-08,65.5996,65.619,64.923,65.184,12283500.0
2025-09-09,65.039,65.8413,65.039,65.5996,8053815.0
2025-09-10,65.532,65.822,64.9713,65.561,10815729.0
2025-09-11,65.6576,65.8993,65.329,65.3676,9411557.0
2025-09-12,65.3527,65.4696,64.7,64.7779,11791599.0
2025-09-15,64.9533,65.0507,64.3883,64.4955,10050824.0
2025-09-16,64.6318,64.7877,64.3396,64.5247,10545556.0
2025-09-17,64.6903,65.3916,64.6805,65.304,10224253.0
2025-09-18,65.0702,65.304,64.6318,64.739,9272106.0
2025-09-19,64.7682,65.002,64.3299,64.7098,11475091.0
2025-09-22,64.4468,64.8656,64.3688,64.4955,7734123.0
2025-09-23,64.6318,65.0312,64.1935,64.9825,9230678.0
2025-09-24,64.6903,65.0507,64.2519,64.7292,9599616.0
2025-09-25,65.0215,65.1871,64.2422,64.2714,8407782.0
2025-09-26,64.3591,64.6221,63.8038,63.9694,11860027.0
2025-09-29,63.9694,64.3883,63.6577,64.3299,8486725.0
2025-09-30,64.3591,64.9143,64.2519,64.6026,7593343.0
2025-10-01,64.7877,65.0994,64.5734,65.0507,9026951.0
2025-10-02,64.8072,64.9241,64.1545,64.3883,9465724.0
2025-10-03,64.3883,65.2553,64.3299,64.9241,7357048.0
2025-10-06,64.7682,64.7779,64.135,64.3883,9990352.0
2025-10-07,64.5149,65.5183,64.1643,65.0604,8334926.0
2025-10-08,64.9435,65.1384,64.3493,64.4078,7259702.0
2025-10-09,64.5734,65.0702,64.4078,64.6513,8144711.0
2025-10-10,64.7974,65.6546,64.6513,65.304,12125840.0
2025-10-13,64.5149,65.0702,64.2909,65.0702,9026492.0
2025-10-14,65.1384,65.8202,65.0117,65.7618,8859211.0
2025-10-15,65.528,65.9664,65.1871,65.3429,6802075.0
2025-10-16,65.4306,66.3463,65.4209,65.8397,10870463.0
2025-10-17,66.2391,66.7262,66.0443,66.6677,9888777.0
2025-10-20,66.6482,66.8625,66.1612,66.6677,10463086.0
2025-10-21,68.7328,69.5413,68.4114,69.3757,21808864.0
2025-10-22,69.4342,69.7654,68.6841,68.9763,10681782.0
2025-10-23,68.9763,69.0932,67.9146,68.1289,7939332.0
2025-10-24,68.0996,68.236,67.8366,67.9048,10025283.0
2025-10-27,67.973,68.3042,67.4567,68.2458,8496316.0
2025-10-28,68.236,69.064,68.1386,68.3432,7706096.0
2025-10-29,68.1094,68.2165,66.3852,66.58,12910633.0
2025-10-30,66.6775,67.4957,66.6093,67.1937,8769871.0
2025-10-31,66.7749,67.2814,66.1417,67.1158,9118409.0
2025-11-03,67.0184,67.1061,65.9079,66.2099,10153205.0
2025-11-04,66.6969,66.9502,66.395,66.882,7503421.0
2025-11-05,66.882,67.0476,66.4047,66.7359,6872844.0
2025-11-06,66.5313,67.3496,66.1612,67.2717,9308359.0
2025-11-07,68.0022,69.0348,67.6126,68.7231,16914241.0
2025-11-10,68.1971,68.8302,67.6418,68.6938,9253283.0
2025-11-11,69.1419,69.892,68.8302,69.7556,10191306.0
2025-11-12,69.6387,70.0284,69.4926,69.6582,8449049.0
2025-11-13,69.5705,69.8141,69.1614,69.2296,8552727.0
2025-11-14,69.5608,69.7848,68.7718,69.3173,7828013.0
2025-11-17,69.3562,69.6777,68.7913,68.8497,6924126.0
2025-11-18,69.1517,69.4926,68.7426,69.3757,7975594.0
2025-11-19,69.366,69.5998,68.9763,69.2686,7783748.0
2025-11-20,69.1127,69.629,68.7815,69.366,9261401.0
2025-11-21,69.8238,71.2947,69.629,71.0609,17873507.0
2025-11-24,71.2655,71.2655,69.7167,70.7102,14707138.0
2025-11-25,70.9148,71.0414,70.2622,70.7297,9048710.0
2025-11-26,70.72,71.1973,70.5154,70.9927,5822111.0
2025-11-28,71.1088,71.3344,70.8734,71.2265,4354599.0
2025-12-01,71.2167,71.5208,70.5595,70.5791,8775995.0
2025-12-02,70.432,70.432,69.0881,69.3235,11469773.0
2025-12-03,69.5295,70.0396,69.2646,69.4608,8241207.0
2025-12-04,69.4804,69.9807,69.0292,69.1077,7794958.0
2025-12-05,68.9703,69.3627,68.5387,68.6663,8786909.0
2025-12-08,68.5093,69.039,68.166,68.9115,9227588.0
2025-12-09,69.0292,69.2842,68.4995,68.7545,6935655.0
2025-12-10,69.0488,69.1862,68.4504,68.8723,9468319.0
2025-12-11,69.2058,69.3431,67.4793,67.7932,14911167.0
2025-12-12,67.7932,69.2744,67.7245,69.1763,11480139.0
2025-12-15,69.0881,69.9611,68.9802,69.6178,10215114.0
2025-12-16,69.9415,69.9415,68.9802,69.0292,9584850.0
2025-12-17,69.2254,69.5687,68.9605,69.3235,8066131.0
2025-12-18,68.9311,69.451,68.833,69.0194,8334338.0
2025-12-19,68.7251,69.4216,68.6957,68.7251,11071593.0
2025-12-22,68.5682,68.8821,68.3229,68.8723,7665055.0
2025-12-23,68.8624,68.9213,68.3622,68.5387,5927921.0
2025-12-24,68.5682,68.8232,68.421,68.7742,2449885.0
2025-12-26,68.6172,68.8232,68.3916,68.5387,3561544.0
2025-12-29,68.6663,69.0782,68.5191,68.8232,5883894.0
2025-12-30,68.6663,68.9017,68.4701,68.7349,5001460.0
2025-12-31,68.7349,68.8232,68.5485,68.578,3481167.0
2026-01-02,68.5191,68.5387,67.6559,67.803,7444360.0
2026-01-05,67.6068,67.6068,66.6259,66.6455,13509469.0
2026-01-06,66.7142,66.9496,66.3316,66.5474,14200803.0
2026-01-07,66.6945,66.773,65.9883,66.2531,11773199.0
2026-01-08,66.2531,68.1365,66.1648,68.0483,12306338.0
2026-01-09,68.1071,69.3137,67.803,69.1665,12932477.0
2026-01-12,69.5197,69.6178,68.8919,69.1567,12300021.0
2026-01-13,69.0782,69.8826,68.9311,69.8826,12298902.0
2026-01-14,69.814,70.3437,69.4608,70.0788,10105496.0
2026-01-15,70.226,70.2358,69.0194,69.1371,9695496.0
2026-01-16,68.9507,69.3922,68.7055,69.0979,11192646.0
2026-01-20,68.6663,70.4123,68.4603,70.3829,13291596.0
2026-01-21,70.6085,70.8636,69.4804,70.638,10588508.0
2026-01-22,70.4614,70.6674,70.0788,70.5006,8702241.0
2026-01-23,70.6478,71.6679,70.4025,71.4914,13375631.0
2026-01-26,71.4718,71.9034,71.1579,71.1775,6298155.0
2026-01-27,71.0598,72.1584,70.8832,72.1486,6863611.0
2026-01-28,71.8151,72.2173,71.1775,71.6679,9317591.0
2026-01-29,71.7857,72.6783,71.7464,72.0309,10253777.0
2026-01-30,72.3056,73.4729,72.1388,73.3846,16973909.0
2026-02-02,73.5808,74.2576,72.9824,73.8947,11001579.0
2026-02-03,73.8358,76.0233,73.6985,75.425,16995812.0
2026-02-04,75.7977,76.6217,75.6114,75.8762,17779346.0
2026-02-05,76.3373,77.3574,76.1116,77.0141,13740008.0
2026-02-06,77.0043,77.691,76.7689,77.5242,11656001.0
2026-02-09,77.1711,77.6027,76.0528,76.4844,15539118.0
2026-02-10,75.1699,76.0332,74.5617,75.3465,17109123.0
2026-02-11,75.4152,77.5438,75.1209,77.1024,13393599.0
2026-02-12,77.4752,78.8779,77.2888,77.4948,17226731.0
2026-02-13,76.9552,77.8871,76.6413,77.1809,10207511.0
2026-02-17,77.485,78.1226,77.2397,78.0441,9849936.0
2026-02-18,77.9852,78.3188,77.4163,77.9754,8159604.0
2026-02-19,77.946,78.1618,77.0926,77.4065,8086817.0
2026-02-20,77.8185,78.3188,77.3869,78.3188,7605846.0
2026-02-23,78.0049,79.3095,77.9852,79.025,11038057.0
2026-02-24,79.0054,79.5449,78.3286,79.182,9525125.0
2026-02-25,78.8681,79.1526,78.0343,78.9368,9401189.0
2026-02-26,79.2114,79.3488,78.4953,78.9662,6745534.0
2026-02-27,79.3978,80.4376,79.2801,80.006,10346082.0
2026-03-02,79.7019,79.8294,78.6229,78.6915,8363796.0
2026-03-03,78.3384,78.5542,77.0533,77.8283,8287248.0
2026-03-04,77.7792,77.9558,76.2686,76.6119,10510811.0
2026-03-05,76.1901,76.2392,75.0326,75.5623,11615067.0
2026-03-06,75.3367,75.7193,74.8953,75.5721,6977966.0
2026-03-09,75.1601,76.5825,75.0718,76.3176,9663169.0
2026-03-10,76.0037,76.916,75.631,76.3961,6119639.0
2026-03-11,76.2293,76.2293,75.1307,76.1509,5986865.0
2026-03-12,75.9436,76.6745,75.4201,76.1313,10354141.0
2026-03-13,76.5165,77.0893,76.2399,76.3881,6912557.0
2026-03-16,77.0399,77.4646,76.7831,76.8621,6073490.0
2026-03-17,77.0399,77.3362,76.4967,76.6251,7167896.0
2026-03-18,76.1313,76.1806,74.9164,75.0349,7441213.0
2026-03-19,75.0645,75.509,74.5905,74.6201,7420103.0
2026-03-20,74.63,75.1139,73.4744,73.8299,10711052.0
2026-03-23,74.4127,74.5213,73.6324,74.1855,8896988.0
2026-03-24,73.9386,74.7584,73.7114,73.7509,6256363.0
2026-03-25,73.6719,74.7189,73.1583,74.3238,8039245.0
2026-03-26,74.2645,74.8176,73.7312,73.7707,5879526.0
2026-03-27,73.8991,75.1139,73.7805,74.7781,9349305.0
2026-03-30,74.9954,76.0522,74.788,75.3312,9830630.0
2026-03-31,75.588,76.072,74.5707,75.1139,10133172.0
2026-04-01,75.2127,75.4201,74.3337,75.1436,8539607.0
2026-04-02,75.6374,76.0127,75.1831,75.7757,6194381.0
2026-04-06,75.6967,76.3288,75.2818,76.2695,4259114.0
2026-04-07,76.2498,76.6449,74.6892,74.9757,6715820.0
2026-04-08,74.8769,76.4177,74.383,76.3387,6259075.0
2026-04-09,75.7065,77.3264,75.43,77.2177,6903898.0
2026-04-10,77.0202,77.2078,76.3485,76.5165,5340248.0
2026-04-13,76.3683,76.4967,74.8868,75.4695,7806983.0
2026-04-14,75.0349,75.6769,74.867,74.9658,5802355.0
2026-04-15,74.8077,74.8077,73.8003,74.383,8322689.0
2026-04-16,74.1065,74.9065,73.9781,74.2546,6018916.0
2026-04-17,74.0275,75.1238,73.8793,74.8077,6708573.0
2026-04-20,74.8868,75.2818,74.4324,74.5509,5167241.0
2026-04-21,74.5509,74.6003,73.6917,73.7805,5932181.0
2026-04-22,73.9781,74.4522,73.6324,73.7114,5094167.0
2026-04-23,74.5114,75.7164,74.2349,75.3411,6957698.0
2026-04-24,75.7658,76.0621,75.2325,75.6868,6678109.0
2026-04-27,75.7658,75.7658,74.4719,74.5114,9321206.0
2026-04-28,78.5412,79.3314,77.1091,77.3856,19741001.0
2026-04-29,77.4054,78.3042,77.2276,77.8992,9140545.0
2026-04-30,77.8301,78.1461,77.356,77.7906,7670804.0
2026-05-01,78.3141,78.6597,77.0696,77.6128,6764000.0
2026-05-04,77.0992,77.8005,76.7733,77.2276,6332082.0
2026-05-05,77.2276,77.8103,76.7831,77.514,6362773.0
2026-05-06,77.8103,78.3536,77.593,78.2548,6841263.0
2026-05-07,77.8202,78.1758,77.1288,77.4646,7841177.0
2026-05-08,77.593,78.2252,77.1486,77.4548,5981422.0
2026-05-11,77.198,77.7609,76.8819,77.6918,5596641.0
2026-05-12,78.0276,79.3314,77.3165,79.0449,10506196.0
2026-05-13,78.877,80.0326,78.8573,79.2721,7278715.0
2026-05-14,79.7363,79.924,78.9264,79.4598,5774819.0
2026-05-15,80.3586,80.3586,79.4598,79.8252,7456067.0
2026-05-18,79.8746,80.3882,79.4005,80.2005,5814851.0
2026-05-19,80.408,81.6524,80.2598,80.9117,9107984.0
2026-05-20,81.1586,81.3858,80.5166,80.5462,6968199.0
2026-05-21,80.7833,80.803,79.7265,80.1709,7300305.0
2026-05-22,80.1808,80.6746,79.924,80.4771,4288828.0
2026-05-26,79.845,80.5956,79.2524,79.4697,6955389.0
2026-05-27,80.1018,81.4944,79.8055,80.6154,6397071.0
2026-05-28,80.3191,80.7536,79.3413,79.4203,7689506.0
2026-05-29,79.0548,79.3413,77.9289,78.0375,8382901.0
2026-06-01,77.6128,78.2252,77.4646,77.6721,6199459.0
2026-06-02,77.9091,78.2252,77.277,77.4449,6262428.0
2026-06-03,77.3165,78.0573,77.1486,77.7906,7305607.0
2026-06-04,78.798,79.0548,75.8646,75.8745,9311744.0
2026-06-05,76.556,79.7462,76.5263,78.5017,13411455.0
2026-06-08,78.3338,78.9462,78.1264,78.561,5883256.0
2026-06-09,78.5709,80.7536,78.4029,80.3388,11456199.0
2026-06-10,81.6623,82.8179,81.1092,82.5611,12878052.0
2026-06-11,82.8871,83.0056,81.4648,81.5142,7857254.0
2026-06-12,81.6925,81.8715,80.8575,81.6031,6598789.0
2026-06-15,80.5991,80.7183,79.774,80.4301,9001518.0
2026-06-16,80.6686,80.9072,79.3664,79.8038,8804735.0
2026-06-17,79.4758,79.8535,78.5215,79.4559,9772253.0
2026-06-18,79.3962,79.5354,78.2729,78.9191,15610270.0
2026-06-22,78.7799,79.5851,78.591,79.0582,10667066.0
2026-06-23,80.8476,80.8476,79.3565,79.8336,8859845.0
2026-06-24,80.4102,81.0961,80.0821,80.1219,9899527.0
2026-06-25,80.0523,80.8973,79.4956,79.943,8329151.0
2026-06-26,80.4798,82.3188,80.2114,82.1399,11975527.0
2026-06-29,82.3387,83.124,81.7124,82.1597,7296804.0
2026-06-30,82.0106,82.0504,80.5295,80.7879,8624153.0
2026-07-01,81.2154,81.4937,80.4798,80.8078,14210551.0
2026-07-02,81.1458,83.6409,80.9072,83.6409,10845695.0
2026-07-06,83.6011,84.0584,81.8218,82.4679,8140573.0
2026-07-07,84.0982,85.1718,83.1439,83.5514,9238464.0
2026-07-08,83.6707,84.3268,82.7761,82.9053,8121846.0
2026-07-09,81.6031,82.3287,81.2253,82.1399,8359798.0
2026-07-10,82.2393,83.2433,81.9112,82.9948,5898254.0
2026-07-13,83.4023,84.1777,83.1737,83.7503,6075786.0
2026-07-14,83.6707,84.128,82.5872,82.5872,6884553.0
2026-07-15,82.4381,82.7462,81.7422,81.9609,8948329.0
2026-07-16,82.8556,84.4461,82.786,84.4163,10896185.0
2026-07-17,84.8636,85.0525,80.3505,81.0762,19367099.0
2026-07-20,81.0663,81.8814,80.8178,81.6329,7577011.0
2026-07-21,81.4838,81.9112,80.8376,81.4838,7159185.0
2026-07-22,82.3586,82.4281,81.4639,81.7124,5846838.0
2026-07-23,81.1856,81.3844,80.4002,80.6885,7363172.0
2026-07-24,81.0861,81.8416,80.4201,81.7621,6221303.0
2026-07-27,82.5872,83.6409,82.0106,83.5713,11009757.0
2026-07-28,87.7762,89.6848,85.7384,87.7464,23132022.0
2026-07-29,88.1242,90.3807,88.1142,88.5516,13228245.0
2026-07-30,87.1102,88.1142,86.6927,87.9651,9404688.0
2026-07-31,87.14,87.478,86.305,87.0704,7791163.0
2026-08-03,87.9552,87.9552,86.1161,86.3448,7561232.0
2026-08-04,85.2811,86.1658,84.6549,86.0465,7822788.0
2026-08-05,86.5336,86.633,85.6688,86.3149,6783468.0
2026-08-06,87.3388,87.4482,85.9074,86.3348,6290454.0
2026-08-07,85.9968,86.6529,85.6787,86.5336,5777878.0
2026-08-10,86.5933,87.0108,85.9173,86.3547,7231942.0
2026-08-11,86.1062,86.5336,85.5893,85.967,6351299.0
2026-08-12,85.2712,86.7722,85.1519,86.1957,6650599.0
2026-08-13,86.6231,87.2295,86.3945,86.9014,5466262.0
2026-08-14,86.7822,87.4482,86.6828,87.1897,4173269.0
2026-08-17,86.7822,87.4979,86.3348,86.4641,5178288.0
2026-08-18,87.8756,88.4323,87.3587,88.2931,6735594.0
2026-08-19,88.0645,90.2216,88.0645,89.8141,9485123.0
2026-08-20,89.6451,91.3251,89.1977,89.9632,8373749.0
2026-08-21,90.3111,90.659,89.7842,90.5596,8015496.0
2026-08-24,91.5736,91.9414,90.9075,91.4443,7321141.0
2026-08-25,91.0964,91.5338,90.7584,91.0964,7126557.0
2026-08-26,91.2356,91.663,89.4661,89.5457,9798542.0
2026-08-27,88.8796,89.496,88.4224,88.5317,6042764.0
2026-08-28,88.6808,89.5059,88.5417,89.1282,5004768.0
2026-08-31,88.9691,88.9989,88.0744,88.144,7863408.0
2026-09-01,89.0685,89.2474,87.2891,87.478,6883868.0
2026-09-02,87.3687,88.4224,87.2096,87.7166,6648863.0
2026-09-03,87.5874,88.7007,87.4879,88.2832,6695609.0
2026-09-04,88.0546,88.3826,87.3289,87.5476,6372807.0
2026-09-08,87.0307,88.0247,87.0307,87.8359,6998594.0
2026-09-09,87.5973,87.8756,86.8915,87.0307,7296581.0
2026-09-10,88.0546,88.4323,87.2693,87.309,5852832.0
2026-09-11,87.9552,88.1242,87.2792,87.7663,5342435.0
2026-09-14,89.47,89.83,88.33,88.82,8396549.0
