timestamp,open,high,low,close,volume
2006-09-18,5.3473,5.3684,5.2994,5.3128,9841600.0
2006-09-19,5.355,5.4759,5.355,5.4701,22922800.0
2006-09-20,5.4605,5.4701,5.4203,5.4222,18878800.0
2006-09-21,5.3876,5.4337,5.2975,5.355,27049600.0
2006-09-22,5.3051,5.3665,5.2687,5.3608,10468400.0
2006-09-25,5.4529,5.4682,5.3742,5.4337,16176800.0
2006-09-26,5.4452,5.5584,5.4356,5.5258,23914400.0
2006-09-27,5.497,5.5373,5.4394,5.4682,11899200.0
2006-09-28,5.4874,5.5085,5.4318,5.4951,13610800.0
2006-09-29,5.4912,5.4932,5.3761,5.378,14166800.0
2006-10-02,5.378,5.451,5.3378,5.4433,15180000.0
2006-10-03,5.4586,5.4682,5.4011,5.4107,14629600.0
2006-10-04,5.4087,5.4414,5.3761,5.4337,21832000.0
2006-10-05,5.6121,5.6217,5.451,5.5315,32632000.0
2006-10-06,5.4855,5.614,5.426,5.5757,20869600.0
2006-10-09,5.5642,5.5795,5.5123,5.5737,8456400.0
2006-10-10,5.5258,5.6044,5.5258,5.5891,11315600.0
2006-10-11,5.5891,5.6044,5.5469,5.5469,14811200.0
2006-10-12,5.5833,5.5872,5.5335,5.5718,15734400.0
2006-10-13,5.5642,5.5757,5.5354,5.5737,8341200.0
2006-10-16,5.5968,5.5987,5.5507,5.5642,8376400.0
2006-10-17,5.5642,5.5757,5.5181,5.5546,9112800.0
2006-10-18,5.5642,5.6409,5.5603,5.6217,11975600.0
2006-10-19,5.5929,5.6697,5.5737,5.5853,10728000.0
2006-10-20,5.6505,5.6524,5.5814,5.6121,11337600.0
2006-10-23,5.5642,5.6927,5.5526,5.6467,12138800.0
2006-10-24,5.5929,5.7061,5.5814,5.6697,18820400.0
2006-10-25,5.6716,5.6812,5.5354,5.5757,14186400.0
2006-10-26,5.5833,5.6217,5.5296,5.614,8058000.0
2006-10-27,5.591,5.6102,5.5258,5.5335,6276400.0
2006-10-30,5.5315,5.6044,5.4951,5.5488,6864400.0
2006-10-31,5.5354,5.6102,5.5315,5.5507,8588400.0
2006-11-01,5.5642,5.568,5.4068,5.4145,7183600.0
2006-11-02,5.4145,5.4874,5.3339,5.4318,15610800.0
2006-11-03,5.4625,5.5104,5.3876,5.4644,16041600.0
2006-11-06,5.464,5.6121,5.4487,5.6044,16072400.0
2006-11-07,5.6044,5.691,5.5794,5.6583,11251600.0
2006-11-08,5.6621,5.6929,5.6102,5.6333,9115600.0
2006-11-09,5.6275,5.6468,5.5237,5.5294,14053600.0
2006-11-10,5.5429,5.5583,5.4852,5.5083,11894000.0
2006-11-13,5.5275,5.5583,5.4352,5.4679,9599200.0
2006-11-14,5.4621,5.5467,5.4044,5.489,20104800.0
2006-11-15,5.5391,5.7391,5.5294,5.7333,19293600.0
2006-11-16,5.7237,5.7352,5.6698,5.7295,9373200.0
2006-11-17,5.7218,5.7237,5.6237,5.6256,13504000.0
2006-11-20,5.6256,5.7083,5.5525,5.5621,10556000.0
2006-11-21,5.5621,5.5775,5.4621,5.4775,15455200.0
2006-11-22,5.491,5.5217,5.416,5.4333,12908400.0
2006-11-24,5.3852,5.4429,5.3813,5.4237,4314400.0
2006-11-27,5.3987,5.4352,5.2506,5.2525,18748400.0
2006-11-28,5.2506,5.339,5.2429,5.2679,20510800.0
2006-11-29,5.2794,5.366,5.2794,5.2948,13065200.0
2006-11-30,5.316,5.3179,5.1544,5.2756,23213600.0
2006-12-01,5.2852,5.3448,5.1294,5.1794,18858800.0
2006-12-04,5.2082,5.4044,5.1986,5.366,14522800.0
2006-12-05,5.3583,5.3698,5.264,5.3294,11183200.0
2006-12-06,5.3852,5.4217,5.3275,5.4121,11664800.0
2006-12-07,5.4237,5.4429,5.3352,5.3486,10550400.0
2006-12-08,5.3486,5.4044,5.3467,5.3833,7852000.0
2006-12-11,5.3929,5.4448,5.3737,5.414,8819200.0
2006-12-12,5.4314,5.4352,5.2986,5.3179,12476800.0
2006-12-13,5.364,5.4198,5.3179,5.4063,12678400.0
2006-12-14,5.4448,5.6314,5.439,5.6064,18856400.0
2006-12-15,5.6583,5.666,5.5833,5.5852,14838400.0
2006-12-18,5.5968,5.616,5.5179,5.5352,9780800.0
2006-12-19,5.5294,5.5737,5.4698,5.5391,8280800.0
2006-12-20,5.4698,5.6256,5.4698,5.5525,13812800.0
2006-12-21,5.6064,5.6391,5.5141,5.5179,11127600.0
2006-12-22,5.5487,5.6525,5.5121,5.5371,4057200.0
2006-12-26,5.5333,5.5333,5.4275,5.5006,5888800.0
2006-12-27,5.5198,5.5737,5.4737,5.566,5067600.0
2006-12-28,5.566,5.6314,5.5217,5.5275,4408000.0
2006-12-29,5.5352,5.5698,5.4621,5.4775,4402000.0
2007-01-03,5.5583,5.6698,5.4679,5.5198,18503600.0
2007-01-04,5.5198,5.7333,5.3486,5.7179,17488400.0
2007-01-05,5.6833,5.7218,5.5564,5.5871,12627200.0
2007-01-08,5.5833,5.6256,5.5333,5.5583,10931600.0
2007-01-09,5.5621,5.6737,5.5602,5.6314,7690800.0
2007-01-10,5.6102,5.6948,5.5717,5.6737,6160400.0
2007-01-11,5.6737,5.766,5.6737,5.7602,9707600.0
2007-01-12,5.7102,5.8006,5.6929,5.7602,15201600.0
2007-01-16,5.7583,5.7698,5.6371,5.7506,10347200.0
2007-01-17,5.7179,5.7891,5.6275,5.6948,20200800.0
2007-01-18,5.6833,5.691,5.5775,5.6775,19722000.0
2007-01-19,5.7372,5.7833,5.6141,5.7737,17394800.0
2007-01-22,5.7641,5.7775,5.6775,5.7602,18725200.0
2007-01-23,5.7602,5.7852,5.6987,5.7352,10652400.0
2007-01-24,5.7448,5.816,5.7352,5.7737,8553200.0
2007-01-25,5.7718,5.7775,5.5391,5.7275,12325200.0
2007-01-26,5.7333,5.7468,5.6371,5.6775,14242400.0
2007-01-29,5.6737,5.7006,5.6448,5.6545,10356800.0
2007-01-30,5.6679,5.7198,5.6314,5.666,11086800.0
2007-01-31,5.6679,5.7121,5.6218,5.6833,10167600.0
2007-02-01,5.5775,5.6602,5.4564,5.4794,39071200.0
2007-02-02,5.4794,5.5333,5.4506,5.5198,22691200.0
2007-02-05,5.5336,5.5336,5.3466,5.4083,17218400.0
2007-02-06,5.4141,5.47,5.3967,5.4565,8292800.0
2007-02-07,5.47,5.4758,5.3851,5.4333,7597600.0
2007-02-08,5.4237,5.5201,5.4179,5.5162,9955200.0
2007-02-09,5.5008,5.5355,5.3967,5.4141,13268800.0
2007-02-12,5.4102,5.4314,5.3851,5.4121,7628800.0
2007-02-13,5.4179,5.4468,5.3851,5.416,10463600.0
2007-02-14,5.4488,5.5355,5.4198,5.5182,14864000.0
2007-02-15,5.5085,5.5509,5.468,5.5375,7471200.0
2007-02-16,5.524,5.5375,5.468,5.495,8040400.0
2007-02-20,5.495,5.5471,5.4276,5.5201,10614000.0
2007-02-21,5.47,5.495,5.3659,5.4333,24040000.0
2007-02-22,5.4449,5.5548,5.4449,5.5259,20920400.0
2007-02-23,5.524,5.5452,5.4449,5.4912,10186000.0
2007-02-26,5.4989,5.524,5.3986,5.4507,12086800.0
2007-02-27,5.4333,5.4488,5.2502,5.3099,21017600.0
2007-02-28,5.3119,5.3678,5.2482,5.3119,16472000.0
2007-03-01,5.2251,5.3697,5.1711,5.3061,13903600.0
2007-03-02,5.3061,5.3659,5.2617,5.2637,9346800.0
2007-03-05,5.2656,5.2984,5.1769,5.1846,13142800.0
2007-03-06,5.202,5.2386,5.1036,5.1441,20402000.0
2007-03-07,5.148,5.2193,5.1306,5.1923,14160000.0
2007-03-08,5.2193,5.3099,5.2174,5.2617,11967600.0
2007-03-09,5.2964,5.3119,5.1673,5.2212,10430400.0
2007-03-12,5.1827,5.2386,5.1538,5.1692,11348000.0
2007-03-13,5.1326,5.1576,5.0072,5.0246,18675200.0
2007-03-14,5.0612,5.0689,4.9629,5.013,19617200.0
2007-03-15,4.9976,5.0535,4.9937,5.04,15522000.0
2007-03-16,5.04,5.0901,5.0149,5.0304,11263200.0
2007-03-19,5.0516,5.1056,5.0419,5.0593,30199200.0
2007-03-20,5.148,5.1499,5.0728,5.1017,18672800.0
2007-03-21,5.1075,5.1692,5.0689,5.1441,19654800.0
2007-03-22,5.2964,5.2964,4.9937,5.1788,11557600.0
2007-03-23,5.1962,5.2135,5.1673,5.2058,10528400.0
2007-03-26,5.2039,5.2328,5.1576,5.229,9842800.0
2007-03-27,5.1865,5.2058,5.1383,5.1595,12097600.0
2007-03-28,5.1518,5.1518,5.0689,5.1017,13652800.0
2007-03-29,5.2,5.2444,4.9976,5.1788,16812400.0
2007-03-30,5.1711,5.227,5.1345,5.1962,10483200.0
2007-04-02,5.2174,5.2829,5.1885,5.2212,12442800.0
2007-04-03,5.256,5.3427,5.2463,5.3215,18971200.0
2007-04-04,5.3119,5.3543,5.3022,5.335,10458400.0
2007-04-05,5.335,5.3871,5.3234,5.3774,6976400.0
2007-04-09,5.3832,5.4218,5.3466,5.4121,14287600.0
2007-04-10,5.4006,5.4179,5.3446,5.3813,12196000.0
2007-04-11,5.3697,5.4006,5.3331,5.362,11957200.0
2007-04-12,5.3446,5.4372,5.3061,5.3793,10167200.0
2007-04-13,5.4565,5.4565,5.3678,5.3851,11556000.0
2007-04-16,5.3986,5.4738,5.3986,5.4661,12391200.0
2007-04-17,5.4642,5.4796,5.4468,5.4584,10930400.0
2007-04-18,5.4314,5.495,5.4198,5.4719,9415600.0
2007-04-19,5.4584,5.5683,5.4565,5.5182,15201600.0
2007-04-20,5.5895,5.5953,5.5452,5.5914,10308800.0
2007-04-23,5.7534,5.7534,5.5008,5.5143,11370000.0
2007-04-24,5.4893,5.497,5.4102,5.4623,14690000.0
2007-04-25,5.4661,5.4854,5.4468,5.4642,10162800.0
2007-04-26,5.4584,5.4719,5.4198,5.4333,12467600.0
2007-04-27,5.5143,5.5162,5.4372,5.4719,11200400.0
2007-04-30,5.4661,5.4893,5.3697,5.3774,13587600.0
2007-05-01,5.3215,5.4372,5.3215,5.4314,14254000.0
2007-05-02,5.4333,5.4893,5.4237,5.4719,10243200.0
2007-05-03,5.4719,5.4835,5.4044,5.4198,8693600.0
2007-05-04,5.4372,5.4449,5.389,5.4063,9377600.0
2007-05-07,5.3927,5.4585,5.3792,5.4391,7143200.0
2007-05-08,5.4353,5.4585,5.3405,5.354,13535600.0
2007-05-09,5.354,5.4585,5.3463,5.443,17400000.0
2007-05-10,5.4449,5.619,5.4159,5.532,17310400.0
2007-05-11,5.5165,5.5358,5.412,5.4488,11140000.0
2007-05-14,5.5146,5.5416,5.4643,5.4778,10848000.0
2007-05-15,5.4024,5.4585,5.3405,5.3695,19057200.0
2007-05-16,5.3676,5.3753,5.2941,5.3366,16009200.0
2007-05-17,5.3192,5.3579,5.2902,5.3192,11937200.0
2007-05-18,5.3637,5.4817,5.325,5.4797,12630800.0
2007-05-21,5.4546,5.4836,5.4178,5.4662,8941600.0
2007-05-22,5.4662,5.4836,5.4043,5.4062,10251200.0
2007-05-23,5.4159,5.4797,5.4043,5.4469,11666800.0
2007-05-24,5.4275,5.4449,5.3289,5.3579,13822800.0
2007-05-25,5.3579,5.3734,5.2708,5.3173,12834000.0
2007-05-29,5.3057,5.3676,5.2921,5.3115,9872800.0
2007-05-30,5.3037,5.3792,5.2999,5.3676,9623600.0
2007-05-31,5.3966,5.414,5.3231,5.4043,11066800.0
2007-06-01,5.4159,5.4933,5.4043,5.4353,13027200.0
2007-06-04,5.4546,5.559,5.4372,5.5397,13010800.0
2007-06-05,5.532,5.5474,5.4739,5.501,10726000.0
2007-06-06,5.4933,5.5416,5.4178,5.5223,17017600.0
2007-06-07,5.4643,5.5204,5.3385,5.3656,19225600.0
2007-06-08,5.3656,5.4855,5.3521,5.4507,20722800.0
2007-06-11,5.4585,5.4643,5.3792,5.412,8374400.0
2007-06-12,5.3869,5.4159,5.3269,5.3637,12521600.0
2007-06-13,5.3946,5.5068,5.3521,5.501,15632000.0
2007-06-14,5.5068,5.5629,5.4836,5.5494,13216800.0
2007-06-15,5.5823,5.6093,5.5358,5.5436,11177200.0
2007-06-18,5.6093,5.6093,5.4778,5.4855,11181600.0
2007-06-19,5.4333,5.4565,5.4024,5.4507,10133200.0
2007-06-20,5.4546,5.4681,5.3269,5.3289,14738800.0
2007-06-21,5.3347,5.3598,5.2708,5.3347,11152400.0
2007-06-22,5.3057,5.3327,5.2805,5.2863,10188800.0
2007-06-25,5.4411,5.4411,5.1703,5.1993,18587600.0
2007-06-26,5.236,5.2457,5.1703,5.1819,10453200.0
2007-06-27,5.0987,5.2824,5.0948,5.2708,11016400.0
2007-06-28,5.2689,5.3231,5.2225,5.3134,14376800.0
2007-06-29,5.3192,5.4043,5.2882,5.3134,16985600.0
2007-07-03,5.3443,5.3676,5.3211,5.3347,4287600.0
2007-07-05,5.3734,5.4275,5.3405,5.4236,10387200.0
2007-07-06,5.4024,5.4739,5.3792,5.4565,9574400.0
2007-07-09,5.4449,5.6964,5.4217,5.65,33059200.0
2007-07-10,5.4875,5.6809,5.4217,5.4314,25072000.0
2007-07-11,5.4198,5.4546,5.3501,5.4082,17250000.0
2007-07-12,5.5397,5.5784,5.414,5.5455,26830400.0
2007-07-13,5.532,5.7331,5.4971,5.7235,22344000.0
2007-07-16,5.7022,5.708,5.6403,5.6886,10299600.0
2007-07-17,5.6925,5.8395,5.6809,5.7293,23158000.0
2007-07-18,5.6964,5.7679,5.6248,5.708,16678800.0
2007-07-19,5.708,5.7447,5.679,5.7138,7666000.0
2007-07-20,5.7196,5.797,5.6693,5.6983,16613600.0
2007-07-23,5.7389,5.7776,5.6558,5.6635,12892400.0
2007-07-24,5.6383,5.6983,5.5397,5.5629,17471200.0
2007-07-25,5.5861,5.648,5.4778,5.501,15074800.0
2007-07-26,5.4681,5.5068,5.2824,5.3443,29933600.0
2007-07-27,5.3463,5.3869,5.2515,5.2863,17839600.0
2007-07-30,5.3076,5.4759,5.2728,5.4565,20368400.0
2007-07-31,5.5552,5.6558,5.3656,5.3676,21842400.0
2007-08-01,5.3405,5.4333,5.296,5.4217,28436400.0
2007-08-02,5.4507,5.4739,5.3811,5.4353,19139200.0
2007-08-03,5.5919,5.5919,5.2554,5.2805,18710800.0
2007-08-06,5.3886,5.4643,5.212,5.4623,21261600.0
2007-08-07,5.4507,5.5865,5.3983,5.5399,21154400.0
2007-08-08,5.5788,5.5885,5.439,5.5477,17104000.0
2007-08-09,5.4293,5.5322,5.2295,5.2392,21979200.0
2007-08-10,5.2431,5.4002,5.1014,5.3362,17537200.0
2007-08-13,5.4332,5.4914,5.3362,5.3595,13286800.0
2007-08-14,5.3478,5.4837,5.2469,5.3556,22865600.0
2007-08-15,5.3731,5.5555,5.3517,5.5302,24116000.0
2007-08-16,5.2586,5.7747,5.2586,5.6932,26524400.0
2007-08-17,5.7747,5.8659,5.7068,5.8174,30758400.0
2007-08-20,5.8019,5.8485,5.7204,5.7476,23753200.0
2007-08-21,5.7456,5.7883,5.6971,5.7553,10674800.0
2007-08-22,5.8058,5.8407,5.7107,5.7922,11625200.0
2007-08-23,5.8174,5.831,5.7398,5.8,10676400.0
2007-08-24,5.7922,5.9688,5.7534,5.9591,15038800.0
2007-08-27,5.9339,6.0483,5.9183,5.9649,18156800.0
2007-08-28,5.9455,5.961,5.6991,5.7146,16886000.0
2007-08-29,5.7437,5.8873,5.7068,5.864,15537200.0
2007-08-30,5.7747,5.8892,5.7534,5.7961,11383200.0
2007-08-31,5.8465,5.9533,5.8155,5.9067,11846400.0
2007-09-04,5.9183,5.994,5.864,5.8756,12658800.0
2007-09-05,5.9358,5.9358,5.67,5.7223,14572800.0
2007-09-06,5.8368,5.9377,5.6564,5.9028,14639600.0
2007-09-07,5.7864,5.9067,5.668,5.7243,13295200.0
2007-09-10,5.7223,5.7534,5.6234,5.6583,10582800.0
2007-09-11,5.7068,5.8388,5.6991,5.831,11949200.0
2007-09-12,5.8194,5.9164,5.7767,5.8213,13608400.0
2007-09-13,5.8679,6.0154,5.8504,5.9533,12020400.0
2007-09-14,5.9319,5.9998,5.8213,5.9901,8536000.0
2007-09-17,5.9377,6.0037,5.9145,5.9203,8416800.0
2007-09-18,5.9358,6.1124,5.9242,6.06,19950400.0
2007-09-19,6.1124,6.2987,6.0949,6.1803,22022800.0
2007-09-20,6.1531,6.1725,5.9028,5.9048,20045600.0
2007-09-21,5.9106,5.9183,5.8038,5.831,22028400.0
2007-09-24,5.7243,5.994,5.7243,5.8873,17434800.0
2007-09-25,5.8,5.9261,5.7165,5.9222,15695600.0
2007-09-26,5.9688,5.9688,5.701,5.7262,17784800.0
2007-09-27,5.701,5.7573,5.6389,5.6447,17418400.0
2007-09-28,5.6564,5.7049,5.6195,5.6486,16463200.0
2007-10-01,5.6079,5.6894,5.5419,5.6641,13094000.0
2007-10-02,5.6564,5.67,5.5826,5.6467,10173200.0
2007-10-03,5.6214,5.7495,5.6059,5.6855,11842800.0
2007-10-04,5.7068,5.7185,5.4953,5.5613,15753200.0
2007-10-05,5.6214,5.6835,5.604,5.6331,11852800.0
2007-10-08,5.6331,5.7689,5.5497,5.7515,22884000.0
2007-10-09,5.8524,5.8795,5.6952,5.7515,20716800.0
2007-10-10,5.7029,5.7903,5.6835,5.7631,13658000.0
2007-10-11,5.8252,6.2075,5.8233,5.9765,33070400.0
2007-10-12,5.9746,6.0348,5.8698,5.93,14137200.0
2007-10-15,5.9358,5.9474,5.7709,5.8174,13450000.0
2007-10-16,5.7961,5.8815,5.7534,5.7922,12996000.0
2007-10-17,5.8407,5.8756,5.6564,5.7262,15005600.0
2007-10-18,5.6738,5.6855,5.5594,5.6059,13051600.0
2007-10-19,5.5865,5.668,5.4856,5.4992,17108800.0
2007-10-22,5.4837,5.6738,5.4352,5.6486,18957600.0
2007-10-23,5.6486,5.6952,5.5613,5.6913,15912000.0
2007-10-24,5.6894,5.7185,5.5341,5.6409,15449600.0
2007-10-25,5.6583,5.6991,5.4429,5.5458,17199600.0
2007-10-26,5.6117,5.6389,5.4798,5.5729,13796800.0
2007-10-29,5.5885,5.6273,5.4992,5.5147,10441200.0
2007-10-30,5.4817,5.5632,5.4332,5.5322,13083600.0
2007-10-31,5.5865,5.7185,5.5477,5.6137,24993600.0
2007-11-01,5.6176,5.6253,5.3808,5.3944,21731600.0
2007-11-02,5.4099,5.4487,5.2586,5.3964,22287600.0
2007-11-05,5.3148,5.3869,5.2584,5.3187,18971600.0
2007-11-06,5.3363,5.3674,5.1825,5.346,18012400.0
2007-11-07,5.2681,5.4122,5.2642,5.311,25415600.0
2007-11-08,5.4609,5.6711,5.3694,5.5485,33018400.0
2007-11-09,5.5251,5.6653,5.4881,5.5368,26413600.0
2007-11-12,5.4745,5.7821,5.4745,5.7159,24795600.0
2007-11-13,5.7996,6.0352,5.7354,5.9086,34510800.0
2007-11-14,5.9456,5.9456,5.677,5.6925,34483200.0
2007-11-15,5.6614,5.7821,5.6516,5.7081,16257200.0
2007-11-16,5.7431,5.7918,5.6108,5.7139,16894800.0
2007-11-19,5.6867,5.6867,5.4823,5.4901,20682000.0
2007-11-20,5.4998,5.6594,5.457,5.5543,22704800.0
2007-11-21,5.4784,5.5913,5.4063,5.5173,14435200.0
2007-11-23,5.5407,5.5777,5.4959,5.5601,8049200.0
2007-11-26,5.564,5.564,5.3051,5.3071,20675600.0
2007-11-27,5.3187,5.4239,5.2837,5.3226,16422800.0
2007-11-28,5.3577,5.6147,5.3479,5.5621,20162000.0
2007-11-29,5.5543,5.5543,5.4414,5.4725,13207600.0
2007-11-30,5.5952,5.747,5.5835,5.7042,17002800.0
2007-12-03,5.7451,5.7451,5.5738,5.5757,13496000.0
2007-12-04,5.5193,5.6847,5.4589,5.6361,17764400.0
2007-12-05,5.677,5.749,5.6049,5.64,14131600.0
2007-12-06,5.6945,5.9281,5.5913,5.8385,24448400.0
2007-12-07,5.8346,6.0215,5.8346,6.0001,17331600.0
2007-12-10,6.0079,6.0332,5.93,6.0196,11549200.0
2007-12-11,6.0099,6.0624,5.7821,5.8191,21653200.0
2007-12-12,5.9554,6.0235,5.7899,5.8755,15289600.0
2007-12-13,5.8677,5.9106,5.6614,5.7782,17999600.0
2007-12-14,5.7198,5.7646,5.6205,5.6224,11492000.0
2007-12-17,5.5971,5.7373,5.5757,5.6283,10222000.0
2007-12-18,5.6808,5.8054,5.5991,5.7198,18633200.0
2007-12-19,5.7821,5.7821,5.529,5.5621,14431600.0
2007-12-20,5.5757,5.6458,5.4901,5.6302,11678800.0
2007-12-21,5.7178,5.7548,5.6497,5.7042,15452000.0
2007-12-24,5.6672,5.8074,5.6672,5.7665,3089600.0
2007-12-26,5.6984,5.7393,5.5601,5.6575,7136000.0
2007-12-27,5.6322,5.6847,5.5893,5.5913,9812800.0
2007-12-28,5.6224,5.6653,5.5504,5.5601,7752400.0
2007-12-31,5.527,5.6867,5.5134,5.5874,10022000.0
2008-01-02,5.5874,5.6205,5.3791,5.4511,14692000.0
2008-01-03,5.4862,5.5485,5.4141,5.4297,14112000.0
2008-01-04,5.3888,5.4375,5.272,5.3071,22213200.0
2008-01-07,5.3479,5.4258,5.2448,5.3518,19094800.0
2008-01-08,5.3694,5.4025,5.1649,5.1883,20058800.0
2008-01-09,5.1844,5.2058,4.9625,5.1825,22992800.0
2008-01-10,5.1533,5.6186,5.1533,5.5387,42508800.0
2008-01-11,5.4784,5.6127,5.4141,5.5037,25329600.0
2008-01-14,5.5368,5.5816,5.4375,5.5757,17358800.0
2008-01-15,5.5173,5.5777,5.4667,5.5173,19641600.0
2008-01-16,5.4803,5.6458,5.4706,5.5718,25122000.0
2008-01-17,5.5952,5.7431,5.5913,5.6536,37249600.0
2008-01-18,5.712,5.7801,5.5037,5.6224,26290400.0
2008-01-22,5.3421,5.8016,5.3421,5.784,34728400.0
2008-01-23,5.7724,6.2007,5.7315,6.187,51898400.0
2008-01-24,6.2201,6.2201,6.0274,6.043,43940400.0
2008-01-25,6.0877,6.0897,5.8346,5.8833,23467200.0
2008-01-28,5.9028,6.1267,5.8639,6.1111,22516000.0
2008-01-29,6.1617,6.2143,5.9261,6.1909,30583600.0
2008-01-30,6.1909,6.2084,6.0449,6.0819,33276000.0
2008-01-31,5.9982,6.2299,5.9495,6.1442,43363600.0
2008-02-01,6.1578,6.2668,6.0975,6.2493,28586000.0
2008-02-04,6.2887,6.3336,6.0603,6.1208,19126400.0
2008-02-05,6.0427,6.2341,6.0427,6.0759,29698800.0
2008-02-06,6.1052,6.1853,5.9978,6.0291,21292800.0
2008-02-07,5.9842,6.1931,5.9842,6.1052,30106000.0
2008-02-08,6.0837,6.1716,5.9197,5.9236,24036000.0
2008-02-11,5.9119,6.0779,5.8534,6.033,16460400.0
2008-02-12,6.0818,6.1052,5.9354,5.9881,19574000.0
2008-02-13,6.0525,6.0857,5.9275,6.0525,17664000.0
2008-02-14,6.0447,6.0994,5.8221,5.8397,18603200.0
2008-02-15,5.8182,5.8787,5.7479,5.8651,16272000.0
2008-02-19,5.8826,5.9549,5.7889,5.8045,15955200.0
2008-02-20,5.8202,6.2048,5.8202,6.0876,38373200.0
2008-02-21,6.1208,6.2341,6.0759,6.0837,28708800.0
2008-02-22,6.1423,6.3454,6.1208,6.3395,35124800.0
2008-02-25,6.3454,6.4332,6.2712,6.4098,29726800.0
2008-02-26,6.3668,6.523,6.3571,6.5035,24176000.0
2008-02-27,6.4762,6.4996,6.3629,6.4176,24503200.0
2008-02-28,6.3493,6.4566,6.3395,6.3688,17616800.0
2008-02-29,6.277,6.3942,6.2048,6.2477,18698800.0
2008-03-03,6.2282,6.3844,6.1931,6.3805,24437600.0
2008-03-04,6.3083,6.5113,6.3083,6.4898,35143200.0
2008-03-05,6.5191,6.5601,6.3454,6.4547,21670800.0
2008-03-06,6.4547,6.4547,6.1306,6.1423,21847200.0
2008-03-07,6.0818,6.1989,6.0134,6.1013,20911600.0
2008-03-10,6.0955,6.1618,6.0427,6.0759,16749200.0
2008-03-11,6.2009,6.3727,6.1716,6.3727,28964400.0
2008-03-12,6.3746,6.4937,6.2946,6.3493,29921600.0
2008-03-13,6.2751,6.3727,6.2204,6.3239,37773200.0
2008-03-14,6.3278,6.4235,6.1208,6.2985,24556800.0
2008-03-17,6.1384,6.3161,6.0681,6.2263,31180800.0
2008-03-18,6.238,6.4508,6.238,6.4488,28960400.0
2008-03-19,6.4664,6.5406,6.3044,6.3122,21298800.0
2008-03-20,6.2887,6.6382,6.2887,6.6246,29020400.0
2008-03-24,6.6812,6.8198,6.607,6.7144,25181200.0
2008-03-25,6.73,6.7534,6.6285,6.7261,19552800.0
2008-03-26,6.7046,6.7046,6.5035,6.5523,17854000.0
2008-03-27,6.6187,6.6617,6.4918,6.4957,16994400.0
2008-03-28,6.3083,6.4332,6.2634,6.3786,20873200.0
2008-03-31,6.3629,6.5035,6.3336,6.4566,21852400.0
2008-04-01,6.4566,6.7066,6.2809,6.646,26187600.0
2008-04-02,6.6656,6.7983,6.6656,6.7241,25644400.0
2008-04-03,6.6948,6.728,6.5738,6.6519,16166000.0
2008-04-04,6.687,6.687,6.4059,6.4742,28322000.0
2008-04-07,6.5387,6.5387,6.2516,6.2751,21867600.0
2008-04-08,6.277,6.3317,6.2243,6.3044,14169600.0
2008-04-09,6.2946,6.3571,6.1462,6.2634,19579600.0
2008-04-10,6.0662,6.1911,5.8553,6.0291,48211600.0
2008-04-11,5.9451,5.9939,5.8573,5.8709,29014000.0
2008-04-14,5.9022,6.0642,5.9022,6.0193,17080400.0
2008-04-15,6.0701,6.0701,5.9314,5.992,19750800.0
2008-04-16,6.0252,6.1208,5.992,6.0994,11912400.0
2008-04-17,6.0701,6.115,6.0095,6.0896,10915200.0
2008-04-18,6.1794,6.3219,6.1794,6.2555,18650800.0
2008-04-21,6.2106,6.2438,6.1365,6.2185,15409600.0
2008-04-22,6.2048,6.2048,6.031,6.1482,15870800.0
2008-04-23,6.1599,6.279,6.0837,6.1853,14692400.0
2008-04-24,6.1931,6.2868,6.1208,6.2399,27351200.0
2008-04-25,6.277,6.443,6.2438,6.4313,16568000.0
2008-04-28,6.4527,6.4762,6.3473,6.4235,13415200.0
2008-04-29,6.4235,6.5387,6.3883,6.4976,11346000.0
2008-04-30,6.5465,6.5699,6.2555,6.2907,18440400.0
2008-05-01,6.2185,6.5269,6.1462,6.443,15135600.0
2008-05-02,6.5191,6.5992,6.2555,6.2731,23526000.0
2008-05-05,6.2266,6.2951,6.1168,6.1404,22914400.0
2008-05-06,6.1404,6.3128,6.0914,6.2775,15706800.0
2008-05-07,6.2873,6.3735,6.2128,6.2207,14273200.0
2008-05-08,6.2795,6.3382,6.0306,6.0737,29213600.0
2008-05-09,6.0346,6.1874,5.9738,6.0816,19700800.0
2008-05-12,6.0659,6.35,6.0659,6.2971,17906800.0
2008-05-13,6.3304,6.3304,5.9405,6.0052,43189200.0
2008-05-14,6.0444,6.2677,6.0444,6.1521,23802400.0
2008-05-15,6.1678,6.2873,6.0816,6.2775,17502000.0
2008-05-16,6.3637,6.3637,6.1462,6.2364,20344800.0
2008-05-19,6.2285,6.3089,6.1756,6.2128,12978000.0
2008-05-20,6.1737,6.2011,6.0757,6.1482,16477200.0
2008-05-21,6.1639,6.1952,6.0659,6.0816,24598400.0
2008-05-22,6.1012,6.2207,6.0444,6.1404,12076000.0
2008-05-23,6.1247,6.2031,6.0091,6.1168,18011200.0
2008-05-27,6.1364,6.2873,6.107,6.207,16285200.0
2008-05-28,6.2364,6.2971,6.1266,6.2226,14185600.0
2008-05-29,6.2207,6.3461,6.1462,6.3049,14015600.0
2008-05-30,6.2853,6.3187,6.2109,6.2814,10306400.0
2008-06-02,6.1619,6.2266,6.0404,6.1874,16738400.0
2008-06-03,6.1991,6.3089,6.1972,6.2775,17680400.0
2008-06-04,6.2481,6.3833,6.207,6.3147,15246800.0
2008-06-05,6.3265,6.5165,6.3265,6.4558,18856400.0
2008-06-06,6.3539,6.3853,6.1599,6.1933,21896000.0
2008-06-09,6.1835,6.2481,6.1012,6.156,16124800.0
2008-06-10,6.111,6.3755,6.109,6.3265,22516800.0
2008-06-11,6.254,6.3167,6.109,6.1286,16700000.0
2008-06-12,6.1893,6.4362,6.1717,6.3382,22368800.0
2008-06-13,6.4166,6.4871,6.3696,6.4793,16290400.0
2008-06-16,6.5048,6.5851,6.3735,6.5459,18648000.0
2008-06-17,6.5675,6.589,6.3578,6.3755,12414000.0
2008-06-18,6.3461,6.4225,6.2736,6.3167,17040000.0
2008-06-19,6.3187,6.4989,6.3128,6.4852,15877600.0
2008-06-20,6.448,6.4656,6.2932,6.3618,15621600.0
2008-06-23,6.4009,6.4284,6.2481,6.2716,22206000.0
2008-06-24,6.2305,6.3187,6.1521,6.2207,32290800.0
2008-06-25,6.2481,6.5028,6.2187,6.3755,24155200.0
2008-06-26,6.2736,6.3872,6.2422,6.254,17418000.0
2008-06-27,6.3853,6.4147,6.1482,6.2403,19616800.0
2008-06-30,6.1012,6.3833,6.0973,6.1658,25406000.0
2008-07-01,6.0737,6.2697,6.0385,6.254,23388400.0
2008-07-02,6.2658,6.2795,6.1188,6.1188,18852400.0
2008-07-03,6.1599,6.2109,6.0071,6.1188,11239200.0
2008-07-07,6.1502,6.2951,6.0522,6.0992,25952000.0
2008-07-08,6.0953,6.3696,6.0718,6.3598,21910800.0
2008-07-09,6.3774,6.3774,6.1697,6.1972,19522400.0
2008-07-10,6.2834,6.3813,6.1482,6.1991,28676800.0
2008-07-11,6.0757,6.2755,5.9817,6.1423,28820800.0
2008-07-14,6.2285,6.4049,6.1874,6.3265,25463200.0
2008-07-15,6.2893,6.4519,6.1717,6.3911,35586000.0
2008-07-16,6.397,6.7262,6.3265,6.6909,33482000.0
2008-07-17,6.7144,6.9672,6.6067,6.9104,35268400.0
2008-07-18,7.1396,7.1396,6.7654,6.7673,29900400.0
2008-07-21,6.781,6.8633,6.5792,6.685,19427600.0
2008-07-22,6.6517,6.879,6.6302,6.8575,20154400.0
2008-07-23,6.8614,6.9515,6.6165,6.6615,37218000.0
2008-07-24,6.5283,6.64,6.4009,6.4342,29876400.0
2008-07-25,6.4362,6.6263,6.3167,6.3618,26336800.0
2008-07-28,6.3539,6.4362,6.2677,6.3833,29022400.0
2008-07-29,6.3598,6.6987,6.3598,6.6674,31866000.0
2008-07-30,6.6929,6.8594,6.5538,6.6909,27153200.0
2008-07-31,6.6478,6.8045,6.5224,6.6047,26086000.0
2008-08-01,6.6223,6.7458,6.4911,6.6752,27507600.0
2008-08-04,6.6717,6.7031,6.4653,6.5616,25564400.0
2008-08-05,6.6422,7.0059,6.6304,6.9547,37649600.0
2008-08-06,6.9135,6.9665,6.7424,6.7759,30820000.0
2008-08-07,6.7503,6.9547,6.597,6.884,32062800.0
2008-08-08,6.9076,7.2634,6.8781,7.2476,36036400.0
2008-08-11,7.2339,7.3754,7.1356,7.2732,62916400.0
2008-08-12,7.1258,7.2221,7.0275,7.11,36703200.0
2008-08-13,7.0216,7.0923,6.8722,7.0353,39595600.0
2008-08-14,7.0471,7.2103,6.9901,7.0864,31257600.0
2008-08-15,7.0904,7.2319,7.0176,7.0688,20185600.0
2008-08-18,7.1061,7.1553,6.9508,6.996,15974800.0
2008-08-19,6.9665,6.9685,6.7798,6.8348,17285200.0
2008-08-20,6.8447,6.9154,6.7719,6.8545,24429200.0
2008-08-21,6.8034,6.9842,6.7424,6.9194,24450800.0
2008-08-22,6.9469,7.0806,6.9469,7.0747,22044400.0
2008-08-25,7.0314,7.057,6.9744,6.9882,25437200.0
2008-08-26,6.9882,7.0176,6.9076,7.0039,23848400.0
2008-08-27,6.9272,7.0727,6.88,7.0471,25174000.0
2008-08-28,7.0884,7.1906,7.0137,7.1828,23758000.0
2008-08-29,7.1297,7.3125,7.1159,7.1238,17949600.0
2008-09-02,7.2319,7.2673,7.1258,7.1415,27477200.0
2008-09-03,7.114,7.2575,7.0648,7.2319,28067200.0
2008-09-04,6.9292,6.9901,6.6795,6.6972,52731200.0
2008-09-05,6.4928,6.7641,6.4869,6.7562,32818800.0
2008-09-08,6.88,6.9272,6.7208,6.8859,33034400.0
2008-09-09,6.9135,6.9547,6.7149,6.7208,32930800.0
2008-09-10,6.8859,6.8859,6.652,6.7877,30352400.0
2008-09-11,6.6638,6.8859,6.656,6.8859,26094000.0
2008-09-12,6.7818,6.882,6.6422,6.6835,31576800.0
2008-09-15,6.5066,6.7346,6.4869,6.5341,28704400.0
2008-09-16,6.369,6.8486,6.369,6.7267,42900800.0
2008-09-17,6.6127,6.7169,6.3395,6.3473,50358400.0
2008-09-18,6.4358,6.5282,6.1429,6.4731,36363600.0
2008-09-19,6.5675,7.0766,6.3591,6.3984,31982000.0
2008-09-22,6.3513,6.6068,6.1645,6.1724,22091600.0
2008-09-23,6.2019,6.4024,6.1842,6.2589,27654400.0
2008-09-24,6.2943,6.3218,6.1056,6.1291,18964800.0
2008-09-25,6.1704,6.3867,6.1645,6.2392,27224000.0
2008-09-26,6.2215,6.3532,6.1193,6.2825,24354000.0
2008-09-29,6.1783,6.3296,5.9463,5.9463,27948800.0
2008-09-30,6.08,6.08,5.848,5.9994,26393600.0
2008-10-01,5.9503,6.021,5.8579,6.0191,29728400.0
2008-10-02,5.9778,6.025,5.7498,5.7871,26809200.0
2008-10-03,5.8972,5.9699,5.8264,5.8716,37182400.0
2008-10-06,5.736,5.8166,5.4608,5.7792,42223200.0
2008-10-07,5.8343,5.9168,5.4608,5.4706,37282800.0
2008-10-08,5.337,5.848,5.337,5.4274,50703600.0
2008-10-09,5.2446,5.394,4.8593,4.9438,59549200.0
2008-10-10,4.6725,5.3625,4.5978,5.0421,62662000.0
2008-10-13,5.3212,5.3212,5.0382,5.3075,29689200.0
2008-10-14,5.506,5.506,5.1502,5.3311,37067200.0
2008-10-15,5.3291,5.3802,5.0755,5.0814,32973200.0
2008-10-16,5.0264,5.4234,4.9458,5.4234,39404400.0
2008-10-17,5.2229,5.5178,5.2229,5.3035,29678000.0
2008-10-20,5.3625,5.4392,5.1286,5.4156,29661200.0
2008-10-21,5.3428,5.5158,5.2446,5.2662,26570000.0
2008-10-22,5.162,5.2623,4.7944,4.9399,33742800.0
2008-10-23,4.989,5.0735,4.6234,4.8278,35117200.0
2008-10-24,4.5605,4.8966,4.5605,4.645,33984400.0
2008-10-27,4.5841,4.8239,4.3482,4.5389,24956000.0
2008-10-28,4.6509,4.991,4.5605,4.989,30986400.0
2008-10-29,4.9753,5.506,4.9065,5.2269,41084400.0
2008-10-30,5.3704,5.451,5.1679,5.2485,29312000.0
2008-10-31,5.2799,5.3487,5.1423,5.2603,34198400.0
2008-11-03,5.257,5.2826,5.0379,5.1109,24656400.0
2008-11-04,5.2412,5.2412,5.0161,5.2076,22689600.0
2008-11-05,5.1346,5.253,5.105,5.1306,27909200.0
2008-11-06,5.1306,5.2175,4.6983,4.7398,43624400.0
2008-11-07,4.7417,4.8128,4.6786,4.7753,20803200.0
2008-11-10,4.8641,4.8819,4.6115,4.6786,21399600.0
2008-11-11,4.5384,4.7575,4.4358,4.6292,34174000.0
2008-11-12,4.5443,4.5443,4.2502,4.2936,35164800.0
2008-11-13,4.3094,4.4673,3.9817,4.4634,47790800.0
2008-11-14,4.4318,4.4318,4.1653,4.2087,21145200.0
2008-11-17,4.1693,4.268,4.0706,4.0706,27355600.0
2008-11-18,4.0607,4.1239,3.8514,3.958,34058000.0
2008-11-19,4.0074,4.0074,3.6244,3.6363,34840000.0
2008-11-20,3.5711,3.9047,3.5139,3.6461,31851600.0
2008-11-21,3.7073,3.9482,3.6126,3.9363,36576400.0
2008-11-24,4.0054,4.3094,3.8633,4.1712,38822800.0
2008-11-25,4.2186,4.3331,4.0528,4.1949,23314000.0
2008-11-26,4.1298,4.5088,4.1298,4.4812,27590000.0
2008-11-28,4.4516,4.6095,4.4516,4.5049,10698800.0
2008-12-01,4.4239,4.4298,3.9995,4.0054,26191600.0
2008-12-02,4.0449,4.116,3.9343,4.0094,26397200.0
2008-12-03,4.0054,4.1653,3.9324,4.1337,30164000.0
2008-12-04,3.8514,4.0192,3.7488,3.808,46084800.0
2008-12-05,3.7784,3.9857,3.5573,3.964,45325200.0
2008-12-08,4.0567,4.262,4.0034,4.1732,27931200.0
2008-12-09,4.1377,4.2265,3.9343,3.962,23130400.0
2008-12-10,3.9916,4.0765,3.9304,4.0429,19384800.0
2008-12-11,4.0094,4.0113,3.8751,3.9008,20748400.0
2008-12-12,3.8198,3.9383,3.7902,3.9087,17358000.0
2008-12-15,3.9462,3.9679,3.8337,3.8929,16965600.0
2008-12-16,3.9284,4.0666,3.8909,4.0271,28079600.0
2008-12-17,3.9876,4.1831,3.9738,4.1337,33285200.0
2008-12-18,4.1614,4.185,4.039,4.0765,25014000.0
2008-12-19,4.1179,4.1594,4.0074,4.0765,28331600.0
2008-12-22,4.0765,4.0765,3.8692,3.9146,18836800.0
2008-12-23,3.9699,3.9778,3.8021,3.8534,20422400.0
2008-12-24,3.9284,3.9462,3.8475,3.9087,4633200.0
2008-12-26,3.9225,3.9837,3.9225,3.9561,5432800.0
2008-12-29,3.9501,3.962,3.8712,3.8968,10078800.0
2008-12-30,3.9107,3.964,3.8751,3.9561,11191600.0
2008-12-31,3.9521,4.1081,3.9304,4.0607,10444400.0
2009-01-02,4.0291,4.2739,4.0291,4.2541,13694400.0
2009-01-05,4.2364,4.2838,4.1436,4.2226,19168400.0
2009-01-06,4.268,4.3331,4.1554,4.2857,21236400.0
2009-01-07,4.2344,4.3449,4.2147,4.2857,22328400.0
2009-01-08,4.2403,4.2798,4.0942,4.2423,32032000.0
2009-01-09,4.2403,4.2936,4.0686,4.1061,26979200.0
2009-01-12,4.0883,4.1298,4.0409,4.0745,18690800.0
2009-01-13,4.0883,4.1258,3.964,4.0133,25510000.0
2009-01-14,3.96,3.9738,3.8554,3.8652,21272800.0
2009-01-15,3.8672,4.0646,3.7823,3.9876,25412800.0
2009-01-16,4.039,4.0982,3.9304,4.0765,20388000.0
2009-01-20,4.0567,4.0567,3.8475,3.8554,18636400.0
2009-01-21,3.9008,3.9561,3.8198,3.9403,19982800.0
2009-01-22,3.8889,4.0745,3.8218,3.9896,24306400.0
2009-01-23,3.8554,3.9857,3.8554,3.9324,18110000.0
2009-01-26,3.9403,4.0745,3.9225,3.9936,12581600.0
2009-01-27,3.9995,4.0725,3.96,3.9995,14769600.0
2009-01-28,4.0706,4.1574,4.0587,4.1199,17204000.0
2009-01-29,4.11,4.1258,3.9422,3.958,12802800.0
2009-01-30,3.9679,3.9679,3.8001,3.8337,15583600.0
2009-02-02,3.7962,3.9047,3.7883,3.8435,17012800.0
2009-02-03,3.881,3.9462,3.8001,3.9107,21537200.0
2009-02-04,3.8258,3.9876,3.8159,3.9324,23393200.0
2009-02-05,4.0469,4.3785,4.035,4.3548,41423600.0
2009-02-06,4.3667,4.6213,4.3055,4.5049,32888400.0
2009-02-09,4.5171,4.529,4.3623,4.4417,18144000.0
2009-02-10,4.4139,4.4734,4.2532,4.3108,20508800.0
2009-02-11,4.3088,4.3802,4.2473,4.3306,18157600.0
2009-02-12,4.2949,4.3584,4.1977,4.3524,20687200.0
2009-02-13,4.3306,4.4,4.2592,4.2929,14453200.0
2009-02-17,4.1838,4.3147,4.1064,4.2512,20620400.0
2009-02-18,4.3088,4.3088,4.152,4.2393,18826800.0
2009-02-19,4.2671,4.3722,4.2215,4.2354,14779200.0
2009-02-20,4.1659,4.281,4.1064,4.2254,17494400.0
2009-02-23,4.2949,4.2949,4.1064,4.1243,17018800.0
2009-02-24,4.1501,4.2988,4.1124,4.2731,21586000.0
2009-02-25,4.3643,4.642,4.3643,4.5865,49719200.0
2009-02-26,4.642,4.642,4.4199,4.4595,23795600.0
2009-02-27,4.3663,4.529,4.3286,4.4179,23799600.0
2009-03-02,4.3663,4.5766,4.3405,4.3643,27588400.0
2009-03-03,4.4456,4.4615,4.1897,4.2512,24943200.0
2009-03-04,4.3385,4.3603,4.2056,4.3028,23116400.0
2009-03-05,4.2076,4.4972,4.1679,4.2671,28024800.0
2009-03-06,4.2969,4.3465,4.1322,4.2631,30002400.0
2009-03-09,4.2294,4.3921,4.1997,4.3068,27427200.0
2009-03-10,4.3663,4.6083,4.3346,4.5984,28352000.0
2009-03-11,4.6361,4.7551,4.5131,4.7115,21068800.0
2009-03-12,4.6916,4.886,4.6916,4.8781,21660800.0
2009-03-13,4.8741,4.9733,4.8285,4.9277,20191200.0
2009-03-16,4.9773,4.9872,4.7472,4.7571,22582400.0
2009-03-17,4.7531,4.89,4.7333,4.886,20964800.0
2009-03-18,4.8484,5.0963,4.8365,5.011,19838400.0
2009-03-19,5.0507,5.0745,4.9218,4.9813,16795200.0
2009-03-20,5.0051,5.0071,4.8305,4.894,17928800.0
2009-03-23,4.9793,5.0705,4.89,5.0547,22055600.0
2009-03-24,4.9932,5.1975,4.9594,5.1459,19009600.0
2009-03-25,5.1717,5.2709,5.0071,5.1181,23089600.0
2009-03-26,5.1697,5.4316,5.1459,5.3503,26090000.0
2009-03-27,5.2769,5.3403,5.2094,5.2649,22377200.0
2009-03-30,5.1737,5.2411,5.0447,5.1062,19588000.0
2009-03-31,5.0844,5.1677,4.9138,5.0864,27540400.0
2009-04-01,5.0031,5.134,4.9237,5.0824,23341600.0
2009-04-02,5.1697,5.2907,5.0408,5.1856,22104400.0
2009-04-03,5.1876,5.3106,5.0864,5.2927,27270800.0
2009-04-06,5.257,5.257,5.0626,5.1459,23484800.0
2009-04-07,5.0606,5.1618,5.0507,5.1082,19828800.0
2009-04-08,5.1578,5.3007,5.14,5.2967,25286400.0
2009-04-09,5.4732,5.5546,5.2788,5.4713,41184800.0
2009-04-13,5.3701,5.503,5.3701,5.4137,16514800.0
2009-04-14,5.376,5.4157,5.2669,5.3403,23798400.0
2009-04-15,5.3086,5.3998,5.2173,5.3622,17150000.0
2009-04-16,5.3741,5.5209,5.3126,5.4832,20190000.0
2009-04-17,5.4891,5.6577,5.4891,5.622,25776800.0
2009-04-20,5.5228,5.5724,5.3622,5.4177,23028000.0
2009-04-21,5.4058,5.6062,5.378,5.5784,22309200.0
2009-04-22,5.5407,5.7867,5.505,5.5129,26334800.0
2009-04-23,5.5129,5.5645,5.3106,5.4633,21345600.0
2009-04-24,5.5209,5.6597,5.4653,5.5804,20132400.0
2009-04-27,5.509,5.5387,5.2828,5.3562,29908000.0
2009-04-28,5.3582,5.5863,5.3185,5.5447,33320000.0
2009-04-29,5.5843,5.6538,5.4435,5.4871,28473200.0
2009-04-30,5.5466,5.626,5.4534,5.5486,39819200.0
2009-05-01,5.5407,5.5943,5.4375,5.5288,24152000.0
2009-05-04,5.622,5.8184,5.6121,5.7569,28659600.0
2009-05-05,5.7252,5.7986,5.6974,5.7649,19255600.0
2009-05-06,5.8085,5.8502,5.5982,5.6577,23607600.0
2009-05-07,5.8303,5.8343,5.6141,5.6835,34676800.0
2009-05-08,5.7331,5.751,5.5129,5.5665,27775600.0
2009-05-11,5.5527,5.5926,5.3794,5.5248,26895200.0
2009-05-12,5.746,5.7878,5.5089,5.6244,46950000.0
2009-05-13,5.471,5.5447,5.4411,5.4989,35556400.0
2009-05-14,5.4989,5.6444,5.3435,5.3495,32068400.0
2009-05-15,5.3395,5.4471,5.3037,5.3475,27594400.0
2009-05-18,5.4232,5.5726,5.3953,5.5667,32946000.0
2009-05-19,5.7221,5.8416,5.6762,5.7838,49315600.0
2009-05-20,5.8376,5.8456,5.6025,5.6404,35394000.0
2009-05-21,5.5786,5.734,5.5089,5.6205,23187200.0
2009-05-22,5.5965,5.6942,5.5109,5.6344,16521600.0
2009-05-26,5.5726,5.8854,5.5009,5.8575,29246000.0
2009-05-27,5.8396,5.997,5.7798,5.8197,36903600.0
2009-05-28,5.8237,5.8894,5.6185,5.744,23967200.0
2009-05-29,5.7878,5.8834,5.6782,5.8795,19983600.0
2009-06-01,5.9572,6.1644,5.8954,6.1205,28878800.0
2009-06-02,6.1345,6.2261,6.0867,6.1086,34243600.0
2009-06-03,6.0986,6.1564,6.0428,6.1225,17800000.0
2009-06-04,6.1425,6.1564,5.9472,6.0667,27534800.0
2009-06-05,6.1982,6.1982,5.9751,6.0807,25429600.0
2009-06-08,6.0648,6.1763,6.007,6.1365,17036800.0
2009-06-09,6.1464,6.2142,6.1245,6.1743,12987200.0
2009-06-10,6.2321,6.254,5.995,6.0767,16222400.0
2009-06-11,6.1066,6.1504,5.9592,5.9671,19504000.0
2009-06-12,5.9333,6.1484,5.8496,6.1225,17754800.0
2009-06-15,5.999,6.1185,5.9711,6.0528,15405200.0
2009-06-16,6.1006,6.1026,5.8775,5.9233,17338000.0
2009-06-17,5.8934,6.2401,5.8874,6.1405,26252000.0
2009-06-18,6.1205,6.1763,6.0628,6.1086,15418400.0
2009-06-19,6.1584,6.2062,6.1205,6.1464,17926800.0
2009-06-22,6.0926,6.2261,6.0588,6.1325,20612000.0
2009-06-23,6.1484,6.1962,6.0289,6.0329,21358400.0
2009-06-24,6.0787,6.1644,5.9791,6.0229,17485600.0
2009-06-25,6.003,6.3935,6.003,6.3377,32304000.0
2009-06-26,6.3238,6.3756,6.2082,6.2441,15285200.0
2009-06-29,6.2759,6.3556,6.2261,6.25,13565200.0
2009-06-30,6.2182,6.3297,6.2122,6.268,17626800.0
2009-07-01,6.3098,6.3935,6.2142,6.2301,17522400.0
2009-07-02,6.1743,6.2082,5.9372,5.9372,17503600.0
2009-07-06,5.9352,6.1763,5.9034,6.1564,20910800.0
2009-07-07,6.1544,6.1564,5.999,6.0329,19775200.0
2009-07-08,6.003,6.2182,6.003,6.1962,24072000.0
2009-07-09,6.535,6.5668,6.3616,6.3955,31406400.0
2009-07-10,6.3437,6.4174,6.2879,6.3517,21710800.0
2009-07-13,6.3716,6.5808,6.3058,6.5748,23663200.0
2009-07-14,6.535,6.7481,6.4931,6.7302,25913600.0
2009-07-15,6.7979,6.8597,6.7083,6.8418,22065600.0
2009-07-16,6.8039,7.0769,6.7282,7.053,33663200.0
2009-07-17,6.9613,7.0291,6.8996,7.0131,32771200.0
2009-07-20,7.043,7.1127,6.9235,7.0948,25217200.0
2009-07-21,7.1187,7.1904,6.8776,7.047,26785200.0
2009-07-22,7.0271,7.1287,6.9932,7.0271,16777600.0
2009-07-23,7.049,7.2422,6.9773,7.1486,18981600.0
2009-07-24,7.1586,7.2104,7.053,7.1486,14717200.0
2009-07-27,7.0908,7.1606,7.0649,7.1526,8593200.0
2009-07-28,7.1247,7.2422,7.035,7.2223,17978400.0
2009-07-29,7.1944,7.2821,7.1665,7.2462,12038800.0
2009-07-30,7.298,7.3717,7.2661,7.296,18556000.0
2009-07-31,7.296,7.31,7.1924,7.2183,9929200.0
2009-08-03,7.2761,7.302,7.1625,7.2801,9208000.0
2009-08-04,7.2661,7.298,7.1028,7.1247,17688800.0
2009-08-05,7.1486,7.2383,7.0111,7.2303,14148800.0
2009-08-06,7.2243,7.3359,6.9235,6.9414,35702000.0
2009-08-07,7.0131,7.0829,6.9314,7.0689,22035600.0
2009-08-10,7.0691,7.0831,6.9212,7.0071,12842000.0
2009-08-11,7.0311,7.0791,6.9192,7.0151,14554800.0
2009-08-12,7.0211,7.251,7.0211,7.1731,13634000.0
2009-08-13,7.1391,7.1591,7.0011,7.0691,17262800.0
2009-08-14,7.0811,7.1071,6.9352,7.0151,14602400.0
2009-08-17,6.9092,7.0931,6.8192,7.0731,24972800.0
2009-08-18,6.9052,6.9852,6.7572,6.8632,45848400.0
2009-08-19,6.7972,7.0091,6.7972,6.9991,21001600.0
2009-08-20,7.0071,7.1351,6.9852,7.1231,16678400.0
2009-08-21,7.1651,7.247,7.1071,7.1691,13952000.0
2009-08-24,7.1651,7.2031,7.0591,7.0731,14626800.0
2009-08-25,7.0631,7.357,7.0291,7.325,26569200.0
2009-08-26,7.255,7.353,7.2271,7.317,17497600.0
2009-08-27,7.335,7.451,7.249,7.437,21996000.0
2009-08-28,7.457,7.475,7.273,7.303,17492800.0
2009-08-31,7.249,7.287,7.1671,7.1871,12827600.0
2009-09-01,7.2151,7.257,7.0371,7.0651,17406400.0
2009-09-02,7.0711,7.1031,6.9552,6.9632,19253200.0
2009-09-03,7.0311,7.1591,6.9712,7.1471,21997600.0
2009-09-04,7.1691,7.277,7.1451,7.235,12231200.0
2009-09-08,7.297,7.317,7.1771,7.2171,16056400.0
2009-09-09,7.1971,7.295,7.1891,7.285,21368800.0
2009-09-10,7.281,7.297,7.1891,7.249,16945200.0
2009-09-11,7.267,7.373,7.251,7.323,18500800.0
2009-09-14,7.291,7.397,7.249,7.391,8820400.0
2009-09-15,7.327,7.455,7.297,7.451,15821200.0
2009-09-16,7.469,7.5789,7.439,7.5769,12862000.0
2009-09-17,7.5329,7.6109,7.4889,7.5449,14719600.0
2009-09-18,7.5929,7.6489,7.5289,7.6049,13367200.0
2009-09-21,7.5349,7.7149,7.471,7.6129,14486000.0
2009-09-22,7.6709,7.7208,7.6189,7.6789,14634800.0
2009-09-23,7.7089,7.7368,7.5169,7.5209,14905600.0
2009-09-24,7.5169,7.5809,7.419,7.5009,12969600.0
2009-09-25,7.4829,7.5089,7.315,7.367,16332400.0
2009-09-28,7.373,7.5109,7.353,7.465,10165200.0
2009-09-29,7.4849,7.5309,7.363,7.397,10716000.0
2009-09-30,7.427,7.471,7.281,7.427,15185600.0
2009-10-01,7.405,7.457,7.285,7.351,18379200.0
2009-10-02,7.303,7.335,7.2231,7.253,15878000.0
2009-10-05,7.247,7.465,7.2131,7.443,12853600.0
2009-10-06,7.6129,7.7149,7.6129,7.6869,17715200.0
2009-10-07,7.7089,7.7248,7.5629,7.6109,11992800.0
2009-10-08,7.6729,7.7648,7.4949,7.5149,28686000.0
2009-10-09,7.5269,7.5809,7.393,7.5589,22129200.0
2009-10-12,7.5969,7.6149,7.5469,7.5689,15470400.0
2009-10-13,7.5589,7.6189,7.5269,7.5329,16390000.0
2009-10-14,7.5929,7.6289,7.4969,7.5789,29059200.0
2009-10-15,7.5649,7.6329,7.5289,7.6169,15867600.0
2009-10-16,7.5649,7.6969,7.5009,7.6589,14734400.0
2009-10-19,7.6829,7.8388,7.6409,7.8088,11381600.0
2009-10-20,7.8508,7.8628,7.7228,7.7488,15732400.0
2009-10-21,7.7029,7.9747,7.7009,7.8648,28770400.0
2009-10-22,7.8288,8.0607,7.7988,8.0407,26088000.0
2009-10-23,8.0267,8.0707,7.9248,7.9528,18497600.0
2009-10-26,7.9927,8.1247,7.9767,8.0287,21827600.0
2009-10-27,8.0167,8.0167,7.7888,7.7968,22498400.0
2009-10-28,7.8128,7.8548,7.5489,7.5649,20338400.0
2009-10-29,7.6389,7.7169,7.5089,7.6889,16740400.0
2009-10-30,7.6669,7.7348,7.453,7.467,19986400.0
2009-11-02,7.5049,7.7109,7.457,7.6629,18839600.0
2009-11-03,7.6449,7.7208,7.5689,7.6889,17390000.0
2009-11-04,7.7069,7.7488,7.6069,7.6569,17973200.0
2009-11-05,7.7049,7.7628,7.5649,7.6489,19506800.0
2009-11-06,7.6388,7.6849,7.5305,7.6629,19083600.0
2009-11-09,7.723,7.8594,7.6889,7.8554,13397600.0
2009-11-10,7.8614,7.9055,7.7732,7.8574,10198800.0
2009-11-11,7.8815,7.9657,7.8133,7.8494,13578000.0
2009-11-12,7.8554,7.8875,7.7331,7.7672,14486400.0
2009-11-13,7.8053,7.8915,7.7591,7.8173,13043200.0
2009-11-16,7.9176,7.9717,7.8795,7.9256,20248400.0
2009-11-17,7.7752,7.8714,7.5586,7.8033,35500800.0
2009-11-18,7.8193,7.9136,7.7952,7.8494,22920800.0
2009-11-19,7.8073,7.8554,7.7652,7.8414,15367600.0
2009-11-20,7.8213,7.8895,7.727,7.7812,15759600.0
2009-11-23,7.8193,7.8454,7.715,7.7591,14505200.0
2009-11-24,7.7571,7.8273,7.6709,7.7752,17302800.0
2009-11-25,7.7852,7.8394,7.7852,7.8353,11927600.0
2009-11-27,7.695,7.8313,7.6428,7.7451,7518400.0
2009-11-30,7.7692,7.7692,7.5867,7.697,19340400.0
2009-12-01,7.7611,7.7912,7.705,7.725,16661600.0
2009-12-02,7.7571,7.7732,7.6408,7.699,19524000.0
2009-12-03,7.5044,7.5345,7.2357,7.4824,60290000.0
2009-12-04,7.5024,7.5646,7.2638,7.3059,45626800.0
2009-12-07,7.326,7.4383,7.2979,7.4122,31693600.0
2009-12-08,7.3982,7.4302,7.2096,7.3821,22558400.0
2009-12-09,7.4062,7.4463,7.326,7.4443,22380000.0
2009-12-10,7.4363,7.6027,7.4262,7.5947,24350000.0
2009-12-11,7.6087,7.6428,7.4904,7.4984,18693200.0
2009-12-14,7.5526,7.6589,7.5044,7.6488,16938800.0
2009-12-15,7.6308,7.691,7.5786,7.6047,19072000.0
2009-12-16,7.6107,7.6629,7.4503,7.4623,20278000.0
2009-12-17,7.4543,7.4543,7.336,7.3661,28166000.0
2009-12-18,7.3961,7.4062,7.2758,7.3761,17858800.0
2009-12-21,7.4062,7.4904,7.3681,7.4543,13271200.0
2009-12-22,7.5085,7.5085,7.3941,7.4102,10449600.0
2009-12-23,7.3941,7.4503,7.3681,7.4383,10971600.0
2009-12-24,7.4202,7.4543,7.3721,7.3801,3872000.0
2009-12-28,7.4002,7.4363,7.3781,7.4062,7980800.0
2009-12-29,7.4242,7.4443,7.3801,7.3801,8967600.0
2009-12-30,7.348,7.4403,7.348,7.3921,7906000.0
2009-12-31,7.3821,7.4162,7.328,7.33,5149200.0
2010-01-04,7.2197,7.35,7.1695,7.2277,23914000.0
2010-01-05,7.2036,7.4282,7.2036,7.4222,18887600.0
2010-01-06,7.4302,7.4804,7.3741,7.4523,14010000.0
2010-01-07,7.7752,7.9697,7.6709,7.8333,46109200.0
2010-01-08,7.6649,7.7451,7.6268,7.7311,22057600.0
2010-01-11,7.7832,7.7912,7.6729,7.719,13661200.0
2010-01-12,7.6809,7.691,7.5927,7.6488,10822800.0
2010-01-13,7.6569,7.695,7.6027,7.6749,10052800.0
2010-01-14,7.6809,7.6809,7.5425,7.5806,10334400.0
2010-01-15,7.5606,7.6448,7.4423,7.4784,14761200.0
2010-01-19,7.4603,7.5987,7.4603,7.5967,8855600.0
2010-01-20,7.5546,7.5546,7.4503,7.5024,7994000.0
2010-01-21,7.5245,7.5425,7.3801,7.3901,15731600.0
2010-01-22,7.3841,7.4844,7.352,7.3681,17751200.0
2010-01-25,7.4322,7.4764,7.3741,7.4222,10862000.0
2010-01-26,7.4122,7.709,7.4122,7.6368,23091600.0
2010-01-27,7.6428,7.7391,7.5867,7.699,15652800.0
2010-01-28,7.709,7.7471,7.6408,7.6669,20717200.0
2010-01-29,7.6869,7.7912,7.6208,7.6228,15652000.0
2010-02-01,7.6428,7.7772,7.6428,7.721,18229200.0
2010-02-02,7.7752,7.8694,7.7712,7.8674,22682800.0
2010-02-03,7.8514,7.8694,7.727,7.7732,17316400.0
2010-02-04,7.7712,7.7992,7.6488,7.6508,19332400.0
2010-02-05,7.6649,7.719,7.5606,7.6829,18668000.0
2010-02-08,7.6913,7.6933,7.5786,7.5786,9808800.0
2010-02-09,7.6712,7.6752,7.5827,7.6269,11177600.0
2010-02-10,7.631,7.6692,7.5243,7.5666,15570800.0
2010-02-11,7.5666,7.5746,7.4941,7.5485,18076400.0
2010-02-12,7.4781,7.5786,7.468,7.5625,12374800.0
2010-02-16,7.6088,7.7456,7.5927,7.7396,10912000.0
2010-02-17,7.7738,7.8382,7.7718,7.804,10742400.0
2010-02-18,7.804,7.8844,7.7517,7.8643,11201200.0
2010-02-19,7.8462,7.9287,7.8402,7.8764,10924800.0
2010-02-22,7.9026,7.9408,7.8402,7.9207,15386000.0
2010-02-23,7.9227,7.9468,7.804,7.8824,17334800.0
2010-02-24,7.9166,8.1581,7.8181,8.15,27145200.0
2010-02-25,8.0112,8.4297,7.9991,8.3975,40466400.0
2010-02-26,8.3693,8.4679,8.3653,8.3753,23272000.0
2010-03-01,8.3773,8.4095,8.2627,8.3834,20537200.0
2010-03-02,8.3894,8.3894,8.2325,8.2647,19936000.0
2010-03-03,8.2969,8.3351,8.2405,8.2808,17884400.0
2010-03-04,8.2969,8.3351,8.15,8.2566,28942000.0
2010-03-05,8.3069,8.3552,8.2486,8.3552,14802400.0
2010-03-08,8.3633,8.3814,8.3089,8.3572,10711600.0
2010-03-09,8.3653,8.4377,8.3311,8.3814,10528000.0
2010-03-10,8.3834,8.4437,8.3371,8.4236,10914000.0
2010-03-11,8.4216,8.4437,8.3753,8.4035,13095600.0
2010-03-12,8.4437,8.5202,8.4136,8.4759,17268400.0
2010-03-15,8.4639,8.6308,8.4478,8.6248,16814800.0
2010-03-16,8.6308,8.6992,8.6168,8.6972,13891600.0
2010-03-17,8.7274,8.7274,8.653,8.6711,10955600.0
2010-03-18,8.7174,8.7334,8.6067,8.6832,13382800.0
2010-03-19,8.7153,8.7334,8.6228,8.6469,12901200.0
2010-03-22,8.6168,8.824,8.6168,8.7757,10587600.0
2010-03-23,8.7998,8.83,8.6852,8.7576,12429600.0
2010-03-24,8.7174,8.7858,8.6469,8.6972,10730000.0
2010-03-25,8.7536,8.8361,8.7033,8.7556,12112400.0
2010-03-26,8.7837,8.8079,8.657,8.7174,14293200.0
2010-03-29,8.7334,8.7636,8.6248,8.7073,9731200.0
2010-03-30,8.7294,8.7858,8.663,8.6912,9879600.0
2010-03-31,8.659,8.6832,8.5242,8.5544,14450000.0
2010-04-01,8.5765,8.6369,8.5262,8.5926,14339200.0
2010-04-05,8.6067,8.9346,8.6067,8.9226,18293600.0
2010-04-06,8.9125,9.0433,8.9004,8.993,22937600.0
2010-04-07,8.9809,9.0352,8.9165,8.9769,19279600.0
2010-04-08,9.0272,9.1217,8.8723,9.0171,26722000.0
2010-04-09,8.9729,9.0453,8.8803,9.0191,18693600.0
2010-04-12,9.0654,9.2103,9.0191,9.1761,21594000.0
2010-04-13,9.172,9.3209,9.166,9.2847,23368800.0
2010-04-14,9.3209,9.3491,9.2424,9.3229,21028400.0
2010-04-15,9.2606,9.3249,9.2203,9.3048,13802800.0
2010-04-16,9.2646,9.3008,9.1097,9.1901,17560400.0
2010-04-19,9.1841,9.1962,9.0252,9.1519,11386000.0
2010-04-20,9.2062,9.2907,9.1559,9.2525,14856000.0
2010-04-21,9.2565,9.4557,9.2284,9.4275,19088400.0
2010-04-22,9.3652,9.6348,9.345,9.5945,20328000.0
2010-04-23,9.6428,9.675,9.514,9.6589,17809600.0
2010-04-26,9.671,9.7575,9.6146,9.6348,17528800.0
2010-04-27,9.6307,9.6991,9.4497,9.4557,21535600.0
2010-04-28,9.5241,9.5241,9.345,9.3953,16212000.0
2010-04-29,9.4577,9.5724,9.4195,9.51,10122400.0
2010-04-30,9.5322,9.5905,9.3108,9.3229,15201200.0
2010-05-03,9.3712,9.5543,9.3068,9.4839,11110000.0
2010-05-04,9.4074,9.4074,9.162,9.1881,19394000.0
2010-05-05,9.1338,9.5543,9.1278,9.3189,31130000.0
2010-05-06,9.0976,9.2042,8.4498,8.9789,37806000.0
2010-05-07,8.9809,9.0594,8.6671,8.7858,35718000.0
2010-05-10,9.2446,9.3253,9.0003,9.2062,26789200.0
2010-05-11,9.186,9.3334,9.1174,9.2325,28485200.0
2010-05-12,9.2708,9.396,9.1921,9.3859,16080000.0
2010-05-13,9.3839,9.3839,9.1134,9.1558,15454000.0
2010-05-14,9.1396,9.2506,9.0387,9.1336,23504800.0
2010-05-17,9.1659,9.2224,8.9983,9.1336,27579200.0
2010-05-18,8.8207,9.0024,8.7218,8.8167,57532000.0
2010-05-19,8.7036,8.8005,8.5603,8.7178,30256800.0
2010-05-20,8.5018,9.0064,8.4977,8.7682,39505200.0
2010-05-21,8.6451,8.9499,8.5845,8.8772,31696400.0
2010-05-24,8.8853,8.9903,8.8126,8.8712,20067600.0
2010-05-25,8.7238,9.1638,8.6794,9.1538,43026400.0
2010-05-26,9.176,9.2305,8.9438,8.9822,30180000.0
2010-05-27,9.1053,9.293,9.0993,9.287,22312400.0
2010-05-28,9.289,9.3152,9.1154,9.176,15554000.0
2010-06-01,9.1578,9.2587,9.073,9.1376,20788000.0
2010-06-02,9.1517,9.3092,9.0306,9.3092,21257200.0
2010-06-03,9.4646,9.5554,9.2971,9.3455,23828000.0
2010-06-04,9.2385,9.2749,8.9539,8.9802,19414800.0
2010-06-07,9.0387,9.0993,8.8651,8.8752,17913200.0
2010-06-08,8.855,9.0528,8.8086,9.0367,17576000.0
2010-06-09,9.077,9.2789,9.0528,9.0871,19241200.0
2010-06-10,9.184,9.3435,9.1558,9.3294,16108400.0
2010-06-11,9.2224,9.3637,9.184,9.295,12008400.0
2010-06-14,9.3354,9.4061,9.2224,9.3011,14414000.0
2010-06-15,9.3072,9.4101,9.2627,9.4101,14174000.0
2010-06-16,9.3758,9.4343,9.3031,9.3455,11182400.0
2010-06-17,9.3495,9.3495,9.176,9.2648,14061200.0
2010-06-18,9.2749,9.4242,9.2385,9.2769,18078800.0
2010-06-21,9.3273,9.3495,9.0528,9.0993,14984400.0
2010-06-22,9.1174,9.2183,8.9701,8.9781,14222400.0
2010-06-23,8.9519,9.0912,8.8833,9.0246,14391600.0
2010-06-24,9.0468,9.0468,8.8651,8.9095,15964400.0
2010-06-25,8.9115,8.9115,8.7036,8.7077,31571200.0
2010-06-28,8.7339,8.8268,8.6976,8.7238,21853600.0
2010-06-29,8.5946,8.6794,8.4433,8.4836,36539600.0
2010-06-30,8.4957,8.6229,8.4392,8.4675,20921200.0
2010-07-01,8.4634,8.6754,8.3807,8.6612,24165200.0
2010-07-02,8.6693,8.7178,8.522,8.5522,15736000.0
2010-07-06,8.746,8.7824,8.4937,8.5623,19384000.0
2010-07-07,8.5987,8.7864,8.5502,8.7824,19688000.0
2010-07-08,8.6693,8.6834,8.2616,8.3827,58773600.0
2010-07-09,8.3948,8.4251,8.3121,8.421,20565600.0
2010-07-12,8.419,8.4937,8.3968,8.4755,16568000.0
2010-07-13,8.5785,8.6653,8.5058,8.633,15359600.0
2010-07-14,8.6209,8.6209,8.4836,8.5724,15256000.0
2010-07-15,8.5623,8.6693,8.4856,8.6552,16486800.0
2010-07-16,8.631,8.631,8.2959,8.3242,21745200.0
2010-07-19,8.3181,8.4392,8.3141,8.3565,15671600.0
2010-07-20,8.2777,8.4897,8.195,8.4856,22822000.0
2010-07-21,8.524,8.5583,8.3787,8.419,15455600.0
2010-07-22,8.4877,8.5886,8.4755,8.528,16597200.0
2010-07-23,8.5361,8.6592,8.4776,8.6552,10572000.0
2010-07-26,8.6269,8.6754,8.5482,8.6713,11369200.0
2010-07-27,8.6915,8.6915,8.4392,8.53,20849600.0
2010-07-28,8.5361,8.6431,8.3766,8.4029,12872400.0
2010-07-29,8.4412,8.4675,8.09,8.2616,28956800.0
2010-07-30,8.2131,8.4009,8.1607,8.3807,21031200.0
2010-08-02,8.4634,8.5522,8.421,8.4755,21013600.0
2010-08-03,8.4392,8.4594,8.2051,8.2798,17318400.0
2010-08-04,8.3423,8.3968,8.2818,8.304,19791200.0
2010-08-05,8.2475,8.5563,8.199,8.4776,32100400.0
2010-08-06,8.421,8.421,8.2656,8.413,14251200.0
2010-08-09,8.4303,8.6936,8.4303,8.6754,15490400.0
2010-08-10,8.6349,8.7098,8.5741,8.645,13200400.0
2010-08-11,8.5133,8.566,8.4141,8.4667,12686400.0
2010-08-12,8.3796,8.4789,8.331,8.4546,12354800.0
2010-08-13,8.4161,8.4364,8.2763,8.2844,11735200.0
2010-08-16,8.2419,8.5032,8.2237,8.3796,19227600.0
2010-08-17,8.3999,8.6085,8.3979,8.4627,17985600.0
2010-08-18,8.4627,8.5579,8.3796,8.5255,15010400.0
2010-08-19,8.4829,8.5842,8.3817,8.4931,20418000.0
2010-08-20,8.4222,8.5457,8.4161,8.4627,14082000.0
2010-08-23,8.4728,8.5397,8.3898,8.3898,12884000.0
2010-08-24,8.3088,8.4121,8.2379,8.252,16272400.0
2010-08-25,8.2338,8.3634,8.1629,8.3229,13936800.0
2010-08-26,8.327,8.3472,8.1953,8.2156,12526800.0
2010-08-27,8.252,8.3999,8.1568,8.331,13210400.0
2010-08-30,8.2905,8.3493,8.1811,8.1832,9993200.0
2010-08-31,8.1346,8.1872,8.013,8.0394,21278800.0
2010-09-01,8.1346,8.3493,8.1082,8.2824,19522000.0
2010-09-02,8.252,8.4465,8.252,8.3959,12524800.0
2010-09-03,8.4364,8.5073,8.3877,8.485,10906000.0
2010-09-07,8.4607,8.4748,8.2784,8.2925,11642800.0
2010-09-08,8.3027,8.3938,8.2581,8.3574,9462400.0
2010-09-09,8.4303,8.4343,8.2946,8.331,9573600.0
2010-09-10,8.3169,8.408,8.3027,8.327,6662000.0
2010-09-13,8.3695,8.406,8.327,8.3513,12212000.0
2010-09-14,8.3756,8.6045,8.3634,8.5518,14016800.0
2010-09-15,8.5417,8.6268,8.5073,8.6146,9928400.0
2010-09-16,8.566,8.7037,8.5559,8.6673,10692800.0
2010-09-17,8.6754,8.7017,8.5984,8.6713,9757600.0
2010-09-20,8.6713,8.7544,8.6065,8.7382,13781600.0
2010-09-21,8.7422,8.7584,8.6065,8.6956,11561200.0
2010-09-22,8.7139,8.8698,8.6977,8.8131,14763600.0
2010-09-23,8.7746,9.0096,8.7503,8.9448,16096400.0
2010-09-24,9.0298,9.1433,8.9671,9.125,9848400.0
2010-09-27,9.0764,9.1392,9.0683,9.0805,7972000.0
2010-09-28,9.0643,9.1899,9.0197,9.1595,11040400.0
2010-09-29,9.0764,9.1534,9.0481,9.1048,9845600.0
2010-09-30,9.119,9.1615,8.963,9.04,14680000.0
2010-10-01,9.1109,9.1494,8.9691,9.0217,10886400.0
2010-10-04,8.9671,9.1372,8.9671,9.0238,11344400.0
2010-10-05,9.0785,9.1048,8.8293,9.0562,16874000.0
2010-10-06,9.0136,9.0704,8.9367,9.0258,11326800.0
2010-10-07,8.9427,9.0805,8.8597,8.9427,19104400.0
2010-10-08,8.9387,9.1291,8.9387,9.0481,11831600.0
2010-10-11,9.042,9.1939,9.042,9.1129,8260000.0
2010-10-12,9.0825,9.1149,9.0379,9.0785,8159600.0
2010-10-13,9.1088,9.1149,8.9934,9.0015,10880000.0
2010-10-14,9.0116,9.1068,8.963,9.0197,8578800.0
2010-10-15,9.042,9.1453,9.0217,9.121,12884000.0
2010-10-18,9.121,9.1818,9.0602,9.1554,9368400.0
2010-10-19,9.0683,9.1331,8.9833,9.0258,14464400.0
2010-10-20,9.0258,9.1737,9.0096,9.1068,9107200.0
2010-10-21,9.1737,9.1777,9.0015,9.0866,9472000.0
2010-10-22,9.0967,9.1818,9.044,9.0866,7077600.0
2010-10-25,9.1473,9.2729,9.1433,9.2547,10999200.0
2010-10-26,9.2202,9.3722,9.1959,9.3398,10503200.0
2010-10-27,9.3013,9.3823,9.198,9.3742,15802000.0
2010-10-28,9.4127,9.441,9.2324,9.4066,11168400.0
2010-10-29,9.3722,9.3904,9.2709,9.2952,10453200.0
2010-11-01,9.3256,9.362,9.2385,9.2871,11069200.0
2010-11-02,9.3458,9.4208,9.3235,9.3863,9894800.0
2010-11-03,9.4086,9.4937,9.3884,9.4836,12866000.0
2010-11-04,9.516,9.5504,9.4633,9.4937,14491200.0
2010-11-05,9.5626,9.5626,9.4468,9.5383,18610400.0
2010-11-08,9.3513,9.3777,9.2741,9.3574,20810000.0
2010-11-09,9.3615,9.3615,9.2111,9.2416,13979200.0
2010-11-10,9.2314,9.2924,9.1258,9.2782,16898400.0
2010-11-11,9.1948,9.3472,9.1298,9.2964,13700000.0
2010-11-12,9.2416,9.3533,9.2355,9.3046,13930400.0
2010-11-15,9.3188,9.3533,9.2274,9.2863,11370400.0
2010-11-16,9.2578,9.3838,9.1034,9.1501,23275200.0
2010-11-17,9.1379,9.3168,9.1379,9.2253,13071600.0
2010-11-18,9.3127,9.4041,9.2985,9.3127,11909200.0
2010-11-19,9.3188,9.3737,9.2233,9.3655,9076000.0
2010-11-22,9.3229,9.4163,9.2863,9.4021,7445200.0
2010-11-23,9.3472,9.4245,9.2639,9.3147,10398400.0
2010-11-24,9.3594,9.461,9.331,9.4468,6468800.0
2010-11-26,9.4062,9.4407,9.3574,9.4184,3377200.0
2010-11-29,9.3615,9.3655,9.1278,9.203,15716400.0
2010-11-30,9.1501,9.3391,9.144,9.268,12008800.0
2010-12-01,9.4367,9.4367,9.2152,9.2639,18498400.0
2010-12-02,9.0059,9.1339,8.9124,9.0485,35397600.0
2010-12-03,8.9612,9.203,8.9429,9.203,14900000.0
2010-12-06,9.1948,9.203,9.1237,9.142,10032000.0
2010-12-07,9.2009,9.2314,9.0973,9.1156,13308400.0
2010-12-08,9.1156,9.144,9.0424,9.0851,12761200.0
2010-12-09,9.14,9.1827,9.0729,9.1359,7611600.0
2010-12-10,9.1339,9.1847,9.0424,9.1583,9551200.0
2010-12-13,9.1887,9.2192,8.949,8.9632,19792000.0
2010-12-14,8.9855,9.0993,8.9469,9.0343,11186800.0
2010-12-15,9.0018,9.016,8.9124,8.9124,13116400.0
2010-12-16,8.9205,8.9449,8.8352,8.9002,17516800.0
2010-12-17,8.8718,8.8921,8.8047,8.8271,18334000.0
2010-12-20,8.8271,8.9388,8.7742,8.9185,13576400.0
2010-12-21,8.9408,9.0099,8.8961,8.9835,18138400.0
2010-12-22,8.9774,9.0546,8.9612,9.014,13495600.0
2010-12-23,8.9815,9.0628,8.9713,9.0404,8904000.0
2010-12-27,8.9957,9.0445,8.9571,9.0059,6304800.0
2010-12-28,9.0059,9.0607,8.9713,9.0181,5068000.0
2010-12-29,9.0181,9.0993,9.012,9.0689,4391600.0
2010-12-30,9.075,9.1054,9.0363,9.0892,4187600.0
2010-12-31,9.0973,9.0973,9.012,9.0201,4214000.0
2011-01-03,9.0567,9.0689,8.8596,8.9022,15898800.0
2011-01-04,8.9083,8.9347,8.8474,8.8555,18261600.0
2011-01-05,8.8067,8.8311,8.6462,8.7376,24204800.0
2011-01-06,8.9571,9.2883,8.9083,9.2497,34232000.0
2011-01-07,9.3066,9.3371,9.2091,9.2761,19437600.0
2011-01-10,9.2294,9.3269,9.2131,9.2619,12111600.0
2011-01-11,9.3229,9.3757,9.2639,9.2822,9485600.0
2011-01-12,9.3046,9.3716,9.2761,9.3249,8681200.0
2011-01-13,9.3025,9.3655,9.2355,9.2497,9017600.0
2011-01-14,9.2395,9.3594,9.1969,9.3411,8098800.0
2011-01-18,9.3086,9.394,9.3046,9.3838,7591200.0
2011-01-19,9.3899,9.5443,9.3818,9.4976,16621600.0
2011-01-20,9.4651,9.5972,9.4387,9.5545,14666000.0
2011-01-21,9.585,9.6317,9.5464,9.5972,10154400.0
2011-01-24,9.4407,9.7232,9.4407,9.6622,13064000.0
2011-01-25,9.6744,9.8715,9.6317,9.8674,19572000.0
2011-01-26,9.8492,9.906,9.7862,9.8735,10432800.0
2011-01-27,9.8756,9.8959,9.8044,9.8776,13936800.0
2011-01-28,9.8674,9.906,9.6724,9.6947,12060800.0
2011-01-31,9.6642,9.6846,9.5708,9.6297,12287200.0
2011-02-01,9.6663,9.8044,9.6175,9.7415,14314800.0
2011-02-02,9.6866,9.7293,9.5403,9.5769,13529200.0
2011-02-03,9.8065,10.1296,9.7455,10.0605,19305600.0
2011-02-04,10.0442,10.1235,10.0361,10.0991,10861600.0
2011-02-07,10.0644,10.1765,10.0562,10.1174,11674400.0
2011-02-08,10.1194,10.1724,10.0766,10.1581,6873200.0
2011-02-09,10.1276,10.1887,10.0195,10.0623,9809600.0
2011-02-10,10.0379,10.1989,10.0277,10.1867,7885600.0
2011-02-11,10.1418,10.3946,10.1113,10.3538,12341600.0
2011-02-14,10.2172,10.2621,10.0848,10.097,9129200.0
2011-02-15,10.0909,10.1846,10.0216,10.0481,8328800.0
2011-02-16,10.1092,10.1907,10.0603,10.0725,9422800.0
2011-02-17,10.0562,10.0909,10.0094,10.0277,9886800.0
2011-02-18,10.0542,10.2132,10.0481,10.2071,8258400.0
2011-02-22,10.1072,10.2397,10.0603,10.1337,10496800.0
2011-02-23,9.8239,10.1826,9.7505,9.9482,22268000.0
2011-02-24,9.9666,10.2865,9.9666,10.2397,20402000.0
2011-02-25,10.2417,10.3721,10.1561,10.258,11453200.0
2011-02-28,10.2336,10.2519,10.1398,10.1643,12157600.0
2011-03-01,10.2845,10.2927,10.0827,10.1133,14764400.0
2011-03-02,10.0848,10.2927,10.0746,10.2865,11424000.0
2011-03-03,10.2927,10.417,10.258,10.3823,20852400.0
2011-03-04,10.3538,10.4149,10.2213,10.309,10394400.0
2011-03-07,10.3232,10.3293,10.0501,10.0522,13970800.0
2011-03-08,10.0848,10.1643,10.0094,10.0909,14202000.0
2011-03-09,10.095,10.1581,10.0562,10.1072,7494000.0
2011-03-10,10.0501,10.1683,10.0155,10.0827,7262400.0
2011-03-11,10.0644,10.1907,10.0134,10.1439,5811600.0
2011-03-14,10.1174,10.1724,10.0073,10.0644,9393200.0
2011-03-15,9.8871,10.0664,9.883,10.0032,13535200.0
2011-03-16,9.9584,10.042,9.8483,9.9034,13016000.0
2011-03-17,10.0216,10.0603,9.8993,9.9197,7214800.0
2011-03-18,10.0195,10.0195,9.8341,9.9176,10844400.0
2011-03-21,9.9971,10.0542,9.9034,10.042,8150000.0
2011-03-22,10.0583,10.099,9.9523,9.9584,8880400.0
2011-03-23,9.9421,10.1215,9.8973,10.097,8260000.0
2011-03-24,10.1215,10.2947,10.1215,10.256,9236400.0
2011-03-25,10.2499,10.3171,10.2152,10.2213,6298400.0
2011-03-28,10.2111,10.2397,10.0236,10.0297,9403200.0
2011-03-29,10.0175,10.099,9.9747,10.0848,6921200.0
2011-03-30,10.1276,10.2458,10.0848,10.2091,8402800.0
2011-03-31,10.1846,10.2376,10.0379,10.1357,10929600.0
2011-04-01,10.1744,10.2009,10.0705,10.0888,8767600.0
2011-04-04,10.1092,10.1581,10.0501,10.1092,6447600.0
2011-04-05,10.1072,10.3946,10.095,10.3885,17198800.0
2011-04-06,10.3946,10.5169,10.3518,10.5067,14621200.0
2011-04-07,10.4333,10.5882,10.2906,10.419,11847200.0
2011-04-08,10.4904,10.4924,10.2784,10.3334,9002400.0
2011-04-11,10.3212,10.4435,10.309,10.4129,6481200.0
2011-04-12,10.3314,10.5107,10.3314,10.4068,7291600.0
2011-04-13,10.4211,10.4965,10.3212,10.4476,5780400.0
2011-04-14,10.3905,10.4272,10.2886,10.4211,6001200.0
2011-04-15,10.3946,10.5169,10.3416,10.4802,9246000.0
2011-04-18,10.3823,10.5597,10.3253,10.5413,10205200.0
2011-04-19,10.5433,10.5841,10.4659,10.5535,8243600.0
2011-04-20,10.58,10.7227,10.5515,10.6616,8773600.0
2011-04-21,10.7084,10.7309,10.6269,10.7105,4626800.0
2011-04-25,10.686,10.737,10.6371,10.7268,4956800.0
2011-04-26,10.7675,10.9224,10.7553,10.8368,7475200.0
2011-04-27,10.8246,10.8959,10.7737,10.8613,8079600.0
2011-04-28,10.8226,10.9551,10.7737,10.9489,7372400.0
2011-04-29,10.9428,11.006,10.9123,10.9286,10103600.0
2011-05-02,10.951,10.9795,10.8022,10.8654,6898000.0
2011-05-03,10.847,10.9816,10.8267,10.843,11321200.0
2011-05-04,10.8531,10.9816,10.8002,10.8552,10844400.0
2011-05-05,10.6534,10.9388,10.6493,10.8776,20420000.0
2011-05-06,10.9347,10.9734,10.7288,10.7451,11981200.0
2011-05-09,10.7407,10.8941,10.7223,10.8348,7906400.0
2011-05-10,10.8348,10.9984,10.8328,10.9494,9506400.0
2011-05-11,10.935,11.0169,10.8512,10.9269,7364800.0
2011-05-12,11.0169,11.1948,10.8982,11.1846,12566800.0
2011-05-13,11.2071,11.2378,11.1028,11.1621,8644800.0
2011-05-16,11.1539,11.2091,10.2723,11.1089,10937200.0
2011-05-17,10.8205,10.8921,10.5505,10.6487,29664800.0
2011-05-18,10.6773,10.888,10.6732,10.7714,13709200.0
2011-05-19,10.7816,10.7816,10.6016,10.6671,11793200.0
2011-05-20,10.6159,10.7939,10.5075,10.7632,13797600.0
2011-05-23,10.6732,10.9003,10.6671,10.7939,12320400.0
2011-05-24,10.8225,11.0496,10.8041,10.8266,10814800.0
2011-05-25,10.7796,10.8512,10.7039,10.7632,11715200.0
2011-05-26,10.7489,11.023,10.7223,10.9821,13012800.0
2011-05-27,10.978,11.0373,10.9207,10.935,7903600.0
2011-05-31,10.9637,10.9944,10.7305,10.845,17027600.0
2011-06-01,10.8184,10.8716,10.6282,10.6364,16304000.0
2011-06-02,10.4073,10.5566,10.3582,10.4993,19310000.0
2011-06-03,10.4257,10.5055,10.395,10.4359,14854400.0
2011-06-06,10.4318,10.4891,10.2866,10.2907,11713600.0
2011-06-07,10.3562,10.5075,10.2866,10.3316,11680800.0
2011-06-08,10.2968,10.3439,10.2355,10.2703,11251200.0
2011-06-09,10.2866,10.395,10.2866,10.3153,8941600.0
2011-06-10,10.2866,10.3009,10.1168,10.123,11074400.0
2011-06-13,10.1353,10.1987,10.123,10.125,8863600.0
2011-06-14,10.2007,10.2273,10.1393,10.1434,15441600.0
2011-06-15,10.0739,10.2396,10.0637,10.1353,19192800.0
2011-06-16,10.1578,10.213,10.0739,10.1414,11110000.0
2011-06-17,10.2089,10.3643,10.1659,10.2396,12720800.0
2011-06-20,10.2089,10.3562,10.125,10.305,10974000.0
2011-06-21,10.3316,10.4564,10.26,10.4462,13437200.0
2011-06-22,10.4053,10.5505,10.3909,10.4339,18667200.0
2011-06-23,10.3378,10.5423,10.3009,10.4482,13456400.0
2011-06-24,10.4339,10.4584,10.1578,10.17,13663600.0
2011-06-27,10.1905,10.305,10.1516,10.2334,11153600.0
2011-06-28,10.4789,10.5505,10.4093,10.5423,14018000.0
2011-06-29,10.5791,10.7653,10.528,10.6384,14961600.0
2011-06-30,10.8778,10.9146,10.6896,10.7448,10576400.0
2011-07-01,10.7366,10.8982,10.7059,10.8757,8584800.0
2011-07-05,10.89,11.0394,10.8246,10.9903,10370000.0
2011-07-06,10.9841,11.0844,10.9555,11.0025,9442000.0
2011-07-07,11.2623,11.4137,11.1928,11.248,15724400.0
2011-07-08,11.205,11.3257,11.1948,11.2828,13327600.0
2011-07-11,11.1928,11.4423,11.1764,11.34,16396800.0
2011-07-12,11.295,11.3871,11.2644,11.293,12006000.0
2011-07-13,11.3482,11.4198,11.25,11.3053,10514400.0
2011-07-14,11.3319,11.3625,11.1887,11.2684,8862400.0
2011-07-15,11.2991,11.3053,11.1662,11.3032,9680800.0
2011-07-18,11.2521,11.3032,11.2153,11.2664,6255600.0
2011-07-19,11.3175,11.4607,11.2971,11.4587,7654400.0
2011-07-20,11.5323,11.5323,11.3605,11.4403,8714800.0
2011-07-21,11.4648,11.6141,11.4505,11.5221,7365200.0
2011-07-22,11.5139,11.5548,11.43,11.4934,7451600.0
2011-07-25,11.4096,11.4484,11.3094,11.3175,8387600.0
2011-07-26,11.3748,11.5221,11.3155,11.4669,8290000.0
2011-07-27,11.4075,11.4362,11.2173,11.2194,6717200.0
2011-07-28,11.2316,11.4198,11.2316,11.293,6614000.0
2011-07-29,11.2132,11.473,11.16,11.3114,8613600.0
2011-08-01,11.3605,11.3748,11.0721,11.1969,9740000.0
2011-08-02,11.1232,11.2275,10.8634,10.8675,13516000.0
2011-08-03,10.9003,10.9984,10.7755,10.9739,11595600.0
2011-08-04,10.8369,10.9473,10.663,10.6896,20901600.0
2011-08-05,10.7612,10.9044,10.5505,10.7796,20625600.0
2011-08-08,10.586,10.7154,10.315,10.3848,24121200.0
2011-08-09,10.43,10.9515,10.2924,10.9289,27348800.0
2011-08-10,10.74,10.7605,10.391,10.4115,23386800.0
2011-08-11,10.4854,11.0172,10.4546,10.894,17254800.0
2011-08-12,10.9042,11.1014,10.7195,11.0644,15063200.0
2011-08-15,11.1424,11.1671,10.857,11.011,18276000.0
2011-08-16,10.7995,11.4257,10.7585,11.28,20142000.0
2011-08-17,11.3621,11.4627,11.0767,11.1917,10904400.0
2011-08-18,10.7585,10.9925,10.7236,10.857,17372000.0
2011-08-19,10.7913,10.9864,10.7646,10.8529,18076800.0
2011-08-22,11.0439,11.0439,10.8385,10.894,14795600.0
2011-08-23,10.9125,11.3293,10.8406,11.3293,13609600.0
2011-08-24,11.3395,11.4483,11.1855,11.4319,12355600.0
2011-08-25,11.4524,11.6126,10.9987,11.048,19819600.0
2011-08-26,11.0315,11.2841,10.7687,11.2245,19425200.0
2011-08-29,11.3128,11.3395,11.1876,11.3375,10687600.0
2011-08-30,11.319,11.3806,11.1465,11.3108,15041200.0
2011-08-31,11.3806,11.4976,11.1486,11.2143,13412400.0
2011-09-01,11.1219,11.1691,10.8036,10.8796,27241200.0
2011-09-02,10.6743,10.8406,10.6702,10.7318,13402800.0
2011-09-06,10.5367,10.7051,10.4772,10.6948,11037200.0
2011-09-07,10.8529,10.9042,10.7092,10.9042,10904400.0
2011-09-08,10.8221,10.9556,10.818,10.8837,13608400.0
2011-09-09,10.7954,10.8796,10.5573,10.6332,18041200.0
2011-09-12,10.4916,10.777,10.4587,10.777,12763600.0
2011-09-13,10.7687,10.8858,10.6969,10.8139,14691600.0
2011-09-14,10.8365,11.0685,10.6332,10.9843,21390800.0
2011-09-15,11.1178,11.4196,11.0439,11.4114,19816800.0
2011-09-16,11.473,11.8241,11.4586,11.7543,22721200.0
2011-09-19,11.2902,11.8035,11.2902,11.7789,16556800.0
2011-09-20,11.7871,12.2614,11.6844,11.9575,25554400.0
2011-09-21,11.9144,11.9555,11.5921,11.5982,14386000.0
2011-09-22,11.4216,11.7111,11.2677,11.4052,21571600.0
2011-09-23,11.319,11.6824,11.319,11.6146,11616800.0
2011-09-26,11.6721,11.898,11.629,11.8836,10258400.0
2011-09-27,12.0355,12.0622,11.7912,11.8569,10136000.0
2011-09-28,11.861,12.0294,11.8117,11.82,10062000.0
2011-09-29,11.9739,11.9842,11.2122,11.434,16325600.0
2011-09-30,11.3231,11.6906,11.1691,11.3888,14823200.0
2011-10-03,11.3334,11.475,11.0808,11.087,11357600.0
2011-10-04,10.9925,11.3929,10.857,11.3847,10605200.0
2011-10-05,11.4257,11.627,11.3724,11.5777,11396800.0
2011-10-06,11.2533,11.436,11.0418,11.4155,17261600.0
2011-10-07,11.4504,11.7091,11.4114,11.436,10877600.0
2011-10-10,11.6003,11.8713,11.553,11.8672,6382400.0
2011-10-11,11.8384,11.9411,11.7029,11.9226,8939200.0
2011-10-12,11.9986,11.9986,11.7707,11.8466,9381600.0
2011-10-13,11.7666,11.9904,11.744,11.8056,7959600.0
2011-10-14,11.8918,11.8918,11.7193,11.8487,7958800.0
2011-10-17,11.8261,11.9431,11.7132,11.7337,5702800.0
2011-10-18,11.7111,11.9041,11.5736,11.8035,10169200.0
2011-10-19,11.8898,12.0109,11.8097,11.8713,10675600.0
2011-10-20,11.8692,12.052,11.8446,12.0273,12249200.0
2011-10-21,12.1238,12.2922,12.1053,12.286,11956400.0
2011-10-24,12.2552,12.3189,12.1998,12.3086,11014400.0
2011-10-25,12.2162,12.3045,12.1115,12.1361,9920800.0
2011-10-26,11.9288,12.0992,11.785,12.0191,18157600.0
2011-10-27,12.2922,12.5817,12.1772,12.4852,17178000.0
2011-10-28,12.4626,12.5673,12.2799,12.3948,11139200.0
2011-10-31,12.3086,12.4215,12.0992,12.0992,14625600.0
2011-11-01,11.8158,12.3394,11.744,12.1895,14605200.0
2011-11-02,12.3476,12.3784,12.1854,12.3353,11083200.0
2011-11-03,12.3907,12.5693,12.2983,12.5447,12068800.0
2011-11-04,12.4831,12.5406,12.3579,12.44,7278400.0
2011-11-07,12.4153,12.4977,12.2279,12.4379,7160800.0
2011-11-08,12.5018,12.5739,12.2876,12.5533,6268400.0
2011-11-09,12.3103,12.3906,12.0878,12.1208,10400000.0
2011-11-10,12.2217,12.3844,12.164,12.3556,9910000.0
2011-11-11,12.4235,12.6666,12.3597,12.6336,10362000.0
2011-11-14,12.5471,12.7098,12.4524,12.475,9514800.0
2011-11-15,12.4132,12.6521,12.2485,12.5368,12261600.0
2011-11-16,12.4627,12.6707,12.4215,12.4421,12301600.0
2011-11-17,12.3885,12.4606,12.1208,12.1887,10077200.0
2011-11-18,12.1908,12.335,12.162,12.2629,11747200.0
2011-11-21,12.129,12.2279,11.9642,12.1743,9255200.0
2011-11-22,12.1517,12.2649,12.0178,12.1867,13937600.0
2011-11-23,12.1022,12.2176,12.0713,12.1105,13787600.0
2011-11-25,12.0796,12.2402,12.0198,12.1002,7305200.0
2011-11-28,12.3,12.4091,12.2711,12.335,11432800.0
2011-11-29,12.3432,12.508,12.3432,12.4812,8805600.0
2011-11-30,12.7036,12.7695,12.5306,12.7078,13319200.0
2011-12-01,12.6583,12.9982,12.6563,12.8849,13334800.0
2011-12-02,12.9961,13.0043,12.8169,12.819,11181600.0
2011-12-05,12.9652,13.0929,12.9343,13.062,11194000.0
2011-12-06,13.1176,13.1588,12.9776,13.0826,9215600.0
2011-12-07,13.0579,13.1362,12.9508,12.9858,12961200.0
2011-12-08,12.959,13.0455,12.821,12.8437,11302000.0
2011-12-09,12.9117,13.0579,12.8705,13.027,6838400.0
2011-12-12,12.9343,12.9734,12.8107,12.9528,7188000.0
2011-12-13,12.9858,13.1176,12.8231,12.8766,8696800.0
2011-12-14,12.8705,12.9755,12.7737,12.8046,6270800.0
2011-12-15,12.9261,12.9426,12.7695,12.8293,6328400.0
2011-12-16,13.0373,13.0373,12.7531,12.7984,10280000.0
2011-12-19,12.8437,12.8746,12.6336,12.6707,8416000.0
2011-12-20,12.8725,13.0229,12.8107,12.9982,7550400.0
2011-12-21,13.0229,13.1032,12.8972,13.0785,6484000.0
2011-12-22,13.0723,13.2741,13.0599,13.2309,9517600.0
2011-12-23,13.2741,13.4513,13.2206,13.4513,7058000.0
2011-12-27,13.4039,13.4904,13.3895,13.4657,4548400.0
2011-12-28,13.4286,13.4904,13.3298,13.3545,5403200.0
2011-12-29,13.3936,13.478,13.3401,13.4657,4761600.0
2011-12-30,13.4389,13.4719,13.2597,13.2947,5864000.0
2012-01-03,13.4183,13.4348,13.1073,13.1217,7530400.0
2012-01-04,13.0641,13.2906,13.0641,13.27,9166000.0
2012-01-05,13.1156,13.7067,13.1156,13.6572,16499600.0
2012-01-06,13.6325,13.789,13.5996,13.6881,9586800.0
2012-01-09,13.4842,13.5584,13.3751,13.5316,11430400.0
2012-01-10,13.6222,13.6366,13.3977,13.5028,9374000.0
2012-01-11,13.4904,13.5295,13.4245,13.4986,9392800.0
2012-01-12,13.5213,13.5378,13.4266,13.4513,11463200.0
2012-01-13,13.4101,13.5234,13.3874,13.4183,11936000.0
2012-01-17,13.5275,13.6799,13.4327,13.5893,9287200.0
2012-01-18,13.6057,13.8014,13.5913,13.7685,8988000.0
2012-01-19,13.7705,13.8199,13.7005,13.7829,10380800.0
2012-01-20,13.8138,13.9003,13.6799,13.7128,9236800.0
2012-01-23,13.7005,13.7561,13.6263,13.7149,6992000.0
2012-01-24,13.6675,13.8673,13.6469,13.8529,5343200.0
2012-01-25,13.8302,14.0197,13.7685,13.9971,7970400.0
2012-01-26,13.9991,14.0959,13.925,13.995,8668000.0
2012-01-27,13.8879,14.0177,13.8653,13.8756,7316400.0
2012-01-30,13.9744,13.9929,13.7602,13.892,4605600.0
2012-01-31,13.9332,14.0424,13.8529,14.0341,7226000.0
2012-02-01,14.063,14.2133,14.0486,14.065,9336000.0
2012-02-02,14.1062,14.1989,13.9991,14.03,10891600.0
2012-02-03,14.2195,14.2854,14.1206,14.2236,5905000.0
2012-02-06,14.1495,14.2486,14.1082,14.1371,6277800.0
2012-02-07,14.102,14.3251,14.069,14.292,7920600.0
2012-02-08,14.3209,14.4325,14.1144,14.2177,8513000.0
2012-02-09,14.2507,14.292,14.1764,14.2796,5028600.0
2012-02-10,14.1474,14.1929,14.069,14.1929,3852000.0
2012-02-13,14.2259,14.2838,14.0896,14.2135,4315400.0
2012-02-14,14.1309,14.2507,14.1309,14.2466,4238800.0
2012-02-15,14.3127,14.3375,14.0401,14.0607,6257000.0
2012-02-16,14.0979,14.2301,14.0896,14.1392,6769200.0
2012-02-17,14.1929,14.4696,14.1764,14.4035,8943800.0
2012-02-21,14.4407,14.5812,14.3953,14.5481,10118200.0
2012-02-22,14.6225,14.6844,14.2507,14.5109,14111000.0
2012-02-23,14.5399,15.0066,14.4779,14.8414,13602400.0
2012-02-24,14.8331,14.9116,14.767,14.8579,6268600.0
2012-02-27,14.8084,15.2338,14.796,15.176,8762800.0
2012-02-28,15.1801,15.2834,15.1388,15.2669,8751800.0
2012-02-29,15.2586,15.3123,15.1181,15.1223,8492600.0
2012-03-01,15.2503,15.3453,15.0768,15.3206,9361000.0
2012-03-02,15.3247,15.366,15.2627,15.3164,6314400.0
2012-03-05,15.2586,15.4982,15.2503,15.4486,8325200.0
2012-03-06,15.3288,15.4527,15.1512,15.2049,7560400.0
2012-03-07,15.271,15.3742,15.1677,15.3495,5485800.0
2012-03-08,15.4445,15.6469,15.3619,15.589,8505400.0
2012-03-09,15.6221,15.8782,15.6138,15.746,7898400.0
2012-03-12,15.7749,15.8327,15.684,15.7254,4810800.0
2012-03-13,15.8162,15.8286,15.6221,15.7171,9735200.0
2012-03-14,15.746,15.8327,15.6882,15.7336,6564200.0
2012-03-15,15.7295,15.8162,15.5766,15.7749,9566200.0
2012-03-16,15.7708,15.7956,15.6138,15.6593,7084200.0
2012-03-19,15.6551,15.7543,15.5519,15.7377,6542000.0
2012-03-20,15.684,15.903,15.6056,15.8906,8080800.0
2012-03-21,15.9071,16.1178,15.8699,16.0723,5684000.0
2012-03-22,15.9484,16.1012,15.9278,16.0682,6170400.0
2012-03-23,16.0517,16.0641,15.7832,15.9567,6549400.0
2012-03-26,16.1302,16.2789,16.1054,16.2582,6483400.0
2012-03-27,16.3078,16.3821,16.2747,16.3284,5475400.0
2012-03-28,16.2789,16.3573,16.1302,16.3078,5680400.0
2012-03-29,16.1715,16.2417,16.0888,16.2004,4611000.0
2012-03-30,16.2623,16.411,16.1715,16.4028,8447600.0
2012-04-02,16.3945,16.5184,16.3491,16.4689,7807400.0
2012-04-03,16.4358,16.473,16.2747,16.3615,7554600.0
2012-04-04,16.2706,16.411,16.1756,16.2582,5899000.0
2012-04-05,16.5019,16.7787,16.283,16.6424,15129800.0
2012-04-09,16.4606,16.6093,16.3697,16.5267,8129400.0
2012-04-10,16.4813,16.4813,15.9278,15.9732,13934600.0
2012-04-11,16.0847,16.3945,16.0847,16.3491,8220200.0
2012-04-12,16.3739,16.4937,16.2665,16.4234,5857800.0
2012-04-13,16.3986,16.5308,16.3532,16.4482,5757600.0
2012-04-16,16.5226,16.663,16.3491,16.601,9772600.0
2012-04-17,16.6547,17.1091,16.6258,17.0802,17144400.0
2012-04-18,17.01,17.1752,16.8985,17.0926,11925400.0
2012-04-19,17.0637,17.1339,16.8778,16.9728,8102400.0
2012-04-20,16.9645,17.1009,16.9356,16.9439,7214800.0
2012-04-23,16.8613,16.8902,16.5721,16.7043,8466000.0
2012-04-24,16.7539,16.8654,16.4895,16.6258,7542000.0
2012-04-25,16.7787,17.0265,16.7167,17.0265,6066200.0
2012-04-26,17.0265,17.3404,16.9356,17.2537,8394600.0
2012-04-27,17.3322,17.58,17.1711,17.5387,7779200.0
2012-04-30,17.547,17.5759,17.2041,17.2289,7116600.0
2012-05-01,17.4065,17.4726,17.1876,17.3693,6912400.0
2012-05-02,17.2991,17.6048,17.2702,17.5676,7830400.0
2012-05-03,17.6254,17.6626,17.4272,17.5346,8922800.0
2012-05-04,17.4148,17.5428,17.138,17.2413,7522200.0
2012-05-07,17.283,17.5812,17.1215,17.138,10766200.0
2012-05-08,17.0573,17.194,16.7797,17.1028,12053600.0
2012-05-09,16.9496,17.2809,16.8874,17.0945,6659400.0
2012-05-10,17.2561,17.3679,17.0904,17.3099,7468200.0
2012-05-11,17.2064,17.3016,17.0573,17.0863,6078400.0
2012-05-14,16.962,17.107,16.3531,16.4442,18282800.0
2012-05-15,16.5064,17.6869,16.4649,17.5833,30502000.0
2012-05-16,17.5377,17.7324,17.3265,17.575,11125600.0
2012-05-17,17.5543,17.6206,16.9579,16.9579,12001600.0
2012-05-18,16.9206,16.9289,16.5354,16.5933,17705800.0
2012-05-21,16.4028,16.7176,16.3448,16.7052,12016200.0
2012-05-22,16.9413,16.9703,16.6638,16.8046,8511200.0
2012-05-23,16.7342,16.8833,16.6182,16.846,9981800.0
2012-05-24,17.0076,17.1857,16.8253,16.9413,8264000.0
2012-05-25,16.9786,17.078,16.8916,16.9289,4938600.0
2012-05-29,17.0448,17.2478,17.02,17.2312,8248000.0
2012-05-30,17.1442,17.2147,16.9993,17.1194,9466000.0
2012-05-31,17.3721,17.6993,17.2271,17.5875,19581400.0
2012-06-01,17.3845,17.5957,16.8999,16.9413,14816200.0
2012-06-04,16.9786,17.0987,16.8377,17.0366,9346800.0
2012-06-05,16.9537,17.0987,16.846,17.0283,7575000.0
2012-06-06,17.1608,17.488,17.0738,17.488,11168600.0
2012-06-07,17.5957,17.604,17.1898,17.2147,11217000.0
2012-06-08,17.1981,17.2561,17.1028,17.1732,12816600.0
2012-06-11,17.3182,17.3306,17.0448,17.0863,10825600.0
2012-06-12,17.0987,17.2934,16.9744,17.2727,9313200.0
2012-06-13,17.3224,17.3224,17.049,17.1525,10429800.0
2012-06-14,17.2022,17.488,17.1401,17.4218,10293600.0
2012-06-15,17.5543,17.6662,17.4798,17.5875,10971800.0
2012-06-18,17.5875,17.865,17.5046,17.8277,12706800.0
2012-06-19,17.9105,18.1218,17.8857,18.0099,12698800.0
2012-06-20,18.0679,18.0969,17.6703,17.8567,10491600.0
2012-06-21,18.1176,18.1342,17.517,17.5667,12286000.0
2012-06-22,17.6496,17.9478,17.5833,17.894,10681800.0
2012-06-25,17.7656,17.8153,17.5667,17.5792,9668200.0
2012-06-26,17.691,17.9395,17.6206,17.8484,8667600.0
2012-06-27,17.865,17.894,17.3969,17.5005,10556000.0
2012-06-28,17.4218,17.4218,16.991,17.2312,12057600.0
2012-06-29,17.4176,17.7821,17.4011,17.7821,10566600.0
2012-07-02,17.865,18.0182,17.7821,17.9023,9074800.0
2012-07-03,17.9685,17.9768,17.4549,17.604,7150000.0
2012-07-05,17.981,18.4863,17.9644,18.2626,15654800.0
2012-07-06,18.1301,18.4366,18.1301,18.4035,8362200.0
2012-07-09,18.3579,18.6313,18.3537,18.4904,7724600.0
2012-07-10,18.594,18.6313,18.1549,18.2253,8353800.0
2012-07-11,18.2253,18.2626,17.9354,18.0638,7987600.0
2012-07-12,17.9437,18.3372,17.8691,18.2543,8566200.0
2012-07-13,18.2668,18.6106,18.2046,18.5526,5592000.0
2012-07-16,18.362,18.6851,18.362,18.5277,6070800.0
2012-07-17,18.6313,18.8011,18.5898,18.6685,6716000.0
2012-07-18,18.6023,18.7307,18.5443,18.6271,8189200.0
2012-07-19,18.6768,18.739,18.4532,18.6313,6670600.0
2012-07-20,18.5981,18.5981,18.2709,18.3537,8075800.0
2012-07-23,18.1549,18.3496,18.0389,18.3123,5936400.0
2012-07-24,18.3455,18.3869,18.0555,18.2295,6247400.0
2012-07-25,18.2916,18.4407,18.1632,18.3413,5887000.0
2012-07-26,18.4159,18.478,18.0969,18.3082,9025400.0
2012-07-27,18.4324,18.623,18.2833,18.5153,8722800.0
2012-07-30,18.5443,18.7638,18.5029,18.5981,7393600.0
2012-07-31,18.5153,18.6561,18.2792,18.3413,8648400.0
2012-08-01,18.3952,18.4242,18.1715,18.1715,6785200.0
2012-08-02,18.2709,18.7348,18.0804,18.6437,13261400.0
2012-08-03,18.8094,18.8467,18.6437,18.6851,9034600.0
2012-08-06,18.7473,18.822,18.6393,18.7431,6896200.0
2012-08-07,18.7576,18.8781,18.6289,18.7452,7873800.0
2012-08-08,18.6953,18.7701,18.6497,18.7286,9955000.0
2012-08-09,18.7327,18.7909,18.5998,18.687,8837400.0
2012-08-10,18.6538,18.7037,18.3133,18.4628,7362600.0
2012-08-13,18.4296,18.5625,18.305,18.3714,12807400.0
2012-08-14,18.5957,18.7369,18.1513,18.6995,13879400.0
2012-08-15,18.687,18.8698,18.5292,18.6953,7485200.0
2012-08-16,18.6787,18.7743,18.4586,18.7659,11208400.0
2012-08-17,18.7618,19.1023,18.6953,19.0649,11320200.0
2012-08-20,19.1231,19.1231,18.9528,19.0359,8503600.0
2012-08-21,19.0317,19.1272,18.9611,19.011,6355000.0
2012-08-22,18.9985,19.1729,18.9653,19.1397,6134400.0
2012-08-23,19.1231,19.1272,18.8822,18.9279,5640200.0
2012-08-24,18.8448,19.094,18.8158,19.0483,5639000.0
2012-08-27,19.0774,19.1231,18.9321,18.9694,5607200.0
2012-08-28,18.9943,19.1438,18.9611,19.0151,7899000.0
2012-08-29,19.0151,19.3805,19.0068,19.3681,10460600.0
2012-08-30,19.1563,19.285,18.9362,18.9362,8556200.0
2012-08-31,19.0732,19.0982,18.9362,19.0151,6233400.0
2012-09-04,19.0276,19.2061,18.8532,19.1688,6918200.0
2012-09-05,19.1646,19.1646,18.9154,18.9487,8214000.0
2012-09-06,19.0857,19.285,18.9736,19.2186,9370200.0
2012-09-07,19.1854,19.2601,18.9362,19.04,7447000.0
2012-09-10,18.8822,19.1688,18.8781,19.0359,7399000.0
2012-09-11,19.0234,19.1106,18.8615,18.9154,6852600.0
2012-09-12,18.9154,19.1023,18.8739,18.9321,8559200.0
2012-09-13,19.0068,19.3432,18.8698,19.3349,8348400.0
2012-09-14,19.4096,19.4096,19.0691,19.2933,10565000.0
2012-09-17,19.011,19.1688,18.9154,19.094,7051000.0
2012-09-18,19.011,19.0525,18.7535,18.8282,11110800.0
2012-09-19,18.8324,18.8656,18.6164,18.8075,9443000.0
2012-09-20,18.6912,18.8158,18.496,18.7576,11796000.0
2012-09-21,18.7576,18.8158,18.5002,18.5002,11903600.0
2012-09-24,18.4462,18.4836,18.3216,18.4005,9503800.0
2012-09-25,18.4794,18.658,18.2801,18.2967,12127000.0
2012-09-26,18.3008,18.6372,18.3008,18.5209,12592200.0
2012-09-27,18.5209,18.7618,18.4628,18.7078,8805800.0
2012-09-28,18.3465,18.6953,18.251,18.5998,11066400.0
2012-10-01,18.6248,18.9237,18.6206,18.8573,8071800.0
2012-10-02,18.9528,18.9736,18.6081,18.7576,7263800.0
2012-10-03,18.8324,18.9362,18.6912,18.7743,8546000.0
2012-10-04,18.8158,19.0899,18.8116,18.8947,9647400.0
2012-10-05,19.011,19.0899,18.7743,18.8532,7349200.0
2012-10-08,18.8241,18.9154,18.7452,18.7992,3763800.0
2012-10-09,18.7909,18.8947,18.5375,18.5459,6353200.0
2012-10-10,18.5666,18.7286,18.496,18.5874,6796600.0
2012-10-11,18.6746,18.7203,18.2219,18.2219,8944800.0
2012-10-12,18.251,18.2884,17.6904,17.7859,13696000.0
2012-10-15,17.815,18.0268,17.6987,18.006,9750200.0
2012-10-16,18.0641,18.0891,17.8399,17.898,9075400.0
2012-10-17,17.952,18.0309,17.7527,17.8773,10673000.0
2012-10-18,17.8773,17.9728,17.7818,17.952,9514800.0
2012-10-19,17.9686,17.9811,17.6489,17.6696,7536000.0
2012-10-22,17.5949,17.6946,17.2004,17.379,9085200.0
2012-10-23,17.1962,17.7236,17.163,17.6821,12951000.0
2012-10-24,17.8025,17.8399,17.4371,17.4371,10980600.0
2012-10-25,17.5201,17.5907,17.1049,17.1713,14360800.0
2012-10-26,17.2004,17.2336,16.7685,16.9139,19307400.0
2012-10-31,16.8889,17.3291,16.8723,17.2876,11776200.0
2012-11-01,17.8482,17.9437,17.4786,17.5658,18367800.0
2012-11-02,17.7195,17.8108,17.1962,17.2419,13087800.0
2012-11-05,17.1872,17.5037,17.1289,17.4371,8321600.0
2012-11-06,17.5141,17.5308,17.2643,17.3059,8526200.0
2012-11-07,17.2143,17.3267,17.0394,17.0811,8293800.0
2012-11-08,17.0811,17.1394,16.7812,16.8062,8054400.0
2012-11-09,16.7479,17.0769,16.6896,16.9603,9378000.0
2012-11-12,16.9853,17.181,16.877,17.0602,11356200.0
2012-11-13,17.2934,17.7598,16.977,17.5141,24737800.0
2012-11-14,17.5141,17.6266,17.385,17.5266,17498400.0
2012-11-15,17.4808,17.5724,17.2101,17.4891,15691800.0
2012-11-16,17.4267,17.7265,17.3226,17.6765,15801000.0
2012-11-19,17.7556,18.3594,17.7556,18.3553,16659000.0
2012-11-20,18.3553,18.3886,17.9722,18.1304,11123000.0
2012-11-21,18.1887,18.2845,17.9972,18.0971,7350400.0
2012-11-23,18.222,18.2845,18.0013,18.2845,3357000.0
2012-11-26,18.2428,18.2803,17.9264,18.1179,8933400.0
2012-11-27,18.0804,18.1554,17.918,17.943,7541600.0
2012-11-28,17.9305,18.3719,17.8389,18.3386,10333600.0
2012-11-29,18.2428,18.4594,18.0971,18.3719,10032600.0
2012-11-30,18.3344,18.5427,18.2928,18.4635,9151600.0
2012-12-03,18.551,18.551,18.3261,18.3428,7816200.0
2012-12-04,18.3678,18.4011,18.0513,18.0513,9231600.0
2012-12-05,18.1429,18.1929,17.8431,18.043,8494000.0
2012-12-06,18.018,18.2553,17.9097,18.1304,5947000.0
2012-12-07,17.9389,18.2553,17.9389,18.0929,5513800.0
2012-12-10,18.0929,18.1262,17.8764,17.9389,6130000.0
2012-12-11,17.9972,18.1013,17.6807,17.7598,9489000.0
2012-12-12,17.789,17.8722,17.5141,17.7265,9556600.0
2012-12-13,17.6973,17.789,17.5974,17.7015,7856200.0
2012-12-14,17.6182,17.7723,17.6141,17.7431,6961800.0
2012-12-17,17.7681,18.172,17.6973,18.1637,9200400.0
2012-12-18,18.1596,18.2678,18.0555,18.1887,8522600.0
2012-12-19,18.1679,18.2428,18.0096,18.0096,7299200.0
2012-12-20,18.0388,18.1138,17.5058,17.6349,12588600.0
2012-12-21,17.46,17.5724,17.3975,17.4683,11000200.0
2012-12-24,17.385,17.689,17.385,17.5766,4179200.0
2012-12-26,17.5724,17.5724,17.1394,17.1685,8618000.0
2012-12-27,17.1685,17.3392,17.0644,17.2934,9495200.0
2012-12-28,17.2351,17.5183,17.1977,17.3309,7535000.0
2012-12-31,17.2768,17.7057,17.256,17.6765,9044800.0
2013-01-02,17.9305,17.9763,17.639,17.9763,13858000.0
2013-01-03,18.4677,18.7092,18.3678,18.5635,14809000.0
2013-01-04,18.5676,18.7175,18.4885,18.5551,10515400.0
2013-01-07,18.5093,18.5968,18.3553,18.4302,8680600.0
2013-01-08,18.3636,18.5218,18.1138,18.1138,9581600.0
2013-01-09,18.1096,18.3011,18.0721,18.1845,5321600.0
2013-01-10,18.2137,18.2428,18.0388,18.2095,5311400.0
2013-01-11,18.2054,18.3428,18.1637,18.3053,6612000.0
2013-01-14,18.2553,18.3344,18.1262,18.2928,4832400.0
2013-01-15,18.2637,18.5177,18.1887,18.4677,6160400.0
2013-01-16,18.4552,18.5052,18.2845,18.4552,4273000.0
2013-01-17,18.4719,18.6426,18.4177,18.576,5723400.0
2013-01-18,18.6176,18.6717,18.4427,18.6343,6734200.0
2013-01-22,18.5843,18.7175,18.5385,18.6009,7915800.0
2013-01-23,18.5551,18.6009,18.4136,18.4968,6578400.0
2013-01-24,18.5218,18.805,18.5218,18.6842,6662200.0
2013-01-25,18.7092,18.8591,18.6384,18.7883,5694000.0
2013-01-28,18.8383,18.8591,18.6676,18.7134,4475400.0
2013-01-29,18.6842,18.8633,18.6426,18.8425,6411400.0
2013-01-30,18.9008,19.0049,18.7758,18.9549,8514400.0
2013-01-31,18.9591,18.9757,18.8092,18.8133,7208600.0
2013-02-01,18.9674,18.9674,18.7758,18.8633,5405400.0
2013-02-04,18.8133,18.9549,18.7925,18.8383,7872800.0
2013-02-05,18.9174,19.0507,18.8633,19.0007,7160600.0
2013-02-06,18.9299,19.0507,18.8466,18.9257,6313800.0
2013-02-07,18.8633,18.9466,18.6717,18.9008,7754200.0
2013-02-08,18.9466,19.0798,18.9257,19.0215,6823600.0
2013-02-11,18.9968,19.026,18.8757,18.9049,4665000.0
2013-02-12,18.9404,18.978,18.8235,18.8694,6048400.0
2013-02-13,18.9446,19.0615,18.7734,18.7901,4771600.0
2013-02-14,18.7526,18.9321,18.7526,18.8736,9395600.0
2013-02-15,18.8736,18.9237,18.5313,18.7901,12426600.0
2013-02-19,18.8444,18.8903,18.619,18.8486,6838400.0
2013-02-20,18.8235,18.8444,18.4895,18.4937,9304600.0
2013-02-21,18.4228,18.6357,18.3852,18.4562,6669400.0
2013-02-22,18.477,18.5229,18.285,18.4603,8674600.0
2013-02-25,18.5396,18.5897,18.189,18.1931,8362800.0
2013-02-26,18.2098,18.3393,18.189,18.2307,10929800.0
2013-02-27,18.2265,18.7275,18.1305,18.6816,11211200.0
2013-02-28,18.7233,18.9655,18.7108,18.7734,12779000.0
2013-03-01,18.7233,18.8694,18.6816,18.7776,12425400.0
2013-03-04,18.7943,18.9696,18.7484,18.8694,6698000.0
2013-03-05,18.907,18.9446,18.7901,18.8611,6911200.0
2013-03-06,18.8653,18.9529,18.7317,18.7609,7420800.0
2013-03-07,18.836,18.8903,18.5981,18.6273,8139200.0
2013-03-08,18.6899,18.7818,18.5939,18.7484,6015400.0
2013-03-11,18.7359,18.7859,18.6816,18.6983,5096000.0
2013-03-12,18.6941,18.7609,18.5897,18.6148,7333200.0
2013-03-13,18.6315,18.8235,18.6106,18.7943,6783400.0
2013-03-14,18.811,18.9863,18.8026,18.8694,4692800.0
2013-03-15,18.7693,18.8903,18.7442,18.7526,8315800.0
2013-03-18,18.5981,18.8987,18.5772,18.7651,9219200.0
2013-03-19,18.7901,18.8486,18.6565,18.8277,12274600.0
2013-03-20,18.9237,19.0072,18.811,18.9488,11412000.0
2013-03-21,18.8444,19.1283,18.7901,19.0406,10029400.0
2013-03-22,19.0615,19.5541,19.0615,19.4622,12189600.0
2013-03-25,19.5207,19.7753,19.4831,19.671,15279000.0
2013-03-26,19.7085,19.7211,19.4247,19.6292,12506200.0
2013-03-27,19.5583,19.6877,19.5082,19.575,6813800.0
2013-03-28,19.5249,19.6167,19.4372,19.5165,7391200.0
2013-04-01,19.5583,19.7252,19.4956,19.5791,6212600.0
2013-04-02,19.7127,19.8046,19.5917,19.7753,6839000.0
2013-04-03,19.7712,19.863,19.6125,19.6585,7603200.0
2013-04-04,19.6459,19.792,19.6376,19.7837,4337200.0
2013-04-05,19.5666,19.7002,19.4539,19.6793,7152000.0
2013-04-08,19.6,19.8129,19.5917,19.8087,6391000.0
2013-04-09,19.8296,20.1218,19.5416,19.8964,10905800.0
2013-04-10,19.9006,20.0133,19.7712,19.8338,6592800.0
2013-04-11,19.7753,20.3848,19.7753,20.3473,14348800.0
2013-04-12,20.293,20.3347,20.2012,20.2805,7837600.0
2013-04-15,20.1719,20.3556,19.838,19.8505,6901800.0
2013-04-16,19.9757,19.9757,19.7753,19.9215,6037800.0
2013-04-17,19.863,19.8964,19.6543,19.7503,6907800.0
2013-04-18,19.7628,19.8254,19.4622,19.4956,6207000.0
2013-04-19,19.5833,19.7127,19.4748,19.6209,5507800.0
2013-04-22,19.6877,19.767,19.5332,19.6793,5243400.0
2013-04-23,19.8129,19.934,19.5207,19.6877,7021400.0
2013-04-24,19.7378,19.959,19.7336,19.7962,4356800.0
2013-04-25,19.8588,20.2596,19.8171,20.1594,5241000.0
2013-04-26,20.1678,20.2596,20.126,20.2053,3358400.0
2013-04-29,20.2304,20.4433,20.2053,20.389,5440200.0
2013-04-30,20.3222,20.389,20.1636,20.3598,6769000.0
2013-05-01,20.3681,20.4182,20.1636,20.1886,4005200.0
2013-05-02,20.1719,20.4015,20.0843,20.4015,3647600.0
2013-05-03,20.4725,20.7522,20.4224,20.6854,5369800.0
2013-05-06,20.6687,20.7439,20.4934,20.5769,4363400.0
2013-05-07,20.5811,20.8858,20.5143,20.8858,6064400.0
2013-05-08,20.8608,21.1279,20.794,21.0403,6725000.0
2013-05-09,21.082,21.3826,21.0361,21.1613,8265600.0
2013-05-10,21.1989,21.3241,21.1697,21.274,5931800.0
2013-05-13,21.2744,21.333,21.0818,21.1446,4969800.0
2013-05-14,21.176,21.5989,21.176,21.5403,7334800.0
2013-05-15,21.5277,21.7035,21.4398,21.6114,5027000.0
2013-05-16,21.5486,21.5947,21.1802,21.2514,5660600.0
2013-05-17,21.1928,21.5068,21.1844,21.49,5794400.0
2013-05-20,21.4691,21.6366,21.2849,21.4984,5118000.0
2013-05-21,21.2974,21.6994,21.1132,21.6533,5812400.0
2013-05-22,21.624,21.6826,20.9374,21.0295,9716200.0
2013-05-23,20.9165,21.13,20.7699,21.0588,6778600.0
2013-05-24,20.9834,21.3686,20.8578,21.2891,6223600.0
2013-05-28,21.4691,21.4858,21.109,21.2221,6888000.0
2013-05-29,21.1425,21.1425,20.8285,20.929,5115600.0
2013-05-30,20.9918,21.1216,20.9206,20.9541,4374800.0
2013-05-31,20.862,21.243,20.862,21.1886,7967000.0
2013-06-03,21.1635,21.1802,20.8076,21.0797,9064000.0
2013-06-04,21.0839,21.2807,20.9332,21.1467,6757800.0
2013-06-05,21.0881,21.2263,20.8955,20.9374,6251600.0
2013-06-06,20.9039,20.9751,20.7071,20.8997,8030000.0
2013-06-07,21.0128,21.1718,20.9123,21.1216,7051600.0
2013-06-10,21.1802,21.2681,21.0086,21.0588,4649600.0
2013-06-11,20.9332,21.0337,20.8285,20.8872,5970000.0
2013-06-12,20.9416,21.0714,20.8997,20.9248,6687800.0
2013-06-13,20.9541,21.4565,20.862,21.4272,7172200.0
2013-06-14,21.4063,21.423,21.0379,21.109,5463600.0
2013-06-17,21.1802,21.2053,20.7364,20.8369,9190600.0
2013-06-18,20.816,21.1886,20.7825,21.1551,6249400.0
2013-06-19,21.2221,21.2933,20.8662,20.8662,5289800.0
2013-06-20,20.7406,20.816,20.4769,20.502,5765800.0
2013-06-21,20.6862,20.7992,20.4852,20.7197,7048000.0
2013-06-24,20.6066,20.6611,20.3931,20.4517,6255200.0
2013-06-25,20.548,20.7448,20.4182,20.6192,7300800.0
2013-06-26,20.795,20.8913,20.6694,20.7364,3936800.0
2013-06-27,20.8327,21.13,20.8202,20.9834,5329600.0
2013-06-28,20.9625,21.1551,20.8872,20.9583,6450200.0
2013-07-01,21.1174,21.3226,21.0839,21.13,4600600.0
2013-07-02,21.1258,21.2388,20.9458,21.0337,5162400.0
2013-07-03,20.9081,21.1049,20.8118,21.0546,2081800.0
2013-07-05,21.1802,21.3812,21.0588,21.3184,3059200.0
2013-07-08,21.3477,21.6114,21.3226,21.5235,5555400.0
2013-07-09,21.624,21.6533,21.3602,21.4607,5994000.0
2013-07-10,21.4272,21.6826,21.4189,21.6742,7120800.0
2013-07-11,21.7915,21.9171,21.7496,21.871,5705200.0
2013-07-12,21.871,22.0217,21.8166,21.9003,5892600.0
2013-07-15,21.8836,21.9631,21.7747,21.8501,5630600.0
2013-07-16,21.8166,22.0385,21.7957,21.8794,4966400.0
2013-07-17,21.9631,22.0636,21.871,21.9506,5370600.0
2013-07-18,21.9506,22.1724,21.8668,21.9422,5238000.0
2013-07-19,21.9841,21.9841,21.825,21.938,4514800.0
2013-07-22,21.7957,21.8961,21.6366,21.8375,5110400.0
2013-07-23,21.8752,21.8752,21.7245,21.7454,3308000.0
2013-07-24,21.7622,21.7747,21.5026,21.6031,5298400.0
2013-07-25,21.5193,21.691,21.4482,21.6742,5148400.0
2013-07-26,21.5696,21.6407,21.4189,21.624,3721400.0
2013-07-29,21.557,21.7203,21.5026,21.6868,2823800.0
2013-07-30,21.758,21.9213,21.7119,21.8082,4138600.0
2013-07-31,21.804,21.9589,21.7538,21.7873,4447600.0
2013-08-01,21.9171,22.4069,21.8794,22.3902,5274400.0
2013-08-02,22.2939,22.6414,22.2185,22.5786,6508400.0
2013-08-05,22.5074,22.7293,22.4697,22.7125,5570400.0
2013-08-06,22.6204,22.6288,22.3357,22.5074,6640000.0
2013-08-07,22.4236,22.432,22.0845,22.1431,5604800.0
2013-08-08,22.2311,22.3022,22.0594,22.1013,3940000.0
2013-08-09,22.0469,22.0929,21.8836,21.938,4523400.0
2013-08-12,21.8372,21.9968,21.7911,21.938,5696200.0
2013-08-13,21.9317,22.1416,21.8939,22.1164,4390600.0
2013-08-14,22.0241,22.0451,21.726,21.8183,5144000.0
2013-08-15,21.6462,21.6462,21.2348,21.3146,5932600.0
2013-08-16,21.2642,21.5287,21.1844,21.1928,7638000.0
2013-08-19,21.1634,21.4069,21.1214,21.3062,8091600.0
2013-08-20,22.2508,22.8427,22.0912,22.7714,15132600.0
2013-08-21,22.6706,22.8763,22.4985,22.721,9128600.0
2013-08-22,22.721,22.8343,22.5824,22.7378,5269400.0
2013-08-23,22.7881,22.8805,22.6706,22.8553,4835400.0
2013-08-26,22.8427,22.9477,22.6538,22.6832,3949400.0
2013-08-27,22.4817,22.5404,22.2088,22.2298,5468200.0
2013-08-28,22.255,22.3347,22.1584,22.1668,3771600.0
2013-08-29,22.1248,22.3725,22.0534,22.2508,4369600.0
2013-08-30,22.2928,22.3137,22.0618,22.1332,3982000.0
2013-09-03,22.3305,22.5824,22.2466,22.3053,4207400.0
2013-09-04,22.3431,22.742,22.2969,22.616,5179600.0
2013-09-05,22.6496,22.8553,22.616,22.721,4430800.0
2013-09-06,22.742,22.8301,22.4187,22.637,5566800.0
2013-09-09,22.4943,22.658,22.4943,22.6496,4598600.0
2013-09-10,22.6538,22.6664,22.5237,22.637,6002600.0
2013-09-11,22.6664,23.0232,22.6496,22.9099,5312200.0
2013-09-12,22.8763,22.8973,22.658,22.7042,4912600.0
2013-09-13,22.7294,22.763,22.553,22.7546,3355000.0
2013-09-16,22.8973,23.2835,22.8553,23.2122,5862800.0
2013-09-17,23.208,23.5354,23.1786,23.4851,5720600.0
2013-09-18,23.4473,23.8965,23.3507,23.8629,6863800.0
2013-09-19,23.9301,23.9972,23.7202,23.8125,8445200.0
2013-09-20,23.8461,23.8503,23.611,23.7621,6562800.0
2013-09-23,23.6446,23.653,23.4347,23.5606,4680200.0
2013-09-24,23.5228,23.5312,23.2835,23.4557,9204200.0
2013-09-25,23.5354,23.6026,23.2835,23.3507,5375600.0
2013-09-26,23.4095,23.716,23.3843,23.7076,5338000.0
2013-09-27,23.7034,23.7286,23.59,23.7076,3522600.0
2013-09-30,23.4683,23.7537,23.4515,23.674,4466400.0
2013-10-01,23.7034,23.8839,23.6782,23.8377,3250000.0
2013-10-02,23.7076,23.8671,23.6152,23.8083,3500600.0
2013-10-03,23.7621,23.8083,23.4347,23.59,3655600.0
2013-10-04,23.59,23.7957,23.5228,23.6572,2936200.0
2013-10-07,23.4851,23.5732,23.2374,23.2416,4327600.0
2013-10-08,23.2751,23.3339,22.9351,22.9519,3662400.0
2013-10-09,23.0442,23.1996,22.9477,23.0526,4614000.0
2013-10-10,23.2374,23.3969,23.187,23.3969,4117400.0
2013-10-11,23.3381,23.3423,23.124,23.3297,4324600.0
2013-10-14,23.1996,23.6362,23.1954,23.59,3677600.0
2013-10-15,23.5732,23.5732,23.2709,23.3549,4245000.0
2013-10-16,23.506,24.2575,23.4725,24.2323,6948800.0
2013-10-17,24.1316,24.2281,23.9385,24.1652,7286400.0
2013-10-18,24.2533,24.2533,23.9972,24.2533,4595400.0
2013-10-21,24.2533,24.3415,24.0098,24.1736,5381600.0
2013-10-22,24.48,24.7109,24.3079,24.5976,6705600.0
2013-10-23,24.5178,24.7403,24.5052,24.6438,4725600.0
2013-10-24,24.6816,24.7571,24.6018,24.6816,4252200.0
2013-10-25,24.7109,24.8285,24.5514,24.8117,3724000.0
2013-10-28,24.7697,24.9544,24.6102,24.669,5661800.0
2013-10-29,24.7697,25.2147,24.7697,25.2063,6622000.0
2013-10-30,25.2315,25.6136,25.2105,25.2903,7285800.0
2013-10-31,25.2441,25.5758,25.1224,25.5212,7830200.0
2013-11-01,25.5926,25.7311,25.4037,25.559,5306000.0
2013-11-04,25.5548,25.5674,25.3911,25.538,3527800.0
2013-11-05,25.4414,25.7815,25.3743,25.7311,4855800.0
2013-11-06,25.8319,26.004,25.622,25.9116,5350200.0
2013-11-07,25.9746,26.13,25.3365,25.4456,7236000.0
2013-11-08,25.475,25.9116,25.475,25.9116,3982200.0
2013-11-11,25.9117,26.0463,25.7686,25.8991,4922600.0
2013-11-12,25.8633,25.9853,25.7917,25.9306,3997200.0
2013-11-13,25.9096,26.4103,25.8759,26.3935,5348800.0
2013-11-14,26.4482,26.5534,26.2336,26.5155,3848400.0
2013-11-15,26.4735,26.7344,26.3977,26.7302,4524400.0
2013-11-18,26.8396,26.8396,26.1831,26.2967,8448200.0
2013-11-19,26.3346,26.9027,26.3136,26.5618,6949800.0
2013-11-20,26.5618,26.7807,26.5155,26.625,6929200.0
2013-11-21,26.6165,26.97,26.5871,26.9279,5908000.0
2013-11-22,26.6292,26.6923,26.3725,26.5366,9822200.0
2013-11-25,26.7512,26.9322,26.5113,26.5787,5239200.0
2013-11-26,26.6292,26.7428,26.5198,26.5282,6044000.0
2013-11-27,26.6039,26.667,26.5113,26.6208,4634000.0
2013-11-29,26.6586,26.8438,26.4482,26.4608,3797400.0
2013-12-02,26.5029,26.7007,26.322,26.3893,7962800.0
2013-12-03,26.2252,26.3556,26.1242,26.2799,6036800.0
2013-12-04,26.1116,26.4314,25.9348,26.3472,9052200.0
2013-12-05,26.3304,26.4735,26.1663,26.1873,5848200.0
2013-12-06,26.3935,26.4103,26.0358,26.2336,5669400.0
2013-12-09,26.7133,26.7133,26.0484,26.1158,7249600.0
2013-12-10,26.0905,26.2925,26.0484,26.1663,6257600.0
2013-12-11,26.2378,26.2715,25.7791,25.817,7035200.0
2013-12-12,25.8465,26.0316,25.7034,25.7749,6463600.0
2013-12-13,25.8885,25.9012,25.7118,25.7412,5805000.0
2013-12-16,25.8422,26.0232,25.7076,25.9306,5618200.0
2013-12-17,26.019,26.0653,25.8212,25.8212,4850200.0
2013-12-18,25.838,26.3093,25.7076,26.3009,7293800.0
2013-12-19,26.2084,26.3346,26.0737,26.322,6496600.0
2013-12-20,26.322,26.5703,26.242,26.2967,8315800.0
2013-12-23,26.444,26.5071,26.2841,26.3893,4369600.0
2013-12-24,26.5071,26.6712,26.4482,26.524,2165600.0
2013-12-26,26.6081,26.8522,26.5871,26.7849,3309000.0
2013-12-27,26.827,26.848,26.5618,26.6712,3410400.0
2013-12-30,26.6923,26.8143,26.5071,26.646,3463600.0
2013-12-31,26.646,26.8522,26.6165,26.8185,2779000.0
2014-01-02,26.6628,27.071,26.5913,26.7133,4255400.0
2014-01-03,26.6208,26.9953,26.6081,26.7638,3413000.0
2014-01-06,26.8564,26.9406,26.4566,26.4735,5291000.0
2014-01-07,26.5113,26.9322,26.4903,26.5871,5178000.0
2014-01-08,26.6292,26.747,26.4735,26.7217,5051200.0
2014-01-09,26.7596,26.8438,26.6081,26.646,4292200.0
2014-01-10,26.7891,26.9616,26.7217,26.9532,5029000.0
2014-01-13,26.8943,27.0921,26.4103,26.4735,6339200.0
2014-01-14,26.5113,26.5955,26.2546,26.4524,5993200.0
2014-01-15,26.4777,26.5324,26.2546,26.322,4166800.0
2014-01-16,26.2925,26.3935,26.1031,26.1452,5367400.0
2014-01-17,26.1831,26.2673,25.9853,26.0316,7215400.0
2014-01-21,25.8338,26.019,25.0385,25.3373,12265800.0
2014-01-22,25.3709,25.3793,24.8828,24.908,12424400.0
2014-01-23,24.7734,24.8617,24.5293,24.5756,9756600.0
2014-01-24,24.4241,24.605,24.3021,24.3021,6494200.0
2014-01-27,24.2516,24.5546,23.8265,24.4493,9254400.0
2014-01-28,24.4788,24.7271,24.4325,24.4704,7069600.0
2014-01-29,24.2011,24.4115,24.0327,24.0917,7925600.0
2014-01-30,24.281,24.3357,24.0622,24.2011,6204800.0
2014-01-31,23.9023,24.2894,23.7634,24.1379,6888400.0
2014-02-03,24.1337,24.1337,23.5825,23.6666,10040000.0
2014-02-04,23.7887,23.8097,23.5362,23.5783,6180000.0
2014-02-05,23.5656,24.382,23.4899,24.3189,13890600.0
2014-02-06,24.3904,25.0385,24.2642,24.9922,10729200.0
2014-02-07,25.0848,25.2615,24.8533,25.009,6224800.0
2014-02-10,25.0556,25.0598,24.7013,24.9375,4795800.0
2014-02-11,25.0071,25.3741,24.9227,25.294,5624800.0
2014-02-12,25.3488,25.5766,25.2729,25.3657,4509800.0
2014-02-13,25.2644,25.5302,25.1927,25.3825,5635800.0
2014-02-14,25.2729,25.3825,25.0915,25.2222,5813800.0
2014-02-18,25.3108,25.4753,25.2138,25.4079,6499000.0
2014-02-19,25.391,25.5892,25.2222,25.2475,5617800.0
2014-02-20,25.3235,25.45,25.024,25.3193,5761600.0
2014-02-21,25.3699,25.5133,25.2054,25.3446,6039200.0
2014-02-24,25.3572,25.7327,25.3024,25.4753,6553400.0
2014-02-25,25.4627,25.8424,25.2729,25.7285,10033000.0
2014-02-26,25.9605,26.2473,25.3825,25.4332,14608600.0
2014-02-27,25.4205,25.7327,25.315,25.6188,10645800.0
2014-02-28,25.6483,25.9647,25.4796,25.9267,7535200.0
2014-03-03,25.6694,25.8297,25.5007,25.6863,6569600.0
2014-03-04,25.8634,26.0406,25.8634,25.9605,3692800.0
2014-03-05,25.9984,26.1545,25.952,26.0406,5144200.0
2014-03-06,26.0786,26.0786,25.5977,25.7875,6823400.0
2014-03-07,25.8677,26.0744,25.796,26.0322,4438400.0
2014-03-10,25.9563,26.2769,25.9267,26.2515,4818000.0
2014-03-11,26.2769,26.3106,26.0195,26.087,4313200.0
2014-03-12,25.9394,26.0153,25.7538,25.9478,5460600.0
2014-03-13,26.0406,26.0786,25.6947,25.758,3838200.0
2014-03-14,25.7285,26.0491,25.7074,25.8803,4076200.0
2014-03-17,25.9647,26.2178,25.8424,26.1756,5344400.0
2014-03-18,26.1503,26.1503,25.6356,25.6483,6666600.0
2014-03-19,25.6399,25.7791,25.3994,25.526,5694400.0
2014-03-20,25.4585,25.6989,25.4543,25.6019,4628800.0
2014-03-21,25.7875,26.1208,25.7074,26.0491,10490800.0
2014-03-24,26.0702,26.163,25.5513,25.5513,5117000.0
2014-03-25,25.7031,25.7327,25.2897,25.3361,6295400.0
2014-03-26,25.3952,25.4205,25.1041,25.1674,6457600.0
2014-03-27,25.159,25.3108,25.0113,25.0577,4921200.0
2014-03-28,25.0999,25.3783,25.0704,25.353,4547600.0
2014-03-31,25.4922,25.6146,25.3699,25.585,5018400.0
2014-04-01,25.6652,25.8381,25.6314,25.8128,4229800.0
2014-04-02,25.8845,26.2515,25.8803,26.222,4886800.0
2014-04-03,26.2305,26.3064,25.8761,25.9647,5102600.0
2014-04-04,26.125,26.1883,25.7791,25.8086,4850600.0
2014-04-07,25.7791,25.8044,25.1294,25.2602,5186400.0
2014-04-08,25.159,25.526,25.0029,25.5007,3836000.0
2014-04-09,25.5218,25.5302,25.024,25.4163,5714000.0
2014-04-10,25.3741,25.4753,24.8257,24.8384,4427800.0
2014-04-11,24.6485,24.6738,24.3026,24.3954,6986000.0
2014-04-14,24.5684,24.6527,24.3448,24.5895,10558600.0
2014-04-15,24.6401,24.813,24.446,24.754,7185200.0
2014-04-16,24.948,25.0324,24.7202,24.9016,3919000.0
2014-04-17,24.8426,24.9396,24.6949,24.7624,3663800.0
2014-04-21,24.7624,25.0704,24.7624,25.0535,5426200.0
2014-04-22,25.0282,25.2433,24.8848,25.1843,4291400.0
2014-04-23,25.1547,25.2391,24.813,24.8257,4516600.0
2014-04-24,24.8974,24.9269,24.4798,24.5726,5674200.0
2014-04-25,24.5515,24.7118,24.3996,24.5262,4029000.0
2014-04-28,24.6527,24.9059,24.4376,24.6949,4635200.0
2014-04-29,24.813,24.8299,24.5937,24.657,4172000.0
2014-04-30,24.6949,24.7835,24.484,24.5431,4159000.0
2014-05-01,24.5262,24.792,24.4503,24.5768,4355200.0
2014-05-02,24.5515,24.9059,24.5515,24.6274,2692600.0
2014-05-05,24.5599,24.7498,24.4503,24.5093,3143400.0
2014-05-06,24.4039,24.4165,24.0368,24.0579,5347000.0
2014-05-07,24.0959,24.1592,23.9061,24.1339,4802200.0
2014-05-08,24.1845,24.5642,24.0917,24.3912,5365600.0
2014-05-09,24.4292,24.6781,24.3364,24.6654,4807200.0
2014-05-12,24.761,25.2898,24.761,25.2518,6821600.0
2014-05-13,25.2497,25.2793,24.945,24.9958,4248400.0
2014-05-14,24.9958,25.2666,24.9789,25.017,5766600.0
2014-05-15,24.8604,24.8985,24.4331,24.5896,8767600.0
2014-05-16,24.5854,24.8435,24.5473,24.7758,5613800.0
2014-05-19,24.6954,24.7673,24.4669,24.7081,5821600.0
2014-05-20,23.7139,24.0735,22.7915,22.8254,31434600.0
2014-05-21,22.9862,24.0058,22.9777,23.9466,21496200.0
2014-05-22,23.955,24.0735,23.3839,23.4685,11047600.0
2014-05-23,23.4769,23.7308,23.3289,23.3331,7309800.0
2014-05-27,23.4092,23.4769,23.0919,23.1258,8877200.0
2014-05-28,23.1046,23.1427,22.8888,22.9735,12781000.0
2014-05-29,23.13,23.1385,22.8973,23.0369,7455200.0
2014-05-30,23.0158,23.1131,22.91,23.0369,8617800.0
2014-06-02,23.1173,23.1512,22.8762,22.9015,7059200.0
2014-06-03,22.8508,22.9692,22.7873,22.9438,10045600.0
2014-06-04,22.9438,23.5192,22.9015,23.4939,13438000.0
2014-06-05,23.4769,23.7223,23.3373,23.7012,10295400.0
2014-06-06,23.7519,24.0481,23.7266,23.8704,8305600.0
2014-06-09,23.7858,24.0692,23.7604,23.7858,5570400.0
2014-06-10,23.7181,23.7985,23.6165,23.7181,5396800.0
2014-06-11,23.6208,23.6292,23.4177,23.4685,7113200.0
2014-06-12,23.4135,23.4389,23.0835,23.1385,7561200.0
2014-06-13,23.1554,23.2231,23.0369,23.1808,5402600.0
2014-06-16,23.1892,23.2019,23.0158,23.1469,5265800.0
2014-06-17,23.1638,23.2188,22.9946,23.1596,5603200.0
2014-06-18,23.1512,23.5235,23.1385,23.5065,5337800.0
2014-06-19,23.515,23.515,23.295,23.3204,4415800.0
2014-06-20,23.4304,23.4642,23.2231,23.2485,6862600.0
2014-06-23,23.1808,23.2908,23.075,23.1892,5744000.0
2014-06-24,23.185,23.2019,22.7704,22.7788,8226000.0
2014-06-25,22.7577,22.8042,22.4023,22.4827,15301600.0
2014-06-26,22.5038,22.5419,21.9877,22.3473,13164000.0
2014-06-27,22.2923,22.4573,22.2669,22.3261,6559200.0
2014-06-30,22.3515,22.5208,22.3515,22.4869,7311600.0
2014-07-01,22.4531,22.6815,22.4361,22.6392,6060200.0
2014-07-02,22.6011,22.8296,22.5969,22.7238,5635600.0
2014-07-03,22.7408,22.8508,22.7111,22.7619,3473000.0
2014-07-07,22.69,22.7788,22.5377,22.5969,7794600.0
2014-07-08,22.5927,22.8296,22.4785,22.7831,7819200.0
2014-07-09,22.8212,23.1554,22.8085,23.0496,6649600.0
2014-07-10,22.8085,22.9481,22.6773,22.7535,7003000.0
2014-07-11,22.6815,22.7577,22.5546,22.6561,4729600.0
2014-07-14,22.8254,22.8254,22.525,22.6138,5480200.0
2014-07-15,22.5419,22.8465,22.5038,22.8212,8038800.0
2014-07-16,22.8212,22.8212,22.2246,22.2458,13698000.0
2014-07-17,22.1527,22.2838,22.0554,22.0977,10827400.0
2014-07-18,22.1908,22.4277,21.9623,22.415,6259800.0
2014-07-21,22.36,22.3685,22.0046,22.1654,6506000.0
2014-07-22,22.3346,22.3515,22.1781,22.2034,4806800.0
2014-07-23,22.2754,22.5292,22.2711,22.4658,6161000.0
2014-07-24,22.6096,22.7365,22.4996,22.5123,6283200.0
2014-07-25,22.4361,22.5377,22.2288,22.2331,4524200.0
2014-07-28,22.3685,22.4488,22.2542,22.2711,6849800.0
2014-07-29,22.3134,22.4446,22.2077,22.2077,4957000.0
2014-07-30,22.3261,22.7577,22.2923,22.7111,6790800.0
2014-07-31,22.4192,22.69,22.3896,22.5461,8602600.0
2014-08-01,22.415,22.6011,22.3854,22.4742,6183800.0
2014-08-04,22.8,22.8,22.4361,22.7238,4406800.0
2014-08-05,22.7196,22.7238,22.4277,22.4827,5784200.0
2014-08-06,22.3219,22.9904,22.3219,22.8085,5851400.0
2014-08-07,22.8931,22.9988,22.5927,22.6308,3660400.0
2014-08-08,22.69,23.2442,22.6815,23.2273,6763600.0
2014-08-11,23.2788,23.334,23.0114,23.0412,5042400.0
2014-08-12,23.0603,23.1876,22.9711,23.0093,5743600.0
2014-08-13,22.9626,22.9754,22.6103,22.6401,9315400.0
2014-08-14,22.7801,22.9584,22.6528,22.9032,6584400.0
2014-08-15,22.9329,22.9329,22.4957,22.5552,7509200.0
2014-08-18,22.7462,23.0645,22.6783,22.8777,9029800.0
2014-08-19,24.0789,25.2547,23.9771,24.8557,28124800.0
2014-08-20,24.7241,25.3395,24.5925,25.2122,14605600.0
2014-08-21,25.2122,25.2547,24.8811,25.0042,8223400.0
2014-08-22,25.0467,25.2419,25.0297,25.1952,6373600.0
2014-08-25,25.2547,25.3141,25.0212,25.0339,6056200.0
2014-08-26,25.1103,25.3311,25.017,25.2547,9554200.0
2014-08-27,25.2504,25.3395,25.1782,25.2716,5819200.0
2014-08-28,25.0594,25.4839,24.9448,25.3693,6498200.0
2014-08-29,25.4075,25.4159,25.2164,25.3013,3577000.0
2014-09-02,25.4159,25.7428,25.3947,25.6536,7685400.0
2014-09-03,25.7343,25.7852,25.5305,25.6197,4578600.0
2014-09-04,25.6367,25.9974,25.6239,25.8446,5904000.0
2014-09-05,25.7555,25.9677,25.4669,25.955,5468200.0
2014-09-08,25.781,25.8871,25.5985,25.6918,4647200.0
2014-09-09,25.5603,25.573,25.2504,25.348,7443600.0
2014-09-10,25.399,25.4881,25.2377,25.3395,4977800.0
2014-09-11,25.3183,25.6112,25.2886,25.5433,4828600.0
2014-09-12,25.6154,25.6197,25.2631,25.4202,3755800.0
2014-09-15,25.3693,25.4457,25.2886,25.3395,3292000.0
2014-09-16,25.3438,25.747,25.2589,25.5645,5103200.0
2014-09-17,25.5772,25.59,25.2929,25.4329,3571800.0
2014-09-18,25.5263,25.6876,25.4881,25.5603,3222200.0
2014-09-19,25.6749,25.7046,25.3141,25.3183,5985800.0
2014-09-22,25.3226,25.365,25.017,25.1188,4477000.0
2014-09-23,25.0594,25.1231,24.8642,24.9406,6852200.0
2014-09-24,24.9957,25.6749,24.949,25.6197,8668200.0
2014-09-25,25.4711,25.6197,25.1061,25.1698,8662800.0
2014-09-26,25.2334,25.573,25.1825,25.4329,7066400.0
2014-09-29,25.1825,25.5221,25.1018,25.382,5400200.0
2014-09-30,25.2971,25.3311,25.1146,25.1146,5341800.0
2014-10-01,25.157,25.3777,25.0254,25.1358,5602800.0
2014-10-02,25.2164,25.5093,25.1103,25.4457,5300800.0
2014-10-03,25.573,26.0696,25.573,25.9253,6286400.0
2014-10-06,25.9635,25.9932,25.5687,25.5942,3956200.0
2014-10-07,25.4669,25.6451,25.3353,25.3353,5115200.0
2014-10-08,25.4117,25.9125,25.2971,25.8871,6274000.0
2014-10-09,25.747,26.0271,25.6324,25.6749,8373000.0
2014-10-10,25.747,26.3922,25.7343,26.1333,9448800.0
2014-10-13,26.1035,26.1715,25.7088,25.7343,6878400.0
2014-10-14,25.8998,26.1545,25.8319,26.0653,7843600.0
2014-10-15,25.7428,25.9847,25.2249,25.5093,11187200.0
2014-10-16,25.1528,25.573,25.1358,25.3056,11865600.0
2014-10-17,25.6069,25.7343,25.3183,25.6367,12912000.0
2014-10-20,25.5305,25.8616,25.5305,25.747,12786800.0
2014-10-21,25.8913,26.5747,25.6494,26.3837,8156000.0
2014-10-22,26.2054,26.6978,26.0951,26.1545,9898800.0
2014-10-23,26.3497,26.6766,26.303,26.4601,5211000.0
2014-10-24,26.3667,26.5068,26.1884,26.3497,5343800.0
2014-10-27,26.3497,26.6978,26.3497,26.6681,3893400.0
2014-10-28,26.6002,26.6638,26.3243,26.6129,4642400.0
2014-10-29,26.5662,26.8506,26.4304,26.6214,4905400.0
2014-10-30,26.4389,26.8973,26.4219,26.8463,4648400.0
2014-10-31,27.1562,27.2496,26.7148,26.876,5145200.0
2014-11-03,27.2071,27.2198,26.8378,27.1222,6039200.0
2014-11-04,27.0883,27.2029,26.9609,27.1052,4648000.0
2014-11-05,27.101,27.2835,26.9737,27.0458,5022600.0
2014-11-06,27.0755,27.4321,26.9355,27.4024,6426000.0
2014-11-07,27.3775,27.5137,27.1476,27.1647,4767000.0
2014-11-10,27.1413,27.2179,26.971,27.2051,5351800.0
2014-11-11,27.2434,27.3158,26.8816,26.9199,7966600.0
2014-11-12,26.9625,27.1796,26.9497,27.1242,10779400.0
2014-11-13,27.2179,27.303,26.8901,27.0263,6650800.0
2014-11-14,26.3028,26.6263,26.3028,26.5241,11733600.0
2014-11-17,26.5284,26.7284,26.1751,26.1921,10693400.0
2014-11-18,25.9538,26.3879,25.4048,26.2347,28703000.0
2014-11-19,26.3624,26.7667,26.1113,26.4433,9034400.0
2014-11-20,26.3879,27.0391,26.3581,26.9668,11408400.0
2014-11-21,27.1881,27.337,26.988,27.0519,8909400.0
2014-11-24,27.0604,27.1796,26.9455,27.0306,6643800.0
2014-11-25,27.4307,27.6392,27.2221,27.2221,10871200.0
2014-11-26,27.337,27.5413,27.337,27.4605,5462400.0
2014-11-28,27.5967,28.2904,27.5924,28.1585,5237200.0
2014-12-01,27.9201,28.0223,27.5456,27.7627,7369600.0
2014-12-02,27.7924,27.9584,27.5413,27.7669,4439200.0
2014-12-03,28.1244,28.2478,27.8691,28.0308,5574200.0
2014-12-04,27.9244,28.0521,27.7243,28.0521,4216000.0
2014-12-05,28.0521,28.1968,27.835,27.9116,3790200.0
2014-12-08,27.801,28.0691,27.7669,27.7967,3706600.0
2014-12-09,27.5243,27.9286,27.4945,27.8435,3667200.0
2014-12-10,27.7882,28.0861,27.3456,27.3626,5223600.0
2014-12-11,27.5073,28.2819,27.5073,27.9201,8448600.0
2014-12-12,27.7797,28.2947,27.7541,27.9244,5312800.0
2014-12-15,27.9755,28.4053,27.8946,28.2223,7725800.0
2014-12-16,28.0436,28.4011,27.6733,27.6733,8880200.0
2014-12-17,27.8861,27.9797,27.4094,27.818,6500600.0
2014-12-18,28.1414,28.5585,27.8435,28.55,7508400.0
2014-12-19,28.6437,28.6607,27.8648,28.1244,7535000.0
2014-12-22,28.1925,28.7245,28.1457,28.6266,4808400.0
2014-12-23,28.7884,29.1246,28.6862,28.9927,3753000.0
2014-12-24,29.031,29.1374,28.8522,28.8863,1897000.0
2014-12-26,28.9203,29.1374,28.8522,28.9714,2399400.0
2014-12-29,28.8735,29.3246,28.8692,29.0991,3776600.0
2014-12-30,29.0139,29.197,28.865,29.1289,2795000.0
2014-12-31,29.2906,29.7247,29.1629,29.1884,4576000.0
2015-01-02,29.2182,29.4225,28.733,28.9246,4085600.0
2015-01-05,28.7033,28.9161,28.5288,28.6011,5002000.0
2015-01-06,28.7288,29.0778,28.2181,28.4607,4959800.0
2015-01-07,28.5585,29.1033,28.5288,29.0437,4985200.0
2015-01-08,29.1544,29.363,29.0608,29.197,6115400.0
2015-01-09,29.2778,29.2778,28.5075,28.8352,6781400.0
2015-01-12,28.899,29.0395,28.682,28.6862,6379000.0
2015-01-13,28.9288,29.1331,28.4819,28.5841,7898800.0
2015-01-14,28.0691,28.3628,27.9159,28.1883,6263400.0
2015-01-15,28.3457,28.533,27.7754,27.7839,5804200.0
2015-01-16,27.801,28.4607,27.7073,28.4096,5598000.0
2015-01-20,28.5713,28.5968,27.9627,28.184,4675400.0
2015-01-21,28.1244,28.4394,28.0138,28.0946,5057600.0
2015-01-22,28.2904,28.8309,28.0946,28.7288,4418600.0
2015-01-23,28.7756,28.9203,28.6054,28.7841,3535800.0
2015-01-26,28.6649,29.048,28.6266,29.0012,4361400.0
2015-01-27,28.7884,29.2268,28.6905,29.048,4929800.0
2015-01-28,29.2693,29.5204,28.6054,28.6309,5112400.0
2015-01-29,28.6139,28.7969,28.2947,28.7756,4579600.0
2015-01-30,28.533,28.6649,28.0393,28.0648,4431800.0
2015-02-02,28.0521,28.167,27.3626,28.035,5836600.0
2015-02-03,28.1329,28.6862,28.1244,28.6437,3947400.0
2015-02-04,28.6862,29.0267,28.516,28.8863,5961800.0
2015-02-05,29.0608,29.2182,28.9118,29.1289,4754400.0
2015-02-06,29.1672,29.3204,28.9246,29.048,3671000.0
2015-02-09,28.9379,28.9934,28.6861,28.7288,3186000.0
2015-02-10,29.0638,29.1918,28.9784,29.1406,4987600.0
2015-02-11,29.1363,29.2814,29.0552,29.1704,4242400.0
2015-02-12,29.2985,29.4051,29.0382,29.3923,5735800.0
2015-02-13,29.3795,29.5502,29.2558,29.546,4737000.0
2015-02-17,29.6185,29.6185,29.1918,29.2686,4277200.0
2015-02-18,29.179,29.2344,28.8589,28.876,6091600.0
2015-02-19,28.9016,29.0467,28.8717,28.94,3924000.0
2015-02-20,28.9272,29.3625,28.8632,29.3283,4620400.0
2015-02-23,29.4094,29.4734,29.0894,29.1875,5268800.0
2015-02-24,29.2387,29.4435,28.6242,28.6584,11271600.0
2015-02-25,28.2487,29.8148,27.9543,29.6057,16411000.0
2015-02-26,29.2601,29.435,28.9827,29.0467,9477000.0
2015-02-27,29.1363,29.5075,29.0979,29.2899,6467400.0
2015-03-02,29.3411,29.7252,29.2857,29.6441,6051800.0
2015-03-03,29.499,29.5289,29.0083,29.2771,4818600.0
2015-03-04,29.2216,29.3411,28.9059,29.1406,3985200.0
2015-03-05,29.1534,29.4051,29.1534,29.3241,3860000.0
2015-03-06,29.1448,29.4307,28.9912,29.0296,3422400.0
2015-03-09,29.0723,29.243,28.9571,29.115,2878000.0
2015-03-10,29.004,29.115,28.8035,28.8504,3584400.0
2015-03-11,28.8205,29.0083,28.6029,28.6541,3790400.0
2015-03-12,28.812,29.3369,28.8035,29.3113,4033600.0
2015-03-13,29.2899,29.2899,28.7907,29.0126,3912000.0
2015-03-16,29.0424,29.4137,29.0424,29.2985,4320400.0
2015-03-17,29.1278,29.3667,29.0467,29.1491,4491000.0
2015-03-18,29.1448,29.1491,28.4706,28.9955,5817800.0
2015-03-19,29.0467,29.1278,28.8973,29.0851,4518200.0
2015-03-20,29.1491,29.6612,29.132,29.6441,8002800.0
2015-03-23,29.5716,29.9812,29.4819,29.6484,7609400.0
2015-03-24,29.546,30.0153,29.4563,29.9044,7769800.0
2015-03-25,29.8703,29.9343,29.6185,29.674,8516800.0
2015-03-26,29.5204,29.5545,29.1875,29.4521,7447600.0
2015-03-27,29.3923,29.7038,29.3454,29.6953,4859400.0
2015-03-30,29.8703,30.3098,29.7038,30.0708,6194600.0
2015-03-31,30.0239,30.2927,29.8745,29.8916,4345200.0
2015-04-01,29.9087,29.9172,29.3411,29.4222,5540800.0
2015-04-02,29.5545,29.738,29.4051,29.5801,2682200.0
2015-04-06,29.4094,29.8233,29.3369,29.5716,2316800.0
2015-04-07,29.5289,29.6697,29.2558,29.2942,2613600.0
2015-04-08,29.3838,29.6313,29.2643,29.5844,3179600.0
2015-04-09,29.61,29.7977,29.132,29.2857,5462600.0
2015-04-10,29.4137,29.4137,29.2046,29.243,3302000.0
2015-04-13,29.2515,29.3198,29.0424,29.0766,3982200.0
2015-04-14,29.0552,29.1832,28.684,28.7096,6327400.0
2015-04-15,28.7821,28.8291,28.4493,28.4792,6782200.0
2015-04-16,28.5176,28.556,28.3341,28.3682,5241800.0
2015-04-17,28.1762,28.1762,27.7665,27.8433,9307400.0
2015-04-20,27.8433,28.2786,27.7836,28.1506,11519600.0
2015-04-21,28.2274,28.4237,28.1933,28.2871,5810800.0
2015-04-22,28.2701,28.4194,28.0738,28.3383,5734000.0
2015-04-23,28.2914,28.4194,28.1975,28.3042,4052000.0
2015-04-24,28.317,28.3725,28.1933,28.2871,3572000.0
2015-04-27,28.2743,28.317,27.8562,27.869,5164400.0
2015-04-28,27.933,27.933,27.5489,27.7025,4822000.0
2015-04-29,27.6428,27.6556,27.1649,27.4081,5744800.0
2015-04-30,27.2971,27.7708,27.2715,27.5404,6818800.0
2015-05-01,27.6727,28.0226,27.5745,27.9714,7298200.0
2015-05-04,27.9927,28.1122,27.9287,27.9671,6057400.0
2015-05-05,27.8305,28.0738,27.8007,28.0055,5744000.0
2015-05-06,28.0311,28.1164,27.9159,28.0951,6063400.0
2015-05-07,28.1463,28.2914,28.0055,28.2445,4168200.0
2015-05-08,28.4152,28.8205,28.4023,28.7267,5117800.0
2015-05-11,28.7444,28.8086,28.4662,28.5218,4174200.0
2015-05-12,28.4576,28.5261,28.1794,28.4191,4059800.0
2015-05-13,28.4833,28.5689,28.0938,28.1965,4982800.0
2015-05-14,28.3206,28.3506,27.9225,28.1066,5276000.0
2015-05-15,28.158,28.2778,27.9739,28.2307,4358400.0
2015-05-18,28.3078,28.8258,28.3078,28.7915,5359400.0
2015-05-19,29.9302,30.187,29.5791,29.6177,11956000.0
2015-05-20,29.6434,29.7204,29.1083,29.3052,7197000.0
2015-05-21,29.2025,29.2153,28.9884,29.0526,5133400.0
2015-05-22,28.9627,29.2324,28.7316,28.7487,4556400.0
2015-05-26,28.6417,28.7273,28.2436,28.3249,5514000.0
2015-05-27,28.4448,28.5432,28.2564,28.4662,3991400.0
2015-05-28,28.4705,28.4919,28.2051,28.2393,3034400.0
2015-05-29,28.2436,28.2436,27.5587,27.5587,10365800.0
2015-06-01,27.5587,28.0167,27.5244,27.8626,5291052.0
2015-06-02,27.8412,28.0381,27.6914,27.777,4423192.0
2015-06-03,27.914,28.3378,27.7941,28.2607,4437788.0
2015-06-04,27.6743,28.3378,27.6743,28.0852,4179644.0
2015-06-05,28.0595,28.2393,27.9653,28.0938,3629906.0
2015-06-08,27.9996,28.1409,27.9268,27.9354,2823814.0
2015-06-09,27.9225,27.9953,27.6186,27.6957,3892894.0
2015-06-10,27.8498,28.0895,27.7813,28.0467,3922938.0
2015-06-11,28.1879,28.3206,28.0167,28.051,3037466.0
2015-06-12,27.9996,28.1023,27.8926,27.9825,2116732.0
2015-06-15,27.7642,27.9011,27.7042,27.8541,2932578.0
2015-06-16,27.8241,28.0381,27.7513,27.9782,3542920.0
2015-06-17,28.0381,28.2222,27.914,28.128,2913858.0
2015-06-18,28.2307,28.7658,28.128,28.7487,5638660.0
2015-06-19,28.6331,28.7915,28.4919,28.5218,4564526.0
2015-06-22,28.6888,28.7444,28.4533,28.4833,2558354.0
2015-06-23,28.5732,28.9242,28.4919,28.8985,3674408.0
2015-06-24,28.9627,29.074,28.9199,28.9285,4812202.0
2015-06-25,28.9841,29.0569,28.7915,28.8044,4403938.0
2015-06-26,28.8215,29.211,28.8215,29.1168,4132674.0
2015-06-29,28.8814,29.0055,28.2564,28.2864,5567960.0
2015-06-30,28.5646,28.5903,28.2093,28.3249,4878576.0
2015-07-01,28.4662,28.8814,28.3463,28.86,4847914.0
2015-07-02,28.8129,29.0055,28.5261,28.5946,3509172.0
2015-07-06,28.3249,28.8429,28.2607,28.6417,5746474.0
2015-07-07,28.7316,29.2367,28.6545,29.2025,5194908.0
2015-07-08,29.0055,29.1853,28.8429,28.8472,3516348.0
2015-07-09,29.1853,29.2239,28.967,28.967,4263342.0
2015-07-10,29.3137,29.3137,28.9756,29.1639,3921258.0
2015-07-13,29.4036,29.6177,29.2581,29.6048,3992080.0
2015-07-14,29.6048,29.6648,29.3651,29.592,3330962.0
2015-07-15,29.5749,29.5877,29.3608,29.4165,3959318.0
2015-07-16,29.5363,29.7803,29.3737,29.6947,3628458.0
2015-07-17,29.6476,29.6648,29.3694,29.425,3301826.0
2015-07-20,29.5149,29.6305,29.4079,29.5791,2661830.0
2015-07-21,29.4978,29.6391,29.2923,29.3351,3201970.0
2015-07-22,29.3523,29.6048,29.2795,29.3694,3544288.0
2015-07-23,29.455,29.4721,29.1853,29.211,2378220.0
2015-07-24,29.2795,29.2838,28.8343,28.8686,3364402.0
2015-07-27,28.8514,28.9499,28.6973,28.8258,2872976.0
2015-07-28,28.9542,29.104,28.6973,29.0483,2559432.0
2015-07-29,29.1168,29.7718,29.0569,29.7332,6756326.0
2015-07-30,29.6862,29.8274,29.4935,29.8017,4827678.0
2015-07-31,29.8959,29.9558,29.7547,29.8874,4184710.0
2015-08-03,29.9644,30.0843,29.5449,29.6904,4476010.0
2015-08-04,29.6733,29.8916,29.6348,29.7761,2700524.0
2015-08-05,29.9387,30.217,29.9173,30.0415,1992514.0
2015-08-06,29.9986,30.1228,29.5107,29.7461,3305364.0
2015-08-07,29.7803,29.8317,29.4893,29.806,2808182.0
2015-08-10,29.9857,30.1874,29.947,30.0372,2714924.0
2015-08-11,29.8998,30.1402,29.8526,30.0415,3066416.0
2015-08-12,29.8998,30.1917,29.449,30.0844,4792088.0
2015-08-13,30.0543,30.6125,29.8869,30.2991,5924958.0
2015-08-14,30.269,30.3592,30.0715,30.312,4100752.0
2015-08-17,30.2776,30.8443,30.123,30.7456,8002276.0
2015-08-18,32.1066,33.0297,32.0937,32.9653,16908292.0
2015-08-19,32.2784,32.6304,31.776,32.1453,12215814.0
2015-08-20,31.8318,32.3127,31.7717,31.9134,5991298.0
2015-08-21,31.5614,31.7632,30.6855,30.7198,8257626.0
2015-08-24,29.0153,30.7928,28.8736,29.8096,11719244.0
2015-08-25,30.5696,30.6168,29.5348,29.5606,8656702.0
2015-08-26,30.2003,30.415,29.3674,30.4021,8625232.0
2015-08-27,30.6125,30.7542,30.0672,30.6726,5423312.0
2015-08-28,30.5137,30.7842,30.196,30.3635,7577672.0
2015-08-31,30.3162,30.4966,30.0715,30.1917,4044556.0
2015-09-01,29.6465,30.1874,29.625,29.7924,5637798.0
2015-09-02,30.2304,30.4236,29.8998,30.415,4990090.0
2015-09-03,30.4837,30.9946,30.3506,30.6726,5277186.0
2015-09-04,30.2819,30.561,30.1789,30.3807,3529952.0
2015-09-08,30.8701,31.0805,30.4622,31.059,4693200.0
2015-09-09,31.1578,31.2952,30.4322,30.5095,3700278.0
2015-09-10,30.4107,30.883,30.4021,30.6941,3932034.0
2015-09-11,30.561,30.8443,30.4107,30.8272,3823280.0
2015-09-14,30.8057,30.8959,30.4923,30.5739,3398778.0
2015-09-15,30.5953,30.6426,30.2819,30.4708,5420052.0
2015-09-16,30.4493,30.7671,30.1917,30.7284,4947118.0
2015-09-17,31.0848,31.5528,30.9388,31.1449,8267974.0
2015-09-18,30.8529,31.0247,30.5309,30.6383,6587620.0
2015-09-21,30.7842,31.0418,30.6812,30.9002,3434310.0
2015-09-22,30.6125,30.6769,30.2905,30.5782,4697606.0
2015-09-23,30.5481,30.7327,30.4279,30.5524,2892026.0
2015-09-24,30.2261,30.7155,30.2132,30.5824,3351598.0
2015-09-25,30.8272,30.8701,30.2476,30.4665,4310512.0
2015-09-28,30.3034,30.4536,29.625,29.6636,3692032.0
2015-09-29,29.625,29.8869,29.4232,29.8311,6175664.0
2015-09-30,30.0973,30.7155,29.8912,30.664,5962264.0
2015-10-01,30.664,30.7542,30.0028,30.3978,5473578.0
2015-10-02,30.0286,30.6468,29.7495,30.6468,4436560.0
2015-10-05,30.8229,30.9087,30.196,30.7112,6067066.0
2015-10-06,30.8401,30.9345,30.2476,30.3849,3847010.0
2015-10-07,30.5867,30.913,30.415,30.8701,5998952.0
2015-10-08,30.737,31.2308,30.634,31.0118,4021582.0
2015-10-09,30.9345,31.3037,30.737,31.2479,3684520.0
2015-10-12,31.3424,31.746,31.2952,31.5914,4005028.0
2015-10-13,31.5184,31.6859,31.1406,31.2308,3741326.0
2015-10-14,31.2694,31.5356,30.6597,30.8143,4964700.0
2015-10-15,30.8529,30.9045,30.2862,30.7971,5918322.0
2015-10-16,30.9474,31.2995,30.8014,31.0977,4199504.0
2015-10-19,31.0934,31.3166,30.9946,31.308,3524424.0
2015-10-20,31.308,31.4755,31.2136,31.3467,3267766.0
2015-10-21,31.4884,31.5055,30.9946,31.0891,3049446.0
2015-10-22,31.2866,31.776,31.0762,31.7288,4737774.0
2015-10-23,32.0336,32.0422,30.518,30.81,6334050.0
2015-10-26,30.7671,31.2436,30.6769,31.102,3868886.0
2015-10-27,31.0418,31.1234,30.5481,30.8443,3645532.0
2015-10-28,30.9302,31.5313,30.8443,31.4411,4007466.0
2015-10-29,31.5055,31.5399,31.0977,31.3767,3187598.0
2015-10-30,31.3295,31.7417,31.2823,31.424,4147276.0
2015-11-02,31.4798,31.5914,30.9474,31.4368,4214132.0
2015-11-03,31.5571,32.0508,31.4798,31.8705,4469410.0
2015-11-04,31.8748,31.9649,31.3724,31.6343,3610526.0
2015-11-05,31.8233,31.9821,31.3982,31.9091,4826090.0
2015-11-06,31.9152,31.9841,31.1143,31.3123,4185468.0
2015-11-09,31.2262,31.265,30.4081,30.6019,5011860.0
2015-11-10,30.5846,30.9894,30.4382,30.9248,5157536.0
2015-11-11,30.7224,30.731,29.7149,29.745,7878884.0
2015-11-12,29.5728,29.7622,29.3532,29.3876,10318048.0
2015-11-13,28.0614,28.2896,27.5921,27.648,17884428.0
2015-11-16,27.4758,28.2681,27.3552,28.2681,14275630.0
2015-11-17,29.999,30.0981,28.6858,29.3575,18361694.0
2015-11-18,29.4565,29.5469,28.9829,29.4264,9600152.0
2015-11-19,29.1723,29.5598,29.0991,29.1508,7089384.0
2015-11-20,29.4091,30.2574,29.4091,30.2057,10919956.0
2015-11-23,30.2057,30.5674,30.2057,30.3952,5790778.0
2015-11-24,30.1196,30.6751,30.1196,30.3693,6733080.0
2015-11-25,30.3952,31.0023,30.2617,30.8516,6202064.0
2015-11-27,30.9076,31.0023,30.5416,30.7181,2680274.0
2015-11-30,30.843,30.8861,30.2789,30.3995,6659308.0
2015-12-01,30.6191,30.8861,30.3091,30.477,6137018.0
2015-12-02,30.4899,30.744,30.3564,30.4555,4761294.0
2015-12-03,30.4899,30.5717,29.8182,30.0722,6270120.0
2015-12-04,30.2402,30.5976,30.0938,30.5674,7421582.0
2015-12-07,30.4339,30.6234,30.2617,30.5631,3797610.0
2015-12-08,30.1282,30.8085,30.1282,30.7138,6522036.0
2015-12-09,30.4253,31.0927,29.9517,30.4899,6017060.0
2015-12-10,30.5846,31.097,30.5028,30.7784,5672486.0
2015-12-11,30.3952,30.632,30.2186,30.3823,5287350.0
2015-12-14,30.4425,30.8129,30.322,30.5416,5188330.0
2015-12-15,30.8301,30.9937,30.3177,30.3349,4597986.0
2015-12-16,30.6794,30.998,30.4081,30.9377,4797038.0
2015-12-17,31.1961,31.3209,30.4124,30.421,5252244.0
2015-12-18,30.3995,30.4081,29.8354,29.8483,6547498.0
2015-12-21,29.999,30.2057,29.7536,29.9732,4245790.0
2015-12-22,30.1713,30.4899,30.0206,30.3134,5129130.0
2015-12-23,30.5416,30.7095,30.1239,30.7009,3174934.0
2015-12-24,30.5674,30.6966,30.4081,30.5244,1352854.0
2015-12-28,30.421,30.6578,30.2918,30.4296,2829510.0
2015-12-29,30.632,31.1143,30.5502,30.899,2956248.0
2015-12-30,30.8861,30.9722,30.7138,30.7267,2203146.0
2015-12-31,30.576,30.8516,30.5244,30.533,2578930.0
2016-01-04,30.0938,30.5157,29.9517,30.4985,5966780.0
2016-01-05,30.5028,30.9937,30.3909,30.9765,6846704.0
2016-01-06,30.4339,30.7397,29.9732,30.1799,7310604.0
2016-01-07,29.7105,30.4942,29.7105,30.1368,7558906.0
2016-01-08,30.2402,30.3521,28.746,28.8192,9970890.0
2016-01-11,28.8924,29.3144,28.8494,29.1938,6451086.0
2016-01-12,29.6287,30.0163,29.2843,29.6761,4632194.0
2016-01-13,29.8053,29.8139,29.125,29.1465,4851410.0
2016-01-14,29.1508,29.8139,28.8451,29.4823,5359992.0
2016-01-15,28.6255,29.2714,28.6255,29.069,6282356.0
2016-01-19,29.3532,29.5685,29.0302,29.3402,5209272.0
2016-01-20,29.0001,29.323,28.2638,29.0431,6073998.0
2016-01-21,28.9786,29.3575,28.7546,29.2154,6058740.0
2016-01-22,29.59,30.0464,29.534,29.689,5051372.0
2016-01-25,29.7407,29.8483,29.379,29.6072,3804188.0
2016-01-26,29.6546,30.21,29.5555,30.0077,3624176.0
2016-01-27,30.012,30.3134,29.6417,29.7924,3748762.0
2016-01-28,29.9474,29.9732,29.6115,29.8785,3013712.0
2016-01-29,30.0852,30.8042,29.9301,30.6751,5858932.0
2016-02-01,30.5459,31.2133,30.3435,31.0927,4319402.0
2016-02-02,31.3941,31.5965,31.1358,31.3683,6115320.0
2016-02-03,31.4975,31.5578,30.5717,30.9937,5126432.0
2016-02-04,30.5157,30.7956,30.0206,30.4684,5160696.0
2016-02-05,30.7052,30.7999,29.2369,29.2627,7911112.0
2016-02-08,29.0381,29.4095,28.7659,29.2886,7621374.0
2016-02-09,29.1676,30.3295,29.1633,30.0833,7543454.0
2016-02-10,30.3425,30.6534,29.9235,29.9667,4488754.0
2016-02-11,29.4441,29.9753,29.1158,29.3318,5995112.0
2016-02-12,29.7248,30.2086,29.2886,30.1783,5322648.0
2016-02-16,30.6837,31.0206,30.377,30.8262,5845724.0
2016-02-17,30.9256,31.2581,30.8349,31.0076,5515164.0
2016-02-18,30.9256,31.0983,30.5627,30.9299,4914882.0
2016-02-19,30.6189,30.9687,30.3381,30.9212,4654460.0
2016-02-22,31.2668,31.6728,31.107,31.5432,6205418.0
2016-02-23,31.5432,31.7764,31.189,31.3963,7972592.0
2016-02-24,31.608,32.2429,30.986,32.0658,15680846.0
2016-02-25,31.9406,32.4546,31.6296,32.4286,8732888.0
2016-02-26,32.3984,32.7526,32.109,32.6705,10583152.0
2016-02-29,32.6057,32.7137,31.9881,32.0054,6861352.0
2016-03-01,32.1177,32.61,31.9967,32.5971,4709830.0
2016-03-02,32.4589,32.718,32.2429,32.5841,3501670.0
2016-03-03,32.4286,32.4977,31.9622,32.4891,4679044.0
2016-03-04,32.4891,32.718,32.1868,32.5669,5263630.0
2016-03-07,32.4934,32.9081,32.3811,32.5539,6088490.0
2016-03-08,32.4718,32.8433,32.4157,32.5625,3793826.0
2016-03-09,32.7051,32.7223,32.2559,32.3725,2995514.0
2016-03-10,32.6316,32.7223,32.1522,32.61,3667680.0
2016-03-11,32.7137,32.8778,32.3552,32.6057,4651062.0
2016-03-14,32.6532,32.8822,32.5841,32.7742,3027282.0
2016-03-15,32.5669,33.0895,32.5064,32.8476,4720280.0
2016-03-16,32.6835,33.042,32.4805,32.9642,4791016.0
2016-03-17,32.8778,33.4696,32.8778,33.353,3909402.0
2016-03-18,33.3659,33.6596,33.3659,33.6553,6507562.0
2016-03-21,33.5689,33.8885,33.4998,33.6251,5378024.0
2016-03-22,33.4393,33.7503,33.4177,33.6078,4653194.0
2016-03-23,33.4868,33.6985,33.2968,33.5689,4483534.0
2016-03-24,33.3573,33.5646,33.2925,33.3098,3961048.0
2016-03-28,33.4393,33.7849,33.3486,33.5862,2534504.0
2016-03-29,33.6035,33.9792,33.5862,33.9576,2867498.0
2016-03-30,34.044,34.1261,33.7935,33.9836,4301994.0
2016-03-31,34.0699,34.2082,33.7978,33.841,5394510.0
2016-04-01,33.7849,34.1175,33.6942,34.0267,7598612.0
2016-04-04,34.1218,34.2082,33.8281,33.9317,2947030.0
2016-04-05,33.733,33.9015,33.5041,33.5646,3349364.0
2016-04-06,33.53,33.5819,33.1197,33.5128,5648720.0
2016-04-07,33.3357,33.3745,32.7526,32.9081,5256826.0
2016-04-08,32.9469,33.0938,32.6921,32.9038,5324786.0
2016-04-11,32.826,33.0549,32.5539,32.5885,4368766.0
2016-04-12,32.6187,32.8908,32.3941,32.8433,4335180.0
2016-04-13,33.0679,33.1586,32.8303,33.0981,4193736.0
2016-04-14,33.0722,33.1111,32.7655,32.9685,4558588.0
2016-04-15,33.0074,33.4264,32.9685,33.3875,3638754.0
2016-04-18,33.3227,33.6337,33.3227,33.53,4005184.0
2016-04-19,33.733,33.7762,33.4048,33.5689,2735060.0
2016-04-20,33.6812,33.8626,33.4868,33.5257,4396424.0
2016-04-21,33.4825,33.6855,33.2104,33.2622,3166854.0
2016-04-22,33.2622,33.34,33.0247,33.0549,3933170.0
2016-04-25,33.0117,33.1715,32.8346,33.042,3229540.0
2016-04-26,33.0852,33.34,32.9081,33.327,2595610.0
2016-04-27,33.327,33.7114,33.1975,33.5776,2917354.0
2016-04-28,33.3832,33.6121,33.124,33.2104,2553178.0
2016-04-29,33.1586,33.1586,32.6057,32.7483,3985868.0
2016-05-02,32.9081,33.6337,32.8519,33.6035,4857990.0
2016-05-03,33.34,33.4523,32.934,33.2709,3163174.0
2016-05-04,33.0765,33.3659,32.9772,33.2622,2333140.0
2016-05-05,33.1931,33.3184,32.839,33.0592,3789422.0
2016-05-06,32.9383,33.1154,32.6792,33.0895,3656436.0
2016-05-09,33.2351,33.7812,33.0228,33.5948,3525964.0
2016-05-10,33.8548,33.9155,33.1571,33.2091,5421412.0
2016-05-11,32.4247,32.5591,32.0694,32.0824,10788948.0
2016-05-12,32.1647,32.4291,31.8397,32.1907,11685022.0
2016-05-13,31.688,32.4161,31.454,31.4973,12176920.0
2016-05-16,31.688,32.5937,31.545,32.5851,14070438.0
2016-05-17,33.8722,33.9675,32.2254,32.7584,24660484.0
2016-05-18,32.5071,32.6371,31.9914,32.3814,9859324.0
2016-05-19,32.4031,32.9881,32.3121,32.8494,6423406.0
2016-05-20,32.6197,32.8581,32.4724,32.6934,5959512.0
2016-05-23,32.7064,32.8928,32.3381,32.3727,4084178.0
2016-05-24,32.6067,32.7411,32.3901,32.6067,4585164.0
2016-05-25,32.7411,32.8364,32.3944,32.6414,4293544.0
2016-05-26,32.9838,33.2178,32.7714,32.9014,4615186.0
2016-05-27,32.9404,33.2308,32.8711,33.2178,3322334.0
2016-05-31,33.1571,33.2351,32.8364,32.9881,5186500.0
2016-06-01,32.8798,33.2611,32.8494,33.1961,4298458.0
2016-06-02,33.1311,33.4258,33.0574,33.3695,4366278.0
2016-06-03,33.1355,33.3175,33.0488,33.1225,3684730.0
2016-06-06,33.2178,33.2438,32.7324,32.9361,3217254.0
2016-06-07,32.8928,33.3088,32.8668,33.0488,3196910.0
2016-06-08,33.2178,33.4561,33.0618,33.3565,3518194.0
2016-06-09,33.3088,33.5428,33.2481,33.5038,2933814.0
2016-06-10,33.3305,33.4171,33.1138,33.3565,3616400.0
2016-06-13,33.1398,33.3478,32.9318,32.9361,4481618.0
2016-06-14,32.8711,33.0358,32.7064,33.0184,4520428.0
2016-06-15,33.0358,33.2828,32.8711,32.9014,5231996.0
2016-06-16,32.8494,33.0054,32.6284,32.8884,5131004.0
2016-06-17,32.8624,32.9404,32.5677,32.7844,6679126.0
2016-06-20,33.0878,33.4518,33.0878,33.2005,5228900.0
2016-06-21,33.3435,33.5905,33.1051,33.4822,5275712.0
2016-06-22,33.6512,33.7855,33.3738,33.3825,3375928.0
2016-06-23,33.6512,33.7465,33.1961,33.3175,3356448.0
2016-06-24,32.4377,32.8711,32.2774,32.3554,7546304.0
2016-06-27,32.0997,32.169,31.389,31.8657,7164092.0
2016-06-28,32.0737,32.3987,31.9307,32.3077,7402014.0
2016-06-29,32.5591,33.1311,32.5114,33.0705,5502192.0
2016-06-30,33.1311,33.4778,32.8711,33.4692,3932832.0
2016-07-01,33.4215,33.6338,33.2611,33.3521,3229542.0
2016-07-05,33.2481,33.4561,33.0314,33.2048,3476128.0
2016-07-06,33.1875,33.6555,33.0878,33.6338,4880190.0
2016-07-07,33.5168,33.6512,33.2871,33.4865,3405056.0
2016-07-08,33.6945,34.2362,33.6772,34.2189,4494254.0
2016-07-11,34.1365,34.3099,33.9979,34.1279,4230330.0
2016-07-12,34.1409,34.1625,33.9199,34.0239,5020746.0
2016-07-13,34.1495,34.1495,33.8115,33.8679,4069070.0
2016-07-14,34.1452,34.1625,33.7465,33.8245,4423822.0
2016-07-15,33.9372,34.0109,33.6728,33.7205,3896922.0
2016-07-18,33.9285,34.4399,33.9285,34.3489,6742028.0
2016-07-19,34.4702,34.6132,34.3012,34.3879,4305128.0
2016-07-20,34.4919,34.6176,34.3402,34.5266,4045012.0
2016-07-21,34.4919,34.5786,34.1842,34.2926,3632064.0
2016-07-22,34.4182,34.6566,34.2752,34.5959,2987322.0
2016-07-25,34.6913,35.0726,34.6306,34.9989,4689946.0
2016-07-26,34.9816,35.2113,34.8559,35.1896,5577560.0
2016-07-27,35.3413,35.402,35.0986,35.181,5914444.0
2016-07-28,35.1333,35.259,34.8949,35.207,4010680.0
2016-07-29,35.194,35.4843,35.1376,35.415,3697366.0
2016-08-01,35.3976,35.5667,35.22,35.4757,4084726.0
2016-08-02,35.376,35.4063,34.7953,34.8169,4110620.0
2016-08-03,34.4702,34.9773,34.3056,34.9773,4601858.0
2016-08-04,35.0033,35.285,34.9599,35.2286,4344444.0
2016-08-05,35.3673,35.5667,35.2633,35.5277,4246682.0
2016-08-08,35.6021,35.6586,35.3021,35.3543,4184466.0
2016-08-09,35.363,35.4543,35.0978,35.1717,3782896.0
2016-08-10,35.3021,35.5152,35.2195,35.45,4364946.0
2016-08-11,36.0847,36.3195,35.3456,35.8369,6390938.0
2016-08-12,35.7282,36.089,35.6717,36.0282,4650024.0
2016-08-15,36.3629,36.3629,35.8195,35.9847,9199596.0
2016-08-16,34.8978,35.2543,33.8805,33.8979,21712006.0
2016-08-17,33.8327,34.3848,33.6935,33.9935,11668648.0
2016-08-18,34.0718,34.1631,33.7675,33.8283,6826934.0
2016-08-19,33.8022,34.537,33.8022,34.4978,10078292.0
2016-08-22,34.4587,34.4978,34.1587,34.3892,5207292.0
2016-08-23,34.5326,34.5413,34.2066,34.2109,4819496.0
2016-08-24,34.1413,34.3413,34.1022,34.1631,4141130.0
2016-08-25,34.1153,34.337,34.0153,34.2587,7959394.0
2016-08-26,34.2631,34.5631,34.1326,34.2109,6948820.0
2016-08-29,34.1587,34.4065,34.0935,34.1587,3931150.0
2016-08-30,34.1066,34.1587,33.6066,33.6848,5830580.0
2016-08-31,33.6805,33.8283,33.4675,33.6675,5718824.0
2016-09-01,33.7544,33.8414,33.4066,33.7935,5916306.0
2016-09-02,33.8022,33.8327,33.5675,33.7718,5267884.0
2016-09-06,33.6935,33.6979,33.4414,33.624,5103034.0
2016-09-07,33.624,33.8153,33.5501,33.7153,4679146.0
2016-09-08,33.6066,33.6979,33.0588,33.1371,7998504.0
2016-09-09,32.9153,32.9197,32.5023,32.5023,7238972.0
2016-09-12,32.5023,32.924,32.4849,32.8501,8509524.0
2016-09-13,32.6023,32.7327,32.2023,32.3067,5977378.0
2016-09-14,32.3371,32.4328,32.1284,32.2458,5553204.0
2016-09-15,32.211,32.7023,32.1458,32.624,8492152.0
2016-09-16,32.4719,32.6458,32.3197,32.4632,5143426.0
2016-09-19,32.6284,32.7197,32.4675,32.4719,3519194.0
2016-09-20,32.6154,33.1718,32.5806,32.6327,5789570.0
2016-09-21,32.6893,33.1023,32.6545,33.0849,3997928.0
2016-09-22,33.3023,33.5327,33.0979,33.2588,5146928.0
2016-09-23,33.2066,33.3457,32.9979,33.0501,6308904.0
2016-09-26,32.8892,32.8892,32.5327,32.6849,4835448.0
2016-09-27,32.724,32.8327,32.5806,32.711,4695520.0
2016-09-28,32.724,32.811,32.2415,32.3415,4356344.0
2016-09-29,32.411,32.4588,32.1023,32.1154,4519732.0
2016-09-30,32.3762,32.5936,32.2458,32.511,4163694.0
2016-10-03,32.3588,32.5284,32.3067,32.3241,5457914.0
2016-10-04,32.3241,32.5806,32.2415,32.3415,4382098.0
2016-10-05,32.3545,32.5632,32.2241,32.2589,3230460.0
2016-10-06,32.1632,32.3458,31.9806,32.2675,4086940.0
2016-10-07,32.5501,32.6719,31.8415,32.0589,8415414.0
2016-10-10,32.4414,32.7023,32.3675,32.5327,4541564.0
2016-10-11,32.4023,32.5371,32.2502,32.2719,4125690.0
2016-10-12,32.2502,32.8458,32.1893,32.7762,4718146.0
2016-10-13,32.6414,32.6458,32.2762,32.3762,4829772.0
2016-10-14,32.4632,32.4936,32.2632,32.2719,4218404.0
2016-10-17,32.198,32.2502,31.8197,31.8763,3280306.0
2016-10-18,32.0849,32.1589,31.5241,31.8067,3447750.0
2016-10-19,31.911,31.998,31.6415,31.9371,3389776.0
2016-10-20,32.0415,32.1067,31.8371,31.8632,2431322.0
2016-10-21,31.8458,32.0415,31.6502,31.9502,3158094.0
2016-10-24,32.1154,32.2719,32.0023,32.2502,3018208.0
2016-10-25,32.0284,32.1241,31.7241,32.0067,3996862.0
2016-10-26,31.8806,32.298,31.798,32.211,2784730.0
2016-10-27,32.1849,32.2893,31.785,31.8154,3130060.0
2016-10-28,31.8719,32.1589,31.7458,31.9458,2238602.0
2016-10-31,31.9763,32.098,31.8371,32.0632,3801272.0
2016-11-01,32.0328,32.0676,31.4502,31.5067,4373150.0
2016-11-02,31.4459,31.8024,31.4328,31.6241,4524066.0
2016-11-03,31.685,31.8154,31.1415,31.2154,4554176.0
2016-11-04,31.3328,31.5241,31.185,31.2676,4045046.0
2016-11-07,31.6494,31.8893,31.4487,31.8806,7101034.0
2016-11-08,31.9068,32.1555,31.7672,31.9504,5751870.0
2016-11-09,31.3658,32.3518,31.1956,32.2602,6500776.0
2016-11-10,32.5045,33.1939,32.4565,32.8928,8351200.0
2016-11-11,32.6747,32.9452,32.5569,32.8928,6024476.0
2016-11-14,32.9496,33.1764,32.2689,32.3824,10138108.0
2016-11-15,31.981,32.57,31.5534,32.0639,10620890.0
2016-11-16,32.0682,33.3859,32.0682,33.3291,10957214.0
2016-11-17,33.1939,33.6564,32.9147,33.6389,8915646.0
2016-11-18,33.5691,34.001,33.364,33.9138,7426016.0
2016-11-21,33.8047,33.9094,33.6738,33.8876,5580912.0
2016-11-22,34.0141,34.782,33.94,34.6031,8534014.0
2016-11-23,34.481,34.7777,34.4199,34.6555,4201468.0
2016-11-25,34.625,34.8126,34.4984,34.5726,2197774.0
2016-11-28,34.3937,34.5726,34.2672,34.3152,4770296.0
2016-11-29,34.3719,34.5377,34.3239,34.385,4963594.0
2016-11-30,34.2323,34.4897,34.1407,34.1799,5757054.0
2016-12-01,34.0665,34.2759,33.8309,33.8876,5782758.0
2016-12-02,33.8876,34.0185,33.5778,33.6389,5151100.0
2016-12-05,33.5822,34.0229,33.5473,33.7393,6903482.0
2016-12-06,33.8265,33.8483,33.6171,33.7873,4114968.0
2016-12-07,33.7873,34.145,33.7218,34.1145,5475038.0
2016-12-08,34.1799,34.2672,33.8963,34.0229,4824904.0
2016-12-09,34.0752,34.145,33.6825,34.0447,4509142.0
2016-12-12,33.892,33.9749,33.4818,33.6345,5552206.0
2016-12-13,33.7436,34.289,33.5735,34.145,6205988.0
2016-12-14,34.1712,34.2672,33.6913,33.7262,5614326.0
2016-12-15,33.7829,33.9967,33.6258,33.7785,4787790.0
2016-12-16,33.8134,33.9225,33.4295,33.4949,6607738.0
2016-12-19,33.4775,33.796,33.4382,33.5691,3684276.0
2016-12-20,33.6825,33.9749,33.556,33.8658,4079630.0
2016-12-21,33.7611,33.9749,33.5996,33.7916,3742502.0
2016-12-22,33.6738,33.6869,33.2375,33.351,4473610.0
2016-12-23,33.351,33.5517,33.2811,33.351,2566662.0
2016-12-27,33.4164,33.5342,33.1721,33.2681,1913380.0
2016-12-28,33.2899,33.3248,32.823,32.8579,3361064.0
2016-12-29,32.9714,33.1546,32.9277,33.0325,3045090.0
2016-12-30,33.1328,33.2724,32.7052,32.7794,3140434.0
2017-01-03,32.967,33.1284,32.6965,32.919,6445204.0
2017-01-04,33.0761,33.4775,33.0674,33.4295,5542566.0
2017-01-05,32.8972,33.3859,32.7183,33.2244,8622650.0
2017-01-06,33.1764,33.3989,33.0761,33.1503,5954866.0
2017-01-09,33.0979,33.412,33.0979,33.2026,5196914.0
2017-01-10,33.1197,33.6869,33.0761,33.46,5274858.0
2017-01-11,33.4164,33.5298,32.9539,33.2593,4848320.0
2017-01-12,33.1503,33.2026,32.8187,33.1284,5815612.0
2017-01-13,33.0804,33.3597,33.063,33.1284,4424060.0
2017-01-17,33.1939,33.6825,33.159,33.4862,5639944.0
2017-01-18,33.5866,33.6258,33.2724,33.4557,5378590.0
2017-01-19,33.3815,33.4644,32.7445,32.7576,7473114.0
2017-01-20,32.8579,32.9626,32.5438,32.9365,7057458.0
2017-01-23,32.8012,32.8885,32.4565,32.5002,5166098.0
2017-01-24,32.6005,32.6965,32.4129,32.5438,6690914.0
2017-01-25,32.6878,32.9496,32.5656,32.9103,5642278.0
2017-01-26,32.9321,33.0281,32.7227,32.7489,3967604.0
2017-01-27,32.8536,32.9277,32.2733,32.3998,4328656.0
2017-01-30,32.2864,32.426,32.0202,32.3038,4388500.0
2017-01-31,32.0464,32.7183,31.9591,32.6878,6117102.0
2017-02-01,32.7532,32.8448,32.4216,32.5831,6472918.0
2017-02-02,32.5656,32.9539,32.4173,32.6921,7694894.0
2017-02-03,32.618,33.0848,32.5874,32.9277,6371630.0
2017-02-06,32.7441,33.0024,32.6959,32.8667,5760822.0
2017-02-07,32.9104,33.0549,32.836,32.9367,3641938.0
2017-02-08,32.8885,33.1731,32.8579,33.0593,6988748.0
2017-02-09,33.1425,33.5059,33.1075,33.322,5290414.0
2017-02-10,33.3789,33.7992,33.2388,33.7335,6034294.0
2017-02-13,33.8474,33.9743,33.5409,33.6679,5856448.0
2017-02-14,33.6241,34.2151,33.554,34.1845,5498302.0
2017-02-15,34.2545,34.3552,34.0225,34.2501,5825142.0
2017-02-16,34.1713,34.1845,33.5453,33.6372,9712626.0
2017-02-17,33.5496,33.9087,33.4402,33.7948,8153030.0
2017-02-21,33.8517,33.8911,33.2826,33.3789,14923920.0
2017-02-22,33.7467,34.0181,33.033,33.4271,16479718.0
2017-02-23,33.6241,34.5347,33.6241,34.0663,16343262.0
2017-02-24,33.8999,34.4997,33.8999,34.2589,9128842.0
2017-02-27,34.2589,34.5303,34.2151,34.4209,7656626.0
2017-02-28,34.2501,34.4428,33.9481,34.3465,8971530.0
2017-03-01,34.5785,34.5873,34.0969,34.3465,11101044.0
2017-03-02,34.272,34.9025,34.1976,34.758,6588636.0
2017-03-03,34.631,34.7055,34.329,34.5085,4715594.0
2017-03-06,34.3727,34.5698,34.3071,34.4121,4546432.0
2017-03-07,34.3114,34.5873,34.2458,34.2808,4796776.0
2017-03-08,34.2458,34.526,34.2064,34.3465,5280524.0
2017-03-09,34.3071,34.3902,34.0794,34.1232,4032210.0
2017-03-10,34.2764,34.3333,33.7379,34.2283,4526364.0
2017-03-13,34.1451,34.3552,33.9787,34.1757,3790664.0
2017-03-14,34.2633,34.4297,34.1582,34.272,3617522.0
2017-03-15,34.2589,34.7274,34.2239,34.6661,5442316.0
2017-03-16,34.8062,34.8718,34.5698,34.6836,6181312.0
2017-03-17,34.8543,34.8675,34.4822,34.6836,7176634.0
2017-03-20,34.6792,34.6836,34.1144,34.2283,5246990.0
2017-03-21,34.3684,34.4647,34.005,34.1889,4633036.0
2017-03-22,34.1713,34.4734,34.0137,34.4297,4069498.0
2017-03-23,34.4691,34.6223,34.272,34.3377,4478340.0
2017-03-24,34.2677,34.4209,34.11,34.3377,4517050.0
2017-03-27,34.0794,34.364,33.9918,34.3027,5297798.0
2017-03-28,34.2677,34.5391,34.2195,34.4603,7863888.0
2017-03-29,34.5041,35.0076,34.3859,34.885,5462606.0
2017-03-30,34.7843,34.955,34.7361,34.9244,3008734.0
2017-03-31,34.8675,35.0119,34.596,34.6223,3895548.0
2017-04-03,34.6967,34.7449,34.2064,34.2939,5885530.0
2017-04-04,34.2852,34.2939,33.5453,33.5847,9612678.0
2017-04-05,33.6241,33.7379,33.1906,33.2432,8348434.0
2017-04-06,33.4271,33.878,33.4227,33.6241,6357624.0
2017-04-07,33.5453,33.6197,33.3088,33.3132,5698100.0
2017-04-10,33.3176,33.6328,33.1863,33.2826,5199802.0
2017-04-11,33.2607,33.716,33.1906,33.7073,7358374.0
2017-04-12,33.8036,33.8036,33.5409,33.751,6881844.0
2017-04-13,33.7204,33.8736,33.6109,33.6285,4688338.0
2017-04-17,33.7467,33.7904,33.357,33.484,4138086.0
2017-04-18,33.4927,33.7948,33.3877,33.6416,3471378.0
2017-04-19,33.7686,33.8167,33.5978,33.6679,3151366.0
2017-04-20,33.7861,34.2939,33.7773,34.2239,5257218.0
2017-04-21,34.2064,34.4078,34.1188,34.3946,4305328.0
2017-04-24,34.6442,34.6923,34.237,34.4209,3924192.0
2017-04-25,34.4603,34.5698,34.2677,34.4909,3735284.0
2017-04-26,34.5698,34.7974,34.4384,34.5522,3561398.0
2017-04-27,34.5654,34.631,34.3596,34.5741,3748800.0
2017-04-28,34.5566,34.5654,34.1757,34.4297,4132900.0
2017-05-01,34.5391,34.5566,33.9962,33.9962,3164496.0
2017-05-02,34.0575,34.5479,33.9831,34.5479,5234072.0
2017-05-03,34.5391,34.7274,34.399,34.6486,4822316.0
2017-05-04,34.5873,34.6573,34.3684,34.5741,3799432.0
2017-05-05,34.688,34.6967,34.3377,34.4515,4848508.0
2017-05-08,34.5574,34.575,34.2365,34.3684,5590384.0
2017-05-09,34.4091,34.9146,34.3607,34.7168,5145136.0
2017-05-10,34.7387,35.5695,34.6288,35.4816,8397234.0
2017-05-11,35.253,35.2574,34.6025,34.9321,7148708.0
2017-05-12,34.7563,34.7563,33.8552,33.9827,10505096.0
2017-05-15,34.0662,34.2113,33.6838,33.8025,9800906.0
2017-05-16,32.3607,33.1299,32.1014,32.4222,27187752.0
2017-05-17,32.4222,33.3717,32.4178,32.8662,17415912.0
2017-05-18,32.9497,33.1299,32.686,32.7387,9921076.0
2017-05-19,32.8706,32.8794,32.1453,32.6464,14426420.0
2017-05-22,32.7739,33.1651,32.6684,33.0948,7823028.0
2017-05-23,33.0816,33.0948,32.642,32.7036,9953364.0
2017-05-24,32.7783,32.8354,32.5101,32.5233,9872698.0
2017-05-25,32.6948,33.2882,32.6112,33.1299,7465990.0
2017-05-26,33.231,33.3365,33.0684,33.2003,4655148.0
2017-05-30,33.1123,33.275,32.8618,32.9014,5206514.0
2017-05-31,33.042,33.1255,32.8838,33.0596,5336160.0
2017-06-01,33.3014,33.4332,32.9849,33.3629,4139350.0
2017-06-02,33.1431,33.3145,32.9058,33.064,5756156.0
2017-06-05,32.9761,33.2266,32.8662,32.9805,4264724.0
2017-06-06,32.8222,32.9014,32.475,32.5145,6705172.0
2017-06-07,32.6728,32.8266,32.5365,32.6112,4266816.0
2017-06-08,32.6948,32.8003,31.9651,31.9915,8845178.0
2017-06-09,31.9959,32.5629,31.7761,32.3871,7656042.0
2017-06-12,32.3211,32.7387,32.3211,32.4266,5910858.0
2017-06-13,32.4574,32.6244,32.3299,32.4882,5209644.0
2017-06-14,32.3959,32.4618,32.031,32.1629,6458696.0
2017-06-15,32.1453,32.22,31.5079,31.886,6511892.0
2017-06-16,31.5915,31.8728,31.3849,31.842,7506162.0
2017-06-19,31.9167,31.9563,31.4684,31.8024,6447906.0
2017-06-20,31.6794,31.7321,30.831,30.8486,12773132.0
2017-06-21,30.7255,31.0991,30.264,30.5057,12581126.0
2017-06-22,30.5101,30.5277,30.1277,30.22,10149224.0
2017-06-23,30.2068,30.4925,29.631,30.4486,9628302.0
2017-06-26,30.6772,30.9189,30.5145,30.7431,6520718.0
2017-06-27,30.6376,30.8706,30.6156,30.7519,5855652.0
2017-06-28,30.8969,31.442,30.831,31.3893,8344346.0
2017-06-29,31.3761,31.4684,31.1167,31.2442,7826010.0
2017-06-30,31.4244,31.8904,31.3541,31.7233,10522532.0
2017-07-03,31.9343,32.1805,31.442,31.4596,4819222.0
2017-07-05,31.5211,31.5211,30.8794,31.2882,7891050.0
2017-07-06,31.0552,31.1475,30.8178,30.8969,8374866.0
2017-07-07,30.9893,31.1783,30.8662,30.9233,7401468.0
2017-07-10,30.853,30.8969,30.1541,30.1892,6527898.0
2017-07-11,30.1541,30.2947,30.0442,30.1541,8105098.0
2017-07-12,30.2288,30.3958,30.2024,30.2991,5249678.0
2017-07-13,30.475,30.7827,30.4354,30.7607,8700566.0
2017-07-14,30.8662,30.998,30.5849,30.6816,6324444.0
2017-07-17,30.6816,31.1167,30.642,30.9277,7040758.0
2017-07-18,30.8882,30.9761,30.6332,30.7475,4788242.0
2017-07-19,30.8134,31.042,30.7255,30.9013,5465180.0
2017-07-20,30.9101,31.0684,30.5629,30.5936,5793654.0
2017-07-21,30.4574,30.5189,30.0222,30.2947,8205602.0
2017-07-24,30.1541,30.1541,29.2969,29.4068,11844448.0
2017-07-25,29.5695,30.4486,29.5475,30.198,9861190.0
2017-07-26,30.2991,30.3123,29.9387,30.0969,5106996.0
2017-07-27,30.0881,30.6552,30.031,30.6112,5752520.0
2017-07-28,30.6288,30.7958,30.3958,30.5936,5794340.0
2017-07-31,30.6596,30.9629,30.409,30.9057,5429076.0
2017-08-01,30.9453,31.1827,30.8882,31.086,6035674.0
2017-08-02,30.8969,31.1563,30.7695,30.9936,5384024.0
2017-08-03,30.9936,31.042,30.3563,30.5936,8245588.0
2017-08-04,30.6684,30.9321,30.5629,30.8398,4666574.0
2017-08-07,30.7902,31.1567,30.7902,31.0684,4703292.0
2017-08-08,31.2638,31.8289,31.2152,31.5684,8864296.0
2017-08-09,31.4536,31.5729,31.1534,31.4625,6517672.0
2017-08-10,31.2108,31.2505,30.8134,31.021,6856918.0
2017-08-11,30.9547,31.5905,30.8973,31.3786,8734684.0
2017-08-14,31.6258,31.6788,30.5971,30.7384,13517860.0
2017-08-15,30.7958,31.7053,30.4161,30.9768,14663422.0
2017-08-16,31.2417,31.6612,31.0077,31.6082,9201602.0
2017-08-17,31.383,31.4007,30.9856,31.0165,8934088.0
2017-08-18,31.0386,31.4448,30.9062,31.1137,9598898.0
2017-08-21,31.1225,31.6435,30.9724,31.5508,8006406.0
2017-08-22,31.6082,31.7671,31.4051,31.6126,6129542.0
2017-08-23,31.5596,31.7141,31.383,31.6082,5447004.0
2017-08-24,32.0364,32.3234,31.1976,31.2991,8745500.0
2017-08-25,31.4801,31.8466,31.3521,31.6435,4860674.0
2017-08-28,31.7892,31.8775,31.617,31.7009,4144986.0
2017-08-29,31.4978,31.617,31.277,31.564,5091200.0
2017-08-30,31.5287,31.9128,31.4448,31.8113,5244376.0
2017-08-31,31.7141,31.9835,31.7097,31.9217,6884978.0
2017-09-01,31.9835,32.1512,31.8598,31.957,4692898.0
2017-09-05,31.8643,32.0409,31.6656,31.9393,5528752.0
2017-09-06,31.9614,32.2749,31.9393,32.244,4528148.0
2017-09-07,32.4515,32.5177,32.032,32.1954,4407596.0
2017-09-08,32.2175,32.2263,31.6656,31.9614,4432622.0
2017-09-11,31.9614,32.2307,31.7892,32.1601,4444618.0
2017-09-12,32.2307,32.8047,32.2307,32.4691,4649460.0
2017-09-13,32.5265,32.7694,32.4073,32.4471,6571260.0
2017-09-14,32.4559,32.478,32.1689,32.3234,5520400.0
2017-09-15,32.3146,32.5795,32.0364,32.5574,4591682.0
2017-09-18,32.6192,32.6281,32.2881,32.4161,2950928.0
2017-09-19,32.4912,32.5221,32.1468,32.1557,4499342.0
2017-09-20,32.1424,32.1512,31.7627,31.9746,7852738.0
2017-09-21,32.0232,32.3058,31.979,32.1512,4563742.0
2017-09-22,32.0762,32.1821,31.8554,31.9879,5581850.0
2017-09-25,31.9879,32.6678,31.9217,32.5972,6173710.0
2017-09-26,32.6722,32.84,32.4603,32.5751,4040742.0
2017-09-27,32.606,32.8444,32.3941,32.7429,3202664.0
2017-09-28,32.6943,32.7738,32.4603,32.6502,2992312.0
2017-09-29,32.712,32.8356,32.5045,32.553,3910422.0
2017-10-02,32.5354,32.5707,32.1115,32.4073,4735176.0
2017-10-03,32.4559,32.659,32.3543,32.5928,3048912.0
2017-10-04,32.5133,32.6148,32.2749,32.5177,4566786.0
2017-10-05,32.4206,32.6237,32.319,32.5883,4177048.0
2017-10-06,32.4515,32.6546,32.2749,32.4956,2855342.0
2017-10-09,32.5133,32.6104,32.1468,32.244,2895078.0
2017-10-10,32.2749,32.3367,31.8554,31.8996,4525286.0
2017-10-11,31.9923,32.1998,31.8819,32.032,4496230.0
2017-10-12,31.979,31.979,31.4051,31.6921,5339312.0
2017-10-13,31.6965,31.9923,31.5905,31.8201,3810870.0
2017-10-16,31.6876,31.7097,31.2594,31.4227,5171578.0
2017-10-17,31.4007,31.7406,31.3742,31.7009,4066980.0
2017-10-18,31.6567,31.7848,31.4183,31.4801,5561134.0
2017-10-19,31.4801,31.6567,31.3786,31.5287,5420402.0
2017-10-20,31.6876,31.9349,31.6126,31.8289,5263302.0
2017-10-23,31.7936,32.1601,31.7141,31.8775,4453482.0
2017-10-24,31.9128,32.0541,31.6347,31.6744,4214560.0
2017-10-25,31.6744,31.7671,31.3786,31.5419,4740618.0
2017-10-26,31.5508,31.7627,31.3256,31.5552,4740098.0
2017-10-27,31.4934,31.4978,31.0077,31.1446,7264142.0
2017-10-30,30.9945,31.0033,30.4205,30.6192,7136738.0
2017-10-31,31.1711,31.4183,30.6898,30.8179,5643448.0
2017-11-01,31.0298,31.0828,30.6324,30.7825,4733958.0
2017-11-02,30.9062,31.149,30.7384,30.9989,4856610.0
2017-11-03,30.8973,30.8973,30.2527,30.288,7421910.0
2017-11-06,30.3057,30.5485,30.0894,30.1247,6483744.0
2017-11-07,30.1511,30.3463,30.0181,30.1556,8174058.0
2017-11-08,30.0725,30.3696,29.9261,30.1523,7597192.0
2017-11-09,30.139,30.9995,30.0459,30.7156,7480662.0
2017-11-10,30.7733,31.1547,30.6668,31.1458,7640056.0
2017-11-13,31.1547,31.962,31.0882,31.3854,13631252.0
2017-11-14,29.9838,30.8664,29.4692,30.1346,27875428.0
2017-11-15,29.9438,30.8531,29.7176,30.6225,17354618.0
2017-11-16,30.6535,30.8354,30.4938,30.6313,8246600.0
2017-11-17,30.76,31.6515,30.76,31.5007,13122738.0
2017-11-20,31.5317,31.7269,31.3055,31.5761,10139512.0
2017-11-21,31.4829,31.616,31.0926,31.5938,7540746.0
2017-11-22,31.5495,31.6471,31.239,31.3011,4943372.0
2017-11-24,31.5628,31.6914,31.3809,31.4342,2530230.0
2017-11-27,31.4696,31.6692,31.2656,31.4741,5515198.0
2017-11-28,31.5184,32.268,31.4342,32.2237,7334256.0
2017-11-29,32.268,33.5942,32.2148,33.1684,12519622.0
2017-11-30,32.96,33.8071,32.9023,33.5099,9082384.0
2017-12-01,33.3991,33.7938,33.0265,33.4212,8153194.0
2017-12-04,33.5987,34.57,33.5587,34.1531,9020686.0
2017-12-05,33.745,33.887,33.5144,33.5321,10463950.0
2017-12-06,33.5854,33.7672,33.2882,33.2882,4957410.0
2017-12-07,33.4257,33.4257,32.7116,32.7515,8742168.0
2017-12-08,32.8269,32.8624,32.4366,32.7692,7716298.0
2017-12-11,32.7071,32.7116,32.3434,32.512,8340912.0
2017-12-12,32.4011,32.7249,32.4011,32.6539,6815312.0
2017-12-13,32.787,32.9422,32.6007,32.7781,4892492.0
2017-12-14,32.991,33.0087,32.5386,32.5652,5328984.0
2017-12-15,32.7737,33.2394,32.6229,32.8979,8649486.0
2017-12-18,33.0575,33.5499,33.022,33.4745,5052520.0
2017-12-19,33.6208,33.7938,33.3325,33.7362,8843222.0
2017-12-20,33.7628,33.9845,33.5942,33.6208,5784914.0
2017-12-21,33.4301,34.0067,33.4035,33.8426,5943060.0
2017-12-22,33.918,33.9313,33.5987,33.8204,4420064.0
2017-12-26,33.887,34.3704,33.8648,34.3527,3546742.0
2017-12-27,34.3527,34.437,34.0688,34.1398,3294600.0
2017-12-28,34.1575,34.2019,33.745,33.8781,3592140.0
2017-12-29,34.0112,34.1354,33.9047,33.9136,3297700.0
2018-01-02,34.091,34.4015,33.9136,34.0156,5555182.0
2018-01-03,33.7184,33.7805,33.195,33.4035,7536720.0
2018-01-04,33.368,33.5277,32.9422,33.4567,5844196.0
2018-01-05,33.5011,34.2418,33.5011,34.2196,5793640.0
2018-01-08,34.2285,34.3128,33.4079,33.5543,6491034.0
2018-01-09,33.5676,33.7317,33.2882,33.4878,7078306.0
2018-01-10,33.5055,33.9535,33.3547,33.8293,5223852.0
2018-01-11,33.7761,34.1531,33.5987,34.0999,4271966.0
2018-01-12,34.2196,34.9515,34.1753,34.7208,6139038.0
2018-01-16,34.9382,34.9382,33.8426,33.9712,5583194.0
2018-01-17,34.0289,34.2595,33.745,33.9668,5690636.0
2018-01-18,34.0378,34.5523,34.0023,34.264,3583014.0
2018-01-19,34.4148,34.9958,34.2063,34.9914,7102224.0
2018-01-22,35.0136,35.2974,34.7341,35.2442,4792654.0
2018-01-23,35.1112,35.2974,34.8983,35.1821,6531542.0
2018-01-24,35.1289,35.4216,34.8894,35.1511,3824404.0
2018-01-25,35.2974,35.3418,34.9249,35.1555,3814202.0
2018-01-26,35.3595,35.7321,34.947,35.7099,5058076.0
2018-01-29,35.5769,36.0293,35.5769,35.8519,6187624.0
2018-01-30,35.8386,36.1313,35.4793,35.639,8522068.0
2018-01-31,35.6567,35.9628,35.3773,35.6257,8238604.0
2018-02-01,35.5103,35.8075,35.2886,35.5281,4715838.0
2018-02-02,35.1688,35.4793,34.5567,34.8051,9295852.0
2018-02-05,34.6321,35.1067,33.7317,33.7362,7703990.0
2018-02-06,32.8225,33.9402,32.543,33.7051,9083452.0
2018-02-07,33.816,34.2241,33.6075,33.7983,7409148.0
2018-02-08,33.9491,34.0688,32.9777,32.9821,8284750.0
2018-02-09,33.0841,33.8204,32.2991,33.5499,13723618.0
2018-02-12,33.8204,33.8781,33.062,33.5809,5663040.0
2018-02-13,33.4921,33.795,33.2739,33.5099,4734036.0
2018-02-14,33.4443,34.2638,33.3909,34.1035,7147802.0
2018-02-15,34.3707,34.7315,33.9209,34.7315,7682758.0
2018-02-16,34.727,35.2437,34.6825,34.6869,5931546.0
2018-02-20,34.4197,34.5578,33.9298,34.0144,5580132.0
2018-02-21,34.0901,34.3618,33.765,33.7783,4623474.0
2018-02-22,33.8719,34.197,33.7828,34.0278,4567004.0
2018-02-23,34.2282,34.7359,34.1168,34.7226,4895452.0
2018-02-26,34.972,35.1769,34.5444,35.119,7051060.0
2018-02-27,35.502,35.7381,34.4286,34.4331,8197868.0
2018-02-28,37.3459,37.7646,36.5977,36.8248,23797764.0
2018-03-01,36.6155,37.6532,36.0766,36.8961,14600926.0
2018-03-02,36.3438,37.3726,36.3438,37.2568,9008870.0
2018-03-05,37.19,37.4305,37.1009,37.337,5798326.0
2018-03-06,37.3815,37.6087,37.1767,37.5864,6254950.0
2018-03-07,37.1188,37.6443,36.7402,36.8025,9023792.0
2018-03-08,37.1009,37.3236,36.7179,36.8159,8382034.0
2018-03-09,36.9228,37.052,36.277,36.8204,8978108.0
2018-03-12,36.7446,36.8426,36.4061,36.7313,4423668.0
2018-03-13,36.8515,37.0831,36.6066,36.6556,5394926.0
2018-03-14,36.7669,36.8827,36.2725,36.4685,6873338.0
2018-03-15,36.5487,36.5665,36.1122,36.228,4572008.0
2018-03-16,36.2013,36.6288,36.1701,36.2592,5809008.0
2018-03-19,36.2592,36.5398,36.0855,36.2503,3751254.0
2018-03-20,36.3794,36.562,36.1834,36.4507,4866354.0
2018-03-21,36.4685,37.1499,36.3349,36.9139,5104352.0
2018-03-22,36.5798,36.7803,36.0543,36.0766,7503176.0
2018-03-23,36.3037,36.3482,35.5243,35.5777,5622202.0
2018-03-26,35.9162,36.277,35.8494,36.1077,6156204.0
2018-03-27,36.0454,36.3126,35.6891,35.8271,5242964.0
2018-03-28,36.0231,36.6333,35.885,35.9385,4305640.0
2018-03-29,36.13,36.6155,36.081,36.326,5052848.0
2018-04-02,36.4017,36.6867,35.5065,35.8806,5795936.0
2018-04-03,35.9563,36.6867,35.9118,36.6689,5150608.0
2018-04-04,36.3972,37.484,36.2191,37.3994,4293854.0
2018-04-05,37.5241,37.9516,37.2746,37.8403,4688134.0
2018-04-06,37.6755,37.8581,36.9272,37.1633,4327674.0
2018-04-09,37.4706,37.5063,36.758,36.7936,5746224.0
2018-04-10,37.2078,37.2212,36.5041,36.6867,5461932.0
2018-04-11,36.3928,37.1455,36.3527,36.5442,6931972.0
2018-04-12,36.8159,37.0564,36.5487,36.758,8954116.0
2018-04-13,36.8961,36.905,36.0454,36.1924,4586008.0
2018-04-16,36.5175,37.0475,36.3839,36.8515,5274194.0
2018-04-17,37.19,37.5063,37.1455,37.1678,3624692.0
2018-04-18,37.2657,37.6265,37.0208,37.0475,3805182.0
2018-04-19,36.9718,37.2301,36.611,36.807,5072950.0
2018-04-20,36.7803,36.905,36.4952,36.7357,4693518.0
2018-04-23,36.7625,37.2479,36.6645,37.0698,3324892.0
2018-04-24,37.2257,37.5731,36.8604,37.0074,4891912.0
2018-04-25,36.8961,37.2257,36.6377,37.1143,3497468.0
2018-04-26,37.2257,37.916,36.9807,37.9026,4548436.0
2018-04-27,37.9695,38.6286,37.7779,38.5262,6726068.0
2018-04-30,38.6598,38.8558,37.769,37.7913,5059308.0
2018-05-01,37.7601,37.7646,36.7803,37.2212,4956926.0
2018-05-02,37.0564,37.5463,36.709,37.2034,4980766.0
2018-05-03,37.1856,37.4172,36.5798,37.2167,4476630.0
2018-05-04,37.0208,37.1277,36.6377,36.8916,5079108.0
2018-05-07,36.9451,36.9451,36.2102,36.4729,4078806.0
2018-05-08,36.5086,36.807,36.3661,36.7803,3711240.0
2018-05-09,36.7847,37.3905,36.6867,37.3637,4577082.0
2018-05-10,37.141,37.2568,36.66,37.0876,4389758.0
2018-05-11,37.0742,37.5998,37.0297,37.4439,3746976.0
2018-05-14,37.671,38.0184,37.5998,37.8225,4325332.0
2018-05-15,37.848,38.2954,37.7629,38.1209,3795994.0
2018-05-16,38.4207,39.065,38.0538,38.1164,5188766.0
2018-05-17,37.9911,38.8368,37.9911,38.5996,8060064.0
2018-05-18,38.358,38.4967,37.8301,37.9374,7403024.0
2018-05-21,37.9509,38.2193,37.6063,37.8972,7972382.0
2018-05-22,38.792,39.7093,38.3088,39.1276,12914618.0
2018-05-23,38.886,39.6198,38.8457,39.3245,9673308.0
2018-05-24,39.1231,40.0359,39.1231,39.7048,6385160.0
2018-05-25,39.4453,39.6869,39.3692,39.4229,4812470.0
2018-05-29,39.3647,39.7227,39.1858,39.5392,3749250.0
2018-05-30,39.575,40.2238,39.4542,40.1701,6560962.0
2018-05-31,40.2014,40.6489,40.0225,40.4117,6744932.0
2018-06-01,40.5057,40.8234,40.3938,40.4565,6515590.0
2018-06-04,40.9263,41.6019,40.7741,41.5885,5399854.0
2018-06-05,41.6108,42.0941,41.3379,42.0717,6723640.0
2018-06-06,42.1343,42.2328,41.5437,42.1925,6207940.0
2018-06-07,42.367,42.7652,42.1477,42.282,5819352.0
2018-06-08,42.2283,42.6265,42.1164,42.4788,4296220.0
2018-06-11,42.4833,42.8189,42.2909,42.5102,3951280.0
2018-06-12,42.5012,42.9128,42.1656,42.6936,5128370.0
2018-06-13,42.6265,42.8144,42.273,42.3849,4260736.0
2018-06-14,42.3401,42.5817,42.0225,42.3088,3573110.0
2018-06-15,42.2775,42.6175,42.1701,42.5817,5111618.0
2018-06-18,42.3894,43.235,42.2864,42.9352,5930266.0
2018-06-19,42.4207,42.886,42.3446,42.8413,3893880.0
2018-06-20,43.1276,43.32,42.8636,43.2753,4376750.0
2018-06-21,42.9576,43.2037,42.5012,43.0829,4841302.0
2018-06-22,43.1008,43.1545,42.358,42.5415,5329332.0
2018-06-25,42.631,42.9979,42.3133,42.5996,3770070.0
2018-06-26,42.0985,42.6086,41.8882,42.5817,4052460.0
2018-06-27,42.6041,43.0918,42.1209,42.1522,3500694.0
2018-06-28,42.2507,42.792,42.0672,42.6533,4196414.0
2018-06-29,42.9844,43.1545,42.5817,42.5862,3398116.0
2018-07-02,42.4117,42.5549,42.1567,42.4654,4255432.0
2018-07-03,42.631,42.8547,42.4386,42.5728,1674588.0
2018-07-05,42.6623,42.7876,42.3446,42.537,3314032.0
2018-07-06,42.4967,42.9307,42.4788,42.7518,2941884.0
2018-07-09,42.9531,43.0202,42.6981,42.8189,2896912.0
2018-07-10,42.7428,42.7741,42.2238,42.5191,7766928.0
2018-07-11,42.3043,42.8457,42.2864,42.6668,3607298.0
2018-07-12,42.5191,42.6668,42.1433,42.1701,6626580.0
2018-07-13,42.1835,42.6757,42.1433,42.6533,3294676.0
2018-07-16,42.6981,42.7697,42.367,42.5907,2141720.0
2018-07-17,42.5549,43.2842,42.5549,43.0873,4088632.0
2018-07-18,43.1142,43.3245,42.8368,43.2305,3623204.0
2018-07-19,43.2126,43.8345,43.1768,43.7093,4195542.0
2018-07-20,43.5169,43.8569,43.3826,43.4319,3997680.0
2018-07-23,43.4721,43.9017,43.4453,43.6511,3532062.0
2018-07-24,43.7943,43.7943,43.1903,43.405,3568110.0
2018-07-25,43.4363,43.7764,43.2976,43.7048,3873150.0
2018-07-26,43.8614,44.2686,43.5303,43.6332,3390400.0
2018-07-27,43.6914,43.9822,43.1008,43.1992,2573956.0
2018-07-30,43.4453,43.7674,43.1992,43.2976,3191662.0
2018-07-31,43.3603,43.7003,43.1858,43.5169,3910924.0
2018-08-01,43.4005,43.7809,42.9665,43.1366,3951566.0
2018-08-02,43.0784,43.6377,42.9173,43.6064,4521640.0
2018-08-03,43.7809,43.9688,43.2887,43.6645,3199282.0
2018-08-06,43.6645,44.0225,43.6601,43.9643,2270278.0
2018-08-07,44.0314,44.2283,43.6511,44.1791,3356282.0
2018-08-08,44.3401,44.6981,44.2865,44.622,3444936.0
2018-08-09,44.7428,44.9442,44.4967,44.6578,3357704.0
2018-08-10,44.622,45.2932,44.4565,45.056,5878618.0
2018-08-13,45.3066,45.4095,44.3983,44.452,5229174.0
2018-08-14,44.5614,45.2756,44.5614,45.1903,7603074.0
2018-08-15,44.9567,44.9791,44.4087,44.4626,4658864.0
2018-08-16,44.7815,45.1903,44.0988,44.7052,5691580.0
2018-08-17,44.6692,45.1543,44.5569,45.0735,4351376.0
2018-08-20,45.4328,45.7248,44.8309,45.6574,7523380.0
2018-08-21,48.0604,48.1772,46.9824,47.8179,14133766.0
2018-08-22,47.737,48.3119,47.189,47.5034,9036392.0
2018-08-23,47.4451,48.3928,47.4451,48.2625,6301736.0
2018-08-24,47.8268,48.6533,47.746,48.5365,6076192.0
2018-08-27,48.7656,48.8015,48.2221,48.267,4699868.0
2018-08-28,48.3299,48.4108,47.8583,48.3344,3072442.0
2018-08-29,48.3389,48.8914,48.0829,48.7521,3593196.0
2018-08-30,48.7341,49.1833,48.5949,48.7431,3735880.0
2018-08-31,48.6713,49.4618,48.6623,49.3944,3511712.0
2018-09-04,49.6235,50.2164,49.4169,50.0547,6134368.0
2018-09-05,50.0547,50.2523,49.5112,49.9154,4715644.0
2018-09-06,50.1176,50.2658,49.6055,49.6774,4887030.0
2018-09-07,49.5876,49.9154,49.3181,49.3765,5524220.0
2018-09-10,49.6774,50.0502,49.6145,49.7717,6039510.0
2018-09-11,49.6729,49.8571,49.2776,49.5831,4519704.0
2018-09-12,49.637,49.9154,49.1788,49.5382,6756930.0
2018-09-13,49.3585,49.6325,48.7746,48.9497,5721616.0
2018-09-14,48.559,48.8824,48.2041,48.8554,6050526.0
2018-09-17,48.4287,48.7341,48.2491,48.4916,5407902.0
2018-09-18,48.4781,49.2911,48.3209,48.9902,7304420.0
2018-09-19,48.8419,49.2507,48.5949,49.1294,3052784.0
2018-09-20,49.1204,49.2731,48.6713,49.2058,3674040.0
2018-09-21,49.4214,49.7178,49.1519,49.2776,5962322.0
2018-09-24,49.2552,49.6055,48.9767,49.2821,3356986.0
2018-09-25,49.4843,49.6909,49.3315,49.5516,3367460.0
2018-09-26,49.9693,50.4589,49.6594,50.1894,4828928.0
2018-09-27,50.131,50.4814,50.0367,50.2209,3088788.0
2018-09-28,50.2478,50.6386,50.1445,50.3152,3395798.0
2018-10-01,50.6655,50.8811,50.3781,50.4095,4338142.0
2018-10-02,50.45,50.5802,49.5651,49.5965,4483526.0
2018-10-03,49.6998,49.9469,49.3495,49.5606,3219750.0
2018-10-04,49.5022,49.7313,49.363,49.5337,3583868.0
2018-10-05,49.61,50.1086,49.2911,49.5426,3207668.0
2018-10-08,49.4304,49.9289,49.4304,49.7717,3750358.0
2018-10-09,49.9334,50.3781,49.7313,50.0367,4406090.0
2018-10-10,50.0906,50.1131,48.6847,48.797,4628280.0
2018-10-11,48.8689,49.628,48.1323,48.4018,5987970.0
2018-10-12,48.8419,49.637,48.568,49.1564,4797802.0
2018-10-15,49.1339,49.911,48.9812,49.637,3131986.0
2018-10-16,49.6639,50.5218,49.354,50.4185,3844030.0
2018-10-17,50.0861,50.3017,49.1923,49.7672,5267196.0
2018-10-18,49.6549,49.8256,48.815,49.2462,5097952.0
2018-10-19,49.2237,49.2821,48.0245,48.1772,7147482.0
2018-10-22,48.815,49.062,48.5455,48.8015,6700528.0
2018-10-23,48.3748,48.5814,47.225,48.02,6522828.0
2018-10-24,47.9346,48.8644,47.6247,47.7146,5673998.0
2018-10-25,47.8313,48.2401,47.4271,47.8358,6939232.0
2018-10-26,47.7505,48.0739,47.2205,47.8538,5639180.0
2018-10-29,48.2895,49.4932,48.1772,48.6892,10987722.0
2018-10-30,48.9183,49.8211,48.6937,49.4843,5279156.0
2018-10-31,49.9918,50.0232,48.9003,49.354,6171156.0
2018-11-01,49.3046,49.8076,48.9902,49.4708,4702616.0
2018-11-02,49.9199,50.4724,48.9722,49.1788,5886614.0
2018-11-05,49.1788,49.8571,48.8015,49.5337,3987788.0
2018-11-06,49.5651,49.8481,48.8195,49.2058,3950872.0
2018-11-07,49.4169,49.893,48.5006,49.7852,4723064.0
2018-11-08,50.1984,50.3062,49.5876,49.893,4350904.0
2018-11-09,50.0188,50.1355,49.4887,49.9828,5155215.0
2018-11-12,50.3422,50.4679,48.9587,49.0216,4960221.0
2018-11-13,48.9972,49.0874,48.1768,48.285,4862335.0
2018-11-14,48.7493,49.2001,47.3969,47.46,6457260.0
2018-11-15,46.901,47.3068,46.333,47.3068,6891685.0
2018-11-16,46.7568,46.7568,45.8642,46.4232,7655070.0
2018-11-19,46.2789,46.6125,43.7635,44.1422,11808534.0
2018-11-20,41.4734,43.9618,41.0767,42.2127,13342100.0
2018-11-21,42.3299,42.8439,41.5816,41.6177,8305302.0
2018-11-23,41.6357,41.8701,40.9595,41.3472,3249934.0
2018-11-26,41.789,42.2308,41.257,41.5816,4949211.0
2018-11-27,41.3382,41.6177,40.68,41.0677,6103398.0
2018-11-28,41.4644,43.1865,41.3923,43.1414,9486221.0
2018-11-29,43.9168,43.9708,42.1045,42.8168,6589539.0
2018-11-30,42.8979,44.2233,42.7988,44.043,10718843.0
2018-12-03,44.3044,44.5028,43.1865,43.6282,9800784.0
2018-12-04,43.7455,43.9708,42.3209,42.5283,7550544.0
2018-12-06,42.1045,42.2488,41.239,41.8882,9331990.0
2018-12-07,41.807,41.8431,40.6079,40.8333,7765022.0
2018-12-10,41.0948,41.816,40.6169,41.6628,5614214.0
2018-12-11,42.1857,42.2488,40.9595,41.23,5029439.0
2018-12-12,41.6718,41.9783,41.2661,41.5636,5288878.0
2018-12-13,41.6628,41.9242,40.8874,41.3021,4449111.0
2018-12-14,40.9505,41.6447,40.662,40.7702,4952727.0
2018-12-17,40.4636,40.5628,39.6973,39.9768,7751941.0
2018-12-18,40.0038,40.3464,39.526,39.7333,4641878.0
2018-12-19,39.9587,40.4366,39.0211,39.3457,4994173.0
2018-12-20,39.2194,39.2194,37.8039,38.2547,6800346.0
2018-12-21,38.2908,39.3998,37.5515,37.8039,7564856.0
2018-12-24,37.5244,38.2367,37.4072,37.5335,3196449.0
2018-12-26,37.6777,39.526,37.6687,39.526,5404962.0
2018-12-27,39.1112,39.526,38.1465,39.526,4262444.0
2018-12-28,39.7784,40.076,39.1834,39.4989,3990240.0
2018-12-31,39.7604,40.4456,39.7243,40.3374,4236398.0
2019-01-02,39.8776,40.6079,39.7965,40.2653,3991908.0
2019-01-03,40.2022,40.4546,39.4899,39.8415,4699514.0
2019-01-04,40.4005,41.2029,40.3374,40.9325,4732069.0
2019-01-07,40.8603,42.4922,40.8603,42.0324,7004760.0
2019-01-08,42.1947,42.7717,41.4915,42.6545,8125872.0
2019-01-09,42.7807,43.0693,42.339,42.6185,6278448.0
2019-01-10,41.6988,42.4922,41.1669,42.4562,4856469.0
2019-01-11,42.357,43.0422,42.2758,42.7898,4117422.0
2019-01-14,42.5373,43.0693,41.8611,42.1767,5270536.0
2019-01-15,42.3119,43.1143,42.0595,42.6635,4881147.0
2019-01-16,42.4201,43.1053,42.375,42.8529,3792192.0
2019-01-17,42.8078,43.4209,42.7266,43.2766,3273602.0
2019-01-18,43.5201,44.5659,43.466,44.3225,5854833.0
2019-01-22,44.079,44.3585,43.5561,43.9438,4962408.0
2019-01-23,44.052,44.0971,43.475,43.8536,3398631.0
2019-01-24,44.034,44.07,43.7094,43.8897,3023192.0
2019-01-25,44.3495,44.5839,43.9799,44.061,3700740.0
2019-01-28,43.8807,44.1872,43.6914,44.1422,3843240.0
2019-01-29,44.1872,44.2143,43.6643,43.9438,3456733.0
2019-01-30,44.07,44.3405,43.8446,44.0881,4392299.0
2019-01-31,44.0159,44.8364,43.9528,44.8364,6827362.0
2019-02-01,44.629,44.8003,43.8627,44.0881,7893221.0
2019-02-04,44.052,44.1782,43.4479,44.1692,4171961.0
2019-02-05,44.2954,44.4126,43.8717,44.3766,4162339.0
2019-02-06,44.4487,44.4487,43.7725,43.9618,3677147.0
2019-02-07,43.6643,43.9708,43.466,43.7455,4232150.0
2019-02-08,43.5832,44.1241,43.5832,44.1241,4436652.0
2019-02-11,44.1422,44.3495,43.9708,44.2684,3004003.0
2019-02-12,44.4199,44.9268,44.1937,44.8544,3393066.0
2019-02-13,44.8951,45.2119,44.4607,45.1576,4727242.0
2019-02-14,44.8499,45.2029,44.4516,44.8046,3405553.0
2019-02-15,45.2391,45.5559,45.1486,45.4654,3803855.0
2019-02-19,45.4744,45.8184,45.1757,45.6917,3510858.0
2019-02-20,45.6193,45.8003,45.4473,45.7188,3517276.0
2019-02-21,45.8546,45.8546,45.1848,45.3749,3947250.0
2019-02-22,45.5468,45.7369,45.3839,45.574,3677327.0
2019-02-25,45.7188,45.746,44.6779,44.7141,7055024.0
2019-02-26,44.8499,45.4201,44.6327,45.0038,8915937.0
2019-02-27,45.0762,47.0132,44.9223,46.6692,13604748.0
2019-02-28,46.8774,47.2304,46.1804,46.4248,7119534.0
2019-03-01,46.9679,47.511,46.9046,47.0856,7264606.0
2019-03-04,47.2304,47.683,46.2438,46.5335,4817214.0
2019-03-05,46.7869,47.1761,46.5244,46.7597,4516385.0
2019-03-06,46.986,47.511,46.7778,47.0041,5709464.0
2019-03-07,46.4429,46.8774,45.918,46.8412,5873516.0
2019-03-08,46.3615,46.3977,45.6102,45.9089,4347433.0
2019-03-11,45.9904,46.9498,45.9632,46.7959,4488780.0
2019-03-12,46.9498,47.1037,46.5878,47.0132,4032372.0
2019-03-13,47.2123,47.7282,47.0132,47.502,4618629.0
2019-03-14,47.339,47.3843,46.9136,47.158,3588289.0
2019-03-15,47.1852,47.33,46.6873,46.8593,4994055.0
2019-03-18,46.8503,47.4839,46.7507,47.3843,3700474.0
2019-03-19,47.4295,47.6468,47.0041,47.2666,4436480.0
2019-03-20,47.2123,47.6468,46.9408,47.5563,4315425.0
2019-03-21,47.3843,47.7463,47.3481,47.511,3132587.0
2019-03-22,47.4114,47.7282,47.1037,47.3752,3956948.0
2019-03-25,47.3119,48.1989,47.2214,47.7826,4506993.0
2019-03-26,47.9998,48.2261,47.6106,47.8278,3694061.0
2019-03-27,47.8369,48.2532,47.6196,48.0269,3503040.0
2019-03-28,48.2713,48.4343,47.9183,48.0269,3661116.0
2019-03-29,48.1265,48.2351,47.8821,48.1627,3968768.0
2019-04-01,48.4795,48.4795,47.9636,48.1627,3587073.0
2019-04-02,48.1627,48.3709,47.8912,48.045,3096671.0
2019-04-03,48.389,48.5067,47.9998,48.1265,3314810.0
2019-04-04,48.1265,49.1131,48.0541,49.1041,4030870.0
2019-04-05,49.1222,49.6109,48.8959,48.9773,4431799.0
2019-04-08,48.9502,49.4209,48.8959,49.1765,3822433.0
2019-04-09,48.9321,49.2489,48.6424,48.7149,3067613.0
2019-04-10,48.8597,49.3756,48.742,49.276,3416394.0
2019-04-11,49.276,49.276,48.6877,48.7782,3501251.0
2019-04-12,48.7873,49.2941,48.7873,48.8506,3685344.0
2019-04-15,48.8959,49.2489,48.8687,49.095,2618002.0
2019-04-16,49.276,49.5928,49.1855,49.3213,2588063.0
2019-04-17,49.6653,50.0092,49.5476,49.8372,3330343.0
2019-04-18,49.8282,50.2174,49.7286,49.8915,2624162.0
2019-04-22,49.7558,49.9368,49.1584,49.2489,3107189.0
2019-04-23,49.3032,50.1721,49.276,49.9549,3240666.0
2019-04-24,50.0092,50.4889,50.0092,50.1631,2544780.0
2019-04-25,50.0273,50.2083,49.3575,49.8553,3348702.0
2019-04-26,49.6743,49.8825,49.3485,49.8372,2060690.0
2019-04-29,49.7648,49.9458,49.5657,49.5838,1885649.0
2019-04-30,49.6562,49.801,49.3575,49.6743,2740929.0
2019-05-01,49.6019,49.6924,48.8144,48.8235,2501251.0
2019-05-02,48.914,49.3394,48.733,49.2851,2357920.0
2019-05-03,49.3937,49.6743,48.8778,48.9049,3089008.0
2019-05-06,48.4162,49.2217,48.208,49.0498,3673078.0
2019-05-07,48.8416,48.9502,47.9545,48.3528,3081383.0
2019-05-08,48.3166,49.1855,48.1356,48.8868,2472767.0
2019-05-09,48.6515,49.1946,48.2713,48.733,3706589.0
2019-05-10,48.733,49.3937,48.1084,49.095,3613361.0
2019-05-13,48.4976,48.5338,46.986,47.502,5415058.0
2019-05-14,47.8561,47.8561,47.1197,47.5925,4821856.0
2019-05-15,47.347,47.9198,47.0106,47.5834,3565827.0
2019-05-16,47.647,48.5289,47.6197,47.9016,3351949.0
2019-05-17,47.5016,48.5471,47.4743,48.2198,3244718.0
2019-05-20,48.2198,48.4016,47.9016,48.1561,6947074.0
2019-05-21,48.7016,48.7743,46.6197,48.4198,10198269.0
2019-05-22,47.6016,47.9743,46.6288,47.0197,8791323.0
2019-05-23,46.7106,47.7107,46.5106,47.4197,6579510.0
2019-05-24,47.5016,47.8107,46.747,46.9288,5817947.0
2019-05-28,46.9015,47.3743,45.5197,45.5197,5592911.0
2019-05-29,45.0833,45.647,44.5924,45.2106,7105189.0
2019-05-30,45.7015,46.1106,45.6379,45.9651,5049244.0
2019-05-31,45.5833,45.847,45.3379,45.7197,3781489.0
2019-06-03,45.7197,46.2288,45.1742,45.356,5306277.0
2019-06-04,45.8833,46.0924,45.5651,46.0924,4727598.0
2019-06-05,46.347,46.8197,46.247,46.5106,4264358.0
2019-06-06,46.1561,46.4379,45.947,46.2742,4590787.0
2019-06-07,46.7197,47.4107,46.4288,47.2016,3482060.0
2019-06-10,47.5107,47.6288,46.8561,46.9379,3584196.0
2019-06-11,47.2652,47.6288,47.0561,47.3288,4753422.0
2019-06-12,47.3379,47.6652,47.1561,47.3925,2995962.0
2019-06-13,47.6834,48.1016,47.4561,48.0198,4549359.0
2019-06-14,48.1652,48.6016,48.047,48.4925,4216216.0
2019-06-17,48.3652,49.2834,48.3198,48.6925,5270468.0
2019-06-18,49.0925,49.438,48.7016,48.938,4709323.0
2019-06-19,48.9289,49.5107,48.5107,49.2198,4660145.0
2019-06-20,49.5744,49.6016,48.738,48.938,3341947.0
2019-06-21,48.9834,49.2016,48.1016,48.1198,4949242.0
2019-06-24,48.1652,48.2834,47.8925,47.9834,4582465.0
2019-06-25,48.2834,48.4561,48.0289,48.2289,5238467.0
2019-06-26,48.2016,48.4834,47.7652,48.047,3245000.0
2019-06-27,48.1289,48.2107,47.547,48.0743,3486589.0
2019-06-28,48.1016,48.2289,47.8834,48.0743,2666876.0
2019-07-01,48.6198,48.7289,47.7834,48.147,2866746.0
2019-07-02,48.1925,48.4652,47.8016,47.9834,2315518.0
2019-07-03,47.9652,49.2016,47.9107,49.0198,2480357.0
2019-07-05,49.0562,49.738,48.8834,49.4834,2675478.0
2019-07-08,49.5107,50.038,49.2834,49.9562,2954400.0
2019-07-09,49.8835,50.0562,49.5289,49.8107,3192042.0
2019-07-10,49.938,50.4744,49.7198,50.1471,4674488.0
2019-07-11,50.3926,50.9653,50.238,50.7835,3890851.0
2019-07-12,50.9199,51.5926,50.7835,51.5381,4163331.0
2019-07-15,51.5744,51.9563,51.0471,51.3381,3015352.0
2019-07-16,51.229,51.5381,50.9108,51.1108,2816582.0
2019-07-17,51.029,51.3926,50.9562,51.1835,2823131.0
2019-07-18,50.738,50.8835,49.9289,50.2017,4429280.0
2019-07-19,50.538,50.5926,49.6471,49.6744,5212789.0
2019-07-22,49.7016,50.0198,49.1562,49.2743,2232024.0
2019-07-23,49.5471,49.7562,49.2653,49.6835,2721648.0
2019-07-24,49.738,50.1198,49.5289,50.0016,3033824.0
2019-07-25,49.8653,50.2198,49.6198,50.0471,3210281.0
2019-07-26,50.0198,50.7835,49.8744,50.6926,2132367.0
2019-07-29,50.5744,50.8199,50.3562,50.4017,1925648.0
2019-07-30,50.2926,50.3653,49.9289,49.9835,3161947.0
2019-07-31,49.9107,50.3107,49.1107,49.6016,2858580.0
2019-08-01,49.7289,50.0562,47.6379,47.8107,6393556.0
2019-08-02,47.7834,48.1107,47.3743,47.6016,3387209.0
2019-08-05,47.0561,47.1197,45.5742,46.0924,5378697.0
2019-08-06,46.247,47.7198,46.1197,47.5925,5385583.0
2019-08-07,47.0743,47.7198,46.7288,47.4288,3542941.0
2019-08-08,47.7834,48.7289,47.6197,48.6652,4064982.0
2019-08-09,48.6925,48.7652,47.9925,48.147,4139567.0
2019-08-12,47.9107,47.9925,46.8561,47.1743,3122384.0
2019-08-13,46.8939,49.1217,46.7113,48.6743,4771413.0
2019-08-14,47.3413,47.6791,46.9213,46.9578,6001914.0
2019-08-15,46.9304,47.1313,45.4695,45.8348,5404406.0
2019-08-16,46.5378,47.0948,45.9991,46.9213,4702456.0
2019-08-19,47.5056,47.6061,46.5835,47.0674,5818135.0
2019-08-20,45.6795,47.3139,45.0678,47.0309,13730720.0
2019-08-21,47.7248,48.8661,47.1313,48.8478,9761213.0
2019-08-22,48.9756,50.19,48.9208,50.1078,8292071.0
2019-08-23,49.5326,49.7152,48.2178,48.4735,6495076.0
2019-08-26,48.7382,49.1582,48.4369,48.8022,3627772.0
2019-08-27,49.1582,49.2039,48.6104,48.7656,3611028.0
2019-08-28,48.6469,50.0074,48.5374,49.8613,3599483.0
2019-08-29,50.1991,50.8474,49.9069,50.5826,4684869.0
2019-08-30,50.9935,51.2582,50.1626,50.19,3447319.0
2019-09-03,49.9069,50.2082,49.2495,49.5508,3535182.0
2019-09-04,49.6695,49.9252,49.5508,49.6695,4024991.0
2019-09-05,50.2995,51.2035,50.19,50.9204,3638765.0
2019-09-06,50.9387,51.8152,50.9387,51.2582,2911002.0
2019-09-09,51.3313,51.9156,51.0939,51.8517,2956322.0
2019-09-10,51.9613,52.0343,51.103,51.9704,4049052.0
2019-09-11,51.8882,52.3265,51.4682,51.7695,3128068.0
2019-09-12,51.7787,52.1804,51.5413,51.8152,3437774.0
2019-09-13,51.9522,52.3174,51.6508,51.66,2507148.0
2019-09-16,50.4274,51.5322,50.2904,50.61,3730028.0
2019-09-17,51.0756,51.3039,50.5917,51.03,4031072.0
2019-09-18,50.9843,51.4774,50.7743,51.3769,3867740.0
2019-09-19,51.5869,51.9065,51.313,51.5504,2391221.0
2019-09-20,51.7148,51.7513,49.9708,50.0439,5275902.0
2019-09-23,49.8522,50.6282,49.5417,50.3908,3120971.0
2019-09-24,50.7287,51.2856,50.2356,50.4913,3265922.0
2019-09-25,50.683,51.0208,50.473,50.6922,2025135.0
2019-09-26,50.7469,50.9204,50.0895,50.4182,2371137.0
2019-09-27,50.5461,50.7195,49.7974,50.0622,3593438.0
2019-09-30,50.473,51.0117,50.3635,50.893,2451981.0
2019-10-01,51.0848,51.3952,50.4639,50.5735,2672392.0
2019-10-02,50.1717,50.4182,49.4595,49.4778,3155874.0
2019-10-03,49.35,49.5782,48.4552,49.2861,2741525.0
2019-10-04,49.6056,50.5461,49.4322,50.4822,3048753.0
2019-10-07,50.2813,51.03,50.1626,50.8839,2761799.0
2019-10-08,50.5095,51.2674,50.2448,50.6008,3857148.0
2019-10-09,50.9022,51.3861,50.7378,51.2308,2385680.0
2019-10-10,51.2126,52.4635,51.2126,52.4361,4266126.0
2019-10-11,52.9565,54.0065,52.8104,53.4769,3565300.0
2019-10-14,53.4495,53.5591,53.0478,53.0661,2283720.0
2019-10-15,53.2122,53.6869,53.0752,53.3948,3900884.0
2019-10-16,53.4495,54.2165,53.2669,54.1343,3181759.0
2019-10-17,54.39,55.2756,54.2804,55.23,4029398.0
2019-10-18,55.1569,55.5952,54.9469,55.1113,4296895.0
2019-10-21,55.4126,55.5495,54.1435,54.7004,4584514.0
2019-10-22,54.81,55.5678,54.6822,55.1113,2444390.0
2019-10-23,54.883,55.0748,54.2256,54.4904,2703454.0
2019-10-24,54.7552,54.7552,53.7782,53.97,3257598.0
2019-10-25,53.7052,54.4813,53.5226,53.9608,1900761.0
2019-10-28,53.9426,54.0795,53.2395,53.2669,3666691.0
2019-10-29,53.4313,53.55,52.5,52.5091,3981032.0
2019-10-30,52.5274,53.5226,52.3722,53.4678,3541613.0
2019-10-31,53.4039,53.5865,52.5548,52.6369,3649917.0
2019-11-01,53.0022,53.4952,52.8743,52.9656,2424316.0
2019-11-04,53.3948,53.6595,53.1482,53.55,2153030.0
2019-11-05,54.0887,54.0887,53.2578,54.0704,2806549.0
2019-11-06,54.0065,54.0704,53.5591,53.7143,2372059.0
2019-11-07,53.9882,54.7187,53.9061,54.1435,2659825.0
2019-11-08,54.1435,54.3626,53.7235,54.0795,1463457.0
2019-11-11,53.7235,53.8695,53.2213,53.4587,2067845.0
2019-11-12,53.4134,53.725,53.1017,53.3217,2533246.0
2019-11-13,53.4042,53.7617,52.8267,53.5692,2813413.0
2019-11-14,53.67,54.3025,53.4409,54.2475,2403153.0
2019-11-15,54.7425,54.9625,54.0825,54.8342,3491269.0
2019-11-18,54.7242,54.8892,54.1925,54.5867,4986453.0
2019-11-19,55.2559,56.5483,54.825,55.5859,8077708.0
2019-11-20,55.5125,55.7142,53.8075,54.3759,6174832.0
2019-11-21,54.2017,54.88,54.0734,54.1925,5094489.0
2019-11-22,54.2934,54.5317,53.725,54.2475,4797617.0
2019-11-25,54.3575,54.8434,54.0642,54.4034,3697005.0
2019-11-26,54.22,55.6408,54.1742,55.32,5757821.0
2019-11-27,55.5675,56.1267,55.3567,55.8883,3432215.0
2019-11-29,56.0167,56.3742,55.7875,56.035,1589408.0
2019-12-02,56.1083,56.2917,55.3109,55.3659,2922618.0
2019-12-03,54.8892,55.155,54.4125,54.5409,3052462.0
2019-12-04,54.77,55.1459,54.5409,54.8892,2791267.0
2019-12-05,55.045,55.0542,54.2475,54.605,3500438.0
2019-12-06,55.0542,55.4484,54.77,54.8525,2775817.0
2019-12-09,55.0175,55.54,55.0175,55.3292,2624260.0
2019-12-10,55.3659,55.4667,54.99,55.2192,2287101.0
2019-12-11,55.1917,55.4025,54.9075,55.3567,2200152.0
2019-12-12,55.5034,55.9892,55.1184,55.7875,2721452.0
2019-12-13,55.76,55.76,54.8617,55.3384,2588255.0
2019-12-16,55.6592,56.1542,55.485,55.5492,2529328.0
2019-12-17,55.65,55.8792,55.4575,55.6867,2083253.0
2019-12-18,55.8425,55.9525,55.4025,55.4575,2508990.0
2019-12-19,55.3017,55.4667,54.9442,55.2284,3043864.0
2019-12-20,55.9525,56.0533,54.9534,54.9809,3777226.0
2019-12-23,54.99,55.2192,54.8434,55.0359,2419411.0
2019-12-24,55.0725,55.375,54.9167,55.3475,819928.0
2019-12-26,55.4575,55.7967,55.3292,55.7508,1762233.0
2019-12-27,55.925,56.1908,55.54,55.7783,1900636.0
2019-12-30,55.7142,56.3467,55.2742,56.0717,1992818.0
2019-12-31,56.0075,56.1267,55.595,55.9708,2172125.0
2020-01-02,56.2183,56.5575,55.9708,56.5575,2896065.0
2020-01-03,55.9617,56.4383,55.705,56.1358,2128874.0
2020-01-06,56.0992,56.5025,55.8333,56.4933,2234837.0
2020-01-07,56.1267,56.53,56.0442,56.4567,2061313.0
2020-01-08,56.6125,57.19,56.585,56.7592,2384532.0
2020-01-09,56.8967,57.6117,56.8417,57.4192,3178028.0
2020-01-10,57.4375,57.7767,57.0158,57.1442,2333050.0
2020-01-13,57.1258,57.4375,56.86,57.3092,2297185.0
2020-01-14,57.2908,57.5658,56.8783,57.4925,2454573.0
2020-01-15,57.355,57.6117,56.5667,56.6492,3355288.0
2020-01-16,57.0158,57.5933,56.97,57.575,3001263.0
2020-01-17,57.5842,57.7308,57.2542,57.4558,3388784.0
2020-01-21,57.2358,57.5292,56.9058,57.1075,2357268.0
2020-01-22,57.5475,57.7583,57.2175,57.2267,1937091.0
2020-01-23,57.1442,57.3183,56.7683,57.245,2242884.0
2020-01-24,57.245,57.2908,55.9067,56.09,2827919.0
2020-01-27,55.2375,56.1267,55.155,55.8517,2616093.0
2020-01-28,55.8425,56.5025,55.7142,56.1908,2343259.0
2020-01-29,56.5483,56.6308,55.9892,55.9983,2604862.0
2020-01-30,55.6225,55.925,54.99,55.4575,4249481.0
2020-01-31,55.5034,55.5034,53.9359,54.1192,3929679.0
2020-02-03,54.6509,55.705,54.5042,55.2192,3730169.0
2020-02-04,56.0992,56.7133,55.9892,56.1725,2888921.0
2020-02-05,56.8325,57.245,56.7042,57.0342,2996242.0
2020-02-06,57.2633,57.2908,56.6583,56.6675,2513585.0
2020-02-07,56.4658,56.695,56.0442,56.2642,2412086.0
2020-02-10,56.2917,56.7133,56.09,56.5117,2556538.0
2020-02-11,57.0702,57.3462,56.6837,57.2542,3475440.0
2020-02-12,57.7694,58.303,57.4014,58.2294,3300726.0
2020-02-13,58.0086,58.4318,57.7786,58.2938,2134701.0
2020-02-14,58.4226,58.7814,58.0914,58.3122,2139867.0
2020-02-18,58.2938,58.7538,58.0086,58.3858,2083034.0
2020-02-19,58.4962,58.809,58.3214,58.7078,1806463.0
2020-02-20,58.8826,59.1586,58.1098,58.763,2150840.0
2020-02-21,58.441,58.809,58.0086,58.2478,3419919.0
2020-02-24,56.7481,57.2542,56.3801,56.8125,4196630.0
2020-02-25,57.0149,57.153,54.8529,54.9449,6146489.0
2020-02-26,58.993,59.7567,58.165,58.8734,11826823.0
2020-02-27,56.8217,58.6066,55.2577,55.3129,9930833.0
2020-02-28,53.9696,55.8649,53.4912,55.0185,8803204.0
2020-03-02,55.4049,57.337,54.6228,57.2174,7222426.0
2020-03-03,57.2174,58.5054,55.0093,55.7637,6786948.0
2020-03-04,56.2053,57.4474,55.3313,57.291,4217241.0
2020-03-05,55.6717,56.6193,54.4572,54.8069,7170338.0
2020-03-06,52.8932,54.5216,52.4607,53.8776,7662393.0
2020-03-09,50.9151,53.114,50.4183,52.6264,7855582.0
2020-03-10,53.8776,54.402,51.2279,53.3348,9635942.0
2020-03-11,52.1939,52.7644,50.8783,51.1635,8981587.0
2020-03-12,47.7961,47.9525,44.162,45.4132,9944495.0
2020-03-13,47.7317,47.9617,43.794,47.4465,8268758.0
2020-03-16,42.2483,42.2575,37.5469,37.7677,10423442.0
2020-03-17,38.3105,40.215,35.8816,39.1109,14207187.0
2020-03-18,36.13,37.7677,34.0047,37.5837,15428922.0
2020-03-19,37.2065,39.5618,31.6126,38.3197,17811499.0
2020-03-20,39.3134,39.3318,34.0415,34.3819,10305619.0
2020-03-23,33.0295,34.2623,30.1037,33.8207,15476083.0
2020-03-24,36.2956,38.4117,35.7528,37.7585,10304015.0
2020-03-25,39.0189,43.2603,38.8717,40.5554,11225533.0
2020-03-26,41.0522,44.8704,40.6842,44.1252,12900847.0
2020-03-27,42.4691,44.4196,41.0522,43.0579,9753980.0
2020-03-30,43.3983,44.3276,41.7699,43.748,8820927.0
2020-03-31,43.5179,44.7968,42.7451,43.9872,12449531.0
2020-04-01,41.0154,42.9199,40.4174,41.0522,6839577.0
2020-04-02,40.9326,41.8987,38.5681,40.2886,7309829.0
2020-04-03,39.7918,39.8746,37.4641,37.6849,9488074.0
2020-04-06,39.5802,43.1039,39.1293,42.4231,9295744.0
2020-04-07,45.68,46.3977,42.5151,42.9475,9812505.0
2020-04-08,43.5547,46.0481,43.2787,45.1832,6892191.0
2020-04-09,46.0757,47.1429,44.5024,44.9072,8536506.0
2020-04-13,44.7508,44.8704,43.4811,44.024,7666788.0
2020-04-14,44.6956,46.3517,44.5576,46.2045,6530262.0
2020-04-15,43.978,45.0452,43.5087,44.4288,7155059.0
2020-04-16,44.4012,44.4012,42.5887,42.7359,9519036.0
2020-04-17,43.8308,45.9837,43.794,45.7536,11493466.0
2020-04-20,45.0636,45.0728,43.8952,43.9688,6433653.0
2020-04-21,42.4691,43.2051,41.9907,42.3679,6456994.0
2020-04-22,43.2327,43.3983,42.3311,42.6715,4932026.0
2020-04-23,43.1223,43.2143,42.0551,42.0827,5480073.0
2020-04-24,42.4875,42.8279,41.2822,42.3679,6712641.0
2020-04-27,42.8003,44.3736,42.2851,44.0148,7810905.0
2020-04-28,45.6064,46.7473,44.9716,45.1648,11504947.0
2020-04-29,48.0629,48.5874,46.4713,47.4189,8265879.0
2020-04-30,46.4805,46.7565,44.9624,45.128,7351094.0
2020-05-01,44.162,44.5668,43.6744,44.392,4500374.0
2020-05-04,43.6376,44.3644,42.9843,43.886,4699674.0
2020-05-05,44.4104,45.036,44.116,44.3184,6517477.0
2020-05-06,44.6404,45.0268,43.6836,43.8676,4381135.0
2020-05-07,44.7508,45.5052,44.5944,44.622,7658429.0
2020-05-08,45.2568,45.4684,44.392,44.6312,4360461.0
2020-05-11,44.0332,45.0636,43.5731,44.484,4962984.0
2020-05-12,44.7968,44.9164,42.2483,42.2851,5411635.0
2020-05-13,42.1103,42.2943,40.215,40.5094,11360075.0
2020-05-14,39.8654,41.181,39.1201,41.1626,9011650.0
2020-05-15,40.2334,43.3983,40.0494,43.3983,13732581.0
2020-05-18,45.8088,46.9865,45.3212,45.7812,10623573.0
2020-05-19,45.8917,47.2165,44.5944,46.2413,9195022.0
2020-05-20,46.6829,47.5109,46.3701,46.7841,7479307.0
2020-05-21,49.3142,50.8691,48.523,49.9582,19144596.0
2020-05-22,49.535,50.4551,48.8082,49.1394,10930722.0
2020-05-26,50.6023,51.2279,50.1514,50.8783,9216643.0
2020-05-27,51.8259,52.1479,50.3815,50.8691,8281043.0
2020-05-28,51.0807,51.3843,49.6086,49.7558,8264893.0
2020-05-29,49.0842,49.7742,48.2562,48.5414,7909866.0
2020-06-01,48.753,49.305,48.1734,49.0658,5218023.0
2020-06-02,49.4062,50.0594,48.8542,49.995,5997619.0
2020-06-03,50.2894,51.3567,50.1422,50.8231,5462783.0
2020-06-04,50.0778,51.4119,50.0778,50.4459,11922831.0
2020-06-05,51.9639,53.6936,51.7431,52.6816,8742899.0
2020-06-08,53.252,53.8592,51.7523,52.8288,6457693.0
2020-06-09,51.9823,52.4607,51.4211,51.7431,6075076.0
2020-06-10,51.7891,51.8443,50.1698,50.4275,7891376.0
2020-06-11,48.5414,49.259,48.201,48.4494,8529325.0
2020-06-12,49.8754,49.8846,47.1613,48.2654,5585552.0
2020-06-15,46.3057,48.4586,46.1033,48.3942,5832002.0
2020-06-16,51.9823,52.3135,50.0042,51.1083,9784337.0
2020-06-17,51.2003,51.5131,49.8754,50.179,4444757.0
2020-06-18,49.3878,50.2618,48.9462,49.1762,7725698.0
2020-06-19,50.6023,50.7955,48.4218,48.431,7801764.0
2020-06-22,48.1274,49.0014,47.6765,48.5966,4590358.0
2020-06-23,49.0842,49.4522,48.7254,48.9922,3637021.0
2020-06-24,48.3022,48.6518,46.6001,47.4097,5572124.0
2020-06-25,46.9497,47.0969,45.6892,46.8025,5450252.0
2020-06-26,46.6737,47.3637,45.4408,45.5788,4049235.0
2020-06-29,45.7168,46.7105,44.8336,46.7105,4929846.0
2020-06-30,46.2965,46.7473,45.7904,46.5173,4363372.0
2020-07-01,46.4897,48.109,46.3977,47.0877,5160659.0
2020-07-02,47.8053,48.3758,47.2625,47.6121,4721398.0
2020-07-06,48.2286,48.753,47.9525,48.431,4515899.0
2020-07-07,47.7777,47.9157,46.6185,46.7381,4723207.0
2020-07-08,46.8025,47.0049,46.0297,46.8025,4350338.0
2020-07-09,46.6461,46.8577,45.2476,45.9929,4708076.0
2020-07-10,46.1585,47.1613,45.7076,46.9865,3903865.0
2020-07-13,47.2625,47.7961,46.1125,46.3425,4843357.0
2020-07-14,45.8825,46.3609,45.2752,45.8733,5057591.0
2020-07-15,47.5753,48.5598,47.3269,48.4218,5594850.0
2020-07-16,48.0169,49.3602,47.8973,49.2314,6173295.0
2020-07-17,49.4338,49.4522,48.5138,48.6794,3089162.0
2020-07-20,48.4126,48.661,47.3269,47.6029,3924107.0
2020-07-21,47.6581,49.213,47.5753,48.8266,3752515.0
2020-07-22,48.3666,49.2682,48.0629,49.167,3351922.0
2020-07-23,49.3602,49.627,48.6702,49.121,3618699.0
2020-07-24,48.9922,49.3878,48.4678,48.661,2390281.0
2020-07-27,48.3942,48.4586,47.5477,47.9157,2386482.0
2020-07-28,47.8421,48.2838,47.6029,47.6397,2932458.0
2020-07-29,47.7777,48.7438,47.6581,48.3942,2621655.0
2020-07-30,47.7409,47.8513,46.9313,47.4741,3284118.0
2020-07-31,47.4189,47.8789,46.8485,47.8329,3212386.0
2020-08-03,47.8605,47.9985,46.9589,47.7409,3865643.0
2020-08-04,47.6213,49.0198,47.6121,49.0198,4743687.0
2020-08-05,49.2038,49.3786,48.6058,49.259,3956925.0
2020-08-06,48.9554,49.673,48.8358,49.1394,5372390.0
2020-08-07,49.2958,51.3015,49.0382,51.0163,5898619.0
2020-08-10,51.2831,52.0467,51.1083,52.0007,3996895.0
2020-08-11,52.7368,53.7672,52.1387,52.9116,5816854.0
2020-08-12,53.16,53.4452,52.0559,53.114,3814893.0
2020-08-13,52.7828,53.0036,52.1295,52.5435,3152955.0
2020-08-14,52.4883,53.6844,52.1479,53.2428,3724942.0
2020-08-17,54.2824,54.7792,53.0956,54.6596,6250741.0
2020-08-18,54.3008,54.3008,52.7828,52.8564,6020527.0
2020-08-19,49.6914,50.4275,48.0629,50.0134,24295801.0
2020-08-20,49.1026,49.3694,47.4097,47.5201,13895679.0
2020-08-21,47.8237,48.983,47.5201,47.5477,10592070.0
2020-08-24,47.4005,49.213,47.4005,49.1394,9558440.0
2020-08-25,48.9278,49.6454,48.8082,48.9094,6060473.0
2020-08-26,48.7806,49.4982,48.5966,49.0014,5642698.0
2020-08-27,49.4154,50.1054,49.213,49.3786,6049167.0
2020-08-28,49.489,50.8139,49.2406,50.6851,4790455.0
2020-08-31,50.7311,51.3659,50.3723,50.4091,5482164.0
2020-09-01,50.225,50.8599,49.5994,50.8507,4555997.0
2020-09-02,50.9703,52.3595,50.8415,52.1939,7687285.0
2020-09-03,52.4515,52.4883,50.7679,51.0807,5701649.0
2020-09-04,51.4211,51.5867,49.8754,50.7679,5006025.0
2020-09-08,50.2802,51.2463,50.041,50.8783,5604328.0
2020-09-09,50.6759,50.8967,50.1054,50.3815,5327020.0
2020-09-10,50.6391,51.1267,49.6086,49.7834,5185481.0
2020-09-11,50.1606,50.3815,49.2682,49.8202,3732075.0
2020-09-14,50.3355,51.2187,50.1698,51.0347,3178286.0
2020-09-15,51.7523,52.6724,51.3567,52.3135,5832436.0
2020-09-16,52.654,53.5004,52.3687,52.7368,3870778.0
2020-09-17,52.0651,52.6172,51.0623,51.4671,3091972.0
2020-09-18,51.2647,52.2031,51.0347,51.5407,4159928.0
2020-09-21,50.7495,50.7495,49.0842,49.8386,5438575.0
2020-09-22,49.8386,50.2434,48.983,49.5718,4356097.0
2020-09-23,50.087,50.5195,48.4954,48.6426,4097432.0
2020-09-24,48.3666,49.259,47.6581,48.6058,3370836.0
2020-09-25,48.2654,49.1302,47.9433,48.9278,4681846.0
2020-09-28,49.7374,51.4119,49.6914,51.1543,5477321.0
2020-09-29,50.6115,50.7771,49.3326,49.8294,4950372.0
2020-09-30,50.2526,52.0559,50.2066,51.2003,3921447.0
2020-10-01,51.5407,52.8012,51.4211,52.5159,4453785.0
2020-10-02,51.1727,53.1876,51.1359,53.022,3257201.0
2020-10-05,53.3992,53.7856,52.5067,52.9208,2348748.0
2020-10-06,53.2244,53.7856,51.9823,52.0835,4090461.0
2020-10-07,52.884,54.126,52.7736,53.6936,3233028.0
2020-10-08,53.5924,53.9144,53.0128,53.6384,3315570.0
2020-10-09,54.1444,54.4296,53.2704,53.5372,4173419.0
2020-10-12,53.6752,53.804,53.206,53.3348,2764423.0
2020-10-13,53.3348,53.5188,52.6172,52.8012,2606642.0
2020-10-14,53.022,53.6752,52.7828,52.8196,2309462.0
2020-10-15,52.4055,52.9668,52.1479,52.8196,3536437.0
2020-10-16,52.8288,53.2152,52.0743,52.1203,4995613.0
2020-10-19,52.4331,52.7092,50.5471,50.7219,3290091.0
2020-10-20,51.0163,51.4671,50.4827,50.5379,3822474.0
2020-10-21,50.5563,50.9611,50.2066,50.5839,2638479.0
2020-10-22,50.7587,51.7431,50.6575,51.5407,1901872.0
2020-10-23,51.8995,52.4699,51.3199,52.4607,2761953.0
2020-10-26,51.7523,51.8995,50.0594,50.6023,2871202.0
2020-10-27,50.7495,50.7495,49.6362,49.8018,2511882.0
2020-10-28,48.6702,48.9462,47.1429,47.2441,6969533.0
2020-10-29,47.2073,48.1366,47.0509,47.5937,3490674.0
2020-10-30,47.2901,47.4189,46.0573,46.7381,5911460.0
2020-11-02,47.4741,48.0998,47.0233,47.6029,4114253.0
2020-11-03,48.247,49.9674,47.9433,49.673,4307053.0
2020-11-04,49.5994,50.1606,48.9462,48.9922,3884879.0
2020-11-05,49.5166,50.5195,49.3234,50.2434,4073872.0
2020-11-06,50.271,50.3723,49.2498,49.627,3121787.0
2020-11-09,55.9569,57.9166,54.9909,56.0305,13305450.0
2020-11-10,56.9781,57.7602,55.8097,57.2818,9118612.0
2020-11-11,56.8677,57.1438,54.724,55.3129,6176391.0
2020-11-12,54.7884,55.4049,54.034,54.6504,3714336.0
2020-11-13,54.9909,55.1933,53.574,54.8621,6640299.0
2020-11-16,56.4261,56.6929,54.678,56.2053,5489884.0
2020-11-17,55.2301,56.6009,54.3928,56.2513,6744225.0
2020-11-18,57.6958,59.9315,56.4997,57.3002,12355802.0
2020-11-19,55.8649,57.5578,55.5705,56.6377,8738444.0
2020-11-20,56.6285,57.0978,55.6809,55.8281,8133499.0
2020-11-23,56.2421,56.9045,55.7637,56.8585,5877736.0
2020-11-24,57.4014,59.5543,57.2726,59.1862,9318880.0
2020-11-25,58.3306,58.3858,57.2358,57.7786,5267342.0
2020-11-27,58.1374,58.1926,57.429,58.165,3824863.0
2020-11-30,57.6866,58.5974,56.8585,58.4318,9018124.0
2020-12-01,58.8826,59.9499,58.2294,59.6923,7930499.0
2020-12-02,59.3611,59.8395,59.0666,59.8027,4368882.0
2020-12-03,60.0143,60.7227,59.7659,60.6399,5593565.0
2020-12-04,60.7503,61.4219,60.6491,61.3023,3915855.0
2020-12-07,60.6123,61.0999,60.1799,60.6123,2353662.0
2020-12-08,59.9683,60.5203,59.8027,60.1891,2640038.0
2020-12-09,60.7687,61.5416,60.4191,61.3851,3826792.0
2020-12-10,60.6859,61.5508,60.3271,61.2011,3677623.0
2020-12-11,60.7687,61.0263,60.2535,60.7779,4878519.0
2020-12-14,61.5692,61.5968,60.0879,60.1155,6477446.0
2020-12-15,61.1091,61.4219,60.3639,61.4035,3864200.0
2020-12-16,61.7624,61.8176,61.0171,61.2931,4621871.0
2020-12-17,61.7624,62.2684,61.4587,62.112,4768146.0
2020-12-18,62.2408,62.6548,61.4403,62.2868,6513332.0
2020-12-21,61.1091,62.158,60.8515,61.8636,4217139.0
2020-12-22,61.7624,62.3144,61.3391,61.6152,3265639.0
2020-12-23,61.9188,62.6364,61.9188,61.9556,1886414.0
2020-12-24,61.5047,61.7624,61.2655,61.6244,1041095.0
2020-12-28,62.1304,63.1792,61.6796,62.9308,2683082.0
2020-12-29,63.1608,63.3816,62.4984,62.5536,2338506.0
2020-12-30,62.5536,63.2712,62.5444,62.8388,3290811.0
2020-12-31,63.0044,63.1056,62.6272,62.8296,3094198.0
2021-01-04,62.8388,62.9308,61.1735,61.4679,3619241.0
2021-01-05,61.1643,61.5324,60.8791,61.3851,2767952.0
2021-01-06,61.79,64.7157,61.79,64.0809,4460278.0
2021-01-07,64.5317,64.8169,64.0257,64.3109,3041123.0
2021-01-08,64.5041,65.2861,63.9429,64.6053,3573586.0
2021-01-11,64.0165,64.2925,62.71,62.9032,3912681.0
2021-01-12,62.4892,63.5288,62.1488,62.9308,3653666.0
2021-01-13,62.8112,63.1056,61.9832,62.6824,3719549.0
2021-01-14,62.9308,63.3908,62.48,62.5812,2384920.0
2021-01-15,62.112,63.0964,61.6796,62.986,3836769.0
2021-01-19,63.0228,63.3632,61.7164,61.8084,2919009.0
2021-01-20,62.1304,63.2252,61.974,62.8296,2841688.0
2021-01-21,62.8848,63.2712,62.5352,62.618,2622535.0
2021-01-22,62.4524,62.7468,61.5047,61.56,3555758.0
2021-01-25,61.5047,61.5047,59.2783,60.4283,5086228.0
2021-01-26,60.6031,60.6031,59.269,59.3151,4988995.0
2021-01-27,58.3582,59.6371,57.2634,58.8182,8555615.0
2021-01-28,59.5819,61.0355,59.0666,60.2535,5245639.0
2021-01-29,59.9407,60.7595,58.671,58.9194,3712910.0
2021-02-01,59.2875,59.3703,58.3306,58.947,3195904.0
2021-02-02,59.5083,61.1275,59.2967,60.5663,3776628.0
2021-02-03,60.6859,61.7716,60.2811,61.3943,3302056.0
2021-02-04,61.5876,64.2373,61.1459,63.0964,7637452.0
2021-02-05,63.7865,64.1177,62.71,62.8664,2418385.0
2021-02-08,63.0596,64.4121,62.5812,64.3753,2800460.0
2021-02-09,64.2586,64.4525,63.4459,63.4828,3078353.0
2021-02-10,63.4828,63.88,63.0765,63.3535,2984914.0
2021-02-11,63.3813,64.8774,63.1042,63.7414,3762164.0
2021-02-12,63.095,63.566,62.5316,62.7994,3416283.0
2021-02-16,62.6701,62.8825,62.116,62.3377,4215438.0
2021-02-17,62.1437,62.1437,61.0447,61.7189,5065084.0
2021-02-18,61.8667,63.5013,61.4234,63.0765,6032489.0
2021-02-19,63.1688,63.4644,62.2361,62.5131,2995488.0
2021-02-22,62.1437,64.7019,62.1437,64.2309,8402685.0
2021-02-23,64.9697,65.6254,63.8892,64.8589,8074233.0
2021-02-24,64.1755,65.4407,63.6121,64.5172,10430306.0
2021-02-25,62.8733,63.8615,61.1186,62.5039,10802423.0
2021-02-26,63.0857,63.0857,60.3983,60.9432,5765053.0
2021-03-01,61.5619,62.6609,61.5619,62.1068,5201333.0
2021-03-02,62.2176,62.4947,60.7307,61.1463,6478260.0
2021-03-03,60.6753,60.9709,58.6898,58.7914,8311101.0
2021-03-04,59.0407,59.5209,56.4733,57.7662,8320278.0
2021-03-05,58.2095,58.3758,56.658,57.9232,6374354.0
2021-03-08,58.8929,60.8139,58.4312,60.1951,9735156.0
2021-03-09,60.9432,61.9129,59.9642,61.0263,6394048.0
2021-03-10,61.174,61.2849,59.5486,60.583,5316480.0
2021-03-11,60.7492,61.6081,60.703,61.0263,3505864.0
2021-03-12,61.2017,62.153,61.1002,61.7281,4097840.0
2021-03-15,61.8759,62.8456,61.3126,62.8179,3448401.0
2021-03-16,62.624,62.624,61.3403,61.6173,3627791.0
2021-03-17,61.7097,62.6517,61.5804,62.1899,3296008.0
2021-03-18,62.0052,62.6424,61.2294,61.4326,3136054.0
2021-03-19,60.7307,62.0052,60.1766,61.5157,7588467.0
2021-03-22,61.8205,62.1437,60.8416,61.4142,3029881.0
2021-03-23,61.2202,61.2941,59.327,59.5948,4015222.0
2021-03-24,59.5671,60.4722,59.4101,59.4101,3052218.0
2021-03-25,59.1053,60.2967,58.5605,60.1028,4030643.0
2021-03-26,60.6938,61.2664,60.1397,60.9893,4187417.0
2021-03-29,60.9339,61.5896,60.0843,60.5183,3831601.0
2021-03-30,60.2782,61.6266,60.0658,61.4326,4501036.0
2021-03-31,61.6266,62.3469,61.054,61.0909,3330963.0
2021-04-01,61.8205,62.0237,60.5553,60.9339,3647964.0
2021-04-05,61.2017,62.7348,61.2017,62.5778,3491101.0
2021-04-06,62.5501,63.1042,62.3007,62.467,2793284.0
2021-04-07,62.4116,63.095,62.3838,62.5963,2692744.0
2021-04-08,62.8179,63.843,62.5316,63.7507,4016660.0
2021-04-09,63.8522,64.1847,63.0673,64.1385,3905399.0
2021-04-12,64.0462,64.3509,63.2889,64.2032,3098951.0
2021-04-13,63.5752,63.9815,62.7163,63.2243,3448305.0
2021-04-14,63.372,63.9723,63.2058,63.3628,2587953.0
2021-04-15,63.9354,64.5818,63.8245,63.9446,2624907.0
2021-04-16,64.4064,64.7204,64.0092,64.6372,3374330.0
2021-04-19,64.5911,64.5911,63.686,63.723,2488699.0
2021-04-20,63.2797,63.4459,61.9129,62.5686,2993149.0
2021-04-21,62.6424,63.6398,62.3931,63.2427,3357561.0
2021-04-22,63.4828,64.4802,63.1965,63.88,3081027.0
2021-04-23,64.0092,65.2837,63.6583,65.0066,3206395.0
2021-04-26,65.1359,65.5238,63.7784,63.9815,2070176.0
2021-04-27,64.1662,64.8312,63.843,64.4618,2480927.0
2021-04-28,64.3971,64.9605,64.1108,64.6003,2201415.0
2021-04-29,65.1082,66.0225,64.785,65.9579,3135734.0
2021-04-30,65.7455,66.3735,65.1544,65.57,2589770.0
2021-05-03,66.0225,66.9368,65.7178,66.5674,3967252.0
2021-05-04,66.1518,66.1518,64.9605,65.4038,4328653.0
2021-05-05,65.8748,65.9394,65.1359,65.5977,4476953.0
2021-05-06,66.0133,66.5951,65.8009,66.2719,4061001.0
2021-05-07,66.1518,68.359,65.9209,68.1374,4896987.0
2021-05-10,68.5068,68.9408,67.3801,67.4078,3802256.0
2021-05-11,66.6881,66.8272,65.3349,66.5028,3578129.0
2021-05-12,66.0857,66.3545,64.4266,64.4451,3413544.0
2021-05-13,64.7232,66.2803,64.6305,65.7149,4275590.0
2021-05-14,66.1042,67.513,66.0671,67.133,4680606.0
2021-05-17,66.6696,67.1052,66.1135,66.7437,4692518.0
2021-05-18,66.9198,67.4852,65.7613,65.9374,6055598.0
2021-05-19,65.029,65.029,61.5718,62.4523,13648265.0
2021-05-20,63.027,63.7221,61.9796,62.4431,8039267.0
2021-05-21,63.0548,63.3421,61.8962,62.1372,5311385.0
2021-05-24,62.3411,62.6006,61.4699,61.5069,7029525.0
2021-05-25,62.026,62.6377,61.6552,62.3504,4662284.0
2021-05-26,62.8231,62.9343,62.2577,62.8972,4755790.0
2021-05-27,63.027,63.0826,62.2114,62.3226,4089223.0
2021-05-28,62.8138,63.2402,62.2762,62.6006,5501903.0
2021-06-01,63.268,63.4812,61.7294,62.2762,4106160.0
2021-06-02,62.1372,62.2762,61.0806,61.1547,6640894.0
2021-06-03,61.1455,61.3401,60.0239,61.025,5258429.0
2021-06-04,61.3123,61.3123,60.2742,60.8396,3687381.0
2021-06-07,60.8396,61.0991,60.302,60.543,4435944.0
2021-06-08,60.784,61.3123,60.543,60.9415,5206587.0
2021-06-09,60.923,61.1733,60.2371,60.2742,4077769.0
2021-06-10,60.1259,60.6079,59.8756,60.0332,4954534.0
2021-06-11,60.0054,61.0435,60.0054,60.9508,6147823.0
2021-06-14,60.8118,61.2752,60.2001,60.3669,3614020.0
2021-06-15,60.4132,60.6913,60.0332,60.6171,5669101.0
2021-06-16,61.1547,61.3216,60.0888,60.4318,5843683.0
2021-06-17,60.4132,60.4225,59.1342,59.9683,5439983.0
2021-06-18,59.4493,59.6625,58.6244,58.7356,6612144.0
2021-06-21,59.199,60.2371,58.9673,60.163,5496081.0
2021-06-22,60.0147,61.2196,59.922,61.0898,3995570.0
2021-06-23,60.9415,61.5162,60.8025,61.0435,3866108.0
2021-06-24,61.646,62.165,61.2196,62.0723,5161652.0
2021-06-25,62.1279,62.8509,62.1279,62.5914,8102413.0
2021-06-28,62.3504,62.5543,61.2103,61.6274,4601950.0
2021-06-29,61.9704,62.2855,61.7201,61.8221,2230200.0
2021-06-30,61.7016,62.6563,61.6274,62.4894,3404008.0
2021-07-01,62.6192,63.1382,62.4987,62.9158,3141549.0
2021-07-02,63.0085,63.3607,62.8416,63.2587,2045629.0
2021-07-06,63.509,63.6017,62.2855,63.1475,2928749.0
2021-07-07,63.3514,63.5646,62.4894,62.7026,3320535.0
2021-07-08,61.5625,62.2762,60.8674,61.9796,3914618.0
2021-07-09,62.545,63.4534,62.508,63.3607,3249178.0
2021-07-12,62.7211,63.3421,62.5172,63.2309,3299955.0
2021-07-13,63.027,63.3329,62.5358,62.6933,2528146.0
2021-07-14,63.0548,64.1578,62.9807,63.6202,6372766.0
2021-07-15,63.3792,63.4626,62.7953,63.0919,3307183.0
2021-07-16,63.4163,63.5831,62.267,62.4801,5558567.0
2021-07-19,61.3308,61.7572,59.9035,60.2742,5706143.0
2021-07-20,60.061,61.9796,59.7181,61.6367,3835049.0
2021-07-21,62.165,62.9436,61.9148,62.545,2153729.0
2021-07-22,62.6748,62.7767,61.8962,62.3504,1961640.0
2021-07-23,62.7953,63.4163,62.3875,63.1938,2739778.0
2021-07-26,62.9807,63.8519,62.8602,63.6943,3321718.0
2021-07-27,63.4163,63.9353,63.0548,63.4441,2379131.0
2021-07-28,63.4441,63.7221,62.7397,62.9158,2212375.0
2021-07-29,63.3792,64.2041,63.1753,63.8056,3232124.0
2021-07-30,63.2773,64.6768,63.2773,63.7778,2157817.0
2021-08-02,64.13,64.13,62.7953,62.9807,4304015.0
2021-08-03,63.4163,63.9539,62.4245,63.9353,2687697.0
2021-08-04,63.3421,63.8241,62.3133,62.3318,4481548.0
2021-08-05,62.4616,63.6295,62.3318,63.5646,3182709.0
2021-08-06,64.028,64.51,63.75,64.2412,2258262.0
2021-08-09,63.9631,64.2505,63.3607,63.889,2103690.0
2021-08-10,64.0573,66.5876,64.0573,66.2062,5850409.0
2021-08-11,66.5224,66.7829,65.9364,66.7085,3087567.0
2021-08-12,66.7922,66.9224,65.862,66.5597,2982412.0
2021-08-13,66.2992,66.5131,65.3782,65.5736,3122375.0
2021-08-16,65.4154,65.4992,64.4759,65.4433,2894996.0
2021-08-17,65.155,65.155,63.7038,64.327,4689131.0
2021-08-18,63.8991,68.5318,63.1642,67.9085,11202342.0
2021-08-19,66.355,68.6992,66.3271,68.4574,8657877.0
2021-08-20,68.0108,69.2202,67.555,68.876,5826133.0
2021-08-23,69.1365,70.8016,69.1365,69.89,8011965.0
2021-08-24,70.0202,70.8481,69.8621,70.0574,5539331.0
2021-08-25,69.6667,70.7644,69.5272,70.5225,3764367.0
2021-08-26,69.9551,69.9551,68.262,68.6899,4633055.0
2021-08-27,68.9318,69.1551,68.2806,68.5039,3594193.0
2021-08-30,68.5411,68.6806,67.6294,67.7225,3296973.0
2021-08-31,67.4992,67.8248,67.0248,67.648,3596885.0
2021-09-01,68.0574,68.2713,66.9318,67.0527,2590154.0
2021-09-02,67.0992,67.5271,66.6713,66.8573,2676257.0
2021-09-03,66.4387,66.8294,66.0108,66.1131,3276755.0
2021-09-07,65.6294,66.048,64.7177,64.9782,5479342.0
2021-09-08,65.2201,65.2387,64.234,64.9503,4183159.0
2021-09-09,64.9782,65.5643,64.5689,64.6061,4673621.0
2021-09-10,65.0712,65.2573,64.0201,64.0666,4938505.0
2021-09-13,64.4759,64.6247,63.4991,63.9084,4233080.0
2021-09-14,64.541,64.8573,63.8805,64.634,5364565.0
2021-09-15,64.3736,65.0433,64.0759,64.634,3368413.0
2021-09-16,64.7829,65.8248,64.7271,65.5643,4197350.0
2021-09-17,65.1178,66.1596,64.9038,65.4992,5137404.0
2021-09-20,64.6247,65.2015,63.7131,64.2898,3799824.0
2021-09-21,64.9596,65.4992,64.4387,64.4573,5051182.0
2021-09-22,64.9317,65.2945,64.5503,64.6805,4963608.0
2021-09-23,65.0898,66.9224,65.0805,65.7689,4940160.0
2021-09-24,65.4806,66.3829,65.3038,66.141,3508357.0
2021-09-27,66.5131,67.5457,66.1224,66.1782,3640307.0
2021-09-28,65.6108,66.1038,64.6433,65.1922,3821677.0
2021-09-29,65.5736,66.0387,64.9503,65.0247,2506600.0
2021-09-30,64.3643,64.5131,61.3409,61.3781,8354133.0
2021-10-01,61.6758,62.3828,60.9409,61.9642,4710368.0
2021-10-04,61.713,62.327,61.0619,61.2665,4561345.0
2021-10-05,61.313,61.6851,60.2897,60.5688,6200978.0
2021-10-06,60.0014,60.513,59.0897,59.8432,6324103.0
2021-10-07,60.2804,61.6665,60.2525,60.4479,4865582.0
2021-10-08,60.4014,60.7549,60.1409,60.2246,3753241.0
2021-10-11,60.0851,60.2432,58.5595,58.6246,6503804.0
2021-10-12,58.9781,59.1548,58.4571,58.5781,3894318.0
2021-10-13,59.099,59.713,58.9409,59.0711,5788574.0
2021-10-14,58.5316,60.0572,58.3455,59.6665,6099895.0
2021-10-15,60.1409,60.4386,59.7781,59.8618,3997132.0
2021-10-18,59.5176,60.2711,59.2479,60.1316,3091576.0
2021-10-19,60.1595,60.3176,59.0339,59.4432,4897820.0
2021-10-20,59.6386,60.4944,59.2386,59.406,4560697.0
2021-10-21,59.4432,60.206,59.4432,60.1688,2916043.0
2021-10-22,60.1037,60.2432,59.1176,59.6851,3186666.0
2021-10-25,59.8525,61.0712,59.8525,60.7084,4318896.0
2021-10-26,61.0525,61.527,60.7084,60.7735,4550022.0
2021-10-27,60.9223,60.9223,59.7502,60.0572,2639415.0
2021-10-28,60.299,60.8386,60.2432,60.6525,2812893.0
2021-10-29,60.4665,61.3874,60.2246,60.9223,3953139.0
2021-11-01,60.9595,62.3549,60.8851,62.0014,4228172.0
2021-11-02,62.2061,63.1456,61.6479,62.6247,5273287.0
2021-11-03,62.2805,63.9177,62.2805,63.6573,4074276.0
2021-11-04,63.8433,65.0805,63.6387,64.8759,6327124.0
2021-11-05,66.0015,66.8666,65.9085,66.2341,6371871.0
2021-11-08,65.9585,66.2853,64.7073,65.0154,4078476.0
2021-11-09,65.1835,65.6037,64.6793,65.0621,3055505.0
2021-11-10,65.1555,65.8371,64.3338,64.3898,3650929.0
2021-11-11,64.5019,64.9127,63.5962,63.6989,4679705.0
2021-11-12,64.1471,64.4552,63.6615,64.2404,5846515.0
2021-11-15,64.7166,65.8091,64.5766,64.726,4693379.0
2021-11-16,64.7727,65.6784,63.8109,64.894,6768302.0
2021-11-17,71.7103,71.841,68.3488,68.6756,16603666.0
2021-11-18,68.7223,68.8904,67.0323,68.2555,7392219.0
2021-11-19,67.966,67.994,65.5383,66.3133,6142974.0
2021-11-22,66.9016,67.2097,64.6513,65.2489,5191780.0
2021-11-23,64.7913,66.5467,64.4272,66.2479,4891369.0
2021-11-24,65.0715,66.8082,64.9968,66.7428,3302898.0
2021-11-26,65.2862,65.7904,64.4645,64.7633,3204855.0
2021-11-29,67.051,67.5085,65.5943,65.9865,3738060.0
2021-11-30,65.6317,65.9025,63.895,64.8007,4666378.0
2021-12-01,66.1826,66.9296,63.4654,63.5028,5655890.0
2021-12-02,63.5121,65.8091,63.4748,65.5943,3629026.0
2021-12-03,65.8464,66.2199,65.1648,66.0052,5482943.0
2021-12-06,66.7615,68.629,66.5001,67.8259,5574432.0
2021-12-07,68.0594,69.6841,67.5832,69.2079,5205909.0
2021-12-08,69.3012,69.8335,68.9558,69.4133,4748345.0
2021-12-09,69.1612,69.7401,69.0024,69.1145,3436463.0
2021-12-10,69.2919,69.8615,69.0491,69.7774,3327604.0
2021-12-13,69.4133,69.8615,68.0314,68.2835,4143657.0
2021-12-14,67.8633,68.8064,67.7793,68.1061,4329592.0
2021-12-15,67.994,68.3488,66.6028,68.2181,3405854.0
2021-12-16,69.2826,69.7681,68.5823,68.6009,6263925.0
2021-12-17,68.6009,69.628,67.5458,69.1145,6922955.0
2021-12-20,68.1154,68.3488,66.6028,67.6766,5154544.0
2021-12-21,68.2275,69.4973,67.9567,69.2079,4252736.0
2021-12-22,69.1145,69.4973,68.5916,69.0958,3389448.0
2021-12-23,69.1799,69.46,68.629,68.8624,2762920.0
2021-12-27,68.853,69.5907,68.8437,69.3666,2078984.0
2021-12-28,69.2546,70.3097,69.2546,69.8148,1947596.0
2021-12-29,69.7868,70.8886,69.7494,70.4591,1789418.0
2021-12-30,70.3563,71.0847,70.3563,70.5244,1829870.0
2021-12-31,70.6365,71.2714,70.3844,70.8886,1800048.0
2022-01-03,70.8045,71.5142,70.4871,70.5431,3051666.0
2022-01-04,70.6925,72.2238,70.6925,71.6356,4121894.0
2022-01-05,71.869,72.2051,70.1136,70.1603,3387406.0
2022-01-06,70.5524,70.9539,69.7868,70.4684,2582015.0
2022-01-07,69.9642,70.4217,69.2732,69.4506,3528872.0
2022-01-10,68.7503,68.9651,65.473,67.6859,5695102.0
2022-01-11,67.6859,69.6934,67.3031,69.2919,3886633.0
2022-01-12,69.4786,70.431,68.3675,68.5449,4086179.0
2022-01-13,69.1425,69.2265,67.5645,67.7979,3870373.0
2022-01-14,67.0696,67.2004,65.6224,66.4627,4906016.0
2022-01-18,65.585,65.9865,64.2031,64.3431,6204464.0
2022-01-19,64.7446,65.6784,63.895,63.9697,4837825.0
2022-01-20,64.1284,64.9594,62.8025,62.8679,4746874.0
2022-01-21,62.6251,64.1657,62.1769,62.9892,6229096.0
2022-01-24,62.0555,64.5579,61.4859,64.4832,8317126.0
2022-01-25,63.4935,64.6886,62.4477,64.1284,5083678.0
2022-01-26,64.6233,66.2573,63.8389,64.5206,4492974.0
2022-01-27,65.7624,66.5561,64.6606,65.0061,4177611.0
2022-01-28,64.9127,66.6681,64.091,66.6495,5027648.0
2022-01-31,66.3693,67.3217,66.1079,67.2004,2677627.0
2022-02-01,67.4058,68.1061,67.0229,67.9753,2965572.0
2022-02-02,67.8913,68.2928,66.6401,67.2564,3190787.0
2022-02-03,66.7615,67.0696,65.0434,65.1835,4103793.0
2022-02-04,64.67,65.1555,63.6522,64.5953,3332898.0
2022-02-07,64.9781,65.4636,64.0444,64.754,2628331.0
2022-02-08,64.7127,66.0342,64.4035,65.7717,2643581.0
2022-02-09,66.5402,67.5805,66.409,66.9807,2891047.0
2022-02-10,65.7249,67.215,65.6405,66.2029,2513595.0
2022-02-11,66.0248,66.2591,64.1879,64.3847,3316852.0
2022-02-14,64.4691,64.6752,63.3538,63.7193,3875935.0
2022-02-15,64.1598,64.769,63.963,64.5628,4821742.0
2022-02-16,64.1036,64.5159,62.0886,62.8852,3671466.0
2022-02-17,62.098,62.6509,60.7859,61.0764,4962430.0
2022-02-18,61.0296,62.3323,60.8796,61.9949,3918789.0
2022-02-22,61.9105,62.7071,60.889,61.1514,5059508.0
2022-02-23,57.0934,61.7044,56.0906,58.5742,19943251.0
2022-02-24,57.6463,60.7297,57.159,60.6266,6594838.0
2022-02-25,60.5797,62.6509,60.2705,62.5853,4620160.0
2022-02-28,61.292,62.1917,60.9265,61.948,3802115.0
2022-03-01,62.0043,62.173,59.5301,59.8862,4065619.0
2022-03-02,60.3923,63.3351,60.3642,61.9668,5396663.0
2022-03-03,61.8824,61.9668,60.9171,61.5825,3116029.0
2022-03-04,60.8421,61.0952,58.2836,58.6116,6123288.0
2022-03-07,58.5179,59.0521,54.413,54.6661,8437333.0
2022-03-08,54.5161,57.2527,54.2818,56.2312,8630118.0
2022-03-09,57.8244,58.7147,57.309,57.3464,3871778.0
2022-03-10,56.0625,58.1805,55.8282,58.1524,3893121.0
2022-03-11,58.3867,58.5835,57.412,57.5714,3861247.0
2022-03-14,57.6745,58.1899,57.1215,57.4027,3335257.0
2022-03-15,57.8806,58.8834,57.5151,57.8432,4529952.0
2022-03-16,58.5086,59.6519,57.6838,58.6116,6053282.0
2022-03-17,57.9837,58.7897,57.5901,58.3399,5884076.0
2022-03-18,58.1056,58.6866,57.3933,58.5179,6452341.0
2022-03-21,58.8834,58.8834,56.6717,57.159,3896774.0
2022-03-22,57.5714,58.3867,57.1496,57.2902,9934463.0
2022-03-23,56.831,56.9153,55.6876,55.7439,4970393.0
2022-03-24,55.9781,56.5405,55.2659,56.2968,6322811.0
2022-03-25,56.9247,57.5807,56.2687,57.4402,8058957.0
2022-03-28,56.6061,58.1149,56.5686,58.1056,6629790.0
2022-03-29,58.5929,60.4392,58.5929,60.2705,6637374.0
2022-03-30,59.3989,59.755,57.9462,58.1056,5881760.0
2022-03-31,57.7307,58.3117,56.6904,56.7748,6467048.0
2022-04-01,56.906,57.2059,56.2593,57.0653,3191977.0
2022-04-04,56.9903,58.3867,56.6436,58.1712,4230953.0
2022-04-05,56.5967,58.1805,56.3905,57.8338,4346868.0
2022-04-06,57.084,57.2527,56.025,56.7279,6809683.0
2022-04-07,56.1937,57.8619,55.7345,57.4776,5875079.0
2022-04-08,57.412,58.3961,57.0559,57.6932,5968826.0
2022-04-11,58.0868,59.3801,57.89,57.9744,4545272.0
2022-04-12,58.4804,60.0174,58.4242,58.8834,4500304.0
2022-04-13,59.1084,59.9893,58.8178,59.6988,4398140.0
2022-04-14,59.8487,60.3454,58.6398,58.771,3831571.0
2022-04-18,58.4992,59.1458,58.1993,58.5179,3444727.0
2022-04-19,58.6398,61.5076,58.5086,61.3201,6925813.0
2022-04-20,62.0886,63.1945,62.023,62.5853,6005109.0
2022-04-21,63.3538,64.0005,61.6106,61.7981,6062569.0
2022-04-22,60.2892,61.2639,58.696,58.771,3787704.0
2022-04-25,58.3773,59.4551,57.4214,59.4083,4646858.0
2022-04-26,58.7147,59.277,57.562,57.562,3427382.0
2022-04-27,57.5526,58.1149,56.906,57.6089,3974970.0
2022-04-28,58.4336,59.7082,57.8057,59.3614,2946671.0
2022-04-29,58.8178,59.0709,57.2152,57.4308,4231685.0
2022-05-02,57.8057,58.4242,56.7373,58.3867,4458918.0
2022-05-03,58.7241,58.7428,57.4683,58.1243,2906870.0
2022-05-04,58.0868,60.1111,57.412,60.0455,3004501.0
2022-05-05,59.0146,59.5488,57.0934,57.8338,3940185.0
2022-05-06,57.3746,57.3746,55.3127,56.6154,4452113.0
2022-05-09,56.025,57.2808,55.1347,55.4252,5413122.0
2022-05-10,55.8543,56.1652,51.9821,52.6699,6240278.0
2022-05-11,53.1551,53.4,51.6854,51.8078,5155521.0
2022-05-12,51.4592,53.0326,51.3273,52.7594,5781540.0
2022-05-13,53.4377,54.2385,52.8253,53.8805,6435824.0
2022-05-16,53.3623,53.5602,52.3448,52.8724,4686574.0
2022-05-17,52.6086,52.9572,50.5831,52.9384,7983563.0
2022-05-18,57.894,59.392,55.5952,56.7069,20512861.0
2022-05-19,56.1699,59.2601,55.5858,57.8563,10481887.0
2022-05-20,55.2183,56.3866,52.4956,54.5212,11813520.0
2022-05-23,54.7473,57.5831,54.4081,56.82,5953505.0
2022-05-24,55.7742,56.4054,55.0959,56.2264,4303903.0
2022-05-25,56.0097,58.1955,55.5858,57.6773,4825206.0
2022-05-26,59.1941,60.5791,58.252,60.4001,6574280.0
2022-05-27,60.0892,61.0878,59.7029,60.8523,4523868.0
2022-05-31,60.5226,60.5226,59.0057,59.8913,3081525.0
2022-06-01,60.6356,60.7016,58.6571,58.8832,2759255.0
2022-06-02,59.2978,60.1928,59.0528,60.0797,2245604.0
2022-06-03,59.9196,60.174,58.3274,58.4404,2864898.0
2022-06-06,58.8079,58.9303,57.8281,58.1578,2778080.0
2022-06-07,56.4431,57.7338,55.8402,57.5171,5064563.0
2022-06-08,57.5548,58.7702,57.0178,57.8752,2819625.0
2022-06-09,57.6302,58.0919,57.1403,57.1403,2556552.0
2022-06-10,55.9532,56.8106,55.3597,55.5575,3099756.0
2022-06-13,53.9747,54.719,53.7298,54.0124,4733229.0
2022-06-14,54.0501,54.9451,53.8617,54.0124,3523814.0
2022-06-15,54.2197,54.8227,53.5508,54.2951,3672096.0
2022-06-16,53.2587,53.6827,52.7217,53.4566,5361870.0
2022-06-17,53.1928,54.0407,52.7782,53.3435,5097775.0
2022-06-21,54.427,54.9074,53.7298,54.1632,3696404.0
2022-06-22,53.6167,54.3987,53.4471,53.7675,3135550.0
2022-06-23,54.0595,54.4364,53.0891,53.9842,2521060.0
2022-06-24,54.4741,56.82,54.248,56.754,3739059.0
2022-06-27,57.2251,57.3758,56.0757,56.3489,3560025.0
2022-06-28,56.6504,57.0838,54.1161,54.1537,4138689.0
2022-06-29,54.0124,54.2008,53.4566,53.7863,2567852.0
2022-06-30,52.8253,53.3906,52.3354,52.6181,3392442.0
2022-07-01,52.3825,52.8724,51.3933,52.7971,3615657.0
2022-07-05,52.2318,54.9357,52.1282,54.248,6085630.0
2022-07-06,54.5117,55.2749,53.7675,54.6154,3949097.0
2022-07-07,54.8227,56.4902,54.6813,56.0474,4300998.0
2022-07-08,55.9438,56.3206,55.4727,55.5293,4283477.0
2022-07-11,55.2655,55.6517,54.7661,55.0205,2473067.0
2022-07-12,54.9451,56.1416,54.898,55.5669,3358803.0
2022-07-13,54.6719,56.0003,54.4175,55.6612,3836350.0
2022-07-14,54.6719,55.5764,54.6248,55.3502,2293042.0
2022-07-15,56.1134,57.0743,55.9532,57.0555,5011450.0
2022-07-18,57.4795,58.1672,56.9424,56.9896,4814418.0
2022-07-19,57.7527,59.1282,57.4606,59.0246,3423363.0
2022-07-20,58.9209,59.6087,58.7231,59.392,2453786.0
2022-07-21,59.3072,60.0986,59.0622,60.0515,1777663.0
2022-07-22,60.2964,60.9182,59.5333,60.0703,2786908.0
2022-07-25,59.9196,60.0703,59.1094,59.6275,3244000.0
2022-07-26,57.715,57.7527,56.8577,57.1497,5443478.0
2022-07-27,56.8106,57.7527,56.3395,57.2816,4138241.0
2022-07-28,57.4889,58.0071,56.9519,57.649,4214904.0
2022-07-29,57.7904,58.1861,56.6127,57.6208,4371631.0
2022-08-01,57.3099,59.2036,57.2345,59.0246,4292196.0
2022-08-02,58.7042,58.8738,57.536,58.073,4327556.0
2022-08-03,58.6383,59.8913,58.3368,59.5616,2327543.0
2022-08-04,60.0232,60.2493,59.3637,59.6181,2100298.0
2022-08-05,58.8738,59.4485,58.6289,59.1847,1684324.0
2022-08-08,59.7312,60.5508,59.7029,59.995,2794491.0
2022-08-09,59.8384,59.8857,58.6268,59.0717,3621135.0
2022-08-10,60.2596,60.8181,59.5402,59.6633,3772034.0
2022-08-11,60.5057,61.7931,60.3638,60.9696,3083432.0
2022-08-12,61.0264,62.0013,60.572,61.973,3247729.0
2022-08-15,61.7647,62.8438,61.5943,61.8783,3575974.0
2022-08-16,61.7458,64.1596,61.7458,63.0899,4773978.0
2022-08-17,62.4557,66.0527,61.973,64.879,9929120.0
2022-08-18,64.1596,64.6518,63.3739,64.3773,4772033.0
2022-08-19,64.0081,64.2164,62.6924,62.8533,4352138.0
2022-08-22,62.4746,62.4746,60.3922,60.9506,3144354.0
2022-08-23,60.8749,61.2346,60.288,60.4773,2746422.0
2022-08-24,60.2407,61.4807,59.881,60.9317,3908847.0
2022-08-25,60.3922,61.9824,60.0798,61.6132,5029475.0
2022-08-26,61.7931,62.2285,59.5213,59.5308,2895520.0
2022-08-29,59.2089,60.3259,59.1143,59.7485,2938874.0
2022-08-30,60.0987,60.307,58.6978,59.2184,3259613.0
2022-08-31,58.8114,59.474,58.5558,59.0196,3474689.0
2022-09-01,59.1048,60.4963,58.7451,60.43,2970297.0
2022-09-02,60.7519,61.121,59.7579,60.1271,2708287.0
2022-09-06,60.1366,60.4489,58.8871,59.5308,2811186.0
2022-09-07,59.4929,62.4462,59.4456,62.3232,3136666.0
2022-09-08,61.547,62.9479,61.2157,62.9195,3181517.0
2022-09-09,62.7113,63.4118,62.5882,63.0615,3000243.0
2022-09-12,63.4118,64.1785,62.9385,63.4023,2415576.0
2022-09-13,61.8499,62.4841,60.9317,61.1116,3316846.0
2022-09-14,61.4334,61.6322,60.307,60.9222,3046644.0
2022-09-15,61.2157,62.3043,61.0548,61.4145,2973944.0
2022-09-16,60.8465,61.7647,60.5909,61.2062,3676487.0
2022-09-19,60.8181,62.0865,60.7424,62.0392,2561007.0
2022-09-20,61.4807,61.5281,59.3982,60.3164,2728420.0
2022-09-21,60.6004,61.5281,59.597,59.597,1923509.0
2022-09-22,59.6444,59.9567,58.6694,58.6978,3669723.0
2022-09-23,58.3475,58.5747,57.4672,57.9973,3062472.0
2022-09-26,58.1109,58.6978,56.9466,57.0886,3403316.0
2022-09-27,57.6849,58.3949,56.6153,57.3347,3093281.0
2022-09-28,57.7985,59.3414,57.4956,58.9817,4307274.0
2022-09-29,58.5558,58.6599,57.5335,58.0636,3018205.0
2022-09-30,57.5524,59.9851,56.5869,58.8019,5673646.0
2022-10-03,59.6633,60.1934,58.5084,59.5402,3845566.0
2022-10-04,60.856,62.0487,60.714,61.9256,4125753.0
2022-10-05,61.3482,62.6261,61.2346,62.2853,2729169.0
2022-10-06,62.522,63.071,61.4334,61.6132,3576383.0
2022-10-07,61.0642,61.3861,60.5247,61.14,3035735.0
2022-10-10,61.5281,61.8783,60.2407,60.8938,2145582.0
2022-10-11,60.4963,61.831,60.2596,60.9222,2663765.0
2022-10-12,60.979,61.1873,60.2218,60.4679,3181567.0
2022-10-13,59.1616,62.2475,58.9249,61.6984,3691356.0
2022-10-14,62.3232,62.9385,60.0608,60.1555,2814643.0
2022-10-17,61.7268,62.8533,61.547,62.3705,3749621.0
2022-10-18,63.8093,64.2164,62.7586,63.2603,2978088.0
2022-10-19,63.1183,63.7431,61.9067,62.5693,2059075.0
2022-10-20,62.7492,63.2603,61.7174,61.8688,2353154.0
2022-10-21,61.8215,64.4246,61.7836,63.9986,3972664.0
2022-10-24,64.3016,65.5984,64.0744,65.4848,3356432.0
2022-10-25,66.1758,67.5294,65.6836,66.6964,3979420.0
2022-10-26,66.9804,68.0311,66.6491,67.1224,2775815.0
2022-10-27,67.3117,68.6274,67.2549,68.069,3403866.0
2022-10-28,68.0122,69.0913,67.4442,68.6274,4900968.0
2022-10-31,68.3151,69.1102,68.1258,68.2488,3558555.0
2022-11-01,68.6842,69.025,66.7153,67.927,3426109.0
2022-11-02,67.8323,68.8073,66.5166,66.5355,2586602.0
2022-11-03,66.4503,67.9175,66.2137,67.3969,2487044.0
2022-11-04,67.927,68.4571,66.3272,67.3874,2832688.0
2022-11-07,67.6714,68.4571,66.3556,68.2677,3513265.0
2022-11-08,68.7265,68.774,66.6924,67.6714,2786295.0
2022-11-09,68.0468,68.5886,66.469,66.6116,2382968.0
2022-11-10,69.349,70.5847,68.9593,70.3376,3891257.0
2022-11-11,70.7843,71.2881,69.5677,70.2425,3904709.0
2022-11-14,69.8243,70.4992,69.33,69.4441,4335918.0
2022-11-15,70.7653,72.3336,70.5657,71.4021,6984563.0
2022-11-16,70.6988,75.4703,70.6702,75.1091,8889805.0
2022-11-17,73.1416,74.3202,72.0675,74.1301,6982859.0
2022-11-18,75.0616,76.0311,73.8925,74.2917,4643151.0
2022-11-21,73.5598,75.1471,73.5598,75.0901,3521067.0
2022-11-22,75.5654,76.4683,74.7955,76.1452,6360960.0
2022-11-23,76.0406,76.8581,75.9171,76.5539,3681116.0
2022-11-25,76.9911,77.1527,76.2212,77.0196,1571906.0
2022-11-28,76.0311,76.9151,75.8885,76.0691,2821624.0
2022-11-29,76.3638,76.5064,75.4893,76.1927,2768838.0
2022-11-30,76.0406,76.1927,75.0046,76.0881,4634623.0
2022-12-01,76.4113,76.4113,74.8715,75.7935,4063775.0
2022-12-02,75.3753,76.6965,74.9475,76.2212,2937845.0
2022-12-05,74.9095,75.9171,74.4723,75.5273,2745687.0
2022-12-06,76.3638,77.1337,74.9665,75.4323,2959321.0
2022-12-07,75.2707,75.9551,75.0046,75.4703,3451681.0
2022-12-08,76.0406,76.4208,74.6054,74.7859,3381520.0
2022-12-09,73.7879,74.5293,72.9705,74.1966,4452560.0
2022-12-12,74.6814,74.881,73.94,74.862,3112356.0
2022-12-13,76.6965,76.6965,74.6624,75.2422,3629239.0
2022-12-14,75.4513,75.9456,74.6719,75.3658,2704382.0
2022-12-15,74.5958,75.5559,73.9685,74.7669,3448156.0
2022-12-16,74.3107,74.805,73.5978,73.8069,4503809.0
2022-12-19,74.1396,74.7859,73.7879,74.2251,1977109.0
2022-12-20,74.3677,74.5103,73.6358,73.7499,2576530.0
2022-12-21,74.6814,75.2992,74.4057,74.938,2222126.0
2022-12-22,74.2822,74.5388,73.4838,74.5388,2064363.0
2022-12-23,74.4818,75.5654,74.1396,75.5654,1421833.0
2022-12-27,75.7079,76.0406,75.0046,75.1186,2224856.0
2022-12-28,75.0521,75.4038,74.3772,74.7955,1916554.0
2022-12-29,75.2137,75.9361,75.0426,75.4133,1672803.0
2022-12-30,75.0141,75.7745,74.7384,75.6604,1614520.0
2023-01-03,75.784,76.0216,74.6529,75.0996,2605567.0
2023-01-04,75.9075,76.6014,75.3182,75.9075,2269162.0
2023-01-05,76.1167,76.9341,75.6319,76.6584,2494347.0
2023-01-06,77.1147,78.9682,76.8676,78.626,3008628.0
2023-01-09,78.3884,79.0157,77.3903,77.4759,3334226.0
2023-01-10,77.4664,78.4169,77.3713,78.3599,2630053.0
2023-01-11,78.8161,78.9207,77.8466,78.1983,3545941.0
2023-01-12,78.1032,78.2363,77.0387,77.8656,3528265.0
2023-01-13,77.78,78.4549,77.2383,77.4949,3462266.0
2023-01-17,77.5234,78.0082,77.2668,77.5139,3358183.0
2023-01-18,77.628,77.9321,75.7269,75.86,2988276.0
2023-01-19,75.784,76.1642,75.3943,75.4798,2841262.0
2023-01-20,75.2327,75.6034,74.6244,75.6034,3717452.0
2023-01-23,75.7174,76.0216,75.0236,75.2517,3131862.0
2023-01-24,75.4608,77.2953,75.1376,77.2763,5690307.0
2023-01-25,76.8485,78.5595,76.4113,78.5595,3054601.0
2023-01-26,78.702,78.9492,77.761,78.3789,2632895.0
2023-01-27,78.607,78.8826,77.666,77.8371,2349521.0
2023-01-30,77.8466,78.1317,77.2002,77.4759,2740647.0
2023-01-31,77.4759,77.9416,77.2668,77.8086,2796958.0
2023-02-01,77.9321,78.6735,77.0196,78.3408,2804193.0
2023-02-02,78.2458,78.4549,76.2877,76.4113,7262036.0
2023-02-03,76.2402,77.0672,75.8505,76.5349,6427863.0
2023-02-06,76.5254,77.78,76.0786,76.1832,3224740.0
2023-02-07,75.3542,75.9648,74.3334,75.9075,3474943.0
2023-02-08,75.7692,77.2861,75.2159,76.6183,3766998.0
2023-02-09,76.9904,77.9253,76.9904,77.0476,2950184.0
2023-02-10,76.3798,76.7042,76.1222,76.5611,2238136.0
2023-02-13,76.6851,77.267,76.542,76.8568,3097551.0
2023-02-14,76.7232,77.4006,76.437,77.0095,2188322.0
2023-02-15,76.666,77.1621,76.3703,76.9427,2137802.0
2023-02-16,76.0173,76.6755,75.7788,75.96,3247971.0
2023-02-17,75.9696,76.437,75.7597,76.1604,3439682.0
2023-02-21,75.4544,75.9696,74.9869,75.1968,4139013.0
2023-02-22,74.6053,74.9678,73.2887,73.8993,6992958.0
2023-02-23,74.2809,74.3954,72.6972,74.176,4375293.0
2023-02-24,73.6322,74.1283,72.9739,73.6417,3793127.0
2023-02-27,74.4336,74.4336,72.9644,73.3651,3013872.0
2023-02-28,73.4605,73.7276,72.9071,73.0788,2738681.0
2023-03-01,72.6114,73.3746,72.2488,73.3269,3306316.0
2023-03-02,73.6513,73.9375,72.5732,73.1838,2978500.0
2023-03-03,73.5272,74.3477,73.2696,74.3286,2269401.0
2023-03-06,74.0901,75.1682,73.9375,74.653,3627315.0
2023-03-07,74.9678,75.0251,73.3078,73.4414,2818545.0
2023-03-08,73.8802,74.2046,73.0407,73.6322,2268296.0
2023-03-09,73.2124,73.4605,71.0945,71.5238,5144227.0
2023-03-10,71.581,72.3347,70.7796,70.8846,2943255.0
2023-03-13,70.1023,71.0945,69.568,70.1595,3148971.0
2023-03-14,71.1708,71.581,70.5888,71.3234,2393644.0
2023-03-15,70.2931,71.0754,69.8733,70.751,3477996.0
2023-03-16,70.3789,71.4665,70.1881,71.1708,3239842.0
2023-03-17,70.6365,71.333,70.2072,71.0563,3902779.0
2023-03-20,71.1612,72.2679,71.1326,71.934,2582804.0
2023-03-21,72.7163,73.5845,72.5064,72.8499,2890850.0
2023-03-22,73.2887,73.3746,71.6573,71.6764,2236073.0
2023-03-23,71.7814,72.3538,70.7415,71.1994,2521469.0
2023-03-24,71.0181,71.5142,70.2644,71.4284,2971414.0
2023-03-27,71.8863,72.2393,71.333,71.9149,2281074.0
2023-03-28,72.3633,72.7258,71.934,72.7068,1946002.0
2023-03-29,72.8785,73.2983,72.6209,73.0311,2318761.0
2023-03-30,73.7371,74.2809,73.0788,73.3746,1902834.0
2023-03-31,73.8611,74.8056,73.6036,74.7579,2779623.0
2023-04-03,74.5003,75.254,74.4145,75.235,2739628.0
2023-04-04,75.5593,75.7406,74.9487,75.0251,1810651.0
2023-04-05,75.0823,75.1396,74.2809,74.4526,2139313.0
2023-04-06,74.3095,74.5862,73.823,74.4622,1860640.0
2023-04-10,73.8802,74.9774,73.8802,74.777,2432400.0
2023-04-11,75.1109,75.2827,74.3668,74.7389,3006203.0
2023-04-12,74.653,74.901,72.9453,73.1742,3152732.0
2023-04-13,73.47,73.8707,73.0216,73.6513,3473500.0
2023-04-14,73.6703,74.5099,73.0788,73.6417,2414739.0
2023-04-17,73.8898,74.0615,73.4318,74.0424,2011625.0
2023-04-18,74.1187,74.4622,73.8707,74.1855,1848824.0
2023-04-19,74.0424,74.4526,73.9088,74.424,1481969.0
2023-04-20,74.4049,75.5689,74.176,75.4353,2546357.0
2023-04-21,75.7788,76.0459,74.7579,74.8247,2536405.0
2023-04-24,75.1777,75.2636,74.5481,74.9201,2634465.0
2023-04-25,74.7102,74.8533,73.2315,73.3078,2721555.0
2023-04-26,72.9262,74.3191,72.7258,73.8993,3236481.0
2023-04-27,74.2714,75.359,74.2714,75.3113,3377663.0
2023-04-28,75.2636,75.4067,74.5481,75.1968,1691468.0
2023-05-01,75.4067,75.4925,74.3859,74.7198,1997743.0
2023-05-02,74.2523,74.7007,73.0502,74.6435,2197454.0
2023-05-03,74.8629,75.1682,74.2046,74.2618,1925905.0
2023-05-04,74.176,74.2237,73.1361,73.5272,1485580.0
2023-05-05,74.071,75.0346,73.8421,74.8915,2613812.0
2023-05-08,75.2636,75.2636,74.4431,74.7579,1783657.0
2023-05-09,74.6995,75.169,74.2109,74.9774,1994064.0
2023-05-10,75.5834,75.6504,73.8875,74.7115,2458965.0
2023-05-11,74.8935,75.066,74.1845,74.7881,2560410.0
2023-05-12,74.9989,75.9378,74.7307,75.6792,3362939.0
2023-05-15,75.5834,75.9857,75.1618,75.9283,4269223.0
2023-05-16,75.5163,76.1103,74.9319,74.9414,4747585.0
2023-05-17,75.4205,77.9115,74.1175,75.6408,7965427.0
2023-05-18,75.4109,76.3977,74.8169,75.9474,3034179.0
2023-05-19,75.7175,76.3019,75.0756,76.0241,3342829.0
2023-05-22,75.9474,76.3977,75.1043,75.1426,3785796.0
2023-05-23,74.7307,75.0181,74.0887,74.242,3533712.0
2023-05-24,74.5582,74.7307,73.5235,73.6001,2691249.0
2023-05-25,73.7726,74.4241,72.5941,72.757,3451482.0
2023-05-26,72.757,73.9642,72.6133,73.7726,2622063.0
2023-05-30,73.7342,73.945,73.2552,73.5426,2810326.0
2023-05-31,73.054,73.8301,72.4792,73.5714,2727654.0
2023-06-01,73.236,73.8875,73.0828,73.4372,3145354.0
2023-06-02,74.1079,75.2001,73.9642,74.836,2974270.0
2023-06-05,74.6444,75.5834,74.6253,75.5546,3743078.0
2023-06-06,75.5354,76.0528,75.2863,75.3726,3370026.0
2023-06-07,75.363,75.6025,74.0121,74.836,3756009.0
2023-06-08,74.8456,75.066,74.1941,74.5007,2925799.0
2023-06-09,75.0085,76.3211,74.8073,76.0337,2881526.0
2023-06-12,76.3307,76.8768,76.0145,76.6756,2441468.0
2023-06-13,77.3175,78.4193,77.1929,77.6337,3187026.0
2023-06-14,77.4708,77.6528,76.2828,76.551,2611553.0
2023-06-15,76.6085,78.1702,76.5127,78.0648,2639157.0
2023-06-16,78.563,78.7259,77.5474,77.854,3542829.0
2023-06-20,77.5378,78.0935,76.9534,77.0205,3258253.0
2023-06-21,77.2696,77.7678,76.7905,77.4804,2563499.0
2023-06-22,78.3426,78.3905,77.5474,78.0648,2383037.0
2023-06-23,77.7678,78.8408,77.6624,78.6205,2475798.0
2023-06-26,78.6013,78.8313,78.2277,78.2947,1918781.0
2023-06-27,78.8696,79.7893,78.8696,79.3295,2564357.0
2023-06-28,79.3103,79.8468,78.8408,79.1953,2030761.0
2023-06-29,79.8468,80.3163,79.6073,80.2301,2723035.0
2023-06-30,80.4792,81.6576,80.3642,81.2361,2383434.0
2023-07-03,80.872,81.3414,80.7091,80.7091,1262049.0
2023-07-05,80.5079,81.1977,80.3642,81.1498,2278841.0
2023-07-06,80.8528,81.1786,79.8564,79.9426,2294364.0
2023-07-07,79.5211,79.7606,79.0804,79.2337,1852833.0
2023-07-10,78.8025,80.1534,78.8025,80.0672,2321502.0
2023-07-11,80.4408,81.2744,80.0959,81.1882,2135754.0
2023-07-12,82.5391,82.8073,81.581,81.6768,3233374.0
2023-07-13,81.763,82.0983,81.1977,81.3798,1944201.0
2023-07-14,81.1115,81.3798,80.4696,81.3606,2166490.0
2023-07-17,81.6001,82.2612,81.2265,81.5331,1808271.0
2023-07-18,81.5522,82.0792,81.0061,81.5905,2276685.0
2023-07-19,81.3989,82.1462,81.2744,82.0025,1531170.0
2023-07-20,82.242,82.587,81.7726,81.8492,1519781.0
2023-07-21,82.175,82.5007,81.7822,81.9929,1880130.0
2023-07-24,81.9163,83.0468,81.8397,82.9606,1634247.0
2023-07-25,82.7882,83.7941,82.2229,83.6217,2702003.0
2023-07-26,83.5546,83.957,83.0181,83.7558,1687417.0
2023-07-27,83.8325,83.9283,82.7594,82.8265,2007172.0
2023-07-28,83.1043,83.7654,82.7882,83.2097,1853894.0
2023-07-31,83.2289,83.3534,82.4528,82.9031,1618668.0
2023-08-01,82.9031,83.5929,82.6061,82.7498,2375987.0
2023-08-02,82.7019,83.2385,81.9642,82.0217,1783019.0
2023-08-03,82.0408,83.0373,81.9355,82.4145,1701528.0
2023-08-04,82.9319,82.9894,81.6959,81.8684,1269109.0
2023-08-07,82.3953,82.9702,82.29,82.6732,1587428.0
2023-08-08,82.6721,82.9799,81.768,82.951,1426407.0
2023-08-09,83.6748,83.9056,82.8765,82.9246,3309914.0
2023-08-10,83.4343,84.4538,82.8573,82.9053,3152134.0
2023-08-11,82.636,83.3862,82.386,82.6072,1990167.0
2023-08-14,83.0208,83.8767,82.8188,82.915,4028553.0
2023-08-15,82.7418,83.3093,82.1744,82.4918,4145797.0
2023-08-16,85.3579,86.7428,84.4827,85.8965,10808038.0
2023-08-17,85.656,86.4062,84.6173,84.9155,5670231.0
2023-08-18,85.1174,86.2042,84.9443,86.0985,3437312.0
2023-08-21,86.0696,86.4447,85.1751,86.1946,3550618.0
2023-08-22,85.5983,85.8772,85.0405,85.6945,2925536.0
2023-08-23,85.6176,86.7428,85.204,86.5697,2820815.0
2023-08-24,86.5601,86.8486,84.8866,84.9347,2598930.0
2023-08-25,85.4156,85.7714,84.4538,85.4252,2567794.0
2023-08-28,85.3579,86.9448,85.1944,86.8294,3345518.0
2023-08-29,86.5601,87.7335,86.5313,87.493,2774554.0
2023-08-30,87.7142,88.8011,87.4353,88.6183,3675397.0
2023-08-31,88.474,89.3204,88.3779,88.9453,3460453.0
2023-09-01,88.9646,89.2531,88.5221,89.0992,2876640.0
2023-09-05,88.9646,88.9646,88.0509,88.1182,2371560.0
2023-09-06,87.9932,88.0893,87.0314,87.2911,3548136.0
2023-09-07,87.4161,88.224,87.3199,87.9547,2579534.0
2023-09-08,88.147,88.6183,87.8874,87.9547,2084846.0
2023-09-11,88.3105,88.5125,87.7431,88.0797,2192465.0
2023-09-12,87.9643,88.7914,87.9258,88.6568,2125981.0
2023-09-13,89.0223,89.4454,88.6664,89.3685,3040423.0
2023-09-14,89.0607,90.1956,88.8876,90.0129,2225379.0
2023-09-15,89.6667,89.8302,88.7914,88.9068,3195463.0
2023-09-18,88.8395,89.4166,88.2721,88.426,2546082.0
2023-09-19,88.3009,88.5895,87.0121,87.5219,4621477.0
2023-09-20,87.6662,88.0605,87.1083,87.1949,3205880.0
2023-09-21,86.9256,87.1372,85.5406,85.7618,2946546.0
2023-09-22,85.7041,86.4639,85.5406,85.7522,2513657.0
2023-09-25,85.4925,85.8003,84.6943,84.8866,2321875.0
2023-09-26,85.0213,85.3867,84.4634,84.5115,2209090.0
2023-09-27,84.7327,85.4637,84.1172,84.7423,2754939.0
2023-09-28,85.204,86.2139,85.204,86.1562,2932896.0
2023-09-29,86.8102,86.8102,85.406,85.4829,2532237.0
2023-10-02,85.1655,86.185,84.9732,85.2906,2519623.0
2023-10-03,85.4348,85.9253,83.9537,84.4923,2532566.0
2023-10-04,84.5404,84.9924,83.694,84.675,2555238.0
2023-10-05,84.8097,85.0886,84.1268,84.473,2070363.0
2023-10-06,84.4057,85.656,83.3959,85.1751,2333391.0
2023-10-09,84.5115,85.3386,83.9922,85.3194,2044160.0
2023-10-10,85.4925,86.2139,85.0597,85.2617,2902351.0
2023-10-11,85.7907,86.1465,85.204,85.8388,2235365.0
2023-10-12,85.9638,86.1369,84.8578,85.5214,1639677.0
2023-10-13,85.531,85.7522,84.8481,85.2136,1574861.0
2023-10-16,85.5983,86.8583,85.4925,86.2523,3019803.0
2023-10-17,86.1465,87.4834,85.9253,87.1468,2548967.0
2023-10-18,86.8775,87.695,86.8102,86.9929,2421562.0
2023-10-19,87.0698,87.4642,85.6753,86.3966,2702269.0
2023-10-20,86.5216,86.5601,85.4733,85.6945,2245269.0
2023-10-23,85.4925,85.7907,84.5404,84.9539,1909863.0
2023-10-24,85.4156,86.637,85.4156,86.0407,2036402.0
2023-10-25,85.9446,86.2042,85.0116,85.5502,2388439.0
2023-10-26,85.4348,86.1562,84.5019,84.5692,1955573.0
2023-10-27,84.55,85.0886,83.5978,83.8575,1997525.0
2023-10-30,84.0883,85.1559,83.7229,84.8962,1810727.0
2023-10-31,85.002,85.0693,83.9729,84.7039,2583686.0
2023-11-01,85.1655,85.3098,83.8864,84.6943,2870179.0
2023-11-02,84.9347,86.8294,84.7231,86.4832,2834327.0
2023-11-03,87.2141,88.022,87.1468,87.5219,2053678.0
2023-11-06,87.5123,87.9258,87.2141,87.3776,2884147.0
2023-11-07,87.571,87.9281,87.1559,87.3007,2617649.0
2023-11-08,87.39,88.0078,87.1873,87.2838,5412790.0
2023-11-09,87.4768,88.4615,86.9363,87.9016,4580685.0
2023-11-10,88.2684,88.3456,86.6177,88.0367,3747667.0
2023-11-13,87.9305,88.4615,87.4189,87.9788,2782572.0
2023-11-14,88.8476,90.0253,88.7221,89.2916,4417383.0
2023-11-15,86.6853,87.7568,85.4497,86.3281,7075900.0
2023-11-16,85.6814,86.5791,84.2334,85.3049,6003928.0
2023-11-17,86.0385,87.0231,85.7007,85.7586,5288908.0
2023-11-20,85.5848,86.6853,85.2856,86.4343,4220756.0
2023-11-21,86.666,86.8784,85.3725,85.9806,3231871.0
2023-11-22,86.5598,87.2645,86.1254,86.8301,3223667.0
2023-11-24,87.2259,87.4672,86.444,86.8494,1318929.0
2023-11-27,86.5984,86.7915,85.913,86.0096,2984877.0
2023-11-28,85.8262,86.3764,85.6717,86.0482,2183982.0
2023-11-29,86.3378,86.4922,84.8029,85.0443,3046145.0
2023-11-30,85.3049,85.5848,84.7354,85.0539,4626802.0
2023-12-01,85.247,86.2895,84.8705,85.9516,2937533.0
2023-12-04,85.469,86.5694,85.2373,85.4979,3178056.0
2023-12-05,85.1794,85.3338,84.4071,84.9477,2117960.0
2023-12-06,84.9188,85.9516,84.9188,85.4883,3026949.0
2023-12-07,85.691,86.193,85.4304,85.8069,2472286.0
2023-12-08,85.942,86.2026,85.3628,86.0385,2790373.0
2023-12-11,86.5501,87.7278,86.5501,87.6216,2994064.0
2023-12-12,87.5348,88.2298,87.2645,88.0078,2332241.0
2023-12-13,88.3649,88.7028,87.7182,88.7028,3167358.0
2023-12-14,88.9345,89.1082,86.7432,86.8301,4767079.0
2023-12-15,86.3088,86.9942,85.5076,86.193,4260880.0
2023-12-18,86.6274,87.1776,86.2605,86.7046,2862906.0
2023-12-19,86.415,88.2105,86.415,88.114,2252097.0
2023-12-20,87.7664,88.0367,86.917,86.9363,2492134.0
2023-12-21,87.2645,88.3167,87.1293,88.2105,2252144.0
2023-12-22,88.3939,88.78,88.1236,88.6642,1866469.0
2023-12-26,88.7318,89.6488,88.6449,89.5716,1815021.0
2023-12-27,89.5523,89.9191,89.1661,89.5523,2246437.0
2023-12-28,89.755,90.4307,89.475,90.006,2040526.0
2023-12-29,90.3438,91.0196,90.1411,90.5562,2382157.0
2024-01-02,89.8612,90.9616,89.6102,90.0446,2956549.0
2024-01-03,89.8322,90.0156,88.4808,88.5194,2792345.0
2024-01-04,88.6256,89.8515,88.1333,89.5619,2630238.0
2024-01-05,89.4364,89.9867,88.3842,88.529,2310231.0
2024-01-08,88.4132,89.726,88.4132,89.6005,2524990.0
2024-01-09,89.2916,89.977,89.002,89.8515,1911755.0
2024-01-10,89.8515,91.1837,89.8515,90.8748,2448123.0
2024-01-11,91.0678,92.0331,90.6527,91.9463,2641337.0
2024-01-12,92.3324,92.3324,91.5119,91.7339,1544138.0
2024-01-16,91.7822,92.593,91.7822,92.5447,2805970.0
2024-01-17,92.12,92.2745,91.0389,91.1161,2987776.0
2024-01-18,91.0389,91.6856,90.7975,91.4636,2511490.0
2024-01-19,91.8594,92.3806,91.0002,92.1876,2214143.0
2024-01-22,92.2069,92.3324,91.4926,91.8304,2212787.0
2024-01-23,91.8497,92.342,91.6856,91.7628,1831675.0
2024-01-24,91.9269,92.3227,91.5987,91.6567,1984645.0
2024-01-25,92.0524,92.5834,91.7435,92.1972,2126732.0
2024-01-26,92.371,93.1046,92.2262,93.0371,2278626.0
2024-01-29,93.0371,93.4908,92.3131,93.066,1847754.0
2024-01-30,92.8247,93.4908,92.3034,93.4618,2297001.0
2024-01-31,93.6356,93.6356,91.3767,91.618,2634055.0
2024-02-01,91.6663,93.7128,91.425,93.6935,2466469.0
2024-02-02,93.5776,94.6491,92.9116,94.1279,2129206.0
2024-02-05,93.1529,93.3846,91.8594,93.2977,2759500.0
2024-02-06,93.1529,93.8576,92.6992,93.7321,2604020.0
2024-02-07,94.1568,94.8808,94.0217,94.4368,2630704.0
2024-02-08,95.0835,96.0006,94.7264,94.9484,2983051.0
2024-02-09,94.8325,95.6338,94.6105,95.3249,2084276.0
2024-02-12,95.238,95.431,94.3885,94.6781,2225666.0
2024-02-13,93.8067,94.6397,93.7583,94.5623,1689938.0
2024-02-14,94.8359,95.1362,93.6154,94.1191,2329620.0
2024-02-15,94.3613,95.2427,94.1482,94.8649,2835636.0
2024-02-16,94.9134,95.3977,93.9932,94.9618,1765864.0
2024-02-20,94.7293,95.3202,94.216,94.3032,2232506.0
2024-02-21,94.6615,95.3299,94.061,95.0877,2234403.0
2024-02-22,95.6689,96.0176,95.2621,95.9982,2899256.0
2024-02-23,96.0563,96.5116,95.6592,96.2597,2688470.0
2024-02-26,96.405,96.56,95.3396,96.1144,2931571.0
2024-02-27,96.0273,97.577,95.911,97.3639,3475962.0
2024-02-28,97.7126,99.6111,96.8312,97.9257,4784168.0
2024-02-29,96.899,97.0152,95.4752,96.0273,4597778.0
2024-03-01,96.2597,96.4341,94.8359,95.417,5022096.0
2024-03-04,95.078,95.543,94.7003,94.8649,3341398.0
2024-03-05,94.6325,95.3008,94.2354,94.3322,3413775.0
2024-03-06,94.1966,94.6034,93.1989,93.3733,3926445.0
2024-03-07,93.906,94.4775,92.6178,92.7534,3873937.0
2024-03-08,92.8115,93.6058,92.7631,92.8987,3075548.0
2024-03-11,93.3055,93.7898,92.5597,93.4411,2447162.0
2024-03-12,93.4411,94.3903,93.2377,94.1676,2378888.0
2024-03-13,94.2741,95.0199,94.1094,94.9812,2174522.0
2024-03-14,95.4074,95.5527,94.6131,95.5333,2850753.0
2024-03-15,95.233,95.5333,94.1579,94.4872,3128238.0
2024-03-18,94.4872,94.4872,93.1408,93.1989,2510782.0
2024-03-19,93.4217,95.3783,93.2474,95.3299,3035027.0
2024-03-20,95.388,95.7754,94.6615,95.7754,2792821.0
2024-03-21,95.6979,96.4728,95.4461,96.066,2735442.0
2024-03-22,95.727,96.5019,95.388,96.3566,3155768.0
2024-03-25,96.405,96.4631,95.0587,95.0974,4337121.0
2024-03-26,95.1652,96.2694,95.1265,96.1822,2795548.0
2024-03-27,96.9378,98.4197,96.9378,97.9064,3186194.0
2024-03-28,98.042,98.8362,97.7126,98.2357,2261767.0
2024-04-01,97.8773,97.9838,96.2404,96.5697,2142706.0
2024-04-02,96.25,96.3953,95.4945,96.3469,2184297.0
2024-04-03,96.2888,96.5794,94.0997,94.2257,2713373.0
2024-04-04,94.7875,95.1749,92.5694,92.7437,3129248.0
2024-04-05,93.1408,94.2257,92.9084,93.7704,3421455.0
2024-04-08,93.4411,93.9254,93.1989,93.2086,2284028.0
2024-04-09,93.9351,94.2354,93.2764,94.0513,5267102.0
2024-04-10,93.5767,94.0513,93.0924,93.2571,2239894.0
2024-04-11,93.1602,93.4798,91.8623,92.8503,2825469.0
2024-04-12,91.9398,92.3466,90.9712,91.4555,2339894.0
2024-04-15,92.3369,92.4338,90.0316,90.0607,2746379.0
2024-04-16,90.0897,90.9421,90.0704,90.4481,2297781.0
2024-04-17,91.3005,91.3005,89.896,90.206,2094168.0
2024-04-18,90.7096,90.7581,89.6151,89.7507,1857897.0
2024-04-19,90.0994,90.4578,89.4505,90.4287,3045669.0
2024-04-22,91.1746,91.6395,90.39,91.1261,1914663.0
2024-04-23,91.5039,91.6976,90.5547,91.533,3024584.0
2024-04-24,91.1261,92.4919,90.884,92.2885,3897197.0
2024-04-25,94.3032,94.4194,91.5039,93.3927,3870735.0
2024-04-26,93.6058,94.8068,93.2668,93.3346,2151503.0
2024-04-29,93.0537,93.2668,91.6492,91.8913,2590686.0
2024-04-30,91.6395,91.9301,91.0874,91.1358,2690349.0
2024-05-01,90.6225,91.4555,90.4578,90.8743,3410220.0
2024-05-02,92.5016,92.579,91.3586,91.9301,4294711.0
2024-05-03,92.2788,92.5016,91.5426,92.1238,3240188.0
2024-05-06,92.4241,94.5937,92.3853,94.3903,2557091.0
2024-05-07,94.5356,95.1846,94.4194,94.8456,2875094.0
2024-05-08,94.7293,95.4655,94.4097,95.4074,2353856.0
2024-05-09,95.6011,96.1726,95.4558,95.8045,3090554.0
2024-05-10,96.1532,96.4535,95.4655,95.7076,1594453.0
2024-05-13,95.9595,96.4825,95.4752,95.6495,1862691.0
2024-05-14,95.911,96.1929,94.997,95.9304,3936296.0
2024-05-15,95.77,96.5964,95.4686,95.7505,2123121.0
2024-05-16,96.0811,96.7034,96.0033,96.1783,1964855.0
2024-05-17,96.4603,97.5979,95.9742,97.5104,4076646.0
2024-05-20,96.7909,97.1215,95.0116,95.0797,3533990.0
2024-05-21,95.6728,96.0033,94.8171,94.9922,3267625.0
2024-05-22,99.2702,102.0704,97.9965,98.3174,9627578.0
2024-05-23,96.8978,98.191,96.47,97.384,4443875.0
2024-05-24,98.0937,99.7272,97.909,99.3091,3138732.0
2024-05-28,99.173,100.1258,98.5215,98.6091,2893044.0
2024-05-29,98.2688,99.1633,98.2104,98.6285,3161796.0
2024-05-30,99.1633,101.4092,98.9785,100.505,5173207.0
2024-05-31,100.5828,101.3801,100.048,100.2425,5150116.0
2024-06-03,100.8259,102.7413,100.8259,102.5176,4652947.0
2024-06-04,102.1579,103.0135,101.3606,102.9357,2644576.0
2024-06-05,103.1204,104.8317,102.5954,104.8025,3140770.0
2024-06-06,104.8122,104.9581,103.558,103.9663,4568864.0
2024-06-07,104.4233,105.5706,104.1511,104.4622,5139519.0
2024-06-10,104.2872,104.54,103.4219,104.3455,2535893.0
2024-06-11,104.3261,104.4233,103.8594,104.1122,2042579.0
2024-06-12,104.1608,104.6761,103.2371,104.1219,2841140.0
2024-06-13,104.1705,105.4539,103.9274,105.2595,2820538.0
2024-06-14,104.9483,105.804,104.8511,105.4928,2076385.0
2024-06-17,105.1039,107.5152,105.1039,107.1652,2446309.0
2024-06-18,107.1457,107.6416,106.6887,107.204,1896815.0
2024-06-20,107.0193,108.2541,106.6887,107.3207,4408346.0
2024-06-21,107.1165,108.0305,106.854,107.9333,3195471.0
2024-06-24,108.0305,108.4777,107.7096,107.9721,2225631.0
2024-06-25,108.0402,108.2833,106.9026,107.6027,1924308.0
2024-06-26,107.2138,108.6916,107.0776,107.4763,3012923.0
2024-06-27,107.4471,107.7582,106.786,107.486,1636098.0
2024-06-28,107.2818,107.6805,106.7471,107.0485,2570849.0
2024-07-01,107.593,108.1763,106.5234,107.5152,2257029.0
2024-07-02,107.3013,107.8263,106.8443,107.1457,2391989.0
2024-07-03,107.2527,108.0402,107.1554,107.3304,1287916.0
2024-07-05,107.3499,108.6236,107.3499,108.5458,2099912.0
2024-07-08,108.7791,109.1681,108.0694,109.1,3091479.0
2024-07-09,109.1778,109.4889,108.6625,109.0417,2160832.0
2024-07-10,109.6153,109.8389,108.5458,109.8389,2215388.0
2024-07-11,109.8,110.8598,109.3139,110.782,1925175.0
2024-07-12,111.1418,112.153,110.8598,111.1321,2200534.0
2024-07-15,111.1223,111.2682,110.1403,110.6557,3067811.0
2024-07-16,110.8112,112.046,110.7626,111.8321,2144864.0
2024-07-17,111.6668,111.9585,110.7237,110.8112,2521429.0
2024-07-18,110.6654,111.1223,108.8958,109.8973,2888862.0
2024-07-19,110.3154,110.3737,108.4972,108.6527,2649025.0
2024-07-22,109.1875,110.4417,108.9833,110.0723,2010919.0
2024-07-23,110.1695,110.8307,109.9653,110.2765,1620566.0
2024-07-24,109.9264,110.0042,108.0694,108.1666,2472576.0
2024-07-25,108.5361,109.4792,108.1083,108.186,1805412.0
2024-07-26,108.6625,109.4014,108.4194,108.7305,2474903.0
2024-07-29,108.7111,109.8487,108.0985,109.4403,1257502.0
2024-07-30,109.6348,110.2181,109.5181,110.1014,1235408.0
2024-07-31,110.5487,110.6751,109.8,109.8875,2396438.0
2024-08-01,110.6362,110.8015,109.5667,110.5098,1658851.0
2024-08-02,109.9362,111.0251,108.5166,110.0042,1704472.0
2024-08-05,108.468,109.3722,104.8414,105.872,3567205.0
2024-08-06,106.2512,107.486,105.5512,106.3776,2232520.0
2024-08-07,106.854,107.9138,104.7733,104.9386,2478640.0
2024-08-08,105.5025,106.9804,105.2692,106.8735,2046864.0
2024-08-09,106.6401,107.9235,106.4359,107.6318,1611012.0
2024-08-12,107.9916,108.4583,107.1068,108.3027,1785949.0
2024-08-13,108.2638,108.6236,107.3693,107.9624,2164243.0
2024-08-14,105.2275,107.2665,104.7201,106.0567,3710749.0
2024-08-15,107.8763,108.9885,107.5544,108.7641,2837182.0
2024-08-16,108.7251,109.2324,108.2471,108.7349,2328296.0
2024-08-19,109.1446,109.9544,109.0861,109.7495,2628222.0
2024-08-20,110.2861,110.7252,109.6227,110.5496,3752474.0
2024-08-21,116.9693,117.9449,115.0375,117.301,7489991.0
2024-08-22,116.1205,118.1108,115.8473,116.1009,3811115.0
2024-08-23,117.2034,117.6034,115.5839,116.5595,2300671.0
2024-08-26,116.7546,117.7107,116.7546,117.2034,2165270.0
2024-08-27,116.579,117.5937,116.2863,117.1351,2522231.0
2024-08-28,117.5644,118.1791,116.2278,116.3741,1641255.0
2024-08-29,116.3936,117.018,114.3741,114.5107,2891280.0
2024-08-30,114.6375,114.8229,113.4179,114.4131,2103176.0
2024-09-03,114.9887,115.3497,113.8179,114.6765,2027909.0
2024-09-04,114.2375,114.9497,113.7399,114.657,3006349.0
2024-09-05,114.7546,115.2619,113.6228,115.1351,2594510.0
2024-09-06,114.8229,115.2619,112.5886,112.8033,2072727.0
2024-09-09,113.174,114.8619,113.0667,114.218,2114935.0
2024-09-10,114.5887,115.5253,114.0033,114.9594,2133504.0
2024-09-11,115.057,115.057,113.5448,114.979,1837162.0
2024-09-12,114.9497,115.6424,114.7741,115.3399,1633863.0
2024-09-13,115.9156,117.0863,115.4863,116.8912,2378851.0
2024-09-16,117.4278,117.8083,116.5692,116.6961,1609741.0
2024-09-17,116.618,117.3107,114.6082,114.9692,1939252.0
2024-09-18,114.696,115.5351,114.2082,114.3936,1675378.0
2024-09-19,115.6326,115.8473,114.8814,115.4082,1605528.0
2024-09-20,114.8912,115.6131,114.6863,115.057,2246967.0
2024-09-23,115.6424,115.6717,113.6033,114.2765,1470469.0
2024-09-24,114.3741,114.8912,113.457,114.7838,1494890.0
2024-09-25,115.0277,115.2814,114.2472,115.2521,1405558.0
2024-09-26,115.6131,115.9546,114.6472,115.2034,1764737.0
2024-09-27,114.9302,115.1643,114.4326,114.6375,1434100.0
2024-09-30,114.696,114.9887,113.7009,114.6765,1945432.0
2024-10-01,114.6375,114.6668,112.9008,113.7984,4846778.0
2024-10-02,113.174,113.7887,112.5984,113.6131,2166428.0
2024-10-03,112.6862,113.0277,111.4569,112.2569,2492814.0
2024-10-04,112.3057,112.7252,111.1154,111.8959,2374098.0
2024-10-07,111.5252,111.8472,108.5105,109.3983,2604458.0
2024-10-08,110.052,110.7935,109.1642,110.6862,3790034.0
2024-10-09,110.6569,111.4471,110.4325,111.2032,2115368.0
2024-10-10,110.9593,111.0471,109.4861,109.8471,1761756.0
2024-10-11,109.8861,111.1057,109.6129,110.9593,2343446.0
2024-10-14,111.2423,112.5496,110.8813,112.4325,2268933.0
2024-10-15,113.0082,114.8033,112.7252,113.9155,3634516.0
2024-10-16,113.4667,114.6375,113.2131,114.5399,2093828.0
2024-10-17,115.1936,115.6717,114.3546,114.618,1334411.0
2024-10-18,114.9887,115.2619,114.2863,114.8424,1480173.0
2024-10-21,114.696,114.7546,112.0618,112.8423,1846797.0
2024-10-22,113.0179,113.135,111.8959,112.3838,1832559.0
2024-10-23,111.8276,112.3935,111.3496,111.4374,2107782.0
2024-10-24,112.0423,112.5789,111.3106,111.4179,1353339.0
2024-10-25,111.7789,112.013,110.8032,111.0471,1512561.0
2024-10-28,111.8667,112.1984,110.891,111.3886,1357451.0
2024-10-29,110.4032,112.1691,110.0325,111.3301,1687614.0
2024-10-30,111.3203,111.3593,109.7495,110.1983,1831038.0
2024-10-31,109.6129,110.7935,109.3105,110.2764,1891456.0
2024-11-01,110.5496,111.1057,109.6325,109.652,2140715.0
2024-11-04,109.9934,110.7642,109.0081,109.9447,1903593.0
2024-11-05,109.8178,111.0471,109.7105,110.9788,1072014.0
2024-11-06,113.3106,114.1009,111.3008,112.813,3311020.0
2024-11-07,112.9691,114.7155,112.7057,114.0033,2042586.0
2024-11-08,113.6716,115.7204,113.6326,114.9594,1979490.0
2024-11-11,115.3302,116.0814,114.8229,115.1838,1487797.0
2024-11-12,115.779,117.0961,114.9107,116.9302,2042900.0
2024-11-13,116.9851,118.9522,116.9557,118.1791,1989390.0
2024-11-14,117.6163,119.4954,117.3521,117.3521,2775880.0
2024-11-15,117.1759,118.0371,116.7942,117.4108,2357758.0
2024-11-18,117.4499,118.3895,116.9117,117.1172,2031956.0
2024-11-19,116.8236,117.3423,115.5122,117.0095,3313449.0
2024-11-20,116.8921,118.1252,114.2595,117.1857,4878622.0
2024-11-21,117.3129,117.3521,115.2675,117.2151,2961056.0
2024-11-22,117.6848,119.1137,116.5202,118.8788,3420118.0
2024-11-25,119.3388,122.7543,119.2605,122.128,3550851.0
2024-11-26,122.3726,123.7428,121.7757,123.5079,2247409.0
2024-11-27,123.6058,125.2695,123.4785,123.6645,2256149.0
2024-11-29,123.4492,123.8602,123.0088,123.0088,1319163.0
2024-12-02,123.6938,124.8976,123.3807,123.4981,2590434.0
2024-12-03,123.8896,124.0951,121.5995,122.0888,1842432.0
2024-12-04,122.0986,123.0577,121.5016,122.8228,1642703.0
2024-12-05,122.8913,124.1049,122.5782,123.2339,2174012.0
2024-12-06,123.7428,124.4278,122.999,123.4002,1633145.0
2024-12-09,123.7036,124.0266,122.8424,123.2143,2904457.0
2024-12-10,123.4688,124.6823,122.2748,124.4866,2936844.0
2024-12-11,124.5942,125.1814,123.87,124.1049,2028269.0
2024-12-12,124.2321,124.3398,123.1654,123.7232,1622335.0
2024-12-13,123.733,124.144,122.1671,122.1867,1971136.0
2024-12-16,122.539,122.7348,120.7383,121.0808,2902141.0
2024-12-17,121.5799,122.3139,120.2783,120.4349,2842449.0
2024-12-18,120.6404,121.668,118.5754,118.6537,2708419.0
2024-12-19,119.7987,120.6502,118.4286,118.6146,2753965.0
2024-12-20,118.5167,120.9046,118.4188,119.3975,4506340.0
2024-12-23,118.9473,119.5247,117.7338,119.1724,1680517.0
2024-12-24,119.3877,120.8557,119.1626,120.8557,776046.0
2024-12-26,120.8166,122.5586,120.7676,122.3433,1499766.0
2024-12-27,121.2765,122.0986,121.0514,121.2961,1397904.0
2024-12-30,119.603,120.0238,118.0371,118.5069,1865533.0
2024-12-31,119.2898,119.2898,117.7827,118.2329,1458197.0
2025-01-02,119.1137,119.5345,118.1742,118.5656,1695967.0
2025-01-03,118.9571,119.192,117.4597,118.1546,1875063.0
2025-01-06,118.1644,119.1235,117.7925,118.3014,2234896.0
2025-01-07,118.5069,119.1724,117.4695,117.5772,2313124.0
2025-01-08,117.6065,119.4073,116.9606,119.055,2334751.0
2025-01-10,118.8886,119.6813,117.1857,117.4989,2047140.0
2025-01-13,117.4989,117.6359,115.3752,117.3325,1842022.0
2025-01-14,117.9295,118.0274,116.1581,116.6964,1800216.0
2025-01-15,117.7729,117.8512,115.9428,116.5691,2126273.0
2025-01-16,116.9998,119.0941,116.6866,118.7907,1904307.0
2025-01-17,119.9651,120.2196,118.8788,119.2507,2698464.0
2025-01-21,121.0417,121.8344,120.0923,120.6698,2162282.0
2025-01-22,120.7774,120.8557,118.7516,119.9553,1769037.0
2025-01-23,119.8868,120.4447,119.5932,119.9847,1926253.0
2025-01-24,119.9553,120.8459,119.7009,120.1119,2388529.0
2025-01-27,120.474,122.6467,120.4153,122.2356,2611275.0
2025-01-28,121.9518,122.7739,121.0612,121.6876,1845758.0
2025-01-29,121.6289,122.6369,121.3548,121.5603,1646789.0
2025-01-30,122.1671,123.7819,121.9518,123.4002,2389107.0
2025-01-31,123.2339,123.5275,121.9616,122.128,1499541.0
2025-02-03,121.1591,122.6369,120.474,121.6582,1841232.0
2025-02-04,121.6582,122.7152,121.5995,122.4705,2028948.0
2025-02-05,122.1769,122.8816,121.2863,122.8326,1806034.0
2025-02-06,123.2534,124.7606,123.1164,123.4688,1803334.0
2025-02-07,123.41,124.0951,121.7952,122.0301,1342626.0
2025-02-10,122.4509,122.9794,120.9438,122.3041,1914696.0
2025-02-11,121.8148,122.1573,121.2765,122.0203,1376412.0
2025-02-12,121.1867,121.8935,120.961,121.7561,1526158.0
2025-02-13,122.2125,123.8028,121.9475,123.5377,1427832.0
2025-02-14,124.2249,124.4212,121.0837,122.0555,2422746.0
2025-02-18,121.7414,122.0653,119.9842,121.5548,1897340.0
2025-02-19,121.6432,121.7217,120.7401,121.1524,1675978.0
2025-02-20,120.8284,121.1131,119.6996,120.7205,2590666.0
2025-02-21,120.6714,120.8186,118.4529,118.8848,2483330.0
2025-02-24,119.3069,120.2591,119.0517,119.2382,2322904.0
2025-02-25,119.2873,121.1131,119.2677,120.4456,3567500.0
2025-02-26,123.5672,125.236,120.7401,122.5954,4442013.0
2025-02-27,123.685,124.1365,120.8775,121.2211,2743810.0
2025-02-28,121.3291,122.6052,121.0837,122.4678,2608248.0
2025-03-03,122.1438,123.6752,120.799,121.2702,2277906.0
2025-03-04,120.534,120.9364,119.0124,119.5032,2551974.0
2025-03-05,119.1106,120.9659,118.9732,120.7794,2504913.0
2025-03-06,119.3266,120.5634,118.1388,118.4333,2342923.0
2025-03-07,117.805,118.3646,115.0957,117.0786,3261491.0
2025-03-10,116.5976,117.5891,114.8405,115.4491,2751502.0
2025-03-11,115.3019,115.4491,113.6037,113.9865,3191130.0
2025-03-12,115.243,115.243,112.7398,113.2208,1861086.0
2025-03-13,112.8576,112.8576,110.0404,110.7373,3160821.0
2025-03-14,111.4735,111.9055,110.2367,111.1791,3756837.0
2025-03-17,111.7975,112.9656,111.2968,112.4159,2075824.0
2025-03-18,112.4552,113.3975,112.0429,113.1423,2829983.0
2025-03-19,113.6037,116.097,113.1914,115.6945,3849512.0
2025-03-20,115.1448,115.8123,113.8687,114.1141,4253904.0
2025-03-21,113.2208,114.1632,111.8858,113.9865,2631651.0
2025-03-24,114.8503,117.5007,114.8307,117.4026,2242198.0
2025-03-25,117.4026,118.5118,117.2161,117.6774,1924081.0
2025-03-26,117.6676,118.3155,117.1375,117.5007,1293584.0
2025-03-27,117.6087,119.1106,117.1964,118.3547,2035271.0
2025-03-28,117.8149,118.0603,115.0565,116.0381,1993130.0
2025-03-31,115.4786,119.9057,115.2921,119.5621,2792624.0
2025-04-01,119.2088,120.6223,119.0223,120.4652,2495385.0
2025-04-02,119.7585,123.1549,119.572,122.6346,2894280.0
2025-04-03,121.5156,125.6482,120.8677,123.1255,6581552.0
2025-04-04,123.0666,125.9722,119.5621,119.9155,7794527.0
2025-04-07,118.0014,121.7119,114.2319,116.9412,7014846.0
2025-04-08,120.1119,122.5757,116.4111,117.8247,5633436.0
2025-04-09,117.5498,126.62,117.5498,123.7341,6954629.0
2025-04-10,123.6555,126.0703,121.5352,125.128,4123044.0
2025-04-11,124.2052,126.6495,123.5868,125.7955,3718791.0
2025-04-14,126.8851,128.7894,126.2667,128.2005,3863819.0
2025-04-15,128.1121,128.8876,125.9329,126.139,2378845.0
2025-04-16,126.3648,126.8949,123.2236,123.9893,2906512.0
2025-04-17,124.4408,125.6384,123.8617,125.2752,2967680.0
2025-04-21,124.8924,125.1869,120.0039,121.7021,2370313.0
2025-04-22,122.3107,124.4408,121.7217,123.4003,2173331.0
2025-04-23,124.8531,125.7562,122.5168,123.1942,2174053.0
2025-04-24,122.399,124.6961,121.6432,124.1758,2110328.0
2025-04-25,123.7733,124.4408,122.8211,124.2347,2243112.0
2025-04-28,124.4408,125.4421,123.793,124.7942,1891742.0
2025-04-29,124.5684,125.8544,123.8126,125.6777,1750240.0
2025-04-30,125.6286,126.5022,124.1954,126.3157,2189093.0
2025-05-01,125.5108,126.4139,124.9905,125.285,1867979.0
2025-05-02,126.6299,127.3955,125.874,126.836,2773370.0
2025-05-05,126.836,127.5035,126.4335,126.571,1898508.0
2025-05-06,125.285,126.5022,125.1378,126.0998,1768628.0
2025-05-07,125.7464,127.5133,125.7464,126.2863,2557001.0
2025-05-08,126.6986,127.8765,125.3832,125.7366,2109609.0
2025-05-09,125.2163,125.9918,124.6175,125.7464,1762803.0
2025-05-12,127.9158,129.1232,126.2667,129.0741,2475953.0
2025-05-13,129.2606,130.0361,127.9747,128.4164,2396741.0
2025-05-14,128.0999,129.1044,127.6075,128.8385,2967728.0
2025-05-15,129.1487,131.1578,128.9124,131.0199,2124699.0
2025-05-16,130.9805,131.8668,130.4684,131.3153,2470525.0
2025-05-19,131.0593,133.2357,130.5373,132.9797,2327169.0
2025-05-20,132.8221,133.7872,132.2214,132.8812,3403355.0
2025-05-21,129.1586,130.9805,127.9867,129.0404,5867103.0
2025-05-22,128.4101,129.3654,127.1594,127.6124,2920638.0
2025-05-23,126.0564,126.1746,123.0232,123.7913,5077675.0
2025-05-27,124.7171,126.2928,124.4413,126.017,3544806.0
2025-05-28,125.6526,126.4799,124.1557,124.3034,2142690.0
2025-05-29,125.4163,125.9875,124.7762,125.1405,3305996.0
2025-05-30,125.2193,125.3572,124.2837,124.9731,2284931.0
2025-06-02,124.333,126.5094,123.9588,126.4799,2652279.0
2025-06-03,126.2928,126.4503,124.9042,126.1746,2408298.0
2025-06-04,126.2731,127.1102,125.6132,126.1254,2232005.0
2025-06-05,126.1155,126.2534,124.6087,125.436,1689479.0
2025-06-06,125.9973,126.8344,125.367,126.4996,1961263.0
2025-06-09,126.0663,126.1352,123.8307,124.4315,2214191.0
2025-06-10,123.7913,124.6678,123.555,124.1262,1749696.0
2025-06-11,124.2936,124.2936,122.4126,122.6391,1820272.0
2025-06-12,122.58,123.0429,121.674,122.5702,1867117.0
2025-06-13,121.6247,123.0724,121.3785,122.0285,1608314.0
2025-06-16,122.6687,123.4171,122.1959,122.3831,2044129.0
2025-06-17,121.5952,122.708,120.8566,121.1422,2086108.0
2025-06-18,121.5755,121.6247,120.5513,120.6793,2357595.0
2025-06-20,121.1816,121.9005,120.6399,121.6247,2415087.0
2025-06-23,121.5755,123.0724,120.8467,122.8656,1904614.0
2025-06-24,123.0527,123.6436,122.2944,122.708,1872107.0
2025-06-25,122.5997,122.8558,120.5907,120.6202,2311814.0
2025-06-26,120.9058,120.9058,118.0794,120.2854,4444311.0
2025-06-27,120.1278,121.9103,119.793,121.5066,3636439.0
2025-06-30,122.1073,122.1073,120.4036,121.6149,2433717.0
2025-07-01,121.7922,123.7421,121.2899,123.2595,2651778.0
2025-07-02,123.486,123.7224,122.4224,123.4073,2656156.0
2025-07-03,123.4467,124.1951,122.8755,123.9489,1612160.0
2025-07-07,124.0375,124.2837,122.8262,123.2694,1885328.0
2025-07-08,123.1217,123.7421,122.255,123.358,2638403.0
2025-07-09,123.6141,124.0375,122.4618,123.5451,1518910.0
2025-07-10,123.1217,123.4664,122.0975,122.2747,2596868.0
2025-07-11,121.8513,122.2846,121.4967,121.8316,2082478.0
2025-07-14,121.2801,121.8119,120.6596,121.6838,2713233.0
2025-07-15,121.3195,121.9103,119.8718,119.8915,2595311.0
2025-07-16,120.2755,120.4331,118.0203,119.5074,3688168.0
2025-07-17,119.2119,120.5316,119.1627,120.3149,2070014.0
2025-07-18,120.443,120.9551,120.1475,120.3149,1607431.0
2025-07-21,120.6202,123.2792,120.443,123.0429,2484499.0
2025-07-22,123.1808,124.5103,122.3437,123.6929,1847814.0
2025-07-23,124.2739,125.111,124.008,124.4413,2383213.0
2025-07-24,124.1557,124.7959,123.4959,124.3428,2559340.0
2025-07-25,124.8352,125.0913,124.0474,124.5201,3115720.0
2025-07-28,124.4216,125.1996,122.9542,123.486,3393715.0
2025-07-29,124.1853,125.0716,123.5944,124.4512,2586812.0
2025-07-30,124.7072,125.1504,123.3777,123.8997,1669780.0
2025-07-31,123.0429,123.8603,122.4914,122.6391,1948044.0
2025-08-01,122.2255,124.3133,121.9005,124.0868,2257351.0
2025-08-04,124.5004,127.2579,124.3822,127.2579,1756457.0
2025-08-05,127.2677,127.8783,126.5291,126.8147,1647701.0
2025-08-06,126.9526,130.1532,126.6769,130.0942,2198224.0
2025-08-07,130.6949,130.8722,128.9912,129.976,2544867.0
2025-08-08,130.0745,130.7343,129.3654,129.3752,2254406.0
2025-08-11,129.7889,130.4388,128.8927,130.3896,1480696.0
2025-08-12,130.7934,131.6305,130.3207,131.3646,1667091.0
2025-08-13,131.313,132.1922,131.1351,132.0638,2119280.0
2025-08-14,131.4167,132.4046,131.1104,131.3475,1733376.0
2025-08-15,131.5254,131.9996,130.4189,131.0215,2582341.0
2025-08-18,131.3278,132.5133,131.0314,131.4562,2434880.0
2025-08-19,131.7328,133.3432,131.7328,132.9974,3288871.0
2025-08-20,141.8,143.8253,136.0996,136.6034,8001914.0
2025-08-21,134.8152,137.0875,134.667,135.8526,3841596.0
2025-08-22,136.307,137.7,134.2817,134.8943,2836622.0
2025-08-25,134.4694,135.4179,133.7285,133.8668,1949511.0
2025-08-26,134.0347,135.0918,133.116,135.0326,2212166.0
2025-08-27,135.0326,135.8427,134.5781,135.5759,2164671.0
2025-08-28,135.8921,136.2379,134.6572,135.4673,2140789.0
2025-08-29,135.6155,135.8229,134.2521,134.9634,1667243.0
2025-09-02,134.5584,136.9294,134.5584,136.8998,2045435.0
2025-09-03,136.8998,137.8976,136.722,137.7889,2344645.0
2025-09-04,138.1841,139.3993,138.0261,139.3203,2096530.0
2025-09-05,139.7154,139.7945,137.2555,137.5815,2228601.0
2025-09-08,137.5518,139.3005,137.4728,139.1424,2067556.0
2025-09-09,138.0952,138.8362,137.3839,138.2829,1638729.0
2025-09-10,137.8779,138.3521,137.0381,138.1742,1783667.0
2025-09-11,138.688,139.5475,138.1051,139.1326,2296971.0
2025-09-12,138.8263,139.6562,137.2258,137.7988,3220037.0
2025-09-15,138.115,139.5376,137.7889,139.4685,2089042.0
2025-09-16,138.9745,139.4092,137.1567,137.868,1731311.0
2025-09-17,138.3027,139.1918,137.5321,138.3521,2053144.0
2025-09-18,138.2829,139.3203,137.6901,138.2434,1751492.0
2025-09-19,138.5003,138.7275,137.4135,138.0952,1799167.0
2025-09-22,138.1051,138.1051,136.9986,137.7297,1500626.0
2025-09-23,137.7692,138.1742,137.2258,138.0359,1166662.0
2025-09-24,137.8285,139.7451,137.3246,138.7473,2861532.0
2025-09-25,139.1721,139.8636,138.6089,139.755,1990419.0
2025-09-26,140.16,141.4937,139.7352,141.3653,1830498.0
2025-09-29,141.4641,141.9186,140.328,141.7901,1704377.0
2025-09-30,141.5827,143.0843,141.5827,142.7978,3475277.0
2025-10-01,142.3434,143.3708,141.8,142.5805,4045521.0
2025-10-02,141.9383,142.7484,140.486,140.7725,1871416.0
2025-10-03,140.7725,141.5234,139.4487,139.6265,1280595.0
2025-10-06,139.5376,141.9087,139.5376,141.3851,2487642.0
2025-10-07,141.0195,141.9186,138.4212,140.9405,4124925.0
2025-10-08,140.9998,141.227,138.688,139.014,1959695.0
2025-10-09,139.0338,139.7648,136.7812,136.8899,1684548.0
2025-10-10,137.0381,139.3697,136.554,138.688,1981319.0
2025-10-13,138.5398,140.1995,138.0952,139.6858,1811309.0
2025-10-14,139.7056,142.6299,139.4586,142.3631,2201292.0
2025-10-15,142.2742,144.7046,142.2742,143.4104,3206038.0
2025-10-16,143.519,143.519,140.3477,140.8318,1573230.0
2025-10-17,141.2764,142.7188,140.9306,142.1063,1360257.0
2025-10-20,142.2149,142.6398,140.8318,141.6024,1150849.0
2025-10-21,141.4542,142.5607,140.9405,142.1754,1194417.0
2025-10-22,142.6595,142.8769,141.2072,141.3357,1928299.0
2025-10-23,141.3357,141.6617,140.3774,140.6836,2340124.0
2025-10-24,141.0492,141.2665,140.1304,140.1995,1560536.0
2025-10-27,140.8318,141.8099,140.3774,141.5431,1666555.0
2025-10-28,141.0986,142.3137,140.5453,142.294,1651895.0
2025-10-29,141.8395,142.1063,139.1622,139.9822,1762547.0
2025-10-30,139.9032,141.7605,139.6957,140.575,1891344.0
2025-10-31,139.9624,140.3477,138.0261,138.4509,2043457.0
2025-11-03,138.688,139.0338,137.1369,138.7176,2187462.0
2025-11-04,138.1248,140.3872,138.0754,140.3378,1780299.0
2025-11-05,140.0316,143.7957,139.6562,141.968,3234419.0
2025-11-06,141.6617,142.294,140.1403,142.0371,1953652.0
2025-11-07,142.2347,143.361,141.6123,142.867,1850813.0
2025-11-10,142.373,145.159,142.0174,144.9516,1254230.0
2025-11-11,145.4159,145.8111,143.8549,144.3983,1416929.0
2025-11-12,144.8895,146.3262,143.1754,145.8506,2345056.0
2025-11-13,145.6178,146.559,144.9044,145.053,1637858.0
2025-11-14,144.8152,146.341,144.082,144.7359,1656535.0
2025-11-17,144.8152,145.6475,143.4281,143.8442,2337322.0
2025-11-18,142.9228,145.4989,142.4868,144.2405,3457374.0
2025-11-19,149.1153,149.6107,143.329,144.4684,3983668.0
2025-11-20,144.9044,147.857,144.5972,146.7076,3399089.0
2025-11-21,147.6885,151.1761,147.4507,150.0367,3998968.0
2025-11-24,150.1061,150.324,147.1337,147.4904,3295094.0
2025-11-25,147.5003,151.6121,147.0445,150.9879,2709126.0
2025-11-26,151.5824,153.2469,150.5519,151.7211,2183538.0
2025-11-28,151.4932,151.6517,150.1259,150.5222,1176924.0
2025-12-01,150.1061,151.3347,149.3233,149.7395,1945613.0
2025-12-02,150.2943,150.3439,148.0353,148.6397,2376527.0
2025-12-03,148.9865,149.5909,148.2731,148.6793,1495632.0
2025-12-04,148.709,149.9178,148.6793,148.9171,1681561.0
2025-12-05,148.6991,151.9291,148.5604,151.8697,2072912.0
2025-12-08,151.84,153.019,151.3941,152.3056,2636305.0
2025-12-09,152.1174,152.6425,151.6121,152.266,2430011.0
2025-12-10,153.6531,154.961,153.4451,154.2377,2697787.0
2025-12-11,154.8421,156.2688,153.7819,154.1485,2162428.0
2025-12-12,154.6538,155.6942,154.1683,154.7034,1899287.0
2025-12-15,154.7727,155.8923,154.4953,155.2681,2228004.0
2025-12-16,155.5951,156.3778,153.5838,153.663,1696910.0
2025-12-17,154.1287,154.4359,153.1875,154.2278,1231413.0
2025-12-18,154.2278,155.4762,153.237,153.455,1959789.0
2025-12-19,153.7126,153.9999,152.7317,153.1776,3498649.0
2025-12-22,153.0983,155.1889,152.7317,155.1393,1283908.0
2025-12-23,155.4366,155.714,154.1783,154.4854,1175058.0
2025-12-24,154.4953,156.0211,154.4854,155.8428,686667.0
2025-12-26,155.5555,156.3085,155.2483,155.6645,802241.0
2025-12-29,155.3969,156.1202,154.5944,155.0303,1548400.0
2025-12-30,154.3665,155.0601,153.6135,153.9206,1283502.0
2025-12-31,153.7225,154.4755,152.1471,152.1967,1050648.0
2026-01-02,151.84,152.9299,150.651,152.8605,1907452.0
2026-01-05,152.5831,153.5937,151.4734,152.4245,2503352.0
2026-01-06,151.5923,153.3955,150.7303,152.5038,2670204.0
2026-01-07,152.9497,154.1089,151.9093,152.6227,2519979.0
2026-01-08,152.9794,157.0912,152.0084,156.794,3126984.0
2026-01-09,156.467,158.0127,155.8527,156.358,2586858.0
2026-01-12,156.2589,157.2993,155.3573,155.6545,2440644.0
2026-01-13,155.4366,156.7048,154.8421,156.685,1779405.0
2026-01-14,156.2986,156.6553,153.1082,153.7027,2472338.0
2026-01-15,154.317,155.3474,153.3856,154.7232,1736661.0
2026-01-16,154.5349,156.3382,154.2773,155.932,2658275.0
2026-01-20,155.7536,156.1499,153.9107,154.6439,2970831.0
2026-01-21,154.9015,155.5555,153.5838,154.416,2696748.0
2026-01-22,154.9313,155.2483,151.3347,152.0084,3183345.0
2026-01-23,151.6418,152.3156,151.0572,151.8301,3138126.0
2026-01-26,151.3248,152.375,147.5201,148.6991,4042667.0
2026-01-27,149.1153,149.5215,146.1924,146.6482,4132301.0
2026-01-28,146.024,146.8662,145.3998,146.4302,3027440.0
2026-01-29,146.3807,147.4606,144.4882,146.1132,2207260.0
2026-01-30,146.3509,148.5604,145.7366,148.4316,2685412.0
2026-02-02,148.9171,149.1054,147.3814,148.7883,2263666.0
2026-02-03,148.3127,151.2059,148.1344,150.6708,2114761.0
2026-02-04,151.4734,153.7621,151.2158,152.5236,3076345.0
2026-02-05,153.1181,154.9511,152.1768,153.9702,2943566.0
2026-02-06,153.9504,154.9015,153.2964,154.426,2524850.0
2026-02-09,153.9702,154.8916,152.6029,154.8025,1745982.0
2026-02-10,155.1691,155.714,151.6517,151.8796,1932217.0
2026-02-11,151.7774,152.8505,148.8761,149.363,2235394.0
2026-02-12,152.1302,154.5943,151.0074,153.1933,2613859.0
2026-02-13,152.935,154.8228,151.693,153.4715,1863032.0
2026-02-17,154.3658,155.9853,152.4282,155.9654,2348210.0
2026-02-18,155.3395,156.3132,154.9619,156.2238,1233683.0
2026-02-19,155.9654,156.3132,154.2763,155.5084,1780129.0
2026-02-20,155.0613,157.4857,154.6638,157.2174,1994621.0
2026-02-23,157.9825,159.4331,154.7533,156.6808,2641195.0
2026-02-24,157.0584,157.9328,156.0151,156.651,2670074.0
2026-02-25,156.5417,161.6389,153.8093,154.8228,3666210.0
2026-02-26,156.81,158.3103,155.409,157.6744,3177154.0
2026-02-27,157.4161,160.6254,157.3764,160.6254,2317086.0
2026-03-02,159.1946,160.4665,157.7341,158.9164,2421393.0
2026-03-03,157.6446,158.6978,154.7533,158.6879,2345833.0
2026-03-04,158.986,160.8639,157.1876,160.695,2278620.0
2026-03-05,159.2443,160.1684,157.9427,159.9001,3057888.0
2026-03-06,158.6581,159.0854,156.6113,158.3103,2489151.0
2026-03-09,157.4658,157.9129,154.1174,157.128,2366445.0
2026-03-10,156.2635,161.5495,155.3792,158.5091,2825948.0
2026-03-11,157.595,157.9825,156.1443,156.8696,1445772.0
2026-03-12,156.2437,157.1677,154.6936,154.793,1421103.0
2026-03-13,155.4587,156.8597,154.0379,154.4353,1204738.0
2026-03-16,155.5779,156.7703,154.326,155.0215,2245689.0
2026-03-17,155.5978,155.7667,153.402,154.3856,1442797.0
2026-03-18,153.7298,154.7533,151.7725,151.8917,1373382.0
2026-03-19,151.9612,154.5943,151.2061,153.6901,1726489.0
2026-03-20,153.2827,155.6773,153.2827,153.9882,2892001.0
2026-03-23,156.2933,156.81,154.6042,155.4985,1854197.0
2026-03-24,155.727,158.4395,154.475,157.3664,1976457.0
2026-03-25,156.5417,158.8866,155.7667,158.7177,1836363.0
2026-03-26,158.5587,158.9065,156.0151,156.5616,1890078.0
2026-03-27,156.3033,156.9889,153.4715,154.1273,1374330.0
2026-03-30,156.0648,156.651,154.2565,154.793,1588301.0
2026-03-31,156.3331,159.3039,155.8164,158.678,1461521.0
2026-04-01,159.4331,161.3309,158.9761,160.9931,2014909.0
2026-04-02,160.4665,161.3011,159.135,160.2578,1987727.0
2026-04-06,159.7908,161.1123,158.8767,160.7844,1316696.0
2026-04-07,160.2479,160.4267,156.4225,156.5715,1552914.0
2026-04-08,157.4161,160.854,157.0385,160.6056,1838869.0
2026-04-09,159.8007,164.7588,159.5126,163.9441,2132390.0
2026-04-10,163.3777,163.8944,159.3934,160.5658,1663556.0
2026-04-13,159.9398,160.2181,156.3231,158.3103,2218498.0
2026-04-14,157.4757,159.3437,156.8895,159.2543,1905331.0
2026-04-15,158.678,160.2379,157.9328,159.2046,1433562.0
2026-04-16,159.3735,160.1286,155.419,156.4722,1661311.0
2026-04-17,157.5651,160.3671,157.4857,159.6517,2542099.0
2026-04-20,159.9995,160.4665,158.3501,158.668,1716946.0
2026-04-21,159.0456,159.6616,157.4658,158.2309,1483941.0
2026-04-22,158.3799,159.2046,157.1876,157.4558,981976.0
2026-04-23,157.7241,159.5027,156.4921,157.3366,1669919.0
2026-04-24,156.6808,157.5453,154.7234,156.0251,1663854.0
2026-04-27,155.4686,157.7539,155.4686,156.4722,1486824.0
2026-04-28,157.4459,157.7341,154.8526,156.194,1304938.0
2026-04-29,155.0116,155.6376,154.1571,155.0712,1242196.0
2026-04-30,155.101,156.5715,154.4353,155.7469,1340946.0
2026-05-01,156.1046,157.2671,155.0017,155.8263,1408760.0
2026-05-04,154.8924,155.8065,152.5177,153.6504,1638380.0
2026-05-05,154.018,156.1244,153.71,153.9683,1915765.0
2026-05-06,154.8526,155.1507,152.2394,154.4552,3371489.0
2026-05-07,155.0414,156.4225,152.4382,153.4914,2104452.0
2026-05-08,154.0279,154.3061,151.5439,152.3786,1603602.0
2026-05-11,151.8619,152.8952,146.3275,147.957,2572492.0
2026-05-12,148.0465,150.0833,146.1685,149.2984,2239309.0
2026-05-13,148.2323,148.8503,145.2019,146.0891,2866830.0
2026-05-14,146.2984,147.6541,145.9395,146.8865,4173697.0
2026-05-15,147.3551,147.9033,146.6373,146.9663,3629158.0
2026-05-18,147.7239,151.183,147.3351,149.7774,3116979.0
2026-05-19,148.631,152.0802,148.2423,150.2061,4202984.0
2026-05-20,152.3992,160.0849,151.9705,158.7092,4994201.0
2026-05-21,158.9983,159.4768,156.0177,156.9647,2672553.0
2026-05-22,157.0046,157.9616,155.3897,157.7722,2274585.0
2026-05-26,157.8021,159.3074,156.5062,158.47,2022260.0
2026-05-27,159.4968,160.384,156.0676,156.5162,3078248.0
2026-05-28,155.5293,157.1342,153.2864,154.4028,3426059.0
2026-05-29,154.662,156.0277,153.7648,154.2633,2349222.0
2026-06-01,152.8976,153.8446,151.9506,152.2696,2045307.0
2026-06-02,152.3792,153.715,151.8608,153.2066,2132480.0
2026-06-03,152.5786,157.5728,152.5188,157.4034,2420374.0
2026-06-04,159.4968,160.364,157.4233,158.1311,2648079.0
2026-06-05,158.789,161.2712,158.151,160.2045,1965201.0
2026-06-08,158.7292,161.6799,158.6195,159.2475,2080296.0
2026-06-09,160.6033,164.3514,160.1347,164.3514,2524280.0
2026-06-10,165.129,167.3918,163.3247,167.1327,3593718.0
2026-06-11,167.2224,169.4653,166.8037,167.8105,3727296.0
2026-06-12,168.9669,169.3158,166.4648,167.8803,2433453.0
2026-06-15,167.9301,168.2192,163.9926,166.8037,2244158.0
2026-06-16,167.0429,167.5214,165.2287,165.7969,1968039.0
2026-06-17,165.2187,166.5744,162.9259,163.6138,1950303.0
2026-06-18,164.4013,166.3551,162.6169,163.2948,2807246.0
2026-06-22,165.5576,166.7638,163.544,163.6536,1944986.0
2026-06-23,164.3415,166.0062,162.906,163.8331,2290887.0
2026-06-24,164.2119,165.7371,163.554,164.6505,2105069.0
2026-06-25,162.6269,166.0262,154.1636,154.7019,4407246.0
2026-06-26,155.5392,156.6358,153.0272,154.9411,5044231.0
2026-06-29,154.2134,154.5723,150.1662,150.7543,4359447.0
2026-06-30,150.4553,151.821,149.1394,151.0235,2746871.0
2026-07-01,151.5718,151.8808,149.2391,150.874,2466703.0
2026-07-02,151.3225,153.7748,150.0466,153.7748,2551390.0
2026-07-06,152.5088,153.5156,149.4784,150.8341,2377091.0
2026-07-07,153.3561,155.2502,151.9904,153.6253,2392899.0
2026-07-08,153.5156,153.6353,151.7711,152.3094,2395518.0
2026-07-09,152.2696,153.4458,149.7774,150.4254,3158403.0
2026-07-10,150.6646,151.3923,149.7774,150.864,1969461.0
2026-07-13,152.3393,153.4558,149.7774,150.0565,1652895.0
2026-07-14,149.7774,150.6945,148.4117,149.8671,1994268.0
2026-07-15,148.332,151.3525,147.8037,150.4952,2564086.0
2026-07-16,151.6017,154.7816,150.9736,154.3031,1933811.0
2026-07-17,154.5125,157.6526,153.386,153.9742,2455309.0
2026-07-20,154.044,155.5492,153.3362,155.2103,2356272.0
2026-07-21,154.7119,154.8913,152.2895,154.5623,2297162.0
2026-07-22,155.3,157.503,153.5555,154.9212,2683306.0
2026-07-23,153.6951,154.6022,151.9207,152.9973,1469096.0
2026-07-24,152.3892,154.8614,151.6415,153.7349,1830766.0
2026-07-27,155.4794,157.1242,154.662,155.8881,2438724.0
2026-07-28,159.3173,160.9422,157.8519,160.2942,2723362.0
2026-07-29,159.4868,162.5272,158.799,161.1216,1855362.0
2026-07-30,159.4868,159.6463,157.0246,158.7591,2921779.0
2026-07-31,158.5497,158.5597,156.6059,156.8451,1668431.0
2026-08-03,158.789,159.9852,155.2402,157.0046,1978474.0
2026-08-04,156.6358,157.9915,154.8115,157.0545,2218979.0
2026-08-05,157.6227,159.9952,157.3336,159.417,1901129.0
2026-08-06,161.3409,161.6101,159.1877,161.5503,2226665.0
2026-08-07,159.9553,161.9889,158.7292,160.8525,1526647.0
2026-08-10,160.2843,160.3441,157.7323,158.3205,2042078.0
2026-08-11,157.4133,158.4999,155.0009,155.2502,1884492.0
2026-08-12,153.16,154.83,151.65,152.13,1969210.0
2026-08-13,153.0,154.04,151.43,153.81,2130897.0
2026-08-14,153.21,153.57,151.71,152.11,1773150.0
2026-08-17,151.0,153.31,150.4,150.85,2936587.0
2026-08-18,153.06,153.43,150.85,150.85,3145644.0
2026-08-19,144.14,150.54,141.94,144.5,7030382.0
2026-08-20,142.21,142.49,139.31,140.69,7024019.0
2026-08-21,140.61,141.93,139.58,140.53,5695330.0
2026-08-24,141.19,141.19,139.17,140.71,4141090.0
2026-08-25,140.92,142.49,139.43,139.48,2726845.0
2026-08-26,139.2,139.25,136.74,136.83,5566176.0
2026-08-27,135.85,135.9,134.17,134.22,3951177.0
2026-08-28,134.87,135.57,133.55,135.12,4137764.0
2026-08-31,135.1,135.55,133.08,133.91,4552543.0
2026-09-01,134.01,134.68,133.04,133.27,4035546.0
2026-09-02,133.36,133.5,131.18,131.31,4026390.0
2026-09-03,131.62,132.36,130.15,132.19,4105551.0
2026-09-04,131.78,133.11,131.78,132.08,2800905.0
2026-09-08,131.26,132.0,128.37,128.92,4501987.0
2026-09-09,128.09,128.13,125.81,126.12,4321673.0
2026-09-10,126.38,127.08,125.56,126.42,3359597.0
2026-09-11,127.12,127.36,124.87,125.63,1449432.0
