timestamp,open,high,low,close,volume
2006-09-18,11.3057,11.327,11.1648,11.1834,608200.0
2006-09-19,11.1861,11.2499,11.1648,11.2127,348600.0
2006-09-20,11.2712,11.3349,11.2446,11.2446,291000.0
2006-09-21,11.2446,11.2738,11.1648,11.2047,467200.0
2006-09-22,11.2153,11.2446,11.1941,11.2419,417200.0
2006-09-25,11.2632,11.428,11.2339,11.4147,475200.0
2006-09-26,11.3722,11.4971,11.311,11.4944,1003600.0
2006-09-27,11.4944,11.6114,11.4386,11.5955,578000.0
2006-09-28,11.6167,11.6407,11.4838,11.5476,811400.0
2006-09-29,11.545,11.5901,11.4413,11.4572,494600.0
2006-10-02,11.4971,11.7018,11.4971,11.6353,1114800.0
2006-10-03,11.6167,11.6832,11.5503,11.6407,631200.0
2006-10-04,11.63,11.7337,11.6034,11.7257,688400.0
2006-10-05,11.7098,11.7364,11.6885,11.7337,426400.0
2006-10-06,11.7231,11.7364,11.6699,11.7098,1056400.0
2006-10-09,11.7231,11.7629,11.6486,11.7364,922000.0
2006-10-10,11.7364,11.7948,11.7204,11.7842,438800.0
2006-10-11,11.7443,11.8799,11.7443,11.856,680400.0
2006-10-12,11.8586,11.9065,11.8374,11.9038,412600.0
2006-10-13,11.8639,11.9065,11.8347,11.8746,402600.0
2006-10-16,11.8347,11.9224,11.8081,11.9091,594800.0
2006-10-17,11.9038,11.9783,11.9012,11.9437,911800.0
2006-10-18,11.9543,12.0633,11.9543,12.0553,431000.0
2006-10-19,12.0288,12.0979,12.0128,12.0819,782000.0
2006-10-20,12.0819,12.1324,12.0022,12.1271,394600.0
2006-10-23,12.0819,12.2388,12.0155,12.2388,695200.0
2006-10-24,12.2016,12.26,12.1617,12.2414,1753000.0
2006-10-25,12.1936,12.4514,12.1936,12.4381,1050600.0
2006-10-26,12.4754,12.4913,12.3238,12.3292,749800.0
2006-10-27,12.2946,12.3371,12.2095,12.2335,606000.0
2006-10-30,12.2494,12.2707,12.1829,12.2414,466200.0
2006-10-31,12.2042,12.2441,12.175,12.2016,860000.0
2006-11-01,12.2414,12.2946,12.2095,12.2148,948200.0
2006-11-02,12.175,12.1883,12.1085,12.167,945400.0
2006-11-03,12.1484,12.2016,12.074,12.0872,549000.0
2006-11-06,12.1165,12.1803,12.0819,12.1643,338400.0
2006-11-07,12.159,12.175,12.0633,12.0686,513400.0
2006-11-08,12.0341,12.2148,12.0341,12.1989,434200.0
2006-11-09,12.1937,12.1991,12.1323,12.167,404200.0
2006-11-10,12.1804,12.2391,12.175,12.2097,372200.0
2006-11-13,12.2204,12.3246,12.2097,12.3113,653400.0
2006-11-14,12.3139,12.362,12.2391,12.362,870600.0
2006-11-15,12.3674,12.4048,12.3086,12.4048,435600.0
2006-11-16,12.4449,12.4876,12.3994,12.4395,498200.0
2006-11-17,12.4449,12.4769,12.354,12.4315,417000.0
2006-11-20,12.4475,12.5036,12.4208,12.4689,548600.0
2006-11-21,12.4582,12.4582,12.3273,12.3781,593000.0
2006-11-22,12.3487,12.4208,12.3487,12.4021,404800.0
2006-11-24,12.3754,12.4208,12.3326,12.4155,180000.0
2006-11-27,12.3887,12.3887,12.1777,12.2097,593200.0
2006-11-28,12.2258,12.4716,12.2258,12.4689,838800.0
2006-11-29,12.5036,12.5571,12.4395,12.501,1318800.0
2006-11-30,12.5036,12.5303,12.4502,12.4796,550400.0
2006-12-01,12.4716,12.5998,12.4368,12.5571,877000.0
2006-12-04,12.525,12.6613,12.525,12.6078,1035400.0
2006-12-05,12.6105,12.8189,12.6105,12.7815,708000.0
2006-12-06,12.8456,12.9151,12.8109,12.851,713800.0
2006-12-07,12.851,12.9177,12.7628,12.8029,398200.0
2006-12-08,12.8162,12.875,12.7361,12.7761,348200.0
2006-12-11,12.7681,12.8242,12.7681,12.8242,228600.0
2006-12-12,12.8216,12.8777,12.7895,12.8777,597600.0
2006-12-13,12.9177,12.9258,12.8376,12.8803,325400.0
2006-12-14,12.8563,13.0113,12.8563,12.9311,845000.0
2006-12-15,12.9311,12.9899,12.875,12.9471,1029000.0
2006-12-18,12.9578,12.9578,12.8376,12.8563,404600.0
2006-12-19,12.851,12.9391,12.8189,12.9044,429000.0
2006-12-20,12.8937,12.9364,12.8082,12.8242,465400.0
2006-12-21,12.8082,12.851,12.6773,12.688,832200.0
2006-12-22,12.68,12.7387,12.6426,12.6826,342400.0
2006-12-26,12.6372,12.7468,12.6265,12.7387,457200.0
2006-12-27,12.7227,12.8483,12.7227,12.8055,475200.0
2006-12-28,12.7868,12.8189,12.7361,12.7414,341200.0
2006-12-29,12.7281,12.7548,12.6479,12.6773,634600.0
2007-01-03,12.72,12.8349,12.6826,12.8055,783200.0
2007-01-04,12.8055,12.8323,12.7254,12.8055,564400.0
2007-01-05,12.6025,12.8002,12.5303,12.5464,660400.0
2007-01-08,12.5116,12.5116,12.4155,12.4235,887800.0
2007-01-09,12.4074,12.4235,12.3193,12.3968,765400.0
2007-01-10,12.3567,12.4449,12.338,12.4048,1407000.0
2007-01-11,12.4235,12.5597,12.4101,12.4529,433200.0
2007-01-12,12.4849,12.5277,12.4288,12.4689,476800.0
2007-01-16,12.4983,12.6105,12.4983,12.5223,766400.0
2007-01-17,12.5063,12.5116,12.4422,12.4609,569600.0
2007-01-18,12.2418,12.4849,12.2418,12.4101,539600.0
2007-01-19,12.4048,12.4475,12.322,12.4181,587600.0
2007-01-22,12.4502,12.4502,12.3567,12.4021,464400.0
2007-01-23,12.3994,12.3994,12.3139,12.362,880200.0
2007-01-24,12.3433,12.4368,12.3433,12.4235,692000.0
2007-01-25,12.3594,12.4101,12.33,12.3567,895400.0
2007-01-26,12.354,12.37,12.2017,12.2792,1421600.0
2007-01-29,12.2819,12.322,12.2525,12.3139,822200.0
2007-01-30,12.3006,12.4769,12.2979,12.4048,836800.0
2007-01-31,12.3807,12.4742,12.3166,12.4368,589000.0
2007-02-01,12.4502,12.5784,12.4262,12.549,855200.0
2007-02-02,12.5918,12.6212,12.533,12.5811,646000.0
2007-02-05,12.5571,12.6933,12.4903,12.68,1026800.0
2007-02-06,12.6613,12.8189,12.6426,12.7815,935600.0
2007-02-07,12.8242,12.9044,12.7601,12.8643,1200600.0
2007-02-08,12.8777,12.9845,12.8777,12.9044,1110400.0
2007-02-09,12.9021,12.9289,12.8161,12.8323,690400.0
2007-02-12,12.8699,12.9316,12.8457,12.8645,772600.0
2007-02-13,12.9075,12.9289,12.8887,12.9263,610200.0
2007-02-14,12.9451,13.0444,12.9343,13.0283,965000.0
2007-02-15,13.0256,13.0256,12.9504,12.9827,573000.0
2007-02-16,12.9827,12.9988,12.9236,12.9773,288600.0
2007-02-20,12.9719,13.0256,12.9316,13.0122,523000.0
2007-02-21,12.988,13.0122,12.886,12.937,381600.0
2007-02-22,12.9316,12.9988,12.8994,12.9961,289200.0
2007-02-23,12.9746,13.1599,12.9746,13.1492,785400.0
2007-02-26,13.2539,13.4553,13.2082,13.2458,1055200.0
2007-02-27,13.1733,13.1733,12.8779,12.9424,657200.0
2007-02-28,12.9289,13.0041,12.7866,12.886,823800.0
2007-03-01,12.8645,13.1116,12.8188,13.074,1400200.0
2007-03-02,13.082,13.082,12.792,12.8135,1076200.0
2007-03-05,12.7597,12.8376,12.6577,12.6577,1145400.0
2007-03-06,12.6765,12.7866,12.6577,12.7302,867000.0
2007-03-07,12.6738,12.7651,12.6255,12.6819,809200.0
2007-03-08,12.7571,12.8242,12.7409,12.8027,524200.0
2007-03-09,12.8242,12.8887,12.7839,12.8672,621800.0
2007-03-12,12.8511,12.9585,12.8242,12.937,289400.0
2007-03-13,12.8887,12.9316,12.7195,12.749,632000.0
2007-03-14,12.7973,12.8699,12.6899,12.8054,951800.0
2007-03-15,12.7973,12.9719,12.7759,12.9585,613000.0
2007-03-16,12.9612,12.9692,12.8188,12.8188,729000.0
2007-03-19,12.9048,12.9773,12.8806,12.9477,344200.0
2007-03-20,12.9451,13.1062,12.894,13.1035,489400.0
2007-03-21,13.082,13.1465,13.0229,13.125,1871800.0
2007-03-22,13.1384,13.1545,13.0256,13.1465,907800.0
2007-03-23,13.1572,13.2485,13.0793,13.2109,838000.0
2007-03-26,13.2136,13.2405,13.1626,13.2163,754400.0
2007-03-27,13.1868,13.2109,13.125,13.1894,464800.0
2007-03-28,13.1599,13.2136,13.0793,13.1411,732800.0
2007-03-29,13.1975,13.1975,13.0149,13.0928,888600.0
2007-03-30,13.1196,13.1626,12.9155,13.0364,966200.0
2007-04-02,13.0364,13.1948,13.0337,13.1814,1227600.0
2007-04-03,13.227,13.2942,13.1814,13.2808,505000.0
2007-04-04,13.2808,13.321,13.1841,13.27,942800.0
2007-04-05,13.262,13.2969,13.2458,13.27,348800.0
2007-04-09,13.262,13.2861,13.2297,13.2324,673000.0
2007-04-10,13.227,13.4016,13.2002,13.3828,1119200.0
2007-04-11,13.3801,13.4285,13.3452,13.3989,1181200.0
2007-04-12,13.3801,13.4177,13.321,13.3748,816800.0
2007-04-13,13.407,13.4097,13.3345,13.356,287400.0
2007-04-16,13.3855,13.4124,13.3452,13.3506,486400.0
2007-04-17,13.3533,13.4285,13.3237,13.415,515800.0
2007-04-18,13.415,13.4258,13.3022,13.3372,1294400.0
2007-04-19,13.2324,13.3372,13.2082,13.2754,508400.0
2007-04-20,13.3076,13.3962,13.2808,13.3425,602400.0
2007-04-23,13.3076,13.4043,13.2727,13.3103,882000.0
2007-04-24,13.3264,13.3452,13.1062,13.27,1519200.0
2007-04-25,13.3103,13.3774,13.262,13.364,1144800.0
2007-04-26,13.3748,13.4258,13.321,13.3318,499800.0
2007-04-27,13.3049,13.3184,13.2324,13.2566,533600.0
2007-04-30,13.2781,13.3049,13.1196,13.1277,620000.0
2007-05-01,13.1035,13.1411,13.0498,13.1062,2164800.0
2007-05-02,13.074,13.1653,13.0283,13.133,1896600.0
2007-05-03,13.1411,13.2458,13.1384,13.2029,1282400.0
2007-05-04,13.2136,13.2378,13.176,13.1921,1236600.0
2007-05-07,13.1921,13.2109,13.168,13.1814,1638800.0
2007-05-08,13.1142,13.1948,13.0954,13.1599,1350800.0
2007-05-09,13.1221,13.2004,13.1221,13.1599,762800.0
2007-05-10,13.1626,13.1626,12.9682,12.9898,1201600.0
2007-05-11,13.0114,13.0924,13.006,13.06,788000.0
2007-05-14,13.1869,13.2733,13.1383,13.2085,2154800.0
2007-05-15,13.2085,13.3624,13.2085,13.2679,1857200.0
2007-05-16,13.2463,13.3813,13.2139,13.3084,1485000.0
2007-05-17,13.2949,13.3624,13.2301,13.3408,1568800.0
2007-05-18,13.3597,13.3867,13.3219,13.3408,665400.0
2007-05-21,13.3516,13.3624,13.2544,13.3084,675800.0
2007-05-22,13.2841,13.3786,13.2112,13.3435,2279000.0
2007-05-23,13.3813,13.4757,13.1302,13.1329,1033600.0
2007-05-24,13.1329,13.1653,12.7901,12.8036,1270800.0
2007-05-25,12.836,12.9278,12.6767,12.7469,1323000.0
2007-05-29,12.7928,12.9224,12.7874,12.836,1322400.0
2007-05-30,12.8225,12.979,12.7469,12.9736,898200.0
2007-05-31,13.0114,13.114,12.979,13.0654,1518800.0
2007-06-01,13.0897,13.1572,12.9817,13.06,1353600.0
2007-06-04,13.0384,13.0654,12.9493,13.0033,1055400.0
2007-06-05,12.9574,12.9979,12.8009,12.8819,1510400.0
2007-06-06,12.8252,12.8252,12.5957,12.6524,1172400.0
2007-06-07,12.62,12.62,12.2016,12.2394,1953200.0
2007-06-08,12.2286,12.2961,12.1503,12.2556,1849600.0
2007-06-11,12.2151,12.3852,12.1881,12.2745,936200.0
2007-06-12,12.2556,12.2772,12.099,12.1044,1294600.0
2007-06-13,12.1476,12.288,12.1233,12.2745,1139400.0
2007-06-14,12.261,12.3366,12.1989,12.2286,1144800.0
2007-06-15,12.3501,12.4176,12.2772,12.3096,1525000.0
2007-06-18,12.3177,12.3771,12.1503,12.1746,889000.0
2007-06-19,12.1422,12.2097,12.0585,12.1665,1183400.0
2007-06-20,12.1611,12.2151,11.902,11.9209,1397600.0
2007-06-21,11.9209,12.0747,11.8588,12.0207,1539200.0
2007-06-22,11.9155,12.1206,11.9155,11.9613,2764600.0
2007-06-25,11.9505,12.0855,11.8777,11.902,1094800.0
2007-06-26,12.0153,12.1233,11.8588,11.8615,1322400.0
2007-06-27,11.8237,11.9802,11.7427,11.9802,1372800.0
2007-06-28,11.991,12.0936,11.937,11.991,1464400.0
2007-06-29,11.9829,12.0126,11.8156,11.937,1887800.0
2007-07-03,12.0396,12.099,11.9451,11.991,1360600.0
2007-07-05,12.0207,12.0207,11.8129,11.9209,885400.0
2007-07-06,11.937,11.937,11.7859,11.8453,958800.0
2007-07-09,11.848,11.8966,11.8237,11.8399,1241200.0
2007-07-10,11.7967,11.8129,11.6482,11.6482,1892200.0
2007-07-11,11.6887,11.7562,11.6185,11.6644,1286000.0
2007-07-12,11.7454,11.8237,11.7292,11.7967,1215400.0
2007-07-13,11.794,11.9829,11.7913,11.9748,970800.0
2007-07-16,11.964,12.0504,11.8777,11.8939,1254800.0
2007-07-17,11.8831,11.9316,11.8129,11.8399,1173000.0
2007-07-18,11.7859,11.9856,11.7832,11.9748,1178400.0
2007-07-19,12.0909,12.2691,12.0531,12.2178,1512000.0
2007-07-20,12.2016,12.3582,12.1449,12.1638,1892600.0
2007-07-23,12.2286,12.342,12.1665,12.2124,1139800.0
2007-07-24,11.9964,12.1719,11.9424,11.9667,2377600.0
2007-07-25,12.0639,12.1422,11.9101,12.0423,2119600.0
2007-07-26,11.8939,12.2043,11.7481,11.8345,2152000.0
2007-07-27,11.7967,11.8858,11.5942,11.5969,887800.0
2007-07-30,11.5591,11.6077,11.4053,11.5321,1385200.0
2007-07-31,11.6077,11.7805,11.5672,11.5915,3167800.0
2007-08-01,11.5753,11.8615,11.5537,11.7913,4027400.0
2007-08-02,11.7859,12.1476,11.7859,12.126,3046600.0
2007-08-03,12.1314,12.1908,11.6752,11.6779,1800200.0
2007-08-06,11.5159,12.045,11.5159,12.0261,1804200.0
2007-08-07,11.9667,12.2556,11.9047,12.1881,1675400.0
2007-08-08,12.2286,12.2988,11.5969,12.1665,2972400.0
2007-08-09,11.7866,12.2563,11.6372,11.6644,3087600.0
2007-08-10,11.5802,11.7649,11.3494,11.5992,3347200.0
2007-08-13,11.6237,11.8898,11.5938,11.7078,2118000.0
2007-08-14,11.7296,11.7812,11.5721,11.6372,1460200.0
2007-08-15,11.621,11.7839,11.3196,11.363,1471000.0
2007-08-16,11.3006,11.5667,11.1485,11.4716,3114600.0
2007-08-17,11.8979,12.0038,11.3902,11.6291,2075600.0
2007-08-20,11.6644,11.7594,11.5341,11.659,966600.0
2007-08-21,11.6047,11.7839,11.5612,11.6916,946800.0
2007-08-22,11.7486,11.8517,11.6481,11.7812,758000.0
2007-08-23,11.811,11.9495,11.7214,11.811,940800.0
2007-08-24,11.811,11.9848,11.7513,11.9739,708400.0
2007-08-27,11.9386,11.9441,11.6753,11.716,1130400.0
2007-08-28,11.6753,11.8083,11.5558,11.5667,1012200.0
2007-08-29,11.6427,11.9386,11.6074,11.9088,1378600.0
2007-08-30,11.7947,12.0527,11.773,12.0092,2115200.0
2007-08-31,12.1504,12.1504,11.9196,12.0119,1423400.0
2007-09-04,12.1857,12.4382,12.1504,12.3513,2602800.0
2007-09-05,12.3025,12.3133,12.145,12.259,2030600.0
2007-09-06,12.2943,12.3894,12.1857,12.3676,1955200.0
2007-09-07,12.1939,12.2862,12.05,12.1124,2016400.0
2007-09-10,12.1966,12.2047,11.9848,12.0337,1432000.0
2007-09-11,12.0554,12.0907,11.9604,12.0853,1809200.0
2007-09-12,12.0744,12.1206,11.9984,12.0174,1129800.0
2007-09-13,12.0635,12.1178,11.9278,11.9278,928400.0
2007-09-14,11.8382,12.0174,11.8192,11.9821,1347200.0
2007-09-17,11.9685,11.9875,11.8843,11.9088,1077600.0
2007-09-18,12.0011,12.1097,11.9332,12.1015,903800.0
2007-09-19,12.1504,12.3894,12.126,12.3269,1506000.0
2007-09-20,12.2726,12.3242,12.1396,12.1911,1052000.0
2007-09-21,12.2536,12.3649,12.2536,12.3052,1481800.0
2007-09-24,12.3052,12.3405,12.202,12.2482,859200.0
2007-09-25,12.2264,12.3351,12.2183,12.2753,872800.0
2007-09-26,12.3296,12.3785,12.202,12.3323,825000.0
2007-09-27,12.3622,12.3622,12.2319,12.3513,670400.0
2007-09-28,12.3296,12.4247,12.2264,12.2292,1444200.0
2007-10-01,12.1911,12.4056,12.1911,12.3758,1264200.0
2007-10-02,12.4138,12.4274,12.2563,12.2862,916200.0
2007-10-03,12.2509,12.3432,12.2156,12.3296,891000.0
2007-10-04,12.3703,12.5034,12.3405,12.4925,1231400.0
2007-10-05,12.5686,12.593,12.4409,12.4871,755200.0
2007-10-08,12.4572,12.4898,12.3405,12.3595,1020600.0
2007-10-09,12.4219,12.5441,12.4056,12.5387,1569800.0
2007-10-10,12.555,12.6066,12.4627,12.4654,870800.0
2007-10-11,12.4952,12.5577,12.3541,12.4355,1349600.0
2007-10-12,12.4219,12.5713,12.4111,12.5278,1068200.0
2007-10-15,12.5468,12.5957,12.3866,12.4491,1472400.0
2007-10-16,12.4762,12.4898,12.4219,12.4409,1327400.0
2007-10-17,12.4898,12.5468,12.2726,12.3921,1315000.0
2007-10-18,12.3649,12.4762,12.3459,12.4355,944800.0
2007-10-19,12.4002,12.4817,12.1776,12.1776,3258600.0
2007-10-22,12.0988,12.3188,12.0418,12.2998,1287400.0
2007-10-23,12.4138,12.4491,12.2102,12.259,1045600.0
2007-10-24,12.2264,12.4219,12.2264,12.3948,1949000.0
2007-10-25,12.4572,12.5821,12.4247,12.5767,1002800.0
2007-10-26,12.5876,12.8156,12.5876,12.7478,1181800.0
2007-10-29,12.8021,12.8835,12.7559,12.8238,2873200.0
2007-10-30,12.7315,12.8699,12.5821,12.8075,1670600.0
2007-10-31,12.8564,13.0872,12.8156,13.0247,2000200.0
2007-11-01,12.9297,13.155,12.8374,12.9568,2224000.0
2007-11-02,13.0763,13.1306,12.927,12.9813,1730800.0
2007-11-05,12.946,13.0872,12.8672,13.0003,1589400.0
2007-11-06,13.0193,13.0573,12.8509,12.8998,2175000.0
2007-11-07,12.7613,12.8754,12.6717,12.6989,1871200.0
2007-11-08,12.7527,12.9656,12.7008,12.8482,3344600.0
2007-11-09,12.679,12.8864,12.679,12.8045,2129600.0
2007-11-12,12.8045,12.8182,12.6954,12.7172,2295800.0
2007-11-13,12.7691,12.8182,12.6135,12.7554,1802000.0
2007-11-14,12.7964,12.84,12.6844,12.6899,2026800.0
2007-11-15,12.6517,12.8837,12.6107,12.8428,1699000.0
2007-11-16,12.8591,12.8946,12.7199,12.8318,1884600.0
2007-11-19,12.7254,12.9356,12.709,12.8755,1589800.0
2007-11-20,12.9219,13.1021,12.8946,13.0557,2371400.0
2007-11-21,12.982,13.1294,12.8755,13.0093,1986800.0
2007-11-23,13.0584,13.1103,12.9956,13.0147,589800.0
2007-11-26,13.0065,13.2495,13.0065,13.0802,2507200.0
2007-11-27,13.0939,13.2113,13.0175,13.1976,2410800.0
2007-11-28,13.2549,13.4651,13.1894,13.3996,2200400.0
2007-11-29,13.3477,13.4351,13.0748,13.1594,4342000.0
2007-11-30,13.1075,13.1758,12.8619,13.0366,5692200.0
2007-12-03,12.9629,13.1676,12.9547,13.1103,2906200.0
2007-12-04,12.9792,13.3123,12.9792,13.3041,1856600.0
2007-12-05,13.4296,13.5197,13.3341,13.4951,2163200.0
2007-12-06,13.4651,13.5033,13.3532,13.4788,1173600.0
2007-12-07,13.5252,13.5798,13.4378,13.5798,1849600.0
2007-12-10,13.5743,13.5934,13.5088,13.5934,1218600.0
2007-12-11,13.5825,13.6343,13.345,13.3587,1456000.0
2007-12-12,13.6289,13.6371,13.3368,13.4132,1298800.0
2007-12-13,13.3395,13.5333,13.2986,13.5224,1039000.0
2007-12-14,13.4596,13.5033,13.3395,13.3477,1396000.0
2007-12-17,13.2931,13.3614,13.2058,13.2413,1449800.0
2007-12-18,13.3532,13.5115,13.2931,13.4433,1756600.0
2007-12-19,13.4078,13.6234,13.3887,13.5252,2520600.0
2007-12-20,13.5934,13.648,13.5033,13.577,1373600.0
2007-12-21,13.779,13.779,13.4569,13.4897,1411400.0
2007-12-24,13.5115,13.5825,13.4569,13.5579,439800.0
2007-12-26,13.5306,13.5525,13.3778,13.4132,711000.0
2007-12-27,13.4132,13.4979,13.3559,13.3832,778800.0
2007-12-28,13.4651,13.4651,13.3013,13.416,558400.0
2007-12-31,13.3477,13.446,13.2795,13.3095,879200.0
2008-01-02,13.2194,13.2577,12.9656,13.0475,1142600.0
2008-01-03,13.0666,13.0966,12.8946,12.9028,1031600.0
2008-01-04,12.7554,13.0475,12.7554,12.9629,1207400.0
2008-01-07,12.9956,13.3805,12.9902,13.345,2279000.0
2008-01-08,13.3668,13.5415,13.3314,13.3859,2040400.0
2008-01-09,13.345,13.4542,13.1949,13.3314,1672000.0
2008-01-10,13.214,13.3914,13.0639,13.1348,1707200.0
2008-01-11,13.0147,13.1676,12.9874,13.083,1362400.0
2008-01-14,13.1485,13.1621,12.9547,13.0011,1064000.0
2008-01-15,12.8646,13.1949,12.8646,13.0584,2878600.0
2008-01-16,13.0475,13.2768,13.0475,13.1512,2668400.0
2008-01-17,13.1785,13.1785,12.679,12.6872,1838400.0
2008-01-18,12.7254,12.9055,12.5343,12.638,2939200.0
2008-01-22,12.1576,12.537,12.1576,12.3405,2524000.0
2008-01-23,12.2832,12.5425,12.2231,12.4197,3327000.0
2008-01-24,12.4688,12.4688,12.1713,12.2095,4810600.0
2008-01-25,12.2695,12.3269,12.0102,12.013,2789600.0
2008-01-28,12.0102,12.275,12.0102,12.245,2021200.0
2008-01-29,12.305,12.4388,12.2395,12.3296,1330400.0
2008-01-30,12.2805,12.5589,12.2341,12.2914,1164400.0
2008-01-31,12.1767,12.477,12.1194,12.4279,1403200.0
2008-02-01,12.4251,12.5534,12.3159,12.548,1344000.0
2008-02-04,12.5671,12.8318,12.4552,12.7363,1140400.0
2008-02-05,12.679,12.9656,12.5452,12.5698,2096000.0
2008-02-06,12.6217,12.7663,12.5862,12.6162,2162000.0
2008-02-07,12.5671,12.6189,12.4715,12.578,1803000.0
2008-02-08,12.5234,12.679,12.4715,12.5507,1288600.0
2008-02-11,12.5756,12.5894,12.4576,12.5125,1343600.0
2008-02-12,12.6305,12.669,12.4795,12.5976,2134800.0
2008-02-13,12.6827,12.6827,12.4246,12.4823,1532200.0
2008-02-14,12.5235,12.6168,12.2818,12.3395,836200.0
2008-02-15,12.2654,12.3367,12.2022,12.3148,1170600.0
2008-02-19,12.4191,12.4548,12.2736,12.3258,851200.0
2008-02-20,12.2297,12.312,12.0704,12.2818,1294000.0
2008-02-21,12.3175,12.4054,12.0951,12.1116,1463000.0
2008-02-22,12.1363,12.312,12.0979,12.312,1200200.0
2008-02-25,12.3065,12.3532,12.2297,12.3148,1244400.0
2008-02-26,12.2956,12.3697,12.172,12.3285,937000.0
2008-02-27,12.3285,12.3642,12.0649,12.0786,1276000.0
2008-02-28,12.01,12.1363,11.8343,12.0814,1232200.0
2008-02-29,11.9771,12.0127,11.8562,11.9771,2864400.0
2008-03-03,11.999,12.0979,11.9166,12.0924,1880000.0
2008-03-04,11.9386,12.2516,11.9139,12.1088,2167200.0
2008-03-05,12.1116,12.1583,11.9688,12.1034,1371200.0
2008-03-06,12.0265,12.0677,11.9139,11.9359,1467000.0
2008-03-07,11.8535,11.9661,11.7492,11.9166,1228200.0
2008-03-10,11.9523,11.9908,11.8068,11.8947,1508800.0
2008-03-11,12.1445,12.1445,11.8453,11.9688,1658000.0
2008-03-12,12.0375,12.0814,11.8617,11.8645,1358200.0
2008-03-13,11.7739,11.9029,11.708,11.8617,2313200.0
2008-03-14,11.9386,11.9551,11.6997,11.8205,1636800.0
2008-03-17,11.7876,11.8864,11.5322,11.8205,2599400.0
2008-03-18,12.0237,12.0732,11.8562,12.0292,1640200.0
2008-03-19,12.0649,12.2626,11.8755,11.8755,1792000.0
2008-03-20,11.8892,12.0018,11.7409,11.9496,1366200.0
2008-03-24,11.9578,12.0045,11.7107,11.7794,1679400.0
2008-03-25,11.7629,11.9304,11.7272,11.8645,1363000.0
2008-03-26,11.7656,11.9249,11.5954,11.8755,3452000.0
2008-03-27,11.9166,12.1088,11.8755,12.0512,2317400.0
2008-03-28,12.0732,12.1665,11.9249,11.9716,1328800.0
2008-03-31,11.9716,12.0786,11.8782,12.0786,1309000.0
2008-04-01,12.1583,12.323,12.1418,12.3148,1284000.0
2008-04-02,12.3367,12.5344,12.3367,12.4685,1345000.0
2008-04-03,12.4081,12.4685,12.2956,12.3175,1110800.0
2008-04-04,12.3313,12.4136,12.2406,12.2516,1469000.0
2008-04-07,12.3203,12.4356,12.2159,12.3972,800400.0
2008-04-08,12.3148,12.4356,12.2461,12.4054,1054800.0
2008-04-09,12.3972,12.4548,12.3532,12.4246,916200.0
2008-04-10,12.3944,12.3944,12.2681,12.334,1469800.0
2008-04-11,12.2461,12.5042,12.2461,12.4768,1069000.0
2008-04-14,12.507,12.5427,12.356,12.4191,1047600.0
2008-04-15,12.4713,12.5564,12.3972,12.5372,901000.0
2008-04-16,12.6058,12.8365,12.5811,12.8145,1613200.0
2008-04-17,12.7431,12.8832,12.7404,12.7898,598200.0
2008-04-18,12.9024,12.9353,12.7431,12.798,643000.0
2008-04-21,12.68,12.7514,12.6113,12.7321,728800.0
2008-04-22,12.6607,12.6937,12.5674,12.6113,740200.0
2008-04-23,12.6443,12.7953,12.6168,12.7376,680800.0
2008-04-24,12.7266,12.8475,12.6498,12.7816,1061000.0
2008-04-25,12.8255,12.8777,12.7541,12.7953,669200.0
2008-04-28,12.9051,13.0287,12.7843,12.831,914800.0
2008-04-29,12.9436,13.0012,12.7157,12.7157,1723800.0
2008-04-30,12.7541,13.1413,12.7294,13.0314,2047400.0
2008-05-01,12.9875,13.2429,12.9875,13.0836,1532200.0
2008-05-02,13.1275,13.2126,13.0452,13.133,1539000.0
2008-05-05,13.133,13.133,12.9545,13.0424,1202200.0
2008-05-06,13.0479,13.1138,12.8886,13.0781,941200.0
2008-05-07,13.0726,13.1028,12.8255,12.8639,1518000.0
2008-05-08,12.9353,13.2126,12.809,13.2017,2831600.0
2008-05-09,13.1521,13.2515,12.9643,13.1824,862800.0
2008-05-12,13.2156,13.3177,13.1024,13.2763,1185000.0
2008-05-13,13.268,13.315,13.1493,13.2957,782200.0
2008-05-14,13.315,13.3619,13.2736,13.3039,591200.0
2008-05-15,13.2874,13.3371,13.188,13.2625,613400.0
2008-05-16,13.2929,13.3895,13.1852,13.3095,825400.0
2008-05-19,13.2708,13.4531,13.257,13.3813,665000.0
2008-05-20,13.3122,13.4144,13.257,13.3592,876800.0
2008-05-21,13.3398,13.4254,13.2542,13.2791,848000.0
2008-05-22,13.2791,13.4613,13.2542,13.4282,1345000.0
2008-05-23,13.4116,13.4116,13.1631,13.1852,908000.0
2008-05-27,13.2321,13.3288,13.2156,13.2984,724200.0
2008-05-28,13.3095,13.3509,13.2183,13.268,1108800.0
2008-05-29,13.1714,13.3813,13.1631,13.3233,1017200.0
2008-05-30,13.384,13.4144,13.1769,13.2653,1183800.0
2008-06-02,13.2073,13.2957,13.1051,13.2183,1502400.0
2008-06-03,13.2321,13.2846,13.0886,13.1493,913800.0
2008-06-04,13.0941,13.268,13.0609,13.2101,1189000.0
2008-06-05,13.1631,13.3177,13.1631,13.3039,2031400.0
2008-06-06,13.1935,13.3426,13.072,13.0886,1555200.0
2008-06-09,13.0968,13.2377,13.0968,13.188,1276600.0
2008-06-10,13.1189,13.2101,13.0057,13.1714,1024400.0
2008-06-11,13.1576,13.2377,13.0416,13.0665,1165800.0
2008-06-12,13.1079,13.1852,12.9726,13.0416,1063400.0
2008-06-13,13.0775,13.1438,12.9753,13.0803,1058600.0
2008-06-16,13.0057,13.1548,12.9312,13.141,1855000.0
2008-06-17,13.1024,13.2294,13.0968,13.1797,972600.0
2008-06-18,13.1686,13.2708,13.1024,13.141,1421400.0
2008-06-19,13.1742,13.2294,13.072,13.1355,2550000.0
2008-06-20,13.0471,13.1134,12.9146,12.9339,2419600.0
2008-06-23,12.9533,13.1245,12.9533,12.9588,1326800.0
2008-06-24,12.8787,12.945,12.8318,12.8594,1800600.0
2008-06-25,12.8759,13.0499,12.8677,13.0057,1267800.0
2008-06-26,12.9063,12.9146,12.5998,12.6136,1624400.0
2008-06-27,12.6053,12.6965,12.4038,12.4176,1775000.0
2008-06-30,12.412,12.5915,12.3568,12.4866,1735600.0
2008-07-01,12.3789,12.5612,12.3568,12.4756,2184400.0
2008-07-02,12.4894,12.6329,12.4507,12.459,2049600.0
2008-07-03,12.4645,12.5612,12.343,12.47,1195600.0
2008-07-07,12.5308,12.6081,12.39,12.5004,2157200.0
2008-07-08,12.5501,12.6274,12.3955,12.5777,2171000.0
2008-07-09,12.6799,12.8124,12.5363,12.7903,1490800.0
2008-07-10,12.7738,12.8704,12.702,12.7627,1459200.0
2008-07-11,12.6882,12.8483,12.5253,12.6799,1677000.0
2008-07-14,12.7324,12.771,12.3982,12.4038,2117000.0
2008-07-15,12.3182,12.3761,12.2188,12.2961,1817600.0
2008-07-16,12.3237,12.3872,12.0724,12.1166,1067000.0
2008-07-17,12.1608,12.2049,11.9426,12.0586,1832400.0
2008-07-18,12.0614,12.2326,11.8653,12.0227,1317800.0
2008-07-21,11.984,12.169,11.8764,12.1442,1016000.0
2008-07-22,12.147,12.2298,12.0199,12.0779,1322000.0
2008-07-23,12.0393,12.0669,11.8101,11.8764,1411200.0
2008-07-24,11.8598,12.0669,11.8128,12.0669,2385600.0
2008-07-25,12.0917,12.1442,11.8708,11.9122,1762600.0
2008-07-28,11.8653,12.0807,11.8487,12.0448,1366800.0
2008-07-29,12.0393,12.089,11.9509,12.0061,1938200.0
2008-07-30,12.0807,12.2933,12.0006,12.274,1813200.0
2008-07-31,11.6002,12.5087,11.6002,12.459,2419000.0
2008-08-01,12.5032,12.5032,12.2464,12.2602,2187600.0
2008-08-04,12.2878,12.401,12.216,12.216,1690000.0
2008-08-05,12.216,12.5971,12.216,12.5915,1917400.0
2008-08-06,12.5584,12.8097,12.4645,12.4811,1931600.0
2008-08-07,12.4258,12.5059,12.3016,12.3099,1833200.0
2008-08-08,12.2933,12.7158,12.2767,12.6965,1449600.0
2008-08-11,12.7089,13.0255,12.595,12.9477,1894600.0
2008-08-12,12.9949,13.0672,12.7617,12.7978,1619800.0
2008-08-13,12.795,12.87,12.7061,12.845,808400.0
2008-08-14,12.8311,12.8311,12.6422,12.7144,1099800.0
2008-08-15,12.9505,13.1199,12.7505,12.9338,1324600.0
2008-08-18,12.9477,13.0505,12.8727,12.92,815200.0
2008-08-19,12.8644,12.9672,12.8311,12.8977,570600.0
2008-08-20,12.9227,12.9783,12.7394,12.8478,834800.0
2008-08-21,12.8228,12.9616,12.72,12.8366,1115400.0
2008-08-22,12.8533,12.8977,12.8228,12.8977,502800.0
2008-08-25,12.8228,12.845,12.645,12.7589,752000.0
2008-08-26,12.7422,12.8644,12.695,12.8422,770600.0
2008-08-27,12.7755,12.9672,12.7755,12.9005,607800.0
2008-08-28,12.9422,13.0366,12.7755,13.0366,1310800.0
2008-08-29,12.9755,13.0755,12.9061,12.9894,987600.0
2008-09-02,12.9644,13.1199,12.845,12.8644,1079600.0
2008-09-03,12.8755,12.8839,12.6478,12.6867,1475000.0
2008-09-04,12.6367,12.7533,12.5561,12.5867,1008000.0
2008-09-05,12.5339,12.6311,12.3756,12.5561,2646000.0
2008-09-08,12.645,12.8672,12.645,12.8172,1276000.0
2008-09-09,12.7617,12.8366,12.5089,12.5089,1535000.0
2008-09-10,12.5117,12.5645,12.2506,12.3701,1926800.0
2008-09-11,12.2506,12.4978,12.1395,12.4673,1374200.0
2008-09-12,12.4117,12.7422,12.3423,12.7172,745400.0
2008-09-15,12.4978,12.6311,12.2201,12.4145,1241600.0
2008-09-16,12.3562,12.7728,12.1507,12.5811,4075600.0
2008-09-17,12.4867,12.5645,12.1979,12.2867,3006000.0
2008-09-18,12.3506,12.6978,12.2256,12.4145,2873400.0
2008-09-19,12.6533,12.7644,12.1868,12.445,2622000.0
2008-09-22,12.4339,12.6006,12.3867,12.4645,1479600.0
2008-09-23,12.4839,12.5645,12.1395,12.1951,1222800.0
2008-09-24,12.1284,12.3006,12.0257,12.2395,923000.0
2008-09-25,12.3117,12.7061,12.2617,12.6506,1453200.0
2008-09-26,12.4256,12.7228,12.4256,12.6894,1041800.0
2008-09-29,12.5811,12.8727,12.3534,12.5867,2488000.0
2008-09-30,12.7311,12.7311,12.2756,12.47,1838000.0
2008-10-01,12.4423,12.6561,12.2562,12.6395,1372800.0
2008-10-02,12.6089,12.8033,12.4895,12.6006,1694000.0
2008-10-03,12.72,12.7422,12.3284,12.3923,2186800.0
2008-10-06,12.2645,12.4367,11.5646,12.0312,2833200.0
2008-10-07,12.1173,12.209,11.7007,11.7202,3324600.0
2008-10-08,11.5341,11.884,11.423,11.5869,4041200.0
2008-10-09,11.6257,11.6674,10.912,10.9647,3306600.0
2008-10-10,10.7509,10.8314,9.69,10.5593,4966200.0
2008-10-13,10.7565,11.4869,10.6315,11.4869,2486400.0
2008-10-14,11.6952,11.7785,10.5232,10.9953,2700200.0
2008-10-15,10.8537,10.9314,10.2871,10.4426,2977200.0
2008-10-16,10.4565,10.662,10.0066,10.6454,4029000.0
2008-10-17,10.7592,11.1397,10.301,10.7481,2634800.0
2008-10-20,10.8203,11.3925,10.712,11.3925,1778200.0
2008-10-21,11.323,11.5091,11.1092,11.1869,1530400.0
2008-10-22,11.012,11.3008,10.6315,10.9675,2578800.0
2008-10-23,11.0231,11.4702,10.6315,11.2119,3129000.0
2008-10-24,10.7898,11.1147,10.4787,10.9564,2652200.0
2008-10-27,10.7759,10.9203,10.4843,10.5954,1770800.0
2008-10-28,10.7898,11.5452,10.5287,11.5452,2462800.0
2008-10-29,11.7202,12.3201,11.4563,11.6785,6047600.0
2008-10-30,11.9035,12.2423,11.9035,12.1645,6221200.0
2008-10-31,12.1451,12.4006,11.9757,12.0812,4927200.0
2008-11-03,11.984,12.0229,11.4924,11.8979,4151400.0
2008-11-04,12.0062,12.1395,11.6757,11.8535,2927600.0
2008-11-05,11.7285,12.0201,11.6174,11.6424,2413800.0
2008-11-06,11.6313,11.6924,11.0981,11.1036,3683000.0
2008-11-07,11.1508,11.9312,11.1092,11.9257,4074000.0
2008-11-10,12.0646,12.0646,11.3008,11.4202,1874800.0
2008-11-11,11.2745,11.691,11.213,11.473,2399600.0
2008-11-12,11.2298,11.4422,11.0453,11.1319,2605600.0
2008-11-13,11.1795,11.8029,10.9362,11.8029,3468800.0
2008-11-14,11.6351,12.2613,11.5345,11.7889,3098000.0
2008-11-17,11.6128,12.253,11.6128,11.8504,3359600.0
2008-11-18,11.7777,11.979,11.4199,11.828,2081600.0
2008-11-19,11.8168,12.2362,11.5708,11.5708,3947400.0
2008-11-20,11.5093,11.7861,10.995,11.0844,2336000.0
2008-11-21,11.1152,11.5373,10.707,11.5373,4645800.0
2008-11-24,11.6519,12.1719,11.4422,11.9399,2177800.0
2008-11-25,11.9399,12.2977,11.6883,12.0125,1812400.0
2008-11-26,11.8756,12.0293,11.7553,11.951,1786000.0
2008-11-28,11.8839,12.1495,11.8141,12.1495,1474200.0
2008-12-01,11.9035,12.0209,11.5149,11.582,2258600.0
2008-12-02,11.7274,11.7581,11.3276,11.6351,1962000.0
2008-12-03,11.4115,12.0517,11.4115,12.0349,1622600.0
2008-12-04,11.9287,12.0629,11.4059,11.5625,1413000.0
2008-12-05,11.445,11.7218,11.0593,11.7078,3115400.0
2008-12-08,11.8728,11.9454,11.1403,11.4199,3068600.0
2008-12-09,11.3444,11.6743,11.336,11.4562,1934000.0
2008-12-10,11.4898,11.7386,11.3416,11.6379,1692400.0
2008-12-11,11.568,11.7414,11.4283,11.5149,2060800.0
2008-12-12,11.3919,11.719,11.2298,11.691,2300000.0
2008-12-15,11.6855,11.8867,11.5373,11.7973,1950000.0
2008-12-16,12.0125,12.0964,11.7498,12.0097,2340400.0
2008-12-17,11.8867,11.951,11.3053,11.4311,3309800.0
2008-12-18,11.4898,11.5708,11.241,11.4898,3519800.0
2008-12-19,11.4898,11.7945,11.4898,11.5876,2310600.0
2008-12-22,11.4898,11.7553,11.4311,11.6351,1296000.0
2008-12-23,11.6351,11.6351,11.4702,11.5093,1392600.0
2008-12-24,11.4842,11.6128,11.4367,11.5373,521400.0
2008-12-26,11.5736,11.705,11.5597,11.6575,511400.0
2008-12-29,11.6435,11.7162,11.5065,11.6491,1290800.0
2008-12-30,11.6743,11.7414,11.4478,11.6016,2234000.0
2008-12-31,11.6575,11.7861,11.5736,11.7358,2073600.0
2009-01-02,11.8504,11.9343,11.6687,11.8923,1468600.0
2009-01-05,11.828,11.8951,11.6799,11.7749,2112000.0
2009-01-06,11.7833,12.0042,11.6491,11.7246,3182800.0
2009-01-07,11.6463,11.828,11.6016,11.7917,2454000.0
2009-01-08,11.7358,12.0908,11.7162,12.0684,3131400.0
2009-01-09,12.0069,12.0908,11.8392,11.9594,1644800.0
2009-01-12,11.9175,12.088,11.8811,12.0265,1137200.0
2009-01-13,11.9986,12.1104,11.7246,11.828,1327400.0
2009-01-14,11.6016,11.6827,11.4367,11.5988,1474200.0
2009-01-15,11.6128,11.705,11.4422,11.705,1235400.0
2009-01-16,11.8113,12.0601,11.8057,11.9678,1737600.0
2009-01-20,12.0014,12.0265,11.6994,11.7246,1352600.0
2009-01-21,11.8728,11.9622,11.6379,11.9259,1862600.0
2009-01-22,11.8196,12.1383,11.7777,12.0517,2407800.0
2009-01-23,11.9035,12.3508,11.7889,12.2921,3010400.0
2009-01-26,12.2725,12.6975,12.2502,12.6164,3212000.0
2009-01-27,12.6387,12.8959,12.5884,12.84,4648000.0
2009-01-28,12.9043,12.9574,12.594,12.7338,2838400.0
2009-01-29,12.6555,12.9155,12.6052,12.6947,1797600.0
2009-01-30,12.7282,12.7645,12.3704,12.4626,2639400.0
2009-02-02,12.3033,12.6387,12.2446,12.5968,1921600.0
2009-02-03,12.6387,12.9938,12.4906,12.6359,3881200.0
2009-02-04,12.717,12.8456,12.5129,12.6863,3626600.0
2009-02-05,12.5661,12.7226,12.4962,12.5744,3290600.0
2009-02-06,12.6527,12.6527,12.4431,12.5437,2095400.0
2009-02-09,12.5157,12.5689,12.2585,12.4039,1889400.0
2009-02-10,12.3304,12.4205,12.0345,12.0824,1565800.0
2009-02-11,12.1973,12.2508,11.9888,12.1945,2283000.0
2009-02-12,12.0113,12.0789,11.7521,12.0395,3525600.0
2009-02-13,12.0282,12.4255,11.9324,12.2846,2497400.0
2009-02-17,12.0198,12.1325,11.9127,11.9437,2271600.0
2009-02-18,11.9775,12.0057,11.7746,11.8761,2069000.0
2009-02-19,11.8817,12.0339,11.7944,11.9099,1978600.0
2009-02-20,11.2956,12.0226,11.2956,11.8958,3441000.0
2009-02-23,12.0339,12.0958,11.6676,11.7183,1774000.0
2009-02-24,11.7662,11.8056,11.5351,11.7549,2461600.0
2009-02-25,11.7239,11.8113,11.6084,11.6788,2449400.0
2009-02-26,11.831,11.831,11.5295,11.538,1957800.0
2009-02-27,11.3689,11.4196,11.1294,11.2196,3774600.0
2009-03-02,11.1125,11.2928,10.8702,10.8786,2676600.0
2009-03-03,10.9913,10.9913,10.5208,10.5236,2720200.0
2009-03-04,10.5743,10.8279,10.5743,10.673,2329800.0
2009-03-05,10.5039,10.5236,10.2841,10.3912,3777400.0
2009-03-06,10.4616,10.673,10.3292,10.5856,2579600.0
2009-03-09,10.5152,10.5828,10.2531,10.2982,3467800.0
2009-03-10,10.4476,10.4476,10.2306,10.3546,1929200.0
2009-03-11,10.394,10.4786,10.2982,10.3799,2236000.0
2009-03-12,10.3405,10.4842,10.2701,10.4447,2344400.0
2009-03-13,10.5095,10.7434,10.4194,10.718,2896600.0
2009-03-16,10.8392,10.9744,10.7547,10.7688,2694600.0
2009-03-17,10.749,10.7998,10.518,10.7941,2514800.0
2009-03-18,10.7772,11.2139,10.6758,11.1689,2973600.0
2009-03-19,11.2365,11.2985,11.0421,11.2083,1696200.0
2009-03-20,11.2168,11.4901,11.1689,11.2534,2677400.0
2009-03-23,11.4365,11.6732,11.2985,11.6732,1535000.0
2009-03-24,11.5859,11.6704,11.3492,11.3717,2396800.0
2009-03-25,11.4027,11.4872,11.1407,11.3126,2074000.0
2009-03-26,11.4422,11.4422,11.135,11.3717,3272000.0
2009-03-27,11.2393,11.569,11.2196,11.5126,3379200.0
2009-03-30,11.3351,11.4816,11.2928,11.4619,2077200.0
2009-03-31,11.4562,11.7831,11.4365,11.5999,2713000.0
2009-04-01,11.5436,11.7098,11.476,11.6535,1710800.0
2009-04-02,11.8113,11.8113,11.414,11.5999,2093400.0
2009-04-03,11.6028,11.738,11.5323,11.6478,1668600.0
2009-04-06,11.5915,11.7775,11.4872,11.5605,1300800.0
2009-04-07,11.4675,11.7155,11.3238,11.6056,2035200.0
2009-04-08,11.6281,11.7014,11.4732,11.7014,1457400.0
2009-04-09,11.8986,11.8986,11.2844,11.4647,2405400.0
2009-04-13,11.4591,11.5211,11.3351,11.4027,1379000.0
2009-04-14,11.3182,11.3182,11.1125,11.1435,1584600.0
2009-04-15,11.1491,11.3041,11.1125,11.3041,1108400.0
2009-04-16,11.3238,11.3914,11.2196,11.3154,1820800.0
2009-04-17,11.321,11.4084,11.1942,11.2506,2239000.0
2009-04-20,11.1266,11.2393,11.1097,11.1717,2065200.0
2009-04-21,11.135,11.3379,11.135,11.3126,1970200.0
2009-04-22,11.2421,11.3266,11.1435,11.197,2164600.0
2009-04-23,11.1829,11.2308,11.0787,11.2196,1642800.0
2009-04-24,11.2703,11.2956,11.059,11.1153,1892800.0
2009-04-27,11.0674,11.3464,11.0533,11.2365,1596400.0
2009-04-28,11.2083,11.259,11.1041,11.1576,1692800.0
2009-04-29,11.228,11.3464,11.2111,11.3266,2159200.0
2009-04-30,11.3774,11.4112,11.135,11.259,1379600.0
2009-05-01,11.2449,11.352,11.1632,11.3435,1329800.0
2009-05-04,11.3661,11.4224,11.135,11.3858,2377800.0
2009-05-05,11.3041,11.5436,11.1942,11.3999,2728600.0
2009-05-06,11.4506,11.4506,11.0167,11.1012,2790000.0
2009-05-07,11.1463,11.2308,10.9942,11.1069,1894800.0
2009-05-08,11.1773,11.2139,10.8702,10.9575,3214600.0
2009-05-11,10.8548,11.0538,10.798,11.0054,2134000.0
2009-05-12,11.0303,11.0985,10.8911,10.9962,2103000.0
2009-05-13,10.9195,11.0531,10.82,10.857,1758400.0
2009-05-14,10.8598,10.9792,10.6808,10.7717,1819600.0
2009-05-15,10.7433,10.7433,10.5358,10.5955,2361000.0
2009-05-18,10.6552,10.658,10.4392,10.5529,2293400.0
2009-05-19,10.6182,10.8399,10.5585,10.7689,2220000.0
2009-05-20,10.8229,10.8712,10.5472,10.5585,2129200.0
2009-05-21,10.5045,10.6154,10.4221,10.5017,2000800.0
2009-05-22,10.5017,10.6438,10.4733,10.5529,1104800.0
2009-05-26,10.5557,10.7916,10.4591,10.7632,1427000.0
2009-05-27,10.7404,10.9138,10.7234,10.7632,3420600.0
2009-05-28,10.8825,11.1611,10.8086,11.0843,3300400.0
2009-05-29,11.1014,11.2151,10.9479,11.2151,3077200.0
2009-06-01,11.3288,11.5988,11.2549,11.5362,3384200.0
2009-06-02,11.5561,11.6499,11.4794,11.4936,1425400.0
2009-06-03,11.4879,11.5675,11.3344,11.4709,2035600.0
2009-06-04,11.5021,11.5561,11.4197,11.522,1620200.0
2009-06-05,11.5732,11.6755,11.4453,11.5675,1743400.0
2009-06-08,11.5163,11.6414,11.3913,11.4794,1815000.0
2009-06-09,11.5135,11.5135,11.1781,11.2065,2834400.0
2009-06-10,11.2605,11.3657,11.144,11.2634,1891800.0
2009-06-11,11.2549,11.6329,11.2549,11.4936,1642400.0
2009-06-12,11.4481,11.7267,11.3828,11.6812,1904400.0
2009-06-15,11.5959,11.6584,11.3288,11.4254,1757400.0
2009-06-16,11.4396,11.4993,11.3003,11.3771,1413800.0
2009-06-17,11.3856,11.5334,11.289,11.4538,2247800.0
2009-06-18,11.4936,11.559,11.4225,11.5192,2468400.0
2009-06-19,11.576,11.6357,11.3941,11.4339,1790200.0
2009-06-22,11.3657,11.5846,11.3572,11.4993,2127400.0
2009-06-23,11.4851,11.4851,11.2378,11.2804,1198000.0
2009-06-24,11.3202,11.4822,11.2918,11.4055,1529800.0
2009-06-25,11.2293,11.721,11.2293,11.5931,2183400.0
2009-06-26,11.5703,11.63,11.4766,11.5647,1114400.0
2009-06-29,11.5533,11.721,11.505,11.7039,1120400.0
2009-06-30,11.7267,11.7267,11.3572,11.5703,2310200.0
2009-07-01,11.6016,11.8574,11.5988,11.792,1211600.0
2009-07-02,11.6471,11.721,11.468,11.468,1547200.0
2009-07-06,11.4453,11.8119,11.4396,11.7579,1840200.0
2009-07-07,11.7835,11.8062,11.5959,11.6158,1662800.0
2009-07-08,11.63,11.8318,11.576,11.6471,3075800.0
2009-07-09,11.7011,11.7096,11.4623,11.6158,1349000.0
2009-07-10,11.5789,11.6101,11.4595,11.5647,990600.0
2009-07-13,11.6073,11.6641,11.4794,11.63,1345600.0
2009-07-14,11.6215,11.7039,11.522,11.7039,857600.0
2009-07-15,11.7807,11.8375,11.6187,11.8347,1156800.0
2009-07-16,11.7807,11.8261,11.6243,11.7778,1064400.0
2009-07-17,11.7579,11.7664,11.6016,11.684,1176000.0
2009-07-20,11.7039,11.7466,11.6073,11.738,778000.0
2009-07-21,11.792,11.8517,11.7181,11.8517,1190600.0
2009-07-22,11.829,12.0052,11.738,11.8403,1155200.0
2009-07-23,11.7323,12.1928,11.7323,12.1786,2083800.0
2009-07-24,12.1359,12.3093,12.0592,12.3065,1091000.0
2009-07-27,12.2155,12.3263,12.1871,12.3178,634800.0
2009-07-28,12.17,12.2667,12.0905,12.1473,993800.0
2009-07-29,12.1075,12.2667,12.0421,12.153,1007000.0
2009-07-30,12.2723,12.3917,12.1103,12.3207,1199800.0
2009-07-31,12.3235,12.4031,12.1899,12.2127,1069200.0
2009-08-03,12.2496,12.3889,12.0762,12.3661,1474400.0
2009-08-04,12.3349,12.3803,12.2382,12.3434,1224600.0
2009-08-05,12.4173,12.4599,12.1871,12.3093,1134800.0
2009-08-06,12.315,12.602,12.2866,12.5338,2009000.0
2009-08-07,12.5992,12.7413,12.4997,12.6475,1280400.0
2009-08-10,12.5821,12.7782,12.4542,12.7584,2037400.0
2009-08-11,12.6781,12.7984,12.6066,12.7612,993000.0
2009-08-12,12.8121,12.9037,12.6775,12.8321,1039400.0
2009-08-13,12.8407,12.8407,12.6546,12.8292,1168600.0
2009-08-14,12.8607,12.8865,12.709,12.8407,1109200.0
2009-08-17,12.8063,12.8808,12.7376,12.8178,1976000.0
2009-08-18,12.7891,12.7891,12.6746,12.7032,1029800.0
2009-08-19,12.7004,12.8407,12.6116,12.835,1415600.0
2009-08-20,12.792,12.9352,12.7376,12.9094,1036800.0
2009-08-21,12.9066,13.1586,12.8693,13.1385,1205000.0
2009-08-24,13.15,13.15,12.981,13.0698,1310600.0
2009-08-25,13.0956,13.1586,13.044,13.1099,1124600.0
2009-08-26,13.087,13.2874,13.0011,13.2387,1997000.0
2009-08-27,13.2702,13.2874,13.1586,13.2473,1809800.0
2009-08-28,13.2731,13.3161,13.0841,13.1471,1213800.0
2009-08-31,13.0984,13.17,12.9724,13.0211,1407800.0
2009-09-01,13.0039,13.1099,12.9094,12.9151,2085600.0
2009-09-02,12.9237,12.9552,12.8264,12.8407,1556800.0
2009-09-03,12.8521,12.9381,12.7548,12.8264,1946800.0
2009-09-04,12.8521,12.8808,12.7519,12.8464,1314200.0
2009-09-08,12.9008,12.9352,12.772,12.918,1734200.0
2009-09-09,12.9696,12.9982,12.8464,12.9008,1766000.0
2009-09-10,12.8751,12.9094,12.7977,12.8292,1037200.0
2009-09-11,12.8149,12.8579,12.7662,12.7806,846800.0
2009-09-14,12.6975,12.9352,12.6975,12.9066,1184600.0
2009-09-15,12.9323,13.0555,12.8235,13.0354,1180800.0
2009-09-16,13.0469,13.1213,12.8779,13.0698,1711400.0
2009-09-17,13.0755,13.1328,12.9867,13.0383,998600.0
2009-09-18,13.0354,13.0726,12.9581,12.961,1776600.0
2009-09-21,12.9209,12.9495,12.8149,12.898,1622200.0
2009-09-22,12.9123,12.9839,12.8178,12.8321,1529600.0
2009-09-23,12.8292,13.0039,12.8035,12.835,1361400.0
2009-09-24,12.8264,12.9266,12.7777,12.8292,1930400.0
2009-09-25,12.8121,12.8493,12.729,12.7405,1444600.0
2009-09-28,12.792,12.9925,12.7233,12.9323,1087000.0
2009-09-29,13.0154,13.0612,12.8922,13.0526,1028800.0
2009-09-30,13.0211,13.0555,12.8808,12.9352,1099200.0
2009-10-01,12.8751,12.9667,12.8092,12.8149,1626800.0
2009-10-02,12.7662,12.8006,12.6374,12.6803,841000.0
2009-10-05,12.6746,12.6746,12.5314,12.6001,1880000.0
2009-10-06,12.6231,12.7634,12.52,12.7491,1790200.0
2009-10-07,12.7032,12.7605,12.6431,12.7605,538400.0
2009-10-08,12.7806,12.8035,12.7004,12.7261,986800.0
2009-10-09,12.7462,12.8035,12.6975,12.7347,1263800.0
2009-10-12,12.7691,12.8206,12.7261,12.7691,960800.0
2009-10-13,12.7261,12.7491,12.6001,12.6145,1430600.0
2009-10-14,12.6918,12.8178,12.6345,12.7949,1554200.0
2009-10-15,12.7491,12.8521,12.7204,12.792,1601200.0
2009-10-16,12.7261,12.9209,12.6775,12.8951,1240000.0
2009-10-19,12.9151,13.0469,12.7806,12.9781,1127600.0
2009-10-20,12.9638,12.9638,12.7748,12.8292,701600.0
2009-10-21,12.8178,12.9438,12.772,12.7863,1075200.0
2009-10-22,12.7519,12.8665,12.7061,12.8636,1198800.0
2009-10-23,12.8607,12.8951,12.6546,12.729,1232200.0
2009-10-26,12.7204,12.9066,12.5858,12.6259,1832000.0
2009-10-27,12.6517,12.7605,12.5801,12.5858,2428200.0
2009-10-28,12.6001,12.7491,12.4942,12.6059,3181600.0
2009-10-29,12.5801,12.7433,12.4226,12.7176,2981000.0
2009-10-30,12.6689,12.6975,12.4684,12.5056,3462000.0
2009-11-02,12.5371,12.5744,12.2823,12.3854,2148200.0
2009-11-03,12.3825,12.4255,12.3052,12.3653,1273000.0
2009-11-04,12.4083,12.7004,12.3395,12.54,1730200.0
2009-11-05,12.5916,12.8035,12.5858,12.8006,1318000.0
2009-11-06,12.7405,12.8378,12.6975,12.7748,860600.0
2009-11-09,12.8139,12.9581,12.7158,12.9524,1836200.0
2009-11-10,12.9748,13.1161,12.9546,13.0498,968200.0
2009-11-11,13.1017,13.1161,12.969,13.0267,668400.0
2009-11-12,12.9748,13.1133,12.7872,12.8247,2147000.0
2009-11-13,12.8161,12.8709,12.7238,12.8392,2403200.0
2009-11-16,12.9748,13.0757,12.9113,12.9575,2794600.0
2009-11-17,12.9921,13.0642,12.9286,12.9373,1346000.0
2009-11-18,12.8997,13.018,12.894,12.9142,860200.0
2009-11-19,12.8709,12.9344,12.7526,12.8218,1031800.0
2009-11-20,12.7584,13.0238,12.7584,13.0123,2207800.0
2009-11-23,13.0642,13.2402,13.018,13.1854,1000200.0
2009-11-24,13.171,13.1998,13.1075,13.1883,822600.0
2009-11-25,13.1623,13.2171,13.1104,13.1681,1405000.0
2009-11-27,12.9892,13.1161,12.9055,12.9892,574200.0
2009-11-30,13.0007,13.0873,12.9344,13.0123,1567400.0
2009-12-01,13.0642,13.2315,13.0642,13.2142,1538200.0
2009-12-02,13.2287,13.3296,13.1796,13.3181,1709600.0
2009-12-03,13.3296,13.4162,13.2864,13.3094,1171400.0
2009-12-04,13.4133,13.4797,13.2085,13.3614,1411800.0
2009-12-07,13.3556,13.4999,13.347,13.4104,993800.0
2009-12-08,13.3845,13.4277,13.2344,13.3527,890800.0
2009-12-09,13.3758,13.3989,13.2575,13.3902,1005400.0
2009-12-10,13.4941,13.5778,13.4047,13.5605,1468800.0
2009-12-11,13.7018,13.9413,13.6788,13.9153,3618000.0
2009-12-14,13.9673,14.0481,13.8807,13.9355,1831800.0
2009-12-15,13.9067,13.9067,13.774,13.8115,1509600.0
2009-12-16,13.8461,13.9067,13.7682,13.8721,1528800.0
2009-12-17,13.7826,13.8778,13.7105,13.8403,1409400.0
2009-12-18,13.9067,14.0279,13.8778,14.0163,2018000.0
2009-12-21,14.025,14.2067,14.0192,14.0971,1599400.0
2009-12-22,14.0971,14.2269,14.0538,14.1375,1790600.0
2009-12-23,14.1692,14.3048,14.0192,14.2818,2132000.0
2009-12-24,14.3135,14.4174,14.3077,14.4174,521200.0
2009-12-28,14.4001,14.426,14.3597,14.4087,1022600.0
2009-12-29,14.4058,14.5414,14.4029,14.5039,1380600.0
2009-12-30,14.4433,14.6049,14.4433,14.5472,1388400.0
2009-12-31,14.5559,14.5559,14.3683,14.377,1256000.0
2010-01-04,14.4404,14.4693,14.2904,14.3481,1444600.0
2010-01-05,14.3481,14.426,14.1288,14.1606,1473200.0
2010-01-06,14.1692,14.3654,14.1404,14.3048,1798400.0
2010-01-07,14.3135,14.3135,14.1721,14.276,1698800.0
2010-01-08,14.2327,14.3914,14.1865,14.3597,1231200.0
2010-01-11,14.4145,14.6049,14.4145,14.5732,1416200.0
2010-01-12,14.527,14.654,14.4635,14.5126,1498800.0
2010-01-13,14.5299,14.6511,14.4693,14.6107,1093800.0
2010-01-14,14.6107,14.6107,14.4982,14.5761,855400.0
2010-01-15,14.4895,14.6193,14.3597,14.5068,1550800.0
2010-01-19,14.4722,14.6366,14.4289,14.6309,1033800.0
2010-01-20,14.5587,14.5789,14.4289,14.5789,1364200.0
2010-01-21,14.5443,14.6828,14.3943,14.4751,1996000.0
2010-01-22,14.4462,14.452,14.1317,14.1433,2157400.0
2010-01-25,14.2154,14.2875,14.0798,14.2298,1319800.0
2010-01-26,14.1664,14.2327,14.0913,14.1375,1458400.0
2010-01-27,14.1375,14.2154,13.9096,14.1231,1803400.0
2010-01-28,14.1779,14.1923,13.999,14.1086,1853200.0
2010-01-29,14.1202,14.2125,14.0106,14.1202,1958600.0
2010-02-01,14.1692,14.2067,13.9961,14.175,1576000.0
2010-02-02,14.1519,14.3164,14.0567,14.3106,2057200.0
2010-02-03,14.2587,14.3077,14.1144,14.1577,1481200.0
2010-02-04,14.0423,14.1,13.9009,13.9009,2924200.0
2010-02-05,13.8865,14.0711,13.7913,14.0394,3191200.0
2010-02-08,14.0567,14.0827,13.8807,13.8807,1240600.0
2010-02-09,14.0088,14.0378,13.8458,13.8778,2558600.0
2010-02-10,13.7207,13.9244,13.6393,13.8895,2973600.0
2010-02-11,13.8662,14.0553,13.6975,14.0437,2227800.0
2010-02-12,13.9826,13.9826,13.7993,13.9273,2124400.0
2010-02-16,14.0146,14.2037,14.0058,14.195,1270800.0
2010-02-17,14.2531,14.259,14.1019,14.1571,1070600.0
2010-02-18,14.1571,14.2822,14.1164,14.227,980200.0
2010-02-19,14.2095,14.5412,14.1862,14.4888,1267200.0
2010-02-22,14.5528,14.5528,14.4073,14.4481,731000.0
2010-02-23,14.4364,14.5034,14.2706,14.2851,2471000.0
2010-02-24,14.3317,14.3579,14.1368,14.2211,2016000.0
2010-02-25,14.0262,14.1688,13.968,14.1542,1400000.0
2010-02-26,14.2037,14.2211,14.0437,14.0902,1427800.0
2010-03-01,14.1717,14.3608,14.1513,14.3462,968400.0
2010-03-02,14.4539,14.5266,14.4161,14.5266,1573200.0
2010-03-03,14.547,14.6226,14.4655,14.5034,920000.0
2010-03-04,14.5063,14.5354,14.3928,14.4684,785800.0
2010-03-05,14.483,14.5528,14.4597,14.5295,1017200.0
2010-03-08,14.4917,14.5732,14.4364,14.5645,853000.0
2010-03-09,14.5499,14.6226,14.4655,14.5063,935400.0
2010-03-10,14.4917,14.5354,14.387,14.5121,1606400.0
2010-03-11,14.4946,14.5906,14.419,14.5877,618000.0
2010-03-12,14.6372,14.6372,14.5004,14.5441,1176800.0
2010-03-15,14.5441,14.6081,14.4888,14.6081,735200.0
2010-03-16,14.5848,14.7768,14.5557,14.7652,964400.0
2010-03-17,14.8088,14.9165,14.7419,14.8932,1676000.0
2010-03-18,14.8554,14.9281,14.7652,14.8467,1645000.0
2010-03-19,14.8612,14.9572,14.6139,14.7099,2509600.0
2010-03-22,14.6605,14.6605,14.4859,14.611,1312600.0
2010-03-23,14.5935,14.6721,14.5412,14.6459,1043800.0
2010-03-24,14.6517,14.675,14.483,14.515,937600.0
2010-03-25,14.5383,14.5965,14.4161,14.4306,1768400.0
2010-03-26,14.4714,14.5732,14.419,14.4248,1321200.0
2010-03-29,14.4975,14.515,14.4132,14.4626,2482400.0
2010-03-30,14.4597,14.5324,14.3812,14.3899,2291200.0
2010-03-31,14.3812,14.4161,14.291,14.3753,1750000.0
2010-04-01,14.419,14.5295,14.3753,14.5208,2418600.0
2010-04-05,14.5615,14.6692,14.4655,14.6692,1031600.0
2010-04-06,14.6052,14.8321,14.5906,14.8117,1513200.0
2010-04-07,14.7768,14.7885,14.6372,14.6954,1015000.0
2010-04-08,14.6255,14.6285,14.5266,14.5994,793600.0
2010-04-09,14.5877,14.6925,14.451,14.6866,744400.0
2010-04-12,14.7041,14.7972,14.6226,14.7914,942400.0
2010-04-13,14.7652,14.8408,14.6837,14.8263,1384800.0
2010-04-14,14.8292,14.9543,14.7943,14.9456,1995600.0
2010-04-15,14.9543,14.9543,14.7739,14.8205,1760200.0
2010-04-16,14.7943,14.8699,14.6634,14.7099,1518000.0
2010-04-19,14.6546,14.7972,14.6401,14.771,1550600.0
2010-04-20,14.8525,14.9485,14.7797,14.9485,1010400.0
2010-04-21,14.9252,15.0416,14.8874,15.03,1469200.0
2010-04-22,14.995,15.0794,14.9136,15.0765,976600.0
2010-04-23,15.0416,15.1231,14.963,15.1231,864600.0
2010-04-26,15.0969,15.1289,15.0474,15.0852,1008400.0
2010-04-27,15.0387,15.1434,14.7943,14.803,1198800.0
2010-04-28,14.8379,14.8758,14.7245,14.8379,1244600.0
2010-04-29,14.9078,15.1987,14.8641,15.1842,1864600.0
2010-04-30,15.2191,15.4809,15.1842,15.2773,1759600.0
2010-05-03,15.3907,15.606,15.2743,15.5478,1780400.0
2010-05-04,15.6526,15.6526,15.1783,15.4111,1749200.0
2010-05-05,15.382,15.4984,15.1929,15.3005,1660200.0
2010-05-06,15.2307,15.2307,13.872,14.6837,4245800.0
2010-05-07,14.7216,14.8496,14.4161,14.5994,4402600.0
2010-05-10,15.03,15.0969,14.5994,15.0794,3463800.0
2010-05-11,14.9496,15.2985,14.9409,15.1783,2496400.0
2010-05-12,15.2604,15.2604,15.0787,15.2164,2763200.0
2010-05-13,15.2047,15.2077,14.9936,15.0317,2319600.0
2010-05-14,14.9731,15.0171,14.8148,14.9145,1130000.0
2010-05-17,14.9672,15.0376,14.7767,14.9966,1512000.0
2010-05-18,15.02,15.1783,14.8412,14.8617,1620400.0
2010-05-19,14.7737,14.9584,14.6858,14.8382,2243400.0
2010-05-20,14.5802,14.6418,14.3134,14.3134,2063000.0
2010-05-21,14.1434,14.3281,14.0085,14.2812,3566000.0
2010-05-24,14.1932,14.4043,14.1082,14.1991,1446800.0
2010-05-25,13.9645,14.1375,13.73,14.1346,1969000.0
2010-05-26,14.202,14.3427,14.0994,14.1698,1530800.0
2010-05-27,14.3574,14.375,14.2255,14.3633,1299200.0
2010-05-28,14.3633,14.5275,14.3252,14.3662,1832000.0
2010-06-01,14.2753,14.4131,14.1639,14.1639,2043200.0
2010-06-02,14.246,14.419,14.1463,14.419,1935600.0
2010-06-03,14.4278,14.5978,14.3897,14.4395,2260800.0
2010-06-04,14.2137,14.3603,14.0496,14.0994,2419200.0
2010-06-07,14.1404,14.2401,13.9645,13.9733,3674800.0
2010-06-08,13.9645,14.2401,13.9088,14.2313,2462400.0
2010-06-09,14.2636,14.2812,14.029,14.073,1908000.0
2010-06-10,14.2431,14.4923,14.2372,14.4923,1472400.0
2010-06-11,14.3838,14.5744,14.3193,14.5714,1613000.0
2010-06-14,14.7004,14.7004,14.5392,14.5538,1310400.0
2010-06-15,14.6389,14.8382,14.6301,14.8382,1350600.0
2010-06-16,14.7708,15.0816,14.7708,15.0141,1172000.0
2010-06-17,15.0259,15.2546,15.0083,15.237,2012200.0
2010-06-18,15.3015,15.3191,15.1373,15.1783,1980200.0
2010-06-21,15.2897,15.3044,14.9584,15.0317,971800.0
2010-06-22,15.0611,15.0757,14.7356,14.7561,1126000.0
2010-06-23,14.7386,14.7503,14.5421,14.589,1451200.0
2010-06-24,14.5773,14.979,14.545,14.8734,3273400.0
2010-06-25,14.8734,15.1168,14.7268,15.0405,3010400.0
2010-06-28,14.9555,15.2516,14.8969,15.1783,1798200.0
2010-06-29,15.0611,15.1813,14.9848,15.0816,3051200.0
2010-06-30,15.0787,15.1197,14.85,14.8764,2175600.0
2010-07-01,14.8001,14.8001,14.4864,14.6359,3303000.0
2010-07-02,14.6477,14.9174,14.6154,14.8177,1742200.0
2010-07-06,15.0141,15.1549,14.9174,15.0611,1623600.0
2010-07-07,15.1168,15.4803,15.0317,15.4686,1967200.0
2010-07-08,15.5038,15.539,15.4334,15.5331,1314800.0
2010-07-09,15.5214,15.5771,15.4334,15.5653,978200.0
2010-07-12,15.5478,15.621,15.4481,15.6093,917400.0
2010-07-13,15.8146,15.8146,15.6152,15.7295,1456000.0
2010-07-14,15.6533,15.7618,15.5565,15.7588,1309200.0
2010-07-15,15.797,15.8263,15.6123,15.8028,1178000.0
2010-07-16,15.7383,15.7383,15.4422,15.4979,1657200.0
2010-07-19,15.5829,15.7999,15.4979,15.7676,2328600.0
2010-07-20,15.665,15.9289,15.5947,15.9289,1211600.0
2010-07-21,15.967,15.9787,15.6181,15.6562,968200.0
2010-07-22,15.8263,16.0814,15.8116,15.9787,1534600.0
2010-07-23,15.9787,16.14,15.8497,16.1341,1472400.0
2010-07-26,16.1957,16.2104,16.0989,16.1986,1338400.0
2010-07-27,16.2807,16.3335,16.2221,16.3247,2142400.0
2010-07-28,16.2778,16.4009,16.2162,16.2309,1613600.0
2010-07-29,16.3745,16.3745,15.7735,16.0755,3164400.0
2010-07-30,15.8996,16.0462,15.7676,15.9142,1638600.0
2010-08-02,16.0491,16.2866,16.0491,16.2338,1598200.0
2010-08-03,16.1634,16.2485,16.0814,16.1576,1359000.0
2010-08-04,16.1576,16.2162,15.9963,16.1869,901000.0
2010-08-05,16.1019,16.2807,16.0462,16.2602,1505200.0
2010-08-06,16.1986,16.3804,16.0814,16.3716,1706400.0
2010-08-09,16.4185,16.4918,16.354,16.4039,1355400.0
2010-08-10,16.2559,16.5334,16.2027,16.4537,1452600.0
2010-08-11,16.2588,16.3503,16.2145,16.2972,2156200.0
2010-08-12,16.1673,16.3267,16.1377,16.2559,1659600.0
2010-08-13,16.1643,16.4153,16.1643,16.3061,1269600.0
2010-08-16,16.1909,16.3681,16.1171,16.3474,2021200.0
2010-08-17,16.4478,16.6132,16.3001,16.5571,2070200.0
2010-08-18,16.5659,16.6191,16.3503,16.5895,2181000.0
2010-08-19,16.5364,16.5689,16.3031,16.4065,1949600.0
2010-08-20,16.2854,16.4507,16.2411,16.4271,1376600.0
2010-08-23,16.4567,16.6456,16.433,16.4478,1048200.0
2010-08-24,16.3474,16.5689,16.2736,16.4921,1774000.0
2010-08-25,16.433,16.5305,16.3001,16.498,1390600.0
2010-08-26,16.5364,16.563,16.3149,16.3592,1306400.0
2010-08-27,16.4301,16.7254,16.2972,16.6899,1688200.0
2010-08-30,16.6752,16.7017,16.4301,16.433,909400.0
2010-08-31,16.3858,16.5659,16.2559,16.4596,1882400.0
2010-09-01,16.6575,16.8287,16.5246,16.8258,1775000.0
2010-09-02,16.8553,16.8553,16.6309,16.8346,1624600.0
2010-09-03,16.9232,16.9734,16.7962,16.9439,1088000.0
2010-09-07,16.8848,17.0266,16.8405,16.8435,780000.0
2010-09-08,16.876,16.876,16.6781,16.7254,1063800.0
2010-09-09,16.8671,16.9203,16.7815,16.8523,691400.0
2010-09-10,16.8051,16.876,16.687,16.873,909000.0
2010-09-13,16.9439,17.0325,16.8701,17.0325,863600.0
2010-09-14,17.0325,17.1211,16.9203,17.062,1375800.0
2010-09-15,17.0384,17.0443,16.8405,16.9291,1125600.0
2010-09-16,16.8376,16.9498,16.8051,16.8258,1405800.0
2010-09-17,16.8937,16.8937,16.6575,16.7283,2091000.0
2010-09-20,17.0029,17.1831,16.8376,17.1624,2590800.0
2010-09-21,17.1447,17.1978,17.0029,17.0472,1050400.0
2010-09-22,17.0827,17.251,16.997,17.0827,928600.0
2010-09-23,16.9734,17.0413,16.8169,16.8405,686200.0
2010-09-24,17.0148,17.2126,16.9852,17.1506,1191400.0
2010-09-27,17.0945,17.2362,17.0531,17.1447,779200.0
2010-09-28,17.2451,17.2982,17.0679,17.2628,1479600.0
2010-09-29,17.2097,17.2421,17.0413,17.1063,1374000.0
2010-09-30,17.1978,17.248,17.0118,17.0679,2230400.0
2010-10-01,17.1417,17.2274,17.0443,17.2037,1268400.0
2010-10-04,17.1447,17.2539,16.9852,17.0945,735400.0
2010-10-05,17.1299,17.2982,17.124,17.2953,1412400.0
2010-10-06,17.2717,17.313,17.1122,17.1801,1116200.0
2010-10-07,17.2805,17.3957,17.0945,17.1713,1502800.0
2010-10-08,17.2067,17.2126,17.0177,17.1919,1309200.0
2010-10-11,17.1801,17.2539,17.124,17.186,723200.0
2010-10-12,17.1801,17.1831,17.0059,17.1181,596000.0
2010-10-13,17.1358,17.2185,17.0768,17.1624,672600.0
2010-10-14,17.1683,17.2569,17.0915,17.1417,563200.0
2010-10-15,17.2805,17.3484,17.186,17.2953,862400.0
2010-10-18,17.3219,17.3986,17.2805,17.3425,628800.0
2010-10-19,17.1595,17.3721,17.1595,17.3248,1616000.0
2010-10-20,17.3337,17.626,17.3337,17.5876,1551800.0
2010-10-21,17.6437,17.7176,17.4961,17.5876,1966400.0
2010-10-22,17.5847,17.5935,17.4518,17.567,848800.0
2010-10-25,17.6644,17.6644,17.499,17.5876,1034200.0
2010-10-26,17.564,17.6172,17.4341,17.5994,1200800.0
2010-10-27,17.502,17.5049,17.2746,17.4961,1503800.0
2010-10-28,17.6526,17.6585,17.502,17.626,1448400.0
2010-10-29,17.6083,17.6526,17.5108,17.5817,814200.0
2010-11-01,17.6939,17.7441,17.4843,17.6083,1183000.0
2010-11-02,17.7678,17.8829,17.6792,17.6821,1451000.0
2010-11-03,17.7176,17.7855,17.4813,17.5699,1572400.0
2010-11-04,17.7087,17.7914,17.629,17.7176,1078200.0
2010-11-05,17.7294,17.8711,17.6496,17.8622,1131600.0
2010-11-08,17.8248,17.8426,17.6316,17.6851,614400.0
2010-11-09,17.7564,17.7564,17.4651,17.5275,1170200.0
2010-11-10,17.4978,17.5929,17.3462,17.5751,1396000.0
2010-11-11,17.4621,17.6762,17.4621,17.6553,1044800.0
2010-11-12,17.5721,17.6108,17.471,17.5691,932800.0
2010-11-15,17.6345,17.7267,17.6048,17.6494,629800.0
2010-11-16,17.5929,17.5959,17.3164,17.4354,886600.0
2010-11-17,17.3283,17.4978,17.3283,17.4829,929200.0
2010-11-18,17.584,17.6702,17.5245,17.6256,704600.0
2010-11-19,17.6256,17.7921,17.5037,17.7921,2155000.0
2010-11-22,17.6821,17.9229,17.6553,17.9169,1245600.0
2010-11-23,17.5959,17.8188,17.5899,17.7445,966800.0
2010-11-24,17.8426,17.9318,17.7743,17.9288,930800.0
2010-11-26,17.7564,18.0329,17.7564,17.8961,413400.0
2010-11-29,17.7861,17.8753,17.6643,17.8367,1044800.0
2010-11-30,17.6791,17.9556,17.6791,17.9021,1089000.0
2010-12-01,18.1399,18.1399,17.807,17.9169,2061800.0
2010-12-02,17.8932,17.9645,17.8337,17.8605,1520400.0
2010-12-03,17.8902,17.9794,17.7059,17.9259,2225600.0
2010-12-06,17.8872,17.9705,17.8099,17.8099,986600.0
2010-12-07,17.9526,17.9526,17.6048,17.6553,1520000.0
2010-12-08,17.6732,17.7089,17.4056,17.4413,1392200.0
2010-12-09,17.5008,17.5483,17.3194,17.4502,1333400.0
2010-12-10,17.4621,17.5721,17.4502,17.5037,1269600.0
2010-12-13,17.5424,17.6643,17.5156,17.581,1261200.0
2010-12-14,17.581,17.7267,17.5513,17.6108,1199600.0
2010-12-15,17.5899,17.6583,17.3373,17.361,2018000.0
2010-12-16,17.4116,17.4799,17.3551,17.477,1873000.0
2010-12-17,17.4502,17.5781,17.3343,17.5781,1179400.0
2010-12-20,17.6078,17.6851,17.4978,17.6494,810200.0
2010-12-21,17.6791,17.7445,17.5335,17.7029,1085200.0
2010-12-22,17.7029,17.7445,17.584,17.6137,848400.0
2010-12-23,17.581,17.6316,17.4116,17.5662,1055800.0
2010-12-27,17.5572,17.6643,17.4413,17.5721,556400.0
2010-12-28,17.581,17.6672,17.4978,17.6643,471000.0
2010-12-29,17.6613,17.6613,17.5424,17.6048,394800.0
2010-12-30,17.6018,17.6494,17.5335,17.5483,447600.0
2010-12-31,17.5186,17.5899,17.4918,17.4978,811200.0
2011-01-03,17.4978,17.5364,17.361,17.4799,1409200.0
2011-01-04,17.477,17.477,17.1619,17.26,2927000.0
2011-01-05,17.1946,17.254,17.1381,17.1648,1443000.0
2011-01-06,17.361,17.4235,17.1529,17.2243,2452200.0
2011-01-07,17.2837,17.4235,17.1975,17.3551,2520600.0
2011-01-10,17.2689,17.474,17.1797,17.4027,1941600.0
2011-01-11,17.4532,17.4859,17.3759,17.4502,1427600.0
2011-01-12,17.5186,17.6316,17.477,17.6137,1157200.0
2011-01-13,17.5959,17.6167,17.4948,17.5691,688400.0
2011-01-14,17.5245,17.6316,17.4918,17.6286,999200.0
2011-01-18,17.6464,17.688,17.581,17.6613,753400.0
2011-01-19,17.6732,17.688,17.5929,17.6494,1062400.0
2011-01-20,17.6583,17.798,17.6375,17.6464,980600.0
2011-01-21,17.7594,17.8367,17.7029,17.7356,1669400.0
2011-01-24,17.7683,17.9734,17.7505,17.9407,1116200.0
2011-01-25,17.9348,17.9734,17.8426,17.9318,1057000.0
2011-01-26,18.0388,18.0388,17.8337,17.8664,986400.0
2011-01-27,17.8426,18.1191,17.8426,18.0448,1332400.0
2011-01-28,17.9556,18.0834,17.8337,17.8456,873800.0
2011-01-31,17.8545,17.9675,17.8456,17.9229,827600.0
2011-02-01,17.9972,18.1667,17.9496,18.1399,1196400.0
2011-02-02,18.0834,18.1488,17.7118,17.7178,1702200.0
2011-02-03,17.4086,17.5572,17.2243,17.5186,4398800.0
2011-02-04,17.5097,17.5602,17.251,17.3908,1385400.0
2011-02-07,17.4205,17.581,17.4056,17.5543,966000.0
2011-02-08,17.5602,17.6851,17.4829,17.6821,988000.0
2011-02-09,17.6195,17.6764,17.5205,17.6435,1256600.0
2011-02-10,17.6764,17.6824,17.5205,17.5475,1385600.0
2011-02-11,17.5115,17.6375,17.4995,17.5655,1624400.0
2011-02-14,17.5835,17.5865,17.4185,17.4995,984800.0
2011-02-15,17.4875,17.6345,17.4215,17.6045,847600.0
2011-02-16,17.6225,17.6734,17.5115,17.6644,1311600.0
2011-02-17,17.6135,17.7694,17.5895,17.6405,1331800.0
2011-02-18,17.6824,17.7424,17.5325,17.6135,1132000.0
2011-02-22,17.4875,17.6375,17.4275,17.6105,1545400.0
2011-02-23,17.5895,17.6345,17.4515,17.4545,1201600.0
2011-02-24,17.4455,17.5235,17.4095,17.4725,1418000.0
2011-02-25,17.5145,17.6524,17.4905,17.6375,512400.0
2011-02-28,17.6614,17.8954,17.6614,17.7544,1132200.0
2011-03-01,17.8444,17.8504,17.5865,17.5865,1433000.0
2011-03-02,17.6944,17.7304,17.3705,17.4425,1667300.0
2011-03-03,17.5865,17.9763,17.4965,17.9524,2046200.0
2011-03-04,17.9703,17.9883,17.7484,17.8804,1197800.0
2011-03-07,17.9703,18.1383,17.9104,18.0303,1572600.0
2011-03-08,18.0963,18.4982,18.0723,18.4142,2023700.0
2011-03-09,18.3842,18.6002,18.3842,18.5282,2434800.0
2011-03-10,18.3842,18.4082,17.9883,17.9883,1583500.0
2011-03-11,18.0003,18.1443,17.9703,18.0363,689500.0
2011-03-14,17.8864,17.9164,17.7244,17.8564,944000.0
2011-03-15,17.5505,17.7724,17.5145,17.6165,1449200.0
2011-03-16,17.5145,17.6285,17.3106,17.4965,2194900.0
2011-03-17,17.6944,17.7424,17.3825,17.6644,2125500.0
2011-03-18,17.8504,18.0303,17.6345,17.7604,1625300.0
2011-03-21,17.9224,18.0963,17.8864,18.0363,932300.0
2011-03-22,18.0123,18.1383,17.9164,18.0423,1337100.0
2011-03-23,17.9883,18.0483,17.8684,17.9823,949800.0
2011-03-24,18.0243,18.0783,17.8984,17.9943,538500.0
2011-03-25,18.0423,18.0843,17.9703,17.9703,908600.0
2011-03-28,17.9883,18.1323,17.8624,17.8624,819700.0
2011-03-29,17.8984,18.0723,17.8564,18.0603,721300.0
2011-03-30,18.1203,18.3842,18.0963,18.2942,867200.0
2011-03-31,18.2583,18.3722,18.2343,18.2942,725200.0
2011-04-01,18.3842,18.5282,18.3662,18.4562,720200.0
2011-04-04,18.4982,18.5702,18.3482,18.3962,739100.0
2011-04-05,18.3122,18.4142,18.2583,18.3122,808500.0
2011-04-06,18.3602,18.3722,18.2583,18.2823,1208200.0
2011-04-07,18.2343,18.2583,18.1203,18.1383,1156500.0
2011-04-08,18.2523,18.2703,17.9584,18.0423,916300.0
2011-04-11,17.9584,18.0603,17.7604,17.8324,906300.0
2011-04-12,17.7784,17.8984,17.6345,17.7544,833900.0
2011-04-13,17.7424,17.9104,17.7424,17.7724,704400.0
2011-04-14,17.6944,17.8444,17.6285,17.7964,981800.0
2011-04-15,17.8024,18.0363,17.7724,17.9344,869600.0
2011-04-18,17.7604,17.8444,17.6465,17.7664,1438900.0
2011-04-19,17.7844,17.8444,17.7244,17.8144,1089300.0
2011-04-20,17.7784,18.0123,17.7364,17.8804,883700.0
2011-04-21,17.9464,18.0123,17.8744,17.9943,709000.0
2011-04-25,18.0123,18.1503,17.9823,18.0963,604700.0
2011-04-26,18.1563,18.3842,18.1563,18.3542,1028700.0
2011-04-27,18.3842,18.4982,18.3362,18.4862,710500.0
2011-04-28,18.5162,18.6601,18.4742,18.6241,542500.0
2011-04-29,18.6361,18.7381,18.5222,18.7201,607100.0
2011-05-02,18.7621,18.8281,18.6661,18.7021,547900.0
2011-05-03,18.8101,19.014,18.6061,18.96,1560900.0
2011-05-04,18.99,19.116,18.8461,19.02,915800.0
2011-05-05,18.99,19.086,18.7861,18.8521,1379500.0
2011-05-06,19.002,19.08,18.6661,18.6721,2237400.0
2011-05-09,18.6421,18.8161,18.4862,18.7861,2037500.0
2011-05-10,18.7906,19.0748,18.7906,18.972,1255300.0
2011-05-11,19.0325,19.0325,18.8329,18.9841,1444800.0
2011-05-12,18.8995,19.1777,18.8329,19.1716,1175500.0
2011-05-13,19.1837,19.2865,19.0386,19.0809,1443500.0
2011-05-16,19.0446,19.2563,19.0144,19.093,1210700.0
2011-05-17,19.0507,19.2139,19.0144,19.1414,1082800.0
2011-05-18,19.1837,19.1898,19.0083,19.1232,688200.0
2011-05-19,19.1837,19.226,19.0446,19.1474,643900.0
2011-05-20,19.0809,19.1293,18.9478,19.0446,851000.0
2011-05-23,18.8753,18.9841,18.7725,18.8511,856200.0
2011-05-24,18.8934,18.9297,18.8208,18.8269,544300.0
2011-05-25,18.7483,18.972,18.6636,18.8632,1018200.0
2011-05-26,18.8329,18.8813,18.6938,18.7966,1095200.0
2011-05-27,18.845,18.9237,18.7604,18.8148,515100.0
2011-05-31,18.7785,18.9478,18.7483,18.9116,1132300.0
2011-06-01,18.9055,18.9902,18.7543,18.7543,1667500.0
2011-06-02,18.7906,18.7966,18.5245,18.7422,1699900.0
2011-06-03,18.5668,18.712,18.4701,18.6213,1139700.0
2011-06-06,18.6152,18.6394,18.4761,18.4943,916300.0
2011-06-07,18.591,18.7604,18.5003,18.6455,1329000.0
2011-06-08,18.6938,18.8269,18.6031,18.7785,1982100.0
2011-06-09,18.7906,18.8511,18.6394,18.6636,1307600.0
2011-06-10,18.6273,18.6696,18.5124,18.5426,1451600.0
2011-06-13,18.5971,18.7301,18.5003,18.6455,971800.0
2011-06-14,18.7543,18.7725,18.5608,18.718,1041100.0
2011-06-15,18.6092,18.7241,18.4277,18.5184,1564500.0
2011-06-16,18.5547,18.7483,18.5003,18.6455,1209500.0
2011-06-17,18.7422,18.8995,18.7241,18.8753,1346200.0
2011-06-20,18.8329,18.9962,18.7059,18.9357,811400.0
2011-06-21,19.0446,19.0628,18.8329,18.8995,1212800.0
2011-06-22,18.8874,18.9055,18.718,18.7543,839800.0
2011-06-23,18.5608,18.6273,18.4459,18.5789,844600.0
2011-06-24,18.5789,18.7543,18.5426,18.5547,658600.0
2011-06-27,18.5729,18.7664,18.5487,18.7241,517600.0
2011-06-28,18.7362,18.9478,18.7241,18.8692,836600.0
2011-06-29,18.9237,18.9962,18.8511,18.8874,969300.0
2011-06-30,18.9539,19.0325,18.7543,18.9599,1093900.0
2011-07-01,19.0144,19.2684,18.9418,19.2502,881700.0
2011-07-05,19.1535,19.2321,19.0507,19.1232,855900.0
2011-07-06,19.0869,19.1837,18.972,19.099,1294100.0
2011-07-07,19.2502,19.2563,19.0688,19.2079,1177900.0
2011-07-08,19.0507,19.2502,19.0144,19.1293,1717900.0
2011-07-11,18.9599,18.9962,18.8329,18.8753,949100.0
2011-07-12,18.8208,19.1716,18.8027,19.0446,1098200.0
2011-07-13,19.093,19.1716,18.9357,18.966,982700.0
2011-07-14,18.966,19.0567,18.8027,18.8329,1136300.0
2011-07-15,18.8934,18.966,18.7483,18.9357,1477300.0
2011-07-18,18.8753,18.9237,18.7241,18.7906,1329700.0
2011-07-19,18.8269,18.9902,18.6999,18.972,1045400.0
2011-07-20,18.972,19.1535,18.9116,19.0688,867400.0
2011-07-21,19.1414,19.3833,19.099,19.2986,1214200.0
2011-07-22,19.2684,19.3047,19.1353,19.1958,794900.0
2011-07-25,18.6575,19.2321,18.6092,19.1293,1348700.0
2011-07-26,19.0748,19.093,18.8874,18.9297,1579600.0
2011-07-27,18.845,18.9418,18.7664,18.9116,2281700.0
2011-07-28,18.9418,19.1595,18.7301,18.7301,1733700.0
2011-07-29,18.6152,18.6636,18.4519,18.5366,1814800.0
2011-08-01,18.6878,18.6878,18.464,18.5366,1688100.0
2011-08-02,18.4459,18.5245,18.2584,18.2584,2167700.0
2011-08-03,18.2221,18.2644,17.9258,18.1495,2763900.0
2011-08-04,18.0286,18.1798,17.6234,17.6234,3040900.0
2011-08-05,17.8411,18.0165,17.4843,17.9076,3923500.0
2011-08-08,17.5992,17.9016,16.813,16.8976,3313400.0
2011-08-09,17.1004,17.43,16.3193,17.4117,4275400.0
2011-08-10,17.015,17.8328,17.015,17.3812,4819100.0
2011-08-11,17.43,18.4309,17.3568,18.2478,4015200.0
2011-08-12,18.6018,18.6079,18.0586,18.1379,2446900.0
2011-08-15,18.2478,18.7177,18.2478,18.6872,1593700.0
2011-08-16,18.5285,18.7116,18.3515,18.5896,1677400.0
2011-08-17,18.6994,18.9191,18.6506,18.8032,2052000.0
2011-08-18,18.5163,18.6628,18.2722,18.6018,2028900.0
2011-08-19,18.4187,18.6567,18.4004,18.4065,2381800.0
2011-08-22,18.675,18.6994,18.3149,18.4553,1316800.0
2011-08-23,18.4614,18.9313,18.3332,18.9313,1992700.0
2011-08-24,18.913,19.2792,18.8825,19.2182,1680200.0
2011-08-25,19.3768,19.3768,18.7665,18.8093,2839300.0
2011-08-26,18.7238,18.9985,18.376,18.9008,1700900.0
2011-08-29,19.1083,19.2365,19.0046,19.2121,923900.0
2011-08-30,19.1693,19.2609,19.0717,19.206,1874500.0
2011-08-31,19.2609,19.3585,19.1754,19.3097,1741300.0
2011-09-01,19.3707,19.3952,19.1388,19.1693,1418400.0
2011-09-02,18.9557,19.1083,18.8947,18.9252,1130400.0
2011-09-06,18.5346,18.8154,18.376,18.7971,1931700.0
2011-09-07,19.0351,19.1693,18.9008,19.1693,1102400.0
2011-09-08,19.0351,19.3158,19.0229,19.0717,1171700.0
2011-09-09,18.8825,18.9252,18.4919,18.5896,1199700.0
2011-09-12,18.3821,18.7543,18.3638,18.7543,1084700.0
2011-09-13,18.7299,18.9618,18.559,18.9313,1356600.0
2011-09-14,18.9496,19.1938,18.7604,19.029,1260600.0
2011-09-15,19.151,19.3341,19.0778,19.2853,904900.0
2011-09-16,19.3402,19.5294,19.3097,19.3585,1383600.0
2011-09-19,19.0717,19.3585,19.0534,19.3036,899900.0
2011-09-20,19.3646,19.8285,19.328,19.4623,1637200.0
2011-09-21,19.5233,19.682,19.1083,19.1205,1213600.0
2011-09-22,18.6872,18.8642,18.5468,18.6811,3232800.0
2011-09-23,18.6689,19.0595,18.614,19.0473,2501200.0
2011-09-26,19.1938,19.2121,18.9008,19.0168,1565800.0
2011-09-27,19.1999,19.2243,18.974,19.0473,2367100.0
2011-09-28,19.0473,19.206,18.8581,18.8886,2123300.0
2011-09-29,19.1388,19.3036,18.9985,19.267,1484800.0
2011-09-30,19.1449,19.3829,19.0839,19.0961,1502400.0
2011-10-03,19.1083,19.3646,18.974,18.974,2846100.0
2011-10-04,18.8215,18.8215,18.199,18.5346,3099600.0
2011-10-05,18.6323,18.7604,18.376,18.6933,2473400.0
2011-10-06,18.7116,19.3585,18.6262,19.2121,2814300.0
2011-10-07,19.3158,19.4257,19.1083,19.2182,1841200.0
2011-10-10,19.4318,19.5355,19.3768,19.5233,1339900.0
2011-10-11,19.4501,19.4501,19.2121,19.2548,952500.0
2011-10-12,19.2792,19.3829,19.0595,19.2182,1203400.0
2011-10-13,19.1632,19.3585,19.029,19.3036,921500.0
2011-10-14,19.4074,19.4562,19.267,19.4318,741700.0
2011-10-17,19.4318,19.5233,19.2853,19.3219,799600.0
2011-10-18,19.3402,19.5965,19.1693,19.5294,1305000.0
2011-10-19,19.566,19.9017,19.5477,19.7247,2216800.0
2011-10-20,19.7369,19.9017,19.6271,19.7552,1433000.0
2011-10-21,19.9017,20.0909,19.859,20.0787,1506500.0
2011-10-24,20.0054,20.3533,19.9566,20.2862,2294200.0
2011-10-25,20.2068,20.2435,19.7857,19.8163,1820100.0
2011-10-26,19.981,19.9871,19.7613,19.8224,1842200.0
2011-10-27,20.5242,20.5242,20.1275,20.3838,1811400.0
2011-10-28,20.4021,20.4021,19.9444,20.0421,1969700.0
2011-10-31,19.9139,19.9627,19.7735,19.7918,1591600.0
2011-11-01,19.3952,19.6088,19.1938,19.267,2122300.0
2011-11-02,19.621,19.8285,19.5538,19.7308,1870300.0
2011-11-03,19.8407,20.036,19.7674,19.9932,1754500.0
2011-11-04,19.7857,20.0238,19.6759,19.9688,1231900.0
2011-11-07,19.9932,20.1397,19.7552,20.0726,1032500.0
2011-11-08,20.102,20.262,19.8683,20.2374,1561900.0
2011-11-09,19.9667,20.0405,19.7022,19.7576,2341900.0
2011-11-10,19.979,20.0959,19.8252,20.0282,1715800.0
2011-11-11,20.1943,20.3973,20.1943,20.3911,1393200.0
2011-11-14,20.2804,20.4403,20.0221,20.0467,853700.0
2011-11-15,20.0221,20.2804,19.9421,20.2374,1215300.0
2011-11-16,20.0836,20.305,19.979,20.059,1795600.0
2011-11-17,19.9852,20.102,19.7207,19.8929,1373100.0
2011-11-18,20.0036,20.182,19.979,20.0713,1185900.0
2011-11-21,19.936,19.9667,19.6161,19.7945,1273800.0
2011-11-22,19.8068,19.8375,19.4931,19.5607,1239700.0
2011-11-23,19.4254,19.5238,19.2532,19.3762,1112100.0
2011-11-25,19.3208,19.6591,19.3208,19.6284,792000.0
2011-11-28,19.9729,19.9975,19.5915,19.6838,1089800.0
2011-11-29,19.7207,19.9852,19.6653,19.899,1258200.0
2011-11-30,20.2989,20.4342,20.2066,20.4096,1176300.0
2011-12-01,20.4773,20.6372,20.3542,20.4588,1367700.0
2011-12-02,20.5941,20.6864,20.262,20.2743,1749400.0
2011-12-05,20.5019,20.6126,20.2251,20.3296,1293200.0
2011-12-06,20.385,20.4834,20.2989,20.3542,1297400.0
2011-12-07,20.2804,20.3419,20.0344,20.262,1401100.0
2011-12-08,20.2251,20.2435,19.9298,19.9852,1170600.0
2011-12-09,20.102,20.3788,20.0467,20.3419,1136200.0
2011-12-12,20.2312,20.2989,19.9913,20.1143,1066200.0
2011-12-13,20.2251,20.4773,20.1574,20.2497,919000.0
2011-12-14,20.2066,20.2989,19.979,19.979,1446300.0
2011-12-15,20.1697,20.5203,20.1143,20.4588,1409500.0
2011-12-16,20.5511,20.6741,20.4711,20.5695,1448800.0
2011-12-19,20.6556,20.8217,20.6249,20.7295,1843100.0
2011-12-20,20.8525,21.0555,20.791,21.0063,1850100.0
2011-12-21,20.9816,21.2523,20.9755,21.2523,1547000.0
2011-12-22,21.3077,21.3999,21.1231,21.2277,1505800.0
2011-12-23,21.4061,21.4614,21.2954,21.3815,654900.0
2011-12-27,21.4122,21.6521,21.3815,21.6337,610100.0
2011-12-28,21.6767,21.6767,21.5291,21.5414,885000.0
2011-12-29,21.6275,21.7321,21.566,21.7075,721200.0
2011-12-30,21.7382,21.7628,21.5045,21.5045,666500.0
2012-01-03,21.7075,21.7444,21.16,21.2523,1554700.0
2012-01-04,21.2215,21.2892,21.0862,21.1908,1245000.0
2012-01-05,21.16,21.3999,21.0247,21.3077,1408800.0
2012-01-06,21.3692,21.4122,21.1293,21.2154,1548000.0
2012-01-09,21.2154,21.2585,21.1293,21.2215,635100.0
2012-01-10,21.3384,21.3569,21.1723,21.2277,1320200.0
2012-01-11,21.1908,21.2154,21.0186,21.0555,720000.0
2012-01-12,21.1293,21.1662,21.0555,21.1231,922800.0
2012-01-13,20.8894,21.0432,20.7602,21.0432,912700.0
2012-01-17,21.1908,21.4061,21.0739,21.0985,912200.0
2012-01-18,21.0924,21.1108,20.8832,20.994,981700.0
2012-01-19,21.0247,21.0247,20.8402,20.9755,1005300.0
2012-01-20,21.16,21.1662,20.9078,20.9755,1191700.0
2012-01-23,20.9386,21.1293,20.8955,21.0678,1163100.0
2012-01-24,20.9263,20.957,20.834,20.8648,651100.0
2012-01-25,20.7541,21.3015,20.6802,21.2585,1061900.0
2012-01-26,21.2954,21.486,21.2215,21.3938,716000.0
2012-01-27,21.0555,21.2461,21.0186,21.0678,795400.0
2012-01-30,20.9693,21.0739,20.8648,20.914,907500.0
2012-01-31,20.994,21.0432,20.7848,20.914,1858200.0
2012-02-01,21.0309,21.1293,20.9324,21.037,1924100.0
2012-02-02,21.0555,21.2954,20.914,21.1662,2832100.0
2012-02-03,21.3015,21.3569,21.1662,21.32,1542900.0
2012-02-06,21.2708,21.363,21.24,21.3261,1270300.0
2012-02-07,21.2708,21.5599,21.2215,21.486,981800.0
2012-02-08,21.4799,21.4983,20.994,21.2954,2287600.0
2012-02-09,21.2887,21.3879,21.1584,21.3507,1291800.0
2012-02-10,21.3011,21.3197,21.1273,21.2576,1425900.0
2012-02-13,21.3755,21.3817,21.1646,21.2701,1642200.0
2012-02-14,21.2514,21.3011,21.0963,21.2949,1467900.0
2012-02-15,21.3383,21.4004,21.1522,21.2887,1075200.0
2012-02-16,21.3197,21.5058,21.2639,21.3569,814100.0
2012-02-17,21.4748,21.4748,21.2949,21.3321,931200.0
2012-02-21,21.4066,21.4066,21.1273,21.2328,774900.0
2012-02-22,21.2266,21.3321,21.1398,21.2763,651000.0
2012-02-23,21.2204,21.3817,21.1398,21.3383,794600.0
2012-02-24,21.3631,21.4128,21.2452,21.3259,689200.0
2012-02-27,21.2639,21.3259,21.1087,21.2639,600000.0
2012-02-28,21.3197,21.4128,21.0963,21.1956,923000.0
2012-02-29,21.2576,21.2701,21.0405,21.146,876200.0
2012-03-01,21.2514,21.2763,21.1025,21.2018,895300.0
2012-03-02,21.1956,21.3073,21.1398,21.2328,938800.0
2012-03-05,21.1584,21.2701,21.1087,21.208,962000.0
2012-03-06,21.1149,21.2887,21.0033,21.1584,1496600.0
2012-03-07,21.1025,21.3755,20.9226,21.3569,1353200.0
2012-03-08,21.481,21.5679,21.3073,21.5058,778100.0
2012-03-09,21.5741,21.6796,21.4128,21.6237,687600.0
2012-03-12,21.6858,21.8533,21.6051,21.8285,1015400.0
2012-03-13,21.934,21.934,21.723,21.8843,896900.0
2012-03-14,21.8781,21.9092,21.4748,21.5493,734400.0
2012-03-15,21.5679,21.5679,21.3383,21.4686,647800.0
2012-03-16,21.4376,21.4686,21.2887,21.4252,1119400.0
2012-03-19,21.4128,21.4748,21.3011,21.3259,810800.0
2012-03-20,21.2576,21.4066,21.2018,21.3755,629200.0
2012-03-21,21.3755,21.4376,21.2266,21.3693,802200.0
2012-03-22,21.2825,21.4128,21.2204,21.4004,951400.0
2012-03-23,21.4128,21.4748,21.3259,21.4066,805500.0
2012-03-26,21.6672,21.8099,21.5803,21.754,1642800.0
2012-03-27,21.7478,21.8967,21.6486,21.8595,1766200.0
2012-03-28,21.8409,21.9092,21.6051,21.6672,1036200.0
2012-03-29,21.5803,21.7726,21.4252,21.7416,1295900.0
2012-03-30,21.8409,21.8905,21.6796,21.8285,1435200.0
2012-04-02,21.8037,22.0084,21.7044,21.9588,1019400.0
2012-04-03,21.9712,21.9712,21.7851,21.9464,1316400.0
2012-04-04,21.7602,21.8967,21.7602,21.8223,1016500.0
2012-04-05,21.8099,21.8471,21.6175,21.7478,1287600.0
2012-04-09,21.4996,21.8161,21.4996,21.754,1389800.0
2012-04-10,21.6858,21.6858,21.4314,21.4624,1145200.0
2012-04-11,21.6051,21.6423,21.45,21.5245,1094000.0
2012-04-12,21.5617,21.7292,21.4624,21.7106,935600.0
2012-04-13,21.6672,21.8657,21.6237,21.6237,900300.0
2012-04-16,21.6982,22.0084,21.6486,21.9278,1141700.0
2012-04-17,21.996,22.1201,21.8161,22.0767,1090400.0
2012-04-18,22.0829,22.2256,21.9712,22.0643,1241700.0
2012-04-19,22.0891,22.0953,21.8719,21.9836,979600.0
2012-04-20,22.0208,22.2814,21.9836,22.2628,1303100.0
2012-04-23,22.1325,22.1884,22.0146,22.1077,840600.0
2012-04-24,22.1015,22.3001,22.1015,22.238,1006300.0
2012-04-25,22.3559,22.4738,22.2256,22.4428,1287000.0
2012-04-26,22.4614,22.6041,22.3497,22.5669,682600.0
2012-04-27,22.6475,22.7344,22.5296,22.7034,820800.0
2012-04-30,22.7282,22.8585,22.5917,22.8585,1057200.0
2012-05-01,22.9578,22.9578,22.6413,22.7592,1521200.0
2012-05-02,22.753,22.8399,22.5358,22.6165,1171400.0
2012-05-03,22.5793,22.784,22.4862,22.4924,1084000.0
2012-05-04,22.4924,22.6599,22.4242,22.5979,1001000.0
2012-05-07,22.5607,22.6227,22.4924,22.511,583800.0
2012-05-08,22.4242,22.7778,22.4242,22.7778,1518000.0
2012-05-09,22.634,22.878,22.6152,22.7716,1504600.0
2012-05-10,23.0156,23.1783,22.8717,23.0782,1648800.0
2012-05-11,23.0281,23.3597,23.0093,23.2721,2006600.0
2012-05-14,23.3096,23.4285,23.0907,23.3034,1378600.0
2012-05-15,23.197,23.3659,22.9405,23.2533,1614200.0
2012-05-16,23.2596,23.4035,23.1783,23.3534,1132300.0
2012-05-17,23.3347,23.3784,23.122,23.1345,935200.0
2012-05-18,23.1845,23.3284,22.9092,22.9656,1791900.0
2012-05-21,22.9656,23.0969,22.9092,23.0281,1494700.0
2012-05-22,23.0907,23.3972,23.0531,23.2846,1637200.0
2012-05-23,23.2283,23.3347,23.0656,23.172,1494300.0
2012-05-24,23.0594,23.4097,22.9843,23.3347,1311500.0
2012-05-25,23.3659,23.4598,23.3284,23.4598,1322100.0
2012-05-29,23.5411,23.5661,23.3284,23.5411,1156500.0
2012-05-30,23.466,23.5474,23.2408,23.2408,1082600.0
2012-05-31,23.2909,23.7538,23.2721,23.6725,1469200.0
2012-06-01,23.5348,23.7288,23.4347,23.6412,1238600.0
2012-06-04,23.735,23.7475,23.5098,23.6475,1064500.0
2012-06-05,23.5786,23.7726,23.5286,23.6975,919200.0
2012-06-06,23.7851,24.004,23.6537,24.004,1236500.0
2012-06-07,24.1229,24.1604,23.954,23.9978,1016700.0
2012-06-08,23.9165,24.1479,23.8414,24.1479,1052100.0
2012-06-11,24.248,24.3481,24.0916,24.1229,849600.0
2012-06-12,24.1542,24.3168,24.0103,24.3168,939200.0
2012-06-13,24.2918,24.4169,24.1542,24.3356,1303700.0
2012-06-14,24.3794,24.4607,24.3043,24.3606,1550800.0
2012-06-15,24.4857,24.6421,24.3731,24.5796,1566300.0
2012-06-18,24.5671,24.6859,24.5045,24.5546,2047800.0
2012-06-19,24.6609,24.6672,24.4044,24.4169,1973200.0
2012-06-20,24.4169,24.4482,24.0603,24.1604,2050900.0
2012-06-21,24.1792,24.3919,23.9978,24.0166,1744200.0
2012-06-22,24.1229,24.2418,24.0228,24.1479,815900.0
2012-06-25,23.9978,24.3043,23.979,24.2167,1391900.0
2012-06-26,24.2418,24.5233,24.2167,24.4044,1575100.0
2012-06-27,24.4357,24.8361,24.4357,24.761,1200000.0
2012-06-28,24.5796,24.7548,24.4044,24.7235,1052400.0
2012-06-29,24.9987,25.0238,24.6672,24.7548,1266600.0
2012-07-02,24.98,25.1614,24.8674,25.1176,1634400.0
2012-07-03,25.1113,25.2177,24.9237,24.9862,530100.0
2012-07-05,24.9925,25.03,24.8611,24.9487,764400.0
2012-07-06,24.786,25.0863,24.7798,25.03,1144300.0
2012-07-09,25.0175,25.1614,24.9424,24.9925,1242800.0
2012-07-10,24.9737,25.1989,24.9174,25.0738,1263800.0
2012-07-11,25.0738,25.2427,24.9925,25.1989,1168900.0
2012-07-12,25.1426,25.4304,25.1239,25.3178,1028000.0
2012-07-13,25.3178,25.5993,25.299,25.593,1003700.0
2012-07-16,25.4992,25.6431,25.4679,25.4804,1119600.0
2012-07-17,25.5743,25.6431,25.4492,25.5493,1175200.0
2012-07-18,25.493,25.8308,25.4867,25.8245,1417600.0
2012-07-19,25.7807,25.8183,25.5555,25.7745,1796100.0
2012-07-20,25.6869,25.837,25.6619,25.7494,1115800.0
2012-07-23,25.6243,25.7182,25.4617,25.5117,1163300.0
2012-07-24,25.2677,25.4179,25.2239,25.3428,2527900.0
2012-07-25,25.4304,25.4742,24.8674,25.0112,2622400.0
2012-07-26,25.249,25.4429,25.2365,25.3491,1197600.0
2012-07-27,25.4804,25.6243,25.274,25.593,1198500.0
2012-07-30,25.543,25.7557,25.4241,25.6681,819700.0
2012-07-31,25.7182,25.7182,25.4867,25.4867,922000.0
2012-08-01,25.5805,25.9496,25.1676,25.1927,1834600.0
2012-08-02,25.1927,25.2302,24.8048,24.98,1900400.0
2012-08-03,25.2615,25.3803,25.1426,25.2427,1572000.0
2012-08-06,25.3428,25.5055,25.274,25.274,902200.0
2012-08-07,25.3866,25.4366,24.9174,24.9174,1893500.0
2012-08-08,24.8298,24.8986,24.6672,24.8423,1732000.0
2012-08-09,24.8755,24.8755,24.4595,24.6234,2127000.0
2012-08-10,24.6549,24.8062,24.5225,24.7495,984200.0
2012-08-13,24.6927,24.7936,24.5099,24.5792,1215000.0
2012-08-14,24.5729,24.6801,24.5288,24.5792,897200.0
2012-08-15,24.5919,24.6486,24.4595,24.5477,711400.0
2012-08-16,24.5666,24.5729,24.2577,24.2956,1664500.0
2012-08-17,24.3523,24.4532,24.1569,24.3082,841500.0
2012-08-20,24.2577,24.3586,24.1695,24.3586,594800.0
2012-08-21,24.346,24.428,24.2073,24.264,863900.0
2012-08-22,24.1947,24.4721,24.1947,24.409,1435400.0
2012-08-23,24.3712,24.3901,24.0812,24.0812,973000.0
2012-08-24,24.0623,24.2199,24.0056,24.1947,680400.0
2012-08-27,24.2073,24.283,24.1443,24.2073,558600.0
2012-08-28,24.1632,24.2199,24.0497,24.1191,581000.0
2012-08-29,24.1001,24.283,24.0749,24.1191,894000.0
2012-08-30,24.0623,24.1317,23.9552,24.0245,548300.0
2012-08-31,24.1065,24.1506,23.9047,23.9299,816800.0
2012-09-04,23.9804,24.2577,23.9236,24.1947,1055500.0
2012-09-05,24.2451,24.2704,24.0371,24.1758,992900.0
2012-09-06,24.3334,24.5099,24.1758,24.3271,942400.0
2012-09-07,24.3082,24.3397,24.0308,24.0497,728600.0
2012-09-10,24.3019,24.3019,23.8732,23.8732,1054200.0
2012-09-11,23.8732,24.0434,23.7976,23.8732,1017300.0
2012-09-12,23.8795,23.9299,23.5706,23.5958,1029300.0
2012-09-13,23.495,23.8291,23.495,23.8165,2168800.0
2012-09-14,23.848,23.8858,23.4697,23.558,1828900.0
2012-09-17,23.5076,23.6904,23.268,23.4193,1915600.0
2012-09-18,23.3941,23.4004,23.2302,23.2428,1528500.0
2012-09-19,23.2302,23.4319,23.1987,23.2365,1277700.0
2012-09-20,23.1924,23.2617,23.1104,23.1924,1993100.0
2012-09-21,23.2176,23.2428,23.0978,23.1545,2673000.0
2012-09-24,23.1482,23.4761,23.1482,23.4382,1672900.0
2012-09-25,23.4634,23.7156,23.4067,23.5769,1785000.0
2012-09-26,23.6337,24.0434,23.6337,23.7723,1986800.0
2012-09-27,23.766,23.7723,23.4634,23.5706,1338300.0
2012-09-28,23.5265,23.7913,23.4067,23.7471,952100.0
2012-10-01,23.8606,23.8606,23.6084,23.6463,959300.0
2012-10-02,23.6778,23.7913,23.5454,23.621,750900.0
2012-10-03,23.6526,23.848,23.6337,23.766,720300.0
2012-10-04,23.848,24.0434,23.8228,23.911,640000.0
2012-10-05,23.9678,24.0938,23.911,24.0182,1134900.0
2012-10-08,24.0119,24.1254,23.8984,24.0812,641100.0
2012-10-09,24.0749,24.1632,24.0119,24.0749,715200.0
2012-10-10,24.1001,24.1443,23.9173,24.0497,789900.0
2012-10-11,24.0875,24.138,23.9804,24.0434,795000.0
2012-10-12,24.1128,24.2325,23.9552,24.056,1176300.0
2012-10-15,24.056,24.2514,23.9615,24.2451,919600.0
2012-10-16,24.2767,24.4595,24.2577,24.3775,1468100.0
2012-10-17,24.2262,24.5288,23.9425,24.4784,1938200.0
2012-10-18,24.4469,24.5414,24.3712,24.4406,1029200.0
2012-10-19,24.4406,24.4784,24.1884,24.2704,735800.0
2012-10-22,24.201,24.2767,23.8984,24.0623,1053000.0
2012-10-23,23.9425,24.0623,23.7471,23.8732,744900.0
2012-10-24,23.9741,24.0686,23.6652,23.703,814300.0
2012-10-25,23.7849,23.8732,23.6652,23.8291,818100.0
2012-10-26,23.8795,23.9362,23.7471,23.8795,697000.0
2012-10-31,24.0749,24.283,23.8858,24.2514,962000.0
2012-11-01,24.3838,24.4595,24.1569,24.1821,1210600.0
2012-11-02,24.2956,24.3964,24.0686,24.0812,793700.0
2012-11-05,24.0056,24.0245,23.495,23.5517,1326100.0
2012-11-06,23.6463,23.8039,23.4571,23.6463,1442300.0
2012-11-07,23.6021,23.9552,23.1419,23.2743,1352100.0
2012-11-08,23.281,23.5797,23.2365,23.2365,1272500.0
2012-11-09,23.2238,23.3636,23.0776,23.084,1114700.0
2012-11-12,23.2301,23.2365,23.0713,23.1602,1312800.0
2012-11-13,23.1221,23.4907,23.0522,23.3573,1035100.0
2012-11-14,23.389,23.3954,23.0776,23.1857,1198600.0
2012-11-15,23.1729,23.3763,22.8869,22.9568,1283900.0
2012-11-16,22.9823,23.1666,22.9378,23.1157,2699500.0
2012-11-19,23.3382,23.4717,23.1666,23.3064,1688600.0
2012-11-20,23.3318,23.389,23.014,23.2174,1136200.0
2012-11-21,23.2619,23.3573,22.9696,23.1666,1127600.0
2012-11-23,23.2238,23.3445,22.8933,23.0013,762200.0
2012-11-26,22.9441,23.3255,22.9441,23.1348,1727900.0
2012-11-27,23.1666,23.3954,23.1602,23.3128,1182400.0
2012-11-28,23.2619,23.4971,23.1221,23.4526,1205500.0
2012-11-29,23.4589,23.6178,23.3636,23.6178,1081500.0
2012-11-30,23.6496,23.853,23.5034,23.853,1316800.0
2012-12-03,23.9102,23.9102,23.6242,23.7322,1329800.0
2012-12-04,23.7322,23.8721,23.5034,23.5289,908000.0
2012-12-05,23.5734,24.1517,23.4844,24.031,1609600.0
2012-12-06,24.0183,24.1263,23.8339,23.9229,989500.0
2012-12-07,23.942,24.0246,23.8657,24.0183,779200.0
2012-12-10,23.9738,24.0183,23.8149,23.8784,1545400.0
2012-12-11,23.8848,23.9738,23.7704,23.9166,887100.0
2012-12-12,23.9611,24.0755,23.853,23.8721,947000.0
2012-12-13,23.8403,23.8721,23.656,23.7068,790900.0
2012-12-14,23.7322,23.7831,23.4081,23.5479,1181500.0
2012-12-17,23.6306,24.0246,23.5225,23.942,991800.0
2012-12-18,23.9547,24.1771,23.8149,24.139,1277900.0
2012-12-19,24.0945,24.1009,23.8721,23.8911,747400.0
2012-12-20,23.9547,24.05,23.7577,23.8848,780300.0
2012-12-21,23.7767,23.9229,23.7005,23.8276,1248900.0
2012-12-24,23.8212,23.8212,23.5543,23.7577,476300.0
2012-12-26,23.7831,23.8784,23.4145,23.4526,730100.0
2012-12-27,23.4272,23.5606,23.1666,23.4081,688000.0
2012-12-28,23.3128,23.5352,23.1666,23.1857,1346100.0
2012-12-31,23.1285,23.4526,22.9823,23.4208,1589700.0
2013-01-02,23.7195,23.942,23.675,23.9356,1007200.0
2013-01-03,23.9738,23.9928,23.8276,23.8784,672000.0
2013-01-04,23.9293,24.0055,23.8403,23.9547,844200.0
2013-01-07,23.8975,23.9356,23.5988,23.7259,1167600.0
2013-01-08,23.6496,23.7132,23.5606,23.6051,1386500.0
2013-01-09,23.6496,23.7068,23.5352,23.6433,1073700.0
2013-01-10,23.7831,24.0119,23.6878,23.9801,1621400.0
2013-01-11,24.1327,24.4187,24.0564,24.1708,1137500.0
2013-01-14,24.1644,24.3043,24.0755,24.1899,1079100.0
2013-01-15,24.1899,24.1899,23.9928,24.1771,803200.0
2013-01-16,24.0755,24.1581,23.9674,24.0119,726700.0
2013-01-17,24.0183,24.2216,23.9928,24.1199,865400.0
2013-01-18,24.1454,24.2216,24.0055,24.2216,969400.0
2013-01-22,24.2598,24.5204,24.2343,24.5076,699700.0
2013-01-23,24.4568,24.5013,24.317,24.5013,970900.0
2013-01-24,24.5331,24.6792,24.4949,24.5204,763000.0
2013-01-25,24.6475,24.7492,24.4377,24.6411,851300.0
2013-01-28,24.5776,24.6093,24.4123,24.4822,1000600.0
2013-01-29,24.4695,24.7301,24.4695,24.711,988200.0
2013-01-30,24.6538,24.9398,24.4695,24.8826,1716500.0
2013-01-31,24.9653,25.0606,24.7937,25.0606,2230400.0
2013-02-01,25.2131,25.3275,25.0733,25.2958,1846500.0
2013-02-04,25.264,25.3466,25.1432,25.1686,1570800.0
2013-02-05,25.2131,25.3593,25.1941,25.2322,849200.0
2013-02-06,25.1432,25.2767,25.0288,25.2449,1120900.0
2013-02-07,25.283,25.4229,25.2004,25.4229,1178800.0
2013-02-08,25.4165,25.4801,25.2894,25.461,1075700.0
2013-02-11,25.467,25.5183,25.3901,25.5118,946600.0
2013-02-12,25.499,25.5952,25.3901,25.5952,774600.0
2013-02-13,25.608,25.6913,25.4413,25.5375,781200.0
2013-02-14,25.4477,25.5759,25.2298,25.2875,1210200.0
2013-02-15,25.3836,25.5311,25.3195,25.499,1181900.0
2013-02-19,25.5631,25.7811,25.5183,25.7747,664300.0
2013-02-20,25.7618,25.9413,25.7106,25.7234,620200.0
2013-02-21,25.7298,25.8195,25.6336,25.717,808300.0
2013-02-22,25.7618,25.9157,25.7618,25.8772,749900.0
2013-02-25,25.9285,26.2298,25.7682,25.7747,1330300.0
2013-02-26,25.8836,26.1016,25.7811,25.9157,1170800.0
2013-02-27,25.8708,26.1913,25.8708,26.1272,1040000.0
2013-02-28,26.1336,26.5439,26.0695,26.4733,2128600.0
2013-03-01,26.4157,26.499,26.249,26.4798,1393000.0
2013-03-04,26.4092,26.7554,26.39,26.7554,1193500.0
2013-03-05,26.8195,26.89,26.6977,26.8644,1396700.0
2013-03-06,26.8579,26.8579,26.5374,26.6208,1182100.0
2013-03-07,26.5823,26.6785,26.3195,26.3387,1158800.0
2013-03-08,26.3836,26.5631,26.2875,26.531,977100.0
2013-03-11,26.5182,26.6849,26.4733,26.6849,717800.0
2013-03-12,26.6656,26.7169,26.4926,26.6208,661100.0
2013-03-13,26.6015,26.7041,26.531,26.5887,1264200.0
2013-03-14,26.6208,26.6208,26.4477,26.5439,1190900.0
2013-03-15,26.4221,26.608,26.3964,26.5182,2127000.0
2013-03-18,26.3067,26.4733,26.2234,26.3708,1055100.0
2013-03-19,26.4092,26.4798,26.1464,26.3387,1179600.0
2013-03-20,26.4669,26.6785,26.4028,26.5631,978000.0
2013-03-21,26.5054,26.64,26.4413,26.5118,957800.0
2013-03-22,26.5631,26.6913,26.2426,26.6208,1022400.0
2013-03-25,26.7105,26.781,26.4092,26.499,843500.0
2013-03-26,26.5631,26.8323,26.531,26.8323,888000.0
2013-03-27,26.781,26.922,26.6272,26.9092,1227400.0
2013-03-28,26.9092,27.531,26.8772,27.4925,1764100.0
2013-04-01,27.4477,27.4797,27.1592,27.281,1279800.0
2013-04-02,27.3451,27.4348,27.1977,27.3066,799100.0
2013-04-03,27.39,27.39,27.1336,27.2425,834000.0
2013-04-04,27.2746,27.3707,27.1849,27.3387,873500.0
2013-04-05,27.172,27.5182,27.1208,27.4669,641100.0
2013-04-08,27.4284,27.6913,27.3323,27.6848,823100.0
2013-04-09,27.7297,27.7489,27.4861,27.5759,855000.0
2013-04-10,27.6079,27.8195,27.5951,27.6913,1082100.0
2013-04-11,27.6913,27.7682,27.5566,27.6913,1251300.0
2013-04-12,27.6528,27.9477,27.6528,27.9412,900400.0
2013-04-15,27.8387,27.9925,27.4541,27.4541,1211900.0
2013-04-16,27.5182,27.8002,27.3002,27.7169,826800.0
2013-04-17,27.6464,27.7041,27.2554,27.4348,1788100.0
2013-04-18,27.5374,27.6464,27.39,27.5502,1493700.0
2013-04-19,27.6272,27.9605,27.5438,27.9541,853000.0
2013-04-22,27.9477,28.063,27.8066,27.9412,881300.0
2013-04-23,28.0438,28.0887,27.8451,28.0694,964600.0
2013-04-24,28.1335,28.3258,27.9861,28.1976,1282700.0
2013-04-25,28.281,28.454,28.14,28.2938,683200.0
2013-04-26,28.3002,28.4669,28.2041,28.2233,667100.0
2013-04-29,28.2361,28.6207,28.2041,28.4989,955200.0
2013-04-30,28.6079,28.8451,28.4348,28.8066,1546000.0
2013-05-01,28.6848,28.7425,28.3451,28.422,1213500.0
2013-05-02,28.4412,28.5246,28.2682,28.3899,873000.0
2013-05-03,28.6271,28.6848,28.454,28.5438,1405900.0
2013-05-06,28.5181,28.563,28.0182,28.0694,968400.0
2013-05-07,28.0887,28.3451,28.0566,28.3387,1367300.0
2013-05-08,28.2874,28.4476,27.9797,28.0951,1119300.0
2013-05-09,28.118,28.1503,27.3556,27.6464,1317500.0
2013-05-10,27.7627,27.879,27.5495,27.8596,1335200.0
2013-05-13,27.7368,27.7821,27.5688,27.6205,972700.0
2013-05-14,27.6012,27.9113,27.5947,27.8144,1006600.0
2013-05-15,27.795,28.2666,27.7498,28.1374,739800.0
2013-05-16,28.0793,28.1374,27.8984,27.9436,1075800.0
2013-05-17,28.0405,28.2472,27.9888,28.2343,1043100.0
2013-05-20,27.9953,28.2408,27.8337,27.95,1584700.0
2013-05-21,27.963,28.1439,27.8467,28.1051,1153500.0
2013-05-22,28.0663,28.3765,27.5495,27.6851,1232200.0
2013-05-23,27.4849,27.4978,26.9551,27.4009,1514900.0
2013-05-24,27.3298,27.3879,27.0326,27.123,906100.0
2013-05-28,27.2716,27.3556,26.8517,27.0972,1386000.0
2013-05-29,26.9421,26.9421,26.1991,26.4188,1783700.0
2013-05-30,26.5351,27.0972,26.4705,26.5222,1378600.0
2013-05-31,26.4382,26.8517,26.3671,26.3671,1279200.0
2013-06-03,26.4576,26.5868,26.057,26.5157,1517000.0
2013-06-04,26.5157,26.5674,26.1797,26.3736,1137300.0
2013-06-05,26.2896,26.2896,26.0182,26.0893,925800.0
2013-06-06,26.0893,26.464,26.0828,26.464,870300.0
2013-06-07,26.4899,26.7677,26.3607,26.6579,762700.0
2013-06-10,26.6579,26.7354,26.4317,26.5674,565600.0
2013-06-11,26.3477,26.6256,26.309,26.4188,793800.0
2013-06-12,26.5932,26.6126,26.0311,26.0893,942200.0
2013-06-13,26.0376,26.6643,26.0376,26.6126,823700.0
2013-06-14,26.5868,26.7871,26.5286,26.6062,751700.0
2013-06-17,26.7548,26.968,26.5932,26.7548,842700.0
2013-06-18,26.7806,26.9098,26.6385,26.8775,1027700.0
2013-06-19,26.8775,26.8904,26.1604,26.1604,1338400.0
2013-06-20,25.973,25.9988,25.2235,25.314,2000500.0
2013-06-21,25.5078,25.7533,25.23,25.6564,1899300.0
2013-06-24,25.4367,25.8825,25.2688,25.7275,1414200.0
2013-06-25,25.9084,26.1539,25.6499,26.0182,1132700.0
2013-06-26,26.1797,26.4253,26.1151,26.2896,1352100.0
2013-06-27,26.4253,26.6579,26.3865,26.4769,1055800.0
2013-06-28,26.1281,26.5803,25.7986,26.4834,3668700.0
2013-07-01,26.4382,26.4963,25.8761,26.0311,3283000.0
2013-07-02,25.9278,26.2185,25.9278,26.1151,2716200.0
2013-07-03,26.0053,26.1151,25.9601,26.0376,1066300.0
2013-07-05,26.0764,26.141,25.6241,26.0182,936900.0
2013-07-08,26.1604,26.548,26.0764,26.393,1264400.0
2013-07-09,26.4899,26.7677,26.4511,26.7289,1116400.0
2013-07-10,26.6837,27.0649,26.5997,26.968,1244700.0
2013-07-11,27.4849,27.5172,27.136,27.304,1469700.0
2013-07-12,27.2975,27.4849,27.2006,27.4461,1277200.0
2013-07-15,27.375,27.9177,27.3363,27.8467,1325100.0
2013-07-16,27.8337,27.9242,27.6335,27.6916,1365500.0
2013-07-17,27.8467,27.9307,27.5559,27.6658,893100.0
2013-07-18,27.7368,28.0663,27.6916,27.9888,1282800.0
2013-07-19,28.1051,28.1051,27.8919,27.9565,1528100.0
2013-07-22,28.0534,28.1826,27.9823,28.0599,1422900.0
2013-07-23,28.0663,28.2472,27.9759,28.1956,935000.0
2013-07-24,28.1762,28.1891,27.6851,27.7885,915800.0
2013-07-25,27.711,28.0986,27.711,28.0534,963400.0
2013-07-26,27.9694,28.1568,27.795,28.1568,974700.0
2013-07-29,28.0276,28.118,27.9371,27.9823,1487800.0
2013-07-30,28.2472,28.3183,28.1051,28.2085,1561800.0
2013-07-31,28.1439,28.2537,27.9307,28.0922,1658600.0
2013-08-01,28.2537,28.3958,28.1503,28.3248,1492300.0
2013-08-02,28.3635,28.4346,28.202,28.4217,745500.0
2013-08-05,28.2925,28.3635,28.1956,28.2149,766400.0
2013-08-06,28.2343,28.2731,28.0405,28.0857,1073700.0
2013-08-07,28.0922,28.1891,27.9436,28.1374,1080700.0
2013-08-08,28.1891,28.2472,27.95,28.1116,866100.0
2013-08-09,28.1257,28.1909,27.9627,27.9888,1021100.0
2013-08-12,28.0426,28.0426,27.7101,27.8927,1223800.0
2013-08-13,27.9578,27.9709,27.6384,27.6776,1262800.0
2013-08-14,27.6384,27.6906,27.4103,27.5016,1077100.0
2013-08-15,27.3256,27.3907,27.0844,27.117,978300.0
2013-08-16,27.0518,27.0909,26.765,26.8758,1251900.0
2013-08-19,26.8562,26.9931,26.602,26.6672,1417500.0
2013-08-20,26.615,27.0648,26.602,26.8301,1512400.0
2013-08-21,26.8171,26.8171,26.3413,26.4456,1312000.0
2013-08-22,26.4847,26.7715,26.4064,26.6411,1024400.0
2013-08-23,26.6541,26.954,26.5368,26.9149,912300.0
2013-08-26,26.8693,26.9214,26.4912,26.5303,1047700.0
2013-08-27,26.3413,26.7193,26.3413,26.5433,911800.0
2013-08-28,26.5759,26.8888,26.4325,26.6998,1395900.0
2013-08-29,26.6411,26.6672,26.4456,26.589,1442100.0
2013-08-30,26.6541,26.8562,26.5173,26.7519,1778400.0
2013-09-03,26.9214,26.9931,26.1913,26.2891,2010900.0
2013-09-04,26.2956,26.3087,26.0023,26.0805,2294800.0
2013-09-05,26.1066,26.1979,25.9632,26.0349,1162000.0
2013-09-06,26.1718,26.3282,25.9632,25.9827,1373600.0
2013-09-09,26.0023,26.1587,25.8784,26.0414,1078900.0
2013-09-10,26.1457,26.1653,25.9501,26.1653,972500.0
2013-09-11,26.1848,26.1848,25.8263,25.9567,1146100.0
2013-09-12,26.0479,26.1066,25.7611,25.8263,1664600.0
2013-09-13,25.911,26.0805,25.8459,25.9697,1262100.0
2013-09-16,26.2239,26.4195,26.0219,26.0349,1545800.0
2013-09-17,26.0479,26.1913,26.0088,26.1327,846700.0
2013-09-18,26.1587,26.9214,26.0219,26.8693,1816300.0
2013-09-19,26.9214,27.0387,26.7324,26.8236,2213400.0
2013-09-20,26.7845,26.8171,26.3543,26.4651,1468600.0
2013-09-23,26.4651,27.0192,26.2761,26.9084,1849200.0
2013-09-24,26.9605,27.0257,26.8171,26.9084,1193200.0
2013-09-25,26.954,26.9801,26.5955,26.6216,1346300.0
2013-09-26,26.5955,26.8171,26.426,26.5694,1127500.0
2013-09-27,26.426,26.5955,26.1718,26.2761,1474400.0
2013-09-30,26.1392,26.3282,26.074,26.3217,1443100.0
2013-10-01,26.3999,26.5107,26.3021,26.3934,913600.0
2013-10-02,26.3152,26.5238,26.2044,26.4716,1113500.0
2013-10-03,26.3804,26.439,26.0414,26.1261,1189800.0
2013-10-04,26.1261,26.2761,26.087,26.1913,907200.0
2013-10-07,26.0544,26.3413,25.9632,26.0349,1175800.0
2013-10-08,26.087,26.4064,26.074,26.2304,1324400.0
2013-10-09,26.263,26.6607,26.1848,26.3152,1121900.0
2013-10-10,26.4847,26.7584,26.1457,26.7193,949700.0
2013-10-11,26.7324,27.0583,26.6867,27.0387,1485100.0
2013-10-14,26.9605,27.0257,26.5238,26.7584,1249200.0
2013-10-15,26.6411,26.8953,26.3347,26.413,1314700.0
2013-10-16,26.5629,26.6802,26.426,26.6672,1050600.0
2013-10-17,26.615,27.2147,26.4521,27.1756,847000.0
2013-10-18,27.2799,27.2995,27.1039,27.1887,830700.0
2013-10-21,27.1626,27.3125,26.9344,27.1691,767700.0
2013-10-22,27.1756,27.6906,27.1561,27.5993,1437600.0
2013-10-23,27.5667,27.9187,27.5081,27.6189,1075700.0
2013-10-24,27.6058,27.6841,27.4038,27.5667,711300.0
2013-10-25,27.495,27.8731,27.4038,27.8601,892100.0
2013-10-28,27.834,27.9513,27.6841,27.7753,1078600.0
2013-10-29,27.8275,27.8796,27.6384,27.8275,1373900.0
2013-10-30,27.9187,28.0296,27.4559,27.4885,1143900.0
2013-10-31,27.495,27.5472,26.9866,27.4494,1377800.0
2013-11-01,27.5537,27.7101,27.4103,27.6189,1102700.0
2013-11-04,27.658,27.7036,27.4038,27.6645,791600.0
2013-11-05,27.6841,27.8014,27.4298,27.4494,967500.0
2013-11-06,27.482,27.645,27.4103,27.5863,1243300.0
2013-11-07,27.658,27.7427,27.3712,27.4038,1273600.0
2013-11-08,27.2864,27.3386,26.778,27.1887,1945300.0
2013-11-11,27.2406,27.4642,27.1353,27.2669,1476800.0
2013-11-12,27.183,27.2159,26.8343,26.8804,2230000.0
2013-11-13,26.7093,27.0317,26.637,27.012,1314100.0
2013-11-14,27.1106,27.6961,27.1106,27.4659,1945800.0
2013-11-15,27.3672,27.854,27.3672,27.8211,2046800.0
2013-11-18,27.8606,27.9001,27.6633,27.854,1944900.0
2013-11-19,27.808,28.0185,27.7027,27.8935,2192100.0
2013-11-20,27.8606,28.0645,27.683,27.7093,2379600.0
2013-11-21,27.7948,27.8146,27.604,27.6501,1240900.0
2013-11-22,27.5843,27.8738,27.5251,27.7619,1260600.0
2013-11-25,27.854,27.8672,27.5251,27.558,1535600.0
2013-11-26,27.5054,27.6172,27.2422,27.3014,1577700.0
2013-11-27,27.3014,27.4527,27.2093,27.4527,1617600.0
2013-11-29,27.4264,27.6896,27.308,27.479,1024300.0
2013-12-02,27.4725,27.5251,27.0514,27.1699,1962700.0
2013-12-03,27.0449,27.2093,26.9133,27.137,1988400.0
2013-12-04,26.9264,27.2817,26.808,27.2422,1194200.0
2013-12-05,27.2093,27.3804,27.0251,27.0712,1743500.0
2013-12-06,27.2422,27.6304,27.2422,27.6238,1777000.0
2013-12-09,27.6304,27.7027,27.3146,27.3738,1479900.0
2013-12-10,27.3343,27.3935,26.8607,26.887,2077600.0
2013-12-11,26.8607,26.933,26.6172,26.6896,1729200.0
2013-12-12,26.6567,26.9922,26.6304,26.7686,1497600.0
2013-12-13,26.7686,26.933,26.5383,26.6633,1339400.0
2013-12-16,26.8146,27.2159,26.7357,26.9856,1903700.0
2013-12-17,26.9725,27.0712,26.8014,26.8409,2053600.0
2013-12-18,26.9067,27.3541,26.6041,27.3343,2486900.0
2013-12-19,27.2356,27.262,26.8278,27.1238,1623200.0
2013-12-20,27.2093,27.6172,27.1896,27.3409,3113300.0
2013-12-23,27.4593,27.5054,27.2225,27.2291,1176600.0
2013-12-24,27.1633,27.3738,26.9922,27.308,679700.0
2013-12-26,27.2817,27.3343,27.0317,27.1172,796200.0
2013-12-27,27.1172,27.2948,27.0909,27.1633,1055500.0
2013-12-30,27.1764,27.4133,27.1172,27.2093,1143900.0
2013-12-31,27.2883,27.3409,27.058,27.1962,1110300.0
2014-01-02,27.2488,27.2751,26.7028,26.7949,1428400.0
2014-01-03,26.808,26.9199,26.5844,26.762,1237700.0
2014-01-06,26.6501,26.7159,26.4199,26.5186,1803900.0
2014-01-07,26.5383,27.0514,26.4988,26.9725,2086100.0
2014-01-08,26.9791,27.0185,26.7093,26.7686,1455600.0
2014-01-09,26.7817,26.9001,26.6436,26.808,1253800.0
2014-01-10,26.9593,27.4462,26.9593,27.262,1216800.0
2014-01-13,27.2488,27.2554,26.9067,26.9659,1624200.0
2014-01-14,26.9791,27.0909,26.8541,26.9659,865800.0
2014-01-15,27.0778,27.137,26.7949,26.9067,1167500.0
2014-01-16,26.9133,27.0449,26.7159,27.0383,1355500.0
2014-01-17,27.1304,27.1764,27.0054,27.0646,1018900.0
2014-01-21,27.183,27.3606,27.1501,27.3014,1083800.0
2014-01-22,27.3541,27.479,27.308,27.4067,1053600.0
2014-01-23,27.3277,27.4856,27.2093,27.3935,1028200.0
2014-01-24,27.3804,27.6961,27.2422,27.2554,2226600.0
2014-01-27,27.2422,27.4067,27.1699,27.2488,1125800.0
2014-01-28,27.2948,27.3277,27.0909,27.2817,1337500.0
2014-01-29,27.1172,27.4462,27.0778,27.3475,1499700.0
2014-01-30,27.479,27.854,27.433,27.8146,960300.0
2014-01-31,27.5317,28.0974,27.5185,28.0711,1723100.0
2014-02-03,28.104,28.433,27.6961,27.7554,1834300.0
2014-02-04,27.9067,27.9067,27.4856,27.7356,1403300.0
2014-02-05,27.6961,27.7356,27.4527,27.6238,2100100.0
2014-02-06,27.6304,27.9461,27.4462,27.5777,2212400.0
2014-02-07,27.6369,27.7422,27.3541,27.6961,2196200.0
2014-02-10,27.6764,28.0777,27.4988,27.9593,1449600.0
2014-02-11,27.9486,28.4598,27.9287,28.4001,1538000.0
2014-02-12,28.4333,28.5527,28.2673,28.4664,1568800.0
2014-02-13,28.347,28.7585,28.3071,28.7519,1118000.0
2014-02-14,28.6922,28.9909,28.6191,28.9577,1090500.0
2014-02-18,28.9909,29.1834,28.9643,29.117,1197000.0
2014-02-19,29.044,29.2432,28.8316,28.8581,1456600.0
2014-02-20,28.878,29.2896,28.8316,29.1369,904700.0
2014-02-21,29.1502,29.4357,29.0905,29.1569,906700.0
2014-02-24,29.1834,29.3627,29.044,29.0506,1311900.0
2014-02-25,29.1237,29.3096,29.0241,29.0838,1031600.0
2014-02-26,29.1635,29.2432,28.9312,28.9577,1248400.0
2014-02-27,28.9444,29.1104,28.7652,28.898,984600.0
2014-02-28,28.9577,29.2432,28.9112,29.1834,1239100.0
2014-03-03,29.0639,29.1901,28.7984,28.8515,993900.0
2014-03-04,29.1237,29.4556,29.1038,29.356,1947900.0
2014-03-05,29.283,29.3427,29.0573,29.1104,1187700.0
2014-03-06,29.1369,29.2033,28.9577,28.9843,919400.0
2014-03-07,28.9776,28.9975,28.6922,28.9843,1062500.0
2014-03-10,29.0042,29.1038,28.8382,29.0374,988000.0
2014-03-11,29.0506,29.0905,28.7254,28.9312,1125300.0
2014-03-12,28.8913,29.4822,28.8714,29.4689,1474600.0
2014-03-13,29.4689,29.9668,29.4689,29.8606,1342300.0
2014-03-14,29.834,30.1593,29.7411,30.0796,1137000.0
2014-03-17,30.146,30.4514,30.0,30.312,916500.0
2014-03-18,30.3385,30.4846,30.2589,30.2921,877100.0
2014-03-19,30.2921,30.4315,29.7012,29.8805,1230000.0
2014-03-20,29.688,29.8406,29.522,29.7743,1067900.0
2014-03-21,30.0066,30.312,29.907,29.9469,1356500.0
2014-03-24,30.0066,30.2323,29.8805,30.1726,1002500.0
2014-03-25,30.2058,30.4979,29.9469,30.4713,1406400.0
2014-03-26,30.458,30.5709,30.239,30.2722,1028300.0
2014-03-27,30.2257,30.5244,30.1062,30.478,1306600.0
2014-03-28,30.5244,30.5775,30.3916,30.4979,822700.0
2014-03-31,30.6638,31.0422,30.6439,30.9028,1761100.0
2014-04-01,30.8962,30.9493,30.6771,30.9294,1480500.0
2014-04-02,30.8099,31.0754,30.6904,30.9028,1363500.0
2014-04-03,30.9227,31.1816,30.8298,31.0887,1741200.0
2014-04-04,31.1352,31.5269,31.0754,31.1949,2393300.0
2014-04-07,31.1219,31.4538,31.0555,31.0754,1715100.0
2014-04-08,31.0223,31.5269,30.7767,31.4538,1621400.0
2014-04-09,31.4804,31.487,30.8364,31.2348,1302800.0
2014-04-10,31.2348,31.4273,30.9692,31.1285,1845000.0
2014-04-11,31.0555,31.4007,30.9825,31.1418,2024200.0
2014-04-14,31.2215,31.4206,31.0622,31.3543,1539600.0
2014-04-15,31.3476,31.9517,31.3211,31.9119,1648000.0
2014-04-16,32.0314,32.1442,31.8256,32.1442,1311700.0
2014-04-17,32.0579,32.1841,31.5202,31.6065,1795500.0
2014-04-21,31.6596,31.8057,31.3277,31.5269,1150500.0
2014-04-22,31.3277,31.6065,31.3078,31.5468,1107500.0
2014-04-23,31.487,31.9517,31.4804,31.6065,1813700.0
2014-04-24,31.5999,31.8986,31.3808,31.7061,1637300.0
2014-04-25,31.6729,32.2903,31.6729,32.2837,1894500.0
2014-04-28,32.2305,32.4496,31.8787,32.1442,2533000.0
2014-04-29,32.2106,32.3036,31.8721,31.9451,2031600.0
2014-04-30,31.965,32.3434,31.9451,32.1841,2025200.0
2014-05-01,32.3766,32.6687,32.0978,32.4961,1832200.0
2014-05-02,32.1974,32.2438,31.5003,31.7194,2153800.0
2014-05-05,31.6198,31.965,31.6065,31.8787,1403400.0
2014-05-06,31.7393,31.9119,31.5999,31.6397,944500.0
2014-05-07,31.56,32.1708,31.56,32.1642,1530900.0
2014-05-08,32.2106,32.2106,31.5667,31.58,1752100.0
2014-05-09,31.2388,31.4263,30.643,30.7568,3226600.0
2014-05-12,30.5224,30.8036,30.2346,30.3618,4228500.0
2014-05-13,30.248,30.5492,29.9668,30.2212,3357500.0
2014-05-14,30.335,30.8639,30.2747,30.6563,1877900.0
2014-05-15,30.7367,30.9509,30.4689,30.4957,2021400.0
2014-05-16,30.3618,30.4622,30.027,30.3752,3661800.0
2014-05-19,30.3417,30.3819,29.9266,29.9869,1786100.0
2014-05-20,30.0404,30.2078,29.7458,30.0136,1966700.0
2014-05-21,30.1074,30.1074,29.7525,29.8864,1337500.0
2014-05-22,29.8864,30.2747,29.8864,30.2011,1009600.0
2014-05-23,30.2279,30.422,30.1609,30.2145,937200.0
2014-05-27,30.3752,30.4287,30.0672,30.2212,1066300.0
2014-05-28,30.2546,30.3685,30.2011,30.3417,844300.0
2014-05-29,30.2814,30.4019,30.0069,30.1944,1453900.0
2014-05-30,30.1877,30.4957,30.1676,30.4756,1961400.0
2014-06-02,30.4354,30.576,30.3015,30.4287,907000.0
2014-06-03,30.3484,30.576,30.3149,30.3885,960600.0
2014-06-04,30.3819,30.4957,30.2279,30.4689,1017800.0
2014-06-05,30.4622,30.7969,30.3952,30.7099,923100.0
2014-06-06,30.6898,30.9241,30.5827,30.6363,1141900.0
2014-06-09,30.5961,30.7367,30.3952,30.4823,1267100.0
2014-06-10,30.4756,30.5492,30.2948,30.335,562100.0
2014-06-11,30.2346,30.2613,29.8797,29.8998,940200.0
2014-06-12,29.9132,29.9802,29.478,29.9802,2399900.0
2014-06-13,30.0136,30.2279,29.8262,30.1743,786600.0
2014-06-16,30.1341,30.6831,30.1141,30.4421,858800.0
2014-06-17,30.335,30.4756,30.1743,30.2814,1093500.0
2014-06-18,30.2613,31.038,30.2613,31.0112,989000.0
2014-06-19,31.0112,31.4196,30.9308,31.3861,1608100.0
2014-06-20,31.4664,31.5535,31.2924,31.3928,1292700.0
2014-06-23,30.5693,31.3459,30.268,30.3082,7754500.0
2014-06-24,30.4756,30.9308,30.4555,30.8237,4475100.0
2014-06-25,30.8237,30.9442,30.643,30.884,1964200.0
2014-06-26,31.0045,31.2388,30.884,31.2321,2329000.0
2014-06-27,31.1518,31.4397,31.0179,31.3258,1415000.0
2014-06-30,31.3526,31.5468,31.1384,31.4129,1646900.0
2014-07-01,31.4731,31.4798,31.1049,31.1183,1341300.0
2014-07-02,31.1116,31.1116,30.1743,30.3551,2574900.0
2014-07-03,30.248,30.2814,29.8663,30.0672,1229100.0
2014-07-07,30.0672,30.3752,29.9467,30.2613,1109300.0
2014-07-08,30.2613,30.7969,30.2613,30.3952,1272900.0
2014-07-09,30.4622,30.5492,30.1341,30.2747,827300.0
2014-07-10,30.0404,30.6162,30.0203,30.5358,989800.0
2014-07-11,30.5425,30.6563,30.2011,30.2747,1068400.0
2014-07-14,30.3082,30.3551,29.9534,29.9935,1128500.0
2014-07-15,29.8663,30.2011,29.8663,30.1074,1024600.0
2014-07-16,30.2145,30.268,29.9534,30.2346,908600.0
2014-07-17,30.2145,30.3685,30.0136,30.0337,1039600.0
2014-07-18,30.1341,30.4488,29.9266,30.3819,1202200.0
2014-07-21,30.3015,30.4555,30.2078,30.3417,973700.0
2014-07-22,30.3819,30.5024,30.2613,30.3685,1000800.0
2014-07-23,30.3149,30.5091,30.2948,30.4488,1148300.0
2014-07-24,30.4354,30.643,30.3752,30.5224,934000.0
2014-07-25,30.4622,30.6563,30.181,30.2279,1311900.0
2014-07-28,30.1944,30.8907,30.1944,30.8572,2027800.0
2014-07-29,30.8438,30.971,30.3484,30.3551,1172300.0
2014-07-30,30.3952,30.5626,29.6387,29.7391,1976300.0
2014-07-31,29.5651,29.7525,29.1634,29.1768,1463900.0
2014-08-01,29.1098,29.6722,29.0429,29.4646,2117000.0
2014-08-04,29.4847,29.5048,28.7148,29.1634,2356600.0
2014-08-05,29.0094,29.1901,28.5809,28.7014,1315400.0
2014-08-06,28.5675,28.5943,28.052,28.1457,2655100.0
2014-08-07,28.7215,29.4847,28.447,28.5541,3059900.0
2014-08-08,28.601,29.0763,28.5608,29.0629,1198100.0
2014-08-11,29.1113,29.2464,28.9221,28.9491,1147000.0
2014-08-12,28.9289,29.145,28.8343,28.9559,1550500.0
2014-08-13,28.9694,29.2869,28.9086,29.1788,1288500.0
2014-08-14,29.2059,29.3748,29.2059,29.3139,782200.0
2014-08-15,29.2937,29.4761,29.1586,29.368,1270400.0
2014-08-18,29.4085,29.422,29.1856,29.2396,1043900.0
2014-08-19,29.3207,29.895,29.2329,29.8679,1420100.0
2014-08-20,29.8342,29.895,29.6585,29.8206,1171700.0
2014-08-21,29.8342,30.0571,29.7125,29.7666,658600.0
2014-08-22,29.7598,29.9355,29.4828,29.7125,636300.0
2014-08-25,29.8139,30.1247,29.7463,30.0503,1271200.0
2014-08-26,30.1111,30.2328,29.7598,29.7733,1289200.0
2014-08-27,29.8679,30.1719,29.7328,30.1382,1225000.0
2014-08-28,30.1314,30.5368,29.9963,30.4962,1696600.0
2014-08-29,30.4489,30.6516,30.3881,30.6246,1296600.0
2014-09-02,30.6111,30.6584,30.0639,30.199,1390300.0
2014-09-03,30.199,30.807,30.1922,30.4489,1930300.0
2014-09-04,30.4017,30.5165,30.199,30.3476,763700.0
2014-09-05,30.4017,30.7867,30.3746,30.7867,645900.0
2014-09-08,30.7867,30.7867,30.4489,30.5841,762800.0
2014-09-09,30.503,30.5638,30.1247,30.1652,998100.0
2014-09-10,30.1449,30.3003,29.9625,30.2328,2110000.0
2014-09-11,30.2395,30.6651,30.1382,30.5233,1200400.0
2014-09-12,30.3949,30.4084,29.699,29.8004,2693800.0
2014-09-15,29.9152,30.1719,29.8139,30.0503,2351800.0
2014-09-16,30.0503,30.4287,29.9693,30.1922,1440900.0
2014-09-17,30.3003,30.4354,30.0436,30.1855,1091100.0
2014-09-18,30.1584,30.2665,29.6247,29.7328,1076900.0
2014-09-19,29.8409,30.0098,29.7328,29.8612,1850600.0
2014-09-22,29.8544,29.8544,29.5031,29.618,1146500.0
2014-09-23,29.5369,29.6247,29.3545,29.395,931000.0
2014-09-24,29.368,29.4626,29.1856,29.2667,832400.0
2014-09-25,29.2531,29.3815,28.9424,28.9762,1008400.0
2014-09-26,29.0032,29.0572,28.7329,28.9289,1626800.0
2014-09-29,28.8005,29.0032,28.7464,28.9626,1026700.0
2014-09-30,29.0032,29.341,28.8748,29.0505,1225500.0
2014-10-01,29.1315,29.5301,29.0572,29.1856,1268500.0
2014-10-02,29.1856,29.5436,29.1383,29.3275,1628700.0
2014-10-03,29.3815,29.672,29.1383,29.5977,1303900.0
2014-10-06,29.6653,29.7936,29.4964,29.645,1201800.0
2014-10-07,29.5909,30.1314,29.5909,29.9152,2162900.0
2014-10-08,29.9017,30.6989,29.8747,30.6449,1931200.0
2014-10-09,30.6854,31.0097,30.3138,30.3206,3693300.0
2014-10-10,30.5097,30.9759,30.503,30.78,2506400.0
2014-10-13,30.7462,31.5839,30.7462,31.2326,4926500.0
2014-10-14,31.3272,32.5095,31.2326,31.9352,5497400.0
2014-10-15,31.8812,32.4352,31.5772,32.246,3826800.0
2014-10-16,31.9352,32.0771,31.3407,31.8339,3664600.0
2014-10-17,31.9893,32.0028,31.4353,31.8812,2326700.0
2014-10-20,31.8812,32.3474,31.7934,32.3136,1956000.0
2014-10-21,32.3474,32.5433,32.1514,32.4014,1911200.0
2014-10-22,32.3811,32.7797,32.3271,32.5568,1733100.0
2014-10-23,32.7797,32.8878,32.496,32.6784,1382200.0
2014-10-24,32.7324,32.8811,32.5703,32.8473,1560600.0
2014-10-27,32.746,33.0702,32.746,32.8946,1299300.0
2014-10-28,32.9216,33.0027,32.4284,32.8811,2391500.0
2014-10-29,32.7932,33.0905,32.2866,32.6243,1785600.0
2014-10-30,32.7662,33.5364,32.6784,33.4891,1949500.0
2014-10-31,33.6512,33.6715,33.327,33.5499,1732800.0
2014-11-03,33.5499,33.935,33.5499,33.7256,1759200.0
2014-11-04,33.6648,33.9282,33.2459,33.3878,1414100.0
2014-11-05,33.2797,34.1444,33.2526,34.0971,2206500.0
2014-11-06,33.8269,33.8269,32.9081,33.2662,2639200.0
2014-11-07,33.3067,33.3405,33.0297,33.2797,1852600.0
2014-11-10,33.2054,33.631,33.2054,33.6175,1375400.0
2014-11-11,33.5223,33.7198,33.4338,33.5972,1700500.0
2014-11-12,33.1818,33.2567,32.6575,32.8618,2299500.0
2014-11-13,32.8414,33.032,32.3579,32.4124,1827800.0
2014-11-14,32.3783,32.8209,32.3443,32.5622,1223200.0
2014-11-17,32.5009,33.1546,32.4396,33.1137,1195500.0
2014-11-18,33.1342,33.3521,32.9707,33.2295,1424300.0
2014-11-19,33.0593,33.2431,32.8822,33.1274,1148600.0
2014-11-20,32.9231,33.2159,32.8822,33.0729,680400.0
2014-11-21,33.3657,33.3657,32.8414,33.1069,1156100.0
2014-11-24,33.0456,33.1818,32.8277,32.8686,950800.0
2014-11-25,32.9707,32.9707,32.6167,32.8209,914800.0
2014-11-26,32.9503,33.1274,32.7937,33.0116,587500.0
2014-11-28,33.1886,33.8287,33.1137,33.6381,889100.0
2014-12-01,33.5087,34.3122,33.3861,33.8287,1696500.0
2014-12-02,33.6721,34.0262,33.6176,33.9377,1787100.0
2014-12-03,33.9581,34.0262,33.7266,33.999,1275200.0
2014-12-04,34.0602,34.3258,33.8696,34.2509,1200800.0
2014-12-05,33.924,34.1828,33.8423,34.1419,1056400.0
2014-12-08,34.2713,35.0067,34.1828,34.639,1686200.0
2014-12-09,34.5165,34.8842,34.4347,34.6935,1183800.0
2014-12-10,34.7344,35.1225,34.5369,34.6731,1447700.0
2014-12-11,34.6799,35.1361,34.6799,34.891,1136700.0
2014-12-12,34.748,34.9591,34.2986,34.3054,1159400.0
2014-12-15,34.4688,34.5233,33.7674,34.1419,1127900.0
2014-12-16,34.1283,34.5233,33.7811,34.21,1427400.0
2014-12-17,34.2918,35.068,34.1079,34.8569,1673000.0
2014-12-18,35.0135,35.4085,34.8297,35.3881,1299100.0
2014-12-19,35.4289,35.9328,35.32,35.6264,1985100.0
2014-12-22,35.6264,35.8307,35.2927,35.606,1265000.0
2014-12-23,35.7762,35.8579,35.5106,35.7353,691800.0
2014-12-24,35.7149,36.5661,35.7149,36.4707,714800.0
2014-12-26,36.5593,37.2334,36.5593,37.1449,1278100.0
2014-12-29,37.1244,37.7168,37.1244,37.6079,1682300.0
2014-12-30,37.5398,37.5398,36.4571,36.5729,1473500.0
2014-12-31,36.7159,36.8316,35.8851,35.9124,1157700.0
2015-01-02,36.069,36.2665,35.7694,36.2188,978200.0
2015-01-05,36.2188,36.3822,35.6468,35.7762,1132300.0
2015-01-06,35.8851,36.6274,35.7966,35.8715,1733500.0
2015-01-07,35.9328,36.4571,35.7081,36.3141,1021700.0
2015-01-08,36.4367,36.8521,36.4367,36.7159,969100.0
2015-01-09,36.818,36.9202,36.2392,36.5116,1252900.0
2015-01-12,36.5933,36.7091,36.2188,36.4026,1036500.0
2015-01-13,36.5729,37.0836,36.3005,36.5797,1101400.0
2015-01-14,36.4707,37.0427,36.3277,37.0155,933700.0
2015-01-15,37.0291,37.567,36.8521,37.4853,1118500.0
2015-01-16,37.533,38.0641,37.3491,38.0369,947700.0
2015-01-20,38.1322,38.2207,37.5943,37.9688,1453000.0
2015-01-21,37.8598,38.4863,37.5875,38.4386,880300.0
2015-01-22,38.534,38.6838,38.2071,38.5476,1021800.0
2015-01-23,38.6565,38.9834,38.534,38.7791,1010600.0
2015-01-26,38.6361,38.8404,38.3365,38.8268,1758200.0
2015-01-27,38.7246,39.1468,38.677,38.8744,973800.0
2015-01-28,38.8268,39.5009,38.568,38.6701,1936100.0
2015-01-29,38.6293,39.2081,38.4386,39.1332,1140500.0
2015-01-30,39.0651,39.14,37.9347,37.9756,1939100.0
2015-02-02,38.0233,38.391,37.5875,38.282,1179000.0
2015-02-03,38.1867,38.2548,37.7781,38.105,1397800.0
2015-02-04,38.0505,38.1458,37.5466,37.6624,1200200.0
2015-02-05,37.853,38.2139,37.5262,38.1458,1245500.0
2015-02-06,37.9415,37.9756,36.2052,36.3822,2333300.0
2015-02-09,36.3209,36.5388,35.5583,35.8239,1969300.0
2015-02-10,35.8381,36.6891,35.7763,36.6274,1229700.0
2015-02-11,36.3065,36.3065,35.3456,35.5241,3177300.0
2015-02-12,35.6476,35.929,35.2427,35.8741,1608800.0
2015-02-13,35.8467,35.8467,34.6868,34.975,3561800.0
2015-02-17,34.9201,35.3868,34.5975,35.0093,2066000.0
2015-02-18,34.975,35.8672,34.8378,35.8329,1551100.0
2015-02-19,35.8261,35.8535,35.1947,35.3251,1176300.0
2015-02-20,35.3868,35.6408,34.9338,35.6408,1942700.0
2015-02-23,35.5859,36.0731,35.579,36.0594,1449600.0
2015-02-24,36.0114,36.2928,35.8672,36.0731,1403400.0
2015-02-25,36.1555,36.1967,35.3182,35.3937,1205500.0
2015-02-26,35.3868,35.4349,34.8309,34.8584,1375000.0
2015-02-27,34.9476,35.1672,34.7417,34.9888,916200.0
2015-03-02,34.8584,34.8858,33.9867,34.3917,1580300.0
2015-03-03,34.3985,34.7829,33.8769,34.776,2012400.0
2015-03-04,34.6044,34.6456,34.1103,34.275,1016900.0
2015-03-05,34.4397,34.7142,34.275,34.6456,1136000.0
2015-03-06,34.1926,34.1926,33.0739,33.218,2347900.0
2015-03-09,33.2867,33.5269,33.2249,33.369,1188300.0
2015-03-10,33.3004,33.7053,33.1357,33.1837,1553100.0
2015-03-11,33.2249,33.4514,32.7857,32.82,1878400.0
2015-03-12,32.9916,33.4926,32.9572,33.3279,1678700.0
2015-03-13,33.3141,33.3347,32.6072,33.0876,1754900.0
2015-03-16,33.1975,34.0759,33.1975,33.671,1239500.0
2015-03-17,33.5475,33.8289,33.3622,33.4239,899400.0
2015-03-18,33.4239,34.5221,33.2455,34.2613,1432600.0
2015-03-19,34.1377,34.7005,33.8289,34.0622,1326400.0
2015-03-20,34.3642,34.6525,34.0142,34.4466,1843100.0
2015-03-23,34.4054,34.6799,34.3024,34.4328,1385000.0
2015-03-24,34.3505,34.625,33.9181,34.0554,1242100.0
2015-03-25,34.0622,34.3642,33.6642,33.6916,764400.0
2015-03-26,33.623,33.8838,33.3759,33.5406,1315200.0
2015-03-27,33.5475,34.1789,33.4788,33.9387,1362700.0
2015-03-30,34.0142,34.3024,33.8357,34.1308,839300.0
2015-03-31,34.0691,34.3711,33.7534,33.973,1253500.0
2015-04-01,33.9661,34.3367,33.5475,34.2681,1095700.0
2015-04-02,34.323,34.4054,34.1377,34.172,1036900.0
2015-04-06,34.3162,34.7691,34.2681,34.474,1057600.0
2015-04-07,34.4603,34.4946,33.9799,34.0004,696000.0
2015-04-08,33.9867,34.0897,33.6642,33.8769,983100.0
2015-04-09,33.9112,33.9112,33.472,33.6642,749200.0
2015-04-10,33.7808,34.2887,33.7465,34.0759,1102200.0
2015-04-13,34.0691,34.3436,33.9112,33.925,939800.0
2015-04-14,34.0965,34.3779,33.8906,34.1652,944400.0
2015-04-15,34.1926,34.5838,34.0828,34.1103,839300.0
2015-04-16,34.1103,34.1652,33.5887,33.9387,931400.0
2015-04-17,33.7808,34.2887,33.7808,34.0004,933600.0
2015-04-20,34.1308,34.8652,34.0965,34.5426,960500.0
2015-04-21,34.5838,34.9407,34.2132,34.4328,1496500.0
2015-04-22,34.5358,34.6319,34.1995,34.5083,784000.0
2015-04-23,34.5152,34.9682,34.4466,34.7691,1049200.0
2015-04-24,34.7074,35.3731,34.5564,35.078,1432700.0
2015-04-27,35.1054,35.1397,34.2613,34.4603,1168100.0
2015-04-28,34.2407,34.6525,34.1034,34.5495,857600.0
2015-04-29,34.2887,34.3642,33.8838,34.2475,871400.0
2015-04-30,34.1583,34.1995,33.3484,33.7122,1576500.0
2015-05-01,33.6573,34.0828,33.5818,34.0416,1351900.0
2015-05-04,34.0142,34.5289,33.9524,34.2132,1180300.0
2015-05-05,34.0004,34.4877,32.8268,32.9229,2313700.0
2015-05-06,32.8817,33.1975,32.3121,32.7033,1522300.0
2015-05-07,32.7719,33.1357,32.7651,32.8062,1037500.0
2015-05-08,33.3759,33.5132,32.9161,33.0053,1124500.0
2015-05-11,32.9442,33.4012,32.8195,32.868,784800.0
2015-05-12,32.6897,32.9182,32.4335,32.759,1191500.0
2015-05-13,32.8836,33.1329,32.295,32.4335,806000.0
2015-05-14,32.6897,32.939,32.5928,32.9251,621200.0
2015-05-15,32.9528,33.3406,32.939,33.2367,794700.0
2015-05-18,33.1259,33.486,33.1121,33.4168,904700.0
2015-05-19,33.2229,33.5622,33.0982,33.396,641600.0
2015-05-20,33.3683,34.0192,33.3129,33.7422,1193400.0
2015-05-21,33.7214,33.8392,33.486,33.7214,740300.0
2015-05-22,33.6453,33.6453,33.2783,33.4722,691400.0
2015-05-26,33.4375,33.5345,33.1259,33.4029,1199100.0
2015-05-27,33.1675,33.6106,33.1675,33.4445,1291600.0
2015-05-28,33.3752,33.5553,33.2575,33.4652,1199500.0
2015-05-29,33.5276,33.6245,33.2644,33.4306,1358700.0
2015-06-01,33.4722,33.7214,33.2783,33.4791,1258767.0
2015-06-02,33.2575,33.2575,32.572,32.8559,1202484.0
2015-06-03,32.7659,32.7728,32.1773,32.3504,1060417.0
2015-06-04,32.2327,32.4335,31.9142,32.0458,2279342.0
2015-06-05,31.6234,31.7272,31.3395,31.5126,1962384.0
2015-06-08,31.471,31.5264,31.2287,31.3049,1553383.0
2015-06-09,31.291,31.5611,31.2633,31.2979,859984.0
2015-06-10,31.4572,31.6649,31.2356,31.3533,1182583.0
2015-06-11,31.5749,31.8172,31.471,31.7619,905633.0
2015-06-12,31.6095,31.7965,31.5126,31.5541,944056.0
2015-06-15,31.7549,31.8934,31.4503,31.5264,1542411.0
2015-06-16,31.5126,31.9073,31.4087,31.8865,1170594.0
2015-06-17,31.8934,32.2743,31.7549,32.0942,1527628.0
2015-06-18,32.4751,32.759,32.3366,32.5443,1816504.0
2015-06-19,32.5858,32.7382,32.2258,32.2535,2117582.0
2015-06-22,31.8657,32.3712,31.8657,32.0458,1141904.0
2015-06-23,31.8934,31.9904,31.5195,31.7757,1365080.0
2015-06-24,31.748,31.8865,31.6095,31.6995,1879557.0
2015-06-25,31.7688,31.7688,31.6511,31.7065,2173421.0
2015-06-26,31.6372,32.0111,31.4018,31.9973,1608277.0
2015-06-29,31.6389,32.4458,31.2563,31.2702,5002129.0
2015-06-30,31.741,31.8592,31.254,31.2818,5918731.0
2015-07-01,31.3931,32.0609,31.2818,31.9496,3703421.0
2015-07-02,32.2418,32.7635,32.1792,32.4505,2784044.0
2015-07-06,32.36,32.6105,32.1305,32.5131,2478897.0
2015-07-07,32.527,33.4452,32.527,33.2991,2402828.0
2015-07-08,33.167,33.3756,32.9305,32.9861,1613019.0
2015-07-09,33.0904,33.3339,32.4018,32.5618,1983235.0
2015-07-10,32.6035,33.0626,32.4157,32.8748,1654726.0
2015-07-13,32.9444,33.2296,32.6035,32.84,1735231.0
2015-07-14,32.8887,33.1113,32.6453,32.847,2206874.0
2015-07-15,32.9165,33.0278,32.7148,32.9652,1411499.0
2015-07-16,33.3478,33.8417,33.32,33.6817,2249179.0
2015-07-17,33.5287,33.6678,33.2365,33.2922,1373815.0
2015-07-20,33.2852,33.4174,32.9444,33.1113,1106518.0
2015-07-21,33.0696,33.1878,32.8122,33.0557,1500478.0
2015-07-22,33.0557,33.5287,33.0209,33.4104,2052909.0
2015-07-23,33.2574,33.2922,32.5757,32.7635,1661259.0
2015-07-24,32.7774,32.9513,32.6661,32.7774,1133277.0
2015-07-27,32.7844,33.3617,32.7496,33.167,1181933.0
2015-07-28,33.3687,33.5009,33.1322,33.4313,1930195.0
2015-07-29,31.9983,33.6052,31.9983,33.5009,2142505.0
2015-07-30,33.5496,34.3008,33.2504,33.9252,1782877.0
2015-07-31,34.1687,34.4121,34.0295,34.0852,1675146.0
2015-08-03,34.113,34.4817,34.0156,34.3426,1585052.0
2015-08-04,34.2521,34.3704,33.7722,33.8348,1557803.0
2015-08-05,33.9808,34.1269,33.6887,33.8556,1268493.0
2015-08-06,33.8556,34.2939,33.5635,34.2591,1520648.0
2015-08-07,34.1617,34.8712,34.0017,34.8086,2140796.0
2015-08-10,34.7738,34.9199,34.4608,34.5999,1762345.0
2015-08-11,34.5765,35.5829,34.5626,35.1216,3579529.0
2015-08-12,35.0753,35.858,34.9146,35.6134,2255187.0
2015-08-13,35.4177,35.6693,35.1312,35.6134,1650834.0
2015-08-14,35.5156,35.886,35.2989,35.879,1606410.0
2015-08-17,35.8301,36.1655,35.6623,35.844,1754130.0
2015-08-18,35.8091,36.0188,35.5994,35.8301,1477779.0
2015-08-19,35.6973,36.1655,35.4876,36.0118,1330712.0
2015-08-20,35.7881,36.3332,35.6763,35.9698,1757756.0
2015-08-21,35.7742,36.2354,35.6903,35.851,2710988.0
2015-08-24,35.5435,35.5575,33.9222,34.0829,3177079.0
2015-08-25,34.5512,34.677,32.86,32.9019,2654258.0
2015-08-26,33.2303,33.426,32.6084,33.3492,2172559.0
2015-08-27,33.6497,33.7056,33.1605,33.6776,1584349.0
2015-08-28,33.6706,34.062,33.2024,33.6846,1388196.0
2015-08-31,33.7335,33.7685,33.0836,33.3002,2636257.0
2015-09-01,33.1535,34.5023,32.4616,32.6783,3061754.0
2015-09-02,32.9997,33.0067,32.3079,32.6363,1872328.0
2015-09-03,32.7272,33.0137,32.6154,32.86,1570175.0
2015-09-04,32.5944,32.7551,32.3218,32.5455,2216305.0
2015-09-08,32.9648,33.1255,32.7761,33.0347,1560376.0
2015-09-09,33.0626,33.412,32.7062,32.7551,1706154.0
2015-09-10,32.7062,33.3422,32.6922,33.0137,2901084.0
2015-09-11,32.8669,33.461,32.7481,33.461,1469488.0
2015-09-14,33.5937,33.8943,33.5099,33.7056,1822851.0
2015-09-15,33.7195,33.8663,33.2932,33.7335,1513471.0
2015-09-16,33.6706,33.9991,33.6007,33.8383,1709126.0
2015-09-17,33.7754,34.7818,33.7265,34.3765,1834031.0
2015-09-18,34.027,34.684,34.02,34.4743,2933383.0
2015-09-21,34.4953,34.7538,34.4114,34.6001,1361029.0
2015-09-22,34.3485,34.656,34.2367,34.4184,1131844.0
2015-09-23,34.4394,34.6211,34.2017,34.5791,1618030.0
2015-09-24,34.4673,35.1801,34.3695,35.0753,1830627.0
2015-09-25,35.1522,35.858,34.9635,35.6484,1866797.0
2015-09-28,35.5366,35.9908,35.5156,35.6274,1801364.0
2015-09-29,35.6204,35.9139,35.4946,35.7252,2256152.0
2015-09-30,35.851,36.5429,35.7462,36.494,1364765.0
2015-10-01,36.5848,36.6757,36.0048,36.3961,2001629.0
2015-10-02,36.6128,36.9343,36.1096,36.7735,1795473.0
2015-10-05,36.9552,37.0251,36.3892,36.8644,1461751.0
2015-10-06,36.7316,36.7316,36.0956,36.4311,2000629.0
2015-10-07,36.5569,36.5569,35.9629,36.1026,1878281.0
2015-10-08,36.0048,36.6617,35.9209,36.6547,1591313.0
2015-10-09,36.6757,36.8294,36.3193,36.5918,1665224.0
2015-10-12,36.5918,37.0391,36.5918,36.8783,1218592.0
2015-10-13,36.8364,36.9972,36.5149,36.6477,1423856.0
2015-10-14,36.6757,36.7875,36.4241,36.5149,1241644.0
2015-10-15,36.6477,37.081,36.459,37.0391,1391747.0
2015-10-16,37.2138,37.4025,37.0531,37.2487,1639180.0
2015-10-19,37.1858,37.3745,36.9133,37.3675,1667349.0
2015-10-20,37.2487,37.4933,37.1439,37.2977,1163688.0
2015-10-21,37.4933,37.6191,37.088,37.1509,1473470.0
2015-10-22,37.2138,37.6541,37.074,37.5492,1446360.0
2015-10-23,37.3815,37.4165,36.8085,36.9063,1359078.0
2015-10-26,36.7945,36.9412,36.5219,36.9343,1116166.0
2015-10-27,36.8364,36.9902,36.6198,36.8154,1032894.0
2015-10-28,36.8224,36.9692,35.844,36.2703,1522001.0
2015-10-29,36.1026,36.2074,35.3688,35.851,1606018.0
2015-10-30,35.9768,36.2284,35.858,36.0327,1122257.0
2015-11-02,36.0327,36.2354,35.7951,36.1376,1321028.0
2015-11-03,36.0886,36.2913,35.7951,36.2564,1378643.0
2015-11-04,35.9349,37.1858,35.7951,36.3332,1764714.0
2015-11-05,36.3193,36.487,36.0886,36.1166,1200158.0
2015-11-06,35.5785,35.7392,34.2087,34.6001,2816447.0
2015-11-09,34.4823,34.581,34.1366,34.3765,2193630.0
2015-11-10,34.5087,34.9672,34.4452,34.9672,1712533.0
2015-11-11,35.0307,35.3693,34.8685,35.2635,1080579.0
2015-11-12,35.1506,35.6233,34.8755,34.9108,1147932.0
2015-11-13,34.9179,35.2,34.5228,34.5793,959204.0
2015-11-16,34.5581,35.5527,34.4311,35.5316,1403414.0
2015-11-17,35.4187,35.7291,34.8614,34.9461,1843637.0
2015-11-18,34.9955,35.3764,34.7062,35.3199,1577237.0
2015-11-19,35.4187,35.6656,35.1436,35.454,1697247.0
2015-11-20,35.6092,35.8984,35.4822,35.6303,1072315.0
2015-11-23,35.5457,35.7432,35.1436,35.2141,929477.0
2015-11-24,35.0942,35.193,34.5722,34.8332,1718306.0
2015-11-25,34.9179,34.9249,34.4805,34.6145,1516887.0
2015-11-27,34.6992,35.1436,34.6145,34.9461,674969.0
2015-11-30,35.0378,35.193,34.7768,34.7909,1584381.0
2015-12-01,35.0519,35.2282,34.7415,35.2071,1950356.0
2015-12-02,35.0589,35.2494,34.3112,34.3465,1374502.0
2015-12-03,34.1278,34.3183,33.8456,33.9444,1300779.0
2015-12-04,34.0996,34.9179,34.0361,34.8826,1555789.0
2015-12-07,34.7627,35.4046,34.7627,35.327,2518298.0
2015-12-08,35.2706,35.6797,35.2141,35.6233,1867459.0
2015-12-09,35.4681,35.8137,35.1506,35.2282,1806796.0
2015-12-10,35.2,35.2,34.2266,34.2548,1934597.0
2015-12-11,34.1772,34.5863,33.895,34.2548,1349119.0
2015-12-14,34.4876,35.0025,34.3606,34.9461,1953629.0
2015-12-15,35.1154,35.5951,35.0237,35.2141,1252036.0
2015-12-16,35.3482,36.237,35.3482,36.1312,1793165.0
2015-12-17,36.1523,36.3851,35.4892,36.1594,2216121.0
2015-12-18,35.983,36.0395,35.2565,35.4399,1439425.0
2015-12-21,35.6092,35.8772,35.2917,35.5457,1030248.0
2015-12-22,35.581,35.9266,35.2,35.7926,961582.0
2015-12-23,35.9266,36.4274,35.8278,36.3569,1053999.0
2015-12-24,36.371,36.4557,36.2793,36.3781,634962.0
2015-12-28,36.2511,36.6814,36.1735,36.6038,923111.0
2015-12-29,36.6814,37.0623,36.6673,36.893,925508.0
2015-12-30,36.9283,37.3022,36.766,36.8436,794609.0
2015-12-31,36.6673,36.7519,35.983,36.1947,723540.0
2016-01-04,35.9266,36.2017,35.6444,36.2017,1343222.0
2016-01-05,36.1947,36.6955,35.581,36.5897,1971063.0
2016-01-06,36.3146,36.6602,36.2229,36.4909,1135623.0
2016-01-07,36.0747,36.5967,36.0536,36.4839,1479556.0
2016-01-08,36.5333,36.8013,36.237,36.3075,1335905.0
2016-01-11,36.505,36.8154,36.3569,36.6038,1394233.0
2016-01-12,36.766,36.7731,35.9901,36.364,1306666.0
2016-01-13,36.5756,37.0059,36.4486,36.5685,1754353.0
2016-01-14,36.5403,37.669,36.2652,37.3868,2661478.0
2016-01-15,36.8366,37.3304,36.6955,37.2105,1930639.0
2016-01-19,37.3233,38.3391,37.1399,38.2262,3095270.0
2016-01-20,37.9652,38.2545,37.0976,37.3445,3052941.0
2016-01-21,37.3868,37.7889,36.6884,37.0129,2414978.0
2016-01-22,37.2105,37.8947,36.9565,37.8242,2224265.0
2016-01-25,37.8383,37.9159,37.3939,37.5349,1821806.0
2016-01-26,37.6408,38.2686,37.5561,37.9935,1928960.0
2016-01-27,37.6901,38.2333,37.3515,37.7959,1846042.0
2016-01-28,37.7466,38.9528,37.3586,38.586,2225340.0
2016-01-29,38.974,39.3055,38.7412,38.9599,1943231.0
2016-02-01,38.9317,39.8769,38.6848,39.5665,2069513.0
2016-02-02,39.4043,39.6088,39.0868,39.5947,1700973.0
2016-02-03,39.7852,40.2437,39.6512,39.9616,2308009.0
2016-02-04,39.5665,40.3284,39.5665,39.7852,2071307.0
2016-02-05,39.5171,40.286,38.9458,40.2437,2127959.0
2016-02-08,40.3213,41.0197,39.9263,40.5329,2607494.0
2016-02-09,40.3697,40.8464,40.2487,40.4836,2185114.0
2016-02-10,40.295,40.601,39.3842,40.1598,1913902.0
2016-02-11,40.2594,40.416,39.6546,39.6617,1410401.0
2016-02-12,39.6831,39.9321,39.0854,39.6119,1102262.0
2016-02-16,39.8396,39.8396,38.9431,39.6546,1341287.0
2016-02-17,39.6333,39.6973,39.0711,39.5123,1581234.0
2016-02-18,39.4411,40.5156,39.3771,40.2808,1269634.0
2016-02-19,40.295,40.5013,39.8325,40.2238,1013562.0
2016-02-22,40.4373,40.665,40.0958,40.6294,1091336.0
2016-02-23,40.4587,40.8714,40.3946,40.8073,810727.0
2016-02-24,40.7219,41.0492,40.359,40.8358,1420554.0
2016-02-25,41.0421,41.3339,40.8144,41.2556,1139656.0
2016-02-26,41.1346,41.2414,39.9463,40.1598,1070444.0
2016-02-29,40.1527,40.6152,40.0602,40.0958,1107978.0
2016-03-01,40.4088,40.544,39.804,40.0958,1658360.0
2016-03-02,39.8965,40.1242,39.0284,40.0104,1833540.0
2016-03-03,40.0744,40.2167,39.3202,40.1812,1256132.0
2016-03-04,39.989,40.6579,39.7471,40.5867,1020913.0
2016-03-07,40.4302,40.6223,40.2381,40.4942,1225823.0
2016-03-08,40.5512,41.2627,40.4729,41.1062,1512230.0
2016-03-09,41.1062,41.6612,40.9425,41.3267,1343046.0
2016-03-10,41.2414,41.5402,40.8429,41.2129,1422779.0
2016-03-11,41.5117,41.6541,41.2058,41.3766,1150908.0
2016-03-14,41.2342,41.5046,41.0065,41.3054,1384240.0
2016-03-15,41.1916,41.5971,41.1916,41.5117,1470284.0
2016-03-16,41.4264,41.9173,40.9781,41.8177,1418565.0
2016-03-17,41.9244,42.3158,41.711,42.1237,1259042.0
2016-03-18,42.1094,42.2945,41.6185,41.6256,2651568.0
2016-03-21,41.5189,41.8818,41.1702,41.6683,1650613.0
2016-03-22,41.7252,41.8889,41.3837,41.4406,1270556.0
2016-03-23,41.4762,42.1094,41.2485,41.8604,1334959.0
2016-03-24,41.7466,42.1379,41.7039,41.9031,778601.0
2016-03-28,41.9814,42.2518,41.6754,41.7537,694874.0
2016-03-29,41.8675,42.4439,41.7394,42.4012,945952.0
2016-03-30,42.4154,42.515,42.1166,42.4154,711350.0
2016-03-31,42.387,42.8068,42.1877,42.7427,1262657.0
2016-04-01,42.5862,42.8637,42.1735,42.6716,1858944.0
2016-04-04,42.6929,42.9206,42.1877,42.7712,1211691.0
2016-04-05,42.7,42.7641,41.96,41.9671,2427048.0
2016-04-06,41.8248,42.0169,41.5616,41.8462,992744.0
2016-04-07,41.6683,42.1521,41.6327,41.9173,853197.0
2016-04-08,41.9458,42.3229,41.9102,41.9316,791588.0
2016-04-11,41.9814,42.3016,41.7679,41.7893,1239601.0
2016-04-12,41.8533,42.1023,41.711,42.0739,883325.0
2016-04-13,42.1094,42.1094,41.4762,41.6968,1212995.0
2016-04-14,41.5758,41.7893,41.3837,41.5402,1013864.0
2016-04-15,41.5758,41.96,41.4975,41.8319,987188.0
2016-04-18,41.775,42.081,41.6114,42.081,652806.0
2016-04-19,42.0739,42.1593,41.775,42.081,1093678.0
2016-04-20,41.9885,42.2945,40.6223,40.6437,1517082.0
2016-04-21,40.5156,40.5369,39.4625,39.7756,2604165.0
2016-04-22,39.989,40.3377,39.9108,40.3092,1595803.0
2016-04-25,40.2594,40.4942,40.0744,40.4302,1381187.0
2016-04-26,40.3662,40.5654,40.2737,40.3519,1353662.0
2016-04-27,40.5013,41.3552,40.4373,41.0564,1513701.0
2016-04-28,40.8002,41.405,40.5583,41.3267,1419056.0
2016-04-29,41.1631,41.4904,40.6721,41.4192,1330967.0
2016-05-02,41.4904,41.7679,41.2342,41.5687,1577992.0
2016-05-03,41.8604,42.2589,41.5117,41.9458,2230467.0
2016-05-04,41.9244,43.0558,41.9244,42.7641,1771671.0
2016-05-05,42.6289,43.0416,42.451,42.6716,1344159.0
2016-05-06,42.6502,42.6858,41.7964,42.1593,2102015.0
2016-05-09,42.5079,42.8139,42.1948,42.7498,2018905.0
2016-05-10,42.7645,43.0013,42.5421,42.7143,1912193.0
2016-05-11,42.8685,43.1412,42.5744,43.0909,1559891.0
2016-05-12,42.89,43.3205,42.7681,43.177,1637419.0
2016-05-13,43.1555,43.2129,42.6963,42.9833,1144638.0
2016-05-16,42.9259,43.1699,42.5385,43.1555,1158572.0
2016-05-17,43.0766,43.1627,42.0363,42.2587,2663043.0
2016-05-18,42.0076,42.438,41.369,41.534,1525288.0
2016-05-19,41.3618,41.9286,41.0749,41.9143,1297285.0
2016-05-20,42.1008,42.1008,41.5986,41.9789,1731035.0
2016-05-23,42.1295,42.2228,41.5843,41.6058,714813.0
2016-05-24,41.7134,42.2587,41.4982,42.2372,1085488.0
2016-05-25,42.0076,42.2085,41.778,42.1511,1046551.0
2016-05-26,42.1511,42.8542,42.1152,42.8111,1683299.0
2016-05-27,42.9187,42.9546,42.5815,42.8542,885197.0
2016-05-31,42.7179,43.2846,42.7107,43.1483,1581060.0
2016-06-01,43.1268,43.4353,43.0264,43.3707,1817812.0
2016-06-02,43.3062,43.3851,42.7752,43.177,1497614.0
2016-06-03,43.6075,44.3465,43.6003,44.1384,1121371.0
2016-06-06,44.0452,44.3034,43.7295,43.8443,1437422.0
2016-06-07,43.8945,44.1241,43.5932,43.6936,1338057.0
2016-06-08,43.6577,44.2748,43.5286,44.2317,889402.0
2016-06-09,44.1958,44.7483,44.0165,44.7124,1419223.0
2016-06-10,44.6191,44.9635,44.5546,44.8631,1456227.0
2016-06-13,44.9276,45.1142,44.7339,44.8559,1121747.0
2016-06-14,44.8559,45.3366,44.5617,45.3366,2064019.0
2016-06-15,45.3366,45.3796,44.612,44.8846,1142491.0
2016-06-16,44.8846,45.3868,44.8846,45.3007,1333423.0
2016-06-17,45.1931,45.4944,44.8702,45.4155,1689924.0
2016-06-20,45.4155,45.4442,44.6622,45.1572,1206975.0
2016-06-21,45.2362,45.4586,44.9563,45.1285,1152206.0
2016-06-22,45.229,45.3007,44.9922,45.1142,1121592.0
2016-06-23,45.1644,45.1644,44.7411,45.0424,908052.0
2016-06-24,44.9994,45.889,44.8057,45.4299,2033052.0
2016-06-27,45.6308,46.3697,45.4586,46.2621,4227804.0
2016-06-28,46.2908,46.2908,45.516,46.1473,2958604.0
2016-06-29,46.3697,46.4989,45.7599,46.0325,2072824.0
2016-06-30,46.0971,46.8504,45.9464,46.8504,2192135.0
2016-07-01,46.8504,47.0442,46.2263,46.6711,1350815.0
2016-07-05,46.6567,47.4316,46.6567,47.2235,1826189.0
2016-07-06,47.1518,47.2235,46.6352,47.1016,1916659.0
2016-07-07,46.9939,46.9939,46.0469,46.1904,1832882.0
2016-07-08,46.0828,46.6711,45.5734,46.6567,1416288.0
2016-07-11,46.3697,46.6209,45.8245,46.5706,1149776.0
2016-07-12,46.2837,46.3769,45.6595,45.7097,1324661.0
2016-07-13,45.8962,46.1186,45.7814,46.1043,1517899.0
2016-07-14,45.7886,46.1473,45.6379,45.9106,1051597.0
2016-07-15,45.9536,46.176,45.6595,45.889,1398786.0
2016-07-18,46.011,46.298,46.0038,46.0971,722006.0
2016-07-19,46.133,46.1832,45.8532,46.0397,541022.0
2016-07-20,46.1043,46.2621,45.7527,45.9321,777683.0
2016-07-21,45.8173,46.5491,45.6236,46.4343,1752673.0
2016-07-22,46.4558,47.0083,46.3984,46.915,1155089.0
2016-07-25,46.8146,46.9724,46.5204,46.9581,941603.0
2016-07-26,47.037,47.0872,46.2406,46.3984,1648233.0
2016-07-27,46.0397,46.5061,45.4657,45.9106,1248324.0
2016-07-28,45.8675,46.1617,45.7671,46.0397,852953.0
2016-07-29,46.1402,46.7572,46.0541,46.5706,935451.0
2016-08-01,46.5061,46.8074,46.4845,46.6854,1366296.0
2016-08-02,46.4487,46.7285,46.1115,46.3626,1317068.0
2016-08-03,46.3841,46.3841,45.5303,45.7025,914121.0
2016-08-04,45.681,46.0899,45.6379,45.8101,740861.0
2016-08-05,45.6738,45.7025,44.7913,44.8989,1325604.0
2016-08-08,44.985,45.2792,44.6622,44.7555,1153817.0
2016-08-09,44.7983,45.1237,44.6392,44.8272,715552.0
2016-08-10,45.0622,45.0695,44.8308,45.0478,685753.0
2016-08-11,44.9899,45.1635,44.8597,45.1273,668331.0
2016-08-12,45.2864,45.5034,45.0478,45.1707,1060252.0
2016-08-15,45.2213,45.3226,44.2161,44.2378,1395017.0
2016-08-16,44.1293,44.1293,43.4061,43.4061,2496070.0
2016-08-17,43.5291,44.1365,42.8999,44.0281,2272937.0
2016-08-18,43.9557,44.7947,43.9341,44.7947,1904699.0
2016-08-19,44.6356,44.7223,44.0498,44.339,1241521.0
2016-08-22,44.4041,44.744,44.3101,44.5488,812969.0
2016-08-23,44.5054,44.8164,44.2523,44.2667,684046.0
2016-08-24,44.1293,44.2523,43.6954,44.1655,934967.0
2016-08-25,44.1799,44.4548,43.9847,44.2957,709218.0
2016-08-26,44.4403,44.5343,43.0156,43.1602,1995705.0
2016-08-29,43.3121,43.7099,43.2832,43.6375,750018.0
2016-08-30,43.6375,43.8617,43.0011,43.0735,946875.0
2016-08-31,43.1168,43.3193,42.8999,43.3049,1292534.0
2016-09-01,43.2687,43.3844,43.0228,43.2615,1336443.0
2016-09-02,43.2036,43.8328,43.1675,43.7966,1292879.0
2016-09-06,43.9196,44.5054,43.8473,44.4475,1339886.0
2016-09-07,44.4114,44.4258,44.0642,44.1944,1436528.0
2016-09-08,44.057,44.5488,44.0425,44.4114,1124670.0
2016-09-09,44.1221,44.1221,42.6902,42.7336,1440226.0
2016-09-12,42.7263,43.6014,42.7263,43.5218,1628908.0
2016-09-13,43.435,43.5291,42.7914,43.0084,1614866.0
2016-09-14,43.1385,43.5942,43.0084,43.37,1589978.0
2016-09-15,43.1819,43.6014,43.059,43.5218,1589574.0
2016-09-16,43.435,44.0425,43.1675,43.963,1428938.0
2016-09-19,44.1076,44.4837,43.9702,44.4548,1051614.0
2016-09-20,44.5415,44.7296,44.2667,44.3029,1044361.0
2016-09-21,44.4041,45.2213,44.1799,45.1996,943165.0
2016-09-22,45.3371,45.554,45.0839,45.4238,730704.0
2016-09-23,45.2792,45.7059,45.0839,45.5395,925477.0
2016-09-26,45.4311,45.6119,45.2069,45.3877,1048603.0
2016-09-27,45.554,45.8144,44.5488,44.6066,1163695.0
2016-09-28,44.7657,44.773,44.0208,44.339,1137333.0
2016-09-29,44.1727,44.1944,43.3483,43.6665,1295556.0
2016-09-30,43.7533,44.0208,43.059,43.3049,1485205.0
2016-10-03,43.2904,43.2904,42.4587,42.6902,1357732.0
2016-10-04,42.5889,42.7046,41.2221,41.533,2371615.0
2016-10-05,41.5114,42.0754,41.2582,41.439,2118933.0
2016-10-06,41.2221,41.5981,40.9762,41.4463,1242650.0
2016-10-07,41.7717,42.1333,41.2438,41.2872,1489031.0
2016-10-10,41.4246,41.6632,41.2293,41.5041,1168309.0
2016-10-11,41.3306,41.3595,40.8315,40.9256,2009931.0
2016-10-12,41.034,41.6343,41.034,41.5258,1209645.0
2016-10-13,41.4752,42.3792,41.4752,42.0754,1471179.0
2016-10-14,41.9019,42.2056,41.6849,41.7572,1065679.0
2016-10-17,41.8585,42.1188,41.8585,41.9742,1003953.0
2016-10-18,42.1912,42.3792,41.6126,42.1622,1135360.0
2016-10-19,42.1261,42.2273,41.7934,42.0754,1073924.0
2016-10-20,42.1188,42.3358,41.8513,41.9887,1266254.0
2016-10-21,41.7717,41.9887,41.5475,41.7211,1065747.0
2016-10-24,41.938,42.0321,41.5837,41.8006,1075981.0
2016-10-25,41.7138,42.0537,41.6849,42.0393,1374080.0
2016-10-26,42.1044,42.7914,41.8585,42.5455,1827863.0
2016-10-27,42.5817,42.5817,41.9308,42.155,1652748.0
2016-10-28,42.155,42.5817,42.1044,42.3213,1145737.0
2016-10-31,42.5021,43.4857,42.4081,43.1892,1356435.0
2016-11-01,43.1747,43.2036,42.2273,42.3213,1265708.0
2016-11-02,42.2345,42.2345,41.4969,41.9308,1333962.0
2016-11-03,41.8223,42.3069,41.6198,42.1188,936671.0
2016-11-04,42.4153,42.6685,41.6994,41.7428,1586895.0
2016-11-07,41.9525,42.372,41.2293,42.3647,1812227.0
2016-11-08,42.5955,42.9893,42.384,42.6757,1528882.0
2016-11-09,42.0594,42.0594,40.9436,41.0092,2363580.0
2016-11-10,40.8415,41.0749,39.1349,40.4404,3450350.0
2016-11-11,40.4039,40.7904,39.8861,40.0757,2107020.0
2016-11-14,39.7986,39.8934,39.5579,39.8059,2199289.0
2016-11-15,40.0319,40.6081,39.9882,40.5352,1863161.0
2016-11-16,40.6227,40.9144,39.9882,40.2143,938675.0
2016-11-17,40.0392,40.4987,40.0392,40.4987,1173627.0
2016-11-18,40.4185,40.7248,40.3018,40.4987,1910601.0
2016-11-21,40.4768,40.8488,40.4258,40.8488,1175551.0
2016-11-22,40.9655,41.4249,40.6154,41.2718,1342777.0
2016-11-23,40.7248,41.2207,40.5498,40.6373,728104.0
2016-11-25,40.7758,41.3593,40.754,41.2499,500010.0
2016-11-28,41.3228,42.4314,41.3155,42.3293,1287368.0
2016-11-29,42.2855,42.6648,42.1761,42.322,1697661.0
2016-11-30,41.899,41.899,40.8415,40.8488,1713881.0
2016-12-01,40.4841,40.6227,40.1997,40.3893,1242095.0
2016-12-02,40.681,41.1478,40.3747,40.5789,1294809.0
2016-12-05,40.4039,40.6227,40.083,40.6154,1035002.0
2016-12-06,40.6883,40.754,40.3747,40.4185,892630.0
2016-12-07,40.5279,41.1624,40.5279,41.0676,1064184.0
2016-12-08,40.8196,41.3301,40.5862,41.1843,862330.0
2016-12-09,41.1624,41.7094,41.0894,41.6875,1147659.0
2016-12-12,41.5635,42.3001,41.4541,42.2563,1210693.0
2016-12-13,42.2272,42.621,42.1324,42.5335,1210473.0
2016-12-14,42.7742,42.9711,41.4322,41.5051,1239768.0
2016-12-15,41.3082,41.8625,41.0603,41.6729,1355115.0
2016-12-16,41.9282,42.4751,41.7094,42.3074,1596183.0
2016-12-19,42.5772,42.6064,42.0157,42.4168,731621.0
2016-12-20,42.322,42.672,42.1251,42.6283,1080712.0
2016-12-21,42.5699,42.9492,42.5699,42.6356,916014.0
2016-12-22,42.5772,42.8908,42.4678,42.8179,833511.0
2016-12-23,42.8981,42.9857,42.6866,42.8325,462763.0
2016-12-27,42.8252,42.8617,42.3876,42.7158,529310.0
2016-12-28,42.7085,42.8252,42.2126,42.2272,649392.0
2016-12-29,42.4387,42.9565,42.2709,42.92,777903.0
2016-12-30,43.0148,43.1169,42.6064,42.7742,777855.0
2017-01-03,42.7742,42.8398,42.2053,42.6575,1248178.0
2017-01-04,42.672,43.1461,42.6137,42.9857,1147222.0
2017-01-05,42.9711,43.1388,42.4678,43.044,1684756.0
2017-01-06,42.8471,43.095,42.6648,42.869,1154213.0
2017-01-09,42.9565,43.1242,42.2855,42.2855,1064971.0
2017-01-10,42.3293,42.4533,42.0303,42.373,963840.0
2017-01-11,42.2636,42.8398,42.2126,42.7742,959835.0
2017-01-12,42.8106,42.9419,42.4678,42.8106,897905.0
2017-01-13,42.6866,42.9638,42.5772,42.8398,544143.0
2017-01-17,43.0659,43.4743,42.8471,43.2847,814752.0
2017-01-18,43.1899,43.4889,43.1169,43.3066,641772.0
2017-01-19,42.9419,43.0805,42.5481,42.7085,896397.0
2017-01-20,42.7012,42.8835,42.4314,42.6648,1027105.0
2017-01-23,42.8179,42.9054,42.5189,42.5845,491501.0
2017-01-24,42.5845,42.7304,42.446,42.6137,767893.0
2017-01-25,42.4533,42.6356,42.373,42.4022,977677.0
2017-01-26,42.3439,42.6939,42.2126,42.5043,858231.0
2017-01-27,42.6648,42.7012,42.3657,42.4678,491077.0
2017-01-30,42.6575,42.6575,42.1542,42.4533,746021.0
2017-01-31,42.6064,43.0732,42.4095,43.0659,1466922.0
2017-02-01,42.5043,42.672,41.7239,41.7312,3376969.0
2017-02-02,41.5124,41.8115,40.8779,41.8042,2943329.0
2017-02-03,41.899,42.2272,41.6875,42.0375,1319762.0
2017-02-06,42.2272,42.2418,41.8188,41.9282,941643.0
2017-02-07,42.0521,42.3074,41.8625,42.2272,1010792.0
2017-02-08,42.2928,42.7596,42.1907,42.5408,1194207.0
2017-02-09,42.5286,42.7273,42.2121,42.2636,945593.0
2017-02-10,42.0797,42.4329,42.0355,42.3446,1153643.0
2017-02-13,42.4108,42.6095,42.1606,42.5948,735851.0
2017-02-14,42.5286,42.5506,41.881,42.2121,900268.0
2017-02-15,41.881,42.1459,41.6749,41.9693,1652182.0
2017-02-16,42.0429,42.3151,41.9325,42.3004,1862342.0
2017-02-17,42.4035,42.4623,41.9472,42.3446,1048928.0
2017-02-21,42.2416,42.8229,42.1312,42.7346,896221.0
2017-02-22,42.6684,43.029,42.5948,42.9775,1351433.0
2017-02-23,43.1247,43.787,43.0437,43.6251,1528763.0
2017-02-24,43.8091,43.993,43.6472,43.7796,2834886.0
2017-02-27,43.6987,43.8826,43.5515,43.8164,1355746.0
2017-02-28,43.6472,44.4051,43.6472,44.3536,2234128.0
2017-03-01,43.8311,44.4051,43.5956,44.0961,1681823.0
2017-03-02,43.9562,44.6627,43.8311,44.2506,2279081.0
2017-03-03,44.1549,44.3021,43.2203,43.6324,2377543.0
2017-03-06,43.5441,43.6472,43.3749,43.522,1717926.0
2017-03-07,43.4853,43.8532,43.419,43.6324,1224965.0
2017-03-08,43.2718,43.3086,42.8671,42.9628,1194797.0
2017-03-09,42.9628,43.2424,42.7125,42.7641,1209797.0
2017-03-10,42.9775,43.2277,42.8965,43.213,1098843.0
2017-03-13,43.1394,43.6545,43.1026,43.5956,1929146.0
2017-03-14,43.5515,43.787,43.3896,43.5441,1355636.0
2017-03-15,43.7207,44.6259,43.6913,44.3904,1739881.0
2017-03-16,44.2506,44.2727,43.7723,43.9415,1380751.0
2017-03-17,44.1255,44.4051,43.9562,44.1623,1611380.0
2017-03-20,44.1991,44.4051,43.8017,43.9415,927593.0
2017-03-21,43.9121,44.8614,43.9121,44.6995,1265516.0
2017-03-22,44.8614,45.2294,44.5229,44.7878,1394453.0
2017-03-23,44.729,45.119,44.5155,44.6554,1057092.0
2017-03-24,44.7069,45.1631,44.6259,44.9497,1196608.0
2017-03-27,45.1631,45.2809,44.6627,44.8761,998606.0
2017-03-28,44.7437,45.0528,44.567,45.0086,1151604.0
2017-03-29,44.8982,45.016,44.5891,44.8393,999292.0
2017-03-30,44.6554,44.7731,44.28,44.4714,1015624.0
2017-03-31,44.4051,44.8393,44.3242,44.6186,702325.0
2017-04-03,44.4935,44.6186,44.074,44.5965,1131637.0
2017-04-04,44.5303,44.8246,44.4419,44.6038,973661.0
2017-04-05,44.6774,45.1411,44.5376,45.0896,1208812.0
2017-04-06,44.9644,45.038,44.6627,44.7584,1269057.0
2017-04-07,44.9276,45.0012,44.3904,44.4199,1216143.0
2017-04-10,44.4567,44.6186,44.258,44.5597,912320.0
2017-04-11,44.5008,44.6774,44.1917,44.6259,959685.0
2017-04-12,44.545,44.9792,44.4567,44.9644,1033012.0
2017-04-13,44.9644,44.9865,44.4714,44.6554,1089705.0
2017-04-17,44.7878,44.8909,44.6112,44.8467,1297954.0
2017-04-18,44.8541,45.0748,44.7216,44.8614,1139346.0
2017-04-19,44.8246,44.8835,44.3316,44.5082,1404509.0
2017-04-20,44.3831,44.3831,43.8679,43.9857,2753052.0
2017-04-21,44.0151,44.6848,43.971,44.3757,2131568.0
2017-04-24,44.3684,44.7216,44.0666,44.6848,1370922.0
2017-04-25,44.5155,44.729,44.3757,44.6922,1110190.0
2017-04-26,44.6774,44.8761,44.4787,44.5523,1165411.0
2017-04-27,44.5597,44.9792,44.5229,44.7657,953464.0
2017-04-28,44.6922,44.729,44.4272,44.5376,1474807.0
2017-05-01,44.5597,44.6038,44.2727,44.4051,1286278.0
2017-05-02,44.8246,45.0454,44.4125,44.6333,1179330.0
2017-05-03,44.6406,44.9129,44.6038,44.6554,1478925.0
2017-05-04,44.5229,45.1263,44.5229,45.0896,1366753.0
2017-05-05,45.2662,45.6047,45.222,45.3324,1363339.0
2017-05-08,45.3913,45.3913,45.0012,45.303,880875.0
2017-05-09,45.2401,45.3292,44.817,44.8467,1188985.0
2017-05-10,44.9951,45.0026,44.6314,44.8541,1182076.0
2017-05-11,44.7799,44.9209,44.6166,44.8987,943013.0
2017-05-12,44.9432,45.1956,44.8987,45.1213,715847.0
2017-05-15,45.0991,45.3885,44.958,45.2846,1005376.0
2017-05-16,45.2624,45.4108,44.9655,44.9729,1601208.0
2017-05-17,45.1733,45.344,44.869,45.1139,1038481.0
2017-05-18,45.2772,45.6112,44.8912,45.2104,1190347.0
2017-05-19,45.2549,45.3811,44.8912,45.2846,1562136.0
2017-05-22,45.1362,45.8116,45.1362,45.7077,958019.0
2017-05-23,45.7819,46.0863,45.6483,45.7448,1207813.0
2017-05-24,45.73,46.0788,45.678,45.9898,982777.0
2017-05-25,45.9898,46.45,45.871,46.3757,690170.0
2017-05-26,46.3757,46.5761,46.3164,46.3535,606635.0
2017-05-30,46.3535,46.5464,46.2718,46.4425,1004164.0
2017-05-31,46.4722,46.7394,46.4722,46.5836,1207283.0
2017-06-01,46.4648,46.8879,46.2644,46.8879,1196996.0
2017-06-02,47.1254,47.2367,46.8359,47.1848,1095699.0
2017-06-05,47.1106,47.1402,46.7097,46.7914,801505.0
2017-06-06,46.8582,46.9324,46.5316,46.6429,1002694.0
2017-06-07,46.7097,47.118,46.5316,47.0438,810111.0
2017-06-08,46.9621,47.0289,46.4277,46.7469,1101959.0
2017-06-09,46.5464,46.8805,46.4351,46.8582,799634.0
2017-06-12,46.8879,47.1774,46.6355,46.9621,1302670.0
2017-06-13,46.9621,47.0438,46.7246,47.0066,472636.0
2017-06-14,47.3481,47.5559,47.1699,47.3258,739644.0
2017-06-15,47.2813,47.4965,47.1031,47.4149,929336.0
2017-06-16,47.504,47.7786,47.4223,47.6747,1351188.0
2017-06-19,47.6301,47.6301,47.1699,47.3778,727217.0
2017-06-20,47.4446,47.6524,47.3555,47.6079,663078.0
2017-06-21,47.6153,47.6598,47.0438,47.4075,709713.0
2017-06-22,47.3481,47.5262,47.1922,47.2293,665690.0
2017-06-23,47.2145,47.4371,46.9621,47.1031,738949.0
2017-06-26,46.8433,47.5188,46.6949,47.2442,1012309.0
2017-06-27,47.0066,47.0809,46.3757,46.5168,1054535.0
2017-06-28,46.7172,46.7543,46.1456,46.1605,985961.0
2017-06-29,45.8487,45.8487,45.4553,45.6261,1187823.0
2017-06-30,45.7374,45.8562,45.4702,45.5593,1082817.0
2017-07-03,45.6854,45.7671,45.292,45.3588,464186.0
2017-07-05,45.3737,45.3737,44.9506,45.151,899789.0
2017-07-06,45.0248,45.203,44.9283,45.0694,766101.0
2017-07-07,45.0916,45.396,45.0026,45.2178,731849.0
2017-07-10,45.292,45.4034,45.1436,45.1436,928637.0
2017-07-11,45.2252,45.2401,44.8838,45.1584,689772.0
2017-07-12,45.4257,45.6335,45.396,45.5518,862435.0
2017-07-13,45.4257,45.4999,45.1213,45.151,1194345.0
2017-07-14,45.4257,45.5964,45.2846,45.4479,645390.0
2017-07-17,45.4479,45.73,45.292,45.7226,794980.0
2017-07-18,45.7968,46.205,45.7077,46.1011,1780782.0
2017-07-19,46.1234,46.591,45.9823,46.539,1743495.0
2017-07-20,46.6726,46.7543,46.398,46.6058,1067346.0
2017-07-21,46.5761,47.0438,46.5019,47.0363,759099.0
2017-07-24,47.0512,47.1328,46.3089,46.3906,798299.0
2017-07-25,46.398,46.4574,46.0566,46.1531,707253.0
2017-07-26,46.0491,46.5613,45.9452,46.4796,1432367.0
2017-07-27,46.3386,46.5168,46.0714,46.3906,987486.0
2017-07-28,46.3386,46.4871,46.1605,46.2867,905591.0
2017-07-31,46.3164,46.784,46.257,46.7394,919354.0
2017-08-01,46.7394,47.0141,46.6281,46.8433,944539.0
2017-08-02,46.6726,47.259,46.5613,47.2367,1028434.0
2017-08-03,47.1848,47.6301,47.1254,47.5856,809501.0
2017-08-04,47.4371,47.6153,47.1477,47.5708,880534.0
2017-08-07,47.5262,47.7489,47.4075,47.7266,535750.0
2017-08-08,47.6153,48.0681,47.5782,48.0458,751159.0
2017-08-09,48.1446,48.1746,47.778,47.8528,1354198.0
2017-08-10,47.9276,48.5936,47.5236,48.3841,2647736.0
2017-08-11,48.3093,48.3093,47.4861,47.7705,1490859.0
2017-08-14,47.763,48.0698,47.6657,47.9276,1211176.0
2017-08-15,47.7106,48.2868,47.7106,48.2419,823759.0
2017-08-16,48.0997,48.414,48.0997,48.3167,1009383.0
2017-08-17,48.3392,48.4589,47.9052,47.9351,1117508.0
2017-08-18,47.98,48.5263,47.7555,48.3317,1772006.0
2017-08-21,48.3991,48.5487,48.1746,48.444,732821.0
2017-08-22,48.429,48.5412,48.1297,48.5263,850592.0
2017-08-23,48.4888,48.7208,48.3167,48.6759,1084643.0
2017-08-24,48.6385,48.7433,48.4739,48.5786,578861.0
2017-08-25,48.8181,48.9902,48.5936,48.7133,1022375.0
2017-08-28,48.8405,48.9453,48.6684,48.9229,695618.0
2017-08-29,49.0052,49.1698,48.8106,48.8331,790584.0
2017-08-30,48.7582,48.8555,48.6385,48.7208,873665.0
2017-08-31,48.7582,48.9528,48.6759,48.8031,767691.0
2017-09-01,48.9303,49.1249,48.661,48.7358,1080657.0
2017-09-05,48.8106,49.08,48.661,49.0575,1153745.0
2017-09-06,49.1399,49.2297,48.9453,49.0725,2209954.0
2017-09-07,49.1997,49.514,48.9678,49.4766,1788572.0
2017-09-08,49.4616,50.0079,49.2671,49.8657,1253153.0
2017-09-11,49.8657,50.2847,49.7235,50.165,1131481.0
2017-09-12,50.0827,50.1276,48.8331,49.1099,1145301.0
2017-09-13,49.095,49.2297,48.7433,48.7433,918956.0
2017-09-14,48.6759,49.2521,48.5861,49.2446,896007.0
2017-09-15,49.3868,49.5364,49.0725,49.4392,1666989.0
2017-09-18,49.3868,49.499,48.7133,48.9977,1232072.0
2017-09-19,49.0501,49.0875,48.6235,48.6385,1495197.0
2017-09-20,48.7358,48.863,48.0848,48.2644,872062.0
2017-09-21,48.2344,48.4888,48.0324,48.0923,749633.0
2017-09-22,48.2868,48.2868,47.5685,47.5984,974262.0
2017-09-25,47.5161,48.212,47.5161,48.0698,1059189.0
2017-09-26,48.0099,48.1222,47.8079,47.8229,995302.0
2017-09-27,47.5161,47.6732,46.8351,47.0596,1392101.0
2017-09-28,46.9175,47.3066,46.693,47.2617,1234554.0
2017-09-29,47.2617,47.2617,46.8726,46.9773,1194313.0
2017-10-02,47.0896,47.7181,47.0297,47.5909,1781002.0
2017-10-03,47.531,47.531,47.0222,47.3814,1122623.0
2017-10-04,47.3365,47.995,47.1794,47.9576,1093217.0
2017-10-05,47.8977,47.9875,47.6508,47.9426,794030.0
2017-10-06,47.7705,48.1222,47.531,48.1147,1345178.0
2017-10-09,48.197,48.2644,47.9725,48.0848,820580.0
2017-10-10,48.1746,48.4365,48.0099,48.2718,1204604.0
2017-10-11,48.3167,48.8705,48.2718,48.4365,898697.0
2017-10-12,48.4739,49.1174,48.444,49.065,789269.0
2017-10-13,49.2745,49.3943,48.661,48.7133,927557.0
2017-10-16,48.6385,48.9678,48.4589,48.661,739367.0
2017-10-17,48.6086,49.0426,48.4888,49.0126,721267.0
2017-10-18,48.9453,49.2147,48.7732,49.1623,786261.0
2017-10-19,49.2446,49.8432,49.1399,49.8283,937077.0
2017-10-20,49.7909,50.0303,49.6487,49.9929,1026591.0
2017-10-23,50.0154,50.0977,49.7759,49.9854,758096.0
2017-10-24,49.8807,50.0677,49.6936,50.0004,1018822.0
2017-10-25,49.9555,50.0977,49.1848,49.963,848295.0
2017-10-26,50.2099,50.6589,50.0004,50.3446,1114476.0
2017-10-27,50.2847,50.9058,50.2548,50.7636,1006132.0
2017-10-30,50.6963,50.8459,50.4045,50.4868,1309642.0
2017-10-31,50.4344,50.6289,50.2174,50.4269,1361131.0
2017-11-01,50.6589,50.6813,49.9555,50.0977,1150340.0
2017-11-02,50.2174,50.6364,50.0827,50.5915,1307105.0
2017-11-03,50.5317,51.3847,50.5317,51.0106,2078855.0
2017-11-06,51.0181,51.0629,50.6065,50.6215,870951.0
2017-11-07,50.7786,51.3473,50.599,51.0629,1121046.0
2017-11-08,50.9956,51.2201,50.7038,51.0106,933907.0
2017-11-09,50.8834,51.1602,50.7113,51.0555,874989.0
2017-11-10,50.816,51.0346,50.552,50.8235,882058.0
2017-11-13,50.9441,51.5474,50.9064,51.5399,1120831.0
2017-11-14,51.472,52.4673,51.374,52.4296,1699065.0
2017-11-15,52.4975,52.8519,51.8113,51.849,1269087.0
2017-11-16,51.751,51.947,51.5776,51.8566,951971.0
2017-11-17,51.653,51.9169,51.3664,51.4192,754292.0
2017-11-20,51.5021,51.6303,51.1553,51.2609,751267.0
2017-11-21,51.3438,51.6228,51.2458,51.4192,566370.0
2017-11-22,51.3966,51.5248,51.11,51.4795,538695.0
2017-11-24,51.5549,51.9772,51.4795,51.6756,324599.0
2017-11-27,51.7434,51.947,51.5172,51.8566,734448.0
2017-11-28,51.947,52.2637,51.8113,51.9772,984905.0
2017-11-29,51.9018,52.5654,51.7208,52.226,942743.0
2017-11-30,52.3618,52.5729,52.1129,52.3995,1225282.0
2017-12-01,52.4824,52.6031,51.8264,52.1356,975086.0
2017-12-04,52.3995,52.3995,51.5474,51.7133,1326188.0
2017-12-05,51.6303,51.6454,50.8537,51.4569,1327109.0
2017-12-06,51.5625,51.7661,51.3589,51.5926,764196.0
2017-12-07,51.5474,51.8189,51.2759,51.8189,837479.0
2017-12-08,51.6982,52.0224,51.5021,51.9998,749434.0
2017-12-11,52.0677,52.1808,51.5248,52.1582,1075737.0
2017-12-12,51.9395,52.0828,50.9743,51.0196,1204505.0
2017-12-13,51.1176,51.4494,50.9215,51.2081,933098.0
2017-12-14,51.1854,51.2835,50.6802,51.0497,602479.0
2017-12-15,51.1704,51.6228,51.11,51.4041,1600294.0
2017-12-18,51.5474,51.6379,50.6651,50.8763,1331913.0
2017-12-19,50.8914,50.9743,49.8432,49.8658,886124.0
2017-12-20,49.8885,50.0845,49.6698,49.7226,912299.0
2017-12-21,49.5341,49.7452,49.2174,49.4813,1105921.0
2017-12-22,49.5642,49.7075,49.4587,49.5567,915159.0
2017-12-26,49.6622,49.8583,49.2701,49.2852,684616.0
2017-12-27,49.3531,49.7452,49.3154,49.6773,766355.0
2017-12-28,49.7301,50.1147,49.5868,50.0921,771379.0
2017-12-29,50.1524,50.4012,49.9865,50.0921,690286.0
2018-01-02,50.0921,50.1071,49.4511,49.5944,889214.0
2018-01-03,49.4059,49.9262,49.1419,49.4209,1434718.0
2018-01-04,49.2551,49.7226,49.0288,49.2475,1271657.0
2018-01-05,49.4134,49.5491,48.6594,48.9157,1113927.0
2018-01-08,48.8705,49.3606,48.8102,49.338,926430.0
2018-01-09,49.24,49.2777,48.7046,48.9459,1071398.0
2018-01-10,48.7951,48.7951,47.9882,48.0109,1330512.0
2018-01-11,48.124,48.3653,47.7168,47.943,839745.0
2018-01-12,47.9807,48.32,47.581,47.9807,880704.0
2018-01-16,48.0033,48.2672,47.204,47.6188,1397361.0
2018-01-17,47.7696,48.1541,47.581,47.9355,1388181.0
2018-01-18,47.9053,48.1768,47.4453,47.7092,1455953.0
2018-01-19,47.8374,48.1391,47.5207,47.5886,1247731.0
2018-01-22,47.8374,47.9732,47.4227,47.5132,1004968.0
2018-01-23,47.6489,48.3879,47.6489,47.943,1236432.0
2018-01-24,48.0109,48.0109,47.6112,47.6866,911075.0
2018-01-25,47.6338,48.4407,47.5433,48.3653,1084137.0
2018-01-26,48.4558,48.6744,47.9807,48.2672,1360371.0
2018-01-29,48.0712,48.1315,47.5056,47.5207,1393974.0
2018-01-30,47.5735,47.9355,47.4152,47.7469,1610326.0
2018-01-31,48.1617,48.5538,47.3096,48.4859,1919087.0
2018-02-01,48.32,48.5462,46.9401,47.204,3314238.0
2018-02-02,46.9476,47.4227,46.7139,46.7591,1257575.0
2018-02-05,46.5932,47.3925,46.0503,46.1257,1454484.0
2018-02-06,45.7185,45.8995,44.5497,45.3867,1862181.0
2018-02-07,45.3943,45.99,45.1077,45.1379,1101857.0
2018-02-08,45.0776,45.8693,44.7609,44.8664,1473229.0
2018-02-09,44.8664,46.4198,44.8589,46.0729,2000989.0
2018-02-12,46.0489,46.4065,45.6151,46.2087,1116130.0
2018-02-13,46.1573,46.5986,45.4268,46.4997,1138955.0
2018-02-14,46.2638,46.2638,45.7464,45.7616,1541904.0
2018-02-15,45.8529,46.6671,45.6931,46.6595,1292150.0
2018-02-16,46.6215,47.2606,46.4921,47.1161,1095390.0
2018-02-20,46.9334,47.1389,45.9671,46.3399,952844.0
2018-02-21,46.3627,46.7432,45.7388,45.7464,1759816.0
2018-02-22,45.8834,46.3171,45.7084,45.9138,1171854.0
2018-02-23,45.754,47.1008,45.754,47.0628,1183838.0
2018-02-26,46.9867,47.1693,46.6671,46.8878,951345.0
2018-02-27,46.9639,47.1313,46.0736,46.0888,1194698.0
2018-02-28,46.2562,46.416,45.5866,45.5942,1099070.0
2018-03-01,45.579,46.1193,45.1757,45.3736,1438332.0
2018-03-02,45.3964,45.9671,44.8333,45.2518,1334410.0
2018-03-05,45.1605,46.4465,44.9627,46.3475,1230604.0
2018-03-06,46.2258,46.3323,45.6018,45.716,1020742.0
2018-03-07,45.5638,45.7997,45.229,45.3964,835138.0
2018-03-08,45.4496,45.9214,45.2822,45.8682,1030856.0
2018-03-09,45.8758,46.0812,45.6323,46.0736,963264.0
2018-03-12,46.1421,46.6215,46.0279,46.3323,1468304.0
2018-03-13,46.4236,46.9258,46.0888,46.2638,1278056.0
2018-03-14,46.3932,46.941,46.3095,46.6443,1129204.0
2018-03-15,46.6291,47.2682,46.6291,47.1541,2518482.0
2018-03-16,47.2682,47.5878,47.0324,47.5193,2177534.0
2018-03-19,47.5117,47.6335,46.7813,47.0019,1483818.0
2018-03-20,47.1084,47.3063,46.6899,46.8269,918100.0
2018-03-21,46.8269,47.4052,46.5758,46.6367,939691.0
2018-03-22,46.5986,47.4585,46.5073,46.7356,1189339.0
2018-03-23,46.9106,47.2074,45.929,46.0356,883331.0
2018-03-26,46.1345,46.6291,46.104,46.5302,655456.0
2018-03-27,46.6747,47.8085,46.4845,47.4052,809086.0
2018-03-28,47.5498,47.8313,47.2378,47.39,936645.0
2018-03-29,47.4052,48.0368,47.4052,47.7096,960912.0
2018-04-02,47.8846,48.0596,47.1161,47.3976,1100497.0
2018-04-03,47.3672,47.8009,47.2302,47.5954,1118181.0
2018-04-04,47.527,48.0596,47.2759,47.9302,1511872.0
2018-04-05,47.8313,48.3335,47.2606,48.2194,1095159.0
2018-04-06,48.2346,48.5161,47.8237,47.9683,701139.0
2018-04-09,47.9607,48.1357,47.6335,47.6639,1580555.0
2018-04-10,47.6411,47.8161,47.3748,47.4356,1360003.0
2018-04-11,47.3443,47.603,47.1922,47.3748,781500.0
2018-04-12,47.5041,47.6107,46.728,46.8345,1036194.0
2018-04-13,46.9334,47.1084,46.7052,46.8573,952200.0
2018-04-16,47.0856,47.5574,46.9867,47.4889,849586.0
2018-04-17,47.5422,48.0444,47.3139,47.9531,796950.0
2018-04-18,48.0824,48.3564,47.5802,47.6259,848471.0
2018-04-19,47.5802,47.6944,47.1617,47.5878,668802.0
2018-04-20,47.6183,47.6639,47.0856,47.2911,774838.0
2018-04-23,47.3596,47.74,47.2378,47.3367,856790.0
2018-04-24,47.4737,47.9226,47.2682,47.6335,933908.0
2018-04-25,47.4737,47.877,47.2987,47.7857,1029562.0
2018-04-26,47.8694,48.4324,47.6944,48.3944,1135852.0
2018-04-27,48.2955,49.3379,48.2194,49.0564,1700303.0
2018-04-30,49.1705,49.3379,48.889,48.9118,1377524.0
2018-05-01,49.2618,49.4064,48.8357,49.2086,1937510.0
2018-05-02,49.2162,49.4064,48.7673,48.9879,1099433.0
2018-05-03,48.9651,49.3075,48.4172,49.0792,870471.0
2018-05-04,49.0792,49.1858,48.577,49.0107,1163461.0
2018-05-07,48.9194,49.026,48.5618,48.7216,777910.0
2018-05-08,48.5085,48.5085,47.1998,47.2759,1390109.0
2018-05-09,47.2454,47.2606,46.416,46.7508,1398996.0
2018-05-10,47.0528,47.3369,46.6996,47.3215,1095204.0
2018-05-11,47.4847,47.6766,47.3004,47.5154,836750.0
2018-05-14,47.5614,47.6996,47.0931,47.4616,662629.0
2018-05-15,47.239,47.3925,46.7783,47.0777,651045.0
2018-05-16,47.1085,47.1238,46.5403,46.809,750119.0
2018-05-17,46.9012,46.9472,46.2179,46.3638,866354.0
2018-05-18,46.4712,46.6325,46.0336,46.4252,702732.0
2018-05-21,46.4559,46.5557,46.0336,46.2179,1005805.0
2018-05-22,46.2179,46.6325,46.1258,46.3868,1079332.0
2018-05-23,46.7169,47.1852,46.5019,47.1699,1332682.0
2018-05-24,47.3234,47.7457,47.0701,47.715,1238164.0
2018-05-25,47.8071,48.1372,47.715,47.999,1021580.0
2018-05-29,47.999,48.5595,47.9299,48.2601,1530574.0
2018-05-30,48.2985,48.7898,48.0988,48.6746,1152712.0
2018-05-31,48.5672,48.905,48.3138,48.4827,1209647.0
2018-06-01,48.5672,48.6593,47.7457,47.8455,1536458.0
2018-06-04,48.0067,48.1296,47.2159,47.2543,1082126.0
2018-06-05,47.2467,47.4386,46.6018,46.6939,755232.0
2018-06-06,46.6401,46.7016,45.4501,45.5576,1273980.0
2018-06-07,45.5576,46.072,45.2659,45.5883,1358757.0
2018-06-08,45.7265,45.7803,45.4501,45.6498,619599.0
2018-06-11,45.7572,45.7649,44.8974,44.9895,1359871.0
2018-06-12,44.9972,45.619,44.9972,45.5499,1534243.0
2018-06-13,45.619,45.8801,45.2966,45.381,810217.0
2018-06-14,45.4578,46.0797,45.3964,45.9569,1083829.0
2018-06-15,45.9261,46.5403,45.596,46.525,2465728.0
2018-06-18,46.5403,46.9933,46.4175,46.7707,1128959.0
2018-06-19,46.809,47.5537,46.809,47.4232,993587.0
2018-06-20,47.4079,47.5921,47.1161,47.4923,706165.0
2018-06-21,47.3695,47.8225,47.3157,47.6228,630135.0
2018-06-22,47.6843,47.9914,47.5,47.8225,685559.0
2018-06-25,47.8916,48.8205,47.8532,48.7054,1389149.0
2018-06-26,48.69,49.0662,48.5902,48.6746,1612373.0
2018-06-27,48.5672,49.2505,48.3676,49.1276,1017410.0
2018-06-28,48.7745,49.7802,48.7745,49.4884,1431127.0
2018-06-29,49.3886,49.8877,49.0432,49.6343,1174667.0
2018-07-02,49.7264,50.1334,49.4731,50.0182,1304685.0
2018-07-03,50.0182,50.5019,49.857,50.0412,600867.0
2018-07-05,50.0412,50.4481,49.8646,50.4251,1042916.0
2018-07-06,50.4865,51.0316,50.4481,50.9855,1016901.0
2018-07-09,50.9779,50.9779,48.9817,49.1583,1467433.0
2018-07-10,48.9894,49.7802,48.5134,49.5422,1689555.0
2018-07-11,49.5959,50.2255,49.4808,50.141,816165.0
2018-07-12,50.2024,50.4328,49.9337,50.3483,1075883.0
2018-07-13,50.4021,50.4404,49.7034,50.0489,1888623.0
2018-07-16,50.0566,50.095,49.665,49.9337,1247889.0
2018-07-17,50.0489,50.0719,49.7648,49.8416,1018146.0
2018-07-18,49.9337,50.0412,49.3886,49.6881,735819.0
2018-07-19,49.8493,50.333,49.7802,50.0873,842526.0
2018-07-20,50.0489,50.118,49.3195,49.7802,1131099.0
2018-07-23,49.8339,49.8339,49.2505,49.3656,1140780.0
2018-07-24,49.2044,49.6036,48.5748,49.4654,1220699.0
2018-07-25,49.3272,49.9721,49.3272,49.4731,1386428.0
2018-07-26,49.7802,50.3483,49.7111,50.2639,1692641.0
2018-07-27,50.2792,50.8243,50.1948,50.4328,2116349.0
2018-07-30,50.2946,50.3099,49.7879,50.0566,2035606.0
2018-07-31,50.1871,51.0546,49.5499,50.9548,1948739.0
2018-08-01,50.6093,50.6093,49.8416,50.3176,1399688.0
2018-08-02,50.2562,50.6401,49.8493,50.4174,1111918.0
2018-08-03,50.4404,51.2235,50.2101,50.9241,925641.0
2018-08-06,50.9779,51.3464,50.8704,51.0393,1012847.0
2018-08-07,50.9548,50.9779,50.4788,50.8934,1002704.0
2018-08-08,50.7399,51.2389,50.594,51.1237,1243590.0
2018-08-09,51.1237,51.4692,51.0163,51.4232,1382725.0
2018-08-10,51.5537,51.9794,51.3447,51.5537,1447413.0
2018-08-13,51.602,51.8188,51.4008,51.7801,1648162.0
2018-08-14,51.7182,52.0588,51.5866,51.6717,1175589.0
2018-08-15,51.8265,52.5078,51.6795,52.0588,1047815.0
2018-08-16,51.9968,52.5929,51.6795,52.5929,1882810.0
2018-08-17,52.5155,53.0109,52.3762,52.8406,1211517.0
2018-08-20,52.918,52.9954,52.6006,52.8329,1301549.0
2018-08-21,52.8019,52.8019,52.1671,52.4613,1326248.0
2018-08-22,52.4691,52.5232,51.7956,52.0433,1441977.0
2018-08-23,52.0278,52.4691,51.9736,52.1052,1136483.0
2018-08-24,52.082,52.5078,51.873,52.4845,753866.0
2018-08-27,52.5078,52.5929,51.6717,51.9427,1140671.0
2018-08-28,51.8498,52.051,51.7027,51.8188,934019.0
2018-08-29,51.904,52.2755,51.7878,52.2059,808653.0
2018-08-30,52.4071,52.6703,52.2136,52.5078,856835.0
2018-08-31,52.4381,52.7632,52.1439,52.3142,780813.0
2018-09-04,52.5852,53.3128,52.3452,52.8406,1500560.0
2018-09-05,52.9026,53.367,52.8406,53.3593,1122590.0
2018-09-06,53.3438,53.8237,53.189,53.638,1012994.0
2018-09-07,53.2819,53.576,52.9258,53.0729,1308082.0
2018-09-10,53.189,53.8083,53.0729,53.5064,916768.0
2018-09-11,53.5296,53.7308,53.2741,53.3825,759498.0
2018-09-12,53.2741,53.6689,53.1193,53.1812,1033614.0
2018-09-13,53.2973,53.4909,52.9258,53.4522,767732.0
2018-09-14,53.2432,53.3206,52.6781,53.2586,676512.0
2018-09-17,53.2586,53.3361,52.8251,53.1193,1350944.0
2018-09-18,52.9954,53.1812,52.6084,52.9026,1309017.0
2018-09-19,52.9877,52.9954,51.5711,51.8343,1030395.0
2018-09-20,51.7569,52.0897,51.3001,51.9814,946611.0
2018-09-21,51.7646,52.3916,51.0911,52.051,2075736.0
2018-09-24,51.9968,52.0665,51.5711,51.5866,1058763.0
2018-09-25,51.5014,51.5943,50.7505,50.8976,1230473.0
2018-09-26,51.0447,51.1531,50.2861,50.348,1333217.0
2018-09-27,50.4331,51.1376,50.3248,50.9673,1049339.0
2018-09-28,51.1221,51.7259,51.0137,51.6795,1025006.0
2018-10-01,51.5324,51.6872,51.2847,51.5943,1051696.0
2018-10-02,51.7259,52.4536,51.7259,52.3839,1224866.0
2018-10-03,52.3297,52.5619,51.2305,51.7027,1135324.0
2018-10-04,51.5324,52.2368,51.215,52.082,1349049.0
2018-10-05,52.0975,53.0187,52.0975,52.8561,1733697.0
2018-10-08,53.0109,53.7231,52.8174,53.2122,1098270.0
2018-10-09,53.3902,53.8547,53.1657,53.4599,2145751.0
2018-10-10,53.5064,54.3579,53.2973,53.3206,2141274.0
2018-10-11,53.576,53.7308,52.0897,52.2678,2551315.0
2018-10-12,52.2059,52.4691,51.6949,52.2446,1692932.0
2018-10-15,52.2523,53.0264,52.1749,52.5929,1926825.0
2018-10-16,52.6239,53.7773,52.291,53.4676,1782458.0
2018-10-17,53.4986,53.6921,53.1038,53.6147,1660800.0
2018-10-18,53.6767,53.9786,53.2819,53.6225,1853009.0
2018-10-19,53.6534,54.861,53.5605,54.6288,1714990.0
2018-10-22,54.6675,54.8378,54.2185,54.3347,1408454.0
2018-10-23,54.5824,54.9539,53.8934,54.1256,1601320.0
2018-10-24,54.3656,55.8055,54.0405,55.4803,1707868.0
2018-10-25,55.1862,55.1862,54.2495,54.6443,1343855.0
2018-10-26,54.892,55.0468,52.9645,53.3283,2532013.0
2018-10-29,53.3051,54.1643,53.3051,54.0173,1550821.0
2018-10-30,54.2031,54.474,53.4444,53.994,1786650.0
2018-10-31,52.9103,54.1179,51.7801,52.949,2633848.0
2018-11-01,52.4071,52.6394,52.082,52.5465,2356032.0
2018-11-02,52.7013,52.8251,51.4472,51.8652,2125507.0
2018-11-05,52.1671,52.5697,51.7801,52.3375,1806655.0
2018-11-06,52.3839,52.918,52.2446,52.8561,906913.0
2018-11-07,53.1348,53.3206,52.3684,53.2432,1759909.0
2018-11-08,53.1967,53.4909,52.7632,53.4831,1080166.0
2018-11-09,53.5141,54.5204,53.367,54.1876,1477058.0
2018-11-12,54.1746,55.3839,54.0264,54.8456,1107206.0
2018-11-13,54.9021,55.1206,54.3794,55.0036,909086.0
2018-11-14,54.8709,55.1674,54.4652,54.5666,1265466.0
2018-11-15,54.3482,55.0426,53.6616,55.0114,1137725.0
2018-11-16,55.4327,55.6823,54.8865,55.3234,1100667.0
2018-11-19,55.3234,55.9008,55.0426,55.8618,1241480.0
2018-11-20,56.1738,56.6654,55.6277,56.3455,2106249.0
2018-11-21,56.1504,56.1504,55.0192,55.222,1198269.0
2018-11-23,55.3078,55.3312,54.8241,54.9801,365138.0
2018-11-26,55.0348,55.4405,54.5666,55.0738,991105.0
2018-11-27,55.105,55.5341,54.8475,55.4093,1560999.0
2018-11-28,55.4093,55.6823,54.9489,55.1362,1111179.0
2018-11-29,55.1986,55.4405,54.3638,55.3936,1489395.0
2018-11-30,55.5887,56.5795,55.4561,56.5483,1337705.0
2018-12-03,56.2363,56.993,55.5887,56.9462,1236796.0
2018-12-04,56.9462,57.8591,56.9072,57.1725,1115955.0
2018-12-06,57.5002,57.6484,56.2441,57.5392,1331129.0
2018-12-07,57.5938,58.0775,57.0633,57.5548,1078604.0
2018-12-10,57.6562,58.257,56.9774,58.0697,1347493.0
2018-12-11,58.1009,58.6861,57.7186,58.4286,1491359.0
2018-12-12,58.5144,58.8889,57.6172,57.6328,971928.0
2018-12-13,57.6952,58.7563,57.6952,58.4832,1355361.0
2018-12-14,58.452,58.7563,57.6796,58.0151,952943.0
2018-12-17,58.1555,58.3038,55.9944,56.2128,1424799.0
2018-12-18,56.4703,57.0164,55.7681,55.9788,943164.0
2018-12-19,55.9944,56.3299,55.3156,55.6355,1060599.0
2018-12-20,55.7759,56.6107,55.105,55.971,1019430.0
2018-12-21,55.7369,57.4065,55.6277,55.7369,1498223.0
2018-12-24,55.9008,56.1972,52.5069,52.7566,655232.0
2018-12-26,52.8502,53.4432,52.07,53.4042,819306.0
2018-12-27,53.4666,53.9737,52.6162,53.9737,1250052.0
2018-12-28,54.0829,54.5432,53.6148,53.8411,908700.0
2018-12-31,53.9971,54.1453,53.3027,54.0361,662667.0
2019-01-02,53.9191,53.9425,52.4367,52.7254,1128009.0
2019-01-03,52.6474,53.3417,52.4679,52.8658,1263380.0
2019-01-04,52.5694,53.412,52.5303,53.2559,1142432.0
2019-01-07,53.0453,53.3651,52.7098,53.0141,722965.0
2019-01-08,53.0063,53.6616,52.8268,53.5602,568756.0
2019-01-09,53.4276,53.7708,52.9907,53.2403,751692.0
2019-01-10,53.3105,54.2546,53.1701,54.1843,587241.0
2019-01-11,53.9425,54.2468,53.6538,54.1765,865210.0
2019-01-14,53.7708,53.8099,52.897,53.529,869340.0
2019-01-15,53.3729,54.8085,53.3729,54.5432,1035924.0
2019-01-16,54.4262,54.8709,54.0673,54.8397,618177.0
2019-01-17,54.7929,55.4093,54.6993,55.339,760798.0
2019-01-18,55.5263,55.6511,55.0504,55.2844,742447.0
2019-01-22,55.4327,55.815,54.8631,55.4014,836166.0
2019-01-23,55.4639,56.0256,55.3312,56.0178,981267.0
2019-01-24,56.1192,56.3689,55.4639,56.3455,785382.0
2019-01-25,56.1504,56.4703,55.3546,55.4249,1067375.0
2019-01-28,55.5107,55.7291,54.9879,55.3468,752887.0
2019-01-29,55.4795,55.7447,55.2376,55.4951,722765.0
2019-01-30,55.1518,55.9554,54.4262,55.7369,1562563.0
2019-01-31,55.7603,57.3519,55.4093,56.9774,2315440.0
2019-02-01,56.9774,57.1257,56.3533,56.8058,1630983.0
2019-02-04,56.5405,57.0242,55.9476,57.0242,1427132.0
2019-02-05,56.8136,57.1101,56.5171,56.9774,856555.0
2019-02-06,56.7278,57.2271,56.5405,57.0789,862876.0
2019-02-07,57.0789,57.742,56.7746,57.7264,943315.0
2019-02-08,57.7108,58.296,57.5314,58.296,885128.0
2019-02-11,58.1555,58.5924,58.1555,58.5378,1625353.0
2019-02-12,58.7186,58.9939,58.1524,58.5456,1748161.0
2019-02-13,58.4198,58.5063,57.9873,58.3333,1118727.0
2019-02-14,58.467,58.7422,57.9873,58.4041,1138988.0
2019-02-15,58.64,58.8523,58.2625,58.5614,989456.0
2019-02-19,58.5299,58.9467,58.3018,58.9074,1269572.0
2019-02-20,58.8209,59.0961,58.3097,59.0568,1183561.0
2019-02-21,58.8838,59.678,58.5692,59.5443,1146682.0
2019-02-22,59.6544,60.2914,59.277,60.2678,1640552.0
2019-02-25,60.2363,60.2835,59.3005,59.387,1287670.0
2019-02-26,59.5915,59.5915,59.0017,59.2455,1301657.0
2019-02-27,59.1354,59.56,58.8916,59.45,1250921.0
2019-02-28,59.4814,60.142,59.3399,59.9847,1008817.0
2019-03-01,59.969,60.1498,59.2219,59.7881,1142895.0
2019-03-04,59.8903,60.024,59.3949,59.969,1016166.0
2019-03-05,59.969,60.0869,59.7488,59.9611,774819.0
2019-03-06,60.0791,60.3307,59.796,60.1656,1091898.0
2019-03-07,60.315,60.8733,60.2599,60.4172,920143.0
2019-03-08,60.5823,60.7711,60.0633,60.5509,1152922.0
2019-03-11,60.6138,60.7239,60.3936,60.6688,1227328.0
2019-03-12,60.7868,61.0227,60.5981,61.007,1194421.0
2019-03-13,61.0227,61.235,60.7789,61.18,1202756.0
2019-03-14,61.2272,61.3766,60.7947,61.0384,1107209.0
2019-03-15,61.0148,62.0293,60.9283,62.0293,2778528.0
2019-03-18,61.7304,61.8641,61.4238,61.6439,1398565.0
2019-03-19,61.581,61.581,60.8418,61.0306,964033.0
2019-03-20,61.1878,61.7619,60.8733,61.1328,840723.0
2019-03-21,61.235,62.0529,61.0463,61.9428,674416.0
2019-03-22,62.1,62.8707,62.045,62.3831,1024735.0
2019-03-25,62.4932,62.7999,62.1629,62.5483,801890.0
2019-03-26,62.5404,62.9493,62.391,62.8314,743677.0
2019-03-27,62.792,62.8786,62.1315,62.446,777766.0
2019-03-28,62.4696,62.6505,61.4867,61.699,944192.0
2019-03-29,61.7776,62.2809,61.3687,62.1865,1175446.0
2019-04-01,62.0843,62.1472,60.9126,61.4238,1249983.0
2019-04-02,61.6046,61.6282,61.1013,61.5338,639097.0
2019-04-03,61.408,61.5103,60.7239,61.2665,897158.0
2019-04-04,61.2743,61.3687,60.2127,60.9205,1346433.0
2019-04-05,60.9205,61.5496,60.8104,61.5103,984001.0
2019-04-08,60.9834,61.2272,60.5509,60.6688,1099869.0
2019-04-09,60.5981,60.9677,60.5666,60.9205,747679.0
2019-04-10,61.1485,61.4238,60.3857,60.5037,918298.0
2019-04-11,60.6138,60.9441,60.4801,60.8576,746708.0
2019-04-12,60.6767,61.2272,60.1813,61.1957,685780.0
2019-04-15,61.2586,61.408,60.8969,61.0856,675170.0
2019-04-16,60.9834,61.235,59.9926,60.1262,959660.0
2019-04-17,60.1105,60.4093,59.8982,60.0948,659962.0
2019-04-18,60.2127,60.5823,59.9926,59.9926,1164647.0
2019-04-22,59.9454,60.197,59.6701,60.0633,776477.0
2019-04-23,60.0791,60.5194,59.9611,60.3543,1324668.0
2019-04-24,60.4329,60.8182,60.2599,60.5902,1149715.0
2019-04-25,60.3779,61.4709,60.2678,61.18,1237552.0
2019-04-26,61.6204,61.9428,61.0148,61.0542,901478.0
2019-04-29,60.9047,60.9126,60.3543,60.5037,716906.0
2019-04-30,60.5587,61.7147,60.4722,61.6754,726628.0
2019-05-01,61.4002,61.6833,61.0384,61.062,687196.0
2019-05-02,61.1328,61.4631,60.7317,61.0306,862263.0
2019-05-03,61.062,61.6754,61.007,61.581,525435.0
2019-05-06,61.6754,61.7698,61.2586,61.4159,691067.0
2019-05-07,61.5103,61.8405,61.2979,61.6204,912344.0
2019-05-08,61.5103,61.5496,60.8104,60.8654,859372.0
2019-05-09,60.4801,61.0778,60.2442,60.9205,702462.0
2019-05-10,60.6804,62.3205,60.6804,62.2888,755322.0
2019-05-13,62.2412,63.398,62.0194,63.2712,1288809.0
2019-05-14,63.1999,63.4138,62.8354,63.0018,1266707.0
2019-05-15,63.1365,63.39,62.8751,63.0969,639119.0
2019-05-16,63.0018,63.7307,62.677,63.5802,680715.0
2019-05-17,63.4217,64.4596,63.4217,64.0952,958327.0
2019-05-20,64.2298,64.6022,64.0952,64.3883,815326.0
2019-05-21,64.42,64.8954,64.0318,64.0635,743884.0
2019-05-22,64.2298,64.8716,64.0635,64.7765,742781.0
2019-05-23,64.927,65.1885,64.7448,65.1489,1134517.0
2019-05-24,65.2202,65.7669,65.0142,65.2915,906251.0
2019-05-28,65.3707,65.5529,64.3883,64.4517,1109203.0
2019-05-29,64.6735,64.7211,63.3821,63.6198,964038.0
2019-05-30,63.6436,63.9605,63.2237,63.4059,679289.0
2019-05-31,63.4772,64.008,63.2712,63.8179,930879.0
2019-06-03,63.9129,64.729,63.7703,64.6181,799250.0
2019-06-04,64.4596,64.6101,62.9543,64.4041,838701.0
2019-06-05,64.5309,65.9491,64.2615,65.7827,886307.0
2019-06-06,65.9253,66.2818,65.6322,66.2185,663173.0
2019-06-07,66.5512,66.987,65.6876,65.7272,888744.0
2019-06-10,65.6797,65.6797,64.9984,65.5529,523262.0
2019-06-11,65.5529,65.7431,64.5309,64.9825,673501.0
2019-06-12,65.2519,66.0442,65.2519,66.0442,545303.0
2019-06-13,66.2264,66.4561,65.7272,66.2422,672590.0
2019-06-14,66.3848,67.082,66.3531,66.7968,808368.0
2019-06-17,66.7968,67.2326,66.3373,66.6542,1004836.0
2019-06-18,66.9474,67.1375,66.2739,66.7493,1373917.0
2019-06-19,66.5037,67.5178,66.5037,67.296,988519.0
2019-06-20,67.4306,67.8664,67.0504,67.6525,667470.0
2019-06-21,67.7396,67.8189,67.1613,67.6762,1520286.0
2019-06-24,67.4069,67.8981,67.2167,67.5495,965425.0
2019-06-25,67.5495,67.6762,67.1296,67.296,984333.0
2019-06-26,67.2326,67.2563,65.9729,66.0204,2376544.0
2019-06-27,66.2502,66.5274,65.5926,65.8223,1316821.0
2019-06-28,65.8144,66.4482,65.6639,66.0521,1320155.0
2019-07-01,65.9649,66.1075,65.1093,65.8619,989544.0
2019-07-02,66.0759,66.7889,65.9412,66.7493,999739.0
2019-07-03,66.8127,67.6921,66.8127,67.4465,499914.0
2019-07-05,66.9711,67.4544,66.0996,67.3593,488872.0
2019-07-08,67.494,67.7872,67.1533,67.5733,678130.0
2019-07-09,67.6604,67.9852,67.3197,67.8981,851842.0
2019-07-10,68.0882,68.4685,67.6762,68.2388,715170.0
2019-07-11,68.1358,68.3972,67.5257,68.2308,835412.0
2019-07-12,68.2705,68.2705,67.4861,67.7159,668486.0
2019-07-15,67.7,68.4448,67.3831,68.4131,885569.0
2019-07-16,68.2229,68.421,67.7872,68.2467,1012091.0
2019-07-17,68.4685,69.4034,68.1675,68.8488,1061143.0
2019-07-18,68.8805,69.6411,68.4051,69.6015,897022.0
2019-07-19,69.4747,69.649,68.3735,68.3814,1244472.0
2019-07-22,68.6904,68.8409,67.9852,68.3576,1531311.0
2019-07-23,68.3972,68.5002,67.6762,67.9456,1225106.0
2019-07-24,68.1278,68.2705,67.399,67.9773,1012456.0
2019-07-25,67.9773,68.3418,67.6762,68.0249,1030078.0
2019-07-26,68.0565,68.7696,68.0011,68.6587,849909.0
2019-07-29,68.825,69.3876,68.5874,69.3242,973852.0
2019-07-30,69.3321,69.6649,68.3259,68.6587,962394.0
2019-07-31,68.6666,69.0073,67.3356,67.7079,2613596.0
2019-08-01,67.7238,69.3955,67.4703,69.0707,1348438.0
2019-08-02,69.1657,69.4351,68.4606,68.5794,1315536.0
2019-08-05,68.6191,70.2195,68.0328,68.9518,1943090.0
2019-08-06,69.1023,69.8867,67.7951,69.6332,1202627.0
2019-08-07,69.2766,70.2591,68.4764,69.9184,949647.0
2019-08-08,69.7362,70.9087,69.4272,70.7503,708277.0
2019-08-09,70.9563,71.4396,70.6473,71.2019,730167.0
2019-08-12,71.3289,71.6479,70.8503,71.297,663402.0
2019-08-13,71.3847,71.8472,70.9779,71.5123,1348208.0
2019-08-14,71.8393,71.9509,70.5154,70.8902,1044195.0
2019-08-15,70.8025,72.5171,70.8025,72.3257,1104305.0
2019-08-16,72.3975,72.884,71.9748,72.1264,967933.0
2019-08-19,72.238,73.195,72.0227,72.8601,1190206.0
2019-08-20,73.0355,73.4422,72.5889,73.2189,790487.0
2019-08-21,72.9239,73.9925,72.9239,73.9606,902992.0
2019-08-22,73.9447,74.3992,73.514,74.2796,888692.0
2019-08-23,74.5109,74.9336,73.5778,73.841,1933670.0
2019-08-26,74.1121,75.1808,73.8569,75.1728,1087135.0
2019-08-27,75.3802,76.9273,75.3164,76.0102,1624149.0
2019-08-28,76.1857,76.8635,75.5397,75.8507,1176101.0
2019-08-29,76.3212,76.5366,75.5875,76.5047,1263605.0
2019-08-30,76.6721,76.7519,76.1936,76.3771,643070.0
2019-09-03,76.5047,77.9561,76.2654,77.9402,1195824.0
2019-09-04,77.5972,78.307,77.3101,77.8764,732418.0
2019-09-05,77.3261,77.6212,75.3483,76.0262,1803950.0
2019-09-06,75.9544,76.2335,72.9717,74.2716,3246963.0
2019-09-09,73.849,73.9925,72.1264,72.1503,2188072.0
2019-09-10,72.1503,72.1902,70.9939,72.0147,1418309.0
2019-09-11,71.8074,73.211,71.2252,72.7883,1440133.0
2019-09-12,73.4103,73.825,72.7564,73.0116,877872.0
2019-09-13,72.5809,73.2907,72.2859,72.7006,634166.0
2019-09-16,72.7803,72.9558,72.2938,72.8202,707251.0
2019-09-17,73.1392,74.1281,73.1392,74.0085,919229.0
2019-09-18,74.3514,74.7342,73.53,74.2876,752271.0
2019-09-19,74.3992,74.6784,73.8888,74.5508,513257.0
2019-09-20,74.6225,75.0452,74.2956,74.7262,1343079.0
2019-09-23,75.0133,75.2526,74.6146,74.9336,767211.0
2019-09-24,75.2366,76.2814,74.9974,75.763,936369.0
2019-09-25,75.8427,76.066,75.2925,76.0421,821260.0
2019-09-26,76.3691,77.039,76.082,76.4807,686386.0
2019-09-27,76.6243,76.6402,75.1888,75.6593,968201.0
2019-09-30,75.7072,76.2335,75.5158,75.8427,641008.0
2019-10-01,75.6753,75.9624,75.0771,75.9145,630032.0
2019-10-02,75.4998,75.9863,74.9495,75.2127,725954.0
2019-10-03,75.4599,75.7072,75.125,75.6115,562952.0
2019-10-04,75.763,76.7918,75.7072,76.6243,1057918.0
2019-10-07,76.6642,76.6642,75.5477,75.9384,782463.0
2019-10-08,75.9065,76.0262,75.0851,75.1011,843367.0
2019-10-09,75.3403,75.9703,75.2526,75.6753,696446.0
2019-10-10,75.4679,75.9384,74.7182,75.8826,585342.0
2019-10-11,75.5556,75.8986,74.2477,74.8139,1059502.0
2019-10-14,75.0053,75.0452,73.7612,73.9447,680954.0
2019-10-15,74.1281,74.4949,73.3705,73.506,946247.0
2019-10-16,73.5778,74.0404,72.9797,73.9766,707556.0
2019-10-17,73.9606,74.4232,73.4582,74.0882,504004.0
2019-10-18,73.9766,74.2637,73.5539,74.1361,822383.0
2019-10-21,74.3514,74.5348,73.6895,74.3833,437648.0
2019-10-22,74.5268,74.9176,74.2557,74.3992,627228.0
2019-10-23,74.5268,75.109,74.0882,74.2876,543940.0
2019-10-24,74.3354,75.0851,74.0244,74.9734,724832.0
2019-10-25,75.1409,75.3004,74.3514,74.798,1044457.0
2019-10-28,74.3992,74.6465,73.3306,73.7931,965094.0
2019-10-29,73.6177,73.9128,73.3864,73.7214,875823.0
2019-10-30,74.0164,75.0771,73.9766,74.798,720525.0
2019-10-31,74.9336,75.755,74.5428,75.2845,778173.0
2019-11-01,75.3563,75.5477,74.2557,74.5906,682229.0
2019-11-04,74.5029,74.5029,72.6687,73.0834,1148823.0
2019-11-05,72.8282,73.2189,72.3497,72.573,1418654.0
2019-11-06,72.6447,73.5858,71.7834,72.7404,1376838.0
2019-11-07,71.8632,72.238,70.5074,70.8743,1286961.0
2019-11-08,70.7945,71.0417,69.8056,70.0449,1589250.0
2019-11-11,70.0449,70.2921,69.4388,69.4946,723102.0
2019-11-12,69.7754,69.8477,69.1571,69.5265,1030394.0
2019-11-13,69.6469,70.7229,69.4542,70.5141,989732.0
2019-11-14,70.5944,70.8754,70.1849,70.755,545500.0
2019-11-15,70.8112,70.8112,70.2813,70.7148,539477.0
2019-11-18,70.9397,71.6061,70.4579,70.6185,607185.0
2019-11-19,70.4258,71.3893,69.8958,70.763,602828.0
2019-11-20,70.7389,71.3893,70.6185,70.8192,750957.0
2019-11-21,70.747,71.3572,70.3696,70.9236,751637.0
2019-11-22,70.9477,71.3331,70.225,71.0842,1077803.0
2019-11-25,71.1645,71.317,70.5141,70.7389,616831.0
2019-11-26,70.771,71.574,70.6345,71.4857,835684.0
2019-11-27,71.3893,71.9433,71.2046,71.5499,1071830.0
2019-11-29,71.7025,72.1601,71.1404,71.1805,298449.0
2019-12-02,70.8754,70.9397,70.1849,70.3134,1047336.0
2019-12-03,70.8353,71.1163,70.4178,70.8754,690191.0
2019-12-04,70.5462,71.6543,70.5061,71.5338,816772.0
2019-12-05,71.3893,71.9433,71.2287,71.8229,715662.0
2019-12-06,71.566,71.9915,71.3411,71.5178,589150.0
2019-12-09,71.5419,71.6302,71.1645,71.2769,386816.0
2019-12-10,71.301,71.8871,71.301,71.6141,626250.0
2019-12-11,71.582,71.9433,71.3733,71.8871,558880.0
2019-12-12,71.566,71.8871,71.1003,71.2849,658575.0
2019-12-13,71.1886,71.7908,70.747,71.6061,507236.0
2019-12-16,71.8068,72.7784,71.566,72.7704,853147.0
2019-12-17,72.5215,73.5171,72.4412,73.1397,834982.0
2019-12-18,73.3324,73.6295,72.7543,73.5974,675512.0
2019-12-19,73.6777,74.1514,73.2441,74.0149,949542.0
2019-12-20,74.1193,75.0186,73.8302,74.5529,1140429.0
2019-12-23,74.6171,74.6252,73.1879,73.4529,609236.0
2019-12-24,73.3164,73.7098,73.1799,73.5653,198436.0
2019-12-26,73.6295,73.8624,73.1799,73.6697,363944.0
2019-12-27,73.6777,74.1354,73.6134,74.1193,550317.0
2019-12-30,73.9828,74.1273,73.6054,74.0069,697631.0
2019-12-31,74.1514,74.5609,73.7098,74.0551,770353.0
2020-01-02,74.1916,74.2879,72.6258,72.8025,948832.0
2020-01-03,72.7864,73.6375,72.682,73.2602,1052349.0
2020-01-06,73.3405,73.7098,72.9069,73.3164,655738.0
2020-01-07,72.9791,73.1237,72.5375,73.0353,604843.0
2020-01-08,73.2361,73.3806,72.674,73.1317,603616.0
2020-01-09,73.0514,73.9186,72.947,73.8624,463426.0
2020-01-10,74.031,74.3762,73.9587,74.304,665945.0
2020-01-13,74.3602,75.2916,74.3602,75.1952,937380.0
2020-01-14,75.2113,75.4522,74.7536,75.4361,860219.0
2020-01-15,75.6609,76.6726,75.6609,76.4077,668181.0
2020-01-16,76.5683,77.2588,76.2712,77.2186,967612.0
2020-01-17,77.1946,77.7245,76.7851,77.4194,1368905.0
2020-01-21,77.5157,78.4793,77.3311,78.4231,736929.0
2020-01-22,78.6961,79.0172,78.4632,78.8727,582959.0
2020-01-23,78.953,79.4267,78.7362,79.2501,795409.0
2020-01-24,79.2421,80.053,79.1698,79.4588,650246.0
2020-01-27,79.4508,80.045,78.8968,79.0895,774615.0
2020-01-28,79.1939,79.3464,78.5355,79.0895,1454353.0
2020-01-29,79.1056,79.4026,78.4311,79.2421,1067433.0
2020-01-30,79.6355,80.9925,79.1939,80.7837,1177234.0
2020-01-31,80.6954,81.3939,79.9246,80.2056,1410208.0
2020-02-03,80.4545,81.0487,80.4304,81.0085,1025776.0
2020-02-04,80.6552,80.9282,79.9727,80.0048,844445.0
2020-02-05,79.8844,80.3421,79.4187,80.3019,659509.0
2020-02-06,80.2457,80.4866,79.8764,80.2136,533353.0
2020-02-07,80.4786,80.7275,80.045,80.0932,381965.0
2020-02-10,80.2698,80.4304,79.9085,80.4063,453027.0
2020-02-11,80.607,80.8078,80.3662,80.4465,527674.0
2020-02-12,80.0396,81.0415,79.7891,80.8961,868498.0
2020-02-13,81.0193,81.9001,80.7123,81.7789,573361.0
2020-02-14,82.0778,82.5061,81.892,82.3121,744371.0
2020-02-18,82.7162,83.306,82.4091,83.1282,501402.0
2020-02-19,83.1121,83.4272,82.7404,82.7485,780278.0
2020-02-20,82.7242,82.8616,82.1425,82.7323,494792.0
2020-02-21,82.7242,83.4514,82.6192,82.8212,753473.0
2020-02-24,82.7162,83.104,81.9485,82.2717,1195091.0
2020-02-25,82.4091,82.7646,80.9628,81.1325,1075105.0
2020-02-26,81.2052,82.1263,81.0112,81.0355,835150.0
2020-02-27,80.882,81.8354,77.157,77.2136,1380186.0
2020-02-28,75.9531,75.9531,72.8503,74.6037,1692452.0
2020-03-02,75.0562,78.9347,74.9269,78.9347,1499642.0
2020-03-03,78.9508,80.9143,78.5145,78.8458,1292789.0
2020-03-04,79.7831,84.4776,79.7831,84.2029,1071703.0
2020-03-05,82.7162,85.0513,82.4737,84.1221,993864.0
2020-03-06,82.1505,85.1887,81.2456,84.615,1575504.0
2020-03-09,79.476,84.2595,79.0316,82.7162,2282181.0
2020-03-10,83.1686,85.3584,79.3791,82.4576,1928626.0
2020-03-11,80.785,81.892,77.8438,78.7407,1645540.0
2020-03-12,73.925,79.2821,63.7764,74.0462,2119690.0
2020-03-13,76.9712,80.4376,74.5229,80.3325,2288816.0
2020-03-16,74.1997,81.9081,72.721,74.8865,2705449.0
2020-03-17,76.9631,88.5015,76.5187,82.7889,4045917.0
2020-03-18,79.5649,86.7805,74.3613,84.4615,3176809.0
2020-03-19,84.2756,84.8331,72.7291,73.0523,2149730.0
2020-03-20,73.5291,73.5291,58.2415,59.8656,3101733.0
2020-03-23,59.203,61.7644,54.9529,57.2799,2907221.0
2020-03-24,58.395,65.1904,56.7951,64.8106,2022489.0
2020-03-25,64.35,67.873,62.4593,65.2389,1490440.0
2020-03-26,65.4813,71.307,64.9318,70.1112,1310655.0
2020-03-27,68.1396,74.9269,67.2427,71.9696,1025164.0
2020-03-30,73.2139,74.8219,72.0423,74.2482,1083415.0
2020-03-31,73.0281,73.6987,70.2243,71.2101,1832608.0
2020-04-01,68.6487,70.2162,65.0934,67.4851,1435804.0
2020-04-02,65.7964,71.606,65.3358,71.1131,1207068.0
2020-04-03,69.7476,70.9192,68.6891,68.883,1186804.0
2020-04-06,70.8465,74.6118,70.4263,73.7553,1290920.0
2020-04-07,75.242,75.638,70.4263,70.9111,1140841.0
2020-04-08,71.3959,75.0481,70.7172,74.4987,1026317.0
2020-04-09,75.0643,79.8154,74.83,79.3629,1337685.0
2020-04-13,78.2155,79.1609,75.8804,76.7773,627252.0
2020-04-14,78.4903,80.3325,77.254,80.2598,1041420.0
2020-04-15,79.2013,79.7831,77.5691,78.2882,1234805.0
2020-04-16,78.87,80.478,78.0135,79.9608,986660.0
2020-04-17,81.0112,81.6092,78.563,81.0759,881965.0
2020-04-20,80.478,80.9385,77.4075,77.4722,856279.0
2020-04-21,76.0662,77.9489,75.6461,76.8742,1077628.0
2020-04-22,78.0701,79.1528,77.7146,77.8923,873045.0
2020-04-23,77.6176,78.8135,76.0097,76.2682,934172.0
2020-04-24,76.4298,76.5268,74.5552,75.7673,1136193.0
2020-04-27,75.743,76.6399,73.9088,73.9492,983758.0
2020-04-28,74.8704,76.6237,74.5391,76.5429,1222888.0
2020-04-29,77.2782,77.5206,74.3371,75.3956,872472.0
2020-04-30,75.2582,75.5895,72.5514,73.1655,904495.0
2020-05-01,72.6968,72.8423,71.0646,71.4767,1054205.0
2020-05-04,71.2262,72.8019,71.105,71.8807,1056224.0
2020-05-05,71.3474,72.6968,71.2181,72.3817,911478.0
2020-05-06,72.5998,72.6079,68.584,68.6325,956449.0
2020-05-07,69.4971,70.394,68.5598,68.786,1312433.0
2020-05-08,69.6668,69.8849,68.5355,69.2304,783280.0
2020-05-11,68.6891,69.3032,67.5902,68.9396,767423.0
2020-05-12,69.2101,69.8369,68.2006,68.6891,1165910.0
2020-05-13,68.398,69.3017,67.9177,69.0005,2214932.0
2020-05-14,68.5771,69.5296,66.3629,68.9597,1387815.0
2020-05-15,68.6585,69.3505,66.3384,69.033,2104362.0
2020-05-18,70.7914,71.7601,70.0099,71.3287,1159507.0
2020-05-19,70.8891,71.5078,70.3274,70.5716,870010.0
2020-05-20,70.8484,71.4915,70.1727,71.0682,945515.0
2020-05-21,70.824,71.5078,70.4576,70.5635,876556.0
2020-05-22,70.7344,70.8728,69.7087,70.1239,594693.0
2020-05-26,70.6204,71.9392,69.5703,69.7575,837749.0
2020-05-27,70.6042,70.767,68.8051,69.9285,871771.0
2020-05-28,71.2066,72.7207,70.7426,72.4277,1109686.0
2020-05-29,72.0776,74.8617,71.8171,74.6745,1359728.0
2020-06-01,74.6012,76.3189,73.9826,75.8142,1211478.0
2020-06-02,76.2457,76.5387,75.2606,76.498,951625.0
2020-06-03,76.3678,77.2632,75.9933,76.4899,962110.0
2020-06-04,76.0503,76.6608,74.2024,75.3583,783656.0
2020-06-05,75.7898,76.8237,75.456,75.5863,1010698.0
2020-06-08,75.3176,78.0041,74.6094,77.5645,978767.0
2020-06-09,77.1167,77.3609,75.0897,76.0666,1057400.0
2020-06-10,76.2375,77.4016,75.8631,76.2864,598012.0
2020-06-11,75.5211,75.5944,73.5674,74.3489,1092128.0
2020-06-12,75.7491,75.8061,72.68,73.5185,1382516.0
2020-06-15,72.4114,74.6257,71.7683,73.6488,964855.0
2020-06-16,75.2037,75.7084,73.5674,73.9337,1033848.0
2020-06-17,74.2105,74.2268,72.7207,73.6081,672922.0
2020-06-18,73.2499,73.5185,72.1265,73.1522,850673.0
2020-06-19,74.064,74.064,71.5485,71.695,1275000.0
2020-06-22,71.4996,71.9067,70.8321,71.5159,1400966.0
2020-06-23,72.2404,72.2404,70.2948,70.8972,983448.0
2020-06-24,70.3274,71.1822,69.9773,70.653,1096608.0
2020-06-25,70.4414,70.4983,68.3818,69.3668,919979.0
2020-06-26,69.1226,70.2867,68.2515,69.6354,1034536.0
2020-06-29,70.0343,70.8077,69.1795,70.7995,627865.0
2020-06-30,70.8891,71.7194,70.4983,71.3531,772305.0
2020-07-01,71.2961,72.9568,71.2066,72.7207,822401.0
2020-07-02,73.0301,73.9663,72.9975,73.4046,517062.0
2020-07-06,73.9744,74.585,72.4684,73.2173,579567.0
2020-07-07,72.4684,72.965,71.8578,72.2079,713387.0
2020-07-08,72.0451,72.5905,71.7683,72.2404,759828.0
2020-07-09,71.8823,72.1021,70.0994,71.2066,845313.0
2020-07-10,71.3857,72.0206,71.1252,71.6787,871052.0
2020-07-13,71.7276,72.3056,71.1496,71.4101,1039134.0
2020-07-14,71.5241,72.1346,70.8728,71.7194,1233752.0
2020-07-15,72.273,72.6475,70.9542,71.1984,774576.0
2020-07-16,71.3857,71.9474,70.8972,71.4427,776289.0
2020-07-17,71.809,74.0884,71.7113,73.6976,1112468.0
2020-07-20,73.3557,74.1535,72.9975,73.3801,997826.0
2020-07-21,73.5755,74.6745,73.3476,74.1942,762389.0
2020-07-22,74.0314,76.3515,73.6732,76.0828,664263.0
2020-07-23,75.9363,76.8318,75.8549,76.3515,810166.0
2020-07-24,76.5794,77.2551,75.7816,76.1887,804474.0
2020-07-27,76.0828,76.2131,75.3502,75.9852,885093.0
2020-07-28,75.6025,77.4912,75.5293,76.9946,733538.0
2020-07-29,77.4993,77.6703,76.7341,77.3121,592582.0
2020-07-30,76.9458,77.7924,76.7097,77.4912,590180.0
2020-07-31,77.1656,77.9471,76.4899,77.5482,581535.0
2020-08-03,77.3772,77.7435,75.4153,76.2294,630950.0
2020-08-04,76.0991,78.2564,74.9432,77.4261,1031909.0
2020-08-05,77.54,77.54,75.3909,75.9607,780324.0
2020-08-06,75.7654,76.3189,75.2606,75.7002,481128.0
2020-08-07,75.3339,77.3284,75.3339,76.8237,609164.0
2020-08-10,77.0027,77.0027,75.9607,76.3026,468907.0
2020-08-11,76.2212,76.3759,73.8279,73.9988,543263.0
2020-08-12,74.3764,75.9666,74.1141,75.1141,559488.0
2020-08-13,74.8293,75.2309,74.3866,74.9522,465765.0
2020-08-14,74.9686,75.5014,74.2965,74.7637,417987.0
2020-08-17,74.7063,76.026,74.4604,75.5096,582113.0
2020-08-18,75.4276,75.9194,75.0178,75.3457,446990.0
2020-08-19,75.526,75.6735,74.9686,75.1817,347539.0
2020-08-20,74.8211,75.3293,74.362,74.8293,365076.0
2020-08-21,74.9932,75.4686,74.3129,75.403,699536.0
2020-08-24,75.403,75.6653,74.485,75.608,630969.0
2020-08-25,75.7637,75.9358,75.1407,75.6408,794781.0
2020-08-26,75.1981,76.067,74.8129,75.444,1202164.0
2020-08-27,75.7637,76.2145,75.0588,75.6981,694625.0
2020-08-28,75.7227,76.8293,75.0916,76.7391,654569.0
2020-08-31,76.5096,77.3949,76.5096,77.1162,703047.0
2020-09-01,76.8949,76.8949,75.985,76.7145,775382.0
2020-09-02,76.8211,80.1408,76.5752,79.8458,1068398.0
2020-09-03,80.0753,80.5425,78.2801,78.9851,992925.0
2020-09-04,79.4687,80.2392,78.4359,79.0916,856796.0
2020-09-08,79.19,79.272,77.5752,78.3539,921615.0
2020-09-09,78.9359,81.1818,78.6654,80.1408,630354.0
2020-09-10,79.7556,80.0589,78.5752,78.6654,696338.0
2020-09-11,78.7802,78.9359,77.8129,78.6572,564058.0
2020-09-14,79.1408,80.149,78.5506,79.6572,402033.0
2020-09-15,80.1572,81.3786,80.1244,81.272,679295.0
2020-09-16,81.2884,82.3212,80.4031,80.9687,856982.0
2020-09-17,80.4277,80.649,78.3539,78.7802,743255.0
2020-09-18,78.4605,79.0916,77.1408,77.7637,1081993.0
2020-09-21,77.2801,78.3621,76.6244,77.7555,527181.0
2020-09-22,77.5342,78.8867,77.2637,78.1982,632969.0
2020-09-23,78.1326,78.1326,76.1654,76.2801,734991.0
2020-09-24,76.2801,77.567,76.0342,77.0506,464642.0
2020-09-25,76.5506,79.0179,76.4768,78.9441,567383.0
2020-09-28,78.9851,79.8867,78.4605,79.0834,436121.0
2020-09-29,79.5015,79.9523,78.8047,79.231,510551.0
2020-09-30,79.5097,80.0097,78.9933,79.4277,551935.0
2020-10-01,79.5015,80.5835,79.4031,80.5343,611452.0
2020-10-02,80.0507,80.5917,79.3048,80.0917,678293.0
2020-10-05,80.272,80.7064,79.3621,80.4441,617832.0
2020-10-06,80.4523,81.6245,79.7802,80.7474,859579.0
2020-10-07,80.9687,81.5425,79.8867,80.3704,502799.0
2020-10-08,80.6818,81.2228,80.4605,81.1736,498398.0
2020-10-09,81.4933,81.8704,80.8294,81.5097,441383.0
2020-10-12,81.6409,82.7884,81.4196,81.8294,373765.0
2020-10-13,81.3048,81.8458,80.0507,81.231,598767.0
2020-10-14,81.2884,81.772,80.69,81.6327,513438.0
2020-10-15,81.2556,82.4688,80.8458,81.936,588645.0
2020-10-16,82.0589,83.5098,81.9032,83.2475,747453.0
2020-10-19,83.6983,83.6983,81.9769,82.2966,645118.0
2020-10-20,82.6819,83.0671,81.9278,82.4851,353568.0
2020-10-21,82.6491,83.4688,82.3212,82.8622,530223.0
2020-10-22,82.6819,83.5917,82.4196,83.4442,441439.0
2020-10-23,83.8212,84.0671,83.2802,83.7393,331878.0
2020-10-26,83.5671,83.977,82.5671,83.7803,357101.0
2020-10-27,83.8786,84.8458,83.3622,83.9934,418741.0
2020-10-28,83.0425,84.2885,81.6491,81.772,614415.0
2020-10-29,81.5507,83.354,80.5507,82.313,563579.0
2020-10-30,81.9032,82.7884,81.1736,82.4196,608089.0
2020-11-02,83.3458,84.8131,82.8294,84.5426,755666.0
2020-11-03,85.3213,86.3541,84.7393,85.4524,797579.0
2020-11-04,85.0672,86.559,83.4442,83.4524,939187.0
2020-11-05,84.1983,85.3622,82.9524,83.2802,769516.0
2020-11-06,83.5753,84.518,83.0261,83.9032,350497.0
2020-11-09,85.8213,87.5836,84.9442,85.1081,710478.0
2020-11-10,85.1409,86.8869,85.0508,85.9442,698234.0
2020-11-11,86.3257,86.87,85.1299,85.6,583387.0
2020-11-12,85.4123,85.4206,83.8867,84.4887,535592.0
2020-11-13,84.9258,85.3794,83.9527,84.233,520820.0
2020-11-16,85.0412,85.8907,84.0516,85.7917,823856.0
2020-11-17,84.8268,85.3876,82.4435,82.6167,646197.0
2020-11-18,83.128,83.128,79.7303,79.788,900801.0
2020-11-19,79.4499,79.4664,77.8335,78.7984,689657.0
2020-11-20,79.0293,80.2333,78.8809,79.252,1053867.0
2020-11-23,79.5159,79.5983,78.5345,79.0046,707454.0
2020-11-24,79.4251,79.6561,78.4685,79.3674,829881.0
2020-11-25,79.6643,80.2993,78.1964,79.1695,819075.0
2020-11-27,79.2107,79.4581,78.2706,78.9551,528709.0
2020-11-30,78.5345,78.7242,77.6273,78.3036,1048736.0
2020-12-01,78.9551,79.6231,78.4685,78.8396,630360.0
2020-12-02,78.5427,78.9881,77.4624,78.9716,625658.0
2020-12-03,78.4933,78.9881,77.6026,77.8335,577397.0
2020-12-04,77.6026,78.0479,76.4893,76.9346,482563.0
2020-12-07,76.7119,77.5944,76.7119,77.2315,419969.0
2020-12-08,76.9758,77.7593,76.3738,77.0501,739938.0
2020-12-09,77.0501,77.3634,75.9367,76.481,559280.0
2020-12-10,76.6377,76.8274,75.4089,75.8543,681396.0
2020-12-11,75.5326,76.1347,75.1698,76.0687,703789.0
2020-12-14,76.4068,77.2397,75.4997,75.5244,640047.0
2020-12-15,75.8708,77.314,75.1945,76.6295,677637.0
2020-12-16,76.7779,77.6108,76.011,76.0934,522945.0
2020-12-17,76.5058,77.1738,75.9285,76.0522,614143.0
2020-12-18,76.0604,76.448,74.7245,75.31,799683.0
2020-12-21,74.5348,74.7904,73.3637,74.2709,606024.0
2020-12-22,74.2874,74.3863,73.5369,73.7843,531248.0
2020-12-23,74.1059,74.2544,72.7947,73.1328,793427.0
2020-12-24,73.1741,73.8173,72.8524,73.7513,323374.0
2020-12-28,74.3698,74.6337,73.7761,74.6173,639554.0
2020-12-29,74.6997,75.3677,74.2956,74.4771,506765.0
2020-12-30,74.2626,74.9966,74.2626,74.675,390161.0
2020-12-31,74.6337,75.9367,74.3781,75.8955,585663.0
2021-01-04,75.9532,75.978,74.2132,74.5348,926776.0
2021-01-05,74.7245,74.8399,73.372,74.2956,970142.0
2021-01-06,74.2132,75.6811,73.7266,75.2358,921062.0
2021-01-07,75.277,75.4914,72.6628,72.7865,934320.0
2021-01-08,72.9679,73.2318,71.6979,72.5308,831812.0
2021-01-11,72.4318,72.6545,70.9722,71.7144,453280.0
2021-01-12,70.7248,71.3268,69.6362,70.3207,717815.0
2021-01-13,71.1041,72.7947,70.4773,72.4566,770291.0
2021-01-14,72.5638,72.671,71.0134,71.6319,668950.0
2021-01-15,71.5989,73.405,71.2608,73.1411,892808.0
2021-01-19,73.405,73.5946,72.3246,72.4648,478255.0
2021-01-20,72.2587,73.2153,71.9205,72.8607,779489.0
2021-01-21,72.2916,72.8277,72.0113,72.4318,550449.0
2021-01-22,72.5308,72.5308,71.6072,72.0607,563944.0
2021-01-25,71.8958,74.1389,71.5989,73.7596,655278.0
2021-01-26,73.5122,73.9575,72.2339,73.6771,756359.0
2021-01-27,73.3307,76.7367,73.0174,74.9141,2309755.0
2021-01-28,74.6832,76.1182,73.7926,73.8091,1036380.0
2021-01-29,73.4462,74.3369,72.7287,73.3143,535554.0
2021-02-01,73.5946,73.8998,72.4978,73.0256,445113.0
2021-02-02,73.0916,73.7596,72.2009,72.3989,821910.0
2021-02-03,72.2504,72.5308,71.5412,71.9288,663012.0
2021-02-04,71.8958,72.737,70.9639,71.5412,989800.0
2021-02-05,71.9123,72.6545,71.335,71.5989,745634.0
2021-02-08,71.5329,71.5989,70.1392,70.2382,604047.0
2021-02-09,70.4773,70.766,69.43,70.4773,666238.0
2021-02-10,71.0813,71.6715,70.1005,70.832,706416.0
2021-02-11,70.7135,71.1125,69.6745,69.7825,707428.0
2021-02-12,69.5747,69.8823,68.519,69.0344,718306.0
2021-02-16,68.9263,68.9347,67.1724,67.48,928423.0
2021-02-17,67.6462,68.3944,67.5881,68.1865,717287.0
2021-02-18,68.3611,69.6745,68.012,69.3918,1243046.0
2021-02-19,69.3918,69.7659,68.785,69.184,1526922.0
2021-02-22,69.0843,69.3503,67.6296,68.1949,1104692.0
2021-02-23,68.6936,70.3976,68.2614,69.8407,1425272.0
2021-02-24,69.5082,69.5747,68.0702,68.1034,970248.0
2021-02-25,67.9787,68.3445,66.9563,67.9787,1071178.0
2021-02-26,68.1699,69.6661,67.0145,67.0311,1386193.0
2021-03-01,67.5299,69.9321,67.3886,68.8183,1447523.0
2021-03-02,68.8183,69.2755,67.9122,69.0178,1006627.0
2021-03-03,68.5689,68.8598,67.1059,68.3777,602327.0
2021-03-04,69.076,70.3893,68.2115,68.3944,810408.0
2021-03-05,68.4276,70.7468,68.3611,70.2231,783014.0
2021-03-08,70.6969,72.2347,70.1898,71.7609,879917.0
2021-03-09,71.6694,72.5672,71.6362,72.11,652999.0
2021-03-10,72.0601,73.1906,71.6528,72.5007,729503.0
2021-03-11,72.0435,73.016,71.977,72.2014,445591.0
2021-03-12,72.509,73.814,72.1266,73.5563,540433.0
2021-03-15,73.839,74.5788,73.4898,73.9055,679115.0
2021-03-16,73.5397,74.1798,73.4898,73.8888,495670.0
2021-03-17,74.105,74.105,72.5921,72.6919,692812.0
2021-03-18,72.883,73.3652,71.4201,73.1823,766392.0
2021-03-19,73.1989,74.4707,72.7999,73.8307,1306260.0
2021-03-22,73.5314,73.9055,72.8914,73.7808,481048.0
2021-03-23,73.9304,76.7899,73.5813,76.7816,1300715.0
2021-03-24,76.0418,76.9811,75.5014,76.4324,1188159.0
2021-03-25,77.1805,78.6186,76.6402,77.4632,1578986.0
2021-03-26,77.3219,77.5214,76.0002,77.3302,674935.0
2021-03-29,77.38,79.0841,77.2886,78.7932,624883.0
2021-03-30,78.4274,78.577,76.9894,77.6294,480431.0
2021-03-31,77.5297,78.0201,77.2387,77.7957,421070.0
2021-04-01,77.5795,77.7042,76.5654,77.5712,527568.0
2021-04-05,77.5795,78.4856,77.3967,77.9785,453251.0
2021-04-06,77.5546,78.07,76.8979,77.9702,344576.0
2021-04-07,78.1198,78.5521,77.2304,77.6544,525761.0
2021-04-08,77.9869,78.178,77.114,77.1889,549324.0
2021-04-09,77.114,77.538,76.4407,76.7649,579520.0
2021-04-12,77.2803,77.8455,76.7816,77.2637,719539.0
2021-04-13,76.8397,78.2528,76.5737,78.178,643172.0
2021-04-14,77.7541,78.2362,77.2803,78.1282,430664.0
2021-04-15,78.1282,79.9153,78.1282,79.7491,618727.0
2021-04-16,79.9984,80.971,79.8488,80.5969,598038.0
2021-04-19,80.7881,81.0209,80.0982,80.5055,480892.0
2021-04-20,80.6551,83.0075,80.5138,82.4174,805289.0
2021-04-21,82.6335,83.0075,80.8048,80.8629,618835.0
2021-04-22,80.6385,81.104,80.0649,80.7632,508550.0
2021-04-23,80.9211,81.1539,80.2561,80.4556,336279.0
2021-04-26,80.3725,80.3974,79.4083,79.6327,367727.0
2021-04-27,79.5662,79.8073,78.9345,78.9511,410786.0
2021-04-28,79.2337,79.4332,78.5521,78.6851,368825.0
2021-04-29,78.6602,79.7241,78.6602,79.5911,651707.0
2021-04-30,80.04,80.838,79.3251,80.7715,515598.0
2021-05-03,80.1979,82.2095,79.3251,81.4614,881071.0
2021-05-04,81.3949,82.1098,80.8879,81.3451,844330.0
2021-05-05,81.1123,81.37,79.3667,80.2644,608566.0
2021-05-06,80.6468,81.5861,80.1979,81.4199,735639.0
2021-05-07,81.4116,82.1015,81.1123,81.1622,439285.0
2021-05-10,81.4614,82.8247,81.3035,82.5088,1052161.0
2021-05-11,82.6917,82.9327,79.5662,80.1647,955787.0
2021-05-12,80.3574,80.3657,78.9174,78.9843,710450.0
2021-05-13,79.0827,80.8074,78.7729,80.2381,575785.0
2021-05-14,80.5729,81.4604,80.3804,80.5395,418668.0
2021-05-17,80.5729,81.3348,80.079,80.1711,506620.0
2021-05-18,79.7776,80.2883,79.2502,79.8697,816928.0
2021-05-19,79.8613,80.0204,78.9739,79.426,649496.0
2021-05-20,79.4427,80.5981,79.426,79.9702,559806.0
2021-05-21,79.9534,81.0083,79.9115,80.5562,844678.0
2021-05-24,80.9497,81.2762,79.8111,79.8362,1009954.0
2021-05-25,79.8781,80.2381,78.4883,78.8734,986346.0
2021-05-26,78.6976,78.999,78.4967,78.6892,571200.0
2021-05-27,78.6976,78.9488,78.0278,78.1534,791504.0
2021-05-28,78.4632,78.9488,78.2874,78.6222,452116.0
2021-06-01,78.8232,78.9822,77.6092,77.8353,758218.0
2021-06-02,78.0697,78.9153,77.626,78.0111,1100085.0
2021-06-03,77.5925,78.8985,77.4836,78.5553,711121.0
2021-06-04,78.8148,78.999,78.1953,78.3543,400859.0
2021-06-07,78.4548,78.6055,78.0613,78.3292,372380.0
2021-06-08,78.3292,78.4883,76.3199,76.9646,728299.0
2021-06-09,77.3748,77.9441,77.0148,77.785,462290.0
2021-06-10,77.492,78.1032,77.3832,77.9692,372155.0
2021-06-11,77.9692,77.9692,77.2409,77.7767,333272.0
2021-06-14,77.6427,77.8353,77.0818,77.6009,507205.0
2021-06-15,77.6678,78.3795,77.3078,77.9441,717642.0
2021-06-16,78.3543,78.3627,76.9227,76.9646,646680.0
2021-06-17,76.6632,77.6092,76.4622,77.3413,480788.0
2021-06-18,77.0064,77.0064,74.6874,74.8716,933074.0
2021-06-21,75.1729,76.119,74.746,75.9097,708573.0
2021-06-22,75.9013,76.3032,75.4409,75.4911,1086642.0
2021-06-23,75.5413,75.5413,74.4362,74.4864,585196.0
2021-06-24,74.5785,74.9553,74.2102,74.5785,364488.0
2021-06-25,74.5785,75.4743,74.3776,75.4325,412400.0
2021-06-28,75.5162,76.6715,75.399,76.1525,814850.0
2021-06-29,75.7255,76.2362,74.3525,74.5283,732428.0
2021-06-30,74.5534,74.6874,74.0343,74.4697,717601.0
2021-07-01,74.5785,75.7674,74.1097,75.5078,643527.0
2021-07-02,75.5664,75.6418,75.0725,75.3655,631337.0
2021-07-06,75.3488,75.9432,74.1767,75.9348,437673.0
2021-07-07,75.8511,76.9395,75.3236,76.8474,609386.0
2021-07-08,76.8222,77.7348,76.6548,77.199,768132.0
2021-07-09,77.2911,77.5255,76.3032,76.8892,586191.0
2021-07-12,76.7469,77.5925,76.5376,77.3329,351000.0
2021-07-13,77.4083,77.7348,76.5376,76.9311,412059.0
2021-07-14,76.9311,78.4213,76.5962,77.986,484977.0
2021-07-15,77.8185,79.4176,77.8185,79.3255,689583.0
2021-07-16,79.426,80.372,79.0995,79.9032,740278.0
2021-07-19,79.8529,80.9748,77.9357,78.8902,1093247.0
2021-07-20,78.6976,80.0957,78.1618,78.5469,460556.0
2021-07-21,78.5302,78.5804,77.0734,77.1069,447025.0
2021-07-22,77.1153,77.7097,76.9646,77.4167,508162.0
2021-07-23,77.6427,78.7981,77.4502,78.7227,278903.0
2021-07-26,78.5469,79.1329,77.9943,78.8315,403758.0
2021-07-27,78.9822,80.9246,78.5636,80.7906,742535.0
2021-07-28,80.5813,80.5813,78.5218,79.066,866805.0
2021-07-29,79.2502,79.4343,78.572,79.1832,486305.0
2021-07-30,79.2585,79.8278,78.639,78.8148,623038.0
2021-08-02,78.7646,79.7776,78.6222,79.2836,749524.0
2021-08-03,79.1162,81.2762,78.9739,80.0455,780079.0
2021-08-04,79.786,80.2967,78.7227,80.2297,617026.0
2021-08-05,80.3134,80.8241,79.6604,80.7739,335950.0
2021-08-06,80.7236,81.1255,80.1543,80.6315,418242.0
2021-08-09,80.5143,80.8743,80.0036,80.6483,346160.0
2021-08-10,80.7655,80.7655,80.0288,80.4557,303918.0
2021-08-11,80.6394,81.2633,80.5129,80.7153,341201.0
2021-08-12,80.8565,81.2696,80.5783,80.6036,224272.0
2021-08-13,80.5783,81.3202,80.5361,81.1179,243724.0
2021-08-16,81.2781,82.1128,80.9408,81.9357,442544.0
2021-08-17,81.8935,82.4163,81.3118,82.0875,472378.0
2021-08-18,82.079,82.079,80.789,81.3286,484826.0
2021-08-19,81.5984,82.4079,81.4045,81.7586,525992.0
2021-08-20,81.6322,82.6608,81.1937,82.2814,366495.0
2021-08-23,82.2477,82.2477,80.6626,80.7637,520646.0
2021-08-24,80.5951,80.6457,79.2967,79.6339,413519.0
2021-08-25,79.4653,80.0555,79.0943,79.811,600024.0
2021-08-26,79.7604,79.9628,79.2545,79.5749,349549.0
2021-08-27,79.6845,79.7857,79.2124,79.6002,379845.0
2021-08-30,79.499,80.3253,79.3979,80.1145,291244.0
2021-08-31,79.8869,80.4349,79.263,79.6592,477103.0
2021-09-01,79.9459,81.1432,79.499,80.8565,579141.0
2021-09-02,80.9914,81.6237,80.9408,81.6153,462720.0
2021-09-03,81.6237,81.7418,80.8228,81.0083,225141.0
2021-09-07,80.8902,81.0757,79.263,79.3051,489548.0
2021-09-08,79.3726,81.4298,79.1702,81.2949,388971.0
2021-09-09,81.2443,81.3792,80.5698,80.9324,458200.0
2021-09-10,80.8481,80.8481,79.7098,80.0049,483240.0
2021-09-13,80.6457,80.6457,78.9089,78.9847,324909.0
2021-09-14,79.0353,79.5834,78.6391,78.7655,384211.0
2021-09-15,78.6306,78.9679,77.2563,77.5851,645149.0
2021-09-16,77.6442,78.15,76.86,77.2142,482316.0
2021-09-17,76.8853,77.3659,76.4469,76.5144,1152063.0
2021-09-20,76.5228,77.4924,75.9663,76.7167,449999.0
2021-09-21,76.8938,77.6273,76.6408,77.0455,609732.0
2021-09-22,77.1973,77.4081,76.3795,76.9191,378649.0
2021-09-23,77.0877,77.4587,75.9073,76.1181,646416.0
2021-09-24,76.1687,76.9444,75.8314,75.882,601543.0
2021-09-27,75.882,76.5902,74.3812,74.474,396741.0
2021-09-28,74.4908,74.592,73.3189,74.0018,704576.0
2021-09-29,73.9259,75.5279,73.7826,75.0473,540715.0
2021-09-30,75.081,75.1906,74.0946,74.3644,531425.0
2021-10-01,74.8281,74.9546,73.7489,73.8753,551110.0
2021-10-04,73.6814,75.6375,73.6646,75.3508,651411.0
2021-10-05,75.2075,75.3593,74.5583,74.9461,467315.0
2021-10-06,74.963,76.4216,74.4571,76.371,431934.0
2021-10-07,76.4469,77.1045,75.4773,75.6459,401026.0
2021-10-08,75.5532,75.6628,74.7438,74.8787,363473.0
2021-10-11,74.651,74.8618,73.4959,73.6308,527035.0
2021-10-12,73.6308,74.1451,73.5044,74.044,461993.0
2021-10-13,74.044,75.0473,73.4285,75.022,607848.0
2021-10-14,75.3508,76.2277,75.2834,75.7977,578177.0
2021-10-15,76.0928,76.3626,75.452,75.941,780691.0
2021-10-18,75.2497,75.6206,74.592,74.904,432396.0
2021-10-19,75.8061,75.8989,75.1738,75.764,413625.0
2021-10-20,75.882,77.3491,75.882,76.7757,393185.0
2021-10-21,77.113,77.2057,76.6577,76.9022,286103.0
2021-10-22,77.1551,77.5514,76.9022,77.2816,260920.0
2021-10-25,77.0455,77.0624,76.0759,76.2024,397058.0
2021-10-26,76.3457,77.2563,76.0253,76.5144,412611.0
2021-10-27,76.9781,77.0118,75.7302,75.8567,339738.0
2021-10-28,75.764,76.3457,75.4942,76.312,418709.0
2021-10-29,76.312,76.9696,75.5532,75.9326,532960.0
2021-11-01,75.8567,76.2867,75.2834,76.1687,479546.0
2021-11-02,76.4638,77.1298,75.8567,76.6324,703054.0
2021-11-03,76.6324,77.5177,74.8112,75.7724,557796.0
2021-11-04,75.8483,76.0844,74.8028,75.6459,778202.0
2021-11-05,75.7134,76.8516,75.6628,76.6155,414948.0
2021-11-08,76.6155,76.6155,74.7859,74.9967,708130.0
2021-11-09,75.3566,76.2317,75.0423,75.7049,463224.0
2021-11-10,76.0172,77.0281,75.8133,77.0026,423438.0
2021-11-11,76.7053,76.9686,75.5499,75.6434,633045.0
2021-11-12,75.7708,75.9832,75.1846,75.397,504971.0
2021-11-15,75.8387,76.9347,75.465,76.9262,530135.0
2021-11-16,76.9262,77.198,76.4079,76.5948,441547.0
2021-11-17,76.323,77.266,75.9662,77.1386,340350.0
2021-11-18,77.0111,77.1046,76.1276,76.5694,358510.0
2021-11-19,76.8837,77.1386,76.5184,76.9007,584014.0
2021-11-22,76.7732,78.0815,76.5184,77.7502,418461.0
2021-11-23,77.8946,78.0646,77.2065,77.3085,450678.0
2021-11-24,77.3424,77.4529,76.6628,77.0451,397130.0
2021-11-26,76.8072,77.4869,75.6349,75.7538,365779.0
2021-11-29,76.0766,77.1725,75.5244,76.8752,562780.0
2021-11-30,76.1276,76.6458,73.7744,73.8508,990269.0
2021-12-01,74.1991,76.1871,73.8253,74.488,1055151.0
2021-12-02,74.7258,76.0511,74.7004,75.4989,752849.0
2021-12-03,75.5669,77.6228,75.1846,77.4529,719863.0
2021-12-06,78.158,79.3389,77.8097,78.3789,681832.0
2021-12-07,78.1665,78.9141,77.7672,78.4468,516426.0
2021-12-08,78.4384,79.1775,77.9031,78.6337,524836.0
2021-12-09,78.8546,79.3729,77.7757,78.8376,446171.0
2021-12-10,79.2029,79.7297,78.6847,79.4153,937696.0
2021-12-13,79.4918,81.2334,79.4918,80.8001,953082.0
2021-12-14,80.7916,81.0295,80.2989,80.5027,1228974.0
2021-12-15,80.6896,82.4737,80.6896,82.3887,1466090.0
2021-12-16,82.0999,83.9349,81.964,83.5611,1034444.0
2021-12-17,83.1193,83.8499,81.7601,81.8025,1634467.0
2021-12-20,81.3948,81.9979,80.6047,81.7856,597849.0
2021-12-21,82.1169,82.4227,80.095,80.4773,682551.0
2021-12-22,80.2224,81.038,79.9166,80.5112,315534.0
2021-12-23,80.6217,80.9275,80.2139,80.4093,338423.0
2021-12-27,80.5197,81.021,80.1799,80.9445,318482.0
2021-12-28,81.2079,82.0064,80.7746,81.9809,351850.0
2021-12-29,82.1084,82.4822,81.8535,82.3378,260744.0
2021-12-30,82.5671,82.5841,81.9045,82.5077,223747.0
2021-12-31,82.5586,82.8305,81.811,82.4652,243460.0
2022-01-03,82.4992,82.4992,80.6727,81.6326,683050.0
2022-01-04,81.4627,82.3972,81.1909,81.4287,565360.0
2022-01-05,81.2673,83.0514,81.2673,82.3717,437258.0
2022-01-06,82.822,83.2213,81.7601,81.8535,507240.0
2022-01-07,81.7771,82.9919,81.1569,82.5841,591022.0
2022-01-10,82.6011,83.0429,81.9385,82.3208,552827.0
2022-01-11,82.5077,82.6606,80.5367,80.9785,581558.0
2022-01-12,80.4773,81.4712,80.0015,81.3013,656001.0
2022-01-13,81.7856,82.6606,81.3948,82.6436,550550.0
2022-01-14,82.3887,82.7795,81.3608,81.7686,588034.0
2022-01-18,81.2928,81.5307,79.8826,81.3608,664811.0
2022-01-19,81.5647,82.6011,80.8765,81.5817,1155299.0
2022-01-20,81.7006,82.6181,81.3948,82.1254,806449.0
2022-01-21,82.9749,83.8669,82.0574,82.3972,1134162.0
2022-01-24,81.2588,82.5416,78.9056,80.8171,899661.0
2022-01-25,80.2224,80.97,79.5428,80.4942,603075.0
2022-01-26,80.2819,81.1824,79.3219,79.9505,751036.0
2022-01-27,80.3583,81.862,80.1714,80.8001,667892.0
2022-01-28,80.5622,82.1254,80.2139,82.0404,565374.0
2022-01-31,81.2503,82.5926,81.1654,82.4397,542069.0
2022-02-01,82.3547,82.6351,80.1204,80.8426,1023479.0
2022-02-02,80.6896,81.9894,80.6217,81.6581,932439.0
2022-02-03,82.1678,83.3402,81.0465,81.2928,1110210.0
2022-02-04,80.7406,81.5647,79.8061,80.4008,887126.0
2022-02-07,80.3583,80.8426,79.6787,80.4688,582193.0
2022-02-08,80.953,81.0465,80.0865,80.2564,684226.0
2022-02-09,80.7236,81.0125,79.7806,80.1289,744844.0
2022-02-10,79.374,79.8107,77.7984,78.158,848400.0
2022-02-11,78.5669,78.9351,77.6592,78.1045,1388675.0
2022-02-14,78.0959,78.4641,76.0579,76.7515,1012991.0
2022-02-15,77.0855,77.3937,75.938,76.1264,1319933.0
2022-02-16,76.3919,76.7858,75.664,76.3148,1173559.0
2022-02-17,76.4004,76.9056,75.6383,76.546,731751.0
2022-02-18,76.2377,77.6506,76.2377,77.0683,779698.0
2022-02-22,77.4023,77.5136,76.4604,76.8885,848306.0
2022-02-23,76.8885,77.2139,75.4842,75.6469,886996.0
2022-02-24,75.3814,76.0322,74.6193,75.938,1632383.0
2022-02-25,76.4689,78.1473,76.4261,77.7962,1328814.0
2022-02-28,77.291,77.9075,77.017,77.8219,722493.0
2022-03-01,77.9247,78.4556,75.9294,76.4775,1030917.0
2022-03-02,76.3576,77.8647,76.2805,77.5736,888811.0
2022-03-03,77.8647,79.5688,77.8476,79.1663,603756.0
2022-03-04,78.8238,81.0673,78.6097,81.016,821031.0
2022-03-07,81.0502,81.9493,80.1596,81.7353,966162.0
2022-03-08,81.9408,82.2319,80.3652,80.4936,1017589.0
2022-03-09,81.1101,81.2043,79.192,79.2948,691181.0
2022-03-10,78.9094,80.2795,78.7981,80.1168,1144751.0
2022-03-11,80.0911,81.2472,80.0911,80.3737,692377.0
2022-03-14,80.8276,81.3585,80.0312,80.3052,850771.0
2022-03-15,81.1358,81.3328,80.2196,80.9988,991386.0
2022-03-16,80.9988,81.1358,79.8,81.0074,1118052.0
2022-03-17,81.1273,82.4631,80.9817,82.0264,1215869.0
2022-03-18,81.8209,82.3261,80.8704,81.0759,1176698.0
2022-03-21,81.2215,82.5316,81.2215,81.9493,479764.0
2022-03-22,82.1977,82.249,81.0588,81.6668,838595.0
2022-03-23,81.6753,82.2576,81.0673,81.7609,692563.0
2022-03-24,82.035,83.1054,81.7524,82.7286,543192.0
2022-03-25,82.9769,84.0131,82.8313,83.9788,461228.0
2022-03-28,84.0131,84.3984,83.4907,84.3898,347562.0
2022-03-29,84.7581,84.9464,83.8332,84.9293,769157.0
2022-03-30,85.2033,85.8884,84.9293,85.8798,524654.0
2022-03-31,85.8113,86.6505,85.4431,85.4688,561573.0
2022-04-01,85.4174,86.6419,85.0235,86.5991,682502.0
2022-04-04,86.0682,86.2823,84.9122,86.0511,412625.0
2022-04-05,86.1025,87.9435,86.1025,87.1129,761415.0
2022-04-06,87.5582,89.4507,87.3612,89.0311,626012.0
2022-04-07,89.0568,89.3907,88.1405,88.8941,658796.0
2022-04-08,89.2623,90.0586,88.8769,89.4763,672411.0
2022-04-11,89.699,90.2813,88.6543,88.7656,563649.0
2022-04-12,88.4745,89.5962,87.9692,89.4078,630150.0
2022-04-13,89.4678,89.6904,88.2518,88.3717,600166.0
2022-04-14,88.7399,89.1509,88.3289,88.3631,364084.0
2022-04-18,88.5687,89.0653,87.5068,88.0634,362913.0
2022-04-19,88.5515,89.7589,88.3289,89.502,679846.0
2022-04-20,90.3155,90.7351,89.7076,90.2556,435005.0
2022-04-21,90.0929,91.4716,89.7332,90.5639,560147.0
2022-04-22,90.5896,90.5896,88.8769,89.0396,731072.0
2022-04-25,89.2366,89.3907,86.916,88.1234,647442.0
2022-04-26,87.7123,89.0396,87.4469,87.8836,545457.0
2022-04-27,87.8665,88.7742,87.0615,87.4212,549795.0
2022-04-28,87.6866,88.5687,87.1215,88.012,699162.0
2022-04-29,87.4726,87.8665,85.5459,85.6743,885885.0
2022-05-02,85.9826,87.9435,84.3128,85.4003,1204232.0
2022-05-03,85.974,87.3698,85.1348,85.2547,948863.0
2022-05-04,84.9978,87.1044,84.9978,86.9673,906408.0
2022-05-05,86.6848,87.2157,85.7856,86.5477,650483.0
2022-05-06,86.0682,86.6077,85.2033,86.1967,1038476.0
2022-05-09,85.7771,87.8322,85.3917,87.2927,1020552.0
2022-05-10,87.2242,88.3118,85.3147,86.1967,685371.0
2022-05-11,86.3279,88.441,86.3279,87.13,599520.0
2022-05-12,87.2486,88.0335,85.9118,86.9554,625278.0
2022-05-13,88.1542,88.689,86.2827,88.0507,602868.0
2022-05-16,88.2664,88.9995,87.5936,88.6372,652352.0
2022-05-17,88.965,89.3617,87.0761,89.2237,554056.0
2022-05-18,89.6291,89.7498,87.7057,87.93,1285515.0
2022-05-19,87.7489,89.31,86.7656,88.7235,1069369.0
2022-05-20,88.9218,89.448,87.9214,89.31,872559.0
2022-05-23,90.5606,91.0694,89.3358,90.5778,650910.0
2022-05-24,90.9659,93.4844,90.4571,93.3895,711576.0
2022-05-25,93.1135,93.2256,90.8452,91.2592,1481008.0
2022-05-26,91.6732,92.0095,90.7848,90.9056,1009702.0
2022-05-27,90.6296,92.1993,90.3881,91.8802,582533.0
2022-05-31,90.9401,91.3885,89.9913,90.6209,816307.0
2022-06-01,90.9487,91.0953,89.8792,90.2759,833242.0
2022-06-02,90.7244,90.7848,88.6286,90.4398,536450.0
2022-06-03,90.2759,90.5606,89.6722,89.8533,469306.0
2022-06-06,90.1897,90.5433,89.8447,89.9655,346135.0
2022-06-07,89.8878,91.1557,89.1547,91.0781,641373.0
2022-06-08,90.7244,90.7244,88.7235,88.7925,525366.0
2022-06-09,88.5596,88.9046,85.7824,85.8342,595068.0
2022-06-10,85.0666,86.4034,84.5404,85.653,971403.0
2022-06-13,84.9113,85.0234,82.0479,82.436,797641.0
2022-06-14,82.3325,82.7551,78.6238,79.3914,859414.0
2022-06-15,79.9262,80.4868,78.253,79.2448,974300.0
2022-06-16,78.2788,78.9688,77.1059,78.6669,1011857.0
2022-06-17,79.0464,79.0809,76.942,77.9425,1304319.0
2022-06-21,78.0115,79.7537,77.7786,79.2621,960795.0
2022-06-22,79.0119,81.3234,78.9774,80.5299,1044485.0
2022-06-23,80.9008,82.367,80.8145,82.229,657493.0
2022-06-24,82.2894,84.1351,82.2894,83.7987,689481.0
2022-06-27,84.1265,85.653,83.5572,85.6272,1001199.0
2022-06-28,85.6789,86.3775,85.4374,85.4892,807471.0
2022-06-29,85.6703,85.9722,85.1614,85.653,464449.0
2022-06-30,85.4288,87.7834,85.2477,86.8001,1048373.0
2022-07-01,87.1624,88.689,86.6794,88.4734,589156.0
2022-07-05,88.5424,88.6286,84.0747,85.2649,654221.0
2022-07-06,85.722,87.8351,85.5409,87.3349,716212.0
2022-07-07,87.3176,87.5246,85.7565,86.0843,725540.0
2022-07-08,86.1533,86.2654,85.5237,85.8255,440885.0
2022-07-11,85.515,87.0761,85.446,86.7398,456611.0
2022-07-12,86.274,87.7489,86.0412,86.6449,524100.0
2022-07-13,86.1705,87.1796,85.8169,86.3603,445689.0
2022-07-14,84.8509,86.5328,84.6784,86.343,421943.0
2022-07-15,86.8433,87.0158,85.6013,86.895,559039.0
2022-07-18,86.4638,86.6018,85.0924,85.2218,413826.0
2022-07-19,85.6962,86.1015,85.1442,85.446,809768.0
2022-07-20,84.9717,85.1442,82.7637,82.9104,1229687.0
2022-07-21,82.7982,83.126,82.5481,82.9966,657099.0
2022-07-22,83.4451,84.4369,83.3847,84.4024,465319.0
2022-07-25,84.1437,85.3857,84.0316,85.3512,388001.0
2022-07-26,85.0062,86.8864,85.0062,86.8088,434401.0
2022-07-27,86.412,86.8864,86.0325,86.6535,466969.0
2022-07-28,87.4729,89.0943,87.1969,88.8356,664839.0
2022-07-29,88.6545,89.9913,88.6545,89.5342,555176.0
2022-08-01,89.2237,90.0086,88.7321,89.6032,502652.0
2022-08-02,89.9482,90.8797,89.2496,89.3962,611455.0
2022-08-03,89.1375,90.1207,87.4125,89.7671,566580.0
2022-08-04,89.8792,90.5951,89.1892,89.5687,758356.0
2022-08-05,89.4566,89.6291,87.7747,88.9391,557606.0
2022-08-08,89.4566,89.9741,89.0771,89.6722,418119.0
2022-08-09,90.1552,90.9832,89.8188,90.7503,282703.0
2022-08-10,90.9156,91.098,89.9255,90.7072,464869.0
2022-08-11,90.7571,91.4953,90.0102,90.6095,512964.0
2022-08-12,91.0871,91.7733,90.7919,91.7472,349741.0
2022-08-15,91.8775,92.468,91.1393,92.303,412664.0
2022-08-16,92.2075,93.241,92.2075,92.937,432696.0
2022-08-17,92.6591,93.7274,92.6591,92.9023,556293.0
2022-08-18,93.0239,93.3452,92.1988,93.2757,409438.0
2022-08-19,93.5363,93.9705,93.0326,93.5276,413721.0
2022-08-22,93.1802,93.7447,92.5028,92.7373,461075.0
2022-08-23,92.7633,92.7633,91.3824,92.0164,397179.0
2022-08-24,92.0599,92.3638,91.3564,91.947,269352.0
2022-08-25,92.1207,92.3291,91.3564,92.2509,521822.0
2022-08-26,92.0425,92.6417,90.9656,91.009,458003.0
2022-08-29,90.7919,91.9556,90.0971,91.3477,332497.0
2022-08-30,91.2087,91.6169,89.6281,89.8626,414831.0
2022-08-31,89.6541,90.6095,89.5412,89.576,697634.0
2022-09-01,89.8105,91.2522,89.4023,90.8874,971634.0
2022-09-02,91.0524,91.6777,89.0896,89.4631,410141.0
2022-09-06,89.7844,90.7398,89.1765,89.5065,802996.0
2022-09-07,90.0971,92.4594,90.0276,92.2509,767410.0
2022-09-08,92.0859,92.772,91.7298,92.0685,832492.0
2022-09-09,92.4333,92.746,91.5301,92.442,515527.0
2022-09-12,92.607,93.4494,92.3117,93.1368,517612.0
2022-09-13,92.4854,92.7112,89.7931,90.1492,744390.0
2022-09-14,90.0623,91.5648,89.9929,90.705,385558.0
2022-09-15,90.0102,90.0102,87.4655,87.7695,929544.0
2022-09-16,88.004,88.5685,87.5958,87.9693,1064898.0
2022-09-19,87.8303,88.8378,87.3092,88.8291,383015.0
2022-09-20,88.3948,88.3948,87.0574,87.6827,626521.0
2022-09-21,88.308,89.0115,86.7534,86.7881,613587.0
2022-09-22,86.6752,87.4308,86.0847,86.9792,391376.0
2022-09-23,86.3626,86.7013,85.2943,86.4755,519426.0
2022-09-26,86.1368,86.2323,83.731,84.4258,551444.0
2022-09-27,84.7732,84.8514,82.0288,82.3067,656755.0
2022-09-28,83.4184,83.6876,81.9941,83.0623,866727.0
2022-09-29,82.7583,82.7583,79.6057,79.736,614904.0
2022-09-30,80.4134,80.6045,77.4432,77.669,880065.0
2022-10-03,79.2844,81.1603,78.4072,80.4221,1127555.0
2022-10-04,80.4221,81.3253,79.9531,80.8563,856211.0
2022-10-05,80.0139,80.0139,77.7993,78.6504,831654.0
2022-10-06,78.164,78.3985,74.9506,75.1417,1220124.0
2022-10-07,75.1938,75.5065,73.6045,74.2385,1292293.0
2022-10-10,74.4208,75.463,73.9866,74.0821,1077984.0
2022-10-11,73.8216,74.8985,73.6739,73.9779,824776.0
2022-10-12,73.9953,73.9953,71.3638,71.4159,1219224.0
2022-10-13,70.6082,73.8476,70.1913,73.5784,1227185.0
2022-10-14,74.2558,74.6553,71.9978,73.2136,1214012.0
2022-10-17,73.9258,75.4022,73.8997,74.3861,893956.0
2022-10-18,75.4978,76.54,75.3328,76.2447,781245.0
2022-10-19,75.3067,75.7757,74.5424,75.3588,557093.0
2022-10-20,75.1417,75.5672,73.9171,74.2037,937598.0
2022-10-21,74.6466,75.8452,74.0387,75.2546,702376.0
2022-10-24,75.8799,76.5313,74.968,75.3501,646406.0
2022-10-25,75.3588,76.5747,75.2546,76.2273,954789.0
2022-10-26,76.8005,77.2695,76.0275,76.4965,578174.0
2022-10-27,76.9308,77.9556,76.731,77.0524,630753.0
2022-10-28,77.2955,79.8228,77.2955,79.5536,935605.0
2022-10-31,79.5884,80.0747,78.633,79.3191,1060807.0
2022-11-01,78.8415,80.1268,78.4159,79.8576,1427484.0
2022-11-02,79.3973,80.2831,78.2769,78.3812,1385088.0
2022-11-03,77.7819,79.1802,76.9395,78.5027,800192.0
2022-11-04,78.5548,79.6231,78.2509,79.3712,733017.0
2022-11-07,79.1628,79.3018,76.8439,78.2682,813996.0
2022-11-08,78.5027,79.7707,78.329,79.4233,855502.0
2022-11-09,79.3961,79.4924,78.2579,78.468,791043.0
2022-11-10,80.2782,82.6246,79.4026,82.432,572834.0
2022-11-11,82.3795,82.3795,80.8998,81.5565,850275.0
2022-11-14,81.9242,82.2657,80.9786,81.0136,719045.0
2022-11-15,81.5915,82.3007,80.7159,81.6528,592688.0
2022-11-16,81.8279,83.2813,81.8279,82.6596,574741.0
2022-11-17,81.8804,82.003,81.0662,81.4426,800235.0
2022-11-18,82.3795,83.9554,81.9505,83.7891,824120.0
2022-11-21,83.9642,85.4526,83.8329,84.6909,756039.0
2022-11-22,84.9185,85.9779,84.6821,85.0411,526568.0
2022-11-23,84.9098,85.9342,84.8835,85.8641,292336.0
2022-11-25,86.153,86.5558,85.8641,86.3807,224780.0
2022-11-28,85.9692,86.4157,85.0499,85.4001,448694.0
2022-11-29,84.8923,85.1024,84.2181,84.9098,420594.0
2022-11-30,84.901,86.941,84.4545,86.8009,696986.0
2022-12-01,87.5452,88.5258,84.9886,85.1812,2602043.0
2022-12-02,84.4282,84.901,83.684,84.1043,1068337.0
2022-12-05,83.3863,84.0255,82.1081,82.5196,967654.0
2022-12-06,82.5458,83.5702,82.4495,83.5439,783224.0
2022-12-07,83.4126,83.9029,82.2569,82.8172,514722.0
2022-12-08,82.5896,84.2619,82.4495,83.7541,406330.0
2022-12-09,83.3513,84.2269,83.3513,83.8154,548569.0
2022-12-12,84.3845,85.8203,83.8854,85.689,537146.0
2022-12-13,86.7747,87.5627,85.4001,86.6609,602804.0
2022-12-14,86.7922,87.624,84.8835,85.5577,1030015.0
2022-12-15,85.295,85.5051,84.2181,84.5245,852350.0
2022-12-16,84.0955,84.3669,82.1518,83.29,1264349.0
2022-12-19,83.185,83.4126,82.2657,82.5108,438305.0
2022-12-20,82.467,82.896,82.038,82.5896,441931.0
2022-12-21,82.5108,83.4564,82.3795,83.0887,637140.0
2022-12-22,82.826,83.2287,81.5302,82.826,668244.0
2022-12-23,82.397,83.6315,82.397,83.5965,693279.0
2022-12-27,83.6227,84.2444,83.0186,84.0605,480604.0
2022-12-28,84.1743,84.4808,83.1762,83.2375,502895.0
2022-12-29,83.7628,84.1568,83.4214,83.5352,487169.0
2022-12-30,83.579,83.8854,81.4689,82.0905,547686.0
2023-01-03,81.9592,82.791,81.2675,82.4408,719254.0
2023-01-04,82.7384,83.6753,82.3182,82.9836,546417.0
2023-01-05,82.3182,82.6421,80.6284,80.9086,654585.0
2023-01-06,81.8279,83.2638,81.0574,82.9748,486330.0
2023-01-09,82.8085,85.0061,82.6947,84.5421,1078030.0
2023-01-10,84.5245,84.7522,83.4564,84.6821,610161.0
2023-01-11,84.6471,86.0217,84.2794,85.9779,587890.0
2023-01-12,86.3282,86.3282,84.5946,84.8047,640601.0
2023-01-13,84.3845,84.3845,83.6315,83.8329,514737.0
2023-01-17,83.9817,84.4195,82.9136,83.2112,663720.0
2023-01-18,83.4126,83.6052,80.7685,81.0136,617192.0
2023-01-19,81.0662,81.0924,80.0943,80.3745,612541.0
2023-01-20,80.1819,81.574,79.3326,81.4952,573519.0
2023-01-23,81.3288,82.432,80.8035,81.2763,586634.0
2023-01-24,81.2413,81.574,79.9717,81.3201,536723.0
2023-01-25,80.7159,81.3901,80.0155,81.1975,680780.0
2023-01-26,81.0311,81.4602,80.6196,81.3026,619599.0
2023-01-27,81.0224,81.7929,80.5496,81.2238,468678.0
2023-01-30,81.0574,82.2131,80.8035,81.0924,560734.0
2023-01-31,81.4251,82.3532,80.5058,82.2919,571267.0
2023-02-01,81.679,83.3513,81.679,83.0887,806327.0
2023-02-02,83.4476,84.5771,82.2044,83.1062,908732.0
2023-02-03,82.4933,82.7647,80.5408,81.9154,893844.0
2023-02-06,81.4864,82.362,81.2413,82.1518,501616.0
2023-02-07,81.6703,81.8016,80.6284,81.5652,655223.0
2023-02-08,81.1975,81.1975,79.7091,80.2519,753058.0
2023-02-09,80.6897,80.9874,79.5427,79.604,546275.0
2023-02-10,79.7368,81.6792,79.6926,81.6615,685981.0
2023-02-13,81.8381,82.2266,81.3172,82.1648,475084.0
2023-02-14,82.0324,82.4032,80.9287,80.964,411123.0
2023-02-15,80.346,81.4585,80.346,81.326,394278.0
2023-02-16,80.346,81.1494,79.4366,80.8846,507644.0
2023-02-17,81.1229,82.2972,80.7168,81.997,575559.0
2023-02-21,81.7675,81.7675,80.6285,80.7786,466636.0
2023-02-22,81.0258,81.4761,80.2047,80.4696,472006.0
2023-02-23,80.3283,81.1053,79.6485,80.4343,676586.0
2023-02-24,79.8515,80.9728,79.2247,80.3636,833849.0
2023-02-27,80.6991,81.4143,79.2865,79.4984,497231.0
2023-02-28,79.0481,79.9222,78.2358,78.2799,610449.0
2023-03-01,78.1563,78.1563,76.258,76.4346,933667.0
2023-03-02,76.0638,77.7149,76.0638,77.7149,663655.0
2023-03-03,78.2976,79.1452,77.0703,79.1011,883050.0
2023-03-06,79.0128,79.5778,78.8097,79.3218,755971.0
2023-03-07,79.5425,79.7103,77.8914,78.4653,1361444.0
2023-03-08,78.4918,79.1275,78.0415,78.8009,483059.0
2023-03-09,79.0834,80.0458,78.0769,78.4565,450696.0
2023-03-10,78.8185,78.9156,76.8761,77.3175,699487.0
2023-03-13,76.9556,81.5379,76.9556,80.4872,1090909.0
2023-03-14,80.9728,82.2266,80.602,81.6086,796192.0
2023-03-15,81.5203,84.222,81.0523,83.604,1137975.0
2023-03-16,83.4274,85.0784,83.0565,83.7541,843415.0
2023-03-17,83.4715,83.7187,82.3767,83.2155,1233718.0
2023-03-20,83.4539,83.9218,82.7917,83.4804,635216.0
2023-03-21,83.2596,83.6923,79.5249,81.1494,1293684.0
2023-03-22,80.8581,81.4849,79.8957,80.0193,1123430.0
2023-03-23,79.7986,80.3107,78.9774,79.4012,1142942.0
2023-03-24,79.9487,82.3149,79.7279,82.3061,575396.0
2023-03-27,82.3502,82.8005,81.2466,81.9352,1025353.0
2023-03-28,81.7675,83.1095,81.3967,82.3061,477478.0
2023-03-29,82.4562,83.3656,82.4562,83.2949,494955.0
2023-03-30,83.5245,83.8512,82.8976,83.3921,536486.0
2023-03-31,83.551,83.9218,83.1272,83.6923,544418.0
2023-04-03,83.1537,83.7982,82.3149,83.2331,631987.0
2023-04-04,83.2331,83.8512,82.9859,83.6923,517432.0
2023-04-05,84.1955,87.118,84.1955,86.8266,1275346.0
2023-04-06,87.3652,87.6389,86.1291,87.0915,594976.0
2023-04-10,86.5088,87.012,85.4051,86.8355,396181.0
2023-04-11,86.7825,87.3917,86.4999,86.9679,338663.0
2023-04-12,86.9944,87.5418,86.3763,86.6589,587688.0
2023-04-13,86.2351,86.8796,85.0431,86.4823,275451.0
2023-04-14,85.6435,86.0761,85.0696,85.5022,574434.0
2023-04-17,85.6788,86.1026,84.169,85.202,1012342.0
2023-04-18,84.9019,85.3875,84.0719,84.531,589887.0
2023-04-19,84.7871,85.4669,84.2926,85.414,554467.0
2023-04-20,85.6259,85.8113,84.893,85.5111,313110.0
2023-04-21,86.1909,86.3587,85.3698,85.6965,284098.0
2023-04-24,85.7318,86.4999,85.1932,86.3057,424007.0
2023-04-25,86.3852,87.2328,86.3057,86.7118,460223.0
2023-04-26,85.9614,86.3322,84.169,84.5752,573978.0
2023-04-27,84.8577,85.564,84.4339,85.2285,528024.0
2023-04-28,85.1226,85.6082,84.2838,84.9107,464752.0
2023-05-01,84.8489,85.9525,84.328,84.7076,618036.0
2023-05-02,84.8047,85.2815,83.9748,84.0984,852268.0
2023-05-03,84.3898,84.6988,82.6063,83.242,918042.0
2023-05-04,83.4627,84.4604,82.8182,84.1867,577079.0
2023-05-05,83.7805,84.9107,83.7805,84.7694,392100.0
2023-05-08,84.4162,84.7164,83.6481,83.9042,612826.0
2023-05-09,83.7805,83.8688,83.1625,83.3656,498202.0
2023-05-10,83.8744,84.4975,83.0376,84.275,533626.0
2023-05-11,84.453,84.5331,83.1266,83.5272,675148.0
2023-05-12,83.9812,84.5153,83.1978,83.5806,581454.0
2023-05-15,83.634,83.8477,81.3373,82.1741,671337.0
2023-05-16,82.3433,82.3433,80.1712,80.2068,629720.0
2023-05-17,80.278,80.3492,79.2276,79.4679,762009.0
2023-05-18,79.459,80.189,79.0851,79.5302,1334441.0
2023-05-19,79.9486,80.643,79.7884,80.0465,737577.0
2023-05-22,80.0198,80.7409,79.8062,80.0109,656134.0
2023-05-23,79.7261,80.5183,79.0139,79.1029,660832.0
2023-05-24,79.1474,79.6727,78.3018,78.4086,719249.0
2023-05-25,78.1059,78.3552,77.0911,77.189,643851.0
2023-05-26,77.1623,77.3581,76.3967,77.3581,892794.0
2023-05-30,77.465,77.7765,76.9041,76.9843,861105.0
2023-05-31,77.1356,78.4086,76.6727,77.7587,1411435.0
2023-06-01,77.9368,78.186,76.0318,76.7261,1347621.0
2023-06-02,76.0852,78.2394,75.9516,77.5184,1325763.0
2023-06-05,77.4917,79.1742,77.465,78.1148,563640.0
2023-06-06,78.6756,79.1563,77.5718,77.919,636768.0
2023-06-07,77.8032,79.7439,77.1,79.6549,796611.0
2023-06-08,79.5391,80.5985,79.094,80.4471,747147.0
2023-06-09,80.5807,80.6697,79.9486,80.0554,962792.0
2023-06-12,80.3492,80.4293,79.5124,79.9486,682348.0
2023-06-13,79.3255,80.8566,79.1474,80.367,1010356.0
2023-06-14,80.5718,81.8536,80.4827,80.5896,717025.0
2023-06-15,80.9011,81.7112,80.6608,81.5243,652259.0
2023-06-16,81.7735,82.3967,81.2839,81.3907,959293.0
2023-06-20,80.9902,81.2572,80.0643,80.1356,751832.0
2023-06-21,79.7261,80.7765,78.8359,80.732,625732.0
2023-06-22,81.008,81.0169,79.1742,79.4768,671214.0
2023-06-23,79.8774,80.1445,78.0347,78.2483,737824.0
2023-06-26,78.5688,79.3166,78.008,79.1563,677950.0
2023-06-27,79.2009,79.8062,78.9605,78.9605,615656.0
2023-06-28,78.7201,78.7201,77.5006,77.8389,740146.0
2023-06-29,77.3314,78.2394,77.011,77.6697,438429.0
2023-06-30,77.7943,78.7736,77.6341,78.551,512348.0
2023-07-03,78.2751,79.548,78.1771,79.5124,367638.0
2023-07-05,79.4056,80.91,78.8982,80.4293,754008.0
2023-07-06,80.0109,80.2869,79.1385,80.1,495294.0
2023-07-07,79.4501,79.8863,79.0317,79.2098,520250.0
2023-07-10,78.8626,79.37,78.0703,78.7914,660326.0
2023-07-11,78.827,79.6816,78.6489,79.6638,445331.0
2023-07-12,79.9575,80.9634,79.7706,80.8388,671804.0
2023-07-13,80.7409,81.4798,80.643,81.4709,428358.0
2023-07-14,81.3106,81.6845,80.7765,81.364,865185.0
2023-07-17,81.0881,81.4353,79.6014,79.6905,710393.0
2023-07-18,79.735,80.3492,78.186,78.9427,556800.0
2023-07-19,79.2988,80.4204,79.2988,79.7884,463260.0
2023-07-20,80.0554,81.2661,79.2721,81.2394,438331.0
2023-07-21,81.4709,82.5836,81.3373,82.2275,411817.0
2023-07-24,82.4501,82.4768,81.4709,82.0851,392331.0
2023-07-25,82.1741,82.3789,81.6489,81.9338,727143.0
2023-07-26,81.8625,83.1177,81.6667,82.3789,550921.0
2023-07-27,82.0762,82.637,80.4026,80.6341,640520.0
2023-07-28,81.1593,81.3907,79.7884,80.1712,514407.0
2023-07-31,80.5718,80.8477,79.5391,79.9931,495161.0
2023-08-01,80.456,81.3996,79.6192,79.7706,768062.0
2023-08-02,79.3255,80.3136,79.2543,79.6905,451327.0
2023-08-03,79.2632,79.5124,77.8656,78.5688,913389.0
2023-08-04,78.827,79.6192,77.011,77.6875,745794.0
2023-08-07,77.9279,78.4264,77.6875,77.8834,822510.0
2023-08-08,77.8923,78.1593,76.9843,78.0614,851731.0
2023-08-09,77.9012,78.6756,77.5629,77.6964,569652.0
2023-08-10,77.8687,78.4526,77.213,77.5184,679708.0
2023-08-11,77.734,78.21,77.3208,77.9406,473598.0
2023-08-14,77.9406,78.0663,76.9255,77.4106,451197.0
2023-08-15,76.9525,77.0962,75.65,75.659,578850.0
2023-08-16,75.8926,76.5483,75.8926,76.3147,496770.0
2023-08-17,76.5842,77.1142,76.2608,76.3327,668437.0
2023-08-18,76.3327,77.4286,76.3058,77.2399,696015.0
2023-08-21,77.1411,77.222,76.0363,76.4315,605735.0
2023-08-22,76.3327,76.7369,76.1441,76.4046,389827.0
2023-08-23,76.6471,76.7818,75.65,76.1351,603242.0
2023-08-24,76.0183,77.3028,75.9195,75.9824,392417.0
2023-08-25,76.3147,76.8267,75.9734,76.4405,569177.0
2023-08-28,76.5393,77.0782,76.3507,76.5752,434493.0
2023-08-29,76.6471,77.2579,76.3956,76.7279,519627.0
2023-08-30,76.674,77.1681,76.171,76.5573,402329.0
2023-08-31,76.6291,76.7908,75.5602,75.5602,398714.0
2023-09-01,75.8117,75.9644,73.8086,74.653,658344.0
2023-09-05,74.5721,74.671,73.1439,73.6739,888484.0
2023-09-06,73.8356,74.2578,73.4493,73.7188,740732.0
2023-09-07,74.3835,75.4075,74.1949,75.1201,686861.0
2023-09-08,75.2818,76.2698,75.0302,76.0542,671239.0
2023-09-11,75.677,76.4225,75.677,75.9285,487034.0
2023-09-12,75.9644,76.1261,75.4524,75.8566,510707.0
2023-09-13,75.9734,77.4016,75.8656,76.9884,711991.0
2023-09-14,77.3567,78.0124,77.1232,77.9765,523603.0
2023-09-15,77.725,78.6232,77.4196,77.4825,1071948.0
2023-09-18,77.6801,78.3268,77.2399,77.8597,696929.0
2023-09-19,77.7609,78.3537,77.707,77.8777,680149.0
2023-09-20,78.201,78.9466,77.8507,78.2909,640587.0
2023-09-21,78.246,78.5154,77.3657,77.5274,720156.0
2023-09-22,77.1411,77.5902,76.6471,76.7459,1027759.0
2023-09-25,76.3507,76.674,75.4794,76.1081,877255.0
2023-09-26,75.9554,75.9554,73.2248,73.3326,854520.0
2023-09-27,72.9194,73.5122,72.2457,72.3715,1091066.0
2023-09-28,72.6499,72.7307,71.1588,71.7517,1193541.0
2023-09-29,72.3984,72.8116,71.8415,72.3535,847272.0
2023-10-02,71.8774,71.9223,68.4821,69.1917,1545330.0
2023-10-03,68.6617,70.4672,67.7904,70.2785,1560113.0
2023-10-04,70.548,71.3205,69.3713,71.1588,1572702.0
2023-10-05,70.8444,71.7876,70.4492,71.2307,1495303.0
2023-10-06,70.4133,72.8026,69.8474,72.4253,1582999.0
2023-10-09,72.5062,73.4224,72.2637,73.4044,1041829.0
2023-10-10,73.3685,73.9973,72.9463,73.8715,1280643.0
2023-10-11,74.132,74.662,73.4943,74.5093,893574.0
2023-10-12,74.1949,74.4913,72.7307,73.0272,969825.0
2023-10-13,73.8086,74.1949,73.0721,74.123,979774.0
2023-10-16,74.3206,75.2638,73.5931,75.1111,844691.0
2023-10-17,74.2667,75.0482,74.0871,74.9404,1152305.0
2023-10-18,74.8326,75.2368,74.1859,74.5632,898830.0
2023-10-19,74.2757,74.8775,73.7817,74.0601,824463.0
2023-10-20,74.0601,74.7069,72.9284,72.9373,842456.0
2023-10-23,72.111,73.3416,71.6618,72.3355,899810.0
2023-10-24,73.108,73.5841,73.0002,73.2787,756988.0
2023-10-25,73.0811,74.0781,73.0002,73.9434,542915.0
2023-10-26,74.114,75.3267,73.9434,74.671,706983.0
2023-10-27,74.2937,74.8955,73.117,73.4134,611524.0
2023-10-30,73.6559,74.2937,72.7577,73.2966,1310443.0
2023-10-31,75.2638,75.2638,71.9493,73.108,2066354.0
2023-11-01,73.3505,74.7877,72.7307,74.159,1370331.0
2023-11-02,74.0063,75.9465,73.9973,75.3536,1096774.0
2023-11-03,76.2249,76.6112,75.3985,75.4075,713486.0
2023-11-06,75.3267,75.5333,74.2757,74.3386,855328.0
2023-11-07,74.141,74.2128,73.5032,73.7008,943215.0
2023-11-08,73.2517,73.4044,72.0122,72.7577,894255.0
2023-11-09,72.9823,73.2966,71.5002,71.5271,1102549.0
2023-11-10,71.8295,72.2195,71.3578,72.1379,762513.0
2023-11-13,72.1923,72.4735,71.4667,72.0018,1063705.0
2023-11-14,73.5076,74.469,73.2173,73.9339,934014.0
2023-11-15,73.6618,74.8046,73.4985,73.8613,1080277.0
2023-11-16,74.5416,75.5847,74.2241,74.7139,1788419.0
2023-11-17,75.113,75.113,73.9611,74.1425,1207019.0
2023-11-20,73.7797,74.0881,72.5461,73.7615,1083435.0
2023-11-21,73.952,74.2151,72.8726,73.3987,799231.0
2023-11-22,73.5983,73.9429,73.0812,73.9067,668955.0
2023-11-24,74.0427,74.1244,73.435,74.0155,350827.0
2023-11-27,74.079,74.6867,73.435,74.5779,1004178.0
2023-11-28,74.6051,76.1562,74.4418,75.4305,1424782.0
2023-11-29,75.4033,76.3557,75.1403,75.2582,1285172.0
2023-11-30,75.4396,75.9657,74.85,75.8478,1083310.0
2023-12-01,75.8659,77.0813,75.5031,77.0723,1046356.0
2023-12-04,76.4827,77.6346,76.4645,77.0995,962812.0
2023-12-05,77.0995,77.299,75.8659,75.9475,1065413.0
2023-12-06,76.3557,77.0451,75.9747,77.0179,824068.0
2023-12-07,77.0995,77.6074,76.4827,77.0995,1072723.0
2023-12-08,77.0632,77.1448,75.6573,76.2559,892469.0
2023-12-11,76.0564,76.4464,75.4577,76.3829,1353649.0
2023-12-12,76.5734,76.5734,75.1403,75.3126,1803624.0
2023-12-13,75.2854,78.9499,74.8681,78.9136,1242740.0
2023-12-14,79.3943,79.5122,76.6006,76.7548,1618649.0
2023-12-15,75.9747,76.1199,74.0336,74.7956,2252708.0
2023-12-18,75.1312,75.4124,74.2876,74.723,1596671.0
2023-12-19,74.9588,75.6028,74.4962,75.5212,893728.0
2023-12-20,75.7298,75.8568,74.1606,74.1878,1793410.0
2023-12-21,74.4509,75.1403,73.952,74.6958,1240000.0
2023-12-22,75.2672,75.9838,75.0405,75.231,659413.0
2023-12-26,75.0586,76.0382,75.0042,75.8659,691076.0
2023-12-27,75.7752,75.9203,75.3307,75.6936,746292.0
2023-12-28,75.4214,76.4101,75.4214,76.2378,840934.0
2023-12-29,75.9294,76.4827,75.7933,76.3466,620120.0
2024-01-02,76.1924,78.3149,75.9657,78.2968,1273186.0
2024-01-03,78.5598,78.705,77.7707,78.5598,981569.0
2024-01-04,77.7344,78.8138,77.6165,77.934,1351582.0
2024-01-05,77.7888,78.5961,77.426,78.2242,887361.0
2024-01-08,77.8977,78.0972,77.0995,77.6165,1458283.0
2024-01-09,77.163,77.7707,76.7367,77.3988,921482.0
2024-01-10,77.3625,77.9521,77.1358,77.6346,862098.0
2024-01-11,77.3988,77.3988,73.3443,74.4872,2133664.0
2024-01-12,75.1584,75.5484,74.7956,75.0949,1002800.0
2024-01-16,74.8409,75.2763,74.5053,74.8953,1347437.0
2024-01-17,74.2695,75.4396,73.4803,73.7525,1056998.0
2024-01-18,73.4713,73.5076,72.2921,72.927,1530160.0
2024-01-19,73.2082,73.2354,72.4282,72.5914,1178877.0
2024-01-22,72.6186,73.2173,71.8023,72.0926,1326501.0
2024-01-23,72.0835,72.537,71.7842,72.3375,941990.0
2024-01-24,72.9361,73.0903,71.4213,71.7116,1555674.0
2024-01-25,72.3737,72.7456,71.7207,72.5733,1098449.0
2024-01-26,72.7456,73.1447,72.0835,72.4463,1336809.0
2024-01-29,72.4463,73.3715,72.0563,72.9724,1476605.0
2024-01-30,72.9089,73.689,72.283,73.2536,1289278.0
2024-01-31,73.9067,74.0609,72.7819,73.2536,2125199.0
2024-02-01,72.0653,74.4418,71.7207,74.1788,2507818.0
2024-02-02,72.4644,73.1992,71.8567,72.4372,1356008.0
2024-02-05,71.8386,71.8386,70.7229,70.7773,1110498.0
2024-02-06,70.5959,71.3216,70.4326,71.0585,963575.0
2024-02-07,71.3397,71.3669,70.478,70.8952,831605.0
2024-02-08,70.5687,70.7683,69.6617,70.2059,1251610.0
2024-02-09,69.9247,70.5143,69.7977,70.3419,1233580.0
2024-02-12,70.3248,71.1224,69.9764,71.0857,1250458.0
2024-02-13,70.9069,71.402,68.8716,70.1001,1350083.0
2024-02-14,70.0085,70.5035,69.7976,70.2743,773684.0
2024-02-15,70.5952,71.5304,70.476,71.512,1443602.0
2024-02-16,71.1178,71.9063,70.8153,71.5762,899877.0
2024-02-20,71.6771,72.8139,71.3745,71.512,747522.0
2024-02-21,71.9521,72.7314,71.457,72.6947,727000.0
2024-02-22,72.1263,72.2088,71.237,71.7413,1006438.0
2024-02-23,71.9246,72.8048,71.6496,72.3005,720176.0
2024-02-26,71.7321,71.7504,70.1552,70.1827,804282.0
2024-02-27,70.4669,71.0995,70.1368,71.017,884890.0
2024-02-28,70.8703,71.4662,70.6777,70.7786,985453.0
2024-02-29,71.1086,72.4655,70.7694,71.9613,1889878.0
2024-03-01,71.7046,71.9613,70.3935,71.8696,1345999.0
2024-03-04,71.4295,73.364,71.3103,73.089,1203065.0
2024-03-05,73.5107,74.3634,72.6856,73.0981,1640228.0
2024-03-06,73.7583,74.7209,73.6574,74.4642,976620.0
2024-03-07,75.0051,75.3352,74.6109,74.7668,933925.0
2024-03-08,75.1243,75.3352,74.2075,74.8859,829548.0
2024-03-11,75.0601,75.8761,74.6384,75.271,757414.0
2024-03-12,75.2802,75.2802,73.9508,74.2717,831874.0
2024-03-13,74.6567,75.0968,73.8866,74.0516,659488.0
2024-03-14,73.6849,73.9233,72.7314,73.6941,1256350.0
2024-03-15,73.1532,74.2992,73.1532,74.0608,1364121.0
2024-03-18,74.0425,74.7851,73.6757,74.2808,818143.0
2024-03-19,74.5651,75.1335,73.9966,74.2625,727671.0
2024-03-20,74.0516,74.7759,73.5382,73.8591,589044.0
2024-03-21,73.9416,74.235,73.1532,73.3824,842632.0
2024-03-22,73.9783,73.9875,73.144,73.3549,688301.0
2024-03-25,73.5107,73.7674,72.7956,73.254,691916.0
2024-03-26,73.199,73.3915,71.9705,72.108,1431279.0
2024-03-27,72.5389,74.4367,72.383,74.4275,1312836.0
2024-03-28,74.6751,75.3352,74.2533,75.2894,1580477.0
2024-04-01,75.1427,75.2985,74.4367,74.7759,662506.0
2024-04-02,74.7759,75.7753,74.7668,75.0785,708569.0
2024-04-03,75.0601,75.3352,74.3267,74.4642,578942.0
2024-04-04,74.9685,75.0326,73.6116,74.29,762713.0
2024-04-05,73.6757,73.9508,73.0248,73.6024,798750.0
2024-04-08,73.7032,74.7301,73.5107,74.5651,596078.0
2024-04-09,74.7484,75.1427,74.4275,75.0968,552587.0
2024-04-10,73.6391,73.8866,72.2455,73.089,918389.0
2024-04-11,73.5382,73.8499,72.493,72.7864,478587.0
2024-04-12,73.0431,73.1623,71.8513,72.4014,699047.0
2024-04-15,72.6031,73.1348,71.9246,72.328,972440.0
2024-04-16,72.0896,72.0896,71.0811,71.3287,1090839.0
2024-04-17,71.9063,73.1715,71.8238,73.0065,575098.0
2024-04-18,73.2632,73.9233,72.6947,73.7491,563424.0
2024-04-19,74.0333,75.1427,73.8683,74.7759,1249274.0
2024-04-22,74.3542,75.6928,74.2717,75.1518,957634.0
2024-04-23,74.6292,75.6377,74.6292,75.1427,1279667.0
2024-04-24,74.6109,75.977,74.125,75.7569,813770.0
2024-04-25,75.9036,76.1053,74.9043,75.922,645892.0
2024-04-26,75.922,76.0778,74.6109,74.7118,873599.0
2024-04-29,75.271,75.9495,75.0418,75.9128,958234.0
2024-04-30,75.3535,76.1237,74.8951,75.7661,1122741.0
2024-05-01,75.051,76.4537,74.5101,75.7203,1407495.0
2024-05-02,76.252,76.6096,75.6377,76.1695,945815.0
2024-05-03,76.3987,76.7654,75.3627,76.2979,925002.0
2024-05-06,76.3804,76.472,75.4727,75.9495,722153.0
2024-05-07,76.4904,76.958,75.9586,76.8571,788377.0
2024-05-08,76.7379,77.9665,76.4445,77.8473,940304.0
2024-05-09,77.8473,78.5257,77.5172,78.4616,814560.0
2024-05-10,78.7036,78.8147,77.9815,78.324,878729.0
2024-05-13,78.412,79.2453,78.2824,78.5879,708271.0
2024-05-14,78.912,79.0786,77.8565,78.162,459949.0
2024-05-15,78.986,79.3286,78.5416,78.7268,597466.0
2024-05-16,78.6064,79.4304,78.6064,79.1712,817960.0
2024-05-17,79.2545,79.2823,78.6897,79.1619,707099.0
2024-05-20,79.3656,79.5045,78.3194,78.412,886977.0
2024-05-21,78.5509,78.8194,77.7917,78.3101,1094047.0
2024-05-22,76.8473,77.8287,75.8103,76.2084,4115932.0
2024-05-23,75.9399,76.0603,74.5604,74.69,2153498.0
2024-05-24,74.8937,75.0881,74.3937,74.7178,1100679.0
2024-05-28,74.5326,75.3288,73.7734,73.8104,657975.0
2024-05-29,73.3475,73.5882,72.8197,73.0327,944148.0
2024-05-30,73.4493,73.69,73.1438,73.3845,1449980.0
2024-05-31,73.6715,75.1714,73.5326,75.0233,1976916.0
2024-06-03,74.977,75.3288,74.4678,75.1622,1423999.0
2024-06-04,75.0696,76.4677,74.8937,76.051,1651820.0
2024-06-05,75.7177,75.8103,74.8844,74.9955,1251983.0
2024-06-06,74.7085,75.2362,74.2548,74.3937,776616.0
2024-06-07,73.6067,74.1715,73.4493,73.9308,759446.0
2024-06-10,73.8012,74.2178,73.3752,73.5512,801540.0
2024-06-11,73.1901,74.0048,73.1623,73.8382,618531.0
2024-06-12,74.6252,74.7363,73.2271,73.4308,1003842.0
2024-06-13,73.4308,73.8104,72.4216,72.7179,1867461.0
2024-06-14,72.4494,73.1993,72.2642,73.0142,671670.0
2024-06-17,72.542,73.3475,72.4864,72.5605,845430.0
2024-06-18,72.3198,72.7549,71.8939,72.2642,831639.0
2024-06-20,72.2272,73.4678,72.079,73.3752,1262091.0
2024-06-21,73.4864,73.9863,72.4309,72.4309,1925207.0
2024-06-24,72.4494,73.6808,72.4494,73.4678,1304181.0
2024-06-25,73.3752,73.4308,72.4123,72.5142,1218392.0
2024-06-26,72.2179,72.4679,71.9402,72.3568,717034.0
2024-06-27,72.4772,72.7827,72.2457,72.6346,588836.0
2024-06-28,72.8938,72.8938,72.1531,72.6438,771489.0
2024-07-01,72.9771,73.1993,71.8939,71.9309,693469.0
2024-07-02,72.079,72.3661,71.9864,72.2549,566618.0
2024-07-03,72.2549,72.8938,71.8661,71.9216,338300.0
2024-07-05,72.1161,72.6808,71.8661,72.079,818596.0
2024-07-08,72.2364,72.5327,71.8476,72.2642,785506.0
2024-07-09,72.2272,72.5142,71.8939,72.2272,575006.0
2024-07-10,72.4309,72.4864,71.7272,72.3938,1057992.0
2024-07-11,72.7734,74.5604,72.7642,74.3844,1131704.0
2024-07-12,74.7178,75.3659,74.4678,74.8011,936939.0
2024-07-15,74.1993,74.4585,73.5697,73.7086,674061.0
2024-07-16,73.9771,74.8381,73.7271,74.8196,658885.0
2024-07-17,75.1714,76.8843,75.1159,76.2547,1520015.0
2024-07-18,75.8288,77.2546,75.8288,75.9677,852165.0
2024-07-19,76.4584,76.6436,75.1159,75.5048,924462.0
2024-07-22,75.4585,76.1899,75.4122,75.9492,914603.0
2024-07-23,75.9584,76.3103,75.551,75.6899,1273854.0
2024-07-24,76.5047,77.5972,75.9214,77.3658,1550290.0
2024-07-25,78.0231,79.1249,76.7547,77.1435,1466182.0
2024-07-26,77.2824,77.7454,77.0787,77.5232,844947.0
2024-07-29,77.662,78.0416,76.9676,77.8657,651806.0
2024-07-30,77.6065,79.3749,77.6065,79.2545,2296534.0
2024-07-31,79.2545,79.9674,78.0972,79.6804,1732787.0
2024-08-01,80.3378,82.2081,79.7082,82.1432,2238386.0
2024-08-02,83.4302,85.3931,82.3562,83.4765,3984634.0
2024-08-05,84.569,84.9116,81.6062,81.6525,3019112.0
2024-08-06,81.8655,82.8006,81.4766,81.9118,1052716.0
2024-08-07,81.9581,82.6802,81.6988,82.3562,1415364.0
2024-08-08,81.634,82.4303,81.0878,81.3007,901728.0
2024-08-09,81.3007,81.6155,80.3285,81.4581,869550.0
2024-08-12,81.4951,82.7358,81.2081,82.6247,1696288.0
2024-08-13,82.623,82.9968,81.8099,82.8099,2244960.0
2024-08-14,82.5529,84.3566,82.3659,83.7772,1774758.0
2024-08-15,83.1977,83.7398,82.7398,83.4501,1496280.0
2024-08-16,83.7585,84.123,83.3473,83.6744,1023134.0
2024-08-19,83.5248,84.5062,83.5248,84.2445,914946.0
2024-08-20,84.3099,85.123,84.2912,84.6464,1229528.0
2024-08-21,84.7959,85.8146,84.6837,85.7492,1319423.0
2024-08-22,85.7492,86.9922,85.7211,86.88,1926740.0
2024-08-23,86.9642,87.1791,86.2445,86.5997,763059.0
2024-08-26,86.9174,87.4408,86.7118,86.9268,593543.0
2024-08-27,86.852,87.1604,86.394,86.5529,549631.0
2024-08-28,86.8894,87.6464,86.4408,86.7212,918495.0
2024-08-29,86.6557,86.824,85.88,86.7025,739226.0
2024-08-30,86.637,87.2445,86.637,86.9455,967461.0
2024-09-03,86.9455,88.0483,86.8333,87.5062,1000548.0
2024-09-04,87.7025,88.7773,87.5156,88.3567,704026.0
2024-09-05,88.7866,89.1698,88.2539,88.4875,1342184.0
2024-09-06,88.6464,88.8614,87.5249,87.5249,752679.0
2024-09-09,87.6371,88.7399,87.5062,88.6558,863352.0
2024-09-10,88.7305,89.8707,88.6558,89.3006,934375.0
2024-09-11,89.0576,89.1605,88.1698,88.9829,931548.0
2024-09-12,88.9268,89.3567,87.9735,88.796,790129.0
2024-09-13,89.0109,89.5997,88.5436,89.581,1115988.0
2024-09-16,89.9081,90.3287,89.6091,89.8521,674674.0
2024-09-17,89.7399,89.9922,89.1137,89.4782,889803.0
2024-09-18,89.3006,89.6558,88.4782,89.0109,634418.0
2024-09-19,88.31,88.6464,87.3567,87.6464,817074.0
2024-09-20,88.0483,88.6464,87.6464,88.5249,1114600.0
2024-09-23,88.7586,89.2539,88.5156,88.9548,668082.0
2024-09-24,88.3941,89.4315,88.0016,88.3567,517021.0
2024-09-25,88.9548,89.0857,87.8053,88.4128,636114.0
2024-09-26,87.824,89.1044,87.824,88.4221,701322.0
2024-09-27,88.6932,89.4221,88.3847,89.0296,615399.0
2024-09-30,89.4689,90.0764,88.5623,89.8894,647638.0
2024-10-01,90.095,90.7306,89.4315,90.4222,942600.0
2024-10-02,89.6277,90.2539,89.3474,89.9642,800647.0
2024-10-03,90.2352,90.2352,89.6277,90.0109,734051.0
2024-10-04,89.0203,89.4502,88.6184,89.2352,815831.0
2024-10-07,88.9361,88.9455,87.581,87.9829,791137.0
2024-10-08,88.6184,89.0016,87.8894,88.1791,816561.0
2024-10-09,88.1791,88.796,87.7586,88.1417,1398565.0
2024-10-10,88.4221,88.7586,87.7492,87.8053,1919963.0
2024-10-11,88.1885,89.3193,87.852,89.2072,777404.0
2024-10-14,89.4221,90.067,89.0576,90.0016,668313.0
2024-10-15,90.7119,91.6278,90.4969,90.8614,978509.0
2024-10-16,91.2446,92.4596,90.8988,92.2913,894521.0
2024-10-17,92.5717,92.8334,91.8147,92.6558,930603.0
2024-10-18,92.9456,93.4502,92.2166,93.3194,933655.0
2024-10-21,93.4409,93.7493,92.6371,92.9269,842006.0
2024-10-22,92.74,92.9362,91.8147,92.2353,865161.0
2024-10-23,92.3661,93.0577,92.1044,93.0203,595355.0
2024-10-24,92.9829,93.3381,91.9923,92.3474,678084.0
2024-10-25,92.7867,92.8708,90.7493,90.8334,747639.0
2024-10-28,90.8427,91.4876,90.4782,90.6558,749160.0
2024-10-29,90.0764,90.2539,89.0109,89.095,817214.0
2024-10-30,89.5997,89.9175,88.7586,89.7492,1453215.0
2024-10-31,90.3193,90.9362,89.0483,89.2819,1448841.0
2024-11-01,92.1325,92.1325,88.8614,89.3193,1605676.0
2024-11-04,89.1137,89.7399,87.9829,88.7025,1183209.0
2024-11-05,88.7212,89.8707,88.2726,89.8147,889255.0
2024-11-06,89.0016,90.1231,88.2352,89.7306,1644691.0
2024-11-07,89.7306,90.1418,88.9361,89.095,1337283.0
2024-11-08,89.6371,91.3941,89.2072,91.2072,1534835.0
2024-11-11,90.8895,92.6465,90.8895,92.2446,1108054.0
2024-11-12,92.0857,92.4409,91.3007,91.4502,1051035.0
2024-11-13,91.9045,92.0176,90.6602,91.2446,1411692.0
2024-11-14,91.1645,91.551,90.4669,90.6177,513423.0
2024-11-15,90.6366,92.6444,90.6366,92.3616,821296.0
2024-11-18,92.3899,93.7097,92.126,93.5871,872617.0
2024-11-19,93.606,93.606,92.7199,93.3703,664817.0
2024-11-20,93.1252,93.6154,92.9838,93.5777,746607.0
2024-11-21,93.3703,95.2085,92.9932,95.1708,851394.0
2024-11-22,95.3593,95.6138,94.8031,94.888,652744.0
2024-11-25,95.2085,95.7646,94.6146,95.5384,725231.0
2024-11-26,95.595,95.8495,95.1048,95.7269,541707.0
2024-11-27,96.1511,96.8958,95.7646,95.9815,553017.0
2024-11-29,96.0003,96.0474,95.0011,95.2556,420909.0
2024-12-02,95.3027,95.3499,93.8793,93.9453,681539.0
2024-12-03,94.3695,94.7749,92.5596,92.5879,648662.0
2024-12-04,92.9367,93.0121,91.7018,92.7104,905614.0
2024-12-05,92.6539,92.9932,91.928,92.1166,576057.0
2024-12-06,92.7293,92.9367,91.419,91.5227,791095.0
2024-12-09,91.5792,91.9657,90.7591,91.5415,555176.0
2024-12-10,91.2399,92.0506,89.8165,91.5792,808591.0
2024-12-11,91.6264,91.7772,89.8542,90.1275,681465.0
2024-12-12,90.9854,91.2116,90.2124,90.3632,801719.0
2024-12-13,90.0427,90.9477,89.9296,90.2501,638111.0
2024-12-16,90.1087,90.3444,89.4771,89.4865,901781.0
2024-12-17,88.8361,90.2595,88.5627,89.2792,588631.0
2024-12-18,89.2037,89.4206,87.5635,87.6107,543577.0
2024-12-19,87.7615,89.0435,87.2147,87.9123,775282.0
2024-12-20,87.5541,89.2603,87.5258,89.0812,1078656.0
2024-12-23,89.0812,89.4206,88.1951,89.4017,461221.0
2024-12-24,89.2792,89.6751,88.8455,89.5902,234683.0
2024-12-26,89.298,89.8448,89.0152,89.43,308537.0
2024-12-27,88.7795,90.0239,88.6853,89.3828,327101.0
2024-12-30,89.0812,89.1189,88.2705,88.8078,513035.0
2024-12-31,88.8078,89.2603,88.1008,88.6476,433709.0
2025-01-02,89.7411,89.7788,88.4685,88.6004,356267.0
2025-01-03,88.6476,89.2226,88.3271,88.4119,612531.0
2025-01-06,88.1385,88.2422,86.668,86.8377,588817.0
2025-01-07,86.9131,88.8455,86.668,87.8463,1164672.0
2025-01-08,87.7238,89.3828,87.5541,89.3169,812484.0
2025-01-10,88.5062,89.2132,87.9689,88.0537,1208278.0
2025-01-13,88.2894,88.5439,87.5258,88.5062,806089.0
2025-01-14,88.4402,89.6374,88.2988,89.1566,771555.0
2025-01-15,90.0804,90.6649,89.4865,90.0898,703662.0
2025-01-16,89.6939,92.8424,89.6939,92.7481,859777.0
2025-01-17,92.5219,93.917,92.2674,93.3514,1192673.0
2025-01-21,93.8888,95.0482,93.7474,94.4826,896418.0
2025-01-22,94.2564,94.2564,91.9469,91.9846,1056338.0
2025-01-23,92.2957,92.4748,91.6829,91.7301,952340.0
2025-01-24,91.3153,92.7293,91.1928,92.3899,953069.0
2025-01-27,93.276,95.1896,91.8997,95.0954,1365480.0
2025-01-28,94.7466,94.9634,92.9272,93.2477,1508154.0
2025-01-29,93.2289,93.9924,92.2862,92.4088,1310890.0
2025-01-30,93.3043,94.0113,93.0121,93.7474,964903.0
2025-01-31,93.6342,93.9453,93.0969,93.5683,1568425.0
2025-02-03,92.9555,95.1991,92.6633,94.69,1256306.0
2025-02-04,91.928,94.4732,90.8345,93.5305,2209751.0
2025-02-05,94.8031,95.5478,94.0019,95.1048,1163157.0
2025-02-06,95.2273,95.2273,94.3035,95.0105,626862.0
2025-02-07,95.1991,96.038,94.2941,95.9532,1302620.0
2025-02-10,95.7364,96.0097,94.1621,95.4159,1475959.0
2025-02-11,95.0671,96.8487,94.4544,96.811,1081521.0
2025-02-12,95.6892,96.7073,95.3782,96.5565,963648.0
2025-02-13,96.8117,98.0478,96.4218,97.8291,1224833.0
2025-02-14,97.9075,98.7347,97.6508,97.9075,923469.0
2025-02-18,97.917,99.039,97.6508,98.0406,1025137.0
2025-02-19,98.1357,98.6777,97.841,98.4875,548018.0
2025-02-20,98.0882,98.8298,97.4796,98.44,921887.0
2025-02-21,98.2403,99.8187,98.2403,98.9344,1780687.0
2025-02-24,99.2482,100.1134,98.421,99.7236,1215454.0
2025-02-25,99.9898,101.5017,99.7711,100.684,1807405.0
2025-02-26,100.1895,100.9026,99.9043,100.5128,911608.0
2025-02-27,99.8377,100.9217,99.638,100.4082,1202688.0
2025-02-28,101.4636,101.8725,100.3512,101.4446,1109886.0
2025-03-03,100.9407,103.0991,100.741,103.0325,888541.0
2025-03-04,103.5174,103.5174,99.9233,100.3131,1893307.0
2025-03-05,99.8852,100.9312,98.9344,99.3338,1142365.0
2025-03-06,99.2482,99.3623,98.0977,98.6967,1083706.0
2025-03-07,98.5826,102.2814,98.497,101.5872,2351073.0
2025-03-10,102.0817,104.7725,101.8535,103.622,2656236.0
2025-03-11,103.3463,103.6506,100.3226,100.5699,1690287.0
2025-03-12,99.7046,100.3702,99.3528,99.5905,1064044.0
2025-03-13,100.0089,100.722,99.1151,99.9423,969284.0
2025-03-14,99.5334,101.6728,99.4954,101.5017,938441.0
2025-03-17,101.6348,102.9184,101.359,101.8535,786362.0
2025-03-18,101.264,102.6237,101.1879,102.5096,1001345.0
2025-03-19,102.2338,102.6522,101.4351,102.2623,782661.0
2025-03-20,102.4715,102.6902,101.4541,102.5096,918364.0
2025-03-21,102.2053,103.1181,101.0167,101.5587,1486745.0
2025-03-24,101.6728,102.1863,100.5413,100.5794,665610.0
2025-03-25,100.2751,100.9977,98.516,99.1816,748117.0
2025-03-26,99.4479,101.0928,99.3813,100.5984,793518.0
2025-03-27,101.2164,101.5302,100.6174,100.9977,535019.0
2025-03-28,101.9771,102.9564,101.4922,102.2623,846570.0
2025-03-31,102.8804,104.1545,102.462,103.622,1083568.0
2025-04-01,103.3368,103.8978,102.6902,103.5365,1149633.0
2025-04-02,103.9073,104.2115,102.8804,103.4889,460773.0
2025-04-03,104.5919,105.5427,102.8423,103.1942,1506377.0
2025-04-04,104.202,104.202,98.421,99.2292,1849293.0
2025-04-07,97.936,99.7331,96.3101,98.1357,2041632.0
2025-04-08,99.8377,100.2656,96.8141,97.8885,1135050.0
2025-04-09,97.5082,101.1404,95.6921,99.2292,1521524.0
2025-04-10,99.5049,101.5587,98.2403,100.3226,1418870.0
2025-04-11,100.1039,102.0627,99.0865,101.7013,962671.0
2025-04-14,101.5777,103.546,101.0738,103.1466,834868.0
2025-04-15,103.4224,103.641,102.7663,102.9374,757192.0
2025-04-16,103.641,103.6886,101.7964,102.0817,671866.0
2025-04-17,102.5476,104.4968,102.3099,103.061,893878.0
2025-04-21,102.9755,102.9755,100.7885,101.7013,585334.0
2025-04-22,102.5571,103.9453,102.1673,103.7647,560387.0
2025-04-23,103.0991,103.7932,102.1197,103.4128,747243.0
2025-04-24,103.2132,104.1545,102.9279,103.5555,680319.0
2025-04-25,103.4889,103.565,101.9486,102.4335,748787.0
2025-04-28,102.462,103.4128,101.7964,103.2037,624314.0
2025-04-29,102.8138,104.0024,102.6712,103.7837,818840.0
2025-04-30,104.2306,104.4873,102.2148,104.1355,584408.0
2025-05-01,103.7171,104.8486,103.2132,103.4414,770980.0
2025-05-02,103.4699,103.9358,102.5571,103.2797,695965.0
2025-05-05,103.7266,103.7266,101.9581,103.3558,1199860.0
2025-05-06,104.0499,105.2099,103.3178,104.3637,1015745.0
2025-05-07,103.9358,104.725,103.4128,104.2306,1124580.0
2025-05-08,104.3256,104.3256,102.2623,102.6522,1057545.0
2025-05-09,102.6902,102.7663,101.321,102.3289,1257319.0
2025-05-12,100.779,101.4541,99.4764,99.8092,1336348.0
2025-05-13,99.8496,100.2237,98.1712,98.4685,1253454.0
2025-05-14,98.4613,98.538,96.4856,98.0585,1024674.0
2025-05-15,98.7874,100.7056,98.5572,100.6193,1120551.0
2025-05-16,100.6864,102.173,100.4562,102.1155,1171580.0
2025-05-19,101.962,102.9211,101.5208,102.8732,775772.0
2025-05-20,102.854,103.6692,102.7389,103.1705,762798.0
2025-05-21,102.8636,103.4486,101.8469,102.1826,1107483.0
2025-05-22,101.6935,102.0388,100.3891,101.1756,1363078.0
2025-05-23,101.9908,102.5663,100.6097,102.4128,889911.0
2025-05-27,102.4128,103.7076,102.2977,103.1609,849022.0
2025-05-28,102.8924,103.1417,100.7823,100.9933,674298.0
2025-05-29,100.6864,101.7223,100.3603,101.6839,756442.0
2025-05-30,101.6359,103.2856,101.377,103.0458,740236.0
2025-06-02,102.3265,103.1609,102.0483,102.8444,471352.0
2025-06-03,102.9883,103.2664,101.9524,102.9787,614530.0
2025-06-04,103.0074,103.0074,101.3866,101.4058,569667.0
2025-06-05,100.9933,101.54,100.3603,100.5042,2002281.0
2025-06-06,100.2548,101.4921,99.8712,101.2811,1666183.0
2025-06-09,100.9454,101.5017,100.1493,100.6001,1004761.0
2025-06-10,100.8111,101.588,100.3316,101.2715,735276.0
2025-06-11,101.1372,101.54,100.8015,101.2619,574180.0
2025-06-12,101.7127,102.0963,101.0797,102.0867,845006.0
2025-06-13,102.3553,102.4704,100.4658,100.8111,690405.0
2025-06-16,101.2043,101.5304,99.4684,99.8904,631457.0
2025-06-17,100.0918,100.3795,98.8162,99.8424,1165527.0
2025-06-18,100.1589,100.1589,99.3149,99.5835,662520.0
2025-06-20,99.7465,100.7152,99.5643,99.9287,1077680.0
2025-06-23,100.7632,101.4249,100.274,101.1852,806711.0
2025-06-24,101.0317,101.5688,100.8303,101.0509,549182.0
2025-06-25,99.5739,99.9767,98.4997,98.6627,1345357.0
2025-06-26,98.8641,99.3053,98.3462,99.0943,1049871.0
2025-06-27,99.1998,99.9,98.5572,98.9121,751960.0
2025-06-30,98.845,100.0151,98.6435,99.9383,587465.0
2025-07-01,100.2548,100.9933,99.2094,100.4658,770353.0
2025-07-02,99.8904,100.2644,98.2983,99.5067,1152067.0
2025-07-03,99.3437,100.533,98.9792,100.0726,467105.0
2025-07-07,99.9287,100.3987,99.4875,100.0438,629246.0
2025-07-08,99.1806,99.8712,98.3174,99.4204,682770.0
2025-07-09,99.5067,100.2261,98.5668,99.9575,1129761.0
2025-07-10,99.3629,101.5113,99.3437,101.3578,1139348.0
2025-07-11,100.9454,101.5976,100.5138,101.1947,719739.0
2025-07-14,101.1372,101.9812,100.4562,101.5208,610695.0
2025-07-15,101.0125,101.4825,99.9,100.5042,495940.0
2025-07-16,100.4562,102.2114,100.4371,101.7894,1713537.0
2025-07-17,101.4537,102.2402,100.8878,101.8565,647255.0
2025-07-18,102.1155,103.6309,101.799,103.4103,837299.0
2025-07-21,103.324,104.3981,102.9499,103.8515,562744.0
2025-07-22,104.2351,105.6929,103.5829,105.597,716762.0
2025-07-23,105.597,105.8368,104.1392,104.5708,648062.0
2025-07-24,104.4365,105.5299,104.2351,105.0599,554546.0
2025-07-25,104.801,105.2422,104.6091,105.0407,557432.0
2025-07-28,104.8202,104.8202,103.017,103.1034,697597.0
2025-07-29,103.535,104.2159,102.9883,104.1871,1017765.0
2025-07-30,104.1104,105.5778,103.5541,103.9282,1582596.0
2025-07-31,103.5062,104.8681,103.5062,104.6187,977654.0
2025-08-01,105.4532,106.5274,104.7914,105.7313,1618237.0
2025-08-04,105.7409,107.074,105.5011,106.7192,915815.0
2025-08-05,106.3835,107.3234,105.0791,105.5011,864131.0
2025-08-06,105.4627,106.4602,104.8681,105.2422,686736.0
2025-08-07,104.8873,106.7384,104.8873,106.1725,901963.0
2025-08-08,106.8055,107.0357,105.5491,105.8368,822193.0
2025-08-11,106.1437,106.4314,104.7818,105.1846,758228.0
2025-08-12,105.2709,105.2709,103.8131,104.9544,727863.0
2025-08-13,104.9504,105.6176,104.699,105.4436,948879.0
2025-08-14,105.388,105.533,104.218,104.5564,1342488.0
2025-08-15,104.2856,104.2953,103.3767,103.8118,941190.0
2025-08-18,103.9956,104.4113,102.8739,102.8739,851050.0
2025-08-19,103.1156,104.9432,102.9416,104.8948,901544.0
2025-08-20,105.475,106.6257,105.1269,105.3106,923221.0
2025-08-21,105.1366,105.5137,104.4887,104.8948,588653.0
2025-08-22,105.0979,105.9198,104.4597,104.9528,534069.0
2025-08-25,104.6434,104.8078,103.3574,103.4251,565497.0
2025-08-26,103.4251,103.9665,103.1156,103.6184,609588.0
2025-08-27,103.6281,104.1889,103.4541,104.1213,836838.0
2025-08-28,103.9279,103.9472,102.6708,102.7965,764256.0
2025-08-29,102.9899,103.6958,102.7385,102.9899,574943.0
2025-09-02,102.7192,103.367,102.1584,102.5161,767741.0
2025-09-03,102.2067,103.4057,102.0133,103.3574,944648.0
2025-09-04,104.1116,104.6434,103.4347,103.9279,1255765.0
2025-09-05,103.8989,104.4113,103.5024,104.2276,622859.0
2025-09-08,103.9665,104.0923,103.1253,103.8118,607030.0
2025-09-09,103.5508,104.4694,103.28,104.0052,548767.0
2025-09-10,104.6531,105.8811,104.1793,105.7747,1873016.0
2025-09-11,105.649,106.4903,105.2042,106.0938,953476.0
2025-09-12,105.6781,107.1188,105.6781,106.8674,525498.0
2025-09-15,106.8577,107.5926,106.7127,107.3025,625295.0
2025-09-16,106.9061,107.1865,105.0785,105.0979,457156.0
2025-09-17,105.649,106.3646,105.2526,105.649,751461.0
2025-09-18,104.7208,106.5773,104.5757,105.8521,1020801.0
2025-09-19,106.1228,107.0995,105.5717,106.4806,961872.0
2025-09-22,106.5386,106.8287,105.7457,106.2292,1057807.0
2025-09-23,106.0358,108.1051,105.8811,108.0664,812461.0
2025-09-24,107.9794,108.5402,107.699,108.3178,846467.0
2025-09-25,108.7723,109.1494,107.2542,107.5636,859289.0
2025-09-26,107.9407,109.1881,107.699,109.1204,635127.0
2025-09-29,109.1301,110.5805,108.5692,110.4451,822435.0
2025-09-30,110.3678,111.1703,109.9036,110.8029,940056.0
2025-10-01,110.5998,110.8512,109.2171,109.2558,932752.0
2025-10-02,108.6176,108.9754,107.8827,108.3275,1077400.0
2025-10-03,109.3331,110.3291,108.7336,109.5459,1198035.0
2025-10-06,110.1744,110.8416,109.6619,110.7642,651055.0
2025-10-07,110.9576,112.0696,110.7449,111.3927,779251.0
2025-10-08,111.8279,111.8279,110.3871,110.8029,458890.0
2025-10-09,111.4314,111.8085,110.0777,110.1164,682072.0
2025-10-10,110.5128,111.8085,110.1067,111.325,635419.0
2025-10-13,110.7159,111.8762,110.7159,111.1703,648155.0
2025-10-14,111.8182,113.3266,111.3734,112.6401,926612.0
2025-10-15,112.6304,113.5974,112.6111,113.404,867189.0
2025-10-16,113.3653,114.1969,112.205,112.35,1364013.0
2025-10-17,112.5724,113.3073,112.1373,112.9785,846569.0
2025-10-20,113.6167,113.9455,113.0365,113.6167,989957.0
2025-10-21,113.7811,114.1002,112.2533,112.7271,847284.0
2025-10-22,113.0365,114.2839,112.4564,113.52,967092.0
2025-10-23,113.7521,113.9068,111.7505,112.0793,563292.0
2025-10-24,112.3113,112.7755,111.6151,112.0019,1035422.0
2025-10-27,112.2533,112.9302,111.267,112.8238,795635.0
2025-10-28,113.0075,113.0269,111.3541,111.4121,1556669.0
2025-10-29,112.0599,112.4951,110.7159,110.7932,1404162.0
2025-10-30,111.6538,111.6538,107.4669,108.8787,2528779.0
2025-10-31,108.4532,108.5596,106.9834,108.0374,1587800.0
2025-11-03,107.1478,107.3605,105.7844,106.9544,1567895.0
2025-11-04,107.699,108.3758,107.1478,108.1728,1049909.0
2025-11-05,108.2888,108.5982,107.3315,108.1534,855999.0
2025-11-06,108.5209,109.0237,107.0318,107.1188,1305311.0
2025-11-07,107.5636,109.2074,107.3412,109.1397,778354.0
2025-11-10,108.9173,109.2654,107.4572,108.7046,874126.0
2025-11-11,108.753,109.2654,108.3662,108.782,870960.0
2025-11-12,108.4339,108.5789,107.6796,108.4049,780654.0
2025-11-13,108.2713,108.6417,107.4233,108.0471,550739.0
2025-11-14,108.4394,108.6733,107.4062,108.1665,678884.0
2025-11-17,108.6831,109.073,108.4589,109.0632,749396.0
2025-11-18,109.4824,109.7651,108.6733,108.7806,773449.0
2025-11-19,108.6539,108.7221,106.4899,107.377,1034161.0
2025-11-20,107.6986,108.5271,107.4647,107.8546,939287.0
2025-11-21,108.3419,109.151,107.9618,108.3322,768675.0
2025-11-24,108.1762,108.6831,107.2015,108.2152,716277.0
2025-11-25,108.3224,109.0925,107.7084,108.4102,839576.0
2025-11-26,108.8001,109.5701,108.6733,109.4044,496331.0
2025-11-28,109.5701,109.8138,109.112,109.2387,424523.0
2025-12-01,108.8196,109.1315,106.5192,106.5777,966380.0
2025-12-02,106.8214,107.0748,105.0571,105.3592,1035573.0
2025-12-03,105.3982,105.9051,103.9946,104.5795,896768.0
2025-12-04,104.0628,104.8719,103.3123,103.595,1076443.0
2025-12-05,103.8679,104.1311,102.9614,103.0394,1257098.0
2025-12-08,103.0101,103.2148,101.7332,102.1134,1284815.0
2025-12-09,102.6885,103.2148,101.821,101.9964,1019240.0
2025-12-10,101.7722,102.0939,100.9729,101.0412,791688.0
2025-12-11,100.9729,102.2986,100.4466,100.8657,989744.0
2025-12-12,100.3978,101.6163,100.3491,101.2556,1696831.0
2025-12-15,101.4895,102.6982,101.3726,102.6007,956609.0
2025-12-16,102.9906,103.1563,101.5968,101.8404,776912.0
2025-12-17,101.7625,102.3278,101.3238,102.1134,725438.0
2025-12-18,102.1914,103.0784,101.9769,102.591,913857.0
2025-12-19,102.6105,103.1466,101.2848,101.3141,1575496.0
2025-12-22,100.6708,102.3376,100.3978,102.2206,662115.0
2025-12-23,102.3571,102.9419,101.8989,102.3668,675943.0
2025-12-24,102.5325,102.9224,102.2693,102.8834,252575.0
2025-12-26,102.7567,103.0101,102.2986,102.8347,386284.0
2025-12-29,103.1174,103.7022,102.9516,103.0589,534212.0
2025-12-30,103.2441,103.6827,102.9224,103.4098,498174.0
2025-12-31,103.2831,103.4,102.7372,102.7957,363183.0
2026-01-02,103.0004,104.599,102.2108,103.7802,847361.0
2026-01-05,103.2636,103.4098,101.3726,102.747,1045633.0
2026-01-06,102.9029,103.517,102.4155,103.2733,685835.0
2026-01-07,103.8289,103.9459,101.9964,102.3863,635278.0
2026-01-08,102.5325,104.1311,102.2986,102.5715,736099.0
2026-01-09,102.6787,103.8192,101.9087,102.0062,702348.0
2026-01-12,101.9184,102.8834,101.7722,102.3473,603224.0
2026-01-13,102.2303,103.361,101.8404,103.2831,476416.0
2026-01-14,103.5365,104.7549,103.4195,104.365,525802.0
2026-01-15,104.7257,105.5737,104.248,105.4275,936938.0
2026-01-16,104.8621,106.1488,104.4332,105.8466,658517.0
2026-01-20,105.6224,106.5874,104.8426,106.3047,1383828.0
2026-01-21,107.1235,107.5037,105.6614,106.7531,697645.0
2026-01-22,106.8311,107.3282,105.3592,106.5874,1103156.0
2026-01-23,106.3535,106.4704,105.1448,106.3437,1484805.0
2026-01-26,107.1723,107.8643,106.5582,106.9286,1348706.0
2026-01-27,106.8603,107.9813,106.5484,107.5621,1195474.0
2026-01-28,107.1723,108.069,106.9676,107.26,832930.0
2026-01-29,107.5621,108.6344,106.7434,107.6206,1677874.0
2026-01-30,107.3867,108.1177,106.3047,107.8741,1089886.0
2026-02-02,108.0105,108.5661,106.3437,107.065,1069518.0
2026-02-03,107.1235,109.6091,106.8311,109.4239,1041889.0
2026-02-04,109.9308,111.0809,109.5311,110.4669,1430396.0
2026-02-05,113.5763,113.5763,108.9658,109.112,1919107.0
2026-02-06,110.2134,110.9835,107.9423,108.6051,1189706.0
2026-02-09,108.2152,108.7318,107.6499,108.5076,673398.0
2026-02-10,108.9463,111.2272,108.6051,110.0672,643211.0
2026-02-11,109.8625,111.003,109.2484,110.2719,1236703.0
2026-02-12,110.3137,112.7022,110.1564,111.1492,1790286.0
2026-02-13,110.8961,113.8351,110.3456,113.8154,2414968.0
2026-02-17,114.3757,115.3488,113.3239,113.4812,1187303.0
2026-02-18,113.6188,113.6188,111.4072,111.7807,1244158.0
2026-02-19,112.1837,113.088,111.9282,112.2722,566924.0
2026-02-20,113.0782,113.1568,111.073,112.3901,936404.0
2026-02-23,112.7833,114.0906,112.459,113.8253,637602.0
2026-02-24,113.1962,114.1005,112.1542,113.9235,509786.0
2026-02-25,113.609,113.609,111.7709,113.4517,645829.0
2026-02-26,113.7564,114.13,113.1765,113.8154,606397.0
2026-02-27,113.9825,115.339,113.6483,114.9655,741106.0
2026-03-02,114.3954,115.221,114.3266,114.6313,597403.0
2026-03-03,113.0586,115.1129,112.0658,114.1398,1040655.0
2026-03-04,114.0808,115.5946,113.55,115.5454,819736.0
2026-03-05,114.6804,114.877,113.1667,114.1103,976522.0
2026-03-06,113.55,114.3757,112.4295,113.7958,520810.0
2026-03-09,113.8547,113.953,112.4884,113.6188,1006041.0
2026-03-10,112.9701,113.8253,112.0658,112.5474,1201372.0
2026-03-11,112.4196,112.6162,110.9944,111.3679,500587.0
2026-03-12,111.4367,114.0415,111.0828,113.088,689205.0
2026-03-13,114.356,115.9877,114.3069,115.3488,726335.0
2026-03-16,115.9877,116.1745,114.9065,115.8894,526385.0
2026-03-17,116.4792,116.5087,115.0343,115.2898,413814.0
2026-03-18,114.9753,115.9877,113.8351,113.8744,622090.0
2026-03-19,113.8842,114.6902,112.6654,113.668,766012.0
2026-03-20,113.609,114.0513,110.1589,110.267,1188529.0
2026-03-23,111.2991,112.0756,110.0999,110.1392,481657.0
2026-03-24,109.805,112.341,109.4413,111.1516,885342.0
2026-03-25,111.6824,112.0658,110.6798,110.7978,555393.0
2026-03-26,110.9452,112.7047,110.4243,112.0756,757119.0
2026-03-27,112.2034,113.1274,111.535,112.4098,654645.0
2026-03-30,113.8056,114.2479,113.0094,113.3633,478853.0
2026-03-31,113.8744,113.8744,112.3607,113.7958,747983.0
2026-04-01,113.3141,114.8082,113.1274,114.1889,855574.0
2026-04-02,114.6804,115.8796,114.1889,115.5749,693871.0
2026-04-06,115.1621,115.9288,114.6411,114.7394,371375.0
2026-04-07,114.6706,116.1548,114.6706,114.9458,553201.0
2026-04-08,113.7663,115.3095,113.3141,115.28,524898.0
2026-04-09,115.2112,117.5801,114.5231,116.7544,795678.0
2026-04-10,116.263,117.0591,115.3586,115.5356,410082.0
2026-04-13,115.3292,115.3292,113.4517,114.3364,715645.0
2026-04-14,114.0612,114.7001,113.0389,114.5133,480252.0
2026-04-15,113.7761,114.0415,112.7145,112.8915,495035.0
2026-04-16,112.5278,114.5428,112.2525,114.4445,857239.0
2026-04-17,113.3534,114.0415,112.3803,113.8941,383780.0
2026-04-20,114.0218,114.6902,112.803,113.1765,396984.0
2026-04-21,113.6975,113.7368,111.4858,111.6431,567859.0
2026-04-22,112.5671,113.0389,111.1025,111.4465,1174546.0
2026-04-23,112.4884,113.6778,112.0756,113.5992,586929.0
2026-04-24,113.4026,113.7073,112.4393,112.6457,390995.0
2026-04-27,112.6457,113.8351,112.6457,113.1568,572572.0
2026-04-28,114.1889,114.5035,112.7932,113.8056,411262.0
2026-04-29,113.3436,113.8646,112.3213,112.5573,739871.0
2026-04-30,113.2846,116.1745,112.7833,115.9288,863376.0
2026-05-01,115.8796,117.1771,115.4275,115.4569,805101.0
2026-05-04,114.7492,115.9189,114.0022,114.4543,743675.0
2026-05-05,112.5769,115.0048,112.5769,113.2551,1253739.0
2026-05-06,113.1962,113.4321,111.6824,111.997,859208.0
2026-05-07,111.6529,111.9577,110.6503,110.8568,561512.0
2026-05-08,111.2892,111.6235,109.4708,109.7559,450326.0
2026-05-11,110.3358,111.073,109.923,110.8469,489677.0
2026-05-12,110.5029,110.9747,109.687,110.6602,800256.0
2026-05-13,110.0586,110.5642,108.9483,110.2866,541219.0
2026-05-14,110.3288,110.7947,109.7835,110.6758,656266.0
2026-05-15,110.1404,110.6361,107.9594,108.2172,908759.0
2026-05-18,108.6435,109.2878,107.8405,108.6038,1018100.0
2026-05-19,108.8516,110.5568,108.0586,110.527,935497.0
2026-05-20,110.7947,111.1913,109.268,109.6943,723411.0
2026-05-21,109.9124,111.221,109.2581,111.1417,707252.0
2026-05-22,111.1714,112.6188,110.9137,112.4305,765355.0
2026-05-26,112.1331,112.7774,111.6175,112.0141,578626.0
2026-05-27,111.6275,113.0154,111.2904,112.1628,497991.0
2026-05-28,112.2223,112.7675,110.4676,110.7055,802104.0
2026-05-29,111.2904,111.4391,109.8628,110.0908,1068204.0
2026-06-01,109.3275,110.0908,107.6521,107.662,1272048.0
2026-06-02,108.0586,109.4465,108.0189,109.2779,580330.0
2026-06-03,109.8628,111.2012,109.0797,109.0995,1288304.0
2026-06-04,109.7934,110.5667,108.2073,110.2693,679719.0
2026-06-05,110.8145,113.1839,110.3982,111.9744,1179644.0
2026-06-08,111.905,112.1925,110.2396,110.2891,620912.0
2026-06-09,110.6361,112.7774,109.962,112.1231,892519.0
2026-06-10,113.0154,113.9572,112.2223,113.0253,635822.0
2026-06-11,113.6895,114.5024,111.9645,112.0934,969451.0
2026-06-12,112.4007,113.4317,111.6473,112.4602,876190.0
2026-06-15,111.6572,113.5507,111.221,113.0154,1040450.0
2026-06-16,113.1542,114.5024,112.7973,113.6796,1282127.0
2026-06-17,112.7576,113.7985,111.2012,111.568,733464.0
2026-06-18,111.2111,112.5792,110.299,111.2012,1121828.0
2026-06-22,111.0426,112.8468,111.0029,112.0637,531055.0
2026-06-23,113.3227,113.8977,112.1033,113.1542,929446.0
2026-06-24,114.0266,115.0477,113.402,114.6115,1150805.0
2026-06-25,115.2658,116.505,114.5322,116.0589,754219.0
2026-06-26,116.9313,117.873,116.3463,117.8235,629203.0
2026-06-29,117.2485,118.0317,116.9313,117.417,596756.0
2026-06-30,116.9114,117.0601,115.7317,115.7614,587759.0
2026-07-01,115.6425,116.1382,114.7106,115.2162,549564.0
2026-07-02,116.1183,117.9226,115.4541,117.8037,385747.0
2026-07-06,117.5955,117.8532,115.5731,115.6227,426195.0
2026-07-07,116.6834,118.8743,116.3364,116.6636,772549.0
2026-07-08,116.5843,117.0403,114.9386,115.236,620352.0
2026-07-09,116.1778,116.1778,113.7787,113.8977,607543.0
2026-07-10,113.8283,114.6908,113.6201,113.9671,773717.0
2026-07-13,114.1356,115.464,114.0563,114.8692,595854.0
2026-07-14,115.3946,116.0886,113.9968,114.0563,477023.0
2026-07-15,113.7292,114.096,111.6671,111.9943,885883.0
2026-07-16,111.8852,113.6102,111.3697,113.5011,715561.0
2026-07-17,114.5718,115.6524,111.905,112.371,926043.0
2026-07-20,112.4701,113.5011,110.9732,111.5779,742289.0
2026-07-21,111.2309,111.568,109.843,110.8542,831746.0
2026-07-22,111.8951,112.5395,111.5482,112.48,577565.0
2026-07-23,111.905,114.1158,111.3994,113.7292,707129.0
2026-07-24,114.4826,115.4442,114.0067,114.7701,758736.0
2026-07-27,113.8977,114.8097,112.718,112.8369,637469.0
2026-07-28,113.4714,115.2559,112.5792,112.6287,935814.0
2026-07-29,113.283,113.4516,109.7042,110.3288,1503423.0
2026-07-30,110.765,110.9137,108.2073,109.0995,867805.0
2026-07-31,108.5642,109.3176,108.0586,108.4749,751419.0
2026-08-03,107.7909,109.724,107.7017,108.3361,874303.0
2026-08-04,107.2258,108.4452,106.3138,108.3064,767637.0
2026-08-05,107.9991,108.2866,106.6013,107.3249,708877.0
2026-08-06,108.3857,108.7426,106.4327,107.0375,537459.0
2026-08-07,106.5715,107.6521,105.5504,106.7004,923315.0
2026-08-10,106.1551,106.5219,104.9853,105.2034,792175.0
2026-08-11,104.797,106.0957,104.569,105.7586,725159.0
2026-08-12,107.1663,109.5654,106.7599,108.1676,2555221.0
2026-08-13,108.3275,109.6475,108.3275,109.3275,1970758.0
2026-08-14,109.16,110.58,109.02,110.52,687308.0
2026-08-17,110.45,110.62,109.53,110.49,827795.0
2026-08-18,111.51,111.89,110.51,111.05,677953.0
2026-08-19,111.68,111.68,109.22,109.34,1307099.0
2026-08-20,108.73,109.83,108.26,108.51,727729.0
2026-08-21,108.52,108.69,105.94,106.01,1092729.0
2026-08-24,106.5,107.85,106.01,107.58,1033963.0
2026-08-25,107.78,107.91,106.61,106.67,676419.0
2026-08-26,106.75,108.08,106.74,107.52,558490.0
2026-08-27,106.55,106.79,106.07,106.28,627355.0
2026-08-28,106.82,106.94,105.84,106.22,643404.0
2026-08-31,105.84,106.97,105.4,106.17,859812.0
2026-09-01,106.75,107.34,105.65,106.2,814934.0
2026-09-02,105.98,106.54,104.86,105.73,747693.0
2026-09-03,106.02,107.17,105.93,106.7,617745.0
2026-09-04,106.1,106.96,105.66,105.94,691652.0
2026-09-08,105.71,107.53,105.66,107.06,1077123.0
2026-09-09,107.17,107.43,105.51,106.15,855999.0
2026-09-10,106.67,107.04,105.19,105.35,854503.0
2026-09-11,106.05,106.23,105.15,105.59,405036.0
