timestamp,open,high,low,close,volume
2006-09-18,8.7044,8.7484,8.6656,8.6915,5885000.0
2006-09-19,8.6915,8.7458,8.6889,8.7251,8422200.0
2006-09-20,8.7096,8.7536,8.7044,8.7096,6414600.0
2006-09-21,8.694,8.7199,8.6578,8.6863,13760200.0
2006-09-22,8.6966,8.7044,8.6707,8.6811,6231600.0
2006-09-25,8.6863,8.839,8.6863,8.8054,6433200.0
2006-09-26,8.7381,9.041,8.3782,8.808,4800600.0
2006-09-27,8.7769,8.9219,8.7769,8.9115,7523200.0
2006-09-28,8.9452,8.9555,8.8546,8.8908,5207400.0
2006-09-29,8.9296,8.9296,8.7872,8.7898,5952600.0
2006-10-02,8.852,8.9141,8.8054,8.8494,5113800.0
2006-10-03,8.8339,9.0462,8.7847,8.896,12156200.0
2006-10-04,8.9219,8.9322,8.8727,8.9271,8562000.0
2006-10-05,8.9219,9.0436,8.8856,8.9038,7103000.0
2006-10-06,8.8727,8.896,8.8209,8.8416,11068400.0
2006-10-09,8.8494,8.8753,8.808,8.8416,6027400.0
2006-10-10,8.8597,8.9141,8.8235,8.9115,6444400.0
2006-10-11,8.9038,8.9504,8.883,8.9296,5874000.0
2006-10-12,8.9581,8.9581,8.8986,8.94,5412800.0
2006-10-13,8.9219,8.9529,8.8908,8.9452,6067400.0
2006-10-16,8.9193,8.984,8.9193,8.984,5574800.0
2006-10-17,8.9866,9.0565,8.9245,9.041,8219800.0
2006-10-18,9.1704,9.1704,9.0436,9.1264,3864600.0
2006-10-19,9.1471,9.1886,9.1135,9.1678,5425200.0
2006-10-20,9.2274,9.2274,9.1575,9.2274,4752200.0
2006-10-23,9.217,9.2636,9.1445,9.2507,7716600.0
2006-10-24,9.2403,9.2481,9.1963,9.2455,6247800.0
2006-10-25,9.2196,9.362,9.2196,9.331,16315800.0
2006-10-26,9.3594,9.3594,9.2766,9.2947,7995400.0
2006-10-27,9.2688,9.2947,9.2377,9.2559,5591800.0
2006-10-30,9.2533,9.2869,9.23,9.2429,5336600.0
2006-10-31,9.2559,9.2921,9.2326,9.2688,5520400.0
2006-11-01,9.3051,9.3543,9.2818,9.331,12420600.0
2006-11-02,9.2843,9.331,9.2403,9.2714,6437800.0
2006-11-03,9.318,9.318,9.173,9.2041,10283600.0
2006-11-06,9.217,9.217,9.1161,9.1575,12822000.0
2006-11-07,9.173,9.2403,9.129,9.1394,10002600.0
2006-11-08,9.1316,9.2688,9.1238,9.2326,7365600.0
2006-11-09,9.2222,9.2688,9.1653,9.2326,5843400.0
2006-11-10,9.2326,9.3025,9.2326,9.3025,5648200.0
2006-11-13,9.3154,9.331,9.2843,9.3051,4289200.0
2006-11-14,9.3102,9.3387,9.2688,9.3284,7283800.0
2006-11-15,9.3206,9.3206,9.2792,9.2947,6530000.0
2006-11-16,9.3102,9.3672,9.2999,9.3232,7905000.0
2006-11-17,9.3905,9.3931,9.2895,9.3284,3563400.0
2006-11-20,9.3335,9.3439,9.3051,9.3154,2027600.0
2006-11-21,9.3076,9.3284,9.2869,9.3258,1948200.0
2006-11-22,9.3025,9.3594,9.3025,9.3543,2009400.0
2006-11-24,9.3594,9.406,9.3154,9.3154,589800.0
2006-11-27,9.3594,9.3672,9.2559,9.274,4621400.0
2006-11-28,9.274,9.3568,9.2274,9.3361,3824000.0
2006-11-29,9.3776,9.4656,9.3517,9.4578,6267400.0
2006-11-30,9.463,9.4992,9.4293,9.4889,4978600.0
2006-12-01,9.5122,9.5433,9.4656,9.5096,4771600.0
2006-12-04,9.5484,9.6261,9.5096,9.6028,3261800.0
2006-12-05,9.6209,9.6805,9.5924,9.6365,8052200.0
2006-12-06,9.639,9.6442,9.5691,9.5717,3983200.0
2006-12-07,9.5769,9.6183,9.5251,9.5381,5626000.0
2006-12-08,9.5329,9.564,9.4811,9.5174,3818400.0
2006-12-11,9.5303,9.5666,9.52,9.5562,3785000.0
2006-12-12,9.5899,9.6157,9.551,9.6002,5511000.0
2006-12-13,9.6287,9.652,9.5899,9.6365,3411000.0
2006-12-14,9.6132,9.6934,9.4034,9.6727,5952200.0
2006-12-15,9.6054,9.6235,9.5433,9.564,5521600.0
2006-12-18,9.564,9.5795,9.4811,9.4967,3785800.0
2006-12-19,9.4656,9.5666,9.4449,9.5407,4815600.0
2006-12-20,9.5407,9.5666,9.5044,9.507,1988000.0
2006-12-21,9.5148,9.5381,9.4578,9.4992,6216400.0
2006-12-22,9.4759,9.5096,9.4449,9.4682,5182000.0
2006-12-26,9.4656,9.5329,9.45,9.5303,2695200.0
2006-12-27,9.551,9.5821,9.5329,9.5588,2849800.0
2006-12-28,9.6054,9.6054,9.5096,9.5096,2593800.0
2006-12-29,9.5303,9.5303,9.4759,9.4941,2545000.0
2007-01-03,9.4267,9.6054,9.4267,9.5381,7829000.0
2007-01-04,9.5433,9.564,9.4915,9.5174,5999600.0
2007-01-05,9.4941,9.4941,9.318,9.3439,7531000.0
2007-01-08,9.3128,9.3776,9.3025,9.3258,4774400.0
2007-01-09,9.3051,9.3672,9.2869,9.3335,4674800.0
2007-01-10,9.318,9.3724,9.3076,9.3543,3748000.0
2007-01-11,9.3698,9.4138,9.331,9.3413,8877000.0
2007-01-12,9.3154,9.3853,9.2481,9.2818,20348200.0
2007-01-16,9.2766,9.3387,9.2766,9.3154,7776200.0
2007-01-17,9.318,9.3361,9.2818,9.3258,3287000.0
2007-01-18,9.3698,9.3698,9.2999,9.3025,4360800.0
2007-01-19,9.2843,9.3465,9.2429,9.3387,4499400.0
2007-01-22,9.3335,9.3543,9.3128,9.3232,5427000.0
2007-01-23,9.331,9.3827,9.2869,9.3724,5443600.0
2007-01-24,9.3853,9.4423,9.3594,9.4397,5726400.0
2007-01-25,9.4164,9.45,9.3801,9.3853,8782600.0
2007-01-26,9.419,9.419,9.3413,9.3983,4836400.0
2007-01-29,9.3853,9.4086,9.375,9.4009,4741600.0
2007-01-30,9.3931,9.4449,9.3931,9.4293,3800000.0
2007-01-31,9.4086,9.4941,9.3853,9.4811,4567800.0
2007-02-01,9.4889,9.564,9.4837,9.5536,6098000.0
2007-02-02,9.5562,9.6028,9.4759,9.6002,4015400.0
2007-02-05,9.6235,9.7271,9.5795,9.709,5610600.0
2007-02-06,9.6986,9.7918,9.6986,9.784,5336000.0
2007-02-07,9.7452,9.8022,9.7452,9.797,3164000.0
2007-02-08,9.7478,9.8514,9.7478,9.841,3434600.0
2007-02-09,9.8358,9.9135,9.7996,9.8436,7745400.0
2007-02-12,9.8669,9.8747,9.8125,9.8358,2969400.0
2007-02-13,9.8203,9.9031,9.8203,9.898,5707200.0
2007-02-14,9.8669,9.9886,9.8669,9.942,4901200.0
2007-02-15,9.9446,9.9679,9.8772,9.8824,12564200.0
2007-02-16,9.8669,9.898,9.8358,9.8824,5642600.0
2007-02-20,9.8876,9.942,9.8669,9.9316,4419600.0
2007-02-21,9.9109,9.9187,9.8488,9.885,3727800.0
2007-02-22,9.8902,9.9342,9.8488,9.9135,3881000.0
2007-02-23,9.9031,10.0196,9.885,10.0067,7707400.0
2007-02-26,10.2268,10.4339,10.2086,10.263,15356400.0
2007-02-27,10.2138,10.2501,9.8384,9.9316,12910600.0
2007-02-28,9.9161,10.0481,9.9057,9.973,11869400.0
2007-03-01,9.8954,10.0611,9.8047,9.9937,11297800.0
2007-03-02,10.0041,10.0041,9.8539,9.8669,13517200.0
2007-03-05,9.8151,9.8928,9.7219,9.7245,5099200.0
2007-03-06,9.7918,9.8643,9.753,9.8643,11683400.0
2007-03-07,9.8643,9.9213,9.8306,9.8514,4637400.0
2007-03-08,10.0404,10.0404,9.8565,9.8747,4517400.0
2007-03-09,9.9083,9.9394,9.8462,9.8902,5590200.0
2007-03-12,9.8902,9.9989,9.8617,9.9937,4498800.0
2007-03-13,9.986,10.0352,9.841,9.8539,7518600.0
2007-03-14,9.8798,9.9394,9.7737,9.9031,14496200.0
2007-03-15,9.9207,10.0534,9.8686,10.0274,9015400.0
2007-03-16,10.027,10.0713,9.962,9.9698,4696200.0
2007-03-19,10.0609,10.0895,9.9906,10.0661,5248600.0
2007-03-20,10.0479,10.2197,10.0296,10.2145,6827000.0
2007-03-21,10.2483,10.3602,10.152,10.3394,8202600.0
2007-03-22,10.3576,10.3706,10.2691,10.3264,8177800.0
2007-03-23,10.3342,10.3759,10.2821,10.3628,5600000.0
2007-03-26,10.3967,10.4305,10.3134,10.4305,7290800.0
2007-03-27,10.4279,10.4357,10.3524,10.4071,5518400.0
2007-03-28,10.3576,10.4826,10.3576,10.4097,5718400.0
2007-03-29,10.4461,10.4774,10.2431,10.4487,4284600.0
2007-03-30,10.4774,10.4878,10.2457,10.3706,11648800.0
2007-04-02,10.3628,10.5841,10.3602,10.5763,9775400.0
2007-04-03,10.5945,10.6466,10.5425,10.5815,7958000.0
2007-04-04,10.6075,10.6231,10.5294,10.5529,6549200.0
2007-04-05,10.5763,10.6049,10.5268,10.5919,4215600.0
2007-04-09,10.6596,10.6752,10.6153,10.6622,6875400.0
2007-04-10,10.6726,10.7012,10.6466,10.6856,4746000.0
2007-04-11,10.6856,10.7195,10.6362,10.6388,8428600.0
2007-04-12,10.6596,10.6596,10.5398,10.6049,6079200.0
2007-04-13,10.6023,10.6179,10.5503,10.5815,4304800.0
2007-04-16,10.6023,10.6518,10.5893,10.6466,3102000.0
2007-04-17,10.6726,10.7481,10.6336,10.7377,5902800.0
2007-04-18,10.7117,10.7845,10.696,10.7663,2725200.0
2007-04-19,10.7455,10.7663,10.6882,10.7143,7976800.0
2007-04-20,10.7949,10.834,10.7403,10.8184,5316200.0
2007-04-23,10.808,10.9251,10.808,10.8861,8670200.0
2007-04-24,10.9147,10.972,10.873,10.9615,5136600.0
2007-04-25,10.9876,11.0501,10.985,11.0396,5921200.0
2007-04-26,11.024,11.0735,10.9668,10.972,4758600.0
2007-04-27,10.9459,10.9459,10.8678,10.9017,7747200.0
2007-04-30,10.9407,10.9589,10.8054,10.808,9410000.0
2007-05-01,10.8392,10.9407,10.7897,10.9277,6795800.0
2007-05-02,10.9537,11.0006,10.9225,10.9824,5495400.0
2007-05-03,11.0266,11.0266,10.9277,10.9641,2912200.0
2007-05-04,11.024,11.024,10.9433,10.972,4999000.0
2007-05-07,10.985,11.0761,10.9746,11.0683,3574000.0
2007-05-08,11.0605,11.0605,10.9798,11.0058,4929200.0
2007-05-09,11.0136,11.0579,10.9902,11.0318,4320200.0
2007-05-10,11.0266,11.0422,10.9173,10.9251,7695400.0
2007-05-11,10.9485,11.0136,10.9329,11.011,7165800.0
2007-05-14,11.0214,11.0787,11.0214,11.0527,3774600.0
2007-05-15,11.0839,11.1984,11.0709,11.0761,8182200.0
2007-05-16,11.1125,11.1594,11.0865,11.1464,7264400.0
2007-05-17,11.1177,11.1281,11.0605,11.0787,5848000.0
2007-05-18,11.0917,11.1438,11.0865,11.1438,4536200.0
2007-05-21,11.1464,11.1646,11.1177,11.149,2390600.0
2007-05-22,11.1802,11.2193,11.1021,11.1021,8195000.0
2007-05-23,11.1594,11.1594,10.9563,10.9668,14889600.0
2007-05-24,10.9381,10.9824,10.6674,10.6778,28487800.0
2007-05-25,10.7038,10.7637,10.5659,10.657,21697400.0
2007-05-29,10.6388,10.808,10.6388,10.7221,13379200.0
2007-05-30,10.6804,10.8522,10.6596,10.847,9887400.0
2007-05-31,10.8704,10.9199,10.8288,10.8756,12122000.0
2007-06-01,10.9069,10.9355,10.7949,10.8184,23244000.0
2007-06-04,10.7845,10.8236,10.7012,10.7923,21381800.0
2007-06-05,10.7247,10.7793,10.6075,10.631,20494800.0
2007-06-06,10.5737,10.5945,10.4435,10.4904,29354400.0
2007-06-07,10.4383,10.4513,10.1442,10.1572,50348600.0
2007-06-08,10.1702,10.2978,10.1129,10.2405,28713400.0
2007-06-11,10.2249,10.4201,10.2067,10.3472,18307600.0
2007-06-12,10.2821,10.3524,10.1936,10.1962,22464000.0
2007-06-13,10.2873,10.4201,10.2691,10.4045,15428600.0
2007-06-14,10.3941,10.519,10.3941,10.4461,15060200.0
2007-06-15,10.5034,10.5815,10.4774,10.5451,22337600.0
2007-06-18,10.5425,10.5555,10.4227,10.4279,16113800.0
2007-06-19,10.4227,10.4826,10.3706,10.4592,10880800.0
2007-06-20,10.48,10.519,10.1832,10.1832,18534600.0
2007-06-21,10.1806,10.316,10.139,10.2665,19978200.0
2007-06-22,10.2093,10.2795,10.0687,10.0973,15645200.0
2007-06-25,10.1208,10.4904,10.0739,10.126,18208400.0
2007-06-26,10.1676,10.4097,10.0999,10.0999,22210600.0
2007-06-27,10.0192,10.2613,9.9958,10.2613,24528400.0
2007-06-28,10.2587,10.3863,10.2171,10.2171,19475000.0
2007-06-29,10.2431,10.3524,10.165,10.2691,21366800.0
2007-07-03,10.493,10.5529,10.3967,10.4644,10452800.0
2007-07-05,10.4201,10.5242,10.2926,10.4201,19135200.0
2007-07-06,10.4253,10.4331,10.2743,10.3733,11430000.0
2007-07-09,10.3889,10.4435,10.3863,10.3941,6511200.0
2007-07-10,10.368,10.4071,10.2535,10.2535,11454200.0
2007-07-11,10.2665,10.3212,10.2483,10.3108,9940400.0
2007-07-12,10.342,10.4852,10.342,10.48,13258200.0
2007-07-13,10.467,10.6518,10.4592,10.6127,12353000.0
2007-07-16,10.5997,10.6231,10.4513,10.4644,13064400.0
2007-07-17,10.4513,10.532,10.4409,10.4513,14032400.0
2007-07-18,10.4149,10.5529,10.4097,10.5503,16676400.0
2007-07-19,10.5919,10.7585,10.5503,10.7351,16675000.0
2007-07-20,10.7038,10.8678,10.5477,10.5503,15673800.0
2007-07-23,10.6388,10.7012,10.5867,10.6153,8919400.0
2007-07-24,10.6231,10.6284,10.2405,10.2509,19029800.0
2007-07-25,10.29,10.3993,10.1155,10.2743,24534600.0
2007-07-26,10.1806,10.2275,9.8683,9.9958,25920600.0
2007-07-27,10.0296,10.0557,9.8136,9.8188,24019200.0
2007-07-30,9.8136,9.9489,9.7277,9.8813,21270800.0
2007-07-31,10.014,10.0973,9.8422,9.8422,26920800.0
2007-08-01,9.863,10.178,9.863,10.1572,27803400.0
2007-08-02,10.0973,10.2717,10.0973,10.2405,17295000.0
2007-08-03,10.1962,10.2873,9.824,9.8292,26749000.0
2007-08-06,9.8865,10.2093,9.7485,10.1936,20884800.0
2007-08-07,10.1624,10.4904,10.0947,10.4045,19953000.0
2007-08-08,10.4539,10.6101,10.3733,10.5372,22918600.0
2007-08-09,10.3915,10.5138,10.2535,10.2691,22787200.0
2007-08-10,10.2405,10.4071,10.0921,10.1884,21628400.0
2007-08-13,10.2379,10.519,10.191,10.2145,14620800.0
2007-08-14,10.1884,10.2301,10.0088,10.0088,12551200.0
2007-08-15,10.0114,10.1754,9.8474,9.8657,16220000.0
2007-08-16,9.7693,9.9125,9.5507,9.8787,34802400.0
2007-08-17,10.139,10.316,9.8214,10.0973,33264200.0
2007-08-20,10.1234,10.1572,9.9463,10.0973,14129200.0
2007-08-21,10.0557,10.2145,10.0375,10.1442,11476800.0
2007-08-22,10.2405,10.2613,10.1312,10.2535,11315200.0
2007-08-23,10.2717,10.3524,10.2041,10.2613,12328000.0
2007-08-24,10.316,10.3576,10.1988,10.342,10974000.0
2007-08-27,10.3394,10.3394,10.001,10.0036,17564800.0
2007-08-28,9.9828,10.0505,9.8865,9.9099,22968800.0
2007-08-29,9.9281,10.178,9.9281,10.1364,9778400.0
2007-08-30,10.0244,10.1494,9.9828,10.0557,8934000.0
2007-08-31,10.0947,10.1702,10.0088,10.0895,10730000.0
2007-09-04,10.0921,10.3264,10.0739,10.2978,8363200.0
2007-09-05,10.2093,10.2223,10.1051,10.1702,12573800.0
2007-09-06,10.1728,10.3082,10.1546,10.29,8760200.0
2007-09-07,10.2041,10.2483,10.0947,10.1442,10193000.0
2007-09-10,10.1858,10.2171,10.0791,10.1754,9592000.0
2007-09-11,10.191,10.2795,10.1546,10.2639,9810800.0
2007-09-12,10.2587,10.3576,10.2327,10.3082,6790800.0
2007-09-13,10.3733,10.3993,10.316,10.3368,8193600.0
2007-09-14,10.3108,10.4071,10.2978,10.3837,7429000.0
2007-09-17,10.3811,10.3811,10.2743,10.3238,5230000.0
2007-09-18,10.2952,10.5372,10.2171,10.5294,10275800.0
2007-09-19,10.5581,10.7117,10.5451,10.6804,11374600.0
2007-09-20,10.6865,10.6917,10.558,10.5659,7410600.0
2007-09-21,10.6168,10.6929,10.5906,10.6195,6762400.0
2007-09-24,10.5959,10.7007,10.5932,10.6221,7906600.0
2007-09-25,10.5854,10.6955,10.5697,10.6273,8128200.0
2007-09-26,10.6666,10.7374,10.6352,10.6719,9759000.0
2007-09-27,10.6798,10.7112,10.5723,10.609,10944400.0
2007-09-28,10.6064,10.6299,10.4464,10.4491,7052400.0
2007-10-01,10.5094,10.6247,10.4622,10.6142,6377400.0
2007-10-02,10.5382,10.6431,10.5382,10.6011,4495800.0
2007-10-03,10.5592,10.6142,10.5513,10.6011,6740600.0
2007-10-04,10.5801,10.6929,10.5801,10.6771,6919800.0
2007-10-05,10.6378,10.7899,10.6378,10.7269,9352800.0
2007-10-08,10.7636,10.7925,10.6824,10.7033,5786200.0
2007-10-09,10.7427,10.8764,10.7138,10.8659,7867600.0
2007-10-10,10.8239,10.8423,10.7479,10.7715,5730800.0
2007-10-11,10.8423,10.9131,10.761,10.8266,11018600.0
2007-10-12,10.8659,10.9235,10.837,10.8501,7758600.0
2007-10-15,10.8292,10.8816,10.6666,10.7479,10611600.0
2007-10-16,10.7322,10.7899,10.6824,10.7112,9072400.0
2007-10-17,10.7715,10.8161,10.6168,10.685,10138200.0
2007-10-18,10.6509,10.7348,10.6483,10.664,5862000.0
2007-10-19,10.6326,10.6535,10.415,10.4255,12849200.0
2007-10-22,10.3678,10.5251,10.3101,10.5067,8731000.0
2007-10-23,10.5303,10.5828,10.4386,10.4989,6442000.0
2007-10-24,10.4543,10.5539,10.3914,10.5487,8814200.0
2007-10-25,10.5461,10.761,10.5277,10.7532,10329000.0
2007-10-26,10.4963,10.9209,10.4963,10.9104,8871600.0
2007-10-29,10.955,11.0336,10.934,10.9891,5433400.0
2007-10-30,11.0389,11.0756,10.9288,11.0022,7011600.0
2007-10-31,11.1411,11.1831,11.0101,11.1464,10753200.0
2007-11-01,10.9865,11.1464,10.9052,10.9183,12388800.0
2007-11-02,11.0677,11.0677,10.8842,10.9838,12601000.0
2007-11-05,10.9602,11.1726,10.9367,11.1097,15139800.0
2007-11-06,11.246,11.246,10.9681,11.1202,9853600.0
2007-11-07,10.976,11.0835,10.858,10.858,15111000.0
2007-11-08,10.8685,11.0992,10.7977,11.0703,15863400.0
2007-11-09,11.0336,11.1175,10.9498,10.9812,11516000.0
2007-11-12,11.0782,11.0887,10.8134,10.8213,14067800.0
2007-11-13,10.9498,10.9498,10.7138,10.9,9683200.0
2007-11-14,10.7794,10.9786,10.7794,10.8764,7501600.0
2007-11-15,10.7269,10.9812,10.7269,10.9052,11753000.0
2007-11-16,11.0101,11.0127,10.803,10.9419,8802200.0
2007-11-19,10.9262,11.0074,10.8868,10.9576,7140600.0
2007-11-20,10.9052,11.1595,10.9052,11.1149,12890200.0
2007-11-21,11.0992,11.149,10.9943,10.9943,10927400.0
2007-11-23,11.0179,11.1385,10.9131,11.0127,2328000.0
2007-11-26,10.9498,11.1804,10.9445,10.955,11386600.0
2007-11-27,11.1149,11.1149,10.9235,11.0336,10698400.0
2007-11-28,11.0651,11.1936,11.0153,11.1909,9288600.0
2007-11-29,11.1516,11.2067,11.0887,11.1516,7339800.0
2007-11-30,11.1752,11.2407,11.1647,11.1988,12214400.0
2007-12-03,11.3875,11.4452,11.2014,11.2984,6693200.0
2007-12-04,11.3351,11.4741,11.225,11.4138,13833400.0
2007-12-05,11.5081,11.5973,11.4295,11.5763,9012600.0
2007-12-06,11.6392,11.6549,11.4741,11.5868,7736400.0
2007-12-07,11.6287,11.6576,11.5081,11.5815,7776600.0
2007-12-10,11.6392,11.6628,11.5868,11.6366,5747800.0
2007-12-11,11.71,11.71,11.3613,11.3902,12260800.0
2007-12-12,11.4269,11.5973,11.2853,11.3823,13798600.0
2007-12-13,11.2748,11.5317,11.2748,11.5291,9520400.0
2007-12-14,11.5003,11.5134,11.3456,11.3613,9288600.0
2007-12-17,11.2774,11.343,11.17,11.2067,8284200.0
2007-12-18,11.3168,11.3954,11.246,11.3587,7713600.0
2007-12-19,11.3246,11.4374,11.2722,11.2853,6164400.0
2007-12-20,11.2879,11.4033,11.2303,11.3089,7852000.0
2007-12-21,11.3666,11.3771,11.2827,11.2905,9200400.0
2007-12-24,11.3194,11.3272,11.2696,11.2722,4075800.0
2007-12-26,11.3535,11.3535,11.246,11.2643,3816800.0
2007-12-27,11.3115,11.3246,11.1621,11.1673,5786800.0
2007-12-28,11.301,11.301,11.1804,11.2512,3033000.0
2007-12-31,11.2696,11.2696,11.1333,11.1464,3569800.0
2008-01-02,11.0494,11.204,10.9838,11.0048,9940200.0
2008-01-03,11.0415,11.1621,11.0022,11.0179,9159200.0
2008-01-04,11.0179,11.1726,10.9734,11.1018,13135000.0
2008-01-07,11.1673,11.3561,11.1149,11.3325,16068600.0
2008-01-08,11.3456,11.5632,11.3351,11.3351,16429200.0
2008-01-09,11.4242,11.4924,11.322,11.4583,16020200.0
2008-01-10,11.3902,11.5317,11.3299,11.3875,16538400.0
2008-01-11,11.2879,11.4583,11.2879,11.3849,10656800.0
2008-01-14,11.4872,11.5003,11.343,11.4007,8915200.0
2008-01-15,11.3272,11.4531,11.2486,11.2801,14965600.0
2008-01-16,11.2145,11.3456,11.0625,11.0782,17936400.0
2008-01-17,11.031,11.0887,10.6483,10.6509,27289200.0
2008-01-18,10.6247,10.7479,10.3966,10.4936,20816200.0
2008-01-22,9.6836,10.3023,9.4503,10.1319,26352200.0
2008-01-23,9.7701,10.4989,9.7701,10.4019,26785200.0
2008-01-24,10.5408,10.5408,10.1188,10.1188,21261800.0
2008-01-25,10.221,10.297,9.9772,10.0401,23392000.0
2008-01-28,10.0139,10.1817,10.006,10.166,9773200.0
2008-01-29,10.221,10.2918,10.1502,10.2,10207800.0
2008-01-30,10.166,10.3757,10.0926,10.1476,11209000.0
2008-01-31,10.1738,10.4727,10.0349,10.2813,8451000.0
2008-02-01,10.3521,10.5592,10.3442,10.5487,8831800.0
2008-02-04,10.5592,10.803,10.5592,10.7007,9129800.0
2008-02-05,10.6168,10.6535,10.3442,10.3783,10327800.0
2008-02-06,10.3888,10.5146,10.3101,10.3599,8372600.0
2008-02-07,10.2892,10.3416,10.2,10.3049,11886600.0
2008-02-08,10.2236,10.3075,10.1843,10.2236,9091400.0
2008-02-11,10.2236,10.3416,10.2027,10.3075,6250000.0
2008-02-12,10.3128,10.5382,10.3128,10.4831,8377200.0
2008-02-13,10.4989,10.5565,10.394,10.4333,10139000.0
2008-02-14,10.4779,10.5775,10.297,10.3023,9122400.0
2008-02-15,10.297,10.4464,10.1817,10.4464,7283000.0
2008-02-19,10.5539,10.5539,10.3206,10.3626,7370400.0
2008-02-20,10.2262,10.3835,10.2262,10.3835,8779200.0
2008-02-21,10.3835,10.4019,10.1555,10.1555,9430800.0
2008-02-22,10.2289,10.3337,10.1293,10.3337,9930400.0
2008-02-25,10.3835,10.3862,10.2551,10.3442,11733200.0
2008-02-26,10.2446,10.4858,10.242,10.4779,6592600.0
2008-02-27,10.512,10.512,10.2262,10.2262,13772000.0
2008-02-28,10.1922,10.2315,10.1057,10.1712,10918800.0
2008-02-29,10.1319,10.1555,9.8304,9.8592,18791400.0
2008-03-03,9.8566,10.0139,9.8304,9.9929,12451000.0
2008-03-04,9.9143,10.1974,9.8881,10.1817,15185200.0
2008-03-05,10.1922,10.2,10.0139,10.1502,11997000.0
2008-03-06,10.0926,10.1555,9.9405,9.9458,13205200.0
2008-03-07,9.8435,9.9379,9.7911,9.8828,17972600.0
2008-03-10,9.8671,9.9405,9.778,9.8697,13461200.0
2008-03-11,10.1135,10.1581,9.909,10.1555,10295000.0
2008-03-12,10.0165,10.2394,10.0087,10.0401,8838200.0
2008-03-13,9.8356,10.0663,9.8356,10.0087,14937400.0
2008-03-14,10.0926,10.0978,9.7963,9.9353,13191600.0
2008-03-17,9.702,10.0087,9.702,9.9956,10564400.0
2008-03-18,9.9772,10.1319,9.9326,10.1161,8388600.0
2008-03-19,10.1206,10.2526,9.8671,9.8671,11847600.0
2008-03-20,10.0892,10.0892,9.532,9.8885,14776200.0
2008-03-24,9.9413,10.0311,9.8515,9.9202,11583600.0
2008-03-25,9.9598,10.0205,9.8911,9.8911,7830600.0
2008-03-26,9.8806,10.0443,9.8806,9.9281,9569200.0
2008-03-27,9.936,10.1525,9.936,10.0284,9105000.0
2008-03-28,10.0364,10.142,9.9255,9.9466,10274600.0
2008-03-31,9.9677,10.0733,9.9175,10.0179,7013000.0
2008-04-01,10.1235,10.3242,10.0865,10.2766,8869200.0
2008-04-02,10.2872,10.4483,10.2872,10.3691,5913600.0
2008-04-03,10.3981,10.4087,10.3004,10.3532,9351200.0
2008-04-04,10.3189,10.5618,10.3083,10.3427,13457200.0
2008-04-07,10.3691,10.4483,10.311,10.3875,6977200.0
2008-04-08,10.3427,10.4826,10.3427,10.4562,5748200.0
2008-04-09,10.4509,10.5064,10.3823,10.4298,7535000.0
2008-04-10,10.4456,10.4483,10.3295,10.3559,7216400.0
2008-04-11,10.3479,10.4245,10.3321,10.3691,7730400.0
2008-04-14,10.3691,10.4113,10.3189,10.3532,4586000.0
2008-04-15,10.4219,10.48,10.3875,10.4668,7890200.0
2008-04-16,10.443,10.715,10.443,10.6859,8356400.0
2008-04-17,10.7308,10.7889,10.6516,10.7123,6161600.0
2008-04-18,10.7942,10.8259,10.6648,10.7414,6837400.0
2008-04-21,10.6806,10.744,10.575,10.6437,6876400.0
2008-04-22,10.6041,10.6305,10.546,10.612,7390000.0
2008-04-23,10.6489,10.6938,10.5803,10.6278,5121200.0
2008-04-24,10.7361,10.7361,10.5512,10.6173,9144200.0
2008-04-25,10.6278,10.6912,10.6014,10.6199,7693000.0
2008-04-28,10.6516,10.6938,10.5486,10.5486,6154400.0
2008-04-29,10.5645,10.641,10.5433,10.5988,8284600.0
2008-04-30,10.5909,10.707,10.5301,10.5301,7202000.0
2008-05-01,10.5882,10.7202,10.575,10.6542,9174600.0
2008-05-02,10.7466,10.8707,10.7202,10.8311,7411800.0
2008-05-05,10.7493,10.7783,10.6199,10.6701,6792600.0
2008-05-06,10.5697,10.6912,10.5169,10.6727,5412600.0
2008-05-07,10.6146,10.6833,10.5011,10.5116,5773000.0
2008-05-08,10.5011,10.5988,10.4641,10.538,6678400.0
2008-05-09,10.5143,10.6305,10.4456,10.5724,5989000.0
2008-05-12,10.5935,10.6965,10.5645,10.6753,5108400.0
2008-05-13,10.7308,10.7361,10.5882,10.6595,5872400.0
2008-05-14,10.7361,10.773,10.641,10.6991,6435400.0
2008-05-15,10.6991,10.7493,10.6463,10.6886,6897600.0
2008-05-16,10.7018,10.8047,10.6886,10.7678,5608600.0
2008-05-19,10.7572,10.9394,10.7572,10.8892,4321400.0
2008-05-20,10.8787,11.0265,10.8787,10.9632,9041600.0
2008-05-21,10.9183,11.0846,10.9077,10.9077,7276600.0
2008-05-22,10.9711,11.0397,10.8707,10.9711,6058200.0
2008-05-23,10.9605,10.9658,10.773,10.8021,3543000.0
2008-05-27,10.6938,10.8787,10.678,10.8575,5014400.0
2008-05-28,10.9077,10.9077,10.7968,10.8575,4252800.0
2008-05-29,10.8813,10.9896,10.8417,10.9816,5672200.0
2008-05-30,11.0186,11.0212,10.876,10.9077,6580800.0
2008-06-02,10.9183,10.95,10.7625,10.8285,10388000.0
2008-06-03,10.8628,10.9051,10.7123,10.7334,8808600.0
2008-06-04,10.7519,10.8998,10.7229,10.8681,8596600.0
2008-06-05,10.9051,11.0028,10.8074,10.9922,5357600.0
2008-06-06,10.9526,10.9896,10.7044,10.7044,9140800.0
2008-06-09,10.7308,10.9262,10.707,10.8707,7749000.0
2008-06-10,10.9473,10.9473,10.7572,10.8602,7562400.0
2008-06-11,10.8813,10.9288,10.781,10.8496,9239800.0
2008-06-12,10.8628,10.8628,10.7598,10.8047,6456200.0
2008-06-13,10.8047,10.9711,10.7862,10.9024,15912800.0
2008-06-16,10.8998,10.9658,10.7836,10.913,5506200.0
2008-06-17,10.9632,11.0292,10.942,10.9737,7132400.0
2008-06-18,10.9077,11.0212,10.8866,10.9315,7743800.0
2008-06-19,10.9021,11.0325,10.8995,10.9447,8854600.0
2008-06-20,10.9567,11.0205,10.8184,10.8184,13831000.0
2008-06-23,10.8822,11.0392,10.8822,10.9487,8369600.0
2008-06-24,10.8822,10.9594,10.8583,10.8583,7869200.0
2008-06-25,10.8902,11.0152,10.8902,10.9594,9076200.0
2008-06-26,10.8609,11.0099,10.6614,10.6774,9667600.0
2008-06-27,10.6588,10.7492,10.563,10.5683,10594600.0
2008-06-30,10.5949,10.9035,10.587,10.8264,12868800.0
2008-07-01,10.7226,10.9487,10.6907,10.8822,16470000.0
2008-07-02,10.9301,11.0232,10.837,10.853,8443800.0
2008-07-03,10.9328,10.9594,10.7412,10.7412,10711600.0
2008-07-07,10.7439,10.8769,10.5737,10.6348,12437200.0
2008-07-08,10.6322,10.7918,10.587,10.6907,16821600.0
2008-07-09,10.7146,10.8796,10.7013,10.8184,9124000.0
2008-07-10,10.8423,10.8822,10.7944,10.845,11133000.0
2008-07-11,10.7758,10.9141,10.6668,10.7625,17333200.0
2008-07-14,10.8955,10.8955,10.6189,10.688,12719000.0
2008-07-15,10.6189,10.6561,10.4859,10.6136,15281200.0
2008-07-16,10.6215,10.6215,10.3263,10.4034,12927400.0
2008-07-17,10.3848,10.4034,10.1214,10.2385,22576400.0
2008-07-18,10.2518,10.438,10.1773,10.2491,12932600.0
2008-07-21,10.2651,10.4593,10.2438,10.43,13143200.0
2008-07-22,10.3768,10.5338,10.3715,10.3954,10319400.0
2008-07-23,10.4646,10.4646,10.1188,10.1427,16068600.0
2008-07-24,10.1454,10.2172,9.9725,10.1268,11679800.0
2008-07-25,10.1188,10.1613,10.0044,10.0044,10975800.0
2008-07-28,10.0044,10.1427,9.9751,10.0283,10240400.0
2008-07-29,10.023,10.0762,9.9805,10.0416,8005600.0
2008-07-30,10.0416,10.2385,10.0283,10.2385,10071600.0
2008-07-31,10.2092,10.2544,10.1294,10.1294,10661400.0
2008-08-01,10.1986,10.2012,9.8288,9.8395,18064200.0
2008-08-04,9.8687,9.9007,9.7091,9.7331,12596800.0
2008-08-05,9.7224,9.906,9.64,9.8129,16302200.0
2008-08-06,9.8022,9.9725,9.7889,9.8661,9542400.0
2008-08-07,9.8421,9.9751,9.7118,9.8581,10291800.0
2008-08-08,9.7889,9.9459,9.7544,9.8874,10365600.0
2008-08-11,9.9432,10.0789,9.8687,9.9964,7568800.0
2008-08-12,9.9884,10.0283,9.7863,9.8794,10544200.0
2008-08-13,9.8342,9.9618,9.8102,9.8794,7658400.0
2008-08-14,9.8874,9.8874,9.749,9.7943,8526800.0
2008-08-15,9.8209,9.8661,9.7969,9.8288,5299800.0
2008-08-18,9.8741,9.9299,9.8315,9.8421,5852800.0
2008-08-19,9.882,9.9007,9.8288,9.8874,4203000.0
2008-08-20,9.8741,9.9459,9.8262,9.9326,6806600.0
2008-08-21,9.882,10.0762,9.8661,10.0283,7110800.0
2008-08-22,10.0709,10.1161,10.0416,10.0682,4256400.0
2008-08-25,10.0948,10.0975,9.9166,9.9618,5622600.0
2008-08-26,9.9485,10.0975,9.9352,10.0709,4432400.0
2008-08-27,10.1268,10.1746,10.0603,10.1427,5178800.0
2008-08-28,10.1986,10.2145,10.1347,10.1587,3476400.0
2008-08-29,10.1454,10.2145,10.0177,10.0177,4289200.0
2008-09-02,10.2624,10.2624,9.8661,9.8953,7873400.0
2008-09-03,9.8927,9.8927,9.7012,9.7384,6792600.0
2008-09-04,9.7224,9.773,9.5868,9.6214,7804600.0
2008-09-05,9.5921,9.6081,9.374,9.4139,11695400.0
2008-09-08,9.4618,9.6746,9.4618,9.6506,10276200.0
2008-09-09,9.7091,9.7145,9.3474,9.3474,16359400.0
2008-09-10,9.3926,9.4937,9.366,9.4511,8200600.0
2008-09-11,9.3766,9.5655,9.2835,9.5256,16355800.0
2008-09-12,9.4937,9.7357,9.4937,9.6852,9947600.0
2008-09-15,9.4086,9.6373,9.366,9.366,15468200.0
2008-09-16,9.3793,9.3979,8.826,9.225,32385800.0
2008-09-17,9.1319,9.2144,8.7781,8.8659,28664800.0
2008-09-18,8.8209,9.1322,8.7887,9.1,34870600.0
2008-09-19,9.3631,9.8622,9.1484,9.3926,17824000.0
2008-09-22,9.3953,9.3953,9.135,9.1591,10936400.0
2008-09-23,9.1269,9.2396,9.0008,9.0008,6860600.0
2008-09-24,9.0276,9.084,8.9122,9.084,6476000.0
2008-09-25,9.0625,9.3631,9.0625,9.2638,8198200.0
2008-09-26,8.9954,9.3389,8.9954,9.2665,6286800.0
2008-09-29,9.1618,9.1618,8.7244,8.7808,14888800.0
2008-09-30,8.7861,8.9257,8.7405,8.9176,6368800.0
2008-10-01,8.9445,8.9659,8.7163,8.88,12195000.0
2008-10-02,8.8022,8.9525,8.6412,8.7512,9714000.0
2008-10-03,8.7969,8.931,8.5822,8.6197,15981400.0
2008-10-06,8.3943,8.668,7.9166,8.1984,18622800.0
2008-10-07,8.1904,8.3514,7.8415,7.8603,17150200.0
2008-10-08,7.5731,7.9945,7.5168,7.7261,19330600.0
2008-10-09,7.8227,7.9891,7.2055,7.2055,18743000.0
2008-10-10,7.0901,7.1921,6.2474,6.913,28505000.0
2008-10-13,7.3182,7.8254,7.0337,7.7476,11786400.0
2008-10-14,8.2816,8.2816,7.3772,7.6832,21432000.0
2008-10-15,7.549,7.6966,7.0901,7.1115,16847000.0
2008-10-16,7.2565,7.3799,6.8056,7.3182,19972400.0
2008-10-17,7.4389,7.8308,7.125,7.3558,21367800.0
2008-10-20,7.4121,8.0401,7.4067,7.9757,19465400.0
2008-10-21,7.9435,7.9676,7.6671,7.7234,13982600.0
2008-10-22,7.761,7.761,7.0364,7.396,17793800.0
2008-10-23,7.3611,7.7422,7.0954,7.5731,30454200.0
2008-10-24,7.1169,7.5543,7.0767,7.4873,26770600.0
2008-10-27,7.294,7.4577,7.0847,7.0847,14791000.0
2008-10-28,7.5141,7.8898,7.0767,7.7986,15561600.0
2008-10-29,7.8442,7.9569,7.549,7.549,17111800.0
2008-10-30,7.8254,8.0132,7.6805,7.9703,20481400.0
2008-10-31,8.0642,8.1635,7.7502,7.7583,21356800.0
2008-11-03,7.9059,7.9139,7.7073,7.8388,10915400.0
2008-11-04,7.9596,8.134,7.871,7.9864,13795400.0
2008-11-05,7.8334,7.9971,7.7073,7.8388,16163000.0
2008-11-06,7.7154,7.7663,7.3289,7.4712,18839800.0
2008-11-07,7.5114,7.8066,7.3987,7.7959,16479200.0
2008-11-10,7.9059,7.9408,7.4685,7.6107,15666800.0
2008-11-11,7.5812,7.7395,7.388,7.6107,15276000.0
2008-11-12,7.4282,7.5275,7.3584,7.3584,13539200.0
2008-11-13,7.3638,7.9408,7.2994,7.9166,28465800.0
2008-11-14,7.7234,8.083,7.5812,7.7288,25792400.0
2008-11-17,7.7127,7.93,7.549,7.7154,19671600.0
2008-11-18,7.5356,7.8039,7.4551,7.6322,23522600.0
2008-11-19,7.5812,7.8737,7.4551,7.4685,20622000.0
2008-11-20,7.4094,7.5812,6.972,6.972,28819400.0
2008-11-21,7.0954,7.7341,7.0954,7.6671,37181200.0
2008-11-24,7.7449,7.9998,7.6322,7.8147,19618000.0
2008-11-25,7.9703,8.0508,7.7154,7.9703,22613600.0
2008-11-26,7.7825,7.9703,7.6993,7.9435,16976400.0
2008-11-28,7.981,8.0884,7.8093,8.0857,5811000.0
2008-12-01,7.9864,8.0374,7.5463,7.5463,17410200.0
2008-12-02,7.6697,7.7422,7.498,7.7422,21187600.0
2008-12-03,7.6349,7.9327,7.5812,7.9327,19137800.0
2008-12-04,7.8469,7.8925,7.4228,7.5919,22263200.0
2008-12-05,7.4363,7.7368,7.243,7.651,23292600.0
2008-12-08,7.9354,7.9354,7.6456,7.7637,15404800.0
2008-12-09,7.7637,7.8039,7.5946,7.5946,17217800.0
2008-12-10,7.6429,7.8147,7.6429,7.7717,11140800.0
2008-12-11,7.7932,7.9086,7.651,7.7127,12125000.0
2008-12-12,7.6858,7.761,7.5141,7.7556,13439400.0
2008-12-15,7.7959,7.7986,7.5356,7.6214,13327800.0
2008-12-16,7.6483,7.93,7.6456,7.93,13522800.0
2008-12-17,7.8361,7.8764,7.6268,7.651,16722600.0
2008-12-18,7.68,7.8702,7.6664,7.7207,19306600.0
2008-12-19,7.821,7.8971,7.7069,7.7667,14391000.0
2008-12-22,7.7531,7.7857,7.5791,7.6634,12350800.0
2008-12-23,7.6715,7.7667,7.5411,7.571,6725200.0
2008-12-24,7.5438,7.6416,7.5438,7.6063,2054000.0
2008-12-26,7.6525,7.7123,7.6253,7.6308,1931800.0
2008-12-29,7.6525,7.6987,7.5493,7.6471,3646400.0
2008-12-30,7.6851,7.7775,7.6688,7.7639,7663200.0
2008-12-31,7.7938,7.9379,7.7748,7.8889,8402200.0
2009-01-02,7.9732,8.1335,7.8835,8.0819,10592600.0
2009-01-05,8.0846,8.1879,8.0466,8.1879,12901200.0
2009-01-06,8.1879,8.2803,8.0384,8.071,17808400.0
2009-01-07,8.0085,8.0303,7.9107,8.0058,9125800.0
2009-01-08,7.9216,7.9868,7.8944,7.965,12642600.0
2009-01-09,8.0167,8.0167,7.8699,7.9107,8871400.0
2009-01-12,7.9216,7.9786,7.8808,7.9052,9083000.0
2009-01-13,7.9324,7.9379,7.7042,7.7503,15266800.0
2009-01-14,7.6634,7.696,7.4867,7.6607,12702200.0
2009-01-15,7.6715,7.7205,7.5438,7.7014,15492400.0
2009-01-16,7.802,7.9216,7.7449,7.8536,11908800.0
2009-01-20,7.8563,7.9134,7.7096,7.734,11544200.0
2009-01-21,7.8645,7.8645,7.6226,7.8047,11827200.0
2009-01-22,7.7585,7.8645,7.7177,7.802,12990800.0
2009-01-23,7.6688,7.8509,7.6253,7.8183,13622400.0
2009-01-26,7.8482,8.0764,7.8346,8.0058,11961200.0
2009-01-27,8.0275,8.1036,7.9542,8.0438,9631000.0
2009-01-28,8.1417,8.1525,7.8509,8.1172,13662000.0
2009-01-29,8.0493,8.2015,7.9976,8.0357,14916200.0
2009-01-30,8.0601,8.1009,7.8101,7.821,16026800.0
2009-02-02,7.7857,7.946,7.7232,7.9188,14014600.0
2009-02-03,7.8917,8.0085,7.8482,7.9542,12799400.0
2009-02-04,7.9922,8.1063,7.9433,8.0139,15844600.0
2009-02-05,7.9895,8.1172,7.9379,8.071,16159400.0
2009-02-06,8.071,8.2123,8.0031,8.1226,15541600.0
2009-02-09,8.1335,8.1661,7.9949,8.0792,10439400.0
2009-02-10,8.0357,8.0792,7.7911,7.8754,18434600.0
2009-02-11,7.9107,7.9107,7.7503,7.8237,16862400.0
2009-02-12,7.6797,7.7639,7.552,7.7558,23410600.0
2009-02-13,7.6987,7.802,7.6878,7.7096,13670000.0
2009-02-17,7.6063,7.6063,7.3427,7.3753,17024200.0
2009-02-18,7.3563,7.3889,7.2096,7.2639,17020200.0
2009-02-19,7.3155,7.3808,7.2585,7.2911,14717800.0
2009-02-20,7.2204,7.2558,7.0003,7.1498,21881200.0
2009-02-23,7.1688,7.2096,6.9161,6.9596,11045600.0
2009-02-24,6.9623,7.215,6.9623,7.1606,15215800.0
2009-02-25,7.1308,7.1933,7.0683,7.1144,12622200.0
2009-02-26,7.1443,7.2014,6.9677,6.9976,13330400.0
2009-02-27,6.9432,7.0057,6.772,6.9079,18043200.0
2009-03-02,6.8019,6.9052,6.6253,6.6715,18360600.0
2009-03-03,6.696,6.772,6.3862,6.4324,12105600.0
2009-03-04,6.4731,6.5873,6.4025,6.4921,10979800.0
2009-03-05,6.416,6.484,6.1959,6.3073,21457200.0
2009-03-06,6.3182,6.4813,6.1525,6.3019,18328400.0
2009-03-09,6.234,6.3046,6.0981,6.1796,19566600.0
2009-03-10,6.2041,6.3644,6.1878,6.2612,16589200.0
2009-03-11,6.3182,6.3454,6.2258,6.2503,18657000.0
2009-03-12,6.2612,6.3726,6.2014,6.3318,11987200.0
2009-03-13,6.3862,6.465,6.3671,6.4188,13432800.0
2009-03-16,6.465,6.7123,6.4622,6.5927,16605600.0
2009-03-17,6.6117,6.7666,6.5411,6.696,11745000.0
2009-03-18,6.696,6.9568,6.6144,6.9134,17613000.0
2009-03-19,6.9728,7.0772,6.8904,7.003,16395200.0
2009-03-20,7.0255,7.1244,6.7288,6.9651,14656400.0
2009-03-23,7.0997,7.2508,7.0365,7.2343,13965800.0
2009-03-24,7.1986,7.2343,7.0777,7.1079,12688600.0
2009-03-25,7.1217,7.2068,6.9651,7.0887,13980600.0
2009-03-26,7.1217,7.1849,6.9898,7.1601,13228800.0
2009-03-27,7.1244,7.1272,7.0392,7.0887,14640400.0
2009-03-30,6.9678,7.0008,6.8607,6.9486,16306400.0
2009-03-31,6.9678,7.1519,6.9376,7.0173,14846600.0
2009-04-01,6.9293,7.1162,6.8607,7.0475,10719800.0
2009-04-02,7.1931,7.2343,6.7233,7.1382,18396200.0
2009-04-03,7.1904,7.2261,7.1162,7.1849,8015800.0
2009-04-06,7.1244,7.2288,7.0695,7.1244,10266000.0
2009-04-07,7.0722,7.1491,6.9815,7.0914,8926200.0
2009-04-08,7.1079,7.1821,7.053,7.1601,8590000.0
2009-04-09,7.292,7.4047,7.0914,7.1629,11895200.0
2009-04-13,7.1464,7.1601,7.031,7.0695,8886000.0
2009-04-14,7.0118,7.0777,6.9458,6.9788,11544400.0
2009-04-15,6.9431,7.0777,6.9431,7.0447,9253400.0
2009-04-16,7.0722,7.1382,7.0255,7.0777,35073200.0
2009-04-17,7.1107,7.1327,7.042,7.086,12847400.0
2009-04-20,7.0118,7.086,6.998,7.0035,9030600.0
2009-04-21,6.987,7.075,6.987,7.0228,7353400.0
2009-04-22,7.0008,7.0392,6.9211,6.9541,10838400.0
2009-04-23,6.9761,6.9843,6.9074,6.9788,12478000.0
2009-04-24,6.9953,7.031,6.9046,6.9678,10432600.0
2009-04-27,6.8744,7.0805,6.8716,7.0173,9717800.0
2009-04-28,6.9925,7.1052,6.9541,7.0447,8163600.0
2009-04-29,7.064,7.1354,7.053,7.0969,11621800.0
2009-04-30,7.1189,7.1986,7.0228,7.1024,13953400.0
2009-05-01,7.1766,7.2893,7.0612,7.2893,6360200.0
2009-05-04,7.3085,7.4074,7.259,7.4047,12199800.0
2009-05-05,7.3854,7.4047,7.3003,7.3854,7277600.0
2009-05-06,7.4596,7.4596,7.3058,7.336,8717000.0
2009-05-07,7.3442,7.4294,7.3277,7.3799,13167200.0
2009-05-08,7.4129,7.6437,7.3909,7.4871,14050000.0
2009-05-11,7.4294,7.5256,7.4129,7.4541,6784000.0
2009-05-12,7.5008,7.5558,7.4376,7.5063,8206800.0
2009-05-13,7.4349,7.4734,7.2975,7.3058,11211600.0
2009-05-14,7.336,7.3772,7.2123,7.3003,7804400.0
2009-05-15,7.2536,7.259,7.0502,7.1272,17643800.0
2009-05-18,7.1766,7.1849,7.0475,7.1272,9855400.0
2009-05-19,7.1437,7.2893,7.1217,7.2563,12242600.0
2009-05-20,7.2893,7.2948,7.1189,7.1244,12451800.0
2009-05-21,7.0557,7.0832,7.0118,7.0392,10756200.0
2009-05-22,7.0228,7.1601,7.0228,7.1189,8137600.0
2009-05-26,7.0502,7.303,7.0283,7.303,12145200.0
2009-05-27,7.303,7.3167,7.1382,7.1546,10080400.0
2009-05-28,7.1656,7.3387,7.1574,7.3167,12182000.0
2009-05-29,7.3167,7.3799,7.2398,7.3635,8883200.0
2009-06-01,7.4102,7.6162,7.3772,7.5915,15805800.0
2009-06-02,7.553,7.619,7.4953,7.5008,12433600.0
2009-06-03,7.4789,7.5146,7.303,7.3744,11455200.0
2009-06-04,7.4212,7.4569,7.3772,7.4431,6922600.0
2009-06-05,7.5366,7.5558,7.3854,7.4431,11494800.0
2009-06-08,7.4376,7.4816,7.3222,7.3772,10916200.0
2009-06-09,7.4239,7.4569,7.3525,7.3854,7135400.0
2009-06-10,7.4404,7.5173,7.4019,7.5008,18191400.0
2009-06-11,7.5256,7.7371,7.5008,7.6465,21218800.0
2009-06-12,7.6052,7.7921,7.5558,7.7426,21989800.0
2009-06-15,7.6767,7.7042,7.5201,7.586,13054800.0
2009-06-16,7.5997,7.652,7.5173,7.5338,12444800.0
2009-06-17,7.5503,7.63,7.5091,7.5558,14938200.0
2009-06-18,7.5761,7.7372,7.565,7.7261,16969800.0
2009-06-19,7.7531,7.8003,7.6169,7.6336,16952000.0
2009-06-22,7.5975,7.6947,7.5475,7.6058,19419200.0
2009-06-23,7.628,7.6447,7.5141,7.5447,14475600.0
2009-06-24,7.5836,7.6586,7.5502,7.6086,9320400.0
2009-06-25,7.6697,7.767,7.5391,7.7364,14346000.0
2009-06-26,7.7336,7.7781,7.6642,7.7086,6346000.0
2009-06-29,7.7531,7.817,7.6892,7.8087,7086600.0
2009-06-30,7.8837,7.8837,7.6614,7.7503,11831200.0
2009-07-01,7.7531,7.8781,7.7392,7.8476,15155800.0
2009-07-02,7.7809,7.8504,7.6169,7.6197,18470600.0
2009-07-06,7.5669,7.6975,7.5391,7.6697,12154800.0
2009-07-07,7.7003,7.7003,7.503,7.5169,14973200.0
2009-07-08,7.528,7.6086,7.4252,7.4835,16123800.0
2009-07-09,7.4974,7.5669,7.4196,7.4863,10200400.0
2009-07-10,7.4947,7.5169,7.4196,7.478,10633400.0
2009-07-13,7.478,7.6197,7.4335,7.6086,8724800.0
2009-07-14,7.6558,7.6697,7.5641,7.6669,8768800.0
2009-07-15,7.7642,7.8226,7.6864,7.8198,14313600.0
2009-07-16,7.8059,7.8587,7.7114,7.8226,8217800.0
2009-07-17,7.8615,7.8615,7.717,7.7864,6902600.0
2009-07-20,7.7976,7.8504,7.7364,7.8448,7594000.0
2009-07-21,7.8726,7.9337,7.8448,7.9226,12115200.0
2009-07-22,7.9226,7.9504,7.8504,7.8809,9598200.0
2009-07-23,7.8948,8.1199,7.8754,8.0866,14585400.0
2009-07-24,8.0866,8.2144,8.0338,8.2144,10251400.0
2009-07-27,8.156,8.1949,8.1366,8.1949,4048000.0
2009-07-28,8.181,8.1977,7.9949,8.0615,8838400.0
2009-07-29,8.031,8.081,7.9282,8.0226,8693200.0
2009-07-30,8.1143,8.1894,8.056,8.1449,11359600.0
2009-07-31,8.1227,8.1616,8.0365,8.0421,9311400.0
2009-08-03,8.0782,8.1255,8.0282,8.1227,12156200.0
2009-08-04,8.0977,8.0977,7.9921,8.0032,10982600.0
2009-08-05,8.0421,8.056,7.8948,7.9476,8673800.0
2009-08-06,7.9421,7.9865,7.9004,7.9615,8085000.0
2009-08-07,8.031,8.0699,7.9615,8.0365,11626800.0
2009-08-10,8.0338,8.0588,7.9448,8.0532,5988200.0
2009-08-11,8.0477,8.0588,7.9837,8.0588,5283200.0
2009-08-12,8.0643,8.1532,8.0032,8.0977,8340000.0
2009-08-13,8.106,8.1255,8.0199,8.0699,9861800.0
2009-08-14,8.0393,8.1088,7.9893,8.0699,6289800.0
2009-08-17,7.9754,8.006,7.9421,7.9587,8562200.0
2009-08-18,8.0143,8.0143,7.9198,7.9754,8236000.0
2009-08-19,7.9615,8.0532,7.9393,8.0338,6858200.0
2009-08-20,8.0532,8.1005,8.0032,8.1005,7580800.0
2009-08-21,8.1255,8.2616,8.1143,8.2588,13903400.0
2009-08-24,8.2783,8.2978,8.2144,8.2727,5996200.0
2009-08-25,8.2727,8.3033,8.2172,8.2283,5256400.0
2009-08-26,8.2283,8.2477,8.1588,8.2144,5977000.0
2009-08-27,8.2255,8.2311,8.1532,8.2116,9455200.0
2009-08-28,8.2227,8.2422,8.1449,8.1922,6146000.0
2009-08-31,8.1727,8.1838,8.1005,8.1227,11836800.0
2009-09-01,8.0921,8.1838,8.0449,8.0588,11885800.0
2009-09-02,8.0282,8.0532,7.9754,8.0032,9294200.0
2009-09-03,8.0393,8.0393,7.9532,7.9976,6678600.0
2009-09-04,8.0393,8.056,7.9865,8.0365,6546400.0
2009-09-08,8.0977,8.1032,8.0226,8.056,5813400.0
2009-09-09,8.0532,8.0893,8.0365,8.0449,8230800.0
2009-09-10,8.031,8.0671,7.9921,8.0449,9982200.0
2009-09-11,8.0588,8.0866,8.0226,8.0421,10783000.0
2009-09-14,8.0199,8.1588,8.0032,8.1588,11600200.0
2009-09-15,8.1644,8.2227,8.1116,8.2199,7863600.0
2009-09-16,8.245,8.3533,8.1755,8.3505,10466800.0
2009-09-17,8.3371,8.368,8.2837,8.295,9257200.0
2009-09-18,8.3246,8.3498,8.2965,8.333,9020200.0
2009-09-21,8.2881,8.3218,8.2291,8.2937,11981600.0
2009-09-22,8.3218,8.3302,8.2544,8.2712,8769200.0
2009-09-23,8.2825,8.3779,8.2347,8.2431,17538200.0
2009-09-24,8.246,8.3021,8.2207,8.2207,8752800.0
2009-09-25,8.2123,8.2544,8.1954,8.1982,5849200.0
2009-09-28,8.2207,8.3302,8.1898,8.2684,6122200.0
2009-09-29,8.3133,8.3218,8.2347,8.2853,10005600.0
2009-09-30,8.3161,8.3218,8.187,8.2347,12741800.0
2009-10-01,8.2431,8.2431,8.0803,8.0943,16547200.0
2009-10-02,8.027,8.0438,7.9792,8.0073,11971200.0
2009-10-05,8.0101,8.114,7.9596,8.0943,13056600.0
2009-10-06,8.1196,8.1926,8.0943,8.1561,7856600.0
2009-10-07,8.1421,8.173,8.1028,8.1617,6006600.0
2009-10-08,8.2123,8.2123,8.1477,8.1617,9198200.0
2009-10-09,8.1617,8.2347,8.1308,8.2123,5858800.0
2009-10-12,8.2095,8.2965,8.2095,8.2965,4717400.0
2009-10-13,8.2656,8.2656,8.2038,8.2375,8947600.0
2009-10-14,8.274,8.2937,8.1982,8.2431,15066800.0
2009-10-15,8.2235,8.3189,8.2235,8.3077,13371800.0
2009-10-16,8.2684,8.3695,8.2431,8.3358,14457800.0
2009-10-19,8.3386,8.4874,8.3049,8.4537,14975800.0
2009-10-20,8.4706,8.4762,8.3358,8.3695,10979800.0
2009-10-21,8.3667,8.4818,8.3583,8.3807,14431400.0
2009-10-22,8.3751,8.4088,8.3133,8.3976,7643800.0
2009-10-23,8.4172,8.4256,8.2347,8.2628,13334400.0
2009-10-26,8.2768,8.3779,8.128,8.1533,20957200.0
2009-10-27,8.1814,8.2347,8.1056,8.1336,16139800.0
2009-10-28,8.1168,8.1673,8.041,8.0522,22185200.0
2009-10-29,8.0859,8.1365,8.0382,8.1224,14173200.0
2009-10-30,8.1196,8.1449,7.9596,7.9708,23936600.0
2009-11-02,8.0017,8.0578,7.8894,7.9568,15891800.0
2009-11-03,7.9568,7.982,7.9118,7.9399,15665000.0
2009-11-04,7.968,8.1056,7.9596,7.9933,14857000.0
2009-11-05,8.0466,8.1365,8.041,8.128,11063200.0
2009-11-06,8.1056,8.1645,8.0803,8.1196,11264600.0
2009-11-09,8.1617,8.2656,8.1505,8.2656,8634200.0
2009-11-10,8.2347,8.3218,8.2347,8.3049,10248800.0
2009-11-11,8.3498,8.3611,8.26,8.2853,11515000.0
2009-11-12,8.274,8.3049,8.1645,8.1701,10582200.0
2009-11-13,8.187,8.2796,8.1561,8.2516,13933600.0
2009-11-16,8.3049,8.3639,8.2796,8.3583,14741000.0
2009-11-17,8.3779,8.3779,8.2909,8.3133,9824600.0
2009-11-18,8.3161,8.3358,8.2656,8.2768,8661000.0
2009-11-19,8.2572,8.2768,8.1533,8.1758,11945200.0
2009-11-20,8.1561,8.2123,8.1505,8.2123,13197600.0
2009-11-23,8.2853,8.3526,8.2544,8.3161,12889200.0
2009-11-24,8.3189,8.3498,8.2768,8.333,10738800.0
2009-11-25,8.3358,8.4481,8.333,8.4284,11134000.0
2009-11-27,8.333,8.3723,8.246,8.2825,10499800.0
2009-11-30,8.3246,8.3695,8.2853,8.3526,9428400.0
2009-12-01,8.4172,8.5155,8.3976,8.5127,19943600.0
2009-12-02,8.5408,8.6278,8.5155,8.6278,24402400.0
2009-12-03,8.6446,8.7176,8.5913,8.6559,19005800.0
2009-12-04,8.7429,8.7654,8.5014,8.5997,33935200.0
2009-12-07,8.6559,8.7261,8.5295,8.6839,20440600.0
2009-12-08,8.6811,8.6839,8.5744,8.6418,21476800.0
2009-12-09,8.6587,8.6811,8.6053,8.6727,17640000.0
2009-12-10,8.7036,8.8075,8.7008,8.7934,22466800.0
2009-12-11,8.8243,8.9338,8.7822,8.9338,24309600.0
2009-12-14,8.99,9.0068,8.917,8.9759,25368400.0
2009-12-15,8.9366,8.9479,8.8805,8.9142,13306600.0
2009-12-16,8.9479,8.9703,8.8777,8.8805,20314600.0
2009-12-17,8.8498,8.8953,8.8044,8.8299,15894000.0
2009-12-18,8.9235,8.9405,8.8155,8.9064,20274400.0
2009-12-21,8.9348,8.9718,8.9064,8.932,10383400.0
2009-12-22,8.9718,8.9803,8.8496,8.8581,18659800.0
2009-12-23,8.9064,8.9064,8.8354,8.878,8989600.0
2009-12-24,8.9121,8.9519,8.8752,8.949,3625600.0
2009-12-28,8.949,8.9774,8.9149,8.949,9062400.0
2009-12-29,8.9718,8.9888,8.9433,8.9433,8577000.0
2009-12-30,8.9433,8.9689,8.9206,8.9433,4428600.0
2009-12-31,8.9774,8.9803,8.807,8.807,9575200.0
2010-01-04,8.8865,8.9093,8.8098,8.8269,16092400.0
2010-01-05,8.8041,8.8553,8.682,8.7246,25400400.0
2010-01-06,8.7189,8.807,8.7189,8.7757,24072200.0
2010-01-07,8.7644,8.77,8.7047,8.7246,12820200.0
2010-01-08,8.7246,8.7473,8.6706,8.7274,12358400.0
2010-01-11,8.7502,8.8354,8.736,8.8325,16205600.0
2010-01-12,8.7928,8.8524,8.7473,8.7814,14204000.0
2010-01-13,8.8041,8.8808,8.7672,8.8808,14638200.0
2010-01-14,8.8666,8.8894,8.7985,8.8269,9833000.0
2010-01-15,8.7757,8.8183,8.6877,8.7729,21310800.0
2010-01-19,8.7843,8.8922,8.7615,8.8922,11565600.0
2010-01-20,8.8524,8.8524,8.7104,8.7899,17992400.0
2010-01-21,8.7985,8.8524,8.6365,8.6621,25075600.0
2010-01-22,8.6649,8.6649,8.4717,8.4717,24064000.0
2010-01-25,8.5172,8.5627,8.4519,8.5286,13994400.0
2010-01-26,8.5229,8.5967,8.4774,8.5627,14737400.0
2010-01-27,8.5428,8.5655,8.4007,8.5058,22910800.0
2010-01-28,8.4945,8.557,8.395,8.449,23215200.0
2010-01-29,8.4632,8.4916,8.3752,8.3752,18718200.0
2010-02-01,8.3979,8.449,8.3382,8.4433,13105200.0
2010-02-02,8.4575,8.5172,8.3723,8.5115,12906000.0
2010-02-03,8.4661,8.4973,8.4263,8.4519,7688800.0
2010-02-04,8.4121,8.4291,8.2303,8.2303,14120000.0
2010-02-05,8.2473,8.2473,8.0854,8.2161,19692600.0
2010-02-08,8.2246,8.2729,8.1195,8.128,9931200.0
2010-02-09,8.1933,8.2984,8.1649,8.2047,17246400.0
2010-02-10,8.2217,8.2217,8.0967,8.1678,12559800.0
2010-02-11,8.1763,8.2274,8.0825,8.2132,15776400.0
2010-02-12,8.1678,8.1905,8.1109,8.1706,19122800.0
2010-02-16,8.1962,8.3297,8.1962,8.3269,11671200.0
2010-02-17,8.3666,8.378,8.2757,8.2956,12136400.0
2010-02-18,8.2473,8.3638,8.2388,8.3354,10866800.0
2010-02-19,8.3269,8.4888,8.2928,8.4547,10362400.0
2010-02-22,8.52,8.5399,8.4036,8.4149,10870000.0
2010-02-23,8.3837,8.4234,8.3297,8.3524,10960400.0
2010-02-24,8.3752,8.3894,8.27,8.3609,9656400.0
2010-02-25,8.2786,8.3467,8.2104,8.3439,14659200.0
2010-02-26,8.324,8.3609,8.27,8.2871,12203400.0
2010-03-01,8.307,8.4121,8.3041,8.395,9226400.0
2010-03-02,8.4036,8.4604,8.4036,8.4206,9145000.0
2010-03-03,8.4405,8.4774,8.395,8.4092,6805200.0
2010-03-04,8.4263,8.432,8.3695,8.4263,10706400.0
2010-03-05,8.4632,8.5257,8.432,8.5115,10120800.0
2010-03-08,8.5456,8.5456,8.5058,8.5115,6870400.0
2010-03-09,8.503,8.5229,8.4831,8.5087,7683000.0
2010-03-10,8.5144,8.5229,8.4632,8.503,7622600.0
2010-03-11,8.4945,8.5342,8.4632,8.5314,7174000.0
2010-03-12,8.5428,8.5598,8.4575,8.4774,9282600.0
2010-03-15,8.4717,8.5144,8.4519,8.5087,7391800.0
2010-03-16,8.4973,8.6138,8.4916,8.6081,10822800.0
2010-03-17,8.6308,8.6507,8.5911,8.6365,11623000.0
2010-03-18,8.6197,8.6655,8.5738,8.5967,8437200.0
2010-03-19,8.6216,8.6474,8.527,8.5872,11330400.0
2010-03-22,8.5528,8.5671,8.5012,8.5356,9741400.0
2010-03-23,8.5499,8.5642,8.5069,8.5642,11507000.0
2010-03-24,8.5356,8.5642,8.4639,8.4639,12214200.0
2010-03-25,8.4783,8.5155,8.4123,8.4152,20476200.0
2010-03-26,8.4181,8.4754,8.398,8.441,12291400.0
2010-03-29,8.4725,8.547,8.4639,8.5442,10672800.0
2010-03-30,8.5327,8.5814,8.5184,8.5213,10454200.0
2010-03-31,8.5069,8.547,8.4553,8.4926,11221600.0
2010-04-01,8.5413,8.633,8.527,8.6187,10024000.0
2010-04-05,8.6388,8.6703,8.6044,8.6703,6511400.0
2010-04-06,8.6015,8.742,8.6015,8.742,7757800.0
2010-04-07,8.7162,8.7248,8.6273,8.656,11116200.0
2010-04-08,8.6187,8.6388,8.5786,8.6044,9378400.0
2010-04-09,8.613,8.6674,8.547,8.6674,11424200.0
2010-04-12,8.676,8.7133,8.6703,8.6875,9160000.0
2010-04-13,8.6904,8.6904,8.5986,8.6474,10344400.0
2010-04-14,8.6416,8.6732,8.6101,8.6531,8850000.0
2010-04-15,8.6359,8.6617,8.6044,8.6474,9373800.0
2010-04-16,8.633,8.6502,8.5299,8.5556,15151200.0
2010-04-19,8.5356,8.5757,8.5069,8.5614,10448000.0
2010-04-20,8.613,8.6674,8.5986,8.6588,7119400.0
2010-04-21,8.676,8.6904,8.6187,8.676,9336600.0
2010-04-22,8.633,8.7162,8.6158,8.7047,9701200.0
2010-04-23,8.7104,8.7792,8.6531,8.7649,8836800.0
2010-04-26,8.7706,8.8021,8.7362,8.7362,11170800.0
2010-04-27,8.7076,8.7649,8.5843,8.5929,12240200.0
2010-04-28,8.6273,8.6932,8.59,8.6818,13409200.0
2010-04-29,8.7076,8.7563,8.6617,8.6904,6364800.0
2010-04-30,8.699,8.8107,8.6932,8.7334,9498400.0
2010-05-03,8.7591,8.8595,8.7305,8.8365,11069200.0
2010-05-04,8.7849,8.7993,8.6416,8.6846,18365600.0
2010-05-05,8.6244,8.7334,8.5843,8.6101,15145000.0
2010-05-06,8.5958,8.6216,7.3834,8.3894,35498000.0
2010-05-07,8.3149,8.4869,8.2203,8.3407,34277800.0
2010-05-10,8.5356,8.6531,8.4926,8.6072,18812600.0
2010-05-11,8.547,8.7076,8.5184,8.6158,14169600.0
2010-05-12,8.6273,8.7133,8.59,8.7018,10211000.0
2010-05-13,8.6846,8.7677,8.6388,8.6502,11932800.0
2010-05-14,8.613,8.6646,8.5356,8.5786,14233800.0
2010-05-17,8.5986,8.6273,8.4553,8.5872,16636800.0
2010-05-18,8.6273,8.6588,8.4897,8.5069,15275000.0
2010-05-19,8.4697,8.5012,8.3607,8.4181,16766400.0
2010-05-20,8.3063,8.3149,8.1544,8.1687,21708000.0
2010-05-21,8.077,8.2117,8.0254,8.2117,19319600.0
2010-05-24,8.2002,8.2604,8.1228,8.1257,10359200.0
2010-05-25,7.9738,8.0885,7.8649,8.0885,25753800.0
2010-05-26,8.1658,8.1773,8.0397,8.0799,14843000.0
2010-05-27,8.1458,8.2404,8.1372,8.2346,10677400.0
2010-05-28,8.2461,8.3178,8.2117,8.2432,14329800.0
2010-06-01,8.1974,8.226,8.0455,8.0512,21247200.0
2010-06-02,8.0942,8.2289,8.0512,8.2203,11933800.0
2010-06-03,8.2346,8.3149,8.2318,8.3092,11788200.0
2010-06-04,8.2117,8.226,8.034,8.0598,15285800.0
2010-06-07,8.1228,8.2203,8.0598,8.1114,13447000.0
2010-06-08,8.0971,8.2318,8.0741,8.2146,15692400.0
2010-06-09,8.2719,8.2748,8.1458,8.1687,12105400.0
2010-06-10,8.2289,8.3837,8.2289,8.3693,11891000.0
2010-06-11,8.292,8.3837,8.2748,8.3751,11836000.0
2010-06-14,8.4209,8.484,8.4066,8.4238,9415600.0
2010-06-15,8.4811,8.5872,8.4668,8.5872,9272600.0
2010-06-16,8.5155,8.6703,8.5155,8.6416,12378200.0
2010-06-17,8.6728,8.7105,8.5772,8.7047,13907000.0
2010-06-18,8.7153,8.7327,8.6747,8.7124,8938000.0
2010-06-21,8.7587,8.7877,8.6081,8.6516,12187200.0
2010-06-22,8.6516,8.6545,8.417,8.4401,20374600.0
2010-06-23,8.4314,8.4401,8.3127,8.3619,22057400.0
2010-06-24,8.3301,8.4343,8.3098,8.3156,14557600.0
2010-06-25,8.3388,8.388,8.2548,8.3532,7707400.0
2010-06-28,8.3793,8.4488,8.304,8.4083,12460400.0
2010-06-29,8.3359,8.3359,8.2026,8.2374,17089000.0
2010-06-30,8.2084,8.3243,8.1534,8.1852,12786800.0
2010-07-01,8.1708,8.1997,8.0868,8.1476,19248800.0
2010-07-02,8.1621,8.2084,8.1331,8.1563,11831800.0
2010-07-06,8.2258,8.2982,8.1766,8.2519,17331200.0
2010-07-07,8.2577,8.5183,8.2519,8.5039,13921800.0
2010-07-08,8.5328,8.585,8.5039,8.5734,12658000.0
2010-07-09,8.5589,8.6429,8.5328,8.6371,12400000.0
2010-07-12,8.6197,8.6661,8.5821,8.6603,8124000.0
2010-07-13,8.7182,8.7443,8.64,8.6892,13529200.0
2010-07-14,8.64,8.7037,8.6052,8.6921,12197200.0
2010-07-15,8.6892,8.7732,8.6342,8.75,15219000.0
2010-07-16,8.7124,8.7414,8.5907,8.6023,16085800.0
2010-07-19,8.6313,8.7616,8.6168,8.7327,13300200.0
2010-07-20,8.5994,8.8109,8.5994,8.8109,10162200.0
2010-07-21,8.8051,8.8109,8.6313,8.6689,11653600.0
2010-07-22,8.7472,8.8572,8.7472,8.8138,10612400.0
2010-07-23,8.8196,8.8398,8.75,8.8283,13974800.0
2010-07-26,8.8196,8.892,8.8196,8.892,9711600.0
2010-07-27,8.9209,9.0368,8.8978,9.0223,33067400.0
2010-07-28,9.0194,9.0223,8.9615,8.9818,14583400.0
2010-07-29,8.9876,9.0339,8.808,8.8398,15840600.0
2010-07-30,8.7906,8.8427,8.7385,8.7964,16685600.0
2010-08-02,8.9151,8.9789,8.8746,8.9789,13637200.0
2010-08-03,8.9499,9.0136,8.9238,8.9354,7666800.0
2010-08-04,8.9528,8.9731,8.8804,8.9702,10066400.0
2010-08-05,8.9036,8.9644,8.8804,8.9586,7211600.0
2010-08-06,8.9151,8.9789,8.8485,8.9673,12254400.0
2010-08-09,8.9933,9.0484,8.9876,9.0078,9175200.0
2010-08-10,8.9818,9.1092,8.9238,9.06,17836200.0
2010-08-11,8.947,8.9615,8.8746,8.8775,16390800.0
2010-08-12,8.7993,8.8891,8.779,8.8601,12733000.0
2010-08-13,8.8369,8.9499,8.8283,8.892,11539400.0
2010-08-16,8.8601,8.9151,8.7848,8.892,14652400.0
2010-08-17,8.9818,9.031,8.9151,8.9731,9938600.0
2010-08-18,8.9615,8.9933,8.8601,8.9296,26388000.0
2010-08-19,8.892,8.9093,8.75,8.7906,17751000.0
2010-08-20,8.779,8.8427,8.7327,8.8254,16011800.0
2010-08-23,8.8485,8.9528,8.8456,8.8833,10137600.0
2010-08-24,8.8167,8.9586,8.7935,8.9065,26528200.0
2010-08-25,8.863,8.9122,8.7906,8.8862,16891200.0
2010-08-26,8.9209,8.9209,8.8254,8.8514,13565200.0
2010-08-27,8.8543,9.0223,8.8138,9.0194,18283600.0
2010-08-30,9.0107,9.0194,8.8833,8.8833,10477400.0
2010-08-31,8.8659,8.9615,8.8051,8.9325,15965000.0
2010-09-01,8.9933,9.1324,8.9644,9.1179,15453200.0
2010-09-02,9.1295,9.1411,9.0397,9.1179,11569800.0
2010-09-03,9.144,9.1642,9.0773,9.1555,9820600.0
2010-09-07,9.1411,9.1932,9.1092,9.115,9536600.0
2010-09-08,9.1266,9.1584,9.0629,9.0687,8832200.0
2010-09-09,9.1295,9.1787,9.1237,9.1584,10594000.0
2010-09-10,9.1353,9.1411,9.0715,9.1063,12120600.0
2010-09-13,9.1903,9.1903,9.1237,9.1382,9594800.0
2010-09-14,9.1382,9.1642,9.0773,9.1266,10154800.0
2010-09-15,9.1121,9.1179,9.0484,9.0744,11462600.0
2010-09-16,9.0601,9.0777,9.0045,9.0426,10050800.0
2010-09-17,9.0886,9.0974,9.0008,9.0213,15579800.0
2010-09-20,9.0652,9.1559,9.0271,9.1442,10959000.0
2010-09-21,9.1559,9.1676,9.0798,9.1003,14445400.0
2010-09-22,9.0944,9.1998,9.0944,9.1647,15581800.0
2010-09-23,9.1149,9.1647,9.0505,9.0593,13440400.0
2010-09-24,9.1588,9.232,9.1471,9.2027,9681400.0
2010-09-27,9.2203,9.27,9.1939,9.2378,16741000.0
2010-09-28,9.2349,9.27,9.1617,9.2437,10087200.0
2010-09-29,9.2232,9.2466,9.15,9.2086,8022200.0
2010-09-30,9.2612,9.2788,9.1617,9.1734,20345400.0
2010-10-01,9.2173,9.2612,9.1705,9.232,11943400.0
2010-10-04,9.2437,9.2905,9.1676,9.2173,9013600.0
2010-10-05,9.2759,9.3256,9.2583,9.3227,8660600.0
2010-10-06,9.3168,9.3227,9.2378,9.2729,8534200.0
2010-10-07,9.3051,9.3315,9.2554,9.2905,6823800.0
2010-10-08,9.3051,9.3285,9.2612,9.3197,5709600.0
2010-10-11,9.3344,9.3549,9.2934,9.3227,6484400.0
2010-10-12,9.3461,9.3461,9.2407,9.2876,7494600.0
2010-10-13,9.3607,9.3607,9.2846,9.3139,7815200.0
2010-10-14,9.3227,9.3549,9.2642,9.3051,7881400.0
2010-10-15,9.3607,9.3636,9.2846,9.3373,11039000.0
2010-10-18,9.3549,9.4251,9.3344,9.3344,7156800.0
2010-10-19,9.3578,9.4251,9.3197,9.3432,15795800.0
2010-10-20,9.3783,9.4807,9.3753,9.428,7456000.0
2010-10-21,9.4514,9.4778,9.3344,9.387,11546800.0
2010-10-22,9.3929,9.4017,9.2905,9.3256,8424800.0
2010-10-25,9.387,9.387,9.2846,9.3051,10217400.0
2010-10-26,9.2788,9.2963,9.2378,9.2788,7421400.0
2010-10-27,9.2349,9.2495,9.1442,9.2437,11607200.0
2010-10-28,9.2846,9.2993,9.2232,9.2671,10328800.0
2010-10-29,9.2349,9.2993,9.2086,9.2934,8198200.0
2010-11-01,9.3168,9.3519,9.1471,9.191,13386200.0
2010-11-02,9.27,9.3227,9.2524,9.2993,7897400.0
2010-11-03,9.3227,9.3402,9.2173,9.2817,16519800.0
2010-11-04,9.3958,9.3958,9.3373,9.3812,17389800.0
2010-11-05,9.3549,9.3929,9.3402,9.3783,10501600.0
2010-11-08,9.3666,9.3666,9.2905,9.3285,7367800.0
2010-11-09,9.3432,9.3724,9.2642,9.2934,18139600.0
2010-11-10,9.2817,9.3051,9.1881,9.2524,13161200.0
2010-11-11,9.229,9.2495,9.2086,9.2407,9593200.0
2010-11-12,9.2173,9.2173,9.1325,9.1705,14443800.0
2010-11-15,9.2027,9.2554,9.1969,9.2086,7016600.0
2010-11-16,9.1705,9.1822,9.0418,9.0857,18177400.0
2010-11-17,9.1061,9.1266,9.0681,9.0886,10672400.0
2010-11-18,9.1617,9.1676,9.1003,9.1471,8454200.0
2010-11-19,9.1178,9.15,9.0447,9.1091,8555200.0
2010-11-22,9.0974,9.15,9.0447,9.1354,8219600.0
2010-11-23,9.071,9.071,9.0037,9.0359,11520400.0
2010-11-24,9.0857,9.0974,9.0535,9.0915,6475600.0
2010-11-26,9.0418,9.1032,9.0125,9.0301,3830600.0
2010-11-29,9.0037,9.0271,8.9276,9.0037,12043800.0
2010-11-30,8.954,9.0388,8.9364,9.0008,10898800.0
2010-12-01,9.1003,9.1178,9.0476,9.1061,11172400.0
2010-12-02,9.0944,9.1325,9.0622,9.1325,17535600.0
2010-12-03,9.1003,9.1617,9.0769,9.1588,10994600.0
2010-12-06,9.15,9.1617,9.1149,9.1266,8142400.0
2010-12-07,9.1734,9.1939,9.0564,9.0652,16124200.0
2010-12-08,9.0857,9.1032,9.0125,9.033,16577200.0
2010-12-09,9.0769,9.0827,9.0242,9.071,12223200.0
2010-12-10,9.0886,9.1208,9.0827,9.0944,8699600.0
2010-12-13,9.1208,9.1705,9.1149,9.15,9207600.0
2010-12-14,9.1764,9.2086,9.153,9.1705,9775000.0
2010-12-15,9.1559,9.1851,9.0915,9.0944,18875600.0
2010-12-16,9.1024,9.1764,9.058,9.1705,10777400.0
2010-12-17,9.1677,9.224,9.1263,9.224,11437400.0
2010-12-20,9.2447,9.2625,9.2003,9.2358,8817800.0
2010-12-21,9.2447,9.2714,9.227,9.2388,6260600.0
2010-12-22,9.2388,9.3039,9.2388,9.2803,6510000.0
2010-12-23,9.2921,9.3158,9.2684,9.2862,5584400.0
2010-12-27,9.2862,9.3276,9.2506,9.2921,3346200.0
2010-12-28,9.3039,9.3247,9.2625,9.3247,2228800.0
2010-12-29,9.3395,9.3395,9.2743,9.2921,3483200.0
2010-12-30,9.2803,9.3188,9.2654,9.2773,4337200.0
2010-12-31,9.2773,9.3158,9.2654,9.2803,4261000.0
2011-01-03,9.3188,9.3484,9.2773,9.3247,6249600.0
2011-01-04,9.3247,9.3898,9.2684,9.3691,9523600.0
2011-01-05,9.3395,9.3484,9.298,9.3099,8965800.0
2011-01-06,9.3188,9.3276,9.2506,9.3188,11285400.0
2011-01-07,9.3336,9.3572,9.2654,9.3513,10053600.0
2011-01-10,9.3276,9.3276,9.2477,9.2951,11987400.0
2011-01-11,9.3365,9.3543,9.2862,9.3217,6243400.0
2011-01-12,9.3395,9.4076,9.3395,9.3661,7814400.0
2011-01-13,9.3691,9.378,9.3128,9.3484,12286400.0
2011-01-14,9.3424,9.4046,9.3247,9.3987,6743800.0
2011-01-18,9.3928,9.4313,9.3809,9.4194,6929400.0
2011-01-19,9.4313,9.4431,9.3839,9.3987,9050800.0
2011-01-20,9.4105,9.4964,9.4017,9.4727,15222600.0
2011-01-21,9.529,9.529,9.4402,9.4787,14341200.0
2011-01-24,9.4816,9.5379,9.4609,9.5142,7108800.0
2011-01-25,9.4964,9.5349,9.4579,9.5053,16682800.0
2011-01-26,9.5112,9.5112,9.4372,9.4638,10914600.0
2011-01-27,9.4372,9.5231,9.4372,9.4994,6837000.0
2011-01-28,9.5053,9.5201,9.3691,9.3721,10895000.0
2011-01-31,9.4283,9.452,9.3721,9.3928,7434400.0
2011-02-01,9.4342,9.4905,9.4046,9.4875,10260800.0
2011-02-02,9.4609,9.4787,9.4283,9.4283,6037200.0
2011-02-03,9.4283,9.4875,9.3898,9.4787,14596400.0
2011-02-04,9.4668,9.4816,9.3572,9.4165,8540200.0
2011-02-07,9.4135,9.4846,9.4076,9.4816,7123000.0
2011-02-08,9.4875,9.4905,9.449,9.4816,7061600.0
2011-02-09,9.4638,9.4875,9.4254,9.4757,8389600.0
2011-02-10,9.4668,9.5023,9.4609,9.4935,8182000.0
2011-02-11,9.4757,9.529,9.4579,9.4757,18313400.0
2011-02-14,9.4698,9.4816,9.3721,9.4076,7759000.0
2011-02-15,9.4076,9.452,9.3721,9.4372,6312000.0
2011-02-16,9.452,9.4638,9.3661,9.4194,9675400.0
2011-02-17,9.4372,9.4638,9.4105,9.4342,15394800.0
2011-02-18,9.4402,9.4638,9.4165,9.449,5609800.0
2011-02-22,9.3839,9.4402,9.3661,9.4076,11099800.0
2011-02-23,9.3957,9.4431,9.378,9.3869,8939400.0
2011-02-24,9.3661,9.4076,9.3247,9.3543,13538600.0
2011-02-25,9.3691,9.4105,9.3454,9.4046,7468000.0
2011-02-28,9.4342,9.5438,9.4135,9.5083,17182600.0
2011-03-01,9.4875,9.5468,9.4105,9.4224,16039400.0
2011-03-02,9.4254,9.455,9.3928,9.4283,11042200.0
2011-03-03,9.4757,9.5527,9.4727,9.5349,10851000.0
2011-03-04,9.526,9.5438,9.4076,9.4816,13688400.0
2011-03-07,9.5171,9.5882,9.4905,9.5142,18390600.0
2011-03-08,9.5468,9.6415,9.5142,9.6119,12738800.0
2011-03-09,9.6237,9.7392,9.6089,9.7185,25309600.0
2011-03-10,9.683,9.6859,9.603,9.6178,21224600.0
2011-03-11,9.606,9.6652,9.5764,9.6297,9745800.0
2011-03-14,9.5231,9.5349,9.4372,9.5023,31114600.0
2011-03-15,9.3276,9.3721,9.2891,9.3217,26773600.0
2011-03-16,9.3069,9.3306,9.1026,9.1766,30066400.0
2011-03-17,9.2632,9.2692,9.1167,9.1885,23564000.0
2011-03-18,9.2909,9.3148,9.1952,9.2371,17421000.0
2011-03-21,9.3328,9.3716,9.2969,9.3477,9361200.0
2011-03-22,9.3567,9.4015,9.3178,9.3417,13754200.0
2011-03-23,9.3477,9.3716,9.2939,9.3507,11107000.0
2011-03-24,9.4165,9.4165,9.3268,9.3926,12001800.0
2011-03-25,9.3896,9.4285,9.3776,9.3866,6674600.0
2011-03-28,9.3926,9.4434,9.3537,9.3537,8936000.0
2011-03-29,9.3597,9.4554,9.3328,9.4404,10643600.0
2011-03-30,9.4942,9.5899,9.4703,9.5541,10736400.0
2011-03-31,9.5511,9.56,9.5092,9.5391,10613800.0
2011-04-01,9.5959,9.6139,9.5541,9.6049,11259400.0
2011-04-04,9.6288,9.6288,9.566,9.5989,7722000.0
2011-04-05,9.5959,9.6049,9.5541,9.56,7951600.0
2011-04-06,9.6049,9.6468,9.575,9.6288,7056800.0
2011-04-07,9.6139,9.6288,9.5541,9.5899,9455600.0
2011-04-08,9.6348,9.6408,9.5212,9.56,11189600.0
2011-04-11,9.5541,9.563,9.4165,9.4374,15947800.0
2011-04-12,9.4135,9.4584,9.3746,9.4135,15774200.0
2011-04-13,9.4494,9.5152,9.4374,9.4374,10394000.0
2011-04-14,9.3956,9.5152,9.3896,9.4883,10680600.0
2011-04-15,9.5242,9.6288,9.5092,9.5989,13591200.0
2011-04-18,9.5421,9.572,9.4584,9.5152,12895000.0
2011-04-19,9.5331,9.5361,9.4883,9.5182,9537800.0
2011-04-20,9.5959,9.6497,9.581,9.6408,10277000.0
2011-04-21,9.6378,9.6497,9.6049,9.6408,8009000.0
2011-04-25,9.6497,9.6707,9.6198,9.6497,4594800.0
2011-04-26,9.6737,9.7424,9.6587,9.7305,9624600.0
2011-04-27,9.7604,9.8262,9.7365,9.8112,11657400.0
2011-04-28,9.8023,9.9039,9.7963,9.895,12296200.0
2011-04-29,9.892,9.9219,9.8561,9.9159,13888400.0
2011-05-02,9.9338,9.9637,9.9039,9.9189,10750400.0
2011-05-03,9.9219,10.0504,9.883,9.9817,28098000.0
2011-05-04,9.9817,9.9966,9.9069,9.9667,17100000.0
2011-05-05,9.9577,9.9637,9.8561,9.895,11250200.0
2011-05-06,9.9966,10.0295,9.9159,9.9548,10656200.0
2011-05-09,9.9428,9.9847,9.9009,9.9787,7272400.0
2011-05-10,10.0205,10.1431,10.0026,10.1192,12971200.0
2011-05-11,10.1192,10.1192,10.0325,10.0863,7611200.0
2011-05-12,10.0863,10.197,10.0684,10.188,10919800.0
2011-05-13,10.2119,10.2179,10.0863,10.1402,13432200.0
2011-05-16,10.1641,10.2418,10.1312,10.1521,15841400.0
2011-05-17,10.1252,10.2299,10.1252,10.2269,16298200.0
2011-05-18,10.2209,10.2358,10.1372,10.194,10508200.0
2011-05-19,10.197,10.2388,10.1701,10.2179,6116600.0
2011-05-20,10.2089,10.2568,10.1611,10.2059,8420400.0
2011-05-23,10.1132,10.194,10.0833,10.0863,11412400.0
2011-05-24,10.0893,10.1312,10.0684,10.0774,8587400.0
2011-05-25,10.0415,10.1043,9.9727,10.0564,12167400.0
2011-05-26,10.0325,10.0684,9.9757,10.0534,7300200.0
2011-05-27,10.0714,10.1103,10.0355,10.0534,8875200.0
2011-05-31,10.1402,10.1461,10.0684,10.1282,12429800.0
2011-06-01,10.1192,10.1252,10.0205,10.0325,13614000.0
2011-06-02,10.0146,10.0176,9.9249,9.9847,11523200.0
2011-06-03,9.889,9.9817,9.8621,9.9249,11674400.0
2011-06-06,9.9069,9.9249,9.8501,9.877,10258600.0
2011-06-07,9.9189,9.9847,9.889,9.892,18716800.0
2011-06-08,9.9069,9.9428,9.871,9.9159,15561200.0
2011-06-09,9.9338,9.9667,9.877,9.9249,11081400.0
2011-06-10,9.895,9.9219,9.8591,9.8591,16347000.0
2011-06-13,9.892,9.9398,9.8501,9.9039,9764200.0
2011-06-14,9.9877,9.9877,9.88,9.9428,13629200.0
2011-06-15,9.895,9.9548,9.7933,9.8202,13024600.0
2011-06-16,9.8375,9.9372,9.8345,9.8979,16242000.0
2011-06-17,9.9869,10.0201,9.9416,9.9718,13931000.0
2011-06-20,9.9416,10.0261,9.8993,10.0231,7785000.0
2011-06-21,10.0624,10.0775,9.9959,10.0292,9760200.0
2011-06-22,10.011,10.0261,9.9476,9.9627,9793200.0
2011-06-23,9.8963,9.9053,9.7966,9.8751,17850600.0
2011-06-24,9.9023,9.9869,9.8963,9.9114,9817000.0
2011-06-27,9.9174,9.999,9.9174,9.9808,6934600.0
2011-06-28,9.9839,10.0503,9.9748,10.0261,11009000.0
2011-06-29,10.0594,10.0956,10.0231,10.0926,9735600.0
2011-06-30,10.1168,10.1228,10.0352,10.1138,7855200.0
2011-07-01,10.1138,10.2497,10.1017,10.2406,15505200.0
2011-07-05,10.2285,10.2406,10.1591,10.1621,11335200.0
2011-07-06,10.1651,10.2255,10.1289,10.1953,7112600.0
2011-07-07,10.2648,10.2678,10.1863,10.2346,14822400.0
2011-07-08,10.1832,10.2104,10.1379,10.1983,11639400.0
2011-07-11,10.1289,10.1319,10.0443,10.0896,14559000.0
2011-07-12,10.0684,10.1953,10.0473,10.1319,11718600.0
2011-07-13,10.1742,10.1953,10.0896,10.1077,8719000.0
2011-07-14,10.1138,10.156,10.0503,10.0624,14153000.0
2011-07-15,10.0715,10.1077,10.0231,10.0775,11520400.0
2011-07-18,10.0564,10.0684,9.9597,9.9808,10753000.0
2011-07-19,10.011,10.0835,9.9355,10.0684,13636000.0
2011-07-20,10.0745,10.1651,10.0473,10.1289,6785000.0
2011-07-21,10.1651,10.298,10.1651,10.2799,13784800.0
2011-07-22,10.3041,10.3041,10.2014,10.2225,8611200.0
2011-07-25,10.1591,10.289,10.147,10.2557,9327600.0
2011-07-26,10.2678,10.2678,10.1923,10.2195,8909400.0
2011-07-27,10.1983,10.2406,10.1651,10.2074,26058000.0
2011-07-28,10.1832,10.1893,10.1107,10.1319,10945600.0
2011-07-29,10.0352,10.1077,9.9929,10.0171,18517600.0
2011-08-01,10.1228,10.1228,9.9778,10.0503,14544200.0
2011-08-02,10.008,10.0322,9.8842,9.8902,18346000.0
2011-08-03,9.8902,9.8963,9.7513,9.8842,24555200.0
2011-08-04,9.7935,9.8479,9.5609,9.57,33437000.0
2011-08-05,9.6365,9.715,9.4552,9.6304,41596800.0
2011-08-08,9.4975,9.5821,9.0867,9.1229,34674400.0
2011-08-09,9.3042,9.428,8.8964,9.419,42934000.0
2011-08-10,9.3042,9.4854,9.2075,9.2317,32951000.0
2011-08-11,9.2709,9.7301,9.2709,9.6334,32142600.0
2011-08-12,9.7241,9.7482,9.5307,9.5851,19015400.0
2011-08-15,9.6576,9.9234,9.6395,9.9023,47816000.0
2011-08-16,9.8268,9.9204,9.7754,9.8902,20081200.0
2011-08-17,9.9446,10.0564,9.9265,9.9627,21217200.0
2011-08-18,9.8147,9.8751,9.6939,9.857,43025400.0
2011-08-19,9.7633,9.8691,9.721,9.7845,28388200.0
2011-08-22,9.9325,9.9325,9.7059,9.7603,38326600.0
2011-08-23,9.8268,9.9385,9.6999,9.9385,28590000.0
2011-08-24,9.9174,10.15,9.9144,10.15,27862800.0
2011-08-25,10.1832,10.1832,9.9355,9.9778,25759000.0
2011-08-26,9.9416,10.0231,9.7392,9.9808,23120400.0
2011-08-29,10.0715,10.1742,10.0564,10.1742,26376800.0
2011-08-30,10.156,10.2104,10.1107,10.1711,14606600.0
2011-08-31,10.2074,10.2678,10.1832,10.2467,18786800.0
2011-09-01,10.2467,10.295,10.1681,10.1711,20337200.0
2011-09-02,10.0413,10.1228,10.0322,10.0503,17471000.0
2011-09-06,9.857,10.0171,9.7875,10.002,22464000.0
2011-09-07,10.0896,10.1319,10.0352,10.1258,14651200.0
2011-09-08,10.0956,10.2104,10.0624,10.1168,13287000.0
2011-09-09,10.0292,10.0473,9.8479,9.8993,26244800.0
2011-09-12,9.857,9.9929,9.8177,9.9808,15089000.0
2011-09-13,10.0201,10.0564,9.9174,10.0564,13513200.0
2011-09-14,10.0986,10.2074,9.9778,10.1198,13459600.0
2011-09-15,10.2252,10.2832,10.1489,10.2557,11515800.0
2011-09-16,10.2629,10.3971,10.2629,10.3697,15804200.0
2011-09-19,10.2568,10.3483,10.2232,10.327,12336400.0
2011-09-20,10.3971,10.5955,10.3422,10.4612,27233600.0
2011-09-21,10.4612,10.5192,10.2751,10.2781,26729600.0
2011-09-22,10.1011,10.1378,9.9882,10.0889,47247000.0
2011-09-23,10.0676,10.2446,10.0523,10.1744,23616200.0
2011-09-26,10.2354,10.2903,10.1713,10.2842,20942400.0
2011-09-27,10.3971,10.4246,10.269,10.2995,17532600.0
2011-09-28,10.3636,10.3819,10.1988,10.214,23475400.0
2011-09-29,10.3422,10.3971,10.2598,10.3575,23615800.0
2011-09-30,10.2842,10.388,10.2568,10.2659,20282400.0
2011-10-03,10.2537,10.3392,10.0157,10.0309,29303000.0
2011-10-04,9.973,9.9882,9.7471,9.9882,40494600.0
2011-10-05,9.9699,10.0187,9.8326,9.973,25525600.0
2011-10-06,9.9852,10.15,9.973,10.1408,21119000.0
2011-10-07,10.1683,10.2598,10.1286,10.1713,20540400.0
2011-10-10,10.272,10.3971,10.272,10.3971,13276600.0
2011-10-11,10.3483,10.3666,10.2385,10.2964,18968600.0
2011-10-12,10.3453,10.3453,10.2476,10.2629,12191800.0
2011-10-13,10.2415,10.2934,10.15,10.2537,14682200.0
2011-10-14,10.3117,10.3727,10.2842,10.3697,15680200.0
2011-10-17,10.3056,10.3788,10.3056,10.3209,9144800.0
2011-10-18,10.2903,10.4582,10.2537,10.4002,21556600.0
2011-10-19,10.3941,10.5558,10.388,10.4032,15830000.0
2011-10-20,10.4063,10.5101,10.3971,10.4765,10402400.0
2011-10-21,10.5467,10.6504,10.5467,10.6504,14358400.0
2011-10-24,10.6657,10.6657,10.5711,10.5986,16823200.0
2011-10-25,10.5741,10.6016,10.4582,10.4795,18869200.0
2011-10-26,10.5619,10.5894,10.4643,10.5223,16093000.0
2011-10-27,10.681,10.8244,10.681,10.7725,20956400.0
2011-10-28,10.7664,10.7664,10.6291,10.684,17563200.0
2011-10-31,10.6291,10.7359,10.6199,10.6321,11045000.0
2011-11-01,10.4826,10.5589,10.391,10.4185,23440600.0
2011-11-02,10.5467,10.6749,10.5436,10.5802,18171600.0
2011-11-03,10.626,10.7572,10.6108,10.7359,15937400.0
2011-11-04,10.6657,10.6962,10.5467,10.6657,11059000.0
2011-11-07,10.684,10.742,10.6077,10.7328,9123400.0
2011-11-08,10.7572,10.803,10.6626,10.8,10869800.0
2011-11-09,10.6749,10.7023,10.5436,10.5711,13961400.0
2011-11-10,10.6565,10.6871,10.565,10.6504,13509200.0
2011-11-11,10.7328,10.7908,10.7206,10.7847,8150200.0
2011-11-14,10.7725,10.7939,10.6535,10.6626,13487200.0
2011-11-15,10.6749,10.7176,10.626,10.681,8405000.0
2011-11-16,10.6321,10.681,10.5467,10.5528,11256000.0
2011-11-17,10.5528,10.5986,10.4155,10.4979,10917400.0
2011-11-18,10.5528,10.5986,10.5162,10.5711,8260000.0
2011-11-21,10.5009,10.5009,10.3636,10.449,12984000.0
2011-11-22,10.449,10.449,10.2842,10.3117,27126400.0
2011-11-23,10.2415,10.2568,10.1255,10.1622,12144000.0
2011-11-25,10.1286,10.2568,10.1286,10.2018,5265400.0
2011-11-28,10.3727,10.4124,10.2812,10.33,8580800.0
2011-11-29,10.3514,10.4795,10.3514,10.4429,9163800.0
2011-11-30,10.6687,10.745,10.6199,10.745,13650800.0
2011-12-01,10.7298,10.7756,10.6901,10.7145,11002800.0
2011-12-02,10.7786,10.7786,10.6016,10.6016,23070600.0
2011-12-05,10.7633,10.7633,10.6352,10.6932,14088800.0
2011-12-06,10.7115,10.7756,10.6687,10.7176,10375200.0
2011-12-07,10.7023,10.742,10.6291,10.6932,9773800.0
2011-12-08,10.6626,10.681,10.5223,10.5436,11885400.0
2011-12-09,10.5955,10.7054,10.5772,10.681,19242200.0
2011-12-12,10.623,10.6657,10.5131,10.5894,19775400.0
2011-12-13,10.6352,10.7511,10.6047,10.6321,13322800.0
2011-12-14,10.6535,10.6718,10.5528,10.5528,11904400.0
2011-12-15,10.6037,10.7241,10.6037,10.6901,14678600.0
2011-12-16,10.7852,10.7852,10.6371,10.6587,14150800.0
2011-12-19,10.7142,10.7328,10.5599,10.5723,12563200.0
2011-12-20,10.6618,10.8161,10.6618,10.8037,12737600.0
2011-12-21,10.8161,10.9765,10.8161,10.9642,17792800.0
2011-12-22,10.9951,11.0012,10.9457,10.9796,7920800.0
2011-12-23,11.0136,11.0969,11.0105,11.0475,6362400.0
2011-12-27,11.066,11.1586,11.0413,11.137,6031400.0
2011-12-28,11.1802,11.1802,11.0784,11.0969,6014800.0
2011-12-29,11.1154,11.1833,11.1061,11.1833,7577600.0
2011-12-30,11.1895,11.1926,11.0969,11.1031,7746000.0
2012-01-03,11.1617,11.1864,10.8716,10.9148,35379000.0
2012-01-04,10.8747,10.9395,10.8408,10.85,11287000.0
2012-01-05,10.8315,10.8994,10.7729,10.8593,22282600.0
2012-01-06,10.884,10.8932,10.7945,10.8068,13712600.0
2012-01-09,10.8408,10.8624,10.7729,10.8161,8633800.0
2012-01-10,10.8994,10.9148,10.8284,10.8377,8432000.0
2012-01-11,10.8315,10.8438,10.7698,10.7883,10898600.0
2012-01-12,10.8037,10.8531,10.7389,10.7821,11490000.0
2012-01-13,10.7451,10.7667,10.6834,10.7574,10390400.0
2012-01-17,10.8284,10.8778,10.7297,10.7574,12702400.0
2012-01-18,10.7636,10.7729,10.6957,10.7574,10599200.0
2012-01-19,10.7636,10.7729,10.6556,10.6649,14676400.0
2012-01-20,10.6649,10.6957,10.6309,10.6803,11712400.0
2012-01-23,10.6649,10.7852,10.6618,10.7235,16550800.0
2012-01-24,10.671,10.6834,10.6155,10.6371,9051200.0
2012-01-25,10.6186,10.8284,10.5353,10.813,24646600.0
2012-01-26,10.8346,10.884,10.7821,10.85,14210200.0
2012-01-27,10.8222,10.8222,10.6772,10.7173,15774400.0
2012-01-30,10.6772,10.6772,10.5846,10.6494,17324200.0
2012-01-31,10.6772,10.705,10.634,10.7019,14256400.0
2012-02-01,10.7266,10.7636,10.705,10.7389,15467600.0
2012-02-02,10.7513,10.7883,10.6988,10.7204,15415200.0
2012-02-03,10.7451,10.7945,10.6834,10.7482,17633400.0
2012-02-06,10.7328,10.7389,10.6741,10.7019,11533200.0
2012-02-07,10.6957,10.813,10.6464,10.779,13336600.0
2012-02-08,10.8037,10.8037,10.7173,10.7914,11860000.0
2012-02-09,10.7729,10.7914,10.7266,10.7605,12474000.0
2012-02-10,10.7142,10.7574,10.6988,10.7389,8786000.0
2012-02-13,10.7852,10.8037,10.7173,10.7266,12210400.0
2012-02-14,10.7235,10.7574,10.6803,10.7297,10814600.0
2012-02-15,10.742,10.7667,10.6649,10.7081,14324400.0
2012-02-16,10.7235,10.8531,10.7019,10.8222,14301800.0
2012-02-17,10.8438,10.884,10.7883,10.8161,8770600.0
2012-02-21,10.8408,10.8408,10.7605,10.776,11640800.0
2012-02-22,10.7636,10.8284,10.7482,10.7883,8774600.0
2012-02-23,10.8006,10.8192,10.742,10.779,9394200.0
2012-02-24,10.7945,10.8593,10.7636,10.8253,6369600.0
2012-02-27,10.813,10.8377,10.7605,10.8222,8733600.0
2012-02-28,10.8192,10.8346,10.7389,10.7698,10419400.0
2012-02-29,10.776,10.8161,10.705,10.7698,11732000.0
2012-03-01,10.7698,10.8315,10.7544,10.7945,10719200.0
2012-03-02,10.7976,10.8222,10.7544,10.7883,9329400.0
2012-03-05,10.7914,10.8346,10.7266,10.813,9095600.0
2012-03-06,10.7698,10.7821,10.7081,10.7636,14269400.0
2012-03-07,10.7914,10.7914,10.6926,10.776,12052400.0
2012-03-08,10.776,10.8315,10.7698,10.8068,10746800.0
2012-03-09,10.8408,10.8654,10.776,10.8531,7541800.0
2012-03-12,10.8809,10.9981,10.8562,10.9765,13668400.0
2012-03-13,11.0074,11.0228,10.9426,11.0136,10549200.0
2012-03-14,10.992,11.029,10.8377,10.85,16605000.0
2012-03-15,10.8719,10.8906,10.7847,10.8408,12518800.0
2012-03-16,10.8227,10.8414,10.7822,10.832,13488000.0
2012-03-19,10.8227,10.8632,10.7573,10.7573,20503000.0
2012-03-20,10.7511,10.8009,10.7262,10.7698,11382200.0
2012-03-21,10.776,10.8071,10.7448,10.748,7781600.0
2012-03-22,10.7417,10.7822,10.7043,10.776,18066200.0
2012-03-23,10.7822,10.804,10.7511,10.7791,10128200.0
2012-03-26,10.8102,10.8819,10.7884,10.8507,13785400.0
2012-03-27,10.8538,10.9255,10.8352,10.8943,8925400.0
2012-03-28,10.9006,10.9099,10.7729,10.8134,13041200.0
2012-03-29,10.7853,10.8632,10.7106,10.8507,13063000.0
2012-03-30,10.8881,10.9192,10.8538,10.9161,10548600.0
2012-04-02,10.9099,11.0065,10.8788,10.9691,18843000.0
2012-04-03,10.966,10.9722,10.8881,10.9628,10913000.0
2012-04-04,10.9037,10.9691,10.8974,10.9379,15493400.0
2012-04-05,10.9006,10.9192,10.8289,10.8694,9129800.0
2012-04-09,10.7947,10.8352,10.7791,10.8134,9655000.0
2012-04-10,10.7635,10.7884,10.6421,10.667,14953000.0
2012-04-11,10.7355,10.7386,10.6701,10.695,9642800.0
2012-04-12,10.7106,10.7293,10.6483,10.7199,11406600.0
2012-04-13,10.7106,10.7916,10.6857,10.6919,9152000.0
2012-04-16,10.723,10.8289,10.7012,10.7916,12911000.0
2012-04-17,10.8476,10.8663,10.7386,10.8476,9793200.0
2012-04-18,10.8352,10.8788,10.7978,10.832,6899200.0
2012-04-19,10.8196,10.8445,10.7604,10.8009,9209400.0
2012-04-20,10.8227,10.9255,10.7947,10.9068,15162000.0
2012-04-23,10.857,10.8694,10.8102,10.8601,10432800.0
2012-04-24,10.8476,10.941,10.8476,10.9348,12205600.0
2012-04-25,10.966,11.0065,10.9192,10.9909,12218000.0
2012-04-26,10.966,11.0687,10.9628,11.0532,8264600.0
2012-04-27,11.0719,11.1061,11.0376,11.0905,9145000.0
2012-04-30,11.0843,11.1217,11.0438,11.1061,12709600.0
2012-05-01,11.1186,11.1933,11.0781,11.1622,17167200.0
2012-05-02,11.1435,11.1559,11.0812,11.0968,9996600.0
2012-05-03,11.0874,11.1653,11.0469,11.0625,11565000.0
2012-05-04,11.0501,11.131,11.0501,11.0781,13273600.0
2012-05-07,11.0438,11.0719,11.0189,11.0563,7297800.0
2012-05-08,11.0127,11.0874,11.0033,11.0687,10521400.0
2012-05-09,11.0065,11.1248,10.9909,11.0812,10132800.0
2012-05-10,11.131,11.2245,11.1123,11.184,8573000.0
2012-05-11,11.1684,11.2556,11.1528,11.1902,6004400.0
2012-05-14,11.1341,11.2182,11.1092,11.1777,8527800.0
2012-05-15,11.1528,11.1902,11.0781,11.0999,10943600.0
2012-05-16,11.131,11.1497,11.0843,11.1155,12698800.0
2012-05-17,11.131,11.1435,11.0501,11.0532,10039200.0
2012-05-18,11.075,11.131,11.0189,11.0314,13575600.0
2012-05-21,11.0469,11.0625,10.994,11.0438,9990000.0
2012-05-22,11.0874,11.1497,11.0719,11.1217,13315600.0
2012-05-23,11.0999,11.1466,11.0065,11.0625,11083400.0
2012-05-24,11.0719,11.1684,11.0469,11.1061,12660800.0
2012-05-25,11.1155,11.1746,11.1092,11.1435,9376600.0
2012-05-29,11.184,11.184,11.1248,11.1777,7015000.0
2012-05-30,11.1341,11.2245,11.0874,11.1092,7358200.0
2012-05-31,11.103,11.2338,11.0905,11.1684,10836200.0
2012-06-01,11.0843,11.1902,11.075,11.1217,16519400.0
2012-06-04,11.1341,11.1715,11.1061,11.1591,11267800.0
2012-06-05,11.1497,11.2525,11.1279,11.1995,8269800.0
2012-06-06,11.2494,11.3553,11.2182,11.3553,16203400.0
2012-06-07,11.3989,11.4518,11.3989,11.4425,14234600.0
2012-06-08,11.4362,11.4861,11.3771,11.4674,12080600.0
2012-06-11,11.5234,11.5733,11.4456,11.458,13513200.0
2012-06-12,11.4487,11.4798,11.3677,11.4736,9063400.0
2012-06-13,11.4331,11.5203,11.3958,11.4736,12838800.0
2012-06-14,11.4918,11.5861,11.4792,11.5515,11179200.0
2012-06-15,11.5963,11.6309,11.5554,11.6089,10370400.0
2012-06-18,11.5617,11.6717,11.5617,11.6529,9799000.0
2012-06-19,11.6843,11.7158,11.6277,11.6277,10799400.0
2012-06-20,11.6277,11.6403,11.4737,11.5146,14340000.0
2012-06-21,11.5271,11.5869,11.3825,11.3951,15786400.0
2012-06-22,11.4266,11.4391,11.3794,11.3983,6682400.0
2012-06-25,11.3165,11.3951,11.3165,11.3763,10195600.0
2012-06-26,11.3794,11.4391,11.3574,11.392,7376000.0
2012-06-27,11.4517,11.546,11.4234,11.5209,9996800.0
2012-06-28,11.4674,11.5617,11.4328,11.5617,8241400.0
2012-06-29,11.6623,11.6875,11.5586,11.6277,14471600.0
2012-07-02,11.6655,11.7252,11.6026,11.6938,22358400.0
2012-07-03,11.6875,11.7252,11.634,11.6717,5286400.0
2012-07-05,11.656,11.678,11.5932,11.6026,14155600.0
2012-07-06,11.5492,11.5994,11.5209,11.5774,10557000.0
2012-07-09,11.5523,11.5774,11.4926,11.5397,15290000.0
2012-07-10,11.5523,11.6026,11.5429,11.5586,7663600.0
2012-07-11,11.5806,11.6435,11.5523,11.6183,7852200.0
2012-07-12,11.6089,11.6623,11.5774,11.634,10309400.0
2012-07-13,11.6592,11.7535,11.6435,11.7378,13439200.0
2012-07-16,11.7252,11.7503,11.7063,11.7315,7774200.0
2012-07-17,11.7409,11.7912,11.6843,11.7566,11211000.0
2012-07-18,11.7472,11.8069,11.7095,11.7943,9005800.0
2012-07-19,11.8226,11.8384,11.722,11.8163,10580800.0
2012-07-20,11.7912,11.8761,11.7661,11.8415,14791000.0
2012-07-23,11.8038,11.8415,11.7252,11.7629,8122400.0
2012-07-24,11.7472,11.7598,11.5994,11.6592,12143600.0
2012-07-25,11.6812,11.7189,11.5994,11.6529,6580800.0
2012-07-26,11.7252,11.8541,11.7252,11.8352,11534600.0
2012-07-27,11.8541,12.005,11.8541,11.9735,9867800.0
2012-07-30,11.9295,12.0521,11.9107,12.0175,12578000.0
2012-07-31,12.0584,12.0584,11.9169,11.9201,7805200.0
2012-08-01,11.9452,12.115,11.8289,11.8321,30841000.0
2012-08-02,11.7975,11.8384,11.6592,11.7629,14716800.0
2012-08-03,11.8352,11.9107,11.8195,11.9012,13179000.0
2012-08-06,11.9515,11.9641,11.8572,11.8729,11648400.0
2012-08-07,11.8824,11.9107,11.7472,11.7503,15802400.0
2012-08-08,11.7535,11.7723,11.6938,11.7661,9501200.0
2012-08-09,11.7503,11.7912,11.7378,11.7661,8807400.0
2012-08-10,11.7661,11.8195,11.7252,11.8006,11845800.0
2012-08-13,11.7755,11.8006,11.7472,11.7881,6729400.0
2012-08-14,11.8101,11.8258,11.744,11.7755,13109800.0
2012-08-15,11.7629,11.7723,11.7189,11.7189,9503200.0
2012-08-16,11.7409,11.7503,11.678,11.6906,15003800.0
2012-08-17,11.7315,11.7315,11.6372,11.6592,12464000.0
2012-08-20,11.6466,11.6812,11.6152,11.6812,10221800.0
2012-08-21,11.678,11.7,11.5963,11.5963,15713800.0
2012-08-22,11.5837,11.6215,11.5554,11.5774,10252400.0
2012-08-23,11.5774,11.5806,11.4454,11.458,14298800.0
2012-08-24,11.4266,11.524,11.4266,11.5083,6391200.0
2012-08-27,11.5051,11.5554,11.4957,11.5366,8005600.0
2012-08-28,11.524,11.5397,11.48,11.5146,5969200.0
2012-08-29,11.5051,11.5177,11.4674,11.4957,9064000.0
2012-08-30,11.4769,11.4769,11.4203,11.4391,4040400.0
2012-08-31,11.4737,11.48,11.392,11.414,11490800.0
2012-09-04,11.4077,11.4863,11.392,11.458,14507200.0
2012-09-05,11.4674,11.4831,11.414,11.4203,6877000.0
2012-09-06,11.436,11.5523,11.436,11.5492,10552400.0
2012-09-07,11.5523,11.568,11.4926,11.5114,9850400.0
2012-09-10,11.524,11.5429,11.4989,11.4989,6555200.0
2012-09-11,11.4926,11.5083,11.4611,11.4706,6547000.0
2012-09-12,11.4863,11.4863,11.392,11.4046,7388400.0
2012-09-13,11.3951,11.5743,11.3951,11.5743,16393800.0
2012-09-14,11.5554,11.5774,11.4548,11.4863,17754400.0
2012-09-17,11.4674,11.5146,11.3983,11.414,10083800.0
2012-09-18,11.4234,11.4234,11.3543,11.3794,12703600.0
2012-09-19,11.37,11.4297,11.3605,11.392,8267800.0
2012-09-20,11.3851,11.455,11.3787,11.4423,9117000.0
2012-09-21,11.4776,11.4776,11.4077,11.4554,12858600.0
2012-09-24,11.4268,11.5729,11.4268,11.5538,14420200.0
2012-09-25,11.5761,11.611,11.5253,11.5253,12297800.0
2012-09-26,11.5475,11.646,11.5284,11.5538,12418600.0
2012-09-27,11.5761,11.5793,11.4903,11.5094,13718400.0
2012-09-28,11.4998,11.5793,11.449,11.5634,11522600.0
2012-10-01,11.5697,11.6237,11.503,11.5062,14042400.0
2012-10-02,11.5443,11.5888,11.5094,11.5665,11965000.0
2012-10-03,11.592,11.6523,11.5793,11.6237,9147200.0
2012-10-04,11.646,11.7381,11.646,11.6904,12878800.0
2012-10-05,11.719,11.7381,11.6523,11.6714,8826400.0
2012-10-08,11.6523,11.7095,11.6237,11.6809,10685000.0
2012-10-09,11.6746,11.7159,11.6428,11.6682,10585200.0
2012-10-10,11.6682,11.7031,11.6174,11.6491,7476600.0
2012-10-11,11.6777,11.7286,11.6364,11.6619,11589800.0
2012-10-12,11.6904,11.7031,11.5665,11.5951,6691200.0
2012-10-15,11.5951,11.6523,11.5348,11.6428,9062400.0
2012-10-16,11.6619,11.7159,11.6428,11.6873,13902400.0
2012-10-17,11.7159,11.8461,11.6904,11.8334,14744400.0
2012-10-18,11.8334,11.8874,11.8016,11.8779,10691400.0
2012-10-19,11.8715,11.8938,11.7699,11.7889,13563000.0
2012-10-22,11.7762,11.7794,11.7,11.7476,9068000.0
2012-10-23,11.6714,11.7063,11.6047,11.646,13486400.0
2012-10-24,11.6396,11.6682,11.557,11.5634,9928800.0
2012-10-25,11.5983,11.6301,11.5316,11.6206,11083200.0
2012-10-26,11.6174,11.6523,11.5697,11.6206,13805200.0
2012-10-31,11.6873,11.7699,11.6333,11.7127,18518200.0
2012-11-01,11.7699,11.7826,11.5856,11.5983,15339000.0
2012-11-02,11.5951,11.6587,11.5094,11.5189,8251200.0
2012-11-05,11.4776,11.4967,11.3156,11.3315,13887400.0
2012-11-06,11.3442,11.395,11.2997,11.3378,14212000.0
2012-11-07,11.2584,11.3029,11.036,11.1027,21515400.0
2012-11-08,11.1091,11.233,11.0773,11.0773,18561600.0
2012-11-09,11.0551,11.0964,11.0011,11.0138,18475200.0
2012-11-12,10.9947,11.0201,10.8931,10.9217,13761200.0
2012-11-13,10.8835,11.0297,10.8804,10.963,23680200.0
2012-11-14,10.9757,10.982,10.8581,10.8931,19731800.0
2012-11-15,10.8835,10.9503,10.7501,10.8232,29431400.0
2012-11-16,10.8327,10.9344,10.7755,10.9153,20945800.0
2012-11-19,10.9503,10.9884,10.8613,10.9248,27802000.0
2012-11-20,10.9376,10.9471,10.8137,10.9058,19766800.0
2012-11-21,10.9153,10.9248,10.7533,10.8581,28566800.0
2012-11-23,10.8581,10.8899,10.7692,10.8295,7181000.0
2012-11-26,10.8041,11.017,10.8041,10.9661,30067000.0
2012-11-27,10.9566,11.0583,10.9566,10.9947,24085400.0
2012-11-28,10.9598,11.0551,10.9185,11.0392,19561800.0
2012-11-29,11.0487,11.1155,11.017,11.1027,16677600.0
2012-11-30,11.1313,11.2298,11.0996,11.2203,57485800.0
2012-12-03,11.2298,11.2393,11.0964,11.1504,19303800.0
2012-12-04,11.1599,11.179,11.0805,11.0932,10629200.0
2012-12-05,11.1345,11.3219,11.071,11.2552,34097000.0
2012-12-06,11.2203,11.3283,11.2203,11.2552,12550600.0
2012-12-07,11.2584,11.3061,11.2235,11.2521,10523600.0
2012-12-10,11.2393,11.2806,11.2298,11.2679,8113400.0
2012-12-11,11.2711,11.341,11.2552,11.2933,12517400.0
2012-12-12,11.2933,11.3664,11.2648,11.2743,19999400.0
2012-12-13,11.2584,11.2743,11.1885,11.2298,15953600.0
2012-12-14,11.2362,11.2362,11.1695,11.1853,11882400.0
2012-12-17,11.2139,11.3601,11.2139,11.3569,16301800.0
2012-12-18,11.3378,11.4585,11.3346,11.4363,16401600.0
2012-12-19,11.4331,11.4427,11.3442,11.3505,12386400.0
2012-12-20,11.3533,11.4015,11.3116,11.3855,17264400.0
2012-12-21,11.3149,11.3855,11.2667,11.3438,16546000.0
2012-12-24,11.3277,11.3502,11.2442,11.2956,9400000.0
2012-12-26,11.3116,11.3406,11.1896,11.1992,11246200.0
2012-12-27,11.1767,11.2217,11.0611,11.1799,27106400.0
2012-12-28,11.1382,11.2088,11.0643,11.0675,15633400.0
2012-12-31,11.0482,11.2345,10.9936,11.2281,31730000.0
2013-01-02,11.3598,11.4466,11.3406,11.4241,24382800.0
2013-01-03,11.4241,11.4659,11.3952,11.4241,15663000.0
2013-01-04,11.4241,11.4916,11.4177,11.4883,11401600.0
2013-01-07,11.4466,11.4755,11.3438,11.3695,14006400.0
2013-01-08,11.3502,11.3663,11.2892,11.3373,12142400.0
2013-01-09,11.3534,11.3598,11.2731,11.3116,14665600.0
2013-01-10,11.3341,11.3663,11.3116,11.3598,12299800.0
2013-01-11,11.3438,11.392,11.3373,11.3727,13990600.0
2013-01-14,11.3566,11.3888,11.3373,11.3502,11022400.0
2013-01-15,11.3373,11.3888,11.3084,11.3823,12073800.0
2013-01-16,11.3534,11.3791,11.3181,11.3277,9148000.0
2013-01-17,11.3663,11.4145,11.3406,11.3727,10690000.0
2013-01-18,11.3984,11.4723,11.3695,11.4626,11487400.0
2013-01-22,11.4434,11.5751,11.4369,11.5494,12375000.0
2013-01-23,11.5173,11.559,11.4755,11.5301,11787800.0
2013-01-24,11.5526,11.6168,11.5397,11.5815,12190000.0
2013-01-25,11.6008,11.649,11.5333,11.6393,15526600.0
2013-01-28,11.6393,11.6618,11.5687,11.6329,14575200.0
2013-01-29,11.604,11.7261,11.604,11.7132,12044600.0
2013-01-30,11.6972,11.7486,11.6875,11.7229,15793800.0
2013-01-31,11.6715,11.7775,11.6715,11.7518,13078800.0
2013-02-01,11.7903,11.8257,11.7711,11.7839,13446800.0
2013-02-04,11.7646,11.7646,11.7004,11.7036,12139000.0
2013-02-05,11.7582,11.8,11.7325,11.7357,10117800.0
2013-02-06,11.7229,11.7743,11.6618,11.7711,14561400.0
2013-02-07,11.7839,11.8578,11.7421,11.7871,15947800.0
2013-02-08,11.8,11.8,11.7293,11.7871,9354400.0
2013-02-11,11.7935,11.8289,11.7711,11.816,7176200.0
2013-02-12,11.8096,11.8739,11.7968,11.8674,9612000.0
2013-02-13,11.8803,11.9156,11.8353,11.8674,8872600.0
2013-02-14,11.816,11.8546,11.7357,11.7711,18025400.0
2013-02-15,11.7935,11.816,11.7711,11.7968,9982400.0
2013-02-19,11.7968,11.9188,11.7839,11.8996,13543800.0
2013-02-20,11.906,11.9767,11.8739,11.8771,15588600.0
2013-02-21,11.8482,11.8931,11.816,11.8257,15426200.0
2013-02-22,11.8674,11.951,11.8385,11.9445,10817400.0
2013-02-25,11.9767,12.0698,11.8257,11.8385,19141000.0
2013-02-26,11.8514,11.9381,11.8192,11.8739,18886400.0
2013-02-27,11.8867,12.0184,11.8803,11.9831,11493000.0
2013-02-28,11.9991,12.073,11.9638,12.0249,17354800.0
2013-03-01,11.9799,12.0538,11.9253,12.0473,10819800.0
2013-03-04,12.0281,12.1855,12.0152,12.1694,14925000.0
2013-03-05,12.1951,12.2658,12.1823,12.2337,11054200.0
2013-03-06,12.2562,12.269,12.1919,12.2305,10628600.0
2013-03-07,12.2272,12.2594,12.1694,12.1726,15536200.0
2013-03-08,12.208,12.2208,12.1084,12.1983,16289800.0
2013-03-11,12.1919,12.2465,12.1758,12.2272,6204200.0
2013-03-12,12.2529,12.2529,12.1534,12.1951,7703200.0
2013-03-13,12.163,12.2562,12.163,12.2497,8977600.0
2013-03-14,12.2365,12.2819,12.2203,12.2786,12444400.0
2013-03-15,12.2751,12.3658,12.2362,12.3593,23371400.0
2013-03-18,12.288,12.3431,12.2686,12.288,9841800.0
2013-03-19,12.2945,12.3626,12.2589,12.3205,12304600.0
2013-03-20,12.3755,12.4306,12.3367,12.4112,10811400.0
2013-03-21,12.3755,12.4047,12.3334,12.3496,11159000.0
2013-03-22,12.3788,12.4047,12.3367,12.3691,4576600.0
2013-03-25,12.4436,12.4533,12.2913,12.3431,11991600.0
2013-03-26,12.3626,12.4695,12.3626,12.4598,10992200.0
2013-03-27,12.4144,12.5246,12.4047,12.5149,10635200.0
2013-03-28,12.5246,12.6834,12.5181,12.6542,13869200.0
2013-04-01,12.6769,12.6769,12.6089,12.6413,7986800.0
2013-04-02,12.6801,12.7288,12.651,12.6834,15300600.0
2013-04-03,12.7028,12.7352,12.6283,12.6477,10961200.0
2013-04-04,12.6769,12.7774,12.6704,12.7676,9672000.0
2013-04-05,12.7093,12.8422,12.6769,12.8227,12517800.0
2013-04-08,12.8389,12.9297,12.7709,12.9199,10743000.0
2013-04-09,12.9394,12.9556,12.8746,12.8811,14531400.0
2013-04-10,12.9135,13.0172,12.9102,12.9848,9427800.0
2013-04-11,13.0139,13.0463,12.9815,13.0139,12243200.0
2013-04-12,12.988,13.069,12.9621,13.069,10072800.0
2013-04-15,13.0172,13.0885,12.8811,12.8811,20122000.0
2013-04-16,12.9394,13.0366,12.8357,13.0366,10482800.0
2013-04-17,12.975,13.0074,12.8746,12.9653,16961400.0
2013-04-18,12.9718,13.0366,12.9426,13.0042,11912600.0
2013-04-19,13.0139,13.2019,13.0107,13.1986,16254600.0
2013-04-22,13.2116,13.2408,13.1111,13.1824,13759400.0
2013-04-23,13.2019,13.2213,13.1111,13.2148,19184400.0
2013-04-24,13.2148,13.3088,13.15,13.2634,20601600.0
2013-04-25,13.2926,13.3153,13.2116,13.2602,15809000.0
2013-04-26,13.2213,13.338,13.2213,13.2699,10573600.0
2013-04-29,13.3283,13.4125,13.2634,13.3898,11409600.0
2013-04-30,13.3769,13.4287,13.3477,13.4255,14936200.0
2013-05-01,13.3963,13.4222,13.2732,13.2926,20241400.0
2013-05-02,13.2796,13.3218,13.2019,13.2764,17363800.0
2013-05-03,13.3412,13.3671,13.2278,13.2505,28927200.0
2013-05-06,13.2343,13.244,13.0625,13.0658,27715600.0
2013-05-07,13.082,13.1921,13.069,13.1921,13556600.0
2013-05-08,13.163,13.1986,13.0334,13.0755,13988400.0
2013-05-09,13.0885,13.1014,12.8357,12.8778,35949000.0
2013-05-10,12.8778,12.9167,12.7871,12.907,20157000.0
2013-05-13,12.8649,12.8811,12.7936,12.8389,17946200.0
2013-05-14,12.8551,12.9815,12.8227,12.9264,23289200.0
2013-05-15,12.9199,13.1403,12.8973,13.0496,20049800.0
2013-05-16,13.0139,13.0301,12.9232,12.9426,19703200.0
2013-05-17,12.9524,13.0787,12.9329,13.0658,17453600.0
2013-05-20,13.082,13.0885,12.9783,13.001,21366400.0
2013-05-21,13.0172,13.0723,12.9329,13.0269,17419000.0
2013-05-22,12.9945,13.1371,12.7612,12.8065,46282400.0
2013-05-23,12.7223,12.7709,12.5311,12.719,42052400.0
2013-05-24,12.6899,12.6899,12.5408,12.5829,19420400.0
2013-05-28,12.4922,12.5862,12.382,12.4371,44128200.0
2013-05-29,12.3593,12.3723,12.1357,12.2524,59963000.0
2013-05-30,12.3723,12.489,12.2783,12.2848,33204400.0
2013-05-31,12.2492,12.4501,12.207,12.2168,46319800.0
2013-06-03,12.2135,12.3269,12.0807,12.2362,59910000.0
2013-06-04,12.2168,12.2492,12.1098,12.1941,28093400.0
2013-06-05,12.1681,12.1714,12.0547,12.0871,28414200.0
2013-06-06,12.0839,12.2362,12.0677,12.2297,36981000.0
2013-06-07,12.2232,12.3723,12.2006,12.3042,29580000.0
2013-06-10,12.3464,12.3561,12.2492,12.301,19488800.0
2013-06-11,12.2297,12.3269,12.1811,12.22,20966800.0
2013-06-12,12.2783,12.3107,12.0709,12.1001,19853400.0
2013-06-13,12.0709,12.3075,12.058,12.2913,29726200.0
2013-06-14,12.2848,12.3788,12.2816,12.314,22289800.0
2013-06-17,12.3626,12.4468,12.2945,12.3529,24224800.0
2013-06-18,12.3788,12.4533,12.3205,12.4371,20582800.0
2013-06-19,12.4112,12.4598,12.1487,12.1519,40283200.0
2013-06-20,12.0704,12.0802,11.7823,11.8052,48420600.0
2013-06-21,11.8905,12.0313,11.7203,11.9724,39216200.0
2013-06-24,11.8643,12.0444,11.7792,11.9527,35239000.0
2013-06-25,12.0575,12.1459,11.9429,12.1099,17988800.0
2013-06-26,12.1819,12.303,12.1524,12.2637,20876200.0
2013-06-27,12.3063,12.4078,12.2637,12.2899,15189000.0
2013-06-28,12.2506,12.3849,12.2015,12.3194,16255000.0
2013-07-01,12.3161,12.4242,12.1262,12.1655,24122600.0
2013-07-02,12.1786,12.2506,12.1131,12.1623,19692400.0
2013-07-03,12.1033,12.1753,12.0739,12.1361,10673200.0
2013-07-05,12.1033,12.159,11.9527,12.0804,26184400.0
2013-07-08,12.1164,12.2834,12.0935,12.2539,17845600.0
2013-07-09,12.2965,12.3652,12.2703,12.3456,14409400.0
2013-07-10,12.3194,12.4405,12.2867,12.4111,17065400.0
2013-07-11,12.5387,12.6173,12.506,12.614,18529600.0
2013-07-12,12.5846,12.6664,12.5256,12.6501,13189000.0
2013-07-15,12.6468,12.8727,12.6173,12.8563,21712400.0
2013-07-16,12.853,12.8694,12.7221,12.7876,19790200.0
2013-07-17,12.8301,12.8628,12.7286,12.781,13946800.0
2013-07-18,12.8006,12.9152,12.7941,12.8923,13972200.0
2013-07-19,12.8825,12.9349,12.8498,12.8956,11755600.0
2013-07-22,12.8727,12.9316,12.8694,12.8825,10269800.0
2013-07-23,12.8825,12.9578,12.853,12.9152,8307200.0
2013-07-24,12.912,12.912,12.6697,12.7188,16752800.0
2013-07-25,12.7188,12.8399,12.7123,12.8367,20419400.0
2013-07-26,12.8072,12.8858,12.7253,12.8825,13363800.0
2013-07-29,12.8367,12.9578,12.8301,12.9054,12409800.0
2013-07-30,12.9251,13.0331,12.9087,12.948,16913400.0
2013-07-31,12.8858,12.9251,12.7908,12.8563,30385200.0
2013-08-01,12.8825,12.9774,12.853,12.9611,18654200.0
2013-08-02,12.9676,12.984,12.8727,12.9447,15241600.0
2013-08-05,12.8989,12.9218,12.8596,12.8596,10864400.0
2013-08-06,12.8694,12.8694,12.7679,12.7941,19537800.0
2013-08-07,12.7221,12.8759,12.7024,12.853,15120600.0
2013-08-08,12.8628,12.9447,12.8236,12.9021,15138600.0
2013-08-09,12.8825,12.9218,12.8072,12.8137,12392200.0
2013-08-12,12.7548,12.7876,12.7024,12.745,10708200.0
2013-08-13,12.7352,12.7548,12.6599,12.6762,19249000.0
2013-08-14,12.6501,12.673,12.5289,12.5944,15729400.0
2013-08-15,12.4831,12.5486,12.4111,12.434,19774200.0
2013-08-16,12.4176,12.4209,12.2245,12.2899,26658400.0
2013-08-19,12.2965,12.3423,12.1655,12.1852,20903800.0
2013-08-20,12.2114,12.398,12.1852,12.2998,25123600.0
2013-08-21,12.2768,12.2801,12.1066,12.159,24061400.0
2013-08-22,12.1917,12.2703,12.1459,12.2277,15872400.0
2013-08-23,12.2605,12.362,12.2015,12.3292,13619600.0
2013-08-26,12.3128,12.3489,12.2245,12.2375,12958200.0
2013-08-27,12.159,12.2998,12.1426,12.2212,17951800.0
2013-08-28,12.231,12.3161,12.1753,12.2736,16290000.0
2013-08-29,12.2605,12.2768,12.1786,12.2015,11916000.0
2013-08-30,12.2146,12.2801,12.1655,12.2114,15180800.0
2013-09-03,12.2834,12.3194,12.0542,12.0706,23472600.0
2013-09-04,12.0739,12.1066,11.9658,12.0739,14182800.0
2013-09-05,12.0509,12.1,11.992,12.0215,17132000.0
2013-09-06,12.1,12.1852,12.0804,12.1066,21309400.0
2013-09-09,12.123,12.1655,12.064,12.1492,12217200.0
2013-09-10,12.1884,12.2441,12.1426,12.2441,15756800.0
2013-09-11,12.2408,12.2506,12.064,12.123,43589600.0
2013-09-12,12.1884,12.231,12.0771,12.0902,20657400.0
2013-09-13,12.123,12.2114,12.123,12.1819,19700800.0
2013-09-16,12.3194,12.398,12.1917,12.2146,42673800.0
2013-09-17,12.2146,12.2998,12.2146,12.2867,18892800.0
2013-09-18,12.2637,12.7057,12.2408,12.6599,55564800.0
2013-09-19,12.6869,12.7365,12.5481,12.5977,33079000.0
2013-09-20,12.6028,12.616,12.3978,12.4044,36975400.0
2013-09-23,12.4078,12.6028,12.345,12.5598,28653600.0
2013-09-24,12.5598,12.5862,12.5036,12.5433,23586200.0
2013-09-25,12.5598,12.5928,12.454,12.4606,19205800.0
2013-09-26,12.4805,12.5201,12.3978,12.4441,16362200.0
2013-09-27,12.4243,12.4672,12.3251,12.3648,14898600.0
2013-09-30,12.3185,12.3879,12.2888,12.345,18771400.0
2013-10-01,12.3912,12.4309,12.345,12.3879,15227200.0
2013-10-02,12.3483,12.4309,12.302,12.4011,18604800.0
2013-10-03,12.3615,12.3813,12.2094,12.2557,18162800.0
2013-10-04,12.2689,12.3251,12.2392,12.2788,8658400.0
2013-10-07,12.2293,12.3251,12.1995,12.2194,9798200.0
2013-10-08,12.2425,12.4011,12.226,12.3053,22830000.0
2013-10-09,12.3251,12.5267,12.2987,12.3549,27761600.0
2013-10-10,12.4243,12.5598,12.2954,12.54,22345800.0
2013-10-11,12.5234,12.6226,12.4904,12.5995,13426600.0
2013-10-14,12.5598,12.5598,12.3549,12.53,35273800.0
2013-10-15,12.53,12.53,12.3317,12.3549,23377000.0
2013-10-16,12.4078,12.4739,12.3549,12.4672,20048600.0
2013-10-17,12.4309,12.6953,12.3681,12.6689,30244600.0
2013-10-18,12.7118,12.7482,12.6556,12.7019,21053600.0
2013-10-21,12.7019,12.7217,12.6193,12.6755,14257400.0
2013-10-22,12.7217,12.887,12.6821,12.8374,37463600.0
2013-10-23,12.8143,12.9895,12.8143,12.8473,24849000.0
2013-10-24,12.8936,12.8936,12.7548,12.8209,14674200.0
2013-10-25,12.7879,12.9663,12.7581,12.9564,11774400.0
2013-10-28,12.9498,13.006,12.8837,12.93,19146800.0
2013-10-29,12.9267,12.9796,12.8969,12.9498,15242200.0
2013-10-30,12.9696,13.039,12.8506,12.8639,23809000.0
2013-10-31,12.8176,12.9035,12.6689,12.8176,32485800.0
2013-11-01,12.8374,12.9498,12.8242,12.9101,23708400.0
2013-11-04,12.9531,12.963,12.8242,12.9366,12018800.0
2013-11-05,12.9201,13.0225,12.844,12.844,21137600.0
2013-11-06,12.8573,13.0258,12.8573,13.0192,19642200.0
2013-11-07,13.0324,13.0919,12.8738,12.8969,24325800.0
2013-11-08,12.8044,12.8771,12.6457,12.8738,38892800.0
2013-11-11,12.8738,12.9432,12.8044,12.8705,14718000.0
2013-11-12,12.8374,12.8705,12.6953,12.7614,21337200.0
2013-11-13,12.6821,12.8242,12.6193,12.8242,18579200.0
2013-11-14,12.8639,12.9829,12.8341,12.9366,24378600.0
2013-11-15,12.9068,13.0126,12.8903,13.0126,15164400.0
2013-11-18,12.9994,13.0457,12.9465,12.9961,15085000.0
2013-11-19,12.9399,12.9862,12.8738,12.9002,19702800.0
2013-11-20,12.887,12.9597,12.7449,12.7581,29569000.0
2013-11-21,12.8044,12.8606,12.7251,12.7879,15524800.0
2013-11-22,12.7713,12.8176,12.7184,12.7779,13093600.0
2013-11-25,12.7879,12.8176,12.7251,12.7284,13381600.0
2013-11-26,12.7151,12.735,12.5961,12.6028,18552400.0
2013-11-27,12.616,12.6325,12.5234,12.5763,14220200.0
2013-11-29,12.5664,12.649,12.5367,12.5697,5733400.0
2013-12-02,12.5862,12.6094,12.4507,12.5168,13496200.0
2013-12-03,12.5003,12.5995,12.454,12.5796,19026200.0
2013-12-04,12.5135,12.6424,12.4805,12.6358,14040800.0
2013-12-05,12.5763,12.5995,12.5168,12.5333,12916000.0
2013-12-06,12.5763,12.7317,12.5598,12.7052,14016200.0
2013-12-09,12.7251,12.7251,12.5763,12.6292,14235600.0
2013-12-10,12.6325,12.6358,12.4838,12.5036,18759400.0
2013-12-11,12.4871,12.5036,12.3846,12.4011,15258400.0
2013-12-12,12.3846,12.5003,12.3846,12.4177,15179200.0
2013-12-13,12.4342,12.4639,12.3681,12.3978,9713200.0
2013-12-16,12.454,12.5499,12.4276,12.4639,16992200.0
2013-12-17,12.4309,12.4871,12.3846,12.4408,11385000.0
2013-12-18,12.4474,12.6193,12.3119,12.6061,36044000.0
2013-12-19,12.5803,12.5803,12.3999,12.5135,22684400.0
2013-12-20,12.5271,12.6908,12.5271,12.6373,26328200.0
2013-12-23,12.7075,12.7075,12.5839,12.5872,17029200.0
2013-12-24,12.5939,12.6707,12.5271,12.6373,9559800.0
2013-12-26,12.6407,12.6607,12.5571,12.5805,16552000.0
2013-12-27,12.5705,12.6607,12.5705,12.6306,23260000.0
2013-12-30,12.6039,12.6874,12.6039,12.6607,11344800.0
2013-12-31,12.6507,12.7075,12.6373,12.6841,14045200.0
2014-01-02,12.6674,12.6908,12.4736,12.4903,31232800.0
2014-01-03,12.5104,12.5237,12.3968,12.4502,21574000.0
2014-01-06,12.4536,12.507,12.4135,12.4703,18740600.0
2014-01-07,12.5204,12.5906,12.4803,12.5805,16278800.0
2014-01-08,12.5738,12.5738,12.4803,12.5137,25351600.0
2014-01-09,12.5538,12.5939,12.4937,12.5872,17905600.0
2014-01-10,12.6941,12.8578,12.6473,12.7676,46836600.0
2014-01-13,12.7576,12.7709,12.624,12.6373,20082200.0
2014-01-14,12.6574,12.7075,12.6139,12.654,13661000.0
2014-01-15,12.6407,12.6908,12.6173,12.6306,11529200.0
2014-01-16,12.6139,12.7208,12.6139,12.7175,14437800.0
2014-01-17,12.7208,12.7442,12.6841,12.7142,8082600.0
2014-01-21,12.7609,12.8611,12.7476,12.8545,10973400.0
2014-01-22,12.8611,12.9079,12.8311,12.8678,13819800.0
2014-01-23,12.8444,12.8611,12.7576,12.8311,18015800.0
2014-01-24,12.8077,12.8812,12.6874,12.6874,28691200.0
2014-01-27,12.7108,12.7709,12.6707,12.7175,16184000.0
2014-01-28,12.7509,12.7709,12.7008,12.7643,14923400.0
2014-01-29,12.7108,12.8177,12.7041,12.7576,21178800.0
2014-01-30,12.791,12.9714,12.7776,12.9547,15952600.0
2014-01-31,12.8778,13.0883,12.8244,13.0616,27026400.0
2014-02-03,13.0883,13.2319,12.938,12.958,39207800.0
2014-02-04,13.0215,13.0215,12.8244,12.8812,20862400.0
2014-02-05,12.8545,12.8745,12.781,12.8244,15188400.0
2014-02-06,12.8444,12.9246,12.801,12.9179,18531600.0
2014-02-07,12.958,12.9981,12.9079,12.9881,19523400.0
2014-02-10,12.9413,13.0916,12.9046,13.085,14127800.0
2014-02-11,13.0883,13.252,13.0649,13.2086,18756800.0
2014-02-12,13.2052,13.2486,13.1451,13.2253,11268000.0
2014-02-13,13.1718,13.3823,13.1651,13.3689,15680600.0
2014-02-14,13.3522,13.4658,13.3121,13.4558,13584000.0
2014-02-18,13.4892,13.546,13.4624,13.5025,15766800.0
2014-02-19,13.4925,13.5727,13.3956,13.4257,19688800.0
2014-02-20,13.4223,13.576,13.4157,13.5292,18833200.0
2014-02-21,13.5393,13.6696,13.5326,13.546,16559800.0
2014-02-24,13.5627,13.6762,13.5059,13.5125,13651000.0
2014-02-25,13.5393,13.6194,13.4725,13.4958,12659600.0
2014-02-26,13.5627,13.5727,13.4391,13.4524,16249800.0
2014-02-27,13.4357,13.5125,13.3756,13.419,13113600.0
2014-02-28,13.4424,13.5393,13.4357,13.5125,17048000.0
2014-03-03,13.4624,13.4992,13.3589,13.3789,17788400.0
2014-03-04,13.4658,13.5226,13.4457,13.4758,18559200.0
2014-03-05,13.4558,13.4892,13.3722,13.3856,15159800.0
2014-03-06,13.4123,13.4391,13.2787,13.3188,25753000.0
2014-03-07,13.2653,13.3589,13.2019,13.3589,24792000.0
2014-03-10,13.3455,13.3789,13.2754,13.3255,20792200.0
2014-03-11,13.3422,13.3622,13.2286,13.2887,15118400.0
2014-03-12,13.2687,13.4591,13.2687,13.4558,14057400.0
2014-03-13,13.4658,13.6261,13.4457,13.5961,37193600.0
2014-03-14,13.5526,13.703,13.5426,13.6595,23410600.0
2014-03-17,13.6896,13.7631,13.6161,13.7497,16186000.0
2014-03-18,13.7564,13.7865,13.6963,13.7297,15208400.0
2014-03-19,13.733,13.7564,13.4558,13.5125,42113800.0
2014-03-20,13.4752,13.5426,13.3776,13.5426,22622800.0
2014-03-21,13.615,13.7801,13.5948,13.6453,24432800.0
2014-03-24,13.6555,13.7397,13.5948,13.6824,19391600.0
2014-03-25,13.7093,13.7599,13.6083,13.7397,20150800.0
2014-03-26,13.7599,13.7902,13.679,13.6824,15055800.0
2014-03-27,13.6757,13.8037,13.6386,13.7936,25640000.0
2014-03-28,13.7666,13.8239,13.7363,13.8138,14881800.0
2014-03-31,13.8912,14.0192,13.8373,13.9653,16714200.0
2014-04-01,13.9721,13.9721,13.8171,13.8677,19494200.0
2014-04-02,13.8474,13.898,13.7902,13.8474,19322200.0
2014-04-03,13.8508,13.935,13.834,13.8912,10601600.0
2014-04-04,13.9485,14.1203,13.9182,13.9653,25566200.0
2014-04-07,13.9754,14.0933,13.935,13.9418,24897400.0
2014-04-08,13.9418,14.1607,13.8474,14.1405,19089600.0
2014-04-09,14.127,14.1708,13.962,14.1102,31100600.0
2014-04-10,14.1203,14.2213,14.0091,14.0563,31354200.0
2014-04-11,14.0529,14.1405,14.0125,14.0428,26482000.0
2014-04-14,14.1068,14.1742,14.0293,14.127,18846800.0
2014-04-15,14.127,14.3224,14.127,14.3224,24916000.0
2014-04-16,14.319,14.4268,14.2921,14.4268,22013600.0
2014-04-17,14.383,14.4571,14.2281,14.2483,33845200.0
2014-04-21,14.2483,14.3493,14.1641,14.2314,17222800.0
2014-04-22,14.255,14.2651,14.1607,14.2517,19941800.0
2014-04-23,14.2517,14.4133,14.2348,14.2584,25959600.0
2014-04-24,14.2719,14.3931,14.191,14.3561,17524400.0
2014-04-25,14.3493,14.5211,14.3493,14.5211,31823400.0
2014-04-28,14.5009,14.6154,14.4706,14.5919,35598800.0
2014-04-29,14.575,14.639,14.4874,14.5312,32638600.0
2014-04-30,14.5211,14.6525,14.5211,14.5548,41362400.0
2014-05-01,14.5548,14.6592,14.4571,14.6154,33176000.0
2014-05-02,14.5144,14.538,14.2517,14.3157,50286600.0
2014-05-05,14.3022,14.4538,14.2954,14.4437,17274600.0
2014-05-06,14.4167,14.4672,14.3628,14.3729,21692200.0
2014-05-07,14.4032,14.6154,14.3898,14.6053,23475200.0
2014-05-08,14.602,14.6121,14.4167,14.447,25595200.0
2014-05-09,14.4302,14.4773,14.2281,14.2348,23678800.0
2014-05-12,14.2651,14.282,14.0866,14.1034,25703400.0
2014-05-13,14.1338,14.2045,14.0765,14.1371,16522200.0
2014-05-14,14.1641,14.2988,14.1203,14.2079,25047800.0
2014-05-15,14.2112,14.282,14.1371,14.1506,17859000.0
2014-05-16,14.1641,14.2079,14.1001,14.1944,17001000.0
2014-05-19,14.1573,14.1809,13.9653,13.9754,26188400.0
2014-05-20,13.9754,14.063,13.8879,13.9754,20936600.0
2014-05-21,14.0058,14.0226,13.9384,13.9856,13282200.0
2014-05-22,13.9923,14.1405,13.9856,14.1001,9618200.0
2014-05-23,14.0664,14.1439,14.063,14.0664,10298000.0
2014-05-27,14.2011,14.2618,14.1573,14.1776,17158400.0
2014-05-28,14.1776,14.2752,14.1607,14.2618,22441800.0
2014-05-29,14.2584,14.3056,14.1978,14.3022,17984800.0
2014-05-30,14.2584,14.4032,14.2584,14.3965,15533800.0
2014-06-02,14.3561,14.4268,14.3291,14.3931,12858200.0
2014-06-03,14.3662,14.474,14.3527,14.447,13821600.0
2014-06-04,14.4234,14.4504,14.3594,14.4403,13557400.0
2014-06-05,14.4268,14.5851,14.4167,14.5615,14691000.0
2014-06-06,14.575,14.6424,14.5009,14.511,15417000.0
2014-06-09,14.4841,14.5346,14.3898,14.4133,16362600.0
2014-06-10,14.3797,14.4571,14.3493,14.3797,14856000.0
2014-06-11,14.3628,14.3628,14.191,14.1978,19785200.0
2014-06-12,14.1641,14.2853,14.0226,14.2416,27331400.0
2014-06-13,14.2281,14.3561,14.1641,14.3325,13305000.0
2014-06-16,14.346,14.5481,14.319,14.4302,33653000.0
2014-06-17,14.3999,14.4369,14.3258,14.41,22282200.0
2014-06-18,14.4032,14.7367,14.3965,14.7367,67844200.0
2014-06-19,14.7391,14.875,14.7289,14.858,43346200.0
2014-06-20,14.8762,14.8966,14.7539,14.7675,17605000.0
2014-06-23,14.8083,14.8219,14.6486,14.7166,18117800.0
2014-06-24,14.7302,14.8083,14.7132,14.7607,16745800.0
2014-06-25,14.7302,14.8355,14.72,14.8151,18414600.0
2014-06-26,14.8151,14.8728,14.7675,14.8593,24999200.0
2014-06-27,14.8457,14.9544,14.7981,14.917,14839400.0
2014-06-30,14.9306,15.0699,14.883,15.0359,19517400.0
2014-07-01,15.0189,15.0427,14.883,14.8864,18623200.0
2014-07-02,14.8457,14.8525,14.5467,14.5977,29838600.0
2014-07-03,14.4856,14.5671,14.3735,14.438,23134400.0
2014-07-07,14.4312,14.5671,14.4278,14.506,19658000.0
2014-07-08,14.5195,14.6249,14.506,14.6045,24849200.0
2014-07-09,14.6045,14.635,14.4958,14.5637,20172200.0
2014-07-10,14.5365,14.6758,14.5229,14.6622,20070400.0
2014-07-11,14.652,14.6826,14.5297,14.5501,17628000.0
2014-07-14,14.5943,14.6282,14.3769,14.3837,14545400.0
2014-07-15,14.3803,14.4958,14.3803,14.4584,17147000.0
2014-07-16,14.506,14.5229,14.387,14.506,13848000.0
2014-07-17,14.4924,14.5637,14.3667,14.3735,15003200.0
2014-07-18,14.4142,14.5297,14.3327,14.5195,9891200.0
2014-07-21,14.5026,14.5501,14.4244,14.506,10645800.0
2014-07-22,14.5331,14.5637,14.4754,14.4754,9024000.0
2014-07-23,14.4754,14.5161,14.4516,14.489,7608800.0
2014-07-24,14.4618,14.5569,14.438,14.5331,11141200.0
2014-07-25,14.5331,14.5671,14.3972,14.4176,10723400.0
2014-07-28,14.3599,14.6486,14.3599,14.6181,16563400.0
2014-07-29,14.652,14.7132,14.4618,14.4822,15699400.0
2014-07-30,14.4686,14.5161,14.173,14.2376,28192200.0
2014-07-31,14.1492,14.241,14.0032,14.0134,28795600.0
2014-08-01,13.9794,14.1764,13.9352,14.0677,29716200.0
2014-08-04,14.0643,14.0847,13.7552,13.993,53639400.0
2014-08-05,13.9964,14.0032,13.762,13.8231,28800200.0
2014-08-06,13.7654,13.7824,13.6125,13.6465,65615600.0
2014-08-07,13.7076,13.8571,13.7076,13.8027,24042600.0
2014-08-08,13.8571,14.0847,13.8537,14.0779,31999800.0
2014-08-11,14.1085,14.1391,14.0066,14.0269,14320600.0
2014-08-12,14.0236,14.0847,13.9896,14.0168,13082400.0
2014-08-13,14.0337,14.1119,13.9896,14.0813,12362800.0
2014-08-14,14.0609,14.2138,14.0609,14.2036,11168000.0
2014-08-15,14.2138,14.3429,14.1798,14.258,18133600.0
2014-08-18,14.2715,14.3327,14.1968,14.2206,13934600.0
2014-08-19,14.2376,14.404,14.2308,14.4006,12573200.0
2014-08-20,14.3938,14.4448,14.3429,14.4312,10616200.0
2014-08-21,14.4312,14.5467,14.421,14.4652,12558600.0
2014-08-22,14.5229,14.5229,14.3395,14.421,13188200.0
2014-08-25,14.4516,14.5569,14.4414,14.5195,9894800.0
2014-08-26,14.5263,14.5671,14.3463,14.3463,12597400.0
2014-08-27,14.3972,14.506,14.3599,14.5026,9929000.0
2014-08-28,14.4822,14.6079,14.4414,14.6079,17543200.0
2014-08-29,14.5977,14.7098,14.5841,14.703,11004200.0
2014-09-02,14.6826,14.7268,14.4822,14.5705,23901200.0
2014-09-03,14.5739,14.6962,14.5739,14.6418,15549200.0
2014-09-04,14.6181,14.6758,14.5569,14.635,17153000.0
2014-09-05,14.686,14.8253,14.6452,14.8185,14444800.0
2014-09-08,14.8321,14.8321,14.6622,14.7302,12887000.0
2014-09-09,14.6894,14.6928,14.5365,14.5603,21891600.0
2014-09-10,14.5297,14.5773,14.4482,14.4958,18830600.0
2014-09-11,14.4924,14.6384,14.472,14.6181,18016800.0
2014-09-12,14.5365,14.5569,14.3225,14.3565,33076000.0
2014-09-15,14.4176,14.4822,14.3565,14.4006,20438800.0
2014-09-16,14.404,14.6215,14.387,14.5841,22359800.0
2014-09-17,14.6147,14.6588,14.4822,14.5569,29094600.0
2014-09-18,14.5716,14.6093,14.4002,14.4516,22193400.0
2014-09-19,14.5134,14.5957,14.4723,14.582,17713200.0
2014-09-22,14.5443,14.5614,14.4414,14.4723,18414000.0
2014-09-23,14.4723,14.4894,14.39,14.4312,14978400.0
2014-09-24,14.4346,14.4552,14.3318,14.3797,15841600.0
2014-09-25,14.3866,14.4312,14.2906,14.2941,17370000.0
2014-09-26,14.2803,14.3729,14.1912,14.3146,12714200.0
2014-09-29,14.2838,14.4175,14.2392,14.4072,10725800.0
2014-09-30,14.4243,14.582,14.3797,14.4277,22282200.0
2014-10-01,14.4894,14.6471,14.438,14.51,34458000.0
2014-10-02,14.4997,14.5991,14.4654,14.4894,23479400.0
2014-10-03,14.4894,14.606,14.4003,14.582,17579400.0
2014-10-06,14.5991,14.6643,14.5169,14.582,10611800.0
2014-10-07,14.5854,14.7225,14.5271,14.5614,19613000.0
2014-10-08,14.5854,14.9076,14.5614,14.8905,32489000.0
2014-10-09,14.9042,14.9693,14.6368,14.6471,27743600.0
2014-10-10,14.6814,14.8562,14.6814,14.7157,32324800.0
2014-10-13,14.7465,14.9042,14.6951,14.702,33041600.0
2014-10-14,14.75,15.0105,14.702,14.8356,41784200.0
2014-10-15,14.7945,14.9419,14.3626,14.6403,43434200.0
2014-10-16,14.4963,14.6848,14.3763,14.654,39814200.0
2014-10-17,14.7191,14.7671,14.5271,14.7397,29336800.0
2014-10-20,14.7842,14.9556,14.726,14.9453,18816600.0
2014-10-21,14.9796,15.0208,14.8974,14.9968,19601200.0
2014-10-22,14.9796,15.2059,14.9762,15.0893,25112400.0
2014-10-23,15.1304,15.2127,15.0619,15.1167,18282000.0
2014-10-24,15.1407,15.3087,15.1236,15.2641,17239400.0
2014-10-27,15.2607,15.3361,15.1921,15.2299,15802600.0
2014-10-28,15.2401,15.343,15.1544,15.3361,19940000.0
2014-10-29,15.3464,15.4012,15.0927,15.247,29718600.0
2014-10-30,15.2641,15.5932,15.2573,15.5829,43419000.0
2014-10-31,15.6206,15.6412,15.4595,15.5863,29687000.0
2014-11-03,15.6035,15.7372,15.5863,15.6892,24464400.0
2014-11-04,15.696,15.7749,15.5315,15.6069,21871800.0
2014-11-05,15.5966,15.9771,15.5966,15.96,38168800.0
2014-11-06,15.9394,15.9394,15.5966,15.6892,38608200.0
2014-11-07,15.7303,15.8571,15.6755,15.8537,14327000.0
2014-11-10,15.8331,15.9497,15.7783,15.9326,16275400.0
2014-11-11,15.9291,15.96,15.816,15.8743,10366600.0
2014-11-12,15.8948,15.8948,15.5246,15.5966,33872200.0
2014-11-13,15.6172,15.6823,15.4252,15.4698,25144400.0
2014-11-14,15.4321,15.4801,15.3704,15.4047,15060000.0
2014-11-17,15.4047,15.6343,15.3807,15.6069,15849000.0
2014-11-18,15.6446,15.7303,15.5555,15.6515,10401200.0
2014-11-19,15.6103,15.6823,15.5349,15.6378,16997000.0
2014-11-20,15.5898,15.6789,15.5384,15.6035,15733600.0
2014-11-21,15.672,15.744,15.5246,15.6652,22085000.0
2014-11-24,15.6858,15.7097,15.5178,15.5349,18745400.0
2014-11-25,15.5418,15.5623,15.4389,15.5349,16387800.0
2014-11-26,15.5452,15.6515,15.5281,15.6035,13129600.0
2014-11-28,15.6172,15.84,15.6172,15.768,12672800.0
2014-12-01,15.7372,15.9291,15.6378,15.7989,35026600.0
2014-12-02,15.7714,15.9531,15.7029,15.9051,24843200.0
2014-12-03,15.9154,15.9223,15.768,15.8606,15624000.0
2014-12-04,15.8537,15.9291,15.7749,15.8469,14339800.0
2014-12-05,15.6858,15.792,15.6446,15.7235,28960200.0
2014-12-08,15.7235,15.912,15.72,15.8503,19754400.0
2014-12-09,15.7577,15.9668,15.7577,15.9291,20133800.0
2014-12-10,15.9223,16.0388,15.7235,15.7303,17469800.0
2014-12-11,15.6823,16.0114,15.5623,15.888,18271800.0
2014-12-12,15.8503,15.9771,15.7372,15.7372,19496200.0
2014-12-15,15.7749,15.8331,15.5178,15.6035,21087400.0
2014-12-16,15.5795,15.8366,15.4698,15.5898,27773000.0
2014-12-17,15.6412,15.9051,15.6103,15.8674,35711600.0
2014-12-18,15.9304,16.1863,15.8716,16.1794,27928200.0
2014-12-19,16.2405,16.3131,16.1195,16.2059,31399400.0
2014-12-22,16.2509,16.2613,16.1091,16.2474,21691800.0
2014-12-23,16.154,16.3754,16.154,16.2889,17897000.0
2014-12-24,16.2543,16.6313,16.2543,16.5898,26864200.0
2014-12-26,16.5829,16.863,16.5829,16.7904,23945000.0
2014-12-29,16.8008,17.0601,16.7904,16.9841,31240000.0
2014-12-30,16.9702,16.9737,16.6071,16.6313,24496800.0
2014-12-31,16.6728,16.7005,16.3097,16.3304,26502000.0
2015-01-02,16.486,16.486,16.2198,16.4065,29394000.0
2015-01-05,16.4169,16.4618,16.1333,16.2059,35307200.0
2015-01-06,16.2128,16.5033,16.2059,16.2163,34170400.0
2015-01-07,16.3166,16.4445,16.1852,16.3754,23679200.0
2015-01-08,16.4722,16.5518,16.4307,16.4895,24888200.0
2015-01-09,16.493,16.5345,16.2993,16.3858,16611800.0
2015-01-12,16.403,16.4584,16.2405,16.3477,18141200.0
2015-01-13,16.4342,16.6486,16.3097,16.3927,30749000.0
2015-01-14,16.3927,16.5587,16.2855,16.5345,28789600.0
2015-01-15,16.5621,16.7108,16.5137,16.6659,27898000.0
2015-01-16,16.6624,16.8215,16.614,16.8146,24486000.0
2015-01-20,16.863,16.9149,16.6935,16.8561,20412400.0
2015-01-21,16.8388,17.0428,16.697,17.0186,23331800.0
2015-01-22,17.0636,17.112,16.825,16.946,29147400.0
2015-01-23,17.0013,17.0774,16.9391,16.9944,13451000.0
2015-01-26,16.9806,16.9979,16.8284,16.9841,15563000.0
2015-01-27,16.9426,17.0982,16.908,17.0083,16588000.0
2015-01-28,17.0359,17.2158,16.8181,16.863,25348600.0
2015-01-29,16.8215,17.1189,16.7662,17.0878,22432800.0
2015-01-30,17.0671,17.0671,16.6901,16.7108,27996600.0
2015-02-02,16.7108,16.8457,16.5345,16.7835,40899600.0
2015-02-03,16.7523,16.9045,16.6763,16.8457,28953200.0
2015-02-04,16.7973,16.8768,16.6002,16.6417,23465800.0
2015-02-05,16.6901,16.8284,16.5933,16.7938,21863600.0
2015-02-06,16.7143,16.7212,16.0019,16.1022,61356200.0
2015-02-09,16.0745,16.1817,15.8843,15.9604,34930400.0
2015-02-10,15.9465,16.3131,15.9258,16.2889,39487200.0
2015-02-11,16.2232,16.2232,15.8981,15.9362,37264800.0
2015-02-12,15.9673,15.9811,15.8082,15.8635,38250800.0
2015-02-13,15.829,15.8532,15.497,15.6215,47943200.0
2015-02-17,15.573,15.7702,15.4693,15.6076,48349600.0
2015-02-18,15.5972,15.9984,15.5696,15.9777,55513600.0
2015-02-19,15.9431,15.988,15.7425,15.7978,24325400.0
2015-02-20,15.8532,15.8532,15.5972,15.8013,26527800.0
2015-02-23,15.829,15.9189,15.784,15.9085,14807000.0
2015-02-24,15.9292,16.1125,15.8601,16.0261,26092000.0
2015-02-25,16.0123,16.0261,15.746,15.7632,21328000.0
2015-02-26,15.8393,15.8393,15.6249,15.6595,22981800.0
2015-02-27,15.656,15.6975,15.5661,15.6422,21147000.0
2015-03-02,15.6318,15.6318,15.2341,15.3413,51389000.0
2015-03-03,15.331,15.452,15.2376,15.4347,34493200.0
2015-03-04,15.4001,15.4001,15.2964,15.3482,17736200.0
2015-03-05,15.3863,15.5385,15.3863,15.4693,17725200.0
2015-03-06,15.248,15.2583,14.9471,15.0059,49311800.0
2015-03-09,15.0439,15.1096,14.9989,15.0335,19634600.0
2015-03-10,14.992,15.1857,14.9644,15.0059,26158200.0
2015-03-11,15.0301,15.0923,14.8744,14.909,18701600.0
2015-03-12,15.0093,15.2549,14.9886,15.1926,28488000.0
2015-03-13,15.1719,15.1719,14.8987,15.037,23120000.0
2015-03-16,15.1477,15.407,15.12,15.2964,23889400.0
2015-03-17,15.2549,15.3621,15.2203,15.2722,16648000.0
2015-03-18,15.2687,15.7805,15.2237,15.6837,42878800.0
2015-03-19,15.5977,15.7894,15.4966,15.5385,23949200.0
2015-03-20,15.6643,15.7235,15.5144,15.6782,25480600.0
2015-03-23,15.6678,15.7619,15.6329,15.6887,13137000.0
2015-03-24,15.6817,15.7619,15.4761,15.5144,19505400.0
2015-03-25,15.5493,15.619,15.3192,15.3332,22863200.0
2015-03-26,15.2948,15.3959,15.1589,15.2042,23126800.0
2015-03-27,15.2321,15.3854,15.1868,15.2948,12614000.0
2015-03-30,15.3785,15.5423,15.2913,15.483,15849200.0
2015-03-31,15.4377,15.6294,15.3715,15.4865,17057800.0
2015-04-01,15.3785,15.5423,15.2565,15.5005,32550400.0
2015-04-02,15.4761,15.5981,15.4586,15.5283,20928400.0
2015-04-06,15.5946,15.8386,15.5771,15.7445,23009200.0
2015-04-07,15.741,15.7479,15.5527,15.5632,13219800.0
2015-04-08,15.5632,15.5841,15.4377,15.5179,14485600.0
2015-04-09,15.5074,15.5179,15.3576,15.4517,18568600.0
2015-04-10,15.5074,15.6294,15.4377,15.5667,17535800.0
2015-04-13,15.5353,15.5702,15.3994,15.4133,13555600.0
2015-04-14,15.4517,15.5423,15.4063,15.49,18642200.0
2015-04-15,15.5318,15.6678,15.5074,15.5283,17690600.0
2015-04-16,15.4761,15.4935,15.2983,15.4273,26074200.0
2015-04-17,15.361,15.497,15.3192,15.3715,15983200.0
2015-04-20,15.4342,15.7235,15.4238,15.6015,17431600.0
2015-04-21,15.6015,15.7201,15.4063,15.4621,20739800.0
2015-04-22,15.5074,15.5353,15.3959,15.4935,16239000.0
2015-04-23,15.4412,15.6573,15.4412,15.5806,17584400.0
2015-04-24,15.5806,15.8455,15.5423,15.7375,27826600.0
2015-04-27,15.7898,15.8037,15.5005,15.5493,17956400.0
2015-04-28,15.483,15.6643,15.4273,15.6608,18012800.0
2015-04-29,15.5458,15.6469,15.4656,15.5946,25450800.0
2015-04-30,15.5597,15.5632,15.2948,15.4133,33548800.0
2015-05-01,15.3785,15.5074,15.3157,15.5005,24311600.0
2015-05-04,15.5039,15.734,15.4795,15.6155,24292600.0
2015-05-05,15.5911,15.5911,15.2251,15.2669,34878800.0
2015-05-06,15.2634,15.3401,15.0334,15.1833,32039000.0
2015-05-07,15.2356,15.3436,15.1972,15.239,23623600.0
2015-05-08,15.4342,15.5179,15.2844,15.3471,27397200.0
2015-05-11,15.3436,15.4726,15.2286,15.2425,24015600.0
2015-05-12,15.1624,15.2425,15.0717,15.2251,25964200.0
2015-05-13,15.2774,15.3262,15.0229,15.0752,26427400.0
2015-05-14,15.1519,15.2913,15.138,15.2495,23619000.0
2015-05-15,15.2913,15.4795,15.2669,15.4482,33801600.0
2015-05-18,15.3715,15.5353,15.3715,15.5074,19542800.0
2015-05-19,15.4377,15.5806,15.3854,15.5423,24364400.0
2015-05-20,15.5423,15.6782,15.5074,15.5667,16571200.0
2015-05-21,15.605,15.6225,15.4865,15.5597,13174000.0
2015-05-22,15.5039,15.5806,15.4342,15.5353,17145200.0
2015-05-26,15.5109,15.5283,15.3366,15.4377,20299600.0
2015-05-27,15.4517,15.5283,15.4203,15.5005,14437600.0
2015-05-28,15.4935,15.5737,15.4377,15.5353,18887800.0
2015-05-29,15.5039,15.5806,15.4517,15.5109,17202600.0
2015-06-01,15.5527,15.6259,15.483,15.5318,15696142.0
2015-06-02,15.4482,15.4656,15.2181,15.3262,23577466.0
2015-06-03,15.2669,15.3297,15.016,15.0996,42057148.0
2015-06-04,15.117,15.1833,15.0473,15.0787,24805692.0
2015-06-05,14.8835,14.9532,14.8312,14.8905,30771032.0
2015-06-08,14.9044,14.9044,14.7929,14.8033,14738640.0
2015-06-09,14.7789,14.8591,14.7685,14.7685,19634264.0
2015-06-10,14.9009,14.9532,14.8382,14.8417,20840544.0
2015-06-11,14.9637,14.9916,14.8975,14.9602,17116966.0
2015-06-12,14.8975,14.9463,14.8243,14.8277,15946306.0
2015-06-15,14.7859,14.8731,14.7406,14.8033,16211942.0
2015-06-16,14.7755,14.8731,14.7127,14.8731,13806612.0
2015-06-17,14.88,15.0229,14.8347,14.9985,34143548.0
2015-06-18,15.0143,15.2359,15.0143,15.1972,39204312.0
2015-06-19,15.2263,15.2368,15.0434,15.0504,21653380.0
2015-06-22,15.075,15.1102,14.9941,15.0293,17687360.0
2015-06-23,14.973,15.0047,14.8042,14.8253,27932570.0
2015-06-24,14.8429,14.8745,14.7022,14.7092,21065396.0
2015-06-25,14.7514,14.755,14.6072,14.6107,22645556.0
2015-06-26,14.5791,14.7233,14.5298,14.6987,16893618.0
2015-06-29,14.6741,14.864,14.6107,14.6213,29678898.0
2015-06-30,14.6916,14.7057,14.551,14.5826,21443872.0
2015-07-01,14.6002,14.6741,14.5615,14.6705,19611520.0
2015-07-02,14.769,14.8992,14.7374,14.8534,18213146.0
2015-07-06,14.8323,14.9519,14.7796,14.9132,24552944.0
2015-07-07,14.9625,15.3459,14.9625,15.2825,48781560.0
2015-07-08,15.2298,15.3248,15.1735,15.2016,30921634.0
2015-07-09,15.2474,15.2825,14.9836,15.0328,24024750.0
2015-07-10,15.0399,15.2227,14.9906,15.1137,22300198.0
2015-07-13,15.1559,15.2192,15.0293,15.1207,15316868.0
2015-07-14,15.1032,15.2052,15.0539,15.0996,13190808.0
2015-07-15,15.0821,15.177,15.0152,15.1735,17311470.0
2015-07-16,15.1735,15.4232,15.1524,15.3986,22181768.0
2015-07-17,15.3986,15.4197,15.2403,15.2509,20172608.0
2015-07-20,15.1841,15.2544,15.0926,15.17,17612470.0
2015-07-21,15.1419,15.177,14.9695,15.0328,16675460.0
2015-07-22,15.0574,15.177,15.0187,15.0996,15496242.0
2015-07-23,15.0856,15.0961,14.8007,14.8745,25736162.0
2015-07-24,14.8816,14.9414,14.8323,14.8886,16678458.0
2015-07-27,14.8886,15.1454,14.8464,15.0785,23050982.0
2015-07-28,15.0785,15.163,15.0223,15.1489,16583138.0
2015-07-29,15.1489,15.2192,15.0363,15.2052,26415790.0
2015-07-30,15.1911,15.367,15.1243,15.3177,22036888.0
2015-07-31,15.4584,15.5956,15.4408,15.4725,22807124.0
2015-08-03,15.4936,15.6413,15.476,15.5534,24369888.0
2015-08-04,15.5147,15.5358,15.272,15.3036,21981336.0
2015-08-05,15.3634,15.4514,15.2966,15.3423,21674198.0
2015-08-06,15.381,15.4373,15.2052,15.4232,33341152.0
2015-08-07,15.4092,15.68,15.3283,15.6132,36139464.0
2015-08-10,15.6167,15.6905,15.5182,15.5499,19688632.0
2015-08-11,15.6096,15.7468,15.5112,15.6272,29210942.0
2015-08-12,15.6096,15.9332,15.5745,15.9051,40270900.0
2015-08-13,15.8418,15.9543,15.7222,15.9086,20567778.0
2015-08-14,15.8453,16.0388,15.8101,16.0282,18489794.0
2015-08-17,16.081,16.1759,16.0001,16.1056,17253956.0
2015-08-18,16.0528,16.095,16.0001,16.0669,19913460.0
2015-08-19,16.0282,16.183,15.9438,16.1337,17915850.0
2015-08-20,16.0669,16.2287,15.9825,16.0388,22498436.0
2015-08-21,15.986,16.0563,15.8348,15.8453,34101166.0
2015-08-24,15.5323,15.6765,15.177,15.2544,60903964.0
2015-08-25,15.4408,15.5393,14.769,14.7831,54042884.0
2015-08-26,14.8851,15.0821,14.7585,15.0469,42358392.0
2015-08-27,15.1313,15.2298,15.0152,15.2227,30033112.0
2015-08-28,15.2016,15.2474,14.9695,15.177,17957066.0
2015-08-31,15.1559,15.1559,14.8112,14.9343,23237856.0
2015-09-01,14.7725,14.8007,14.4489,14.5298,34221424.0
2015-09-02,14.6318,14.6776,14.4173,14.5404,17598226.0
2015-09-03,14.5087,14.6811,14.5087,14.6072,16661084.0
2015-09-04,14.4912,14.5228,14.3505,14.4067,24831900.0
2015-09-08,14.5404,14.7127,14.5263,14.7127,19356276.0
2015-09-09,14.7479,14.7901,14.5017,14.5298,20310202.0
2015-09-10,14.5228,14.6494,14.4595,14.5052,11542524.0
2015-09-11,14.4876,14.6213,14.4208,14.6143,14456572.0
2015-09-14,14.667,14.7479,14.6178,14.6494,15321608.0
2015-09-15,14.667,14.762,14.5721,14.7268,12027234.0
2015-09-16,14.769,14.9203,14.7198,14.8745,16726920.0
2015-09-17,14.83,15.2738,14.83,15.0785,40360204.0
2015-09-18,15.0149,15.1676,14.9581,14.9936,25856050.0
2015-09-21,14.983,15.1321,14.983,15.054,15644040.0
2015-09-22,14.9865,15.0504,14.8232,14.8658,20520770.0
2015-09-23,14.8693,14.9404,14.8161,14.9049,9958630.0
2015-09-24,14.9013,15.054,14.8516,15.0256,21552762.0
2015-09-25,15.054,15.3203,14.983,15.1711,17923652.0
2015-09-28,15.1711,15.2634,15.0682,15.0966,17835130.0
2015-09-29,15.125,15.1924,15.0362,15.1001,16918248.0
2015-09-30,15.1321,15.3877,15.1285,15.37,18017912.0
2015-10-01,15.4055,15.4268,15.0717,15.1889,30074152.0
2015-10-02,15.3025,15.3913,15.1605,15.3913,25486936.0
2015-10-05,15.4339,15.6149,15.3771,15.5901,22866958.0
2015-10-06,15.5581,15.6043,15.3877,15.4836,19203972.0
2015-10-07,15.5013,15.5333,15.4055,15.4303,18253712.0
2015-10-08,15.4197,15.6469,15.37,15.622,18002800.0
2015-10-09,15.6185,15.6327,15.4978,15.5475,24271312.0
2015-10-12,15.6043,15.7783,15.551,15.686,14102058.0
2015-10-13,15.6718,15.7392,15.6185,15.6505,16848026.0
2015-10-14,15.7215,15.7641,15.6256,15.6469,14247982.0
2015-10-15,15.7073,15.9061,15.6327,15.8777,15390738.0
2015-10-16,15.8919,15.9984,15.8493,15.899,17215250.0
2015-10-19,15.8848,15.9167,15.7499,15.9096,17816642.0
2015-10-20,15.8599,16.0303,15.8493,15.9629,18772284.0
2015-10-21,16.009,16.0943,15.9203,15.9309,15958280.0
2015-10-22,15.9984,16.1617,15.9416,16.1156,24653522.0
2015-10-23,16.1014,16.1085,15.8209,15.8315,24162804.0
2015-10-26,15.867,15.8777,15.6505,15.7747,21396672.0
2015-10-27,15.7605,15.796,15.6647,15.7179,16057776.0
2015-10-28,15.7215,15.7818,15.3771,15.551,33819694.0
2015-10-29,15.4729,15.5226,15.2528,15.4623,28177270.0
2015-10-30,15.48,15.5936,15.4232,15.5333,22057818.0
2015-11-02,15.5226,15.583,15.4303,15.551,30061032.0
2015-11-03,15.4942,15.6149,15.4516,15.5972,22031778.0
2015-11-04,15.5794,15.7286,15.5794,15.6789,20903700.0
2015-11-05,15.6469,15.6931,15.5439,15.5439,18944110.0
2015-11-06,15.2919,15.3274,14.8729,15.0007,59848064.0
2015-11-09,14.9333,15.1108,14.9013,15.0398,25441838.0
2015-11-10,15.0469,15.2208,15.0185,15.1747,16271402.0
2015-11-11,15.2173,15.3345,15.1853,15.3061,20809072.0
2015-11-12,15.267,15.4126,15.1498,15.1605,16857050.0
2015-11-13,15.1782,15.2848,15.0575,15.1037,17640526.0
2015-11-16,15.1321,15.3629,15.0788,15.3593,17521642.0
2015-11-17,15.3522,15.4445,15.0398,15.0824,23596904.0
2015-11-18,15.093,15.2102,14.9581,15.1782,29997804.0
2015-11-19,15.2137,15.3735,15.1995,15.3416,23799780.0
2015-11-20,15.3664,15.5155,15.338,15.4055,23589614.0
2015-11-23,15.4232,15.4445,15.2386,15.2634,19907960.0
2015-11-24,15.196,15.2634,15.1214,15.2421,16751958.0
2015-11-25,15.2386,15.2386,15.093,15.1498,14734450.0
2015-11-27,15.1924,15.2492,15.1569,15.1782,7449444.0
2015-11-30,15.196,15.3132,15.1711,15.2031,20825038.0
2015-12-01,15.2386,15.3558,15.1782,15.3238,22991004.0
2015-12-02,15.2812,15.3025,14.9794,14.983,20940052.0
2015-12-03,14.9581,14.9617,14.8196,14.8693,28568280.0
2015-12-04,14.9226,15.1001,14.8764,15.0788,20042918.0
2015-12-07,15.0433,15.1534,14.9723,15.1463,17934330.0
2015-12-08,15.0859,15.1463,15.0043,15.125,20011844.0
2015-12-09,15.0575,15.2883,15.0078,15.1285,18649066.0
2015-12-10,15.1072,15.1356,14.8658,14.88,17726520.0
2015-12-11,14.8445,14.9581,14.7344,14.8374,25685330.0
2015-12-14,14.8942,14.9155,14.7344,14.912,27107680.0
2015-12-15,14.9333,15.1214,14.9226,15.0291,19005774.0
2015-12-16,15.0859,15.4339,15.0398,15.409,35107692.0
2015-12-17,15.4374,15.5271,15.319,15.441,23791078.0
2015-12-18,15.4213,15.4393,15.1308,15.2491,30459694.0
2015-12-21,15.285,15.346,15.1595,15.2384,17293986.0
2015-12-22,15.2814,15.407,15.1415,15.3675,14465476.0
2015-12-23,15.3783,15.6401,15.3711,15.6043,16126432.0
2015-12-24,15.5505,15.6401,15.5505,15.5935,5238378.0
2015-12-28,15.5002,15.6437,15.5002,15.6222,9537616.0
2015-12-29,15.6975,15.7621,15.6688,15.7083,15023260.0
2015-12-30,15.7191,15.7621,15.6617,15.6939,12921524.0
2015-12-31,15.6688,15.7119,15.3854,15.5253,19382022.0
2016-01-04,15.4357,15.4966,15.3065,15.4931,23478904.0
2016-01-05,15.4859,15.6437,15.2635,15.6043,20808890.0
2016-01-06,15.511,15.6401,15.45,15.5756,21877374.0
2016-01-07,15.407,15.5505,15.3747,15.4715,21450702.0
2016-01-08,15.4823,15.5899,15.4357,15.4644,21577148.0
2016-01-11,15.4751,15.6186,15.4679,15.5469,28975788.0
2016-01-12,15.5576,15.6043,15.3639,15.4859,27038532.0
2016-01-13,15.5361,15.6114,15.4321,15.4787,33424120.0
2016-01-14,15.4751,15.8016,15.4249,15.7119,36419352.0
2016-01-15,15.554,15.6688,15.3854,15.572,33194280.0
2016-01-19,15.6545,15.8482,15.5935,15.8051,33073966.0
2016-01-20,15.7155,15.7657,15.2276,15.45,37967366.0
2016-01-21,15.4823,15.554,15.2994,15.4357,27015252.0
2016-01-22,15.5289,15.7226,15.4536,15.7119,29056740.0
2016-01-25,15.7047,15.7442,15.5218,15.5792,25056474.0
2016-01-26,15.615,15.841,15.615,15.6868,21848258.0
2016-01-27,15.6581,15.8374,15.5899,15.7226,26434262.0
2016-01-28,15.7011,16.0778,15.615,15.9737,29159782.0
2016-01-29,16.0778,16.3074,16.0778,16.293,32286466.0
2016-02-01,16.2177,16.5226,16.2069,16.4473,51152540.0
2016-02-02,16.3863,16.5369,16.3074,16.519,30266296.0
2016-02-03,16.5764,16.7988,16.5728,16.7235,61704614.0
2016-02-04,16.6768,16.7988,16.6051,16.6517,50359390.0
2016-02-05,16.5549,16.7701,16.4078,16.7055,50720742.0
2016-02-08,16.6697,16.8598,16.4939,16.6481,53227140.0
2016-02-09,16.5907,16.7701,16.5513,16.7055,42032574.0
2016-02-10,16.6661,16.7773,16.397,16.6876,49627478.0
2016-02-11,16.5836,16.7199,16.3863,16.3934,48663578.0
2016-02-12,16.4078,16.4759,16.2105,16.3432,38061208.0
2016-02-16,16.4257,16.4831,16.2751,16.4473,26776460.0
2016-02-17,16.4795,16.5011,16.3074,16.415,33918082.0
2016-02-18,16.3827,16.7414,16.3683,16.684,36305178.0
2016-02-19,16.6123,16.6589,16.4652,16.5728,32091282.0
2016-02-22,16.6625,16.7665,16.5656,16.7665,23777362.0
2016-02-23,16.7127,16.8203,16.6374,16.7809,21757578.0
2016-02-24,16.7809,16.8921,16.7055,16.8598,26352132.0
2016-02-25,16.9136,17.032,16.8634,17.032,22752944.0
2016-02-26,16.9638,16.9746,16.5585,16.562,63196984.0
2016-02-29,16.5369,16.7665,16.5226,16.6087,37698580.0
2016-03-01,16.6948,16.7342,16.4221,16.5262,46237758.0
2016-03-02,16.4831,16.6194,16.171,16.6123,59148748.0
2016-03-03,16.6374,16.7127,16.415,16.7127,36035006.0
2016-03-04,16.6087,16.953,16.5656,16.8992,40928884.0
2016-03-07,16.8705,17.0284,16.8167,16.9925,31587736.0
2016-03-08,17.0176,17.1754,16.9315,17.1611,31093564.0
2016-03-09,17.1252,17.2938,17.1109,17.24,27646272.0
2016-03-10,17.2328,17.3118,17.0894,17.2544,33506990.0
2016-03-11,17.3369,17.3799,17.2364,17.2723,29487936.0
2016-03-14,17.2687,17.3261,17.197,17.2938,22559520.0
2016-03-15,17.2759,17.3835,17.2544,17.3261,26148036.0
2016-03-16,17.2615,17.5916,17.1432,17.5916,51078386.0
2016-03-17,17.5222,17.7282,17.4571,17.6884,30388686.0
2016-03-18,17.6875,17.7418,17.5683,17.5755,31251238.0
2016-03-21,17.5213,17.6442,17.3876,17.5574,29274568.0
2016-03-22,17.5394,17.6297,17.4779,17.4996,22237218.0
2016-03-23,17.4996,17.6984,17.4201,17.6297,29080806.0
2016-03-24,17.6225,17.702,17.5719,17.6767,24347622.0
2016-03-28,17.7056,17.7996,17.5755,17.6117,19717034.0
2016-03-29,17.6659,17.8863,17.5936,17.8719,33363904.0
2016-03-30,17.8719,17.9116,17.7634,17.8285,27940862.0
2016-03-31,17.8538,17.9514,17.7887,17.9333,27743664.0
2016-04-01,17.8719,18.0273,17.8032,18.002,34769624.0
2016-04-04,18.0056,18.0273,17.8321,17.9261,28287448.0
2016-04-05,17.8863,17.9152,17.5755,17.59,36167632.0
2016-04-06,17.5647,17.5936,17.4599,17.5683,39599736.0
2016-04-07,17.543,17.6767,17.5141,17.5611,27432106.0
2016-04-08,17.6008,17.7707,17.5972,17.655,31539194.0
2016-04-11,17.655,17.7671,17.5647,17.5791,20518900.0
2016-04-12,17.5827,17.7237,17.5538,17.702,25998886.0
2016-04-13,17.7526,17.7526,17.4996,17.5936,23959580.0
2016-04-14,17.5502,17.6333,17.5141,17.5719,23356352.0
2016-04-15,17.608,17.7092,17.5466,17.6695,20975340.0
2016-04-18,17.6586,17.7381,17.5394,17.7381,15276736.0
2016-04-19,17.7562,17.7924,17.6514,17.7671,20251188.0
2016-04-20,17.7815,17.8032,17.3117,17.3225,48601286.0
2016-04-21,17.2792,17.3045,16.8852,16.9611,61749802.0
2016-04-22,17.0081,17.1346,16.9973,17.1129,23226582.0
2016-04-25,17.0406,17.149,17.0298,17.1454,23585568.0
2016-04-26,17.1563,17.243,17.1237,17.1707,25277938.0
2016-04-27,17.2213,17.5213,17.1671,17.4201,46045538.0
2016-04-28,17.2683,17.4382,17.1671,17.3948,38646944.0
2016-04-29,17.3225,17.5177,17.1888,17.4996,38955610.0
2016-05-02,17.5105,17.7273,17.4888,17.6406,31585930.0
2016-05-03,17.6261,17.7201,17.5285,17.6261,30282502.0
2016-05-04,17.6225,17.9442,17.5791,17.8321,32871070.0
2016-05-05,17.7815,17.9803,17.6984,17.7634,29625390.0
2016-05-06,17.7092,17.7381,17.4888,17.6478,36302912.0
2016-05-09,17.6189,17.7743,17.6189,17.749,18527914.0
2016-05-10,17.7671,17.8321,17.702,17.7671,24439358.0
2016-05-11,17.7743,17.8466,17.6731,17.8321,21935704.0
2016-05-12,17.8032,17.9658,17.7381,17.9369,33993678.0
2016-05-13,17.8899,17.9297,17.7634,17.8502,23580312.0
2016-05-16,17.7887,17.8755,17.7237,17.8719,20642800.0
2016-05-17,17.814,17.8574,17.4743,17.5683,32994288.0
2016-05-18,17.4671,17.6044,17.1816,17.2394,48218224.0
2016-05-19,17.1743,17.4165,17.0768,17.4129,37041334.0
2016-05-20,17.4526,17.4743,17.3189,17.4526,27893572.0
2016-05-23,17.449,17.4924,17.2755,17.2972,20290816.0
2016-05-24,17.3261,17.4924,17.3008,17.4707,22778458.0
2016-05-25,17.3767,17.4743,17.2972,17.4201,26806400.0
2016-05-26,17.3984,17.6406,17.3984,17.6189,25064574.0
2016-05-27,17.6153,17.6803,17.5574,17.6478,29001992.0
2016-05-31,17.6189,17.7779,17.6153,17.7634,29708568.0
2016-06-01,17.7598,17.8321,17.7201,17.8104,21077716.0
2016-06-02,17.796,17.8177,17.6406,17.8177,13703146.0
2016-06-03,18.0526,18.1971,17.9658,18.0996,33273660.0
2016-06-06,18.1068,18.1682,17.9984,18.0743,20546816.0
2016-06-07,18.0887,18.1827,18.0237,18.0598,15198460.0
2016-06-08,18.0562,18.1827,18.0273,18.1682,12081286.0
2016-06-09,18.1791,18.3562,18.1538,18.3236,18203240.0
2016-06-10,18.3056,18.3995,18.2044,18.2767,24708050.0
2016-06-13,18.3056,18.3742,18.2405,18.255,21724416.0
2016-06-14,18.2622,18.3634,18.1646,18.3525,22215662.0
2016-06-15,18.3453,18.3815,18.1718,18.2369,20673834.0
2016-06-16,18.2141,18.3926,18.1995,18.3525,18966436.0
2016-06-17,18.3349,18.4224,18.2329,18.4187,32021416.0
2016-06-20,18.3896,18.4442,18.211,18.3495,27551608.0
2016-06-21,18.3604,18.4624,18.2438,18.375,14835940.0
2016-06-22,18.375,18.4041,18.2693,18.2875,14473210.0
2016-06-23,18.2548,18.3458,18.2147,18.3386,16081658.0
2016-06-24,18.2985,18.5317,18.1418,18.4406,45398034.0
2016-06-27,18.3458,18.6446,18.3203,18.5936,31926934.0
2016-06-28,18.6009,18.6738,18.4479,18.6628,24869696.0
2016-06-29,18.7503,18.8013,18.6483,18.7139,26449510.0
2016-06-30,18.7977,19.1402,18.7139,19.1183,32498224.0
2016-07-01,19.224,19.224,18.9252,19.1219,31746638.0
2016-07-05,19.1802,19.2932,19.1219,19.264,23213890.0
2016-07-06,19.2422,19.3187,19.1292,19.3041,28571772.0
2016-07-07,19.2385,19.2495,18.9106,18.947,43413294.0
2016-07-08,18.7831,19.1547,18.743,19.1438,29841870.0
2016-07-11,19.0855,19.1438,18.907,19.1292,26467492.0
2016-07-12,19.0017,19.0782,18.856,18.8669,33904436.0
2016-07-13,18.947,19.0163,18.9033,19.0163,23859286.0
2016-07-14,18.8268,18.9798,18.8049,18.8924,31668698.0
2016-07-15,18.856,18.9944,18.856,18.947,24011508.0
2016-07-18,18.9689,19.06,18.9653,19.0017,19728134.0
2016-07-19,18.9835,19.0236,18.8815,18.9689,19419398.0
2016-07-20,18.9434,18.9871,18.8305,18.8596,21211190.0
2016-07-21,18.7758,18.9871,18.7539,18.9726,24509454.0
2016-07-22,18.9252,19.2422,18.907,19.224,24209996.0
2016-07-25,19.1985,19.2167,19.0746,19.1912,13614874.0
2016-07-26,19.1985,19.213,18.9689,19.0236,23581864.0
2016-07-27,18.9798,19.0017,18.641,18.8049,41191164.0
2016-07-28,18.7831,18.9106,18.7503,18.8778,17284526.0
2016-07-29,18.8815,19.0527,18.8487,18.9908,27229976.0
2016-08-01,18.896,19.0454,18.896,19.0017,22434760.0
2016-08-02,18.9033,18.9507,18.7904,18.8778,26181190.0
2016-08-03,18.8778,18.9106,18.7066,18.7649,21510802.0
2016-08-04,18.7867,18.896,18.6993,18.7539,23309234.0
2016-08-05,18.6483,18.6883,18.4734,18.4843,50863092.0
2016-08-08,18.4843,18.6446,18.426,18.477,23541672.0
2016-08-09,18.5025,18.5718,18.426,18.4734,19682070.0
2016-08-10,18.5171,18.5608,18.4296,18.477,15007518.0
2016-08-11,18.4734,18.5317,18.4187,18.5207,17919542.0
2016-08-12,18.5863,18.6811,18.5426,18.5462,18103786.0
2016-08-15,18.5462,18.6118,18.262,18.262,22993854.0
2016-08-16,18.2183,18.2292,18.0471,18.0471,36421832.0
2016-08-17,18.0288,18.3531,17.8867,18.3167,54217696.0
2016-08-18,18.3131,18.5426,18.2803,18.5426,25755046.0
2016-08-19,18.4151,18.4916,18.2183,18.3167,27569820.0
2016-08-22,18.3458,18.4442,18.3094,18.3641,15779418.0
2016-08-23,18.3969,18.4807,18.273,18.2839,13933386.0
2016-08-24,18.2548,18.3058,18.1345,18.2766,14261000.0
2016-08-25,18.2584,18.3495,18.2548,18.2875,13894850.0
2016-08-26,18.3058,18.4224,17.894,17.9086,39735112.0
2016-08-29,17.9633,18.0981,17.945,18.0544,24873024.0
2016-08-30,18.0398,18.1272,17.843,17.8649,22825048.0
2016-08-31,17.8467,17.945,17.8066,17.9378,21628910.0
2016-09-01,17.8904,17.9523,17.8248,17.8467,30064230.0
2016-09-02,17.9122,18.1017,17.8758,18.0835,29741098.0
2016-09-06,18.1782,18.3021,18.1272,18.2803,29536876.0
2016-09-07,18.2912,18.324,18.1782,18.2839,19823810.0
2016-09-08,18.1782,18.3677,18.16,18.3458,24644976.0
2016-09-09,18.1637,18.1855,17.6499,17.6572,48715458.0
2016-09-12,17.628,18.007,17.628,17.9705,45506736.0
2016-09-13,17.9122,17.9341,17.6426,17.7228,40963264.0
2016-09-14,17.7884,17.9341,17.7118,17.792,27333054.0
2016-09-15,17.7725,17.9599,17.7284,17.9268,44747832.0
2016-09-16,17.9512,18.1275,17.8189,18.1018,38581982.0
2016-09-19,18.1239,18.2892,18.1165,18.2819,22740004.0
2016-09-20,18.3554,18.3848,18.2378,18.2488,21800356.0
2016-09-21,18.2819,18.6347,18.2451,18.62,33242652.0
2016-09-22,18.7486,18.7743,18.5979,18.7339,21306626.0
2016-09-23,18.6788,18.7706,18.5906,18.7192,18541814.0
2016-09-26,18.7192,18.7486,18.6089,18.6714,15589306.0
2016-09-27,18.7118,18.8257,18.4105,18.4289,34216364.0
2016-09-28,18.4289,18.4987,18.2451,18.4031,29466076.0
2016-09-29,18.3627,18.3701,18.0357,18.1275,37183180.0
2016-09-30,18.1422,18.2745,17.9107,18.0026,27637466.0
2016-10-03,18.0099,18.0099,17.6425,17.749,36461940.0
2016-10-04,17.738,17.7527,17.2713,17.3779,48257854.0
2016-10-05,17.4183,17.5543,17.275,17.3411,52683538.0
2016-10-06,17.2823,17.4257,17.1942,17.3375,36661312.0
2016-10-07,17.4587,17.6241,17.3081,17.3154,33050342.0
2016-10-10,17.3264,17.4734,17.3264,17.4587,18499514.0
2016-10-11,17.4477,17.4477,17.2309,17.2603,26691874.0
2016-10-12,17.2713,17.4624,17.2419,17.4293,25376156.0
2016-10-13,17.4587,17.7601,17.422,17.6461,54514368.0
2016-10-14,17.5616,17.7233,17.5212,17.5469,31135142.0
2016-10-17,17.602,17.6866,17.58,17.6425,19194016.0
2016-10-18,17.7196,17.8299,17.5653,17.7931,25692432.0
2016-10-19,17.7821,17.8078,17.6682,17.7527,16308870.0
2016-10-20,17.7895,17.8813,17.7086,17.7417,15240654.0
2016-10-21,17.6645,17.7307,17.5616,17.6388,19058546.0
2016-10-24,17.716,17.7711,17.5984,17.7049,16856454.0
2016-10-25,17.6829,17.8152,17.6608,17.8152,18634454.0
2016-10-26,17.7674,17.8813,17.6792,17.8593,19594276.0
2016-10-27,17.7564,17.8262,17.6278,17.7527,29686264.0
2016-10-28,17.7417,17.8924,17.7123,17.8078,28886178.0
2016-10-31,17.8519,18.2709,17.8042,18.1643,42658328.0
2016-11-01,18.1128,18.1496,17.7858,17.8336,45099308.0
2016-11-02,17.749,17.7968,17.4587,17.6094,50395474.0
2016-11-03,17.5653,17.7454,17.5028,17.6755,22423214.0
2016-11-04,17.7454,17.9144,17.6094,17.6204,26898630.0
2016-11-07,17.6939,17.9328,17.5249,17.9291,30753746.0
2016-11-08,17.9512,18.1386,17.9218,18.0687,32873048.0
2016-11-09,17.7674,17.7674,17.3742,17.4036,78334438.0
2016-11-10,17.3081,17.3301,16.7605,16.9847,101891690.0
2016-11-11,16.9479,17.1464,16.8487,16.9149,57605424.0
2016-11-14,16.7863,16.9406,16.654,16.9038,52877554.0
2016-11-15,16.9994,17.2162,16.992,17.1758,45234928.0
2016-11-16,17.2162,17.2603,16.9443,17.0582,32132124.0
2016-11-17,16.9773,17.1537,16.9773,17.0619,34207474.0
2016-11-18,17.1096,17.1464,16.9369,17.0104,19644566.0
2016-11-21,17.0582,17.1942,17.0325,17.1905,20567354.0
2016-11-22,17.1978,17.2823,17.1096,17.2566,20005434.0
2016-11-23,17.0141,17.2419,17.0141,17.0839,25478996.0
2016-11-25,17.1096,17.3889,17.1096,17.3301,14234848.0
2016-11-28,17.3816,17.7049,17.3779,17.6645,40080650.0
2016-11-29,17.5984,17.8225,17.591,17.738,24521458.0
2016-11-30,17.4771,17.5175,17.1795,17.1795,42956770.0
2016-12-01,17.0361,17.1133,16.9185,17.0435,33660226.0
2016-12-02,17.1427,17.3191,17.0839,17.1978,29360256.0
2016-12-05,17.1243,17.2236,16.9663,17.2199,27052916.0
2016-12-06,17.2125,17.2823,17.1464,17.1868,16034896.0
2016-12-07,17.2493,17.411,17.2309,17.411,23788558.0
2016-12-08,17.3007,17.4734,17.1758,17.4404,25680072.0
2016-12-09,17.422,17.6314,17.422,17.6241,28762864.0
2016-12-12,17.5506,17.8262,17.5469,17.8078,33706638.0
2016-12-13,17.896,18.0063,17.8299,17.9916,33612562.0
2016-12-14,18.0687,18.168,17.5984,17.6204,51314264.0
2016-12-15,17.5821,17.7639,17.4856,17.7454,30464100.0
2016-12-16,17.7911,18.0248,17.7503,17.9618,35492658.0
2016-12-19,18.0694,18.0768,17.8727,18.0285,20666056.0
2016-12-20,17.9803,18.1027,17.9543,18.0508,16607698.0
2016-12-21,18.0545,18.1398,17.9729,17.9766,15669606.0
2016-12-22,17.9655,18.0731,17.9321,18.0397,13805484.0
2016-12-23,18.0619,18.1065,17.9766,18.036,13154350.0
2016-12-27,17.9655,18.0953,17.9469,18.0508,47010094.0
2016-12-28,18.0619,18.0731,17.8542,17.8801,14887986.0
2016-12-29,17.9506,18.151,17.9061,18.1213,28018966.0
2016-12-30,18.1547,18.1621,17.9655,18.0211,26134464.0
2017-01-03,17.9951,18.0434,17.8579,17.9766,34129266.0
2017-01-04,18.0026,18.1398,17.9692,18.0434,25967300.0
2017-01-05,18.0842,18.0916,17.869,18.0619,30755488.0
2017-01-06,17.9729,18.151,17.9395,18.1176,20074414.0
2017-01-09,18.1844,18.1844,17.8764,17.8801,24808576.0
2017-01-10,17.8764,17.8838,17.754,17.8245,20344164.0
2017-01-11,17.8208,18.0285,17.817,18.01,23581942.0
2017-01-12,18.0211,18.0545,17.9172,18.0248,16542512.0
2017-01-13,17.9877,18.0508,17.8838,17.9989,20171014.0
2017-01-17,18.0582,18.2549,18.0397,18.1955,23790980.0
2017-01-18,18.151,18.2623,18.1436,18.1732,16232968.0
2017-01-19,18.0694,18.1732,17.9692,18.0137,22929360.0
2017-01-20,18.0397,18.099,17.9321,18.0471,20328646.0
2017-01-23,18.0731,18.1139,17.9358,17.9543,18098404.0
2017-01-24,17.9506,18.0285,17.9172,17.9506,19648552.0
2017-01-25,17.869,17.9692,17.8504,17.9506,18987000.0
2017-01-26,17.9432,18.0434,17.8764,17.958,21389590.0
2017-01-27,17.9914,18.0471,17.9172,17.9543,13772706.0
2017-01-30,17.9618,18.0285,17.8616,17.9692,17413166.0
2017-01-31,17.984,18.2623,17.9655,18.2474,28326668.0
2017-02-01,18.151,18.1584,17.8801,17.9321,44047760.0
2017-02-02,17.9877,18.1213,17.8801,18.1213,26621766.0
2017-02-03,18.1732,18.2178,18.1027,18.1436,20789878.0
2017-02-06,18.2141,18.2252,18.0879,18.1065,12950110.0
2017-02-07,18.1361,18.1807,18.0879,18.151,10626922.0
2017-02-08,18.1955,18.3625,18.1621,18.3291,26862382.0
2017-02-09,18.3105,18.355,18.1287,18.1732,27699022.0
2017-02-10,18.125,18.3142,18.1213,18.2883,16712454.0
2017-02-13,18.3031,18.3959,18.24,18.3773,20537270.0
2017-02-14,18.3513,18.3588,18.1473,18.2437,33986540.0
2017-02-15,18.1139,18.2066,18.0508,18.1992,32392326.0
2017-02-16,18.2029,18.3884,18.2029,18.381,23385174.0
2017-02-17,18.4293,18.4478,18.2883,18.3922,18726644.0
2017-02-21,18.3662,18.6259,18.3031,18.5851,20454602.0
2017-02-22,18.5851,18.7001,18.5109,18.663,27228646.0
2017-02-23,18.7446,18.9227,18.7038,18.8559,26458948.0
2017-02-24,18.919,19.1416,18.919,19.1416,34683276.0
2017-02-27,19.0971,19.1194,19.0081,19.034,24178286.0
2017-02-28,19.0155,19.2567,18.9969,19.2084,24418258.0
2017-03-01,18.9339,19.1787,18.9153,19.0377,52328842.0
2017-03-02,18.971,19.2938,18.945,19.175,31490798.0
2017-03-03,19.175,19.1862,18.9561,19.1157,32247016.0
2017-03-06,19.0823,19.1194,19.0118,19.0786,13690960.0
2017-03-07,19.0563,19.1379,19.0415,19.0674,19626896.0
2017-03-08,18.9042,18.9227,18.7558,18.7929,31804858.0
2017-03-09,18.8374,18.9042,18.7372,18.7521,24839016.0
2017-03-10,18.8522,18.945,18.7892,18.9079,20479156.0
2017-03-13,18.893,18.9747,18.8708,18.9635,17963174.0
2017-03-14,18.9413,18.9969,18.8819,18.945,20397340.0
2017-03-15,19.0118,19.3457,18.9747,19.2492,39943182.0
2017-03-16,19.2135,19.2135,19.0004,19.0377,30891934.0
2017-03-17,19.104,19.261,19.0816,19.1526,27386686.0
2017-03-20,19.1975,19.2348,18.9731,19.0255,13348842.0
2017-03-21,19.0367,19.3657,19.0255,19.2947,35380408.0
2017-03-22,19.3732,19.5265,19.3096,19.3881,35452328.0
2017-03-23,19.3844,19.504,19.276,19.3283,23799662.0
2017-03-24,19.3395,19.4704,19.2909,19.3993,23716178.0
2017-03-27,19.4779,19.519,19.2498,19.3246,17885718.0
2017-03-28,19.3208,19.3433,19.2236,19.3096,15342166.0
2017-03-29,19.3021,19.3208,19.175,19.2573,12797818.0
2017-03-30,19.2274,19.2274,19.0554,19.1077,34254810.0
2017-03-31,19.1302,19.276,19.1152,19.1825,18333852.0
2017-04-03,19.175,19.1825,19.0031,19.1788,29106132.0
2017-04-04,19.1601,19.3096,19.1227,19.2386,18490854.0
2017-04-05,19.2162,19.3657,19.175,19.347,23642196.0
2017-04-06,19.3246,19.332,19.2236,19.2984,17391648.0
2017-04-07,19.3732,19.3993,19.2012,19.2162,23018440.0
2017-04-10,19.2274,19.2722,19.119,19.2498,14555624.0
2017-04-11,19.261,19.2797,19.1152,19.2423,18778064.0
2017-04-12,19.2162,19.3956,19.1563,19.3844,18464242.0
2017-04-13,19.4068,19.4106,19.2348,19.3208,20566590.0
2017-04-17,19.3657,19.4143,19.3134,19.4068,14088408.0
2017-04-18,19.4367,19.4928,19.3769,19.4517,25215994.0
2017-04-19,19.4293,19.4367,19.2461,19.3171,23022900.0
2017-04-20,19.2947,19.2947,19.104,19.2423,25570656.0
2017-04-21,19.2162,19.4218,19.2162,19.3395,24924698.0
2017-04-24,19.3582,19.4629,19.2274,19.4405,29353964.0
2017-04-25,19.3844,19.4442,19.3059,19.4143,19787432.0
2017-04-26,19.4106,19.5003,19.3358,19.3545,17604706.0
2017-04-27,19.347,19.5152,19.332,19.4218,17802874.0
2017-04-28,19.3956,19.4218,19.2685,19.3283,15237150.0
2017-05-01,19.3732,19.3732,19.1638,19.2124,19682918.0
2017-05-02,19.2348,19.3059,19.1563,19.2348,17548486.0
2017-05-03,19.261,19.2834,19.1563,19.1676,19762816.0
2017-05-04,19.1115,19.2573,19.1077,19.2348,24312102.0
2017-05-05,19.2909,19.4106,19.2722,19.3395,19199454.0
2017-05-08,19.3545,19.3769,19.2348,19.332,13440360.0
2017-05-09,19.3171,19.332,19.1563,19.19,14529128.0
2017-05-10,19.2049,19.261,19.1152,19.2199,16009772.0
2017-05-11,19.1713,19.2461,19.0928,19.2461,13965062.0
2017-05-12,19.2909,19.3806,19.2648,19.3395,14188952.0
2017-05-15,19.3433,19.4554,19.3208,19.4218,11731328.0
2017-05-16,19.3919,19.4479,19.2573,19.2797,14002884.0
2017-05-17,19.3283,19.418,19.2423,19.3283,27895186.0
2017-05-18,19.3582,19.4965,19.2274,19.3956,24482672.0
2017-05-19,19.3919,19.4704,19.2834,19.4704,18934182.0
2017-05-22,19.4405,19.6685,19.4293,19.6386,14524742.0
2017-05-23,19.6723,19.8068,19.6386,19.6909,28634808.0
2017-05-24,19.7096,19.8368,19.6909,19.8031,14330760.0
2017-05-25,19.8442,19.9975,19.7919,19.9639,14128058.0
2017-05-26,19.9751,20.0087,19.9265,19.9639,12209078.0
2017-05-30,19.9788,20.076,19.9227,20.0274,11804990.0
2017-05-31,20.0499,20.1994,20.0274,20.1284,23295480.0
2017-06-01,20.076,20.2742,20.0536,20.2704,20427138.0
2017-06-02,20.4237,20.4237,20.233,20.2929,18535562.0
2017-06-05,20.2929,20.3115,20.1994,20.2293,12984756.0
2017-06-06,20.2742,20.2742,20.1583,20.1844,13544358.0
2017-06-07,20.1844,20.3003,20.1508,20.2517,14416510.0
2017-06-08,20.2106,20.2256,19.9601,20.0835,23255906.0
2017-06-09,20.0199,20.0798,19.919,20.0648,26355062.0
2017-06-12,20.091,20.1732,19.9153,20.0274,23485762.0
2017-06-13,20.005,20.0947,19.9564,20.076,14827694.0
2017-06-14,20.2031,20.2929,20.1209,20.1844,28328564.0
2017-06-15,20.127,20.3229,20.127,20.3003,29665466.0
2017-06-16,20.3594,20.4348,20.3217,20.3933,30303218.0
2017-06-19,20.4122,20.4235,20.2539,20.3255,18844842.0
2017-06-20,20.3481,20.3632,20.2991,20.3368,13451868.0
2017-06-21,20.333,20.367,20.1107,20.2162,15099912.0
2017-06-22,20.1861,20.2614,20.1069,20.122,13446022.0
2017-06-23,20.1258,20.2011,20.0127,20.0542,13840796.0
2017-06-26,20.0994,20.3029,20.0278,20.1898,17196774.0
2017-06-27,20.0994,20.1559,19.9072,19.9637,19790618.0
2017-06-28,20.024,20.0692,19.7526,19.7715,16586994.0
2017-06-29,19.6358,19.681,19.5378,19.6132,39171394.0
2017-06-30,19.6358,19.7413,19.583,19.583,26911010.0
2017-07-03,19.6132,19.666,19.4662,19.4926,20973064.0
2017-07-05,19.5567,19.5567,19.3456,19.3984,26132400.0
2017-07-06,19.3381,19.4134,19.3155,19.3908,27074352.0
2017-07-07,19.3871,19.5001,19.3682,19.4059,23452400.0
2017-07-10,19.4624,19.5077,19.3758,19.3908,22795114.0
2017-07-11,19.421,19.421,19.2853,19.3795,16354780.0
2017-07-12,19.5416,19.6019,19.5114,19.5454,20554296.0
2017-07-13,19.534,19.5868,19.4624,19.4775,12563400.0
2017-07-14,19.6057,19.6584,19.5454,19.568,22319786.0
2017-07-17,19.5793,19.6584,19.5378,19.6584,13103080.0
2017-07-18,19.7036,19.7376,19.6509,19.715,14759144.0
2017-07-19,19.7489,19.8054,19.6923,19.7979,17848074.0
2017-07-20,19.8506,19.9449,19.8016,19.9411,15651500.0
2017-07-21,19.9449,20.0843,19.877,20.0843,17194912.0
2017-07-24,20.0956,20.0956,19.8657,19.8959,16891164.0
2017-07-25,19.8544,19.9109,19.7602,19.7828,18779822.0
2017-07-26,19.7828,19.9712,19.7489,19.9712,15931034.0
2017-07-27,19.9147,20.0202,19.8883,20.0202,17790464.0
2017-07-28,19.9901,20.0466,19.8959,19.9901,17341022.0
2017-07-31,19.9675,20.1031,19.9373,20.0579,20936336.0
2017-08-01,20.0881,20.2087,20.0692,20.171,20469966.0
2017-08-02,20.1295,20.2614,20.0089,20.2577,15028734.0
2017-08-03,20.2841,20.3594,20.1936,20.3594,19673390.0
2017-08-04,20.2539,20.3142,20.1597,20.269,28123158.0
2017-08-07,20.2916,20.3406,20.2388,20.333,8257684.0
2017-08-08,20.3142,20.416,20.2878,20.416,13021630.0
2017-08-09,20.4499,20.5026,20.2954,20.3104,16849244.0
2017-08-10,20.2803,20.4122,20.2351,20.3745,17973236.0
2017-08-11,20.3293,20.3745,20.1823,20.2539,15944278.0
2017-08-14,20.2577,20.382,20.2539,20.3707,20755650.0
2017-08-15,20.2237,20.4989,20.22,20.4838,17976004.0
2017-08-16,20.4499,20.578,20.4499,20.5667,11271422.0
2017-08-17,20.5215,20.5893,20.4047,20.4197,13203294.0
2017-08-18,20.3519,20.6383,20.3519,20.5403,25272194.0
2017-08-21,20.6006,20.6496,20.5177,20.6157,10221944.0
2017-08-22,20.627,20.6647,20.5554,20.6609,15808780.0
2017-08-23,20.6534,20.7363,20.5856,20.7288,11102530.0
2017-08-24,20.7175,20.7627,20.676,20.7137,11801740.0
2017-08-25,20.7627,20.8569,20.7099,20.7815,14972408.0
2017-08-28,20.8532,20.8532,20.7212,20.8192,14466512.0
2017-08-29,20.8532,20.8871,20.7702,20.774,15145766.0
2017-08-30,20.7627,20.7815,20.6836,20.7137,10661786.0
2017-08-31,20.7325,20.774,20.7024,20.7175,19709222.0
2017-09-01,20.7476,20.7815,20.5931,20.6534,19202106.0
2017-09-05,20.6911,20.7212,20.5893,20.7062,17075844.0
2017-09-06,20.7288,20.7627,20.5743,20.6119,19333942.0
2017-09-07,20.6308,20.7891,20.6082,20.7665,22511840.0
2017-09-08,20.7363,20.8795,20.6986,20.8645,13705688.0
2017-09-11,20.8268,21.068,20.823,21.0416,17690218.0
2017-09-12,21.0265,21.0265,20.578,20.6911,30320942.0
2017-09-13,20.6722,20.6873,20.5705,20.5893,20444520.0
2017-09-14,20.5766,20.7741,20.5159,20.7627,18937136.0
2017-09-15,20.8224,20.8528,20.6971,20.792,15746778.0
2017-09-18,20.7768,20.792,20.4426,20.5793,29251716.0
2017-09-19,20.6135,20.6287,20.5034,20.5376,24317860.0
2017-09-20,20.5528,20.6173,20.3059,20.3857,36786114.0
2017-09-21,20.4047,20.5148,20.3553,20.3819,16587122.0
2017-09-22,20.4388,20.4654,20.2148,20.2148,17202376.0
2017-09-25,20.2452,20.4236,20.211,20.4009,19038368.0
2017-09-26,20.3933,20.435,20.3249,20.3629,16837170.0
2017-09-27,20.2224,20.3021,19.9907,20.0895,22278160.0
2017-09-28,20.0173,20.2148,19.9641,20.1616,23429428.0
2017-09-29,20.1692,20.23,20.0743,20.1464,22647228.0
2017-10-02,20.135,20.2755,20.1122,20.1806,30530232.0
2017-10-03,20.1882,20.1958,19.9983,20.1236,17653098.0
2017-10-04,20.135,20.3325,20.0743,20.3249,22255976.0
2017-10-05,20.3173,20.3477,20.2148,20.3059,22310102.0
2017-10-06,20.211,20.2983,20.135,20.2907,20089498.0
2017-10-09,20.3287,20.3667,20.2907,20.3173,10716580.0
2017-10-10,20.3667,20.5186,20.3021,20.5148,15744442.0
2017-10-11,20.492,20.7047,20.4882,20.6021,25560750.0
2017-10-12,20.6249,20.7616,20.5907,20.7085,19453602.0
2017-10-13,20.7654,20.7996,20.5034,20.5642,23138850.0
2017-10-16,20.5566,20.6021,20.3515,20.5186,21662466.0
2017-10-17,20.5072,20.6819,20.4464,20.6401,17782276.0
2017-10-18,20.5528,20.6439,20.5224,20.6021,14550466.0
2017-10-19,20.6401,20.8186,20.6173,20.8186,18878644.0
2017-10-20,20.7351,20.8756,20.7275,20.8338,20369488.0
2017-10-23,20.83,20.887,20.754,20.8452,18415426.0
2017-10-24,20.811,20.887,20.7578,20.8642,18802430.0
2017-10-25,20.7768,20.8148,20.5262,20.773,34810600.0
2017-10-26,20.8718,20.9819,20.7692,20.7768,32890906.0
2017-10-27,20.754,20.9553,20.7161,20.9059,19918508.0
2017-10-30,20.8946,20.9515,20.8414,20.9097,18646432.0
2017-10-31,20.8946,20.9743,20.8414,20.9325,17133952.0
2017-11-01,20.9667,20.9667,20.7768,20.8148,20742676.0
2017-11-02,20.8148,20.9781,20.7616,20.8908,28226608.0
2017-11-03,20.8642,21.0692,20.8186,20.9667,21489106.0
2017-11-06,20.9933,21.0047,20.8756,20.887,22982992.0
2017-11-07,20.9211,21.168,20.8452,21.1376,19972180.0
2017-11-08,21.1262,21.2098,21.0047,21.1528,17304994.0
2017-11-09,21.092,21.2174,21.0427,21.1794,20749816.0
2017-11-10,21.0654,21.13,21.0085,21.0806,21227038.0
2017-11-13,21.1034,21.3503,21.1034,21.3313,17714544.0
2017-11-14,21.2705,21.6123,21.2629,21.5971,23604032.0
2017-11-15,21.6807,21.7338,21.3882,21.411,22985248.0
2017-11-16,21.3579,21.4072,21.2781,21.3427,21558084.0
2017-11-17,21.2971,21.3541,21.1756,21.1946,22332354.0
2017-11-20,21.206,21.2325,21.0958,21.13,13726368.0
2017-11-21,21.1908,21.2477,21.13,21.187,12816278.0
2017-11-22,21.1718,21.2287,21.1034,21.187,10768350.0
2017-11-24,21.1984,21.3047,21.187,21.2211,8419016.0
2017-11-27,21.2477,21.3503,21.1946,21.3123,13454618.0
2017-11-28,21.3655,21.4528,21.3199,21.411,17481396.0
2017-11-29,21.3389,21.5136,21.2629,21.4224,28514244.0
2017-11-30,21.449,21.5401,21.4034,21.4946,29762122.0
2017-12-01,21.5477,21.6085,21.3047,21.4224,42988028.0
2017-12-04,21.4338,21.5174,21.2629,21.3009,24450014.0
2017-12-05,21.3351,21.3351,20.9287,21.0313,35301960.0
2017-12-06,21.0654,21.1528,20.9971,21.111,17759132.0
2017-12-07,21.073,21.1528,20.9819,21.149,19590108.0
2017-12-08,21.1224,21.2211,21.0389,21.2174,15666396.0
2017-12-11,21.1984,21.3579,21.1338,21.3465,18402638.0
2017-12-12,21.2667,21.2933,20.9705,20.9819,28954874.0
2017-12-13,21.0389,21.1566,20.9781,21.0389,31274788.0
2017-12-14,21.0199,21.1081,20.8475,21.0123,23070754.0
2017-12-15,21.0817,21.1661,21.0204,21.0894,25739722.0
2017-12-18,21.1086,21.1699,20.8249,20.8556,31034564.0
2017-12-19,20.8556,20.8824,20.4646,20.4761,27482932.0
2017-12-20,20.4608,20.5336,20.3036,20.3151,28459960.0
2017-12-21,20.1656,20.1771,19.9931,20.0736,36829306.0
2017-12-22,20.0966,20.181,20.0851,20.1043,17408042.0
2017-12-26,20.1273,20.1886,19.9816,19.9855,13610808.0
2017-12-27,20.0583,20.1081,20.0161,20.0698,18690942.0
2017-12-28,20.1081,20.1886,20.0736,20.181,9072226.0
2017-12-29,20.2423,20.2806,20.1503,20.1925,12696022.0
2018-01-02,20.1886,20.2155,19.9433,20.0046,22933502.0
2018-01-03,19.9318,20.0775,19.7785,19.8475,38334436.0
2018-01-04,19.7862,19.9165,19.6443,19.6827,28122416.0
2018-01-05,19.7517,19.7823,19.5753,19.675,45024756.0
2018-01-08,19.7095,19.8743,19.6673,19.859,26778324.0
2018-01-09,19.8552,19.8628,19.6328,19.6635,27025474.0
2018-01-10,19.5485,19.5792,19.4067,19.4489,29188420.0
2018-01-11,19.4297,19.5179,19.3109,19.376,28871578.0
2018-01-12,19.3185,19.422,19.2074,19.2649,31191972.0
2018-01-16,19.3415,19.3952,19.1115,19.2227,50406302.0
2018-01-17,19.2534,19.3952,19.2265,19.3415,38926768.0
2018-01-18,19.3454,19.3454,19.1192,19.2189,38575696.0
2018-01-19,19.2955,19.3377,19.1384,19.1614,32920362.0
2018-01-22,19.2495,19.376,19.1575,19.1882,30257074.0
2018-01-23,19.261,19.5102,19.2035,19.3722,49033716.0
2018-01-24,19.3415,19.3569,19.2227,19.2534,36269216.0
2018-01-25,19.261,19.5677,19.2495,19.5523,47797190.0
2018-01-26,19.606,19.6635,19.3684,19.5638,39832368.0
2018-01-29,19.4719,19.5064,19.2879,19.3147,29723740.0
2018-01-30,19.2994,19.4297,19.2917,19.3492,24300438.0
2018-01-31,19.3722,19.583,19.2649,19.5638,50286580.0
2018-02-01,19.5715,19.6175,19.1959,19.2572,54803744.0
2018-02-02,19.1614,19.3032,19.0924,19.1192,40845852.0
2018-02-05,19.1077,19.2917,18.7704,18.8049,60007992.0
2018-02-06,18.5826,18.6822,18.1571,18.5251,78919670.0
2018-02-07,18.5136,18.7321,18.4293,18.4369,50899462.0
2018-02-08,18.3833,18.6324,18.2108,18.2299,49565008.0
2018-02-09,18.2798,18.7551,18.2261,18.6133,67360120.0
2018-02-12,18.6516,18.8586,18.4829,18.7551,41573720.0
2018-02-13,18.7474,18.9122,18.5519,18.8394,46954438.0
2018-02-14,18.6784,18.8049,18.5749,18.6286,36303118.0
2018-02-15,18.6746,19.0502,18.6478,19.0426,31687280.0
2018-02-16,19.0541,19.2572,18.9812,19.2112,38233548.0
2018-02-20,19.146,19.215,18.8701,18.9621,29396420.0
2018-02-21,18.9736,19.1001,18.7091,18.7129,36803176.0
2018-02-22,18.7742,18.9506,18.7052,18.8087,25999784.0
2018-02-23,18.8624,19.3224,18.8394,19.2994,36686490.0
2018-02-26,19.376,19.4105,19.2035,19.2419,25750222.0
2018-02-27,19.2572,19.3722,18.9276,18.9352,34360080.0
2018-02-28,19.0042,19.0541,18.8049,18.8049,20831900.0
2018-03-01,18.8432,19.1115,18.7206,18.8087,39928146.0
2018-03-02,18.7972,18.9851,18.6018,18.7589,32450690.0
2018-03-05,18.7129,19.1844,18.6746,19.1422,29276204.0
2018-03-06,19.1192,19.1614,18.8432,18.8854,32198296.0
2018-03-07,18.8279,18.9084,18.6707,18.7436,31865874.0
2018-03-08,18.7857,18.9237,18.7551,18.8816,23120968.0
2018-03-09,18.8471,18.9391,18.7896,18.9352,24740600.0
2018-03-12,18.9429,19.0426,18.9161,19.0157,26833624.0
2018-03-13,19.0847,19.1729,18.9122,19.0579,36509894.0
2018-03-14,19.1154,19.3185,19.1039,19.2534,35262388.0
2018-03-15,19.2419,19.4196,19.126,19.2419,38917468.0
2018-03-16,19.2406,19.4607,19.229,19.4105,34993432.0
2018-03-19,19.3989,19.4646,19.1749,19.2908,35675190.0
2018-03-20,19.2946,19.3796,19.1556,19.2019,26830656.0
2018-03-21,19.2174,19.3989,19.0706,19.1363,32576962.0
2018-03-22,19.1556,19.5303,19.1015,19.2212,40306678.0
2018-03-23,19.2212,19.3951,18.9122,18.9509,32443398.0
2018-03-26,19.0127,19.1749,18.974,19.1479,25969054.0
2018-03-27,19.1749,19.623,19.1131,19.4221,40499708.0
2018-03-28,19.4453,19.5225,19.2869,19.4144,41170006.0
2018-03-29,19.4723,19.6114,19.4376,19.5187,29981220.0
2018-04-02,19.5187,19.6462,19.229,19.368,34278252.0
2018-04-03,19.3333,19.5264,19.2831,19.4337,26288208.0
2018-04-04,19.4298,19.5264,19.2715,19.4762,26703260.0
2018-04-05,19.4723,19.6886,19.256,19.6307,25848400.0
2018-04-06,19.6577,19.7002,19.4337,19.4762,27227160.0
2018-04-09,19.4916,19.65,19.426,19.5148,22270326.0
2018-04-10,19.5187,19.5419,19.3217,19.3642,26012740.0
2018-04-11,19.3564,19.426,19.2715,19.3371,15450026.0
2018-04-12,19.341,19.3912,19.0436,19.0822,22886324.0
2018-04-13,19.117,19.3178,19.117,19.2328,19817018.0
2018-04-16,19.2753,19.5071,19.2637,19.4955,27405038.0
2018-04-17,19.5419,19.762,19.4607,19.6925,21374408.0
2018-04-18,19.7157,19.8895,19.6153,19.6191,24935724.0
2018-04-19,19.5496,19.6539,19.4492,19.6075,28629922.0
2018-04-20,19.5843,19.6307,19.368,19.4298,27155078.0
2018-04-23,19.4569,19.5534,19.368,19.4414,20783220.0
2018-04-24,19.4569,19.6925,19.4221,19.5728,32667938.0
2018-04-25,19.5032,19.6462,19.4298,19.5766,25664426.0
2018-04-26,19.5959,19.8007,19.5071,19.7736,19720292.0
2018-04-27,19.7504,20.0479,19.7118,19.9745,30871650.0
2018-04-30,20.0054,20.0711,19.8972,19.9165,24406502.0
2018-05-01,19.9165,19.9513,19.82,19.8547,20857144.0
2018-05-02,19.8586,19.9281,19.7543,19.8354,25096806.0
2018-05-03,19.7968,19.9011,19.5843,19.8084,31474404.0
2018-05-04,19.8432,19.9861,19.8432,19.8972,22422838.0
2018-05-07,19.8856,19.9281,19.7659,19.7929,16406922.0
2018-05-08,19.7118,19.7466,19.2637,19.2985,43213732.0
2018-05-09,19.3024,19.3371,19.0899,19.1633,36595526.0
2018-05-10,19.3255,19.4376,19.2212,19.4337,27027956.0
2018-05-11,19.453,19.5148,19.3835,19.4607,12321996.0
2018-05-14,19.4916,19.5264,19.3024,19.3873,15535250.0
2018-05-15,19.2715,19.3603,19.1324,19.2251,20860964.0
2018-05-16,19.2328,19.2599,19.0011,19.0745,26200640.0
2018-05-17,19.0783,19.1324,18.8813,18.9199,18656434.0
2018-05-18,18.974,19.0358,18.777,18.9238,21925456.0
2018-05-21,18.947,19.0745,18.862,19.0204,19704836.0
2018-05-22,19.0127,19.2019,19.0127,19.0899,19534928.0
2018-05-23,19.1556,19.3062,19.1054,19.2637,24546068.0
2018-05-24,19.2908,19.4376,19.2251,19.4221,23919776.0
2018-05-25,19.4492,19.5573,19.4067,19.5071,24703218.0
2018-05-29,19.4723,19.6384,19.368,19.5071,32588124.0
2018-05-30,19.453,19.7002,19.4028,19.6655,26154984.0
2018-05-31,19.6423,19.8123,19.5225,19.6964,29304438.0
2018-06-01,19.6462,19.6539,19.3024,19.3951,32916232.0
2018-06-04,19.4105,19.5148,19.2251,19.2406,27009280.0
2018-06-05,19.2753,19.3024,19.0667,19.1401,26864390.0
2018-06-06,19.1363,19.1594,18.6843,18.6843,44207706.0
2018-06-07,18.7152,19.0011,18.6727,18.8157,41107194.0
2018-06-08,18.8852,18.8929,18.7461,18.8079,20176882.0
2018-06-11,18.8504,18.9199,18.7152,18.7693,31721100.0
2018-06-12,18.7538,19.0088,18.7423,18.9856,26511406.0
2018-06-13,19.0088,19.1208,18.8775,18.9354,29694600.0
2018-06-14,18.9645,19.2139,18.9411,19.171,29354918.0
2018-06-15,19.1478,19.3154,18.9958,19.3076,41563518.0
2018-06-18,19.2959,19.4323,19.2569,19.37,31236526.0
2018-06-19,19.405,19.6311,19.37,19.5609,31428222.0
2018-06-20,19.5921,19.6272,19.4908,19.5765,21901764.0
2018-06-21,19.596,19.7441,19.5336,19.6428,24473136.0
2018-06-22,19.6545,19.8298,19.6155,19.7792,23166394.0
2018-06-25,19.7831,20.1494,19.7831,20.1066,38513536.0
2018-06-26,20.052,20.2469,20.0091,20.1299,33482218.0
2018-06-27,20.1066,20.2663,20.052,20.2274,40231284.0
2018-06-28,20.2469,20.4106,20.1845,20.2196,28507044.0
2018-06-29,20.1845,20.3326,20.0715,20.2508,26356116.0
2018-07-02,20.2624,20.4067,20.165,20.395,30537708.0
2018-07-03,20.4028,20.5742,20.3092,20.4534,20535062.0
2018-07-05,20.4651,20.5781,20.3794,20.5625,20833852.0
2018-07-06,20.6054,20.7691,20.5703,20.7223,23958742.0
2018-07-09,20.7184,20.7223,20.013,20.0832,52399292.0
2018-07-10,19.8922,20.3833,19.8337,20.2741,47255494.0
2018-07-11,20.2663,20.4924,20.2508,20.4573,36734530.0
2018-07-12,20.4573,20.5158,20.3638,20.4729,28266724.0
2018-07-13,20.5002,20.547,20.3404,20.4768,17415026.0
2018-07-16,20.4612,20.5119,20.3521,20.4573,20490934.0
2018-07-17,20.4885,20.5236,20.4222,20.4417,15652048.0
2018-07-18,20.4183,20.4534,20.2508,20.3365,18583532.0
2018-07-19,20.356,20.6444,20.356,20.5236,21448930.0
2018-07-20,20.4612,20.5158,20.243,20.3794,26848182.0
2018-07-23,20.3833,20.4222,20.165,20.2352,26512578.0
2018-07-24,20.1806,20.3677,19.9468,20.3053,29940162.0
2018-07-25,20.3014,20.4651,20.2391,20.3638,26147972.0
2018-07-26,20.4612,20.6405,20.4261,20.582,35168540.0
2018-07-27,20.5937,20.6834,20.4339,20.5158,23918070.0
2018-07-30,20.4885,20.4885,20.3248,20.3911,18158886.0
2018-07-31,20.4807,20.6288,20.4067,20.5742,28741048.0
2018-08-01,20.4573,20.5002,20.2663,20.4417,38296328.0
2018-08-02,20.4339,20.6054,20.3131,20.5431,30559912.0
2018-08-03,20.5509,20.8276,20.4807,20.773,28249034.0
2018-08-06,20.7925,20.9094,20.7496,20.7886,22350724.0
2018-08-07,20.7496,20.7925,20.5937,20.7574,25283504.0
2018-08-08,20.6873,20.7184,20.5742,20.6483,30054566.0
2018-08-09,20.6444,20.7535,20.5703,20.7418,16789630.0
2018-08-10,20.7691,20.9133,20.6444,20.6522,25794540.0
2018-08-13,20.6873,20.7184,20.582,20.6795,19746538.0
2018-08-14,20.6873,20.8042,20.6639,20.7223,19249966.0
2018-08-15,20.7886,21.038,20.7457,20.9133,34822994.0
2018-08-16,20.8665,21.1549,20.8237,21.1394,25587552.0
2018-08-17,21.1277,21.342,21.0887,21.2485,25709782.0
2018-08-20,21.2914,21.303,21.1199,21.1744,18178134.0
2018-08-21,21.1433,21.1549,20.9562,21.0224,21405556.0
2018-08-22,21.0419,21.0458,20.7847,20.8665,22236106.0
2018-08-23,20.8587,20.9991,20.8081,20.851,19326538.0
2018-08-24,20.8276,20.9601,20.7457,20.9406,15014410.0
2018-08-27,20.9562,21.0146,20.7068,20.812,21931582.0
2018-08-28,20.7613,20.8393,20.7068,20.7691,19394410.0
2018-08-29,20.8198,20.9211,20.7886,20.9211,21767610.0
2018-08-30,20.9562,21.0419,20.8549,20.9289,21504654.0
2018-08-31,20.9601,21.0458,20.7574,20.8393,22750426.0
2018-09-04,20.8626,21.0458,20.8432,20.9328,24668354.0
2018-09-05,20.9055,21.2368,20.9055,21.2251,25866604.0
2018-09-06,21.2368,21.4122,21.1744,21.3459,22246748.0
2018-09-07,21.1394,21.2407,21.0341,21.0848,29496620.0
2018-09-10,21.1277,21.2758,21.1121,21.19,14896412.0
2018-09-11,21.1822,21.268,21.0926,21.1355,16739802.0
2018-09-12,21.1316,21.2485,21.0692,21.116,18745326.0
2018-09-13,21.1082,21.2836,21.0068,21.2758,16954354.0
2018-09-14,21.19,21.2095,20.9835,21.1627,25239154.0
2018-09-17,21.1549,21.2641,21.1004,21.2329,26197638.0
2018-09-18,21.2017,21.2641,21.0926,21.1939,18318478.0
2018-09-19,21.1861,21.1861,20.6366,20.734,49396128.0
2018-09-20,20.7061,20.7966,20.5331,20.7769,34374046.0
2018-09-21,20.6884,20.9401,20.6491,20.8654,38151440.0
2018-09-24,20.7946,20.8693,20.6609,20.6806,25183644.0
2018-09-25,20.6216,20.6334,20.362,20.3974,34938752.0
2018-09-26,20.4957,20.5036,20.189,20.1969,41344658.0
2018-09-27,20.248,20.5154,20.2008,20.4053,29757326.0
2018-09-28,20.4485,20.7199,20.421,20.7042,25475198.0
2018-10-01,20.6412,20.6806,20.5547,20.6334,23515008.0
2018-10-02,20.6727,20.9676,20.6727,20.9126,29531332.0
2018-10-03,20.8772,20.9873,20.4839,20.6609,45733900.0
2018-10-04,20.6098,20.8143,20.4564,20.771,41575558.0
2018-10-05,20.7395,21.1603,20.7238,21.0895,55239786.0
2018-10-08,21.1721,21.4081,21.0738,21.2665,39153348.0
2018-10-09,21.2468,21.4474,21.2154,21.353,33701954.0
2018-10-10,21.3176,21.585,21.2272,21.235,50048370.0
2018-10-11,21.294,21.3451,20.7395,20.8457,80516142.0
2018-10-12,20.8182,20.885,20.6452,20.8221,41839742.0
2018-10-15,20.8182,21.0541,20.7946,20.9204,34514636.0
2018-10-16,20.8968,21.2547,20.83,21.1367,33379444.0
2018-10-17,21.1092,21.1996,20.9834,21.0974,27346972.0
2018-10-18,21.1524,21.2586,21.0187,21.1289,31776710.0
2018-10-19,21.1328,21.5732,21.0659,21.4592,56174126.0
2018-10-22,21.4828,21.5064,21.2704,21.3215,23204260.0
2018-10-23,21.3609,21.4985,21.1171,21.2036,35478552.0
2018-10-24,21.2979,21.821,21.2193,21.7187,50735218.0
2018-10-25,21.5536,21.5771,21.2744,21.3805,52561620.0
2018-10-26,21.4946,21.5575,20.8418,20.9873,67452180.0
2018-10-29,21.0345,21.3766,21.0345,21.2822,43040306.0
2018-10-30,21.3255,21.4946,21.1131,21.3648,45130000.0
2018-10-31,21.1996,21.3215,20.9873,21.1131,46967552.0
2018-11-01,21.1446,21.1564,20.8811,21.0187,49549648.0
2018-11-02,21.0777,21.1328,20.7631,20.9008,46359684.0
2018-11-05,20.9952,21.2704,20.944,21.1957,34713680.0
2018-11-06,21.176,21.3845,21.1485,21.3373,23175296.0
2018-11-07,21.4946,21.6125,21.3255,21.5811,39106842.0
2018-11-08,21.6007,21.6715,21.3648,21.5457,37211942.0
2018-11-09,21.471,21.6715,21.4277,21.5771,38325024.0
2018-11-12,21.4199,21.7895,21.2626,21.5654,51945622.0
2018-11-13,21.5614,21.703,21.3963,21.6558,43746198.0
2018-11-14,21.471,21.6125,21.3569,21.4317,52497142.0
2018-11-15,21.3215,21.3412,21.062,21.2547,55016602.0
2018-11-16,21.5811,21.6833,21.4199,21.5811,37526698.0
2018-11-19,21.5496,21.6951,21.4592,21.6755,27998168.0
2018-11-20,21.7384,21.8917,21.4552,21.585,41145618.0
2018-11-21,21.5103,21.5378,21.2075,21.2665,33654990.0
2018-11-23,21.294,21.3294,21.1367,21.2783,12988396.0
2018-11-26,21.3019,21.4199,21.1878,21.4041,25821794.0
2018-11-27,21.3884,21.5889,21.3019,21.5654,24299354.0
2018-11-28,21.5889,21.6519,21.4749,21.5496,22869322.0
2018-11-29,21.5811,21.5811,21.3215,21.5418,31801334.0
2018-11-30,21.5929,21.8799,21.5378,21.8603,34720668.0
2018-12-03,21.7895,22.0805,21.6637,22.0805,32744466.0
2018-12-04,22.1356,22.34,22.0372,22.0962,38041442.0
2018-12-06,22.1867,22.1945,21.6676,22.1198,44991520.0
2018-12-07,22.0884,22.3322,21.9389,22.2024,37357056.0
2018-12-10,22.2024,22.3164,21.817,22.2457,36629802.0
2018-12-11,22.2732,22.4108,22.1552,22.3361,43374530.0
2018-12-12,22.3125,22.458,22.1827,22.1945,33530274.0
2018-12-13,22.2103,22.4855,22.2063,22.3872,31340916.0
2018-12-14,22.4069,22.458,22.2142,22.344,41825726.0
2018-12-17,22.3872,22.403,21.5378,21.6243,56159912.0
2018-12-18,21.7462,21.8996,21.4159,21.4788,40320244.0
2018-12-19,21.5221,21.6951,21.3176,21.4434,49502946.0
2018-12-20,21.4634,21.741,21.1858,21.4317,65057384.0
2018-12-21,21.5939,21.9785,21.2766,21.34,66861266.0
2018-12-24,21.3004,21.459,20.3644,20.4477,42664328.0
2018-12-26,20.4517,20.7531,20.1503,20.7253,56418666.0
2018-12-27,20.7174,20.9276,20.3843,20.8998,49556418.0
2018-12-28,20.9474,21.1616,20.8681,20.9514,37227154.0
2018-12-31,20.9593,21.0466,20.769,20.9871,30611424.0
2019-01-02,20.9038,20.9236,20.5033,20.6262,44892502.0
2019-01-03,20.6262,20.7967,20.5231,20.6222,38085784.0
2019-01-04,20.527,20.9395,20.4993,20.9276,35285174.0
2019-01-07,20.7967,20.8879,20.6698,20.7848,29070230.0
2019-01-08,20.8047,21.0664,20.6896,21.0426,29579232.0
2019-01-09,21.0307,21.118,20.8562,20.9157,32023886.0
2019-01-10,20.9395,21.229,20.9117,21.1893,43756390.0
2019-01-11,21.1616,21.1893,20.9792,21.11,42051342.0
2019-01-14,20.8602,20.8641,20.4398,20.6341,41498696.0
2019-01-15,20.5469,21.0029,20.527,20.8879,50160492.0
2019-01-16,20.8483,20.9712,20.7293,20.9633,34448220.0
2019-01-17,20.9474,21.0981,20.9157,21.0505,32446982.0
2019-01-18,21.0783,21.1457,20.9792,21.0743,26859406.0
2019-01-22,21.0704,21.233,20.9078,21.114,28888748.0
2019-01-23,21.118,21.34,21.0783,21.3281,27268756.0
2019-01-24,21.3123,21.459,21.1536,21.4392,40900422.0
2019-01-25,21.3718,21.4709,21.114,21.1457,33108470.0
2019-01-28,21.1497,21.229,20.9514,21.0466,24988372.0
2019-01-29,21.1457,21.2052,21.0347,21.1061,24280038.0
2019-01-30,21.0505,21.3599,21.0188,21.2687,32876848.0
2019-01-31,21.2607,21.7802,21.1655,21.7168,44278018.0
2019-02-01,21.6256,21.7168,21.4432,21.6335,29956078.0
2019-02-04,21.5383,21.6811,21.3876,21.6692,35053556.0
2019-02-05,21.6692,21.7525,21.5463,21.7128,21678090.0
2019-02-06,21.6811,21.7882,21.5939,21.7009,17590616.0
2019-02-07,21.6692,21.9865,21.6018,21.9865,29485900.0
2019-02-08,21.9349,22.0935,21.8873,22.0816,25815158.0
2019-02-11,22.0816,22.1887,21.9984,22.0737,22646862.0
2019-02-12,22.0777,22.2363,21.9508,22.1253,24815012.0
2019-02-13,22.0579,22.1173,21.9666,22.0618,25252290.0
2019-02-14,22.0777,22.1411,21.9468,22.0261,32078616.0
2019-02-15,22.0975,22.1768,22.0142,22.0935,17999180.0
2019-02-19,22.1094,22.2482,22.042,22.2244,24857432.0
2019-02-20,22.2165,22.3632,22.0935,22.3236,23560538.0
2019-02-21,22.2561,22.5219,22.1808,22.4862,33140192.0
2019-02-22,22.5258,22.6289,22.4227,22.625,28206754.0
2019-02-25,22.6448,22.6607,22.387,22.4782,22724666.0
2019-02-26,22.5258,22.5575,22.3355,22.4505,24936348.0
2019-02-27,22.3989,22.5496,22.3712,22.4782,22318616.0
2019-02-28,22.4901,22.6646,22.3712,22.6091,23813658.0
2019-03-01,22.617,22.6726,22.4663,22.6567,25776398.0
2019-03-04,22.6845,22.7439,22.4703,22.6963,23712078.0
2019-03-05,22.6963,22.7519,22.6289,22.6686,20989362.0
2019-03-06,22.6924,22.7519,22.5893,22.6686,21958966.0
2019-03-07,22.7082,22.8867,22.6805,22.7439,28608924.0
2019-03-08,22.7717,22.8391,22.6091,22.8233,32358186.0
2019-03-11,22.8312,22.9938,22.8153,22.9859,26668496.0
2019-03-12,23.0255,23.1683,22.9819,23.1445,32526034.0
2019-03-13,23.1009,23.2238,23.085,23.1683,30567754.0
2019-03-14,23.1563,23.2962,23.0764,23.1643,28327260.0
2019-03-15,23.2004,23.3242,23.0685,23.2483,33024950.0
2019-03-18,23.2603,23.2922,23.0605,23.1604,21489914.0
2019-03-19,23.1244,23.1604,22.8128,22.8967,39405962.0
2019-03-20,22.9407,23.1404,22.8408,22.9566,32691202.0
2019-03-21,22.9726,23.2483,22.9367,23.2004,26529244.0
2019-03-22,23.2882,23.532,23.2443,23.3682,37904460.0
2019-03-25,23.3881,23.46,23.2922,23.3881,25393924.0
2019-03-26,23.4001,23.5719,23.3682,23.5559,28555608.0
2019-03-27,23.5799,23.5999,23.2843,23.3921,30236732.0
2019-03-28,23.3881,23.468,23.0365,23.1165,44350708.0
2019-03-29,23.0845,23.2683,23.0286,23.2403,37775404.0
2019-04-01,23.1924,23.2403,22.9407,23.0805,49390930.0
2019-04-02,23.1284,23.1564,22.9686,23.1125,44262946.0
2019-04-03,23.0645,23.1724,22.9047,23.0765,28041608.0
2019-04-04,23.1165,23.1364,22.8608,22.9966,31574214.0
2019-04-05,22.9966,23.2243,22.9247,23.2123,29396902.0
2019-04-08,23.1604,23.1924,22.9886,23.0485,26541848.0
2019-04-09,23.0685,23.1284,22.9966,23.1045,24103202.0
2019-04-10,23.1524,23.3082,22.9766,23.0326,29893830.0
2019-04-11,23.0286,23.1564,23.0006,23.1484,28497574.0
2019-04-12,23.0645,23.2803,22.9487,23.2563,28540310.0
2019-04-15,23.2763,23.3562,23.1924,23.2523,26889752.0
2019-04-16,23.2523,23.3042,22.8887,22.9646,35087646.0
2019-04-17,22.9407,23.0006,22.8568,22.8767,27022808.0
2019-04-18,22.9327,23.0485,22.8767,22.8887,29213388.0
2019-04-22,22.8767,22.9566,22.8208,22.8687,19091802.0
2019-04-23,22.8767,23.0046,22.7649,22.9327,29300904.0
2019-04-24,22.9886,23.1604,22.9526,23.0805,29638326.0
2019-04-25,22.9766,23.2683,22.9526,23.1764,28877102.0
2019-04-26,23.3042,23.4441,23.1844,23.2123,27362408.0
2019-04-29,23.1924,23.2004,22.9806,23.0765,25038284.0
2019-04-30,23.0805,23.472,23.0405,23.456,39502372.0
2019-05-01,23.3881,23.4521,23.1964,23.2163,42369790.0
2019-05-02,23.1724,23.2962,22.9926,23.1644,40670006.0
2019-05-03,23.1644,23.3322,23.1284,23.2922,24659884.0
2019-05-06,23.2922,23.3562,23.1125,23.1644,25297310.0
2019-05-07,23.1284,23.1844,22.9846,23.0925,22354852.0
2019-05-08,23.0645,23.0885,22.7569,22.7769,35690276.0
2019-05-09,22.7769,22.8767,22.637,22.7489,27174326.0
2019-05-10,22.7449,23.1684,22.7009,23.1564,32086240.0
2019-05-13,23.0845,23.456,23.0525,23.4041,36633650.0
2019-05-14,23.3642,23.4281,23.2043,23.2483,30981382.0
2019-05-15,23.2603,23.3482,23.1764,23.2083,22604306.0
2019-05-16,23.1924,23.4361,23.1204,23.3642,24220716.0
2019-05-17,23.2803,23.5759,23.2283,23.484,19670244.0
2019-05-20,23.536,23.6638,23.456,23.516,16876816.0
2019-05-21,23.5519,23.7557,23.496,23.5599,19554906.0
2019-05-22,23.5959,23.7597,23.524,23.7357,16487468.0
2019-05-23,23.7597,23.9435,23.7357,23.9395,23698306.0
2019-05-24,23.9435,24.0793,23.8755,23.9035,15708902.0
2019-05-28,23.9355,23.9555,23.472,23.512,28558952.0
2019-05-29,23.5679,23.5919,23.1444,23.2004,30969712.0
2019-05-30,23.2083,23.3322,23.0925,23.1644,28870838.0
2019-05-31,23.1724,23.3362,23.0685,23.2723,32337898.0
2019-06-03,23.3482,23.536,23.2283,23.504,34049166.0
2019-06-04,23.528,23.5559,23.0845,23.524,32054486.0
2019-06-05,23.6119,24.1073,23.5399,24.0274,50710126.0
2019-06-06,24.0593,24.2191,23.9874,24.1752,44689306.0
2019-06-07,24.2871,24.4469,23.9834,23.9954,33447740.0
2019-06-10,23.9235,23.9714,23.7117,23.8316,24034240.0
2019-06-11,23.8236,23.8875,23.5479,23.6878,27886336.0
2019-06-12,23.8076,24.0314,23.7757,23.9954,22281614.0
2019-06-13,24.0513,24.1153,23.8795,24.0433,25884150.0
2019-06-14,24.0713,24.339,24.0633,24.295,26353410.0
2019-06-17,24.295,24.367,24.0753,24.2271,20678328.0
2019-06-18,24.315,24.375,23.9634,24.1272,37788938.0
2019-06-19,24.0194,24.4149,24.0114,24.311,37851208.0
2019-06-20,24.4225,24.5232,24.1849,24.4668,34344820.0
2019-06-21,24.4408,24.6059,24.2677,24.5616,28249790.0
2019-06-24,24.6059,24.6422,24.4771,24.5697,16955910.0
2019-06-25,24.5898,24.5898,24.3643,24.4207,22376832.0
2019-06-26,24.3724,24.3724,23.8811,23.8891,31944732.0
2019-06-27,23.9656,24.0341,23.8247,23.9213,23026854.0
2019-06-28,23.9294,24.1468,23.8811,24.0139,29601770.0
2019-07-01,24.0301,24.0542,23.7361,23.9535,32462932.0
2019-07-02,24.0421,24.32,24.0381,24.2797,36513012.0
2019-07-03,24.3522,24.5979,24.324,24.4489,24110606.0
2019-07-05,24.2958,24.473,24.0623,24.4368,28961484.0
2019-07-08,24.4529,24.5496,24.32,24.473,17765854.0
2019-07-09,24.4328,24.5133,24.2999,24.5053,17801704.0
2019-07-10,24.5335,24.6945,24.4489,24.5616,21788038.0
2019-07-11,24.5335,24.6623,24.3603,24.5697,35314524.0
2019-07-12,24.5616,24.5898,24.316,24.4086,20403240.0
2019-07-15,24.4126,24.5415,24.32,24.5053,16777668.0
2019-07-16,24.4449,24.5294,24.2354,24.3643,24059822.0
2019-07-17,24.4489,24.5979,24.4328,24.4569,22371758.0
2019-07-18,24.461,24.6744,24.324,24.6704,23237230.0
2019-07-19,24.614,24.6825,24.2999,24.312,26716780.0
2019-07-22,24.3724,24.3965,24.1146,24.2596,23569400.0
2019-07-23,24.2878,24.3039,24.0623,24.1066,27311864.0
2019-07-24,24.175,24.2354,23.9415,24.1267,23341906.0
2019-07-25,24.0502,24.2234,23.9455,24.0663,23377772.0
2019-07-26,24.0864,24.2475,24.0301,24.1549,25083570.0
2019-07-29,24.2234,24.316,24.0864,24.2797,25511676.0
2019-07-30,24.2234,24.3361,23.9737,24.0945,35209498.0
2019-07-31,24.1025,24.2193,23.8368,23.9817,44483876.0
2019-08-01,23.9415,24.3643,23.8609,24.2274,53809436.0
2019-08-02,24.2636,24.4247,24.171,24.2234,27248000.0
2019-08-05,24.2757,24.3401,23.7482,23.877,43371128.0
2019-08-06,23.9012,24.2677,23.6354,24.175,47318080.0
2019-08-07,24.1831,24.3804,23.8408,24.2354,47077206.0
2019-08-08,24.2234,24.5496,24.0905,24.4851,29803316.0
2019-08-09,24.5053,24.622,24.4207,24.5133,21724816.0
2019-08-12,24.5173,24.5818,24.3401,24.465,20109106.0
2019-08-13,24.4489,24.5697,24.316,24.4811,33148442.0
2019-08-14,24.5133,24.6382,24.2113,24.2797,37212948.0
2019-08-15,24.3643,24.6784,24.2193,24.5939,39202378.0
2019-08-16,24.6059,24.7952,24.5697,24.7187,29411592.0
2019-08-19,24.6663,24.9603,24.6261,24.8758,24845742.0
2019-08-20,24.9321,24.9362,24.7308,24.8355,25808900.0
2019-08-21,24.7952,25.0006,24.7751,25.0006,25342988.0
2019-08-22,24.9845,25.057,24.8113,25.0248,26992226.0
2019-08-23,25.0731,25.1536,24.6341,24.759,39538214.0
2019-08-26,24.8194,25.053,24.759,25.0449,22458644.0
2019-08-27,25.1657,25.2664,25.061,25.0892,30609784.0
2019-08-28,25.1174,25.206,24.9321,25.0207,27513304.0
2019-08-29,25.1617,25.202,24.9603,25.1939,27279492.0
2019-08-30,25.2744,25.2906,25.1254,25.202,20881132.0
2019-09-03,25.1939,25.653,25.1657,25.649,34982564.0
2019-09-04,25.7255,25.7859,25.5121,25.6731,28044946.0
2019-09-05,25.504,25.5604,25.3067,25.3953,41155052.0
2019-09-06,25.4597,25.5161,25.2181,25.2946,23367670.0
2019-09-09,25.2422,25.2865,25.1214,25.1697,30790980.0
2019-09-10,25.1295,25.202,24.9845,25.202,32979022.0
2019-09-11,25.1657,25.4718,25.053,25.4516,41996194.0
2019-09-12,25.6047,25.6812,25.3912,25.508,41074338.0
2019-09-13,25.363,25.5322,25.2704,25.3469,46592226.0
2019-09-16,25.3872,25.4275,25.2261,25.3671,21597398.0
2019-09-17,25.4114,25.649,25.3993,25.5886,30117778.0
2019-09-18,25.6852,25.7778,25.5201,25.6973,38607910.0
2019-09-19,25.7775,25.8425,25.6801,25.8181,24814748.0
2019-09-20,25.8515,25.9489,25.7216,25.9205,32921968.0
2019-09-23,25.9123,26.0219,25.8596,25.9245,15295148.0
2019-09-24,26.0179,26.3182,25.9976,26.2289,36005372.0
2019-09-25,26.2086,26.2411,26.0706,26.2127,30334028.0
2019-09-26,26.2776,26.4237,26.2248,26.3506,21058814.0
2019-09-27,26.3872,26.4034,26.1112,26.2573,27184890.0
2019-09-30,26.2776,26.4075,26.2005,26.2735,19956166.0
2019-10-01,26.1843,26.2573,26.0706,26.2127,35219928.0
2019-10-02,26.1558,26.2005,25.7987,25.8636,27728694.0
2019-10-03,25.8718,25.9367,25.7378,25.9245,28122392.0
2019-10-04,25.957,26.3425,25.9205,26.2857,33511542.0
2019-10-07,26.2614,26.2938,26.1193,26.1843,21723872.0
2019-10-08,26.168,26.1883,25.9286,25.9408,33953038.0
2019-10-09,26.0097,26.168,25.9448,26.0666,16325300.0
2019-10-10,26.0057,26.095,25.8109,26.0382,23593106.0
2019-10-11,26.0138,26.1031,25.8515,25.9408,29180770.0
2019-10-14,26.0138,26.026,25.6973,25.7744,16859154.0
2019-10-15,25.7906,25.8515,25.6242,25.6932,28090740.0
2019-10-16,25.6729,25.7622,25.5593,25.75,27071582.0
2019-10-17,25.75,25.8677,25.6851,25.8149,21333036.0
2019-10-18,25.7541,25.957,25.6891,25.9002,21121958.0
2019-10-21,25.9042,26.0097,25.8231,26.0016,21472756.0
2019-10-22,26.0625,26.2289,25.9854,26.1112,29329056.0
2019-10-23,26.1721,26.2817,26.099,26.2167,22638170.0
2019-10-24,26.2167,26.3506,26.1883,26.306,21060054.0
2019-10-25,26.3263,26.3628,25.9326,26.0382,31212196.0
2019-10-28,25.9042,25.9732,25.6486,25.681,39435780.0
2019-10-29,25.6648,25.7622,25.5917,25.7054,27485188.0
2019-10-30,25.7257,25.9976,25.7216,25.9326,36764330.0
2019-10-31,25.957,26.1071,25.8677,26.0747,30253378.0
2019-11-01,26.0909,26.1721,25.9651,26.0097,24140966.0
2019-11-04,25.9854,26.0016,25.5836,25.677,40196292.0
2019-11-05,25.5512,25.6323,25.3442,25.4132,37690248.0
2019-11-06,25.4578,25.6161,25.4172,25.5106,21672530.0
2019-11-07,25.3767,25.4051,24.9992,25.1656,40442214.0
2019-11-08,25.0885,25.1981,24.9505,25.0601,30196868.0
2019-11-11,25.0682,25.0966,24.8815,24.9059,17452036.0
2019-11-12,24.9099,25.0155,24.8937,24.9668,21484306.0
2019-11-13,25.056,25.3929,25.0236,25.3361,29823898.0
2019-11-14,25.4172,25.5552,25.3442,25.4254,27891950.0
2019-11-15,25.4213,25.5187,25.3604,25.5065,18054976.0
2019-11-18,25.5593,25.7703,25.5146,25.5593,28957394.0
2019-11-19,25.4862,25.6364,25.3604,25.4943,32499136.0
2019-11-20,25.5309,25.6851,25.47,25.6486,30843182.0
2019-11-21,25.6445,25.6688,25.4741,25.5593,23283718.0
2019-11-22,25.6161,25.6283,25.3807,25.5674,21092502.0
2019-11-25,25.5917,25.6648,25.4254,25.4822,23854294.0
2019-11-26,25.5228,25.6039,25.4659,25.5674,28557534.0
2019-11-27,25.5065,25.6404,25.4862,25.612,21357536.0
2019-11-29,25.6607,25.7581,25.5593,25.5877,9026306.0
2019-12-02,25.4659,25.5309,25.3685,25.4213,33125260.0
2019-12-03,25.4862,25.539,25.4294,25.4903,22981424.0
2019-12-04,25.4822,25.7257,25.4619,25.6851,28693518.0
2019-12-05,25.6445,25.7338,25.5796,25.7297,19424750.0
2019-12-06,25.6323,25.8028,25.6323,25.6526,17588894.0
2019-12-09,25.7094,25.7135,25.5187,25.5633,18769766.0
2019-12-10,25.5755,25.612,25.4943,25.5593,21012338.0
2019-12-11,25.5917,25.6729,25.4984,25.6283,22731860.0
2019-12-12,25.5958,25.6973,25.4091,25.5187,39939746.0
2019-12-13,25.5309,25.7622,25.4294,25.7175,34458572.0
2019-12-16,25.7987,26.0544,25.7175,26.0382,34998366.0
2019-12-17,26.0544,26.2898,26.03,26.1234,26964666.0
2019-12-18,26.1193,26.2654,26.0057,26.2289,23222514.0
2019-12-19,26.2288,26.2738,26.0734,26.237,27092998.0
2019-12-20,26.2293,26.5606,26.2293,26.4175,39483216.0
2019-12-23,26.4625,26.4747,26.1025,26.1721,27840826.0
2019-12-24,26.2007,26.2211,26.0698,26.2089,8045878.0
2019-12-26,26.2334,26.2784,26.1434,26.2539,11558334.0
2019-12-27,26.2661,26.3316,26.2048,26.3316,17025226.0
2019-12-30,26.2211,26.3316,26.1843,26.3275,19538140.0
2019-12-31,26.3234,26.4625,26.2907,26.4297,20344666.0
2020-01-02,26.4747,26.4829,25.9962,26.0984,32979636.0
2020-01-03,26.1189,26.2457,26.0575,26.1516,25859130.0
2020-01-06,26.1189,26.2539,26.078,26.1762,19088432.0
2020-01-07,26.1107,26.1516,25.9921,26.1393,21040002.0
2020-01-08,26.1516,26.2416,26.0862,26.1271,19779762.0
2020-01-09,26.0944,26.2989,26.0903,26.2702,20169528.0
2020-01-10,26.307,26.4338,26.2948,26.3398,19907196.0
2020-01-13,26.3316,26.577,26.3316,26.4993,24044172.0
2020-01-14,26.4993,26.5852,26.3807,26.577,21242652.0
2020-01-15,26.6342,26.9942,26.6301,26.9492,29905984.0
2020-01-16,26.9696,27.1455,26.9614,27.1169,18744682.0
2020-01-17,27.1087,27.3418,27.0351,27.305,20626072.0
2020-01-21,27.3664,27.5668,27.2559,27.5545,24533080.0
2020-01-22,27.6077,27.7181,27.5668,27.6404,18976000.0
2020-01-23,27.6363,27.894,27.6077,27.8858,21417968.0
2020-01-24,27.8122,28.0617,27.7672,27.9594,23100742.0
2020-01-27,27.943,28.1394,27.8122,27.8899,20162850.0
2020-01-28,27.9185,28.123,27.849,28.0044,29270512.0
2020-01-29,28.0208,28.1189,27.9062,28.078,19638152.0
2020-01-30,28.0617,28.3561,27.9921,28.3398,23549266.0
2020-01-31,28.2866,28.4011,28.0657,28.213,36566556.0
2020-02-03,28.258,28.3357,28.1884,28.303,24790610.0
2020-02-04,28.2866,28.3725,27.9921,28.0208,33967422.0
2020-02-05,27.9594,28.2048,27.8981,28.1353,27654092.0
2020-02-06,28.1639,28.303,28.0739,28.1435,24538922.0
2020-02-07,28.2089,28.2498,28.0453,28.0535,19334124.0
2020-02-10,28.0985,28.1598,27.9962,28.1598,14496570.0
2020-02-11,28.2089,28.3561,28.1925,28.2621,19571368.0
2020-02-12,28.2171,28.3684,28.1271,28.2825,15030150.0
2020-02-13,28.3071,28.6138,28.2621,28.5974,22951490.0
2020-02-14,28.6506,28.8142,28.6097,28.7897,19552468.0
2020-02-18,28.9001,29.0801,28.8183,29.031,24479408.0
2020-02-19,28.9165,28.9574,28.7161,28.7161,19930442.0
2020-02-20,28.7242,28.8347,28.5852,28.8183,24312582.0
2020-02-21,28.7651,28.9533,28.7365,28.7651,20415542.0
2020-02-24,28.6424,28.8019,28.4175,28.4298,36903658.0
2020-02-25,28.4584,28.5075,27.7794,27.8326,48889878.0
2020-02-26,27.8326,28.0821,27.5463,27.5504,47040432.0
2020-02-27,27.44,27.5913,26.3029,26.3111,78675388.0
2020-02-28,25.7099,25.7385,24.8224,25.4318,168184214.0
2020-03-02,25.5627,26.9655,25.5013,26.9287,75534446.0
2020-03-03,26.9451,27.5013,26.4911,26.5974,112476642.0
2020-03-04,26.9492,28.1435,26.9328,28.1066,57717574.0
2020-03-05,27.6445,28.0494,27.3459,27.6731,59265020.0
2020-03-06,26.941,27.5586,26.4256,27.4482,66449818.0
2020-03-09,25.9921,26.6874,25.5422,25.9553,68092216.0
2020-03-10,26.3807,26.6833,25.0269,26.1966,76650740.0
2020-03-11,25.6117,25.6281,24.5279,24.8796,58456838.0
2020-03-12,23.5176,23.943,22.0902,22.3683,69850578.0
2020-03-13,23.6281,23.6281,21.943,23.5872,48579964.0
2020-03-16,21.2681,23.1127,20.8264,20.9082,51401384.0
2020-03-17,21.5176,23.7835,21.2845,23.5831,70075226.0
2020-03-18,22.172,22.9082,21.3622,22.5565,74147018.0
2020-03-19,22.3479,22.4461,21.1741,21.2436,53487644.0
2020-03-20,21.4587,21.4587,19.418,19.5585,51694600.0
2020-03-23,19.4941,19.5601,17.9408,18.5605,58582348.0
2020-03-24,19.271,20.6425,19.1388,20.5557,48885868.0
2020-03-25,20.5846,21.9644,19.965,21.0803,52071356.0
2020-03-26,21.3075,23.1252,21.0927,22.8773,53751250.0
2020-03-27,22.1874,23.8316,22.0759,23.0012,47290722.0
2020-03-30,23.1995,23.9968,23.1004,23.8522,41084432.0
2020-03-31,23.6663,23.6663,22.8154,22.8897,57355828.0
2020-04-01,21.985,22.2866,21.0969,21.5141,49173124.0
2020-04-02,21.2828,22.3403,21.163,22.1874,44914790.0
2020-04-03,21.9437,22.2164,21.2291,21.3943,28969204.0
2020-04-06,22.1792,23.278,22.1792,23.0467,36153846.0
2020-04-07,23.6663,23.7035,22.7245,22.7575,42480554.0
2020-04-08,22.8938,24.1951,22.7038,23.9968,45973012.0
2020-04-09,24.3727,25.5211,24.2695,25.1287,51968892.0
2020-04-13,24.8106,25.0006,24.0836,24.3314,24604760.0
2020-04-14,24.8561,25.0833,24.6165,25.0461,30027904.0
2020-04-15,24.3562,24.6536,24.0794,24.2199,23428368.0
2020-04-16,24.3232,24.4264,23.9844,24.224,18974308.0
2020-04-17,24.7404,25.137,24.4016,25.0048,18759420.0
2020-04-20,24.8478,24.8478,24.0175,24.0588,25690798.0
2020-04-21,23.625,23.9472,23.3978,23.6622,33483132.0
2020-04-22,24.1083,24.5462,23.9472,24.3521,28651566.0
2020-04-23,24.4264,24.4925,23.8068,23.9431,22180494.0
2020-04-24,23.9844,24.1951,23.6746,24.0918,20787718.0
2020-04-27,24.2323,24.5214,24.2075,24.3438,17332610.0
2020-04-28,24.6867,24.9511,24.319,24.4347,23564114.0
2020-04-29,24.8313,24.8437,24.1125,24.2116,21535530.0
2020-04-30,24.0381,24.0753,23.435,23.6539,33145586.0
2020-05-01,23.3772,23.3937,22.9517,23.0839,24959022.0
2020-05-04,22.9641,23.3152,22.8236,23.2574,21950890.0
2020-05-05,23.34,23.7283,23.3111,23.4474,21967952.0
2020-05-06,23.53,23.5465,22.6171,22.6501,44245288.0
2020-05-07,22.9104,23.1128,22.7038,22.741,35724312.0
2020-05-08,23.0178,23.2904,22.9104,23.1995,24582126.0
2020-05-11,23.0178,23.1871,22.6873,23.1004,28653180.0
2020-05-12,23.1582,23.2615,22.8525,22.898,41339982.0
2020-05-13,22.8525,22.8525,22.4436,22.7038,37021756.0
2020-05-14,22.4766,23.0136,22.1668,22.9475,42468102.0
2020-05-15,22.7864,22.7947,22.2949,22.6419,60275250.0
2020-05-18,23.1747,23.72,23.1747,23.5713,42762726.0
2020-05-19,23.468,23.5383,23.1789,23.183,27201672.0
2020-05-20,23.4226,23.5713,23.2202,23.3111,21581328.0
2020-05-21,23.2491,23.4143,23.026,23.0756,29569414.0
2020-05-22,23.0756,23.3524,23.0012,23.3317,21811964.0
2020-05-26,23.7531,23.939,23.4598,23.4846,28842484.0
2020-05-27,23.9101,23.939,23.4391,23.7655,29735196.0
2020-05-28,24.0712,24.571,24.0505,24.4677,37163620.0
2020-05-29,24.4099,24.7858,24.2653,24.6578,26099456.0
2020-06-01,24.6495,25.1039,24.5091,24.9511,25432914.0
2020-06-02,25.0543,25.1287,24.7776,25.1122,22694304.0
2020-06-03,25.2485,25.5914,25.2278,25.4137,22637676.0
2020-06-04,25.2774,25.3311,24.6371,24.9593,35177548.0
2020-06-05,25.1865,25.7607,25.1617,25.2774,39466712.0
2020-06-08,25.3229,26.0375,25.1411,25.9549,24846964.0
2020-06-09,25.7194,25.7318,25.1535,25.4344,32400556.0
2020-06-10,25.4344,25.6038,25.2031,25.2857,22929990.0
2020-06-11,24.8561,24.918,24.1207,24.2984,60080122.0
2020-06-12,24.761,24.79,23.939,24.2364,41684288.0
2020-06-15,23.8068,24.5793,23.5961,24.4016,30105630.0
2020-06-16,24.9924,25.1287,24.3769,24.5132,30532366.0
2020-06-17,24.6165,24.6206,24.2034,24.4388,21649214.0
2020-06-18,24.286,24.5008,24.162,24.4347,21447298.0
2020-06-19,24.6362,24.7403,23.7115,23.749,47455390.0
2020-06-22,23.7347,24.1304,23.5139,23.9805,23821720.0
2020-06-23,24.2262,24.2554,23.6722,23.7389,23483898.0
2020-06-24,23.5598,23.6681,23.239,23.5223,25739348.0
2020-06-25,23.4723,23.4848,22.9599,23.2307,40133692.0
2020-06-26,23.1974,23.4598,22.8308,22.9849,52611048.0
2020-06-29,23.1682,23.4306,22.9224,23.4181,27094238.0
2020-06-30,23.4306,23.6347,23.2807,23.5056,24953356.0
2020-07-01,23.5264,24.1596,23.4848,24.0554,34120928.0
2020-07-02,24.2262,24.3762,24.0554,24.1179,22987982.0
2020-07-06,24.2054,24.3637,23.6264,23.8222,28883834.0
2020-07-07,23.5598,23.818,23.4473,23.7264,19715240.0
2020-07-08,23.6889,24.018,23.6431,23.9388,21448008.0
2020-07-09,23.8222,23.8347,23.2848,23.6181,28878866.0
2020-07-10,23.6181,24.1304,23.6097,24.0638,25566816.0
2020-07-13,24.0638,24.3262,23.9763,24.0888,30797366.0
2020-07-14,24.0929,24.4553,24.0638,24.3137,33688200.0
2020-07-15,24.5428,24.7219,24.1721,24.2179,25396750.0
2020-07-16,24.2387,24.5928,24.1762,24.5261,26408908.0
2020-07-17,24.6594,25.1468,24.6386,25.0801,36200694.0
2020-07-20,24.9927,25.0635,24.7094,24.7511,22528322.0
2020-07-21,24.8136,25.151,24.7344,24.8635,25597216.0
2020-07-22,24.7511,25.3426,24.5095,25.2468,26990104.0
2020-07-23,25.2384,25.455,25.126,25.2759,32253904.0
2020-07-24,25.3259,25.5842,24.9677,25.1093,31907514.0
2020-07-27,25.1176,25.1343,24.6261,24.8052,20854094.0
2020-07-28,24.7427,25.3926,24.7219,25.1801,34280686.0
2020-07-29,25.2259,25.3634,25.1051,25.2967,16102852.0
2020-07-30,25.1135,25.3009,24.9885,25.2967,21225992.0
2020-07-31,25.2301,25.405,24.9843,25.3384,22665550.0
2020-08-03,25.3217,25.3259,24.9302,25.0635,17067656.0
2020-08-04,25.0468,25.455,24.9843,25.3384,28880044.0
2020-08-05,25.3926,25.4092,24.9135,25.0135,21162168.0
2020-08-06,24.9885,25.2051,24.8552,25.1593,22984662.0
2020-08-07,25.0593,25.7133,25.0552,25.6133,25494768.0
2020-08-10,25.6966,25.8049,25.5217,25.605,18434504.0
2020-08-11,25.6341,25.6841,24.9802,25.051,44882910.0
2020-08-12,25.126,25.5842,25.1176,25.4134,31375964.0
2020-08-13,25.3092,25.4259,25.176,25.3717,25516254.0
2020-08-14,25.3176,25.3509,25.0843,25.151,15480576.0
2020-08-17,25.1718,25.3384,25.0218,25.1176,12426158.0
2020-08-18,25.101,25.2009,24.8719,25.0052,22885538.0
2020-08-19,25.0676,25.0801,24.8802,24.9302,16721420.0
2020-08-20,24.8302,24.9552,24.6428,24.7094,21017144.0
2020-08-21,24.7302,24.7969,24.5011,24.7511,17278446.0
2020-08-24,24.8219,24.976,24.5928,24.9677,12868590.0
2020-08-25,25.0218,25.0218,24.6469,24.7302,18729724.0
2020-08-26,24.6428,24.6594,24.3637,24.4553,21003348.0
2020-08-27,24.5261,24.7094,24.3845,24.5345,35705432.0
2020-08-28,24.5845,24.6303,24.3512,24.6053,14027290.0
2020-08-31,24.5678,24.8344,24.5636,24.6803,17799650.0
2020-09-01,24.6011,24.6178,24.3012,24.397,24587962.0
2020-09-02,24.4512,25.2676,24.3512,25.1551,32078286.0
2020-09-03,25.1635,25.4259,24.6386,24.8719,35114082.0
2020-09-04,24.9219,25.0635,24.4095,24.7302,33406680.0
2020-09-08,24.7552,24.7927,24.3554,24.5928,25000472.0
2020-09-09,24.7761,25.2384,24.7511,24.9177,25574346.0
2020-09-10,24.8219,24.851,24.4595,24.4887,33198280.0
2020-09-11,24.5386,24.6261,24.3554,24.547,23993626.0
2020-09-14,24.6678,25.0135,24.6428,24.8844,19424780.0
2020-09-15,25.1385,25.4217,24.9177,25.051,21337932.0
2020-09-16,24.9635,25.1926,24.8552,25.0177,20649666.0
2020-09-17,24.8594,24.951,24.6178,24.8136,20920924.0
2020-09-18,24.8131,24.8299,24.3216,24.3762,28464144.0
2020-09-21,24.1991,24.3378,23.9051,24.2244,26402894.0
2020-09-22,24.237,24.5394,24.2159,24.3756,19703724.0
2020-09-23,24.405,24.447,23.9807,24.0017,18765974.0
2020-09-24,23.9765,24.4428,23.8294,24.2706,25587076.0
2020-09-25,24.1655,24.6949,24.0773,24.6697,19796230.0
2020-09-28,24.7789,24.9806,24.6907,24.7327,17931440.0
2020-09-29,24.8083,24.9806,24.6109,24.7243,16897176.0
2020-09-30,24.8797,25.0688,24.7369,24.947,21435332.0
2020-10-01,25.01,25.2621,24.9596,25.199,21255082.0
2020-10-02,24.9974,25.6276,24.9428,25.4973,31019066.0
2020-10-05,25.5645,25.888,25.3923,25.8166,19359524.0
2020-10-06,25.8334,26.3292,25.72,26.0351,26728808.0
2020-10-07,26.1695,26.304,25.9973,26.1947,22254790.0
2020-10-08,26.3082,26.7157,26.2914,26.6737,22185746.0
2020-10-09,26.8207,26.8333,26.4888,26.6695,15533108.0
2020-10-12,26.6863,27.0182,26.6191,26.8375,13264314.0
2020-10-13,26.6527,26.7241,26.3544,26.6527,18450380.0
2020-10-14,26.6863,26.7997,26.4804,26.6191,20747154.0
2020-10-15,26.3586,26.7493,26.2998,26.6023,16710182.0
2020-10-16,26.6359,26.9888,26.6065,26.8879,14039816.0
2020-10-19,26.8753,27.0182,26.5854,26.6611,18080376.0
2020-10-20,26.7829,26.9678,26.6695,26.8207,20296916.0
2020-10-21,26.7535,26.9257,26.6695,26.7493,13194744.0
2020-10-22,26.7871,27.1736,26.7115,27.1274,13742846.0
2020-10-23,27.2618,27.3081,27.0518,27.203,13382664.0
2020-10-26,26.993,27.245,26.8165,27.1946,19066302.0
2020-10-27,27.245,27.4509,27.0434,27.1736,17069644.0
2020-10-28,26.7955,27.14,26.3292,26.3838,29634602.0
2020-10-29,26.2872,26.7787,25.9469,26.4552,25003850.0
2020-10-30,26.3082,26.472,25.9553,26.2073,29123250.0
2020-11-02,26.5644,26.8207,26.2998,26.7829,27377140.0
2020-11-03,27.119,27.4635,27.0098,27.1694,25675668.0
2020-11-04,27.0098,27.4299,26.7325,26.7619,32689670.0
2020-11-05,27.0518,27.4971,26.9762,27.0014,25859484.0
2020-11-06,27.014,27.2576,26.8711,26.9426,16152076.0
2020-11-09,27.7114,28.539,27.4131,27.4425,41103064.0
2020-11-10,27.5895,27.9172,27.4761,27.8374,27391650.0
2020-11-11,27.9803,28.1903,27.8332,27.9424,17916004.0
2020-11-12,27.7786,27.8416,27.2745,27.4929,40661460.0
2020-11-13,27.6274,27.8416,27.5769,27.766,21028354.0
2020-11-16,28.1105,28.1273,27.7156,28.0475,19546460.0
2020-11-17,27.8584,28.0013,27.4551,27.4971,14711634.0
2020-11-18,27.64,27.6736,26.951,26.9594,23638674.0
2020-11-19,26.9342,26.951,26.4972,26.6905,23863064.0
2020-11-20,26.6485,26.8795,26.5602,26.6947,17024520.0
2020-11-23,26.7997,26.8501,26.577,26.6989,15306972.0
2020-11-24,26.9131,27.0518,26.7787,26.9846,20083814.0
2020-11-25,26.951,27.0644,26.7157,27.056,18685592.0
2020-11-27,27.0476,27.0728,26.6779,26.7871,10530858.0
2020-11-30,26.7115,26.7283,26.2956,26.4006,18328968.0
2020-12-01,26.5981,26.9594,26.5686,26.5854,27241258.0
2020-12-02,26.4594,26.7745,26.2914,26.7619,22833734.0
2020-12-03,26.7199,26.7451,26.4132,26.4846,17276850.0
2020-12-04,26.5098,26.5728,26.0687,26.2199,19647192.0
2020-12-07,26.1317,26.4972,26.0939,26.367,15359692.0
2020-12-08,26.1947,26.4594,26.0855,26.2872,14475032.0
2020-12-09,26.2998,26.3502,26.0645,26.2409,20286400.0
2020-12-10,26.2283,26.3124,25.9847,26.1065,16603376.0
2020-12-11,25.9973,26.1821,25.9721,26.1485,12105494.0
2020-12-14,26.346,26.5518,25.9889,26.0141,16969024.0
2020-12-15,26.1359,26.5939,26.0057,26.5266,20807622.0
2020-12-16,26.577,26.7115,26.1863,26.2199,17689274.0
2020-12-17,26.3124,26.5897,26.3082,26.3964,18481094.0
2020-12-18,26.4025,26.5,26.0424,26.1695,17855574.0
2020-12-21,25.9627,25.9669,25.556,25.8525,22644808.0
2020-12-22,25.8441,25.9118,25.7254,25.8017,19868732.0
2020-12-23,25.9246,26.1279,25.7466,25.7509,10221056.0
2020-12-24,25.8059,25.9457,25.6619,25.933,6523028.0
2020-12-28,26.0686,26.2169,25.95,26.0474,10371352.0
2020-12-29,26.111,26.2338,25.9669,26.0432,12589458.0
2020-12-30,26.0601,26.2593,26.0178,26.1745,9670232.0
2020-12-31,26.1788,26.6024,26.1067,26.5643,16667204.0
2021-01-04,26.6109,26.6109,25.7466,25.8949,21039712.0
2021-01-05,25.9415,26.0262,25.6746,25.8907,12761452.0
2021-01-06,26.039,26.7084,25.9796,26.5346,28555198.0
2021-01-07,26.6787,26.7295,26.1618,26.1872,22943260.0
2021-01-08,26.2211,26.4626,26.1703,26.4075,16755020.0
2021-01-11,26.3101,26.416,25.9669,26.1618,14398272.0
2021-01-12,26.111,26.2084,25.7085,26.022,21648142.0
2021-01-13,26.1067,26.6151,26.0559,26.5304,23326220.0
2021-01-14,26.5389,26.5601,26.272,26.4287,20733986.0
2021-01-15,26.3737,26.7677,26.272,26.6872,22764564.0
2021-01-19,26.8312,26.8609,26.5431,26.5855,15089022.0
2021-01-20,26.577,26.8609,26.4203,26.7422,40254726.0
2021-01-21,26.6787,26.7338,26.5389,26.5855,12896896.0
2021-01-22,26.5092,26.7126,26.4075,26.6236,16815500.0
2021-01-25,26.5304,27.1956,26.5008,27.1574,34845066.0
2021-01-26,27.1574,27.1574,26.7761,26.8863,17874270.0
2021-01-27,26.6702,26.8693,26.0432,26.1618,35867228.0
2021-01-28,26.2508,26.8778,26.183,26.4753,23052648.0
2021-01-29,26.3398,26.5982,26.1661,26.3313,24220444.0
2021-02-01,26.5008,26.6956,26.2381,26.4584,13705356.0
2021-02-02,26.5474,27.0854,26.4372,26.6745,24795088.0
2021-02-03,26.6448,26.7677,26.5304,26.5897,15007342.0
2021-02-04,26.577,26.8355,26.5008,26.7973,18775954.0
2021-02-05,26.9244,27.0897,26.8058,26.9414,10541190.0
2021-02-08,27.0007,27.0092,26.6321,26.7338,15454916.0
2021-02-09,26.7804,26.8693,26.5516,26.7719,11556164.0
2021-02-10,26.9837,26.988,26.6956,26.8778,17508764.0
2021-02-11,26.8651,26.9541,26.6829,26.7253,12633134.0
2021-02-12,26.6448,26.7677,26.3906,26.5304,18305982.0
2021-02-16,26.5008,26.5346,26.1915,26.2338,25190764.0
2021-02-17,26.2635,26.3016,26.0771,26.255,15851686.0
2021-02-18,26.2127,26.5262,26.2127,26.4118,14072128.0
2021-02-19,26.4118,26.4287,25.9966,26.0178,14258324.0
2021-02-22,25.9457,25.9754,25.2679,25.5094,33114312.0
2021-02-23,25.611,25.8102,25.4797,25.7212,23394530.0
2021-02-24,25.6576,25.7042,25.395,25.4204,21963346.0
2021-02-25,25.3695,25.4924,25.0687,25.1916,28855928.0
2021-02-26,25.2594,25.4331,24.7171,24.7256,34682656.0
2021-03-01,25.0391,25.556,25.0348,25.2721,26467858.0
2021-03-02,25.3102,25.378,25.0518,25.1958,26788718.0
2021-03-03,25.1365,25.1577,24.6874,24.8993,38080004.0
2021-03-04,24.9162,25.3441,24.7425,24.8781,39962040.0
2021-03-05,24.984,25.4034,24.7637,25.2848,31709824.0
2021-03-08,25.3568,25.8652,25.289,25.6407,34348518.0
2021-03-09,25.789,26.0644,25.7424,25.9796,20494918.0
2021-03-10,25.9712,26.2381,25.8991,26.1576,25545546.0
2021-03-11,26.111,26.4203,26.0771,26.0898,15530048.0
2021-03-12,26.2042,26.5219,26.0813,26.4414,18539608.0
2021-03-15,26.4796,26.8482,26.4796,26.7804,21497162.0
2021-03-16,26.7168,26.8821,26.6448,26.8143,21538496.0
2021-03-17,26.7931,26.7973,26.3525,26.3779,23885754.0
2021-03-18,26.3525,26.4584,26.094,26.2804,27934232.0
2021-03-19,26.2927,26.583,26.0067,26.3525,32510128.0
2021-03-22,26.2973,26.4339,26.1223,26.3144,21941916.0
2021-03-23,26.3101,26.8095,26.2504,26.7071,24354972.0
2021-03-24,26.6217,26.9077,26.5278,26.7156,19705124.0
2021-03-25,26.8565,27.0912,26.6815,27.0016,25492560.0
2021-03-26,26.9717,27.1168,26.7327,27.0912,19136324.0
2021-03-29,27.0357,27.5095,27.0187,27.3815,29868808.0
2021-03-30,27.2961,27.2961,26.9333,27.1339,20399720.0
2021-03-31,27.1467,27.3858,27.0912,27.3345,19732902.0
2021-04-01,27.279,27.3559,27.1254,27.3089,17027640.0
2021-04-05,27.4071,27.7827,27.3815,27.6077,22108702.0
2021-04-06,27.5778,27.7571,27.3729,27.7528,15665834.0
2021-04-07,27.7315,27.8681,27.5736,27.7187,14454482.0
2021-04-08,27.7912,27.8766,27.6376,27.6973,16822708.0
2021-04-09,27.723,27.8425,27.612,27.6675,14325828.0
2021-04-12,27.6845,27.8894,27.5992,27.6931,13463846.0
2021-04-13,27.5693,28.073,27.5266,28.0217,16370750.0
2021-04-14,27.9492,28.1455,27.8809,28.1455,13901064.0
2021-04-15,28.1284,28.4699,28.1284,28.4571,21890518.0
2021-04-16,28.5425,28.7986,28.5041,28.6876,20828038.0
2021-04-19,28.7047,28.7516,28.4699,28.5425,15519976.0
2021-04-20,28.5425,28.9778,28.5254,28.9053,24760492.0
2021-04-21,28.9352,29.0461,28.5553,28.662,18240168.0
2021-04-22,28.6535,28.7388,28.4272,28.4571,17058280.0
2021-04-23,28.4699,28.5638,28.3461,28.4187,15652618.0
2021-04-26,28.4315,28.4486,28.1711,28.2565,11745414.0
2021-04-27,28.2138,28.2266,27.9919,28.0388,18215920.0
2021-04-28,28.0516,28.1284,27.8681,28.0004,14280226.0
2021-04-29,28.0047,28.2736,28.0004,28.2565,17864722.0
2021-04-30,28.3163,28.487,28.1455,28.4784,17908002.0
2021-05-03,28.5425,28.7388,28.4272,28.4742,19983362.0
2021-05-04,28.4443,28.4955,28.1754,28.3675,21816564.0
2021-05-05,28.3675,28.3675,27.7315,27.8894,21261874.0
2021-05-06,27.9662,28.1284,27.7784,28.1028,21186968.0
2021-05-07,28.09,28.4016,28.0772,28.1882,16508716.0
2021-05-10,28.248,28.7602,28.248,28.4742,24800994.0
2021-05-11,28.4443,28.4827,27.9278,28.1242,25263058.0
2021-05-12,28.0943,28.0943,27.454,27.4668,27139238.0
2021-05-13,27.5095,28.1626,27.4754,27.9961,25039408.0
2021-05-14,28.0644,28.312,28.0644,28.1327,16968256.0
2021-05-17,28.1199,28.2821,27.8595,27.9022,20753900.0
2021-05-18,27.8425,27.9919,27.7699,27.898,18163746.0
2021-05-19,27.7656,27.8766,27.5266,27.851,24518468.0
2021-05-20,27.9022,28.265,27.8937,28.0943,23193732.0
2021-05-21,28.1626,28.3461,28.0388,28.2394,18159464.0
2021-05-24,28.376,28.423,28.1711,28.1882,17175138.0
2021-05-25,28.1839,28.2181,27.7827,27.8467,17136642.0
2021-05-26,27.8638,27.9705,27.7656,27.851,14625146.0
2021-05-27,27.9406,27.9492,27.6547,27.6632,14997158.0
2021-05-28,27.8211,27.915,27.7272,27.8126,17591840.0
2021-06-01,27.8766,27.9406,27.5778,27.6419,20320314.0
2021-06-02,27.6845,27.9406,27.5736,27.787,18602072.0
2021-06-03,27.6376,28.0431,27.565,27.9534,20759610.0
2021-06-04,28.0303,28.0687,27.8723,27.9108,13632826.0
2021-06-07,27.9364,28.0047,27.8894,27.962,11256578.0
2021-06-08,28.0089,28.0602,27.6034,27.723,16654444.0
2021-06-09,27.7912,28.0217,27.7315,27.9705,17493544.0
2021-06-10,27.9919,28.1839,27.9236,28.1541,15579992.0
2021-06-11,28.1455,28.2394,28.0217,28.2181,14026454.0
2021-06-14,28.2522,28.3504,28.1071,28.2778,12685342.0
2021-06-15,28.3034,28.5169,28.2309,28.3632,31185138.0
2021-06-16,28.4443,28.5382,27.9236,27.9364,43871692.0
2021-06-17,27.915,28.2437,27.8339,28.09,23798294.0
2021-06-18,27.9322,27.9538,27.3171,27.3601,31589746.0
2021-06-21,27.4481,27.7836,27.2932,27.7148,20530942.0
2021-06-22,27.6674,27.7965,27.5341,27.547,13860010.0
2021-06-23,27.5298,27.5298,27.1728,27.2545,22161602.0
2021-06-24,27.2889,27.2975,27.1082,27.2287,13908660.0
2021-06-25,27.2416,27.5427,27.2072,27.5212,16483430.0
2021-06-28,27.633,27.8352,27.5943,27.6976,15357076.0
2021-06-29,27.5986,27.775,27.1685,27.2502,22402062.0
2021-06-30,27.2287,27.3319,27.0953,27.1986,17825992.0
2021-07-01,27.2502,27.59,27.1427,27.4954,21378678.0
2021-07-02,27.547,27.5685,27.3964,27.5384,14180420.0
2021-07-06,27.5341,27.6717,27.2201,27.6545,16674722.0
2021-07-07,27.6545,27.8395,27.5126,27.8352,21590080.0
2021-07-08,27.6803,27.9212,27.6373,27.7535,18989002.0
2021-07-09,27.7922,27.8653,27.5599,27.7879,20039884.0
2021-07-12,27.7578,27.904,27.6201,27.8782,16557418.0
2021-07-13,27.8309,27.9212,27.5685,27.6674,16970990.0
2021-07-14,27.6631,28.0288,27.547,27.9083,18779374.0
2021-07-15,27.8137,28.2438,27.8051,28.2223,24324314.0
2021-07-16,28.2611,28.6525,28.2223,28.5062,31469320.0
2021-07-19,28.3901,28.6181,27.7363,28.0546,43412396.0
2021-07-20,28.0804,28.4589,28.0804,28.175,28141746.0
2021-07-21,28.1922,28.2568,27.8438,27.8653,20655266.0
2021-07-22,27.8954,28.0331,27.8137,27.9083,21544638.0
2021-07-23,27.9772,28.2912,27.9255,28.2654,15249262.0
2021-07-26,28.2094,28.36,28.0761,28.274,15955016.0
2021-07-27,28.2395,28.8116,28.089,28.76,31930724.0
2021-07-28,28.7471,28.7987,28.3299,28.5407,23453934.0
2021-07-29,28.6052,28.6998,28.4503,28.6181,25834930.0
2021-07-30,28.5923,28.8418,28.3127,28.3772,23608664.0
2021-08-02,28.4417,28.6998,28.4073,28.5966,20585738.0
2021-08-03,28.6396,28.8934,28.5062,28.76,24114610.0
2021-08-04,28.6439,28.7514,28.36,28.717,29789190.0
2021-08-05,28.7557,29.0697,28.6783,29.031,27059590.0
2021-08-06,29.0009,29.2246,28.9321,29.0138,17864130.0
2021-08-09,29.0353,29.1128,28.8461,29.0052,15643660.0
2021-08-10,29.031,29.1343,28.902,29.0353,14341362.0
2021-08-11,29.0999,29.4397,29.0999,29.3063,15991988.0
2021-08-12,29.2805,29.4397,29.2375,29.3364,16838366.0
2021-08-13,29.4096,29.5773,29.3364,29.5429,20082654.0
2021-08-16,29.5429,29.9343,29.5128,29.7236,22683928.0
2021-08-17,29.6418,29.7451,29.444,29.7408,20688716.0
2021-08-18,29.7365,29.801,29.4913,29.5902,24840296.0
2021-08-19,29.6031,29.9516,29.5687,29.7107,25343390.0
2021-08-20,29.6591,30.1021,29.5042,30.0806,19718114.0
2021-08-23,30.0247,30.0677,29.6375,29.6935,19877274.0
2021-08-24,29.6806,29.7064,29.302,29.4999,22947518.0
2021-08-25,29.487,29.6504,29.3278,29.5558,14628804.0
2021-08-26,29.5558,29.5687,29.4182,29.4827,14852198.0
2021-08-27,29.5128,29.6117,29.4182,29.4741,18760574.0
2021-08-30,29.4655,29.6031,29.3665,29.5171,17370386.0
2021-08-31,29.5386,29.6504,29.3579,29.4827,19970208.0
2021-09-01,29.5644,29.9688,29.5257,29.8698,24385786.0
2021-09-02,29.9387,30.1408,29.9042,30.1408,18381242.0
2021-09-03,30.0505,30.0935,29.8182,29.8913,17008348.0
2021-09-07,29.8655,29.8698,29.444,29.4956,22378772.0
2021-09-08,29.4741,30.1064,29.4096,30.0247,25666996.0
2021-09-09,29.93,30.0376,29.8354,29.8612,14565872.0
2021-09-10,29.8397,29.8741,29.4354,29.444,22154520.0
2021-09-13,29.6978,29.7279,29.3063,29.3924,21271130.0
2021-09-14,29.487,29.5816,29.2203,29.2934,23420984.0
2021-09-15,29.2504,29.4483,29.0912,29.2547,17733392.0
2021-09-16,29.2504,29.3708,28.9665,29.0095,22480010.0
2021-09-17,28.9522,29.1083,28.5362,28.5622,21619822.0
2021-09-20,28.5011,28.7612,28.1977,28.5098,34507202.0
2021-09-21,28.5922,28.7872,28.4145,28.4318,23357260.0
2021-09-22,28.5358,28.6442,28.3061,28.4145,22244412.0
2021-09-23,28.4188,28.6268,28.2368,28.2628,16829496.0
2021-09-24,28.2541,28.4448,28.1631,28.2324,17631924.0
2021-09-27,28.1847,28.4708,27.8554,27.8987,19893364.0
2021-09-28,27.8727,27.916,27.4653,27.5476,35353826.0
2021-09-29,27.6213,28.1024,27.5563,27.9074,26582882.0
2021-09-30,28.0114,28.0287,27.6473,27.6863,24949980.0
2021-10-01,27.8554,27.9074,27.591,27.6863,25537702.0
2021-10-04,27.656,28.1501,27.643,28.0677,35010386.0
2021-10-05,28.0894,28.2021,27.9637,27.9984,23785376.0
2021-10-06,27.9117,28.4535,27.7427,28.4318,29711370.0
2021-10-07,28.4838,28.7092,28.2454,28.2801,25564446.0
2021-10-08,28.2758,28.3321,28.0504,28.0721,16006796.0
2021-10-11,27.955,28.0114,27.6516,27.6907,23420388.0
2021-10-12,27.7167,27.9594,27.656,27.877,18919666.0
2021-10-13,27.8857,28.2238,27.7383,28.2021,24262486.0
2021-10-14,28.2974,28.6052,28.2281,28.5488,18964824.0
2021-10-15,28.5922,28.6918,28.4188,28.4665,24430626.0
2021-10-18,28.2714,28.3494,28.0417,28.1934,18956960.0
2021-10-19,28.4145,28.5878,28.3321,28.5488,19946844.0
2021-10-20,28.6658,29.1122,28.6355,28.9996,25171274.0
2021-10-21,29.0169,29.1166,28.9606,28.9996,14263484.0
2021-10-22,29.0776,29.1989,29.0126,29.1469,19216592.0
2021-10-25,29.1036,29.1989,28.9476,29.0212,13281720.0
2021-10-26,29.0472,29.4026,28.9996,29.1773,17685808.0
2021-10-27,29.2466,29.3203,28.9519,28.9822,20088216.0
2021-10-28,28.9562,29.1773,28.9215,29.1729,13354686.0
2021-10-29,29.1643,29.2856,28.8565,28.9996,19742914.0
2021-11-01,28.9909,29.1773,28.8999,29.1036,14522092.0
2021-11-02,29.2119,29.2683,28.9215,29.1296,17789718.0
2021-11-03,29.0819,29.1989,28.7829,29.0212,19054554.0
2021-11-04,28.9779,29.0386,28.5618,28.8609,23617166.0
2021-11-05,28.9562,29.2596,28.9259,29.1339,18966540.0
2021-11-08,29.1556,29.1729,28.5618,28.7005,17717408.0
2021-11-09,28.7525,28.9302,28.6615,28.8479,14818584.0
2021-11-10,28.8695,29.1079,28.8522,29.0819,23481058.0
2021-11-11,29.0646,29.0776,28.7525,28.9042,14258718.0
2021-11-12,28.9042,28.9649,28.7612,28.8869,16475862.0
2021-11-15,29.0082,29.2813,28.9519,29.2683,16608692.0
2021-11-16,29.2769,29.3376,29.1079,29.1296,12025430.0
2021-11-17,29.0602,29.1989,28.9129,29.1556,17547068.0
2021-11-18,29.1079,29.1643,28.9042,29.0039,13684746.0
2021-11-19,29.0299,29.2336,28.9649,29.1686,18225096.0
2021-11-22,29.1339,29.5023,29.0689,29.3463,21251896.0
2021-11-23,29.355,29.55,29.1989,29.3766,17338484.0
2021-11-24,29.3636,29.4546,29.2119,29.394,14655212.0
2021-11-26,29.1859,29.3766,28.8609,28.9345,19760892.0
2021-11-29,29.1556,29.446,28.9259,29.3636,20857176.0
2021-11-30,29.1946,29.2293,28.4795,28.5055,43555612.0
2021-12-01,28.6962,29.2466,28.5401,28.5575,42953732.0
2021-12-02,28.6398,29.1903,28.6268,28.9215,32319240.0
2021-12-03,29.0646,29.2206,28.6398,29.2119,40087258.0
2021-12-06,29.4026,29.9661,29.3896,29.6583,37392894.0
2021-12-07,29.654,29.9531,29.5847,29.8794,19091198.0
2021-12-08,29.9054,30.0527,29.6887,29.849,22597212.0
2021-12-09,29.9184,29.9791,29.6063,29.81,22107656.0
2021-12-10,29.9401,30.1134,29.8144,29.9704,20219306.0
2021-12-13,29.9531,30.4862,29.9401,30.3388,25169214.0
2021-12-14,30.2998,30.3951,30.0137,30.1568,32851612.0
2021-12-15,30.1221,30.6769,30.1221,30.6509,36915670.0
2021-12-16,30.6335,30.9933,30.5945,30.8069,27689340.0
2021-12-17,30.7057,30.8455,30.2776,30.3431,35856650.0
2021-12-20,30.0529,30.4024,29.8039,30.3718,27119110.0
2021-12-21,30.5421,30.6688,30.1665,30.3281,29021140.0
2021-12-22,30.2364,30.5028,30.2364,30.4592,15591370.0
2021-12-23,30.4766,30.612,30.4198,30.4548,11857280.0
2021-12-27,30.4679,30.6033,30.3762,30.6033,11817754.0
2021-12-28,30.647,30.8872,30.6251,30.8785,13633060.0
2021-12-29,30.9309,31.0925,30.861,31.0445,11910184.0
2021-12-30,31.1275,31.1886,30.9309,31.1581,16361676.0
2021-12-31,31.0925,31.3765,31.0314,31.2673,16880638.0
2022-01-03,31.2542,31.2629,30.5989,30.9571,37321868.0
2022-01-04,30.9746,31.2585,30.8523,30.861,26766892.0
2022-01-05,30.8392,31.193,30.813,30.8436,34923476.0
2022-01-06,30.8436,30.9702,30.4897,30.5247,33552602.0
2022-01-07,30.4635,30.9047,30.2713,30.7562,33392292.0
2022-01-10,30.73,30.7737,30.4024,30.5553,27669800.0
2022-01-11,30.529,30.6426,30.0748,30.2801,29644876.0
2022-01-12,30.184,30.4592,30.0966,30.3762,23940918.0
2022-01-13,30.3631,30.6426,30.3456,30.5247,29082596.0
2022-01-14,30.5247,30.5815,30.1621,30.315,29878182.0
2022-01-18,30.0835,30.1446,29.7166,29.9524,32830884.0
2022-01-19,29.9612,30.3543,29.9524,30.0879,28302800.0
2022-01-20,30.184,30.564,30.0922,30.1272,27256510.0
2022-01-21,30.2757,30.4329,30.0092,30.0704,45135438.0
2022-01-24,30.0354,30.1315,29.0177,29.7821,53479530.0
2022-01-25,29.3147,29.6685,29.1793,29.3147,46747490.0
2022-01-26,29.3715,29.6904,28.9128,29.0744,45194142.0
2022-01-27,29.3322,29.6991,29.188,29.3322,41655942.0
2022-01-28,29.2535,29.7122,29.0308,29.686,46488946.0
2022-01-31,29.5113,30.2757,29.4501,30.2495,42886360.0
2022-02-01,30.1665,30.3281,29.568,29.8476,37890536.0
2022-02-02,29.8258,30.3325,29.7734,30.2888,39436652.0
2022-02-03,30.2014,30.3412,30.0704,30.1534,31364050.0
2022-02-04,29.8913,30.1796,29.6117,29.9131,30987662.0
2022-02-07,29.8607,29.9918,29.686,29.8695,22475836.0
2022-02-08,29.9918,30.0879,29.817,29.8913,26798260.0
2022-02-09,30.1053,30.1752,29.9306,30.0223,28126346.0
2022-02-10,29.7253,29.8695,29.1968,29.2623,41454416.0
2022-02-11,29.389,29.6074,29.1487,29.2798,33637938.0
2022-02-14,29.3759,29.4239,28.7512,29.0308,33799664.0
2022-02-15,29.2055,29.3234,28.7643,28.8954,28899434.0
2022-02-16,28.9347,29.0876,28.6769,28.9609,30020998.0
2022-02-17,28.8298,29.1181,28.6245,28.9783,26944836.0
2022-02-18,28.8255,29.1662,28.7949,28.9259,31148778.0
2022-02-22,29.0264,29.1007,28.6988,28.8954,32283280.0
2022-02-23,28.9478,29.0351,28.3755,28.4061,32364802.0
2022-02-24,28.2227,28.69,28.0785,28.6333,53719226.0
2022-02-25,28.9172,29.5549,28.8211,29.52,39131524.0
2022-02-28,29.3409,29.7166,29.306,29.6729,31100562.0
2022-03-01,29.6117,29.8695,29.1924,29.4152,30867422.0
2022-03-02,29.4283,29.8826,29.4108,29.7734,26982114.0
2022-03-03,29.8913,30.446,29.8651,30.2975,36179818.0
2022-03-04,30.2189,30.9921,30.1578,30.9659,45682154.0
2022-03-07,31.0357,31.4376,30.7737,31.3677,54500994.0
2022-03-08,31.4507,31.6123,30.8698,30.8829,47990746.0
2022-03-09,31.1056,31.1493,30.6077,30.6645,41525482.0
2022-03-10,30.4329,30.9309,30.4111,30.8698,29679014.0
2022-03-11,30.9178,31.1231,30.7343,30.7649,22074482.0
2022-03-14,30.9877,31.1187,30.5727,30.73,36285286.0
2022-03-15,31.027,31.1886,30.8479,31.1231,25961532.0
2022-03-16,31.0838,31.2192,30.6251,31.0663,35771512.0
2022-03-17,31.0838,31.4201,31.0226,31.1974,27530000.0
2022-03-18,31.1991,31.3399,30.8606,30.9309,30068944.0
2022-03-21,30.9746,31.2868,30.9658,31.1373,30770028.0
2022-03-22,31.2561,31.2561,30.9307,31.1813,23422360.0
2022-03-23,31.1505,31.4056,30.9966,31.2253,23693028.0
2022-03-24,31.2912,31.5858,31.2253,31.5463,22291358.0
2022-03-25,31.6606,32.0168,31.5858,32.0036,25973378.0
2022-03-28,32.0344,32.2103,31.8409,32.2103,24192430.0
2022-03-29,32.1971,32.5093,32.1399,32.5093,33518084.0
2022-03-30,32.5401,32.7863,32.4389,32.7775,32173076.0
2022-03-31,32.7555,33.0414,32.7248,32.7423,30942876.0
2022-04-01,32.716,33.2216,32.5225,33.1997,32378778.0
2022-04-04,33.0633,33.0633,32.606,32.9446,24077632.0
2022-04-05,32.9578,33.5295,32.9534,33.1513,34790496.0
2022-04-06,33.2348,33.8329,33.1073,33.8109,50912756.0
2022-04-07,33.7757,33.8109,33.4195,33.7273,37562744.0
2022-04-08,33.8505,33.9604,33.5558,33.8417,31248466.0
2022-04-11,33.8637,33.912,33.3272,33.3799,41400942.0
2022-04-12,33.2876,33.6834,33.1689,33.5075,41364342.0
2022-04-13,33.5119,33.5998,33.2216,33.4415,30002894.0
2022-04-14,33.5075,33.6834,33.4107,33.4591,25728474.0
2022-04-18,33.5119,33.6878,33.1205,33.2788,27000778.0
2022-04-19,33.3756,33.5602,33.2788,33.4943,29868582.0
2022-04-20,33.8505,33.934,33.6658,33.7669,33922654.0
2022-04-21,33.6526,33.7537,33.1821,33.2085,33149672.0
2022-04-22,33.1645,33.1997,32.628,32.65,50909730.0
2022-04-25,32.7643,32.7819,31.8849,32.4257,55016332.0
2022-04-26,32.3114,32.7116,32.0871,32.1003,37686862.0
2022-04-27,32.1223,32.4213,31.8409,31.9464,46511296.0
2022-04-28,32.1003,32.4169,31.9332,32.3026,37440612.0
2022-04-29,32.1663,32.2191,31.2868,31.3352,42491876.0
2022-05-02,31.4847,31.6298,30.6228,31.0142,60770240.0
2022-05-03,31.1461,31.643,30.9878,31.1329,39687574.0
2022-05-04,31.3264,31.8849,31.1945,31.8277,49766062.0
2022-05-05,31.6166,31.8849,31.2209,31.5023,50138602.0
2022-05-06,31.3176,31.8541,31.3088,31.7529,53005512.0
2022-05-09,31.5595,31.8365,31.2517,31.5155,46802014.0
2022-05-10,31.5595,31.9904,30.7636,31.1329,62144810.0
2022-05-11,31.1065,31.8805,31.0802,31.3572,67430660.0
2022-05-12,31.322,31.4012,30.7108,31.0406,46253394.0
2022-05-13,31.322,31.4583,30.9087,31.41,28308820.0
2022-05-16,31.4231,31.643,31.2912,31.5067,21330302.0
2022-05-17,31.6562,31.8365,31.1681,31.8321,24055170.0
2022-05-18,31.9025,31.9508,31.4407,31.5243,34173500.0
2022-05-19,31.3792,31.599,31.0142,31.4583,30984818.0
2022-05-20,31.5419,31.6386,31.1109,31.5463,28980370.0
2022-05-23,31.9069,32.0696,31.6078,31.9244,24875322.0
2022-05-24,31.986,32.6236,31.7398,32.5621,29807238.0
2022-05-25,32.5972,32.6456,32.329,32.5401,25834052.0
2022-05-26,32.7335,32.8743,32.606,32.6324,21084666.0
2022-05-27,32.606,33.1425,32.4653,33.1425,21446896.0
2022-05-31,32.8347,32.9578,32.5445,32.6852,26488752.0
2022-06-01,32.8039,32.8039,32.3334,32.6324,20123550.0
2022-06-02,32.7907,32.8831,32.1267,32.8523,22620930.0
2022-06-03,32.7335,32.8962,32.6324,32.694,15795322.0
2022-06-06,32.9886,33.0941,32.7995,32.8391,17707200.0
2022-06-07,32.7555,33.0677,32.5533,33.037,16845572.0
2022-06-08,32.8918,32.8962,32.3378,32.3906,17444670.0
2022-06-09,32.373,32.5313,31.5902,31.6122,22984478.0
2022-06-10,31.3,31.6518,31.1065,31.3704,28828370.0
2022-06-13,30.9702,31.0406,29.7786,29.9281,45418594.0
2022-06-14,29.9632,30.0732,28.8419,29.1717,47335632.0
2022-06-15,29.4312,29.8093,29.0046,29.3608,45656946.0
2022-06-16,28.9958,28.9958,28.5649,28.7936,42384714.0
2022-06-17,28.84,29.0439,28.286,28.5253,37600270.0
2022-06-21,28.6252,29.2281,28.5543,29.0685,32189680.0
2022-06-22,28.9133,29.5915,28.9045,29.3743,25846332.0
2022-06-23,29.5472,30.119,29.5073,30.0658,35169324.0
2022-06-24,30.2254,30.6509,30.1057,30.5888,26412414.0
2022-06-27,30.5224,30.908,30.4027,30.8371,20265388.0
2022-06-28,30.939,31.1784,30.6819,30.7218,23709134.0
2022-06-29,30.7706,30.8637,30.5489,30.744,26373324.0
2022-06-30,30.5534,31.3158,30.5135,31.0853,32400084.0
2022-07-01,31.2449,31.9009,31.1163,31.8477,31361988.0
2022-07-05,31.7768,31.7989,30.2786,30.7617,40218808.0
2022-07-06,30.9124,31.3645,30.6686,31.0809,26193592.0
2022-07-07,31.2404,31.3424,31.0144,31.0498,15613578.0
2022-07-08,31.0277,31.0853,30.8459,30.9479,11496988.0
2022-07-11,30.8282,31.2005,30.7573,31.1429,11578484.0
2022-07-12,30.9612,31.3867,30.8592,30.9922,17358472.0
2022-07-13,30.7041,31.1961,30.6731,30.8637,22751018.0
2022-07-14,30.3672,30.908,30.2963,30.8637,17205636.0
2022-07-15,30.8947,30.9656,30.3894,30.9213,15468240.0
2022-07-18,30.8504,30.8947,30.478,30.4913,13963728.0
2022-07-19,30.6908,30.8548,30.5844,30.6864,19487878.0
2022-07-20,30.7395,30.7528,30.2387,30.2786,31171188.0
2022-07-21,30.3628,30.3716,30.0702,30.3583,24131246.0
2022-07-22,30.6021,30.8947,30.5312,30.775,17554372.0
2022-07-25,30.7262,31.1695,30.642,31.1606,15839106.0
2022-07-26,31.134,31.4443,31.0986,31.3468,16321458.0
2022-07-27,31.2005,31.462,31.1119,31.3734,18903494.0
2022-07-28,31.9275,32.5657,31.9009,32.4993,26447206.0
2022-07-29,32.4372,32.9159,32.4328,32.7785,21697142.0
2022-08-01,32.6766,32.8406,32.4638,32.814,20521394.0
2022-08-02,32.9602,33.1508,32.7209,32.7475,18447396.0
2022-08-03,32.6987,33.0312,32.189,32.9514,19501374.0
2022-08-04,32.9691,33.2617,32.8627,33.0223,13874982.0
2022-08-05,32.9336,33.0844,32.5923,32.9026,19180108.0
2022-08-08,33.1863,33.3414,32.7962,32.9514,14903884.0
2022-08-09,33.0533,33.3813,33.0312,33.3193,14224452.0
2022-08-10,33.47,33.5409,33.2218,33.4655,13314866.0
2022-08-11,33.5143,33.798,33.3636,33.4611,14329394.0
2022-08-12,33.6872,34.0107,33.6207,34.0063,13882782.0
2022-08-15,33.9398,34.3255,33.8778,34.29,11939092.0
2022-08-16,34.1925,34.5161,34.1748,34.3875,14093790.0
2022-08-17,34.2457,34.4806,34.2191,34.3299,18798076.0
2022-08-18,34.3609,34.5648,34.3343,34.4584,13812224.0
2022-08-19,34.4141,34.5958,34.2856,34.4407,15235606.0
2022-08-22,34.2767,34.3432,33.8822,33.9709,15522872.0
2022-08-23,33.9088,33.9842,33.6296,33.767,13902782.0
2022-08-24,33.7226,33.9177,33.634,33.8733,12946782.0
2022-08-25,33.9531,34.0817,33.696,34.0817,12772092.0
2022-08-26,34.095,34.2102,33.5232,33.5586,15656678.0
2022-08-29,33.3858,33.9088,33.1907,33.6606,18638144.0
2022-08-30,33.6517,33.6783,33.0445,33.1686,18422364.0
2022-08-31,33.1863,33.3902,32.9336,32.9514,19673864.0
2022-09-01,32.8228,33.4744,32.8228,33.4257,25165268.0
2022-09-02,33.5143,33.8246,32.9691,33.0666,23017556.0
2022-09-06,33.2528,33.6163,33.0666,33.1508,29838756.0
2022-09-07,33.3104,34.2368,33.2749,34.188,28939936.0
2022-09-08,34.0595,34.3875,33.9797,34.1615,22922160.0
2022-09-09,34.3654,34.4939,34.0639,34.2989,19142614.0
2022-09-12,34.3919,34.6712,34.2856,34.6269,20613584.0
2022-09-13,34.2767,34.4185,33.5409,33.7049,32286034.0
2022-09-14,33.7182,34.1703,33.6827,33.9797,20271354.0
2022-09-15,33.7138,33.7138,33.0489,33.1331,29103178.0
2022-09-16,33.0135,33.2678,32.951,33.009,27457586.0
2022-09-19,32.9114,33.4559,32.8177,33.4514,18210710.0
2022-09-20,33.2328,33.2328,32.724,32.965,20974960.0
2022-09-21,33.1792,33.4023,32.5009,32.5143,28037120.0
2022-09-22,32.4875,32.6169,32.2287,32.3983,29859450.0
2022-09-23,32.0814,32.126,31.6128,32.0234,28790824.0
2022-09-26,31.9431,31.9832,30.9345,31.2514,31488906.0
2022-09-27,31.4566,31.5057,30.5731,30.7248,32316036.0
2022-09-28,31.0818,31.2469,30.6757,31.055,40473288.0
2022-09-29,30.9256,30.9658,29.743,29.81,36921058.0
2022-09-30,29.9528,30.0688,29.1718,29.2343,39395430.0
2022-10-03,29.7118,30.2562,29.5065,30.0911,43853052.0
2022-10-04,30.3008,30.756,30.1134,30.7293,29213726.0
2022-10-05,30.3365,30.3365,29.7073,30.0465,30946294.0
2022-10-06,29.9171,29.9662,29.0245,29.0558,46519868.0
2022-10-07,28.971,29.0781,28.257,28.4533,38305646.0
2022-10-10,28.5114,28.8416,28.4578,28.5024,29568050.0
2022-10-11,28.3819,28.7702,28.2481,28.3998,30695220.0
2022-10-12,28.3552,28.4087,27.4359,27.4537,37357188.0
2022-10-13,27.0387,28.2525,26.9316,28.141,55321742.0
2022-10-14,28.4221,28.6363,27.5921,27.7349,35825530.0
2022-10-17,28.1142,28.5828,28.1142,28.315,25123340.0
2022-10-18,28.8773,28.9888,28.5471,28.8327,29330724.0
2022-10-19,28.4578,28.6497,28.2079,28.4578,23466342.0
2022-10-20,28.4667,28.4667,27.6055,27.7393,28175002.0
2022-10-21,27.842,28.4623,27.6501,28.2525,26512362.0
2022-10-24,28.4043,28.7122,28.1767,28.489,17422336.0
2022-10-25,28.5828,29.1361,28.5158,29.0602,23816470.0
2022-10-26,29.2164,29.3637,28.9219,29.0469,23249672.0
2022-10-27,29.2566,29.6091,29.1941,29.2789,21531956.0
2022-10-28,29.3905,30.1447,29.3592,30.0822,22430542.0
2022-10-31,30.0063,30.1313,29.6181,29.801,18705278.0
2022-11-01,29.9795,30.0911,29.6805,29.9171,19337114.0
2022-11-02,29.8189,30.4392,29.6136,29.627,38838344.0
2022-11-03,29.3459,30.0197,29.1852,29.7564,26054564.0
2022-11-04,29.8189,30.0599,29.4173,29.9394,21349640.0
2022-11-07,29.8814,29.9305,28.8996,29.3682,24568252.0
2022-11-08,29.4083,29.7564,29.3146,29.5734,21434814.0
2022-11-09,29.4619,29.6805,29.2834,29.3414,21930810.0
2022-11-10,30.225,30.7828,29.7787,30.7248,32188480.0
2022-11-11,30.7248,30.8051,30.0911,30.3812,27610112.0
2022-11-14,30.399,30.5641,30.0063,30.0197,18061194.0
2022-11-15,30.3365,30.5597,29.984,30.3499,23459704.0
2022-11-16,30.3633,30.7783,30.3633,30.6221,23584526.0
2022-11-17,30.2875,30.3722,29.9394,30.0866,20956070.0
2022-11-18,30.3678,30.756,30.3544,30.7248,20473518.0
2022-11-21,30.6757,30.9568,30.6489,30.8631,20126552.0
2022-11-22,31.0104,31.3183,30.9256,31.1264,13494110.0
2022-11-23,31.0372,31.4879,31.0372,31.4745,12274850.0
2022-11-25,31.5905,31.7556,31.5682,31.6575,7953642.0
2022-11-28,31.4388,31.5593,31.1978,31.3317,15886080.0
2022-11-29,31.1398,31.1666,30.9167,31.0996,16927496.0
2022-11-30,31.0416,31.9431,31.0104,31.8761,26208242.0
2022-12-01,32.1885,32.3581,31.7646,31.8494,25887756.0
2022-12-02,31.5102,31.7824,31.3808,31.6976,18787534.0
2022-12-05,31.4566,31.6396,31.3986,31.5191,19948308.0
2022-12-06,31.4745,31.7333,31.354,31.7155,22056684.0
2022-12-07,31.7423,31.9565,31.4522,31.5682,24894340.0
2022-12-08,31.5727,31.8895,31.4566,31.7735,17668728.0
2022-12-09,31.6619,31.8851,31.5771,31.6084,19119312.0
2022-12-12,31.778,32.3402,31.6575,32.3313,18601732.0
2022-12-13,32.7865,32.9293,32.0725,32.4295,19824270.0
2022-12-14,32.5411,32.8891,32.1528,32.3893,23314232.0
2022-12-15,32.2644,32.3179,31.8449,31.9966,23000010.0
2022-12-16,31.7581,31.7581,31.0563,31.4522,31947626.0
2022-12-19,31.2912,31.6286,31.1247,31.3272,17260368.0
2022-12-20,31.3092,31.5072,31.1067,31.3362,11877394.0
2022-12-21,31.5252,31.7861,31.4217,31.7726,14469442.0
2022-12-22,31.7231,31.7231,31.0573,31.5792,12454338.0
2022-12-23,31.5207,31.9256,31.5162,31.9031,10037608.0
2022-12-27,31.9751,32.1685,31.7726,32.101,10782228.0
2022-12-28,32.173,32.308,31.7411,31.7951,12994698.0
2022-12-29,31.9526,32.2045,31.9301,32.0246,10128360.0
2022-12-30,31.9931,32.0471,31.4217,31.7186,12698918.0
2023-01-03,31.8086,31.9166,31.2822,31.7186,22818612.0
2023-01-04,31.8626,32.2945,31.8086,32.0066,18221944.0
2023-01-05,31.7636,31.8851,31.2147,31.3137,17295796.0
2023-01-06,31.6691,32.0965,31.6241,31.9436,17550510.0
2023-01-09,31.9391,32.4025,31.8446,32.1595,18368896.0
2023-01-10,32.0741,32.1865,31.7906,32.1685,15341770.0
2023-01-11,32.1685,32.4745,32.164,32.4295,19136526.0
2023-01-12,32.47,32.515,32.182,32.209,19096460.0
2023-01-13,32.0741,32.2,31.8536,32.092,17530960.0
2023-01-17,32.1145,32.344,31.9931,32.0471,17534500.0
2023-01-18,32.1865,32.1865,31.2372,31.2777,24961818.0
2023-01-19,31.2642,31.2957,30.8863,30.9628,25753980.0
2023-01-20,30.9448,31.1607,30.5219,31.1472,20034150.0
2023-01-23,31.0393,31.4577,30.9043,31.1562,17209064.0
2023-01-24,31.1877,31.4082,30.7873,31.3137,17770970.0
2023-01-25,30.8548,30.9628,30.5759,30.8908,22948982.0
2023-01-26,30.7288,31.0438,30.6703,30.9943,16287812.0
2023-01-27,30.9268,31.1292,30.8053,30.9943,13958962.0
2023-01-30,30.8818,31.2057,30.8278,30.8548,12996896.0
2023-01-31,30.9403,31.0932,30.5759,31.0843,16481570.0
2023-02-01,30.9358,31.3587,30.7153,31.1382,26965760.0
2023-02-02,31.1562,31.5522,30.9133,31.2057,21860386.0
2023-02-03,30.9268,31.0483,30.1439,30.5534,22116628.0
2023-02-06,30.4409,30.8413,30.3869,30.8143,19220958.0
2023-02-07,30.6748,30.8998,30.3734,30.8008,18457486.0
2023-02-08,30.6208,30.6343,30.1304,30.2834,17338604.0
2023-02-09,30.3554,30.5219,29.8155,29.8695,16578678.0
2023-02-10,29.901,30.4904,29.865,30.4634,24087010.0
2023-02-13,30.4769,30.7243,30.4769,30.6478,12305426.0
2023-02-14,30.6163,30.8278,30.3554,30.5174,12138050.0
2023-02-15,30.3419,30.7378,30.3419,30.7153,9401170.0
2023-02-16,30.4139,30.6253,30.1529,30.4814,15893384.0
2023-02-17,30.4904,30.9538,30.3284,30.8098,18784128.0
2023-02-21,30.5849,30.6703,30.2114,30.2339,13556058.0
2023-02-22,30.2294,30.4634,30.0315,30.1169,18467394.0
2023-02-23,30.2519,30.2519,29.8245,29.9595,18119352.0
2023-02-24,29.6985,30.0765,29.5771,29.9685,21093484.0
2023-02-27,30.1169,30.4049,29.703,29.766,19824980.0
2023-02-28,29.631,29.775,29.2441,29.2441,37004784.0
2023-03-01,29.1136,29.1181,28.6232,28.7627,42811710.0
2023-03-02,28.7222,29.3251,28.6817,29.3071,28010806.0
2023-03-03,29.4241,29.8245,29.1361,29.8065,27164884.0
2023-03-06,29.8245,30.0405,29.784,29.9505,21515492.0
2023-03-07,29.9775,30.054,29.3116,29.4601,21688804.0
2023-03-08,29.4511,29.7435,29.3386,29.685,22409984.0
2023-03-09,29.766,30.0405,29.3476,29.4466,28821862.0
2023-03-10,29.5906,29.5906,28.8347,28.9832,37708890.0
2023-03-13,28.9472,30.0765,28.9067,29.4286,62361312.0
2023-03-14,29.649,30.0585,29.5231,29.8155,31147064.0
2023-03-15,29.73,30.4139,29.5861,30.2204,42102810.0
2023-03-16,30.1079,30.5983,29.991,30.4229,28422724.0
2023-03-17,30.3525,30.416,29.9038,30.1304,32246252.0
2023-03-20,30.1757,30.4657,30.1666,30.366,33341292.0
2023-03-21,30.4159,30.4521,29.3553,29.7542,47081100.0
2023-03-22,29.7134,29.872,29.1559,29.1695,33363632.0
2023-03-23,29.1786,29.4596,28.7254,28.8704,31176214.0
2023-03-24,28.9021,29.7814,28.8749,29.7723,33217674.0
2023-03-27,29.8629,30.0805,29.727,29.8086,26053552.0
2023-03-28,29.736,30.2074,29.736,29.8901,20409248.0
2023-03-29,30.0488,30.3751,30.0488,30.3252,18146684.0
2023-03-30,30.3978,30.6062,30.2844,30.4567,19004528.0
2023-03-31,30.5564,30.6923,30.3796,30.6788,20841752.0
2023-04-03,30.5654,30.6969,30.298,30.4703,20284814.0
2023-04-04,30.4521,30.6833,30.3706,30.6244,19807016.0
2023-04-05,30.7558,31.5036,30.7513,31.4175,34381186.0
2023-04-06,31.6713,31.7076,31.3178,31.6396,27054804.0
2023-04-10,31.4583,31.5852,31.141,31.5761,18582168.0
2023-04-11,31.5308,31.694,31.4492,31.6033,15378430.0
2023-04-12,31.6622,31.7982,31.4583,31.5716,21521520.0
2023-04-13,31.4311,31.6622,30.9779,31.5761,27786990.0
2023-04-14,31.3178,31.4084,31.0731,31.2226,16080774.0
2023-04-17,31.277,31.4492,31.0821,31.3948,13783244.0
2023-04-18,31.4084,31.4719,31.1138,31.2317,13701110.0
2023-04-19,31.3087,31.5671,31.2634,31.4719,18159704.0
2023-04-20,31.4991,31.5897,31.277,31.4628,13065842.0
2023-04-21,31.6668,31.7756,31.3677,31.5535,12304850.0
2023-04-24,31.5444,31.7665,31.3541,31.7121,11771562.0
2023-04-25,31.5943,31.8526,31.5852,31.6804,18836054.0
2023-04-26,31.4356,31.5353,30.9008,30.9371,26759364.0
2023-04-27,31.0277,31.3359,31.0005,31.3087,22440408.0
2023-04-28,31.2181,31.4492,31.0685,31.2634,21440118.0
2023-05-01,31.1909,31.6215,31.1637,31.3178,18013036.0
2023-05-02,31.2906,31.3722,30.7603,30.9371,20555776.0
2023-05-03,31.1093,31.2951,30.8147,30.851,21420368.0
2023-05-04,30.9054,31.209,30.6153,31.0867,24680298.0
2023-05-05,30.9824,31.3631,30.9824,31.2861,20972100.0
2023-05-08,31.2543,31.481,31.0867,31.1909,14364450.0
2023-05-09,31.1184,31.2317,30.928,31.1501,18353994.0
2023-05-10,31.345,31.5172,31.1184,31.4356,19385836.0
2023-05-11,31.4538,31.4628,30.9688,31.1138,27629708.0
2023-05-12,31.2861,31.4855,31.0957,31.2861,21828764.0
2023-05-15,31.4039,31.4492,30.7649,30.8918,22365492.0
2023-05-16,30.8555,30.9144,30.1893,30.2074,24685862.0
2023-05-17,30.3026,30.3116,29.9717,30.0986,27378900.0
2023-05-18,29.9581,30.0397,29.7406,30.008,29571102.0
2023-05-19,30.1485,30.3162,29.94,29.9627,22513028.0
2023-05-22,30.0397,30.1938,29.8629,29.9717,16870648.0
2023-05-23,29.8584,30.1621,29.7859,29.8675,21362396.0
2023-05-24,29.8267,29.9355,29.6227,29.6726,20784162.0
2023-05-25,29.6137,29.6318,29.0653,29.2738,29359760.0
2023-05-26,29.2284,29.2964,28.9746,29.2738,29336714.0
2023-05-30,29.3236,29.4732,29.1151,29.1605,27446284.0
2023-05-31,29.174,29.5593,28.9837,29.4279,30016750.0
2023-06-01,29.4822,29.523,29.029,29.2103,32656312.0
2023-06-02,29.0607,29.6273,28.9928,29.514,41511892.0
2023-06-05,29.5774,29.9763,29.514,29.6545,23095156.0
2023-06-06,29.7904,29.8403,29.5502,29.6318,22306384.0
2023-06-07,29.6545,30.2074,29.4686,30.1349,34262056.0
2023-06-08,30.1258,30.3116,29.8992,30.2663,26192710.0
2023-06-09,30.2754,30.298,30.0714,30.0896,22532292.0
2023-06-12,30.1122,30.1938,29.9128,30.0352,20366564.0
2023-06-13,29.8539,30.1349,29.804,30.0306,21554764.0
2023-06-14,30.1394,30.3706,29.9536,30.0125,25068250.0
2023-06-15,30.1258,30.4114,30.0624,30.3388,24399418.0
2023-06-16,30.4106,30.7487,30.3832,30.502,23581932.0
2023-06-20,30.4136,30.4776,30.1075,30.1441,23066824.0
2023-06-21,30.039,30.4182,29.7101,30.3862,19081810.0
2023-06-22,30.5004,30.5598,30.0664,30.1532,17637666.0
2023-06-23,30.24,30.3451,29.6689,29.7101,22894052.0
2023-06-26,29.7603,30.0938,29.6415,30.0025,16200020.0
2023-06-27,30.0253,30.1167,29.9157,30.0116,15074588.0
2023-06-28,30.0025,30.0025,29.4908,29.5684,26796076.0
2023-06-29,29.3354,29.7329,29.2715,29.5684,25735694.0
2023-06-30,29.6096,29.9294,29.5958,29.8974,24255372.0
2023-07-03,29.8334,30.1349,29.7329,30.1212,14709092.0
2023-07-05,30.0162,30.6923,29.975,30.4639,34209684.0
2023-07-06,30.2218,30.3086,29.9294,30.0938,27237822.0
2023-07-07,29.8974,30.0893,29.7969,29.8745,23066682.0
2023-07-10,29.8243,29.9248,29.509,29.7466,22645130.0
2023-07-11,29.806,30.1258,29.6964,30.1167,20697158.0
2023-07-12,30.208,30.5918,30.1532,30.5553,24283716.0
2023-07-13,30.5553,30.6695,30.441,30.6603,18170302.0
2023-07-14,30.5827,30.6786,30.368,30.5416,18262538.0
2023-07-17,30.441,30.5096,30.1715,30.1898,19304842.0
2023-07-18,30.1624,30.4228,29.6918,29.9568,33259932.0
2023-07-19,29.9796,30.441,29.9796,30.2629,23568414.0
2023-07-20,30.3451,30.8614,30.1852,30.8157,30402514.0
2023-07-21,30.939,31.4005,30.8842,31.2771,32621552.0
2023-07-24,31.3228,31.3776,31.0487,31.1949,24124152.0
2023-07-25,31.1583,31.3456,31.0624,31.2497,14011930.0
2023-07-26,31.1675,31.5969,31.1035,31.2497,20302734.0
2023-07-27,31.1263,31.2588,30.6329,30.6969,28950326.0
2023-07-28,30.8979,31.0213,30.473,30.6284,23843408.0
2023-07-31,30.7517,30.8751,30.4959,30.6421,20543988.0
2023-08-01,30.6055,30.7654,30.2492,30.2674,24194790.0
2023-08-02,30.1441,30.4091,30.0938,30.2674,26934452.0
2023-08-03,30.1761,30.1989,29.5456,29.5776,37379490.0
2023-08-04,29.6552,29.8471,29.1024,29.2349,33206296.0
2023-08-07,29.3446,29.4816,29.2212,29.2304,22664482.0
2023-08-08,29.2258,29.3811,28.9562,29.3674,27228762.0
2023-08-09,29.3537,29.6918,29.3035,29.4314,22696802.0
2023-08-10,29.5502,29.7283,29.2532,29.34,23134054.0
2023-08-11,29.3674,29.541,29.276,29.4999,22093284.0
2023-08-14,29.4816,29.4999,29.139,29.2669,19479802.0
2023-08-15,29.0979,29.1116,28.7689,28.7918,27181822.0
2023-08-16,28.9151,29.0476,28.8055,28.9197,22394906.0
2023-08-17,28.9517,29.2349,28.8374,28.8557,21265828.0
2023-08-18,28.8512,29.075,28.8237,29.0065,22603484.0
2023-08-21,28.9197,29.0019,28.5907,28.8237,21975656.0
2023-08-22,28.8055,28.9882,28.6958,28.906,25074376.0
2023-08-23,29.0613,29.0933,28.8192,29.0202,24007734.0
2023-08-24,28.9699,29.3674,28.8192,28.8512,23303266.0
2023-08-25,28.8923,29.2166,28.874,29.0704,22507996.0
2023-08-28,29.1207,29.2806,29.0065,29.0659,15889264.0
2023-08-29,29.1024,29.2623,28.9836,29.1755,21215618.0
2023-08-30,29.0796,29.2715,28.9288,29.043,20752740.0
2023-08-31,29.1573,29.1847,28.7552,28.7643,25269256.0
2023-09-01,28.9151,29.0156,28.3897,28.6181,26703360.0
2023-09-05,28.5999,28.6227,28.0242,28.1796,34204022.0
2023-09-06,28.2207,28.2755,28.0562,28.2435,31622282.0
2023-09-07,28.472,28.842,28.4126,28.6136,30498118.0
2023-09-08,28.6638,28.9151,28.5725,28.8649,28795194.0
2023-09-11,28.81,29.1344,28.81,28.9836,22248662.0
2023-09-12,28.9791,29.1024,28.7872,29.0202,20272558.0
2023-09-13,29.0339,29.4999,29.0339,29.3674,27949802.0
2023-09-14,29.5502,29.8151,29.509,29.7969,23202962.0
2023-09-15,29.7472,29.9775,29.6367,29.6689,27179988.0
2023-09-18,29.6881,29.7434,29.4394,29.6467,17166954.0
2023-09-19,29.6236,29.7296,29.4762,29.4855,21516340.0
2023-09-20,29.6052,29.8217,29.4256,29.5131,16836698.0
2023-09-21,29.4901,29.5453,29.1907,29.2045,23170264.0
2023-09-22,29.0756,29.3427,28.9558,29.1492,22847178.0
2023-09-25,28.9788,29.1308,28.7992,29.1078,22917318.0
2023-09-26,28.988,29.0203,28.159,28.2373,43034438.0
2023-09-27,28.1821,28.2511,27.6156,27.6939,47271570.0
2023-09-28,27.7998,27.855,27.0491,27.0951,71569974.0
2023-09-29,27.33,27.5511,26.9892,27.1412,41203976.0
2023-10-02,26.9846,26.9846,25.566,25.8792,101152452.0
2023-10-03,25.6766,26.2661,25.2943,26.1786,103758386.0
2023-10-04,26.3122,26.3674,25.7411,26.151,54439944.0
2023-10-05,26.0819,26.1602,25.7457,25.999,45400336.0
2023-10-06,25.6766,26.4319,25.2252,26.3674,61957014.0
2023-10-09,26.3214,26.6299,26.2108,26.6299,35020384.0
2023-10-10,26.6299,27.0076,26.6299,26.9938,56393002.0
2023-10-11,27.1458,27.4544,26.9523,27.4313,47866216.0
2023-10-12,27.2932,27.4544,26.7635,27.0076,51399350.0
2023-10-13,27.1872,27.4866,27.1181,27.3116,36810730.0
2023-10-16,27.3668,27.6939,27.155,27.5925,34672238.0
2023-10-17,27.3576,27.6939,27.3116,27.5188,34043366.0
2023-10-18,27.4912,27.657,27.1043,27.2793,42518842.0
2023-10-19,27.1918,27.4451,26.9846,27.0076,36510074.0
2023-10-20,26.9846,27.2057,26.7221,26.7267,35911790.0
2023-10-23,26.4826,26.8833,26.2707,26.501,38338126.0
2023-10-24,26.9017,27.2932,26.8188,27.1826,42538056.0
2023-10-25,27.1366,27.3899,27.026,27.3346,38067934.0
2023-10-26,27.4083,27.8136,27.3945,27.5695,42125690.0
2023-10-27,27.4498,27.6063,26.9662,27.0491,36002140.0
2023-10-30,27.1642,27.4359,26.9569,27.2563,26437932.0
2023-10-31,27.3668,27.5188,27.1734,27.4912,19056198.0
2023-11-01,27.528,27.9702,27.2609,27.8044,40840856.0
2023-11-02,27.8643,28.4722,27.8182,28.3248,47141580.0
2023-11-03,28.7578,28.8545,28.4814,28.4906,41067564.0
2023-11-06,28.5413,28.6334,28.3893,28.4169,31707084.0
2023-11-07,28.4308,28.4676,28.1636,28.2097,32038552.0
2023-11-08,28.0899,28.0991,27.6892,28.0024,39437132.0
2023-11-09,28.0531,28.1406,27.6202,27.634,29393626.0
2023-11-10,27.7583,27.8597,27.5971,27.7814,23004516.0
2023-11-13,27.7215,27.786,27.4037,27.4498,28758888.0
2023-11-14,28.0669,28.5689,28.007,28.5459,52924480.0
2023-11-15,28.4676,28.8729,28.3939,28.4584,42650676.0
2023-11-16,28.6933,28.8407,28.5874,28.6104,31710298.0
2023-11-17,28.767,28.7992,28.5275,28.6887,21577586.0
2023-11-20,28.5551,28.7117,28.2235,28.6012,25125952.0
2023-11-21,28.5781,28.7209,28.3939,28.661,18234696.0
2023-11-22,28.7624,28.8084,28.5275,28.7992,14983458.0
2023-11-24,28.7946,28.8821,28.6841,28.8729,8885838.0
2023-11-27,28.8959,28.9788,28.6887,28.919,22551550.0
2023-11-28,28.9236,29.2229,28.8084,29.0111,26108912.0
2023-11-29,29.0203,29.1354,28.6749,28.7808,32135422.0
2023-11-30,28.8637,28.942,28.6656,28.9051,26349954.0
2023-12-01,28.919,29.2644,28.7301,29.2598,26455984.0
2023-12-04,29.1216,29.3887,28.9973,29.1446,26415978.0
2023-12-05,29.1723,29.1769,28.8222,28.9374,19706760.0
2023-12-06,29.0663,29.3335,29.0249,29.3243,22910030.0
2023-12-07,29.3657,29.4716,29.1262,29.2598,19846924.0
2023-12-08,29.2137,29.3381,28.988,29.2045,21976522.0
2023-12-11,29.0525,29.4302,29.0525,29.3933,20247544.0
2023-12-12,29.4348,29.4486,29.0479,29.2736,19333252.0
2023-12-13,29.3058,30.379,29.1446,30.379,38232396.0
2023-12-14,30.5632,30.7198,29.923,29.9829,58776176.0
2023-12-15,29.6856,29.839,29.2439,29.4624,45612204.0
2023-12-18,29.5448,29.7122,29.331,29.396,27728116.0
2023-12-19,29.4983,29.6006,29.3681,29.5634,23293214.0
2023-12-20,29.5262,29.6099,28.959,28.9637,29482458.0
2023-12-21,29.0613,29.2147,28.8103,29.0148,28376008.0
2023-12-22,29.1217,29.4007,29.0567,29.1124,21444072.0
2023-12-26,29.066,29.4007,29.0567,29.2891,17559172.0
2023-12-27,29.2333,29.3263,29.1217,29.2705,16083034.0
2023-12-28,29.1775,29.5216,29.1775,29.4797,14574354.0
2023-12-29,29.4146,29.503,29.2473,29.4425,18552530.0
2024-01-02,29.317,29.94,29.2566,29.8702,27697218.0
2024-01-03,29.8609,30.0376,29.6564,29.9818,27697784.0
2024-01-04,30.0144,30.1724,29.8516,29.8888,22280238.0
2024-01-05,29.847,30.1445,29.7122,30.0004,24859016.0
2024-01-08,29.9353,30.2282,29.8423,30.2189,21648720.0
2024-01-09,30.0609,30.1073,29.9074,29.9725,26896868.0
2024-01-10,29.9725,30.1073,29.8609,29.9679,20151312.0
2024-01-11,29.8702,29.8749,29.1729,29.2705,40076380.0
2024-01-12,29.4658,29.5588,29.317,29.4379,16705182.0
2024-01-16,29.2938,29.3728,29.0474,29.1171,28313260.0
2024-01-17,28.9497,29.2147,28.4755,28.694,34983470.0
2024-01-18,28.5499,28.5778,28.2245,28.3872,34709130.0
2024-01-19,28.4151,28.4616,28.1687,28.35,26060702.0
2024-01-22,28.3407,28.5499,28.0804,28.2059,36190504.0
2024-01-23,28.2152,28.3453,28.085,28.257,37643572.0
2024-01-24,28.4523,28.4988,27.8293,27.8711,46436960.0
2024-01-25,28.2431,28.3779,27.9781,28.3732,47206872.0
2024-01-26,28.4476,28.5639,28.3639,28.4569,34133458.0
2024-01-29,28.4755,28.7498,28.3035,28.6382,24057226.0
2024-01-30,28.5685,28.801,28.3825,28.6289,33871844.0
2024-01-31,28.866,28.9916,28.4011,28.5685,50760128.0
2024-02-01,28.4476,29.1124,28.3175,29.1124,39776432.0
2024-02-02,28.7824,28.866,28.3872,28.5871,41161120.0
2024-02-05,28.3082,28.3268,27.9781,27.992,35944862.0
2024-02-06,27.9781,28.1873,27.8897,28.0943,25433966.0
2024-02-07,28.2059,28.2663,27.9641,28.1129,21597628.0
2024-02-08,27.9874,28.0478,27.6666,27.913,37878772.0
2024-02-09,27.834,28.0478,27.7782,28.0199,26399392.0
2024-02-12,28.0199,28.3686,27.9502,28.3453,23152854.0
2024-02-13,28.1873,28.3314,27.4946,27.8758,41578500.0
2024-02-14,27.9781,28.0943,27.82,28.0292,29211746.0
2024-02-15,28.1175,28.522,28.1175,28.4988,31701220.0
2024-02-16,28.3314,28.601,28.1873,28.4662,27097546.0
2024-02-20,28.4151,28.7731,28.3872,28.4476,20533296.0
2024-02-21,28.6336,28.8614,28.4941,28.8242,28599134.0
2024-02-22,28.5964,28.7219,28.3825,28.601,29357546.0
2024-02-23,28.6615,28.9404,28.5871,28.8056,22135930.0
2024-02-26,28.6661,28.6847,28.1826,28.2384,23130200.0
2024-02-27,28.4058,28.7824,28.2896,28.7731,24980656.0
2024-02-28,28.7405,28.9032,28.6754,28.8614,21005274.0
2024-02-29,28.973,29.1124,28.7359,28.8707,27033286.0
2024-03-01,28.7824,28.787,28.3407,28.694,39543666.0
2024-03-04,28.5592,29.2194,28.5592,29.1775,30462414.0
2024-03-05,29.2659,29.7401,28.973,29.0938,43369726.0
2024-03-06,29.3031,29.5216,29.2333,29.3728,28936756.0
2024-03-07,29.6145,29.6889,29.5076,29.5634,18789144.0
2024-03-08,29.6471,29.7261,29.3914,29.6378,24401306.0
2024-03-11,29.5959,29.8516,29.4797,29.7866,18581614.0
2024-03-12,29.7261,29.7401,29.3124,29.4983,25705540.0
2024-03-13,29.7308,29.9632,29.6331,29.6982,21327006.0
2024-03-14,29.6331,29.7494,29.2519,29.4611,26098038.0
2024-03-15,29.367,29.6623,29.3389,29.503,30352688.0
2024-03-18,29.5403,29.8262,29.3668,29.6387,21168140.0
2024-03-19,29.709,29.9293,29.6247,29.9012,18160870.0
2024-03-20,29.8496,30.0934,29.7653,29.9387,27833638.0
2024-03-21,30.0184,30.2246,29.8778,29.8918,29855996.0
2024-03-22,30.084,30.1356,29.8965,29.934,16976180.0
2024-03-25,30.0184,30.0934,29.8871,30.0746,18635916.0
2024-03-26,30.1075,30.1965,29.709,29.7325,26446648.0
2024-03-27,29.9528,30.5621,29.92,30.5621,28357990.0
2024-03-28,30.5575,30.8246,30.4778,30.7731,21873460.0
2024-04-01,30.7778,30.8106,30.3887,30.5856,19629838.0
2024-04-02,30.5153,30.8153,30.5012,30.6371,27153454.0
2024-04-03,30.6325,30.7168,30.4028,30.5153,23019396.0
2024-04-04,30.7543,30.8434,30.2434,30.4543,25842548.0
2024-04-05,30.2575,30.6278,30.1075,30.5434,28596034.0
2024-04-08,30.5481,30.7965,30.5059,30.745,16878086.0
2024-04-09,30.8106,30.9746,30.7168,30.9137,20508568.0
2024-04-10,30.295,30.5012,30.1168,30.384,33375522.0
2024-04-11,30.5575,30.595,30.1168,30.3231,21862386.0
2024-04-12,30.3793,30.4684,29.9481,30.0934,36129634.0
2024-04-15,30.2996,30.4262,29.6997,29.8168,24726354.0
2024-04-16,29.7231,29.7559,29.32,29.4231,29643658.0
2024-04-17,29.6153,30.1121,29.559,30.0371,24736442.0
2024-04-18,30.1403,30.309,29.9153,30.2059,18834012.0
2024-04-19,30.2856,30.7356,30.2481,30.67,32299286.0
2024-04-22,30.6887,31.0356,30.4778,30.9512,19659040.0
2024-04-23,30.9371,31.2934,30.8621,31.0965,18083024.0
2024-04-24,30.8153,31.3871,30.6606,31.284,22539092.0
2024-04-25,31.209,31.4949,30.9324,31.3684,27959952.0
2024-04-26,31.3684,31.4106,31.0121,31.0262,22047372.0
2024-04-29,31.2418,31.509,31.2137,31.4481,20179494.0
2024-04-30,31.2746,31.5278,31.0684,31.284,25202812.0
2024-05-01,31.2793,31.9309,31.1574,31.6449,37955254.0
2024-05-02,31.7762,31.8934,31.5231,31.8137,25123636.0
2024-05-03,32.0621,32.1699,31.7809,32.0668,26172738.0
2024-05-06,32.1652,32.2684,31.9684,32.2309,18477146.0
2024-05-07,32.3668,32.6246,32.2965,32.5965,25525586.0
2024-05-08,32.5262,32.9574,32.4465,32.9387,24740614.0
2024-05-09,32.9152,33.473,32.8449,33.4402,38086042.0
2024-05-10,33.6277,33.6793,33.3137,33.4074,31742446.0
2024-05-13,33.5199,33.6887,33.3418,33.4074,18775588.0
2024-05-14,33.5527,33.5996,33.309,33.4965,20413592.0
2024-05-15,33.8434,34.0918,33.7871,33.998,23575072.0
2024-05-16,34.0168,34.1762,33.8293,33.8809,22827134.0
2024-05-17,33.8387,33.9887,33.7215,33.909,18175870.0
2024-05-20,33.984,33.984,33.7777,33.8527,10954048.0
2024-05-21,33.834,34.1715,33.8199,34.1574,12961632.0
2024-05-22,33.9699,34.0918,33.7215,33.7543,16602718.0
2024-05-23,33.7027,33.7027,33.1637,33.1824,24075088.0
2024-05-24,33.2668,33.6465,33.2059,33.5152,13646452.0
2024-05-28,33.548,33.684,33.4121,33.4824,13848952.0
2024-05-29,33.1918,33.234,32.9246,33.0512,24499924.0
2024-05-30,33.159,33.5199,33.098,33.4965,15582304.0
2024-05-31,33.609,34.1199,33.4637,34.0871,20048672.0
2024-06-03,34.0309,34.0637,33.5762,33.698,32488882.0
2024-06-04,33.6137,33.8012,33.3137,33.684,26191402.0
2024-06-05,33.6465,33.6746,33.4309,33.4918,14506008.0
2024-06-06,33.4168,33.6137,33.098,33.1449,15315930.0
2024-06-07,32.859,33.1215,32.7699,32.784,14069572.0
2024-06-10,32.7793,33.2621,32.6902,33.2059,16487738.0
2024-06-11,32.9246,33.0512,32.7231,33.0043,19950326.0
2024-06-12,33.4215,33.4262,32.6809,32.7887,20921528.0
2024-06-13,32.8402,32.9856,32.5215,32.8637,18953918.0
2024-06-14,32.6715,32.8262,32.5356,32.784,13570278.0
2024-06-17,32.6106,32.6856,32.3902,32.4231,18047984.0
2024-06-18,32.1606,32.4512,32.1324,32.4371,18200026.0
2024-06-20,32.5402,32.7887,32.4324,32.7184,18943102.0
2024-06-21,32.8428,32.8806,32.5026,32.5262,15743548.0
2024-06-24,32.5191,33.0625,32.4955,32.9538,14349824.0
2024-06-25,32.8877,32.9774,32.538,32.6419,16738194.0
2024-06-26,32.5191,32.5758,32.3112,32.5049,11586874.0
2024-06-27,32.5333,32.6041,32.3395,32.5616,9070184.0
2024-06-28,32.5616,32.6041,32.0466,32.1978,19912218.0
2024-07-01,32.5333,32.59,31.9379,31.9757,13802956.0
2024-07-02,32.0513,32.2025,31.9993,32.1411,14430498.0
2024-07-03,32.1883,32.5616,32.1269,32.3348,11292466.0
2024-07-05,32.3868,32.5285,32.2403,32.3915,10671384.0
2024-07-08,32.4199,32.5285,32.297,32.4246,11308284.0
2024-07-09,32.4246,32.7932,32.3915,32.5191,18477728.0
2024-07-10,32.6419,32.8357,32.3962,32.8262,10967004.0
2024-07-11,32.9916,33.5161,32.9774,33.4263,25493096.0
2024-07-12,33.5445,33.8941,33.398,33.6721,13726952.0
2024-07-15,33.294,33.398,32.7979,32.8546,24709470.0
2024-07-16,33.053,33.1665,32.9538,33.1097,12491282.0
2024-07-17,33.0767,33.5492,32.9916,33.1286,20469396.0
2024-07-18,33.0861,33.4216,33.0436,33.1003,11085114.0
2024-07-19,33.1617,33.2421,32.9396,33.1381,9470934.0
2024-07-22,33.3129,33.4925,33.1995,33.4169,10699322.0
2024-07-23,33.3507,33.4169,33.1854,33.209,9172626.0
2024-07-24,33.4452,33.7146,33.2421,33.5823,16626754.0
2024-07-25,33.7382,33.9178,33.1617,33.3035,19433154.0
2024-07-26,33.5681,33.6957,33.4405,33.6295,11643444.0
2024-07-29,33.7571,33.8894,33.483,33.7807,12326636.0
2024-07-30,33.7146,33.9839,33.6721,33.9556,12763538.0
2024-07-31,34.4328,34.4706,34.0642,34.395,17422818.0
2024-08-01,34.4612,35.0613,34.4186,35.014,24716740.0
2024-08-02,35.4582,35.7039,34.5887,35.0707,39789544.0
2024-08-05,35.255,35.255,34.1068,34.1446,32965062.0
2024-08-06,34.2769,34.8297,34.2533,34.4328,24158000.0
2024-08-07,34.7163,35.0329,34.4942,34.6265,21071386.0
2024-08-08,34.4942,34.877,34.395,34.6644,20283156.0
2024-08-09,34.7494,34.8297,34.1824,34.7825,13537854.0
2024-08-12,34.7919,34.8628,34.584,34.8439,11801526.0
2024-08-13,34.9904,35.0802,34.8345,35.0471,12595242.0
2024-08-14,34.9668,35.2314,34.7636,35.0235,12847624.0
2024-08-15,34.8203,35.1227,34.7022,35.0187,16337684.0
2024-08-16,35.0565,35.2975,34.9053,35.1747,11194030.0
2024-08-19,35.2078,35.4298,35.1794,35.4062,9677940.0
2024-08-20,35.4062,35.5243,35.2928,35.3306,10180810.0
2024-08-21,35.3259,35.6897,35.3259,35.581,11384554.0
2024-08-22,35.6188,35.6945,35.392,35.5385,12655244.0
2024-08-23,35.6614,35.8079,35.5338,35.6378,12416936.0
2024-08-26,35.7606,36.0158,35.7512,35.8693,11232406.0
2024-08-27,35.7937,35.9213,35.5669,35.5858,11393340.0
2024-08-28,35.6945,35.8929,35.5574,35.5858,8443622.0
2024-08-29,35.7039,35.8126,35.3542,35.7795,10649920.0
2024-08-30,35.8457,36.1008,35.7134,36.0488,12636608.0
2024-09-03,36.0583,36.2568,35.8835,35.9969,18512600.0
2024-09-04,36.1717,36.5781,36.1244,36.304,23313760.0
2024-09-05,36.5781,36.6253,36.1055,36.2142,12835676.0
2024-09-06,36.2946,36.3702,35.8646,35.8693,15583366.0
2024-09-09,36.0252,36.2379,35.8173,36.2331,11267812.0
2024-09-10,36.2993,36.5592,36.1764,36.4032,20029242.0
2024-09-11,36.408,36.5544,35.9827,36.5166,17699326.0
2024-09-12,36.597,36.6631,36.3702,36.597,15952800.0
2024-09-13,36.7198,37.1215,36.5781,37.112,13722082.0
2024-09-16,37.2302,37.4995,37.1309,37.3955,16752072.0
2024-09-17,37.4144,37.5089,37.2443,37.3672,19841256.0
2024-09-18,37.301,37.405,36.923,37.0837,39242336.0
2024-09-19,36.9655,37.0364,36.5639,36.8663,35107862.0
2024-09-20,37.3402,37.9206,37.2736,37.8397,36067962.0
2024-09-23,38.0725,38.2486,37.9346,38.2153,18332552.0
2024-09-24,38.0012,38.4246,37.8632,37.9441,22519492.0
2024-09-25,38.1534,38.2581,37.8109,38.1439,13497756.0
2024-09-26,38.0725,38.239,37.7776,37.8822,16349370.0
2024-09-27,38.0392,38.3627,38.0012,38.2581,12086618.0
2024-09-30,38.3342,38.4531,37.9917,38.4293,15692204.0
2024-10-01,38.3865,38.7956,38.1534,38.7386,21519064.0
2024-10-02,38.4388,38.8289,38.4246,38.7576,13678404.0
2024-10-03,38.9717,39.0383,38.6482,38.7433,20919956.0
2024-10-04,38.3818,38.7243,38.2866,38.6815,21445806.0
2024-10-07,38.553,38.5768,37.6872,37.7919,31521924.0
2024-10-08,37.9584,38.0773,37.8061,37.8109,22964046.0
2024-10-09,37.7062,37.8204,37.2733,37.4874,29898020.0
2024-10-10,37.5254,37.8204,37.3542,37.3732,22981886.0
2024-10-11,37.2495,37.7015,37.1306,37.7015,16106076.0
2024-10-14,37.7586,38.2105,37.6872,38.1772,15276924.0
2024-10-15,38.3437,38.6291,38.3009,38.3485,23006366.0
2024-10-16,38.5387,39.1857,38.3627,39.1096,16363758.0
2024-10-17,39.2381,39.2476,38.7338,38.7623,19286474.0
2024-10-18,38.729,39.005,38.5578,38.9859,10527850.0
2024-10-21,39.0763,39.1905,38.6767,38.8337,11292996.0
2024-10-22,38.572,38.7766,38.3865,38.6957,14689118.0
2024-10-23,38.7243,39.0811,38.6529,39.0668,17025812.0
2024-10-24,39.0716,39.1524,38.6815,38.8147,9536256.0
2024-10-25,39.0097,39.043,38.2105,38.239,15352608.0
2024-10-28,38.4436,38.7338,38.3532,38.5387,11508274.0
2024-10-29,38.1106,38.1153,37.7062,37.7157,24149978.0
2024-10-30,37.8632,37.9346,37.5587,37.6253,18174770.0
2024-10-31,37.7205,38.2961,37.692,38.0154,23985454.0
2024-11-01,38.0107,38.1249,37.1353,37.1686,26050852.0
2024-11-04,36.7976,36.9926,36.5264,36.7262,23702646.0
2024-11-05,36.7072,37.2781,36.5978,37.2781,15132518.0
2024-11-06,36.7976,37.0545,36.5454,36.8927,27959916.0
2024-11-07,37.0783,37.3304,36.7643,36.9593,33046122.0
2024-11-08,37.1449,37.749,37.1163,37.6682,25257828.0
2024-11-11,37.6729,37.9964,37.5873,37.7728,20718972.0
2024-11-12,37.6586,37.7443,37.1591,37.3399,15421912.0
2024-11-13,37.5825,37.5968,37.1163,37.2733,12797294.0
2024-11-14,37.3209,37.5112,37.0878,37.1449,14863514.0
2024-11-15,37.1734,37.749,37.102,37.7015,19479074.0
2024-11-18,37.6682,38.1344,37.6206,38.0297,12581984.0
2024-11-19,37.887,38.2771,37.7062,38.2723,9620900.0
2024-11-20,38.3437,38.4721,38.1011,38.2914,9418466.0
2024-11-21,38.3485,39.005,38.1629,38.9574,13182758.0
2024-11-22,39.0811,39.1382,38.7338,38.7481,13087938.0
2024-11-25,39.0573,39.1286,38.5292,38.8194,11826510.0
2024-11-26,38.9288,39.4617,38.8289,39.4379,14682254.0
2024-11-27,39.5568,39.6805,39.3951,39.4379,13338536.0
2024-11-29,39.5663,39.5949,39.3665,39.4521,7836182.0
2024-12-02,39.4474,39.4617,38.5911,38.6053,18348788.0
2024-12-03,38.8385,38.9621,38.2628,38.2723,15293178.0
2024-12-04,38.3913,38.4864,38.1201,38.2676,20535938.0
2024-12-05,38.3104,38.6006,38.2105,38.3865,11390418.0
2024-12-06,38.4055,38.4959,37.8394,37.9108,11463450.0
2024-12-09,37.9108,37.9631,37.4113,37.4351,16058748.0
2024-12-10,37.3732,37.3732,36.8642,37.1639,16920510.0
2024-12-11,37.2162,37.2923,36.8642,36.9308,11761648.0
2024-12-12,37.1068,37.2257,36.8785,36.9118,12071278.0
2024-12-13,36.9736,37.1306,36.8737,36.9355,10179996.0
2024-12-16,36.9688,37.064,36.6263,36.6406,12789040.0
2024-12-17,36.4122,36.6406,36.3409,36.4884,12530066.0
2024-12-18,36.4646,36.5169,35.6035,35.6273,21152370.0
2024-12-19,35.6701,36.1934,35.6511,35.789,20870570.0
2024-12-20,35.578,36.4415,35.5301,36.3599,18192838.0
2024-12-23,36.2678,36.5124,35.9129,36.4837,11614254.0
2024-12-24,36.4837,36.6947,36.3733,36.6851,6190482.0
2024-12-26,36.5316,36.6995,36.4501,36.5988,7823532.0
2024-12-27,36.4069,36.5988,36.2582,36.4933,10677290.0
2024-12-30,36.3302,36.4309,36.004,36.3398,11915580.0
2024-12-31,36.4117,36.522,36.1335,36.3062,9915466.0
2025-01-02,36.57,36.7715,36.3206,36.5844,18490236.0
2025-01-03,36.7955,37.1696,36.6372,36.9729,14901546.0
2025-01-06,36.9441,37.0017,36.4357,36.5604,20702808.0
2025-01-07,36.6851,36.8434,36.3733,36.4693,18881790.0
2025-01-08,36.4069,36.4981,35.8601,36.4597,22996532.0
2025-01-10,36.5796,36.8578,36.0807,36.2534,26950494.0
2025-01-13,36.2151,36.2534,35.4524,35.8313,21721492.0
2025-01-14,35.9704,36.4117,35.8745,36.3014,16371342.0
2025-01-15,36.9346,37.1984,36.7907,36.8338,17844062.0
2025-01-16,36.8146,37.7788,36.8002,37.7644,26395170.0
2025-01-17,37.7404,37.9898,37.6205,37.8171,12049654.0
2025-01-21,38.2441,38.5894,38.1433,38.3975,17947992.0
2025-01-22,38.4407,38.5031,37.5437,37.5677,20073232.0
2025-01-23,37.7068,38.0186,37.6397,37.7452,17082324.0
2025-01-24,37.6876,38.2393,37.6061,38.1289,13196150.0
2025-01-27,37.3806,37.4574,36.3685,37.2463,36321934.0
2025-01-28,37.2272,37.2272,36.4069,36.7331,24417994.0
2025-01-29,36.7235,37.232,36.6851,36.8098,15386208.0
2025-01-30,37.2367,37.6349,37.2032,37.5773,15496844.0
2025-01-31,37.6109,37.6445,37.2703,37.3567,16206212.0
2025-02-03,36.8626,37.6972,36.805,37.5581,24476076.0
2025-02-04,37.3423,37.4046,36.853,37.2272,16916828.0
2025-02-05,37.5965,37.8555,37.2895,37.6013,13451078.0
2025-02-06,37.7644,37.7644,37.2895,37.5581,10427074.0
2025-02-07,37.5485,37.8171,37.4334,37.4814,12267704.0
2025-02-10,37.5869,37.9035,37.3759,37.8891,9153104.0
2025-02-11,37.7404,38.1002,37.4238,38.081,8674230.0
2025-02-12,37.5917,38.1049,37.4238,38.0138,12308404.0
2025-02-13,38.0858,38.1769,37.8651,38.1002,13150938.0
2025-02-14,38.1002,38.388,37.9131,37.9419,11917352.0
2025-02-18,38.1002,38.3592,37.9706,38.2968,12154250.0
2025-02-19,38.2536,38.6134,38.2153,38.4983,10182062.0
2025-02-20,38.3736,38.5846,38.033,38.4935,13800912.0
2025-02-21,38.4983,38.6278,38.316,38.5031,11715008.0
2025-02-24,38.6134,38.6182,38.1385,38.3112,12541228.0
2025-02-25,38.0858,38.1961,37.5677,38.1193,18780946.0
2025-02-26,38.1913,38.6134,38.0666,38.2776,12818820.0
2025-02-27,38.1721,38.2584,37.3902,37.4286,20932750.0
2025-02-28,37.6732,38.0138,37.4718,37.9994,16377786.0
2025-03-03,37.961,38.1721,37.798,38.0522,14600340.0
2025-03-04,38.0522,38.2536,37.3759,37.4334,19453372.0
2025-03-05,37.1552,37.4334,36.8626,37.1696,16899272.0
2025-03-06,36.8818,36.9154,36.2918,36.3973,20842142.0
2025-03-07,36.4789,37.2367,36.3733,37.0737,19089580.0
2025-03-10,36.9441,37.5917,36.9441,37.4814,32097188.0
2025-03-11,37.4622,37.6061,36.9346,37.1312,21621708.0
2025-03-12,37.1264,37.3423,36.7907,37.0161,14604498.0
2025-03-13,37.1408,37.2607,36.8722,37.1072,13481180.0
2025-03-14,37.2176,37.8747,37.0833,37.8315,14847948.0
2025-03-17,37.8219,38.2105,37.6349,37.9898,15661622.0
2025-03-18,37.7644,37.8315,37.4814,37.726,14992974.0
2025-03-19,37.7116,37.9179,37.6109,37.8651,13626028.0
2025-03-20,37.8699,38.0762,37.7884,38.0186,11625378.0
2025-03-21,37.8706,38.0542,37.5373,37.774,11585680.0
2025-03-24,37.9213,38.2208,37.7281,37.7619,10811412.0
2025-03-25,37.7233,37.7329,36.9793,37.1581,16831892.0
2025-03-26,37.1629,37.4914,37.1629,37.4044,12986504.0
2025-03-27,37.3706,37.7039,37.2788,37.3948,11164750.0
2025-03-28,37.6218,37.9068,37.5542,37.6701,16494060.0
2025-03-31,37.7281,38.245,37.7184,38.0904,18427388.0
2025-04-01,38.0662,38.2981,37.815,38.187,14676190.0
2025-04-02,38.158,38.4527,37.9648,38.3657,10443140.0
2025-04-03,38.3174,38.7474,38.0759,38.1242,31788234.0
2025-04-04,38.274,38.3029,35.7668,36.0035,55695626.0
2025-04-07,35.4528,36.5397,34.6702,35.4528,63897976.0
2025-04-08,36.0856,36.3417,34.8973,35.3079,35650760.0
2025-04-09,35.0084,36.7958,34.3079,36.6991,62251392.0
2025-04-10,36.4238,36.8489,35.6654,36.4238,38499936.0
2025-04-11,36.4045,36.9986,35.9552,36.8682,24559144.0
2025-04-14,37.1581,37.6556,36.9407,37.53,16690922.0
2025-04-15,37.6121,37.8585,37.4769,37.5252,12821750.0
2025-04-16,37.617,37.7619,37.0614,37.187,15010950.0
2025-04-17,37.332,38.0421,37.332,37.5687,16240788.0
2025-04-21,37.3996,37.4431,36.245,36.6798,17513384.0
2025-04-22,37.1097,37.7619,37.0373,37.6798,19070612.0
2025-04-23,38.0517,38.2643,37.4962,37.8392,23601740.0
2025-04-24,37.8102,38.0711,37.5397,37.8972,12074298.0
2025-04-25,37.931,37.9551,37.6121,37.7812,12147838.0
2025-04-28,37.8005,38.0904,37.5397,38.0131,9340158.0
2025-04-29,37.96,38.3706,37.8005,38.3078,11066534.0
2025-04-30,38.158,38.245,37.4527,38.1145,15079926.0
2025-05-01,38.443,38.7087,38.1001,38.2257,14569846.0
2025-05-02,38.3657,38.6411,38.1532,38.5252,13509280.0
2025-05-05,38.4672,38.5445,38.0517,38.4285,12381662.0
2025-05-06,38.472,39.1676,38.3996,38.8971,16716118.0
2025-05-07,38.8295,39.2353,38.6942,39.0082,16499002.0
2025-05-08,39.0131,39.1242,38.6363,38.6942,18839816.0
2025-05-09,38.7957,38.8053,38.5107,38.7619,14732436.0
2025-05-12,38.9454,39.042,38.3561,38.53,22415516.0
2025-05-13,38.472,38.7764,38.2643,38.4768,20122246.0
2025-05-14,38.3609,38.4092,37.7329,38.3078,19768052.0
2025-05-15,38.4624,39.2304,38.4382,39.1242,22642372.0
2025-05-16,39.1532,39.7135,39.0855,39.699,17691346.0
2025-05-19,39.3657,39.8874,39.356,39.8681,13920216.0
2025-05-20,39.8295,40.1193,39.8053,39.984,15304718.0
2025-05-21,39.8536,39.9309,39.1773,39.2546,17381760.0
2025-05-22,38.9213,38.9213,38.2401,38.6942,24339566.0
2025-05-23,38.9551,39.1918,38.501,39.158,18731818.0
2025-05-27,39.4623,39.5541,39.1483,39.4527,15777448.0
2025-05-28,39.4285,39.4478,38.7329,38.902,18236812.0
2025-05-29,38.9213,39.2353,38.7474,39.1725,18186428.0
2025-05-30,39.0952,39.6411,39.0227,39.5734,18083712.0
2025-06-02,39.4044,39.7522,39.2449,39.699,23194182.0
2025-06-03,40.1773,40.1773,39.4865,39.8053,24883894.0
2025-06-04,39.6749,39.7377,39.1097,39.1097,29694232.0
2025-06-05,39.2208,39.2208,38.9648,39.0469,18451844.0
2025-06-06,39.2449,39.2884,38.8826,39.2208,18259018.0
2025-06-09,39.1532,39.3029,38.902,38.9696,22078252.0
2025-06-10,39.071,39.1532,38.7667,39.0614,22371154.0
2025-06-11,39.1773,39.2353,38.9551,39.0855,18686574.0
2025-06-12,39.1097,39.5831,39.0904,39.5589,17071222.0
2025-06-13,39.5251,39.5686,39.216,39.3319,22457044.0
2025-06-16,39.5251,39.7377,38.9454,39.1387,23900180.0
2025-06-17,39.0807,39.1773,38.5396,38.815,25005744.0
2025-06-18,38.9068,39.1097,38.7136,38.9164,19521788.0
2025-06-20,38.9984,39.3438,38.9692,39.0227,26108200.0
2025-06-23,39.2258,39.5809,39.1431,39.5176,23026812.0
2025-06-24,39.5614,39.7997,39.4884,39.6879,15655868.0
2025-06-25,39.5565,39.5954,39.0847,39.1577,23840578.0
2025-06-26,39.2306,39.503,39.1528,39.4836,16036742.0
2025-06-27,39.5857,39.8824,39.4398,39.5614,21169916.0
2025-06-30,39.3717,39.7657,39.2452,39.7219,18972786.0
2025-07-01,39.7073,39.8873,39.2452,39.8581,35354210.0
2025-07-02,39.7122,39.8922,39.323,39.5128,19089870.0
2025-07-03,39.5322,39.97,39.4641,39.8095,11972882.0
2025-07-07,39.7219,39.9214,39.6392,39.8922,18054146.0
2025-07-08,39.6149,39.6149,39.0798,39.469,40877752.0
2025-07-09,39.6246,39.9165,39.3425,39.8387,35606228.0
2025-07-10,39.7025,40.2424,39.5809,40.1646,25213456.0
2025-07-11,39.8435,40.2619,39.7316,40.1062,18910598.0
2025-07-14,40.077,40.3981,39.8581,40.2667,21185662.0
2025-07-15,40.2619,40.2619,39.6781,39.8824,23483500.0
2025-07-16,39.9068,40.0624,39.5857,39.9019,19923980.0
2025-07-17,39.863,40.1889,39.8095,40.0673,16657298.0
2025-07-18,40.1986,40.8796,40.1451,40.7386,25157940.0
2025-07-21,40.8407,41.118,40.7045,40.8699,16501700.0
2025-07-22,41.0256,41.3952,40.9137,41.3709,20016540.0
2025-07-23,41.7406,41.8428,40.8894,41.0596,34930696.0
2025-07-24,41.1131,41.2007,40.8991,41.0061,18522838.0
2025-07-25,41.0693,41.1569,40.9137,41.1131,14085686.0
2025-07-28,41.1082,41.118,40.5683,40.6753,19702522.0
2025-07-29,40.831,41.1666,40.7434,41.1423,15818184.0
2025-07-30,41.2639,41.8184,41.225,41.4487,24086754.0
2025-07-31,41.3223,41.7357,41.2882,41.6725,24673240.0
2025-08-01,41.6239,41.9595,41.3028,41.7357,31043586.0
2025-08-04,41.94,42.5919,41.8525,42.4751,22153626.0
2025-08-05,42.4897,42.6454,41.8963,42.0227,17826498.0
2025-08-06,42.086,42.1006,41.6093,41.6482,19606112.0
2025-08-07,41.512,42.2173,41.4342,42.1006,21401252.0
2025-08-08,42.2173,42.2951,41.8184,41.9206,15731960.0
2025-08-11,42.0276,42.0616,41.5849,41.7892,16371722.0
2025-08-12,41.9254,41.979,41.5947,41.9692,17518186.0
2025-08-13,42.0276,42.0908,41.6725,42.0616,19043078.0
2025-08-14,41.906,42.0325,41.726,41.7698,15458266.0
2025-08-15,41.7066,41.8768,41.3904,41.6482,24744000.0
2025-08-18,41.7114,41.8671,41.4098,41.4682,13886372.0
2025-08-19,41.4828,41.8914,41.4098,41.8719,14009798.0
2025-08-20,41.94,42.1833,41.7601,41.9157,17414568.0
2025-08-21,41.9206,42.1346,41.5071,41.6287,13505422.0
2025-08-22,41.9157,42.0957,41.726,41.8525,16741612.0
2025-08-25,41.7114,41.833,41.3369,41.3806,14419888.0
2025-08-26,41.4196,41.5655,41.225,41.4731,15075918.0
2025-08-27,41.4731,41.5801,41.3515,41.4828,14336442.0
2025-08-28,41.512,41.5266,41.1034,41.1666,13624534.0
2025-08-29,41.1423,41.2299,40.9477,41.0158,14588430.0
2025-09-02,40.8602,40.9283,40.6218,40.8796,16818824.0
2025-09-03,40.7386,40.8553,40.5586,40.7775,15053242.0
2025-09-04,41.0693,41.1715,40.5099,40.7288,19684116.0
2025-09-05,40.8358,40.9331,40.2813,40.6024,22609446.0
2025-09-08,40.6024,40.6461,40.0332,40.1889,23884272.0
2025-09-09,40.1792,40.6024,40.1013,40.4662,22717752.0
2025-09-10,40.6121,41.2299,40.6072,41.1618,28349312.0
2025-09-11,41.1082,41.4098,41.0499,41.3806,20516286.0
2025-09-12,41.2639,41.7114,41.1909,41.5898,16398702.0
2025-09-15,41.5947,41.8817,41.5898,41.6871,20270254.0
2025-09-16,41.6141,41.6287,40.9088,40.9283,18612544.0
2025-09-17,41.1958,41.3806,40.9429,41.0304,16789232.0
2025-09-18,40.9575,41.3223,40.7726,41.0596,20275202.0
2025-09-19,41.1607,41.4888,40.9403,41.3223,17634168.0
2025-09-22,41.3408,41.8158,41.2428,41.7228,16239712.0
2025-09-23,41.6591,42.0068,41.5807,41.9382,15020366.0
2025-09-24,42.0166,42.3104,41.8942,42.2369,14799280.0
2025-09-25,42.1978,42.2859,41.8256,41.8305,15285400.0
2025-09-26,41.9725,42.5259,41.9333,42.5112,13277490.0
2025-09-29,42.4916,42.7022,42.1929,42.6336,14520352.0
2025-09-30,42.6875,42.8736,42.3985,42.7071,18889932.0
2025-10-01,42.7903,43.2115,42.7364,43.1184,24929498.0
2025-10-02,43.0058,43.0547,42.7218,43.0401,19579662.0
2025-10-03,43.1723,43.9411,43.138,43.5396,21695796.0
2025-10-06,43.7942,44.0097,43.4955,43.9607,16108232.0
2025-10-07,44.1419,44.3525,44.0244,44.1615,25404514.0
2025-10-08,44.4749,44.5288,44.1321,44.4651,16455796.0
2025-10-09,44.612,44.7442,44.2643,44.3525,18743614.0
2025-10-10,44.4994,44.7442,44.1223,44.1713,18406650.0
2025-10-13,44.2007,44.7148,44.1811,44.5092,13644710.0
2025-10-14,44.4308,45.0527,44.3574,44.9058,14261858.0
2025-10-15,45.1066,45.6306,45.1066,45.4935,15073098.0
2025-10-16,45.6306,45.9195,44.9891,44.9989,22008702.0
2025-10-17,45.0821,45.1458,44.6512,44.8422,17428766.0
2025-10-20,45.185,45.2927,44.6561,44.8275,20193296.0
2025-10-21,44.8715,44.9254,44.1566,44.3721,17346488.0
2025-10-22,44.47,44.4945,44.0586,44.2692,15422986.0
2025-10-23,44.5581,44.5826,43.9901,44.2349,12589926.0
2025-10-24,44.4896,44.9744,44.4455,44.754,18528762.0
2025-10-27,44.754,44.9205,44.3231,44.8764,12378134.0
2025-10-28,45.038,45.038,44.0831,44.137,16430114.0
2025-10-29,44.1321,44.421,43.9411,44.1223,19782210.0
2025-10-30,44.0733,44.4896,43.9166,43.9362,14653924.0
2025-10-31,43.7403,43.8677,43.4024,43.6326,14478988.0
2025-11-03,43.5983,43.7795,43.1478,43.6571,18764910.0
2025-11-04,43.6375,43.6718,43.3094,43.5004,13787056.0
2025-11-05,43.4906,43.7158,43.3094,43.5102,13868742.0
2025-11-06,43.4318,43.7599,43.2947,43.3192,19922346.0
2025-11-07,43.1429,43.9313,43.1429,43.9215,19974854.0
2025-11-10,44.0488,44.2496,43.5298,43.9068,14561204.0
2025-11-11,43.9264,44.1076,43.6816,43.9313,11877500.0
2025-11-12,43.9607,44.0733,43.7893,44.0342,12081774.0
2025-11-13,43.9215,43.9215,43.3926,43.4269,16998704.0
2025-11-14,43.3045,43.7991,43.2017,43.4661,16686424.0
2025-11-17,43.5493,44.0048,43.5053,43.8579,20394980.0
2025-11-18,43.897,44.1076,43.6767,43.6914,21426146.0
2025-11-19,43.7354,43.8481,43.231,43.3241,21503440.0
2025-11-20,43.6522,43.9362,43.0743,43.1037,22073110.0
2025-11-21,43.2849,43.3388,42.8589,43.1674,23319136.0
2025-11-24,43.231,43.7697,42.9568,43.6571,19147060.0
2025-11-25,43.711,43.8383,43.3094,43.4906,15406190.0
2025-11-26,43.7207,44.1223,43.6424,44.0684,13909372.0
2025-11-28,44.0831,44.4161,44.0831,44.3818,6565348.0
2025-12-01,44.1321,44.1321,43.3192,43.3437,22184604.0
2025-12-02,43.5445,43.5445,42.9764,43.0352,14563446.0
2025-12-03,43.0694,43.1919,42.7266,42.898,17710734.0
2025-12-04,42.8736,43.1527,42.663,42.8099,12720312.0
2025-12-05,42.8197,42.8785,42.3888,42.4083,11887695.0
2025-12-08,42.4867,42.5161,41.7815,41.8403,19303900.0
2025-12-09,42.0558,42.281,41.8501,41.8697,22672179.0
2025-12-10,41.9186,41.948,41.5367,41.8501,21933066.0
2025-12-11,41.7815,42.2614,41.7619,42.1537,15943710.0
2025-12-12,42.2908,42.4867,41.8893,41.948,15308421.0
2025-12-15,42.2418,42.3985,41.948,42.33,17298735.0
2025-12-16,42.3104,42.4181,41.899,42.1537,15664185.0
2025-12-17,42.1733,42.2516,41.664,41.8795,16815155.0
2025-12-18,42.1439,42.5259,42.0851,42.2908,18813190.0
2025-12-19,42.2356,42.4823,41.7225,41.7521,19491301.0
2025-12-22,41.7296,41.9665,41.4731,41.9073,15722731.0
2025-12-23,41.8382,42.1835,41.8184,42.0553,11845805.0
2025-12-24,42.0454,42.2921,41.9862,42.2427,4939695.0
2025-12-26,42.223,42.302,42.0651,42.2131,7173129.0
2025-12-29,42.2427,42.5388,42.2033,42.2921,11214052.0
2025-12-30,42.3118,42.4697,42.2427,42.3908,8135317.0
2025-12-31,42.371,42.4401,42.1145,42.1243,8893694.0
2026-01-02,42.3217,42.8151,42.0849,42.6078,18625888.0
2026-01-05,42.6177,42.7164,41.5027,42.1342,24686811.0
2026-01-06,42.1835,42.3908,41.9566,42.3414,18786560.0
2026-01-07,42.3809,42.4006,41.1869,41.3152,24106655.0
2026-01-08,41.2659,41.7296,41.256,41.4336,20299392.0
2026-01-09,41.9566,42.3217,41.927,41.9467,19442269.0
2026-01-12,41.8184,42.1441,41.7296,42.0158,13944212.0
2026-01-13,42.0553,42.3908,41.848,42.2822,19931843.0
2026-01-14,42.2427,42.746,42.1934,42.598,18052550.0
2026-01-15,42.746,43.2394,42.746,43.0321,18781381.0
2026-01-16,42.598,42.9433,42.3612,42.8151,25070230.0
2026-01-20,42.5486,42.7855,42.2526,42.3908,22703030.0
2026-01-21,42.7263,42.7361,42.1243,42.45,31618918.0
2026-01-22,42.598,42.6967,42.0355,42.1441,23063694.0
2026-01-23,42.1441,42.1835,41.7395,41.9961,23936143.0
2026-01-26,42.2033,42.6078,42.0947,42.302,17469102.0
2026-01-27,42.2526,42.9729,42.0257,42.8545,29271518.0
2026-01-28,42.9236,43.0914,42.5585,42.7559,23359570.0
2026-01-29,42.9335,43.19,42.5092,42.7559,25826382.0
2026-01-30,42.6572,42.8052,42.2033,42.6769,24963831.0
2026-02-02,42.6868,42.9039,41.9862,42.0553,27625153.0
2026-02-03,42.0947,42.8447,42.0947,42.6671,31789796.0
2026-02-04,42.9137,43.0716,42.4204,42.5092,28056106.0
2026-02-05,42.6374,42.7953,42.2921,42.5289,28515035.0
2026-02-06,42.9137,43.2788,42.4006,42.7756,27430906.0
2026-02-09,42.7164,42.9729,42.4796,42.9039,19003493.0
2026-02-10,43.1703,43.94,42.9729,43.6143,32438420.0
2026-02-11,43.7722,44.0386,43.5453,43.9992,23508526.0
2026-02-12,44.1965,45.1339,44.1472,44.6504,41438369.0
2026-02-13,44.6011,45.9825,44.5912,45.8839,38067570.0
2026-02-17,46.1799,46.4562,45.6273,45.7654,29975202.0
2026-02-18,45.9924,45.9924,44.907,45.0056,30021700.0
2026-02-19,45.1734,45.5681,45.0747,45.499,21527655.0
2026-02-20,45.6865,45.874,45.2721,45.7161,20627364.0
2026-02-23,45.8543,46.3378,45.7556,46.0615,27345918.0
2026-02-24,46.022,46.6042,45.6766,46.5746,26898807.0
2026-02-25,46.5844,46.8015,45.9727,46.7325,19949851.0
2026-02-26,46.6437,46.7621,46.2884,46.5548,28864320.0
2026-02-27,46.5746,47.1666,46.5055,47.0976,37831124.0
2026-03-02,46.7818,47.1074,46.7226,46.7423,30740508.0
2026-03-03,46.0121,46.8213,45.3411,46.4463,54114315.0
2026-03-04,46.466,46.7917,46.1404,46.6437,20774227.0
2026-03-05,46.3279,46.397,45.8543,46.2786,26584058.0
2026-03-06,46.0121,46.3378,45.726,46.1207,22726986.0
2026-03-09,45.9431,46.3279,45.4299,46.2292,25615180.0
2026-03-10,46.0516,46.4167,45.8543,45.9431,23432571.0
2026-03-11,45.8839,45.9431,45.3905,45.5582,18482722.0
2026-03-12,45.3806,46.4266,45.351,45.8839,25023784.0
2026-03-13,46.3772,46.693,46.2391,46.3378,29761344.0
2026-03-16,46.8213,46.8706,46.3279,46.6338,17767330.0
2026-03-17,46.8903,47.0087,46.4562,46.5055,16920479.0
2026-03-18,46.3279,46.5252,46.1108,46.1108,27002111.0
2026-03-19,46.0319,46.2786,45.4299,45.9233,27961192.0
2026-03-20,45.8569,46.0556,43.8398,44.0584,43048104.0
2026-03-23,44.5551,44.9029,44.2868,44.4955,29220878.0
2026-03-24,44.2769,45.2506,44.1974,44.8035,22322139.0
2026-03-25,45.2308,45.3599,44.9227,44.9625,20689385.0
2026-03-26,44.9029,45.191,44.724,45.042,17986939.0
2026-03-27,45.0817,45.7872,45.0122,45.3003,23349441.0
2026-03-30,45.8766,46.0456,45.4593,45.6282,23531401.0
2026-03-31,45.5587,45.658,44.9724,45.5984,39325471.0
2026-04-01,45.4891,45.9859,45.3997,45.817,28502620.0
2026-04-02,45.7574,46.294,45.6084,46.0456,15185452.0
2026-04-06,45.8568,46.2045,45.7971,45.8766,11155314.0
2026-04-07,45.7673,46.135,45.7475,45.976,12191892.0
2026-04-08,46.135,46.4828,45.6878,46.4828,16969262.0
2026-04-09,46.3933,47.4069,46.3238,46.8504,21325589.0
2026-04-10,46.7709,47.1584,46.5623,46.6616,13662711.0
2026-04-13,46.5424,46.5821,45.827,46.0952,16181989.0
2026-04-14,46.1151,46.2642,45.6084,46.1747,20906352.0
2026-04-15,46.0158,46.0257,45.5885,45.7276,21890990.0
2026-04-16,45.7077,46.0754,45.5388,46.0555,25076797.0
2026-04-17,45.9363,45.9859,45.35,45.8667,15351880.0
2026-04-20,45.827,46.0456,45.3599,45.4593,12877550.0
2026-04-21,45.6183,45.658,44.6246,44.6644,16466275.0
2026-04-22,45.0519,45.3301,44.4259,44.5849,17149789.0
2026-04-23,45.0718,45.8468,44.9128,45.7971,21085650.0
2026-04-24,45.7375,46.0058,45.4494,45.8866,22436052.0
2026-04-27,46.1549,46.2045,45.8766,45.8965,12729272.0
2026-04-28,46.1946,46.2244,45.7475,45.9561,11151170.0
2026-04-29,45.7773,45.976,45.2705,45.3898,10153558.0
2026-04-30,45.6481,46.5921,45.5587,46.5523,20254523.0
2026-05-01,46.5424,46.9995,46.2145,46.2542,13861868.0
2026-05-04,45.9462,46.5523,45.7971,46.0754,16580083.0
2026-05-05,46.2344,46.5225,46.0654,46.0754,14519996.0
2026-05-06,45.9859,46.0853,45.35,45.4196,23190439.0
2026-05-07,45.3301,45.3898,44.7141,44.8333,20540099.0
2026-05-08,45.0718,45.2208,44.406,44.4359,16469252.0
2026-05-11,44.8134,45.0221,44.5452,44.8532,20802343.0
2026-05-12,44.7638,45.0917,44.5153,44.9029,20749407.0
2026-05-13,44.5153,44.5352,44.0781,44.3862,24509782.0
2026-05-14,44.3663,44.6346,44.257,44.6147,16172941.0
2026-05-15,44.3862,44.4855,43.5416,43.5913,18149486.0
2026-05-18,43.79,43.9291,43.2435,43.6608,28282120.0
2026-05-19,43.5416,44.1278,43.3428,44.0583,19718164.0
2026-05-20,44.3762,44.575,44.1278,44.2272,15275242.0
2026-05-21,44.2669,44.724,44.1477,44.7141,15491976.0
2026-05-22,44.7737,45.1513,44.6346,45.0619,12539724.0
2026-05-26,45.3003,45.35,45.042,45.042,11103010.0
2026-05-27,44.9029,45.0817,44.6545,44.8532,13818719.0
2026-05-28,44.7439,44.9824,44.2967,44.3464,17346492.0
2026-05-29,44.3862,44.4359,43.9688,44.1378,19318454.0
2026-06-01,43.631,43.6807,42.7963,42.8261,28128011.0
2026-06-02,42.9354,43.6807,42.8957,43.6211,23560206.0
2026-06-03,43.6807,44.1974,43.3925,43.4323,19953451.0
2026-06-04,43.5714,43.8297,43.0646,43.6608,16374991.0
2026-06-05,43.7602,44.3365,43.6807,44.0682,19386027.0
2026-06-08,43.9788,44.098,43.1938,43.2435,18144918.0
2026-06-09,43.3428,43.7999,43.1839,43.7006,18604647.0
2026-06-10,43.9092,43.9986,43.5118,43.7204,16145982.0
2026-06-11,43.9589,44.2371,43.7304,43.7701,17522003.0
2026-06-12,43.8595,44.3266,43.8595,44.2471,15993953.0
2026-06-15,44.1974,44.7141,43.9092,44.4557,16734451.0
2026-06-16,44.5551,45.2109,44.4756,44.7737,13928278.0
2026-06-17,44.5352,44.883,43.9589,44.1775,19928019.0
2026-06-18,44.3156,45.0556,44.2456,44.4756,26522446.0
2026-06-22,44.46,44.97,44.41,44.72,18903553.0
2026-06-23,44.75,45.2,44.46,45.07,18045908.0
2026-06-24,45.29,45.6,45.08,45.54,16285910.0
2026-06-25,45.63,46.19,45.49,45.85,16454183.0
2026-06-26,46.0,46.23,45.88,46.2,16679751.0
2026-06-29,46.21,46.31,45.77,46.02,15493214.0
2026-06-30,45.86,45.95,45.32,45.34,15885377.0
2026-07-01,45.27,45.36,44.64,44.77,24629583.0
2026-07-02,45.06,45.8,45.0,45.76,21711731.0
2026-07-06,45.71,45.83,45.11,45.3,15224279.0
2026-07-07,45.63,46.32,45.53,45.7,16341247.0
2026-07-08,45.74,45.82,45.31,45.36,13221375.0
2026-07-09,45.55,45.66,45.04,45.13,17148463.0
2026-07-10,45.13,45.48,45.09,45.41,12299049.0
2026-07-13,45.52,45.88,45.43,45.72,13533518.0
2026-07-14,45.95,46.28,45.56,45.69,15504984.0
2026-07-15,45.73,45.95,45.16,45.22,13723215.0
2026-07-16,45.24,45.62,45.12,45.47,14051793.0
2026-07-17,45.84,46.15,45.05,45.17,17257263.0
2026-07-20,45.3,45.66,44.81,44.94,15862103.0
2026-07-21,44.86,45.04,44.64,44.92,14189596.0
2026-07-22,45.19,45.99,45.19,45.93,16182301.0
2026-07-23,45.62,46.33,45.6,46.19,11915013.0
2026-07-24,46.4,46.63,46.1,46.29,14865247.0
2026-07-27,46.19,46.28,45.56,45.68,14634368.0
2026-07-28,45.86,46.43,45.5,45.52,14798239.0
2026-07-29,45.76,45.8,44.73,44.91,20141209.0
2026-07-30,45.19,45.24,44.36,44.66,21125916.0
2026-07-31,44.61,44.74,44.3,44.35,18567125.0
2026-08-03,44.24,44.66,43.94,44.36,20551152.0
2026-08-04,44.23,44.29,43.58,44.11,23513127.0
2026-08-05,44.12,44.13,43.28,43.66,22712126.0
2026-08-06,44.15,44.27,43.15,43.38,24214585.0
2026-08-07,43.24,43.87,42.94,43.61,16963814.0
2026-08-10,43.45,43.52,43.05,43.13,19137534.0
2026-08-11,43.12,43.71,43.08,43.63,17839144.0
2026-08-12,43.76,43.96,43.64,43.84,14420253.0
2026-08-13,43.89,44.2,43.88,44.04,15553176.0
2026-08-14,44.01,44.41,43.97,44.31,15717830.0
2026-08-17,44.21,44.25,43.82,44.18,14880901.0
2026-08-18,44.41,44.66,43.95,44.02,16898267.0
2026-08-19,44.21,44.38,43.8,44.02,14368376.0
2026-08-20,43.83,44.26,43.75,43.77,15298493.0
2026-08-21,43.9,43.96,42.75,42.77,19139679.0
2026-08-24,42.87,43.26,42.7,43.22,17861184.0
2026-08-25,43.24,43.48,43.07,43.31,12038337.0
2026-08-26,43.31,43.71,43.27,43.51,10846512.0
2026-08-27,43.22,43.33,42.92,43.18,12924495.0
2026-08-28,43.32,43.38,42.56,42.73,18120145.0
2026-08-31,42.0,42.4,41.86,42.23,28919735.0
2026-09-01,42.32,42.61,42.09,42.56,26698306.0
2026-09-02,42.4,42.71,42.02,42.67,25046085.0
2026-09-03,42.76,43.13,42.76,43.03,19404896.0
2026-09-04,42.77,43.23,42.75,43.08,15949724.0
2026-09-08,43.0,43.71,43.0,43.45,15706395.0
2026-09-09,43.45,43.53,42.82,42.94,14372844.0
2026-09-10,42.97,43.25,42.51,42.52,18350461.0
2026-09-11,42.91,42.96,42.41,42.6,5573492.0
