timestamp,open,high,low,close,volume
2006-09-18,23.86,23.9176,23.8096,23.8456,1559200.0
2006-09-19,23.86,23.896,23.7664,23.8816,693800.0
2006-09-20,23.9032,24.0688,23.8888,24.0184,716800.0
2006-09-21,23.9968,23.9968,23.7952,23.8384,572300.0
2006-09-22,23.7592,23.8096,23.6368,23.7016,1007600.0
2006-09-25,23.7592,23.824,23.6224,23.7808,793500.0
2006-09-26,23.7736,23.8096,23.7088,23.7952,748000.0
2006-09-27,23.824,23.86,23.68,23.86,1073800.0
2006-09-28,23.86,23.86,23.7448,23.8312,463400.0
2006-09-29,24.6736,24.6736,23.8024,23.8888,572900.0
2006-10-02,23.8168,23.9032,23.7376,23.7592,415300.0
2006-10-03,23.7448,23.9104,23.716,23.8384,1165900.0
2006-10-04,23.8024,24.0184,23.7736,24.0184,1586300.0
2006-10-05,23.9608,24.04,23.9104,24.0256,1064000.0
2006-10-06,24.1048,24.1048,23.8744,23.9536,1328700.0
2006-10-09,23.9392,23.9464,23.824,23.8744,783200.0
2006-10-10,23.932,23.932,23.68,23.8096,1277100.0
2006-10-11,23.7232,23.8384,23.6728,23.7592,735600.0
2006-10-12,23.788,23.9536,23.7808,23.9392,639500.0
2006-10-13,23.86,23.8744,23.7664,23.824,3087100.0
2006-10-16,23.788,23.9032,23.7592,23.8672,967800.0
2006-10-17,23.9032,23.9824,23.8024,23.9536,1366900.0
2006-10-18,24.04,24.2272,24.0184,24.184,754900.0
2006-10-19,24.1984,24.3208,24.1912,24.2344,1327300.0
2006-10-20,24.2056,24.3784,24.1552,24.3784,1983800.0
2006-10-23,24.2992,24.4432,24.2344,24.4216,771800.0
2006-10-24,24.364,24.364,24.2272,24.364,684300.0
2006-10-25,24.3712,24.3712,24.1336,24.2128,1034600.0
2006-10-26,24.2776,24.3208,24.1264,24.3208,1938500.0
2006-10-27,24.2344,24.2704,24.1552,24.2056,802600.0
2006-10-30,24.1192,24.1984,24.0688,24.0688,1581300.0
2006-10-31,24.0832,24.1264,23.9176,23.968,1323300.0
2006-11-01,23.9392,24.1696,23.7736,23.8312,1862500.0
2006-11-02,23.7304,23.9608,23.7304,23.9392,1743000.0
2006-11-03,23.9752,24.0256,23.788,23.8312,680300.0
2006-11-06,23.9032,24.1408,23.8024,24.112,895400.0
2006-11-07,24.0688,24.3568,24.0688,24.2704,953200.0
2006-11-08,23.9896,23.9896,23.8096,23.9104,2983500.0
2006-11-09,23.8096,23.896,23.2409,23.3417,4774500.0
2006-11-10,23.3057,23.428,23.2265,23.3849,1862600.0
2006-11-13,23.2697,23.5432,23.2697,23.4424,1602900.0
2006-11-14,23.3345,23.6512,23.3129,23.6368,2422400.0
2006-11-15,23.5936,23.8456,23.5576,23.7592,1411100.0
2006-11-16,23.7376,23.896,23.7376,23.86,799400.0
2006-11-17,23.7808,23.9248,23.7808,23.9104,655800.0
2006-11-20,23.9176,23.968,23.8096,23.8528,1246800.0
2006-11-21,23.9176,23.9176,23.7736,23.8096,1451000.0
2006-11-22,23.8024,23.896,23.7736,23.8816,1213600.0
2006-11-24,23.7664,23.8168,23.7448,23.7736,118700.0
2006-11-27,23.716,23.7448,23.536,23.5936,1511000.0
2006-11-28,23.572,23.7232,23.572,23.68,1363000.0
2006-11-29,23.7088,23.8456,23.6944,23.8312,1136300.0
2006-11-30,23.8672,24.0184,23.8528,23.9392,1190500.0
2006-12-01,23.9752,24.0184,23.7808,23.9248,796600.0
2006-12-04,23.68,23.86,23.68,23.8024,1509800.0
2006-12-05,23.8528,23.9392,23.7808,23.9032,911100.0
2006-12-06,23.8816,23.9608,23.7736,23.9536,1639300.0
2006-12-07,23.9464,24.0688,23.8744,23.8816,604400.0
2006-12-08,23.8672,23.9896,23.7736,23.9392,368900.0
2006-12-11,23.9752,24.0184,23.896,23.9824,347600.0
2006-12-12,23.9896,23.9896,23.8672,23.9752,1052500.0
2006-12-13,23.9752,24.076,23.9176,23.9176,719500.0
2006-12-14,24.0616,24.184,23.9824,24.0616,1075000.0
2006-12-15,23.9752,24.1048,23.9536,24.0472,704500.0
2006-12-18,24.1048,24.1696,24.0472,24.1048,1901800.0
2006-12-19,24.0472,24.2632,24.0472,24.2272,1134500.0
2006-12-20,24.328,24.328,24.1912,24.2416,1348900.0
2006-12-21,24.2056,24.292,24.1336,24.1696,491400.0
2006-12-22,24.22,24.22,24.0112,24.076,272600.0
2006-12-26,24.0472,24.0976,24.004,24.0904,410200.0
2006-12-27,24.1696,24.2272,24.1624,24.2056,817500.0
2006-12-28,24.2056,24.256,24.1264,24.2128,281200.0
2006-12-29,24.076,24.22,23.9968,24.112,300400.0
2007-01-03,24.2632,24.3712,24.004,24.1192,1484600.0
2007-01-04,24.2632,24.472,24.148,24.4,1646200.0
2007-01-05,24.4144,24.4144,24.1984,24.256,1528600.0
2007-01-08,24.2992,24.3352,24.1336,24.2848,1484600.0
2007-01-09,24.4216,24.4216,24.2272,24.2488,912200.0
2007-01-10,24.256,24.3424,24.1336,24.292,517100.0
2007-01-11,24.2848,24.5584,24.2632,24.5584,2300500.0
2007-01-12,24.5872,24.7168,24.5368,24.652,1289000.0
2007-01-16,24.7384,24.7528,24.6376,24.7456,650900.0
2007-01-17,24.7672,24.9688,24.688,24.8752,2724400.0
2007-01-18,24.9256,25.0192,24.8536,24.9472,2515900.0
2007-01-19,24.9472,25.048,24.9256,24.976,1521100.0
2007-01-22,25.0048,25.1416,24.7672,24.8104,5069100.0
2007-01-23,24.7672,24.8248,24.616,24.6952,2062700.0
2007-01-24,24.7312,24.8968,24.6664,24.8968,2858900.0
2007-01-25,24.8752,25.588,24.7456,24.7672,3203900.0
2007-01-26,24.6592,24.7312,24.5224,24.6088,2253600.0
2007-01-29,24.6592,24.6952,24.5728,24.616,1955200.0
2007-01-30,24.724,24.7528,24.6448,24.7528,1187000.0
2007-01-31,24.7528,24.8896,24.688,24.8464,1346000.0
2007-02-01,24.9472,25.0768,24.9184,25.0552,2590600.0
2007-02-02,25.1056,25.1272,24.9544,25.0048,1197600.0
2007-02-05,25.0048,25.0408,24.8968,24.9976,2930300.0
2007-02-06,25.0048,25.012,24.8608,24.9616,2168300.0
2007-02-07,24.9328,24.9976,24.8896,24.976,1442200.0
2007-02-08,24.9328,24.9976,24.2632,24.94,1336500.0
2007-02-09,25.0048,25.0048,24.8032,24.8608,2619000.0
2007-02-12,24.8392,24.8536,24.7312,24.7816,1020900.0
2007-02-13,24.7672,24.868,24.7672,24.8464,1133200.0
2007-02-14,24.8464,25.012,24.8464,24.9904,1821000.0
2007-02-15,25.0192,25.12,24.9688,25.0912,1110500.0
2007-02-16,24.9472,25.0336,24.9472,25.0264,1279600.0
2007-02-20,24.9544,25.0552,24.9544,25.0192,734100.0
2007-02-21,24.9544,24.9688,24.8752,24.9328,930000.0
2007-02-22,24.94,24.9472,24.796,24.8536,1259400.0
2007-02-23,24.8464,24.8464,24.6952,24.7744,868000.0
2007-02-26,24.8176,24.8824,24.7672,24.8608,1861100.0
2007-02-27,24.6736,24.724,23.8744,24.2416,2766700.0
2007-02-28,24.1552,24.4648,24.1552,24.2776,2318800.0
2007-03-01,24.0688,24.2776,23.8384,24.1552,2251800.0
2007-03-02,24.1192,24.2416,23.9608,23.968,2555200.0
2007-03-05,23.8312,24.0832,23.7448,23.8456,1439900.0
2007-03-06,23.968,24.148,23.7592,24.0976,2894300.0
2007-03-07,24.0112,24.1912,23.968,24.0688,1173300.0
2007-03-08,24.1768,24.4504,24.1192,24.1696,1158600.0
2007-03-09,24.2992,24.3352,24.148,24.22,1144000.0
2007-03-12,24.2416,24.2848,24.1048,24.2344,687800.0
2007-03-13,24.1552,24.2272,23.8384,23.8672,1689100.0
2007-03-14,23.896,23.9536,23.68,23.932,2923500.0
2007-03-15,23.8813,23.9753,23.838,23.968,1382000.0
2007-03-16,24.0363,24.0435,23.8773,23.9134,789700.0
2007-03-19,24.0146,24.1808,23.9568,24.1808,773200.0
2007-03-20,24.0796,24.3181,24.0796,24.2747,2070200.0
2007-03-21,24.282,24.5927,24.1952,24.571,1888000.0
2007-03-22,24.5783,24.6433,24.4988,24.5855,1666100.0
2007-03-23,24.571,24.8095,24.1374,24.5277,1152100.0
2007-03-26,24.5855,24.5855,24.3759,24.5566,958000.0
2007-03-27,24.4988,24.4988,24.3326,24.3831,2915900.0
2007-03-28,24.3542,24.3904,24.2097,24.2603,2751600.0
2007-03-29,24.2747,24.3542,24.1808,24.3253,2707200.0
2007-03-30,24.3181,24.4771,24.1085,24.3326,2861100.0
2007-04-02,24.4265,24.4915,24.3687,24.4482,1172500.0
2007-04-03,24.571,24.7662,24.5204,24.73,976800.0
2007-04-04,24.7156,24.8601,24.6433,24.8529,785300.0
2007-04-05,24.8312,25.0408,24.8312,25.0119,1006700.0
2007-04-09,25.0191,25.0335,24.9468,25.0119,1295300.0
2007-04-10,24.9685,25.0697,24.9324,25.0263,1414100.0
2007-04-11,25.0408,25.0552,24.8818,24.983,2241700.0
2007-04-12,24.9179,25.272,24.8384,25.272,1021400.0
2007-04-13,25.4238,25.6189,25.4093,25.5683,2651900.0
2007-04-16,25.6767,25.8357,25.6478,25.814,3125900.0
2007-04-17,25.973,26.0164,25.9224,25.9441,2844300.0
2007-04-18,25.9008,25.9297,25.7201,25.8935,2173200.0
2007-04-19,25.8574,26.0814,25.7996,25.9947,3094000.0
2007-04-20,26.1248,26.1826,26.0453,26.1537,2495800.0
2007-04-23,26.2115,26.2187,26.0887,26.1682,1398100.0
2007-04-24,26.1826,26.226,26.0597,26.1826,1026300.0
2007-04-25,26.1826,26.291,25.8357,26.2404,1994400.0
2007-04-26,26.2549,26.385,26.226,26.2982,1128900.0
2007-04-27,26.2476,26.2621,26.132,26.2043,838900.0
2007-04-30,26.2549,26.2549,26.0887,26.0887,1362300.0
2007-05-01,26.0597,26.1898,26.0381,26.1609,2291800.0
2007-05-02,26.2476,26.3488,26.1609,26.2982,1328700.0
2007-05-03,26.3199,26.4139,26.2766,26.3633,1292800.0
2007-05-04,26.768,26.7752,26.3416,26.5078,910000.0
2007-05-07,26.5512,26.5801,26.5223,26.5656,2230200.0
2007-05-08,26.5367,26.5367,26.4066,26.4934,1699300.0
2007-05-09,26.5223,26.6018,26.4572,26.5512,1687400.0
2007-05-10,26.4934,26.4934,26.0381,26.0453,1328900.0
2007-05-11,26.0236,26.2187,25.9875,26.2187,1187300.0
2007-05-14,26.2115,26.3633,26.1754,26.2115,1138200.0
2007-05-15,26.1248,26.3271,26.1248,26.1754,2282600.0
2007-05-16,26.3344,26.4428,26.2621,26.4283,2956500.0
2007-05-17,26.3705,26.3705,25.5972,26.3271,1466800.0
2007-05-18,26.3922,26.4789,26.3127,26.4717,692500.0
2007-05-21,26.4644,26.5295,26.4355,26.4644,890600.0
2007-05-22,26.5945,26.6018,26.3922,26.5006,1096700.0
2007-05-23,26.5945,26.6957,26.515,26.5512,1695500.0
2007-05-24,26.5078,26.6451,26.45,26.4789,1926400.0
2007-05-25,26.4355,26.5512,26.4139,26.5078,996900.0
2007-05-29,26.4861,26.5223,26.3994,26.4861,1564300.0
2007-05-30,26.4572,26.4717,26.2766,26.4644,2685800.0
2007-05-31,26.5295,26.5945,26.4644,26.4934,1331000.0
2007-06-01,26.5512,26.609,26.4789,26.5729,3567300.0
2007-06-04,26.45,26.5729,26.45,26.5512,1648200.0
2007-06-05,26.4428,26.4861,26.3271,26.4283,1682500.0
2007-06-06,26.4066,26.4066,26.1682,26.1971,3033200.0
2007-06-07,25.973,26.1609,25.7635,25.7635,3273400.0
2007-06-08,25.5756,25.9513,25.5756,25.9224,1991800.0
2007-06-11,25.8502,26.0453,25.8502,25.9513,1254400.0
2007-06-12,25.8357,25.9441,25.7056,25.7273,2085900.0
2007-06-13,25.9658,25.9658,25.6767,25.9658,2139600.0
2007-06-14,26.0308,26.0597,25.6623,25.9803,1583600.0
2007-06-15,26.0887,26.1248,25.9803,26.0164,1186400.0
2007-06-18,26.0236,26.0381,25.8719,25.9008,979400.0
2007-06-19,25.9513,26.0092,25.8935,25.9369,1622500.0
2007-06-20,26.0597,26.0597,25.5539,25.5539,1912400.0
2007-06-21,25.5539,25.6623,25.4093,25.6334,1592300.0
2007-06-22,25.5033,25.5683,25.207,25.2937,3155200.0
2007-06-25,25.272,25.4816,25.1419,25.2287,2117400.0
2007-06-26,25.3515,25.5322,25.3009,25.3877,1164900.0
2007-06-27,25.2937,25.5394,25.2431,25.5394,5243000.0
2007-06-28,25.525,25.684,25.5177,25.5466,1566900.0
2007-06-29,25.5539,27.5918,25.2648,25.4093,1626800.0
2007-07-03,25.7635,25.7635,25.684,25.7129,657200.0
2007-07-05,25.6406,25.7418,25.5683,25.7201,2721100.0
2007-07-06,25.6478,25.7562,25.6045,25.7201,828200.0
2007-07-09,25.7635,25.7779,25.6117,25.6695,1250000.0
2007-07-10,25.5756,25.6623,25.4021,25.4166,1845200.0
2007-07-11,25.431,25.59,25.4238,25.5756,1615300.0
2007-07-12,25.5756,26.0164,25.5756,26.0092,852700.0
2007-07-13,25.973,26.0453,25.8863,25.9875,1799300.0
2007-07-16,25.9297,26.0092,25.9297,25.9875,1386400.0
2007-07-17,25.8719,25.9658,25.8502,25.8863,1447600.0
2007-07-18,25.8429,25.8429,25.6478,25.7851,2225600.0
2007-07-19,25.7779,25.7996,25.5972,25.6406,1326700.0
2007-07-20,25.6117,25.6551,25.3732,25.431,2092000.0
2007-07-23,25.684,25.814,25.5972,25.6623,1875700.0
2007-07-24,25.5756,25.684,25.3298,25.3588,2740400.0
2007-07-25,25.5539,26.0092,25.2504,25.3804,2109200.0
2007-07-26,25.2142,25.2504,24.7589,24.9251,3435000.0
2007-07-27,24.7662,25.0119,24.3542,24.3831,3391500.0
2007-07-30,24.3398,24.5783,24.282,24.5132,2984300.0
2007-07-31,24.9107,24.9324,24.3036,24.3036,2678100.0
2007-08-01,24.2603,24.571,24.1952,24.5204,3918900.0
2007-08-02,24.4843,24.7878,24.4843,24.7011,2378400.0
2007-08-03,24.6939,24.7951,24.3326,24.3326,3913700.0
2007-08-06,24.4554,24.9251,24.4554,24.9179,2926000.0
2007-08-07,24.7806,25.1419,24.7662,24.9107,1706600.0
2007-08-08,25.0046,25.1853,24.8962,25.1853,2437100.0
2007-08-09,24.9324,25.1203,24.6216,24.6288,2016200.0
2007-08-10,24.4843,24.6578,24.2964,24.571,2357500.0
2007-08-13,24.6578,24.8312,24.5855,24.6505,2052700.0
2007-08-14,24.7083,24.7156,24.347,24.347,1357000.0
2007-08-15,24.3542,24.6722,24.2531,24.2892,1990600.0
2007-08-16,24.0507,24.2964,23.805,24.2386,3185300.0
2007-08-17,24.8601,24.8601,24.1302,24.4843,1848000.0
2007-08-20,24.5132,24.5927,24.3398,24.4915,1550700.0
2007-08-21,24.4193,24.6072,24.3759,24.4771,1507500.0
2007-08-22,24.6361,24.7156,24.5494,24.7011,2742400.0
2007-08-23,24.7372,24.889,24.6722,24.7878,6015600.0
2007-08-24,24.7878,24.9902,24.73,24.9902,4721600.0
2007-08-27,24.9035,24.9685,24.8384,24.8601,735000.0
2007-08-28,24.8167,24.8312,24.4843,24.5277,1445400.0
2007-08-29,24.571,24.8167,24.4699,24.8095,1285300.0
2007-08-30,24.6722,24.889,24.6722,24.7662,1147100.0
2007-08-31,24.9251,25.048,24.8167,24.9107,1081100.0
2007-09-04,24.9396,25.1636,24.9251,25.0986,896300.0
2007-09-05,25.0263,25.0697,24.889,24.9541,866400.0
2007-09-06,25.0119,25.1925,24.9613,25.1203,1800300.0
2007-09-07,24.8818,25.0769,24.73,24.7806,2284600.0
2007-09-10,24.8601,24.9541,24.7083,24.8023,1055200.0
2007-09-11,24.9251,25.0914,24.8384,25.0914,861300.0
2007-09-12,25.0552,25.2504,25.0335,25.1564,1212800.0
2007-09-13,25.3443,25.3949,25.2214,25.2504,888300.0
2007-09-14,25.2937,25.2937,25.0841,25.1925,1139600.0
2007-09-17,25.0841,25.1492,24.9107,25.0408,2762400.0
2007-09-18,24.9974,25.5177,24.9974,25.4888,2305600.0
2007-09-19,25.6117,25.7779,25.5466,25.6551,1593600.0
2007-09-20,25.6409,25.7497,25.5321,25.5466,1044100.0
2007-09-21,25.701,25.759,25.672,25.672,1368500.0
2007-09-24,25.6139,25.7155,25.5777,25.5994,1383300.0
2007-09-25,25.6139,25.6937,25.5342,25.6139,1817900.0
2007-09-26,25.6502,25.8098,25.6212,25.7372,751300.0
2007-09-27,25.8605,25.8605,25.7227,25.7952,821300.0
2007-09-28,25.7662,25.8243,25.5849,25.6647,1046800.0
2007-10-01,25.7445,25.9983,25.73,25.962,2451900.0
2007-10-02,26.0346,26.0926,25.788,25.8533,2181200.0
2007-10-03,25.904,25.9765,25.7735,25.9113,1215200.0
2007-10-04,25.9765,26.1361,25.9765,26.0346,1036800.0
2007-10-05,26.1143,26.2811,26.0781,26.2231,1813000.0
2007-10-08,26.2231,26.2594,26.0926,26.1216,782400.0
2007-10-09,26.2376,26.2956,26.1433,26.2884,472400.0
2007-10-10,26.3246,26.3391,26.2449,26.2739,1104100.0
2007-10-11,26.3827,26.3899,26.0853,26.1433,4140500.0
2007-10-12,26.1941,26.2811,26.1071,26.2304,1290300.0
2007-10-15,26.2521,26.3899,25.8895,26.0128,2059800.0
2007-10-16,25.962,25.9838,25.7662,25.8243,3097300.0
2007-10-17,26.0563,26.0708,25.6502,25.8098,2423900.0
2007-10-18,25.5487,26.0056,25.5487,25.8968,1319100.0
2007-10-19,25.8243,25.8533,25.5124,25.5197,1600200.0
2007-10-22,25.3456,25.4907,25.2513,25.4907,1913100.0
2007-10-23,25.5487,25.8025,25.5197,25.8025,2163100.0
2007-10-24,25.73,25.7372,25.3601,25.6792,3285800.0
2007-10-25,25.4472,25.8315,25.4472,25.788,2065200.0
2007-10-26,25.2078,25.9185,25.2078,25.8823,919700.0
2007-10-29,25.933,26.0056,25.875,25.933,830300.0
2007-10-30,25.9838,26.0201,25.8823,25.9475,1192000.0
2007-10-31,25.3094,26.1796,25.3094,26.1651,1655100.0
2007-11-01,26.1143,26.1651,25.701,25.7155,2259000.0
2007-11-02,25.672,25.8315,25.5414,25.6647,2410100.0
2007-11-05,25.6792,25.9113,25.4979,25.643,2652500.0
2007-11-06,25.6285,25.7372,25.4036,25.73,1321300.0
2007-11-07,26.0128,26.0128,25.2151,25.2151,2126100.0
2007-11-08,25.0048,25.4617,24.7945,25.3964,3490400.0
2007-11-09,24.7582,25.6357,24.7582,25.2949,3005500.0
2007-11-12,24.6784,25.6865,24.6784,25.4254,2376000.0
2007-11-13,25.3529,25.7952,25.3529,25.788,3488800.0
2007-11-14,25.7372,25.933,25.6212,25.701,2408400.0
2007-11-15,25.5414,25.9258,25.5414,25.6502,2416700.0
2007-11-16,25.7445,25.8388,25.5994,25.8243,2115800.0
2007-11-19,25.817,25.817,25.5342,25.5777,1712500.0
2007-11-20,25.8678,25.8678,25.4254,25.6502,2794100.0
2007-11-21,25.3601,25.5487,25.2223,25.2223,1957200.0
2007-11-23,25.1498,25.5849,25.1498,25.5777,1330000.0
2007-11-26,25.7445,25.7445,25.3021,25.3746,2058700.0
2007-11-27,25.6792,25.8895,25.1643,25.8605,2103400.0
2007-11-28,26.0128,26.3246,25.8243,26.3029,1694700.0
2007-11-29,25.9403,26.4189,25.788,26.3682,3101100.0
2007-11-30,26.4697,26.5277,26.3536,26.4552,2468100.0
2007-12-03,26.709,26.709,26.2304,26.2956,1595400.0
2007-12-04,25.9113,26.3827,25.8605,26.2086,1284100.0
2007-12-05,26.5277,26.5422,26.3246,26.5422,1897800.0
2007-12-06,26.3029,26.6872,26.3029,26.651,2517500.0
2007-12-07,26.6147,26.7017,26.564,26.6147,2204200.0
2007-12-10,26.5785,26.6727,26.5204,26.6655,1115600.0
2007-12-11,26.854,26.854,26.2521,26.2666,2223400.0
2007-12-12,27.4777,27.4777,26.0781,26.3101,2772800.0
2007-12-13,25.9838,26.2594,25.962,26.2521,2105800.0
2007-12-14,25.8678,26.1723,25.8678,25.962,1114000.0
2007-12-17,25.8098,25.9838,25.6865,25.6937,1565200.0
2007-12-18,26.0998,26.0998,25.6792,25.875,2199200.0
2007-12-19,25.643,25.9475,25.643,25.7517,1632500.0
2007-12-20,25.7735,25.8968,25.7372,25.8968,2094100.0
2007-12-21,26.0998,26.0998,25.9113,26.0418,1948300.0
2007-12-24,25.933,26.1143,25.933,26.0418,512000.0
2007-12-26,26.1578,26.1578,25.9403,26.0636,1035700.0
2007-12-27,26.0926,26.0998,25.7662,25.8025,970400.0
2007-12-28,25.9838,25.9838,25.6937,25.7445,1002400.0
2007-12-31,26.0056,26.0056,25.5269,25.5342,1498100.0
2008-01-02,25.8388,25.8388,25.2804,25.3384,3898900.0
2008-01-03,25.3674,25.5994,25.0628,25.4907,2506300.0
2008-01-04,25.3891,25.4979,25.0193,25.2296,2964600.0
2008-01-07,25.2513,25.8025,25.2513,25.73,5004400.0
2008-01-08,25.8605,26.3899,25.7952,25.9403,6222300.0
2008-01-09,26.1216,26.4189,26.0273,26.3899,7624000.0
2008-01-10,26.3464,26.5132,26.2086,26.3682,5604900.0
2008-01-11,26.3101,26.5495,26.2376,26.4479,3479700.0
2008-01-14,26.4044,26.4624,26.2086,26.2449,4150100.0
2008-01-15,26.1651,26.1723,25.875,25.9475,5229600.0
2008-01-16,25.7662,26.3101,25.7662,26.0128,4141700.0
2008-01-17,26.1216,26.3754,25.5124,25.5124,6833700.0
2008-01-18,25.6139,25.6139,24.9975,25.1426,7664900.0
2008-01-22,24.8017,25.0193,22.017,24.2288,9024100.0
2008-01-23,23.8445,24.4029,23.5399,24.4029,9359500.0
2008-01-24,24.4971,24.4971,24.1128,24.3086,5651800.0
2008-01-25,24.4101,24.6349,23.5979,23.7429,6051900.0
2008-01-28,24.0838,24.2288,23.8372,24.2288,5293900.0
2008-01-29,24.3739,24.3739,24.2143,24.2941,2389300.0
2008-01-30,24.3231,24.3811,24.0185,24.0765,3921900.0
2008-01-31,23.7937,24.4391,23.7937,24.4391,3712500.0
2008-02-01,24.1998,24.5769,24.1998,24.5479,3560400.0
2008-02-04,24.4754,24.7292,24.4754,24.6422,2781500.0
2008-02-05,24.4609,24.5624,24.1418,24.1708,4349900.0
2008-02-06,24.3884,24.4391,24.1781,24.2578,3047400.0
2008-02-07,24.1781,24.3086,24.0185,24.1636,2781100.0
2008-02-08,24.0693,24.1418,23.8735,24.0113,2755400.0
2008-02-11,23.8517,23.975,23.7574,23.9387,2630000.0
2008-02-12,24.2216,24.3303,24.0403,24.2868,2415500.0
2008-02-13,24.3158,24.4464,24.1853,24.2506,2112100.0
2008-02-14,24.2941,24.4174,24.0475,24.149,2702400.0
2008-02-15,23.9387,24.1926,23.9315,24.1781,2754600.0
2008-02-19,24.1708,24.4899,24.1708,24.4754,2526800.0
2008-02-20,24.12,24.4029,24.033,24.4029,3059600.0
2008-02-21,24.7582,24.7655,23.975,24.149,2438300.0
2008-02-22,24.149,24.1998,23.7067,24.1998,2588800.0
2008-02-25,24.1273,24.5116,24.12,24.5116,2570400.0
2008-02-26,24.4609,24.5987,24.2868,24.2941,2495300.0
2008-02-27,24.3376,24.4754,24.2796,24.4029,3029700.0
2008-02-28,24.2216,24.2216,24.0548,24.12,4543500.0
2008-02-29,23.9678,23.9823,23.6632,23.7865,4076700.0
2008-03-03,23.6777,23.801,23.6414,23.7574,2410900.0
2008-03-04,23.5761,23.8227,23.5689,23.7574,3178900.0
2008-03-05,23.7574,23.9315,23.5326,23.7647,3480700.0
2008-03-06,23.7937,23.7937,23.2716,23.2788,2600600.0
2008-03-07,23.2788,23.2788,22.9307,23.0177,3682100.0
2008-03-10,22.9597,23.0613,22.4811,22.4811,2820600.0
2008-03-11,22.4086,22.7567,22.2345,22.6987,3609700.0
2008-03-12,22.6189,22.8074,22.5681,22.6987,2874600.0
2008-03-13,22.4231,22.8582,22.2055,22.6842,4513400.0
2008-03-14,22.7204,23.0468,22.0895,22.2345,5041200.0
2008-03-17,21.8139,22.3796,21.7559,22.2418,4877000.0
2008-03-18,22.5464,22.9162,22.3143,22.9162,6099400.0
2008-03-19,22.7791,23.1434,22.1235,22.6189,6236200.0
2008-03-20,22.9534,22.9534,22.5455,22.6474,2012200.0
2008-03-24,22.8951,22.9971,22.7494,22.9461,2436800.0
2008-03-25,22.9388,23.0918,22.8587,22.9607,3432900.0
2008-03-26,22.8805,22.8951,22.764,22.764,1729100.0
2008-03-27,22.9024,22.9898,22.6693,22.8805,3657700.0
2008-03-28,23.0699,23.0699,22.6839,22.8223,2422000.0
2008-03-31,22.5819,22.7057,22.3051,22.7057,3488700.0
2008-04-01,22.8004,23.1064,22.6329,23.0699,2489500.0
2008-04-02,23.1064,23.1428,22.8805,22.9097,1408000.0
2008-04-03,22.9242,22.968,22.8077,22.8368,1903100.0
2008-04-04,22.7858,23.2302,22.7858,23.0189,2734000.0
2008-04-07,23.303,23.3467,23.1574,23.2812,3230000.0
2008-04-08,23.2375,23.2521,23.1282,23.2011,1638800.0
2008-04-09,23.1938,23.2229,22.9825,23.0699,1632100.0
2008-04-10,23.0772,23.3613,23.0335,23.2521,1919100.0
2008-04-11,23.2229,23.2593,22.9097,22.9461,2990300.0
2008-04-14,22.9388,22.9898,22.8077,22.866,760400.0
2008-04-15,22.9242,22.968,22.764,22.8441,2091200.0
2008-04-16,22.9097,22.9898,22.7931,22.968,2699100.0
2008-04-17,22.8951,22.9315,22.7349,22.8223,1460900.0
2008-04-18,23.1282,23.1646,22.968,23.0335,2263600.0
2008-04-21,22.9607,23.0554,22.917,22.968,2774200.0
2008-04-22,22.8514,22.8514,22.5964,22.7276,2636200.0
2008-04-23,22.7713,22.9315,22.713,22.8004,883800.0
2008-04-24,22.9315,23.0627,22.7276,22.8733,1422500.0
2008-04-25,23.0627,23.2156,23.0117,23.1719,2649200.0
2008-04-28,23.2521,23.3467,23.1792,23.3103,821300.0
2008-04-29,23.1646,23.1646,22.968,23.0554,1079400.0
2008-04-30,23.1646,23.2083,22.9097,22.9461,1832800.0
2008-05-01,22.8441,23.354,22.8441,23.2666,1795800.0
2008-05-02,23.4123,23.4487,23.3103,23.3467,2203100.0
2008-05-05,23.3467,23.354,23.2156,23.2885,874800.0
2008-05-06,23.1574,23.3103,23.0699,23.2739,1700200.0
2008-05-07,23.2229,23.3249,22.9242,23.0335,2261800.0
2008-05-08,23.0189,23.1282,22.9461,22.9461,2137100.0
2008-05-09,22.9461,22.9461,22.7713,22.917,1444100.0
2008-05-12,23.0117,23.0991,22.9097,23.0991,1072000.0
2008-05-13,23.1064,23.1209,22.8878,22.917,1276900.0
2008-05-14,22.9315,23.1355,22.9315,23.0699,1519100.0
2008-05-15,23.0554,23.0554,22.8733,23.0044,1195800.0
2008-05-16,23.0262,23.0918,22.9242,23.0918,1217200.0
2008-05-19,23.0044,23.2375,22.9752,23.2375,1637000.0
2008-05-20,23.0699,23.2885,23.0554,23.1209,1637400.0
2008-05-21,23.2448,23.3249,22.9461,23.0044,2014500.0
2008-05-22,22.9461,23.2302,22.917,23.2156,935700.0
2008-05-23,23.0117,23.0699,22.8368,22.8368,1317300.0
2008-05-27,22.8223,23.0408,22.8223,22.9315,944000.0
2008-05-28,22.9534,23.0991,22.8733,22.9607,1370700.0
2008-05-29,22.8878,23.4269,22.8878,23.405,2247600.0
2008-05-30,23.3977,23.456,23.303,23.3686,1286600.0
2008-06-02,23.3395,23.3977,23.0117,23.0991,1499500.0
2008-06-03,23.1792,23.3395,23.0991,23.2448,2418000.0
2008-06-04,23.2229,23.3759,23.1428,23.2521,2238100.0
2008-06-05,23.2739,23.4997,23.2156,23.4487,1831000.0
2008-06-06,23.2593,23.2885,22.8514,22.8878,2579700.0
2008-06-09,22.8805,22.9825,22.6474,22.764,2550800.0
2008-06-10,22.6183,22.7567,22.5309,22.5455,1904000.0
2008-06-11,22.5964,22.5964,22.2686,22.3342,2285900.0
2008-06-12,22.3998,22.5309,22.1302,22.1302,2059300.0
2008-06-13,22.4726,22.8004,22.4435,22.8004,1853800.0
2008-06-16,22.5964,22.6693,22.3779,22.5819,1577600.0
2008-06-17,22.764,22.764,22.458,22.4799,1468700.0
2008-06-18,22.4508,22.5236,22.2395,22.2395,1850800.0
2008-06-19,22.0345,22.4955,22.0345,22.2686,1741800.0
2008-06-20,22.2924,22.3143,21.9557,21.9557,2007400.0
2008-06-23,22.1167,22.2265,22.1094,22.1167,1273900.0
2008-06-24,22.1314,22.307,21.9996,22.1972,1754400.0
2008-06-25,22.2265,22.5924,22.2045,22.4534,2641100.0
2008-06-26,22.2265,22.329,21.9411,21.9923,2222200.0
2008-06-27,22.0362,22.2338,22.0069,22.1387,1863600.0
2008-06-30,22.0143,22.4314,22.0143,22.3802,2329600.0
2008-07-01,22.0948,22.4534,22.0948,22.3802,2982000.0
2008-07-02,22.5485,22.6071,22.2265,22.2265,2225900.0
2008-07-03,22.3436,22.4607,22.2631,22.3216,2295500.0
2008-07-07,22.3143,22.4534,22.0582,22.1753,3749800.0
2008-07-08,22.1679,22.8925,22.1679,22.7607,4156900.0
2008-07-09,22.8998,23.2218,22.812,22.8413,6101500.0
2008-07-10,22.9583,23.0096,22.6656,22.9949,5653400.0
2008-07-11,22.7534,22.8266,22.4973,22.5558,4127700.0
2008-07-14,22.6363,23.0535,22.5558,22.7095,3340300.0
2008-07-15,22.5412,23.0096,22.4973,22.8193,4443400.0
2008-07-16,23.0535,23.1633,22.8778,22.9803,6598300.0
2008-07-17,23.1267,23.2804,22.8778,23.2072,3736100.0
2008-07-18,23.2657,23.4121,23.0023,23.2291,2796900.0
2008-07-21,23.1999,23.2072,22.7461,22.79,4191700.0
2008-07-22,22.7315,23.1267,22.6802,23.1047,3073000.0
2008-07-23,23.1486,23.4121,23.1486,23.2072,3738800.0
2008-07-24,23.1633,23.4633,23.1633,23.1852,4645300.0
2008-07-25,23.2145,23.4487,23.2145,23.3243,3377300.0
2008-07-28,23.6683,23.6683,23.1267,23.1706,2596800.0
2008-07-29,23.317,23.4267,23.2511,23.3462,3588800.0
2008-07-30,23.3755,23.4853,23.0901,23.3609,5572400.0
2008-07-31,23.3682,23.6536,23.295,23.3828,3968900.0
2008-08-01,23.4706,23.4999,23.1047,23.2072,4197900.0
2008-08-04,23.3316,23.6024,23.1413,23.4048,3053200.0
2008-08-05,23.7122,24.2025,23.4706,24.1659,3208500.0
2008-08-06,23.9829,24.2611,23.7414,24.2611,7613600.0
2008-08-07,23.9756,24.1952,23.7853,23.9683,2774800.0
2008-08-08,23.9024,24.4074,23.8878,24.3855,4952100.0
2008-08-11,24.4952,24.5172,24.2537,24.4074,2815800.0
2008-08-12,24.3562,24.5026,24.3123,24.3562,3470100.0
2008-08-13,24.283,24.4221,24.1586,24.3708,5563500.0
2008-08-14,24.2098,24.5684,24.0708,24.3562,3443600.0
2008-08-15,24.305,24.6636,24.305,24.5904,3025100.0
2008-08-18,24.6928,24.6928,24.2611,24.3928,2134800.0
2008-08-19,24.2684,24.3782,24.0635,24.283,5973400.0
2008-08-20,24.2098,24.2318,23.9317,24.1293,4121700.0
2008-08-21,23.9537,24.2171,23.8146,23.9756,2661500.0
2008-08-22,24.1805,24.4221,24.0708,24.3782,2799300.0
2008-08-25,24.1952,24.283,23.8805,23.9829,2041800.0
2008-08-26,23.9756,24.122,23.8512,23.9537,1316200.0
2008-08-27,23.9756,24.0122,23.8,23.9903,2560900.0
2008-08-28,24.0854,24.1586,24.0049,24.1293,1627100.0
2008-08-29,24.1293,24.1952,23.8659,23.8659,2374600.0
2008-09-02,24.0781,24.3782,23.7853,23.8219,3777600.0
2008-09-03,23.8951,23.9976,23.7561,23.961,2963300.0
2008-09-04,23.7927,23.8439,23.3243,23.4341,10395300.0
2008-09-05,23.1706,23.4633,23.0535,23.3096,4941300.0
2008-09-08,23.7048,23.7634,23.4194,23.6975,5717200.0
2008-09-09,23.7927,23.8878,23.3023,23.4926,3338100.0
2008-09-10,23.4341,23.4926,23.3023,23.3975,5026500.0
2008-09-11,22.9949,23.6902,22.9949,23.4926,3879700.0
2008-09-12,23.5585,23.7122,23.4194,23.7122,3799300.0
2008-09-15,23.273,23.5365,23.0535,23.0535,6159300.0
2008-09-16,22.8705,23.4414,22.7022,23.0169,7131800.0
2008-09-17,22.6949,23.0828,20.7189,22.651,6553800.0
2008-09-18,22.4438,22.9731,22.2085,22.9437,14367300.0
2008-09-19,23.6366,24.3203,22.8352,23.1954,4571700.0
2008-09-22,22.9822,23.4675,22.3941,22.644,4268800.0
2008-09-23,22.5926,22.7249,22.0559,22.1074,3202700.0
2008-09-24,22.3059,22.5632,22.225,22.3132,3958000.0
2008-09-25,22.3353,22.9969,22.3353,22.7176,6733200.0
2008-09-26,22.6073,22.9749,22.4455,22.6735,4359200.0
2008-09-29,22.3941,22.8352,21.3207,22.1662,8309500.0
2008-09-30,22.3794,22.3867,21.8941,22.0926,3255400.0
2008-10-01,22.1294,22.4382,22.1294,22.2397,4922200.0
2008-10-02,22.2397,22.4897,21.9971,22.2764,5161700.0
2008-10-03,22.497,22.497,21.7986,21.7986,6570700.0
2008-10-06,21.6809,21.9677,20.1517,20.9825,8200100.0
2008-10-07,21.1148,21.1589,20.137,20.4752,4961800.0
2008-10-08,19.8724,20.4532,19.5048,20.1076,9628100.0
2008-10-09,20.3208,20.3208,18.3799,18.5637,9601900.0
2008-10-10,17.7182,18.7769,16.8286,17.7476,14886000.0
2008-10-13,18.946,20.5855,18.5417,19.8871,7550000.0
2008-10-14,20.9163,20.9972,19.7253,20.2914,11967700.0
2008-10-15,20.1223,20.1223,18.3064,18.3064,8500000.0
2008-10-16,18.8431,19.6297,17.9314,19.2621,10846700.0
2008-10-17,18.8357,20.2252,18.8357,19.1886,7023000.0
2008-10-20,19.4459,20.2032,19.4239,19.9606,6677400.0
2008-10-21,19.9238,20.3723,19.8577,19.9018,4721000.0
2008-10-22,19.6665,19.6665,18.6446,19.4092,8641400.0
2008-10-23,18.9754,19.5489,18.3431,18.9607,7632700.0
2008-10-24,17.8138,19.1298,17.8138,18.8945,10376100.0
2008-10-27,18.5343,18.9313,17.7329,18.0858,5876700.0
2008-10-28,18.696,20.3429,18.0711,19.2254,6780000.0
2008-10-29,19.3357,19.74,18.7475,19.093,7419900.0
2008-10-30,19.321,19.7474,19.1078,19.5415,4765600.0
2008-10-31,19.5783,20.012,19.4239,19.5562,4976400.0
2008-11-03,19.6077,19.9459,19.6077,19.7033,3848600.0
2008-11-04,20.1444,20.2694,19.9018,19.9606,3731600.0
2008-11-05,19.9312,20.1591,19.196,19.6665,5932800.0
2008-11-06,19.4827,19.5783,18.7916,19.1886,8138200.0
2008-11-07,19.1592,19.5489,18.9681,19.4386,5629200.0
2008-11-10,19.7694,19.8577,19.1519,19.2916,4150100.0
2008-11-11,19.2254,19.3577,18.821,18.946,8638800.0
2008-11-12,18.6887,18.9166,18.3579,18.5269,4198300.0
2008-11-13,18.3946,19.5195,18.0344,19.5195,7487000.0
2008-11-14,19.0269,19.6371,18.7769,18.7769,5741900.0
2008-11-17,18.6446,18.9901,18.3873,18.4534,6114500.0
2008-11-18,18.3137,18.7475,17.9461,18.5784,5881000.0
2008-11-19,18.6813,18.8284,17.7182,17.8285,6951000.0
2008-11-20,17.608,17.9314,16.4316,17.3212,12650600.0
2008-11-21,17.108,17.483,16.167,17.4021,9183600.0
2008-11-24,17.5491,18.1373,17.358,17.6888,6161700.0
2008-11-25,18.152,18.2623,17.6594,17.8065,5980900.0
2008-11-26,17.6374,18.2696,17.4683,18.0197,6391600.0
2008-11-28,18.1888,18.6152,18.0417,18.4828,1568300.0
2008-12-01,18.2329,18.2329,17.233,17.38,5645700.0
2008-12-02,17.5712,17.8579,17.3359,17.7256,6105000.0
2008-12-03,17.4756,18.402,17.4756,18.2549,10073500.0
2008-12-04,18.0417,18.3431,17.7256,18.005,8186900.0
2008-12-05,17.5565,18.6299,17.4536,18.4387,7814500.0
2008-12-08,18.8945,19.071,18.4755,18.6666,8964100.0
2008-12-09,18.5711,18.7181,18.1888,18.4093,8323200.0
2008-12-10,18.5343,18.5931,18.2035,18.3211,6964000.0
2008-12-11,18.1741,18.8431,18.1741,18.5122,8882600.0
2008-12-12,18.1814,18.5858,17.9755,18.4681,6320400.0
2008-12-15,18.7696,18.7696,18.2549,18.4828,4198700.0
2008-12-16,18.6666,19.2474,18.4828,19.1004,7431700.0
2008-12-17,18.924,19.2621,18.8504,19.0269,8472900.0
2008-12-18,19.0705,19.4922,18.9522,19.1445,5860000.0
2008-12-19,19.424,19.5868,19.1651,19.2983,8841000.0
2008-12-22,19.3797,19.3871,18.8619,19.0542,4969300.0
2008-12-23,19.2539,19.4684,19.0468,19.1725,3138300.0
2008-12-24,19.1134,19.1947,19.0246,19.106,854000.0
2008-12-26,19.1651,19.2243,19.0394,19.1208,1007400.0
2008-12-29,19.1873,19.2021,18.8027,19.1282,1480000.0
2008-12-30,19.1725,19.5498,19.1578,19.461,2791100.0
2008-12-31,19.5868,19.7569,19.5054,19.6385,2322800.0
2009-01-02,19.6459,20.1415,19.5202,20.038,3490000.0
2009-01-05,20.0232,20.0602,19.7199,19.9862,3797200.0
2009-01-06,19.9788,20.0306,19.4536,19.6164,5609400.0
2009-01-07,19.3501,19.6016,19.2835,19.4388,3895000.0
2009-01-08,19.3427,19.5498,19.2243,19.5498,5278400.0
2009-01-09,19.5572,19.6016,19.2317,19.3427,3853800.0
2009-01-12,19.4092,19.4166,18.995,19.0542,4567400.0
2009-01-13,19.0912,19.3649,19.0394,19.2539,5243100.0
2009-01-14,18.9358,19.1356,18.8027,18.9802,3857400.0
2009-01-15,19.0246,19.1799,18.5956,19.0912,6415000.0
2009-01-16,19.3279,19.4388,19.0246,19.2761,4379900.0
2009-01-20,19.2391,19.461,18.7361,18.8101,8669800.0
2009-01-21,19.0616,19.2761,18.6991,19.2095,6230500.0
2009-01-22,19.0986,19.3944,18.9358,19.2687,4680000.0
2009-01-23,19.143,19.3649,18.9432,19.2909,4492000.0
2009-01-26,19.3575,19.461,19.0838,19.1873,6584100.0
2009-01-27,19.3797,19.7495,19.3427,19.5868,5753500.0
2009-01-28,19.8013,20.0232,19.6829,19.927,7371600.0
2009-01-29,19.6829,19.8383,19.5202,19.609,3872500.0
2009-01-30,19.6533,19.6829,19.3131,19.4018,5179600.0
2009-02-02,19.2687,19.7421,19.2095,19.5276,5763900.0
2009-02-03,19.6385,20.1859,19.5572,20.0306,6837200.0
2009-02-04,20.2155,20.3264,19.8457,19.9418,4911100.0
2009-02-05,19.7421,20.1563,19.7421,20.1119,4518500.0
2009-02-06,20.1119,20.3782,20.0084,20.3117,4491300.0
2009-02-09,20.2821,20.2969,20.001,20.2155,3457100.0
2009-02-10,20.0971,20.1341,19.498,19.5424,6108300.0
2009-02-11,19.6164,19.8531,19.5942,19.7865,4096400.0
2009-02-12,19.572,20.0158,19.4388,19.9788,6293000.0
2009-02-13,20.0232,20.0232,19.6903,19.7125,3830000.0
2009-02-17,19.5572,19.6459,19.2687,19.3723,5797800.0
2009-02-18,19.3944,19.4758,19.2169,19.3649,5808600.0
2009-02-19,19.4684,19.6016,19.3057,19.3279,3839300.0
2009-02-20,19.0024,19.3279,18.9802,19.1282,6587300.0
2009-02-23,19.0764,19.2835,18.6548,18.7509,7994100.0
2009-02-24,18.8693,19.0838,18.7287,19.0246,4673300.0
2009-02-25,18.9432,18.958,18.5512,18.64,7546300.0
2009-02-26,18.8619,18.8619,17.6414,17.745,7605800.0
2009-02-27,17.6044,17.6266,16.9535,16.9757,9417000.0
2009-03-02,17.5009,17.5009,16.1916,16.2656,11424600.0
2009-03-03,16.4579,16.628,16.1029,16.2286,7110700.0
2009-03-04,16.8352,16.8869,16.2804,16.7316,5681700.0
2009-03-05,16.6059,16.7834,15.881,16.2508,5782400.0
2009-03-06,16.2804,16.4875,15.9993,16.4875,6853500.0
2009-03-09,16.2804,16.5097,16.0511,16.1842,6769700.0
2009-03-10,16.3174,16.7982,16.31,16.7686,5711000.0
2009-03-11,16.9535,17.0349,16.3544,16.4727,8545400.0
2009-03-12,16.3839,17.4047,16.3839,17.2716,7357000.0
2009-03-13,17.4195,17.9595,17.3677,17.8411,11032800.0
2009-03-16,18.0112,18.0926,17.6414,17.6562,5004100.0
2009-03-17,17.6192,17.9743,17.5231,17.9299,4454800.0
2009-03-18,17.7672,18.2997,17.7672,17.9595,6711100.0
2009-03-19,18.1259,18.178,17.3593,17.5231,6292200.0
2009-03-20,17.6095,17.7882,17.4607,17.5277,4768500.0
2009-03-23,17.8477,18.7185,17.6691,18.1677,5006900.0
2009-03-24,18.0487,18.2347,17.8477,17.8477,4603600.0
2009-03-25,17.9296,18.2571,17.7286,18.0487,4124600.0
2009-03-26,18.1008,18.324,17.9668,18.2273,4439900.0
2009-03-27,18.1677,18.3166,18.0561,18.0561,4717900.0
2009-03-30,17.87,18.0263,17.7212,17.9519,4528000.0
2009-03-31,18.1826,18.3687,18.0114,18.0189,6021900.0
2009-04-01,17.8031,18.1156,17.5947,18.0114,4946200.0
2009-04-02,18.3836,18.3836,18.0189,18.0859,7659500.0
2009-04-03,18.2347,18.2645,17.6765,17.7882,6143600.0
2009-04-06,17.6393,18.071,17.6393,17.9593,4314100.0
2009-04-07,17.7584,17.9593,17.6021,17.7584,5578000.0
2009-04-08,17.8849,17.9891,17.7584,17.8924,3289300.0
2009-04-09,18.0933,18.2273,17.9147,17.9593,3841600.0
2009-04-13,17.9296,18.1901,17.9296,18.0933,4071500.0
2009-04-14,18.205,18.2198,17.9966,18.0189,2260600.0
2009-04-15,18.0114,18.1975,17.8626,18.1231,3175900.0
2009-04-16,18.1454,18.3315,17.9817,18.205,3209500.0
2009-04-17,18.2347,18.4952,18.205,18.4134,4583200.0
2009-04-20,18.1156,18.4059,17.9742,17.9742,6752400.0
2009-04-21,17.9519,18.138,17.7584,17.9147,5301100.0
2009-04-22,17.5947,17.87,17.5947,17.6914,5048700.0
2009-04-23,17.7137,17.7212,17.3342,17.7063,2977100.0
2009-04-24,17.8254,17.8477,17.6021,17.751,3554600.0
2009-04-27,17.87,18.004,17.7658,17.8775,3996200.0
2009-04-28,17.8998,18.1305,17.8254,17.9445,3715700.0
2009-04-29,17.9519,18.1603,17.8254,17.9742,6201200.0
2009-04-30,18.0338,18.2496,17.8626,17.9966,5952900.0
2009-05-01,18.0859,18.1008,17.8031,17.9147,4871100.0
2009-05-04,17.9891,18.3315,17.9891,18.2645,3167400.0
2009-05-05,18.2645,18.4803,18.2198,18.4729,5345900.0
2009-05-06,18.5994,18.6069,18.1975,18.3538,6395500.0
2009-05-07,18.4803,18.8897,18.3613,18.7334,8653200.0
2009-05-08,18.9939,19.1055,18.8153,19.046,5454700.0
2009-05-11,18.8971,18.9046,18.7036,18.7185,4415600.0
2009-05-12,18.8748,19.1055,18.6739,19.0237,4934800.0
2009-05-13,18.8004,19.2172,18.8004,18.979,6560400.0
2009-05-14,19.1427,19.1651,18.9418,19.0013,4448600.0
2009-05-15,19.0534,19.0534,18.7334,18.7334,5772900.0
2009-05-18,18.912,19.0385,18.7111,19.0385,4585500.0
2009-05-19,18.979,19.0385,18.8376,18.8971,6489700.0
2009-05-20,18.9195,19.1948,18.9195,18.9716,8309800.0
2009-05-21,18.8674,18.9716,18.5994,18.8004,4803000.0
2009-05-22,18.8153,18.9046,18.659,18.8227,3539600.0
2009-05-26,18.7483,19.0981,18.525,19.0981,4142300.0
2009-05-27,19.0162,19.0534,18.7706,18.8004,4384500.0
2009-05-28,18.7632,19.046,18.7111,18.8971,5560200.0
2009-05-29,18.8897,19.2321,18.8227,19.2321,6322000.0
2009-06-01,19.366,19.4256,19.2023,19.3511,6874800.0
2009-06-02,19.3288,19.5968,19.2172,19.5447,5927000.0
2009-06-03,19.3437,19.4553,19.2618,19.3735,5627400.0
2009-06-04,19.4405,19.4702,19.0832,19.1279,16869800.0
2009-06-05,19.3214,19.3437,18.9269,19.2544,7508400.0
2009-06-08,19.0981,19.1279,18.7855,18.9864,5998000.0
2009-06-09,19.0832,19.0832,18.8376,18.8376,5196700.0
2009-06-10,19.0683,19.0981,18.6813,18.8078,5992100.0
2009-06-11,18.7855,19.1948,18.7706,19.0088,6288600.0
2009-06-12,19.0311,19.2618,18.9046,19.0758,8620000.0
2009-06-15,18.8748,19.0237,18.4878,18.4878,6395000.0
2009-06-16,18.5027,18.8302,18.5027,18.5622,4918000.0
2009-06-17,18.592,19.0906,18.592,18.9864,7330100.0
2009-06-18,19.022,19.4708,18.9697,19.3511,10042600.0
2009-06-19,19.6276,19.7398,19.4256,19.5079,9326600.0
2009-06-22,19.3733,19.3733,19.104,19.1564,6015500.0
2009-06-23,19.2835,19.291,19.0442,19.0965,5653400.0
2009-06-24,19.2312,19.306,19.0666,19.1938,4057600.0
2009-06-25,19.2461,19.837,19.1264,19.7248,7965100.0
2009-06-26,19.7473,19.8071,19.5229,19.7248,4838600.0
2009-06-29,19.6874,19.867,19.5154,19.8445,4201500.0
2009-06-30,19.852,19.8595,19.5304,19.68,5294900.0
2009-07-01,19.7024,19.7922,19.6276,19.7323,4619200.0
2009-07-02,19.5229,19.6351,19.2611,19.3134,4546400.0
2009-07-06,19.1264,19.4331,19.104,19.4032,5457700.0
2009-07-07,19.4556,19.5902,19.3284,19.3359,7222700.0
2009-07-08,19.5079,19.6426,19.4331,19.5154,5207700.0
2009-07-09,19.5902,19.5977,19.1863,19.2237,5126200.0
2009-07-10,19.2237,19.3733,19.1339,19.1788,3554800.0
2009-07-13,19.2835,19.5528,19.1339,19.5154,4522100.0
2009-07-14,19.4107,19.665,19.3434,19.6052,4036000.0
2009-07-15,19.7248,19.7772,19.4705,19.7772,5230200.0
2009-07-16,19.7847,19.9717,19.7174,19.9044,5458000.0
2009-07-17,19.9642,19.9642,19.7473,19.8445,4097500.0
2009-07-20,19.8969,19.9343,19.6949,19.8894,3426200.0
2009-07-21,20.0614,20.2185,19.9717,20.1811,5483600.0
2009-07-22,20.1886,20.2784,20.024,20.1213,6730500.0
2009-07-23,20.1288,20.6224,20.0614,20.5102,6334300.0
2009-07-24,20.585,20.8992,20.4579,20.8469,4025700.0
2009-07-27,20.7272,20.8917,20.7047,20.8543,2482300.0
2009-07-28,20.8768,21.0413,20.8169,20.9965,5271500.0
2009-07-29,20.8543,21.0638,20.8394,20.989,3824000.0
2009-07-30,21.3181,21.3405,20.989,21.0114,4669700.0
2009-07-31,20.9441,21.1835,20.8469,20.8469,5495200.0
2009-08-03,20.9591,21.0937,20.7721,20.974,7713600.0
2009-08-04,20.8917,21.0264,20.8693,21.0264,4306100.0
2009-08-05,21.0638,21.0638,20.6972,20.7272,4344900.0
2009-08-06,20.7197,20.8394,20.4803,20.5776,7106100.0
2009-08-07,20.6673,20.8693,20.6299,20.6673,4867400.0
2009-08-10,20.6075,20.8693,20.5925,20.8319,4832400.0
2009-08-11,20.8618,20.9441,20.7496,20.802,4899300.0
2009-08-12,20.8618,21.0339,20.6898,20.9142,5200600.0
2009-08-13,20.974,20.989,20.6598,20.8917,5499500.0
2009-08-14,20.9366,20.989,20.6374,20.8917,5423300.0
2009-08-17,20.6299,20.9366,20.6299,20.8095,7403500.0
2009-08-18,20.9366,20.9366,20.6748,20.7945,3651400.0
2009-08-19,20.7721,21.0937,20.6748,21.0862,5360100.0
2009-08-20,21.1087,21.2583,21.0189,21.2358,4225700.0
2009-08-21,21.3331,21.5799,21.2732,21.4527,4857100.0
2009-08-24,21.6248,21.6248,21.4153,21.6023,5886800.0
2009-08-25,21.5799,21.7445,21.55,21.6248,4592200.0
2009-08-26,21.55,21.7519,21.5051,21.6098,5984200.0
2009-08-27,21.6098,21.6771,21.3854,21.6023,4298100.0
2009-08-28,21.6697,21.7145,21.2957,21.4752,5669500.0
2009-08-31,21.3181,21.5201,21.2283,21.4079,5183200.0
2009-09-01,21.4079,21.4901,21.0189,21.0713,7375900.0
2009-09-02,21.0713,21.2059,20.989,21.1087,5263100.0
2009-09-03,21.1909,21.1909,20.9142,21.0114,3821300.0
2009-09-04,21.1161,21.348,21.0713,21.3106,6362400.0
2009-09-08,21.3929,21.4004,21.1161,21.2134,6382600.0
2009-09-09,21.2433,21.5126,21.2134,21.4602,4572400.0
2009-09-10,21.4901,21.6248,21.3779,21.6248,4800400.0
2009-09-11,21.6173,21.6846,21.535,21.6323,5325300.0
2009-09-14,21.4602,21.737,21.4602,21.7145,3852500.0
2009-09-15,21.7145,21.7594,21.5201,21.5201,5726800.0
2009-09-16,21.5649,21.7145,21.4752,21.7145,4891500.0
2009-09-17,21.5868,21.7446,21.5868,21.7071,4933700.0
2009-09-18,21.7876,21.7951,21.6073,21.6073,6880300.0
2009-09-21,21.5397,21.8477,21.5397,21.8176,4548500.0
2009-09-22,21.8627,21.9078,21.6298,21.75,3654200.0
2009-09-23,21.72,21.7876,21.442,21.442,4085300.0
2009-09-24,21.5547,21.5697,21.3368,21.4195,4742000.0
2009-09-25,21.3669,21.5472,21.3368,21.4345,3454300.0
2009-09-28,21.5171,21.8402,21.472,21.6674,3914900.0
2009-09-29,21.72,21.8252,21.5998,21.6974,6331200.0
2009-09-30,21.7651,21.7651,21.3744,21.5397,6835100.0
2009-10-01,21.5547,21.5547,21.2166,21.2316,7485700.0
2009-10-02,21.1039,21.2542,21.0814,21.149,5886900.0
2009-10-05,21.1265,21.3293,21.0288,21.2391,4513700.0
2009-10-06,21.3368,21.5096,21.179,21.457,6764400.0
2009-10-07,21.4345,21.5096,21.3518,21.472,4090900.0
2009-10-08,21.5923,21.6524,21.457,21.4946,4494900.0
2009-10-09,21.4871,21.72,21.472,21.6974,5118700.0
2009-10-12,21.6674,21.8477,21.6674,21.8026,3773700.0
2009-10-13,21.735,21.735,21.5472,21.5923,4219200.0
2009-10-14,21.7651,21.9454,21.6073,21.9228,10097900.0
2009-10-15,21.8853,22.028,21.8327,21.9829,6039800.0
2009-10-16,21.8477,22.013,21.8252,21.9679,5467200.0
2009-10-19,21.9829,22.2008,21.9153,22.1858,4893100.0
2009-10-20,22.1407,22.2008,21.8928,21.9454,4617300.0
2009-10-21,21.9379,21.9829,21.6448,21.6674,8155300.0
2009-10-22,21.6148,21.8928,21.4796,21.8026,5051200.0
2009-10-23,21.8702,21.8702,21.4946,21.5622,5964300.0
2009-10-26,21.6373,21.7651,21.2917,21.3368,7129800.0
2009-10-27,21.3969,21.5622,21.3143,21.3443,7391000.0
2009-10-28,21.3969,21.4796,21.1866,21.2091,6352200.0
2009-10-29,21.2467,21.4195,21.1715,21.3969,5593300.0
2009-10-30,21.3293,21.4796,21.0588,21.0739,6772000.0
2009-11-02,21.0964,21.3443,21.0663,21.179,6806200.0
2009-11-03,21.1114,21.2391,21.0588,21.1715,4924600.0
2009-11-04,21.2241,21.72,21.2241,21.457,8080100.0
2009-11-05,21.6223,21.8627,21.5923,21.7575,6217200.0
2009-11-06,21.7651,21.9303,21.6749,21.9078,5247000.0
2009-11-09,22.0355,22.2985,21.9303,22.2233,4409700.0
2009-11-10,22.2384,22.4487,22.2083,22.4187,3513100.0
2009-11-11,22.5088,22.5539,22.2985,22.4562,5034500.0
2009-11-12,22.3736,22.5389,22.2759,22.3285,3391700.0
2009-11-13,22.3135,22.5088,22.291,22.3736,3642200.0
2009-11-16,22.5088,22.7493,22.3661,22.599,3667400.0
2009-11-17,22.629,22.6967,22.5314,22.6591,2849600.0
2009-11-18,22.7342,22.8094,22.5464,22.7868,4575400.0
2009-11-19,22.7267,22.7267,22.4337,22.7267,5860900.0
2009-11-20,22.7568,22.8544,22.5689,22.8319,4152800.0
2009-11-23,22.9671,23.1925,22.9371,23.0423,4239100.0
2009-11-24,23.1024,23.2902,22.9897,23.2226,6663100.0
2009-11-25,23.2752,23.3653,23.1775,23.3653,5630800.0
2009-11-27,23.0197,23.5156,22.8018,23.1174,3370200.0
2009-11-30,23.1625,23.1625,22.9671,23.0498,4995500.0
2009-12-01,23.1099,23.4555,23.1099,23.4555,5672100.0
2009-12-02,23.4179,23.5081,23.2902,23.4029,4076800.0
2009-12-03,23.3127,23.5306,23.2376,23.2902,7659800.0
2009-12-04,23.4404,23.5907,23.185,23.2601,6712500.0
2009-12-07,23.2752,23.5081,23.2226,23.2451,4233200.0
2009-12-08,23.1474,23.2526,23.0272,23.0648,5526900.0
2009-12-09,23.0948,23.2601,23.0272,23.2601,5767300.0
2009-12-10,23.3428,23.5531,23.3202,23.5005,6589400.0
2009-12-11,23.5005,23.6057,23.463,23.5005,5805300.0
2009-12-14,23.6132,23.7785,23.5907,23.7184,4472600.0
2009-12-15,23.7184,23.7259,23.5832,23.7259,3909500.0
2009-12-16,23.8011,23.8612,23.6057,23.6057,4534900.0
2009-12-17,23.403,23.5995,23.2595,23.3728,7115600.0
2009-12-18,23.4343,23.5325,23.3286,23.5174,8590200.0
2009-12-21,23.3739,23.8876,23.3663,23.7441,5686000.0
2009-12-22,23.8272,23.9027,23.6761,23.8272,3799400.0
2009-12-23,23.9103,23.9103,23.7516,23.7667,3380900.0
2009-12-24,23.7969,23.8121,23.6912,23.7667,2156600.0
2009-12-28,23.8649,23.9027,23.7516,23.9027,2363800.0
2009-12-29,23.9178,23.9934,23.8272,23.8574,10071800.0
2009-12-30,23.7818,23.8725,23.7214,23.7592,3480000.0
2009-12-31,23.8045,23.8196,23.4797,23.4797,3230300.0
2010-01-04,23.7743,23.8876,23.6232,23.88,4788500.0
2010-01-05,23.8423,23.9254,23.6534,23.6836,5265900.0
2010-01-06,23.6459,23.8876,23.6459,23.8876,4563000.0
2010-01-07,23.7969,23.9707,23.7441,23.9707,5953100.0
2010-01-08,24.016,24.0311,23.8423,23.9783,3780300.0
2010-01-11,24.1293,24.1747,24.0387,24.1445,4072900.0
2010-01-12,24.0387,24.1067,23.88,23.9707,5596900.0
2010-01-13,24.0311,24.3635,24.0236,24.288,5310200.0
2010-01-14,24.3333,24.5146,24.2427,24.5146,6939300.0
2010-01-15,24.4164,24.5524,24.1973,24.3409,9441600.0
2010-01-19,24.5222,24.9377,24.424,24.9301,16762700.0
2010-01-20,25.0132,25.051,24.5297,24.7186,15450100.0
2010-01-21,24.7186,24.8319,24.1596,24.1596,14478800.0
2010-01-22,24.1067,24.3409,23.8725,23.88,12768300.0
2010-01-25,24.1596,24.1596,23.8952,23.9178,7181600.0
2010-01-26,23.8272,23.9027,23.6534,23.7818,8892300.0
2010-01-27,23.6987,23.9858,23.6685,23.9027,13007800.0
2010-01-28,24.0236,24.0538,23.729,23.7894,8693200.0
2010-01-29,23.8725,23.9405,23.6383,23.6383,11145400.0
2010-02-01,23.6685,23.8347,23.5703,23.7667,6255900.0
2010-02-02,23.8272,24.2653,23.6912,24.2653,9214000.0
2010-02-03,24.1747,24.1973,23.8574,23.8952,5717200.0
2010-02-04,23.7365,23.8196,23.3134,23.3134,10381500.0
2010-02-05,23.2606,23.4041,22.8677,23.2681,14110300.0
2010-02-08,23.3059,23.3739,23.1095,23.1775,6682800.0
2010-02-09,23.4645,23.5703,23.1775,23.3588,8433500.0
2010-02-10,23.3361,23.3814,23.0339,23.2152,6922500.0
2010-02-11,23.0641,23.4494,23.0339,23.389,4055600.0
2010-02-12,23.2001,23.3663,23.0415,23.321,6874500.0
2010-02-16,23.5552,23.5552,23.2832,23.5174,4629500.0
2010-02-17,23.6081,23.8272,23.5703,23.7063,5358700.0
2010-02-18,23.7138,23.8347,23.6534,23.8196,5258800.0
2010-02-19,23.7441,23.8725,23.6761,23.8272,4136700.0
2010-02-22,23.9027,23.9027,23.6005,23.7516,6584000.0
2010-02-23,23.6836,23.7743,23.4797,23.5174,4164200.0
2010-02-24,23.593,23.7441,23.5099,23.6987,4111600.0
2010-02-25,23.5325,23.7138,23.4192,23.7138,5383500.0
2010-02-26,23.7516,23.8498,23.661,23.7214,4693100.0
2010-03-01,23.7214,24.0311,23.7214,23.9858,5678800.0
2010-03-02,23.9858,24.1293,23.9556,24.0311,5233100.0
2010-03-03,24.1445,24.1445,23.8952,23.9329,4844800.0
2010-03-04,23.9631,23.9783,23.7667,23.8574,5319300.0
2010-03-05,23.9103,24.1898,23.88,24.1898,5243300.0
2010-03-08,24.1973,24.1973,24.0387,24.0462,4310900.0
2010-03-09,23.9707,24.0916,23.9405,23.9934,4667600.0
2010-03-10,24.0462,24.1293,24.0085,24.0462,4003700.0
2010-03-11,24.0387,24.2351,23.9103,24.2351,5761800.0
2010-03-12,24.2729,24.2729,23.9934,24.0538,4290700.0
2010-03-15,24.0538,24.2124,24.0085,24.2124,4297800.0
2010-03-16,24.2124,24.2955,24.1218,24.2955,4188800.0
2010-03-17,24.2653,24.3484,24.1747,24.288,6906900.0
2010-03-18,24.2872,24.5222,24.2266,24.5222,6581900.0
2010-03-19,24.5131,24.5965,24.3539,24.4676,8070400.0
2010-03-22,24.4828,24.7784,24.4828,24.551,7465800.0
2010-03-23,24.6192,24.7253,24.5207,24.7253,5561400.0
2010-03-24,24.6798,24.7102,24.46,24.46,6155000.0
2010-03-25,24.6419,24.6419,24.3388,24.3388,4903700.0
2010-03-26,24.4221,24.4221,24.1341,24.1644,4929300.0
2010-03-29,24.2478,24.4373,24.2402,24.4373,4633300.0
2010-03-30,24.4145,24.4676,24.3388,24.3463,3139400.0
2010-03-31,24.3994,24.4676,24.2478,24.316,4156900.0
2010-04-01,24.4828,24.5358,24.3539,24.4903,4963100.0
2010-04-05,24.5131,24.5737,24.3842,24.4221,4090000.0
2010-04-06,24.3539,24.4524,24.3463,24.3842,3645200.0
2010-04-07,24.407,24.407,24.1872,24.2705,4570600.0
2010-04-08,24.2251,24.2705,24.1265,24.2175,4351600.0
2010-04-09,24.2478,24.3463,24.2099,24.3388,4053200.0
2010-04-12,24.2857,24.3918,24.2402,24.2478,4071800.0
2010-04-13,24.2023,24.316,24.1341,24.2705,6695100.0
2010-04-14,24.2857,24.2857,24.0962,24.172,6090400.0
2010-04-15,24.2023,24.2175,24.0507,24.1189,4873800.0
2010-04-16,24.0886,24.1568,23.8612,23.9749,8627000.0
2010-04-19,23.9749,24.1947,23.8915,24.1947,9818000.0
2010-04-20,24.2554,24.2933,24.1417,24.2251,4174700.0
2010-04-21,24.1417,24.2402,23.7096,23.8006,13319100.0
2010-04-22,23.6793,23.6869,23.3761,23.5201,8806200.0
2010-04-23,23.5429,23.7854,23.3761,23.7703,8603400.0
2010-04-26,23.8006,23.8612,23.4898,23.4898,6705200.0
2010-04-27,23.4595,23.6338,23.2018,23.2018,10479800.0
2010-04-28,23.4064,23.4898,23.1942,23.3913,9839700.0
2010-04-29,23.5126,23.8536,23.5126,23.6793,9603300.0
2010-04-30,23.7778,23.8233,23.4064,23.4443,11721500.0
2010-05-03,23.4064,23.6187,23.3913,23.5201,5485600.0
2010-05-04,23.414,23.6035,23.2852,23.3837,11819100.0
2010-05-05,23.2169,23.505,23.0426,23.4595,9159400.0
2010-05-06,23.3837,23.4519,21.6252,22.7925,20788600.0
2010-05-07,22.8455,22.8455,22.2391,22.5348,17992400.0
2010-05-10,22.9213,23.3685,22.9213,23.0881,12801300.0
2010-05-11,22.9744,23.3155,22.9213,23.0881,8743600.0
2010-05-12,23.2852,23.2927,23.0578,23.2776,6029600.0
2010-05-13,23.1942,23.27,23.0274,23.0274,6641500.0
2010-05-14,22.8986,23.0047,22.5348,22.7167,13420600.0
2010-05-17,22.7697,22.8076,22.3756,22.7167,11382800.0
2010-05-18,22.8304,22.9062,22.512,22.5575,10930200.0
2010-05-19,22.3907,22.6712,22.3453,22.4817,11396200.0
2010-05-20,22.1709,22.2846,21.7692,21.7919,14804200.0
2010-05-21,21.5266,21.8905,21.4129,21.845,14489800.0
2010-05-24,21.7389,22.0118,21.6176,21.7768,6184500.0
2010-05-25,21.3296,21.6858,21.2007,21.6858,14510600.0
2010-05-26,21.8147,21.9056,21.5266,21.5494,11273400.0
2010-05-27,21.7313,21.989,21.7313,21.989,9173200.0
2010-05-28,21.9814,22.1027,21.8071,21.8829,13096500.0
2010-06-01,21.7995,21.989,21.6024,21.6403,11373800.0
2010-06-02,21.8298,22.133,21.6479,22.1103,10399900.0
2010-06-03,22.1103,22.3074,22.08,22.224,7959600.0
2010-06-04,21.8981,21.9587,21.5115,21.5873,10315800.0
2010-06-07,21.6176,21.8298,21.557,21.557,9384700.0
2010-06-08,21.5645,21.6403,21.3447,21.6024,10421100.0
2010-06-09,21.6403,21.7616,21.4281,21.5115,8353500.0
2010-06-10,21.7161,21.9739,21.7161,21.9056,6813000.0
2010-06-11,21.8602,22.1406,21.8526,22.1027,6898000.0
2010-06-14,22.1709,22.3453,22.133,22.1406,6325500.0
2010-06-15,22.2467,22.5348,22.2391,22.5196,4794500.0
2010-06-16,22.4286,22.6333,22.3983,22.603,5441200.0
2010-06-17,22.6409,22.6409,22.4047,22.6333,5612300.0
2010-06-18,22.6724,22.6724,22.4667,22.5124,6325400.0
2010-06-21,22.7486,22.8019,22.36,22.4743,7159700.0
2010-06-22,22.4972,22.6571,22.2229,22.2686,7015400.0
2010-06-23,22.2686,22.3067,22.0477,22.1619,6263600.0
2010-06-24,22.0629,22.1924,21.9715,22.002,9775600.0
2010-06-25,22.002,22.2153,21.9258,22.1239,7341700.0
2010-06-28,22.101,22.2457,21.9258,22.0629,6494300.0
2010-06-29,21.8344,21.8801,21.5372,21.6591,14667400.0
2010-06-30,21.5525,21.7582,21.4382,21.4611,9312800.0
2010-07-01,21.4458,21.4458,20.943,21.3011,22105900.0
2010-07-02,21.3392,21.4991,21.2325,21.3392,9997000.0
2010-07-06,21.4991,21.6287,21.2858,21.4534,9137500.0
2010-07-07,21.4839,21.9029,21.3772,21.8648,8428400.0
2010-07-08,21.9562,22.1162,21.9105,22.0629,6835600.0
2010-07-09,22.1086,22.1239,22.002,22.1162,4062600.0
2010-07-12,22.0705,22.1543,21.9943,22.0781,4903500.0
2010-07-13,22.2381,22.3829,22.2077,22.2457,5286300.0
2010-07-14,22.1772,22.2915,22.0553,22.2457,5855800.0
2010-07-15,22.2381,22.3676,22.101,22.3143,4331800.0
2010-07-16,22.2077,22.3448,21.8191,21.8344,9303600.0
2010-07-19,21.941,22.0324,21.8496,21.9486,5305500.0
2010-07-20,21.6972,21.8953,21.5753,21.8877,8044800.0
2010-07-21,21.8801,21.9791,21.4839,21.5296,13850200.0
2010-07-22,21.7429,21.8877,21.5829,21.6667,10106900.0
2010-07-23,21.6591,21.7125,21.4611,21.6591,8660400.0
2010-07-26,21.7963,22.0096,21.682,21.9715,9755800.0
2010-07-27,22.0781,22.0781,21.8953,21.9943,6060400.0
2010-07-28,21.9562,22.0248,21.6591,21.6972,9023000.0
2010-07-29,21.8191,21.9639,21.5753,21.682,8537600.0
2010-07-30,21.4839,21.8572,21.4001,21.7658,7086800.0
2010-08-02,22.002,22.1924,21.9943,22.1772,11191500.0
2010-08-03,22.2077,22.4438,22.2077,22.36,9766500.0
2010-08-04,22.3753,22.6114,22.3372,22.581,8178100.0
2010-08-05,22.5048,22.5886,22.4134,22.5429,4208300.0
2010-08-06,22.3676,22.6571,22.3067,22.6343,7747600.0
2010-08-09,22.779,22.779,22.581,22.6952,3937900.0
2010-08-10,22.5352,22.84,22.4438,22.7638,8472200.0
2010-08-11,22.4362,22.4667,22.1315,22.1543,12627000.0
2010-08-12,21.9867,22.3143,21.9334,22.2686,9265000.0
2010-08-13,22.1086,22.2534,22.0705,22.1696,4247000.0
2010-08-16,22.0401,22.1162,21.8877,22.0553,4457100.0
2010-08-17,22.1848,22.4438,22.1239,22.36,6066700.0
2010-08-18,22.3981,22.4972,22.1848,22.3295,4337500.0
2010-08-19,22.2077,22.2457,21.8496,21.9182,8304400.0
2010-08-20,21.8877,21.9105,21.7048,21.842,5461000.0
2010-08-23,21.9867,22.1467,21.9182,21.941,6235800.0
2010-08-24,21.6363,21.7125,21.4001,21.4687,12258700.0
2010-08-25,21.4077,21.7734,21.3468,21.682,9373100.0
2010-08-26,21.7963,21.7963,21.4611,21.5449,6421400.0
2010-08-27,21.6058,21.7734,21.3315,21.7658,6998800.0
2010-08-30,21.7658,21.7886,21.4915,21.4915,5612300.0
2010-08-31,21.4611,21.5753,21.362,21.4077,8125500.0
2010-09-01,21.621,21.941,21.6134,21.9182,9572100.0
2010-09-02,21.941,22.0553,21.8801,22.0172,5792700.0
2010-09-03,22.0934,22.2381,22.0858,22.2381,6412900.0
2010-09-07,22.2,22.2,22.0477,22.0934,3678800.0
2010-09-08,22.0629,22.2838,22.0553,22.2153,6597000.0
2010-09-09,22.3753,22.52,22.3524,22.4514,5964400.0
2010-09-10,22.5581,22.7029,22.4514,22.68,5191500.0
2010-09-13,22.8019,22.84,22.619,22.7333,5798300.0
2010-09-14,22.6571,22.9009,22.6343,22.8095,7987000.0
2010-09-15,22.7562,23.0304,22.7257,23.0228,4693100.0
2010-09-16,22.8932,22.9697,22.8166,22.9238,4743200.0
2010-09-17,23.0111,23.08,22.8809,22.9422,5815500.0
2010-09-20,23.0264,23.2791,22.9498,23.2255,5254900.0
2010-09-21,23.2332,23.371,23.1489,23.2638,7233300.0
2010-09-22,23.2255,23.3786,23.1949,23.2868,5485300.0
2010-09-23,23.1413,23.325,23.1183,23.1642,8020000.0
2010-09-24,23.348,23.4935,23.3174,23.4782,5395600.0
2010-09-27,23.4782,23.4782,23.2868,23.2944,4338100.0
2010-09-28,23.3404,23.5395,23.2025,23.5088,5460200.0
2010-09-29,23.4093,23.5012,23.325,23.4093,5173500.0
2010-09-30,23.4935,23.6467,23.2638,23.3404,7906000.0
2010-10-01,23.5165,23.5471,23.2255,23.348,7347800.0
2010-10-04,23.3327,23.3863,23.057,23.1183,5970600.0
2010-10-05,23.4323,23.5854,23.3097,23.5624,6458100.0
2010-10-06,23.4935,23.5777,23.3786,23.4552,5640700.0
2010-10-07,23.5471,23.616,23.4323,23.5012,5959600.0
2010-10-08,23.5165,23.6237,23.4552,23.5624,3610700.0
2010-10-11,23.5471,23.616,23.4935,23.5777,2387400.0
2010-10-12,23.5318,23.6926,23.4323,23.6543,3122000.0
2010-10-13,23.7309,23.8764,23.6696,23.7998,3221700.0
2010-10-14,23.7692,23.8764,23.6467,23.7615,5015600.0
2010-10-15,23.7462,23.9223,23.7003,23.8534,5751900.0
2010-10-18,23.884,24.0831,23.8458,24.0755,3161000.0
2010-10-19,23.7998,23.884,23.5088,23.6237,8525200.0
2010-10-20,23.6773,23.953,23.616,23.8458,5205700.0
2010-10-21,23.9453,24.0219,23.7309,23.907,5366300.0
2010-10-22,23.9836,23.9836,23.8534,23.9147,3433900.0
2010-10-25,24.0449,24.2286,24.0219,24.0602,6119300.0
2010-10-26,23.9913,23.9913,23.8611,23.9759,3837200.0
2010-10-27,23.8611,23.93,23.685,23.8304,5036200.0
2010-10-28,23.9377,24.0525,23.8381,23.9683,4852200.0
2010-10-29,23.907,23.9453,23.7768,23.8381,6115200.0
2010-11-01,23.9989,24.1214,23.7462,23.8687,6456500.0
2010-11-02,24.0602,24.1214,24.0372,24.0985,4941100.0
2010-11-03,24.0985,24.175,23.8687,24.1138,7986100.0
2010-11-04,24.2899,24.2976,24.1597,24.2363,7603900.0
2010-11-05,24.2822,24.2822,23.9913,24.0831,8700000.0
2010-11-08,24.0525,24.0525,23.9683,24.0219,5104500.0
2010-11-09,24.0908,24.0908,23.8687,23.9223,5871600.0
2010-11-10,23.953,23.953,23.6773,23.9147,6295500.0
2010-11-11,23.7998,23.9989,23.7386,23.9989,5656000.0
2010-11-12,23.8381,23.8764,23.6543,23.685,6059600.0
2010-11-15,23.7003,23.8228,23.6543,23.6926,4040700.0
2010-11-16,23.5395,23.6084,23.2791,23.325,9626500.0
2010-11-17,23.3863,23.4782,23.3404,23.394,5325100.0
2010-11-18,23.5548,23.7692,23.4552,23.7309,5178600.0
2010-11-19,23.6926,23.7539,23.6007,23.7462,4999300.0
2010-11-22,23.7079,23.7692,23.5165,23.7462,7224000.0
2010-11-23,23.5012,23.5471,23.394,23.4016,8530000.0
2010-11-24,23.4935,23.639,23.4935,23.639,5173500.0
2010-11-26,23.5012,23.5318,23.3863,23.4399,2589900.0
2010-11-29,23.2944,23.4399,23.08,23.3786,7078600.0
2010-11-30,23.1413,23.325,23.1106,23.1795,7671400.0
2010-12-01,23.4399,23.662,23.4399,23.6237,8107800.0
2010-12-02,23.662,23.8075,23.616,23.8075,5070400.0
2010-12-03,23.7079,23.8228,23.6926,23.7845,7344700.0
2010-12-06,23.7232,23.7539,23.6313,23.6313,4749800.0
2010-12-07,23.8151,23.8381,23.639,23.6696,6338100.0
2010-12-08,23.7003,23.7309,23.5777,23.6926,4688100.0
2010-12-09,23.7232,23.7692,23.6543,23.7309,3362100.0
2010-12-10,23.7922,23.9836,23.7692,23.9606,5456800.0
2010-12-13,24.0142,24.1138,23.9683,24.0066,8926200.0
2010-12-14,24.0831,24.3052,24.0755,24.2286,5168600.0
2010-12-15,24.1521,24.3282,24.1444,24.1674,5548200.0
2010-12-16,24.1742,24.3436,24.0665,24.3282,4176900.0
2010-12-17,24.3392,24.3777,24.2006,24.3777,5696400.0
2010-12-20,24.4008,24.447,24.2699,24.37,3111200.0
2010-12-21,24.3931,24.4085,24.3084,24.3238,2868400.0
2010-12-22,24.3007,24.3777,24.2776,24.3777,2406800.0
2010-12-23,24.3315,24.4008,24.3315,24.3623,2810700.0
2010-12-27,24.3238,24.3392,24.2391,24.3161,775200.0
2010-12-28,24.3084,24.37,24.2622,24.3315,1543900.0
2010-12-29,24.3623,24.3931,24.3238,24.3392,1923000.0
2010-12-30,24.3084,24.3238,24.2391,24.2545,2857100.0
2010-12-31,24.2699,24.3007,24.1929,24.2468,3879700.0
2011-01-03,24.37,24.624,24.37,24.4624,6723800.0
2011-01-04,24.5162,24.5701,24.4162,24.547,4021600.0
2011-01-05,24.4547,24.6471,24.4547,24.6009,6469100.0
2011-01-06,24.6317,24.7164,24.6086,24.701,4802800.0
2011-01-07,24.7241,24.7241,24.547,24.6779,6054800.0
2011-01-10,24.5701,24.6702,24.5393,24.6163,4011300.0
2011-01-11,24.6779,24.7779,24.6394,24.7395,3213400.0
2011-01-12,24.8472,24.9088,24.7703,24.8703,2715800.0
2011-01-13,24.801,24.801,24.6702,24.7395,6435700.0
2011-01-14,24.6933,24.7703,24.6779,24.7703,3733100.0
2011-01-18,24.7779,24.8703,24.7626,24.8626,7927800.0
2011-01-19,24.8857,24.8857,24.6009,24.6933,8932100.0
2011-01-20,24.6856,24.801,24.5932,24.7549,8612600.0
2011-01-21,24.8318,24.8857,24.7472,24.7933,7487500.0
2011-01-24,24.7703,24.8395,24.7241,24.7472,3567400.0
2011-01-25,24.6625,24.8164,24.6548,24.7472,7814600.0
2011-01-26,24.7395,24.801,24.701,24.7164,7510600.0
2011-01-27,24.7472,24.8241,24.6702,24.7779,6753700.0
2011-01-28,24.7933,24.8241,24.3084,24.3315,10625500.0
2011-01-31,24.4547,24.4547,24.293,24.3854,7464600.0
2011-02-01,24.4854,24.8549,24.4854,24.8241,12132800.0
2011-02-02,24.7472,24.7703,24.6625,24.7241,4497100.0
2011-02-03,24.6548,24.8241,24.4701,24.7856,5880600.0
2011-02-04,24.8241,24.8934,24.6856,24.8934,3928500.0
2011-02-07,24.878,24.9242,24.8241,24.8549,8699800.0
2011-02-08,24.8241,24.9319,24.8241,24.9319,5020300.0
2011-02-09,24.8472,24.9165,24.7856,24.8626,4794800.0
2011-02-10,24.7779,24.9088,24.7703,24.8703,4226000.0
2011-02-11,24.7626,24.9858,24.7395,24.9319,4120400.0
2011-02-14,24.9704,25.0089,24.8703,25.0089,8720500.0
2011-02-15,24.9165,24.9781,24.8549,24.955,5333500.0
2011-02-16,25.0166,25.1782,24.9935,25.1166,4154100.0
2011-02-17,25.0243,25.2167,24.9781,25.1705,6263100.0
2011-02-18,25.1782,25.286,25.132,25.2629,4345700.0
2011-02-22,25.0012,25.1166,24.8087,24.8703,11739200.0
2011-02-23,24.801,24.878,24.624,24.6317,9354000.0
2011-02-24,24.5855,24.7703,24.5316,24.7241,8898900.0
2011-02-25,24.7933,24.9165,24.7395,24.8703,5989000.0
2011-02-28,24.9627,25.1782,24.9627,25.1628,9276400.0
2011-03-01,25.2244,25.2552,24.9396,24.9627,9431500.0
2011-03-02,24.9088,25.0704,24.8703,25.0243,11469200.0
2011-03-03,25.1782,25.5554,25.1782,25.54,10494200.0
2011-03-04,25.5169,25.5785,25.3245,25.4938,8111200.0
2011-03-07,25.5631,25.5631,25.1551,25.286,8004400.0
2011-03-08,25.3245,25.5246,25.2321,25.4553,5522900.0
2011-03-09,25.386,25.5554,25.3553,25.4861,7911900.0
2011-03-10,25.286,25.3399,25.0628,25.0935,12310300.0
2011-03-11,25.0858,25.2398,24.9935,25.1705,7725000.0
2011-03-14,25.0551,25.209,24.9396,25.0474,7295900.0
2011-03-15,24.624,24.878,24.5085,24.7626,12252200.0
2011-03-16,24.7164,24.7241,24.2006,24.3315,20399300.0
2011-03-17,24.5699,24.6782,24.4849,24.6086,9983800.0
2011-03-18,24.8677,24.9141,24.6589,24.7904,15439800.0
2011-03-21,24.9064,25.1306,24.8755,24.9141,8072100.0
2011-03-22,24.9682,25.061,24.8987,24.9218,6166700.0
2011-03-23,24.8677,24.9528,24.7053,24.8909,6609600.0
2011-03-24,24.9914,25.2311,24.8987,25.2002,9233000.0
2011-03-25,25.1925,25.3703,25.1848,25.2621,5198300.0
2011-03-28,25.2698,25.3162,25.2466,25.2543,3866400.0
2011-03-29,25.2311,25.409,25.2002,25.4013,3905600.0
2011-03-30,25.525,25.7183,25.525,25.5868,4728300.0
2011-03-31,25.5714,25.6951,25.5327,25.6178,2844000.0
2011-04-01,25.6951,25.7879,25.6487,25.7338,3810700.0
2011-04-04,25.8188,25.9425,25.8188,25.8884,3727500.0
2011-04-05,25.7879,25.8497,25.7415,25.7724,4137800.0
2011-04-06,25.8497,25.9116,25.7956,25.8266,3825500.0
2011-04-07,25.7724,25.8884,25.6951,25.7802,6419300.0
2011-04-08,25.8266,25.9039,25.6951,25.7724,6451400.0
2011-04-11,25.842,25.9735,25.842,25.9039,6401800.0
2011-04-12,25.8034,25.9812,25.8034,25.8807,6100900.0
2011-04-13,25.8729,25.958,25.8034,25.8575,4255900.0
2011-04-14,25.842,26.0431,25.7415,25.9812,7881700.0
2011-04-15,26.1281,26.2982,26.0972,26.19,8308100.0
2011-04-18,26.0585,26.0585,25.7879,25.9348,7161300.0
2011-04-19,25.9812,26.1668,25.9348,26.1281,5168800.0
2011-04-20,26.4297,26.507,26.3446,26.422,6398200.0
2011-04-21,26.5689,26.6385,26.391,26.4838,4602200.0
2011-04-25,26.3988,26.5379,26.3756,26.5147,4482600.0
2011-04-26,26.6385,26.8627,26.5534,26.7854,5537500.0
2011-04-27,26.7931,27.172,26.7776,27.1179,8471400.0
2011-04-28,27.1333,27.2803,27.1024,27.2803,4332400.0
2011-04-29,27.3189,27.3344,27.2107,27.2725,11425400.0
2011-05-02,27.4349,27.5818,27.3962,27.5432,10303500.0
2011-05-03,27.4658,27.5277,27.3189,27.4581,10438200.0
2011-05-04,27.4194,27.4813,27.288,27.4194,9188600.0
2011-05-05,27.3885,27.489,27.1797,27.2493,9473400.0
2011-05-06,27.4581,27.5818,27.3421,27.4504,6686000.0
2011-05-09,27.3112,27.636,27.3112,27.605,8195800.0
2011-05-10,27.721,27.7829,27.5586,27.7751,7502900.0
2011-05-11,27.8061,27.8757,27.5818,27.7287,12884800.0
2011-05-12,27.6282,27.9917,27.5509,27.9839,7622400.0
2011-05-13,28.0148,28.0999,27.7519,27.8989,9991700.0
2011-05-16,27.8525,28.0535,27.7829,27.9453,7456800.0
2011-05-17,27.8138,27.9607,27.7519,27.9453,7113700.0
2011-05-18,27.9453,28.185,27.8989,28.1618,5399200.0
2011-05-19,28.2778,28.2778,27.9685,28.0844,16271500.0
2011-05-20,28.1154,28.1154,27.7829,27.8293,10657700.0
2011-05-23,27.5741,27.636,27.4581,27.5818,26408500.0
2011-05-24,27.5741,27.6205,27.4736,27.5045,9682400.0
2011-05-25,27.4272,27.605,27.3808,27.5432,7072300.0
2011-05-26,27.4813,27.6128,27.3189,27.5818,6347300.0
2011-05-27,27.5818,27.6205,27.4658,27.5973,6244900.0
2011-05-31,27.7983,27.9298,27.6901,27.9298,9611600.0
2011-06-01,27.8293,27.8989,27.5122,27.5122,11098400.0
2011-06-02,27.5432,27.5432,27.3653,27.4581,7090600.0
2011-06-03,27.1643,27.3653,27.1643,27.2107,11381100.0
2011-06-06,27.1333,27.2029,27.0096,27.0483,6325200.0
2011-06-07,27.2416,27.3189,27.0869,27.1101,7309700.0
2011-06-08,27.0715,27.1797,27.0174,27.1333,5836500.0
2011-06-09,27.1952,27.5509,27.1488,27.4194,6197800.0
2011-06-10,27.3112,27.3112,26.8936,26.9091,15663300.0
2011-06-13,26.9014,27.172,26.9014,27.0483,9247700.0
2011-06-14,27.2571,27.3885,27.1797,27.2803,7407100.0
2011-06-15,27.1643,27.2493,26.8472,26.9091,14336400.0
2011-06-16,26.9244,27.0332,26.7767,26.9632,10138900.0
2011-06-17,27.1807,27.2507,26.9321,27.0253,15297000.0
2011-06-20,26.9632,27.3206,26.9243,27.2973,7923800.0
2011-06-21,27.3983,27.5226,27.3206,27.4527,11735700.0
2011-06-22,27.4216,27.4838,27.2817,27.2973,7368500.0
2011-06-23,27.2584,27.2895,26.9088,27.2662,17994900.0
2011-06-24,27.2584,27.2584,26.901,26.9476,10292800.0
2011-06-27,27.002,27.1574,26.8388,27.0875,5272000.0
2011-06-28,27.1419,27.5382,27.1108,27.4838,7828400.0
2011-06-29,27.6159,27.6159,27.4449,27.5226,6257600.0
2011-06-30,27.6392,27.6858,27.5459,27.6003,11041300.0
2011-07-01,27.6081,27.9578,27.5926,27.9344,9453200.0
2011-07-05,27.9655,27.9655,27.7713,27.8723,6152900.0
2011-07-06,27.8179,27.9811,27.8179,27.9344,6441400.0
2011-07-07,28.0665,28.0665,27.8179,27.9189,7105200.0
2011-07-08,27.7402,27.8334,27.6392,27.8024,6563700.0
2011-07-11,27.5615,27.6159,27.3517,27.4216,10425600.0
2011-07-12,27.4061,27.6936,27.3284,27.4371,5522100.0
2011-07-13,27.5615,27.7946,27.4527,27.5304,8268800.0
2011-07-14,27.5848,27.678,27.4138,27.4838,9342400.0
2011-07-15,27.5226,27.5304,27.204,27.3439,8200000.0
2011-07-18,27.2507,27.274,26.9398,27.1419,7833500.0
2011-07-19,27.1963,27.4449,27.1263,27.3672,8796200.0
2011-07-20,27.4216,27.4371,27.1885,27.2895,6601400.0
2011-07-21,27.5615,27.8101,27.476,27.6936,13470900.0
2011-07-22,27.678,27.7091,27.5382,27.6625,7359300.0
2011-07-25,27.4138,27.5537,27.3361,27.375,6248900.0
2011-07-26,27.3439,27.3594,27.1186,27.1652,7605900.0
2011-07-27,27.0253,27.0409,26.6446,26.6834,12188200.0
2011-07-28,26.6601,26.9476,26.6135,26.6523,13587100.0
2011-07-29,26.427,26.699,26.256,26.5358,17280400.0
2011-08-01,26.7689,26.7844,25.7898,26.0618,26384300.0
2011-08-02,25.9064,25.9841,25.479,25.5179,21806500.0
2011-08-03,25.5023,25.5489,25.0206,25.5489,22235400.0
2011-08-04,25.1837,25.3003,24.531,24.5777,25425300.0
2011-08-05,24.7175,25.075,24.1192,24.7175,33037200.0
2011-08-08,24.228,24.5077,23.4432,23.482,34323000.0
2011-08-09,23.7462,24.3368,23.0313,24.2901,29634000.0
2011-08-10,24.0104,24.1814,23.2411,23.3033,29438600.0
2011-08-11,23.3655,24.6554,23.3266,24.3601,20223300.0
2011-08-12,24.4999,24.8108,24.3368,24.5621,13827600.0
2011-08-15,24.8108,25.0516,24.6398,24.9973,22270400.0
2011-08-16,24.8574,25.1449,24.702,24.9662,14309300.0
2011-08-17,25.0361,25.2848,24.7797,24.9973,9639000.0
2011-08-18,24.4999,24.5543,23.9638,24.1969,13324100.0
2011-08-19,23.9483,24.4689,23.9094,24.1037,15607800.0
2011-08-22,24.4922,24.5466,24.057,24.0959,11624400.0
2011-08-23,24.1891,24.904,24.1347,24.8341,11123500.0
2011-08-24,24.7875,25.1837,24.7486,25.1682,11342300.0
2011-08-25,25.106,25.1993,24.6554,24.7564,13727600.0
2011-08-26,24.601,25.1371,24.127,25.0672,12052900.0
2011-08-29,25.3158,25.7121,25.3003,25.6655,10215500.0
2011-08-30,25.65,25.9297,25.4168,25.7665,10533800.0
2011-08-31,25.9219,26.1317,25.7432,25.9219,9645600.0
2011-09-01,25.9219,26.225,25.7277,25.7821,9392600.0
2011-09-02,25.378,25.6033,25.1604,25.2226,10658700.0
2011-09-06,24.632,25.3081,24.5854,25.2848,43581100.0
2011-09-07,25.58,25.8908,25.4712,25.8908,10099000.0
2011-09-08,25.7121,25.9763,25.5567,25.6033,8384900.0
2011-09-09,25.3236,25.3547,24.7253,24.8263,15015400.0
2011-09-12,24.5388,24.9506,24.4689,24.9118,12827400.0
2011-09-13,24.9895,25.2381,24.8574,25.1527,10887000.0
2011-09-14,25.2614,25.7044,24.9195,25.4246,13131900.0
2011-09-15,25.6109,25.6734,25.2515,25.65,11177900.0
2011-09-16,25.7416,25.8666,25.5463,25.7963,10472300.0
2011-09-19,25.4135,25.6479,25.3432,25.5229,11135700.0
2011-09-20,25.6479,26.0541,25.5072,25.7885,10319000.0
2011-09-21,25.8041,25.8432,25.0932,25.0932,13235200.0
2011-09-22,24.4682,24.7182,24.2885,24.5463,24925400.0
2011-09-23,24.4369,24.7494,24.351,24.601,17522800.0
2011-09-26,24.7963,25.0307,24.5073,24.9838,12621100.0
2011-09-27,25.3979,25.6869,25.265,25.3979,13270800.0
2011-09-28,25.476,25.515,24.9057,24.976,12653000.0
2011-09-29,25.265,25.4447,24.7416,25.1088,12212200.0
2011-09-30,24.8276,25.265,24.7807,24.7807,9948900.0
2011-10-03,24.601,24.9447,23.9838,23.9838,45252300.0
2011-10-04,23.7963,24.2807,23.5229,24.2807,19606200.0
2011-10-05,24.2807,24.6635,24.2026,24.6635,16252200.0
2011-10-06,24.6322,24.9447,24.5229,24.9447,8701200.0
2011-10-07,24.9838,25.1088,24.8432,24.9213,8660800.0
2011-10-10,25.1791,25.5307,25.1791,25.4916,5988100.0
2011-10-11,25.3979,25.4994,25.3197,25.4525,4623300.0
2011-10-12,25.5463,25.7182,25.4682,25.4994,7855600.0
2011-10-13,25.4057,25.5307,25.2416,25.4447,5805500.0
2011-10-14,25.7416,25.7416,25.5385,25.6869,5869600.0
2011-10-17,25.5932,25.6244,25.2025,25.2807,6125600.0
2011-10-18,25.1557,25.6244,24.9916,25.4682,8519900.0
2011-10-19,25.5854,25.6869,25.265,25.351,5928100.0
2011-10-20,25.3275,25.4994,25.0697,25.4057,6672300.0
2011-10-21,25.6244,25.9057,25.6244,25.89,6012800.0
2011-10-24,25.9447,26.265,25.8666,26.2182,35319000.0
2011-10-25,26.1557,26.1869,25.6557,25.726,7162100.0
2011-10-26,25.9603,26.1557,25.7416,26.101,7833400.0
2011-10-27,26.5619,26.7728,26.3353,26.7025,14793400.0
2011-10-28,26.5463,26.8119,26.5463,26.7572,6527100.0
2011-10-31,26.5306,26.6088,26.2182,26.2416,12512300.0
2011-11-01,25.726,26.0307,25.64,25.7182,12747900.0
2011-11-02,25.9916,26.0228,25.726,25.8978,5699800.0
2011-11-03,26.1166,26.2182,25.9057,26.1713,7066500.0
2011-11-04,25.9838,26.0619,25.7416,25.9369,5310500.0
2011-11-07,25.9447,26.2806,25.8353,26.2338,5255400.0
2011-11-08,26.3588,26.5775,26.1557,26.5228,4485700.0
2011-11-09,26.101,26.1791,25.6869,25.8041,11298700.0
2011-11-10,26.0385,26.2806,25.8978,26.1791,5787800.0
2011-11-11,26.3822,26.6947,26.3822,26.6166,6585100.0
2011-11-14,26.4447,26.5541,26.3197,26.4369,3498200.0
2011-11-15,26.4213,26.5775,26.265,26.4994,4989400.0
2011-11-16,26.2103,26.4135,25.976,26.0072,9532800.0
2011-11-17,25.9603,25.976,25.4994,25.7494,9285900.0
2011-11-18,25.7885,25.8197,25.6322,25.6635,5860100.0
2011-11-21,25.3041,25.3666,25.0776,25.1713,6989100.0
2011-11-22,25.1635,25.351,25.0932,25.2104,5044400.0
2011-11-23,25.0619,25.0619,24.8354,24.8588,6073500.0
2011-11-25,24.7963,24.9682,24.7494,24.7729,2387400.0
2011-11-28,25.1947,25.4838,25.1947,25.4213,6251600.0
2011-11-29,25.4916,25.7025,25.4604,25.5697,4429400.0
2011-11-30,26.0932,26.4994,26.0697,26.4603,10326400.0
2011-12-01,26.4135,26.6556,26.4056,26.4916,5835300.0
2011-12-02,26.6556,26.6869,26.1166,26.1478,14715000.0
2011-12-05,26.4525,26.5541,26.0932,26.2182,42346400.0
2011-12-06,26.2728,26.4994,26.226,26.3431,4421000.0
2011-12-07,26.2963,26.6556,26.1947,26.5306,5963200.0
2011-12-08,26.4056,26.4603,25.9838,26.0385,4823600.0
2011-12-09,26.1635,26.476,26.1166,26.4213,5166400.0
2011-12-12,26.2416,26.3041,25.9916,26.0775,4693300.0
2011-12-13,26.265,26.4135,25.9838,26.0541,4513300.0
2011-12-14,26.015,26.1713,25.976,26.0385,4883100.0
2011-12-15,26.2096,26.406,26.1939,26.3353,6134800.0
2011-12-16,26.5383,26.5383,26.2398,26.2555,5067600.0
2011-12-19,26.3655,26.5541,26.1691,26.2555,3737800.0
2011-12-20,26.5462,26.8369,26.5069,26.774,4524400.0
2011-12-21,26.8683,27.0097,26.7583,26.9626,4724000.0
2011-12-22,27.0804,27.1747,26.9547,27.1354,3532200.0
2011-12-23,27.2297,27.3711,27.1668,27.3397,2035400.0
2011-12-27,27.2847,27.4654,27.2847,27.4025,2107500.0
2011-12-28,27.4025,27.4025,27.049,27.104,4258900.0
2011-12-29,27.0804,27.3475,27.0804,27.3083,4378000.0
2011-12-30,27.2218,27.3947,27.2061,27.2533,2505800.0
2012-01-03,27.5754,27.7011,27.5204,27.5989,15040900.0
2012-01-04,27.5832,27.5989,27.379,27.4732,5880400.0
2012-01-05,27.3004,27.5832,27.269,27.5518,5189400.0
2012-01-06,27.5911,27.6618,27.4654,27.5754,6460200.0
2012-01-09,27.6539,27.6696,27.4261,27.6225,8986800.0
2012-01-10,27.8346,27.9132,27.811,27.8503,6423200.0
2012-01-11,27.8189,27.921,27.7246,27.8975,3206500.0
2012-01-12,27.9367,27.9839,27.7561,27.9446,3250000.0
2012-01-13,27.8032,27.8582,27.6225,27.8268,4566400.0
2012-01-17,28.0546,28.1803,27.976,28.031,5472200.0
2012-01-18,27.9996,28.1724,27.9446,28.1646,6403500.0
2012-01-19,28.1017,28.196,28.0153,28.1803,4315500.0
2012-01-20,28.2039,28.251,28.0624,28.1646,6553000.0
2012-01-23,28.1724,28.2196,27.9603,28.031,5362700.0
2012-01-24,27.9603,28.141,27.9603,28.0467,3644400.0
2012-01-25,27.9525,28.2981,27.8739,28.2667,6501200.0
2012-01-26,28.361,28.361,28.031,28.1253,4549200.0
2012-01-27,28.0153,28.2353,28.0153,28.141,3342800.0
2012-01-30,27.9682,28.1174,27.8503,28.1174,4879700.0
2012-01-31,28.2117,28.3846,28.0546,28.1253,7329700.0
2012-02-01,28.2117,28.5338,28.2117,28.4317,12751500.0
2012-02-02,28.4317,28.4317,28.1253,28.3138,5507300.0
2012-02-03,28.4553,28.4945,28.3531,28.4553,7962500.0
2012-02-06,28.3296,28.4003,28.2117,28.2981,3827000.0
2012-02-07,28.2667,28.4317,28.1724,28.4003,3277100.0
2012-02-08,28.4081,28.4317,28.2431,28.4003,4304600.0
2012-02-09,28.3846,28.4003,28.1724,28.251,5782000.0
2012-02-10,28.1017,28.1646,27.9839,28.1332,3469200.0
2012-02-13,28.2667,28.416,28.2589,28.361,5177100.0
2012-02-14,28.3531,28.4788,28.2824,28.4631,4112500.0
2012-02-15,28.526,28.5338,28.3217,28.4081,5505300.0
2012-02-16,28.361,28.5967,28.3138,28.5652,4605200.0
2012-02-17,28.5495,28.5652,28.416,28.471,4242200.0
2012-02-21,28.5181,28.5495,28.2196,28.2667,6690400.0
2012-02-22,28.2431,28.3531,28.1646,28.2667,3898100.0
2012-02-23,28.2824,28.3374,28.2274,28.2903,3172200.0
2012-02-24,28.3688,28.471,28.3138,28.4238,5378500.0
2012-02-27,28.2903,28.5495,28.2196,28.4867,6849100.0
2012-02-28,28.4553,28.6438,28.4238,28.5967,4030600.0
2012-02-29,28.581,28.6595,28.4238,28.4238,5913600.0
2012-03-01,28.4474,28.6124,28.4238,28.5731,5827800.0
2012-03-02,28.6281,28.6281,28.4553,28.5417,3425200.0
2012-03-05,28.4788,28.6124,28.4238,28.4631,3285900.0
2012-03-06,28.306,28.3767,28.031,28.0782,3918100.0
2012-03-07,28.1567,28.2431,28.0624,28.2196,3778200.0
2012-03-08,28.3688,28.6045,28.3688,28.526,3961300.0
2012-03-09,28.5731,28.7538,28.5574,28.6517,4561900.0
2012-03-12,28.5967,28.7067,28.5888,28.6517,2190800.0
2012-03-13,28.8009,29.0759,28.7381,29.0602,7034700.0
2012-03-14,28.9895,29.1152,28.9895,29.0366,5505300.0
2012-03-15,29.0599,29.1468,28.981,29.1152,3625200.0
2012-03-16,29.1756,29.2072,29.0571,29.0729,3757500.0
2012-03-19,29.0493,29.1361,28.994,29.0808,3958900.0
2012-03-20,28.915,29.0335,28.9071,28.9387,2822800.0
2012-03-21,28.9782,28.994,28.8755,28.9071,3413300.0
2012-03-22,28.8045,28.8913,28.7413,28.8282,4744800.0
2012-03-23,28.8913,28.9466,28.7887,28.9466,2578000.0
2012-03-26,29.1045,29.4204,29.065,29.4204,9211100.0
2012-03-27,29.4362,29.5941,29.4362,29.4756,5163000.0
2012-03-28,29.4993,29.602,29.2703,29.3967,7723500.0
2012-03-29,29.2861,29.5072,29.2467,29.4756,8473000.0
2012-03-30,29.5862,29.7362,29.5388,29.6809,6275400.0
2012-04-02,29.6967,29.8783,29.5941,29.7994,9107900.0
2012-04-03,29.831,30.0047,29.6493,29.7836,8493500.0
2012-04-04,29.6651,29.7125,29.5546,29.6178,5365600.0
2012-04-05,29.5309,29.6493,29.4677,29.6257,3409200.0
2012-04-09,29.3809,29.3888,29.2309,29.2467,3032500.0
2012-04-10,29.2309,29.3019,28.8992,28.8992,5499700.0
2012-04-11,29.1598,29.1835,28.994,29.0098,3550300.0
2012-04-12,29.0493,29.2072,29.0335,29.1835,4569900.0
2012-04-13,29.1282,29.1282,28.8834,28.8834,4872000.0
2012-04-16,29.0256,29.0256,28.8045,28.8913,6405700.0
2012-04-17,29.0414,29.3414,28.9782,29.3177,3877700.0
2012-04-18,29.2624,29.3256,29.2072,29.223,2741700.0
2012-04-19,29.3809,29.523,29.1756,29.2861,7752400.0
2012-04-20,29.373,29.5941,29.3335,29.4283,5482100.0
2012-04-23,29.1361,29.2545,29.1282,29.2151,4070900.0
2012-04-24,29.2388,29.3809,29.1756,29.3177,2884500.0
2012-04-25,29.4677,29.673,29.4441,29.6257,5965900.0
2012-04-26,29.4914,29.6572,29.3888,29.6178,5267700.0
2012-04-27,29.673,29.7678,29.5467,29.6336,3489300.0
2012-04-30,29.6178,29.7125,29.5388,29.6178,4425100.0
2012-05-01,29.5625,29.8073,29.4204,29.7283,5423500.0
2012-05-02,29.6099,29.6967,29.5862,29.673,2672400.0
2012-05-03,29.7046,29.7046,29.5151,29.5309,3052600.0
2012-05-04,29.4441,29.4677,29.1598,29.1756,4769600.0
2012-05-07,29.0019,29.3414,29.0019,29.2388,5508800.0
2012-05-08,29.065,29.3098,28.9466,29.2467,3751100.0
2012-05-09,29.0808,29.2309,28.8834,29.0571,8241500.0
2012-05-10,29.1914,29.373,29.1914,29.2545,3165000.0
2012-05-11,29.1993,29.4519,29.1914,29.2309,3435000.0
2012-05-14,29.0493,29.2467,28.9229,29.1282,8008700.0
2012-05-15,29.0571,29.1677,28.8834,28.9387,4823000.0
2012-05-16,29.0256,29.1361,28.9624,29.0019,6129400.0
2012-05-17,29.0571,29.065,28.7018,28.7018,5328400.0
2012-05-18,28.8124,28.8203,28.3939,28.4807,6484100.0
2012-05-21,28.5123,28.7808,28.4965,28.7492,6713600.0
2012-05-22,28.7808,28.9466,28.5992,28.6781,5236000.0
2012-05-23,28.6071,28.6939,28.2754,28.5518,6541800.0
2012-05-24,28.6308,28.8282,28.5518,28.8282,5942200.0
2012-05-25,28.7571,28.915,28.6702,28.7571,2892600.0
2012-05-29,28.8913,29.0177,28.7571,28.8519,5228700.0
2012-05-30,28.7492,28.765,28.5992,28.686,3559900.0
2012-05-31,28.686,28.7492,28.386,28.5439,4360300.0
2012-06-01,28.2676,28.3465,28.007,28.0544,7512600.0
2012-06-04,28.0544,28.1649,27.9359,28.1017,4334500.0
2012-06-05,28.0149,28.3307,27.9912,28.2597,7453900.0
2012-06-06,28.3702,28.7018,28.3228,28.7018,7201800.0
2012-06-07,28.8913,28.8992,28.6545,28.7176,5843200.0
2012-06-08,28.6308,28.9229,28.6308,28.8913,4908900.0
2012-06-11,28.9782,29.0335,28.6229,28.6466,7261800.0
2012-06-12,28.6939,28.9071,28.536,28.9071,7799500.0
2012-06-13,28.8992,29.1361,28.7966,28.8676,13153700.0
2012-06-14,28.9367,29.3892,28.8811,29.3098,12773000.0
2012-06-15,29.3644,29.4914,29.3485,29.4199,5930300.0
2012-06-18,29.3961,29.6184,29.3882,29.6184,5801400.0
2012-06-19,29.674,29.9677,29.674,29.8883,5720500.0
2012-06-20,29.8407,29.9518,29.6104,29.801,5706700.0
2012-06-21,29.7454,29.8804,29.3564,29.404,4458800.0
2012-06-22,29.539,29.7613,29.4755,29.7057,4231800.0
2012-06-25,29.277,29.4676,29.277,29.3405,8419100.0
2012-06-26,29.3961,29.5231,29.3247,29.404,5983200.0
2012-06-27,29.5152,29.8407,29.4676,29.7454,7508600.0
2012-06-28,29.6501,29.6978,29.3088,29.6104,11415200.0
2012-06-29,29.8645,30.19,29.8645,30.1661,9056000.0
2012-07-02,30.2296,30.2852,30.0471,30.2693,6075700.0
2012-07-03,30.2455,30.3408,30.1423,30.2614,3600300.0
2012-07-05,30.19,30.2138,30.0391,30.0709,3427100.0
2012-07-06,29.9518,29.9915,29.7533,29.8724,5675000.0
2012-07-09,29.7375,30.0788,29.7375,30.0312,5935900.0
2012-07-10,30.2058,30.2058,29.793,29.8804,5285000.0
2012-07-11,29.8645,29.92,29.7057,29.8645,5305000.0
2012-07-12,29.8327,30.0312,29.6819,29.9359,3819700.0
2012-07-13,29.9439,30.317,29.928,30.2614,4910800.0
2012-07-16,30.2376,30.3567,30.1661,30.3249,3396000.0
2012-07-17,30.3964,30.7774,30.2614,30.7139,5996100.0
2012-07-18,30.6028,30.833,30.5154,30.7615,4570000.0
2012-07-19,30.7933,30.833,30.5789,30.7774,4540800.0
2012-07-20,30.6504,30.7218,30.317,30.3646,3881200.0
2012-07-23,30.0629,30.0868,29.8407,30.0074,4437800.0
2012-07-24,29.9836,30.0074,29.5152,29.6898,4195400.0
2012-07-25,29.7216,29.8645,29.539,29.8168,4122900.0
2012-07-26,30.1264,30.2455,29.9836,30.0868,8265500.0
2012-07-27,30.2852,30.8806,30.2693,30.8171,5704100.0
2012-07-30,30.7536,30.8171,30.6186,30.6663,4900300.0
2012-07-31,30.6424,30.7695,30.4678,30.4757,5038600.0
2012-08-01,30.6424,30.7218,30.436,30.4916,5995400.0
2012-08-02,30.2535,30.4043,29.9915,30.1979,5056400.0
2012-08-03,30.5313,30.7377,30.4837,30.5551,4206800.0
2012-08-06,30.6583,30.6663,30.5313,30.5631,3279400.0
2012-08-07,30.5075,30.5869,30.4599,30.4916,3986600.0
2012-08-08,30.5551,30.6504,30.4678,30.6028,2948000.0
2012-08-09,30.5789,30.6901,30.5234,30.6028,3011700.0
2012-08-10,30.571,30.7377,30.5154,30.7139,3815100.0
2012-08-13,30.6107,30.6742,30.4916,30.6345,2134200.0
2012-08-14,30.7695,30.7774,30.6504,30.7139,2363300.0
2012-08-15,30.7218,30.8727,30.6663,30.7853,2036000.0
2012-08-16,30.7853,30.7853,30.5948,30.706,4499500.0
2012-08-17,30.7377,30.7377,30.4519,30.5472,5670700.0
2012-08-20,30.5472,30.6504,30.5075,30.6107,4418400.0
2012-08-21,30.6186,30.7615,30.4996,30.5075,4447000.0
2012-08-22,30.4837,30.5948,30.444,30.5313,2428300.0
2012-08-23,30.5075,30.571,30.4281,30.4837,2467800.0
2012-08-24,30.5234,30.833,30.4916,30.7536,4728600.0
2012-08-27,30.7774,30.9124,30.6821,30.7853,3491700.0
2012-08-28,30.6821,30.8409,30.6424,30.7377,3244300.0
2012-08-29,30.7218,30.952,30.7139,30.8409,2611100.0
2012-08-30,30.6901,30.8092,30.6028,30.7377,3653400.0
2012-08-31,30.8488,30.9997,30.698,30.833,3648300.0
2012-09-04,30.8012,30.9759,30.6583,30.8885,4438800.0
2012-09-05,30.952,31.0235,30.8171,30.9044,2509500.0
2012-09-06,31.0394,31.4045,31.0394,31.3807,4689700.0
2012-09-07,31.4601,31.4839,31.2934,31.3807,3386900.0
2012-09-10,31.3887,31.4125,31.2696,31.2696,2558100.0
2012-09-11,31.2775,31.3728,31.2537,31.2855,2248700.0
2012-09-12,31.2934,31.3887,31.2458,31.3013,2786200.0
2012-09-13,31.3093,31.6824,31.1981,31.6189,6631400.0
2012-09-14,31.6189,31.6665,31.3966,31.4919,10397000.0
2012-09-17,31.4125,31.6744,31.4125,31.6744,2487600.0
2012-09-18,31.6268,31.8173,31.603,31.7776,2966500.0
2012-09-19,31.7776,31.9205,31.7459,31.8015,3235200.0
2012-09-20,31.7848,31.9444,31.697,31.9444,4727700.0
2012-09-21,32.0309,32.1665,31.9751,32.0628,6460800.0
2012-09-24,32.0229,32.2144,31.983,32.1506,6607900.0
2012-09-25,32.2463,32.4537,32.1187,32.1426,4780900.0
2012-09-26,32.1984,32.2702,31.9432,31.9591,6541800.0
2012-09-27,32.007,32.2304,31.983,32.1586,2994600.0
2012-09-28,32.0868,32.0947,31.8714,31.999,4130900.0
2012-10-01,32.1027,32.3979,32.0868,32.1984,4929600.0
2012-10-02,32.3101,32.4298,32.1825,32.342,5534000.0
2012-10-03,32.3819,32.6372,32.35,32.6133,5069100.0
2012-10-04,32.6612,32.9244,32.6372,32.8127,4750700.0
2012-10-05,32.9484,32.9803,32.7649,32.8447,3830700.0
2012-10-08,32.8287,32.8606,32.6612,32.8127,2865500.0
2012-10-09,32.6532,33.0281,32.2942,32.4218,6307500.0
2012-10-10,32.4378,32.4378,32.0788,32.1825,6001900.0
2012-10-11,32.3261,32.4218,32.1984,32.2064,3653700.0
2012-10-12,32.342,32.4138,32.1426,32.1586,3139500.0
2012-10-15,32.2383,32.6452,32.2304,32.6213,11329600.0
2012-10-16,32.725,32.9723,32.717,32.9723,5400600.0
2012-10-17,33.0281,33.0281,32.8447,32.9723,5214600.0
2012-10-18,32.8526,32.9962,32.717,32.9883,4195600.0
2012-10-19,32.9005,32.9723,32.3341,32.3899,5898200.0
2012-10-22,32.3899,32.4537,32.2224,32.4138,4217100.0
2012-10-23,32.1665,32.1665,31.7916,31.983,5717000.0
2012-10-24,32.1745,32.2144,31.999,32.0389,5731200.0
2012-10-25,32.2383,32.374,32.1426,32.2942,4449700.0
2012-10-26,32.2543,32.3261,32.0229,32.1665,3407100.0
2012-10-31,32.3261,32.374,31.7916,31.9112,7624500.0
2012-11-01,31.9033,32.2942,31.9033,32.1984,4617300.0
2012-11-02,32.2463,32.35,31.983,32.0229,6701300.0
2012-11-05,31.991,32.1107,31.8315,32.0469,4411100.0
2012-11-06,32.015,32.2702,31.8714,32.0708,7259200.0
2012-11-07,31.8634,31.8873,31.2411,31.5124,11211900.0
2012-11-08,31.5203,31.5522,31.1534,31.1534,8341800.0
2012-11-09,31.0975,31.4565,31.0337,31.2491,6937600.0
2012-11-12,31.4804,31.5443,31.3448,31.4086,3382700.0
2012-11-13,31.281,31.632,31.265,31.289,4964400.0
2012-11-14,31.3129,31.4166,30.8342,30.914,6256000.0
2012-11-15,30.8901,30.9539,30.6986,30.8263,8429600.0
2012-11-16,30.8741,31.1454,30.7784,31.0576,6306400.0
2012-11-19,31.3528,31.4007,31.2491,31.3847,6587200.0
2012-11-20,31.3767,31.5682,31.3049,31.5602,4481100.0
2012-11-21,31.4804,31.648,31.4804,31.5363,4942600.0
2012-11-23,31.7198,31.9352,31.632,31.9272,2661300.0
2012-11-26,31.7756,31.7996,31.624,31.7836,4530600.0
2012-11-27,31.648,31.8235,31.5762,31.5921,5036600.0
2012-11-28,31.4964,31.8634,31.3448,31.8394,7259900.0
2012-11-29,32.0389,32.1266,31.9192,32.0628,6918000.0
2012-11-30,32.0947,32.1665,31.9671,32.1027,3745900.0
2012-12-03,32.1825,32.3101,31.983,32.0389,8347600.0
2012-12-04,32.0309,32.2064,32.0229,32.0947,3738900.0
2012-12-05,32.1665,32.35,31.9751,32.2064,6009900.0
2012-12-06,32.1905,32.2623,32.1187,32.1905,2793000.0
2012-12-07,32.3101,32.3181,32.0389,32.2942,4493000.0
2012-12-10,32.2224,32.4856,32.1665,32.4298,4936900.0
2012-12-11,32.5814,32.8526,32.4777,32.7729,3520900.0
2012-12-12,32.8287,32.9484,32.6691,32.725,6638200.0
2012-12-13,32.7011,32.7489,32.3819,32.4458,5732900.0
2012-12-14,32.35,32.4537,32.2782,32.3181,4132200.0
2012-12-17,32.4218,32.5814,32.342,32.5734,5298000.0
2012-12-18,32.6612,32.8766,32.5096,32.8287,6466900.0
2012-12-19,32.8447,32.8447,32.4537,32.4777,5413500.0
2012-12-20,32.4213,32.5336,32.3571,32.5255,4583900.0
2012-12-21,32.2359,32.3803,32.1316,32.2519,5176100.0
2012-12-24,32.1236,32.2279,32.0594,32.1236,3201000.0
2012-12-26,32.1637,32.1798,31.891,32.0113,4208600.0
2012-12-27,32.0434,32.1236,31.6744,31.9632,5332800.0
2012-12-28,31.8589,31.9552,31.6263,31.6424,5602600.0
2012-12-31,31.5782,32.0434,31.4739,32.0434,11410900.0
2013-01-02,32.6289,32.645,32.3883,32.6049,8861600.0
2013-01-03,32.645,32.669,32.4926,32.661,5094800.0
2013-01-04,32.7653,32.8696,32.7252,32.7974,4364700.0
2013-01-07,32.7412,32.9498,32.7091,32.9097,3820500.0
2013-01-08,32.9016,33.046,32.8936,32.9177,5430700.0
2013-01-09,33.0139,33.2786,32.9979,33.2786,5303500.0
2013-01-10,33.407,33.5513,33.2465,33.5112,4694200.0
2013-01-11,33.5353,33.5914,33.407,33.5032,3724300.0
2013-01-14,33.4872,33.5914,33.3989,33.5353,4485500.0
2013-01-15,33.407,33.5273,33.3829,33.4952,5632000.0
2013-01-16,33.4631,33.5273,33.3749,33.423,3493000.0
2013-01-17,33.6075,33.816,33.5192,33.7198,4161200.0
2013-01-18,33.7358,33.8401,33.6155,33.8321,5900000.0
2013-01-22,33.7759,33.9363,33.6636,33.9283,5443200.0
2013-01-23,33.9684,34.0326,33.8,33.8882,5384100.0
2013-01-24,33.9925,34.2171,33.9684,34.1048,6155500.0
2013-01-25,34.1369,34.3855,34.0967,34.3695,3611700.0
2013-01-28,34.4096,34.4577,34.2331,34.2491,5437400.0
2013-01-29,34.2892,34.6743,34.2732,34.6181,6289100.0
2013-01-30,34.6502,34.7224,34.4737,34.5138,5177600.0
2013-01-31,34.4497,34.5379,34.4015,34.4176,5680000.0
2013-02-01,34.562,34.7545,34.4497,34.6903,5164800.0
2013-02-04,34.5299,34.5539,34.2812,34.3053,5700900.0
2013-02-05,34.4737,34.7464,34.4737,34.6823,5284700.0
2013-02-06,34.7224,34.7464,34.57,34.6743,3429900.0
2013-02-07,34.7063,34.7144,34.3614,34.5459,6313100.0
2013-02-08,34.6341,34.8026,34.562,34.8026,4005400.0
2013-02-11,34.8026,34.8026,34.6582,34.7304,2375300.0
2013-02-12,34.6983,34.7946,34.6662,34.6903,4901300.0
2013-02-13,34.7384,34.7545,34.562,34.6662,4406900.0
2013-02-14,34.6261,34.8026,34.562,34.7384,4898800.0
2013-02-15,34.7545,34.8507,34.6823,34.8186,8025300.0
2013-02-19,34.7304,35.0432,34.7304,35.0352,6302800.0
2013-02-20,35.0111,35.0833,34.8026,34.8106,6503100.0
2013-02-21,34.7464,34.7545,34.5299,34.6502,6835000.0
2013-02-22,34.7705,34.8347,34.6261,34.8026,4221300.0
2013-02-25,34.979,35.0753,34.3935,34.4176,5542100.0
2013-02-26,34.562,34.594,34.2572,34.5058,6094000.0
2013-02-27,34.5459,34.9951,34.3935,34.8828,6506800.0
2013-02-28,34.8908,35.1234,34.8347,34.8507,4153200.0
2013-03-01,34.6903,35.1234,34.6743,35.1154,6789500.0
2013-03-04,35.0352,35.3159,34.979,35.3159,4513000.0
2013-03-05,35.4362,35.6769,35.4042,35.6127,5991500.0
2013-03-06,35.717,35.7731,35.6127,35.6849,4681200.0
2013-03-07,35.7651,35.8212,35.6207,35.6608,4223800.0
2013-03-08,35.7811,35.8293,35.5646,35.725,3831300.0
2013-03-11,35.733,35.9095,35.6368,35.9095,4219500.0
2013-03-12,35.9817,36.0939,35.9496,36.0699,3627900.0
2013-03-13,36.0378,36.11,35.9175,36.0779,3704200.0
2013-03-14,36.1503,36.1744,35.9972,36.11,3422900.0
2013-03-15,36.0167,36.1214,35.8959,36.0328,4586100.0
2013-03-18,35.775,35.9925,35.6542,35.7992,3870600.0
2013-03-19,35.9039,35.9361,35.622,35.8234,6690600.0
2013-03-20,35.9523,36.202,35.9523,36.1214,4184600.0
2013-03-21,36.057,36.1214,35.8475,35.92,4307700.0
2013-03-22,36.0409,36.1939,36.0006,36.1859,5361900.0
2013-03-25,36.2745,36.3309,35.9281,36.0892,6579700.0
2013-03-26,36.1536,36.5323,36.1536,36.5081,4629800.0
2013-03-27,36.4195,36.7175,36.3067,36.6934,4631900.0
2013-03-28,36.7981,37.0881,36.7014,37.0156,6795500.0
2013-04-01,37.0156,37.1445,36.9109,37.1123,5864600.0
2013-04-02,37.37,37.6923,37.37,37.6601,8147100.0
2013-04-03,37.652,37.7567,37.3539,37.4264,8074300.0
2013-04-04,37.4828,37.8051,37.4426,37.5956,9487700.0
2013-04-05,37.2734,37.3942,37.1687,37.3862,8619700.0
2013-04-08,37.362,37.4184,37.072,37.3942,6971500.0
2013-04-09,37.5312,37.7164,37.4426,37.5392,5646300.0
2013-04-10,37.7084,38.2078,37.6842,38.1837,8219000.0
2013-04-11,38.2159,38.6751,38.2159,38.5542,7436300.0
2013-04-12,38.4414,38.6589,38.3931,38.5945,5360500.0
2013-04-15,38.5703,38.667,37.8776,37.9098,9684900.0
2013-04-16,38.1998,38.4656,38.0387,38.4576,8299000.0
2013-04-17,38.2078,38.3931,37.9742,38.2803,11571300.0
2013-04-18,38.2401,38.2723,37.6762,37.8051,9843300.0
2013-04-19,37.8856,38.377,37.8614,38.3448,11967700.0
2013-04-22,38.5059,38.6348,38.3045,38.5784,4024200.0
2013-04-23,38.7073,38.9731,38.4092,38.8201,9647600.0
2013-04-24,38.7637,38.7717,38.1192,38.1514,10758100.0
2013-04-25,38.3609,38.4092,38.1031,38.3045,10075500.0
2013-04-26,38.1756,38.3851,38.0789,38.2723,5972300.0
2013-04-29,38.4092,38.5542,38.3287,38.4173,3659700.0
2013-04-30,38.3126,38.3126,37.9339,38.1273,7617400.0
2013-05-01,37.8051,38.087,37.7003,37.7245,8579000.0
2013-05-02,38.0145,38.2239,37.9259,38.1434,7806100.0
2013-05-03,38.4898,38.5945,38.3367,38.4012,5999800.0
2013-05-06,38.4092,38.4334,38.1434,38.1514,10587600.0
2013-05-07,38.1676,38.3045,38.1192,38.2803,9653400.0
2013-05-08,38.2884,38.4978,38.2401,38.3689,13872200.0
2013-05-09,38.3367,38.5945,38.3045,38.4334,6524700.0
2013-05-10,38.4817,38.8523,38.4334,38.812,5480000.0
2013-05-13,38.7717,39.1423,38.7234,39.1342,8854400.0
2013-05-14,39.1503,39.5612,39.1503,39.529,6102300.0
2013-05-15,39.5128,39.964,39.4887,39.7384,11478300.0
2013-05-16,39.6578,39.7223,39.2953,39.3276,7547900.0
2013-05-17,39.3759,39.5853,39.2309,39.5531,7880800.0
2013-05-20,39.5773,39.6095,39.247,39.2792,8550400.0
2013-05-21,39.384,39.7626,39.3034,39.7062,8070200.0
2013-05-22,39.9237,40.6004,39.5209,39.7062,18684900.0
2013-05-23,39.3759,39.819,39.2551,39.674,6255800.0
2013-05-24,39.4967,39.6337,39.2631,39.5692,5728300.0
2013-05-28,39.8915,40.3265,39.8028,39.972,9455200.0
2013-05-29,39.7465,39.7545,39.1342,39.3437,15352000.0
2013-05-30,39.3517,39.7626,39.3437,39.6256,9258100.0
2013-05-31,39.4484,39.6337,38.7556,38.7798,12564400.0
2013-06-03,38.9731,39.0215,38.6187,38.9651,12335700.0
2013-06-04,38.9651,39.1342,38.5059,38.7234,12130200.0
2013-06-05,38.6267,38.9167,38.087,38.1595,12204700.0
2013-06-06,38.1837,38.7153,37.9903,38.7153,15474300.0
2013-06-07,38.9087,39.2792,38.9006,39.0698,7346300.0
2013-06-10,39.247,39.2873,38.9973,39.1262,5457000.0
2013-06-11,38.8201,39.2067,38.6589,38.9651,9066500.0
2013-06-12,39.1423,39.3195,38.5703,38.5703,7747900.0
2013-06-13,38.4737,39.2148,38.2803,39.1665,6509100.0
2013-06-14,39.0617,39.3437,39.0215,39.102,7072200.0
2013-06-17,39.2712,39.4967,38.9973,39.1906,8285600.0
2013-06-18,39.1745,39.5531,39.1745,39.5209,7111000.0
2013-06-19,39.5209,39.5773,38.8845,38.8926,20324900.0
2013-06-20,38.6786,38.6786,37.7804,37.8937,25996300.0
2013-06-21,38.2272,38.5104,37.944,38.2839,15420300.0
2013-06-24,37.9359,38.2677,37.5879,37.9359,18599800.0
2013-06-25,38.2677,38.292,37.8793,38.1382,5484800.0
2013-06-26,38.3891,38.8341,38.3567,38.6885,7223100.0
2013-06-27,38.9393,39.0526,38.7694,38.826,5178800.0
2013-06-28,38.7937,38.9717,38.4862,38.5266,7951400.0
2013-07-01,38.6399,39.0526,38.1787,38.6318,20030400.0
2013-07-02,38.5833,38.7775,38.4376,38.5509,4857200.0
2013-07-03,38.4052,38.6237,38.2191,38.4943,3829300.0
2013-07-05,38.7532,39.0283,38.6399,39.0203,4081300.0
2013-07-08,39.2226,39.352,39.1335,39.2387,6315800.0
2013-07-09,39.3925,39.4491,39.1821,39.3278,5431800.0
2013-07-10,39.3925,39.7405,39.3035,39.611,4846100.0
2013-07-11,40.0156,40.1693,39.9347,40.1208,7053100.0
2013-07-12,40.1289,40.3716,40.0237,40.3635,5307400.0
2013-07-15,40.4526,40.4607,40.226,40.404,3919400.0
2013-07-16,40.4445,40.5011,40.0722,40.1693,5720700.0
2013-07-17,40.2745,40.4768,40.2179,40.2745,3993700.0
2013-07-18,40.3635,40.5335,40.3393,40.3878,6072900.0
2013-07-19,40.315,40.9462,40.2341,40.9381,6216900.0
2013-07-22,40.9057,41.197,40.8491,41.1242,6029900.0
2013-07-23,41.1889,41.2051,40.8976,40.9785,5101800.0
2013-07-24,41.0999,41.1566,40.7924,40.9138,3635300.0
2013-07-25,40.8976,41.1242,40.6225,41.1161,3632200.0
2013-07-26,41.0433,41.3993,40.8329,41.3832,4178500.0
2013-07-29,41.3346,41.4398,41.1404,41.2618,5393600.0
2013-07-30,41.5774,41.6583,41.108,41.2699,5491800.0
2013-07-31,41.3265,41.6259,41.2537,41.2699,6065300.0
2013-08-01,41.545,41.6745,41.4398,41.545,7352900.0
2013-08-02,41.3751,41.5612,41.3751,41.5612,3637500.0
2013-08-05,41.5288,41.6421,41.4236,41.5045,3118300.0
2013-08-06,41.4398,41.5693,41.1647,41.3103,4172100.0
2013-08-07,41.2294,41.4155,41.0676,41.3427,3782900.0
2013-08-08,41.4884,41.5369,41.197,41.3589,3462300.0
2013-08-09,41.2375,41.456,41.0514,41.197,3809700.0
2013-08-12,41.1647,41.1647,40.9057,41.0271,3603100.0
2013-08-13,41.1889,41.278,40.8167,41.1809,4326400.0
2013-08-14,41.0595,41.286,40.8329,40.8572,5606200.0
2013-08-15,40.4849,40.6063,40.1612,40.1693,5950700.0
2013-08-16,40.056,40.1531,39.9266,39.9913,8720600.0
2013-08-19,39.9589,40.2583,39.8699,40.056,7841000.0
2013-08-20,40.0803,40.3312,40.0399,40.1693,4795200.0
2013-08-21,40.0965,40.2988,39.8376,39.9266,4867400.0
2013-08-22,40.0722,40.2583,39.9832,40.1855,2636300.0
2013-08-23,40.1936,40.3393,40.0399,40.2907,2164300.0
2013-08-26,40.3635,40.5982,40.2907,40.3474,3833600.0
2013-08-27,40.0156,40.0641,39.611,39.6595,6373900.0
2013-08-28,39.7,40.0075,39.5058,39.8618,5853400.0
2013-08-29,39.789,40.2422,39.6595,39.9832,3929200.0
2013-08-30,40.0399,40.0399,39.7081,39.8295,3907100.0
2013-09-03,40.2341,40.3555,39.9023,40.0884,4569300.0
2013-09-04,40.056,40.5901,40.056,40.5578,3779200.0
2013-09-05,40.6306,40.6549,40.4607,40.6063,4103500.0
2013-09-06,40.7196,40.8653,40.137,40.6225,5348000.0
2013-09-09,40.6953,40.8814,40.5739,40.8814,4152600.0
2013-09-10,41.0595,41.1728,40.9138,41.1323,6220600.0
2013-09-11,41.2294,41.4398,41.1242,41.4236,6289300.0
2013-09-12,41.3427,41.5126,41.3103,41.3346,2865200.0
2013-09-13,41.4236,41.4964,41.2941,41.4398,3330300.0
2013-09-16,41.8039,41.9496,41.6987,41.812,6576600.0
2013-09-17,41.8282,41.8444,41.6745,41.8363,3386300.0
2013-09-18,41.8363,42.1762,41.5693,42.1114,6566200.0
2013-09-19,42.234,42.234,41.8765,41.9496,5267700.0
2013-09-20,42.082,42.1551,41.8626,41.887,6452400.0
2013-09-23,41.8301,41.8301,41.4401,41.5863,4572000.0
2013-09-24,41.6188,41.6351,41.3588,41.375,5017300.0
2013-09-25,41.4401,41.4563,41.05,41.0744,4836500.0
2013-09-26,41.115,41.3425,41.0338,41.1963,4126000.0
2013-09-27,40.9688,41.2694,40.9281,41.1963,3460000.0
2013-09-30,40.9038,41.2288,40.8469,41.0907,7623600.0
2013-10-01,41.1394,41.6351,41.0825,41.6269,9316800.0
2013-10-02,41.3507,41.5457,41.2613,41.5294,6110300.0
2013-10-03,41.4807,41.4969,40.9931,41.1638,6638900.0
2013-10-04,41.2288,41.6513,41.1394,41.6188,4248600.0
2013-10-07,41.3344,41.4238,41.1557,41.1557,3745000.0
2013-10-08,41.245,41.2613,40.5381,40.5625,6945900.0
2013-10-09,40.6519,40.7331,40.2862,40.4894,10515900.0
2013-10-10,40.8388,41.4563,40.8388,41.4319,6939000.0
2013-10-11,41.4238,41.6838,41.3913,41.6269,4468300.0
2013-10-14,41.4238,41.9276,41.3182,41.9276,6992800.0
2013-10-15,41.8382,42.0088,41.6351,41.6594,6827400.0
2013-10-16,41.8626,42.5207,41.8626,42.5126,6614200.0
2013-10-17,42.2851,42.9108,42.2851,42.8701,6031000.0
2013-10-18,42.9189,42.9433,42.4801,42.6995,7338400.0
2013-10-21,42.7076,42.7483,42.3664,42.4801,3791300.0
2013-10-22,42.5939,42.9758,42.5532,42.8783,4816500.0
2013-10-23,42.7808,42.9026,42.5939,42.797,4714500.0
2013-10-24,42.9595,43.0408,42.7645,42.797,3529000.0
2013-10-25,42.8295,42.8701,42.6345,42.8539,3649100.0
2013-10-28,42.862,43.0895,42.7889,43.0001,5583900.0
2013-10-29,43.1302,43.2927,43.0001,43.2845,4688400.0
2013-10-30,43.4389,43.4714,42.9189,43.0489,8073100.0
2013-10-31,43.0408,43.2114,42.8214,42.8783,5549000.0
2013-11-01,42.9758,43.2114,42.8539,43.1627,7954800.0
2013-11-04,43.2033,43.3252,43.057,43.1952,3023200.0
2013-11-05,43.0652,43.1464,42.8539,43.0489,4112500.0
2013-11-06,43.2114,43.3495,42.9026,42.9514,4590700.0
2013-11-07,43.122,43.2439,42.5451,42.5695,5831100.0
2013-11-08,42.5695,43.2277,42.5695,43.1952,6239300.0
2013-11-11,43.1464,43.3739,43.1464,43.3008,4685800.0
2013-11-12,43.2277,43.3089,43.0814,43.2764,2994900.0
2013-11-13,43.0977,43.5202,42.992,43.5202,4515700.0
2013-11-14,43.6339,43.9346,43.6177,43.8858,4687000.0
2013-11-15,43.9021,44.1377,43.8127,44.1377,3795200.0
2013-11-18,44.2027,44.3002,43.8452,43.9427,3656100.0
2013-11-19,43.8127,44.0565,43.6989,43.9915,4062200.0
2013-11-20,44.0321,44.3246,43.9427,44.1215,4612300.0
2013-11-21,44.2677,44.4384,44.1865,44.3002,4144900.0
2013-11-22,44.5196,44.8934,44.4709,44.8934,5484800.0
2013-11-25,45.0396,45.2672,44.999,45.0722,5037500.0
2013-11-26,45.0803,45.194,44.9096,44.9421,4179400.0
2013-11-27,45.1372,45.1534,44.8365,44.9259,3566200.0
2013-11-29,45.0153,45.0722,44.804,44.9015,2732700.0
2013-12-02,44.8853,45.0234,44.7715,44.9178,4547600.0
2013-12-03,44.8365,44.8365,44.4302,44.5277,4098300.0
2013-12-04,44.3409,44.674,44.0158,44.3734,3347700.0
2013-12-05,44.3165,44.5359,44.1865,44.2921,3219400.0
2013-12-06,44.6659,44.8853,44.544,44.869,4543200.0
2013-12-09,45.0396,45.0884,44.9015,44.9584,3361300.0
2013-12-10,44.9259,44.9421,44.5846,44.7796,3580100.0
2013-12-11,44.7878,44.8284,43.9508,44.0077,9412500.0
2013-12-12,44.0158,44.0321,43.6746,43.6908,5476500.0
2013-12-13,43.8208,43.9102,43.5364,43.7233,4169900.0
2013-12-16,43.8858,44.1865,43.7233,43.8046,5947900.0
2013-12-17,43.8289,43.894,43.3902,43.5933,4967400.0
2013-12-18,43.7152,44.6903,43.4714,44.674,9469000.0
2013-12-19,44.5602,44.6091,44.3236,44.5765,6313200.0
2013-12-20,44.703,44.9314,44.6214,44.8009,6490000.0
2013-12-23,45.0293,45.0456,44.8498,44.9722,3879700.0
2013-12-24,44.9804,44.9967,44.8253,44.8906,3310400.0
2013-12-26,45.1599,45.2251,44.9069,45.2251,2501800.0
2013-12-27,45.3557,45.3638,45.1027,45.1843,2685900.0
2013-12-30,45.1843,45.2578,44.9559,45.2578,2394600.0
2013-12-31,45.2986,45.3312,45.062,45.2333,4796600.0
2014-01-02,45.1191,45.217,44.8743,44.9804,8604500.0
2014-01-03,45.0538,45.2822,44.9967,45.0864,3645200.0
2014-01-06,45.2741,45.372,44.8335,44.8988,8856100.0
2014-01-07,45.1435,45.5189,45.1027,45.372,5175200.0
2014-01-08,45.4454,45.8371,45.323,45.7718,7441800.0
2014-01-09,45.8371,46.1471,45.731,46.1145,5866800.0
2014-01-10,46.2287,46.3021,45.8615,46.294,6471800.0
2014-01-13,46.3919,46.5632,45.8207,45.9186,12060600.0
2014-01-14,45.9921,46.5714,45.935,46.4979,6400700.0
2014-01-15,46.5958,46.5958,46.3348,46.4571,9318300.0
2014-01-16,46.4408,46.653,46.3837,46.5714,5159800.0
2014-01-17,46.5714,46.7019,46.3919,46.5224,6269100.0
2014-01-21,46.759,46.8732,46.4327,46.7917,4928300.0
2014-01-22,46.8243,46.914,46.6774,46.8324,5104500.0
2014-01-23,46.6448,46.7917,46.2042,46.5061,6432400.0
2014-01-24,46.2287,46.3184,45.4128,45.4128,12428800.0
2014-01-27,45.3965,45.4944,44.8988,45.0456,13119100.0
2014-01-28,45.3312,45.8371,45.3067,45.6494,8271200.0
2014-01-29,45.3394,45.6902,45.0783,45.2333,11114200.0
2014-01-30,45.682,46.1634,45.6576,46.0573,10236600.0
2014-01-31,45.6168,45.9268,45.4373,45.6576,9382900.0
2014-02-03,45.7718,45.9023,44.6785,44.7601,14673000.0
2014-02-04,45.013,45.2578,44.8743,45.2007,9238500.0
2014-02-05,45.1762,45.2578,44.5887,44.9477,15919400.0
2014-02-06,45.0538,45.2578,44.9885,45.2007,7601300.0
2014-02-07,45.2659,45.9921,45.1435,45.9758,10765400.0
2014-02-10,46.0655,46.3755,45.886,46.3592,7582800.0
2014-02-11,46.4245,47.0283,46.2858,46.9875,7936300.0
2014-02-12,47.1343,47.2486,46.8488,46.9875,6051100.0
2014-02-13,46.7345,47.3465,46.653,47.322,6477500.0
2014-02-14,47.2812,47.5668,47.1833,47.4933,8036900.0
2014-02-18,47.7055,48.0318,47.6076,47.9339,10224500.0
2014-02-19,47.9176,48.0889,47.5749,47.6402,10105500.0
2014-02-20,47.7055,48.146,47.5423,48.0726,9173600.0
2014-02-21,48.1216,48.3174,47.9257,47.9829,4911500.0
2014-02-24,48.146,48.6193,48.0726,48.3419,5898500.0
2014-02-25,48.2684,48.4887,48.0808,48.2195,6433700.0
2014-02-26,48.3582,48.5214,48.1052,48.2195,6835300.0
2014-02-27,48.2113,48.4969,48.0889,48.4969,5516300.0
2014-02-28,48.5377,48.9619,48.0808,48.4969,9275100.0
2014-03-03,47.9665,48.3337,47.8197,48.1379,8479700.0
2014-03-04,48.5785,49.117,48.5785,49.0517,7782200.0
2014-03-05,49.1251,49.1496,48.8559,48.9293,7247000.0
2014-03-06,49.1904,49.3617,48.5214,48.6274,13454200.0
2014-03-07,48.8885,48.9538,48.195,48.505,11548500.0
2014-03-10,48.505,48.7335,48.2603,48.709,7365800.0
2014-03-11,48.709,48.9538,48.4969,48.6111,5671900.0
2014-03-12,48.3745,48.6601,48.2276,48.6029,8433700.0
2014-03-13,48.758,48.7824,47.8442,47.9421,10504400.0
2014-03-14,47.8686,48.0563,47.6565,47.681,7698400.0
2014-03-17,47.9747,48.35,47.8931,48.146,6102100.0
2014-03-18,48.2439,48.758,48.195,48.6601,5730900.0
2014-03-19,48.7172,48.9864,48.2032,48.5132,8096200.0
2014-03-20,48.4231,48.5705,48.2512,48.5132,4689400.0
2014-03-21,48.7217,48.8937,47.5428,47.6328,18571900.0
2014-03-24,47.7966,47.8539,46.7568,47.1007,18693100.0
2014-03-25,47.2562,47.8375,47.027,47.5182,13606700.0
2014-03-26,47.7393,48.1077,47.4936,47.5346,13112200.0
2014-03-27,47.5591,47.682,47.0188,47.4282,12500800.0
2014-03-28,47.5755,48.0176,47.0925,47.248,12525600.0
2014-03-31,47.6246,47.9276,47.4855,47.8866,8748400.0
2014-04-01,48.0258,48.4106,47.8621,48.1896,8742000.0
2014-04-02,48.3042,48.4352,48.1486,48.4024,7196600.0
2014-04-03,48.4925,48.5252,47.9767,48.296,8665200.0
2014-04-04,48.558,48.7053,47.4691,47.4936,18857500.0
2014-04-07,47.248,47.7802,46.7977,47.0188,14672200.0
2014-04-08,47.0597,47.0843,46.3474,46.634,14313100.0
2014-04-09,46.7404,47.641,46.7077,47.6328,13707800.0
2014-04-10,47.6165,47.6901,45.9381,46.0445,15764400.0
2014-04-11,45.8398,46.4129,45.4878,45.6106,13687200.0
2014-04-14,45.9217,46.1264,45.3486,45.8644,8832000.0
2014-04-15,46.0445,46.4539,45.3732,46.3556,15316900.0
2014-04-16,46.7568,46.8387,46.2901,46.5849,28874800.0
2014-04-17,46.6013,46.8141,46.3311,46.5767,8143600.0
2014-04-21,46.6667,47.1498,46.5767,47.1334,4944500.0
2014-04-22,47.4691,47.903,47.4036,47.6492,8367100.0
2014-04-23,47.7311,47.7556,47.248,47.4118,6029300.0
2014-04-24,47.6574,47.6574,46.896,47.3381,7630100.0
2014-04-25,47.3053,47.3217,46.8632,46.986,5905800.0
2014-04-28,47.379,47.5919,46.6504,47.2644,9443400.0
2014-04-29,47.3463,47.5837,47.2235,47.5428,8064500.0
2014-04-30,47.4609,47.6574,47.2972,47.5837,10814100.0
2014-05-01,47.6165,47.9521,47.3135,47.6901,6608800.0
2014-05-02,47.6656,47.7638,47.1825,47.2808,5820200.0
2014-05-05,47.117,47.6083,46.8387,47.5919,6745300.0
2014-05-06,47.5428,47.5428,47.1498,47.1744,5437800.0
2014-05-07,47.2398,47.3135,46.6913,47.3053,8175100.0
2014-05-08,47.3299,47.5837,46.9205,47.0515,7390900.0
2014-05-09,47.1007,47.3872,46.7568,47.3381,5999200.0
2014-05-12,47.5264,47.8539,47.4445,47.8211,4847700.0
2014-05-13,47.9439,48.0668,47.8293,47.8948,2953000.0
2014-05-14,47.8703,48.0749,47.7311,47.9276,3415700.0
2014-05-15,47.7556,47.8048,47.2235,47.4445,5726500.0
2014-05-16,47.5018,47.6492,47.248,47.6083,7338700.0
2014-05-19,47.6083,47.9358,47.4855,47.903,4039400.0
2014-05-20,47.903,47.9358,47.4609,47.6001,4324400.0
2014-05-21,47.7638,48.0422,47.6656,48.0013,3561400.0
2014-05-22,48.0176,48.4434,47.8621,48.2878,3117300.0
2014-05-23,48.3042,48.4024,48.1404,48.3124,2622800.0
2014-05-27,48.5744,48.6153,48.3124,48.5744,2833100.0
2014-05-28,48.5498,48.6726,48.4352,48.4352,4007900.0
2014-05-29,48.558,48.82,48.558,48.82,2336200.0
2014-05-30,48.7217,48.9755,48.7135,48.951,7212700.0
2014-06-02,48.91,49.0738,48.648,49.0165,3748700.0
2014-06-03,48.9018,49.1393,48.8036,49.1065,2877200.0
2014-06-04,49.0656,49.2457,48.9428,49.2457,3310700.0
2014-06-05,49.303,49.4586,48.951,49.303,3754800.0
2014-06-06,49.3439,49.4504,49.1556,49.2539,3699000.0
2014-06-09,49.213,49.2539,48.9018,49.0001,4433900.0
2014-06-10,49.0083,49.1638,48.6808,49.1638,5630700.0
2014-06-11,48.9591,49.1802,48.9346,49.1065,5733300.0
2014-06-12,49.0001,49.0983,46.4293,48.8609,4069100.0
2014-06-13,48.9018,48.9428,48.689,48.82,2545600.0
2014-06-16,49.041,49.2866,48.7545,48.9182,6342000.0
2014-06-17,48.9346,49.0165,48.7463,48.8937,3549800.0
2014-06-18,48.8445,49.2948,48.779,49.2866,5047600.0
2014-06-19,49.2614,49.4504,49.2285,49.4504,4114200.0
2014-06-20,49.6034,49.8746,49.5541,49.8664,3933800.0
2014-06-23,49.8992,49.9403,49.6363,49.6774,2090100.0
2014-06-24,49.8417,50.1047,49.6527,49.7102,4054200.0
2014-06-25,49.6856,50.2855,49.6527,50.2526,18463800.0
2014-06-26,50.3759,50.4088,49.8992,50.3184,6648900.0
2014-06-27,50.1704,50.3101,50.0143,50.1869,4201500.0
2014-06-30,50.2197,50.3348,49.9321,49.9896,5788700.0
2014-07-01,50.1869,50.721,50.1293,50.6224,5488300.0
2014-07-02,50.606,51.0087,50.532,51.0087,3660900.0
2014-07-03,51.1155,51.2305,50.8936,51.2141,2250500.0
2014-07-07,51.0087,51.2223,50.7868,50.8279,3441000.0
2014-07-08,50.7457,50.7703,50.1787,50.3512,6621800.0
2014-07-09,50.4909,50.6142,50.2197,50.5649,4648000.0
2014-07-10,50.1622,50.6389,49.965,50.532,3827100.0
2014-07-11,50.606,50.6882,50.3266,50.6389,3609000.0
2014-07-14,50.9347,50.9347,50.6799,50.8032,3798900.0
2014-07-15,50.8361,50.869,50.2526,50.3677,5078600.0
2014-07-16,50.532,50.5649,49.9814,50.2033,4982900.0
2014-07-17,50.0061,50.4252,49.5952,49.6527,5972200.0
2014-07-18,49.8335,50.5567,49.7184,50.4663,8333900.0
2014-07-21,50.3184,50.343,50.0883,50.2608,3476700.0
2014-07-22,50.5156,50.8361,50.4909,50.6964,5031400.0
2014-07-23,51.0744,51.1812,50.869,51.1073,6244900.0
2014-07-24,51.1812,51.2799,50.9511,51.0004,5437200.0
2014-07-25,50.8936,50.91,50.5567,50.8114,3856500.0
2014-07-28,50.8279,50.9922,50.5895,50.8607,4471800.0
2014-07-29,51.0169,51.0908,50.8032,50.9018,5071200.0
2014-07-30,51.2141,51.3456,50.8443,51.1073,7419200.0
2014-07-31,50.6471,50.7539,50.0554,50.0554,7554100.0
2014-08-01,49.9403,50.3512,49.7184,50.0965,12326400.0
2014-08-04,50.2033,50.4088,49.8582,50.3101,5121400.0
2014-08-05,50.0965,50.2608,49.6609,49.8253,6713200.0
2014-08-06,49.6116,50.0061,49.4308,49.8006,6079900.0
2014-08-07,49.9075,49.965,49.0692,49.1596,7832800.0
2014-08-08,49.2254,49.776,49.061,49.7431,4927800.0
2014-08-11,49.9403,50.0883,49.6938,49.7184,4492400.0
2014-08-12,49.6691,49.8006,49.5377,49.6774,2676400.0
2014-08-13,49.8746,50.3266,49.8582,50.2773,4166200.0
2014-08-14,50.3677,50.869,50.2115,50.869,4529100.0
2014-08-15,51.1155,51.173,50.4498,50.9183,7306500.0
2014-08-18,51.173,51.3867,51.1073,51.3127,5651500.0
2014-08-19,51.3867,51.6825,51.2059,51.6497,3494700.0
2014-08-20,51.551,51.7318,51.4113,51.6414,4171700.0
2014-08-21,51.7154,51.8715,51.6661,51.7154,2922300.0
2014-08-22,51.7976,51.9126,51.6414,51.7647,2395400.0
2014-08-25,52.0688,52.266,51.9455,52.1592,3202000.0
2014-08-26,52.2331,52.3811,52.1263,52.3482,3282600.0
2014-08-27,52.4715,52.4961,52.2331,52.3071,3776900.0
2014-08-28,52.1592,52.4057,52.1016,52.2907,2296600.0
2014-08-29,52.3482,52.529,52.2413,52.4797,3783700.0
2014-09-02,52.5865,52.6358,52.3153,52.455,3970700.0
2014-09-03,52.7837,52.9317,52.5701,52.6933,4903700.0
2014-09-04,52.8084,52.9399,52.3235,52.4304,4529900.0
2014-09-05,52.4468,52.7426,51.8962,52.7344,4909200.0
2014-09-08,52.6358,52.8413,52.5372,52.7426,3604400.0
2014-09-09,52.8166,52.833,52.4715,52.6029,4982600.0
2014-09-10,52.6769,53.0385,52.5701,52.9727,4604200.0
2014-09-11,52.7673,52.8988,52.5618,52.8248,4891100.0
2014-09-12,52.8002,52.8248,52.2907,52.4386,5071100.0
2014-09-15,52.4139,52.4961,52.1181,52.2989,5469500.0
2014-09-16,52.2249,53.0549,52.1592,53.0138,5929500.0
2014-09-17,52.981,53.2604,52.6687,53.0549,6343800.0
2014-09-18,53.2267,53.4741,53.1277,53.4494,4594700.0
2014-09-19,53.7387,53.8624,53.4336,53.5078,5753200.0
2014-09-22,53.3923,53.4418,53.0129,53.2191,3396200.0
2014-09-23,52.7243,53.1367,52.6418,52.9057,6986000.0
2014-09-24,53.0377,53.8294,53.0212,53.8294,6496900.0
2014-09-25,53.7634,53.7799,52.947,52.947,10746300.0
2014-09-26,53.1944,53.1944,52.6583,53.1119,5990600.0
2014-09-29,52.6666,53.1779,52.6253,52.9964,8650600.0
2014-09-30,53.1037,53.2026,52.6666,52.7078,6882400.0
2014-10-01,52.8645,52.8645,51.982,52.1552,10162000.0
2014-10-02,52.1552,52.2789,51.6027,52.048,6815800.0
2014-10-03,52.5511,53.1861,52.4521,53.1202,10302400.0
2014-10-06,53.3511,53.5325,52.6583,52.8727,7424600.0
2014-10-07,52.7655,52.7903,52.0315,52.0315,10183100.0
2014-10-08,52.1387,53.4006,51.9985,53.3593,10676900.0
2014-10-09,53.2769,53.3346,52.2212,52.2542,13378800.0
2014-10-10,52.1965,52.8315,51.9326,51.9326,14999300.0
2014-10-13,51.9573,51.982,50.646,50.7037,16816800.0
2014-10-14,51.0089,51.1821,49.978,50.3244,18583300.0
2014-10-15,49.7553,50.1347,48.8316,49.912,29726400.0
2014-10-16,49.2357,50.2419,49.0296,49.6563,22158900.0
2014-10-17,50.1347,50.7697,50.0192,50.4481,13844200.0
2014-10-20,50.2831,51.0996,50.2831,51.0584,8400700.0
2014-10-21,51.4872,52.4439,51.4377,52.4109,13780200.0
2014-10-22,52.4274,52.5676,51.9985,52.147,12409800.0
2014-10-23,52.5593,53.3263,52.5593,53.0377,9827200.0
2014-10-24,53.1861,53.8047,53.0707,53.7799,8825600.0
2014-10-27,53.7882,53.8954,53.5985,53.8377,7802000.0
2014-10-28,54.1676,54.2665,53.7552,54.2335,7840000.0
2014-10-29,54.2088,54.415,53.8954,54.2583,9181900.0
2014-10-30,54.1758,55.2892,54.1263,55.2562,10077400.0
2014-10-31,55.9654,56.0727,55.2974,55.4789,10164500.0
2014-11-03,55.5778,55.6356,55.149,55.5448,7426700.0
2014-11-04,55.5283,55.7015,55.2149,55.5531,5299400.0
2014-11-05,56.0562,56.0727,55.3634,55.4953,6061900.0
2014-11-06,55.6026,55.9572,55.5696,55.8335,7596900.0
2014-11-07,55.8417,55.883,55.1077,55.2809,13075100.0
2014-11-10,55.4046,55.8665,55.1902,55.8417,4246200.0
2014-11-11,55.9654,56.2541,55.8252,56.0479,8161100.0
2014-11-12,55.8335,56.0562,55.7428,55.9654,3475000.0
2014-11-13,56.0479,56.2458,55.6603,55.9242,4537000.0
2014-11-14,55.9077,55.9077,55.2397,55.4624,5774500.0
2014-11-17,55.3634,55.883,55.3469,55.7345,7705200.0
2014-11-18,55.7758,56.6747,55.7263,56.6335,7788100.0
2014-11-19,56.5675,56.6005,56.1716,56.3201,5146400.0
2014-11-20,56.0727,56.3036,55.8912,56.0809,5706200.0
2014-11-21,56.6417,56.7572,56.1881,56.3448,7872200.0
2014-11-24,56.5675,56.6417,56.452,56.6335,4569600.0
2014-11-25,56.7489,56.8809,56.4768,56.7077,4477800.0
2014-11-26,56.8149,57.0788,56.6747,57.0541,3783100.0
2014-11-28,57.1118,57.7221,57.1118,57.4087,3812500.0
2014-12-01,57.153,57.6809,57.1283,57.2685,6561000.0
2014-12-02,57.4747,57.986,57.4747,57.9035,6204000.0
2014-12-03,58.0355,58.085,57.7716,57.9942,5697000.0
2014-12-04,57.8953,58.2334,57.6973,57.92,3887000.0
2014-12-05,57.9613,58.4313,57.9035,58.3819,6419300.0
2014-12-08,58.3076,58.9097,58.3076,58.588,5613400.0
2014-12-09,57.9118,58.3984,57.5736,58.3406,9051100.0
2014-12-10,58.2994,58.3324,57.4004,57.4417,7873000.0
2014-12-11,57.6561,58.2829,57.4747,57.6066,6789300.0
2014-12-12,57.2685,57.6149,56.6747,56.7242,9687900.0
2014-12-15,57.0623,57.0788,56.0067,56.2046,15269600.0
2014-12-16,55.9654,56.9221,55.5201,55.5531,12966700.0
2014-12-17,55.6191,56.7324,55.5118,56.5922,14386600.0
2014-12-18,57.257,58.151,57.1328,58.1427,12361400.0
2014-12-19,58.3577,58.7136,57.9603,58.2832,11246200.0
2014-12-22,57.9521,58.0431,57.4388,57.7286,8898800.0
2014-12-23,57.861,57.9024,56.1061,56.4041,19934000.0
2014-12-24,56.4455,57.1408,56.3959,56.818,4056600.0
2014-12-26,57.0415,57.3809,57.0084,57.2236,3401600.0
2014-12-29,57.2816,57.5051,57.0995,57.4223,4873500.0
2014-12-30,57.3312,57.4637,57.1077,57.174,4633100.0
2014-12-31,57.3395,57.6623,56.5945,56.6028,5793200.0
2015-01-02,56.876,57.414,56.578,56.8097,5834400.0
2015-01-05,56.5531,57.0167,56.4124,56.52,9545800.0
2015-01-06,56.7104,57.1905,55.982,56.3296,12613300.0
2015-01-07,56.7104,57.6706,56.5862,57.6541,12812800.0
2015-01-08,58.2252,58.7053,58.1259,58.6391,15186500.0
2015-01-09,58.6888,58.755,57.919,58.1176,7967300.0
2015-01-12,58.5646,58.7716,57.9852,58.1424,10487700.0
2015-01-13,58.6888,59.0116,57.3975,57.8858,13024400.0
2015-01-14,57.3312,57.9438,57.174,57.7948,9915800.0
2015-01-15,58.01,58.1176,57.1408,57.174,11212200.0
2015-01-16,57.0829,58.3577,57.0663,58.2501,10706600.0
2015-01-20,58.3411,58.4901,57.5713,58.2501,7449100.0
2015-01-21,58.1921,58.5894,57.9024,58.3659,7449500.0
2015-01-22,58.6226,59.0695,57.8113,59.0613,10359500.0
2015-01-23,58.9785,59.0364,58.6888,58.7219,6370200.0
2015-01-26,58.7798,59.0613,58.4239,59.0282,7009000.0
2015-01-27,58.4156,59.0199,58.3577,58.606,9128000.0
2015-01-28,58.7136,58.9288,57.6623,57.7617,9888700.0
2015-01-29,57.7617,58.2997,57.2981,58.2501,10458700.0
2015-01-30,58.0017,58.3825,57.2567,57.3395,12334200.0
2015-02-02,57.4471,57.6872,56.6525,57.6623,16484200.0
2015-02-03,57.9438,58.0762,57.174,58.0514,14970400.0
2015-02-04,57.3561,57.6375,57.0084,57.323,13976600.0
2015-02-05,57.6872,58.3411,57.6872,58.2914,9905500.0
2015-02-06,58.2169,58.5315,57.6044,57.7617,11254200.0
2015-02-09,57.4968,57.6623,56.9505,57.0829,6796700.0
2015-02-10,57.5465,58.1011,57.414,58.0431,7697200.0
2015-02-11,58.0928,58.4156,57.77,58.1011,7713400.0
2015-02-12,58.3742,58.4736,57.8196,58.308,9584300.0
2015-02-13,58.3494,58.5894,58.0845,58.5398,7833000.0
2015-02-17,58.5977,58.9868,58.5398,58.9619,5277200.0
2015-02-18,58.9537,59.0613,58.6639,59.0282,7137600.0
2015-02-19,58.9619,59.2268,58.8626,59.1275,4967100.0
2015-02-20,59.0447,59.7732,58.9371,59.7483,7412000.0
2015-02-23,59.8394,60.2119,59.7318,60.0215,7752600.0
2015-02-24,60.1043,60.1374,59.7235,59.947,7362700.0
2015-02-25,59.947,60.1043,59.6821,59.9222,8986600.0
2015-02-26,59.9718,60.1125,59.6407,60.0877,4019400.0
2015-02-27,60.0629,60.1374,59.7814,59.798,5969800.0
2015-03-02,59.9884,60.3526,59.8808,60.336,6159800.0
2015-03-03,60.3029,60.3112,59.4917,59.7897,9266900.0
2015-03-04,59.6242,60.1622,59.2682,60.0794,8587400.0
2015-03-05,60.1539,60.5678,60.0794,60.2946,5701800.0
2015-03-06,60.0132,60.1456,59.0282,59.1109,11239900.0
2015-03-09,59.293,59.5331,58.9537,59.4752,9438200.0
2015-03-10,58.9537,59.2185,58.7716,58.8129,11389300.0
2015-03-11,59.0695,59.1937,58.7384,58.7798,6160300.0
2015-03-12,59.053,59.5579,58.995,59.5579,5685200.0
2015-03-13,59.4752,59.8311,59.0447,59.442,5751500.0
2015-03-16,59.9553,60.7665,59.74,60.7582,11263500.0
2015-03-17,60.543,60.7085,60.2036,60.5844,9308600.0
2015-03-18,60.4519,61.6274,60.2201,61.3707,11663600.0
2015-03-19,61.3697,61.8097,61.2618,61.7267,8688400.0
2015-03-20,62.5887,63.0951,61.8251,62.1737,8396300.0
2015-03-23,61.9828,62.3314,61.7586,61.9994,4234000.0
2015-03-24,62.0741,62.2401,61.4515,61.4598,5635300.0
2015-03-25,61.6341,61.9413,60.3309,60.3392,12302500.0
2015-03-26,59.9989,60.6961,59.7,60.1981,12356600.0
2015-03-27,60.3641,60.8621,60.2645,60.6297,7526100.0
2015-03-30,61.1195,61.3353,61.0448,61.244,5948200.0
2015-03-31,61.0033,61.5677,60.1815,60.1815,7255000.0
2015-04-01,60.2064,60.4388,59.1937,59.5755,19339000.0
2015-04-02,59.6336,60.0321,59.4676,59.7581,6904800.0
2015-04-06,59.4261,60.1732,59.3514,59.8494,5135300.0
2015-04-07,59.9989,60.4388,59.9407,59.9906,5104100.0
2015-04-08,60.1234,60.7625,60.0487,60.4969,9968700.0
2015-04-09,60.5135,61.0531,60.4222,60.9535,7429800.0
2015-04-10,61.0116,61.5594,60.7708,61.4764,4590600.0
2015-04-13,61.5179,61.7918,61.1195,61.1444,5300800.0
2015-04-14,61.2108,61.3104,60.7459,61.244,5476900.0
2015-04-15,61.5843,61.7005,61.2855,61.4017,5687900.0
2015-04-16,61.4681,61.6175,61.2772,61.3685,4156600.0
2015-04-17,60.9784,61.1361,60.4388,60.8372,11190800.0
2015-04-20,61.1444,61.3768,61.0531,61.2108,6128100.0
2015-04-21,61.5677,61.8001,61.493,61.6175,6101600.0
2015-04-22,61.7586,61.85,61.4017,61.7171,5693800.0
2015-04-23,61.6258,62.1073,61.3353,61.9496,6329500.0
2015-04-24,61.8251,62.0326,61.4847,61.7503,7570900.0
2015-04-27,61.8998,61.9579,60.5467,60.6297,15033200.0
2015-04-28,60.804,61.0365,59.9324,60.9286,15106300.0
2015-04-29,60.5052,60.9369,59.974,60.3724,11625200.0
2015-04-30,60.1151,60.4139,59.2103,59.5257,12876700.0
2015-05-01,59.9324,60.3641,59.9241,60.3309,10379600.0
2015-05-04,60.5633,60.9535,60.4222,60.7127,7988600.0
2015-05-05,60.5301,60.5965,59.8909,59.949,10259600.0
2015-05-06,60.1068,60.14,59.285,59.7166,9019200.0
2015-05-07,59.6336,60.2064,59.5423,59.9989,7267300.0
2015-05-08,60.6131,61.1361,60.5633,60.9701,8953100.0
2015-05-11,61.1859,61.2938,60.9452,61.0033,7335400.0
2015-05-12,60.5633,60.8621,60.3309,60.6131,6147500.0
2015-05-13,60.8123,61.1278,60.5716,60.6795,5423100.0
2015-05-14,61.0033,61.5428,60.7542,61.5179,5512500.0
2015-05-15,61.6258,61.7171,61.4432,61.6424,3551400.0
2015-05-18,61.6009,62.0824,61.5677,62.0077,5482700.0
2015-05-19,62.0907,62.4559,61.933,62.2982,5074500.0
2015-05-20,62.4061,62.6468,62.1322,62.3812,7423300.0
2015-05-21,62.3646,62.4559,62.1571,62.3895,4074300.0
2015-05-22,62.2816,62.5389,62.1903,62.2401,4212400.0
2015-05-26,62.0492,62.1156,61.4847,61.6092,7040000.0
2015-05-27,61.8251,62.3895,61.659,62.3231,9971800.0
2015-05-28,62.3148,62.5389,62.0658,62.3646,4645100.0
2015-05-29,62.3148,62.7714,62.016,62.2069,8730800.0
2015-06-01,62.5638,62.6966,62.0409,62.4559,6387959.0
2015-06-02,62.2567,62.3314,61.8084,62.0492,4814819.0
2015-06-03,62.2567,62.3148,61.9911,62.1654,5021173.0
2015-06-04,61.933,62.182,61.5179,61.7337,5644562.0
2015-06-05,61.6507,61.7503,61.2108,61.7088,7036822.0
2015-06-08,61.7254,61.8583,61.4017,61.4017,6087569.0
2015-06-09,61.6009,61.6009,61.1444,61.3851,7874971.0
2015-06-10,61.5179,62.2152,61.41,62.1405,6778792.0
2015-06-11,62.6219,62.6634,62.2318,62.5638,4195591.0
2015-06-12,62.2567,62.3397,61.7088,61.7918,5399814.0
2015-06-15,61.4017,61.9911,61.0863,61.8666,6661337.0
2015-06-16,61.8334,62.2069,61.7005,62.1737,5423291.0
2015-06-17,62.2484,62.3895,61.8417,62.2318,4834863.0
2015-06-18,62.3454,63.3199,62.3204,63.1117,8450294.0
2015-06-19,63.1712,63.3128,63.0212,63.0629,6793912.0
2015-06-22,63.5293,63.8542,63.4794,63.5543,5517452.0
2015-06-23,63.6459,63.8459,63.4544,63.6793,4319619.0
2015-06-24,63.596,63.6543,63.0379,63.0379,6378757.0
2015-06-25,63.2295,63.6876,63.0629,63.3877,8439933.0
2015-06-26,63.4794,63.7209,63.0712,63.2961,5033384.0
2015-06-29,62.6797,63.0712,61.7135,61.7468,11615198.0
2015-06-30,62.4132,62.4298,61.7635,61.9634,7535615.0
2015-07-01,62.6048,62.688,62.2632,62.6297,6983437.0
2015-07-02,62.7713,62.813,62.2133,62.3382,5072108.0
2015-07-06,61.7551,62.7047,61.7551,62.3132,7679302.0
2015-07-07,62.3965,62.6131,61.5386,62.6131,8980221.0
2015-07-08,62.1133,62.3049,61.5219,61.5386,10930713.0
2015-07-09,62.2049,62.3632,61.8384,61.8718,5727959.0
2015-07-10,62.6464,62.7797,62.2882,62.7047,7016291.0
2015-07-13,63.1545,63.3711,62.9796,63.2378,6463745.0
2015-07-14,63.2711,63.9541,63.1295,63.8708,4951863.0
2015-07-15,64.0708,64.354,63.7709,63.9541,5510325.0
2015-07-16,64.1874,64.3456,64.0041,64.254,4715780.0
2015-07-17,64.179,64.1957,63.8542,64.1124,3538074.0
2015-07-20,64.1957,64.4706,64.1291,64.3206,3168210.0
2015-07-21,64.2956,64.4622,63.7459,64.0374,7308114.0
2015-07-22,63.8625,64.2373,63.7626,64.179,5112927.0
2015-07-23,64.2956,64.4289,63.8209,63.9458,5084723.0
2015-07-24,63.3044,63.3461,62.2299,62.3465,11431962.0
2015-07-27,62.1966,62.4132,61.9634,62.2882,10524071.0
2015-07-28,62.6381,63.4294,62.3215,63.4127,10074180.0
2015-07-29,63.6876,63.8125,63.2545,63.521,8854821.0
2015-07-30,63.4627,63.5793,62.9296,63.4294,4762118.0
2015-07-31,63.6709,64.0791,63.6293,63.7959,6926693.0
2015-08-03,63.8625,64.0541,63.3128,63.7459,7074051.0
2015-08-04,64.0624,64.0957,63.5127,63.7126,9720770.0
2015-08-05,64.1041,64.354,63.9958,64.2457,4801624.0
2015-08-06,64.304,64.3623,62.7797,62.8463,11661658.0
2015-08-07,62.8297,62.9463,62.08,62.738,10371101.0
2015-08-10,62.9463,63.521,62.9463,63.2461,7214020.0
2015-08-11,62.813,63.0462,62.3965,62.713,7199106.0
2015-08-12,62.2383,62.8213,61.5552,62.7547,9137258.0
2015-08-13,62.8047,63.0379,62.4548,62.6131,5900809.0
2015-08-14,62.4382,62.8213,62.2966,62.788,5136495.0
2015-08-17,62.5798,63.4377,62.3299,63.421,5141237.0
2015-08-18,63.3544,63.6793,63.2295,63.3294,4621679.0
2015-08-19,62.9879,63.5043,62.6214,63.0712,8646955.0
2015-08-20,62.6048,62.8463,61.6052,61.6052,11707315.0
2015-08-21,60.9888,61.5136,59.7227,59.7311,21881829.0
2015-08-24,56.1327,59.198,47.1701,57.1822,29536042.0
2015-08-25,58.9731,59.4229,56.5242,56.6075,16620142.0
2015-08-26,58.1734,59.0564,56.7824,58.9981,22511623.0
2015-08-27,59.7644,60.2308,58.8815,60.1475,16873504.0
2015-08-28,59.8477,60.1725,59.3312,59.806,9392190.0
2015-08-31,59.5395,60.0559,58.5649,58.7149,13892524.0
2015-09-01,57.1739,58.1068,56.9074,57.1739,18706235.0
2015-09-02,58.1235,58.3484,57.3988,58.3484,11499781.0
2015-09-03,58.6815,59.0064,57.7986,57.9319,10664363.0
2015-09-04,57.049,57.6987,56.7907,57.2072,14421108.0
2015-09-08,58.2567,58.8898,57.9069,58.8065,8900242.0
2015-09-09,59.4895,59.5312,57.7486,57.8986,11182471.0
2015-09-10,57.9236,58.8981,57.7403,58.4566,8937183.0
2015-09-11,58.2151,58.8565,58.0485,58.8315,6886409.0
2015-09-14,58.8481,58.9564,58.3817,58.6482,5367188.0
2015-09-15,58.8481,59.6311,58.7232,59.4895,7198466.0
2015-09-16,59.5145,59.7644,59.0647,59.6561,11433671.0
2015-09-17,59.5956,61.0251,59.5956,60.1975,17543112.0
2015-09-18,59.3705,59.9222,59.1949,59.2785,17981152.0
2015-09-21,59.6882,59.8303,58.0998,58.4927,21190153.0
2015-09-22,57.6902,58.2336,57.4812,58.1333,14629693.0
2015-09-23,58.1834,58.6181,57.7738,58.0747,8460981.0
2015-09-24,57.5982,57.824,56.8292,57.4812,17182617.0
2015-09-25,57.9326,58.1165,55.4582,55.9096,26282785.0
2015-09-28,55.5585,55.6755,53.2763,53.7444,44530485.0
2015-09-29,53.8865,55.1572,53.5605,54.2376,29684189.0
2015-09-30,55.0402,55.525,54.6473,55.3662,23613188.0
2015-10-01,55.5,55.9681,54.9649,55.9263,18075413.0
2015-10-02,55.199,57.0967,54.9399,57.0883,21439399.0
2015-10-05,57.5815,57.6986,56.6787,57.2388,16875047.0
2015-10-06,57.0549,57.2221,55.0987,55.8929,27870795.0
2015-10-07,56.3025,57.0632,55.617,56.7874,26317243.0
2015-10-08,56.4613,57.1385,55.9012,56.9545,20299491.0
2015-10-09,57.0465,57.4561,56.7957,57.2137,13074995.0
2015-10-12,56.9629,57.5481,56.8877,57.3642,10320409.0
2015-10-13,57.105,57.8407,56.5867,56.6452,16301993.0
2015-10-14,56.9462,57.4143,56.3777,56.5366,19932369.0
2015-10-15,56.2273,57.7989,56.1604,57.7989,20239748.0
2015-10-16,57.9577,58.4008,57.8072,58.3172,16739010.0
2015-10-19,58.1249,58.685,57.8072,58.5262,14984719.0
2015-10-20,58.3423,58.5262,57.3558,57.6066,13226636.0
2015-10-21,57.9326,58.1583,56.1437,57.0883,33569891.0
2015-10-22,57.1635,57.2639,56.035,56.7456,32351529.0
2015-10-23,57.2137,58.2587,57.0967,57.9577,24367381.0
2015-10-26,57.8156,58.5763,57.6233,58.1834,16812988.0
2015-10-27,58.3423,59.2535,58.3339,59.2535,23567862.0
2015-10-28,59.1615,59.7801,58.6348,59.7467,17185195.0
2015-10-29,60.0894,61.0257,59.7634,60.0142,19998449.0
2015-10-30,60.1981,60.3653,59.638,59.638,11297632.0
2015-11-02,59.9808,60.9505,59.9473,60.9087,13514320.0
2015-11-03,60.7498,60.8836,60.265,60.6913,9101607.0
2015-11-04,60.9087,60.9254,60.056,60.4238,10929285.0
2015-11-05,60.4656,60.4823,59.6631,60.2315,8484145.0
2015-11-06,59.8637,60.0393,59.2869,59.9808,11385704.0
2015-11-09,59.8721,59.8721,59.1782,59.521,11904646.0
2015-11-10,59.6213,60.056,59.4123,59.9222,7918663.0
2015-11-11,60.1479,60.1479,59.3203,59.3287,9100402.0
2015-11-12,59.1699,59.2618,58.3005,58.3005,9992546.0
2015-11-13,58.1834,58.7519,58.0831,58.1583,17258646.0
2015-11-16,58.0329,58.8856,58.0246,58.8856,10861585.0
2015-11-17,59.0027,59.5293,58.7017,59.1364,7472160.0
2015-11-18,59.1699,60.3569,59.1699,60.2901,11823854.0
2015-11-19,59.8804,59.9808,59.2284,59.2785,9741530.0
2015-11-20,59.5878,60.0811,59.5878,59.7885,7648962.0
2015-11-23,59.7132,60.0058,59.4625,59.638,8737796.0
2015-11-24,59.3705,59.8804,59.2367,59.8219,6156793.0
2015-11-25,59.9808,60.2315,59.8554,60.1479,3823037.0
2015-11-27,60.3068,60.3737,60.1061,60.265,2225297.0
2015-11-30,60.3569,60.3653,59.4457,59.4457,7791517.0
2015-12-01,59.7634,60.4991,59.6129,60.4489,9195526.0
2015-12-02,60.5158,60.6997,59.847,59.939,8744667.0
2015-12-03,59.9891,60.0643,58.3673,58.6265,11009954.0
2015-12-04,58.8856,60.0978,58.7435,60.0058,13008910.0
2015-12-07,59.8804,60.1897,59.3621,59.6714,6686704.0
2015-12-08,59.3538,59.9724,59.22,59.8052,6989565.0
2015-12-09,59.5293,60.1061,58.9692,59.2033,15295863.0
2015-12-10,59.2033,60.056,59.1448,59.6464,7666333.0
2015-12-11,59.0612,59.2535,58.6934,58.7686,13865689.0
2015-12-14,58.9943,59.2284,58.2419,59.1531,19705798.0
2015-12-15,59.7968,60.2065,59.6046,59.9222,13100133.0
2015-12-16,60.4238,60.7916,59.5795,60.6997,11165542.0
2015-12-17,60.8703,60.8703,59.9973,60.0476,9533014.0
2015-12-18,59.8905,59.966,59.1685,59.1769,12564381.0
2015-12-21,59.5295,59.7142,59.2273,59.7142,6114093.0
2015-12-22,59.9241,60.2011,59.5715,60.1171,6664399.0
2015-12-23,60.4949,60.8979,60.4362,60.7636,7355610.0
2015-12-24,60.5621,61.0154,60.5369,60.8223,2248672.0
2015-12-28,60.646,60.6964,60.369,60.5369,4996031.0
2015-12-29,60.9399,61.4184,60.8139,61.2757,6353275.0
2015-12-30,61.2085,61.368,60.9566,61.0154,7379683.0
2015-12-31,60.7971,61.0742,60.4697,60.4697,5738366.0
2016-01-04,59.412,59.605,58.7739,59.3784,17472453.0
2016-01-05,59.5463,59.9241,59.4036,59.6638,11259724.0
2016-01-06,58.8159,59.5883,58.7655,59.1769,12069472.0
2016-01-07,58.0352,58.7739,57.8169,57.9764,14612256.0
2016-01-08,58.3206,58.4717,57.0026,57.1033,14810563.0
2016-01-11,57.3552,57.3803,55.6258,56.4233,24047985.0
2016-01-12,56.9018,57.4727,56.2134,57.1453,12825196.0
2016-01-13,57.2544,57.5231,55.3907,55.4495,14744172.0
2016-01-14,55.5922,57.3048,55.248,56.9354,19315854.0
2016-01-15,55.4915,56.3981,55.3403,56.1379,16588861.0
2016-01-19,56.7507,56.9606,55.5166,56.1295,11930473.0
2016-01-20,55.1389,56.7843,54.4505,56.2386,22887704.0
2016-01-21,56.0623,56.6668,55.5418,56.0707,15765742.0
2016-01-22,56.8599,57.1117,56.5828,56.9606,10241163.0
2016-01-25,56.7675,57.1705,56.3561,56.4317,9448573.0
2016-01-26,56.4653,56.969,56.0287,56.8599,10607897.0
2016-01-27,56.7591,57.3552,55.8189,56.2134,14508508.0
2016-01-28,56.4821,56.5157,54.61,54.9038,24324721.0
2016-01-29,54.7863,55.8273,54.6268,55.8021,16384984.0
2016-02-01,55.4243,56.1715,55.1305,55.886,14372609.0
2016-02-02,55.4915,55.6426,54.9122,55.0801,12133282.0
2016-02-03,55.2396,55.4998,54.207,55.4411,17864941.0
2016-02-04,55.2732,55.7601,54.6436,55.1389,17105240.0
2016-02-05,54.8366,54.9877,53.7789,54.0643,15267336.0
2016-02-08,53.4598,53.6865,52.6875,53.3255,20013419.0
2016-02-09,52.6791,54.2574,52.6203,53.7201,19373188.0
2016-02-10,54.0727,55.0381,54.0223,54.1986,13409868.0
2016-02-11,53.2248,53.7537,52.9226,53.3255,20558771.0
2016-02-12,53.6194,54.0643,53.166,54.0391,9512029.0
2016-02-16,54.6184,55.0801,54.4337,55.0549,13338913.0
2016-02-17,55.4831,55.8189,55.0633,55.7517,11307465.0
2016-02-18,55.8189,56.0455,55.2732,55.4075,9233758.0
2016-02-19,55.1389,55.5082,54.9961,55.3487,8373759.0
2016-02-22,55.8021,56.1463,55.7097,56.1379,6886990.0
2016-02-23,55.9868,56.2806,55.6594,55.7181,7780639.0
2016-02-24,55.3991,55.9784,54.8031,55.9028,10449022.0
2016-02-25,56.1547,56.6332,55.8776,56.5996,8942385.0
2016-02-26,56.8599,57.0865,56.4485,56.4989,9741490.0
2016-02-29,56.331,56.4737,55.5838,55.6006,10215015.0
2016-03-01,55.9112,56.8095,55.5418,56.7927,12257505.0
2016-03-02,56.65,56.9018,56.5408,56.885,10028376.0
2016-03-03,56.7423,56.7927,56.205,56.7255,9419164.0
2016-03-04,56.7255,56.9522,56.3226,56.5912,9162879.0
2016-03-07,56.2218,57.2376,56.2134,57.0445,9456818.0
2016-03-08,56.7087,56.8934,56.2722,56.3478,7301666.0
2016-03-09,56.4989,56.692,56.0623,56.4485,13511993.0
2016-03-10,56.7255,57.1117,56.0455,56.4821,10767443.0
2016-03-11,56.8431,57.5902,56.8011,57.5818,9321792.0
2016-03-14,57.372,57.565,57.1873,57.3384,5639103.0
2016-03-15,56.9606,57.0781,56.2806,56.4485,13658858.0
2016-03-16,56.3394,56.6416,55.8692,56.3142,16110829.0
2016-03-17,56.266,56.2744,55.1201,55.6594,17881571.0
2016-03-18,55.7577,56.5159,55.6566,56.3137,15575712.0
2016-03-21,56.3643,56.7603,56.2716,56.6423,10492617.0
2016-03-22,56.457,57.3837,56.457,57.2068,12314861.0
2016-03-23,57.1647,57.2658,56.7434,56.8024,6963563.0
2016-03-24,56.5496,56.9878,56.339,56.7771,7856583.0
2016-03-28,56.9288,56.9878,56.5328,56.617,6768938.0
2016-03-29,56.5159,57.3248,56.3222,57.2742,9454611.0
2016-03-30,57.5607,57.7123,57.1815,57.2826,6501484.0
2016-03-31,57.1984,57.5354,57.0804,57.1057,8158479.0
2016-04-01,56.8698,57.9651,56.7603,57.7544,8424387.0
2016-04-04,57.8892,58.6559,57.8808,58.4453,13759760.0
2016-04-05,57.7629,58.0325,57.5522,57.687,14097498.0
2016-04-06,57.7039,59.2625,57.7039,59.2373,21680573.0
2016-04-07,58.816,59.212,58.2852,58.5885,17345605.0
2016-04-08,58.9508,58.9761,58.0746,58.4285,10118318.0
2016-04-11,58.4032,58.5717,57.8555,57.9819,8240062.0
2016-04-12,57.9735,58.5801,57.9651,58.4537,11112785.0
2016-04-13,58.7233,59.0351,58.4032,59.0014,9093784.0
2016-04-14,58.9845,59.2288,58.816,59.0351,5401851.0
2016-04-15,59.1783,59.1783,58.597,58.9929,6971980.0
2016-04-18,58.8244,59.608,58.7318,59.5406,9115872.0
2016-04-19,59.6417,60.0714,59.4226,59.7512,6238871.0
2016-04-20,59.7681,60.3578,59.7175,60.0714,9620871.0
2016-04-21,60.1051,60.56,60.0292,60.4252,11032517.0
2016-04-22,60.4168,60.7622,60.1893,60.5516,10374106.0
2016-04-25,60.3241,60.5095,60.1219,60.3157,7241893.0
2016-04-26,60.4336,60.4336,59.9113,60.0882,6065118.0
2016-04-27,60.1303,60.2736,59.7681,60.0208,8755338.0
2016-04-28,59.6754,60.3157,59.4058,59.7344,16071518.0
2016-04-29,59.1951,59.3468,58.4453,58.7992,11877777.0
2016-05-02,58.9929,59.1699,58.6644,59.1362,8285768.0
2016-05-03,58.9255,59.3131,58.7233,58.9592,8379925.0
2016-05-04,58.5801,58.6812,58.2262,58.3863,10953791.0
2016-05-05,58.3948,58.7149,58.2599,58.6307,9090841.0
2016-05-06,58.42,58.5885,57.805,58.2852,11546316.0
2016-05-09,58.2852,59.1362,58.2599,58.9508,8595969.0
2016-05-10,59.1867,59.4563,59.0266,59.4479,10292132.0
2016-05-11,59.3552,59.5069,58.7233,58.7318,6518222.0
2016-05-12,58.8581,59.0351,58.0493,58.3863,9666749.0
2016-05-13,58.3189,58.6981,58.201,58.2515,10578983.0
2016-05-16,58.2599,59.1699,58.2262,59.0435,7403214.0
2016-05-17,58.934,59.0856,58.2178,58.4285,10523246.0
2016-05-18,58.3358,58.9677,58.2768,58.6728,11037811.0
2016-05-19,58.3358,58.6054,57.805,58.1757,8092067.0
2016-05-20,58.3948,58.9171,58.3695,58.7149,6619486.0
2016-05-23,58.6307,58.7402,58.4285,58.479,4689548.0
2016-05-24,58.7655,59.4142,58.6981,59.3215,9702890.0
2016-05-25,59.4816,59.8102,59.4732,59.6922,7915804.0
2016-05-26,59.7175,59.8186,59.5069,59.7007,4956872.0
2016-05-27,59.6585,60.1051,59.6585,59.9703,8991324.0
2016-05-31,60.1556,60.2567,59.8523,60.1135,7103201.0
2016-06-01,59.9281,60.4673,59.8776,60.3325,8693978.0
2016-06-02,60.282,61.1077,60.2062,61.1077,11495554.0
2016-06-03,60.9223,61.1245,60.4168,60.9054,11182876.0
2016-06-06,60.9139,61.3436,60.7622,61.234,7057306.0
2016-06-07,60.9813,61.0402,60.7032,60.8549,5973507.0
2016-06-08,60.7622,61.1751,60.6695,61.0655,4195752.0
2016-06-09,60.9307,61.3688,60.7875,60.9644,9147019.0
2016-06-10,60.501,60.6443,60.1977,60.4758,8435442.0
2016-06-13,60.2567,60.7117,59.9955,59.9955,7674634.0
2016-06-14,59.8523,60.1135,59.5995,60.0882,7557345.0
2016-06-15,60.2483,60.3747,59.6248,59.6754,7205805.0
2016-06-16,59.4969,59.9875,59.2008,59.886,8417954.0
2016-06-17,59.975,60.0004,59.0445,59.2644,9791511.0
2016-06-20,59.772,60.0596,59.5605,59.6366,6494824.0
2016-06-21,59.8396,59.8989,59.2898,59.4252,5792258.0
2016-06-22,59.4336,60.2711,59.3829,59.6028,10650091.0
2016-06-23,60.1273,60.381,59.8481,60.381,6574723.0
2016-06-24,58.6638,59.552,58.4101,58.6131,20423775.0
2016-06-27,58.2324,58.4354,57.598,57.8433,16706251.0
2016-06-28,58.2493,59.0107,58.2324,58.9684,11239334.0
2016-06-29,59.3829,60.2626,59.3829,60.0934,7981408.0
2016-06-30,60.2118,60.694,59.9158,60.6517,8211902.0
2016-07-01,60.7955,61.1846,60.601,61.0408,5671427.0
2016-07-05,60.6771,61.2269,60.6771,60.9816,7097662.0
2016-07-06,60.8886,61.7937,60.8209,61.6668,11424460.0
2016-07-07,62.039,62.0475,61.2946,61.5738,7150617.0
2016-07-08,61.8445,62.352,61.5484,62.3351,9648361.0
2016-07-11,62.5212,62.6819,62.1067,62.1659,6073227.0
2016-07-12,62.3012,62.5635,62.2505,62.4704,9374561.0
2016-07-13,62.665,62.7496,62.3774,62.445,5756303.0
2016-07-14,62.8595,63.1556,62.4873,62.7157,4414961.0
2016-07-15,62.9526,63.1302,62.5804,62.665,6355204.0
2016-07-18,62.6819,62.8088,62.462,62.6904,3273187.0
2016-07-19,62.7665,62.9188,62.3689,62.555,6187434.0
2016-07-20,62.8426,63.2317,62.758,63.1218,4448903.0
2016-07-21,63.1218,63.4348,63.0626,63.3079,5369523.0
2016-07-22,63.2994,63.5109,63.1133,63.4348,4639074.0
2016-07-25,63.4517,63.5024,62.978,63.3671,4703857.0
2016-07-26,63.1218,63.3502,63.0033,63.2571,5913997.0
2016-07-27,63.1302,63.6462,62.9949,63.5447,7200522.0
2016-07-28,63.4432,63.6462,63.1725,63.4855,4888761.0
2016-07-29,63.3671,63.7308,63.2148,63.6124,4466388.0
2016-08-01,63.6716,64.2891,63.6716,64.0184,7095378.0
2016-08-02,63.9846,64.213,63.384,63.7731,9911597.0
2016-08-03,63.7308,63.7731,63.4686,63.5955,7071155.0
2016-08-04,63.6801,63.7393,63.4178,63.5024,6260507.0
2016-08-05,63.7816,63.7816,63.2994,63.6547,6717885.0
2016-08-08,63.6039,63.6039,62.8934,63.1133,6178492.0
2016-08-09,63.4517,63.4855,63.0203,63.2656,5552687.0
2016-08-10,63.2402,63.2402,62.8849,63.0456,5046138.0
2016-08-11,63.2233,63.4855,63.1049,63.4178,4534650.0
2016-08-12,63.2994,63.5532,63.0287,63.2571,4268356.0
2016-08-15,63.2571,63.5194,63.2571,63.3671,3952949.0
2016-08-16,63.274,63.2825,62.8003,62.8003,5033956.0
2016-08-17,62.665,62.978,62.5296,62.9272,7038139.0
2016-08-18,62.9188,63.0879,62.758,62.9526,3625265.0
2016-08-19,62.8257,62.9441,62.6227,62.9018,4028697.0
2016-08-22,62.9272,63.2656,62.8595,63.0287,3858597.0
2016-08-23,63.2487,63.4432,63.0541,63.0879,4906901.0
2016-08-24,63.0626,63.1979,61.946,62.0982,8157972.0
2016-08-25,61.929,62.1828,61.3031,61.5738,8365342.0
2016-08-26,61.6414,62.1321,61.4384,61.8106,9670801.0
2016-08-29,61.836,62.0982,61.6837,61.946,7045541.0
2016-08-30,61.8783,62.0221,61.5822,61.7345,5158000.0
2016-08-31,61.6499,61.726,61.3115,61.5484,4521422.0
2016-09-01,61.5484,61.6245,61.1085,61.3877,8594834.0
2016-09-02,61.5145,61.6414,61.2862,61.4553,7270729.0
2016-09-06,61.5568,61.8106,61.4638,61.6753,6106509.0
2016-09-07,61.6245,61.8952,61.4976,61.6753,6026962.0
2016-09-08,61.6837,61.7768,61.4215,61.726,4640144.0
2016-09-09,61.3792,61.3792,60.4741,60.491,10408620.0
2016-09-12,60.1526,61.5484,60.1357,61.3877,11991276.0
2016-09-13,60.9816,61.007,60.2457,60.5671,11602584.0
2016-09-14,60.5418,60.9647,60.3218,60.5671,11010718.0
2016-09-15,60.4543,61.3629,60.31,61.1931,9339534.0
2016-09-16,61.1324,61.3192,60.988,61.2343,8180850.0
2016-09-19,61.3871,61.5145,60.9371,61.0135,5606169.0
2016-09-20,61.2767,61.4296,61.1664,61.2003,5064869.0
2016-09-21,61.4041,61.9306,61.0305,61.8117,6819520.0
2016-09-22,62.0665,62.3892,62.0325,62.2788,5925507.0
2016-09-23,62.1854,62.3382,62.0665,62.0835,5145516.0
2016-09-26,61.8542,61.9051,61.2173,61.3617,5214165.0
2016-09-27,61.3022,61.8032,61.1494,61.7947,6979205.0
2016-09-28,61.8542,61.8627,61.3786,61.7013,4764404.0
2016-09-29,61.6249,61.7013,60.4361,60.6144,8466753.0
2016-09-30,60.7418,61.4041,60.6993,61.2343,6488746.0
2016-10-03,60.9626,61.1833,60.7078,61.1833,6683124.0
2016-10-04,60.9965,61.3702,60.7503,61.0645,8378833.0
2016-10-05,61.2258,61.4381,61.1239,61.3022,9720222.0
2016-10-06,61.0984,61.1579,60.7078,61.0729,6856934.0
2016-10-07,61.0135,61.3192,60.6738,61.0305,6669487.0
2016-10-10,61.1409,61.4975,61.1409,61.3107,5938533.0
2016-10-11,60.971,61.0135,59.5105,59.7737,11847710.0
2016-10-12,59.8077,60.0454,59.434,59.4935,10852660.0
2016-10-13,59.1453,59.7397,58.95,59.5189,8297798.0
2016-10-14,59.6548,59.8162,59.1028,59.1198,7258770.0
2016-10-17,59.1963,59.2472,58.7971,58.9245,5820455.0
2016-10-18,59.468,59.7567,59.3236,59.6293,4976031.0
2016-10-19,59.7058,59.7567,59.3831,59.4086,4137227.0
2016-10-20,59.485,59.8756,59.3746,59.6888,6260596.0
2016-10-21,59.3831,59.3831,59.0434,59.1963,4291012.0
2016-10-24,59.4595,59.5189,59.0859,59.0859,6003261.0
2016-10-25,59.0179,59.1963,58.8396,58.916,7196460.0
2016-10-26,58.8226,58.916,58.3131,58.5594,7241485.0
2016-10-27,58.9925,59.2387,58.6783,58.8311,6690898.0
2016-10-28,58.1263,58.2876,57.3026,57.5573,16895974.0
2016-10-31,57.5404,57.5489,57.1752,57.2007,11159362.0
2016-11-01,57.2347,57.396,56.4534,56.895,12317786.0
2016-11-02,56.7931,57.2262,56.5978,56.5978,15137765.0
2016-11-03,56.7846,57.0224,56.0288,56.0628,17556238.0
2016-11-04,56.2156,56.9205,56.1562,56.4534,17970228.0
2016-11-07,57.0648,58.0584,57.0309,57.897,13013955.0
2016-11-08,57.5998,58.449,57.447,58.0584,14001381.0
2016-11-09,60.487,60.7757,58.8141,60.1049,46439610.0
2016-11-10,61.0645,61.2088,60.3427,60.7672,26866387.0
2016-11-11,60.5974,60.5974,59.5954,59.8586,15093035.0
2016-11-14,60.1219,60.1898,59.5529,59.6718,13347502.0
2016-11-15,59.9011,59.9011,59.2812,59.8416,9750778.0
2016-11-16,59.6888,59.9775,59.5105,59.5869,7078641.0
2016-11-17,59.6293,59.8416,59.451,59.8247,8933604.0
2016-11-18,59.8756,60.0369,59.1538,59.1878,10506764.0
2016-11-21,59.3151,59.4595,59.2387,59.4001,6481644.0
2016-11-22,59.3746,59.3746,58.1433,58.5424,14091549.0
2016-11-23,57.6508,58.7802,57.5658,58.7717,10329562.0
2016-11-25,58.9415,59.0519,58.7632,59.0009,3876609.0
2016-11-28,58.8906,58.899,58.466,58.5594,6204898.0
2016-11-29,58.6952,59.1113,58.6868,58.9415,6743521.0
2016-11-30,58.984,59.0009,58.3556,58.381,8003967.0
2016-12-01,58.449,58.5933,57.7866,57.9565,10853149.0
2016-12-02,58.0584,58.3216,57.863,58.0923,7442076.0
2016-12-05,58.3301,58.415,57.8036,57.9904,5461252.0
2016-12-06,58.1603,58.1688,57.8206,58.1518,5213547.0
2016-12-07,57.6932,57.6932,56.8695,57.6508,12085809.0
2016-12-08,57.4724,57.8206,57.1412,57.7611,7208535.0
2016-12-09,57.9649,58.5764,57.9649,58.466,11554399.0
2016-12-12,58.3556,58.8311,58.3556,58.7462,10981461.0
2016-12-13,58.9585,59.3067,58.7887,59.2217,9993071.0
2016-12-14,59.2132,59.5274,58.7122,58.916,11003725.0
2016-12-15,59.1532,59.3579,58.9314,59.2982,7688793.0
2016-12-16,59.4307,59.5928,59.1748,59.3454,7593029.0
2016-12-19,59.3881,59.6525,59.0213,59.0981,7120020.0
2016-12-20,59.1237,59.2601,58.919,59.0554,4593779.0
2016-12-21,59.0895,59.1151,58.6204,58.7228,5103473.0
2016-12-22,58.5351,58.8166,58.4072,58.7995,4130201.0
2016-12-23,58.8166,59.2772,58.8166,59.2431,3966624.0
2016-12-27,59.3198,59.7036,59.3028,59.3625,8304922.0
2016-12-28,59.4222,59.4904,58.9019,58.9104,4086387.0
2016-12-29,58.9445,59.2004,58.9104,59.0128,4740078.0
2016-12-30,58.9445,59.081,58.6119,58.7995,6119593.0
2017-01-03,59.1151,59.5842,59.0384,59.5672,9579287.0
2017-01-04,59.661,60.1983,59.661,60.0363,7875489.0
2017-01-05,59.9851,60.3604,59.9339,60.3433,5529589.0
2017-01-06,60.3604,60.6845,60.1386,60.5139,5298525.0
2017-01-09,60.5139,60.8721,60.403,60.7698,5224862.0
2017-01-10,60.8721,61.3327,60.7357,60.983,8428365.0
2017-01-11,61.0598,61.273,59.7463,60.3689,22950112.0
2017-01-12,60.0704,60.4627,59.9254,60.4286,8852148.0
2017-01-13,60.531,60.693,60.3433,60.4883,4890345.0
2017-01-17,60.113,60.2836,59.6866,60.1813,5745073.0
2017-01-18,60.3007,60.4371,59.9851,60.1045,5758203.0
2017-01-19,60.0874,60.2239,59.6269,59.7207,5952845.0
2017-01-20,59.7207,60.0192,59.516,59.5672,6601434.0
2017-01-23,59.6525,59.7036,59.0981,59.3198,9552700.0
2017-01-24,59.2601,59.3028,58.6375,58.9104,8270300.0
2017-01-25,58.9616,59.4904,58.9275,59.4648,6169032.0
2017-01-26,59.3369,59.5075,58.9957,59.0042,6220133.0
2017-01-27,59.1407,59.5331,59.1237,59.4904,6258801.0
2017-01-30,59.3454,59.4648,58.9531,59.2004,6167783.0
2017-01-31,58.8848,60.1471,58.8422,60.1471,12154682.0
2017-02-01,60.0704,60.6674,60.0277,60.6674,12247447.0
2017-02-02,60.5139,60.6845,60.1727,60.6504,9995383.0
2017-02-03,60.8465,60.9745,60.5565,60.9148,9683249.0
2017-02-06,60.8039,60.983,60.6845,60.983,7588147.0
2017-02-07,61.0256,61.2645,60.838,61.0427,8596962.0
2017-02-08,60.7186,61.0171,60.548,60.9489,5434873.0
2017-02-09,60.9404,61.3497,60.8892,61.1706,7507548.0
2017-02-10,61.2645,61.4265,61.1195,61.29,4013635.0
2017-02-13,61.3497,61.6994,61.3497,61.6653,4630775.0
2017-02-14,61.5971,62.1515,61.5459,62.1515,8894092.0
2017-02-15,62.015,62.9447,61.9553,62.8253,8337545.0
2017-02-16,62.8423,62.902,62.3135,62.74,9637298.0
2017-02-17,62.5012,62.8594,62.5012,62.8253,9076753.0
2017-02-21,62.8168,63.3114,62.8168,63.1067,10105189.0
2017-02-22,63.03,63.2347,62.9532,63.0129,6037083.0
2017-02-23,63.0812,63.5844,63.0044,63.4735,7746249.0
2017-02-24,63.3456,63.8147,63.3456,63.7805,8075565.0
2017-02-27,63.8232,64.1217,63.6867,64.0876,6776954.0
2017-02-28,63.9085,64.1643,63.772,63.9596,9373010.0
2017-03-01,64.3435,64.7614,64.1558,64.5993,12478546.0
2017-03-02,64.497,64.7273,64.3861,64.3946,6982164.0
2017-03-03,64.3008,64.7017,64.2752,64.6505,5992395.0
2017-03-06,64.5567,64.6079,64.1729,64.4032,5511023.0
2017-03-07,63.8744,64.2752,63.7464,63.9511,11237026.0
2017-03-08,63.9426,64.4287,63.8999,64.207,7463552.0
2017-03-09,64.1985,64.642,64.1558,64.5567,7995419.0
2017-03-10,64.8296,64.8978,64.5652,64.804,9770427.0
2017-03-13,64.8637,64.8637,64.497,64.7529,5491542.0
2017-03-14,64.5737,64.787,64.4458,64.514,6596857.0
2017-03-15,64.6079,65.4608,64.5993,65.3243,9547193.0
2017-03-16,65.164,65.164,64.4449,64.6932,9721806.0
2017-03-17,64.5338,64.6536,64.3026,64.3369,8926705.0
2017-03-20,64.354,64.4482,64.1058,64.2256,4490561.0
2017-03-21,64.3112,64.5338,61.9144,63.7377,14272006.0
2017-03-22,63.789,63.9174,63.4381,63.7548,8526782.0
2017-03-23,63.6778,64.003,63.4381,63.5579,6326372.0
2017-03-24,63.5922,63.8746,63.3268,63.5922,8211136.0
2017-03-27,63.1385,63.8746,63.0186,63.7634,6625668.0
2017-03-28,63.6692,63.8918,63.4381,63.8062,6076200.0
2017-03-29,63.8318,63.9774,63.6778,63.8233,4010159.0
2017-03-30,63.7462,63.9602,63.575,63.8318,5111331.0
2017-03-31,63.6778,63.8233,63.5836,63.6521,5148341.0
2017-04-03,63.7206,64.0202,63.4552,63.7034,6336353.0
2017-04-04,63.6863,63.7548,63.4894,63.6692,4535428.0
2017-04-05,63.7548,64.1314,63.4295,63.4723,6028254.0
2017-04-06,63.4894,63.7034,63.3011,63.5836,4449753.0
2017-04-07,63.6264,63.8575,63.4552,63.6949,4840796.0
2017-04-10,63.6778,63.8918,63.5151,63.575,4280765.0
2017-04-11,63.4723,63.635,63.1385,63.4894,5104911.0
2017-04-12,63.421,63.5922,63.2326,63.4894,3523665.0
2017-04-13,63.4124,63.6264,63.3268,63.3268,5407333.0
2017-04-17,63.2498,63.575,63.1984,63.5579,4321740.0
2017-04-18,63.207,63.207,62.6249,62.8646,6888407.0
2017-04-19,63.07,63.2326,62.9416,63.0529,4575706.0
2017-04-20,63.1813,63.575,62.8902,63.4466,6322268.0
2017-04-21,63.3354,63.3953,62.9245,63.07,6121318.0
2017-04-24,63.6863,63.849,63.6093,63.6949,4510599.0
2017-04-25,63.9517,64.1571,63.7719,63.9688,6781341.0
2017-04-26,64.1999,64.5766,64.1486,64.3198,5670156.0
2017-04-27,64.3369,64.7563,64.2085,64.4567,6261746.0
2017-04-28,64.5081,64.6622,64.3968,64.6279,4807089.0
2017-05-01,64.7392,64.9018,64.6279,64.7734,6277299.0
2017-05-02,64.8334,64.9703,64.4567,64.9532,4838610.0
2017-05-03,64.7563,64.8077,64.491,64.6365,5365772.0
2017-05-04,64.859,65.0645,64.7649,65.0645,3751324.0
2017-05-05,65.21,65.2271,64.7649,65.0302,5273320.0
2017-05-08,64.9789,65.0302,64.5338,64.6279,4740315.0
2017-05-09,64.6622,64.8248,64.5851,64.705,3527948.0
2017-05-10,64.6022,64.6108,64.2513,64.5166,4082622.0
2017-05-11,64.4139,64.5766,64.2256,64.5509,5476800.0
2017-05-12,64.5252,64.6194,64.3968,64.4396,2339779.0
2017-05-15,64.4738,64.8933,64.4139,64.859,5953926.0
2017-05-16,64.7906,64.8505,64.4225,64.6108,4798797.0
2017-05-17,64.0886,64.2684,63.7634,63.7634,9873837.0
2017-05-18,63.7291,64.4139,63.7291,64.0458,8803880.0
2017-05-19,64.1571,64.431,64.0715,64.2256,8738345.0
2017-05-22,64.1657,64.4738,64.0287,64.3968,3822580.0
2017-05-23,64.4824,64.7478,64.431,64.6108,3834673.0
2017-05-24,64.645,64.8248,64.491,64.7734,4132991.0
2017-05-25,64.919,65.21,64.7649,65.0816,4120080.0
2017-05-26,65.0302,65.2186,64.8933,64.9618,4178179.0
2017-05-30,64.7734,65.0302,64.7563,64.8676,4171550.0
2017-05-31,64.996,65.2699,64.9361,65.1244,5616895.0
2017-06-01,65.2357,65.8948,65.1672,65.8434,6196322.0
2017-06-02,66.0318,66.357,65.9718,66.2714,4509873.0
2017-06-05,66.2714,66.3399,65.929,66.0831,3355298.0
2017-06-06,65.9547,66.1602,65.8092,65.9205,3895138.0
2017-06-07,66.0061,66.1687,65.8862,66.1002,4058769.0
2017-06-08,66.0574,66.2201,65.7322,65.9119,5688292.0
2017-06-09,65.9975,66.5625,65.9119,66.357,11783187.0
2017-06-12,66.3057,66.5454,65.9547,66.2714,6665510.0
2017-06-13,66.3314,66.494,66.1687,66.4084,4900314.0
2017-06-14,66.5197,66.9134,66.494,66.7251,6203391.0
2017-06-15,66.4676,66.6996,66.2871,66.6566,5886509.0
2017-06-16,66.7407,66.904,66.4141,66.7665,10623642.0
2017-06-19,66.861,67.5227,66.8266,67.4626,7248039.0
2017-06-20,67.454,68.0642,67.4282,67.686,6925883.0
2017-06-21,67.8235,68.5798,67.7806,68.5454,8055856.0
2017-06-22,68.6571,69.6798,68.6314,69.2587,11129338.0
2017-06-23,69.1728,69.3017,68.8978,69.1556,7688550.0
2017-06-26,69.3533,69.3533,68.9837,69.0868,5334772.0
2017-06-27,69.0868,69.1728,68.4423,68.4595,7961495.0
2017-06-28,68.6829,68.9923,68.6485,68.8204,7543180.0
2017-06-29,68.7431,68.8032,67.772,68.1931,7669695.0
2017-06-30,68.4595,68.4595,68.0985,68.0985,6065446.0
2017-07-03,68.3306,68.5368,68.2103,68.2189,4352269.0
2017-07-05,68.3134,68.7087,68.0728,68.6228,8034691.0
2017-07-06,68.3306,68.4595,67.6431,67.7376,5921272.0
2017-07-07,67.9782,68.1587,67.8063,68.0813,3709902.0
2017-07-10,68.1071,68.1329,67.7806,67.9524,3068201.0
2017-07-11,67.9095,68.0556,67.5313,67.8751,3304997.0
2017-07-12,68.2103,68.5626,68.1931,68.3392,7352701.0
2017-07-13,68.3993,68.6142,67.9353,68.3993,7536773.0
2017-07-14,68.5454,69.0095,68.4079,68.8634,5311582.0
2017-07-17,68.9493,69.0009,68.597,68.6142,4916468.0
2017-07-18,68.5196,68.7001,68.2017,68.6657,7075823.0
2017-07-19,68.9579,69.2243,68.9579,69.2243,7728737.0
2017-07-20,69.3876,69.7915,69.2759,69.6798,6484012.0
2017-07-21,69.5337,69.7056,69.4736,69.6025,3839519.0
2017-07-24,69.5423,69.6454,69.2759,69.5767,4037304.0
2017-07-25,69.74,69.7915,68.9751,69.0782,8061102.0
2017-07-26,68.9236,68.9923,68.6571,68.8462,4246856.0
2017-07-27,68.9322,68.9322,68.0899,68.3735,9196812.0
2017-07-28,68.3993,68.8032,68.1071,68.7173,6020364.0
2017-07-31,68.8032,68.9493,68.6485,68.6571,4378340.0
2017-08-01,68.9064,68.9064,68.4165,68.5025,6530820.0
2017-08-02,68.4939,68.4939,68.1071,68.3478,6935828.0
2017-08-03,68.3821,68.597,68.1587,68.4595,5928997.0
2017-08-04,68.7775,68.7775,68.2189,68.3048,3630026.0
2017-08-07,68.236,68.4595,68.1759,68.4509,3563522.0
2017-08-08,68.3649,68.4853,67.9954,68.1329,3859426.0
2017-08-09,67.9696,68.279,67.8493,68.2103,4494527.0
2017-08-10,68.004,68.0642,67.3509,67.3595,6279244.0
2017-08-11,67.3938,67.8837,67.3938,67.5485,6785101.0
2017-08-14,67.8407,68.1157,67.8407,68.004,3478881.0
2017-08-15,68.0899,68.2274,67.9868,68.004,3308143.0
2017-08-16,68.1157,68.322,68.0298,68.1931,3511918.0
2017-08-17,67.9782,68.2704,67.3165,67.3423,6606944.0
2017-08-18,67.093,67.4884,66.9899,67.0329,6991752.0
2017-08-21,66.9727,67.4196,66.8782,67.3337,5032711.0
2017-08-22,67.3509,68.2274,67.3079,68.1501,4927775.0
2017-08-23,67.9181,67.9353,67.6001,67.6345,4438428.0
2017-08-24,67.7032,67.9267,67.5743,67.8321,5303083.0
2017-08-25,67.9782,68.236,67.7977,67.8493,4928873.0
2017-08-28,68.0384,68.322,68.0212,68.2103,5722431.0
2017-08-29,67.9267,68.4079,67.8665,68.3392,3738839.0
2017-08-30,68.2618,68.8634,68.2446,68.6915,3382545.0
2017-08-31,68.8634,69.929,68.8634,69.8603,6374180.0
2017-09-01,69.9634,70.1095,69.5337,69.8087,5424636.0
2017-09-05,69.5165,69.929,69.1814,69.5079,7194721.0
2017-09-06,69.7486,69.9119,69.4306,69.8431,7543872.0
2017-09-07,69.8345,70.7713,69.8173,70.6166,6308092.0
2017-09-08,70.5134,71.0549,70.3931,70.9345,3647109.0
2017-09-11,71.2525,71.5017,71.0978,71.4846,4856719.0
2017-09-12,71.5017,71.6478,71.3556,71.6392,6299528.0
2017-09-13,71.5533,71.6822,71.2353,71.3728,4870591.0
2017-09-14,71.1741,71.5795,71.0792,71.4674,5328945.0
2017-09-15,71.644,71.644,71.161,71.2386,5738880.0
2017-09-18,71.3162,71.506,71.1092,71.2214,5486881.0
2017-09-19,71.2559,71.3421,70.5831,70.6607,5602419.0
2017-09-20,70.6866,70.8073,70.2208,70.7297,4858904.0
2017-09-21,70.6866,70.7642,70.3329,70.3674,3397273.0
2017-09-22,70.2726,70.4623,69.9965,70.3674,5059500.0
2017-09-25,70.2726,70.5917,70.0483,70.1604,4959682.0
2017-09-26,70.3588,70.5572,70.0224,70.0483,4291828.0
2017-09-27,70.2294,70.2294,69.7205,70.0224,4866927.0
2017-09-28,69.962,70.3157,69.8585,70.0828,3903237.0
2017-09-29,70.0914,70.5313,69.9189,70.4968,6081749.0
2017-10-02,70.7038,71.2214,70.6262,71.2127,8043302.0
2017-10-03,71.3162,71.4198,70.9108,71.1955,4300306.0
2017-10-04,71.299,71.5664,71.23,71.5405,3056724.0
2017-10-05,71.5405,71.6009,71.2645,71.5923,4086244.0
2017-10-06,71.4629,71.7734,71.3853,71.4974,3721782.0
2017-10-09,71.4888,71.506,70.9367,71.0489,3626710.0
2017-10-10,71.0747,71.2127,70.8246,71.2127,3731841.0
2017-10-11,71.1696,71.4284,71.1524,71.3508,3266910.0
2017-10-12,71.3249,71.437,71.1869,71.2731,4149121.0
2017-10-13,71.0402,71.1869,70.9195,71.092,5623032.0
2017-10-16,71.0402,71.3162,70.6521,70.7815,8543338.0
2017-10-17,70.9281,71.92,70.9281,71.7303,7741881.0
2017-10-18,71.9114,72.2219,71.7475,71.8338,6460062.0
2017-10-19,71.7562,72.2996,71.644,72.2737,5698915.0
2017-10-20,72.2996,72.4117,72.1012,72.3513,5505546.0
2017-10-23,72.4462,72.7222,72.1357,72.1702,6804003.0
2017-10-24,72.1788,72.1874,71.2731,71.6871,6678721.0
2017-10-25,71.6181,71.7907,71.3076,71.5836,5940927.0
2017-10-26,71.0747,71.2817,70.4364,70.8677,12315641.0
2017-10-27,70.6176,70.9281,70.5831,70.8505,5427940.0
2017-10-30,70.5572,70.6607,69.9362,70.0914,5264562.0
2017-10-31,70.0483,70.2639,69.8413,69.962,6130490.0
2017-11-01,70.0828,70.4278,69.9448,70.1345,6695766.0
2017-11-02,70.2639,70.2812,69.6515,69.8154,7737172.0
2017-11-03,69.7378,70.4364,69.7378,70.3933,5307512.0
2017-11-06,70.3157,70.3588,70.1259,70.1777,3999549.0
2017-11-07,70.2984,70.4278,70.0742,70.3243,3924084.0
2017-11-08,70.2467,70.5658,70.1604,70.4882,3815826.0
2017-11-09,70.3157,70.5658,70.0569,70.4968,6023692.0
2017-11-10,70.3243,70.3243,69.5998,70.0397,4132323.0
2017-11-13,69.8068,70.2467,69.6084,70.1087,4407267.0
2017-11-14,69.8758,69.9534,69.5049,69.824,5868442.0
2017-11-15,69.5653,69.8413,69.3841,69.6256,4547565.0
2017-11-16,69.7291,70.4364,69.7291,70.3502,4071664.0
2017-11-17,70.031,70.2984,69.962,70.0742,5041473.0
2017-11-20,70.0655,70.1259,69.6688,69.7809,4071274.0
2017-11-21,70.1604,70.5572,70.1345,70.3933,7269886.0
2017-11-22,70.3933,70.6607,70.2553,70.3674,3104084.0
2017-11-24,70.4623,70.5572,70.3071,70.5313,1559839.0
2017-11-27,70.5313,70.7125,70.4709,70.5917,3990036.0
2017-11-28,70.7642,71.1696,70.5744,71.1092,6925725.0
2017-11-29,71.1696,71.7217,71.1696,71.4629,7223050.0
2017-11-30,71.6871,72.2133,71.4715,71.9977,9231636.0
2017-12-01,71.9632,72.1529,70.8763,71.851,13663925.0
2017-12-04,72.2651,72.2823,70.9712,70.9712,7883232.0
2017-12-05,71.0144,71.368,70.7901,70.8505,11329882.0
2017-12-06,70.8936,71.1265,70.4796,70.7901,7995798.0
2017-12-07,70.747,70.9453,70.5313,70.8073,3689564.0
2017-12-08,71.0144,71.6095,70.9626,71.6009,6608166.0
2017-12-11,71.6613,71.9459,71.5491,71.9028,4938831.0
2017-12-12,71.9287,72.2996,71.9287,72.1874,5538563.0
2017-12-13,72.1788,72.6446,72.1529,72.4376,6078948.0
2017-12-14,72.5011,72.5964,71.6265,71.7044,6062873.0
2017-12-15,71.9733,72.5189,71.9733,72.4929,6550286.0
2017-12-18,72.7267,72.9172,72.4669,72.5189,5053304.0
2017-12-19,72.6315,72.8826,72.3976,72.4323,4260089.0
2017-12-20,72.5882,72.7007,72.1898,72.1985,4382402.0
2017-12-21,72.4236,72.4669,71.982,72.0339,3340161.0
2017-12-22,71.93,72.0166,71.6269,71.8001,4965559.0
2017-12-26,71.7395,71.9127,71.6615,71.8174,2292898.0
2017-12-27,71.8694,72.1292,71.8607,71.9387,3793640.0
2017-12-28,72.0686,72.1725,71.8174,72.0426,4144768.0
2017-12-29,72.1638,72.2764,71.523,71.6009,4476807.0
2018-01-02,71.8694,72.4409,71.7655,72.4063,5879566.0
2018-01-03,72.3976,73.1511,72.1898,73.0991,7111452.0
2018-01-04,73.3329,73.4715,73.0125,73.203,6669292.0
2018-01-05,73.4368,73.8958,73.2896,73.8265,6900078.0
2018-01-08,73.7399,73.8352,73.177,73.5581,4550327.0
2018-01-09,73.7832,74.58,73.714,74.4241,6113460.0
2018-01-10,74.1729,74.3115,73.7399,74.2942,10284114.0
2018-01-11,74.4241,74.6319,74.2076,74.6146,3869479.0
2018-01-12,74.7532,75.2728,74.6839,75.1862,4881907.0
2018-01-16,75.6538,76.1647,75.4373,75.5585,7487755.0
2018-01-17,75.9049,76.4505,75.7144,76.286,6260023.0
2018-01-18,76.2946,76.3899,75.853,76.3033,6104193.0
2018-01-19,76.5977,76.6237,76.208,76.5891,4227539.0
2018-01-22,76.5631,77.1,76.4245,77.0914,5023491.0
2018-01-23,77.0827,77.2299,76.6497,76.719,7327179.0
2018-01-24,77.1,77.2299,76.6757,76.9441,7958029.0
2018-01-25,77.3165,77.6802,77.0221,77.6023,5818250.0
2018-01-26,77.9574,79.291,77.94,79.2737,9119209.0
2018-01-29,79.0658,79.4902,79.0485,79.0572,11408166.0
2018-01-30,77.3338,78.0353,77.2646,77.3945,13163322.0
2018-01-31,77.7928,78.018,76.0262,76.2946,13959916.0
2018-02-01,76.0002,76.667,75.801,76.3206,12357630.0
2018-02-02,75.6971,76.3639,75.2295,75.2468,9897875.0
2018-02-05,74.8744,75.3334,71.3325,71.9127,25670970.0
2018-02-06,70.5271,73.0212,70.4924,72.7094,28851494.0
2018-02-07,72.5016,73.6447,72.2504,72.6228,16278011.0
2018-02-08,72.6055,72.8393,70.0421,70.1027,18688478.0
2018-02-09,70.7436,71.7048,68.899,71.0986,32044433.0
2018-02-12,71.5576,72.3284,70.9168,71.7655,12341857.0
2018-02-13,71.3498,71.982,70.9081,71.8174,7803689.0
2018-02-14,71.3584,72.7614,71.2892,72.6315,9346614.0
2018-02-15,73.1251,73.4628,72.389,73.4368,8819564.0
2018-02-16,73.0731,74.4847,73.0731,73.9651,8672325.0
2018-02-20,73.61,73.8525,72.9432,73.1511,8104697.0
2018-02-21,73.1424,74.121,72.8393,72.848,8235198.0
2018-02-22,73.0818,73.6014,72.5622,72.7354,5819372.0
2018-02-23,73.1684,73.9045,72.848,73.8958,4937875.0
2018-02-26,74.0257,74.9177,74.0257,74.8311,5547787.0
2018-02-27,74.8311,75.0822,74.0517,74.0517,6561224.0
2018-02-28,74.2942,74.3894,72.848,72.8653,5623874.0
2018-03-01,72.7354,73.1078,71.1593,71.7048,11742598.0
2018-03-02,71.3151,72.5882,71.3065,72.4323,10191424.0
2018-03-05,72.1032,73.3069,71.9473,73.0904,9316009.0
2018-03-06,73.255,73.3762,72.6228,72.9865,8207196.0
2018-03-07,72.363,73.4368,72.337,73.3589,6381514.0
2018-03-08,73.5581,73.9131,73.4368,73.8525,4898778.0
2018-03-09,74.3028,74.9437,74.0257,74.9177,7765011.0
2018-03-12,74.9437,75.0563,74.5107,74.5973,4988172.0
2018-03-13,74.8831,75.2121,74.528,74.6925,5757614.0
2018-03-14,74.9523,75.1255,74.0863,74.3288,8715310.0
2018-03-15,74.59,74.8072,74.112,74.2076,5591100.0
2018-03-16,74.1986,74.6071,74.1986,74.2073,6240330.0
2018-03-19,74.0683,74.1639,72.4084,73.008,6578901.0
2018-03-20,73.1732,73.373,72.6952,73.1123,4936402.0
2018-03-21,73.234,73.6337,72.7386,72.7995,4860429.0
2018-03-22,72.0955,72.1477,70.5834,70.7051,13557940.0
2018-03-23,70.7746,70.9223,69.1756,69.2364,10304495.0
2018-03-26,70.0185,70.7659,69.2103,70.6703,8678501.0
2018-03-27,70.9223,71.1309,69.4363,69.836,9840225.0
2018-03-28,70.0359,70.8876,69.9403,70.2097,9558864.0
2018-03-29,70.5834,71.2526,70.1054,70.7398,6411006.0
2018-04-02,70.4444,70.8094,68.4282,69.1321,10103956.0
2018-04-03,69.5058,70.314,69.0713,70.1837,7886001.0
2018-04-04,69.3407,71.3829,69.3407,71.1831,8416665.0
2018-04-05,71.4351,71.4959,70.8615,71.1309,6980820.0
2018-04-06,70.54,70.8876,68.7932,69.4189,11311993.0
2018-04-09,69.7926,71.0788,69.5927,70.1054,6526572.0
2018-04-10,70.8007,71.5654,70.5573,71.2873,7619697.0
2018-04-11,70.7572,71.1831,70.6095,70.7051,5739678.0
2018-04-12,71.0875,71.522,71.0353,71.1831,4595616.0
2018-04-13,71.522,71.5828,70.7659,71.1483,6202924.0
2018-04-16,71.6697,71.9739,71.5046,71.7132,6424135.0
2018-04-17,72.2607,72.4258,71.8783,72.2694,5181328.0
2018-04-18,72.4519,72.5822,71.9826,72.3302,4118712.0
2018-04-19,72.1998,72.2694,71.4611,71.7219,5352483.0
2018-04-20,71.7827,71.887,71.0962,71.3395,4868740.0
2018-04-23,71.5307,71.8435,71.3395,71.6176,5417883.0
2018-04-24,71.8435,71.8957,70.54,71.0788,8225987.0
2018-04-25,70.9919,71.4351,70.4965,71.4003,7143094.0
2018-04-26,71.6089,72.5822,71.6089,72.3041,6346284.0
2018-04-27,72.252,72.7126,72.0955,72.5996,5627396.0
2018-04-30,72.9124,72.9559,71.4785,71.4872,6249362.0
2018-05-01,71.4003,71.6523,70.8441,71.4525,7700115.0
2018-05-02,71.0788,71.1309,70.314,70.4704,9186125.0
2018-05-03,70.1489,70.1576,68.9236,69.836,11894994.0
2018-05-04,69.6275,70.6269,69.3581,70.3922,7217211.0
2018-05-07,70.6182,70.8963,70.1054,70.2879,5050057.0
2018-05-08,70.1141,70.175,69.332,69.7578,8401677.0
2018-05-09,69.8882,70.4618,69.5058,70.1576,9032848.0
2018-05-10,70.4531,71.409,70.4096,71.0962,7165659.0
2018-05-11,71.157,72.2954,71.0266,72.1564,9199106.0
2018-05-14,72.2867,72.9385,72.139,72.6344,6986573.0
2018-05-15,72.1564,72.2433,71.4611,71.6958,8251548.0
2018-05-16,71.661,72.3476,71.6523,72.0955,6189063.0
2018-05-17,72.026,72.2433,71.7132,72.1216,5919925.0
2018-05-18,72.1738,72.4519,71.9217,72.3041,4829519.0
2018-05-21,72.643,72.7821,72.2607,72.3736,5545653.0
2018-05-22,72.5214,72.6083,72.1216,72.2346,5273160.0
2018-05-23,71.9304,72.4953,71.8435,72.4692,6837763.0
2018-05-24,72.4258,72.5474,71.8522,72.1824,6478836.0
2018-05-25,72.2085,72.5301,71.9478,72.0782,6145875.0
2018-05-29,71.6089,71.7392,70.8876,71.3395,15330564.0
2018-05-30,71.8261,72.5735,71.7479,72.4084,11970458.0
2018-05-31,72.2694,72.3302,71.5915,71.6176,10072801.0
2018-06-01,71.9044,72.4692,71.8261,72.4432,6955616.0
2018-06-04,72.5301,72.8168,72.2954,72.7126,5817447.0
2018-06-05,72.7386,72.8951,72.2172,72.5648,4433752.0
2018-06-06,72.8168,73.4599,72.5214,73.3817,6124185.0
2018-06-07,73.599,73.6685,73.1123,73.4773,5935528.0
2018-06-08,73.4512,73.9553,73.3296,73.9031,5740440.0
2018-06-11,73.9118,74.3985,73.738,74.0422,6576201.0
2018-06-12,74.1204,74.1204,73.6685,73.9987,6098250.0
2018-06-13,74.1291,74.4941,73.9118,74.0161,8496687.0
2018-06-14,74.163,74.4421,73.9536,74.3985,5574136.0
2018-06-15,74.3078,74.5869,73.9676,74.5433,8463271.0
2018-06-18,74.0897,74.0897,73.5228,73.828,6746984.0
2018-06-19,73.3221,74.0461,73.2087,74.0199,5686705.0
2018-06-20,74.1159,74.3514,73.9502,74.1769,5537634.0
2018-06-21,74.1072,74.1159,73.5751,73.7495,6863818.0
2018-06-22,74.0199,74.3688,73.828,74.081,8657087.0
2018-06-25,73.8019,74.0897,72.8424,73.4006,9170415.0
2018-06-26,73.4617,73.5228,73.0779,73.1738,5273541.0
2018-06-27,73.1738,73.5489,72.5022,72.5545,6961838.0
2018-06-28,72.2841,72.8337,71.7782,72.6505,8602361.0
2018-06-29,72.8773,73.4442,72.7464,72.7988,5750357.0
2018-07-02,72.3975,73.0692,72.1533,73.0256,8212331.0
2018-07-03,73.2872,73.5402,73.0081,73.2,2725937.0
2018-07-05,73.5402,74.0374,73.3657,73.9589,6216456.0
2018-07-06,74.3165,75.1539,74.2293,75.023,7592460.0
2018-07-09,75.3196,75.7208,75.2934,75.5726,7139459.0
2018-07-10,75.7208,75.8953,75.5202,75.8604,5499602.0
2018-07-11,75.4504,75.5289,75.2062,75.2585,5943752.0
2018-07-12,75.6336,76.1483,75.59,76.0959,4197454.0
2018-07-13,75.9302,76.4012,75.8866,76.2355,4821742.0
2018-07-16,76.2965,76.2965,75.6598,75.7732,4738382.0
2018-07-17,75.747,76.3053,75.7121,76.1919,4672571.0
2018-07-18,76.2093,76.2704,75.9825,76.2529,4031975.0
2018-07-19,76.0698,76.2268,75.4941,75.8255,4833243.0
2018-07-20,75.6162,75.7906,75.4592,75.6772,4313178.0
2018-07-23,75.6336,75.9302,75.5464,75.8342,3533740.0
2018-07-24,76.2355,76.6542,76.1831,76.5233,5611153.0
2018-07-25,76.4797,77.5177,76.4012,77.5003,7480558.0
2018-07-26,77.3694,77.5526,77.1165,77.2822,5265487.0
2018-07-27,77.3171,77.3171,76.4448,76.7239,5383929.0
2018-07-30,76.6629,76.9158,76.5408,76.7676,5158912.0
2018-07-31,77.0467,77.6747,76.9333,77.57,5805601.0
2018-08-01,77.5264,77.8753,77.5264,77.5875,5261815.0
2018-08-02,77.256,78.0411,77.2211,77.8753,5261592.0
2018-08-03,77.9364,78.3987,77.8317,78.3376,5322035.0
2018-08-06,78.294,78.6516,78.0149,78.4772,4440286.0
2018-08-07,78.4859,78.7476,78.3812,78.4859,4430457.0
2018-08-08,78.4946,78.7214,78.3202,78.608,4225247.0
2018-08-09,78.6167,78.8348,78.4336,78.5208,4908913.0
2018-08-10,78.233,78.6429,77.9102,78.1806,4965238.0
2018-08-13,78.2678,78.5819,77.9974,78.2068,5591475.0
2018-08-14,78.3202,78.7127,78.2417,78.5731,3935530.0
2018-08-15,78.3289,78.5382,77.9451,78.4423,6331371.0
2018-08-16,78.6691,79.3146,78.5731,79.2099,6074825.0
2018-08-17,79.1488,79.7071,78.9657,79.4541,4931720.0
2018-08-20,79.6373,79.8641,79.5937,79.7158,6428739.0
2018-08-21,79.9164,79.9513,79.5413,79.7158,5973261.0
2018-08-22,79.5326,79.9688,79.4367,79.7943,3653602.0
2018-08-23,79.7507,79.96,79.5762,79.7681,4858551.0
2018-08-24,79.9513,80.1519,79.7943,80.1519,3436293.0
2018-08-27,80.4398,80.5008,80.0996,80.4398,3998292.0
2018-08-28,80.5619,80.5881,80.3089,80.4834,3710324.0
2018-08-29,80.5008,81.094,80.4136,81.0067,4930518.0
2018-08-30,80.9457,81.2161,80.7712,80.9457,4752909.0
2018-08-31,80.7538,80.998,80.5968,80.9282,4896537.0
2018-09-04,80.8585,80.9108,80.0909,80.2828,5931809.0
2018-09-05,80.2217,80.6055,80.0647,80.6055,8810030.0
2018-09-06,80.5968,80.7712,80.117,80.6055,5533934.0
2018-09-07,80.4136,80.8061,80.2915,80.7276,5128860.0
2018-09-10,80.9282,81.0765,80.4398,80.5183,3850590.0
2018-09-11,80.3787,80.6055,80.1083,80.4485,4715964.0
2018-09-12,80.5008,80.998,80.3438,80.8497,10301466.0
2018-09-13,81.1986,81.8528,81.1201,81.8528,9145883.0
2018-09-14,81.9226,81.9226,81.4341,81.5824,5338792.0
2018-09-17,81.5824,81.5912,81.1812,81.2859,5217575.0
2018-09-18,81.2859,81.9662,81.1637,81.7569,4727832.0
2018-09-19,81.7045,81.879,81.5563,81.6435,3873525.0
2018-09-20,81.8768,82.4898,81.8243,82.4372,4539697.0
2018-09-21,82.6536,82.7324,82.3734,82.5485,6671181.0
2018-09-24,82.496,82.8813,82.3734,82.7149,4595069.0
2018-09-25,82.8288,82.9513,82.3734,82.461,4798792.0
2018-09-26,82.6186,83.2929,82.4697,82.6449,10176271.0
2018-09-27,82.7587,83.2929,82.6624,83.0652,5778222.0
2018-09-28,82.8988,83.3717,82.8638,83.3191,5447078.0
2018-10-01,83.6344,84.116,83.4855,83.7307,6497179.0
2018-10-02,83.7307,83.8007,83.4767,83.6344,4791824.0
2018-10-03,83.9146,84.0634,83.3454,83.4767,5980135.0
2018-10-04,83.4154,83.4505,82.2333,82.6624,10188568.0
2018-10-05,82.7324,83.1615,82.0494,82.5661,10862222.0
2018-10-08,82.461,82.7675,81.8393,82.531,11287626.0
2018-10-09,82.3121,82.9601,82.0582,82.6711,7005671.0
2018-10-10,82.6624,82.7587,80.6659,80.7184,20674025.0
2018-10-11,80.4995,80.6834,77.9688,78.538,39893629.0
2018-10-12,79.4837,80.0442,78.827,79.7464,19846847.0
2018-10-15,79.6151,79.9653,79.1335,79.1948,11635823.0
2018-10-16,79.8077,81.5065,79.799,81.3664,11807469.0
2018-10-17,81.3139,81.9969,80.9023,81.7955,12168433.0
2018-10-18,81.7517,81.7604,80.2193,80.8673,12763474.0
2018-10-19,80.9373,81.2876,80.0266,80.1317,10694514.0
2018-10-22,80.123,80.2718,79.1072,79.475,7880155.0
2018-10-23,78.4592,79.4312,77.8287,79.0459,14753326.0
2018-10-24,79.0109,79.4662,76.3401,76.4364,16392801.0
2018-10-25,76.4277,77.9601,75.5433,77.4259,14579711.0
2018-10-26,76.7079,77.2508,75.6133,76.5503,22202042.0
2018-10-29,77.4347,78.0039,75.6658,76.7429,13004843.0
2018-10-30,76.7517,77.6886,76.3576,77.566,14492123.0
2018-10-31,78.1878,78.503,77.6098,77.6711,12727836.0
2018-11-01,77.9338,78.7832,77.9075,78.6519,8678596.0
2018-11-02,79.4137,79.545,77.6448,78.1615,11947403.0
2018-11-05,78.2666,79.2035,78.2666,78.8533,6579078.0
2018-11-06,78.7482,79.3436,78.6343,79.2561,7157160.0
2018-11-07,79.9916,81.6554,79.9391,81.5853,11751201.0
2018-11-08,81.4365,81.9268,81.3226,81.6291,6627952.0
2018-11-09,81.489,81.6641,80.9986,81.3927,7941239.0
2018-11-12,81.2701,81.3927,80.1054,80.2893,7785531.0
2018-11-13,80.5608,80.8848,79.4925,79.7289,11588832.0
2018-11-14,80.2193,80.228,78.7131,79.0897,11027081.0
2018-11-15,78.5293,79.8865,77.7849,79.7902,14294442.0
2018-11-16,79.6501,80.9811,79.6063,80.5958,10148700.0
2018-11-19,80.6746,80.7272,79.221,79.5713,7773257.0
2018-11-20,79.0459,79.6589,78.6431,78.827,10467890.0
2018-11-21,79.0809,79.0897,78.3541,78.3804,7916819.0
2018-11-23,77.9601,78.9671,77.9163,78.4942,3411714.0
2018-11-26,79.1247,79.4662,78.792,79.2561,6601942.0
2018-11-27,78.9934,80.0792,78.7044,80.0792,8069685.0
2018-11-28,80.3156,82.0319,80.2981,82.0056,10963858.0
2018-11-29,81.813,82.7587,81.6992,82.2771,8182423.0
2018-11-30,82.2245,83.9496,82.137,83.9496,14129133.0
2018-12-03,83.8971,83.8971,83.0652,83.5468,11136156.0
2018-12-04,83.5293,83.9934,81.5328,81.6816,13381217.0
2018-12-06,80.6659,81.3752,78.9233,81.3752,16770128.0
2018-12-07,81.1475,81.2613,78.9058,79.2998,13480070.0
2018-12-10,79.3436,79.904,77.6273,79.6063,14435688.0
2018-12-11,80.2718,80.806,79.2823,79.8515,11206429.0
2018-12-12,80.7359,81.5853,80.482,80.5345,11664887.0
2018-12-13,80.7534,81.2,80.0704,80.6133,10085835.0
2018-12-14,79.8252,79.8953,77.6624,77.8988,17423178.0
2018-12-17,77.0932,77.7412,75.8235,76.3489,19917249.0
2018-12-18,77.0056,77.1457,74.9566,75.6834,20724866.0
2018-12-19,75.8322,76.7429,74.0196,74.6939,21673811.0
2018-12-20,74.3556,74.6634,73.1153,73.6431,22692776.0
2018-12-21,73.757,75.0061,72.5783,72.7278,27205783.0
2018-12-24,72.244,72.5167,70.9422,70.9861,13432720.0
2018-12-26,71.25,74.1528,70.907,74.0824,18543815.0
2018-12-27,73.2116,74.9445,72.2088,74.9005,12465451.0
2018-12-28,75.3843,76.0352,74.6806,74.9885,13993778.0
2018-12-31,75.4107,76.1672,75.3579,76.0968,8842738.0
2019-01-02,74.9269,75.4987,74.1264,74.9445,12518345.0
2019-01-03,75.05,75.2084,73.2292,73.4227,13321824.0
2019-01-04,74.2848,76.0264,74.2496,75.613,13752029.0
2019-01-07,75.6394,76.6158,75.4107,75.9033,8801361.0
2019-01-08,76.5102,76.7477,75.6394,76.4926,10459324.0
2019-01-09,76.8269,77.2843,76.607,76.8357,8020890.0
2019-01-10,76.4926,77.038,76.1056,76.9852,8076660.0
2019-01-11,76.6422,77.2667,76.4838,77.2403,6040619.0
2019-01-14,76.7741,76.8093,76.3783,76.3871,4586730.0
2019-01-15,76.4926,77.7769,76.475,77.7593,8978210.0
2019-01-16,77.8649,78.1991,77.5658,77.6186,7356146.0
2019-01-17,77.4074,78.6301,77.3459,78.3047,7170524.0
2019-01-18,78.8852,79.2811,78.2959,79.2371,6937280.0
2019-01-22,78.7181,78.8324,78.1463,78.6917,10774963.0
2019-01-23,78.8412,79.2107,77.9264,78.7797,6623384.0
2019-01-24,78.7357,78.7709,77.7505,78.1199,9312061.0
2019-01-25,78.507,78.507,77.988,78.2167,6707410.0
2019-01-28,77.7241,77.7593,76.95,77.3283,6293081.0
2019-01-29,77.3283,77.7681,77.1084,77.7065,9376831.0
2019-01-30,77.9792,78.9908,77.8033,78.7709,10439098.0
2019-01-31,78.6829,79.9408,78.5949,79.7561,12136313.0
2019-02-01,79.8528,80.0112,79.2811,79.8264,7892727.0
2019-02-04,79.8352,79.8352,78.9204,79.5977,8748403.0
2019-02-05,79.7121,80.1783,79.4658,79.4834,7860467.0
2019-02-06,79.3426,79.8792,79.2459,79.844,5349443.0
2019-02-07,79.325,79.457,78.5422,78.9644,8576517.0
2019-02-08,78.6565,79.1227,78.5422,79.1139,6382709.0
2019-02-11,79.2899,79.3426,78.7973,79.0172,4357487.0
2019-02-12,79.3602,80.1431,79.2195,80.0991,7952289.0
2019-02-13,80.2574,80.5125,79.9056,80.275,5644409.0
2019-02-14,80.0727,80.8204,79.9584,80.4598,6173993.0
2019-02-15,81.0403,81.7176,80.9963,81.6737,7592844.0
2019-02-19,81.4537,81.7968,81.445,81.4801,5289736.0
2019-02-20,81.2778,81.4889,80.97,81.3834,6077296.0
2019-02-21,81.0755,81.1459,80.3102,80.6709,7058692.0
2019-02-22,80.8292,81.4889,80.7325,81.4098,5907860.0
2019-02-25,81.8232,82.0167,81.4713,81.5241,6324004.0
2019-02-26,81.3042,81.5593,81.1371,81.2338,6472632.0
2019-02-27,81.0227,81.2426,80.5829,80.8556,9172446.0
2019-02-28,80.7061,81.1459,80.5301,80.6181,8550265.0
2019-03-01,81.1019,81.876,81.0491,81.7616,10000821.0
2019-03-04,82.0871,82.2014,80.0991,80.6533,14395864.0
2019-03-05,80.6885,80.8996,80.1959,80.6093,9724433.0
2019-03-06,80.6181,80.7237,79.2107,79.4306,10768196.0
2019-03-07,79.3162,79.4834,78.5334,78.8061,13056428.0
2019-03-08,78.3838,78.6829,77.9616,78.6389,10699351.0
2019-03-11,78.85,79.6065,78.6301,79.5362,8923298.0
2019-03-12,79.7385,80.3102,79.6241,80.1167,8452473.0
2019-03-13,80.3542,81.1987,80.2926,80.9787,9181337.0
2019-03-14,80.9528,81.0587,80.5554,80.8468,8741572.0
2019-03-15,81.033,81.3509,80.7063,81.2184,9422625.0
2019-03-18,81.3862,81.3862,80.8035,81.0948,6525043.0
2019-03-19,81.3773,81.9689,81.1478,81.7393,9042515.0
2019-03-20,81.6422,81.7393,80.8564,81.1743,10520268.0
2019-03-21,80.5033,81.6157,80.3797,81.4921,6942747.0
2019-03-22,81.1125,81.4391,79.9912,80.0088,10359638.0
2019-03-25,80.1236,80.2207,79.3908,79.9647,8928620.0
2019-03-26,80.4503,81.0242,80.2031,80.5121,7485072.0
2019-03-27,80.415,80.6004,79.2849,79.8411,9889601.0
2019-03-28,80.0795,80.2649,79.6292,80.0442,5891320.0
2019-03-29,80.5209,81.0772,80.3443,81.0065,8916873.0
2019-04-01,81.5892,81.6246,80.9447,81.1301,8536651.0
2019-04-02,81.2272,81.2714,80.7946,80.9447,6170668.0
2019-04-03,81.3067,81.3509,80.5916,80.8388,6496352.0
2019-04-04,80.9094,81.0065,80.2031,80.671,8647557.0
2019-04-05,80.8653,81.3685,80.8123,81.2272,5039904.0
2019-04-08,81.1654,81.289,80.6357,81.2096,5105757.0
2019-04-09,80.9271,81.1743,80.7063,80.9977,6022305.0
2019-04-10,81.0683,81.2449,80.8829,81.0242,4964054.0
2019-04-11,81.2008,81.2449,79.6733,80.0265,7186396.0
2019-04-12,80.3355,80.4415,79.1966,79.2937,9187314.0
2019-04-15,79.3908,79.6733,79.2319,79.6115,7439939.0
2019-04-16,80.2737,80.3708,77.8369,77.9782,13020882.0
2019-04-17,78.243,78.2695,75.3383,75.7356,32115446.0
2019-04-18,75.9298,76.3271,74.7379,75.8592,32591453.0
2019-04-22,75.7356,76.3448,75.4972,75.9033,16655297.0
2019-04-23,75.8857,77.5102,75.7444,77.1041,28815218.0
2019-04-24,77.1306,77.2895,76.6715,77.0158,12829555.0
2019-04-25,76.848,78.04,76.5214,77.8104,12879785.0
2019-04-26,77.9164,78.6138,77.7486,78.5874,10586492.0
2019-04-29,78.5785,78.7551,78.1018,78.4461,9135960.0
2019-04-30,78.6757,78.9582,78.1194,78.8081,10805606.0
2019-05-01,78.8875,79.2231,78.2254,78.6668,18701074.0
2019-05-02,78.5962,79.0818,78.1371,79.0023,15222334.0
2019-05-03,79.2849,79.6292,79.0906,79.6027,10799609.0
2019-05-06,78.4461,80.2119,78.3137,80.0088,16478882.0
2019-05-07,79.3908,79.7793,78.0135,78.4726,15890315.0
2019-05-08,78.4373,79.0023,77.9958,78.6403,12106387.0
2019-05-09,78.0223,78.7286,77.5632,78.4726,14328500.0
2019-05-10,78.2607,78.7021,76.8216,78.4991,15775589.0
2019-05-13,77.1659,77.5367,76.7244,77.0246,14601913.0
2019-05-14,77.3778,77.9517,77.2277,77.4131,10918088.0
2019-05-15,77.007,77.9075,76.6626,77.6427,8977434.0
2019-05-16,77.8104,78.9229,77.7574,78.2519,12242857.0
2019-05-17,77.6073,78.7021,77.6073,78.0841,11992208.0
2019-05-20,77.7486,78.296,77.4749,78.0488,9579345.0
2019-05-21,78.4902,79.1171,78.4373,78.7816,9915928.0
2019-05-22,78.5874,79.4085,78.4814,79.2319,7795721.0
2019-05-23,78.8346,78.9582,78.296,78.9582,11704262.0
2019-05-24,79.2231,79.5497,78.8787,79.073,8322145.0
2019-05-28,79.1436,79.6204,77.934,77.9428,18693508.0
2019-05-29,77.5632,77.5808,76.6538,77.1924,14644299.0
2019-05-30,77.3425,77.7398,77.2542,77.6162,11087487.0
2019-05-31,77.1129,77.4219,76.6097,77.0599,9591792.0
2019-06-03,77.2012,77.9075,77.0864,77.2453,12838078.0
2019-06-04,77.9252,78.658,77.7927,78.5256,12471373.0
2019-06-05,79.1259,79.3025,78.7551,79.1171,9121299.0
2019-06-06,79.2407,79.8411,79.0465,79.5232,11316162.0
2019-06-07,79.7793,80.5474,79.7528,80.3532,6641240.0
2019-06-10,80.618,80.8564,80.3002,80.5916,7515073.0
2019-06-11,80.9889,81.1919,80.2561,80.4591,6989384.0
2019-06-12,80.4503,80.8741,80.3973,80.8476,5151042.0
2019-06-13,80.9712,80.9889,80.4326,80.7505,7436957.0
2019-06-14,80.7328,81.0242,80.4944,80.5651,4424663.0
2019-06-17,80.6445,80.98,80.5298,80.9271,4284830.0
2019-06-18,81.2979,81.8983,81.1743,81.6157,7180484.0
2019-06-19,81.6334,82.5339,81.5804,82.3485,6311275.0
2019-06-20,83.0209,83.2869,82.2317,82.7105,7978591.0
2019-06-21,82.6293,83.2677,82.1594,83.1081,8294470.0
2019-06-24,82.9662,83.0638,82.514,82.6736,6017004.0
2019-06-25,82.7357,83.117,82.2569,82.3367,12701672.0
2019-06-26,82.452,82.4608,81.1308,81.2993,9601471.0
2019-06-27,81.583,82.0264,81.4234,81.8668,6341768.0
2019-06-28,81.9022,82.2126,81.4323,82.1416,8408145.0
2019-07-01,82.7889,82.8244,82.2126,82.5495,7023013.0
2019-07-02,82.6204,82.9928,82.1505,82.9928,6478613.0
2019-07-03,83.2322,83.7199,83.1702,83.7022,3593785.0
2019-07-05,83.3386,83.5514,82.9396,83.1258,5370812.0
2019-07-08,82.8066,82.8332,82.1239,82.5052,5263570.0
2019-07-09,82.2037,82.6736,82.1948,82.585,4665199.0
2019-07-10,82.8066,83.0904,82.5229,82.8687,4862040.0
2019-07-11,83.3918,83.4805,82.3278,82.8864,12677521.0
2019-07-12,82.6116,82.6293,81.388,81.9643,10309876.0
2019-07-15,82.0973,82.3367,81.7338,82.1416,5153729.0
2019-07-16,82.1416,82.1948,81.6717,81.7338,7398283.0
2019-07-17,81.9022,82.1771,81.7426,81.7515,6956113.0
2019-07-18,81.7781,82.3456,81.3436,82.2126,5884391.0
2019-07-19,82.3988,82.4342,81.2904,81.3614,5850607.0
2019-07-22,81.45,81.5032,81.122,81.1929,4724564.0
2019-07-23,81.3702,81.8224,80.9712,81.6983,5849611.0
2019-07-24,81.5742,81.7515,80.8382,81.7426,4744647.0
2019-07-25,81.4766,81.8313,81.1663,81.3436,5222156.0
2019-07-26,81.6185,81.787,81.3259,81.6362,3203411.0
2019-07-29,81.6806,82.0352,81.5476,81.9732,5222351.0
2019-07-30,81.3436,81.654,81.0067,81.6185,7254149.0
2019-07-31,81.5653,81.8668,80.3151,80.8116,7759272.0
2019-08-01,80.8205,81.787,80.4304,80.918,14085769.0
2019-08-02,80.8028,81.051,80.1998,80.7318,13546381.0
2019-08-05,79.8185,80.1377,78.1959,78.8343,14959788.0
2019-08-06,79.2333,79.8717,78.7989,79.854,8712469.0
2019-08-07,79.2067,80.1023,78.2048,79.8806,9727471.0
2019-08-08,80.1289,81.0244,80.0225,80.9446,10461352.0
2019-08-09,80.8028,81.5564,80.3417,81.0422,6422808.0
2019-08-12,80.7584,81.0422,79.9338,80.2707,5556942.0
2019-08-13,80.2264,81.7249,80.1555,81.2993,9302969.0
2019-08-14,80.5102,80.6609,78.9939,79.0383,14092250.0
2019-08-15,79.3752,79.6146,78.7989,79.3131,9880701.0
2019-08-16,79.854,80.5013,79.8008,80.2885,7525980.0
2019-08-19,80.918,81.2638,80.785,81.0599,4789503.0
2019-08-20,81.1042,81.255,80.3062,80.3683,4125226.0
2019-08-21,80.9269,81.1574,80.723,80.9624,4729430.0
2019-08-22,81.1131,81.2993,80.2441,80.5634,5072802.0
2019-08-23,80.4215,80.723,78.3112,78.7013,8673209.0
2019-08-26,79.3309,79.588,79.0028,79.5259,6644667.0
2019-08-27,80.0136,80.2885,79.0028,79.056,7016988.0
2019-08-28,78.7191,79.8008,78.6659,79.6323,4819116.0
2019-08-29,80.2353,80.4658,79.721,80.2353,3457562.0
2019-08-30,80.6077,80.7673,79.9781,80.3328,4120231.0
2019-09-03,79.9072,80.2441,79.5791,79.8629,5719071.0
2019-09-04,80.386,80.4304,79.5437,79.9161,8252330.0
2019-09-05,80.5988,80.8826,80.1732,80.7052,6796616.0
2019-09-06,80.8737,81.1574,80.7584,80.9269,5913294.0
2019-09-09,80.9978,81.0244,79.8895,80.1821,9426307.0
2019-09-10,79.7742,80.4126,78.9319,80.4126,7549359.0
2019-09-11,80.5456,81.2372,80.3505,81.2106,7128995.0
2019-09-12,81.5742,81.9111,81.1397,81.184,7441353.0
2019-09-13,81.2816,81.7958,80.9712,81.1397,5079255.0
2019-09-16,80.6964,81.1663,80.5988,80.9624,4439841.0
2019-09-17,80.918,81.3082,80.8028,81.0865,3501150.0
2019-09-18,81.0599,81.184,80.5013,81.0776,4206734.0
2019-09-19,81.174,81.8239,81.0226,81.4589,4453713.0
2019-09-20,81.6454,82.2954,81.6365,81.9125,8029194.0
2019-09-23,81.7077,81.8502,81.4495,81.4763,3605623.0
2019-09-24,81.7612,81.8324,80.4434,80.7284,9308111.0
2019-09-25,80.7373,80.8085,80.2209,80.3366,7195720.0
2019-09-26,80.6037,80.6304,79.2771,79.8914,8790678.0
2019-09-27,80.1585,80.2743,79.2415,79.5353,8734790.0
2019-09-30,79.6421,80.7373,79.5887,80.2476,7333820.0
2019-10-01,80.4613,80.6393,79.3038,79.4641,10421884.0
2019-10-02,79.2148,79.375,77.9594,78.3066,10610307.0
2019-10-03,78.1998,79.0367,77.6388,79.01,9624087.0
2019-10-04,79.2415,80.2921,79.188,80.2476,6560107.0
2019-10-07,79.9181,80.5058,79.7935,79.9805,5577993.0
2019-10-08,79.3127,79.3483,78.4402,78.458,8273446.0
2019-10-09,78.9387,79.2593,78.6716,79.0278,6240437.0
2019-10-10,78.8141,79.6955,78.7251,79.4195,6455603.0
2019-10-11,80.1763,81.0222,80.0428,80.0784,8875552.0
2019-10-14,79.9983,80.4345,79.9092,80.0428,4329338.0
2019-10-15,80.9242,81.7879,80.8708,81.503,8935465.0
2019-10-16,81.4406,81.8146,81.2626,81.3961,6113715.0
2019-10-17,81.6632,82.2331,81.6276,82.0016,6498313.0
2019-10-18,81.7701,82.1262,81.3338,81.6988,5445893.0
2019-10-21,82.0372,82.1618,81.4406,81.6098,4317623.0
2019-10-22,82.2509,82.7673,81.7523,81.7879,7760778.0
2019-10-23,81.9303,82.5358,81.7612,82.2954,4957895.0
2019-10-24,82.4378,82.5269,81.5831,81.8769,5939814.0
2019-10-25,81.6632,82.1885,81.4495,81.966,4845933.0
2019-10-28,82.1796,82.981,82.1084,82.8118,6028982.0
2019-10-29,83.0077,84.1206,82.8029,83.9871,11844972.0
2019-10-30,84.0138,84.4946,83.6843,84.4589,7805065.0
2019-10-31,84.2987,84.4144,83.809,84.361,7694868.0
2019-11-01,84.8151,85.1801,84.45,84.4678,10706863.0
2019-11-04,84.8596,84.9041,84.174,84.2096,7809578.0
2019-11-05,84.3343,84.3432,83.4261,83.6131,10055209.0
2019-11-06,83.6932,84.0583,83.435,83.898,8331108.0
2019-11-07,84.2453,84.3521,83.8268,84.085,4934021.0
2019-11-08,84.0316,84.7171,83.9336,84.6993,7232081.0
2019-11-11,84.3343,84.5569,84.1206,84.3521,5602617.0
2019-11-12,84.4857,85.1623,84.3699,84.8596,12381339.0
2019-11-13,84.6281,85.1623,84.4946,84.9575,5925809.0
2019-11-14,84.9397,85.0911,84.45,84.9664,6054585.0
2019-11-15,85.287,86.9252,85.1801,86.7739,9656184.0
2019-11-18,86.6937,87.1923,86.3732,86.48,10144203.0
2019-11-19,86.8095,87.1923,86.5602,87.0677,7555352.0
2019-11-20,86.9252,87.2279,86.4266,86.9519,11019671.0
2019-11-21,87.0054,87.2368,86.4088,87.1745,6949196.0
2019-11-22,87.3259,87.6108,87.1389,87.4861,5122791.0
2019-11-25,87.8423,88.5279,87.7087,88.51,10063438.0
2019-11-26,88.5011,88.6436,88.145,88.4388,8931664.0
2019-11-27,88.5635,89.0265,88.4744,88.8929,5341340.0
2019-11-29,88.6614,88.8662,88.4032,88.5813,2118292.0
2019-12-02,88.7593,88.7861,87.9046,88.1895,5993496.0
2019-12-03,87.5218,88.0649,87.2814,87.9936,6933525.0
2019-12-04,88.3498,88.9285,88.2608,88.8128,5050770.0
2019-12-05,88.8662,88.9463,88.0649,88.8128,4951255.0
2019-12-06,89.2758,89.7031,89.2134,89.4004,4638725.0
2019-12-09,89.436,89.4538,88.7772,88.7772,3713359.0
2019-12-10,88.8217,89.0532,88.4032,88.973,4972886.0
2019-12-11,89.0443,89.2758,88.8751,89.0532,5564971.0
2019-12-12,89.1511,90.175,89.0532,89.8812,7882487.0
2019-12-13,89.7922,90.3442,89.4538,89.8189,6072254.0
2019-12-16,90.3442,91.1188,90.3442,90.7894,6770317.0
2019-12-17,90.9852,91.0387,90.5668,90.6914,3802349.0
2019-12-18,90.727,90.9941,90.6291,90.8161,4317369.0
2019-12-19,91.0023,91.2706,90.8504,91.1722,4834195.0
2019-12-20,91.4421,92.0232,91.4421,91.8176,7089678.0
2019-12-23,92.0322,92.2825,91.7997,92.1842,4379803.0
2019-12-24,92.1842,92.3004,91.8444,92.0679,1875859.0
2019-12-26,92.1842,92.2915,91.7103,92.0054,2152088.0
2019-12-27,92.2032,92.2212,91.8252,92.0322,3257823.0
2019-12-30,92.0281,92.2261,91.3442,91.4792,3937914.0
2019-12-31,91.2813,91.7402,91.1283,91.6592,4373531.0
2020-01-02,91.9381,92.0461,91.2453,91.9022,5721227.0
2020-01-03,90.8403,91.6232,90.3904,91.1013,5978875.0
2020-01-06,90.6873,91.6952,90.6604,91.6682,4932350.0
2020-01-07,91.4162,91.5692,90.9753,91.4882,5032745.0
2020-01-08,91.5332,92.4961,91.4972,92.0821,6724540.0
2020-01-09,92.3611,92.73,92.1631,92.4781,5678185.0
2020-01-10,92.829,92.982,92.3431,92.5051,8373162.0
2020-01-13,92.658,92.676,91.8572,92.1811,6134446.0
2020-01-14,91.8482,92.757,91.7402,92.739,6621329.0
2020-01-15,92.847,93.7828,92.775,93.5399,6864154.0
2020-01-16,93.9268,94.0888,93.5579,94.0258,4806672.0
2020-01-17,93.7918,94.1698,93.7918,94.0258,6079700.0
2020-01-21,93.8098,94.3408,93.7738,94.1248,6188867.0
2020-01-22,94.3318,94.5567,94.1158,94.2418,5084143.0
2020-01-23,94.0798,94.2148,93.117,93.7649,6984033.0
2020-01-24,93.8728,93.9178,91.9651,92.1991,15062767.0
2020-01-27,91.0833,91.8482,90.9573,91.4972,10337984.0
2020-01-28,91.7672,92.3071,91.5152,91.9471,6417110.0
2020-01-29,92.0371,92.3611,91.6772,91.6952,5069890.0
2020-01-30,91.0023,91.0833,90.2464,91.0293,10018074.0
2020-01-31,90.6694,90.7413,88.9146,89.2116,13177115.0
2020-02-03,89.9045,90.6694,89.8325,90.0215,10969344.0
2020-02-04,91.1463,91.9741,91.1283,91.6052,8192809.0
2020-02-05,92.0371,93.6929,92.0281,93.3689,13048915.0
2020-02-06,93.8008,93.8008,93.036,93.4499,5420577.0
2020-02-07,93.4679,93.5399,92.577,92.721,5427239.0
2020-02-10,92.3791,93.2159,92.3071,93.2159,3370180.0
2020-02-11,93.5399,93.8548,93.3509,93.7738,8532444.0
2020-02-12,94.1248,94.3408,93.5129,93.8908,4222083.0
2020-02-13,93.5489,93.8368,93.2609,93.4499,4337627.0
2020-02-14,93.5669,93.5849,93.063,93.5219,4707267.0
2020-02-18,93.5219,93.6389,92.883,93.1889,6580388.0
2020-02-19,93.4319,93.7559,93.3419,93.6209,5904922.0
2020-02-20,93.4049,93.4949,92.1721,93.018,7362741.0
2020-02-21,92.658,93.1619,92.3341,93.072,5967689.0
2020-02-24,90.8223,91.4342,89.7065,90.1384,14150522.0
2020-02-25,90.4624,90.6604,87.0969,87.4029,18214005.0
2020-02-26,87.8888,88.9236,87.2049,87.3939,12650031.0
2020-02-27,86.638,87.5918,84.4064,84.4244,18089127.0
2020-02-28,82.2017,83.3895,80.9689,83.3355,25045531.0
2020-03-02,83.3625,87.3219,83.0746,87.2409,20211340.0
2020-03-03,87.4569,88.9866,83.9294,85.0723,30794706.0
2020-03-04,87.6278,90.1204,87.4479,89.9765,24225540.0
2020-03-05,88.0508,89.2566,86.89,87.8888,16069349.0
2020-03-06,85.4772,87.7358,85.1262,87.4209,16201359.0
2020-03-09,82.2467,84.8383,80.9959,82.8766,20218220.0
2020-03-10,85.2702,85.8731,81.8328,85.7202,24064515.0
2020-03-11,83.6955,84.2894,81.3919,82.4447,20716382.0
2020-03-12,77.3965,80.744,74.5979,76.2897,18935168.0
2020-03-13,79.8351,81.7968,75.7318,81.5808,26038998.0
2020-03-16,74.256,78.3323,72.5913,73.5361,19306362.0
2020-03-17,75.0569,78.7823,74.103,78.1524,25069600.0
2020-03-18,74.157,76.7576,71.9164,75.5608,24422428.0
2020-03-19,74.7149,75.8218,73.1852,74.013,21876106.0
2020-03-20,74.6688,75.4374,70.7626,71.1695,20173781.0
2020-03-23,70.7102,70.8096,66.4965,67.473,25725905.0
2020-03-24,70.6649,72.817,70.1405,72.6723,14669271.0
2020-03-25,72.1931,76.036,71.316,73.6398,15070594.0
2020-03-26,74.2999,78.9476,74.1552,78.5317,15517647.0
2020-03-27,76.2621,78.8753,76.2078,76.8498,11574537.0
2020-03-30,78.2333,80.6023,78.2242,80.4486,12379180.0
2020-03-31,80.521,80.955,79.246,80.096,12108592.0
2020-04-01,77.4195,78.1157,76.3073,77.0488,13565730.0
2020-04-02,76.6599,79.3636,75.8913,79.1827,11364609.0
2020-04-03,78.6673,79.68,77.5822,78.4684,11204383.0
2020-04-06,80.964,83.0528,80.6023,82.5826,11490289.0
2020-04-07,84.382,84.8341,81.823,81.9044,14320201.0
2020-04-08,82.6097,85.7745,81.5789,85.2772,12367584.0
2020-04-09,85.3766,86.2176,84.9697,85.7474,11225526.0
2020-04-13,85.4399,85.7383,83.7852,84.9969,8454497.0
2020-04-14,86.6606,88.1345,86.3622,87.818,11609681.0
2020-04-15,86.6516,87.8813,86.1543,87.3659,9751973.0
2020-04-16,87.9898,89.4999,87.7367,89.2738,9908351.0
2020-04-17,91.444,91.444,89.8706,91.1275,9819417.0
2020-04-20,90.2594,91.6971,90.16,90.4041,9175846.0
2020-04-21,88.8579,89.3643,87.4021,87.6553,8150716.0
2020-04-22,88.9302,89.5451,88.3787,88.9935,9785909.0
2020-04-23,89.4185,90.8653,89.2829,89.4818,13437350.0
2020-04-24,90.0243,90.8562,89.4637,90.6844,6889388.0
2020-04-27,91.3174,92.2397,91.1727,91.8509,7158408.0
2020-04-28,92.0588,92.4657,89.8887,89.9972,10233720.0
2020-04-29,91.245,91.3807,90.0063,90.594,8751572.0
2020-04-30,90.2052,90.7658,89.7079,90.1781,10922607.0
2020-05-01,89.1472,89.31,87.6643,88.46,8602516.0
2020-05-04,88.1888,88.6138,87.6101,88.4148,7959286.0
2020-05-05,89.2015,90.9828,88.9664,90.3318,9388975.0
2020-05-06,90.6935,90.8653,89.4004,89.4366,8168550.0
2020-05-07,90.3499,90.3589,89.31,89.4276,8303326.0
2020-05-08,90.3499,90.4222,89.6084,89.8887,9023689.0
2020-05-11,89.518,91.67,89.518,91.4349,13110393.0
2020-05-12,91.9684,92.0498,90.0334,90.0424,17255289.0
2020-05-13,89.9249,90.6211,88.3515,89.0659,11588468.0
2020-05-14,88.243,90.0786,88.2249,90.0424,10761624.0
2020-05-15,89.7802,90.8833,89.5813,90.802,13374222.0
2020-05-18,92.5019,92.9269,91.4982,91.5525,9625481.0
2020-05-19,91.2631,91.7333,90.4403,90.4493,9276434.0
2020-05-20,91.1365,91.4801,90.3499,90.5578,8904045.0
2020-05-21,90.3046,90.3589,89.3643,89.8887,10717589.0
2020-05-22,89.8977,90.1509,89.4276,90.0786,8961846.0
2020-05-26,91.4982,91.5796,89.7712,89.9158,9262099.0
2020-05-27,90.0424,90.8472,88.677,90.8472,14069889.0
2020-05-28,91.6881,92.954,91.5615,92.0317,10424763.0
2020-05-29,92.4657,93.3428,91.0461,93.1439,16390816.0
2020-06-01,92.2759,92.6737,91.6429,92.2216,7366522.0
2020-06-02,92.1945,92.8003,91.7062,92.7551,9192247.0
2020-06-03,93.0264,93.1168,92.1764,92.5742,9294300.0
2020-06-04,91.9955,92.6556,91.2541,91.8418,10004784.0
2020-06-05,92.4205,94.0753,91.9413,93.3247,12628577.0
2020-06-08,92.8184,94.0029,92.728,93.9667,7436833.0
2020-06-09,94.0843,94.2471,92.8817,92.9902,9507365.0
2020-06-10,93.3067,93.6051,92.4386,92.8455,9482040.0
2020-06-11,92.0408,92.2126,87.375,87.6824,21967941.0
2020-06-12,89.4547,89.8073,86.733,88.2521,16499530.0
2020-06-15,86.9319,88.9574,86.2809,88.451,12980892.0
2020-06-16,90.5307,91.2089,89.1382,90.6302,11504512.0
2020-06-17,91.0823,91.245,90.2233,90.5397,8123485.0
2020-06-18,90.0243,90.4403,89.6626,90.2323,6342088.0
2020-06-19,91.2638,91.6361,90.156,91.1004,9367520.0
2020-06-22,90.7233,90.8868,89.8153,90.7506,6171895.0
2020-06-23,91.3771,91.922,90.9685,91.141,4710545.0
2020-06-24,90.46,90.6416,88.1082,88.762,14116821.0
2020-06-25,88.6802,89.7426,87.9356,89.6337,9499352.0
2020-06-26,89.4702,89.6972,88.1172,88.544,11832602.0
2020-06-29,89.2432,89.5066,88.544,89.3431,6671070.0
2020-06-30,89.3703,91.3499,89.107,90.8686,8169414.0
2020-07-01,91.2954,91.9492,90.7233,91.5678,9399779.0
2020-07-02,92.376,92.7846,92.0491,92.2579,5925200.0
2020-07-06,93.3204,93.729,92.7483,93.1932,5735017.0
2020-07-07,92.5122,93.502,92.2579,92.3851,5222046.0
2020-07-08,92.7029,92.9844,91.7767,92.3942,4927408.0
2020-07-09,92.2943,92.6393,90.5145,91.6677,9773112.0
2020-07-10,91.7404,91.8312,90.7778,91.4498,9880266.0
2020-07-13,91.9764,93.6654,91.7313,91.9674,8725946.0
2020-07-14,91.7494,93.9469,91.5769,93.7926,9790018.0
2020-07-15,94.4827,95.2818,94.2829,95.0093,8809719.0
2020-07-16,94.9185,94.9276,94.183,94.855,5875543.0
2020-07-17,95.3544,96.4804,95.2182,96.1535,6651581.0
2020-07-20,96.3714,96.6983,95.8175,96.1353,5643050.0
2020-07-21,96.4622,96.8254,95.872,96.0718,6847238.0
2020-07-22,96.5076,97.0979,96.0082,96.9344,5067567.0
2020-07-23,97.3884,97.6427,96.1807,96.4985,6318295.0
2020-07-24,96.3442,96.3987,94.8277,95.4361,5447400.0
2020-07-27,95.3998,96.3987,95.1001,96.1535,5390318.0
2020-07-28,96.1989,96.6802,95.8629,96.0445,5498484.0
2020-07-29,96.2624,97.4429,96.1989,97.0525,4900581.0
2020-07-30,96.1172,96.5439,95.3453,96.3805,4622718.0
2020-07-31,96.0808,96.3442,94.5735,95.8266,6241802.0
2020-08-03,96.4259,97.1342,96.2534,96.8164,5602173.0
2020-08-04,96.5984,96.8254,95.7903,96.3896,4460417.0
2020-08-05,96.9162,97.0161,96.5893,96.8345,3781710.0
2020-08-06,96.7165,97.1251,95.6177,96.3169,4850922.0
2020-08-07,96.208,96.6438,95.9356,96.6257,3614139.0
2020-08-10,96.6257,96.7256,96.0445,96.2988,4118274.0
2020-08-11,96.8345,96.9253,95.4634,95.6904,6983945.0
2020-08-12,96.208,97.6064,96.1716,97.2976,7438190.0
2020-08-13,97.1796,97.2704,96.5167,97.1705,4581135.0
2020-08-14,96.9889,97.4157,96.5984,96.9798,3296790.0
2020-08-17,97.1523,97.9242,97.1069,97.5519,4160852.0
2020-08-18,97.788,97.9151,97.0161,97.5246,3404077.0
2020-08-19,97.5973,97.8879,96.998,97.2068,5574804.0
2020-08-20,96.78,97.116,96.6438,96.8981,4184933.0
2020-08-21,96.7437,97.1251,96.2443,96.998,5735299.0
2020-08-24,97.4611,97.4974,95.9537,96.553,4662802.0
2020-08-25,97.0434,97.2431,96.6711,97.2068,4545182.0
2020-08-26,97.0071,97.1977,96.0445,97.0888,6408244.0
2020-08-27,97.2522,98.3146,96.5621,97.8515,7052581.0
2020-08-28,98.124,98.124,97.343,98.0695,4438259.0
2020-08-31,97.8606,98.7777,97.7789,98.3056,6053277.0
2020-09-01,98.1784,98.3328,96.8345,97.4248,9808844.0
2020-09-02,97.5156,99.6404,97.1069,99.3771,7699187.0
2020-09-03,99.5042,99.6495,95.9719,96.6711,12085888.0
2020-09-04,97.0161,97.1796,94.8096,95.981,13162770.0
2020-09-08,95.8266,95.8629,94.1376,94.4009,8729900.0
2020-09-09,95.1092,96.8618,95.0911,96.0718,7511812.0
2020-09-10,96.3442,96.3442,94.3465,94.6007,8230000.0
2020-09-11,95.0547,95.427,94.2466,94.973,7672475.0
2020-09-14,95.7449,96.8527,95.5542,96.3351,4979210.0
2020-09-15,96.8708,97.2341,96.217,96.4622,5119147.0
2020-09-16,96.9798,97.1705,96.1807,96.2988,6490986.0
2020-09-17,95.4089,96.3079,95.1001,95.981,6784527.0
2020-09-18,96.1,96.4556,94.9422,95.8357,7155546.0
2020-09-21,94.5579,94.5579,92.7528,94.0656,7844284.0
2020-09-22,93.9106,94.1567,93.008,93.865,7057528.0
2020-09-23,94.257,94.2935,92.8075,92.8986,6734725.0
2020-09-24,92.5704,92.8986,91.8685,92.4337,7570863.0
2020-09-25,92.1146,94.175,92.0143,93.9197,5583366.0
2020-09-28,94.8223,95.506,94.5852,94.7676,5843839.0
2020-09-29,94.9317,95.4148,94.2753,94.649,4765232.0
2020-09-30,94.9317,96.9373,94.9225,96.1624,6616164.0
2020-10-01,96.6091,97.0011,95.424,95.8342,7878236.0
2020-10-02,94.9317,95.9163,94.5488,94.959,7279821.0
2020-10-05,95.6336,97.0103,95.6154,96.91,4793100.0
2020-10-06,97.1835,97.2382,95.5242,95.6245,6861397.0
2020-10-07,96.29,97.7305,96.2809,97.4296,5634897.0
2020-10-08,97.9949,98.2228,97.694,97.9037,5399142.0
2020-10-09,98.4507,99.0797,98.1954,98.788,4987711.0
2020-10-12,99.2347,99.8546,98.9065,99.4626,4551172.0
2020-10-13,98.87,99.3897,98.4507,98.706,5316449.0
2020-10-14,98.5874,99.0797,97.8125,98.1316,5420537.0
2020-10-15,96.9191,97.6028,96.755,97.4205,5507910.0
2020-10-16,97.7396,99.1162,97.7031,98.3869,6836529.0
2020-10-19,98.6604,98.943,96.4906,96.8279,7341045.0
2020-10-20,97.1744,97.7578,96.7915,96.9556,5915691.0
2020-10-21,96.91,97.2199,96.2445,96.4724,4912240.0
2020-10-22,96.6182,98.1043,96.6,97.931,5184857.0
2020-10-23,98.396,99.0068,97.7396,98.2957,4925104.0
2020-10-26,97.5026,97.6211,96.2718,97.2017,7405199.0
2020-10-27,96.8462,97.3293,96.4815,96.5362,6286104.0
2020-10-28,94.9043,95.5151,93.3545,93.473,9895644.0
2020-10-29,93.4092,93.8194,92.1328,92.7072,12757107.0
2020-10-30,92.616,93.1357,91.4491,92.6798,9467729.0
2020-11-02,94.0473,94.567,93.3636,94.3482,8745541.0
2020-11-03,95.4695,96.7641,95.4331,95.7248,8384892.0
2020-11-04,98.4507,101.5777,98.2592,99.9732,21908325.0
2020-11-05,101.3498,101.4227,99.9914,100.1737,11130093.0
2020-11-06,100.1281,100.8939,99.5629,100.2102,9694173.0
2020-11-09,103.8569,104.3036,101.0216,101.1492,17055340.0
2020-11-10,101.4865,101.8056,100.3469,101.4409,10080381.0
2020-11-11,102.2523,102.2523,100.821,101.3133,8575237.0
2020-11-12,101.1219,101.523,100.2649,100.9395,6605484.0
2020-11-13,101.4956,102.6079,101.2586,102.2159,5606788.0
2020-11-16,103.0272,103.1913,101.5321,102.0426,6272048.0
2020-11-17,101.523,101.7509,100.8939,101.3771,7538890.0
2020-11-18,101.5959,101.6324,99.4717,99.49,8941494.0
2020-11-19,99.49,99.572,98.6695,99.417,8512898.0
2020-11-20,99.1527,99.6541,98.8427,99.1891,6604936.0
2020-11-23,99.645,99.7361,98.3139,98.9339,6963900.0
2020-11-24,99.2529,99.9002,98.8883,99.2256,7613580.0
2020-11-25,99.3441,99.417,98.4416,98.8609,6804675.0
2020-11-27,99.2712,99.8455,98.943,99.7726,3975061.0
2020-11-30,99.7908,100.1373,99.2803,100.0461,10126419.0
2020-12-01,101.0125,101.9879,100.7116,100.8848,10061517.0
2020-12-02,100.9578,101.8147,100.8939,101.6415,7663656.0
2020-12-03,101.605,101.915,101.0763,101.5139,8869599.0
2020-12-04,101.5503,102.617,101.4136,102.5988,6713262.0
2020-12-07,102.5623,102.6261,101.5959,101.9697,5043664.0
2020-12-08,101.7236,102.8267,101.6871,102.7446,6791260.0
2020-12-09,103.1366,103.164,101.9332,102.3891,6281739.0
2020-12-10,102.307,102.7811,102.0062,102.2159,4706516.0
2020-12-11,101.8056,102.0426,101.1127,101.8147,4746472.0
2020-12-14,102.5441,103.1002,100.9851,101.0489,7731721.0
2020-12-15,101.7144,102.3617,101.213,102.1429,4565087.0
2020-12-16,102.0518,102.4164,101.4045,101.8421,4554238.0
2020-12-17,102.0062,102.9999,101.9971,102.9361,3689472.0
2020-12-18,103.0547,103.2653,101.9105,103.0181,6497388.0
2020-12-21,101.4475,102.0792,100.111,101.9876,5376952.0
2020-12-22,101.7679,102.0426,101.0997,101.6764,8982451.0
2020-12-23,102.0334,102.5003,101.7313,101.7496,3463112.0
2020-12-24,101.7862,102.2348,101.6581,102.0426,1468780.0
2020-12-28,102.6193,102.8024,102.0242,102.2989,3923842.0
2020-12-29,102.7383,103.2509,102.4362,102.7841,4531511.0
2020-12-30,102.9946,103.3425,102.6467,102.7657,3204008.0
2020-12-31,102.7932,104.0107,102.427,103.8459,4931466.0
2021-01-04,104.1572,104.267,101.713,103.3974,10183717.0
2021-01-05,103.2601,104.5051,102.7749,104.148,8905080.0
2021-01-06,102.839,105.8507,102.6925,105.5761,14707166.0
2021-01-07,105.6951,107.1049,105.5486,106.9492,8776099.0
2021-01-08,107.1415,107.9379,106.4458,107.4619,6975644.0
2021-01-11,107.471,108.1393,107.352,107.9654,5300424.0
2021-01-12,107.7457,107.8738,106.3084,106.7936,8223733.0
2021-01-13,106.7478,107.4527,106.3451,107.0866,4227518.0
2021-01-14,107.233,107.6633,106.6197,106.7478,4496537.0
2021-01-15,106.4549,107.3246,106.0338,107.0774,7696020.0
2021-01-19,107.9287,108.2308,107.3154,107.883,5272365.0
2021-01-20,108.0661,108.6519,107.4161,108.478,5711633.0
2021-01-21,108.2583,108.4505,107.5992,107.9654,4620359.0
2021-01-22,107.645,108.2491,107.5076,107.645,4089723.0
2021-01-25,107.709,108.4139,107.4802,108.3498,5555091.0
2021-01-26,108.6519,108.9266,107.883,107.9471,4936350.0
2021-01-27,106.6288,106.757,104.4044,104.6698,11193077.0
2021-01-28,105.5578,107.5351,105.3564,106.1986,10459410.0
2021-01-29,105.8507,106.7936,104.4501,105.3015,8692333.0
2021-02-01,106.2444,106.5098,105.5395,105.7043,8417169.0
2021-02-02,106.5373,107.0591,105.9789,106.0064,9689221.0
2021-02-03,106.0064,106.0613,104.917,105.2557,9512598.0
2021-02-04,105.1825,106.1254,105.0268,105.6951,6793307.0
2021-02-05,106.4183,106.5831,105.631,105.8873,4920424.0
2021-02-08,106.2627,106.4091,105.6951,106.0155,5401022.0
2021-02-09,105.988,106.2718,105.9057,106.1711,4274496.0
2021-02-10,106.9401,106.9675,105.988,106.3634,4835646.0
2021-02-11,106.7295,106.8302,106.0613,106.5648,4217462.0
2021-02-12,106.3542,107.4802,106.2169,107.3612,4429160.0
2021-02-16,107.4893,107.5992,105.9514,106.2993,8637083.0
2021-02-17,105.9514,106.7387,105.8233,106.6838,4063174.0
2021-02-18,106.1437,106.4458,105.5761,106.0155,5453461.0
2021-02-19,106.0979,106.1803,104.6424,104.7339,7726432.0
2021-02-22,104.1663,104.8071,103.5439,104.4867,6337921.0
2021-02-23,104.4044,105.0543,103.8276,104.3128,7599195.0
2021-02-24,104.4318,105.6036,104.1023,105.036,8258809.0
2021-02-25,104.8895,105.3106,103.4523,103.9833,12231890.0
2021-02-26,104.3494,104.3494,102.839,103.0861,12893590.0
2021-03-01,103.9283,104.917,103.9009,104.4318,6694798.0
2021-03-02,104.6241,104.8987,104.029,104.1297,7470118.0
2021-03-03,103.7452,103.8551,102.5643,102.8115,12134836.0
2021-03-04,102.5827,103.2601,100.6328,101.4292,20781246.0
2021-03-05,102.0242,103.791,101.2004,103.4615,14145958.0
2021-03-08,103.5439,104.8438,103.077,103.2051,10899790.0
2021-03-09,103.965,105.4571,103.7636,103.8093,9415513.0
2021-03-10,104.5417,105.0909,104.0107,104.0473,10671652.0
2021-03-11,104.4044,105.2557,104.2579,104.679,5536838.0
2021-03-12,104.4593,105.0543,104.2945,104.9078,6359782.0
2021-03-15,104.7064,105.6585,104.5966,105.631,5639063.0
2021-03-16,105.7409,105.9331,105.1825,105.5669,8023692.0
2021-03-17,105.0635,105.7043,104.5417,105.1825,6617011.0
2021-03-18,104.679,105.8233,104.6515,104.9628,7497265.0
2021-03-19,105.0901,105.9627,104.5389,105.3381,10093627.0
2021-03-22,105.2715,106.3279,104.7479,106.2544,5431178.0
2021-03-23,106.089,106.3003,104.9132,105.1796,8193801.0
2021-03-24,105.299,105.8686,105.0235,105.0602,9901017.0
2021-03-25,105.2439,105.7032,104.1232,105.5011,10018936.0
2021-03-26,105.7675,107.6323,105.4828,107.4945,6952545.0
2021-03-29,107.0628,108.3672,107.026,107.9997,8093332.0
2021-03-30,107.7058,107.7058,106.778,107.026,6171252.0
2021-03-31,107.1362,107.8895,107.0719,107.2373,7569758.0
2021-04-01,107.4026,107.5129,106.5759,106.9158,6043636.0
2021-04-05,107.4578,107.9997,107.2832,107.6598,5550872.0
2021-04-06,107.7976,108.11,107.0903,107.2465,4600362.0
2021-04-07,107.1638,107.5496,106.7229,107.0076,4525068.0
2021-04-08,107.2832,107.6507,107.026,107.173,3856872.0
2021-04-09,107.2465,108.4131,107.173,108.3488,5071962.0
2021-04-12,108.1467,108.6795,108.0732,108.459,7559670.0
2021-04-13,108.1191,109.2123,108.0181,108.9091,5433656.0
2021-04-14,108.7805,109.3409,108.6979,108.9,5656733.0
2021-04-15,109.3317,111.0862,109.3317,110.7647,7662510.0
2021-04-16,111.3342,111.7201,110.9484,111.5915,6825342.0
2021-04-19,111.3802,111.6466,111.0403,111.619,6222941.0
2021-04-20,111.1046,112.3355,111.1046,112.0508,7354348.0
2021-04-21,112.3998,113.4378,112.3447,113.3735,7493908.0
2021-04-22,113.2817,113.5389,112.4366,112.8683,8457202.0
2021-04-23,112.8132,113.8696,112.5744,113.6124,4414317.0
2021-04-26,113.5481,113.5573,113.0153,113.2266,6359504.0
2021-04-27,112.9418,112.9602,112.3906,112.5744,6077384.0
2021-04-28,112.3906,112.5192,112.0324,112.2345,6228624.0
2021-04-29,112.1977,112.3815,111.1781,111.7844,7299220.0
2021-04-30,111.3802,111.9956,111.2516,111.4537,6225236.0
2021-05-03,112.0599,112.8407,111.9038,112.7213,8564673.0
2021-05-04,112.556,112.9234,112.0691,112.8407,13638180.0
2021-05-05,112.9969,113.3919,112.4458,113.0428,13750733.0
2021-05-06,112.3998,113.199,111.8211,113.1898,13644048.0
2021-05-07,113.4562,114.5677,113.4103,113.9706,6905990.0
2021-05-10,114.384,114.9995,114.0717,114.1176,7593924.0
2021-05-11,113.5756,113.9982,112.6203,112.8867,9729395.0
2021-05-12,112.3355,112.8407,111.7109,111.8211,9978547.0
2021-05-13,112.0232,113.346,111.8487,112.8316,8987717.0
2021-05-14,113.4838,113.7777,113.1163,113.4011,5812987.0
2021-05-17,113.2725,113.7961,113.1163,113.1898,5189404.0
2021-05-18,113.1531,113.8788,112.7764,113.2266,7559134.0
2021-05-19,112.5009,113.1071,111.6925,113.0337,8971263.0
2021-05-20,113.0061,114.7055,112.9969,114.2186,6715031.0
2021-05-21,114.5953,115.4312,114.1452,114.237,6576668.0
2021-05-24,114.8249,115.0546,114.3013,114.3473,4395369.0
2021-05-25,114.5126,114.5218,113.8788,114.0074,5158994.0
2021-05-26,113.9798,114.0166,112.8591,113.346,6178562.0
2021-05-27,113.5848,113.6767,113.0337,113.098,6777271.0
2021-05-28,113.6399,114.4759,113.4654,113.5389,9152428.0
2021-06-01,113.6767,113.7134,111.5731,111.6741,11004126.0
2021-06-02,111.7935,112.0599,111.1873,111.4537,11363218.0
2021-06-03,111.077,112.0875,110.7923,111.7935,11134460.0
2021-06-04,112.3631,112.7121,112.0232,112.1518,10552224.0
2021-06-07,112.4274,113.5481,112.2345,112.556,12347672.0
2021-06-08,112.804,112.8959,111.3434,112.2069,9623552.0
2021-06-09,112.4917,113.4838,112.4917,113.2909,6280909.0
2021-06-10,113.5664,115.3577,113.5205,115.2291,8539996.0
2021-06-11,115.0546,115.1097,113.8328,114.4116,6236119.0
2021-06-14,114.3473,114.531,113.7042,114.5126,4672259.0
2021-06-15,114.632,114.8066,114.0625,114.5493,4739647.0
2021-06-16,114.6688,115.2475,113.7869,114.1084,8459903.0
2021-06-17,113.9063,115.2842,113.888,114.9811,5756119.0
2021-06-18,113.9626,114.2854,113.5107,113.6675,8426823.0
2021-06-21,114.0279,115.2452,113.6129,115.0331,5855942.0
2021-06-22,115.1068,115.4388,114.7195,115.282,5794088.0
2021-06-23,115.1253,115.3927,114.7564,114.8025,4786912.0
2021-06-24,115.4757,116.2042,115.2636,115.3927,6240754.0
2021-06-25,115.3466,116.2688,115.282,115.9184,7408860.0
2021-06-28,116.0382,116.2411,115.6509,116.0936,4130230.0
2021-06-29,116.1028,116.5823,115.9552,116.2227,4962458.0
2021-06-30,116.1489,116.3887,115.7063,116.1489,7444534.0
2021-07-01,116.2319,117.2647,116.1858,117.1817,8623596.0
2021-07-02,117.3846,118.4175,117.1172,118.3068,10534339.0
2021-07-06,117.9748,118.2054,117.357,118.1961,9517372.0
2021-07-07,118.2054,118.9431,117.7719,118.9431,16122308.0
2021-07-08,117.8549,118.3621,117.2186,118.2884,7504668.0
2021-07-09,118.7126,119.063,118.4175,118.6941,4607273.0
2021-07-12,118.6941,119.5149,118.6019,118.9247,7534497.0
2021-07-13,118.7771,119.2013,118.5189,118.814,6724275.0
2021-07-14,119.1275,119.1829,118.4912,118.7033,6582865.0
2021-07-15,118.067,118.5835,117.5598,118.2884,7708544.0
2021-07-16,118.5927,119.0446,118.2054,118.6111,5784225.0
2021-07-19,117.8734,118.399,116.4071,117.3662,14181240.0
2021-07-20,117.7443,119.4688,117.7443,118.7956,11881227.0
2021-07-21,119.2567,119.312,117.7074,118.9892,7342791.0
2021-07-22,119.1275,119.8653,118.7679,119.8653,7549838.0
2021-07-23,120.3264,121.3685,120.2249,121.2486,7386215.0
2021-07-26,120.9074,121.2578,120.059,120.4647,5919637.0
2021-07-27,120.3264,121.0272,119.976,121.0272,8627031.0
2021-07-28,120.852,121.8111,120.5385,121.4607,6591706.0
2021-07-29,121.8572,121.9402,121.3961,121.7558,5003740.0
2021-07-30,121.6267,122.3183,121.3869,121.8664,5640687.0
2021-08-02,122.3091,122.512,121.6728,122.0324,7270022.0
2021-08-03,122.0878,123.7661,122.0048,123.7292,6773222.0
2021-08-04,123.2497,124.0059,123.0468,123.2036,6279130.0
2021-08-05,123.0468,123.1298,121.765,122.6964,7454016.0
2021-08-06,122.6318,122.7517,121.8111,122.595,6165113.0
2021-08-09,122.7794,123.2958,122.678,123.0653,8417278.0
2021-08-10,123.1298,123.3788,122.2999,122.7794,5176244.0
2021-08-11,122.9269,123.1667,121.4607,121.5621,13090983.0
2021-08-12,121.7004,122.6226,121.599,122.5212,7068278.0
2021-08-13,122.8163,123.3143,122.678,123.2866,6273198.0
2021-08-16,123.2589,124.7068,122.8624,124.6883,6639754.0
2021-08-17,124.3194,126.1638,124.2825,126.1638,10898231.0
2021-08-18,125.9978,126.1361,124.1719,124.2457,10824352.0
2021-08-19,123.4341,125.4537,123.388,124.8082,10026347.0
2021-08-20,124.9281,125.8964,124.4947,125.5183,6195171.0
2021-08-23,126.2284,126.3206,125.5275,125.5644,6609272.0
2021-08-24,125.4076,125.5828,124.7621,125.1217,5729836.0
2021-08-25,125.0019,125.0756,124.2641,124.7805,5620973.0
2021-08-26,124.8543,125.131,124.052,124.2918,4968484.0
2021-08-27,124.5684,124.9096,123.9506,124.1534,7109276.0
2021-08-30,124.0428,125.3062,124.0336,124.8543,5303374.0
2021-08-31,124.882,125.4629,124.2457,124.6883,7814962.0
2021-09-01,124.7897,124.9004,123.5356,124.7252,9041822.0
2021-09-02,125.1863,126.0808,125.048,126.0624,5882096.0
2021-09-03,125.8134,126.3851,125.3338,126.2007,4843759.0
2021-09-07,125.7304,125.9333,124.6422,125.4629,7592367.0
2021-09-08,125.214,125.6105,124.882,125.4076,6111341.0
2021-09-09,125.2324,125.5183,123.886,123.9598,7248413.0
2021-09-10,124.4024,124.5131,122.7609,122.8255,8571097.0
2021-09-13,123.471,123.5448,121.4514,122.0693,10057835.0
2021-09-14,122.678,122.9269,121.8388,122.0509,8291441.0
2021-09-15,121.9033,123.4157,121.7097,122.8439,8790254.0
2021-09-16,123.0007,123.2313,121.6912,122.5304,7745557.0
2021-09-17,122.4282,122.7521,121.8452,122.6503,9991779.0
2021-09-20,121.2774,122.4527,120.315,121.37,12726564.0
2021-09-21,121.9252,122.8044,121.5365,121.555,9462476.0
2021-09-22,121.8419,122.3787,121.1756,121.7586,9484656.0
2021-09-23,122.0455,123.3504,121.9437,122.6378,8783825.0
2021-09-24,122.4435,122.8877,121.8789,122.1381,5971494.0
2021-09-27,121.7864,121.9345,120.1391,120.3983,10017477.0
2021-09-28,119.6116,119.6394,117.9274,118.3345,14148303.0
2021-09-29,118.862,119.8245,118.6214,119.2692,9415061.0
2021-09-30,119.6672,120.4168,117.7053,117.8071,17253199.0
2021-10-01,117.9644,118.3901,115.9377,117.8348,17425818.0
2021-10-04,117.3536,117.9551,115.4565,116.0395,19737872.0
2021-10-05,116.5115,117.9181,116.3541,116.7336,14114227.0
2021-10-06,116.0858,116.6225,115.2159,116.5207,16366252.0
2021-10-07,117.3258,118.825,117.1037,118.0662,10599375.0
2021-10-08,118.205,118.4549,117.2333,117.4739,7849480.0
2021-10-11,117.3721,117.9921,116.5207,116.5577,6833640.0
2021-10-12,116.9279,117.0482,115.6971,115.9932,10676667.0
2021-10-13,116.1876,116.7058,115.4565,116.1783,8386087.0
2021-10-14,117.4646,118.3068,117.3814,117.8441,7522086.0
2021-10-15,118.4549,118.9638,118.205,118.4271,7247360.0
2021-10-18,117.9089,118.0292,117.113,117.622,8406755.0
2021-10-19,118.2605,119.4728,118.2605,119.1674,7582864.0
2021-10-20,119.8893,121.0553,119.769,120.8702,10182573.0
2021-10-21,121.1201,121.4347,120.2409,121.3607,6763717.0
2021-10-22,121.2496,121.8974,121.0646,121.8512,6821614.0
2021-10-25,121.9067,122.1381,120.9628,121.9992,8306823.0
2021-10-26,122.2769,122.9524,121.6106,122.6008,7866688.0
2021-10-27,122.7951,122.9247,121.5921,121.6291,10298255.0
2021-10-28,121.8512,123.119,121.8419,122.647,7208307.0
2021-10-29,122.4897,123.9982,122.0178,123.8408,13159827.0
2021-11-01,123.9519,124.4609,123.2208,123.6928,11244879.0
2021-11-02,124.174,125.0902,123.0913,124.4701,13698256.0
2021-11-03,124.2665,125.2475,123.7668,125.2012,11366674.0
2021-11-04,124.9143,125.1087,123.4799,124.3406,10786387.0
2021-11-05,123.2208,123.7298,122.0548,122.9524,11293384.0
2021-11-08,123.2116,123.8408,122.6933,123.6835,6397216.0
2021-11-09,123.6743,123.8316,122.9895,123.2301,6056381.0
2021-11-10,123.193,124.0815,123.1745,123.5817,7101099.0
2021-11-11,123.5632,123.6465,122.9247,123.2208,6565179.0
2021-11-12,124.0167,124.1185,123.1468,123.8316,5629128.0
2021-11-15,124.1092,124.1833,122.9432,123.0635,5233429.0
2021-11-16,123.0172,124.2573,122.8229,123.5817,4996698.0
2021-11-17,123.7205,124.2388,123.1838,123.7576,6531262.0
2021-11-18,123.8871,124.1185,123.3781,123.8038,6156704.0
2021-11-19,124.174,124.5904,122.9432,123.0542,7955689.0
2021-11-22,123.1838,123.6558,122.3417,122.499,9257553.0
2021-11-23,121.9252,122.7581,121.555,122.6285,10428543.0
2021-11-24,122.3787,122.8044,121.9715,122.5823,5718259.0
2021-11-26,123.0265,123.7483,121.6939,122.1288,9658473.0
2021-11-29,122.7951,123.2856,122.3324,122.462,11375897.0
2021-11-30,121.7586,122.3139,119.88,120.0558,15013383.0
2021-12-01,120.6481,122.2399,119.8245,119.843,17305930.0
2021-12-02,119.5746,120.9165,119.2322,120.426,14117466.0
2021-12-03,121.2774,121.7309,119.6487,120.6481,17440077.0
2021-12-06,120.9998,121.8604,120.7684,121.3329,12573335.0
2021-12-07,122.1566,123.193,121.99,122.8969,10313765.0
2021-12-08,123.2486,123.9056,122.6285,123.8223,10579288.0
2021-12-09,123.702,124.5164,123.6095,124.1092,7998314.0
2021-12-10,123.7853,124.8033,123.7298,124.5442,6902280.0
2021-12-13,124.5812,126.0711,124.5442,125.7195,10005556.0
2021-12-14,125.1364,125.8675,124.5904,125.2105,9334394.0
2021-12-15,125.4789,127.8387,125.3678,127.7739,11756401.0
2021-12-16,127.7924,129.1806,127.5333,128.5328,15992837.0
2021-12-17,127.9417,128.6756,127.1335,127.6351,16364304.0
2021-12-20,127.3727,127.7628,125.7655,126.8617,11448594.0
2021-12-21,127.224,127.447,126.0442,127.3912,8740671.0
2021-12-22,127.3727,128.9519,127.1033,128.8776,6064866.0
2021-12-23,129.2121,129.8252,128.8312,129.4071,6453254.0
2021-12-27,129.9552,130.7727,129.7323,130.7727,5820330.0
2021-12-28,130.8935,131.1258,130.0853,130.429,5006226.0
2021-12-29,130.3083,131.4416,130.2061,131.1722,5927434.0
2021-12-30,131.4137,131.8968,131.2744,131.4416,5996031.0
2021-12-31,131.2837,131.7853,130.8378,130.8842,6397965.0
2022-01-03,130.3268,130.5684,128.4224,129.5372,11983779.0
2022-01-04,129.2213,129.3978,127.2798,127.8279,11171069.0
2022-01-05,128.1066,128.8776,126.8617,126.9175,12328414.0
2022-01-06,126.1278,126.8989,125.2267,125.4497,12822827.0
2022-01-07,125.1524,125.3846,124.5486,124.8087,7811700.0
2022-01-10,124.2606,126.165,123.9633,126.0907,13122019.0
2022-01-11,126.2765,127.1126,125.4125,127.094,9998077.0
2022-01-12,126.3694,126.9268,126.1743,126.7317,8277824.0
2022-01-13,126.5087,126.6666,124.53,124.7622,10974608.0
2022-01-14,124.465,124.6786,123.2666,124.5486,11783479.0
2022-01-18,123.3223,123.5174,122.4769,122.8021,13049991.0
2022-01-19,123.0901,124.0005,122.1797,122.3004,12259050.0
2022-01-20,122.5605,123.7311,121.4272,121.5015,12595311.0
2022-01-21,121.8638,122.254,120.0802,120.2752,21767815.0
2022-01-24,119.3184,120.0802,116.0484,119.8758,31165892.0
2022-01-25,118.2872,120.1266,117.3025,119.1047,15596722.0
2022-01-26,119.2998,120.3774,117.544,118.4823,22983104.0
2022-01-27,119.0583,120.619,118.3987,118.7889,14342914.0
2022-01-28,118.6867,121.2507,117.8506,121.2135,16180420.0
2022-01-31,120.972,122.1332,120.749,121.9103,13799668.0
2022-02-01,122.3469,122.4584,121.26,122.2354,11336853.0
2022-02-02,122.1611,124.177,121.901,123.8797,10793944.0
2022-02-03,123.7125,123.8147,123.1179,123.3502,11636257.0
2022-02-04,122.2261,123.7682,122.0032,122.9043,9231265.0
2022-02-07,122.9507,123.378,122.3469,122.6906,7815139.0
2022-02-08,121.9846,123.9076,121.7616,123.6939,9061563.0
2022-02-09,124.2885,124.9109,124.1584,124.6508,9449026.0
2022-02-10,123.2108,124.2885,122.2168,122.6999,11760885.0
2022-02-11,122.5327,123.4617,120.8512,120.9999,10719112.0
2022-02-14,120.749,120.9813,118.8632,119.7643,11684607.0
2022-02-15,120.7583,121.5851,120.4982,121.1113,7483521.0
2022-02-16,120.4889,121.6409,120.1545,121.2971,7413909.0
2022-02-17,120.8048,120.8698,119.1605,119.3463,10002576.0
2022-02-18,119.2348,119.8758,118.055,118.4544,10388822.0
2022-02-22,118.0921,119.1233,117.3675,118.1572,10984071.0
2022-02-23,118.8075,119.1698,117.4419,117.5626,9816700.0
2022-02-24,115.5839,118.2779,115.2495,118.0364,18132090.0
2022-02-25,118.6217,121.9474,118.4359,121.6501,14054241.0
2022-02-28,119.7086,120.8698,119.3277,120.7305,12834760.0
2022-03-01,120.0987,121.0835,119.1233,120.0616,11453499.0
2022-03-02,120.5911,122.5327,120.4332,121.8731,9864721.0
2022-03-03,122.4119,123.2108,121.4551,122.4955,9117135.0
2022-03-04,121.26,123.2201,120.8977,123.1086,10096661.0
2022-03-07,122.3376,122.5698,120.4146,120.9627,13401036.0
2022-03-08,120.0802,121.0556,118.4173,118.4916,18557322.0
2022-03-09,120.4239,121.3529,119.5321,120.7305,12472187.0
2022-03-10,119.2719,120.9441,119.1419,120.684,8734729.0
2022-03-11,121.0091,121.7152,119.6621,119.7829,8268852.0
2022-03-14,120.749,122.3655,120.2752,120.6283,12341219.0
2022-03-15,121.6037,123.1644,121.39,123.0343,11890674.0
2022-03-16,123.6567,124.53,122.3933,124.5114,11718429.0
2022-03-17,124.1491,126.4901,123.9819,126.4808,8907882.0
2022-03-18,126.4039,127.4196,126.0218,127.2612,9259471.0
2022-03-21,127.2019,128.2922,126.5682,127.1646,9171041.0
2022-03-22,127.2951,127.4722,126.7267,127.1926,7654674.0
2022-03-23,126.5869,126.8199,124.8722,124.9095,7931176.0
2022-03-24,125.3754,126.4005,125.1052,126.4005,6020386.0
2022-03-25,126.8292,127.2019,126.0184,126.9876,5802624.0
2022-03-28,127.2019,127.9474,126.7453,127.9102,5748258.0
2022-03-29,128.9725,129.485,127.9008,128.665,9964449.0
2022-03-30,128.6836,129.4291,128.2643,128.9166,8972292.0
2022-03-31,128.6463,129.3546,127.4349,127.6585,13599336.0
2022-04-01,128.0127,128.7116,127.1553,128.665,15211564.0
2022-04-04,128.3761,128.5997,127.2951,127.5933,13512785.0
2022-04-05,127.2672,129.3825,127.2019,127.8636,12192533.0
2022-04-06,127.5374,130.1187,127.4535,129.8112,16293566.0
2022-04-07,129.3453,132.6441,129.3453,132.3086,16007305.0
2022-04-08,132.318,133.6505,132.1223,133.1007,14920093.0
2022-04-11,132.7187,133.2592,130.2585,130.4542,14209369.0
2022-04-12,130.128,130.8922,128.6277,129.1868,11866490.0
2022-04-13,129.1123,129.951,128.5066,129.8205,12857545.0
2022-04-14,129.9417,130.6033,129.103,129.1962,9367619.0
2022-04-18,129.0657,129.3639,127.2299,127.7704,8821276.0
2022-04-19,128.1058,129.4478,128.0593,128.9911,10194489.0
2022-04-20,129.3359,131.2277,129.1962,130.7244,10799115.0
2022-04-21,131.0879,131.237,128.9911,129.28,9808463.0
2022-04-22,128.1152,128.1524,124.4249,124.5647,15343925.0
2022-04-25,124.2013,125.6736,122.8034,125.4034,14389215.0
2022-04-26,124.6486,125.3195,123.0178,123.1948,15508032.0
2022-04-27,123.1762,124.1733,122.3189,122.9246,14801842.0
2022-04-28,123.7912,125.0306,122.645,124.6206,12990809.0
2022-04-29,123.4092,124.0522,121.2192,121.4149,15244789.0
2022-05-02,121.3124,121.9927,118.7032,120.6601,20647975.0
2022-05-03,121.0329,122.207,120.6135,121.0422,12093049.0
2022-05-04,120.8465,124.1733,119.8307,123.726,16972404.0
2022-05-05,123.1203,123.2507,120.073,121.3217,14207799.0
2022-05-06,120.1476,121.2752,119.5325,120.9397,18642064.0
2022-05-09,119.5884,119.6164,117.3519,117.8086,15158816.0
2022-05-10,119.0386,119.4859,117.1376,118.2279,17737602.0
2022-05-11,117.6408,120.2967,117.3053,117.4451,15997189.0
2022-05-12,117.0165,118.6566,116.7462,118.582,13718490.0
2022-05-13,119.3648,120.2128,118.8429,119.8401,8278131.0
2022-05-16,119.7003,121.5454,119.6723,120.7253,7558041.0
2022-05-17,121.9834,122.44,121.0795,122.3841,7752670.0
2022-05-18,121.5547,121.8529,118.8429,119.225,8236377.0
2022-05-19,118.2745,120.2128,117.8458,119.4859,8086015.0
2022-05-20,120.2874,121.2006,118.6566,120.9397,10715526.0
2022-05-23,121.7504,122.4773,121.4988,122.002,7367262.0
2022-05-24,121.6386,122.5705,120.8651,122.3655,7113968.0
2022-05-25,122.2816,123.1296,121.182,122.3282,7349330.0
2022-05-26,122.6357,123.316,122.2816,122.85,7593207.0
2022-05-27,122.9432,124.9188,122.5518,124.8909,11533822.0
2022-05-31,123.7912,124.0149,122.2257,123.2228,7717272.0
2022-06-01,123.6701,123.6887,120.4831,121.4522,7664047.0
2022-06-02,121.6106,122.44,119.4393,122.412,8019543.0
2022-06-03,121.5734,122.1045,120.8185,120.977,4695991.0
2022-06-06,121.8622,122.0952,120.6694,120.9956,6221279.0
2022-06-07,120.9956,122.6916,120.5576,122.5705,5817628.0
2022-06-08,122.2257,122.673,121.2565,121.6013,4063321.0
2022-06-09,121.1913,121.6013,118.815,118.8523,6491470.0
2022-06-10,117.4451,118.0322,116.476,116.9419,9166172.0
2022-06-13,114.6308,115.3297,112.9255,113.4007,12467730.0
2022-06-14,113.2703,113.5592,111.5183,112.3198,7929678.0
2022-06-15,112.9348,114.6495,111.7234,113.4567,8896316.0
2022-06-16,111.3786,111.8631,110.661,111.7886,7581255.0
2022-06-17,111.8263,113.5014,111.6859,111.7234,9721698.0
2022-06-21,113.2901,115.2553,112.9158,114.7313,6580106.0
2022-06-22,114.0013,117.6042,113.9452,116.3222,8156988.0
2022-06-23,116.8649,119.0267,116.8649,118.9331,8832282.0
2022-06-24,119.8034,120.9264,118.9986,120.9077,7642207.0
2022-06-27,120.9077,121.8716,120.524,121.3569,6311678.0
2022-06-28,121.6002,122.2085,119.008,119.2419,5749121.0
2022-06-29,119.401,120.8796,119.2138,120.2807,7547043.0
2022-06-30,119.6537,120.6924,118.7459,120.0093,8982647.0
2022-07-01,120.0561,121.5159,118.7178,121.3569,7920599.0
2022-07-05,120.1871,120.6831,118.0721,120.655,8445551.0
2022-07-06,120.8234,122.0962,120.6082,121.4692,7668251.0
2022-07-07,121.2913,122.1429,121.2258,121.9839,5812347.0
2022-07-08,121.6376,123.5654,121.5159,122.3488,5374610.0
2022-07-11,121.6657,122.7231,121.5347,122.04,5551573.0
2022-07-12,121.6563,122.4798,119.9438,120.4865,8032756.0
2022-07-13,119.4665,120.2807,119.008,119.3168,7617705.0
2022-07-14,117.9505,119.1483,117.1831,118.9705,6473288.0
2022-07-15,120.7392,121.8996,120.2058,121.8435,7965285.0
2022-07-18,121.9651,122.0774,118.8676,119.27,5646127.0
2022-07-19,120.5427,121.5066,120.0186,121.3007,5718858.0
2022-07-20,121.1323,121.2913,119.6162,120.1029,6392507.0
2022-07-21,120.4585,122.0026,120.1497,122.0026,6931678.0
2022-07-22,122.2833,122.5173,120.7579,121.4972,7113451.0
2022-07-25,121.5908,122.3582,121.4785,122.1336,4505472.0
2022-07-26,122.4798,123.5186,122.1523,122.7606,6295869.0
2022-07-27,122.6857,124.0801,122.1055,123.528,6459643.0
2022-07-28,123.687,125.2218,121.5815,124.314,8528517.0
2022-07-29,123.687,124.1269,123.032,123.9023,6790790.0
2022-08-01,123.2098,123.8836,122.6951,122.9852,6385836.0
2022-08-02,123.2846,124.2766,122.4798,122.5453,6173617.0
2022-08-03,123.2098,124.155,122.8729,123.6683,5701240.0
2022-08-04,123.9584,123.9865,122.8635,123.06,4206575.0
2022-08-05,122.2927,123.0694,122.0026,123.0133,7457986.0
2022-08-08,123.2472,124.1175,122.6764,123.3034,6105443.0
2022-08-09,123.4624,124.052,122.6389,122.929,4321323.0
2022-08-10,124.2392,124.3608,123.5467,124.2672,5594870.0
2022-08-11,123.8929,125.1095,123.1911,123.4624,6490181.0
2022-08-12,123.7619,125.1001,123.556,125.044,6075874.0
2022-08-15,124.9785,125.8394,124.5293,125.671,6283763.0
2022-08-16,125.3996,125.7552,124.8475,125.3341,6088611.0
2022-08-17,124.6041,125.3247,124.417,124.6041,5863188.0
2022-08-18,124.5667,124.8194,123.3782,124.052,5970716.0
2022-08-19,124.052,124.9878,123.8742,124.3889,4707363.0
2022-08-22,123.6215,124.0146,122.3488,122.7606,4991544.0
2022-08-23,122.2178,122.3488,120.7018,121.048,6186461.0
2022-08-24,121.1697,121.6657,120.7579,121.1978,5714197.0
2022-08-25,121.6938,122.5734,120.8609,122.536,4580917.0
2022-08-26,122.5734,122.5828,119.0267,119.1203,7119908.0
2022-08-29,118.3997,119.0267,117.6697,118.2874,5647671.0
2022-08-30,118.7085,118.7085,117.2112,117.5013,6563257.0
2022-08-31,117.885,118.6243,116.7339,116.7526,7345268.0
2022-09-01,116.5655,118.7272,116.4064,118.6711,9483182.0
2022-09-02,119.3542,119.4665,116.4532,116.9679,7669019.0
2022-09-06,117.4264,118.5494,116.7526,117.0802,8023996.0
2022-09-07,117.0521,119.1858,116.6778,118.9892,7466962.0
2022-09-08,118.5494,121.0948,118.3061,121.0574,7736115.0
2022-09-09,121.3569,122.4518,121.1323,122.1242,7176007.0
2022-09-12,122.5921,123.5747,122.2646,122.9384,6334156.0
2022-09-13,120.9825,121.2539,118.5494,118.8769,10027855.0
2022-09-14,119.27,119.9718,118.1564,118.9424,6685934.0
2022-09-15,119.4571,120.7579,119.3355,119.6069,6713814.0
2022-09-16,119.2324,119.5331,118.3398,119.27,8627397.0
2022-09-19,118.5144,118.6553,116.9266,118.6271,6925834.0
2022-09-20,117.8379,118.007,116.5038,117.2366,7328572.0
2022-09-21,117.6688,118.4862,115.2636,115.2918,9548644.0
2022-09-22,115.1132,116.6917,114.6247,115.9025,7982341.0
2022-09-23,115.2824,115.5172,113.873,115.3105,11602961.0
2022-09-26,114.6247,115.179,113.7039,114.2113,8772013.0
2022-09-27,114.9253,115.7521,113.4033,113.8636,9953034.0
2022-09-28,115.4609,116.936,114.7186,116.3534,11669585.0
2022-09-29,116.0716,116.2877,114.5965,115.3763,9009991.0
2022-09-30,115.3857,116.1843,113.6569,113.7885,10140596.0
2022-10-03,114.6153,116.5789,114.2676,116.128,7785426.0
2022-10-04,117.0957,118.8714,116.8138,118.8244,11377999.0
2022-10-05,118.0634,119.8392,117.6218,119.2191,8649146.0
2022-10-06,118.7775,119.1439,117.3869,117.697,7736217.0
2022-10-07,116.8044,117.0111,114.5495,115.2072,8342305.0
2022-10-10,115.4797,115.6394,114.0422,114.4837,6865374.0
2022-10-11,114.2489,116.3159,113.9576,115.0944,9068490.0
2022-10-12,115.4609,116.1467,114.5025,114.5307,7925553.0
2022-10-13,112.802,117.7534,112.6986,117.199,11583888.0
2022-10-14,117.8849,118.7587,116.0528,116.4098,9551534.0
2022-10-17,117.1521,118.5144,117.0111,118.2795,6682739.0
2022-10-18,120.0365,120.074,118.3547,118.9372,8350339.0
2022-10-19,118.5708,118.5802,116.2501,117.2742,6182422.0
2022-10-20,117.0675,117.9225,116.128,116.2783,6191413.0
2022-10-21,116.1937,119.2097,115.5736,118.8902,7028470.0
2022-10-24,119.8861,121.5491,119.8861,121.1827,5607312.0
2022-10-25,120.8163,122.2444,120.7505,122.1035,6190221.0
2022-10-26,122.4793,124.6027,122.4417,123.4564,7092024.0
2022-10-27,123.7383,123.7571,122.6202,122.8081,5420307.0
2022-10-28,122.996,124.9221,122.6108,124.8282,5142076.0
2022-10-31,124.1799,125.2134,123.898,124.7248,6696690.0
2022-11-01,124.8751,125.4952,123.4658,124.8,6405019.0
2022-11-02,124.5087,125.9274,122.6108,122.6766,8438127.0
2022-11-03,121.784,122.8363,120.9196,122.1598,6522884.0
2022-11-04,123.1464,123.3437,121.1733,122.9021,6820233.0
2022-11-07,123.0994,124.5463,122.639,124.2174,4983858.0
2022-11-08,124.2456,125.7959,123.3906,124.8375,7408630.0
2022-11-09,124.6402,125.4764,123.3437,123.494,7110925.0
2022-11-10,126.3408,126.8858,124.6402,126.6321,10131836.0
2022-11-11,126.4724,126.4911,123.4564,125.0818,8257281.0
2022-11-14,125.4576,126.6885,125.1476,125.1946,8992008.0
2022-11-15,125.9932,126.5193,123.992,125.0349,7052238.0
2022-11-16,125.3449,126.1905,124.7624,124.9785,5120455.0
2022-11-17,123.992,125.4295,123.8886,124.9221,5369002.0
2022-11-18,125.9838,126.6509,125.5704,126.4348,4890204.0
2022-11-21,126.1717,127.0361,126.0308,126.4911,6055789.0
2022-11-22,126.82,127.6844,126.773,127.5904,5052593.0
2022-11-23,127.6092,128.2857,127.2804,128.0978,4376346.0
2022-11-25,128.2481,128.9622,128.2199,128.8588,2828462.0
2022-11-28,128.4642,129.2252,127.6374,127.8911,4243811.0
2022-11-29,127.6186,127.8253,126.8858,127.5716,4555662.0
2022-11-30,127.7595,130.7003,127.0831,130.6158,7602836.0
2022-12-01,131.3674,131.6868,130.2869,130.9916,10667095.0
2022-12-02,129.7608,131.5083,129.6574,131.3298,5794002.0
2022-12-05,130.4842,130.7849,129.6198,130.0708,5598417.0
2022-12-06,129.8265,130.2399,128.4454,129.0843,6198752.0
2022-12-07,129.0843,130.5218,129.0467,130.146,5774777.0
2022-12-08,130.3715,131.4707,130.1178,131.3204,4530384.0
2022-12-09,131.1419,131.5365,129.601,129.6386,4961809.0
2022-12-12,129.7232,131.0198,129.7232,131.0198,4599148.0
2022-12-13,132.8049,133.1995,130.5124,131.4238,7862189.0
2022-12-14,131.3674,132.7391,130.5218,131.6305,8599467.0
2022-12-15,130.456,130.7849,128.7555,129.2158,7144405.0
2022-12-16,128.2424,128.3273,126.6292,127.3367,8739503.0
2022-12-19,127.2953,127.5312,126.2859,126.8614,5573210.0
2022-12-20,126.9085,127.3236,126.1444,126.8331,3700391.0
2022-12-21,127.6067,128.8991,127.2104,128.5029,4783184.0
2022-12-22,127.7859,128.3614,126.6632,128.3236,4399929.0
2022-12-23,128.201,128.5218,127.4463,128.3991,3096621.0
2022-12-27,128.6444,128.7482,127.5595,128.0689,5177877.0
2022-12-28,128.4935,129.1161,127.1915,127.2387,4084260.0
2022-12-29,128.0312,129.2954,127.7387,128.6255,5481605.0
2022-12-30,128.1916,128.3236,126.8614,128.1633,5346898.0
2023-01-03,128.3331,128.6161,126.8236,127.7953,5866314.0
2023-01-04,128.5123,128.8425,127.3048,128.135,6237520.0
2023-01-05,127.2859,127.5972,126.3142,126.8236,5735480.0
2023-01-06,127.6727,128.3425,126.05,127.9935,5875029.0
2023-01-09,128.1255,128.1633,125.6726,125.8519,6187056.0
2023-01-10,125.8047,127.1066,125.616,126.9085,5735635.0
2023-01-11,126.9934,127.6444,126.4085,127.6255,6144555.0
2023-01-12,127.3519,127.7482,125.984,127.2199,6381661.0
2023-01-13,126.5217,128.1727,126.4651,127.7859,4994771.0
2023-01-17,127.7199,127.9463,127.0217,127.1915,5556154.0
2023-01-18,127.1915,127.5217,125.2764,125.3991,9362741.0
2023-01-19,125.1349,126.201,124.7764,125.7009,8492994.0
2023-01-20,125.984,126.4274,125.0217,126.333,4763867.0
2023-01-23,126.4085,127.4746,126.1255,126.767,5670812.0
2023-01-24,126.1349,126.8708,125.116,125.9274,4695256.0
2023-01-25,125.0877,125.9745,124.7292,125.9651,4875384.0
2023-01-26,126.2576,126.3708,125.2198,126.201,5405143.0
2023-01-27,126.0123,126.1444,125.1821,125.3425,4634574.0
2023-01-30,125.1066,125.8896,124.0122,124.2103,5728908.0
2023-01-31,124.4934,125.833,124.3707,125.8142,5040802.0
2023-02-01,125.8142,127.1821,124.8707,126.4085,9836000.0
2023-02-02,125.484,125.7198,124.6538,125.55,9376958.0
2023-02-03,125.6349,126.0406,124.767,125.1821,7827410.0
2023-02-06,125.1255,125.267,124.3141,124.4839,5828296.0
2023-02-07,124.05,125.6538,123.6066,125.2858,6291141.0
2023-02-08,124.833,125.616,124.7292,124.9179,4611845.0
2023-02-09,125.2292,125.7104,123.6254,123.8235,6805087.0
2023-02-10,123.9934,125.1255,123.8235,124.9934,5034254.0
2023-02-13,125.0123,126.0406,125.0123,126.0311,4946182.0
2023-02-14,126.201,126.4274,124.6538,125.2858,5885504.0
2023-02-15,124.7953,124.9651,124.2387,124.6632,5502316.0
2023-02-16,123.5217,124.5217,123.1537,123.4179,6113598.0
2023-02-17,122.833,124.7481,122.7197,124.5217,8568866.0
2023-02-21,123.616,124.1254,122.7197,122.9084,7655638.0
2023-02-22,123.0405,123.333,122.2386,122.4933,6229449.0
2023-02-23,122.465,123.4462,121.9178,122.8235,8440967.0
2023-02-24,121.7858,122.0216,120.8801,121.2386,7619431.0
2023-02-27,121.899,122.2386,120.5971,120.8707,5566336.0
2023-02-28,120.5971,120.6725,119.8706,119.9744,8528383.0
2023-03-01,119.5404,120.0404,119.2574,119.7763,8924651.0
2023-03-02,119.2385,120.8612,119.2385,120.5122,7986638.0
2023-03-03,121.0688,121.9084,120.465,121.8612,8321112.0
2023-03-06,121.9461,122.3613,121.5216,121.8046,6973988.0
2023-03-07,122.0499,122.1914,119.6348,119.8423,7838038.0
2023-03-08,119.597,119.965,118.7197,119.2008,8657169.0
2023-03-09,119.6631,119.8612,117.5121,117.9932,10802239.0
2023-03-10,117.7951,118.7763,116.6724,117.1253,17448505.0
2023-03-13,116.7479,119.8329,116.6064,118.2196,18573399.0
2023-03-14,119.0216,119.6442,118.0876,119.2763,12336916.0
2023-03-15,117.9932,119.3423,117.7762,119.1725,15044822.0
2023-03-16,118.2763,120.3423,117.9461,120.2857,13387532.0
2023-03-17,120.1876,120.2823,118.3502,118.7385,12643186.0
2023-03-20,118.9366,120.4235,118.9366,120.2436,9152999.0
2023-03-21,120.7076,121.1149,119.9689,120.9728,7440791.0
2023-03-22,121.0391,121.4843,119.126,119.1449,8662556.0
2023-03-23,119.6374,120.3572,118.2357,118.9176,8582163.0
2023-03-24,118.804,120.6792,118.3588,120.5656,6735663.0
2023-03-27,121.418,121.9673,120.916,121.0581,7043143.0
2023-03-28,120.9349,121.3706,120.0352,120.3288,6335300.0
2023-03-29,120.9255,121.077,120.1394,120.6603,6545405.0
2023-03-30,121.3138,121.3517,120.5372,121.3138,5685054.0
2023-03-31,121.721,122.6776,121.6547,122.6113,7656155.0
2023-04-03,122.706,124.1267,122.3651,123.9846,7824056.0
2023-04-04,124.1172,124.7233,123.7762,124.0035,7130080.0
2023-04-05,124.6949,126.3618,124.5529,126.144,10662689.0
2023-04-06,126.6649,127.0153,126.0303,126.4565,6918136.0
2023-04-10,126.1156,126.4376,125.4526,126.3713,6329791.0
2023-04-11,126.6649,127.2616,126.5891,126.7975,6990146.0
2023-04-12,127.29,127.7635,126.6081,126.8354,7698255.0
2023-04-13,127.3752,128.6254,127.0911,128.4833,8046676.0
2023-04-14,128.1897,128.4644,126.9774,127.451,5538527.0
2023-04-17,127.4889,127.6309,126.6744,127.3468,5716208.0
2023-04-18,127.6025,127.6025,126.305,126.4755,6121811.0
2023-04-19,126.5134,127.0532,126.125,126.8638,6016953.0
2023-04-20,126.2576,126.5323,125.7462,126.3429,5772810.0
2023-04-21,127.0343,127.6215,126.6365,127.1953,5528275.0
2023-04-24,127.3279,127.9435,127.0058,127.9056,5059153.0
2023-04-25,127.7162,128.1045,126.3618,126.5418,6112045.0
2023-04-26,125.4242,125.5189,123.9941,124.7423,8561198.0
2023-04-27,124.8086,125.5757,123.7099,125.3958,8127082.0
2023-04-28,125.2442,126.8259,125.0453,126.466,5912687.0
2023-05-01,126.6459,127.6309,126.3997,127.1195,5530850.0
2023-05-02,126.9111,127.7162,125.661,126.5702,10062930.0
2023-05-03,127.1574,127.7635,126.2197,126.3997,7619115.0
2023-05-04,125.8693,125.9451,124.8654,125.3958,8218388.0
2023-05-05,126.2197,126.9585,125.803,126.5228,6419040.0
2023-05-08,126.3334,126.3713,125.661,126.2482,4151382.0
2023-05-09,125.7651,126.3618,125.3674,125.4052,5605423.0
2023-05-10,125.7651,126.0682,125.0169,125.7557,5582839.0
2023-05-11,125.5189,125.5663,124.5813,125.3674,7636756.0
2023-05-12,125.5568,125.822,124.6381,125.1969,5590720.0
2023-05-15,125.2158,125.3011,124.4392,124.9791,4725333.0
2023-05-16,124.7139,124.7612,123.9088,123.9372,6141940.0
2023-05-17,124.1456,124.2498,122.6965,124.0888,11483556.0
2023-05-18,123.8236,123.9846,122.8291,123.7857,7877541.0
2023-05-19,124.0698,125.1969,124.013,124.3634,8056811.0
2023-05-22,124.5434,125.3579,124.193,124.4866,9427595.0
2023-05-23,123.9846,124.1645,122.8481,123.1227,7604936.0
2023-05-24,122.886,122.9144,121.9957,122.2798,6527548.0
2023-05-25,121.6926,121.8536,120.1962,121.0297,11085199.0
2023-05-26,120.916,122.062,120.5561,120.7834,7502367.0
2023-05-30,120.1773,121.1054,119.7321,120.0352,10530131.0
2023-05-31,119.7037,121.2759,119.3817,121.0675,11738583.0
2023-06-01,121.1812,122.0999,120.2436,121.8631,8271978.0
2023-06-02,122.2514,123.6436,121.9673,123.4258,9057293.0
2023-06-05,123.7005,124.4297,123.511,123.8709,7226921.0
2023-06-06,124.3729,124.4108,122.2988,122.8386,7984852.0
2023-06-07,122.5924,122.9049,122.1756,122.3556,6382911.0
2023-06-08,122.3745,123.3122,121.9673,123.1417,5459822.0
2023-06-09,123.1701,123.9467,122.4977,123.5205,9025126.0
2023-06-12,123.4542,123.9941,122.9617,123.9657,5821345.0
2023-06-13,123.691,124.7802,123.5679,124.5907,7102710.0
2023-06-14,123.9562,124.0604,122.8386,123.3122,10815170.0
2023-06-15,123.3406,125.3958,123.3027,125.2253,9014481.0
2023-06-16,125.5487,126.2049,125.0827,125.2158,7495988.0
2023-06-20,124.0198,125.627,124.0008,125.0755,7265927.0
2023-06-21,124.7711,125.5224,124.191,125.0945,7877722.0
2023-06-22,125.2847,126.1311,125.123,125.9504,6617058.0
2023-06-23,125.7792,126.0455,125.1896,125.5319,6932624.0
2023-06-26,125.2181,125.4178,123.6109,124.8187,5298023.0
2023-06-27,124.8187,124.9518,123.668,124.5334,7499288.0
2023-06-28,124.5049,124.5334,123.7345,124.134,9549335.0
2023-06-29,123.8487,125.0184,123.6394,124.9423,6755279.0
2023-06-30,125.4463,126.521,125.3703,126.2262,6761327.0
2023-07-03,125.6556,125.8648,124.6475,125.1896,4296427.0
2023-07-05,124.9233,125.3988,124.638,125.123,6465361.0
2023-07-06,124.2861,124.5904,123.8106,124.1245,7003455.0
2023-07-07,123.4397,123.8772,122.6124,122.6789,7380329.0
2023-07-10,122.6884,123.8011,122.6789,123.649,6396843.0
2023-07-11,123.4778,124.0769,123.1354,123.6775,6087175.0
2023-07-12,123.9913,124.1054,123.1449,123.3446,10462262.0
2023-07-13,123.6585,123.9723,123.259,123.3922,6203508.0
2023-07-14,124.3242,125.6461,124.191,125.2466,8290562.0
2023-07-17,124.9138,125.1801,124.21,124.676,6712507.0
2023-07-18,124.7902,126.074,124.4953,125.5985,6631988.0
2023-07-19,126.2167,126.9679,125.9599,126.1786,9295430.0
2023-07-20,127.025,128.7939,126.9299,128.2708,10431466.0
2023-07-21,128.3944,129.9636,128.1757,129.5642,9533953.0
2023-07-24,129.5642,130.1443,129.1648,129.2789,10211751.0
2023-07-25,128.4135,129.7449,128.2423,129.2218,6405388.0
2023-07-26,128.6037,129.5547,128.2613,129.1362,7118571.0
2023-07-27,129.3264,129.7924,128.1567,128.1852,7503913.0
2023-07-28,128.6037,128.7844,127.8238,128.5656,5873837.0
2023-07-31,128.3374,128.3849,127.0916,127.5766,7966228.0
2023-08-01,127.2818,127.7478,126.5875,126.9109,7779171.0
2023-08-02,126.9394,127.8048,126.6541,126.9965,10146812.0
2023-08-03,126.578,126.7397,126.112,126.3593,8708992.0
2023-08-04,126.3973,127.1772,125.5985,125.9123,9558079.0
2023-08-07,126.2642,127.491,126.2262,127.3674,6899363.0
2023-08-08,128.1757,128.5086,127.472,128.3469,10723855.0
2023-08-09,128.2328,129.0031,128.1472,128.3089,8565237.0
2023-08-10,128.6227,129.84,128.0901,128.2233,8305854.0
2023-08-11,128.1852,129.1743,127.8809,129.0221,6243157.0
2023-08-14,129.0411,129.8209,128.927,129.412,7098536.0
2023-08-15,129.0887,129.4691,128.7939,128.9365,7902944.0
2023-08-16,128.7273,129.1457,127.9285,127.957,8014259.0
2023-08-17,127.5005,127.9475,126.8728,126.9394,9531725.0
2023-08-18,126.6922,127.3198,126.578,126.987,7935360.0
2023-08-21,126.9394,127.2723,126.5305,127.1201,5650812.0
2023-08-22,126.9299,127.2342,126.6066,126.6731,5698694.0
2023-08-23,127.4339,127.7192,126.6731,127.0535,5510182.0
2023-08-24,126.8063,127.8048,125.9504,125.9504,7742870.0
2023-08-25,126.3593,127.3198,125.9314,126.8728,6992937.0
2023-08-28,127.3198,127.7287,126.6922,127.1677,5697917.0
2023-08-29,127.3388,128.3089,127.1677,128.3089,8459841.0
2023-08-30,128.6227,129.0126,128.0996,128.2138,6258604.0
2023-08-31,128.2328,128.2993,126.6541,126.6826,6328153.0
2023-09-01,127.6622,127.6622,126.6922,127.025,7535312.0
2023-09-05,127.0916,127.1867,125.7126,125.7126,8021005.0
2023-09-06,125.5605,125.6841,124.4193,125.0279,9659130.0
2023-09-07,125.4083,126.1311,125.3132,125.589,8116910.0
2023-09-08,125.3227,125.9694,125.2942,125.589,7375000.0
2023-09-11,125.5319,126.7017,125.5129,126.4544,6210673.0
2023-09-12,126.074,126.6256,125.3893,126.2927,5918494.0
2023-09-13,125.9218,126.8158,125.8838,126.3118,5429760.0
2023-09-14,127.025,127.1011,126.3308,126.7112,5566434.0
2023-09-15,126.4097,127.0113,125.6171,125.7126,7155117.0
2023-09-18,125.9127,126.0368,125.0437,125.5212,5684386.0
2023-09-19,125.3111,125.8936,124.7859,125.6262,5186708.0
2023-09-20,126.18,126.5334,125.6167,125.6358,5467117.0
2023-09-21,125.397,125.6071,124.4803,124.5376,6898213.0
2023-09-22,124.3753,125.0151,124.1366,124.2798,6568204.0
2023-09-25,124.1557,124.996,123.8119,124.9578,5980648.0
2023-09-26,124.3848,124.7859,123.8024,123.8978,7111378.0
2023-09-27,124.127,124.2512,122.37,123.2772,8764734.0
2023-09-28,123.4872,124.2225,123.4872,123.8692,7746742.0
2023-09-29,124.1366,124.2512,122.7424,122.9334,11148788.0
2023-10-02,122.5419,122.7997,121.3292,122.7615,13260452.0
2023-10-03,122.1599,122.4178,121.1573,121.6729,10321028.0
2023-10-04,121.778,122.3605,121.205,122.1886,7975501.0
2023-10-05,122.4655,123.0766,121.7684,122.857,8402215.0
2023-10-06,122.5132,124.5376,122.4464,124.1461,9063732.0
2023-10-09,123.8024,124.6904,123.2963,124.5758,6957529.0
2023-10-10,124.5376,125.7312,124.1079,125.1679,6885962.0
2023-10-11,125.3206,125.5212,124.0602,124.614,8695453.0
2023-10-12,124.7095,124.9482,123.449,123.5445,9449326.0
2023-10-13,124.0029,125.0342,123.6209,124.318,10052989.0
2023-10-16,124.8145,125.97,124.7095,125.2538,9245224.0
2023-10-17,124.6522,125.7694,124.5472,125.0819,8106890.0
2023-10-18,125.2538,125.6071,123.7737,123.9933,8565338.0
2023-10-19,123.831,123.9647,122.0072,122.7711,13864780.0
2023-10-20,122.5228,123.1626,122.265,122.2841,9845973.0
2023-10-23,122.1981,122.6087,121.4056,121.5202,10942112.0
2023-10-24,121.1286,122.2745,121.1286,121.8926,7991199.0
2023-10-25,121.3387,121.7111,119.9064,120.804,9776956.0
2023-10-26,119.8109,120.7085,119.5149,119.6104,13086731.0
2023-10-27,119.2761,119.4289,117.0608,117.586,11670427.0
2023-10-30,118.1971,118.6077,117.3473,118.2449,10421243.0
2023-10-31,118.665,119.0756,117.9775,118.9228,9119716.0
2023-11-01,118.7796,119.7536,118.5695,119.1711,11801286.0
2023-11-02,119.6295,121.1668,119.3143,121.0618,10091586.0
2023-11-03,121.8926,122.4178,121.4629,121.6634,10248100.0
2023-11-06,122.179,122.666,121.6825,122.4751,7265858.0
2023-11-07,122.4273,122.857,122.1026,122.561,7201713.0
2023-11-08,123.0766,123.0766,121.6443,122.3891,8786246.0
2023-11-09,122.2745,122.4178,119.744,119.8586,12435208.0
2023-11-10,120.317,120.7467,118.9801,120.5748,9312714.0
2023-11-13,120.6989,121.5106,120.0019,121.2719,9166628.0
2023-11-14,121.969,122.9048,121.6634,122.0931,9923934.0
2023-11-15,122.179,122.6756,121.883,122.1886,7879833.0
2023-11-16,122.5514,122.9716,122.074,122.7138,6809099.0
2023-11-17,122.9716,123.1721,122.0931,122.4655,5842886.0
2023-11-20,121.9881,123.4777,121.9021,123.2103,5986824.0
2023-11-21,123.6305,124.2034,123.4777,123.9551,6705407.0
2023-11-22,124.3657,124.8432,124.1939,124.5472,5003667.0
2023-11-24,124.7954,125.2443,124.7859,125.2156,3222366.0
2023-11-27,124.9482,125.3684,124.2034,124.4326,9377885.0
2023-11-28,124.213,124.4899,123.7069,123.7928,5302638.0
2023-11-29,123.6591,124.4994,123.6018,123.831,5911004.0
2023-11-30,123.9265,125.4639,123.4968,125.3875,6386912.0
2023-12-01,125.2156,126.0177,125.1201,125.884,7493652.0
2023-12-04,125.5498,126.3615,125.5021,126.1228,6044584.0
2023-12-05,125.8649,126.161,125.1774,125.9604,5743721.0
2023-12-06,126.2373,126.4761,125.8076,126.0559,5219109.0
2023-12-07,126.075,126.3806,125.3206,125.9031,5375943.0
2023-12-08,125.9891,126.4092,125.3493,126.1132,5233397.0
2023-12-11,126.7912,127.1827,126.1705,126.944,6457913.0
2023-12-12,127.1254,127.6697,126.5238,127.4883,5779379.0
2023-12-13,127.0968,129.8755,126.7721,129.8373,7670341.0
2023-12-14,130.2766,130.3529,128.7201,129.2071,8410624.0
2023-12-15,128.6077,128.8571,127.6294,128.1089,6805982.0
2023-12-18,128.5863,128.7206,127.982,128.3178,5193061.0
2023-12-19,128.4808,129.2481,128.2794,129.181,5001967.0
2023-12-20,129.1043,129.181,127.301,127.3106,6055197.0
2023-12-21,128.078,128.9604,127.7806,128.8645,4711912.0
2023-12-22,129.181,129.91,128.9796,129.5071,4511619.0
2023-12-26,129.4016,130.1402,129.2386,129.7949,2944096.0
2023-12-27,129.651,130.4279,129.6222,130.3416,4176038.0
2023-12-28,130.5526,131.1185,130.4279,130.6773,4557044.0
2023-12-29,130.6773,131.0418,130.2745,130.8116,4830043.0
2024-01-02,130.4855,133.3726,130.4087,133.1136,8949756.0
2024-01-03,133.5548,133.833,132.7299,132.893,7744895.0
2024-01-04,133.3054,134.2838,133.0752,133.5548,9606600.0
2024-01-05,133.2479,133.996,132.8738,133.4397,7974386.0
2024-01-08,133.4781,134.6483,132.9314,134.6195,6803249.0
2024-01-09,134.4756,135.7801,134.1591,134.6003,7702721.0
2024-01-10,134.677,135.3772,134.1687,135.2142,7900055.0
2024-01-11,135.0415,135.2717,134.2838,135.1183,6244257.0
2024-01-12,134.7442,135.3964,134.3317,134.7826,6491348.0
2024-01-16,134.4468,134.6291,133.7658,133.9769,6212248.0
2024-01-17,133.7562,134.3701,133.3342,133.7083,6848691.0
2024-01-18,132.5573,133.8234,131.905,133.6891,7825392.0
2024-01-19,133.7658,134.1111,133.0273,133.7658,7547394.0
2024-01-22,133.8809,134.7058,133.5452,134.3509,6434770.0
2024-01-23,134.1783,134.3413,133.2863,134.255,5522896.0
2024-01-24,134.6099,134.936,133.0081,133.0273,8058000.0
2024-01-25,132.5573,132.8546,131.6077,132.8259,8770331.0
2024-01-26,133.7467,133.8618,133.2479,133.5836,5013086.0
2024-01-29,133.7083,134.5332,133.622,134.5236,5278659.0
2024-01-30,134.7442,135.0703,134.092,134.8305,4942646.0
2024-01-31,135.8568,135.9623,134.6195,134.6483,8851647.0
2024-02-01,134.6195,136.394,134.1591,136.394,7109896.0
2024-02-02,136.346,136.8256,135.5019,136.1925,8861062.0
2024-02-05,136.8448,137.4586,135.9911,136.6146,8396156.0
2024-02-06,137.6793,138.2068,136.9886,138.1013,8730475.0
2024-02-07,138.4466,139.1084,138.1876,138.4754,6787951.0
2024-02-08,138.3411,138.3411,137.6025,138.2356,5749656.0
2024-02-09,138.178,138.3986,137.6793,138.1301,6585885.0
2024-02-12,137.9478,138.3507,137.2956,138.3123,5598777.0
2024-02-13,137.6121,138.5713,136.346,137.027,9368336.0
2024-02-14,137.497,138.2643,137.2284,138.2164,8297030.0
2024-02-15,138.3123,139.4921,138.1109,139.2235,7866357.0
2024-02-16,139.4058,140.6239,138.907,139.6743,7244287.0
2024-02-20,139.7798,140.2211,138.8494,139.2043,7755525.0
2024-02-21,138.7535,139.5496,138.3507,139.5113,6121906.0
2024-02-22,139.6935,141.42,139.3962,141.1514,7066187.0
2024-02-23,141.631,142.2257,141.3241,141.8229,7730936.0
2024-02-26,141.7365,142.0627,140.9596,141.0939,5629895.0
2024-02-27,140.4033,141.1802,140.0676,140.7486,6288122.0
2024-02-28,140.1539,140.3074,139.3866,140.0484,6907366.0
2024-02-29,140.0388,140.269,138.8111,138.907,8087190.0
2024-03-01,139.2235,140.4608,138.6096,140.3649,7252754.0
2024-03-04,139.9621,140.691,139.8182,140.1539,9264679.0
2024-03-05,140.2019,140.4321,138.648,139.1084,7655217.0
2024-03-06,139.3674,140.5759,139.3674,140.058,6768249.0
2024-03-07,140.4033,141.0459,140.2019,140.7102,5393726.0
2024-03-08,140.5759,141.2378,140.2019,140.4513,6606528.0
2024-03-11,140.1347,140.6239,139.3578,140.3745,6659645.0
2024-03-12,140.4704,141.3721,140.0004,141.0268,6083662.0
2024-03-13,141.5639,141.6694,139.9333,140.48,6537524.0
2024-03-14,140.5664,140.6719,139.1947,139.9813,7909990.0
2024-03-15,139.0976,139.7137,138.9244,139.4249,8128844.0
2024-03-18,139.9957,140.1305,139.3122,139.4085,5226100.0
2024-03-19,139.524,140.4192,139.1197,140.3326,4308553.0
2024-03-20,139.9957,140.0631,139.2256,140.0149,6805554.0
2024-03-21,140.3037,140.708,139.909,140.1978,6848726.0
2024-03-22,140.4,140.7562,139.832,140.0053,4443831.0
2024-03-25,140.2652,140.4096,139.5914,139.8128,4369857.0
2024-03-26,140.0342,140.4866,139.7165,140.323,5142575.0
2024-03-27,141.5166,142.1905,141.1412,142.1905,7258650.0
2024-03-28,142.3926,142.7007,142.152,142.2097,6251097.0
2024-04-01,142.1231,142.2097,140.477,140.9968,6010307.0
2024-04-02,139.0908,139.2448,138.0704,138.802,8743093.0
2024-04-03,139.0427,139.6684,138.3111,138.648,7165660.0
2024-04-04,139.5144,139.601,136.5687,136.6457,10386024.0
2024-04-05,136.4339,138.3207,136.3184,137.8683,7143122.0
2024-04-08,137.7624,137.7624,137.2137,137.4255,7791662.0
2024-04-09,137.7239,138.003,136.9634,137.9164,8814608.0
2024-04-10,136.5398,136.9249,135.8275,136.2992,10773513.0
2024-04-11,136.7131,136.742,135.3365,135.7408,6102316.0
2024-04-12,135.0381,135.0478,133.2861,133.7193,11432349.0
2024-04-15,134.8841,135.375,133.238,133.4498,8782353.0
2024-04-16,134.6049,134.6049,133.4017,133.4979,8347060.0
2024-04-17,134.2776,134.4028,133.0455,133.2669,6848081.0
2024-04-18,133.3535,134.0466,133.0455,133.2573,6517439.0
2024-04-19,133.9504,134.1333,133.2669,133.7578,8036641.0
2024-04-22,134.1718,135.3365,133.7386,134.268,6215165.0
2024-04-23,135.5579,136.2703,134.9419,136.02,6328259.0
2024-04-24,135.7216,135.8756,134.9707,135.5965,6042681.0
2024-04-25,135.5098,135.7312,133.9985,134.6916,7510802.0
2024-04-26,134.191,135.0863,134.0947,134.7301,4958444.0
2024-04-29,134.8937,135.5676,134.5087,135.1825,4866123.0
2024-04-30,135.635,135.9237,134.99,135.0863,6560642.0
2024-05-01,134.4894,136.5398,134.3354,135.3269,8533822.0
2024-05-02,136.0585,136.1548,134.4991,135.2307,6638227.0
2024-05-03,135.8179,135.9526,134.8649,135.5676,6894619.0
2024-05-06,135.712,136.1548,135.3847,136.1163,4292589.0
2024-05-07,136.4243,137.3677,136.4051,137.2426,6011921.0
2024-05-08,137.5217,137.541,136.5976,136.7709,4370031.0
2024-05-09,136.9345,138.0223,136.9153,137.9453,5323999.0
2024-05-10,138.1282,138.7058,138.0319,138.2244,4884062.0
2024-05-13,138.5036,138.6287,137.8394,138.0897,3958110.0
2024-05-14,138.2822,138.7443,137.7624,138.6769,5267052.0
2024-05-15,139.293,140.8909,139.2352,140.7369,6896402.0
2024-05-16,140.4385,140.9679,140.1786,140.5733,4887636.0
2024-05-17,140.5444,140.8717,140.0053,140.8428,5636461.0
2024-05-20,140.6984,140.8909,140.246,140.5444,2815948.0
2024-05-21,140.7947,141.3915,140.4289,140.785,3205160.0
2024-05-22,140.4096,141.4589,140.323,141.0353,5834496.0
2024-05-23,140.8043,140.8235,139.3892,139.4951,4085042.0
2024-05-24,139.678,139.8994,138.9368,139.0234,3197084.0
2024-05-28,138.7154,138.7154,136.7612,137.3388,6302082.0
2024-05-29,136.1644,136.4339,135.6831,136.2703,5392888.0
2024-05-30,135.7216,136.8286,135.4136,136.3377,5519294.0
2024-05-31,136.7709,138.4073,136.6072,138.3303,6556328.0
2024-06-03,138.2341,139.7165,137.9934,139.3026,7628579.0
2024-06-04,139.1774,140.0919,138.6576,139.7069,4905514.0
2024-06-05,139.8705,140.4963,139.0908,140.3422,4386245.0
2024-06-06,140.2363,141.1027,139.755,140.8043,4383227.0
2024-06-07,140.6695,141.661,140.5059,140.9583,4259522.0
2024-06-10,140.7369,141.5166,140.2267,141.4781,4526181.0
2024-06-11,141.3723,141.3723,140.2845,140.8909,3713759.0
2024-06-12,141.4974,141.5455,140.2267,140.5925,5222251.0
2024-06-13,140.0727,140.708,139.1774,140.477,3624090.0
2024-06-14,140.1882,140.4674,139.601,140.4289,3191536.0
2024-06-17,139.832,140.5059,139.5432,140.2845,3599498.0
2024-06-18,140.4385,140.9294,140.1593,140.4674,3623891.0
2024-06-20,140.0342,141.1123,139.8417,140.9294,5347895.0
2024-06-21,141.1115,141.6237,140.7636,141.3241,5602309.0
2024-06-24,141.8967,142.6505,141.5295,142.148,4466953.0
2024-06-25,142.3123,142.5152,141.3555,141.7034,3725022.0
2024-06-26,141.4522,141.7034,140.8723,141.2009,3769393.0
2024-06-27,141.3072,141.3652,140.1572,140.969,3379712.0
2024-06-28,141.4908,142.0803,140.2248,140.853,5642844.0
2024-07-01,141.1333,142.5345,139.79,140.0605,5202793.0
2024-07-02,139.558,139.761,138.7656,139.5484,5150192.0
2024-07-03,139.7996,139.8093,137.9345,138.4853,6147043.0
2024-07-05,138.7849,139.6353,138.0794,139.558,3763842.0
2024-07-08,139.7126,140.0992,139.0458,139.4034,3021668.0
2024-07-09,139.703,140.1572,138.8719,140.0799,5917836.0
2024-07-10,140.2345,141.4232,139.9253,141.4038,3995524.0
2024-07-11,141.4135,142.7761,141.2396,142.3992,6183808.0
2024-07-12,142.8824,143.8875,142.7761,143.2883,5588663.0
2024-07-15,143.8392,143.9745,142.5732,142.7858,4582506.0
2024-07-16,143.6459,144.8539,143.327,144.8249,5518580.0
2024-07-17,143.8295,146.2455,143.6459,145.4821,6783823.0
2024-07-18,144.5543,145.5014,141.9257,142.177,7430481.0
2024-07-19,142.8921,143.5879,142.3316,142.9018,4812295.0
2024-07-22,143.6266,143.9841,142.9114,143.7232,3750508.0
2024-07-23,144.3127,144.3997,143.4719,143.6362,2817441.0
2024-07-24,143.7135,145.0182,143.2303,144.8346,5584748.0
2024-07-25,144.3997,146.4388,143.9551,144.1098,8810915.0
2024-07-26,144.0904,145.859,144.0035,144.9215,4541294.0
2024-07-29,144.9409,145.5014,144.2451,145.0085,6726891.0
2024-07-30,145.0085,146.0329,144.1001,145.1342,5734441.0
2024-07-31,145.0762,145.598,144.0421,144.6026,6676783.0
2024-08-01,145.3468,146.2455,144.4673,146.0812,8186989.0
2024-08-02,146.3035,146.6707,143.6266,145.7913,11864374.0
2024-08-05,143.5106,143.7909,141.2782,141.8967,13344102.0
2024-08-06,142.4669,144.361,142.0127,142.5539,9244481.0
2024-08-07,142.4572,143.1434,140.6501,141.1043,9452139.0
2024-08-08,143.3077,144.3514,142.6602,144.2257,9543249.0
2024-08-09,144.477,145.3081,144.1678,144.9409,6839983.0
2024-08-12,145.2888,145.2888,143.9745,144.39,3720967.0
2024-08-13,144.9602,146.2842,144.7959,146.1392,3813247.0
2024-08-14,145.9556,146.8737,145.6077,146.6611,3662298.0
2024-08-15,147.3376,147.8111,146.6514,147.5792,4489700.0
2024-08-16,147.5308,147.9754,147.1153,147.7338,3592555.0
2024-08-19,147.7434,148.7678,147.6565,148.6325,3110440.0
2024-08-20,149.0288,149.9952,148.8741,149.2317,3865579.0
2024-08-21,149.5409,149.8695,148.9514,149.483,4161764.0
2024-08-22,149.9855,150.1305,148.8065,149.5796,3984726.0
2024-08-23,149.9758,150.3334,149.4443,150.2271,3111241.0
2024-08-26,150.3721,150.8359,150.0048,150.1498,2494203.0
2024-08-27,150.2947,150.7973,149.8502,150.3817,2757152.0
2024-08-28,150.2851,151.1838,149.8502,150.5557,3431942.0
2024-08-29,151.1548,151.5607,150.2368,150.8746,3448040.0
2024-08-30,150.9809,151.9956,150.3237,151.9183,3517387.0
2024-09-03,151.609,152.5368,151.2128,151.6284,5899521.0
2024-09-04,151.4254,152.0343,150.6233,151.3674,6331436.0
2024-09-05,151.2032,151.2901,148.5649,149.2897,5869168.0
2024-09-06,149.8115,150.43,148.4682,148.7775,6215365.0
2024-09-09,149.1544,150.2947,148.5842,149.8212,4740097.0
2024-09-10,150.0241,150.6137,149.4636,150.5073,6304911.0
2024-09-11,149.9662,150.2368,147.7144,150.0628,5306139.0
2024-09-12,150.0241,150.7393,148.6229,150.604,3701134.0
2024-09-13,150.6716,151.3771,150.4687,150.9132,3625482.0
2024-09-16,151.7057,152.2952,151.4061,151.9569,3649104.0
2024-09-17,151.7733,151.812,149.8599,150.3914,5107149.0
2024-09-18,150.2657,151.7057,149.5603,150.1401,5480633.0
2024-09-19,151.4931,151.4931,150.2851,150.6813,4853278.0
2024-09-20,150.1889,150.7418,149.6845,150.0628,5130109.0
2024-09-23,150.5354,150.5548,149.4975,149.7691,4585140.0
2024-09-24,149.7012,149.7594,148.7603,149.4684,3715808.0
2024-09-25,149.9243,150.1377,147.9455,148.0134,3904320.0
2024-09-26,147.9164,148.6924,147.6642,148.5081,3989906.0
2024-09-27,148.7021,149.5751,148.4208,148.4305,4621605.0
2024-09-30,148.2268,149.4393,148.0037,149.4005,5798616.0
2024-10-01,149.5169,149.7303,148.0522,148.6148,8461488.0
2024-10-02,148.4305,148.7797,147.315,148.3141,5607318.0
2024-10-03,147.9455,148.0813,146.7039,146.9755,4191151.0
2024-10-04,147.1986,147.4605,146.3547,147.0919,4187886.0
2024-10-07,147.1016,147.5478,146.1607,146.442,4567402.0
2024-10-08,146.83,147.4702,146.7039,147.2374,3706828.0
2024-10-09,147.3732,148.8573,147.024,148.7409,6417638.0
2024-10-10,148.7409,148.8573,147.8194,148.188,3448620.0
2024-10-11,148.6536,149.449,148.4402,149.2744,6515333.0
2024-10-14,149.4393,150.3705,148.9252,150.0989,3640437.0
2024-10-15,148.1395,149.9534,147.9358,148.2656,7159215.0
2024-10-16,148.0716,149.0028,147.6739,148.6827,3658952.0
2024-10-17,148.188,148.4305,147.7224,147.8194,4381493.0
2024-10-18,147.9261,148.8961,147.4993,148.5372,7568974.0
2024-10-21,148.1492,148.5469,146.6457,146.7912,3578729.0
2024-10-22,146.0152,146.8494,145.8891,146.5778,4283933.0
2024-10-23,146.1801,146.4032,145.1131,145.8891,4080015.0
2024-10-24,145.8891,146.4808,144.8899,144.9287,3053482.0
2024-10-25,145.4235,145.5011,143.9684,144.1333,4126322.0
2024-10-28,144.5407,145.0064,144.1624,144.3467,4080037.0
2024-10-29,144.2497,144.8414,143.8811,143.949,5793017.0
2024-10-30,141.7568,143.7259,141.2524,143.6774,7383558.0
2024-10-31,142.8238,143.4931,142.4358,142.4649,5002559.0
2024-11-01,143.0178,144.0169,143.0081,143.3088,5308476.0
2024-11-04,142.9596,143.6483,142.0866,142.3679,4626805.0
2024-11-05,141.8635,143.4446,141.5628,143.4155,3674205.0
2024-11-06,146.151,146.3838,142.9305,143.5998,7581828.0
2024-11-07,144.4631,144.8123,143.7647,144.6377,6919713.0
2024-11-08,144.8317,146.4226,144.6668,145.6757,6587735.0
2024-11-11,145.3556,146.0831,144.6086,144.822,4635280.0
2024-11-12,144.5892,144.8317,142.7656,142.8044,5551004.0
2024-11-13,142.7462,143.173,142.2709,142.4261,4894541.0
2024-11-14,142.1836,142.1933,140.0302,140.1854,6083177.0
2024-11-15,139.4094,139.5355,137.3239,137.5858,10312812.0
2024-11-18,137.2269,137.8283,137.0717,137.6828,6413903.0
2024-11-19,136.4315,137.3627,136.0532,136.9747,5008245.0
2024-11-20,137.2657,138.7886,137.0426,138.5946,6766617.0
2024-11-21,138.5946,139.9041,137.8768,139.7101,6455907.0
2024-11-22,140.0011,140.6704,139.6131,139.8362,4925814.0
2024-11-25,140.4667,141.4755,140.4473,141.0293,4866643.0
2024-11-26,141.4561,141.9411,140.3503,141.7859,4741118.0
2024-11-27,141.9217,143.3282,141.9217,142.5425,4327020.0
2024-11-29,142.5328,143.3573,142.3097,142.9887,2865011.0
2024-12-02,142.9014,142.9596,141.9993,142.7365,4811059.0
2024-12-03,142.7268,143.0081,142.3388,142.4164,3306762.0
2024-12-04,142.6686,143.1536,141.9702,142.3388,4273540.0
2024-12-05,141.7083,141.8635,140.4861,140.748,6831428.0
2024-12-06,140.9323,141.0972,139.778,139.9526,4874747.0
2024-12-09,140.0884,140.7383,139.6034,140.36,4795444.0
2024-12-10,140.6413,140.748,139.3027,139.778,5676467.0
2024-12-11,139.2154,139.3318,137.838,137.8768,5257601.0
2024-12-12,137.9059,138.2648,136.6837,136.7807,4623587.0
2024-12-13,136.6061,137.2075,135.9174,136.7613,5413360.0
2024-12-16,136.6546,137.4015,135.025,135.1317,7615025.0
2024-12-17,134.54,136.0338,134.443,135.0347,7733304.0
2024-12-18,134.9474,135.8398,133.1044,133.2014,10760238.0
2024-12-19,132.9492,133.667,131.8628,132.1926,9369263.0
2024-12-20,133.364,135.1277,132.9353,133.861,9254676.0
2024-12-23,134.077,135.3924,133.4826,135.1975,5183766.0
2024-12-24,135.0806,135.7627,134.5057,135.753,2441444.0
2024-12-26,135.2755,136.1427,135.1293,136.0258,3688975.0
2024-12-27,135.2755,136.2304,134.8175,135.3924,4498130.0
2024-12-30,134.6129,134.6129,133.2293,133.7262,5081536.0
2024-12-31,134.0575,134.5837,133.278,134.0478,4865102.0
2025-01-02,134.7201,135.217,133.6093,134.0867,6630041.0
2025-01-03,134.3596,135.7822,134.2134,135.4022,6021542.0
2025-01-06,135.3437,136.4545,135.0124,135.4606,6058810.0
2025-01-07,135.7919,137.3217,135.7919,136.133,9606438.0
2025-01-08,136.3863,137.0392,135.1391,136.8345,6482924.0
2025-01-10,136.3668,137.3412,135.7822,136.0648,8574234.0
2025-01-13,136.2109,138.1889,136.094,137.8382,7392714.0
2025-01-14,137.653,137.653,135.3242,136.4155,8115747.0
2025-01-15,136.7956,137.6238,136.1914,136.971,9609066.0
2025-01-16,136.5422,137.7212,136.0063,137.5166,7181044.0
2025-01-17,137.3315,137.7797,136.5909,136.5909,6160978.0
2025-01-21,137.312,138.8613,137.2925,138.8515,6018478.0
2025-01-22,138.1695,138.9782,137.5166,138.5397,6408481.0
2025-01-23,139.0464,140.4106,138.2377,140.3911,6729124.0
2025-01-24,139.787,140.9075,139.6018,140.6152,6115148.0
2025-01-27,141.385,143.8015,141.2583,143.7722,9670405.0
2025-01-28,143.7625,143.9574,142.7296,142.7686,8193839.0
2025-01-29,142.3496,142.8271,141.5798,141.9306,6934897.0
2025-01-30,142.5055,143.9671,142.4958,143.5676,6643487.0
2025-01-31,143.8015,144.7856,143.0512,143.1097,7616589.0
2025-02-03,142.2424,144.3666,142.2035,143.6651,10696602.0
2025-02-04,142.0865,143.4312,141.8624,143.2753,9415234.0
2025-02-05,143.6261,144.9123,143.3338,144.6492,7163967.0
2025-02-06,144.3569,144.6589,143.1389,143.3533,9416873.0
2025-02-07,143.5579,144.1328,142.5737,142.6809,9705807.0
2025-02-10,142.8466,142.8953,141.7358,142.5542,6103619.0
2025-02-11,142.145,142.5737,141.7163,142.2912,5565139.0
2025-02-12,141.9501,142.8563,141.6481,142.0865,6137187.0
2025-02-13,142.3691,142.9537,141.4434,142.6419,4816495.0
2025-02-14,142.7491,142.944,141.0926,141.0926,4222313.0
2025-02-18,140.2352,141.1803,140.1572,140.8198,4950174.0
2025-02-19,140.8296,142.6907,140.8003,142.6517,5016774.0
2025-02-20,142.4471,143.5286,142.3594,143.4507,5108654.0
2025-02-21,141.7552,143.3727,141.6188,142.6809,7102718.0
2025-02-24,142.8368,144.4251,142.525,143.8404,6361617.0
2025-02-25,144.1133,145.2728,143.6358,145.0779,9438434.0
2025-02-26,144.5128,145.1364,143.5676,144.0353,5124091.0
2025-02-27,143.7722,145.0974,143.3922,143.4507,5951691.0
2025-02-28,143.6845,145.341,142.7394,145.1169,5973393.0
2025-03-03,145.2046,146.4713,145.1461,145.7503,7742342.0
2025-03-04,145.9549,146.2277,144.1717,144.3959,8537693.0
2025-03-05,143.743,146.0718,143.4702,145.8477,6375280.0
2025-03-06,145.1851,145.6528,144.1425,145.4482,5568828.0
2025-03-07,144.8538,146.4421,144.6395,145.4579,6621319.0
2025-03-10,144.3276,146.0718,143.5676,143.8892,11591954.0
2025-03-11,143.8989,144.1035,141.5701,142.3204,7789985.0
2025-03-12,141.9988,142.2522,140.4301,140.8978,5974806.0
2025-03-13,140.9562,141.3557,139.8162,140.1475,6575007.0
2025-03-14,140.0208,141.4337,139.7382,141.2193,5142098.0
2025-03-17,141.0147,143.3435,141.0147,143.0122,4603670.0
2025-03-18,143.0609,143.2948,142.3009,143.0804,4322959.0
2025-03-19,143.1876,143.5384,142.1645,143.1584,5070662.0
2025-03-20,143.1779,143.8599,142.7589,143.2461,5929787.0
2025-03-21,142.827,143.1009,141.9956,142.8466,5813202.0
2025-03-24,143.2227,144.1715,142.9194,143.9367,5269275.0
2025-03-25,144.2791,144.3671,141.1979,142.0978,5196449.0
2025-03-26,142.2054,142.7923,141.237,141.5794,5808805.0
2025-03-27,141.3642,142.2445,141.3055,141.8043,5050110.0
2025-03-28,141.687,142.0684,141.2957,141.3642,5111258.0
2025-03-31,140.6501,143.4183,140.3469,142.8216,6556833.0
2025-04-01,142.3032,142.3032,139.7698,140.2099,7863605.0
2025-04-02,139.7111,141.2468,139.085,141.149,5193487.0
2025-04-03,140.6208,142.0195,139.9263,140.0045,9130368.0
2025-04-04,138.058,138.6155,132.2672,132.3259,17844250.0
2025-04-07,128.8339,134.3703,126.8287,131.5336,23616257.0
2025-04-08,136.3853,136.3951,128.4133,130.0762,16737051.0
2025-04-09,127.2395,136.1995,126.8482,135.7299,34211534.0
2025-04-10,134.6931,134.7322,128.4622,131.9444,18252867.0
2025-04-11,132.1988,134.7518,130.7315,133.8812,8679336.0
2025-04-14,135.1919,136.0038,133.9692,135.5147,5990761.0
2025-04-15,135.9647,136.0136,134.292,134.6833,4943689.0
2025-04-16,135.1039,135.593,132.6781,133.3139,6634834.0
2025-04-17,132.3846,133.5878,132.1499,132.5313,6757775.0
2025-04-21,132.2379,132.4042,128.6872,129.6751,4891633.0
2025-04-22,130.7217,132.3259,130.2229,132.1107,5880554.0
2025-04-23,133.5584,134.9181,132.1792,132.7661,7367575.0
2025-04-24,132.9813,134.5366,132.1694,134.3899,4090553.0
2025-04-25,134.5855,135.1822,132.9128,135.0354,4874257.0
2025-04-28,135.2213,136.0038,134.3996,135.5734,4406921.0
2025-04-29,135.3974,136.9135,134.7224,136.2386,6300622.0
2025-04-30,136.8744,137.7254,135.2409,137.4026,5507634.0
2025-05-01,135.7788,136.0723,133.4899,133.6562,7636173.0
2025-05-02,135.7593,135.9745,134.5464,135.505,7887701.0
2025-05-05,135.3289,135.6517,134.5757,135.1235,4046957.0
2025-05-06,134.1355,134.1942,131.0445,131.3967,8670526.0
2025-05-07,131.8075,132.7857,131.4651,132.4042,4885727.0
2025-05-08,131.4749,132.3748,130.7609,131.2108,8626049.0
2025-05-09,131.3771,131.8271,129.724,129.7827,5531218.0
2025-05-12,129.9783,133.1574,129.7436,132.9911,12290076.0
2025-05-13,131.0152,131.0152,128.9513,128.9904,14516123.0
2025-05-14,129.3914,129.6555,125.8701,125.9581,16350798.0
2025-05-15,125.6646,127.6894,124.5691,127.6112,15292576.0
2025-05-16,127.8459,130.2327,127.4645,130.1838,10465806.0
2025-05-19,130.1153,131.5043,129.7436,131.4358,9494756.0
2025-05-20,131.4651,132.1401,131.2499,131.7586,8853473.0
2025-05-21,130.6435,131.2108,128.648,128.7067,13096534.0
2025-05-22,127.7775,128.3741,127.1417,127.6992,10447928.0
2025-05-23,127.0928,127.7481,126.7113,127.4938,7599429.0
2025-05-27,128.56,129.499,128.2959,129.2741,9143799.0
2025-05-28,129.2252,129.6849,128.2666,128.6089,8652084.0
2025-05-29,128.8045,129.861,128.4133,129.4697,8841614.0
2025-05-30,129.186,130.4283,128.022,129.7436,9395701.0
2025-06-02,129.3425,129.8805,128.247,129.8218,9390673.0
2025-06-03,129.2838,130.6044,128.8437,130.1251,12003349.0
2025-06-04,130.5163,131.3967,130.3794,130.3794,7935138.0
2025-06-05,130.7022,130.9858,129.6751,130.2033,10946465.0
2025-06-06,130.888,131.8955,130.8685,131.4456,7623079.0
2025-06-09,131.4162,131.8662,130.4772,131.2206,8369964.0
2025-06-10,131.338,133.1182,131.3184,132.7172,9827380.0
2025-06-11,132.7465,133.5878,132.3846,132.7857,11815067.0
2025-06-12,132.7954,133.8519,132.5216,133.8225,8486842.0
2025-06-13,133.0889,134.3312,132.7172,133.1574,11488916.0
2025-06-16,133.441,133.8421,132.1303,132.7465,11637041.0
2025-06-17,132.1499,132.4531,130.3794,130.5555,10942841.0
2025-06-18,130.5652,131.1913,129.5969,130.3305,9889429.0
2025-06-20,130.7856,130.8839,129.5177,129.7045,10873865.0
2025-06-23,129.7933,130.4616,128.7318,129.8916,12021884.0
2025-06-24,130.2356,131.7786,129.7343,131.4838,9283749.0
2025-06-25,131.2282,131.9949,130.4911,131.6017,10187591.0
2025-06-26,131.8769,132.8401,131.4445,131.9162,11416877.0
2025-06-27,132.0145,132.8106,131.4052,131.6312,10977221.0
2025-06-30,131.6017,132.6337,131.5034,132.4764,10424525.0
2025-07-01,132.27,135.3955,132.1521,134.3635,17815538.0
2025-07-02,133.6952,133.9507,132.9187,133.0367,11177956.0
2025-07-03,133.2234,133.5674,132.8401,133.1743,5515151.0
2025-07-07,133.1251,133.1251,131.356,132.0538,11569439.0
2025-07-08,131.9555,133.8819,131.7098,132.6534,16163675.0
2025-07-09,132.9285,133.587,132.1128,133.1644,11424004.0
2025-07-10,133.1841,135.2677,132.6828,133.9802,14393240.0
2025-07-11,133.4396,133.5477,132.044,132.8696,10552032.0
2025-07-14,132.3388,132.9875,132.0931,132.7123,8564330.0
2025-07-15,132.9089,133.1546,130.1963,130.324,13926357.0
2025-07-16,130.8548,132.1128,130.7172,131.9457,11469873.0
2025-07-17,131.012,131.3855,130.0095,130.442,13044387.0
2025-07-18,130.786,130.953,129.4002,129.5771,11046500.0
2025-07-21,129.6459,130.0488,128.7712,128.8399,7405528.0
2025-07-22,129.0562,131.5133,129.0562,131.2381,13615679.0
2025-07-23,132.9384,133.9802,132.4863,133.931,13777358.0
2025-07-24,133.7934,134.5797,133.2136,133.4298,8820592.0
2025-07-25,133.9114,134.3537,133.4101,134.1374,7629046.0
2025-07-28,133.8033,134.049,132.614,132.9679,7499100.0
2025-07-29,131.6017,132.7811,130.6582,132.1226,12719928.0
2025-07-30,132.5649,132.8696,131.3462,131.8867,9019908.0
2025-07-31,130.6385,131.5034,127.7392,128.1913,22496111.0
2025-08-01,128.4468,129.1446,127.6311,128.8793,17545522.0
2025-08-04,129.1348,130.786,129.1053,130.727,9386821.0
2025-08-05,130.1766,130.668,129.7736,130.2257,12146723.0
2025-08-06,129.6754,129.7835,128.1127,128.2699,11835916.0
2025-08-07,127.5426,128.0045,125.7637,126.7957,20908935.0
2025-08-08,127.0119,128.2011,127.002,127.9259,11626416.0
2025-08-11,128.0537,129.066,127.9063,128.0537,12536104.0
2025-08-12,128.1028,128.9775,127.8964,128.9382,13306231.0
2025-08-13,129.5574,131.0808,129.3903,131.0022,12705041.0
2025-08-14,130.7761,131.7983,130.1275,131.6607,12987575.0
2025-08-15,133.1546,134.2554,132.8597,133.8721,11550020.0
2025-08-18,134.1964,134.8352,133.4789,133.5576,10817064.0
2025-08-19,133.5379,134.8647,133.4494,134.4126,11686698.0
2025-08-20,134.6583,135.8377,134.6485,135.1399,12673434.0
2025-08-21,134.8549,136.0834,134.5895,134.6878,11012845.0
2025-08-22,135.4348,136.6338,135.4348,135.7984,9924959.0
2025-08-25,135.7689,135.8869,133.764,133.8622,8697085.0
2025-08-26,134.2455,134.8156,133.9998,134.6977,9568339.0
2025-08-27,134.6387,135.3463,134.3831,134.619,6897532.0
2025-08-28,134.3143,134.5011,133.4298,134.0883,7647653.0
2025-08-29,134.1866,135.1104,134.0293,135.0711,7954854.0
2025-09-02,134.5404,135.3758,134.1178,135.1989,10442918.0
2025-09-03,134.7566,135.3955,133.9016,134.5601,11209566.0
2025-09-04,134.4519,135.1104,133.7443,135.0711,9799597.0
2025-09-05,134.9237,136.0048,134.6977,135.5331,12849315.0
2025-09-08,135.1006,135.5036,134.0293,135.4839,12928876.0
2025-09-09,135.6903,136.5847,135.3562,136.2112,10347366.0
2025-09-10,136.1326,136.1326,134.4519,134.9728,11686578.0
2025-09-11,135.6707,137.597,135.5232,137.3218,14389715.0
2025-09-12,136.8402,137.4103,135.7296,135.7395,9859790.0
2025-09-15,135.8869,136.1621,134.3143,134.5797,9522536.0
2025-09-16,134.3143,135.0318,134.1866,134.5797,10870410.0
2025-09-17,134.7763,135.9164,134.4913,134.8451,9253398.0
2025-09-18,134.8451,135.5724,134.5404,135.1104,9950307.0
2025-09-19,135.4568,135.5358,134.8249,134.9335,8662533.0
2025-09-22,134.4645,135.5209,134.1584,134.8989,7110528.0
2025-09-23,134.346,135.6098,134.346,135.2049,7667624.0
2025-09-24,135.0865,135.3234,134.4348,134.6619,5485787.0
2025-09-25,134.4052,134.4546,132.0257,132.4306,10969240.0
2025-09-26,133.4376,133.9017,132.9341,133.7832,8027734.0
2025-09-29,133.9609,134.2472,133.0229,134.1781,6268126.0
2025-09-30,134.0399,137.7325,133.951,137.4067,16496473.0
2025-10-01,138.1176,141.9089,137.8312,141.6522,20285884.0
2025-10-02,140.3489,141.7509,140.3391,141.3758,12977481.0
2025-10-03,141.7509,144.2884,141.7411,142.9851,13095533.0
2025-10-06,143.0641,143.2221,142.1459,142.294,10264494.0
2025-10-07,142.294,142.8271,141.4646,142.4026,10150287.0
2025-10-08,142.758,143.1332,142.1952,142.679,5845598.0
2025-10-09,142.9456,143.4097,142.1261,142.3631,5709722.0
2025-10-10,142.7778,142.9061,140.1416,140.3094,8766915.0
2025-10-13,139.9343,141.1289,139.8355,140.1515,5606699.0
2025-10-14,139.8059,141.0499,139.2629,140.5365,6741110.0
2025-10-15,140.2206,141.435,139.5689,140.7537,4734166.0
2025-10-16,141.0401,141.8201,140.1613,140.5168,7644579.0
2025-10-17,139.7862,141.6028,139.5887,141.4547,5247134.0
2025-10-20,141.899,143.153,141.7411,142.9555,4588431.0
2025-10-21,143.2122,143.7848,142.5112,143.2912,5807048.0
2025-10-22,144.3575,144.8709,143.6861,144.1107,9483355.0
2025-10-23,143.6762,144.6537,143.5281,144.1896,5309714.0
2025-10-24,144.4365,144.9005,144.0317,144.1798,4914084.0
2025-10-27,144.239,144.5945,143.38,144.5155,4353086.0
2025-10-28,144.5747,144.6833,143.3504,143.6071,6199445.0
2025-10-29,143.38,143.6071,141.7411,142.1557,8902508.0
2025-10-30,142.136,143.6071,141.9484,142.4717,6945179.0
2025-10-31,141.2079,142.6593,140.892,142.4223,7658476.0
2025-11-03,142.2446,142.7284,141.0104,142.6198,8010977.0
2025-11-04,141.9484,143.6466,141.672,143.2616,10075086.0
2025-11-05,142.7975,144.4069,142.5507,143.8145,9638704.0
2025-11-06,143.3011,144.2588,143.1036,144.0909,9822385.0
2025-11-07,143.9922,144.2983,142.8864,144.2884,11238682.0
2025-11-10,143.9428,145.562,143.8737,145.4139,10011351.0
2025-11-11,145.7299,148.9091,145.7299,148.7709,9544405.0
2025-11-12,149.0769,151.2194,148.8104,150.8837,13970568.0
2025-11-13,150.005,152.5622,149.9359,150.8048,17168465.0
2025-11-14,150.2913,150.9825,149.2744,149.9063,11471792.0
2025-11-17,149.4225,151.3774,149.225,149.7779,14252498.0
2025-11-18,149.8273,151.1898,149.2349,150.6567,19844348.0
2025-11-19,150.5481,150.9924,149.6496,150.4,13807321.0
2025-11-20,150.5579,151.3972,149.2053,149.5015,20439654.0
2025-11-21,149.7779,153.7371,149.7779,152.6511,20825377.0
2025-11-24,153.1744,154.1814,152.5227,153.2928,14005336.0
2025-11-25,153.7964,156.8768,153.7964,156.7584,13691231.0
2025-11-26,156.1561,156.9361,156.1462,156.4128,9187594.0
2025-11-28,156.1956,156.2449,155.1688,155.6525,6726039.0
2025-12-01,155.2576,155.8599,153.204,153.3225,12973963.0
2025-12-02,153.283,153.5002,152.1771,152.4042,12353256.0
2025-12-03,152.7103,153.8062,152.7004,153.1151,9245076.0
2025-12-04,153.0361,153.0657,151.4268,151.9501,9409841.0
2025-12-05,152.4931,152.6708,151.022,151.3182,6107790.0
2025-12-08,151.407,151.4761,149.2744,149.5114,7449459.0
2025-12-09,150.0741,150.7455,147.9514,148.06,8354146.0
2025-12-10,148.4747,150.2519,147.9711,150.2124,10956538.0
2025-12-11,150.8245,152.345,150.3308,151.6341,10197264.0
2025-12-12,151.802,152.6017,151.4663,152.108,9339807.0
2025-12-15,152.7004,154.3295,152.4832,154.1222,10784691.0
2025-12-16,154.1222,154.1419,151.1503,152.1179,8442946.0
2025-12-17,152.2759,152.8189,151.723,151.8415,6129447.0
2025-12-18,151.802,153.2138,151.723,151.9599,5747340.0
2025-12-19,151.9655,153.7999,151.9655,152.9769,5602661.0
2025-12-22,152.8448,154.0545,152.4978,153.9851,4895527.0
2025-12-23,153.5389,154.342,153.3307,153.6777,4784380.0
2025-12-24,153.8562,154.6197,153.8363,154.4808,2006470.0
2025-12-26,154.3718,154.7981,154.0347,154.7287,3114153.0
2025-12-29,154.7486,155.165,154.3619,154.4908,4439059.0
2025-12-30,154.342,154.6593,153.876,154.3619,2889068.0
2025-12-31,154.2825,154.5205,153.4496,153.4893,2734644.0
2026-01-02,153.5587,154.2528,152.2697,154.1933,7430997.0
2026-01-05,153.1125,154.0743,151.6748,153.7273,12686417.0
2026-01-06,153.8264,156.9894,153.8264,156.7515,12694464.0
2026-01-07,157.1976,159.2303,157.1976,158.3082,9873670.0
2026-01-08,157.8025,159.141,156.2656,156.7812,11072991.0
2026-01-09,156.9894,157.5843,155.9285,155.9781,8871144.0
2026-01-12,155.9979,156.1664,154.6891,156.0475,8780097.0
2026-01-13,156.3152,156.335,154.4214,155.4129,8267454.0
2026-01-14,155.284,156.6523,155.1551,156.5234,9348782.0
2026-01-15,155.9781,156.1169,154.0545,155.631,11604861.0
2026-01-16,155.3137,155.6409,154.3916,154.4214,8198886.0
2026-01-20,152.6961,154.5998,151.9326,154.0842,8330297.0
2026-01-21,153.8859,157.1679,153.8264,156.92,11054689.0
2026-01-22,156.3152,157.8818,156.1664,156.9498,7474624.0
2026-01-23,156.4639,157.039,155.3336,156.1466,7092536.0
2026-01-26,156.0375,156.9894,155.5715,156.7614,4892974.0
2026-01-27,154.4808,155.7698,153.8165,154.1338,9116125.0
2026-01-28,153.0035,153.8363,152.1607,153.0035,8272379.0
2026-01-29,152.944,153.3604,152.2003,152.5176,9010055.0
2026-01-30,152.8151,153.6182,151.9921,153.4298,8238501.0
2026-02-02,153.2712,154.6891,153.0927,154.3718,7939980.0
2026-02-03,153.4695,155.7897,152.5474,152.7952,16106217.0
2026-02-04,153.648,155.4525,152.9241,154.7089,15743364.0
2026-02-05,154.1437,155.6409,153.3703,153.529,14129105.0
2026-02-06,154.7188,156.4639,154.5899,156.3747,9326685.0
2026-02-09,156.2359,156.8109,154.7089,154.9964,7589349.0
2026-02-10,155.3336,155.8293,153.9256,154.0148,7448787.0
2026-02-11,153.8661,155.0559,153.0729,154.927,7044888.0
2026-02-12,154.8874,156.0871,154.1636,154.6791,13047028.0
2026-02-13,155.1947,157.4554,155.1947,156.335,11396007.0
2026-02-17,156.692,157.5645,155.7996,156.0375,10263607.0
2026-02-18,155.9086,156.4639,155.1551,156.335,8754547.0
2026-02-19,155.869,156.3846,154.8576,155.9285,8048474.0
2026-02-20,155.403,155.9186,154.5502,155.4922,9966502.0
2026-02-23,155.7996,157.3365,155.7996,157.1976,10569170.0
2026-02-24,156.6721,157.158,155.9681,156.5333,9524786.0
2026-02-25,156.5333,157.8818,156.2854,156.4937,8549547.0
2026-02-26,156.7316,156.8308,154.7684,156.0871,11028916.0
2026-02-27,155.4129,158.8832,155.3732,158.8436,10494211.0
2026-03-02,157.8421,158.4866,156.6523,157.1877,14117571.0
2026-03-03,155.3336,156.0574,153.6876,155.4129,14780897.0
2026-03-04,155.4129,156.2458,154.3519,155.7203,9650051.0
2026-03-05,153.9752,154.3817,151.4269,152.6068,16247713.0
2026-03-06,151.4864,151.6946,149.6719,151.4071,12787541.0
2026-03-09,150.4949,153.2414,149.8504,152.9539,14993384.0
2026-03-10,153.1026,153.2315,151.7045,151.8533,14084037.0
2026-03-11,151.5459,151.8632,150.6436,151.5558,9710782.0
2026-03-12,150.6634,151.1989,148.7498,148.8886,11992340.0
2026-03-13,149.7611,151.0105,148.4027,148.5217,11813961.0
2026-03-16,149.4736,150.4453,149.1067,149.7314,8712779.0
2026-03-17,149.9396,150.5643,148.2738,148.373,9398347.0
2026-03-18,147.4707,147.788,145.7653,145.8942,11941347.0
2026-03-19,145.8942,146.8361,145.0613,145.3687,11724974.0
2026-03-20,145.2444,145.7821,143.4324,144.0995,11978721.0
2026-03-23,145.9162,146.1253,143.9648,144.134,15943951.0
2026-03-24,143.3176,144.6617,142.7501,144.154,19856797.0
2026-03-25,145.05,146.0456,144.7115,145.5976,11353134.0
2026-03-26,145.2889,146.2646,144.9903,145.0998,9475020.0
2026-03-27,145.0799,145.1595,142.4415,142.6307,9134557.0
2026-03-30,143.6661,143.9947,142.7999,143.1882,10813315.0
2026-03-31,144.1739,146.1053,143.9548,145.966,13686977.0
2026-04-01,146.5733,148.1065,146.3045,147.081,11104278.0
2026-04-02,146.2846,147.7083,145.6274,146.1651,7301484.0
2026-04-06,145.6374,146.4936,145.1197,145.6374,5155815.0
2026-04-07,146.2646,146.2646,144.2436,145.9261,6747615.0
2026-04-08,147.549,149.0424,146.852,149.0125,5880904.0
2026-04-09,148.1762,149.5601,147.6485,148.674,4509246.0
2026-04-10,149.0922,149.1818,146.4638,146.6629,4624302.0
2026-04-13,146.2348,147.3996,145.5976,147.32,4597817.0
2026-04-14,146.8023,148.9528,146.5932,148.1762,5855058.0
2026-04-15,148.2061,148.5545,146.2348,147.1209,4586643.0
2026-04-16,146.5434,147.549,145.6374,145.966,6966921.0
2026-04-17,146.7226,148.4649,146.7127,148.1463,6199060.0
2026-04-20,147.7979,148.0866,146.4936,146.7724,3899327.0
2026-04-21,147.6386,147.9074,145.2392,145.279,6586667.0
2026-04-22,145.8664,146.9317,145.3586,145.737,4355215.0
2026-04-23,145.5578,146.1253,144.5223,145.5976,5602181.0
2026-04-24,144.602,144.8907,143.0389,143.5466,6163764.0
2026-04-27,143.0488,144.5721,142.79,142.8298,4692611.0
2026-04-28,143.9349,144.2236,142.6506,143.2081,6442934.0
2026-04-29,141.4758,142.6207,141.3463,142.2125,8731473.0
2026-04-30,143.0488,145.6474,143.0289,145.3487,9523398.0
2026-05-01,145.6474,145.966,144.5124,144.5223,6227240.0
2026-05-04,143.925,144.5721,143.686,144.0942,8297059.0
2026-05-05,144.6418,145.0201,143.7756,144.6617,5329752.0
2026-05-06,144.7214,145.508,144.2635,144.7613,6465064.0
2026-05-07,144.5422,145.1993,143.6263,144.0843,5424935.0
2026-05-08,143.9548,144.4327,142.5411,142.8597,7004183.0
2026-05-11,143.1185,144.3829,142.0433,142.4116,5754206.0
2026-05-12,143.1783,145.9958,142.561,145.2093,7729241.0
2026-05-13,144.6816,146.3343,144.4925,146.0655,7892484.0
2026-05-14,146.2049,146.7525,145.2889,145.9859,5917485.0
2026-05-15,146.1153,146.5135,144.2436,144.4626,5907071.0
2026-05-18,143.8652,145.1496,143.4869,145.0799,5301072.0
2026-05-19,144.9803,147.4195,144.2137,146.6728,9650567.0
2026-05-20,146.8919,147.3698,145.6474,146.4837,7367123.0
2026-05-21,146.2547,147.6485,145.1993,147.4992,5187807.0
2026-05-22,148.4351,149.6597,148.3455,149.2315,4830992.0
2026-05-26,149.2315,149.6497,147.7879,147.8576,4341058.0
2026-05-27,147.9173,149.5402,147.6286,148.1364,7101673.0
2026-05-28,148.4948,150.6851,148.455,150.2172,7848317.0
2026-05-29,150.0778,150.3765,148.445,148.8134,7184299.0
2026-06-01,147.8676,148.226,146.6131,147.1906,7922296.0
2026-06-02,145.8664,146.6231,144.6717,145.7569,7535341.0
2026-06-03,145.5179,147.3996,145.4283,146.9018,6883034.0
2026-06-04,149.58,151.8699,149.58,151.4119,9202102.0
2026-06-05,152.7062,154.0204,152.2482,152.3378,12629463.0
2026-06-08,152.6564,153.7914,151.7405,151.9794,7560423.0
2026-06-09,152.8058,154.2992,152.5071,153.891,9833136.0
2026-06-10,154.2594,154.4485,152.1487,152.1785,8630157.0
2026-06-11,152.7859,154.4784,152.1885,153.4131,7630639.0
2026-06-12,154.1399,154.4784,152.6963,153.1343,6464193.0
2026-06-15,153.0248,153.204,151.0933,152.2184,6639779.0
2026-06-16,152.756,153.0447,151.0535,152.2681,6350575.0
2026-06-17,151.7604,151.8998,149.3112,150.0479,7218366.0
2026-06-18,150.6137,150.6137,148.1337,148.7437,7212410.0
2026-06-22,149.33,150.62,149.06,150.06,7250971.0
2026-06-23,151.77,152.43,150.99,152.18,6155014.0
2026-06-24,152.88,154.67,152.46,153.35,6570945.0
2026-06-25,153.95,157.21,153.59,155.63,6391293.0
2026-06-26,156.32,160.64,156.18,160.34,11796927.0
2026-06-29,160.7,161.09,159.88,160.74,8748954.0
2026-06-30,161.01,161.25,157.96,158.66,7384152.0
2026-07-01,159.61,159.96,158.5,159.54,7013301.0
2026-07-02,160.67,163.85,160.38,163.74,9523130.0
2026-07-06,163.2,163.46,160.25,161.96,11196579.0
2026-07-07,164.75,165.61,163.88,164.44,9051808.0
2026-07-08,163.41,163.99,162.25,162.3,7034984.0
2026-07-09,161.8,163.42,161.36,162.17,6841983.0
2026-07-10,162.48,162.66,160.24,160.84,5836438.0
2026-07-13,161.09,162.24,160.32,161.41,4733562.0
2026-07-14,159.91,160.08,157.78,158.29,8615742.0
2026-07-15,157.38,159.35,157.25,158.29,7196436.0
2026-07-16,160.4,162.64,159.94,161.8,8580666.0
2026-07-17,161.81,164.0,160.88,161.09,6267297.0
2026-07-20,161.0,161.49,159.18,159.25,4631222.0
2026-07-21,157.53,160.37,157.23,160.25,4698359.0
2026-07-22,160.97,160.97,158.94,159.43,3399223.0
2026-07-23,159.9,161.61,159.32,161.44,4422367.0
2026-07-24,162.47,163.25,161.58,162.57,5135221.0
2026-07-27,163.15,164.57,162.35,163.4,5166486.0
2026-07-28,165.99,168.53,165.75,167.26,8812927.0
2026-07-29,167.15,168.16,165.77,166.24,8032096.0
2026-07-30,163.67,163.95,161.86,163.52,8881465.0
2026-07-31,162.16,163.23,160.73,162.55,7199686.0
2026-08-03,163.63,164.73,161.35,162.24,8020190.0
2026-08-04,162.0,162.49,160.97,162.1,11432178.0
2026-08-05,163.64,165.35,162.62,164.16,11724933.0
2026-08-06,166.14,167.02,163.02,164.45,7034357.0
2026-08-07,163.89,165.77,162.91,165.68,5880259.0
2026-08-10,165.75,168.5,165.55,168.44,5072361.0
2026-08-11,168.28,169.66,167.64,168.01,5002448.0
2026-08-12,166.3,168.88,165.76,168.44,5264734.0
2026-08-13,169.49,169.71,167.83,168.38,4645132.0
2026-08-14,167.66,167.77,166.44,167.37,3600819.0
2026-08-17,166.5,167.87,165.86,167.05,5432793.0
2026-08-18,168.78,170.31,168.45,169.73,5233508.0
2026-08-19,172.47,176.6,172.29,175.68,11740884.0
2026-08-20,174.19,175.19,172.34,172.39,6783248.0
2026-08-21,171.91,175.6,171.79,174.62,8198726.0
2026-08-24,174.4,174.92,173.33,174.7,4319006.0
2026-08-25,174.35,175.82,174.04,175.29,3816456.0
2026-08-26,174.34,174.84,173.45,173.54,3703408.0
2026-08-27,172.05,173.11,171.43,171.58,5011233.0
2026-08-28,171.43,171.71,170.58,171.16,3469561.0
2026-08-31,170.26,170.98,169.2,170.54,5209559.0
2026-09-01,172.67,173.53,171.03,171.67,5261102.0
2026-09-02,172.09,174.49,172.09,172.95,5636927.0
2026-09-03,174.07,174.16,171.38,173.26,4014394.0
2026-09-04,171.39,172.54,171.23,171.45,4337328.0
2026-09-08,168.55,168.75,166.93,167.13,7746690.0
2026-09-09,167.55,167.55,166.39,166.58,6091983.0
2026-09-10,166.34,167.08,165.58,165.66,5705323.0
2026-09-11,166.83,167.13,165.13,165.67,2583933.0
